query_id,execution_ordinal,candidate_position,physical_row,target,fixed_support_margin,optimized_lower,optimized_upper,lower_numerator,lower_denominator,fixed_numerator,fixed_denominator
DIFFICULT-0101,56,0,5,False,-0.03466548474867872,0.14052978230444527,0.1405297823044453,45604521699372144244954986768163,324518553658426708768757511094272,-10249602332495015590315678748710229,295671686312872915611974482828197888
DIFFICULT-0101,56,1,6,False,-0.047384715630495546,0.1293072081546837,0.1293072081546837,20981294083983536524322805835925,162259276829213376902376892399616,-12197707951604235503632355219201351,257418616726996110201200717623984128
DIFFICULT-0101,56,2,21,False,-0.05096143667354498,0.07820374035450157,0.07820374035450162,6344641177630497704408175388795,81129638414606685917913655803904,-2088705774102587742574643537144573,40986006487271450676235350310912000
DIFFICULT-0101,56,3,31,False,-0.044183408290814415,0.09921132096699775,0.09921132096699783,64391828773504112940560422706653,649037107316853461447611389050880,-24759943850724756758869534044294557,560390083258295583331852268517457920
DIFFICULT-0101,56,4,34,False,-0.02685248933645686,0.12712419592119711,0.12712419592119714,1320133126250795257976325623407115,10384593717069654698614638864498688,-29613216354010163626752007185398481,1102810841220785589194138986548822016
DIFFICULT-0101,56,5,37,False,-0.028331931121751478,0.08010015361211213,0.08010015361211217,51987971996040875002595532491977,649037107316853498602308314857472,-642379275975855330122709154623777,22673331839447995304206296443518976
DIFFICULT-0101,56,6,51,False,-0.03869937855090887,0.1312106375236338,0.13121063752363382,681284581020315762052293913879061,5192296858534828123926455339974656,-5549697753393225601803416774104169,143405345543020065870404889679495168
DIFFICULT-0101,56,7,55,False,-0.0379092922469598,0.14131120926893045,0.1413112092689305,733729747962825113511738233815465,5192296858534826718803371600379904,-4377645528108114527900911994826573,115476846668357085818308256923123712
DIFFICULT-0101,56,8,56,False,-0.03579149850294513,0.1196521472146473,0.11965214721464731,1242538936199119978124783215826869,10384593717069656707220072671739904,-166293047471222458587358557068369001,4646160524895008851270041459608256512
DIFFICULT-0101,56,9,60,False,-0.02672790609522497,0.11430933256923016,0.11430933256923019,296763994200213313770174389648427,2596148429267413958380436240465920,-9387115555649943553824445430947573,351210286440170601729360487589609472
DIFFICULT-0101,56,10,104,False,-0.03100282833695164,0.11717964571053789,0.11717964571053793,304215753153524971522759248121363,2596148429267413616106864560308224,-158646130975992901703345010996941493,5117150256478561810128667278999289856
DIFFICULT-0101,56,11,115,False,-0.04108906693483072,0.09715955858209008,0.09715955858209015,63060158850302113023050526847607,649037107316853480587909805375488,-8945137682212357834000278143756487,217701163582025027337085850818183168
DIFFICULT-0101,56,12,122,False,-0.0499945812084538,0.09302935329045758,0.09302935329045782,7728576301465113976749528256388343,83076749736557252297673493908029440,-25428805613248345757599962700803379,508631235597758737070028568781651968
DIFFICULT-0101,56,13,136,False,-0.05172557905558054,0.11937489377377417,0.11937489377377421,77478735741187038994890833520535,649037107316853395019516885336064,-157212387111244687587172500452697663,3039354802433738136465249294331412480
DIFFICULT-0101,56,14,141,False,-0.04315985578497738,0.1187149758752933,0.11871497587529337,77050424537290379206932559466943,649037107316853264415127691591680,-112048893902372862105801282684114735,2596136893056386161372486362573307904
DIFFICULT-0101,56,15,143,False,-0.04563110996804765,0.09502593320505918,0.09502593320505923,98680570891993847893392373919869,1038459371706965745481761081524224,-37745331455618361978995796733760833,827184161902895599741736723844956160
DIFFICULT-0101,56,16,145,False,-0.03996860842890406,0.12348499142714812,0.12348499142714815,320585366531690748763026370552363,2596148429267414435761996741738496,-15992321976582189155687365002230369,400122060917613443701714456942739456
DIFFICULT-0101,56,17,167,False,-0.07645986552859262,0.08843441340970154,0.08843441340970166,229588863466781770582776359386747,2596148429267413818768847791980544,-153162607477146627258555517334227539,2003176521672936539238176500052131840
DIFFICULT-0101,56,18,168,False,-0.054250771036126896,0.08145461274437325,0.0814546127443733,49757238807738848234657016989561,610858453945273839180481877245952,-52622272187558463731938702891432241,969982014679865599841488168453931008
DIFFICULT-0101,56,19,169,False,-0.049662887285369904,0.06759683417682544,0.06759683417682547,467977106324307270172865079388705,6923062478046437525590204884189184,-1851023271601991176501381083999371,37271761123467354285887281017389056
DIFFICULT-0101,56,20,170,False,-0.05060580677625244,0.0804349764760498,0.08043497647604989,556856367563888176139048249039543,6923062478046436841043061523873792,-39436751071681292371605946488098309,779293001809974046369740656174170112
DIFFICULT-0101,56,21,171,False,-0.04539262564142588,0.08689757174602089,0.08689757174602096,112799497197792285123090430672455,1298074214633707096283808431865856,-124545136713828104702229449265867,2743730616018092811805828071817216
DIFFICULT-0101,56,22,172,False,-0.044830375173751595,0.0820936421180304,0.08209364211803041,71042426679188600881632932780549,865382809755804574731085205733376,-57095541581622029227088028484040119,1273590536780779586381422235496742912
DIFFICULT-0101,56,23,173,False,-0.03574001616656123,0.10828553014979747,0.10828553014979765,160643033720449099309733719084169,1483513388152808032190701791870976,-45621731338008472484795890798687267,1276488827688127593373593073021353984
DIFFICULT-0101,56,24,174,False,-0.04099738210549213,0.09249564284136368,0.09249564284136372,28250872691374827561272923115985,305429226972636924093840565993472,-49334916703168606133030042957661143,1203367487617204576891346261733539840
DIFFICULT-0101,56,25,191,False,-0.030657721113065157,0.09571351066400097,0.095713510664001,248486480370015946490901919009043,2596148429267413566567268659232768,-93994592163861907820918679393203593,3065935390866511007407748601010454528
DIFFICULT-0101,56,26,193,False,-0.028667012151025104,0.09916720160380386,0.09916720160380389,257452774678560432652583457335251,2596148429267414615905981836558336,-42232190957449656894172563195719729,1473198208971334182726506263166844928
DIFFICULT-0101,56,27,195,False,-0.028765807802747765,0.119486758702495,0.11948675870249505,38775670115467114925768369884839,324518553658426753804753784799232,-18153013974515643174652317045658427,631062200616581791182898336362397696
DIFFICULT-0101,56,28,219,False,-0.058204107507697694,0.06902801991818111,0.06902801991818118,358413970972051260711022766452291,5192296858534827349307319432249344,-6768052591449541776022635655826123,116281356784904624385255980465651712
DIFFICULT-0101,56,29,221,False,-0.053810881297156714,0.0817050824778765,0.08170508247787654,424237043076207201374963721850097,5192296858534828439178429255909376,-48610136635547738822403744947561139,903351431230252412433629357728071680
DIFFICULT-0101,56,30,222,False,-0.04671465403540133,0.09412590770548145,0.09412590770548154,977459309771820915421976124829861,10384593717069655833521744961863680,-51086982541852484450676246922359499,1093596508349129920765446775380115456
DIFFICULT-0101,56,31,262,False,-0.05824375277383042,0.10544446426662438,0.10544446426662442,34218685035092605900470042655017,324518553658426741419854809530368,-16953391490761493526524320339945543,291076565011086387413340944752181248
DIFFICULT-0101,56,32,265,False,-0.03369159749347328,0.09363637106812364,0.09363637106812367,15558010730931836259485875696272317,166153499473114512559962928820781056,-41115819710438297709502815961923097,1220358272367561012398294073442566144
DIFFICULT-0101,56,33,266,False,-0.03617136021077268,0.12426385299501759,0.12426385299501766,80651851691932946107136683288489,649037107316853593177900489637888,-8170295044350598757888888300082779,225877462078887849232797408713244672
DIFFICULT-0101,56,34,276,False,-0.04841443338971782,0.08567678166439763,0.08567678166439771,13901852633919569169954215033431,162259276829213384783676240297984,-30865789648332131509004852273291289,637532807621112433424926551887052800
DIFFICULT-0101,56,35,302,False,-0.04949970013009161,0.08398440683858262,0.08398440683858266,218035985896941676128916531433145,2596148429267413219790097351704576,-88883796972072589199669783883409031,1795643140028615837788897920705101824
DIFFICULT-0101,56,36,303,False,-0.04214499616178099,0.0768140796670628,0.0768140796670629,797683009093068654614405078945897,10384593717069659130156672197066752,-41461841989570156850164364144777669,983790384756747343102693867016683520
DIFFICULT-0101,56,37,304,False,-0.027740154904569294,0.22495802825589417,0.22495802825589417,18250763490863565844464354870757,81129638414606678318089284616192,-4137759216299817761002894819156693,149161359427674122148100389279367168
DIFFICULT-0101,56,38,361,False,-0.029025112255392903,0.10931061002745604,0.10931061002745612,567573137050085743781522406245077,5192296858534828916559989757181952,-59280248753324751279855167807656943,2042377932313092112416484318886494208
DIFFICULT-0101,56,39,362,False,-0.04054042728812687,0.07538400468162282,0.07538400468162301,97854032673041214638507537884951,1298074214633706737121738149068800,-24029241820436370074572074166221355,592722954044291630309402972629499904
DIFFICULT-0101,56,40,363,False,-0.02557305907058331,0.08676156066434428,0.08676156066434434,56311472359881707099433708819867,649037107316853426544714276929536,-2466520164061194952319490285201543,96449945908052642019947336909717504
DIFFICULT-0101,56,41,364,False,-0.021464025522309773,0.10237104262423939,0.10237104262423946,265770421511386419470444698364669,2596148429267412517228555481907200,-32331654188026800469167442752692055,1506318288450653523535054478635958272
DIFFICULT-0101,56,42,367,False,-0.05049117150548422,0.07913756658740706,0.07913756658740712,102726434595971085086068895866273,1298074214633706726988638987485184,-12269617303095842236453986479832813,243005201449190948788210414389297152
DIFFICULT-0101,56,43,370,False,-0.04743091540287437,0.1629939702898016,0.16299397028980164,423156539947928182025736378072403,2596148429267415579676302093844480,-1601208251873721734932056450052765,33758746553238282281371022565310464
DIFFICULT-0101,56,44,374,False,-0.024759591178265723,0.08255220979851624,0.08255220979851695,3429084636815551525473678501012677,41538374868278626599196709691064320,-19263005185277423565878030541117979,778001746740743044763242653988945920
DIFFICULT-0101,56,45,375,False,-0.025483840975360474,0.1087109807069904,0.10871098070699044,4515677468905171827532250161078633,41538374868278621253423952002285568,-31997303747812832267940142849051865,1255591877957095329660837166676180992
DIFFICULT-0101,56,46,376,False,-0.022688077690798975,0.11135305930599003,0.11135305930599006,9177430794011658554248237553803,82417410452933785320749623410688,-10092127102502664789252041724193081,444820722144982402540321734800703488
DIFFICULT-0101,56,47,377,False,-0.01924722345793788,0.10244335612846678,0.10244335612846678,1063832632407205118887520365851795,10384593717069654311305070910636032,-7936474672406680419633048943367249,412343873377411441581216411630436352
DIFFICULT-0101,56,48,378,False,-0.01638841704701741,0.16659380398262125,0.16659380398262125,27031390158447845823333119556455,162259276829213351006679035019264,-7941001328209511881000539299459079,484549624617633507527106416500277248
DIFFICULT-0101,56,49,379,False,-0.017499273297689986,0.08696184521435393,0.08696184521435396,903063431437763656296231823108181,10384593717069653770873115626176512,-4490302671337933719329234992964927,256599379582847137139841028186963968
DIFFICULT-0101,56,50,380,False,-0.024234533988777715,0.11283005751264341,0.11283005751264348,73230894146400324354141979572555,649037107316853732789488938123264,-21120761139469892777084142058809759,871515051589202508595580416729022464
DIFFICULT-0101,56,51,381,False,-0.02275628199293469,0.07998764401954411,0.07998764401954415,415319592764280958579006765509061,5192296858534827250228127630098432,-3752380595904580349747232707075249,164894273900701768050858349702414336
DIFFICULT-0101,56,52,382,False,-0.0210403616077393,0.12655277788848107,0.1265527778884811,54758299255768015870612981040713,432691404877902359423136640794624,-17793180544142151164884552324755221,845668951696973885215913635013984256
DIFFICULT-0101,56,53,383,False,0.006390074617505856,0.09388565732934781,0.09388565732934795,60935275451581211553898374537361,649037107316853142817937752588288,521599933107008612743540959239433767,81626579395186629723754702026343186432
DIFFICULT-0101,56,54,384,False,-0.016614900176030383,0.0764740966182518,0.07647409661825215,198538105815118877557440315380669,2596148429267414003416432514170880,-1951852511887163550032301274658125,117476030021716217273675634192678912
DIFFICULT-0101,56,55,385,False,-0.02788768219021507,0.07565160525765759,0.07565160525765761,575961279065179546546865387511,7613338502250482638936025858048,-2526610293277285499519955854023691,90599508271927864739444798374543360
DIFFICULT-0101,56,56,386,False,-0.002310274095881878,0.1368399822642133,0.1368399822642136,177628452508109036746898921318491,1298074214633706934154221846528000,-1027777738340189505736718749821825,444872640944305849144534840484298752
DIFFICULT-0101,56,57,387,False,-0.009784628529789972,0.2033267276566635,0.2033267276566635,1268909530370024464083495832137,6240741416508206630722202501120,-1661739644165646333677933391533209655,169831653711366351324982057277962846208
DIFFICULT-0101,56,58,388,False,-0.018308264934611865,0.11109818787788975,0.11109818787788998,288427385953639504162546261873771,2596148429267413868308443693056000,-43368713340230240018241906886767299,2368805208747087337671887664743186432
DIFFICULT-0101,56,59,389,False,-0.0215014051606678,0.11374356015043485,0.11374356015043488,1153496738374355717836047468781,10141204801825836056398555774976,-8552173973485211377605282244761755,397749538208301659855147297589428224
DIFFICULT-0101,56,60,390,False,-0.004019921213421666,0.11731743485347977,0.11731743485347983,304573474220543738214229430980091,2596148429267414444769195996479488,-3861779803264220315736407436974551,960660569757077571640480142993653760
DIFFICULT-0101,56,61,391,False,-0.012505700170839209,0.09175245119940222,0.09175245119940223,19850248505230257840743403405297,216345702438951148186370928803840,-56641917734539774619578597151412563,4529288001532085246977310980952817664
DIFFICULT-0101,56,62,392,False,-0.008442789533153932,0.08444219083977081,0.08444219083977082,876897844450280359232615130175723,10384593717069650699418169759498240,-2449725394926890937207552724504669,290155923620632894067869402611580928
DIFFICULT-0101,56,63,393,False,-0.017284241020851857,0.1039339111190021,0.10393391111900216,1439081920529153681813761828204945,13846124956092874706655038274535424,-4905053362132442589323579253036799,283787604917968011559968078636777472
DIFFICULT-0101,56,64,394,False,-0.0006720056112078642,0.13924970229187889,0.1392497022918789,90378223970254101677741879409047,649037107316853473832510364319744,-420067486610740652635562525633,625095206951785045214485651914752
DIFFICULT-0101,56,65,395,True,-0.001256974162022926,0.17824540323571503,0.17824540323571506,925503047269076687991631034496869,5192296858534827574487300800774144,-17786816297811960201685445736730157,14150502719313292176868879288701550592
DIFFICULT-0101,56,66,396,False,-0.009298482843504447,0.12164743948874425,0.12164743948874432,1263259235812424571219321128572029,10384593717069654779679432157167616,-15589268660389615830211745356197899,1676538949714755195178563206727598080
DIFFICULT-0101,56,67,413,False,-0.046431210858089204,0.10885409157460364,0.10885409157460373,565202757721476907011385141642913,5192296858534827430372112724918272,-3625522951797258356353885056928521,78083747651513652120826356785217536
DIFFICULT-0101,56,68,414,False,-0.05298021534916805,0.10880030518336398,0.10880030518336403,1129846965622422511233890150215989,10384593717069654797693830666649600,-2170075388003132630063157925114773,40960108857639990459977554706038784
DIFFICULT-0101,56,69,415,False,-0.05101351345375418,0.06798726433566224,0.06798726433566234,176505029515217930239193107729703,2596148429267412834732329211527168,-22146061686433309819794221508318251,434121474626710681581721686823141376
DIFFICULT-0101,56,70,416,False,-0.047890301310754044,0.10129151044761725,0.10129151044761728,65741948936676344421908704656553,649037107316853471580710550634496,-13244709490027014715052309927326325,276563502995810935463177840729522176
DIFFICULT-0101,56,71,482,False,-0.037670217252712294,0.09954650759950079,0.09954650759950083,4135000149496009084976543529584663,41538374868278608616323397600673792,-7436289467056927751910272182920979,197405006113191629906218969083150336
DIFFICULT-0101,56,72,493,False,-0.04424684159313335,0.08861313078072512,0.08861313078072514,38342140048141240657637291765471,432691404877902336905138503942144,-50798683835310247619122320789646537,1148074800511720037040541531195310080
DIFFICULT-0101,56,73,494,False,-0.04009902975430796,0.14536143653134762,0.14536143653134764,377379865126913027210977392622375,2596148429267414255618011646918656,-8325875869710827099055381647259641,207632850987282395738259435036868608
DIFFICULT-0101,56,74,495,False,-0.038000087502297164,0.08272808527209624,0.08272808527209628,95455283837979241228491610009091,1153843746341072652216923047591936,-62473366463585192578676294045551737,1644032173868246404282266596031856640
DIFFICULT-0101,56,75,496,False,-0.04171971791367043,0.08366591208886279,0.0836659120888628,36201521042121111429377686191357,432691404877902350415937386053632,-38805880393265078336400624858196979,930156825929770615899529778636521472
DIFFICULT-0101,56,76,532,False,-0.05096126855221649,0.10272750321777328,0.10272750321777331,8334245191293290155907354035017,81129638414606674940389564088320,-50720415923587381006194173406215455,995273810180326921443326634980540416
DIFFICULT-0101,56,77,620,False,-0.05955887841923466,0.17273339929776663,0.17273339929776668,1793766173075671417331279853973821,10384593717069656040687327820906496,-4053969481155565148212425621275813,68066585348026426112360954361544704
DIFFICULT-0101,56,78,623,False,-0.06773014675869775,0.12304517824945854,0.12304517824945863,2555548369930085894501952617577467,20769187434139309622409259097522176,-121836904557338415057511320532233787,1798857826063877530505916946766102528
DIFFICULT-0101,56,79,667,False,-0.0511719157150551,0.23037646411285295,0.23037646411285295,598091495446763813435299820545123,2596148429267413438214679279173632,-40764101326246058642976247753429291,796610811939037955462298873882476544
DIFFICULT-0101,56,80,673,False,-0.05060012942789998,0.0883003624889843,0.08830036248898436,3581888240304997454696150306077,40564819207303332966595154673664,-63884395698135396829297191199055615,1262534234999618687804516289528987648
DIFFICULT-0101,56,81,712,False,-0.0434697361304928,0.11307292891081094,0.11307292891081099,146777053392233869134477308213923,1298074214633706817060631534895104,-27649379913061800534949703362770371,636060449735891925046953936162914304
DIFFICULT-0101,56,82,718,False,-0.05785827655529977,0.11412269075025366,0.11412269075025368,74069861083760455424654130558745,649037107316853372501518748483584,-50870379066773895359331672692949683,879223891471309457918424132995776512
DIFFICULT-0101,56,83,739,False,-0.029811416783899786,0.13213011868586952,0.13213011868586955,21953881605455178932702940948691651,166153499473114509207033006243446784,-43758927649519915850455483028534801,1467858034615541760451471717169102848
DIFFICULT-0101,56,84,868,False,-0.052600052802471604,0.09579047248010279,0.09579047248010283,7957961109376078110602298750157787,83076749736557294847682773304475648,-3463761950847037865755354729485861,65850921554289398613582059581472768
DIFFICULT-0101,56,85,891,False,-0.0354546793896699,0.11350486379872417,0.11350486379872421,589350947730539172766816904711113,5192296858534829231811963673116672,-12247560292171208605761731708238031,345442703276557227984978585367609344
DIFFICULT-0101,56,86,1068,False,-0.04822915721952774,0.09874473614377668,0.09874473614377675,256355991638091038756654198042913,2596148429267413733200454871941120,-47476499925334152887422667656182679,984394143758978252579775384393875456
DIFFICULT-0101,56,87,1078,False,-0.02415806086094382,0.30474044981226805,0.30474044981226805,5489715904876991,18014398509481984,-56401700761829187758592109218265969,2334694870026321324740914911366873088
DIFFICULT-0101,56,88,1088,False,-0.057334490963969566,0.08739195917441007,0.08739195917441013,113441248770623336353285390217207,1298074214633706916139823337046016,-2975071021784432933750922116010709,51889725918279141262790239293800448
DIFFICULT-0101,56,89,1170,False,-0.03432046046504649,0.09227634571355685,0.09227634571355699,3833009439724599930836027098229643,41538374868278625198577225578840064,-12711193500678711622099932088330999,370367801842995802864495080895414272
DIFFICULT-0101,56,90,1319,False,-0.04133767795577956,0.09184553361102103,0.09184553361102105,158963091879653119876902349646633,1730765619511609059390177864056832,-22313141421193439120478800498048725,539777329657041421645474565160173568
DIFFICULT-0101,56,91,1330,False,-0.05433963590649918,0.14953144303064017,0.14953144303064025,1552823283800344974626120608380487,10384593717069655212024996384735232,-24765844996400044997063080604795143,455760230690798142354742191610396672
DIFFICULT-0101,56,92,1428,False,-0.05129356000550645,0.21665947198600136,0.21665947198600144,281240073941182305980641869348907,1298074214633706862096627808600064,-118852016625401917072653342929902579,2317094321638875351578908548302635008
DIFFICULT-0101,56,93,1729,False,-0.04166065001986186,0.11907290762851455,0.11907290762851458,1236523768432287664844688050404271,10384593717069654986845015016210432,-65802081961642394481081043473707849,1579478042955907388212835916267388928
DIFFICULT-0101,56,94,1788,False,-0.05918693665745979,0.10131517416099699,0.10131517416099703,16439326891189173304873939604887,162259276829213347628979314491392,-71966960822521664974286185436262985,1215926433885662296679586478776385536
DIFFICULT-0101,56,95,1853,False,-0.037959134094105035,0.12580698006667532,0.12580698006667537,653227187381951911739396016151807,5192296858534827058825143466852352,-52545478664836224107502242905925595,1384264418007269928377060204302303232
DIFFICULT-0101,56,96,1904,False,-0.02645246471049048,0.12042927118565618,0.12042927118565626,156326131613230351453450141979779,1298074214633706931902422032842752,-20208536644402857669780949948500419,763956662094651025478393048793612288
DIFFICULT-0101,56,97,2333,False,-0.03593713252428688,0.11091235504075736,0.11091235504075739,2303559490603295582148412356300733,20769187434139309343186082200551424,-24518250985628777921139627432988299,682253960275182133625113242310279168
DIFFICULT-0101,56,98,2461,False,-0.029727394440029208,0.09849378751120162,0.09849378751120166,5327176911245928149909196093187,54086425609737798305591800627200,-22432855650108327520805133417036601,754618965862057810966112093830381568
DIFFICULT-0101,56,99,2512,False,-0.07230818003330398,0.13445911674796823,0.13445911674796826,174537912372960757708387743937843,1298074214633706925147022591787008,-39474794925576701634115268233225871,545924332591350606294137875288031232
DIFFICULT-0101,56,100,2528,False,-0.049242258538310865,0.10798045677181248,0.10798045677181257,280333293239718850314573102998851,2596148429267413940366037730983936,-116533562901224554516288826828774511,2366535702471090514174172032751632384
DIFFICULT-0101,56,101,2580,False,-0.03218048633497141,0.13707427222960686,0.13707427222960686,711730313083735486954944183483927,5192296858534828322084838944276480,-9441647837849005435793627041094539,293396679576856151051999638361997312
DIFFICULT-0101,56,102,2624,False,-0.05432099127931252,0.13434327964119244,0.1343432796411925,348775094423114702258685493324641,2596148429267413868308443693056000,-27066708080070566949964824891855987,498273456404662330087955410976768000
DIFFICULT-0101,56,103,2626,False,-0.05972106460978574,0.11916528849175205,0.11916528849175212,618741553082120682608716819679109,5192296858534827889739274716708864,-92792193692880628349609183405237963,1553759871817086408240228372198719488
DIFFICULT-0101,56,104,2696,False,-0.02402409924409117,-7.355109563421677e-18,0.0,-795623172506955,108172851219475571419173185650688,-116866711935888717974995201593003493,4864561653217136978720513735260110848
DIFFICULT-0101,56,105,2697,False,-0.02402409924409117,-7.355109563421677e-18,0.0,-795623172506955,108172851219475571419173185650688,-116866711935888717974995201593003493,4864561653217136978720513735260110848
DIFFICULT-0101,56,106,2698,False,-0.02402409924409117,-7.355109563421677e-18,0.0,-795623172506955,108172851219475571419173185650688,-116866711935888717974995201593003493,4864561653217136978720513735260110848
DIFFICULT-0101,56,107,2699,False,-0.02402409924409117,-7.355109563421677e-18,0.0,-795623172506955,108172851219475571419173185650688,-116866711935888717974995201593003493,4864561653217136978720513735260110848
DIFFICULT-0101,56,108,2800,False,-0.062167549893010474,0.14496815774431382,0.14496815774431382,23522428438855686454307292054487,162259276829213372398777265029120,-112415301052260870130805412086534893,1808263334259209268929385540882530304
DIFFICULT-0101,56,109,2820,False,-0.05172125942779802,0.10321778867533676,0.10321778867533683,8374021873185356938427745915771,81129638414606685917913655803904,-50892308724307033569297628338961869,983972727797779415713807420333490176
DIFFICULT-0101,56,110,2899,False,-0.04887867091807024,0.1200935621576748,0.12009356215767482,623561425521551944963219819460821,5192296858534827844703278443003904,-157894269639101057041524291930120715,3230330667209860925963576054074310656
DIFFICULT-0101,56,111,2941,False,-0.020693950776560263,0.11084788395675729,0.11084788395675733,4604440957151231928112258081507923,41538374868278620001423255593287680,-78163355695611880205012138391755241,3777111318160975617204945798211567616
DIFFICULT-0101,56,112,2964,False,-0.03241264948654833,-5.5099368511451426e-18,0.0,-457747644846819219,83076749736557239345320965590482944,-34120712532637619771437390860729517,1052697421319974396202691801672318976
DIFFICULT-0101,56,113,3041,False,-0.06464080069991582,0.32561431973909627,0.32561431973909627,2932873058086983,9007199254740992,-19676061055058961125748969114927955,304390738388309983131974209753841664
DIFFICULT-0101,56,114,3271,False,-0.04514825616697347,0.0819201554470802,0.08192015544708044,121529647365302662759817565095505,1483513388152808153787891730874368,-3294021036080065901613058388131233,72960094491748826061597727067734016
DIFFICULT-0101,56,115,3476,False,-0.03857951665271736,0.1183009753844249,0.11830097538442491,614253782850155357301392640495317,5192296858534827385336116451213312,-110231706004005890325063070234767365,2857259902872362082007364567465721856
DIFFICULT-0101,56,116,3620,False,-0.039777172513970234,0.13006814452754817,0.13006814452754817,898075024236492564850557981019,6904650077838867485513878601728,-118980582885028176497592391710209467,2991177486113190398390100703030804480
DIFFICULT-0101,56,117,3674,False,-0.062061145729555185,0.11044362492520371,0.1104436249252038,286728043372167033255943703128155,2596148429267414012423631768911872,-72521684292525819231920981375154361,1168552134189637539191724420846583808
DIFFICULT-0101,56,118,3707,False,-0.06271526097142228,0.09294486111861629,0.09294486111861631,482597310403147172229792365420311,5192296858534827331292920922767360,-165129795053804868257166398233077355,2633008178488649449508180830271307776
DIFFICULT-0101,56,119,3926,False,-0.03949505921577114,0.11265990378121289,0.11265990378121295,292481832243013838631629593396581,2596148429267413895330041457278976,-103231931984710768419183661244204047,2613793574045035321802591424393248768
DIFFICULT-0101,56,120,4075,False,-0.09031187706482628,0.08742209336336608,0.0874220933633661,14525486743588610410478065766817793,166153499473114479086958698389569536,-173040467964617468843865603480159811,1916032238377774101589523148358811648
DIFFICULT-0101,56,121,4343,False,-0.030686905319005375,0.10543397908051794,0.10543397908051819,136861129590650008180442695212943,1298074214633707015219015139196928,-94634997549626356738066191899128229,3083888602185502964894233409049591808
DIFFICULT-0101,56,122,4375,False,-0.03241264948654833,-5.5099368511451426e-18,0.0,-457747644846819219,83076749736557239345320965590482944,-34120712532637619771437390860729517,1052697421319974396202691801672318976
DIFFICULT-0101,56,123,4491,False,-0.0443439098136845,0.11043676622701841,0.11043676622701847,279990465989889054687854814583,2535301200456458521518429700096,-22031063691513180520410685884796967,496822760646928976056118851363930112
DIFFICULT-0101,56,124,4661,False,-0.052111379818369906,0.17128456128367942,0.17128456128367947,111170036183595607312457196872093,649037107316853453566312041152512,-73682636215116318318798182973027697,1413945216417821249756113599157239808
DIFFICULT-0101,56,125,4673,False,-0.03257546416070964,0.1057759629349113,0.10577596293491143,366146800036957728653749025535275,3461531239023219915716607048941568,-53654792544794331173143920542122975,1647092188160105474115117148387934208
DIFFICULT-0101,56,126,4730,False,-0.042163200053514746,0.10905266738369235,0.10905266738369244,1132467644542378560243118681255323,10384593717069655779478549433417728,-20593877816858115941591312765422857,488432514389794245632272653415874560
DIFFICULT-0101,56,127,4941,False,-0.034987019208028006,0.15373954830885192,0.15373954830885195,99782671714576906003736091954769,649037107316853458069911668523008,-14846497132621129019091106367537293,424343012599784461712061560434720768
DIFFICULT-0128,66,0,42,False,-0.11055887740925276,0.07360549238461674,0.07360549238495663,764363133759106988839694511297725,10384593717069623875978789140824064,-64459717498519680761495930638586291,583035202681290946535597386118463488
DIFFICULT-0128,66,1,44,False,-0.09406842489216301,0.09745806714167678,0.09745806714167692,506031215858604613006192874406053,5192296858534827502429706762846208,-24006820390488569538910490379136547,255205935658104313141504051899269120
DIFFICULT-0128,66,2,46,False,-0.07991923185321727,0.07980517933157989,0.07980517933157993,51796522742271358901748650951083,649037107316853480587909805375488,-9557028172133922599546248786116901,119583583957447541095763831708188672
DIFFICULT-0128,66,3,109,False,-0.07881684816287217,0.10077508285618313,0.1007750828561832,261627073066373421989095572316435,2596148429267414805057166186119168,-9752930732309837771254565208204361,123741699390919041819143575850450944
DIFFICULT-0128,66,4,112,False,-0.0957270056526844,0.09493122373553449,0.09493122373553453,246455547389441322914924329450389,2596148429267413958380436240465920,-8037616882593071637879545792506129,83963943380356634651282963234291712
DIFFICULT-0128,66,5,113,False,-0.09468742610928332,0.10531428441399637,0.1053142844139964,2187292112486547126032684215395847,20769187434139311631014692904763392,-204629300938087935363566549655258693,2161103214506173002030023940245553152
DIFFICULT-0128,66,6,117,False,-0.11054727394652267,0.1752567840879605,0.17525678408796055,28437039045526058705509644818477,162259276829213358887978382917632,-66069319460233744236520615566957637,597656704698071793284990805848621056
DIFFICULT-0128,66,7,141,False,-0.07989731789517132,0.11745143366013688,0.11745143366013691,304921355011970210593003882786639,2596148429267413787243650400387072,-70565989827555283294704374039893817,883208494184258619458250103207231488
DIFFICULT-0128,66,8,151,False,-0.0954617596552025,0.20331592806069862,0.20331592806069865,8247473863747331179173881276771,40564819207303337470194782044160,-86062192504002251472491638540438181,901535785793699390821776567889297408
DIFFICULT-0128,66,9,225,False,-0.061003269657746356,0.07799068644793264,0.07799068644793271,50618849529821919084144444551275,649037107316853340976321356890112,-41543302622017471225888759075149589,681001245590484358251310097159421952
DIFFICULT-0128,66,10,234,False,-0.034149771794256545,0.09954928713998612,0.09954928713998622,258444725443165574905036333606699,2596148429267412463185359953461248,-6272553345650419098908847085327627,183677752912696301314331367480229888
DIFFICULT-0128,66,11,346,False,-0.03579862286672785,0.13256595022984807,0.1325659502298481,172080441731781137093227631412741,1298074214633706961175819610750976,-21632957322712207218675189710569417,604295796607819462610165623328604160
DIFFICULT-0128,66,12,397,False,-0.039846446642340126,0.19049327597092675,0.19049327597092677,30909301199870339715251779034033,162259276829213367895177637658624,-119960970502832888807879334214921171,3010581384573561686553714622556274688
DIFFICULT-0128,66,13,426,False,-0.0839028390452122,0.06913827881554267,0.06913827881554271,717972935796894438466235641837993,10384593717069655563305767319633920,-69236199502917164598040087788427017,825194955150543662282266116666425344
DIFFICULT-0128,66,14,427,False,-0.0816443223119276,0.1010605775884876,0.10106057758849049,43728043294534634140284250914885,432691404877899206903397481447424,-5999186521924824121157357087903079,73479531117969602401336558121648128
DIFFICULT-0128,66,15,428,False,-0.05823490151292871,0.08868191936887809,0.08868191936887816,230231425673932206957455495671553,2596148429267412625314946538799104,-109457724147984416011118121809078689,1879589752953969366075394946473394176
DIFFICULT-0128,66,16,454,False,-0.04844896761315699,0.10568611893520381,0.10568611893520384,1097507406675993609485666237516547,10384593717069653257462758105939968,-3416277399257372583500375571200391,70512903939146783467065917359259648
DIFFICULT-0128,66,17,455,False,-0.05820510383926175,0.13286217581969273,0.13286217581969278,172464964531673233618680049883239,1298074214633707717780557008994304,-24436583123198889029458010653021013,419835744828882212054176771728211968
DIFFICULT-0128,66,18,475,False,-0.08697070828133659,0.08200782264458674,0.08200782264458678,3406471679142152088964700546312717,41538374868278618992616939062296576,-16792255479307744128443752636752013,193079438021677747114014931666599936
DIFFICULT-0128,66,19,476,False,-0.08902142398079513,0.09209479651215571,0.09209479651215575,13282875628263066406495970600569,144230468292634126563111654653952,-70775028618581041176230896222099313,795033661041521406948364858339360768
DIFFICULT-0128,66,20,479,False,-0.03701250898539724,0.13995052988223922,0.13995052988223924,363332348328917589666022768333135,2596148429267413805258048909869056,-97168003893527890324013659355922091,2625274712715750868842526974641438720
DIFFICULT-0128,66,21,480,True,0.03378575133274256,0.3523534750777851,0.35235347507778525,228690480217526606262737555937971,649037107316853309451123965296640,2350863649843305867149352356368695,69581511646450475696636593518411776
DIFFICULT-0128,66,22,487,False,-0.08244342955843363,0.2514296165694988,0.2514296165694988,40796787758013278338216894492595,162259276829213363391578010288128,-72508604542490083796445148264409051,879495248206504852715248843287953408
DIFFICULT-0128,66,23,504,False,-0.07355976008972788,0.11234415163320705,0.1123441516332071,291662092799930615814709999639489,2596148429267413805258048909869056,-32923454982487658532951402803155735,447574257207035029447176451419799552
DIFFICULT-0128,66,24,514,False,-0.08860010295485893,0.10181062519459548,0.10181062519459551,528630989363364909265582928010427,5192296858534827790660082914557952,-5535474453383453662901867367621535,62477065700518828844197802544201728
DIFFICULT-0128,66,25,537,False,-0.11657270200019099,0.14188376771240913,0.14188376771240913,736702641370227095870504128927449,5192296858534827862717676952485888,-17122523431911069750485559410018939,146882787634818797308096266618535936
DIFFICULT-0128,66,26,551,False,-0.09487859115516792,0.07461892531926048,0.07461892531928901,3026903215019089735339851805337,40564819207303592205048705187840,-25797665556121391805513479754586063,271901861547785288832238507968692224
DIFFICULT-0128,66,27,553,False,-0.09123883832200369,0.14257920785866024,0.14257920785866024,23134799158028303777100533541991,162259276829213367895177637658624,-4462351751872575448526261551935067,48908467423969917736149450928160768
DIFFICULT-0128,66,28,556,False,-0.06773012349491585,0.08630831797717294,0.08630831797717302,224069204149150071531133466584889,2596148429267414632794480439197696,-4451742151845651927043044958306343,65727654433995261661843853055885312
DIFFICULT-0128,66,29,559,False,-0.1100901163192412,0.12955134697563975,0.12955134697563978,39568767760033518217674525460967,305429226972636969129836839698432,-51898109395126320488961192129679651,471414792992236408617707611879374848
DIFFICULT-0128,66,30,576,False,-0.09928686107194998,0.06961874670488064,0.06961874670488066,722962399621767278686201521525553,10384593717069655563305767319633920,-87623228841751869169217840947942033,882525924334078270988136068920901632
DIFFICULT-0128,66,31,582,False,-0.09339810834988155,0.11693820476171803,0.11693820476171804,75897234153371371771955819433725,649037107316853485091509432745984,-13893461473324275599460479737766367,148755276940701507335603422320656384
DIFFICULT-0128,66,32,611,False,-0.06785087464035165,0.11257241977027667,0.11257241977027671,73063677691358923640536473439789,649037107316853390515917257965568,-24639053762227819227087136521942001,363135389084206556046641679227158528
DIFFICULT-0128,66,33,633,False,-0.10064292312719388,0.10302232868701919,0.10302232868702442,66865314200071349418099560605911,649037107316876039118443304189952,-17576725705034242586509782493260357,174644427634723412145351993352781824
DIFFICULT-0128,66,34,644,False,-0.08575399943321182,0.08061570673733161,0.08061570673733165,69763446806801971490795452997687,865382809755804592745483715215360,-17712726927854557318898608029578117,206552779403015948040296618700832768
DIFFICULT-0128,66,35,656,False,-0.09906519641269662,0.14832413661215255,0.14832413661215255,192535737144042586646323935481787,1298074214633707141319804705570816,-50531329341562794733499215339393581,510081554081353281443559401842540544
DIFFICULT-0128,66,36,657,False,-0.10922053355035251,0.07741461528531068,0.0774146152853107,3215677310004807291696065016903171,41538374868278621946978294617341952,-66940881126645367451327731142940157,612896485217996928645314721880211456
DIFFICULT-0128,66,37,658,False,-0.09123279135518501,0.0851103263063215,0.0851103263063556,220959039954543520630069382939649,2596148429266825473017127737753600,-22853463240756542931035741859984301,250496152767967625346371697529323520
DIFFICULT-0128,66,38,677,False,-0.06596524227661024,0.09177935210801053,0.09177935210801055,59568205203598107502401187522051,649037107316853498602308314857472,-57042738635834410105150450683189823,864739318270653213368802099106676736
DIFFICULT-0128,66,39,690,False,-0.07659930128635294,0.07473156394086354,0.0747315639408636,12416910869873294491010178218153453,166153499473114517421598726567231488,-21248987571077519950924244907280823,277404456884560052472801127359840256
DIFFICULT-0128,66,40,718,False,-0.07634055354275102,0.09949440079932693,0.0994944007993271,129151116178037587331856316462153,1298074214633707073765810295013376,-9946131034118380789078275041498325,130286336325142147190332815749152768
DIFFICULT-0128,66,41,751,False,-0.0767835806528586,0.07797955876890934,0.0779795587689094,809786036051480021932899809235709,10384593717069657026975646215045120,-21706087583328538413372641200800563,282691786431041308875426523045167104
DIFFICULT-0128,66,42,754,False,-0.07685699164729146,0.08255916878864371,0.08255916878864375,142890570914840403916874123477937,1730765619511608933289388297682944,-18030942473517726921510285879837785,234603802296406440095723411487064064
DIFFICULT-0128,66,43,755,False,-0.06697914421374826,0.10845647342620152,0.10845647342621598,93856367709751952390055909785299,865382809755619481289999905718272,-1236912490947189019891115049550935,18467128917023370895861065950691328
DIFFICULT-0128,66,44,766,False,-0.09531242741192551,0.13267572437275482,0.13267572437275485,172222936716121843019983903521109,1298074214633706729240438801170432,-54814169855738554666375488032082899,575099924995512089588871295106285568
DIFFICULT-0128,66,45,820,False,-0.08031344240191685,0.08029756238514872,0.08029756238515308,416928780920406464879067922680599,5192296858534758282103434078322688,-36355729732301613467098696018978467,452673035111167235860564843144675328
DIFFICULT-0128,66,46,896,False,-0.079758085849297,0.07658665339058213,0.0765866533905822,198830319902807661169084672934423,2596148429267413850294045183574016,-37674531488133869082430344814607143,472360025782463477606115358315380736
DIFFICULT-0128,66,47,911,False,-0.07231138640640011,0.12611109098348555,0.12611109098348558,163701555384987968193808790894443,1298074214633706857593028181229568,-7864403483140002122851182624178321,108757470627667868115823202924494848
DIFFICULT-0128,66,48,1069,False,-0.10016559215341209,0.08117371362580189,0.08117371362580436,421478018254857026692983201538225,5192296858534829294862358456303616,-4814948341297591748830687129138043,48069883457815437670066676723351552
DIFFICULT-0128,66,49,1173,False,-0.07865166869170415,0.09256483134107944,0.09256483134107953,480624082983093113214511657481165,5192296858534829303869557711044608,-53388855431072736688573455051613995,678801306051679124115957342992859136
DIFFICULT-0128,66,50,1208,False,-0.11173400855683305,0.10216874101084424,0.1021687410108443,2121961731964259399992736408328343,20769187434139308298350968650596352,-13728061399745176307079446481505201,122863768847623994898623731643449344
DIFFICULT-0128,66,51,1209,False,-0.08941665604732417,0.10500495652161772,0.10500495652161772,68152113234722729653033486241337,649037107316853462573511295893504,-111218754457341310484625998208355169,1243825919842923763218367904667926528
DIFFICULT-0128,66,52,1210,False,-0.09552480714404349,0.09467594798883182,0.09467594798883183,122896406830304550603364268782525,1298074214633706907132624082305024,-10456372525857576990047737650477481,109462377768428620020894570263871488
DIFFICULT-0128,66,53,1211,False,-0.08818613106418523,0.10191589081338574,0.10191589081342603,1058355119409223931296501160408785,10384593717059659634781634154201088,-24589980368205912052096757465745277,278841809607322362664694091368890368
DIFFICULT-0128,66,54,1262,False,-0.08877104971208682,0.11060793096590403,0.11060793096590406,574309212483300542565079975773415,5192296858534827529451304527069184,-26885855907468075669177702837632147,302867387449710069726310785148256256
DIFFICULT-0128,66,55,1406,False,-0.10699702760983165,0.07921462977213893,0.07921462977213992,205652936657940254905017904501909,2596148429267439971171883932450816,-408256493361560076300595392258148551,3815587240893097007650168654048264192
DIFFICULT-0128,66,56,1422,False,-0.06730226685532086,0.11528381904615068,0.11528381904615072,598587811473225793270306252321879,5192296858534828475207226274873344,-106597786427106348728994705823282767,1583866211464448232391369794573565952
DIFFICULT-0128,66,57,1586,False,-0.07692278214710166,0.11297492846310829,0.11297492846310832,146649841538048505972251750030493,1298074214633706871103827063341056,-40167758683442733717705912234093205,522182863935274345403703236998725632
DIFFICULT-0128,66,58,1588,False,-0.0767794072059419,0.1151449981268173,0.11514499812681743,1195734024099743544117545692075447,10384593717069649771676646521176064,-65537412590226637309396144001227127,853580601559460166389384394557095936
DIFFICULT-0128,66,59,1661,False,-0.06842276458502906,0.20385965959471755,0.20385965959473762,33078120940487364479951810609517,162259276829207905028829637246976,-50737940975836651483774732768493627,741535968088289403481364355933536256
DIFFICULT-0128,66,60,1674,False,-0.06859476527967377,0.09523988056951019,0.09523988056951024,7912219723012798845827799922341749,83076749736557249347815737980354560,-25632221768249116741427965111298833,373676062068901623560528146563334144
DIFFICULT-0128,66,61,1687,False,-0.05692429624341852,0.09217340217460114,0.09217340217460118,478591666551648824277536447655711,5192296858534828114919256085233664,-32423677661038602332075271317302903,569592947137881659543552565039857664
DIFFICULT-0128,66,62,1690,False,-0.06851863019198275,0.22128576702859698,0.22128576702864827,35905668530658252362353835758415,162259276829214809047058396217344,-38758500780366679211162879565829691,565663684048688856354356629675704320
DIFFICULT-0128,66,63,1819,False,-0.05560027538992266,0.1651495148977268,0.16514951489772692,57167020492801171873248429339153,346153123902321810076595721863168,-93047768305437835075100120343692779,1673512723685221002664072117219229696
DIFFICULT-0128,66,64,1820,False,-0.06957577377755526,0.07589277082742364,0.075892770827424,394057795552735527498606493398311,5192296858534829925366306288173056,-63935526769768154842522462291687195,918933750908471881171821585567318016
DIFFICULT-0128,66,65,1834,False,-0.08403814784609855,0.14524491250748842,0.14524491250748842,377077351465399018750803066198151,2596148429267413940366037730983936,-21334109830313145658190585112988827,253862208736238535114050448499146752
DIFFICULT-0128,66,66,1866,False,-0.09129609178273419,0.16715739350802636,0.16715739350802636,1291563704155647706099871305111,7726632229962540684970416930816,-73116148856039510590035151528579777,800868333225488036074014685207199744
DIFFICULT-0128,66,67,1883,False,-0.100611865704003,0.1220136341161087,0.1220136341161087,19797844034984033534103098125477,162259276829213367895177637658624,-13829218637170536274919956155820609,137451169803924221650980269010714624
DIFFICULT-0128,66,68,1890,False,-0.07975262980103537,0.05946022547402538,0.059460225474027927,308735141936558474134724639929011,5192296858534894052121400416665600,-52290641665814883255318018388660623,655660406387452254755318366864408576
DIFFICULT-0128,66,69,2037,False,-0.09089028024441059,0.09445295473714317,0.09445295473714478,245213890080501367131576680027587,2596148429267424406731571740016640,-105660726769737649017084074436766057,1162508537608292566868856894316871680
DIFFICULT-0128,66,70,2073,False,-0.07958752749483318,0.09413386666985579,0.09413386666985603,488770980191628790282252311297655,5192296858534829844301512995504128,-48245942017819087019910748988432873,606199784519643655709439317348712448
DIFFICULT-0128,66,71,2088,False,-0.09066898091719985,0.08278656118796528,0.08278656118796539,1719409606340693699616728272582391,20769187434139311009517944327634944,-69077860482906151482401920336516717,761868720527354243680448594915098624
DIFFICULT-0128,66,72,2177,False,-0.06997810884418383,0.11861879635073577,0.1186187963507358,615904003655107736274986078388389,5192296858534827070084142535278592,-23416672663365409039898157787206349,334628543842274251073869168154509312
DIFFICULT-0128,66,73,2206,False,-0.09006802884919198,0.10445963374555604,0.10445963374555607,271192714070374625580528154449981,2596148429267413404437682073894912,-78073001759658027536733841527191957,866822586851343611212075741690724352
DIFFICULT-0128,66,74,2227,False,-0.033637348247053285,0.08404387760514095,0.08404387760514194,872761523336532804222890775054179,10384593717069832257533547573673984,-23371280286918545185634340790126169,694801507992412182007082328550014976
DIFFICULT-0128,66,75,2284,False,-0.10117315462264416,0.07233074020513938,0.07233074020513947,751125350285287174886458311155479,10384593717069645430206605736017920,-5409481471662590815410214858395491,53467557593107436763256745766158336
DIFFICULT-0128,66,76,2345,False,-0.09022010460824373,0.12636114960525308,0.1263611496052531,41006537508512811961683294196645,324518553658426726783156020576256,-114664870173059893777617348969683263,1270945879202434081021306064601088000
DIFFICULT-0128,66,77,2380,False,-0.06682287831623147,0.11361828658173315,0.11361828658173316,73742484061305352902748430395901,649037107316853471580710550634496,-118368201664506913550888338469200027,1771372389922253996395469620759232512
DIFFICULT-0128,66,78,2437,False,-0.07758312316709759,0.07025014978143018,0.07025014978143189,11672308224694996640685930700435195,166153499473113392287303820596215808,-7742864448878570043233545507111461,99800886234008427133136851114655744
DIFFICULT-0128,66,79,2459,False,-0.10867831528627396,0.14178241425396998,0.14178241425397003,184044096031593040775468284994243,1298074214633707501607774895210496,-348961182237789699007120092548557607,3210955021878807262032027828543815680
DIFFICULT-0128,66,80,2502,False,-0.07931213923225043,0.1280623348828974,0.12806233488289745,41558603694318942889448683954659,324518553658426697509758442668032,-43163249945933342395299616386659845,544219968894522154042847603558711296
DIFFICULT-0128,66,81,2602,False,-0.073342292321725,0.10682284459698038,0.10682284459698042,92442653403442539178645269251557,865382809755804439623096384618496,-46080275585510945933848022239957205,628290637322516992406470397790257152
DIFFICULT-0128,66,82,2628,False,-0.0740669149958336,0.09287075015842373,0.09287075015842383,10464681082841939651431411073,112680053353620430728835629056,-11268837102213498630803712351107371,152144005226184896816374539339431936
DIFFICULT-0128,66,83,2629,False,-0.09303212635211197,0.20082126512029333,0.20082126512029336,65170226500693046449439968749561,324518553658426686250759374241792,-6338157795453795225017994525524993,68128699665155076160419295483920384
DIFFICULT-0128,66,84,2834,False,-0.058526278351317164,0.078846575559401,0.07884657555940103,272929884388871120760106081604203,3461531239023218154809152747077632,-9599798699934064831161131641480495,164025442422788473763010312788770816
DIFFICULT-0128,66,85,2923,False,-0.08301337247498393,0.11242131857367244,0.1124213185736725,72965607407802807870276399732407,649037107316853498602308314857472,-129463933074700718470433271188385081,1559555156173358117771143292938878976
DIFFICULT-0128,66,86,2942,False,-0.0796373777152796,0.0804332971231062,0.08043329712310625,14915484141925092019108962447187,185439173519100922396094477893632,-26588742888233689523411187246338909,333872656923662766135857862026461184
DIFFICULT-0128,66,87,2960,False,-0.07583948221223397,0.11058811049260983,0.11058811049260986,287103149351040147878952051429397,2596148429267413098192907412701184,-36869595417016310130505119022817817,486153047746793977292088345754599424
DIFFICULT-0128,66,88,2982,False,-0.09114906384814256,0.07904005373441744,0.07904005373441747,205199711351819816558450963538181,2596148429267413526034872012898304,-163911545098089518772306516600521365,1798280071983753122603119042386460672
DIFFICULT-0128,66,89,3006,False,-0.07650008943239613,0.07197726499129421,0.07197726499136473,186863663450230037179430879771677,2596148429269041226019395512303616,-329219226126300801252237363779463717,4303514264741285308500852306914312192
DIFFICULT-0128,66,90,3029,False,-0.06098968799195425,0.09499349312475684,0.09499349312475688,61654301991615585285524541838597,649037107316853408530315767447552,-299155923108123984245178773743143931,4905024651832759008344618823548141568
DIFFICULT-0128,66,91,3039,False,-0.06238744154463175,0.06478895634144997,0.06478895634145095,42050436809932658843123256515131,649037107316854318257440496287744,-33807063917357677597687525670293549,541888929572023340649877295650045952
DIFFICULT-0128,66,92,3040,False,-0.06524228651660344,0.0702466028533853,0.07024660285338805,729482430636752404756141578830177,10384593717069657184601633173012480,-354046191424444779845196023849523,5426636776967404137869339256684544
DIFFICULT-0128,66,93,3055,False,-0.08093107968287515,0.13256206722750571,0.13256206722773362,86037700653282042123433992834057,649037107316849508413038464598016,-70383424975038125564629853232356177,869671147979644630647469920571359232
DIFFICULT-0128,66,94,3144,False,-0.09048445609785659,0.1093410872710479,0.10934108727104794,283865691973122132406369273790625,2596148429267413228797296606445568,-61342940504391287739658104817914101,677938986979713898836834593420607488
DIFFICULT-0128,66,95,3177,False,-0.10803024317304215,0.1174945388527813,0.11749453885278134,38129157811268381948903326954535,324518553658426479085176515198976,-126709186792488189925189720080549919,1172904763247882626618590944886259712
DIFFICULT-0128,66,96,3292,False,-0.07572912583123544,0.1643120607758754,0.1643120607758755,13650511951775384324461891056493069,83076749736557240128947300752949248,-1899483918632662942562661449268331,25082607223879993175915608963809280
DIFFICULT-0128,66,97,3486,False,-0.08122812701764462,0.11796296447053416,0.11796296447053427,76562341230476252727211518613495,649037107316853471580710550634496,-45811555861538897824819620427999663,563986362157378970684707709535649792
DIFFICULT-0128,66,98,3569,False,-0.08663344279670591,0.06116155939285323,0.061161559392853324,79392243174650775843245079470247,1298074214633706844082229299118080,-13523197807438778789538157749853795,156096737828742681364684607133319168
DIFFICULT-0128,66,99,3788,False,-0.08242813362429897,0.22474437646527817,0.2247443764652782,36466859996688513712454927571249,162259276829213356636178569232384,-62463274916408452438783087486851113,757790722292842417827827014652919808
DIFFICULT-0128,66,100,3813,False,-0.07902226951969542,0.08097549837472127,0.08097549837472133,46716536203261931510787652584185,576921873170536479230848854392832,-240284195211834693553455701049524981,3040714936084524228532784008613855232
DIFFICULT-0128,66,101,3839,False,-0.07713722828944092,0.15530460539139945,0.15530460539139948,100798451836219288262903581035059,649037107316853408530315767447552,-88256462271582539512428642996427243,1144148736332851936841191249800069120
DIFFICULT-0128,66,102,3955,False,-0.0752931044325801,0.14784476955489126,0.14784476955489131,191913483127666869457761120110473,1298074214633707087276609177124864,-114771996781916977625593397054475245,1524336094876889692970279159854006272
DIFFICULT-0128,66,103,4066,False,-0.08178033476556507,0.10782753629898487,0.1078275362989849,34992036124298076309592411147467,324518553658426738042155089002496,-329079312799393021441387240112327,4023941865030824099349171674284032
DIFFICULT-0128,66,104,4075,False,-0.07111180484922061,0.10257600763217309,0.10257600763220472,346748100383837035394346481089,3380401600608591740873071394816,-82947509431665343035891686834631363,1166437971973009826485634241086357504
DIFFICULT-0128,66,105,4245,False,-0.060767164594314554,0.10128435550854013,0.10128435550854016,65737305115714692380354901551281,649037107316853391641817164808192,-1174255666034336408737142133551243,19323851522014261239854844839198720
DIFFICULT-0128,66,106,4296,False,-0.09173444658895731,0.11442852262834254,0.11442852262834256,594146858569924403856017425788745,5192296858534827538458503781810176,-122840643800601769642732278962921275,1339089604486575950402847112570077184
DIFFICULT-0128,66,107,4373,False,-0.06037418819575115,0.14140496491226648,0.14140496491226648,22944267346724647091518887701221,162259276829213363391578010288128,-84947262158860708624753744417009829,1407012908951029131646601820947611648
DIFFICULT-0128,66,108,4435,False,-0.08981257323319271,0.11825474704888514,0.11825474704888517,76751718951094623567791586451135,649037107316853462573511295893504,-42700373673934872638370404127357667,475438706817430034672502103854809088
DIFFICULT-0128,66,109,4438,False,-0.09946681569028319,0.10662973242955472,0.10662973242955476,138413306180096555076200370359495,1298074214633706961175819610750976,-36761924547810786667328710101347089,369589840518057516258111212587319296
DIFFICULT-0128,66,110,4482,False,-0.07458598491153103,0.19473158936068852,0.19473158936068855,42129342487291532103331138357031,216345702438951085135976145616896,-71334730361713774330177384355389469,956409309957176585848951612146450432
DIFFICULT-0128,66,111,4564,False,-0.0848008825598832,0.12499382439590609,0.1249938243959068,5192040333976937317675043886838985,41538374868278627189168260876599296,-65193523582345751629874415090319773,768783550528598928936412387559342080
DIFFICULT-0128,66,112,4566,False,-0.06320251024855784,0.1295658006350784,0.12956580063507847,168186024902766802843407012558283,1298074214633706857593028181229568,-278491443056993987377901981334910131,4406335159185368513738067359404392448
DIFFICULT-0128,66,113,4608,False,-0.09181978200456521,0.12093410681223259,0.12093410681223264,209308594296956805907062510815529,1730765619511608771159801712345088,-34473099607451921424283835285691593,375443056548946525159422996588265472
DIFFICULT-0128,66,114,4746,False,-0.2596610989876232,0.12080754852746672,0.12080754852746675,19602145459576850760128635630205,162259276829213367895177637658624,-1943147608464922745394881122548816111,7483398999853817975586968053452111872
DIFFICULT-0128,66,115,4807,False,-0.10643996224266482,0.09634183254208722,0.09634183254208724,22737972475171269938429762811867,236013493569764903260221645783040,-19362974747514225779808911134210721,181914521008284202723072859371995136
DIFFICULT-0128,66,116,4982,False,-0.0791632153105242,0.10984011281922249,0.10984011281922254,1140644945464720029663984543526073,10384593717069655635363361357561856,-16187229349380364855702985198840293,204479179956051969930604990158602240
DIFFICULT-0128,66,117,5009,False,-0.08511085567010877,0.10195043618275498,0.10195043618277407,4726401156412789341594671655089,46359793379797865690750783586304,-42802507270483227507240390911715171,502903030800048866385680692777320448
DIFFICULT-0128,66,118,5011,False,-0.07080000195903868,0.12861548906884562,0.1286154890688457,83476224981385951054066812773225,649037107316853503000354825961472,-37793726884316579358535874976354721,533809686985349639983341851715305472
DIFFICULT-0128,66,119,5051,False,-0.08726475787270452,0.07247530626762388,0.07247530626762602,62718884175787342577971889310947,865382809755784101367179179458560,-380578439902507899518319552199038581,4361192870753942066886246610033967104
DIFFICULT-0128,66,120,5210,False,-0.08645996515397106,0.09741926146822615,0.09741926146822624,1011659450564507055107535209196931,10384593717069653374556348417572864,-8685366741970398785914655716061347,100455357881571909458291602223005696
DIFFICULT-0128,66,121,5215,False,-0.09765276590178536,0.08149813303518708,0.08149813303518712,24277825595814990184907572483,297894254649158184231149502464,-27696968446379021790815325688335121,283627075901110185793797015337959424
DIFFICULT-0128,66,122,5216,False,-0.09748268077580753,0.08206853453963865,0.0820685345396387,284082796049815193011169615526821,3461531239023218479068325917753344,-70556407122600069927420184413589831,723784025645201510533397767069368320
DIFFICULT-0128,66,123,5332,False,-0.08918629032150222,0.06976041590692991,0.06976041590692997,965911435636360477804124106439031,13846124956092873646057326028783616,-194850092559032242640426092005774837,2184753865831049105823539642142556160
DIFFICULT-0128,66,124,5334,False,-0.0241019576860573,0.19887935351726058,0.1988793535172606,86053386874592448639549661338877,432691404877902269351144093384704,-21161648633213952159176840131287521,878005384826300462967763687635419136
DIFFICULT-0128,66,125,5341,False,-0.09854718738204225,0.11045025644025538,0.11045025644025543,143372629884776062523896989168907,1298074214633707222384597998239744,-32674448541476688474119287375867375,331561452026085799202031574001385472
DIFFICULT-0128,66,126,5342,False,-0.08002952151261228,0.14679866574258946,0.1467986657425895,127037041828725250010352171817585,865382809755804628774280734179328,-74094906221172789628987219489098379,925844673574560569101007185688657920
DIFFICULT-0128,66,127,5404,False,-0.11465244033710238,0.11702010463738817,0.1170201046375406,607603121694128482199077951449613,5192296858534836653744149579694080,-14580426823858953304788796754669215,127170662752484109401361719343710208
NDV2-007-P01,72,0,424,False,-0.23047471115457285,0.05481252313672713,0.05481252313673564,2964613455116868298303171042409,54086425609742257432172850839552,-20131740461996704737580967180046379,87349021335772138785457848578998272
NDV2-007-P01,72,1,4791,False,-0.22745536708234237,0.13369102117412474,0.13369102117412476,173540867314180201739687430783319,1298074214633706690959841968521216,-78046013971364073065806045521737903,343126719639507153035997852171501568
NDV2-007-P01,72,2,4810,False,-0.24065885571591467,0.11710549872748224,0.11710549872748231,1216093026319720841868601661066933,10384593717069657585422000008986624,-57793726268542308590106030919079065,240147930964837676662278396248588288
NDV2-007-P01,72,3,4819,False,-0.22211584073227375,0.11716746020705933,0.11716746020705936,608368235555618522395091010091907,5192296858534827322285721668026368,-54885417422528140581618360987210439,247102670577574947574031690823106560
NDV2-007-P01,72,4,4822,False,-0.08136790913368547,0.4342333052291906,0.4342333052291907,2254668226612721689827720452131031,5192296858534828295063241180053504,-30530911816834660412487806026357081,375220552449899181648188549650972672
NDV2-007-P01,72,5,4829,False,-0.12127276923551146,0.29772330215714193,0.29772330215714193,193233470812892888675265493401661,649037107316853399523116512706560,-52749871766586064787825168432397777,434968807087648245789660172469141504
NDV2-007-P01,72,6,4830,True,0.10730406672795394,0.3319051669534007,0.3319051669534078,1723350155703570028510879171056185,5192296858534676757942979417604096,595973546631548878281835054590961761,5554062998772542858192838096752476160
NDV2-007-P01,72,7,4836,False,-0.22558583832354198,0.09123461383018712,0.09123461383018718,947434397560237739574735494535497,10384593717069657909681173179662336,-38432227217259028672388030999718631,170366311568452152974925076075905024
NDV2-007-P01,72,8,4839,False,-0.2186528633651688,0.13071154732101378,0.13071154732101378,169673289132281591580548024419105,1298074214633707087276609177124864,-38221195928503082342954631974246663,174803088970623049530416699900166144
NDV2-007-P01,72,9,4846,False,-0.2016656067989698,0.10406110240440197,0.10406110240440286,1080632270220090090564433586983229,10384593717069610815539869766385664,-88811426794225019845584994154326911,440389554787875277418232046963130368
NDV2-007-P01,72,10,4848,False,-0.23643742943101317,0.08834593569463574,0.08834593569463575,114679581092894250070810434239573,1298074214633706889118225572823040,-454477633128534109665419080799369749,1922189875867940277200618076785082368
NDV2-007-P01,72,11,4850,False,-0.22722683647607314,0.09426645099716745,0.0942664509971675,15295606168056873321197366789387,162259276829213398857425075830784,-62881106732100025940118997331502929,276732747360681457222300852572651520
NDV2-007-P01,72,12,4852,False,-0.14601280765643987,0.1301754896490434,0.13017548964904346,675909785962961151023375005564263,5192296858534827889739274716708864,-48360627349720296693037143738348697,331208118835097017960808989509812224
NDV2-007-P01,72,13,4858,False,-0.2226040673109408,0.08490656554575864,0.08490656554575869,88172018710444804019310629123111,1038459371706965583352174496186368,-177952753926208978478775133869250303,799413757690413740775750270319591424
NDV2-007-P01,72,14,4860,False,-0.17281824091882328,0.13751290461152813,0.1375129046115283,1428015645244874151192386135006261,10384593717069657490846407834206208,-16099707365663472096074335689106777,93159768784047955919124538381565952
NDV2-007-P01,72,15,4865,False,-0.24131598549428981,0.05737859462033675,0.057378594620336884,4766827145509087604281691047993723,83076749736557269069078506235756544,-105337642820047616237303726332035857,436513323409899805778343476628291584
NDV2-007-P01,72,16,4877,False,-0.1960875479289936,0.12649432350929063,0.12649432350929068,164199019644944440067253597828603,1298074214633706627909447185334272,-48663060934533353784101732100979505,248170072238115886779642857081798656
NDV2-007-P01,72,17,4884,False,-0.2070008363018886,0.1363197255271771,0.1363197255271776,353906241305547019344742752600485,2596148429267422632313318556041216,-90340585568480001235388146666558849,436426186398241972687639049475719168
NDV2-007-P01,72,18,4890,False,-0.23243498335485224,0.06194863693289976,0.061948636932899794,40206964117151239947966187651935,649037107316853284681326014758912,-25309512931582467138083280201297323,108888569897170402152827402630201344
NDV2-007-P01,72,19,4893,False,-0.19991521756933953,0.1148705369754507,0.11487053697545076,298220964137920728695619906709007,2596148429267414003416432514170880,-26807200849408759233936792801149393,134092847834911933910203241636823040
NDV2-007-P01,72,20,4899,False,-0.2274685299524957,0.11387031430264447,0.1138703143026445,9459975603743909337508391483214791,83076749736557249775657702580551680,-110007620251982106333411230790841991,483616877793846881352300639828312064
NDV2-007-P01,72,21,4904,False,-0.21084725408057564,0.10910331445346703,0.1091033144534671,755329062523299162247545498446787,6923062478046436823028663014391808,-21395446379868849068787278907902507,101473678057445990889075346356830208
NDV2-007-P01,72,22,4905,False,-0.20268348590306,0.17706934575420127,0.17706934575420136,28731143990698640953231705490835,162259276829213376902376892399616,-178152193642400009810468064217438743,878967483949862166314648662165159936
NDV2-007-P01,72,23,4924,False,-0.18149688877075898,0.10694138197255473,0.10694138197255477,138817850415867226535241769639865,1298074214633706645923845694816256,-52311805836940065756956404712966425,288224256576722326587529951254151168
NDV2-007-P01,72,24,4926,False,-0.18949866983060565,0.11868607951629206,0.11868607951629236,2465013431297031373906001397705079,20769187434139303371412976307273728,-182929056788248681734654090319717,965331613946263656628862188519424
NDV2-007-P01,72,25,4928,False,-0.19257375328631804,0.17084745205907892,0.17084745205907914,443545344307517521097383336417397,2596148429267413751214853381423104,-9665664832821052232036767078742729,50192015619336105430585049666813952
NDV2-007-P01,72,26,4929,False,-0.19825431885942502,0.1399703911888196,0.13997039118881963,181691955614399727052806659096243,1298074214633706920643422964416512,-56270777289063485123582172825774539,283831281017202267645710643130007552
NDV2-007-P01,72,27,4935,False,-0.18260904068305325,0.12256999735106937,0.12256999735106941,636419812196579643203202309362141,5192296858534827619523297074479104,-21202726746928705959403463436915773,116109950896294212097798252257083392
NDV2-007-P01,72,28,4936,False,-0.16049131947640635,0.1477421562441641,0.14774215624416848,95890141717466929212021222191917,649037107316853975983868816130048,-160270235196030565542069320740324535,998622453344535624094362670712487936
NDV2-007-P01,72,29,4942,False,-0.185628154657227,0.14108111235317106,0.14108111235317108,91566877058746157327489875275017,649037107316853525623906079080448,-16199035963474529090091629821163251,87266050742070750913965872031727616
NDV2-007-P01,72,30,4951,False,-0.1479671812621672,0.15194490890320309,0.15194490890320309,197235768292115480648943427625403,1298074214633706934154221846528000,-49974811490308980232538711053334263,337742539014539712009950992296574976
NDV2-007-P01,72,31,4961,False,-0.22649328144694145,0.10216194050506831,0.10216194050507837,707273496995202974226431926963841,6923062478047925082561523868499968,-132400509091589146789667181640581801,584567048725484732203791371768692736
NDV2-007-P01,72,32,4964,False,-0.13904521929387428,0.1336751982151063,0.1336751982151069,347040655878158510179852994342517,2596148429267414587758484165492736,-90302481629089135679335992655237913,649446864032292998719683372651642880
NDV2-007-P01,72,33,4971,False,-0.21135125032219843,0.06331267950574505,0.06331267950574665,328738226903098423450821461854165,5192296858534765201884261533089792,-57128932710299374812648974576905767,270303263516104522126227171681763328
NDV2-007-P01,72,34,4976,False,-0.2340572617982938,0.10097074427287514,0.10097074427287528,524270078291973137169417998431749,5192296858534828547264820312801280,-248302517494570660752800711018346299,1060862267578577198354524170384048128
NDV2-007-P01,72,35,4977,False,-0.224605671544295,0.1177711258109824,0.11777112581098398,1223005293148957705808978961969179,10384593717069740582259532819857408,-148928988306478447034113664139080147,663068689594990130505134501378654208
NDV2-007-P01,72,36,5000,False,-0.2204656258743466,0.07159664633592192,0.07159664633592709,185875520925823983700611950674811,2596148429267494419691378841747456,-69055923623777872764638425965409729,313227621539223505450753847130587136
NDV2-007-P01,72,37,5014,False,-0.21654266713806705,0.10289207740017906,0.10289207740017911,133561552563267986347082135732351,1298074214633706749506637124337664,-181997368582622061110871880374339017,840468859961815349302716099127672832
NDV2-007-P01,72,38,5019,False,-0.21848634640825182,0.09710259560548229,0.09710259560548362,63023187764740689387828543930151,649037107316856083668494425522176,-194497660962719745397916296640611041,890205105079160820358969894532808704
NDV2-007-P01,72,39,5020,False,-0.20744864173056327,0.09359286063781942,0.09359286063781949,485961916271037624001570793097551,5192296858534826925968954459422720,-246895739423329880027319509959730397,1190153559761557640937191248859496448
NDV2-007-P01,72,40,5028,False,-0.20191737445746893,0.11881937007354783,0.11881937007354788,38559090122873091214482761105503,324518553658426715524156952150016,-271737074297230414562914567277407757,1345783516784327093254338447270739968
NDV2-007-P01,72,41,5031,False,-0.2276958760272039,0.10659399467434162,0.10659399467434166,138366915921565525895879831075367,1298074214633706749506637124337664,-168505901158972179051460859039021359,740048103193752965764762084311040000
NDV2-007-P01,72,42,5035,False,-0.1811963662366291,0.17877926877078504,0.17877926877078507,19339063241868764359548587266421,108172851219475569589585837031424,-54315634421379653255025531155676993,299761168225898288007897739429937152
NDV2-007-P01,72,43,5049,False,-0.2010692900016908,0.06786563938187704,0.06786563938188338,44047318270625782682721786598613,649037107316906178333049574391808,-104692833094400002552047305461424023,520680373882653255988534992890232832
NDV2-007-P01,72,44,5050,False,-0.18585098556363863,0.07714779929578669,0.07714779929579224,200287137963198402876907816933945,2596148429267467109863238467059712,-8775522006370929098405930742485551,47218054721404941837013064265760768
NDV2-007-P01,72,45,5075,False,-0.21325522999354765,0.09102412265442571,0.09102412265442716,236312133054731172183266110034353,2596148429267407671355356431253504,-63608527446793586524443780149874117,298274173387063746155587530018258944
NDV2-007-P01,72,46,5080,False,-0.22942930698931563,0.09881173152192724,0.09881173152192735,4104478745341517068223846465091853,41538374868278624459986886690078720,-97422822343480612693747977898609187,424631114576907698875887869967204352
NDV2-007-P01,72,47,5081,False,-0.2196880890031987,0.16107161241130008,0.1610716124113001,209082906780583188687866190535961,1298074214633706988197417374973952,-17338224949668731080772640685462581,78922007234612904185205014273196032
NDV2-007-P01,72,48,5082,False,-0.20193572680381025,0.11014754757451328,0.11014754757451374,285959382623230287544757137200903,2596148429267412679358142067245056,-249817476850975324373398784702512655,1237113812424506536962618327188897792
NDV2-007-P01,72,49,5091,False,-0.21240616489559924,0.0949528730594085,0.09495287305940853,123255876123805773913601774507563,1298074214633707148075204146626560,-358630150891248203970517992255130557,1688416864301091277891399058062311424
NDV2-007-P01,72,50,5096,False,-0.22770224114674736,0.07940274833458492,0.07940274833459372,52772178014299647468260149549195905,664613997892488859900830912503349248,-6598958104799821286871176032474639,28980646266660976597341028478877696
NDV2-007-P01,72,51,5097,False,-0.21100722631008909,0.12713940644892924,0.1271394064489293,41259096293797370724619265604387,324518553658426726783156020576256,-521097624743924474574827002455332235,2469572411601378292869593206167175168
NDV2-007-P01,72,52,5107,False,-0.21379324343605252,0.131578236354382,0.13157823635439744,1366386526548822229597638794112839,10384593717069660562301353700884480,-105499427732140424819853311908245441,493464742087119554310176753303158784
NDV2-007-P01,72,53,5109,False,-0.22918677786930017,0.09944054637041463,0.0994405463704147,64540604566261352160539507379541,649037107316853488469209153273856,-246566817331150982743192697363337,1075833517201250801626933668872192
NDV2-007-P01,72,54,5112,False,-0.23737641326562547,0.07764327393863457,0.07764327393863463,100786731839482826243689456775883,1298074214633706830571430417006592,-18182204299053272056038672411553097,76596507837142552683631223173545984
NDV2-007-P01,72,55,5114,False,-0.20629572127938656,0.10857922932149523,0.10857922932150436,2255102365232496882883075402844659,20769187434139011889437893634031616,-147961828156637469921703711247873257,717231686818422106607644602116603904
NDV2-007-P01,72,56,5120,False,-0.23310445462903112,0.0670245990486078,0.06702459904861982,1392046460338596933093325418527099,20769187434139701372526445547487232,-59728428446978592350720943967281679,256230317614616457808569141097922560
NDV2-007-P01,72,57,5122,False,-0.19031322570457523,0.0957913957496104,0.09579139574961044,15916075623211795585330479656886747,166153499473114507009276388086644736,-1249097061375239491118966842462369,6563374966457785726503210343989248
NDV2-007-P01,72,58,5123,False,-0.1890693170327619,0.07205937397491229,0.07205937397491241,62358943519653922874747160215741,865382809755804923760056326946816,-5038913537239972986499215896075193,26651143698619436848652493466370048
NDV2-007-P01,72,59,5124,False,-0.18568639075108523,0.09979799556980534,0.09979799556980545,518180818885172863600504533639843,5192296858534827106112939554242560,-14988973104951894107177588505404717,80721979916367635495539617472446464
NDV2-007-P01,72,60,5125,False,-0.20048689575807016,0.08981244419222688,0.0898124441922269,25907381768701900682229104922431,288460936585268257629822936678400,-29924293563446474646655424653616051,149258102133300842187495985433804800
NDV2-007-P01,72,61,5126,False,-0.18637710645047809,0.09552106217178875,0.09552106217178877,247986855519244357912256667987601,2596148429267413893078241643593728,-89312690336036980259542182406564459,479204190026247088104599415007739904
NDV2-007-P01,72,62,5127,False,-0.19754947375836118,0.1379052603323072,0.13790526033230735,5728360399990929083855694114405325,41538374868278612838448048260513792,-112850345322816404754882311248619039,571251055119756144714923445460140032
NDV2-007-P01,72,63,5128,False,-0.22111396821542534,0.08645229515591024,0.08645229515591028,28055373784447400541427047444407,324518553658426708768757511094272,-286959561093759830193420763925467039,1297790290725472867273813830345424896
NDV2-007-P01,72,64,5129,False,-0.21585810103146721,0.09111464023153075,0.09111464023153078,118273565060177058685470082908507,1298074214633707109794607313977344,-106148523304954466642375390868904599,491751399635821004965207256198021120
NDV2-007-P01,72,65,5131,False,-0.21091568920811982,0.10324446017968407,0.10324446017968414,134018971563024433227792723955657,1298074214633706902629024454934528,-34216913801980085631294446088862843,162230291783636566018131368393834496
NDV2-007-P01,72,66,5134,False,-0.2214405826810562,0.1007329672028676,0.10073296720286792,130758867289585358998446327659677,1298074214633707289938592408797184,-95643301589576831068151374306529687,431914062145208242572876206965784576
NDV2-007-P01,72,67,5135,False,-0.20381053949762715,0.08679982502918605,0.086799825029187,450690458820415107075903132816705,5192296858534823588801630577885184,-4132958940115178588215145538262925,20278435797788055650904148329627648
NDV2-007-P01,72,68,5146,False,-0.22464780329988684,0.06877189391195805,0.06877189391195812,714168177429100570133550824870643,10384593717069656104863622510936064,-79317386038456754649833158346654377,353074389659507984260896320418480128
NDV2-007-P01,72,69,5147,False,-0.20602720444497324,0.09525097618676392,0.09525097618676423,98914268885381772188123862514281,1038459371706963124386777951895552,-1474036495862017075557589660163681,7154572134456690006648373712519168
NDV2-007-P01,72,70,5154,False,-0.23933641656935725,0.12868826496501978,0.12868826496501984,334093836954084691163681760577853,2596148429267412566768151382982656,-8018357645630730797021411176575345,33502455499943078179181153371553792
NDV2-007-P01,72,71,5156,False,-0.2282643599564542,0.11009100434574712,0.11009100434574717,1143250352034733669427777404612893,10384593717069655151226401415233536,-110800192310627548174810846906750603,485402943901381773378864831138889728
NDV2-007-P01,72,72,5157,False,-0.1675388016533025,0.13298924066330028,0.13298924066330034,12330707437767613932927228775197,92719586759550506234043512651776,-34374475576992381240692159012038717,205173220995846828821182119770324992
NDV2-007-P01,72,73,5160,False,-0.20535000398150485,0.14138414664863344,0.1413841466486335,45881778780645417565023793386313,324518553658426667110460957917184,-284742908270146541773854439294585955,1386622365470186901698253140969652224
NDV2-007-P01,72,74,5162,False,-0.19232442445390316,0.10302402638301406,0.10302402638301449,17117802513348256467775275808720769,166153499473114461752603732640530432,-141748567353475171492524523469446473,737028423487885462928780165170331648
NDV2-007-P01,72,75,5165,False,-0.21732484271605612,0.06842906759627268,0.06842906759627558,710608065425188961582473681831615,10384593717069669767658992046178304,-206416774209292711987761992188109111,949807539853990637449254119797686272
NDV2-007-P01,72,76,5168,False,-0.18510497636977266,0.1730785939703552,0.17307859397035527,449337719875950181379007431702005,2596148429267414269128810529030144,-3537099717421683067258346359645909,19108614942668207244618654898192384
NDV2-007-P01,72,77,5174,False,-0.20704356697125986,0.06065325381732584,0.060653253817325926,5038875188089865967880636612452611,83076749736557268087293787468988416,-99990100770232900853678924198884599,482942320946937342044037330860244992
NDV2-007-P01,72,78,5175,False,-0.21100861791567357,0.0802006535522209,0.080200653552221,416425601491636619748935430238395,5192296858534827385336116451213312,-69971955130010380920405465099786677,331607096530880178082876506136117248
NDV2-007-P01,72,79,5176,False,-0.22797145333114105,0.10860731932427384,0.10860731932427409,2255685771765263293359664077751665,20769187434139306393328326272876544,-15555869536909415226118484515945507,68236041441178429506636975876079616
NDV2-007-P01,72,80,5185,False,-0.23577569246159685,0.10461689831540089,0.10461689831540093,543201992472713442011453957919389,5192296858534827205192131356393472,-26835986947402042917806591896454303,113819989954108987906592643435462656
NDV2-007-P01,72,81,5187,False,-0.21025802468142993,0.09361066580843765,0.09361066580843769,12151359150062608780783708381823,129807421463370679904623302541312,-15704861248409372078431162603403653,74693278756919816197602175086493696
NDV2-007-P01,72,82,5188,False,-0.2038719477847143,0.09132085197289908,0.09132085197290006,14817655400550309113904725249431,162259276829214041183321929547776,-167028702524599438241526818538393261,819282418888641022308390314413391872
NDV2-007-P01,72,83,5209,False,-0.2286821731241546,0.08335497755673488,0.08335497755673492,108200947027768913648627843012697,1298074214633707244902596135092224,-64585725818425238938723791717385243,282425713102528493338241331500154880
NDV2-007-P01,72,84,5211,False,-0.20648244787793274,0.08909166355352578,0.0890916635535307,231295182395300606750439990708365,2596148429267343819319839572361216,-6396809278143288303150987155932381,30979917876239639750870275876454400
NDV2-007-P01,72,85,5212,False,-0.23846857009420422,0.058581951389596175,0.058581951389626935,173814218381193531520055348983337,2967026776306088708155096862556160,-406970869506662616827834996501410841,1706601710011065795504911287438016512
NDV2-007-P01,72,86,5214,False,-0.21284739287068616,0.10419247216283141,0.10419247216283144,270499122947023498368081373561883,2596148429267413895330041457278976,-37531910647914900382099661325275015,176332489403415583349741468797370368
NDV2-007-P01,72,87,5234,False,-0.21374787350278807,0.12041679851983689,0.12041679851983694,15630994116734261370899470899713,129807421463370706926221066764288,-9714927207874271029464867672019291,45450404014183337145093113792954368
NDV2-007-P01,72,88,5243,False,-0.21756673141846455,0.12730860582567036,0.1273086058256767,330512037046553282631822614806673,2596148429267530601610785136312320,-40101008262919156255847357824319265,184315901615442684609671171676307456
NDV2-007-P01,72,89,5245,False,-0.240169063512803,0.11574943155670206,0.1157494315567021,9390709528891501321174376016915,81129638414606673251539703824384,-395358192241052367528209909772134329,1646166190009632504208656591478587392
NDV2-007-P01,72,90,5247,False,-0.18094256233626224,0.11644063817040094,0.116440638170401,18893573743061355041903675466691,162259276829213367895177637658624,-150827383185939631128767606653553473,833564979065805434754633695609487360
NDV2-007-P01,72,91,5249,False,-0.25359752652661083,0.08158638888261431,0.08158638888261487,211810375347199856537394632041963,2596148429267417678353728448495616,-120000625645581521191012359582855281,473193202193908042420922098934349824
NDV2-007-P01,72,92,5250,False,-0.19092974678742278,0.12743990114581905,0.12743990114581907,661705798371425258884728424673663,5192296858534827763638485150334976,-197647887578621873674576176466788013,1035186454202335076413855725739048960
NDV2-007-P01,72,93,5251,False,-0.21793010061233584,0.13049012038493008,0.1304901203849301,16938586053612597354154119487433,129807421463370688911822557282304,-10465290750558269328009900613760859,48021318400501332480167427606315008
NDV2-007-P01,72,94,5253,False,-0.2179102190719301,0.12062883645162127,0.12062883645162352,313170364278232202682058140378475,2596148429267412806584831540461568,-80498377144977691827653506316798615,369410748554228835258359952154034176
NDV2-007-P01,72,95,5258,False,-0.21339345495958142,0.08489914135035707,0.08489914135035713,3526572359406106914042092630069003,41538374868278623689871350409723904,-8886634735890344603798916585022105,41644364104670177107300130001780736
NDV2-007-P01,72,96,5261,False,-0.22690115967019933,0.10482593503655246,0.10482593503655603,544287373183276122361939204913871,5192296858534911976447917351239680,-13633821355689649929915511495887335,60087050130137720019380336641179648
NDV2-007-P01,72,97,5264,False,-0.1880540309726119,0.11499447463219795,0.11499447463219796,74635681172703034536755446321957,649037107316853427670614183772160,-29834799115869676003798206888556951,158650144118499657736487528277475328
NDV2-007-P01,72,98,5276,False,-0.20386320063744182,0.07715118067330758,0.07715118067330773,2064906355887978179817026168409,26764416796571271421407096995840,-15320026808230717029599574810792147,75148564136773482542595235630809088
NDV2-007-P01,72,99,5277,False,-0.2240350157189477,0.07382182456318949,0.07382182456318952,23956551735672372050838890706437,324518553658426726923893508931584,-61968987737486524767593745390569443,276604027895472910647027301947015168
NDV2-007-P01,72,100,5281,False,-0.1345316188955532,0.21288557354455412,0.21288557354455417,552682547371386606380666235255833,2596148429267413417948480956006400,-95678903999028523765257190031975863,711200123692193832276107781438701568
NDV2-007-P01,72,101,5294,False,-0.18415553780403587,0.15317642696812692,0.153176426968127,99417185068524383459486343143741,649037107316853642717496390713344,-187094762807409245226895905652520945,1015960557246456860189327181926629376
NDV2-007-P01,72,102,5298,False,-0.21172621116342738,0.11189078972501475,0.11189078972501479,9295523135810809820214873906060897,83076749736557323958950764627361792,-6901368461424582361561399341551255,32595720782522997810963475974848512
NDV2-007-P01,72,103,5300,False,-0.22758099045713254,0.06431090446786941,0.0643109044678787,10435040851189160715841389930487,162259276829214045686921556918272,-135195630632063738464672940157863757,594055023490766369292331712700743680
NDV2-007-P01,72,104,5301,False,-0.20857613913704648,0.11760765702320977,0.11760765702320986,152663467025313336781353947967067,1298074214633706452269061717884928,-111460628584441279732927555623959345,534388204928873789275217327088992256
NDV2-007-P01,72,105,5303,False,-0.20602160449033763,0.12540218021796048,0.12540218021796296,162781336599775922465132562516983,1298074214633645527573302649815040,-126830081713682749328737704617669585,615615444930830305745566477185974272
NDV2-007-P01,72,106,5304,False,-0.22727294246923732,0.07603022093634347,0.0760302209363435,5482937185020625995600602516405,72115234146317052866981689032704,-78259101857632554991172656476715383,344339722130474772879937816487788544
NDV2-007-P01,72,107,5309,False,-0.1794211703983188,0.10998583365101049,0.1099858336510142,35692443659342020320837498502179,324518553658424711422322772279296,-79598433302946816543659225078157243,443640140827509913149865601227816960
NDV2-007-P01,72,108,5310,False,-0.21254949629320197,0.0643586182566293,0.06435861825662968,167084525696766772588673721817623,2596148429267375155366046816272384,-2388805368627173977128233531579125,11238819241104811031899812965384192
NDV2-007-P01,72,109,5317,False,-0.20079238986519796,0.10810189032877128,0.10810189032877139,35081069097234728189315389591179,324518553658426758308353412169728,-79562286718565945100061441732002811,396241544671987387518586052453335040
NDV2-007-P01,72,110,5318,False,-0.22522640753496706,0.10194489766954275,0.10194489766954877,264664085956613500671646387127427,2596148429267442051834911777619968,-70481393972642231304375720307445687,312935746496332976711412410140852224
NDV2-007-P01,72,111,5319,False,-0.17296125695308326,0.12724973264046283,0.12724973264046285,5161862398738060298880451552651,40564819207303336344294875201536,-121594197727978619418228048498541939,703014073035799845465835923813957632
NDV2-007-P01,72,112,5320,False,-0.1950209836072124,0.11912080440111288,0.11912080440111295,618510578478040103378224674863471,5192296858534827961796868754636800,-141980908917719539175265261397991081,728028883310732623070680038644908032
NDV2-007-P01,72,113,5323,False,-0.24239752476487972,0.14203236449200146,0.1420323644920015,23046068748815398011253390132331,162259276829213336369980246065152,-20604251979063198954908611076220755,85001907503176328413006094938406912
NDV2-007-P01,72,114,5324,False,-0.24257885270807925,0.09260704113865212,0.0926070411386522,40070270731869082677208370229737,432691404877902341408738131312640,-185863734086733656791338739866235039,766199246190693746508207392823443456
NDV2-007-P01,72,115,5325,False,-0.2483288600307718,0.0653836908655926,0.06538369086559263,169745766340414392831850642416721,2596148429267413976394834749947904,-74785503856814813314241300709172991,301155104757247048475949329499029504
NDV2-007-P01,72,116,5326,False,-0.23967999435825707,0.14008393277513,0.14008393277513004,5818858912636093693681529033606197,41538374868278628612305743125676032,-181583678555253149801409265899270101,757608823554269710661661756145795072
NDV2-007-P01,72,117,5338,False,-0.22197478378783134,0.08131120765345401,0.08131120765345923,187640856916767394186952822493201,2307687492682278665026011790311424,-32821618422913053826316804505750479,147861923155581140496751235960930304
NDV2-007-P01,72,118,5341,False,-0.1942779618656341,0.14851388604353033,0.14851388604355215,385564091976303592507934284539833,2596148429267364189100954169114624,-65601165556223429637841252486169387,337666531634680702907505394799607808
NDV2-007-P01,72,119,5342,False,-0.14853186641535981,0.1217896602258261,0.12178966022582625,79046008774072659126631995563967,649037107316853791899234047361024,-7487015061904342491231124418774451,50406793118504185743391860528775168
NDV2-007-P01,72,120,5345,False,-0.18359109062855541,0.0815102893263539,0.08151028932635393,105806404801873055060954896583083,1298074214633706826067830789636096,-38708147206108342951099242327578773,210838919653368774671388849031086080
NDV2-007-P01,72,121,5358,False,-0.2183453909417906,0.09723849097431718,0.09723849097431721,252445555607307087656175658306079,2596148429267413235552696047501312,-8198567984296397366574950572635601,37548619409521132318127048307507200
NDV2-007-P01,72,122,5369,False,-0.23083295051044697,0.1181801350827843,0.11818013508278435,9818021506105003125694430431614621,83076749736557271753223884148572160,-75939980231992705992190689051344915,328982409417999602463669126653018112
NDV2-007-P01,72,123,5382,False,-0.2173689027921948,0.15542025902820344,0.15542025902820353,100873515338101297903992173101021,649037107316853765440586236559360,-134120785636580574647245211222983143,617019196001556682247922935046078464
NDV2-007-P01,72,124,5390,False,-0.25473596812441046,0.11061071539604286,0.11061071539604292,255254964476072504838435982351985,2307687492682145178333056528809984,-339388821548370845693789167080243331,1332316060614639053869333825445691392
NDV2-007-P01,72,125,5394,False,-0.23348594972598682,0.10307528497802698,0.10307528497802705,66899684797998956070279713914655,649037107316853530127505706450944,-51041510882202394505302798616223357,218606348442394131643508343688921088
NDV2-007-P01,72,126,5395,False,-0.23032157516427135,0.10695294043294679,0.10695294043294688,2221325666484207621612331281380067,20769187434139302454930452137377792,-126432908758027684976214369751414559,548940795788898345002451539163348992
NDV2-007-P01,72,127,5405,False,-0.14838803861767239,0.225727471245283,0.2257274712452838,293011009957973359789364673316389,1298074214633706839578629671747584,-1466653288408636114533222012777377,9883905078006495598994075552841728
NDV2-007-P04,75,0,4780,False,-0.15774119269555176,0.27515399420281866,0.2751539942028188,2857362439425211538238989757216739,10384593717069656112744921858834432,-54886631590428476625097268788084719,347953699680478310257191052273254400
NDV2-007-P04,75,1,4789,False,-0.15741368969565442,0.1299188390519086,0.12991883905190862,84322147484214593564488176301045,649037107316853318458323220037632,-272128916271256169103049752534547825,1728750001333388291242166080851935232
NDV2-007-P04,75,2,4790,False,-0.15283719246784405,0.14222995668110863,0.14222995668110872,46156259829054058997977086010753,324518553658426724531356206891008,-34279457608830950012713083516984985,224287407111610780253930999708123136
NDV2-007-P04,75,3,4791,False,-0.14082372494030126,0.11677990872322012,0.11677990872322014,151588988300889957481109339349553,1298074214633706988197417374973952,-63939892485176055863874923301691479,454042048044687003075089458402426880
NDV2-007-P04,75,4,4792,False,-0.1897921268974226,0.12208601083064179,0.12208601083064184,39619175656686898714874989896167,324518553658426772945052201123840,-16925335767642652771842140597165113,89178281756599577150473815002710016
NDV2-007-P04,75,5,4794,False,-0.19279784130810082,0.1430399809963306,0.14303998099633064,185676510993032208504140498866355,1298074214633706920643422964416512,-281042279254351712636467226503818139,1457704491645379708881794662574063616
NDV2-007-P04,75,6,4810,False,-0.17866505294407006,0.09383876720138362,0.09383876720138365,121809684037131268776180215607907,1298074214633706608206198815588352,-36369196820737360593895057475431613,203560775996425577181711143029178368
NDV2-007-P04,75,7,4811,False,-0.1621369837398181,0.07861827957235658,0.07861827957235663,3265675568375679782494978123629399,41538374868278630954177549358333952,-23288625017484255855598415159966803,143635489450424283047581358468628480
NDV2-007-P04,75,8,4819,False,-0.18437004314290326,0.11065878886471203,0.11065878886471206,147090760138627316299615449808454887,1329227995784915706748002408073265152,-204183440780997365363276184591636903,1107465384833353666865275473422712832
NDV2-007-P04,75,9,4822,False,-0.07837893252921799,0.31137013703728844,0.31137013703728855,6466904737521087370047446970557005,20769187434139313297346555031846912,-32088801401106146645499836829380461,409405950880284447144409153335721984
NDV2-007-P04,75,10,4829,False,-0.07515004429044465,0.24831349910366018,0.2483134991037237,107443116777313435110569544464797,432691404877914275947750663127040,-58389955792759304851533367623670683,776978328410427923414062212912775168
NDV2-007-P04,75,11,4830,True,0.10517487856140703,0.34828395020318215,0.3482839502031843,226049207564760651554026594750347,649037107316854257458845526786048,1004878823891909081028880725154849409,9554361627384281369171229919575801856
NDV2-007-P04,75,12,4836,False,-0.13309628336024648,0.07689052589927721,0.07689052589927839,99809609019477004078967611040077,1298074214633707537636571914174464,-93803517280825724870315900105911641,704779389120366550131670783778357248
NDV2-007-P04,75,13,4839,False,-0.16442858625638798,0.13415940271435298,0.13415940271435306,43537215328540245738583779619267,324518553658426807566474336534528,-81833446881808514537248572054230647,497683819735628937973867736754814976
NDV2-007-P04,75,14,4846,False,-0.13265964582704803,0.10800330867181332,0.10800330867181339,140196310082005886991024729160625,1298074214633706704470640850632704,-86340617813015323926561262776922065,650843120187279295934686512742924288
NDV2-007-P04,75,15,4850,False,-0.17796828807594542,0.12456348178155091,0.12456348178155094,53897547928542255106264840460641,432691404877902314387140367089664,-64022244850405355038619001008249861,359739622955100718087870931397509120
NDV2-007-P04,75,16,4852,False,-0.14960807615810695,0.18916254641812638,0.18916254641812644,61386755969955382008300736205227,324518553658426735790355275317248,-32019446651346833790696604890483941,214022180310028429200960190721032192
NDV2-007-P04,75,17,4858,False,-0.1357222529890812,0.0840030620449825,0.08400306204498252,697870136261550057456964118784969,8307674973655723811133466769096704,-61424184393601830810114643291437777,452572684588012169537499039751208960
NDV2-007-P04,75,18,4860,False,-0.13194491910064338,0.1044827229348567,0.1044827229348568,271252657032910628857468718332375,2596148429267413787243650400387072,-597044509578275827975443387108401119,4524952636659463555878462282413375488
NDV2-007-P04,75,19,4865,False,-0.17822920872501777,0.0752195319088101,0.07521953190881271,390562139230574925027615391551419,5192296858534827772645684405075968,-94733003502153826215625920761846027,531523447698818698014648069380898816
NDV2-007-P04,75,20,4869,False,-0.1255559282871319,0.08510852486199692,0.08510852486199702,3535269810203838218397366541852115,41538374868278607607517081069682688,-799171339168790325885588538728151,6365062566708740269595960633458688
NDV2-007-P04,75,21,4877,False,-0.18009282703350232,0.13690427044030462,0.13690427044030476,44427975832949754283904920687439,324518553658426693006158815297536,-683240110953492795980722187571656867,3793821898450130661063917779191595008
NDV2-007-P04,75,22,4884,False,-0.17610288424042883,0.1421926820030246,0.14219268200302468,184576654017736567783602183581899,1298074214633706790039033770672128,-78452179440833320090650864136761611,445490599311959786124814606422507520
NDV2-007-P04,75,23,4893,False,-0.16519253587524627,0.09080070734134651,0.09080070734134658,471464227481213733875079184732573,5192296858534827569983701173403648,-69829758735817277301890427025494393,422717396799046982613489951470256128
NDV2-007-P04,75,24,4905,False,-0.12245228026431487,0.1422076334749592,0.14220763347495927,92298031068962861579265473427307,649037107316853489595109060116480,-9600364701176385713088917163406721,78400865059057054762165432030855168
NDV2-007-P04,75,25,4913,False,-0.15868117858187358,0.16760180715584114,0.16760180715584116,72519861398336154804950020372189,432691404877902296372741857607680,-64992264389125640465471896050024923,409577651048212069078709996363972608
NDV2-007-P04,75,26,4924,False,-0.1541197161838543,0.07874386007554815,0.07874386007554816,408861497299174632965595002300827,5192296858534826619724179798228992,-17584599502947375986954456437311805,114097014569960324628233351168262144
NDV2-007-P04,75,27,4926,False,-0.17141124530516258,0.095233290332973,0.09523329033297312,247239757111915434011038009374099,2596148429267413827776047046721536,-286392246287118134259895671494776937,1670790301868792041512688671044665344
NDV2-007-P04,75,28,4928,False,-0.15098107865613136,0.27857681029500525,0.27857681029500536,578581398782163221366599893318235,2076918743413930671308389981618176,-72487261213026322949186792174944227,480108248386014633686924375193812992
NDV2-007-P04,75,29,4929,False,-0.15450889012995797,0.12885860943682279,0.12885860943682298,83634019121747648022541991447527,649037107316853390515917257965568,-4933643928764288692151885699863763,31931133053991802703021417680601088
NDV2-007-P04,75,30,4935,False,-0.1464204592862337,0.0950068105420414,0.09500681054204145,61662945489606890470622879776983,649037107316853516616706824339456,-27575094853312363120469807608536433,188328154328532024283264302266187776
NDV2-007-P04,75,31,4936,False,-0.11694985671082096,0.12481681106389125,0.12481681106389135,316448210927430560069874824471,2535301200456459295574615654400,-8238687205270368030141081846001507,70446321500350077436576602750189568
NDV2-007-P04,75,32,4942,False,-0.14913329941670675,0.11782547590071127,0.11782547590071132,76473106046829295807549951003309,649037107316853692257092291788800,-74492450084785758328599468034703683,499502461060958066800136604876800000
NDV2-007-P04,75,33,4951,False,-0.10623001270897127,0.1296137797220085,0.1296137797220085,14020692109862702419654481511343,108172851219475565085986209660928,-905940460457492804695086310612825,8528102721209454521663152262742016
NDV2-007-P04,75,34,4961,False,-0.15479994522775067,0.09802202491112649,0.09802202491112653,16286702464424464256253266366981787,166153499473114419180076455107231744,-80702638234269187108278845372820745,521335056776246096733987743566135296
NDV2-007-P04,75,35,4964,False,-0.07785337493722512,0.12430697431063477,0.12430697431063524,5163509697656630660595944954658799,41538374868278646930697227455168512,-79495634709532583487735561169491643,1021094265645280665709548106671980544
NDV2-007-P04,75,36,4971,False,-0.13484795056071872,0.12433505608312066,0.12433505608312075,80698065138267370432110021675883,649037107316853419789314835873792,-184191796161965375884154197454180637,1365922102605692565484799739343929344
NDV2-007-P04,75,37,4976,False,-0.15010850320192382,0.1015711897614818,0.10157118976148181,131846942379046667437291518845125,1298074214633706665064144111140864,-84044242178019709409890979475304399,559889948838971419607187408847634432
NDV2-007-P04,75,38,4977,False,-0.1430450037047665,0.14256914305527024,0.14256914305529006,7117897246250084890271790358281,49925931332074196374270741839872,-5116541597719853790751809841550151,35768754344471813922899923224756224
NDV2-007-P04,75,39,4990,False,-0.12226116669081764,0.1218110737535633,0.12181107375356337,9882488368521577122550697219707,81129638414606687606763516067840,-193144354927396678080279903759457285,1579768622818995836577670811885764608
NDV2-007-P04,75,40,5000,False,-0.15506372529561133,0.09877144680339023,0.09877144680339064,64106334118772980291452697159969,649037107316854635761214225907712,-157943023291730435650758641481535945,1018568482026534867062657321734766592
NDV2-007-P04,75,41,5014,False,-0.17872572976776452,0.0960770313744643,0.09607703137446445,249430234091491495990866391571603,2596148429267413417948480956006400,-101833311149864513437736245926028373,569774208124293585300751548858499072
NDV2-007-P04,75,42,5019,False,-0.19285181907360777,0.07722258918633633,0.0772225891863365,400962607240139727996967878284773,5192296858534827889739274716708864,-328787454661907545600071293838221595,1704870901613926745053811671193092096
NDV2-007-P04,75,43,5020,False,-0.1613296155984446,0.10150848112113318,0.10150848112113323,131765541909975393656372414103355,1298074214633706614398648303222784,-11017350817954691676258071084288685,68290938257593610926005210803339264
NDV2-007-P04,75,44,5028,False,-0.13362789576811326,0.11686448145492753,0.11686448145492928,2370293280987195693096099218935,20282409603651679712621482737664,-31296398378505148623130739894491745,234205576602166327149118683132985344
NDV2-007-P04,75,45,5031,False,-0.15677257435171893,0.0807349721847413,0.08073497218474136,3353599539589831252877719884423725,41538374868278620938171978086350848,-3641581999546083988403558634352597,23228437847656967259682250445291520
NDV2-007-P04,75,46,5035,False,-0.12835663738714476,0.11387489040275517,0.11387489040275527,59127223570422352577116888651183,519229685853482823201284639686656,-64736984079557233406793005197737053,504352446413034576903381013671968768
NDV2-007-P04,75,47,5049,False,-0.17365220659405914,0.10744318796157079,0.1074431879615709,557876927323831045478585846836689,5192296858534827956167369220423680,-142014008340307005173388900151024631,817807104935259023816468389712363520
NDV2-007-P04,75,48,5050,False,-0.12580982922557024,0.11904312870292295,0.11904312870292297,618107263194343948054375689880109,5192296858534827097105740299501568,-22821855075903866498878996155824123,181399618904064399433018680547475456
NDV2-007-P04,75,49,5074,False,-0.16326978991450594,0.08235887272091874,0.08235887272091891,244360980629311957426525065775187,2967026776305614551171928787255296,-37182895882701153841105201781067267,227738982834310514795904286792351744
NDV2-007-P04,75,50,5075,False,-0.16382074080486067,0.09546459795667987,0.09546459795668007,123920133017939820037395315851731,1298074214633707037737013276049408,-91702534111759925622853878706838235,559773650523249513296508881792401408
NDV2-007-P04,75,51,5080,False,-0.1425589287235238,0.13359653676406036,0.13359653676406097,28903036589631820796953271989269,216345702438951323826756396253184,-3018096339255184506388650040054039,21170868540324300624995288684167168
NDV2-007-P04,75,52,5081,False,-0.14931825421340184,0.06761017937050627,0.06761017937050653,2808416975603647655421725384231235,41538374868278623577281359725461504,-59206718791409292413697125721074795,396513601791731115083565279165284352
NDV2-007-P04,75,53,5082,False,-0.141366348278671,0.13771842872217538,0.1377184287221754,39726386934250213739391645275975,288460936585268248622623681937408,-80573801915750250388008043437055529,569964513456326005146336053577121792
NDV2-007-P04,75,54,5091,False,-0.1291035942242162,0.0966086917961037,0.09660869179610382,2006484027680274480940343267510745,20769187434139312126410651915517952,-50527375227522770444678725075178813,391370786624043198613432659242647552
NDV2-007-P04,75,55,5096,False,-0.1721791294202075,0.09656022114032753,0.09656022114032758,250684666443175504455342560296049,2596148429267414354697203449069568,-90449781983497226790819046158388851,525323727028217586504124998659080192
NDV2-007-P04,75,56,5097,False,-0.13848312756663825,0.13482398489352504,0.13482398489352504,350023076608898501159819664775607,2596148429267413643128462324531200,-111337932876134435328263838214316855,803981935074065222724115054343487488
NDV2-007-P04,75,57,5107,False,-0.15310945106229376,0.08688755305978119,0.08688755305978133,112786492199519975354993574078253,1298074214633706667315943924826112,-26370507483754370036147094994023323,172233048324530433743121853464969216
NDV2-007-P04,75,58,5109,False,-0.16326344203458495,0.12354664245965177,0.1235466424596518,5131926748206203866523904160090307,41538374868278625216591624088322048,-8280687198426634349675043036287135,50719788185480573029393036847611904
NDV2-007-P04,75,59,5110,False,-0.17395826565286995,0.10502588446876868,0.10502588446876868,136331392498007303324215287709591,1298074214633706654931044949557248,-159021090742652335251271918766727241,914133571899225390777324661301575680
NDV2-007-P04,75,60,5112,False,-0.15653972703832375,0.09577499664851438,0.0957749966485144,24864610711213244914350127344991,259614842926741391334443996676096,-193488366575402934890625510934354423,1236033626965719041977675107102883840
NDV2-007-P04,75,61,5114,False,-0.18605906012517864,0.07207659317443293,0.07207659317444043,748486136627037458675538123666003,10384593717070149274918517437628416,-112375465049166555805870101664713539,603977387468051700426967086819966976
NDV2-007-P04,75,62,5120,False,-0.15943224791022884,0.1102074814896509,0.11020748148965091,71528744990718691554344842575333,649037107316853462573511295893504,-44304071164610509113455644492698341,277886511325843616177917839682830336
NDV2-007-P04,75,63,5122,False,-0.17366156456020387,0.09216986289569243,0.09216986289569257,319048859709926418254755377962333,3461531239023218920421089400061952,-322200836631957671551878146950355401,1855337635866220499984977713629757440
NDV2-007-P04,75,64,5123,False,-0.15325171938394005,0.08263276268008171,0.08263276268008184,286035889383894791774607119566753,3461531239023218352967536351379456,-120916137706882375684829768520348781,789003465624763083455714136005017600
NDV2-007-P04,75,65,5124,False,-0.15263259002065363,0.09751944244708866,0.09751944244709995,253174947332016522544044512673475,2596148429267140603393853733470208,-148413033583544956789188203932915467,972354813368902985216806830158643200
NDV2-007-P04,75,66,5125,False,-0.1680065503817866,0.08632837638045275,0.08632837638046126,112060639370666291833669232638745,1298074214633788306318189083492352,-111817976832085336888848368795637893,665557245107315721741713265670488064
NDV2-007-P04,75,67,5126,False,-0.15744230625987687,0.10037195123326073,0.10037195123326077,1042321934146941463482843569900331,10384593717069657049493644351897600,-35275090074355638543254355814060953,224050897832568517001123650821160960
NDV2-007-P04,75,68,5127,False,-0.16201727703236524,0.07689208725172438,0.07689208725172685,399246543083312688136413140541095,5192296858534806056288281224544256,-109256362068011085961679036286148859,674350069753274463310543123738787840
NDV2-007-P04,75,69,5128,False,-0.1114361109827398,0.12361763146094912,0.12361763146094915,160464859873550548743129080648129,1298074214633706943161421101268992,-47825516564942264686868244087905139,429174314709797249959878526416977920
NDV2-007-P04,75,70,5129,False,-0.1665849672406705,0.0983878449714495,0.09838784497145127,255429449181637209441119984028389,2596148429267441805262832179085312,-48250230877494549727701589208017767,289643367446150952703277329247371264
NDV2-007-P04,75,71,5134,False,-0.18537902102624634,0.0980720606752174,0.09807206067521741,2036877010215873260587256937820745,20769187434139310815863160350703616,-29243236095651051343473525911666671,157748357574456793530920863625379840
NDV2-007-P04,75,72,5135,False,-0.14086643829240403,0.11986831451800317,0.11986831451800323,19916539933110169504235052295185933,166153499473114548937788918905962496,-992282497957842559347313167189993,7044137056252593932778341912281088
NDV2-007-P04,75,73,5146,False,-0.14446049783750944,0.09238457902676947,0.09238457902676964,239844079728878815760466014450185,2596148429267413751214853381423104,-9828052189057105417125591500661651,68032800219972887212569338945994752
NDV2-007-P04,75,74,5147,False,-0.10950991330465695,0.09599398685914846,0.09599398685914878,124607319101747574117904421673471,1298074214633707508363174336266240,-222256780653044835238577885127725793,2029558548135507384073488174564769792
NDV2-007-P04,75,75,5154,False,-0.14791189135585525,0.09928529821455745,0.0992852982145575,515518742018140246105737496577959,5192296858534828195984049377902592,-78025087853829122146555239737288093,527510581729441265495828065853374464
NDV2-007-P04,75,76,5156,False,-0.1611352516945939,0.09996564461704115,0.09996564461704117,4055088300831810178284623899991,40564819207303339299782130663424,-51176684018978613744387597086474423,317600794865023313862014181729894400
NDV2-007-P04,75,77,5157,False,-0.13365608641252838,0.16003449770240483,0.16003449770240485,51934163729837236415168240212623,324518553658426753804753784799232,-57750470683440636558526643844142275,432082610179040415669904568936824832
NDV2-007-P04,75,78,5160,False,-0.14767784296204783,0.11518062035247355,0.11518062035247358,49837664435020087307919957867851,432691404877902323394339621830656,-42571437668198827219381225688181299,288272342108486698558722069648900096
NDV2-007-P04,75,79,5162,False,-0.13232894425326078,0.13561642003441532,0.13561642003443133,1408321423420866163611147331193879,10384593717069636404992952485543936,-94682864425246820646144110928067407,715511371752772838479045558810968064
NDV2-007-P04,75,80,5165,False,-0.1541190040257516,0.0938291987100275,0.09382919871002753,121797263425228976918447357266463,1298074214633706965679419238121472,-108562925680207361256892456154296349,704409727836469007703627916568952832
NDV2-007-P04,75,81,5168,False,-0.12645121223953104,0.17549669665380171,0.17549669665380174,455615473359387230487469755262831,2596148429267414300654007920623616,-450824484594991139074241516560153,3565204924576079768321147063500800
NDV2-007-P04,75,82,5174,False,-0.19603054961175928,0.07483862680280313,0.07483862680280315,388584366845255135522024029321349,5192296858534828817480797955031040,-9521564951781731870303326460036227,48571842351303398495055109133697024
NDV2-007-P04,75,83,5175,False,-0.1860397642523109,0.08767638577415089,0.08767638577415095,113810455605702845846052461982389,1298074214633707042240612903419904,-166254939862843113317736473206098949,893652711994220743920995166335270912
NDV2-007-P04,75,84,5176,False,-0.1454617629768553,0.09447280673684197,0.09447280673684208,61316357204584062973122670873851,649037107316853528438655846187008,-29205595837903389383130176978900605,200778508662447211523662599497449472
NDV2-007-P04,75,85,5185,False,-0.1553470257331907,0.09207429622053387,0.09207429622053391,478077079017683115469252366881939,5192296858534827430372112724918272,-1509345431091948585420530592788219,9715959632753168578421924594450432
NDV2-007-P04,75,86,5187,False,-0.1310021888529917,0.1661903685391319,0.1661903685391319,17977286010093331104157138437513,108172851219475578596785091772416,-67465707077512880197870263925460381,514996792559105086753707215655272448
NDV2-007-P04,75,87,5188,False,-0.17613593523119367,0.08006639483322882,0.08006639483322908,237559137352447642962136190952553,2967026776305617199288509681106944,-79614482078974142513947857881349725,452005900865562982040820680390344704
NDV2-007-P04,75,88,5211,False,-0.11626862618892515,0.07927048992274266,0.07927048992274671,205797957900186348773270772101865,2596148429267409040449643151884288,-24053386934327256607074621003579679,206877708310089205691067920436690944
NDV2-007-P04,75,89,5214,False,-0.11465902182252717,0.08137590748754495,0.08137590748754497,422527868808000320894665466428313,5192296858534827169163334337429504,-206945823707791593860563852402381303,1804880422127696421817590915711107072
NDV2-007-P04,75,90,5234,False,-0.16238037455750579,0.12031441382692337,0.12031441382692351,312354076474996728065607373649549,2596148429267413854797644810944512,-47038647172363649525580301648679593,289681849180026777816214895476080640
NDV2-007-P04,75,91,5243,False,-0.1345614300517409,0.1731644391551203,0.17316443915512034,28097536669846151487438856904901,162259276829213434323272141373440,-59879370331578655254408026853477131,444996536589676105829976068725932032
NDV2-007-P04,75,92,5245,False,-0.17919527081452175,0.12038221839297705,0.12038221839297707,156265053596327096514409999308091,1298074214633707024226214393937920,-36065507762673240761996952237987167,201263725313394497712476004707991552
NDV2-007-P04,75,93,5247,False,-0.11550741488069934,0.12219841491087254,0.12219841491087256,14099787685770199944852994971843,115384374634107294044729919930368,-55859114758512471622367834365528657,483597653156777819269510501941379072
NDV2-007-P04,75,94,5250,False,-0.12583045387090278,0.12247548936513752,0.12247548936513755,22711753524218540894343274511455,185439173519100962928491124228096,-36269827439936124527262474050322031,288243635178711017249220375391240192
NDV2-007-P04,75,95,5251,False,-0.18250075014392747,0.11825631916324093,0.11825631916324104,153505478623297068123435343138673,1298074214633707836000047227469824,-7169040651547187018064880007958353,39282253064129282340377164928516096
NDV2-007-P04,75,96,5253,False,-0.1768101978536682,0.16842559826697415,0.1684255982669742,145752617463076474719993316483817,865382809755804627648380827336704,-9794890402624616086110436192015255,55397768463169026161248017053646848
NDV2-007-P04,75,97,5258,False,-0.1685860024454156,0.07677582476836413,0.07677582476836421,265761915837464912305713593549871,3461531239023217785513983302696960,-148770598687567020989581522379635433,882461156499251048953828226401042432
NDV2-007-P04,75,98,5259,False,-0.13780615607955934,0.09298356634496723,0.09298356634496724,61798179766827259800422143963604003,664613997892457875833452545733296128,-1505244637468811972848440838363533,10922912882061612009010085855494144
NDV2-007-P04,75,99,5261,False,-0.14149786728208388,0.11500095599772117,0.11500095599772121,2388476410221878543948547203683977,20769187434139311608496694767910912,-53190189179403721359572216770019621,375908062793385525957834765653508096
NDV2-007-P04,75,100,5264,False,-0.11463742284985214,0.09719926317076112,0.09719926317076115,2018749715253771878067336207746233,20769187434139310689762370784329728,-43566403080937161556524028415737999,380036483705664157935716821429649408
NDV2-007-P04,75,101,5276,False,-0.1450095846311281,0.07894863574623111,0.07894863574624413,34160396114228902234429691758035,432691404877881905199529030844416,-39608957808549630697691013479578337,273147170990841408245613380335828992
NDV2-007-P04,75,102,5277,False,-0.16272539083525087,0.06832179369991098,0.06832179369991104,88686758699378085876215124323031,1298074214633706741625337776439296,-39094120159329733064515650516082441,240245974882371295145140181348122624
NDV2-007-P04,75,103,5281,False,-0.11380664254209115,0.21044173632018268,0.21044173632018273,1092675966399898882360463127514637,5192296858534827056573343653167104,-150386942442184463301381493417257347,1321424998427171434497260604174106624
NDV2-007-P04,75,104,5285,False,-0.18814566273080702,0.11306288107172058,0.11306288107172062,1174112084411182929001407609595631,10384593717069653648150025780330496,-24475555182007476818093419675696257,130088330641064746113071462383353856
NDV2-007-P04,75,105,5294,False,-0.08263322265181917,0.13788571150093867,0.1378857115009388,715943546663163740333330809935659,5192296858534829497524341687975936,-61272072228890753673397903058187017,741494404581857930725209890587934720
NDV2-007-P04,75,106,5298,False,-0.14220532076632786,0.11274831076956034,0.1127483107695605,2341690799255587272164731539890295,20769187434139317260514227117883392,-49457678151717968818806477304566621,347790630373014984279637780389167104
NDV2-007-P04,75,107,5301,False,-0.18234138279087853,0.14624857790750484,0.14624857790750542,1518732063268647462405311318731701,10384593717069659796689417047900160,-8049270758973983199771969018516663,44143960278097884660984214208905216
NDV2-007-P04,75,108,5303,False,-0.15721084787243503,0.2526975241076359,0.25269752410765584,41002517518229175230704198740443,162259276829179577387173476827136,-17277494124314715285073617065358557,109900139577735266947597350517866496
NDV2-007-P04,75,109,5304,False,-0.15882811521639195,0.0821118400718813,0.08211184007188134,426349049253743468522970569152617,5192296858534828146444453476827136,-2110939668556954717271351311158347,13290717866172185552726606447902720
NDV2-007-P04,75,110,5309,False,-0.16200528950058926,0.11523883345693389,0.11523883345695451,4786833863517689932399573009297883,41538374868282452069310188874629120,-156810030421429053970414608726214521,967931546586068028876834428885663744
NDV2-007-P04,75,111,5317,False,-0.17437729827988738,0.08928021906978527,0.08928021906978753,231784700502677678101971811733305,2596148429267459111470300257058816,-168119824406299325896121438767771441,964115318133072655946377903965470720
NDV2-007-P04,75,112,5318,False,-0.145059647058215,0.09404213886024673,0.09404213886024737,139512772049701467362697100618475,1483513388152807766478323777011712,-62303010978818091737268227067054805,429499259389586080702190847428395008
NDV2-007-P04,75,113,5319,False,-0.09871474621788068,0.12274817158094914,0.12274817158094922,106224157615109387287199851175305,865382809755804700831874772107264,-325871520781330950972584127361943119,3301143276629366135609572596455047168
NDV2-007-P04,75,114,5320,False,-0.1310212801865792,0.08387083549670053,0.0838708354967006,870964551344419271852397467079271,10384593717069659589523834188857344,-214063869865696307270198242091209867,1633809939582802023416398553708232704
NDV2-007-P04,75,115,5323,False,-0.1382859582349884,0.09209001551337223,0.09209001551337233,478158698252506295481158685411841,5192296858534828808473598700290048,-29732185304735931848931500620252361,215005092955368838468224990029283328
NDV2-007-P04,75,116,5324,False,-0.12679190825086295,0.0749656272718161,0.07496562727181633,778487581963087121387990930472543,10384593717069654581521048552865792,-254119526427392718249437377550546749,2004225111310785643878685364983955456
NDV2-007-P04,75,117,5325,False,-0.1347469086868448,0.07682457514845692,0.07682457514845696,19944800010080284745380205284163,259614842926741427363241015640064,-35871920293247932472137822316930835,266217018578253061304487626349215744
NDV2-007-P04,75,118,5326,False,-0.1654964601947093,0.10522259475710193,0.10522259475710205,273173474102091737659607628880945,2596148429267413517027672758157312,-39534082393413809723811669096566561,238881740110340238244097708783566848
NDV2-007-P04,75,119,5341,False,-0.09490316547187067,0.1758480961550933,0.1758480961551033,456527758622711138315527215605681,2596148429267416678554611172245504,-89967281648921670085248887042988567,947990314143820638622188499185434624
NDV2-007-P04,75,120,5342,False,-0.11465537953624291,0.11389548971689452,0.11389548971689469,13440436214961758868021502178509,118006746784882494414307282911232,-51649384692822416154990303655658767,450475022643799164073853125979537408
NDV2-007-P04,75,121,5345,False,-0.12827476487911846,0.09204375199923673,0.09204375199923683,3823347874827161819794907531370057,41538374868278587589016737407827968,-27097145742201901866727620079844345,211242996763527752991900273051959296
NDV2-007-P04,75,122,5358,False,-0.1705912917971525,0.08229114037069876,0.08229114037069879,1709120118528110828790124515136177,20769187434139311171647530912972800,-109194747806891261947029670650817949,640095673445823189213984900838850560
NDV2-007-P04,75,123,5369,False,-0.15784647314999575,0.17721713487191917,0.1772171348719192,920163972674008914789492231908185,5192296858534828146444453476827136,-44736995838769256540801193494396181,283420940271863544347670672666787840
NDV2-007-P04,75,124,5382,False,-0.18000358628626334,0.17204346945037954,0.1720434694503796,446650382979319066821577947227395,2596148429267413471991676484452352,-165243907837828738010907322634144293,918003420082075603878331908291035136
NDV2-007-P04,75,125,5394,False,-0.11309591941596525,0.10480207522648638,0.10480207522648646,68020435745801996386282763480543,649037107316853559400903284359168,-101833431679238137436699426726216931,900416497828680793492586998829940736
NDV2-007-P04,75,126,5395,False,-0.15524031917403883,0.12611589507221746,0.12611589507221746,32741558289739131293686718077693,259614842926741382327244741935104,-33540192010057853928334454845718761,216053356425119049042401018008043520
NDV2-007-P04,75,127,5405,False,-0.10934662417443902,0.1709092961473393,0.1709092961473396,55463237592514266667793737330487,324518553658426708768757511094272,-116092301639120157185980846990371191,1061690770205396198105412009078030336
