query_id,identity,fold,seed,model,operating_point,target_in_C128,target_physical_row,target_B_CAL_rank,target_final_rank,raw_physical_row,B_CAL_selected,B_CAL_correct,selected,correct,action,changed_vs_B_CAL,transition_vs_B_CAL,failure_class,target_base_logit,target_residual,target_final_logit,base_strongest_wrong_row,base_strongest_wrong_logit,final_strongest_wrong_row,final_strongest_wrong_base_logit,final_strongest_wrong_residual,final_strongest_wrong_logit,strongest_wrong_changed,target_vs_base_strongest_wrong_margin,target_vs_final_strongest_wrong_margin,base_margin_against_final_wrong,residual_margin_against_final_wrong,main_epoch,evidence,margin_change_vs_B_CAL
H593-0091cc1b5a6f73a4ad8d88ae,anti caries toothpaste carton,4,0,TOKEN_QR,fixed0,True,3144,1,1,3144,3144,True,3144,True,HOLD,False,correct_unchanged,correct,0.0,0.0,0.0,4023,-3.958471992328417,4023,-3.958471992328417,-6.983197737885096,-10.941669730213512,False,3.958471992328417,10.941669730213512,3.958471992328417,6.983197737885096,6,observed_candidate_score_arithmetic,6.983197737885095
H593-0091cc1b5a6f73a4ad8d88ae,anti caries toothpaste carton,4,0,TOKEN_QRR_ANCHOR,fixed0,True,3144,1,1,3144,3144,True,3144,True,HOLD,False,correct_unchanged,correct,0.0,0.0,0.0,4023,-3.958471992328417,4023,-3.958471992328417,-13.384650897396098,-17.343122889724516,False,3.958471992328417,17.343122889724516,3.958471992328417,13.384650897396098,6,observed_candidate_score_arithmetic,13.3846508973961
H593-0091cc1b5a6f73a4ad8d88ae,anti caries toothpaste carton,4,0,TOKEN_QRR_MULTI,fixed0,True,3144,1,1,3144,3144,True,3144,True,HOLD,False,correct_unchanged,correct,0.0,0.0,0.0,4023,-3.958471992328417,4023,-3.958471992328417,-6.645360335929718,-10.603832328258136,False,3.958471992328417,10.603832328258136,3.958471992328417,6.645360335929718,4,observed_candidate_score_arithmetic,6.645360335929719
H593-00db0e83284b1620da33639a,60 mg Comfor-trate Tab,0,0,TOKEN_QR,fixed0,True,64,1,1,64,64,True,64,True,HOLD,False,correct_unchanged,correct,0.0,0.0,0.0,16,-1.3930903887294936,15,-1.666822161239065,0.4728441796462306,-1.1939779815928344,True,1.3930903887294936,1.1939779815928344,1.666822161239065,-0.4728441796462306,5,observed_candidate_score_arithmetic,-0.19911240713665923
H593-00db0e83284b1620da33639a,60 mg Comfor-trate Tab,0,0,TOKEN_QRR_ANCHOR,fixed0,True,64,1,1,64,64,True,64,True,HOLD,False,correct_unchanged,correct,0.0,0.0,0.0,16,-1.3930903887294936,15,-1.666822161239065,-1.283589677048707,-2.950411838287772,True,1.3930903887294936,2.950411838287772,1.666822161239065,1.283589677048707,5,observed_candidate_score_arithmetic,1.5573214495582783
H593-00db0e83284b1620da33639a,60 mg Comfor-trate Tab,0,0,TOKEN_QRR_MULTI,fixed0,True,64,1,1,64,64,True,64,True,HOLD,False,correct_unchanged,correct,0.0,0.0,0.0,16,-1.3930903887294936,15,-1.666822161239065,-1.528438759715535,-3.1952609209546,True,1.3930903887294936,3.1952609209546,1.666822161239065,1.528438759715535,5,observed_candidate_score_arithmetic,1.8021705322251063
H593-00f945a36392a04124513f2c,tul01-0001-02,3,0,TOKEN_QR,fixed0,True,499,21,2,1403,1042,False,512,False,SWITCH,True,wrong_to_different_wrong,target_beats_RAW_but_wrong_challenger_wins,-3.9474157155803944,5.772558747282314,1.82514303170192,1042,0.7534443952416923,512,-3.7869556702088345,6.194024666424292,2.407068996215458,True,-4.700860110822086,-0.581925964513538,-0.1604600453715599,-0.42146591914197806,6,observed_candidate_score_arithmetic,4.118934146308549
H593-00f945a36392a04124513f2c,tul01-0001-02,3,0,TOKEN_QRR_ANCHOR,fixed0,True,499,21,2,1403,1042,False,512,False,SWITCH,True,wrong_to_different_wrong,target_beats_RAW_but_wrong_challenger_wins,-3.9474157155803944,8.031120713140027,4.083704997559632,1042,0.7534443952416923,512,-3.7869556702088345,8.871985190928509,5.085029520719674,True,-4.700860110822086,-1.0013245231600418,-0.1604600453715599,-0.8408644777884824,6,observed_candidate_score_arithmetic,3.6995355876620444
H593-00f945a36392a04124513f2c,tul01-0001-02,3,0,TOKEN_QRR_MULTI,fixed0,True,499,21,5,1403,1042,False,512,False,SWITCH,True,wrong_to_different_wrong,target_not_above_RAW_and_wrong_challenger_wins,-3.9474157155803944,3.301472635160267,-0.6459430804201274,1042,0.7534443952416923,512,-3.7869556702088345,4.2462560859900655,0.45930041578123104,True,-4.700860110822086,-1.1052434962013584,-0.1604600453715599,-0.9447834508297985,5,observed_candidate_score_arithmetic,3.595616614620728
H593-01371ddf81e97f382dca84d8,60 mg Comfor-trate Tab,0,0,TOKEN_QR,fixed0,True,64,1,1,64,64,True,64,True,HOLD,False,correct_unchanged,correct,0.0,0.0,0.0,15,-1.2279555429921194,15,-1.2279555429921194,0.98760765996769,-0.24034788302442944,False,1.2279555429921194,0.24034788302442944,1.2279555429921194,-0.98760765996769,5,observed_candidate_score_arithmetic,-0.98760765996769
H593-01371ddf81e97f382dca84d8,60 mg Comfor-trate Tab,0,0,TOKEN_QRR_ANCHOR,fixed0,True,64,1,1,64,64,True,64,True,HOLD,False,correct_unchanged,correct,0.0,0.0,0.0,15,-1.2279555429921194,15,-1.2279555429921194,-0.20123346488581628,-1.4291890078779357,False,1.2279555429921194,1.4291890078779357,1.2279555429921194,0.20123346488581628,5,observed_candidate_score_arithmetic,0.20123346488581628
H593-01371ddf81e97f382dca84d8,60 mg Comfor-trate Tab,0,0,TOKEN_QRR_MULTI,fixed0,True,64,1,1,64,64,True,64,True,HOLD,False,correct_unchanged,correct,0.0,0.0,0.0,15,-1.2279555429921194,15,-1.2279555429921194,0.011300531574032213,-1.2166550114180872,False,1.2279555429921194,1.2166550114180872,1.2279555429921194,-0.011300531574032213,5,observed_candidate_score_arithmetic,-0.011300531574032213
H593-01539eca5c5afd1c6d5ccda2,75 100s carton,0,0,TOKEN_QR,fixed0,True,4855,1,1,4855,4855,True,4855,True,HOLD,False,correct_unchanged,correct,0.0,0.0,0.0,5065,-10.546796512531644,5130,-10.58490100479527,-14.262731259663163,-24.847632264458433,True,10.546796512531644,24.847632264458433,10.58490100479527,14.262731259663163,5,observed_candidate_score_arithmetic,14.300835751926789
H593-01539eca5c5afd1c6d5ccda2,75 100s carton,0,0,TOKEN_QRR_ANCHOR,fixed0,True,4855,1,1,4855,4855,True,4855,True,HOLD,False,correct_unchanged,correct,0.0,0.0,0.0,5065,-10.546796512531644,5130,-10.58490100479527,-14.656995001499585,-25.241896006294855,True,10.546796512531644,25.241896006294855,10.58490100479527,14.656995001499585,5,observed_candidate_score_arithmetic,14.69509949376321
H593-01539eca5c5afd1c6d5ccda2,75 100s carton,0,0,TOKEN_QRR_MULTI,fixed0,True,4855,1,1,4855,4855,True,4855,True,HOLD,False,correct_unchanged,correct,0.0,0.0,0.0,5065,-10.546796512531644,5130,-10.58490100479527,-17.24276264346328,-27.82766364825855,True,10.546796512531644,27.82766364825855,10.58490100479527,17.24276264346328,5,observed_candidate_score_arithmetic,17.280867135726908
H593-0188e7f7150a7aaf05c23614,kedbumin-02,1,0,TOKEN_QR,fixed0,True,4798,1,1,4798,4798,True,4798,True,HOLD,False,correct_unchanged,correct,0.0,0.0,0.0,4778,-10.62173232716335,4778,-10.62173232716335,-8.296926179616616,-18.918658506779966,False,10.62173232716335,18.918658506779966,10.62173232716335,8.296926179616616,7,observed_candidate_score_arithmetic,8.296926179616616
H593-0188e7f7150a7aaf05c23614,kedbumin-02,1,0,TOKEN_QRR_ANCHOR,fixed0,True,4798,1,1,4798,4798,True,4798,True,HOLD,False,correct_unchanged,correct,0.0,0.0,0.0,4778,-10.62173232716335,4778,-10.62173232716335,-12.60001039631718,-23.22174272348053,False,10.62173232716335,23.22174272348053,10.62173232716335,12.60001039631718,6,observed_candidate_score_arithmetic,12.600010396317181
H593-0188e7f7150a7aaf05c23614,kedbumin-02,1,0,TOKEN_QRR_MULTI,fixed0,True,4798,1,1,4798,4798,True,4798,True,HOLD,False,correct_unchanged,correct,0.0,0.0,0.0,4778,-10.62173232716335,4778,-10.62173232716335,-13.045639499010072,-23.667371826173422,False,10.62173232716335,23.667371826173422,10.62173232716335,13.045639499010072,5,observed_candidate_score_arithmetic,13.045639499010072
H593-02060e3d320616b952a39654,dro0b-0001-04,2,0,TOKEN_QR,fixed0,True,304,1,1,304,304,True,304,True,HOLD,False,correct_unchanged,correct,0.0,0.0,0.0,303,-6.87357218534688,302,-6.927821766786918,-14.523598405181009,-21.451420171967925,True,6.87357218534688,21.451420171967925,6.927821766786918,14.523598405181009,7,observed_candidate_score_arithmetic,14.577847986621045
H593-02060e3d320616b952a39654,dro0b-0001-04,2,0,TOKEN_QRR_ANCHOR,fixed0,True,304,1,1,304,304,True,304,True,HOLD,False,correct_unchanged,correct,0.0,0.0,0.0,303,-6.87357218534688,302,-6.927821766786918,-10.821684022871178,-17.749505789658095,True,6.87357218534688,17.749505789658095,6.927821766786918,10.821684022871178,5,observed_candidate_score_arithmetic,10.875933604311214
H593-02060e3d320616b952a39654,dro0b-0001-04,2,0,TOKEN_QRR_MULTI,fixed0,True,304,1,1,304,304,True,304,True,HOLD,False,correct_unchanged,correct,0.0,0.0,0.0,303,-6.87357218534688,302,-6.927821766786918,-10.613391618165108,-17.541213384952027,True,6.87357218534688,17.541213384952027,6.927821766786918,10.613391618165108,4,observed_candidate_score_arithmetic,10.667641199605146
H593-021e62b31ffbd6d351d13e91,5fe0ce14-bc11-4b43-b002-7efdca0d3003-04,4,0,TOKEN_QR,fixed0,False,,,,3128,3450,False,3022,False,SWITCH,True,wrong_to_different_wrong,target_absent_from_C128,,,,3450,0.020108504122795523,3022,-3.5702606948652003,4.604034928891194,1.0337742340259934,True,,,,,6,observed_candidate_score_arithmetic,
H593-021e62b31ffbd6d351d13e91,5fe0ce14-bc11-4b43-b002-7efdca0d3003-04,4,0,TOKEN_QRR_ANCHOR,fixed0,False,,,,3128,3450,False,3022,False,SWITCH,True,wrong_to_different_wrong,target_absent_from_C128,,,,3450,0.020108504122795523,3022,-3.5702606948652003,6.934191346258752,3.3639306513935514,True,,,,,6,observed_candidate_score_arithmetic,
H593-021e62b31ffbd6d351d13e91,5fe0ce14-bc11-4b43-b002-7efdca0d3003-04,4,0,TOKEN_QRR_MULTI,fixed0,False,,,,3128,3450,False,3128,False,HOLD,True,wrong_to_different_wrong,target_absent_from_C128,,,,3450,0.020108504122795523,3128,0.0,0.0,0.0,True,,,,,4,observed_candidate_score_arithmetic,
H593-02543adf69ee9391380f4ee6,45mg PFS CArton,0,0,TOKEN_QR,fixed0,True,4830,1,1,4830,4830,True,4830,True,HOLD,False,correct_unchanged,correct,0.0,0.0,0.0,5020,-8.60151842957975,4829,-8.777771076556105,-10.941337586946034,-19.71910866350214,True,8.60151842957975,19.71910866350214,8.777771076556105,10.941337586946034,5,observed_candidate_score_arithmetic,11.11759023392239
H593-02543adf69ee9391380f4ee6,45mg PFS CArton,0,0,TOKEN_QRR_ANCHOR,fixed0,True,4830,1,1,4830,4830,True,4830,True,HOLD,False,correct_unchanged,correct,0.0,0.0,0.0,5020,-8.60151842957975,4829,-8.777771076556105,-12.998081775293553,-21.775852851849656,True,8.60151842957975,21.775852851849656,8.777771076556105,12.998081775293553,5,observed_candidate_score_arithmetic,13.174334422269906
H593-02543adf69ee9391380f4ee6,45mg PFS CArton,0,0,TOKEN_QRR_MULTI,fixed0,True,4830,1,1,4830,4830,True,4830,True,HOLD,False,correct_unchanged,correct,0.0,0.0,0.0,5020,-8.60151842957975,4822,-10.168547190343801,-14.161359713645929,-24.32990690398973,True,8.60151842957975,24.32990690398973,10.168547190343801,14.161359713645929,5,observed_candidate_score_arithmetic,15.72838847440998
H593-028ab5aaff186d9fc48a7f19,3T3-bn-lansoprazole,4,0,TOKEN_QR,fixed0,True,996,1,1,1787,996,True,996,True,SWITCH,False,correct_unchanged,correct,2.503392474652637,11.756598200863365,14.259990675516002,1113,0.7957294174063354,1113,0.7957294174063354,3.8849244525668944,4.68065386997323,False,1.7076630572463016,9.579336805542773,1.7076630572463016,7.871673748296471,6,observed_candidate_score_arithmetic,7.871673748296471
H593-028ab5aaff186d9fc48a7f19,3T3-bn-lansoprazole,4,0,TOKEN_QRR_ANCHOR,fixed0,True,996,1,1,1787,996,True,996,True,SWITCH,False,correct_unchanged,correct,2.503392474652637,11.246258369735825,13.749650844388462,1113,0.7957294174063354,1113,0.7957294174063354,3.142443140727319,3.938172558133654,False,1.7076630572463016,9.811478286254808,1.7076630572463016,8.103815229008507,6,observed_candidate_score_arithmetic,8.103815229008505
H593-028ab5aaff186d9fc48a7f19,3T3-bn-lansoprazole,4,0,TOKEN_QRR_MULTI,fixed0,True,996,1,1,1787,996,True,996,True,SWITCH,False,correct_unchanged,correct,2.503392474652637,8.870988773455014,11.374381248107651,1113,0.7957294174063354,1113,0.7957294174063354,3.3417412504580706,4.137470667864406,False,1.7076630572463016,7.236910580243245,1.7076630572463016,5.529247522996943,4,observed_candidate_score_arithmetic,5.529247522996943
H593-02ce6b371f2907428fc96ffe,athletes-01,4,0,TOKEN_QR,fixed0,True,3238,1,8,3238,3238,True,2500,False,SWITCH,True,break,SWITCH_away_from_correct_RAW,0.0,0.0,0.0,2501,-0.9852174733149188,2500,-1.9103180190658244,5.930341675040088,4.0200236559742635,True,0.9852174733149188,-4.0200236559742635,1.9103180190658244,-5.930341675040088,6,observed_candidate_score_arithmetic,-5.005241129289182
H593-02ce6b371f2907428fc96ffe,athletes-01,4,0,TOKEN_QRR_ANCHOR,fixed0,True,3238,1,8,3238,3238,True,4504,False,SWITCH,True,break,SWITCH_away_from_correct_RAW,0.0,0.0,0.0,2501,-0.9852174733149188,4504,-3.942249853089033,8.199433290128479,4.257183437039446,True,0.9852174733149188,-4.257183437039446,3.942249853089033,-8.199433290128479,6,observed_candidate_score_arithmetic,-5.242400910354364
H593-02ce6b371f2907428fc96ffe,athletes-01,4,0,TOKEN_QRR_MULTI,fixed0,True,3238,1,4,3238,3238,True,2500,False,SWITCH,True,break,SWITCH_away_from_correct_RAW,0.0,0.0,0.0,2501,-0.9852174733149188,2500,-1.9103180190658244,2.6708402437898293,0.7605222247240049,True,0.9852174733149188,-0.7605222247240049,1.9103180190658244,-2.6708402437898293,4,observed_candidate_score_arithmetic,-1.7457396980389237
H593-03168677fa508c139372f0ed,469584,2,0,TOKEN_QR,fixed0,True,1032,1,1,1032,1032,True,1032,True,HOLD,False,correct_unchanged,correct,0.0,0.0,0.0,793,-8.779650242359835,793,-8.779650242359835,-15.33227322625396,-24.111923468613796,False,8.779650242359835,24.111923468613796,8.779650242359835,15.33227322625396,7,observed_candidate_score_arithmetic,15.33227322625396
H593-03168677fa508c139372f0ed,469584,2,0,TOKEN_QRR_ANCHOR,fixed0,True,1032,1,1,1032,1032,True,1032,True,HOLD,False,correct_unchanged,correct,0.0,0.0,0.0,793,-8.779650242359835,793,-8.779650242359835,-13.420301333093878,-22.199951575453714,False,8.779650242359835,22.199951575453714,8.779650242359835,13.420301333093878,5,observed_candidate_score_arithmetic,13.420301333093878
H593-03168677fa508c139372f0ed,469584,2,0,TOKEN_QRR_MULTI,fixed0,True,1032,1,1,1032,1032,True,1032,True,HOLD,False,correct_unchanged,correct,0.0,0.0,0.0,793,-8.779650242359835,793,-8.779650242359835,-11.644781398489977,-20.42443164084981,False,8.779650242359835,20.42443164084981,8.779650242359835,11.644781398489977,4,observed_candidate_score_arithmetic,11.644781398489975
H593-04953480712cfc6b638e8fb2,athletes-01,4,0,TOKEN_QR,fixed0,True,3238,1,1,3238,3238,True,3238,True,HOLD,False,correct_unchanged,correct,0.0,0.0,0.0,4050,-9.18314873099715,1930,-10.007693252011352,-23.340936809154833,-33.34863006116618,True,9.18314873099715,33.34863006116618,10.007693252011352,23.340936809154833,6,observed_candidate_score_arithmetic,24.165481330169033
H593-04953480712cfc6b638e8fb2,athletes-01,4,0,TOKEN_QRR_ANCHOR,fixed0,True,3238,1,1,3238,3238,True,3238,True,HOLD,False,correct_unchanged,correct,0.0,0.0,0.0,4050,-9.18314873099715,1412,-9.71480237621832,-22.428657115255877,-32.1434594914742,True,9.18314873099715,32.1434594914742,9.71480237621832,22.428657115255877,6,observed_candidate_score_arithmetic,22.960310760477046
H593-04953480712cfc6b638e8fb2,athletes-01,4,0,TOKEN_QRR_MULTI,fixed0,True,3238,1,1,3238,3238,True,3238,True,HOLD,False,correct_unchanged,correct,0.0,0.0,0.0,4050,-9.18314873099715,1930,-10.007693252011352,-14.429785091498353,-24.437478343509703,True,9.18314873099715,24.437478343509703,10.007693252011352,14.429785091498353,4,observed_candidate_score_arithmetic,15.254329612512553
H593-04bd54f85fedc55966f9ee04,vetoryl-09,2,0,TOKEN_QR,fixed0,True,512,1,2,512,512,True,510,False,SWITCH,True,break,SWITCH_away_from_correct_RAW,0.0,0.0,0.0,510,-0.7183460056285569,510,-0.7183460056285569,0.8358301182925416,0.11748411266398473,False,0.7183460056285569,-0.11748411266398473,0.7183460056285569,-0.8358301182925416,7,observed_candidate_score_arithmetic,-0.8358301182925416
H593-04bd54f85fedc55966f9ee04,vetoryl-09,2,0,TOKEN_QRR_ANCHOR,fixed0,True,512,1,2,512,512,True,510,False,SWITCH,True,break,SWITCH_away_from_correct_RAW,0.0,0.0,0.0,510,-0.7183460056285569,510,-0.7183460056285569,1.364746749243031,0.6464007436144741,False,0.7183460056285569,-0.6464007436144741,0.7183460056285569,-1.364746749243031,5,observed_candidate_score_arithmetic,-1.364746749243031
H593-04bd54f85fedc55966f9ee04,vetoryl-09,2,0,TOKEN_QRR_MULTI,fixed0,True,512,1,2,512,512,True,510,False,SWITCH,True,break,SWITCH_away_from_correct_RAW,0.0,0.0,0.0,510,-0.7183460056285569,510,-0.7183460056285569,1.6601593587226022,0.9418133530940453,False,0.7183460056285569,-0.9418133530940453,0.7183460056285569,-1.6601593587226022,4,observed_candidate_score_arithmetic,-1.6601593587226022
H593-0576bfe455276d27cc059542,AntifluDesbx,2,0,TOKEN_QR,fixed0,True,1424,1,1,1424,1424,True,1424,True,HOLD,False,correct_unchanged,correct,0.0,0.0,0.0,3250,-5.206160043280174,1091,-5.486124115973708,-0.7723624909081259,-6.258486606881834,True,5.206160043280174,6.258486606881834,5.486124115973708,0.7723624909081259,7,observed_candidate_score_arithmetic,1.0523265636016603
H593-0576bfe455276d27cc059542,AntifluDesbx,2,0,TOKEN_QRR_ANCHOR,fixed0,True,1424,1,1,1424,1424,True,1424,True,HOLD,False,correct_unchanged,correct,0.0,0.0,0.0,3250,-5.206160043280174,1091,-5.486124115973708,-0.4683286452744264,-5.954452761248135,True,5.206160043280174,5.954452761248135,5.486124115973708,0.4683286452744264,5,observed_candidate_score_arithmetic,0.7482927179679608
H593-0576bfe455276d27cc059542,AntifluDesbx,2,0,TOKEN_QRR_MULTI,fixed0,True,1424,1,1,1424,1424,True,1424,True,HOLD,False,correct_unchanged,correct,0.0,0.0,0.0,3250,-5.206160043280174,1091,-5.486124115973708,-0.30948488226414894,-5.795608998237857,True,5.206160043280174,5.795608998237857,5.486124115973708,0.30948488226414894,4,observed_candidate_score_arithmetic,0.5894489549576836
H593-059423d2642d803097a5e092,160mgcarton,0,0,TOKEN_QR,fixed0,True,19,1,1,19,19,True,19,True,HOLD,False,correct_unchanged,correct,0.0,0.0,0.0,20,-1.515037168672797,33,-1.565050516929875,-0.6134317922368133,-2.1784823091666885,True,1.515037168672797,2.1784823091666885,1.565050516929875,0.6134317922368133,5,observed_candidate_score_arithmetic,0.6634451404938915
H593-059423d2642d803097a5e092,160mgcarton,0,0,TOKEN_QRR_ANCHOR,fixed0,True,19,1,1,19,19,True,19,True,HOLD,False,correct_unchanged,correct,0.0,0.0,0.0,20,-1.515037168672797,33,-1.565050516929875,-0.7126505283075826,-2.2777010452374578,True,1.515037168672797,2.2777010452374578,1.565050516929875,0.7126505283075826,5,observed_candidate_score_arithmetic,0.7626638765646607
H593-059423d2642d803097a5e092,160mgcarton,0,0,TOKEN_QRR_MULTI,fixed0,True,19,1,1,19,19,True,19,True,HOLD,False,correct_unchanged,correct,0.0,0.0,0.0,20,-1.515037168672797,33,-1.565050516929875,-1.3096267874342928,-2.874677304364168,True,1.515037168672797,2.874677304364168,1.565050516929875,1.3096267874342928,5,observed_candidate_score_arithmetic,1.3596401356913708
H593-059b70b913c381ca4c02e851,0003,1,0,TOKEN_QR,fixed0,True,518,1,1,518,518,True,518,True,HOLD,False,correct_unchanged,correct,0.0,0.0,0.0,1631,-7.146018005223931,2377,-7.575680434673821,-10.01978505594596,-17.59546549061978,True,7.146018005223931,17.59546549061978,7.575680434673821,10.01978505594596,7,observed_candidate_score_arithmetic,10.449447485395849
H593-059b70b913c381ca4c02e851,0003,1,0,TOKEN_QRR_ANCHOR,fixed0,True,518,1,1,518,518,True,518,True,HOLD,False,correct_unchanged,correct,0.0,0.0,0.0,1631,-7.146018005223931,2377,-7.575680434673821,-10.074737220940808,-17.65041765561463,True,7.146018005223931,17.65041765561463,7.575680434673821,10.074737220940808,6,observed_candidate_score_arithmetic,10.504399650390697
H593-059b70b913c381ca4c02e851,0003,1,0,TOKEN_QRR_MULTI,fixed0,True,518,1,1,518,518,True,518,True,HOLD,False,correct_unchanged,correct,0.0,0.0,0.0,1631,-7.146018005223931,2377,-7.575680434673821,-12.6917136839311,-20.26739411860492,True,7.146018005223931,20.26739411860492,7.575680434673821,12.6917136839311,5,observed_candidate_score_arithmetic,13.121376113380988
H593-05b3ce4ffdc0d30f9d3abac9,ciprofloxacin-ophthalmic-solution-2pt5ml-carton,0,0,TOKEN_QR,fixed0,True,5053,1,1,5053,5053,True,5053,True,HOLD,False,correct_unchanged,correct,0.0,0.0,0.0,4827,-4.4969201100536,4827,-4.4969201100536,-1.4770024946296747,-5.973922604683275,False,4.4969201100536,5.973922604683275,4.4969201100536,1.4770024946296747,5,observed_candidate_score_arithmetic,1.4770024946296747
H593-05b3ce4ffdc0d30f9d3abac9,ciprofloxacin-ophthalmic-solution-2pt5ml-carton,0,0,TOKEN_QRR_ANCHOR,fixed0,True,5053,1,1,5053,5053,True,5053,True,HOLD,False,correct_unchanged,correct,0.0,0.0,0.0,4827,-4.4969201100536,4993,-5.088600805332576,-3.673163853178345,-8.761764658510922,True,4.4969201100536,8.761764658510922,5.088600805332576,3.673163853178345,5,observed_candidate_score_arithmetic,4.264844548457321
H593-05b3ce4ffdc0d30f9d3abac9,ciprofloxacin-ophthalmic-solution-2pt5ml-carton,0,0,TOKEN_QRR_MULTI,fixed0,True,5053,1,1,5053,5053,True,5053,True,HOLD,False,correct_unchanged,correct,0.0,0.0,0.0,4827,-4.4969201100536,4827,-4.4969201100536,-2.178572811009185,-6.675492921062785,False,4.4969201100536,6.675492921062785,4.4969201100536,2.178572811009185,5,observed_candidate_score_arithmetic,2.178572811009185
H593-064aa36809b4f00051cb821a,10 mL carton,4,0,TOKEN_QR,fixed0,True,0,1,1,0,0,True,0,True,HOLD,False,correct_unchanged,correct,0.0,0.0,0.0,5201,-5.9295711697540145,237,-7.216031458685997,-2.6676944095550823,-9.88372586824108,True,5.9295711697540145,9.88372586824108,7.216031458685997,2.6676944095550823,6,observed_candidate_score_arithmetic,3.9541546984870646
H593-064aa36809b4f00051cb821a,10 mL carton,4,0,TOKEN_QRR_ANCHOR,fixed0,True,0,1,1,0,0,True,0,True,HOLD,False,correct_unchanged,correct,0.0,0.0,0.0,5201,-5.9295711697540145,237,-7.216031458685997,-7.680700707145856,-14.896732165831853,True,5.9295711697540145,14.896732165831853,7.216031458685997,7.680700707145856,6,observed_candidate_score_arithmetic,8.967160996077839
H593-064aa36809b4f00051cb821a,10 mL carton,4,0,TOKEN_QRR_MULTI,fixed0,True,0,1,1,0,0,True,0,True,HOLD,False,correct_unchanged,correct,0.0,0.0,0.0,5201,-5.9295711697540145,5232,-6.107842147288264,-4.633525295014404,-10.741367442302668,True,5.9295711697540145,10.741367442302668,6.107842147288264,4.633525295014404,4,observed_candidate_score_arithmetic,4.811796272548653
H593-068d4310663d131f8027b587,bef4f237-ccb8-4d28-bfc2-41c511a17d7f-01,1,0,TOKEN_QR,fixed0,True,3368,1,1,3368,3368,True,3368,True,HOLD,False,correct_unchanged,correct,0.0,0.0,0.0,810,-6.8786919931670685,810,-6.8786919931670685,-9.424141364117613,-16.302833357284683,False,6.8786919931670685,16.302833357284683,6.8786919931670685,9.424141364117613,7,observed_candidate_score_arithmetic,9.424141364117615
H593-068d4310663d131f8027b587,bef4f237-ccb8-4d28-bfc2-41c511a17d7f-01,1,0,TOKEN_QRR_ANCHOR,fixed0,True,3368,1,1,3368,3368,True,3368,True,HOLD,False,correct_unchanged,correct,0.0,0.0,0.0,810,-6.8786919931670685,3697,-8.006221036107142,-10.288753844738215,-18.29497488084536,True,6.8786919931670685,18.29497488084536,8.006221036107142,10.288753844738215,6,observed_candidate_score_arithmetic,11.41628288767829
H593-068d4310663d131f8027b587,bef4f237-ccb8-4d28-bfc2-41c511a17d7f-01,1,0,TOKEN_QRR_MULTI,fixed0,True,3368,1,1,3368,3368,True,3368,True,HOLD,False,correct_unchanged,correct,0.0,0.0,0.0,810,-6.8786919931670685,810,-6.8786919931670685,-13.820063155177271,-20.69875514834434,False,6.8786919931670685,20.69875514834434,6.8786919931670685,13.820063155177271,5,observed_candidate_score_arithmetic,13.820063155177271
H593-07197c3f4badd640f6859f5e,10 mL carton,4,0,TOKEN_QR,fixed0,True,0,1,1,0,0,True,0,True,HOLD,False,correct_unchanged,correct,0.0,0.0,0.0,428,-4.61114903949591,89,-5.284970478864121,-1.8327301702218044,-7.117700649085926,True,4.61114903949591,7.117700649085926,5.284970478864121,1.8327301702218044,6,observed_candidate_score_arithmetic,2.5065516095900158
H593-07197c3f4badd640f6859f5e,10 mL carton,4,0,TOKEN_QRR_ANCHOR,fixed0,True,0,1,1,0,0,True,0,True,HOLD,False,correct_unchanged,correct,0.0,0.0,0.0,428,-4.61114903949591,89,-5.284970478864121,-6.288162641660184,-11.573133120524306,True,4.61114903949591,11.573133120524306,5.284970478864121,6.288162641660184,6,observed_candidate_score_arithmetic,6.961984081028396
H593-07197c3f4badd640f6859f5e,10 mL carton,4,0,TOKEN_QRR_MULTI,fixed0,True,0,1,1,0,0,True,0,True,HOLD,False,correct_unchanged,correct,0.0,0.0,0.0,428,-4.61114903949591,89,-5.284970478864121,-2.9533925227547697,-8.238363001618891,True,4.61114903949591,8.238363001618891,5.284970478864121,2.9533925227547697,4,observed_candidate_score_arithmetic,3.6272139621229815
H593-0745854000292039c9c10f33,734-uw-mint-mini-nicotine-lozenge,1,0,TOKEN_QR,fixed0,True,1130,1,2,4367,1130,True,4599,False,SWITCH,True,break,target_beats_RAW_but_wrong_challenger_wins,1.3319750044765812,-1.1063676849118735,0.2256073195647077,4599,0.40546934838204185,4599,0.40546934838204185,-0.08920145408844604,0.3162678942935958,False,0.9265056560945394,-0.09066057472888811,0.9265056560945394,-1.0171662308234275,7,observed_candidate_score_arithmetic,-1.0171662308234275
H593-0745854000292039c9c10f33,734-uw-mint-mini-nicotine-lozenge,1,0,TOKEN_QRR_ANCHOR,fixed0,True,1130,1,1,4367,1130,True,1130,True,SWITCH,False,correct_unchanged,correct,1.3319750044765812,-0.04902833851844823,1.282946665958133,4599,0.40546934838204185,4599,0.40546934838204185,0.21464344517647227,0.6201127935585141,False,0.9265056560945394,0.6628338723996189,0.9265056560945394,-0.2636717836949205,6,observed_candidate_score_arithmetic,-0.2636717836949205
H593-0745854000292039c9c10f33,734-uw-mint-mini-nicotine-lozenge,1,0,TOKEN_QRR_MULTI,fixed0,True,1130,1,1,4367,1130,True,1130,True,SWITCH,False,correct_unchanged,correct,1.3319750044765812,1.0601039754688018,2.392078979945383,4599,0.40546934838204185,4599,0.40546934838204185,1.9078774386930586,2.3133467870751003,False,0.9265056560945394,0.07873219287028288,0.9265056560945394,-0.8477734632242568,5,observed_candidate_score_arithmetic,-0.8477734632242565
H593-08297e272b0164e6fdd42e9f,734-uw-mint-mini-nicotine-lozenge,1,0,TOKEN_QR,fixed0,True,1130,2,1,3368,3368,False,1130,True,SWITCH,True,rescue,correct,-1.8803286237452999,10.98426519395893,9.10393657021363,3368,0.0,3368,0.0,0.0,0.0,False,-1.8803286237452999,9.10393657021363,-1.8803286237452999,10.98426519395893,7,observed_candidate_score_arithmetic,10.98426519395893
H593-08297e272b0164e6fdd42e9f,734-uw-mint-mini-nicotine-lozenge,1,0,TOKEN_QRR_ANCHOR,fixed0,True,1130,2,1,3368,3368,False,1130,True,SWITCH,True,rescue,correct,-1.8803286237452999,8.198056356915426,6.317727733170127,3368,0.0,3368,0.0,0.0,0.0,False,-1.8803286237452999,6.317727733170127,-1.8803286237452999,8.198056356915426,6,observed_candidate_score_arithmetic,8.198056356915426
H593-08297e272b0164e6fdd42e9f,734-uw-mint-mini-nicotine-lozenge,1,0,TOKEN_QRR_MULTI,fixed0,True,1130,2,1,3368,3368,False,1130,True,SWITCH,True,rescue,correct,-1.8803286237452999,20.02165666841895,18.14132804467365,3368,0.0,3368,0.0,0.0,0.0,False,-1.8803286237452999,18.14132804467365,-1.8803286237452999,20.02165666841895,5,observed_candidate_score_arithmetic,20.02165666841895
H593-082cd2a46d9b304893a3587c,80mg-cart-np,0,0,TOKEN_QR,fixed0,True,4865,1,1,4865,4865,True,4865,True,HOLD,False,correct_unchanged,correct,0.0,0.0,0.0,5105,-7.959871796556809,5105,-7.959871796556809,-3.3550115541001446,-11.314883350656952,False,7.959871796556809,11.314883350656952,7.959871796556809,3.3550115541001446,5,observed_candidate_score_arithmetic,3.3550115541001437
H593-082cd2a46d9b304893a3587c,80mg-cart-np,0,0,TOKEN_QRR_ANCHOR,fixed0,True,4865,1,1,4865,4865,True,4865,True,HOLD,False,correct_unchanged,correct,0.0,0.0,0.0,5105,-7.959871796556809,5107,-8.731035336986078,-6.2951044037691535,-15.026139740755232,True,7.959871796556809,15.026139740755232,8.731035336986078,6.2951044037691535,5,observed_candidate_score_arithmetic,7.066267944198423
H593-082cd2a46d9b304893a3587c,80mg-cart-np,0,0,TOKEN_QRR_MULTI,fixed0,True,4865,1,1,4865,4865,True,4865,True,HOLD,False,correct_unchanged,correct,0.0,0.0,0.0,5105,-7.959871796556809,5105,-7.959871796556809,-8.072138256869241,-16.03201005342605,False,7.959871796556809,16.03201005342605,7.959871796556809,8.072138256869241,5,observed_candidate_score_arithmetic,8.072138256869241
H593-0923651f03329ad9587b7927,vetoryl-09,2,0,TOKEN_QR,fixed0,True,512,10,10,508,508,False,337,False,SWITCH,True,wrong_to_different_wrong,target_not_above_RAW_and_wrong_challenger_wins,-2.536280399743565,0.9858614143312945,-1.5504189854122705,508,0.0,337,-1.019656988063356,2.0519683956384647,1.0323114075751088,True,-2.536280399743565,-2.5827303929873793,-1.516623411680209,-1.0661069813071702,7,observed_candidate_score_arithmetic,-0.04644999324381427
H593-0923651f03329ad9587b7927,vetoryl-09,2,0,TOKEN_QRR_ANCHOR,fixed0,True,512,10,17,508,508,False,337,False,SWITCH,True,wrong_to_different_wrong,target_not_above_RAW_and_wrong_challenger_wins,-2.536280399743565,0.8436751703638894,-1.6926052293796756,508,0.0,337,-1.019656988063356,2.76239469757088,1.7427377095075243,True,-2.536280399743565,-3.4353429388872,-1.516623411680209,-1.9187195272069908,5,observed_candidate_score_arithmetic,-0.8990625391436349
H593-0923651f03329ad9587b7927,vetoryl-09,2,0,TOKEN_QRR_MULTI,fixed0,True,512,10,19,508,508,False,337,False,SWITCH,True,wrong_to_different_wrong,target_not_above_RAW_and_wrong_challenger_wins,-2.536280399743565,1.24964113026695,-1.286639269476615,508,0.0,337,-1.019656988063356,2.9700045077161423,1.9503475196527864,True,-2.536280399743565,-3.2369867891294017,-1.516623411680209,-1.7203633774491924,4,observed_candidate_score_arithmetic,-0.7007063893858367
H593-094186f2ba40a8fa08ad355b,ciprofloxacin-ophthalmic-solution-2pt5ml-carton,0,0,TOKEN_QR,fixed0,True,5053,1,1,5053,5053,True,5053,True,HOLD,False,correct_unchanged,correct,0.0,0.0,0.0,4820,-8.614615912920643,4820,-8.614615912920643,-13.386208515564768,-22.00082442848541,False,8.614615912920643,22.00082442848541,8.614615912920643,13.386208515564768,5,observed_candidate_score_arithmetic,13.386208515564766
H593-094186f2ba40a8fa08ad355b,ciprofloxacin-ophthalmic-solution-2pt5ml-carton,0,0,TOKEN_QRR_ANCHOR,fixed0,True,5053,1,1,5053,5053,True,5053,True,HOLD,False,correct_unchanged,correct,0.0,0.0,0.0,4820,-8.614615912920643,4820,-8.614615912920643,-15.614352427793182,-24.228968340713827,False,8.614615912920643,24.228968340713827,8.614615912920643,15.614352427793182,5,observed_candidate_score_arithmetic,15.614352427793184
H593-094186f2ba40a8fa08ad355b,ciprofloxacin-ophthalmic-solution-2pt5ml-carton,0,0,TOKEN_QRR_MULTI,fixed0,True,5053,1,1,5053,5053,True,5053,True,HOLD,False,correct_unchanged,correct,0.0,0.0,0.0,4820,-8.614615912920643,4820,-8.614615912920643,-18.733856567956057,-27.3484724808767,False,8.614615912920643,27.3484724808767,8.614615912920643,18.733856567956057,5,observed_candidate_score_arithmetic,18.73385656795606
H593-097dd2637a0f46ccbfb61ff4,469584,2,0,TOKEN_QR,fixed0,True,1032,1,1,1032,1032,True,1032,True,HOLD,False,correct_unchanged,correct,0.0,0.0,0.0,2920,-6.537133669663149,2920,-6.537133669663149,-7.283186496308716,-13.820320165971864,False,6.537133669663149,13.820320165971864,6.537133669663149,7.283186496308716,7,observed_candidate_score_arithmetic,7.283186496308716
H593-097dd2637a0f46ccbfb61ff4,469584,2,0,TOKEN_QRR_ANCHOR,fixed0,True,1032,1,1,1032,1032,True,1032,True,HOLD,False,correct_unchanged,correct,0.0,0.0,0.0,2920,-6.537133669663149,2920,-6.537133669663149,-8.97540607152837,-15.51253974119152,False,6.537133669663149,15.51253974119152,6.537133669663149,8.97540607152837,5,observed_candidate_score_arithmetic,8.97540607152837
H593-097dd2637a0f46ccbfb61ff4,469584,2,0,TOKEN_QRR_MULTI,fixed0,True,1032,1,1,1032,1032,True,1032,True,HOLD,False,correct_unchanged,correct,0.0,0.0,0.0,2920,-6.537133669663149,2920,-6.537133669663149,-7.521107985298167,-14.058241654961316,False,6.537133669663149,14.058241654961316,6.537133669663149,7.521107985298167,4,observed_candidate_score_arithmetic,7.521107985298167
H593-09ce47090a8b579fa3833638,83324304-60,0,0,TOKEN_QR,fixed0,True,1145,1,1,1145,1145,True,1145,True,HOLD,False,correct_unchanged,correct,0.0,0.0,0.0,2003,-6.344822149883409,2003,-6.344822149883409,-1.9465811580768637,-8.291403307960273,False,6.344822149883409,8.291403307960273,6.344822149883409,1.9465811580768637,5,observed_candidate_score_arithmetic,1.9465811580768637
H593-09ce47090a8b579fa3833638,83324304-60,0,0,TOKEN_QRR_ANCHOR,fixed0,True,1145,1,1,1145,1145,True,1145,True,HOLD,False,correct_unchanged,correct,0.0,0.0,0.0,2003,-6.344822149883409,2003,-6.344822149883409,-5.283012536386742,-11.627834686270152,False,6.344822149883409,11.627834686270152,6.344822149883409,5.283012536386742,5,observed_candidate_score_arithmetic,5.283012536386742
H593-09ce47090a8b579fa3833638,83324304-60,0,0,TOKEN_QRR_MULTI,fixed0,True,1145,1,1,1145,1145,True,1145,True,HOLD,False,correct_unchanged,correct,0.0,0.0,0.0,2003,-6.344822149883409,2003,-6.344822149883409,-5.616593458990213,-11.961415608873622,False,6.344822149883409,11.961415608873622,6.344822149883409,5.616593458990213,5,observed_candidate_score_arithmetic,5.616593458990213
H593-0a87021a30d8b6a9de32f2b3,6941714017-1,0,0,TOKEN_QR,fixed0,True,1114,1,1,1114,1114,True,1114,True,HOLD,False,correct_unchanged,correct,0.0,0.0,0.0,3030,-8.098690287539656,3030,-8.098690287539656,-2.4432666891192163,-10.541956976658872,False,8.098690287539656,10.541956976658872,8.098690287539656,2.4432666891192163,5,observed_candidate_score_arithmetic,2.4432666891192163
H593-0a87021a30d8b6a9de32f2b3,6941714017-1,0,0,TOKEN_QRR_ANCHOR,fixed0,True,1114,1,1,1114,1114,True,1114,True,HOLD,False,correct_unchanged,correct,0.0,0.0,0.0,3030,-8.098690287539656,3030,-8.098690287539656,-4.666712058340727,-12.765402345880382,False,8.098690287539656,12.765402345880382,8.098690287539656,4.666712058340727,5,observed_candidate_score_arithmetic,4.666712058340726
H593-0a87021a30d8b6a9de32f2b3,6941714017-1,0,0,TOKEN_QRR_MULTI,fixed0,True,1114,1,1,1114,1114,True,1114,True,HOLD,False,correct_unchanged,correct,0.0,0.0,0.0,3030,-8.098690287539656,3030,-8.098690287539656,-4.914781144171384,-13.01347143171104,False,8.098690287539656,13.01347143171104,8.098690287539656,4.914781144171384,5,observed_candidate_score_arithmetic,4.914781144171384
H593-0ac0e839567fe775450fa642,4_Kids_Oral_Pain_Relief,3,0,TOKEN_QR,fixed0,True,608,1,1,608,608,True,608,True,HOLD,False,correct_unchanged,correct,0.0,0.0,0.0,796,-15.201883654668984,796,-15.201883654668984,-27.611314172438934,-42.81319782710792,False,15.201883654668984,42.81319782710792,15.201883654668984,27.611314172438934,6,observed_candidate_score_arithmetic,27.611314172438938
H593-0ac0e839567fe775450fa642,4_Kids_Oral_Pain_Relief,3,0,TOKEN_QRR_ANCHOR,fixed0,True,608,1,1,608,608,True,608,True,HOLD,False,correct_unchanged,correct,0.0,0.0,0.0,796,-15.201883654668984,796,-15.201883654668984,-24.204732179299015,-39.406615833968,False,15.201883654668984,39.406615833968,15.201883654668984,24.204732179299015,6,observed_candidate_score_arithmetic,24.204732179299015
H593-0ac0e839567fe775450fa642,4_Kids_Oral_Pain_Relief,3,0,TOKEN_QRR_MULTI,fixed0,True,608,1,1,608,608,True,608,True,HOLD,False,correct_unchanged,correct,0.0,0.0,0.0,796,-15.201883654668984,796,-15.201883654668984,-21.122649245021677,-36.32453289969066,False,15.201883654668984,36.32453289969066,15.201883654668984,21.122649245021677,5,observed_candidate_score_arithmetic,21.122649245021677
H593-0c19fd5a9f5839f926c4ae57,77l96n1c1,1,0,TOKEN_QR,fixed0,True,4861,1,1,4861,4861,True,4861,True,HOLD,False,correct_unchanged,correct,0.0,0.0,0.0,5059,-14.936180176262909,4891,-16.964806700375892,-17.440493857106016,-34.40530055748191,True,14.936180176262909,34.40530055748191,16.964806700375892,17.440493857106016,7,observed_candidate_score_arithmetic,19.469120381219
H593-0c19fd5a9f5839f926c4ae57,77l96n1c1,1,0,TOKEN_QRR_ANCHOR,fixed0,True,4861,1,1,4861,4861,True,4861,True,HOLD,False,correct_unchanged,correct,0.0,0.0,0.0,5059,-14.936180176262909,5059,-14.936180176262909,-18.208505797607703,-33.14468597387061,False,14.936180176262909,33.14468597387061,14.936180176262909,18.208505797607703,6,observed_candidate_score_arithmetic,18.2085057976077
H593-0c19fd5a9f5839f926c4ae57,77l96n1c1,1,0,TOKEN_QRR_MULTI,fixed0,True,4861,1,1,4861,4861,True,4861,True,HOLD,False,correct_unchanged,correct,0.0,0.0,0.0,5059,-14.936180176262909,4891,-16.964806700375892,-19.445497736319638,-36.410304436695526,True,14.936180176262909,36.410304436695526,16.964806700375892,19.445497736319638,5,observed_candidate_score_arithmetic,21.474124260432617
H593-0c251f2d0b52c9cde036edc1,ASP Cough Mucus Congestion PMG 24ct,1,0,TOKEN_QR,fixed0,True,1322,1,1,1322,1322,True,1322,True,HOLD,False,correct_unchanged,correct,0.0,0.0,0.0,1313,-3.0731456548978655,1313,-3.0731456548978655,-2.9744569019787654,-6.047602556876631,False,3.0731456548978655,6.047602556876631,3.0731456548978655,2.9744569019787654,7,observed_candidate_score_arithmetic,2.974456901978766
H593-0c251f2d0b52c9cde036edc1,ASP Cough Mucus Congestion PMG 24ct,1,0,TOKEN_QRR_ANCHOR,fixed0,True,1322,1,1,1322,1322,True,1322,True,HOLD,False,correct_unchanged,correct,0.0,0.0,0.0,1313,-3.0731456548978655,1313,-3.0731456548978655,-5.834390325493463,-8.907535980391328,False,3.0731456548978655,8.907535980391328,3.0731456548978655,5.834390325493463,6,observed_candidate_score_arithmetic,5.834390325493462
H593-0c251f2d0b52c9cde036edc1,ASP Cough Mucus Congestion PMG 24ct,1,0,TOKEN_QRR_MULTI,fixed0,True,1322,1,1,1322,1322,True,1322,True,HOLD,False,correct_unchanged,correct,0.0,0.0,0.0,1313,-3.0731456548978655,1313,-3.0731456548978655,-7.390487370224382,-10.463633025122247,False,3.0731456548978655,10.463633025122247,3.0731456548978655,7.390487370224382,5,observed_candidate_score_arithmetic,7.390487370224381
H593-0c93295a4efc661bc7464f47,2021 Lice Freee!_6ozPOP R2a,3,0,TOKEN_QR,fixed0,True,567,1,1,1873,567,True,567,True,SWITCH,False,correct_unchanged,correct,3.381918052893006,8.226832512156246,11.608750565049252,1377,1.1189060804210729,4132,0.528687538919792,5.273663500940469,5.802351039860261,True,2.2630119724719333,5.806399525188992,2.853230513973214,2.9531690112157776,6,observed_candidate_score_arithmetic,3.5433875527170584
H593-0c93295a4efc661bc7464f47,2021 Lice Freee!_6ozPOP R2a,3,0,TOKEN_QRR_ANCHOR,fixed0,True,567,1,1,1873,567,True,567,True,SWITCH,False,correct_unchanged,correct,3.381918052893006,10.089936397399052,13.471854450292058,1377,1.1189060804210729,4132,0.528687538919792,7.942184252893965,8.470871791813757,True,2.2630119724719333,5.000982658478302,2.853230513973214,2.1477521445050876,6,observed_candidate_score_arithmetic,2.7379706860063684
H593-0c93295a4efc661bc7464f47,2021 Lice Freee!_6ozPOP R2a,3,0,TOKEN_QRR_MULTI,fixed0,True,567,1,1,1873,567,True,567,True,SWITCH,False,correct_unchanged,correct,3.381918052893006,11.477594498410138,14.859512551303144,1377,1.1189060804210729,4132,0.528687538919792,7.060830309989877,7.589517848909669,True,2.2630119724719333,7.2699947023934754,2.853230513973214,4.416764188420261,5,observed_candidate_score_arithmetic,5.006982729921543
H593-0d8db033f048bf0a40089770,sevospire-02,2,0,TOKEN_QR,fixed0,True,480,1,1,480,480,True,480,True,HOLD,False,correct_unchanged,correct,0.0,0.0,0.0,397,-2.5760185081884437,479,-3.59563777636615,-1.1017406031043642,-4.697378379470514,True,2.5760185081884437,4.697378379470514,3.59563777636615,1.1017406031043642,7,observed_candidate_score_arithmetic,2.1213598712820705
H593-0d8db033f048bf0a40089770,sevospire-02,2,0,TOKEN_QRR_ANCHOR,fixed0,True,480,1,1,480,480,True,480,True,HOLD,False,correct_unchanged,correct,0.0,0.0,0.0,397,-2.5760185081884437,479,-3.59563777636615,-1.0192238553278221,-4.614861631693972,True,2.5760185081884437,4.614861631693972,3.59563777636615,1.0192238553278221,5,observed_candidate_score_arithmetic,2.0388431235055284
H593-0d8db033f048bf0a40089770,sevospire-02,2,0,TOKEN_QRR_MULTI,fixed0,True,480,1,1,480,480,True,480,True,HOLD,False,correct_unchanged,correct,0.0,0.0,0.0,397,-2.5760185081884437,479,-3.59563777636615,-1.3856075126283856,-4.981245288994535,True,2.5760185081884437,4.981245288994535,3.59563777636615,1.3856075126283856,4,observed_candidate_score_arithmetic,2.4052267808060916
H593-0dc7d62664f27ce00d40a1ab,AlkaSeltzer_36,1,0,TOKEN_QR,fixed0,True,1402,1,1,1402,1402,True,1402,True,HOLD,False,correct_unchanged,correct,0.0,0.0,0.0,1343,-4.56848063342342,1343,-4.56848063342342,-10.565246237057423,-15.133726870480842,False,4.56848063342342,15.133726870480842,4.56848063342342,10.565246237057423,7,observed_candidate_score_arithmetic,10.565246237057423
H593-0dc7d62664f27ce00d40a1ab,AlkaSeltzer_36,1,0,TOKEN_QRR_ANCHOR,fixed0,True,1402,1,1,1402,1402,True,1402,True,HOLD,False,correct_unchanged,correct,0.0,0.0,0.0,1343,-4.56848063342342,1343,-4.56848063342342,-15.195035849819643,-19.763516483243063,False,4.56848063342342,19.763516483243063,4.56848063342342,15.195035849819643,6,observed_candidate_score_arithmetic,15.195035849819643
H593-0dc7d62664f27ce00d40a1ab,AlkaSeltzer_36,1,0,TOKEN_QRR_MULTI,fixed0,True,1402,1,1,1402,1402,True,1402,True,HOLD,False,correct_unchanged,correct,0.0,0.0,0.0,1343,-4.56848063342342,1343,-4.56848063342342,-18.444666569183457,-23.013147202606877,False,4.56848063342342,23.013147202606877,4.56848063342342,18.444666569183457,5,observed_candidate_score_arithmetic,18.444666569183457
H593-0dd4951a9b49124b8f24958f,766-e9-infants-pain-and-fever,0,0,TOKEN_QR,fixed0,True,1134,1,1,1134,1134,True,1134,True,HOLD,False,correct_unchanged,correct,0.0,0.0,0.0,3671,-2.3790932644934926,3671,-2.3790932644934926,-4.570180950650165,-6.949274215143658,False,2.3790932644934926,6.949274215143658,2.3790932644934926,4.570180950650165,5,observed_candidate_score_arithmetic,4.570180950650165
H593-0dd4951a9b49124b8f24958f,766-e9-infants-pain-and-fever,0,0,TOKEN_QRR_ANCHOR,fixed0,True,1134,1,1,1134,1134,True,1134,True,HOLD,False,correct_unchanged,correct,0.0,0.0,0.0,3671,-2.3790932644934926,3671,-2.3790932644934926,-8.294188475248198,-10.673281739741691,False,2.3790932644934926,10.673281739741691,2.3790932644934926,8.294188475248198,5,observed_candidate_score_arithmetic,8.294188475248198
H593-0dd4951a9b49124b8f24958f,766-e9-infants-pain-and-fever,0,0,TOKEN_QRR_MULTI,fixed0,True,1134,1,1,1134,1134,True,1134,True,HOLD,False,correct_unchanged,correct,0.0,0.0,0.0,3671,-2.3790932644934926,3671,-2.3790932644934926,-5.098962131170713,-7.478055395664205,False,2.3790932644934926,7.478055395664205,2.3790932644934926,5.098962131170713,5,observed_candidate_score_arithmetic,5.098962131170712
H593-0de8c65af51ef20333889d71,469584,2,0,TOKEN_QR,fixed0,True,1032,1,1,1032,1032,True,1032,True,HOLD,False,correct_unchanged,correct,0.0,0.0,0.0,2920,-4.576346323372466,2920,-4.576346323372466,-2.6572630711821468,-7.2336093945546125,False,4.576346323372466,7.2336093945546125,4.576346323372466,2.6572630711821468,7,observed_candidate_score_arithmetic,2.6572630711821468
H593-0de8c65af51ef20333889d71,469584,2,0,TOKEN_QRR_ANCHOR,fixed0,True,1032,1,1,1032,1032,True,1032,True,HOLD,False,correct_unchanged,correct,0.0,0.0,0.0,2920,-4.576346323372466,2920,-4.576346323372466,-3.7082646932695758,-8.284611016642042,False,4.576346323372466,8.284611016642042,4.576346323372466,3.7082646932695758,5,observed_candidate_score_arithmetic,3.7082646932695766
H593-0de8c65af51ef20333889d71,469584,2,0,TOKEN_QRR_MULTI,fixed0,True,1032,1,1,1032,1032,True,1032,True,HOLD,False,correct_unchanged,correct,0.0,0.0,0.0,2920,-4.576346323372466,2920,-4.576346323372466,-2.587580154615382,-7.1639264779878475,False,4.576346323372466,7.1639264779878475,4.576346323372466,2.587580154615382,4,observed_candidate_score_arithmetic,2.587580154615382
H593-0e5d73ab749914eaaeb680ae,766-e9-infants-pain-and-fever,0,0,TOKEN_QR,fixed0,False,,,,4075,4075,False,4326,False,SWITCH,True,wrong_to_different_wrong,target_absent_from_C128,,,,4075,0.0,4326,-0.48338233047572454,1.1627296665564906,0.679347336080766,True,,,,,5,observed_candidate_score_arithmetic,
H593-0e5d73ab749914eaaeb680ae,766-e9-infants-pain-and-fever,0,0,TOKEN_QRR_ANCHOR,fixed0,False,,,,4075,4075,False,4326,False,SWITCH,True,wrong_to_different_wrong,target_absent_from_C128,,,,4075,0.0,4326,-0.48338233047572454,5.742341273771019,5.258958943295294,True,,,,,5,observed_candidate_score_arithmetic,
H593-0e5d73ab749914eaaeb680ae,766-e9-infants-pain-and-fever,0,0,TOKEN_QRR_MULTI,fixed0,False,,,,4075,4075,False,4326,False,SWITCH,True,wrong_to_different_wrong,target_absent_from_C128,,,,4075,0.0,4326,-0.48338233047572454,6.400078814349911,5.916696483874186,True,,,,,5,observed_candidate_score_arithmetic,
H593-0e8e2230acf18be9984a101b,766-e9-infants-pain-and-fever,0,0,TOKEN_QR,fixed0,True,1134,1,1,1134,1134,True,1134,True,HOLD,False,correct_unchanged,correct,0.0,0.0,0.0,3671,-2.0004016336144517,3671,-2.0004016336144517,-3.9845139371795995,-5.984915570794051,False,2.0004016336144517,5.984915570794051,2.0004016336144517,3.9845139371795995,5,observed_candidate_score_arithmetic,3.9845139371795995
H593-0e8e2230acf18be9984a101b,766-e9-infants-pain-and-fever,0,0,TOKEN_QRR_ANCHOR,fixed0,True,1134,1,1,1134,1134,True,1134,True,HOLD,False,correct_unchanged,correct,0.0,0.0,0.0,3671,-2.0004016336144517,3671,-2.0004016336144517,-6.606275492462414,-8.606677126076866,False,2.0004016336144517,8.606677126076866,2.0004016336144517,6.606275492462414,5,observed_candidate_score_arithmetic,6.606275492462414
H593-0e8e2230acf18be9984a101b,766-e9-infants-pain-and-fever,0,0,TOKEN_QRR_MULTI,fixed0,True,1134,1,1,1134,1134,True,1134,True,HOLD,False,correct_unchanged,correct,0.0,0.0,0.0,3671,-2.0004016336144517,3671,-2.0004016336144517,-4.795477007850213,-6.795878641464665,False,2.0004016336144517,6.795878641464665,2.0004016336144517,4.795477007850213,5,observed_candidate_score_arithmetic,4.795477007850213
H593-0ee088c09f80add39585ed84,lox01-0004-14,1,0,TOKEN_QR,fixed0,True,409,1,1,409,409,True,409,True,HOLD,False,correct_unchanged,correct,0.0,0.0,0.0,411,-8.505595813243366,411,-8.505595813243366,-12.753075970793375,-21.258671784036743,False,8.505595813243366,21.258671784036743,8.505595813243366,12.753075970793375,7,observed_candidate_score_arithmetic,12.753075970793377
H593-0ee088c09f80add39585ed84,lox01-0004-14,1,0,TOKEN_QRR_ANCHOR,fixed0,True,409,1,1,409,409,True,409,True,HOLD,False,correct_unchanged,correct,0.0,0.0,0.0,411,-8.505595813243366,411,-8.505595813243366,-12.465083266300283,-20.97067907954365,False,8.505595813243366,20.97067907954365,8.505595813243366,12.465083266300283,6,observed_candidate_score_arithmetic,12.465083266300285
H593-0ee088c09f80add39585ed84,lox01-0004-14,1,0,TOKEN_QRR_MULTI,fixed0,True,409,1,1,409,409,True,409,True,HOLD,False,correct_unchanged,correct,0.0,0.0,0.0,411,-8.505595813243366,411,-8.505595813243366,-13.020279119811022,-21.52587493305439,False,8.505595813243366,21.52587493305439,8.505595813243366,13.020279119811022,5,observed_candidate_score_arithmetic,13.020279119811024
H593-102e05de4bdefbe546c83578,964901_LR,0,0,TOKEN_QR,fixed0,False,,,,2728,3252,False,3252,False,SWITCH,False,wrong_unchanged,target_absent_from_C128,,,,3252,2.522279565568388,3252,2.522279565568388,0.34398561493129476,2.8662651804996826,False,,,,,5,observed_candidate_score_arithmetic,
H593-102e05de4bdefbe546c83578,964901_LR,0,0,TOKEN_QRR_ANCHOR,fixed0,False,,,,2728,3252,False,3252,False,SWITCH,False,wrong_unchanged,target_absent_from_C128,,,,3252,2.522279565568388,3252,2.522279565568388,-0.044561682450171336,2.4777178831182165,False,,,,,5,observed_candidate_score_arithmetic,
H593-102e05de4bdefbe546c83578,964901_LR,0,0,TOKEN_QRR_MULTI,fixed0,False,,,,2728,3252,False,3252,False,SWITCH,False,wrong_unchanged,target_absent_from_C128,,,,3252,2.522279565568388,3252,2.522279565568388,0.006881722368341947,2.52916128793673,False,,,,,5,observed_candidate_score_arithmetic,
H593-106aa1a451e3f1c3a21d37fe,AlkaSeltzer_36,1,0,TOKEN_QR,fixed0,True,1402,1,1,1022,1402,True,1402,True,SWITCH,False,correct_unchanged,correct,2.421357230864767,15.378678875308935,17.800036106173703,1022,0.0,1022,0.0,0.0,0.0,False,2.421357230864767,17.800036106173703,2.421357230864767,15.378678875308935,7,observed_candidate_score_arithmetic,15.378678875308935
H593-106aa1a451e3f1c3a21d37fe,AlkaSeltzer_36,1,0,TOKEN_QRR_ANCHOR,fixed0,True,1402,1,1,1022,1402,True,1402,True,SWITCH,False,correct_unchanged,correct,2.421357230864767,14.576027404340962,16.99738463520573,1022,0.0,1022,0.0,0.0,0.0,False,2.421357230864767,16.99738463520573,2.421357230864767,14.576027404340962,6,observed_candidate_score_arithmetic,14.576027404340962
H593-106aa1a451e3f1c3a21d37fe,AlkaSeltzer_36,1,0,TOKEN_QRR_MULTI,fixed0,True,1402,1,1,1022,1402,True,1402,True,SWITCH,False,correct_unchanged,correct,2.421357230864767,25.321161718193185,27.742518949057953,1022,0.0,1021,-2.8664835546306184,5.021288791839028,2.15480523720841,True,2.421357230864767,25.587713711849542,5.287840785495385,20.299872926354155,5,observed_candidate_score_arithmetic,23.166356480984774
H593-10e669d82eed33568754dbb1,anti caries toothpaste carton,4,0,TOKEN_QR,fixed0,True,3144,1,1,3144,3144,True,3144,True,HOLD,False,correct_unchanged,correct,0.0,0.0,0.0,4023,-8.581932496067516,4023,-8.581932496067516,-15.946573575415181,-24.528506071482695,False,8.581932496067516,24.528506071482695,8.581932496067516,15.946573575415181,6,observed_candidate_score_arithmetic,15.94657357541518
H593-10e669d82eed33568754dbb1,anti caries toothpaste carton,4,0,TOKEN_QRR_ANCHOR,fixed0,True,3144,1,1,3144,3144,True,3144,True,HOLD,False,correct_unchanged,correct,0.0,0.0,0.0,4023,-8.581932496067516,4023,-8.581932496067516,-14.900363372162792,-23.48229586823031,False,8.581932496067516,23.48229586823031,8.581932496067516,14.900363372162792,6,observed_candidate_score_arithmetic,14.900363372162793
H593-10e669d82eed33568754dbb1,anti caries toothpaste carton,4,0,TOKEN_QRR_MULTI,fixed0,True,3144,1,1,3144,3144,True,3144,True,HOLD,False,correct_unchanged,correct,0.0,0.0,0.0,4023,-8.581932496067516,4023,-8.581932496067516,-9.256607723541475,-17.83854021960899,False,8.581932496067516,17.83854021960899,8.581932496067516,9.256607723541475,4,observed_candidate_score_arithmetic,9.256607723541475
H593-118dee9f38aacba8f825b966,lox01-0004-14,1,0,TOKEN_QR,fixed0,True,409,1,1,409,409,True,409,True,HOLD,False,correct_unchanged,correct,0.0,0.0,0.0,411,-8.498409768129086,411,-8.498409768129086,-11.671309937510848,-20.169719705639935,False,8.498409768129086,20.169719705639935,8.498409768129086,11.671309937510848,7,observed_candidate_score_arithmetic,11.671309937510848
H593-118dee9f38aacba8f825b966,lox01-0004-14,1,0,TOKEN_QRR_ANCHOR,fixed0,True,409,1,1,409,409,True,409,True,HOLD,False,correct_unchanged,correct,0.0,0.0,0.0,411,-8.498409768129086,411,-8.498409768129086,-11.816403922446874,-20.31481369057596,False,8.498409768129086,20.31481369057596,8.498409768129086,11.816403922446874,6,observed_candidate_score_arithmetic,11.816403922446874
H593-118dee9f38aacba8f825b966,lox01-0004-14,1,0,TOKEN_QRR_MULTI,fixed0,True,409,1,1,409,409,True,409,True,HOLD,False,correct_unchanged,correct,0.0,0.0,0.0,411,-8.498409768129086,411,-8.498409768129086,-12.156586487233128,-20.654996255362214,False,8.498409768129086,20.654996255362214,8.498409768129086,12.156586487233128,5,observed_candidate_score_arithmetic,12.156586487233128
H593-12c93384cd26eac2b57b065b,3T3-bn-lansoprazole,4,0,TOKEN_QR,fixed0,True,996,1,1,3407,996,True,996,True,SWITCH,False,correct_unchanged,correct,1.2432795398133774,15.424966323428087,16.668245863241467,3407,0.0,2002,-0.6066520374959199,2.659505028287213,2.052852990791293,True,1.2432795398133774,14.615392872450172,1.8499315773092972,12.765461295140874,6,observed_candidate_score_arithmetic,13.372113332636795
H593-12c93384cd26eac2b57b065b,3T3-bn-lansoprazole,4,0,TOKEN_QRR_ANCHOR,fixed0,True,996,1,1,3407,996,True,996,True,SWITCH,False,correct_unchanged,correct,1.2432795398133774,15.419184244011227,16.662463783824606,3407,0.0,2002,-0.6066520374959199,4.403740352815879,3.797088315319959,True,1.2432795398133774,12.865375468504647,1.8499315773092972,11.015443891195348,6,observed_candidate_score_arithmetic,11.62209592869127
H593-12c93384cd26eac2b57b065b,3T3-bn-lansoprazole,4,0,TOKEN_QRR_MULTI,fixed0,True,996,1,1,3407,996,True,996,True,SWITCH,False,correct_unchanged,correct,1.2432795398133774,12.357140704794146,13.600420244607523,3407,0.0,953,-0.3586878465800718,4.024471008033073,3.6657831614530014,True,1.2432795398133774,9.934637083154522,1.6019673863934492,8.332669696761073,4,observed_candidate_score_arithmetic,8.691357543341145
H593-135d0a301829fc765ac62aca,athletes-01,4,0,TOKEN_QR,fixed0,True,3238,1,1,2501,3238,True,3238,True,SWITCH,False,correct_unchanged,correct,0.16435758495562547,3.4154433482084796,3.579800933164105,2501,0.0,2501,0.0,0.0,0.0,False,0.16435758495562547,3.579800933164105,0.16435758495562547,3.4154433482084796,6,observed_candidate_score_arithmetic,3.4154433482084796
H593-135d0a301829fc765ac62aca,athletes-01,4,0,TOKEN_QRR_ANCHOR,fixed0,True,3238,1,1,2501,3238,True,3238,True,SWITCH,False,correct_unchanged,correct,0.16435758495562547,4.140256465472524,4.304614050428149,2501,0.0,2501,0.0,0.0,0.0,False,0.16435758495562547,4.304614050428149,0.16435758495562547,4.140256465472524,6,observed_candidate_score_arithmetic,4.140256465472524
H593-135d0a301829fc765ac62aca,athletes-01,4,0,TOKEN_QRR_MULTI,fixed0,True,3238,1,1,2501,3238,True,3238,True,SWITCH,False,correct_unchanged,correct,0.16435758495562547,2.0481363435249724,2.212493928480598,2501,0.0,2501,0.0,0.0,0.0,False,0.16435758495562547,2.212493928480598,0.16435758495562547,2.0481363435249724,4,observed_candidate_score_arithmetic,2.0481363435249724
H593-13e342e35a49ea7a9a10b5ce,carton-1-gram-10-vial-pack-premier,2,0,TOKEN_QR,fixed0,True,5004,1,1,5004,5004,True,5004,True,HOLD,False,correct_unchanged,correct,0.0,0.0,0.0,4812,-3.856744900803421,4812,-3.856744900803421,-4.845139493061485,-8.701884393864905,False,3.856744900803421,8.701884393864905,3.856744900803421,4.845139493061485,7,observed_candidate_score_arithmetic,4.845139493061484
H593-13e342e35a49ea7a9a10b5ce,carton-1-gram-10-vial-pack-premier,2,0,TOKEN_QRR_ANCHOR,fixed0,True,5004,1,1,5004,5004,True,5004,True,HOLD,False,correct_unchanged,correct,0.0,0.0,0.0,4812,-3.856744900803421,4812,-3.856744900803421,-5.516602800263122,-9.373347701066542,False,3.856744900803421,9.373347701066542,3.856744900803421,5.516602800263122,5,observed_candidate_score_arithmetic,5.516602800263121
H593-13e342e35a49ea7a9a10b5ce,carton-1-gram-10-vial-pack-premier,2,0,TOKEN_QRR_MULTI,fixed0,True,5004,1,1,5004,5004,True,5004,True,HOLD,False,correct_unchanged,correct,0.0,0.0,0.0,4812,-3.856744900803421,4812,-3.856744900803421,-4.448371760434574,-8.305116661237996,False,3.856744900803421,8.305116661237996,3.856744900803421,4.448371760434574,4,observed_candidate_score_arithmetic,4.448371760434575
H593-14386333d65f4c444d23e372,dro0b-0001-04,2,0,TOKEN_QR,fixed0,True,304,1,1,304,304,True,304,True,HOLD,False,correct_unchanged,correct,0.0,0.0,0.0,303,-2.8626930521279816,303,-2.8626930521279816,-6.861023641332814,-9.723716693460796,False,2.8626930521279816,9.723716693460796,2.8626930521279816,6.861023641332814,7,observed_candidate_score_arithmetic,6.861023641332814
H593-14386333d65f4c444d23e372,dro0b-0001-04,2,0,TOKEN_QRR_ANCHOR,fixed0,True,304,1,1,304,304,True,304,True,HOLD,False,correct_unchanged,correct,0.0,0.0,0.0,303,-2.8626930521279816,303,-2.8626930521279816,-5.239160047857837,-8.101853099985819,False,2.8626930521279816,8.101853099985819,2.8626930521279816,5.239160047857837,5,observed_candidate_score_arithmetic,5.239160047857837
H593-14386333d65f4c444d23e372,dro0b-0001-04,2,0,TOKEN_QRR_MULTI,fixed0,True,304,1,1,304,304,True,304,True,HOLD,False,correct_unchanged,correct,0.0,0.0,0.0,303,-2.8626930521279816,303,-2.8626930521279816,-3.7922304826841176,-6.654923534812099,False,2.8626930521279816,6.654923534812099,2.8626930521279816,3.7922304826841176,4,observed_candidate_score_arithmetic,3.792230482684117
H593-14742ff288bf8a71f7d5208d,10 mL carton,4,0,TOKEN_QR,fixed0,True,0,1,1,0,0,True,0,True,HOLD,False,correct_unchanged,correct,0.0,0.0,0.0,91,-4.805489796449361,237,-5.917561771903674,-1.7236097315774934,-7.641171503481168,True,4.805489796449361,7.641171503481168,5.917561771903674,1.7236097315774934,6,observed_candidate_score_arithmetic,2.8356817070318066
H593-14742ff288bf8a71f7d5208d,10 mL carton,4,0,TOKEN_QRR_ANCHOR,fixed0,True,0,1,1,0,0,True,0,True,HOLD,False,correct_unchanged,correct,0.0,0.0,0.0,91,-4.805489796449361,237,-5.917561771903674,-5.716495057782067,-11.634056829685742,True,4.805489796449361,11.634056829685742,5.917561771903674,5.716495057782067,6,observed_candidate_score_arithmetic,6.82856703323638
H593-14742ff288bf8a71f7d5208d,10 mL carton,4,0,TOKEN_QRR_MULTI,fixed0,True,0,1,1,0,0,True,0,True,HOLD,False,correct_unchanged,correct,0.0,0.0,0.0,91,-4.805489796449361,91,-4.805489796449361,-3.557759166531956,-8.363248962981316,False,4.805489796449361,8.363248962981316,4.805489796449361,3.557759166531956,4,observed_candidate_score_arithmetic,3.5577591665319552
H593-147ee84e2fed004258fe44bc,kedbumin-02,1,0,TOKEN_QR,fixed0,True,4798,1,1,4798,4798,True,4798,True,HOLD,False,correct_unchanged,correct,0.0,0.0,0.0,4778,-9.326534592119025,4778,-9.326534592119025,-6.31001869705219,-15.636553289171214,False,9.326534592119025,15.636553289171214,9.326534592119025,6.31001869705219,7,observed_candidate_score_arithmetic,6.31001869705219
H593-147ee84e2fed004258fe44bc,kedbumin-02,1,0,TOKEN_QRR_ANCHOR,fixed0,True,4798,1,1,4798,4798,True,4798,True,HOLD,False,correct_unchanged,correct,0.0,0.0,0.0,4778,-9.326534592119025,4778,-9.326534592119025,-10.09810686842809,-19.424641460547114,False,9.326534592119025,19.424641460547114,9.326534592119025,10.09810686842809,6,observed_candidate_score_arithmetic,10.09810686842809
H593-147ee84e2fed004258fe44bc,kedbumin-02,1,0,TOKEN_QRR_MULTI,fixed0,True,4798,1,1,4798,4798,True,4798,True,HOLD,False,correct_unchanged,correct,0.0,0.0,0.0,4778,-9.326534592119025,4778,-9.326534592119025,-9.196040948397023,-18.522575540516048,False,9.326534592119025,18.522575540516048,9.326534592119025,9.196040948397023,5,observed_candidate_score_arithmetic,9.196040948397023
H593-148a11f5ffffec76fd85b3c8,3T3-bn-lansoprazole,4,0,TOKEN_QR,fixed0,True,996,8,7,3681,4534,False,1998,False,SWITCH,True,wrong_to_different_wrong,target_beats_RAW_but_wrong_challenger_wins,-0.23452668083925293,1.8742028758627118,1.6396761950234588,4534,0.4393723808694851,1998,-0.043577866571893886,4.24848027156354,4.204902404991646,True,-0.673899061708738,-2.5652262099681873,-0.19094881426735905,-2.3742773957008287,6,observed_candidate_score_arithmetic,-1.8913271482594491
H593-148a11f5ffffec76fd85b3c8,3T3-bn-lansoprazole,4,0,TOKEN_QRR_ANCHOR,fixed0,True,996,8,7,3681,4534,False,1998,False,SWITCH,True,wrong_to_different_wrong,target_beats_RAW_but_wrong_challenger_wins,-0.23452668083925293,2.467286870306501,2.2327601894672484,4534,0.4393723808694851,1998,-0.043577866571893886,4.322963071438389,4.279385204866495,True,-0.673899061708738,-2.0466250153992465,-0.19094881426735905,-1.855676201131888,6,observed_candidate_score_arithmetic,-1.3727259536905083
H593-148a11f5ffffec76fd85b3c8,3T3-bn-lansoprazole,4,0,TOKEN_QRR_MULTI,fixed0,True,996,8,7,3681,4534,False,4534,False,SWITCH,False,wrong_unchanged,target_beats_RAW_but_wrong_challenger_wins,-0.23452668083925293,0.9445877732498807,0.7100610924106279,4534,0.4393723808694851,4534,0.4393723808694851,1.2587994879462232,1.6981718688157084,False,-0.673899061708738,-0.9881107764050805,-0.673899061708738,-0.31421171469634246,4,observed_candidate_score_arithmetic,-0.31421171469634246
H593-14a2dd843bc26150f05949e9,anti caries toothpaste carton,4,0,TOKEN_QR,fixed0,True,3144,1,1,3144,3144,True,3144,True,HOLD,False,correct_unchanged,correct,0.0,0.0,0.0,4023,-9.983634952380305,2879,-10.938739991447864,-16.254141306253278,-27.192881297701142,True,9.983634952380305,27.192881297701142,10.938739991447864,16.254141306253278,6,observed_candidate_score_arithmetic,17.209246345320835
H593-14a2dd843bc26150f05949e9,anti caries toothpaste carton,4,0,TOKEN_QRR_ANCHOR,fixed0,True,3144,1,1,3144,3144,True,3144,True,HOLD,False,correct_unchanged,correct,0.0,0.0,0.0,4023,-9.983634952380305,4023,-9.983634952380305,-16.82035600375712,-26.803990956137426,False,9.983634952380305,26.803990956137426,9.983634952380305,16.82035600375712,6,observed_candidate_score_arithmetic,16.82035600375712
H593-14a2dd843bc26150f05949e9,anti caries toothpaste carton,4,0,TOKEN_QRR_MULTI,fixed0,True,3144,1,1,3144,3144,True,3144,True,HOLD,False,correct_unchanged,correct,0.0,0.0,0.0,4023,-9.983634952380305,4023,-9.983634952380305,-10.869804339367736,-20.85343929174804,False,9.983634952380305,20.85343929174804,9.983634952380305,10.869804339367736,4,observed_candidate_score_arithmetic,10.869804339367734
H593-1533c32a07d745928239de77,5fe0ce14-bc11-4b43-b002-7efdca0d3003-04,4,0,TOKEN_QR,fixed0,True,4776,2,1,4794,4794,False,4776,True,SWITCH,True,rescue,correct,-0.540169709376519,0.775316848680287,0.23514713930376807,4794,0.0,4794,0.0,0.0,0.0,False,-0.540169709376519,0.23514713930376807,-0.540169709376519,0.775316848680287,6,observed_candidate_score_arithmetic,0.775316848680287
H593-1533c32a07d745928239de77,5fe0ce14-bc11-4b43-b002-7efdca0d3003-04,4,0,TOKEN_QRR_ANCHOR,fixed0,True,4776,2,1,4794,4794,False,4776,True,SWITCH,True,rescue,correct,-0.540169709376519,2.449405970661009,1.90923626128449,4794,0.0,4794,0.0,0.0,0.0,False,-0.540169709376519,1.90923626128449,-0.540169709376519,2.449405970661009,6,observed_candidate_score_arithmetic,2.449405970661009
H593-1533c32a07d745928239de77,5fe0ce14-bc11-4b43-b002-7efdca0d3003-04,4,0,TOKEN_QRR_MULTI,fixed0,True,4776,2,1,4794,4794,False,4776,True,SWITCH,True,rescue,correct,-0.540169709376519,1.9738431551819957,1.4336734458054767,4794,0.0,4794,0.0,0.0,0.0,False,-0.540169709376519,1.4336734458054767,-0.540169709376519,1.9738431551819957,4,observed_candidate_score_arithmetic,1.9738431551819957
H593-156bfb4a63653eec1f65ecda,469584,2,0,TOKEN_QR,fixed0,True,1032,1,1,1032,1032,True,1032,True,HOLD,False,correct_unchanged,correct,0.0,0.0,0.0,4034,-4.68751723909114,4034,-4.68751723909114,-9.516320146432378,-14.203837385523517,False,4.68751723909114,14.203837385523517,4.68751723909114,9.516320146432378,7,observed_candidate_score_arithmetic,9.516320146432378
H593-156bfb4a63653eec1f65ecda,469584,2,0,TOKEN_QRR_ANCHOR,fixed0,True,1032,1,1,1032,1032,True,1032,True,HOLD,False,correct_unchanged,correct,0.0,0.0,0.0,4034,-4.68751723909114,4034,-4.68751723909114,-5.889558479052996,-10.577075718144137,False,4.68751723909114,10.577075718144137,4.68751723909114,5.889558479052996,5,observed_candidate_score_arithmetic,5.8895584790529965
H593-156bfb4a63653eec1f65ecda,469584,2,0,TOKEN_QRR_MULTI,fixed0,True,1032,1,1,1032,1032,True,1032,True,HOLD,False,correct_unchanged,correct,0.0,0.0,0.0,4034,-4.68751723909114,4034,-4.68751723909114,-3.8276144375955345,-8.515131676686675,False,4.68751723909114,8.515131676686675,4.68751723909114,3.8276144375955345,4,observed_candidate_score_arithmetic,3.8276144375955345
H593-158f7a5d2bb5969248c9eb5c,askindr carton,3,0,TOKEN_QR,fixed0,True,3208,1,1,3208,3208,True,3208,True,HOLD,False,correct_unchanged,correct,0.0,0.0,0.0,1231,-10.36786622578164,4482,-11.736305001491024,-11.41844032380059,-23.154745325291614,True,10.36786622578164,23.154745325291614,11.736305001491024,11.41844032380059,6,observed_candidate_score_arithmetic,12.786879099509974
H593-158f7a5d2bb5969248c9eb5c,askindr carton,3,0,TOKEN_QRR_ANCHOR,fixed0,True,3208,1,1,3208,3208,True,3208,True,HOLD,False,correct_unchanged,correct,0.0,0.0,0.0,1231,-10.36786622578164,3448,-10.481165949910539,-13.787264937351555,-24.26843088726209,True,10.36786622578164,24.26843088726209,10.481165949910539,13.787264937351555,6,observed_candidate_score_arithmetic,13.900564661480452
H593-158f7a5d2bb5969248c9eb5c,askindr carton,3,0,TOKEN_QRR_MULTI,fixed0,True,3208,1,1,3208,3208,True,3208,True,HOLD,False,correct_unchanged,correct,0.0,0.0,0.0,1231,-10.36786622578164,3448,-10.481165949910539,-13.585364162037443,-24.066530111947984,True,10.36786622578164,24.066530111947984,10.481165949910539,13.585364162037443,5,observed_candidate_score_arithmetic,13.698663886166344
H593-1608d9630ec3a84e25e593bc,6941714017-1,0,0,TOKEN_QR,fixed0,True,1114,1,1,693,1114,True,1114,True,SWITCH,False,correct_unchanged,correct,2.9110701731301516,6.512192405024025,9.423262578154176,3595,0.43324112368810064,3595,0.43324112368810064,2.842953812519834,3.2761949362079346,False,2.477829049442051,6.147067641946242,2.477829049442051,3.6692385925041906,5,observed_candidate_score_arithmetic,3.6692385925041906
H593-1608d9630ec3a84e25e593bc,6941714017-1,0,0,TOKEN_QRR_ANCHOR,fixed0,True,1114,1,1,693,1114,True,1114,True,SWITCH,False,correct_unchanged,correct,2.9110701731301516,9.751728106858494,12.662798279988646,3595,0.43324112368810064,3595,0.43324112368810064,6.545749936800958,6.978991060489059,False,2.477829049442051,5.683807219499587,2.477829049442051,3.205978170057535,5,observed_candidate_score_arithmetic,3.205978170057536
H593-1608d9630ec3a84e25e593bc,6941714017-1,0,0,TOKEN_QRR_MULTI,fixed0,True,1114,1,1,693,1114,True,1114,True,SWITCH,False,correct_unchanged,correct,2.9110701731301516,13.927483854736924,16.838554027867076,3595,0.43324112368810064,3595,0.43324112368810064,9.171425712665203,9.604666836353303,False,2.477829049442051,7.233887191513773,2.477829049442051,4.756058142071721,5,observed_candidate_score_arithmetic,4.756058142071722
H593-163df34acba78d2b4f94a0d0,77l96n1c1,1,0,TOKEN_QR,fixed0,True,4861,1,1,4861,4861,True,4861,True,HOLD,False,correct_unchanged,correct,0.0,0.0,0.0,5375,-6.989950581296189,128,-11.603102636879687,-2.100672635025429,-13.703775271905116,True,6.989950581296189,13.703775271905116,11.603102636879687,2.100672635025429,7,observed_candidate_score_arithmetic,6.713824690608926
H593-163df34acba78d2b4f94a0d0,77l96n1c1,1,0,TOKEN_QRR_ANCHOR,fixed0,True,4861,1,1,4861,4861,True,4861,True,HOLD,False,correct_unchanged,correct,0.0,0.0,0.0,5375,-6.989950581296189,4891,-10.125668052594788,-6.482172207662853,-16.607840260257642,True,6.989950581296189,16.607840260257642,10.125668052594788,6.482172207662853,6,observed_candidate_score_arithmetic,9.617889678961454
H593-163df34acba78d2b4f94a0d0,77l96n1c1,1,0,TOKEN_QRR_MULTI,fixed0,True,4861,1,1,4861,4861,True,4861,True,HOLD,False,correct_unchanged,correct,0.0,0.0,0.0,5375,-6.989950581296189,4891,-10.125668052594788,-6.646483688269298,-16.772151740864086,True,6.989950581296189,16.772151740864086,10.125668052594788,6.646483688269298,5,observed_candidate_score_arithmetic,9.782201159567897
H593-1652082eb7bdd4e18f2fa4e2,com0n-0000-04,1,0,TOKEN_QR,fixed0,True,265,1,1,265,265,True,265,True,HOLD,False,correct_unchanged,correct,0.0,0.0,0.0,262,-1.7055069404721734,264,-1.8683219251951173,-0.45579205042339765,-2.324113975618515,True,1.7055069404721734,2.324113975618515,1.8683219251951173,0.45579205042339765,7,observed_candidate_score_arithmetic,0.6186070351463415
H593-1652082eb7bdd4e18f2fa4e2,com0n-0000-04,1,0,TOKEN_QRR_ANCHOR,fixed0,True,265,1,1,265,265,True,265,True,HOLD,False,correct_unchanged,correct,0.0,0.0,0.0,262,-1.7055069404721734,266,-1.924088152842088,0.09949026117857196,-1.824597891663516,True,1.7055069404721734,1.824597891663516,1.924088152842088,-0.09949026117857196,6,observed_candidate_score_arithmetic,0.1190909511913425
H593-1652082eb7bdd4e18f2fa4e2,com0n-0000-04,1,0,TOKEN_QRR_MULTI,fixed0,True,265,1,1,265,265,True,265,True,HOLD,False,correct_unchanged,correct,0.0,0.0,0.0,262,-1.7055069404721734,266,-1.924088152842088,-2.020372108645257,-3.944460261487345,True,1.7055069404721734,3.944460261487345,1.924088152842088,2.020372108645257,5,observed_candidate_score_arithmetic,2.2389533210151713
H593-17128afb252013a8b2a0ee5f,Baby spec cream 60 ml_Jun21-Output,2,0,TOKEN_QR,fixed0,True,1641,1,1,1641,1641,True,1641,True,HOLD,False,correct_unchanged,correct,0.0,0.0,0.0,2305,-9.856747859531778,2305,-9.856747859531778,-16.013486709092103,-25.87023456862388,False,9.856747859531778,25.87023456862388,9.856747859531778,16.013486709092103,7,observed_candidate_score_arithmetic,16.0134867090921
H593-17128afb252013a8b2a0ee5f,Baby spec cream 60 ml_Jun21-Output,2,0,TOKEN_QRR_ANCHOR,fixed0,True,1641,1,1,1641,1641,True,1641,True,HOLD,False,correct_unchanged,correct,0.0,0.0,0.0,2305,-9.856747859531778,2305,-9.856747859531778,-13.49285378373235,-23.34960164326413,False,9.856747859531778,23.34960164326413,9.856747859531778,13.49285378373235,5,observed_candidate_score_arithmetic,13.492853783732352
H593-17128afb252013a8b2a0ee5f,Baby spec cream 60 ml_Jun21-Output,2,0,TOKEN_QRR_MULTI,fixed0,True,1641,1,1,1641,1641,True,1641,True,HOLD,False,correct_unchanged,correct,0.0,0.0,0.0,2305,-9.856747859531778,2305,-9.856747859531778,-12.163425853450512,-22.02017371298229,False,9.856747859531778,22.02017371298229,9.856747859531778,12.163425853450512,4,observed_candidate_score_arithmetic,12.163425853450514
H593-1720428a3a7802dc9dfc49e4,300000538_R-00_Final,3,0,TOKEN_QR,fixed0,False,,,,892,892,False,1875,False,SWITCH,True,wrong_to_different_wrong,target_absent_from_C128,,,,892,0.0,1875,-0.1540603872669548,1.7444956771232558,1.590435289856301,True,,,,,6,observed_candidate_score_arithmetic,
H593-1720428a3a7802dc9dfc49e4,300000538_R-00_Final,3,0,TOKEN_QRR_ANCHOR,fixed0,False,,,,892,892,False,4512,False,SWITCH,True,wrong_to_different_wrong,target_absent_from_C128,,,,892,0.0,4512,-1.7095219393899095,4.723220984967835,3.0136990455779253,True,,,,,6,observed_candidate_score_arithmetic,
H593-1720428a3a7802dc9dfc49e4,300000538_R-00_Final,3,0,TOKEN_QRR_MULTI,fixed0,False,,,,892,892,False,1875,False,SWITCH,True,wrong_to_different_wrong,target_absent_from_C128,,,,892,0.0,1875,-0.1540603872669548,2.1264956373569435,1.9724352500899887,True,,,,,5,observed_candidate_score_arithmetic,
H593-172289962b84290bc00b6b57,83324304-60,0,0,TOKEN_QR,fixed0,True,1145,1,1,1145,1145,True,1145,True,HOLD,False,correct_unchanged,correct,0.0,0.0,0.0,2267,-5.212537754654177,2003,-5.494007764387019,-1.0827488079496792,-6.5767565723366985,True,5.212537754654177,6.5767565723366985,5.494007764387019,1.0827488079496792,5,observed_candidate_score_arithmetic,1.3642188176825218
H593-172289962b84290bc00b6b57,83324304-60,0,0,TOKEN_QRR_ANCHOR,fixed0,True,1145,1,1,1145,1145,True,1145,True,HOLD,False,correct_unchanged,correct,0.0,0.0,0.0,2267,-5.212537754654177,2003,-5.494007764387019,-2.915906493137054,-8.409914257524074,True,5.212537754654177,8.409914257524074,5.494007764387019,2.915906493137054,5,observed_candidate_score_arithmetic,3.197376502869897
H593-172289962b84290bc00b6b57,83324304-60,0,0,TOKEN_QRR_MULTI,fixed0,True,1145,1,1,1145,1145,True,1145,True,HOLD,False,correct_unchanged,correct,0.0,0.0,0.0,2267,-5.212537754654177,2003,-5.494007764387019,-4.089546900316807,-9.583554664703826,True,5.212537754654177,9.583554664703826,5.494007764387019,4.089546900316807,5,observed_candidate_score_arithmetic,4.371016910049649
H593-174dc7ecf520dfa933141c09,bravecto-07,2,0,TOKEN_QR,fixed0,True,221,2,2,219,219,False,219,False,HOLD,False,wrong_unchanged,target_present_but_HOLD_wrong_RAW,-1.1407043248029713,-1.7230259077051215,-2.863730232508093,219,0.0,219,0.0,0.0,0.0,False,-1.1407043248029713,-2.863730232508093,-1.1407043248029713,-1.7230259077051215,7,observed_candidate_score_arithmetic,-1.7230259077051218
H593-174dc7ecf520dfa933141c09,bravecto-07,2,0,TOKEN_QRR_ANCHOR,fixed0,True,221,2,3,219,219,False,219,False,HOLD,False,wrong_unchanged,target_present_but_HOLD_wrong_RAW,-1.1407043248029713,-2.2456806466100385,-3.38638497141301,219,0.0,219,0.0,0.0,0.0,False,-1.1407043248029713,-3.38638497141301,-1.1407043248029713,-2.2456806466100385,5,observed_candidate_score_arithmetic,-2.2456806466100385
H593-174dc7ecf520dfa933141c09,bravecto-07,2,0,TOKEN_QRR_MULTI,fixed0,True,221,2,2,219,219,False,219,False,HOLD,False,wrong_unchanged,target_present_but_HOLD_wrong_RAW,-1.1407043248029713,-1.332327834801948,-2.4730321596049194,219,0.0,219,0.0,0.0,0.0,False,-1.1407043248029713,-2.4730321596049194,-1.1407043248029713,-1.332327834801948,4,observed_candidate_score_arithmetic,-1.332327834801948
H593-178d10ad3076a41e89d549dd,Bacitracin Zinc Ointment USP Carton 0.5oz(14.2g) Rev 02-22,4,0,TOKEN_QR,fixed0,True,1652,1,1,1652,1652,True,1652,True,HOLD,False,correct_unchanged,correct,0.0,0.0,0.0,1653,-2.3116677315013465,1653,-2.3116677315013465,-1.114640293669634,-3.4263080251709805,False,2.3116677315013465,3.4263080251709805,2.3116677315013465,1.114640293669634,6,observed_candidate_score_arithmetic,1.114640293669634
H593-178d10ad3076a41e89d549dd,Bacitracin Zinc Ointment USP Carton 0.5oz(14.2g) Rev 02-22,4,0,TOKEN_QRR_ANCHOR,fixed0,True,1652,1,1,1652,1652,True,1652,True,HOLD,False,correct_unchanged,correct,0.0,0.0,0.0,1653,-2.3116677315013465,1653,-2.3116677315013465,-2.9936126936158693,-5.305280425117216,False,2.3116677315013465,5.305280425117216,2.3116677315013465,2.9936126936158693,6,observed_candidate_score_arithmetic,2.9936126936158693
H593-178d10ad3076a41e89d549dd,Bacitracin Zinc Ointment USP Carton 0.5oz(14.2g) Rev 02-22,4,0,TOKEN_QRR_MULTI,fixed0,True,1652,1,1,1652,1652,True,1652,True,HOLD,False,correct_unchanged,correct,0.0,0.0,0.0,1653,-2.3116677315013465,1653,-2.3116677315013465,1.5658955595391018,-0.7457721719622448,False,2.3116677315013465,0.7457721719622448,2.3116677315013465,-1.5658955595391018,4,observed_candidate_score_arithmetic,-1.5658955595391018
H593-17e5724183278e475c4a304d,vetoryl-09,2,0,TOKEN_QR,fixed0,True,512,2,1,508,508,False,512,True,SWITCH,True,rescue,correct,-0.43983895382717625,0.5780794436327703,0.13824048980559406,508,0.0,508,0.0,0.0,0.0,False,-0.43983895382717625,0.13824048980559406,-0.43983895382717625,0.5780794436327703,7,observed_candidate_score_arithmetic,0.5780794436327703
H593-17e5724183278e475c4a304d,vetoryl-09,2,0,TOKEN_QRR_ANCHOR,fixed0,True,512,2,1,508,508,False,512,True,SWITCH,True,rescue,correct,-0.43983895382717625,0.4421173417758131,0.0022783879486368286,508,0.0,508,0.0,0.0,0.0,False,-0.43983895382717625,0.0022783879486368286,-0.43983895382717625,0.4421173417758131,5,observed_candidate_score_arithmetic,0.4421173417758131
H593-17e5724183278e475c4a304d,vetoryl-09,2,0,TOKEN_QRR_MULTI,fixed0,True,512,2,1,508,508,False,512,True,SWITCH,True,rescue,correct,-0.43983895382717625,0.626474533066153,0.18663557923897672,508,0.0,508,0.0,0.0,0.0,False,-0.43983895382717625,0.18663557923897672,-0.43983895382717625,0.626474533066153,4,observed_candidate_score_arithmetic,0.626474533066153
H593-19cc2c81ca081e39a7d72b99,vetoryl-09,2,0,TOKEN_QR,fixed0,True,512,10,9,337,337,False,337,False,HOLD,False,wrong_unchanged,target_present_but_HOLD_wrong_RAW,-3.2993934536250085,0.29800516041702174,-3.0013882932079867,337,0.0,337,0.0,0.0,0.0,False,-3.2993934536250085,-3.0013882932079867,-3.2993934536250085,0.29800516041702174,7,observed_candidate_score_arithmetic,0.29800516041702174
H593-19cc2c81ca081e39a7d72b99,vetoryl-09,2,0,TOKEN_QRR_ANCHOR,fixed0,True,512,10,12,337,337,False,337,False,HOLD,False,wrong_unchanged,target_present_but_HOLD_wrong_RAW,-3.2993934536250085,-0.7818819943430695,-4.081275447968078,337,0.0,337,0.0,0.0,0.0,False,-3.2993934536250085,-4.081275447968078,-3.2993934536250085,-0.7818819943430695,5,observed_candidate_score_arithmetic,-0.7818819943430699
H593-19cc2c81ca081e39a7d72b99,vetoryl-09,2,0,TOKEN_QRR_MULTI,fixed0,True,512,10,11,337,337,False,337,False,HOLD,False,wrong_unchanged,target_present_but_HOLD_wrong_RAW,-3.2993934536250085,-1.1917316210001048,-4.4911250746251135,337,0.0,337,0.0,0.0,0.0,False,-3.2993934536250085,-4.4911250746251135,-3.2993934536250085,-1.1917316210001048,4,observed_candidate_score_arithmetic,-1.191731621000105
H593-1a93fb96ae91549c4629e69e,6941714017-1,0,0,TOKEN_QR,fixed0,True,1114,1,1,1114,1114,True,1114,True,HOLD,False,correct_unchanged,correct,0.0,0.0,0.0,3293,-6.721791893491139,3030,-6.903087844320046,-1.5986795395300244,-8.501767383850071,True,6.721791893491139,8.501767383850071,6.903087844320046,1.5986795395300244,5,observed_candidate_score_arithmetic,1.7799754903589315
H593-1a93fb96ae91549c4629e69e,6941714017-1,0,0,TOKEN_QRR_ANCHOR,fixed0,True,1114,1,1,1114,1114,True,1114,True,HOLD,False,correct_unchanged,correct,0.0,0.0,0.0,3293,-6.721791893491139,3030,-6.903087844320046,-3.3322061378936607,-10.235293982213706,True,6.721791893491139,10.235293982213706,6.903087844320046,3.3322061378936607,5,observed_candidate_score_arithmetic,3.513502088722567
H593-1a93fb96ae91549c4629e69e,6941714017-1,0,0,TOKEN_QRR_MULTI,fixed0,True,1114,1,1,1114,1114,True,1114,True,HOLD,False,correct_unchanged,correct,0.0,0.0,0.0,3293,-6.721791893491139,3030,-6.903087844320046,-4.5485955853073055,-11.451683429627352,True,6.721791893491139,11.451683429627352,6.903087844320046,4.5485955853073055,5,observed_candidate_score_arithmetic,4.729891536136212
H593-1ab5d06d095c1ab6749b227c,83324304-60,0,0,TOKEN_QR,fixed0,True,1145,1,1,1145,1145,True,1145,True,HOLD,False,correct_unchanged,correct,0.0,0.0,0.0,2784,-5.045258568643058,2003,-5.797450905656556,-2.678491659120942,-8.475942564777498,True,5.045258568643058,8.475942564777498,5.797450905656556,2.678491659120942,5,observed_candidate_score_arithmetic,3.430683996134439
H593-1ab5d06d095c1ab6749b227c,83324304-60,0,0,TOKEN_QRR_ANCHOR,fixed0,True,1145,1,1,1145,1145,True,1145,True,HOLD,False,correct_unchanged,correct,0.0,0.0,0.0,2784,-5.045258568643058,2003,-5.797450905656556,-6.51492958146446,-12.312380487121017,True,5.045258568643058,12.312380487121017,5.797450905656556,6.51492958146446,5,observed_candidate_score_arithmetic,7.267121918477958
H593-1ab5d06d095c1ab6749b227c,83324304-60,0,0,TOKEN_QRR_MULTI,fixed0,True,1145,1,1,1145,1145,True,1145,True,HOLD,False,correct_unchanged,correct,0.0,0.0,0.0,2784,-5.045258568643058,2003,-5.797450905656556,-8.31377011296783,-14.111221018624388,True,5.045258568643058,14.111221018624388,5.797450905656556,8.31377011296783,5,observed_candidate_score_arithmetic,9.06596244998133
H593-1aee8f8c27c19ea85c3d7d4b,kedbumin-02,1,0,TOKEN_QR,fixed0,True,4798,1,1,4798,4798,True,4798,True,HOLD,False,correct_unchanged,correct,0.0,0.0,0.0,4778,-5.879510794706164,4778,-5.879510794706164,-1.819339891691932,-7.698850686398096,False,5.879510794706164,7.698850686398096,5.879510794706164,1.819339891691932,7,observed_candidate_score_arithmetic,1.819339891691932
H593-1aee8f8c27c19ea85c3d7d4b,kedbumin-02,1,0,TOKEN_QRR_ANCHOR,fixed0,True,4798,1,1,4798,4798,True,4798,True,HOLD,False,correct_unchanged,correct,0.0,0.0,0.0,4778,-5.879510794706164,4778,-5.879510794706164,-4.844445999982957,-10.723956794689121,False,5.879510794706164,10.723956794689121,5.879510794706164,4.844445999982957,6,observed_candidate_score_arithmetic,4.844445999982957
H593-1aee8f8c27c19ea85c3d7d4b,kedbumin-02,1,0,TOKEN_QRR_MULTI,fixed0,True,4798,1,1,4798,4798,True,4798,True,HOLD,False,correct_unchanged,correct,0.0,0.0,0.0,4778,-5.879510794706164,4778,-5.879510794706164,-2.066746998834848,-7.946257793541012,False,5.879510794706164,7.946257793541012,5.879510794706164,2.066746998834848,5,observed_candidate_score_arithmetic,2.066746998834848
H593-1af45e7f0d56a52adeb60b07,964901_LR,0,0,TOKEN_QR,fixed0,True,1183,6,1,3250,1980,False,1183,True,SWITCH,True,rescue,correct,1.427737629339635,4.7932068017778455,6.220944431117481,1980,3.239749107784382,1980,3.239749107784382,2.6967306649960836,5.936479772780466,False,-1.812011478444747,0.28446465833701495,-1.812011478444747,2.096476136781762,5,observed_candidate_score_arithmetic,2.096476136781762
H593-1af45e7f0d56a52adeb60b07,964901_LR,0,0,TOKEN_QRR_ANCHOR,fixed0,True,1183,6,1,3250,1980,False,1183,True,SWITCH,True,rescue,correct,1.427737629339635,6.337188798563821,7.764926427903456,1980,3.239749107784382,1980,3.239749107784382,3.47325859576619,6.713007703550572,False,-1.812011478444747,1.051918724352884,-1.812011478444747,2.8639302027976306,5,observed_candidate_score_arithmetic,2.863930202797631
H593-1af45e7f0d56a52adeb60b07,964901_LR,0,0,TOKEN_QRR_MULTI,fixed0,True,1183,6,2,3250,1980,False,1980,False,SWITCH,False,wrong_unchanged,target_beats_RAW_but_wrong_challenger_wins,1.427737629339635,6.108603788401054,7.536341417740689,1980,3.239749107784382,1980,3.239749107784382,5.039651331762148,8.27940043954653,False,-1.812011478444747,-0.7430590218058404,-1.812011478444747,1.0689524566389066,5,observed_candidate_score_arithmetic,1.0689524566389066
H593-1b38ef6880169a631e184725,ciprofloxacin-ophthalmic-solution-2pt5ml-carton,0,0,TOKEN_QR,fixed0,True,5053,1,1,5053,5053,True,5053,True,HOLD,False,correct_unchanged,correct,0.0,0.0,0.0,5395,-2.3735092329602465,5395,-2.3735092329602465,-0.31384865979002363,-2.68735789275027,False,2.3735092329602465,2.68735789275027,2.3735092329602465,0.31384865979002363,5,observed_candidate_score_arithmetic,0.31384865979002363
H593-1b38ef6880169a631e184725,ciprofloxacin-ophthalmic-solution-2pt5ml-carton,0,0,TOKEN_QRR_ANCHOR,fixed0,True,5053,1,1,5053,5053,True,5053,True,HOLD,False,correct_unchanged,correct,0.0,0.0,0.0,5395,-2.3735092329602465,5038,-3.367980361208424,-1.89264625127434,-5.260626612482763,True,2.3735092329602465,5.260626612482763,3.367980361208424,1.89264625127434,5,observed_candidate_score_arithmetic,2.887117379522517
H593-1b38ef6880169a631e184725,ciprofloxacin-ophthalmic-solution-2pt5ml-carton,0,0,TOKEN_QRR_MULTI,fixed0,True,5053,1,1,5053,5053,True,5053,True,HOLD,False,correct_unchanged,correct,0.0,0.0,0.0,5395,-2.3735092329602465,5395,-2.3735092329602465,-2.338946543033517,-4.712455775993764,False,2.3735092329602465,4.712455775993764,2.3735092329602465,2.338946543033517,5,observed_candidate_score_arithmetic,2.3389465430335172
H593-1bab76bb2cce8605543067d4,964901_LR,0,0,TOKEN_QR,fixed0,True,1183,1,1,1183,1183,True,1183,True,HOLD,False,correct_unchanged,correct,0.0,0.0,0.0,1906,-8.86005210035917,3659,-8.883165782061166,-6.421245703729088,-15.304411485790254,True,8.86005210035917,15.304411485790254,8.883165782061166,6.421245703729088,5,observed_candidate_score_arithmetic,6.444359385431085
H593-1bab76bb2cce8605543067d4,964901_LR,0,0,TOKEN_QRR_ANCHOR,fixed0,True,1183,1,1,1183,1183,True,1183,True,HOLD,False,correct_unchanged,correct,0.0,0.0,0.0,1906,-8.86005210035917,3659,-8.883165782061166,-10.514121375664606,-19.39728715772577,True,8.86005210035917,19.39728715772577,8.883165782061166,10.514121375664606,5,observed_candidate_score_arithmetic,10.537235057366601
H593-1bab76bb2cce8605543067d4,964901_LR,0,0,TOKEN_QRR_MULTI,fixed0,True,1183,1,1,1183,1183,True,1183,True,HOLD,False,correct_unchanged,correct,0.0,0.0,0.0,1906,-8.86005210035917,3659,-8.883165782061166,-12.072858399830583,-20.95602418189175,True,8.86005210035917,20.95602418189175,8.883165782061166,12.072858399830583,5,observed_candidate_score_arithmetic,12.09597208153258
H593-1bdb2bfae2aae669afa4627f,964901_LR,0,0,TOKEN_QR,fixed0,True,1183,1,1,1183,1183,True,1183,True,HOLD,False,correct_unchanged,correct,0.0,0.0,0.0,1042,-7.663675651826155,3659,-8.070802282710055,-2.834136792245843,-10.904939074955898,True,7.663675651826155,10.904939074955898,8.070802282710055,2.834136792245843,5,observed_candidate_score_arithmetic,3.241263423129743
H593-1bdb2bfae2aae669afa4627f,964901_LR,0,0,TOKEN_QRR_ANCHOR,fixed0,True,1183,1,1,1183,1183,True,1183,True,HOLD,False,correct_unchanged,correct,0.0,0.0,0.0,1042,-7.663675651826155,3659,-8.070802282710055,-4.0388722512410755,-12.10967453395113,True,7.663675651826155,12.10967453395113,8.070802282710055,4.0388722512410755,5,observed_candidate_score_arithmetic,4.445998882124975
H593-1bdb2bfae2aae669afa4627f,964901_LR,0,0,TOKEN_QRR_MULTI,fixed0,True,1183,1,1,1183,1183,True,1183,True,HOLD,False,correct_unchanged,correct,0.0,0.0,0.0,1042,-7.663675651826155,3659,-8.070802282710055,-5.026659238404826,-13.09746152111488,True,7.663675651826155,13.09746152111488,8.070802282710055,5.026659238404826,5,observed_candidate_score_arithmetic,5.433785869288725
H593-1bef63e477961c10e0077a91,anti caries toothpaste carton,4,0,TOKEN_QR,fixed0,True,3144,3,2,4023,4023,False,4023,False,HOLD,False,wrong_unchanged,target_present_but_HOLD_wrong_RAW,-3.1677985585773927,1.989369073325944,-1.1784294852514487,4023,0.0,4023,0.0,0.0,0.0,False,-3.1677985585773927,-1.1784294852514487,-3.1677985585773927,1.989369073325944,6,observed_candidate_score_arithmetic,1.989369073325944
H593-1bef63e477961c10e0077a91,anti caries toothpaste carton,4,0,TOKEN_QRR_ANCHOR,fixed0,True,3144,3,2,4023,4023,False,4023,False,HOLD,False,wrong_unchanged,target_present_but_HOLD_wrong_RAW,-3.1677985585773927,2.714582802097211,-0.45321575648018175,4023,0.0,4023,0.0,0.0,0.0,False,-3.1677985585773927,-0.45321575648018175,-3.1677985585773927,2.714582802097211,6,observed_candidate_score_arithmetic,2.714582802097211
H593-1bef63e477961c10e0077a91,anti caries toothpaste carton,4,0,TOKEN_QRR_MULTI,fixed0,True,3144,3,2,4023,4023,False,4023,False,HOLD,False,wrong_unchanged,target_present_but_HOLD_wrong_RAW,-3.1677985585773927,1.1548383570851206,-2.0129602014922723,4023,0.0,4023,0.0,0.0,0.0,False,-3.1677985585773927,-2.0129602014922723,-3.1677985585773927,1.1548383570851206,4,observed_candidate_score_arithmetic,1.1548383570851204
H593-1c5e61610edb8626ae77f9f6,AntifluDesbx,2,0,TOKEN_QR,fixed0,True,1424,1,1,1424,1424,True,1424,True,HOLD,False,correct_unchanged,correct,0.0,0.0,0.0,1097,-5.752297877647521,3862,-5.9152181619747815,-5.551506416169005,-11.466724578143786,True,5.752297877647521,11.466724578143786,5.9152181619747815,5.551506416169005,7,observed_candidate_score_arithmetic,5.714426700496265
H593-1c5e61610edb8626ae77f9f6,AntifluDesbx,2,0,TOKEN_QRR_ANCHOR,fixed0,True,1424,1,1,1424,1424,True,1424,True,HOLD,False,correct_unchanged,correct,0.0,0.0,0.0,1097,-5.752297877647521,3862,-5.9152181619747815,-4.074520132552575,-9.989738294527356,True,5.752297877647521,9.989738294527356,5.9152181619747815,4.074520132552575,5,observed_candidate_score_arithmetic,4.237440416879835
H593-1c5e61610edb8626ae77f9f6,AntifluDesbx,2,0,TOKEN_QRR_MULTI,fixed0,True,1424,1,1,1424,1424,True,1424,True,HOLD,False,correct_unchanged,correct,0.0,0.0,0.0,1097,-5.752297877647521,3862,-5.9152181619747815,-5.585786132826869,-11.50100429480165,True,5.752297877647521,11.50100429480165,5.9152181619747815,5.585786132826869,4,observed_candidate_score_arithmetic,5.7487064171541284
H593-1cf0eabcc44cfc60588f292c,dro0b-0001-04,2,0,TOKEN_QR,fixed0,True,304,1,1,304,304,True,304,True,HOLD,False,correct_unchanged,correct,0.0,0.0,0.0,303,-5.301770148114008,303,-5.301770148114008,-14.841940022766657,-20.143710170880667,False,5.301770148114008,20.143710170880667,5.301770148114008,14.841940022766657,7,observed_candidate_score_arithmetic,14.841940022766659
H593-1cf0eabcc44cfc60588f292c,dro0b-0001-04,2,0,TOKEN_QRR_ANCHOR,fixed0,True,304,1,1,304,304,True,304,True,HOLD,False,correct_unchanged,correct,0.0,0.0,0.0,303,-5.301770148114008,303,-5.301770148114008,-12.71018289236519,-18.0119530404792,False,5.301770148114008,18.0119530404792,5.301770148114008,12.71018289236519,5,observed_candidate_score_arithmetic,12.710182892365191
H593-1cf0eabcc44cfc60588f292c,dro0b-0001-04,2,0,TOKEN_QRR_MULTI,fixed0,True,304,1,1,304,304,True,304,True,HOLD,False,correct_unchanged,correct,0.0,0.0,0.0,303,-5.301770148114008,303,-5.301770148114008,-11.363547566286867,-16.665317714400874,False,5.301770148114008,16.665317714400874,5.301770148114008,11.363547566286867,4,observed_candidate_score_arithmetic,11.363547566286867
H593-1dd405f920b439879fc89b2c,77l96n1c1,1,0,TOKEN_QR,fixed0,True,4861,1,1,4861,4861,True,4861,True,HOLD,False,correct_unchanged,correct,0.0,0.0,0.0,5375,-9.142923738013819,5375,-9.142923738013819,-12.004601455222463,-21.147525193236284,False,9.142923738013819,21.147525193236284,9.142923738013819,12.004601455222463,7,observed_candidate_score_arithmetic,12.004601455222465
H593-1dd405f920b439879fc89b2c,77l96n1c1,1,0,TOKEN_QRR_ANCHOR,fixed0,True,4861,1,1,4861,4861,True,4861,True,HOLD,False,correct_unchanged,correct,0.0,0.0,0.0,5375,-9.142923738013819,5375,-9.142923738013819,-11.462925809623579,-20.605849547637398,False,9.142923738013819,20.605849547637398,9.142923738013819,11.462925809623579,6,observed_candidate_score_arithmetic,11.462925809623579
H593-1dd405f920b439879fc89b2c,77l96n1c1,1,0,TOKEN_QRR_MULTI,fixed0,True,4861,1,1,4861,4861,True,4861,True,HOLD,False,correct_unchanged,correct,0.0,0.0,0.0,5375,-9.142923738013819,5375,-9.142923738013819,-10.311455806577047,-19.454379544590864,False,9.142923738013819,19.454379544590864,9.142923738013819,10.311455806577047,5,observed_candidate_score_arithmetic,10.311455806577046
H593-1e1593a08e4ed18acf833796,AntifluDesbx,2,0,TOKEN_QR,fixed0,True,1424,1,1,1424,1424,True,1424,True,HOLD,False,correct_unchanged,correct,0.0,0.0,0.0,2514,-6.180208292184634,2694,-6.449711772425186,-12.82493480405083,-19.274646576476016,True,6.180208292184634,19.274646576476016,6.449711772425186,12.82493480405083,7,observed_candidate_score_arithmetic,13.094438284291382
H593-1e1593a08e4ed18acf833796,AntifluDesbx,2,0,TOKEN_QRR_ANCHOR,fixed0,True,1424,1,1,1424,1424,True,1424,True,HOLD,False,correct_unchanged,correct,0.0,0.0,0.0,2514,-6.180208292184634,2694,-6.449711772425186,-11.291117376502944,-17.74082914892813,True,6.180208292184634,17.74082914892813,6.449711772425186,11.291117376502944,5,observed_candidate_score_arithmetic,11.560620856743494
H593-1e1593a08e4ed18acf833796,AntifluDesbx,2,0,TOKEN_QRR_MULTI,fixed0,True,1424,1,1,1424,1424,True,1424,True,HOLD,False,correct_unchanged,correct,0.0,0.0,0.0,2514,-6.180208292184634,2694,-6.449711772425186,-11.325882569337248,-17.775594341762435,True,6.180208292184634,17.775594341762435,6.449711772425186,11.325882569337248,4,observed_candidate_score_arithmetic,11.595386049577801
H593-1e203e93f22affa5c8c93e7b,AlkaSeltzer_36,1,0,TOKEN_QR,fixed0,True,1402,23,1,3234,4515,False,1402,True,SWITCH,True,rescue,correct,-1.5543153290202454,15.62534464662639,14.071029317606145,4515,0.9292550010307785,1685,-0.32343189368999936,9.69817698321708,9.37474508952708,True,-2.483570330051024,4.696284228079065,-1.230883435330246,5.9271676634093104,7,observed_candidate_score_arithmetic,7.179854558130089
H593-1e203e93f22affa5c8c93e7b,AlkaSeltzer_36,1,0,TOKEN_QRR_ANCHOR,fixed0,True,1402,23,1,3234,4515,False,1402,True,SWITCH,True,rescue,correct,-1.5543153290202454,13.43836518757661,11.884049858556365,4515,0.9292550010307785,1685,-0.32343189368999936,10.97439241021196,10.65096051652196,True,-2.483570330051024,1.233089342034404,-1.230883435330246,2.463972777364649,6,observed_candidate_score_arithmetic,3.716659672085428
H593-1e203e93f22affa5c8c93e7b,AlkaSeltzer_36,1,0,TOKEN_QRR_MULTI,fixed0,True,1402,23,1,3234,4515,False,1402,True,SWITCH,True,rescue,correct,-1.5543153290202454,15.725587367740857,14.171272038720613,4515,0.9292550010307785,1685,-0.32343189368999936,13.346218816627161,13.022786922937161,True,-2.483570330051024,1.1484851157834512,-1.230883435330246,2.3793685511136964,5,observed_candidate_score_arithmetic,3.6320554458344754
H593-1e69202f59c1e38274747acc,200000002710_Final,4,0,TOKEN_QR,fixed0,True,935,2,1,1219,1966,False,935,True,SWITCH,True,rescue,correct,0.5512405710911757,17.128247844333462,17.679488415424636,1966,1.8766315342946518,1966,1.8766315342946518,10.992669414397204,12.869300948691855,False,-1.3253909632034762,4.810187466732781,-1.3253909632034762,6.135578429936258,6,observed_candidate_score_arithmetic,6.135578429936258
H593-1e69202f59c1e38274747acc,200000002710_Final,4,0,TOKEN_QRR_ANCHOR,fixed0,True,935,2,1,1219,1966,False,935,True,SWITCH,True,rescue,correct,0.5512405710911757,14.031867289461601,14.583107860552778,1966,1.8766315342946518,1966,1.8766315342946518,10.27635395087267,12.15298548516732,False,-1.3253909632034762,2.430122375385457,-1.3253909632034762,3.7555133385889317,6,observed_candidate_score_arithmetic,3.755513338588933
H593-1e69202f59c1e38274747acc,200000002710_Final,4,0,TOKEN_QRR_MULTI,fixed0,True,935,2,1,1219,1966,False,935,True,SWITCH,True,rescue,correct,0.5512405710911757,8.071525161341121,8.622765732432297,1966,1.8766315342946518,1966,1.8766315342946518,4.088870926901768,5.96550246119642,False,-1.3253909632034762,2.6572632712358777,-1.3253909632034762,3.9826542344393534,4,observed_candidate_score_arithmetic,3.982654234439354
H593-1ef966932ba70ca899b49b6f,75 100s carton,0,0,TOKEN_QR,fixed0,True,4855,1,1,4855,4855,True,4855,True,HOLD,False,correct_unchanged,correct,0.0,0.0,0.0,5010,-9.18040085295499,5010,-9.18040085295499,-11.75016224434509,-20.93056309730008,False,9.18040085295499,20.93056309730008,9.18040085295499,11.75016224434509,5,observed_candidate_score_arithmetic,11.75016224434509
H593-1ef966932ba70ca899b49b6f,75 100s carton,0,0,TOKEN_QRR_ANCHOR,fixed0,True,4855,1,1,4855,4855,True,4855,True,HOLD,False,correct_unchanged,correct,0.0,0.0,0.0,5010,-9.18040085295499,5006,-9.211435649689037,-14.777710323413887,-23.98914597310292,True,9.18040085295499,23.98914597310292,9.211435649689037,14.777710323413887,5,observed_candidate_score_arithmetic,14.80874512014793
H593-1ef966932ba70ca899b49b6f,75 100s carton,0,0,TOKEN_QRR_MULTI,fixed0,True,4855,1,1,4855,4855,True,4855,True,HOLD,False,correct_unchanged,correct,0.0,0.0,0.0,5010,-9.18040085295499,5006,-9.211435649689037,-18.360824538073697,-27.572260187762733,True,9.18040085295499,27.572260187762733,9.211435649689037,18.360824538073697,5,observed_candidate_score_arithmetic,18.39185933480774
H593-1f65d77d8ddd265c0d00b1f2,10 mL carton,4,0,TOKEN_QR,fixed0,True,0,1,1,0,0,True,0,True,HOLD,False,correct_unchanged,correct,0.0,0.0,0.0,23,-6.839167777837398,52,-7.111407975757441,-9.268036090618269,-16.37944406637571,True,6.839167777837398,16.37944406637571,7.111407975757441,9.268036090618269,6,observed_candidate_score_arithmetic,9.540276288538314
H593-1f65d77d8ddd265c0d00b1f2,10 mL carton,4,0,TOKEN_QRR_ANCHOR,fixed0,True,0,1,1,0,0,True,0,True,HOLD,False,correct_unchanged,correct,0.0,0.0,0.0,23,-6.839167777837398,52,-7.111407975757441,-15.329036755135318,-22.440444730892757,True,6.839167777837398,22.440444730892757,7.111407975757441,15.329036755135318,6,observed_candidate_score_arithmetic,15.60127695305536
H593-1f65d77d8ddd265c0d00b1f2,10 mL carton,4,0,TOKEN_QRR_MULTI,fixed0,True,0,1,1,0,0,True,0,True,HOLD,False,correct_unchanged,correct,0.0,0.0,0.0,23,-6.839167777837398,52,-7.111407975757441,-9.16410588317172,-16.27551385892916,True,6.839167777837398,16.27551385892916,7.111407975757441,9.16410588317172,4,observed_candidate_score_arithmetic,9.436346081091761
H593-1fb1391bf43d4e4f4cfc1fa5,lox01-0004-14,1,0,TOKEN_QR,fixed0,True,409,1,1,409,409,True,409,True,HOLD,False,correct_unchanged,correct,0.0,0.0,0.0,411,-7.815809110070272,411,-7.815809110070272,-8.494052858670944,-16.309861968741217,False,7.815809110070272,16.309861968741217,7.815809110070272,8.494052858670944,7,observed_candidate_score_arithmetic,8.494052858670944
H593-1fb1391bf43d4e4f4cfc1fa5,lox01-0004-14,1,0,TOKEN_QRR_ANCHOR,fixed0,True,409,1,1,409,409,True,409,True,HOLD,False,correct_unchanged,correct,0.0,0.0,0.0,411,-7.815809110070272,411,-7.815809110070272,-9.001732776372187,-16.81754188644246,False,7.815809110070272,16.81754188644246,7.815809110070272,9.001732776372187,6,observed_candidate_score_arithmetic,9.001732776372187
H593-1fb1391bf43d4e4f4cfc1fa5,lox01-0004-14,1,0,TOKEN_QRR_MULTI,fixed0,True,409,1,1,409,409,True,409,True,HOLD,False,correct_unchanged,correct,0.0,0.0,0.0,411,-7.815809110070272,411,-7.815809110070272,-9.34359907722594,-17.15940818729621,False,7.815809110070272,17.15940818729621,7.815809110070272,9.34359907722594,5,observed_candidate_score_arithmetic,9.343599077225939
H593-202d17a8fea9c8283f65d42d,812-6e-mucus-dm,3,0,TOKEN_QR,fixed0,True,1140,1,1,4310,1140,True,1140,True,SWITCH,False,correct_unchanged,correct,2.884121642192366,13.485650424060118,16.369772066252484,925,0.500329356927234,4310,0.0,0.0,0.0,True,2.383792285265132,16.369772066252484,2.884121642192366,13.485650424060118,6,observed_candidate_score_arithmetic,13.985979780987352
H593-202d17a8fea9c8283f65d42d,812-6e-mucus-dm,3,0,TOKEN_QRR_ANCHOR,fixed0,True,1140,1,1,4310,1140,True,1140,True,SWITCH,False,correct_unchanged,correct,2.884121642192366,13.833846132380312,16.717967774572678,925,0.500329356927234,4310,0.0,0.0,0.0,True,2.383792285265132,16.717967774572678,2.884121642192366,13.833846132380312,6,observed_candidate_score_arithmetic,14.334175489307546
H593-202d17a8fea9c8283f65d42d,812-6e-mucus-dm,3,0,TOKEN_QRR_MULTI,fixed0,True,1140,1,1,4310,1140,True,1140,True,SWITCH,False,correct_unchanged,correct,2.884121642192366,19.050215992069532,21.934337634261897,925,0.500329356927234,4756,-0.3577546363433557,4.057876787148208,3.7001221508048525,True,2.383792285265132,18.234215483457046,3.2418762785357216,14.992339204921324,5,observed_candidate_score_arithmetic,15.850423198191914
H593-20c36189f2e4e46a9590ae78,dro0b-0001-04,2,0,TOKEN_QR,fixed0,True,304,1,1,304,304,True,304,True,HOLD,False,correct_unchanged,correct,0.0,0.0,0.0,2624,-3.0641391705255376,485,-3.218856875862284,-0.09989763192923817,-3.3187545077915224,True,3.0641391705255376,3.3187545077915224,3.218856875862284,0.09989763192923817,7,observed_candidate_score_arithmetic,0.25461533726598473
H593-20c36189f2e4e46a9590ae78,dro0b-0001-04,2,0,TOKEN_QRR_ANCHOR,fixed0,True,304,1,1,304,304,True,304,True,HOLD,False,correct_unchanged,correct,0.0,0.0,0.0,2624,-3.0641391705255376,485,-3.218856875862284,1.7516600673524927,-1.4671968085097915,True,3.0641391705255376,1.4671968085097915,3.218856875862284,-1.7516600673524927,5,observed_candidate_score_arithmetic,-1.5969423620157461
H593-20c36189f2e4e46a9590ae78,dro0b-0001-04,2,0,TOKEN_QRR_MULTI,fixed0,True,304,1,1,304,304,True,304,True,HOLD,False,correct_unchanged,correct,0.0,0.0,0.0,2624,-3.0641391705255376,485,-3.218856875862284,-0.01613286868711139,-3.2349897445493956,True,3.0641391705255376,3.2349897445493956,3.218856875862284,0.01613286868711139,4,observed_candidate_score_arithmetic,0.17085057402385795
H593-20fdadbf18ce1e0e1a0746a9,766-e9-infants-pain-and-fever,0,0,TOKEN_QR,fixed0,True,1134,5,3,1134,3887,False,3887,False,SWITCH,False,wrong_unchanged,SWITCH_away_from_correct_RAW,0.0,0.0,0.0,3887,2.256839897321359,3887,2.256839897321359,-0.05782135500025687,2.199018542321102,False,-2.256839897321359,-2.199018542321102,-2.256839897321359,0.05782135500025687,5,observed_candidate_score_arithmetic,0.05782135500025687
H593-20fdadbf18ce1e0e1a0746a9,766-e9-infants-pain-and-fever,0,0,TOKEN_QRR_ANCHOR,fixed0,True,1134,5,2,1134,3887,False,3887,False,SWITCH,False,wrong_unchanged,SWITCH_away_from_correct_RAW,0.0,0.0,0.0,3887,2.256839897321359,3887,2.256839897321359,-0.9684027391206378,1.288437158200721,False,-2.256839897321359,-1.288437158200721,-2.256839897321359,0.9684027391206378,5,observed_candidate_score_arithmetic,0.9684027391206378
H593-20fdadbf18ce1e0e1a0746a9,766-e9-infants-pain-and-fever,0,0,TOKEN_QRR_MULTI,fixed0,True,1134,5,3,1134,3887,False,3887,False,SWITCH,False,wrong_unchanged,SWITCH_away_from_correct_RAW,0.0,0.0,0.0,3887,2.256839897321359,3887,2.256839897321359,-0.6961530514652208,1.560686845856138,False,-2.256839897321359,-1.560686845856138,-2.256839897321359,0.6961530514652208,5,observed_candidate_score_arithmetic,0.6961530514652208
H593-2226b02dfbc9f44bb2cdb71c,carton-1-gram-10-vial-pack-premier,2,0,TOKEN_QR,fixed0,True,5004,1,1,5004,5004,True,5004,True,HOLD,False,correct_unchanged,correct,0.0,0.0,0.0,4812,-6.061358423532323,4812,-6.061358423532323,-4.832087893285411,-10.893446316817734,False,6.061358423532323,10.893446316817734,6.061358423532323,4.832087893285411,7,observed_candidate_score_arithmetic,4.8320878932854106
H593-2226b02dfbc9f44bb2cdb71c,carton-1-gram-10-vial-pack-premier,2,0,TOKEN_QRR_ANCHOR,fixed0,True,5004,1,1,5004,5004,True,5004,True,HOLD,False,correct_unchanged,correct,0.0,0.0,0.0,4812,-6.061358423532323,4812,-6.061358423532323,-5.475980533708064,-11.537338957240387,False,6.061358423532323,11.537338957240387,6.061358423532323,5.475980533708064,5,observed_candidate_score_arithmetic,5.475980533708063
H593-2226b02dfbc9f44bb2cdb71c,carton-1-gram-10-vial-pack-premier,2,0,TOKEN_QRR_MULTI,fixed0,True,5004,1,1,5004,5004,True,5004,True,HOLD,False,correct_unchanged,correct,0.0,0.0,0.0,4812,-6.061358423532323,4812,-6.061358423532323,-4.44273423860588,-10.504092662138202,False,6.061358423532323,10.504092662138202,6.061358423532323,4.44273423860588,4,observed_candidate_score_arithmetic,4.442734238605879
H593-22df23c2ff5577aea691a22b,2021 Lice Freee!_6ozPOP R2a,3,0,TOKEN_QR,fixed0,True,567,1,1,567,567,True,567,True,HOLD,False,correct_unchanged,correct,0.0,0.0,0.0,2974,-7.780578889063894,4448,-8.241735122685945,-14.833974363302218,-23.075709485988163,True,7.780578889063894,23.075709485988163,8.241735122685945,14.833974363302218,6,observed_candidate_score_arithmetic,15.29513059692427
H593-22df23c2ff5577aea691a22b,2021 Lice Freee!_6ozPOP R2a,3,0,TOKEN_QRR_ANCHOR,fixed0,True,567,1,1,567,567,True,567,True,HOLD,False,correct_unchanged,correct,0.0,0.0,0.0,2974,-7.780578889063894,3777,-7.931826438652548,-13.398763401245562,-21.33058983989811,True,7.780578889063894,21.33058983989811,7.931826438652548,13.398763401245562,6,observed_candidate_score_arithmetic,13.550010950834217
H593-22df23c2ff5577aea691a22b,2021 Lice Freee!_6ozPOP R2a,3,0,TOKEN_QRR_MULTI,fixed0,True,567,1,1,567,567,True,567,True,HOLD,False,correct_unchanged,correct,0.0,0.0,0.0,2974,-7.780578889063894,3777,-7.931826438652548,-12.982818065021,-20.91464450367355,True,7.780578889063894,20.91464450367355,7.931826438652548,12.982818065021,5,observed_candidate_score_arithmetic,13.134065614609657
H593-24402f98b4c6d27775ea51b8,10 mL carton,4,0,TOKEN_QR,fixed0,True,0,1,1,0,0,True,0,True,HOLD,False,correct_unchanged,correct,0.0,0.0,0.0,89,-3.5628623085387625,89,-3.5628623085387625,-2.3233467705209954,-5.886209079059758,False,3.5628623085387625,5.886209079059758,3.5628623085387625,2.3233467705209954,6,observed_candidate_score_arithmetic,2.3233467705209954
H593-24402f98b4c6d27775ea51b8,10 mL carton,4,0,TOKEN_QRR_ANCHOR,fixed0,True,0,1,1,0,0,True,0,True,HOLD,False,correct_unchanged,correct,0.0,0.0,0.0,89,-3.5628623085387625,89,-3.5628623085387625,-7.701687313801961,-11.264549622340724,False,3.5628623085387625,11.264549622340724,3.5628623085387625,7.701687313801961,6,observed_candidate_score_arithmetic,7.701687313801961
H593-24402f98b4c6d27775ea51b8,10 mL carton,4,0,TOKEN_QRR_MULTI,fixed0,True,0,1,1,0,0,True,0,True,HOLD,False,correct_unchanged,correct,0.0,0.0,0.0,89,-3.5628623085387625,89,-3.5628623085387625,-1.7985775059693445,-5.361439814508107,False,3.5628623085387625,5.361439814508107,3.5628623085387625,1.7985775059693445,4,observed_candidate_score_arithmetic,1.7985775059693445
H593-2446df0fcadbf0831876d7dc,83324304-60,0,0,TOKEN_QR,fixed0,True,1145,1,1,1145,1145,True,1145,True,HOLD,False,correct_unchanged,correct,0.0,0.0,0.0,2784,-1.1668868954354124,2784,-1.1668868954354124,-1.7924617991348137,-2.959348694570226,False,1.1668868954354124,2.959348694570226,1.1668868954354124,1.7924617991348137,5,observed_candidate_score_arithmetic,1.7924617991348137
H593-2446df0fcadbf0831876d7dc,83324304-60,0,0,TOKEN_QRR_ANCHOR,fixed0,True,1145,1,1,1145,1145,True,1145,True,HOLD,False,correct_unchanged,correct,0.0,0.0,0.0,2784,-1.1668868954354124,2267,-2.1916193714697108,-1.1724723825109016,-3.3640917539806123,True,1.1668868954354124,3.3640917539806123,2.1916193714697108,1.1724723825109016,5,observed_candidate_score_arithmetic,2.1972048585452
H593-2446df0fcadbf0831876d7dc,83324304-60,0,0,TOKEN_QRR_MULTI,fixed0,True,1145,1,1,1145,1145,True,1145,True,HOLD,False,correct_unchanged,correct,0.0,0.0,0.0,2784,-1.1668868954354124,2267,-2.1916193714697108,-2.60289449892377,-4.79451387039348,True,1.1668868954354124,4.79451387039348,2.1916193714697108,2.60289449892377,5,observed_candidate_score_arithmetic,3.627626974958068
H593-2494f10623fb760ff3b647d7,ciprofloxacin-ophthalmic-solution-2pt5ml-carton,0,0,TOKEN_QR,fixed0,True,5053,1,1,5053,5053,True,5053,True,HOLD,False,correct_unchanged,correct,0.0,0.0,0.0,5037,-10.07452516111839,5237,-10.20724089730652,-13.4940342064737,-23.70127510378022,True,10.07452516111839,23.70127510378022,10.20724089730652,13.4940342064737,5,observed_candidate_score_arithmetic,13.62674994266183
H593-2494f10623fb760ff3b647d7,ciprofloxacin-ophthalmic-solution-2pt5ml-carton,0,0,TOKEN_QRR_ANCHOR,fixed0,True,5053,1,1,5053,5053,True,5053,True,HOLD,False,correct_unchanged,correct,0.0,0.0,0.0,5037,-10.07452516111839,5237,-10.20724089730652,-15.014378460195678,-25.2216193575022,True,10.07452516111839,25.2216193575022,10.20724089730652,15.014378460195678,5,observed_candidate_score_arithmetic,15.14709419638381
H593-2494f10623fb760ff3b647d7,ciprofloxacin-ophthalmic-solution-2pt5ml-carton,0,0,TOKEN_QRR_MULTI,fixed0,True,5053,1,1,5053,5053,True,5053,True,HOLD,False,correct_unchanged,correct,0.0,0.0,0.0,5037,-10.07452516111839,5237,-10.20724089730652,-17.84262657136873,-28.04986746867525,True,10.07452516111839,28.04986746867525,10.20724089730652,17.84262657136873,5,observed_candidate_score_arithmetic,17.975342307556858
H593-257581a6d8113bc829cc4f7d,766-e9-infants-pain-and-fever,0,0,TOKEN_QR,fixed0,True,1134,1,1,1134,1134,True,1134,True,HOLD,False,correct_unchanged,correct,0.0,0.0,0.0,3671,-7.760530674700431,3671,-7.760530674700431,-10.34694375849806,-18.10747443319849,False,7.760530674700431,18.10747443319849,7.760530674700431,10.34694375849806,5,observed_candidate_score_arithmetic,10.34694375849806
H593-257581a6d8113bc829cc4f7d,766-e9-infants-pain-and-fever,0,0,TOKEN_QRR_ANCHOR,fixed0,True,1134,1,1,1134,1134,True,1134,True,HOLD,False,correct_unchanged,correct,0.0,0.0,0.0,3671,-7.760530674700431,3671,-7.760530674700431,-12.314081763672789,-20.07461243837322,False,7.760530674700431,20.07461243837322,7.760530674700431,12.314081763672789,5,observed_candidate_score_arithmetic,12.314081763672789
H593-257581a6d8113bc829cc4f7d,766-e9-infants-pain-and-fever,0,0,TOKEN_QRR_MULTI,fixed0,True,1134,1,1,1134,1134,True,1134,True,HOLD,False,correct_unchanged,correct,0.0,0.0,0.0,3671,-7.760530674700431,2266,-8.194727163289516,-15.066641039726429,-23.261368203015945,True,7.760530674700431,23.261368203015945,8.194727163289516,15.066641039726429,5,observed_candidate_score_arithmetic,15.500837528315515
H593-25bb54d111079fe02df38114,dro0b-0001-04,2,0,TOKEN_QR,fixed0,True,304,1,1,304,304,True,304,True,HOLD,False,correct_unchanged,correct,0.0,0.0,0.0,302,-3.8745337787625536,303,-4.127219911430483,-6.85339237891203,-10.980612290342513,True,3.8745337787625536,10.980612290342513,4.127219911430483,6.85339237891203,7,observed_candidate_score_arithmetic,7.10607851157996
H593-25bb54d111079fe02df38114,dro0b-0001-04,2,0,TOKEN_QRR_ANCHOR,fixed0,True,304,1,1,304,304,True,304,True,HOLD,False,correct_unchanged,correct,0.0,0.0,0.0,302,-3.8745337787625536,303,-4.127219911430483,-6.551491908931434,-10.678711820361917,True,3.8745337787625536,10.678711820361917,4.127219911430483,6.551491908931434,5,observed_candidate_score_arithmetic,6.804178041599363
H593-25bb54d111079fe02df38114,dro0b-0001-04,2,0,TOKEN_QRR_MULTI,fixed0,True,304,1,1,304,304,True,304,True,HOLD,False,correct_unchanged,correct,0.0,0.0,0.0,302,-3.8745337787625536,303,-4.127219911430483,-6.424343762990111,-10.551563674420594,True,3.8745337787625536,10.551563674420594,4.127219911430483,6.424343762990111,4,observed_candidate_score_arithmetic,6.67702989565804
H593-264b94be0b6f4ab3ec07cfb5,vetoryl-09,2,0,TOKEN_QR,fixed0,True,512,1,1,512,512,True,512,True,HOLD,False,correct_unchanged,correct,0.0,0.0,0.0,511,-1.1184940550085452,507,-1.600926545423402,0.8441451802895052,-0.7567813651338968,True,1.1184940550085452,0.7567813651338968,1.600926545423402,-0.8441451802895052,7,observed_candidate_score_arithmetic,-0.36171268987464833
H593-264b94be0b6f4ab3ec07cfb5,vetoryl-09,2,0,TOKEN_QRR_ANCHOR,fixed0,True,512,1,1,512,512,True,512,True,HOLD,False,correct_unchanged,correct,0.0,0.0,0.0,511,-1.1184940550085452,507,-1.600926545423402,1.1479169850493882,-0.45300956037401385,True,1.1184940550085452,0.45300956037401385,1.600926545423402,-1.1479169850493882,5,observed_candidate_score_arithmetic,-0.6654844946345313
H593-264b94be0b6f4ab3ec07cfb5,vetoryl-09,2,0,TOKEN_QRR_MULTI,fixed0,True,512,1,1,512,512,True,512,True,HOLD,False,correct_unchanged,correct,0.0,0.0,0.0,511,-1.1184940550085452,507,-1.600926545423402,0.6156278479358724,-0.9852986974875296,True,1.1184940550085452,0.9852986974875296,1.600926545423402,-0.6156278479358724,4,observed_candidate_score_arithmetic,-0.13319535752101552
H593-272a6668246b45626dea5ed4,350 label,3,0,TOKEN_QR,fixed0,True,599,1,2,599,599,True,2087,False,SWITCH,True,break,SWITCH_away_from_correct_RAW,0.0,0.0,0.0,868,-0.6484925749223824,2087,-0.7377512369170819,3.390257215533385,2.652505978616303,True,0.6484925749223824,-2.652505978616303,0.7377512369170819,-3.390257215533385,6,observed_candidate_score_arithmetic,-3.300998553538686
H593-272a6668246b45626dea5ed4,350 label,3,0,TOKEN_QRR_ANCHOR,fixed0,True,599,1,2,599,599,True,2087,False,SWITCH,True,break,SWITCH_away_from_correct_RAW,0.0,0.0,0.0,868,-0.6484925749223824,2087,-0.7377512369170819,5.749752079196152,5.01200084227907,True,0.6484925749223824,-5.01200084227907,0.7377512369170819,-5.749752079196152,6,observed_candidate_score_arithmetic,-5.660493417201453
H593-272a6668246b45626dea5ed4,350 label,3,0,TOKEN_QRR_MULTI,fixed0,True,599,1,2,599,599,True,2087,False,SWITCH,True,break,SWITCH_away_from_correct_RAW,0.0,0.0,0.0,868,-0.6484925749223824,2087,-0.7377512369170819,3.956320969028469,3.218569732111387,True,0.6484925749223824,-3.218569732111387,0.7377512369170819,-3.956320969028469,5,observed_candidate_score_arithmetic,-3.8670623070337697
H593-276677dccfa68da5f45534b2,tul01-0001-02,3,0,TOKEN_QR,fixed0,False,,,,1243,1261,False,1261,False,SWITCH,False,wrong_unchanged,target_absent_from_C128,,,,1261,0.04973298877626764,1261,0.04973298877626764,3.500305222005032,3.5500382107812998,False,,,,,6,observed_candidate_score_arithmetic,
H593-276677dccfa68da5f45534b2,tul01-0001-02,3,0,TOKEN_QRR_ANCHOR,fixed0,False,,,,1243,1261,False,1261,False,SWITCH,False,wrong_unchanged,target_absent_from_C128,,,,1261,0.04973298877626764,1261,0.04973298877626764,7.323432011847531,7.373165000623799,False,,,,,6,observed_candidate_score_arithmetic,
H593-276677dccfa68da5f45534b2,tul01-0001-02,3,0,TOKEN_QRR_MULTI,fixed0,False,,,,1243,1261,False,1261,False,SWITCH,False,wrong_unchanged,target_absent_from_C128,,,,1261,0.04973298877626764,1261,0.04973298877626764,5.680549308579204,5.730282297355472,False,,,,,5,observed_candidate_score_arithmetic,
H593-2799023fa51eeb3333651a78,6941714017-1,0,0,TOKEN_QR,fixed0,True,1114,1,1,1114,1114,True,1114,True,HOLD,False,correct_unchanged,correct,0.0,0.0,0.0,3293,-5.0695481236005495,3030,-6.4054715651283605,-1.199822474758193,-7.605294039886553,True,5.0695481236005495,7.605294039886553,6.4054715651283605,1.199822474758193,5,observed_candidate_score_arithmetic,2.535745916286004
H593-2799023fa51eeb3333651a78,6941714017-1,0,0,TOKEN_QRR_ANCHOR,fixed0,True,1114,1,1,1114,1114,True,1114,True,HOLD,False,correct_unchanged,correct,0.0,0.0,0.0,3293,-5.0695481236005495,3030,-6.4054715651283605,-2.43008772986256,-8.83555929499092,True,5.0695481236005495,8.83555929499092,6.4054715651283605,2.43008772986256,5,observed_candidate_score_arithmetic,3.766011171390371
H593-2799023fa51eeb3333651a78,6941714017-1,0,0,TOKEN_QRR_MULTI,fixed0,True,1114,1,1,1114,1114,True,1114,True,HOLD,False,correct_unchanged,correct,0.0,0.0,0.0,3293,-5.0695481236005495,3030,-6.4054715651283605,-4.28178628745535,-10.68725785258371,True,5.0695481236005495,10.68725785258371,6.4054715651283605,4.28178628745535,5,observed_candidate_score_arithmetic,5.61770972898316
H593-27e35a9cbecb2ef6b0c1fc10,Anti-wrinkle EYE CREAM,1,0,TOKEN_QR,fixed0,True,1414,1,1,1414,1414,True,1414,True,HOLD,False,correct_unchanged,correct,0.0,0.0,0.0,3486,-16.704964885663504,725,-16.915750347132462,-17.379941391147494,-34.295691738279956,True,16.704964885663504,34.295691738279956,16.915750347132462,17.379941391147494,7,observed_candidate_score_arithmetic,17.590726852616452
H593-27e35a9cbecb2ef6b0c1fc10,Anti-wrinkle EYE CREAM,1,0,TOKEN_QRR_ANCHOR,fixed0,True,1414,1,1,1414,1414,True,1414,True,HOLD,False,correct_unchanged,correct,0.0,0.0,0.0,3486,-16.704964885663504,3093,-16.740775904243065,-16.968347193373987,-33.70912309761705,True,16.704964885663504,33.70912309761705,16.740775904243065,16.968347193373987,6,observed_candidate_score_arithmetic,17.00415821195355
H593-27e35a9cbecb2ef6b0c1fc10,Anti-wrinkle EYE CREAM,1,0,TOKEN_QRR_MULTI,fixed0,True,1414,1,1,1414,1414,True,1414,True,HOLD,False,correct_unchanged,correct,0.0,0.0,0.0,3486,-16.704964885663504,725,-16.915750347132462,-20.216554688219347,-37.132305035351806,True,16.704964885663504,37.132305035351806,16.915750347132462,20.216554688219347,5,observed_candidate_score_arithmetic,20.427340149688302
H593-2822f2513c87ee22a59ce51b,4_Kids_Oral_Pain_Relief,3,0,TOKEN_QR,fixed0,True,608,1,1,608,608,True,608,True,HOLD,False,correct_unchanged,correct,0.0,0.0,0.0,796,-14.168176303075125,796,-14.168176303075125,-22.742197699865013,-36.91037400294014,False,14.168176303075125,36.91037400294014,14.168176303075125,22.742197699865013,6,observed_candidate_score_arithmetic,22.742197699865013
H593-2822f2513c87ee22a59ce51b,4_Kids_Oral_Pain_Relief,3,0,TOKEN_QRR_ANCHOR,fixed0,True,608,1,1,608,608,True,608,True,HOLD,False,correct_unchanged,correct,0.0,0.0,0.0,796,-14.168176303075125,796,-14.168176303075125,-22.761045593696675,-36.9292218967718,False,14.168176303075125,36.9292218967718,14.168176303075125,22.761045593696675,6,observed_candidate_score_arithmetic,22.761045593696675
H593-2822f2513c87ee22a59ce51b,4_Kids_Oral_Pain_Relief,3,0,TOKEN_QRR_MULTI,fixed0,True,608,1,1,608,608,True,608,True,HOLD,False,correct_unchanged,correct,0.0,0.0,0.0,796,-14.168176303075125,796,-14.168176303075125,-18.47845034710534,-32.646626650180465,False,14.168176303075125,32.646626650180465,14.168176303075125,18.47845034710534,5,observed_candidate_score_arithmetic,18.47845034710534
H593-2848a70ea80c7f1dc1cfd651,10 mL carton,4,0,TOKEN_QR,fixed0,True,0,1,1,0,0,True,0,True,HOLD,False,correct_unchanged,correct,0.0,0.0,0.0,91,-4.380648874419959,90,-4.697378087720164,-3.7748553676100975,-8.472233455330262,True,4.380648874419959,8.472233455330262,4.697378087720164,3.7748553676100975,6,observed_candidate_score_arithmetic,4.091584580910302
H593-2848a70ea80c7f1dc1cfd651,10 mL carton,4,0,TOKEN_QRR_ANCHOR,fixed0,True,0,1,1,0,0,True,0,True,HOLD,False,correct_unchanged,correct,0.0,0.0,0.0,91,-4.380648874419959,90,-4.697378087720164,-7.525567644437471,-12.222945732157635,True,4.380648874419959,12.222945732157635,4.697378087720164,7.525567644437471,6,observed_candidate_score_arithmetic,7.842296857737676
H593-2848a70ea80c7f1dc1cfd651,10 mL carton,4,0,TOKEN_QRR_MULTI,fixed0,True,0,1,1,0,0,True,0,True,HOLD,False,correct_unchanged,correct,0.0,0.0,0.0,91,-4.380648874419959,90,-4.697378087720164,-2.898777150705506,-7.59615523842567,True,4.380648874419959,7.59615523842567,4.697378087720164,2.898777150705506,4,observed_candidate_score_arithmetic,3.2155063640057104
H593-297ba148574e09f5723aa6b7,kedbumin-02,1,0,TOKEN_QR,fixed0,True,4798,3,1,2603,2603,False,4798,True,SWITCH,True,rescue,correct,-2.0106126138583873,9.544875479900657,7.53426286604227,2603,0.0,4778,-5.863924886326544,9.209396947673115,3.3454720613465714,True,-2.0106126138583873,4.1887908046956985,3.8533122724681563,0.3354785322275422,7,observed_candidate_score_arithmetic,6.199403418554086
H593-297ba148574e09f5723aa6b7,kedbumin-02,1,0,TOKEN_QRR_ANCHOR,fixed0,True,4798,3,1,2603,2603,False,4798,True,SWITCH,True,rescue,correct,-2.0106126138583873,9.316638655862672,7.306026042004285,2603,0.0,4778,-5.863924886326544,8.478486007290174,2.6145611209636304,True,-2.0106126138583873,4.691464921040654,3.8533122724681563,0.8381526485724979,6,observed_candidate_score_arithmetic,6.702077534899042
H593-297ba148574e09f5723aa6b7,kedbumin-02,1,0,TOKEN_QRR_MULTI,fixed0,True,4798,3,1,2603,2603,False,4798,True,SWITCH,True,rescue,correct,-2.0106126138583873,4.539069502720748,2.528456888862361,2603,0.0,2603,0.0,0.0,0.0,False,-2.0106126138583873,2.528456888862361,-2.0106126138583873,4.539069502720748,5,observed_candidate_score_arithmetic,4.539069502720748
H593-29b067277aef7b28b3547a97,cuvitru-19,2,0,TOKEN_QR,fixed0,True,4791,1,1,4791,4791,True,4791,True,HOLD,False,correct_unchanged,correct,0.0,0.0,0.0,4790,-1.7177963104295142,4790,-1.7177963104295142,0.18139043021921353,-1.5364058802103007,False,1.7177963104295142,1.5364058802103007,1.7177963104295142,-0.18139043021921353,7,observed_candidate_score_arithmetic,-0.18139043021921353
H593-29b067277aef7b28b3547a97,cuvitru-19,2,0,TOKEN_QRR_ANCHOR,fixed0,True,4791,1,1,4791,4791,True,4791,True,HOLD,False,correct_unchanged,correct,0.0,0.0,0.0,4790,-1.7177963104295142,4790,-1.7177963104295142,0.20056971896023024,-1.517226591469284,False,1.7177963104295142,1.517226591469284,1.7177963104295142,-0.20056971896023024,5,observed_candidate_score_arithmetic,-0.20056971896023024
H593-29b067277aef7b28b3547a97,cuvitru-19,2,0,TOKEN_QRR_MULTI,fixed0,True,4791,1,1,4791,4791,True,4791,True,HOLD,False,correct_unchanged,correct,0.0,0.0,0.0,4790,-1.7177963104295142,4790,-1.7177963104295142,1.2209308976371502,-0.49686541279236396,False,1.7177963104295142,0.49686541279236396,1.7177963104295142,-1.2209308976371502,4,observed_candidate_score_arithmetic,-1.2209308976371502
H593-29d505a42ed3f7b9bb256b2b,bbx08-0000-01,4,0,TOKEN_QR,fixed0,True,3334,1,1,3334,3334,True,3334,True,HOLD,False,correct_unchanged,correct,0.0,0.0,0.0,3333,-0.8812339652690346,3333,-0.8812339652690346,0.4013323464858729,-0.47990161878316173,False,0.8812339652690346,0.47990161878316173,0.8812339652690346,-0.4013323464858729,6,observed_candidate_score_arithmetic,-0.4013323464858729
H593-29d505a42ed3f7b9bb256b2b,bbx08-0000-01,4,0,TOKEN_QRR_ANCHOR,fixed0,True,3334,1,2,3334,3334,True,3333,False,SWITCH,True,break,SWITCH_away_from_correct_RAW,0.0,0.0,0.0,3333,-0.8812339652690346,3333,-0.8812339652690346,2.0795432604599924,1.1983092951909577,False,0.8812339652690346,-1.1983092951909577,0.8812339652690346,-2.0795432604599924,6,observed_candidate_score_arithmetic,-2.0795432604599924
H593-29d505a42ed3f7b9bb256b2b,bbx08-0000-01,4,0,TOKEN_QRR_MULTI,fixed0,True,3334,1,2,3334,3334,True,3333,False,SWITCH,True,break,SWITCH_away_from_correct_RAW,0.0,0.0,0.0,3333,-0.8812339652690346,3333,-0.8812339652690346,1.029462398911321,0.14822843364228633,False,0.8812339652690346,-0.14822843364228633,0.8812339652690346,-1.029462398911321,4,observed_candidate_score_arithmetic,-1.029462398911321
H593-2a09bc7ee67cc38fba44400e,6941714017-1,0,0,TOKEN_QR,fixed0,True,1114,1,1,1114,1114,True,1114,True,HOLD,False,correct_unchanged,correct,0.0,0.0,0.0,3378,-10.68543931046063,1442,-11.652638782218103,-7.245505520554031,-18.898144302772135,True,10.68543931046063,18.898144302772135,11.652638782218103,7.245505520554031,5,observed_candidate_score_arithmetic,8.212704992311505
H593-2a09bc7ee67cc38fba44400e,6941714017-1,0,0,TOKEN_QRR_ANCHOR,fixed0,True,1114,1,1,1114,1114,True,1114,True,HOLD,False,correct_unchanged,correct,0.0,0.0,0.0,3378,-10.68543931046063,3378,-10.68543931046063,-11.533455987298476,-22.218895297759104,False,10.68543931046063,22.218895297759104,10.68543931046063,11.533455987298476,5,observed_candidate_score_arithmetic,11.533455987298474
H593-2a09bc7ee67cc38fba44400e,6941714017-1,0,0,TOKEN_QRR_MULTI,fixed0,True,1114,1,1,1114,1114,True,1114,True,HOLD,False,correct_unchanged,correct,0.0,0.0,0.0,3378,-10.68543931046063,2476,-10.818820941341002,-13.580884642467003,-24.399705583808007,True,10.68543931046063,24.399705583808007,10.818820941341002,13.580884642467003,5,observed_candidate_score_arithmetic,13.714266273347377
H593-2acfe07e77226545b2ae0e10,77l96n1c1,1,0,TOKEN_QR,fixed0,True,4861,17,16,4984,4984,False,4984,False,HOLD,False,wrong_unchanged,target_present_but_HOLD_wrong_RAW,-2.9508829750379784,-2.3286910604456743,-5.279574035483653,4984,0.0,4984,0.0,0.0,0.0,False,-2.9508829750379784,-5.279574035483653,-2.9508829750379784,-2.3286910604456743,7,observed_candidate_score_arithmetic,-2.3286910604456743
H593-2acfe07e77226545b2ae0e10,77l96n1c1,1,0,TOKEN_QRR_ANCHOR,fixed0,True,4861,17,9,4984,4984,False,4984,False,HOLD,False,wrong_unchanged,target_present_but_HOLD_wrong_RAW,-2.9508829750379784,-2.5147018567730988,-5.465584831811077,4984,0.0,4984,0.0,0.0,0.0,False,-2.9508829750379784,-5.465584831811077,-2.9508829750379784,-2.5147018567730988,6,observed_candidate_score_arithmetic,-2.5147018567730983
H593-2acfe07e77226545b2ae0e10,77l96n1c1,1,0,TOKEN_QRR_MULTI,fixed0,True,4861,17,13,4984,4984,False,4984,False,HOLD,False,wrong_unchanged,target_present_but_HOLD_wrong_RAW,-2.9508829750379784,-3.8904883260799683,-6.841371301117947,4984,0.0,4984,0.0,0.0,0.0,False,-2.9508829750379784,-6.841371301117947,-2.9508829750379784,-3.8904883260799683,5,observed_candidate_score_arithmetic,-3.8904883260799688
H593-2ad687a1c029e9f33146503b,int08-0008-17,0,0,TOKEN_QR,fixed0,True,395,1,1,396,395,True,395,True,SWITCH,False,correct_unchanged,correct,0.4756886694610107,3.4056566959727466,3.881345365433757,387,0.032110065324283954,387,0.032110065324283954,2.314839920791414,2.346949986115698,False,0.44357860413672673,1.5343953793180591,0.44357860413672673,1.0908167751813327,5,observed_candidate_score_arithmetic,1.0908167751813325
H593-2ad687a1c029e9f33146503b,int08-0008-17,0,0,TOKEN_QRR_ANCHOR,fixed0,True,395,1,1,396,395,True,395,True,SWITCH,False,correct_unchanged,correct,0.4756886694610107,4.3106368109253435,4.786325480386354,387,0.032110065324283954,387,0.032110065324283954,3.2429083452422955,3.2750184105665796,False,0.44357860413672673,1.5113070698197748,0.44357860413672673,1.067728465683048,5,observed_candidate_score_arithmetic,1.0677284656830481
H593-2ad687a1c029e9f33146503b,int08-0008-17,0,0,TOKEN_QRR_MULTI,fixed0,True,395,1,1,396,395,True,395,True,SWITCH,False,correct_unchanged,correct,0.4756886694610107,5.597411185126524,6.073099854587535,387,0.032110065324283954,387,0.032110065324283954,3.8164554342717274,3.8485654995960115,False,0.44357860413672673,2.2245343549915235,0.44357860413672673,1.7809557508547966,5,observed_candidate_score_arithmetic,1.7809557508547968
H593-2b13d777bd87f808044a7852,5fe0ce14-bc11-4b43-b002-7efdca0d3003-04,4,0,TOKEN_QR,fixed0,True,4776,1,1,4776,4776,True,4776,True,HOLD,False,correct_unchanged,correct,0.0,0.0,0.0,4774,-5.732352636766738,4774,-5.732352636766738,-7.009822329191831,-12.742174965958569,False,5.732352636766738,12.742174965958569,5.732352636766738,7.009822329191831,6,observed_candidate_score_arithmetic,7.009822329191831
H593-2b13d777bd87f808044a7852,5fe0ce14-bc11-4b43-b002-7efdca0d3003-04,4,0,TOKEN_QRR_ANCHOR,fixed0,True,4776,1,1,4776,4776,True,4776,True,HOLD,False,correct_unchanged,correct,0.0,0.0,0.0,4774,-5.732352636766738,4774,-5.732352636766738,-11.362598107722002,-17.09495074448874,False,5.732352636766738,17.09495074448874,5.732352636766738,11.362598107722002,6,observed_candidate_score_arithmetic,11.362598107722004
H593-2b13d777bd87f808044a7852,5fe0ce14-bc11-4b43-b002-7efdca0d3003-04,4,0,TOKEN_QRR_MULTI,fixed0,True,4776,1,1,4776,4776,True,4776,True,HOLD,False,correct_unchanged,correct,0.0,0.0,0.0,4774,-5.732352636766738,4774,-5.732352636766738,-5.329881604219213,-11.062234240985951,False,5.732352636766738,11.062234240985951,5.732352636766738,5.329881604219213,4,observed_candidate_score_arithmetic,5.329881604219214
H593-2b74b8c201be8b599627fefc,300000538_R-00_Final,3,0,TOKEN_QR,fixed0,False,,,,2733,2733,False,2733,False,HOLD,False,wrong_unchanged,target_absent_from_C128,,,,2733,0.0,2733,0.0,0.0,0.0,False,,,,,6,observed_candidate_score_arithmetic,
H593-2b74b8c201be8b599627fefc,300000538_R-00_Final,3,0,TOKEN_QRR_ANCHOR,fixed0,False,,,,2733,2733,False,2733,False,HOLD,False,wrong_unchanged,target_absent_from_C128,,,,2733,0.0,2733,0.0,0.0,0.0,False,,,,,6,observed_candidate_score_arithmetic,
H593-2b74b8c201be8b599627fefc,300000538_R-00_Final,3,0,TOKEN_QRR_MULTI,fixed0,False,,,,2733,2733,False,2733,False,HOLD,False,wrong_unchanged,target_absent_from_C128,,,,2733,0.0,2733,0.0,0.0,0.0,False,,,,,5,observed_candidate_score_arithmetic,
H593-2bae4a6fe6f937a87545fde2,cuvitru-19,2,0,TOKEN_QR,fixed0,True,4791,1,1,4791,4791,True,4791,True,HOLD,False,correct_unchanged,correct,0.0,0.0,0.0,5031,-3.291450737252574,5031,-3.291450737252574,-0.6291311154800354,-3.9205818527326093,False,3.291450737252574,3.9205818527326093,3.291450737252574,0.6291311154800354,7,observed_candidate_score_arithmetic,0.6291311154800354
H593-2bae4a6fe6f937a87545fde2,cuvitru-19,2,0,TOKEN_QRR_ANCHOR,fixed0,True,4791,1,1,4791,4791,True,4791,True,HOLD,False,correct_unchanged,correct,0.0,0.0,0.0,5031,-3.291450737252574,5031,-3.291450737252574,0.030828932998147263,-3.2606218042544266,False,3.291450737252574,3.2606218042544266,3.291450737252574,-0.030828932998147263,5,observed_candidate_score_arithmetic,-0.030828932998147263
H593-2bae4a6fe6f937a87545fde2,cuvitru-19,2,0,TOKEN_QRR_MULTI,fixed0,True,4791,1,1,4791,4791,True,4791,True,HOLD,False,correct_unchanged,correct,0.0,0.0,0.0,5031,-3.291450737252574,5031,-3.291450737252574,0.5922967295664392,-2.6991540076861344,False,3.291450737252574,2.6991540076861344,3.291450737252574,-0.5922967295664392,4,observed_candidate_score_arithmetic,-0.5922967295664394
H593-2bcc3d446a9293adfd81509f,10ml carton,3,0,TOKEN_QR,fixed0,True,7,1,1,7,7,True,7,True,HOLD,False,correct_unchanged,correct,0.0,0.0,0.0,76,-2.4699265860738886,81,-2.775832983184624,0.8493268499478859,-1.926506133236738,True,2.4699265860738886,1.926506133236738,2.775832983184624,-0.8493268499478859,6,observed_candidate_score_arithmetic,-0.5434204528371507
H593-2bcc3d446a9293adfd81509f,10ml carton,3,0,TOKEN_QRR_ANCHOR,fixed0,True,7,1,1,7,7,True,7,True,HOLD,False,correct_unchanged,correct,0.0,0.0,0.0,76,-2.4699265860738886,81,-2.775832983184624,1.260912393800414,-1.5149205893842097,True,2.4699265860738886,1.5149205893842097,2.775832983184624,-1.260912393800414,6,observed_candidate_score_arithmetic,-0.9550059966896789
H593-2bcc3d446a9293adfd81509f,10ml carton,3,0,TOKEN_QRR_MULTI,fixed0,True,7,1,1,7,7,True,7,True,HOLD,False,correct_unchanged,correct,0.0,0.0,0.0,76,-2.4699265860738886,76,-2.4699265860738886,-0.31643597847771865,-2.7863625645516072,False,2.4699265860738886,2.7863625645516072,2.4699265860738886,0.31643597847771865,5,observed_candidate_score_arithmetic,0.31643597847771865
H593-2c2942af21039bf61875bcba,AlkaSeltzer_36,1,0,TOKEN_QR,fixed0,False,,,,2588,2588,False,2588,False,HOLD,False,wrong_unchanged,target_absent_from_C128,,,,2588,0.0,2588,0.0,0.0,0.0,False,,,,,7,observed_candidate_score_arithmetic,
H593-2c2942af21039bf61875bcba,AlkaSeltzer_36,1,0,TOKEN_QRR_ANCHOR,fixed0,False,,,,2588,2588,False,2588,False,HOLD,False,wrong_unchanged,target_absent_from_C128,,,,2588,0.0,2588,0.0,0.0,0.0,False,,,,,6,observed_candidate_score_arithmetic,
H593-2c2942af21039bf61875bcba,AlkaSeltzer_36,1,0,TOKEN_QRR_MULTI,fixed0,False,,,,2588,2588,False,2588,False,HOLD,False,wrong_unchanged,target_absent_from_C128,,,,2588,0.0,2588,0.0,0.0,0.0,False,,,,,5,observed_candidate_score_arithmetic,
H593-2d0dc828facf9c0c8e44c960,askindr carton,3,0,TOKEN_QR,fixed0,True,3208,1,1,3986,3208,True,3208,True,SWITCH,False,correct_unchanged,correct,2.710031281791559,10.6990795707836,13.409110852575157,3986,0.0,3986,0.0,0.0,0.0,False,2.710031281791559,13.409110852575157,2.710031281791559,10.6990795707836,6,observed_candidate_score_arithmetic,10.6990795707836
H593-2d0dc828facf9c0c8e44c960,askindr carton,3,0,TOKEN_QRR_ANCHOR,fixed0,True,3208,1,1,3986,3208,True,3208,True,SWITCH,False,correct_unchanged,correct,2.710031281791559,10.824432536306755,13.534463818098313,3986,0.0,3986,0.0,0.0,0.0,False,2.710031281791559,13.534463818098313,2.710031281791559,10.824432536306755,6,observed_candidate_score_arithmetic,10.824432536306755
H593-2d0dc828facf9c0c8e44c960,askindr carton,3,0,TOKEN_QRR_MULTI,fixed0,True,3208,1,1,3986,3208,True,3208,True,SWITCH,False,correct_unchanged,correct,2.710031281791559,14.276383657305676,16.986414939097234,3986,0.0,3984,-1.969494064376399,3.5031524028185155,1.5336583384421165,True,2.710031281791559,15.452756600655118,4.679525346167958,10.773231254487161,5,observed_candidate_score_arithmetic,12.74272531886356
H593-2e44547e6a7fb1f39cc27d3a,4_Kids_Oral_Pain_Relief,3,0,TOKEN_QR,fixed0,True,608,1,1,608,608,True,608,True,HOLD,False,correct_unchanged,correct,0.0,0.0,0.0,3974,-15.199367350973953,3974,-15.199367350973953,-23.76363506458957,-38.96300241556352,False,15.199367350973953,38.96300241556352,15.199367350973953,23.76363506458957,6,observed_candidate_score_arithmetic,23.76363506458957
H593-2e44547e6a7fb1f39cc27d3a,4_Kids_Oral_Pain_Relief,3,0,TOKEN_QRR_ANCHOR,fixed0,True,608,1,1,608,608,True,608,True,HOLD,False,correct_unchanged,correct,0.0,0.0,0.0,3974,-15.199367350973953,3974,-15.199367350973953,-23.30068877838911,-38.50005612936306,False,15.199367350973953,38.50005612936306,15.199367350973953,23.30068877838911,6,observed_candidate_score_arithmetic,23.30068877838911
H593-2e44547e6a7fb1f39cc27d3a,4_Kids_Oral_Pain_Relief,3,0,TOKEN_QRR_MULTI,fixed0,True,608,1,1,608,608,True,608,True,HOLD,False,correct_unchanged,correct,0.0,0.0,0.0,3974,-15.199367350973953,3974,-15.199367350973953,-20.72313159207161,-35.92249894304556,False,15.199367350973953,35.92249894304556,15.199367350973953,20.72313159207161,5,observed_candidate_score_arithmetic,20.72313159207161
H593-2e5153cd0e9bd1dddbb75dea,200000002710_Final,4,0,TOKEN_QR,fixed0,True,935,6,1,1219,1966,False,935,True,SWITCH,True,rescue,correct,0.17063635776930614,17.303517978621848,17.474154336391155,1966,1.595685915824042,1966,1.595685915824042,14.98406815356203,16.57975406938607,False,-1.4250495580547358,0.8944002670050857,-1.4250495580547358,2.3194498250598183,6,observed_candidate_score_arithmetic,2.3194498250598214
H593-2e5153cd0e9bd1dddbb75dea,200000002710_Final,4,0,TOKEN_QRR_ANCHOR,fixed0,True,935,6,1,1219,1966,False,935,True,SWITCH,True,rescue,correct,0.17063635776930614,13.2515367222375,13.422173080006806,1966,1.595685915824042,1966,1.595685915824042,11.82241265908992,13.418098574913962,False,-1.4250495580547358,0.004074505092843239,-1.4250495580547358,1.4291240631475794,6,observed_candidate_score_arithmetic,1.429124063147579
H593-2e5153cd0e9bd1dddbb75dea,200000002710_Final,4,0,TOKEN_QRR_MULTI,fixed0,True,935,6,2,1219,1966,False,1966,False,SWITCH,False,wrong_unchanged,target_beats_RAW_but_wrong_challenger_wins,0.17063635776930614,7.613638039595237,7.784274397364543,1966,1.595685915824042,1966,1.595685915824042,7.77320391208627,9.368889827910312,False,-1.4250495580547358,-1.5846154305457691,-1.4250495580547358,-0.15956587249103293,4,observed_candidate_score_arithmetic,-0.15956587249103338
H593-2e843bf03a9cb860ec035d26,ciprofloxacin-ophthalmic-solution-2pt5ml-carton,0,0,TOKEN_QR,fixed0,True,5053,1,1,5053,5053,True,5053,True,HOLD,False,correct_unchanged,correct,0.0,0.0,0.0,4820,-8.48905411240452,4820,-8.48905411240452,-12.730115738530412,-21.219169850934932,False,8.48905411240452,21.219169850934932,8.48905411240452,12.730115738530412,5,observed_candidate_score_arithmetic,12.730115738530412
H593-2e843bf03a9cb860ec035d26,ciprofloxacin-ophthalmic-solution-2pt5ml-carton,0,0,TOKEN_QRR_ANCHOR,fixed0,True,5053,1,1,5053,5053,True,5053,True,HOLD,False,correct_unchanged,correct,0.0,0.0,0.0,4820,-8.48905411240452,4820,-8.48905411240452,-15.451217727137202,-23.940271839541722,False,8.48905411240452,23.940271839541722,8.48905411240452,15.451217727137202,5,observed_candidate_score_arithmetic,15.451217727137202
H593-2e843bf03a9cb860ec035d26,ciprofloxacin-ophthalmic-solution-2pt5ml-carton,0,0,TOKEN_QRR_MULTI,fixed0,True,5053,1,1,5053,5053,True,5053,True,HOLD,False,correct_unchanged,correct,0.0,0.0,0.0,4820,-8.48905411240452,4820,-8.48905411240452,-19.158641785459785,-27.647695897864306,False,8.48905411240452,27.647695897864306,8.48905411240452,19.158641785459785,5,observed_candidate_score_arithmetic,19.158641785459785
H593-2e8ca9e124da2d21f42ee190,cuvitru-19,2,0,TOKEN_QR,fixed0,True,4791,1,1,4791,4791,True,4791,True,HOLD,False,correct_unchanged,correct,0.0,0.0,0.0,4790,-7.071020949294743,4790,-7.071020949294743,-9.628415286171354,-16.699436235466095,False,7.071020949294743,16.699436235466095,7.071020949294743,9.628415286171354,7,observed_candidate_score_arithmetic,9.628415286171352
H593-2e8ca9e124da2d21f42ee190,cuvitru-19,2,0,TOKEN_QRR_ANCHOR,fixed0,True,4791,1,1,4791,4791,True,4791,True,HOLD,False,correct_unchanged,correct,0.0,0.0,0.0,4790,-7.071020949294743,4790,-7.071020949294743,-9.15907054709965,-16.230091496394394,False,7.071020949294743,16.230091496394394,7.071020949294743,9.15907054709965,5,observed_candidate_score_arithmetic,9.15907054709965
H593-2e8ca9e124da2d21f42ee190,cuvitru-19,2,0,TOKEN_QRR_MULTI,fixed0,True,4791,1,1,4791,4791,True,4791,True,HOLD,False,correct_unchanged,correct,0.0,0.0,0.0,4790,-7.071020949294743,4790,-7.071020949294743,-7.714255883986545,-14.785276833281287,False,7.071020949294743,14.785276833281287,7.071020949294743,7.714255883986545,4,observed_candidate_score_arithmetic,7.714255883986544
H593-2ecb07df64c211f4edf1e8d3,carton-1-gram-10-vial-pack-premier,2,0,TOKEN_QR,fixed0,True,5004,1,1,5004,5004,True,5004,True,HOLD,False,correct_unchanged,correct,0.0,0.0,0.0,4808,-3.5335025535825006,4808,-3.5335025535825006,-4.1559581008123985,-7.6894606543949,False,3.5335025535825006,7.6894606543949,3.5335025535825006,4.1559581008123985,7,observed_candidate_score_arithmetic,4.1559581008123985
H593-2ecb07df64c211f4edf1e8d3,carton-1-gram-10-vial-pack-premier,2,0,TOKEN_QRR_ANCHOR,fixed0,True,5004,1,1,5004,5004,True,5004,True,HOLD,False,correct_unchanged,correct,0.0,0.0,0.0,4808,-3.5335025535825006,4808,-3.5335025535825006,-3.901412836999863,-7.434915390582363,False,3.5335025535825006,7.434915390582363,3.5335025535825006,3.901412836999863,5,observed_candidate_score_arithmetic,3.9014128369998624
H593-2ecb07df64c211f4edf1e8d3,carton-1-gram-10-vial-pack-premier,2,0,TOKEN_QRR_MULTI,fixed0,True,5004,1,1,5004,5004,True,5004,True,HOLD,False,correct_unchanged,correct,0.0,0.0,0.0,4808,-3.5335025535825006,4808,-3.5335025535825006,-3.803378655728072,-7.336881209310572,False,3.5335025535825006,7.336881209310572,3.5335025535825006,3.803378655728072,4,observed_candidate_score_arithmetic,3.8033786557280718
H593-2f5a93c328b7e7c9e25412f0,3T3-bn-lansoprazole,4,0,TOKEN_QR,fixed0,True,996,1,1,853,996,True,996,True,SWITCH,False,correct_unchanged,correct,1.9099467398081698,9.277237630028115,11.187184369836285,1129,0.2909282556291606,1129,0.2909282556291606,0.22389551035452726,0.5148237659836878,False,1.6190184841790092,10.672360603852596,1.6190184841790092,9.053342119673587,6,observed_candidate_score_arithmetic,9.053342119673587
H593-2f5a93c328b7e7c9e25412f0,3T3-bn-lansoprazole,4,0,TOKEN_QRR_ANCHOR,fixed0,True,996,1,1,853,996,True,996,True,SWITCH,False,correct_unchanged,correct,1.9099467398081698,12.385066559759291,14.295013299567461,1129,0.2909282556291606,1129,0.2909282556291606,-0.22299142307150377,0.06793683255765681,False,1.6190184841790092,14.227076467009805,1.6190184841790092,12.608057982830795,6,observed_candidate_score_arithmetic,12.608057982830797
H593-2f5a93c328b7e7c9e25412f0,3T3-bn-lansoprazole,4,0,TOKEN_QRR_MULTI,fixed0,True,996,1,1,853,996,True,996,True,SWITCH,False,correct_unchanged,correct,1.9099467398081698,10.038395780066978,11.948342519875148,1129,0.2909282556291606,1129,0.2909282556291606,2.652652486763075,2.9435807423922355,False,1.6190184841790092,9.004761777482912,1.6190184841790092,7.385743293303903,4,observed_candidate_score_arithmetic,7.385743293303903
H593-2fa24ad21b4ed56f150b2b7a,2021 Lice Freee!_6ozPOP R2a,3,0,TOKEN_QR,fixed0,True,567,1,1,567,567,True,567,True,HOLD,False,correct_unchanged,correct,0.0,0.0,0.0,568,-10.245386356169455,3777,-11.043497120783606,-23.45355834200059,-34.497055462784196,True,10.245386356169455,34.497055462784196,11.043497120783606,23.45355834200059,6,observed_candidate_score_arithmetic,24.25166910661474
H593-2fa24ad21b4ed56f150b2b7a,2021 Lice Freee!_6ozPOP R2a,3,0,TOKEN_QRR_ANCHOR,fixed0,True,567,1,1,567,567,True,567,True,HOLD,False,correct_unchanged,correct,0.0,0.0,0.0,568,-10.245386356169455,568,-10.245386356169455,-18.41361070107447,-28.658997057243926,False,10.245386356169455,28.658997057243926,10.245386356169455,18.41361070107447,6,observed_candidate_score_arithmetic,18.41361070107447
H593-2fa24ad21b4ed56f150b2b7a,2021 Lice Freee!_6ozPOP R2a,3,0,TOKEN_QRR_MULTI,fixed0,True,567,1,1,567,567,True,567,True,HOLD,False,correct_unchanged,correct,0.0,0.0,0.0,568,-10.245386356169455,3777,-11.043497120783606,-16.00651903405158,-27.050016154835184,True,10.245386356169455,27.050016154835184,11.043497120783606,16.00651903405158,5,observed_candidate_score_arithmetic,16.80462979866573
H593-30656f17b4be13cde8124a15,SH230414C (250 ml Carton),4,0,TOKEN_QR,fixed0,True,147,4,1,138,146,False,147,True,SWITCH,True,rescue,correct,-0.3368103807311551,15.368089547157396,15.031279166426241,146,1.2824341707317952,146,1.2824341707317952,10.10243127110094,11.384865441832735,False,-1.6192445514629503,3.646413724593506,-1.6192445514629503,5.265658276056456,6,observed_candidate_score_arithmetic,5.265658276056456
H593-30656f17b4be13cde8124a15,SH230414C (250 ml Carton),4,0,TOKEN_QRR_ANCHOR,fixed0,True,147,4,1,138,146,False,147,True,SWITCH,True,rescue,correct,-0.3368103807311551,18.60099712271272,18.264186741981565,146,1.2824341707317952,146,1.2824341707317952,13.749348457024393,15.031782627756188,False,-1.6192445514629503,3.2324041142253765,-1.6192445514629503,4.851648665688327,6,observed_candidate_score_arithmetic,4.851648665688327
H593-30656f17b4be13cde8124a15,SH230414C (250 ml Carton),4,0,TOKEN_QRR_MULTI,fixed0,True,147,4,1,138,146,False,147,True,SWITCH,True,rescue,correct,-0.3368103807311551,10.655256721771199,10.318446341040044,146,1.2824341707317952,146,1.2824341707317952,8.675193014621904,9.957627185353699,False,-1.6192445514629503,0.36081915568634493,-1.6192445514629503,1.980063707149295,4,observed_candidate_score_arithmetic,1.9800637071492952
H593-30d56e7ebdd8d445dd0c0837,766-e9-infants-pain-and-fever,0,0,TOKEN_QR,fixed0,True,1134,1,1,1134,1134,True,1134,True,HOLD,False,correct_unchanged,correct,0.0,0.0,0.0,2455,-6.680451227895695,2266,-7.279522337237818,-8.153464111675376,-15.432986448913194,True,6.680451227895695,15.432986448913194,7.279522337237818,8.153464111675376,5,observed_candidate_score_arithmetic,8.7525352210175
H593-30d56e7ebdd8d445dd0c0837,766-e9-infants-pain-and-fever,0,0,TOKEN_QRR_ANCHOR,fixed0,True,1134,1,1,1134,1134,True,1134,True,HOLD,False,correct_unchanged,correct,0.0,0.0,0.0,2455,-6.680451227895695,2266,-7.279522337237818,-9.957038160348082,-17.2365604975859,True,6.680451227895695,17.2365604975859,7.279522337237818,9.957038160348082,5,observed_candidate_score_arithmetic,10.556109269690204
H593-30d56e7ebdd8d445dd0c0837,766-e9-infants-pain-and-fever,0,0,TOKEN_QRR_MULTI,fixed0,True,1134,1,1,1134,1134,True,1134,True,HOLD,False,correct_unchanged,correct,0.0,0.0,0.0,2455,-6.680451227895695,2266,-7.279522337237818,-12.272873306921142,-19.55239564415896,True,6.680451227895695,19.55239564415896,7.279522337237818,12.272873306921142,5,observed_candidate_score_arithmetic,12.871944416263265
H593-30df437866a92249e15d556f,766-e9-infants-pain-and-fever,0,0,TOKEN_QR,fixed0,True,1134,1,1,1134,1134,True,1134,True,HOLD,False,correct_unchanged,correct,0.0,0.0,0.0,3671,-4.684878096685347,3671,-4.684878096685347,-2.4705623995960186,-7.155440496281366,False,4.684878096685347,7.155440496281366,4.684878096685347,2.4705623995960186,5,observed_candidate_score_arithmetic,2.4705623995960186
H593-30df437866a92249e15d556f,766-e9-infants-pain-and-fever,0,0,TOKEN_QRR_ANCHOR,fixed0,True,1134,1,1,1134,1134,True,1134,True,HOLD,False,correct_unchanged,correct,0.0,0.0,0.0,3671,-4.684878096685347,3671,-4.684878096685347,-4.487888468540068,-9.172766565225416,False,4.684878096685347,9.172766565225416,4.684878096685347,4.487888468540068,5,observed_candidate_score_arithmetic,4.487888468540069
H593-30df437866a92249e15d556f,766-e9-infants-pain-and-fever,0,0,TOKEN_QRR_MULTI,fixed0,True,1134,1,1,1134,1134,True,1134,True,HOLD,False,correct_unchanged,correct,0.0,0.0,0.0,3671,-4.684878096685347,3671,-4.684878096685347,-3.339062208211412,-8.023940304896758,False,4.684878096685347,8.023940304896758,4.684878096685347,3.339062208211412,5,observed_candidate_score_arithmetic,3.339062208211411
H593-3138eb9150d5fc2ff0b21e85,160 mg Comfor-trate Tab,0,0,TOKEN_QR,fixed0,True,16,1,1,16,16,True,16,True,HOLD,False,correct_unchanged,correct,0.0,0.0,0.0,15,-1.4907142525605943,15,-1.4907142525605943,-0.530215037313102,-2.0209292898736964,False,1.4907142525605943,2.0209292898736964,1.4907142525605943,0.530215037313102,5,observed_candidate_score_arithmetic,0.530215037313102
H593-3138eb9150d5fc2ff0b21e85,160 mg Comfor-trate Tab,0,0,TOKEN_QRR_ANCHOR,fixed0,True,16,1,1,16,16,True,16,True,HOLD,False,correct_unchanged,correct,0.0,0.0,0.0,15,-1.4907142525605943,15,-1.4907142525605943,-1.9803024720378235,-3.471016724598418,False,1.4907142525605943,3.471016724598418,1.4907142525605943,1.9803024720378235,5,observed_candidate_score_arithmetic,1.9803024720378235
H593-3138eb9150d5fc2ff0b21e85,160 mg Comfor-trate Tab,0,0,TOKEN_QRR_MULTI,fixed0,True,16,1,1,16,16,True,16,True,HOLD,False,correct_unchanged,correct,0.0,0.0,0.0,15,-1.4907142525605943,15,-1.4907142525605943,-1.2034089850297278,-2.694123237590322,False,1.4907142525605943,2.694123237590322,1.4907142525605943,1.2034089850297278,5,observed_candidate_score_arithmetic,1.2034089850297276
H593-315859149cbadcf0a035cb5b,766-e9-infants-pain-and-fever,0,0,TOKEN_QR,fixed0,True,1134,1,1,1134,1134,True,1134,True,HOLD,False,correct_unchanged,correct,0.0,0.0,0.0,4551,-6.658962484001122,4551,-6.658962484001122,-4.757140569109891,-11.416103053111012,False,6.658962484001122,11.416103053111012,6.658962484001122,4.757140569109891,5,observed_candidate_score_arithmetic,4.7571405691098905
H593-315859149cbadcf0a035cb5b,766-e9-infants-pain-and-fever,0,0,TOKEN_QRR_ANCHOR,fixed0,True,1134,1,1,1134,1134,True,1134,True,HOLD,False,correct_unchanged,correct,0.0,0.0,0.0,4551,-6.658962484001122,2266,-7.418810549778144,-7.265449198550235,-14.68425974832838,True,6.658962484001122,14.68425974832838,7.418810549778144,7.265449198550235,5,observed_candidate_score_arithmetic,8.025297264327257
H593-315859149cbadcf0a035cb5b,766-e9-infants-pain-and-fever,0,0,TOKEN_QRR_MULTI,fixed0,True,1134,1,1,1134,1134,True,1134,True,HOLD,False,correct_unchanged,correct,0.0,0.0,0.0,4551,-6.658962484001122,2266,-7.418810549778144,-9.609362142684645,-17.02817269246279,True,6.658962484001122,17.02817269246279,7.418810549778144,9.609362142684645,5,observed_candidate_score_arithmetic,10.369210208461666
H593-31a7078fc5358b3fbdc70c42,kedbumin-02,1,0,TOKEN_QR,fixed0,True,4798,1,1,4798,4798,True,4798,True,HOLD,False,correct_unchanged,correct,0.0,0.0,0.0,4778,-6.876409164402421,4778,-6.876409164402421,-3.617692593168364,-10.494101757570785,False,6.876409164402421,10.494101757570785,6.876409164402421,3.617692593168364,7,observed_candidate_score_arithmetic,3.617692593168364
H593-31a7078fc5358b3fbdc70c42,kedbumin-02,1,0,TOKEN_QRR_ANCHOR,fixed0,True,4798,1,1,4798,4798,True,4798,True,HOLD,False,correct_unchanged,correct,0.0,0.0,0.0,4778,-6.876409164402421,4778,-6.876409164402421,-7.550477403564848,-14.42688656796727,False,6.876409164402421,14.42688656796727,6.876409164402421,7.550477403564848,6,observed_candidate_score_arithmetic,7.550477403564848
H593-31a7078fc5358b3fbdc70c42,kedbumin-02,1,0,TOKEN_QRR_MULTI,fixed0,True,4798,1,1,4798,4798,True,4798,True,HOLD,False,correct_unchanged,correct,0.0,0.0,0.0,4778,-6.876409164402421,4778,-6.876409164402421,-6.0735289281609335,-12.949938092563354,False,6.876409164402421,12.949938092563354,6.876409164402421,6.0735289281609335,5,observed_candidate_score_arithmetic,6.073528928160933
H593-31aaa7c97fbc81e06383e85f,ciprofloxacin-ophthalmic-solution-2pt5ml-carton,0,0,TOKEN_QR,fixed0,True,5053,1,1,5053,5053,True,5053,True,HOLD,False,correct_unchanged,correct,0.0,0.0,0.0,5237,-9.129808219530991,5237,-9.129808219530991,-8.505421173914073,-17.635229393445066,False,9.129808219530991,17.635229393445066,9.129808219530991,8.505421173914073,5,observed_candidate_score_arithmetic,8.505421173914074
H593-31aaa7c97fbc81e06383e85f,ciprofloxacin-ophthalmic-solution-2pt5ml-carton,0,0,TOKEN_QRR_ANCHOR,fixed0,True,5053,1,1,5053,5053,True,5053,True,HOLD,False,correct_unchanged,correct,0.0,0.0,0.0,5237,-9.129808219530991,5237,-9.129808219530991,-11.057761237989656,-20.187569457520645,False,9.129808219530991,20.187569457520645,9.129808219530991,11.057761237989656,5,observed_candidate_score_arithmetic,11.057761237989654
H593-31aaa7c97fbc81e06383e85f,ciprofloxacin-ophthalmic-solution-2pt5ml-carton,0,0,TOKEN_QRR_MULTI,fixed0,True,5053,1,1,5053,5053,True,5053,True,HOLD,False,correct_unchanged,correct,0.0,0.0,0.0,5237,-9.129808219530991,5237,-9.129808219530991,-13.037045027579648,-22.166853247110637,False,9.129808219530991,22.166853247110637,9.129808219530991,13.037045027579648,5,observed_candidate_score_arithmetic,13.037045027579646
H593-31b015a7052d7ca5255413c3,300000538_R-00_Final,3,0,TOKEN_QR,fixed0,False,,,,3769,1681,False,806,False,SWITCH,True,wrong_to_different_wrong,target_absent_from_C128,,,,1681,2.715324202590513,806,1.559859556507722,2.551533303034253,4.111392859541975,True,,,,,6,observed_candidate_score_arithmetic,
H593-31b015a7052d7ca5255413c3,300000538_R-00_Final,3,0,TOKEN_QRR_ANCHOR,fixed0,False,,,,3769,1681,False,4987,False,SWITCH,True,wrong_to_different_wrong,target_absent_from_C128,,,,1681,2.715324202590513,4987,0.8166655186857159,7.162441220374768,7.979106739060484,True,,,,,6,observed_candidate_score_arithmetic,
H593-31b015a7052d7ca5255413c3,300000538_R-00_Final,3,0,TOKEN_QRR_MULTI,fixed0,False,,,,3769,1681,False,4987,False,SWITCH,True,wrong_to_different_wrong,target_absent_from_C128,,,,1681,2.715324202590513,4987,0.8166655186857159,2.6044475743482884,3.4211130930340046,True,,,,,5,observed_candidate_score_arithmetic,
H593-3202e8cf83300e822008d3d1,5fe0ce14-bc11-4b43-b002-7efdca0d3003-04,4,0,TOKEN_QR,fixed0,True,4776,1,1,4776,4776,True,4776,True,HOLD,False,correct_unchanged,correct,0.0,0.0,0.0,4774,-3.0292758283581076,4774,-3.0292758283581076,-4.893424885097765,-7.922700713455873,False,3.0292758283581076,7.922700713455873,3.0292758283581076,4.893424885097765,6,observed_candidate_score_arithmetic,4.893424885097765
H593-3202e8cf83300e822008d3d1,5fe0ce14-bc11-4b43-b002-7efdca0d3003-04,4,0,TOKEN_QRR_ANCHOR,fixed0,True,4776,1,1,4776,4776,True,4776,True,HOLD,False,correct_unchanged,correct,0.0,0.0,0.0,4774,-3.0292758283581076,4774,-3.0292758283581076,-9.083105025348868,-12.112380853706975,False,3.0292758283581076,12.112380853706975,3.0292758283581076,9.083105025348868,6,observed_candidate_score_arithmetic,9.083105025348868
H593-3202e8cf83300e822008d3d1,5fe0ce14-bc11-4b43-b002-7efdca0d3003-04,4,0,TOKEN_QRR_MULTI,fixed0,True,4776,1,1,4776,4776,True,4776,True,HOLD,False,correct_unchanged,correct,0.0,0.0,0.0,4774,-3.0292758283581076,4774,-3.0292758283581076,-1.998407936969913,-5.027683765328021,False,3.0292758283581076,5.027683765328021,3.0292758283581076,1.998407936969913,4,observed_candidate_score_arithmetic,1.9984079369699135
H593-327f0627e7abd208ae771d92,60 mg Comfor-trate Tab,0,0,TOKEN_QR,fixed0,True,64,1,1,64,64,True,64,True,HOLD,False,correct_unchanged,correct,0.0,0.0,0.0,16,-1.4403467676414783,32,-1.5949891642109204,-0.35331050293629573,-1.9482996671472161,True,1.4403467676414783,1.9482996671472161,1.5949891642109204,0.35331050293629573,5,observed_candidate_score_arithmetic,0.5079528995057379
H593-327f0627e7abd208ae771d92,60 mg Comfor-trate Tab,0,0,TOKEN_QRR_ANCHOR,fixed0,True,64,1,1,64,64,True,64,True,HOLD,False,correct_unchanged,correct,0.0,0.0,0.0,16,-1.4403467676414783,32,-1.5949891642109204,-1.359587202769175,-2.9545763669800955,True,1.4403467676414783,2.9545763669800955,1.5949891642109204,1.359587202769175,5,observed_candidate_score_arithmetic,1.5142295993386172
H593-327f0627e7abd208ae771d92,60 mg Comfor-trate Tab,0,0,TOKEN_QRR_MULTI,fixed0,True,64,1,1,64,64,True,64,True,HOLD,False,correct_unchanged,correct,0.0,0.0,0.0,16,-1.4403467676414783,32,-1.5949891642109204,-2.313374910411661,-3.9083640746225816,True,1.4403467676414783,3.9083640746225816,1.5949891642109204,2.313374910411661,5,observed_candidate_score_arithmetic,2.4680173069811033
