row_id,source_trial,source_head_key,head_lineage,condition,parameter_count,dataset,split,evidence_mode,candidate_source,candidate_count,action_arithmetic,scoring_path,baseline_name,query_count,baseline_top1,final_top1,rescue_vs_RAW,break_vs_RAW,net_vs_RAW,trial_comparator,comparator_top1,paired_rescue_vs_comparator,paired_break_vs_comparator,paired_net_vs_comparator,evidence_level,operation_kind,baseline_replay_duplicate,replay_note,model_adopted_by_this_record,result_status,result_path,result_sha256,metric_json_pointer,actions_json_pointer,action_list_sha256,validation_status,validation_path,validation_sha256,parameter_source_path,parameter_source_sha256
rc_absolute_evidence_scale_calibration_v1|TRAIN|REAL|NATIVE7,rc_absolute_evidence_scale_calibration_v1,NATIVE7,native_feature_action_NATIVE7,NATIVE7,7,original_RAW_C128_matched_FULL64_native_action_bundle,TRAIN,REAL,original RAW full-gallery C128; no target insertion,128,FP64_complete_matrix_X@weight+bias,RoMa soft visibility x ColNomic full-reference image-token weighted MaxSim; RAW C128 all127 HOLD/SWITCH; original native6,RAW_without_action,32,27,28,1,0,1,NATIVE7/REAL,28,0,0,0,TRAIN_DESCRIPTIVE,validated_existing_head_replay,true,replay of an existing validated head on this bundle; not a new independent experiment,false,ABSOLUTE_SCALE_NO_INTERNAL_NET_GAIN,results/rc_absolute_evidence_scale_calibration_v1/result.json,595f1ca3b1b6151af1303c1f6d68cc350af37ef823c204b3a339d55e84e29f6c,/metrics/TRAIN/NATIVE7/REAL,/actions/TRAIN/NATIVE7/REAL,1fbf353e3cf21720cc1c84e844ae1ecfc7d64aac46f9f1b5ba66f4d48029e45f,ABSOLUTE_SCALE_INDEPENDENT_REEXECUTION_VALIDATION_PASS,results/rc_absolute_evidence_scale_calibration_v1/independent_validation.json,6cb51164d4e0ec5adc4ba9e2e26ab14ced61c558170ae19a7230a8005d72c0b9,results/rc_absolute_evidence_scale_calibration_v1/parameters.json,1b163130c59d7eec64ab67a48dfa3bf369525b79159e03519a632b032eade490
rc_absolute_evidence_scale_calibration_v1|TRAIN|REAL|ABS12,rc_absolute_evidence_scale_calibration_v1,ABS12,native_feature_action_ABS12,ABS12,12,original_RAW_C128_matched_FULL64_native_action_bundle,TRAIN,REAL,original RAW full-gallery C128; no target insertion,128,FP64_complete_matrix_X@weight+bias,RoMa soft visibility x ColNomic full-reference image-token weighted MaxSim; RAW C128 all127 HOLD/SWITCH; native6 plus five TRAIN-RMS absolute differences,RAW_without_action,32,27,29,2,0,2,NATIVE7/REAL,28,1,0,1,TRAIN_DESCRIPTIVE,fixed_protocol_retrained_ablation,false,,false,ABSOLUTE_SCALE_NO_INTERNAL_NET_GAIN,results/rc_absolute_evidence_scale_calibration_v1/result.json,595f1ca3b1b6151af1303c1f6d68cc350af37ef823c204b3a339d55e84e29f6c,/metrics/TRAIN/ABS12/REAL,/actions/TRAIN/ABS12/REAL,e65b8af296f26b7e23f66f39d1610c3d01d5676d70002628ed69228ef1d25143,ABSOLUTE_SCALE_INDEPENDENT_REEXECUTION_VALIDATION_PASS,results/rc_absolute_evidence_scale_calibration_v1/independent_validation.json,6cb51164d4e0ec5adc4ba9e2e26ab14ced61c558170ae19a7230a8005d72c0b9,results/rc_absolute_evidence_scale_calibration_v1/parameters.json,1b163130c59d7eec64ab67a48dfa3bf369525b79159e03519a632b032eade490
rc_absolute_evidence_scale_calibration_v1|TRAIN|REAL|REL12,rc_absolute_evidence_scale_calibration_v1,REL12,native_feature_action_REL12,REL12,12,original_RAW_C128_matched_FULL64_native_action_bundle,TRAIN,REAL,original RAW full-gallery C128; no target insertion,128,FP64_complete_matrix_X@weight+bias,RoMa soft visibility x ColNomic full-reference image-token weighted MaxSim; RAW C128 all127 HOLD/SWITCH; native6 plus five TRAIN-RMS signed-square relative features,RAW_without_action,32,27,28,1,0,1,NATIVE7/REAL,28,0,0,0,TRAIN_DESCRIPTIVE,fixed_protocol_retrained_ablation,false,,false,ABSOLUTE_SCALE_NO_INTERNAL_NET_GAIN,results/rc_absolute_evidence_scale_calibration_v1/result.json,595f1ca3b1b6151af1303c1f6d68cc350af37ef823c204b3a339d55e84e29f6c,/metrics/TRAIN/REL12/REAL,/actions/TRAIN/REL12/REAL,51a4674f0fab93f648de485f7aaa2ba79c389046b004cea60a4b93d4e6b3d2c9,ABSOLUTE_SCALE_INDEPENDENT_REEXECUTION_VALIDATION_PASS,results/rc_absolute_evidence_scale_calibration_v1/independent_validation.json,6cb51164d4e0ec5adc4ba9e2e26ab14ced61c558170ae19a7230a8005d72c0b9,results/rc_absolute_evidence_scale_calibration_v1/parameters.json,1b163130c59d7eec64ab67a48dfa3bf369525b79159e03519a632b032eade490
rc_absolute_evidence_scale_calibration_v1|TRAIN|CBIND|NATIVE7,rc_absolute_evidence_scale_calibration_v1,NATIVE7,native_feature_action_NATIVE7,NATIVE7,7,original_RAW_C128_matched_FULL64_native_action_bundle,TRAIN,CBIND,original RAW full-gallery C128; no target insertion,128,FP64_complete_matrix_X@weight+bias,RoMa soft visibility x ColNomic full-reference image-token weighted MaxSim; RAW C128 all127 HOLD/SWITCH; original native6,RAW_without_action,32,27,21,0,6,-6,NATIVE7/CBIND,21,0,0,0,TRAIN_DESCRIPTIVE_CBIND_CONTROL,validated_existing_head_replay,true,replay of an existing validated head on this bundle; not a new independent experiment,false,ABSOLUTE_SCALE_NO_INTERNAL_NET_GAIN,results/rc_absolute_evidence_scale_calibration_v1/result.json,595f1ca3b1b6151af1303c1f6d68cc350af37ef823c204b3a339d55e84e29f6c,/metrics/TRAIN/NATIVE7/CBIND,/actions/TRAIN/NATIVE7/CBIND,ee17c71fc26d8659ccaa64608f85541702048baf1e6df5d5a237cc3493a5bc3e,ABSOLUTE_SCALE_INDEPENDENT_REEXECUTION_VALIDATION_PASS,results/rc_absolute_evidence_scale_calibration_v1/independent_validation.json,6cb51164d4e0ec5adc4ba9e2e26ab14ced61c558170ae19a7230a8005d72c0b9,results/rc_absolute_evidence_scale_calibration_v1/parameters.json,1b163130c59d7eec64ab67a48dfa3bf369525b79159e03519a632b032eade490
rc_absolute_evidence_scale_calibration_v1|TRAIN|CBIND|ABS12,rc_absolute_evidence_scale_calibration_v1,ABS12,native_feature_action_ABS12,ABS12,12,original_RAW_C128_matched_FULL64_native_action_bundle,TRAIN,CBIND,original RAW full-gallery C128; no target insertion,128,FP64_complete_matrix_X@weight+bias,RoMa soft visibility x ColNomic full-reference image-token weighted MaxSim; RAW C128 all127 HOLD/SWITCH; native6 plus five TRAIN-RMS absolute differences,RAW_without_action,32,27,20,0,7,-7,NATIVE7/CBIND,21,0,1,-1,TRAIN_DESCRIPTIVE_CBIND_CONTROL,fixed_protocol_retrained_ablation,false,,false,ABSOLUTE_SCALE_NO_INTERNAL_NET_GAIN,results/rc_absolute_evidence_scale_calibration_v1/result.json,595f1ca3b1b6151af1303c1f6d68cc350af37ef823c204b3a339d55e84e29f6c,/metrics/TRAIN/ABS12/CBIND,/actions/TRAIN/ABS12/CBIND,42b56b8a521859aef9086cc7e11f811d618f79e140a3dee744f6b74bfcc80eb6,ABSOLUTE_SCALE_INDEPENDENT_REEXECUTION_VALIDATION_PASS,results/rc_absolute_evidence_scale_calibration_v1/independent_validation.json,6cb51164d4e0ec5adc4ba9e2e26ab14ced61c558170ae19a7230a8005d72c0b9,results/rc_absolute_evidence_scale_calibration_v1/parameters.json,1b163130c59d7eec64ab67a48dfa3bf369525b79159e03519a632b032eade490
rc_absolute_evidence_scale_calibration_v1|TRAIN|CBIND|REL12,rc_absolute_evidence_scale_calibration_v1,REL12,native_feature_action_REL12,REL12,12,original_RAW_C128_matched_FULL64_native_action_bundle,TRAIN,CBIND,original RAW full-gallery C128; no target insertion,128,FP64_complete_matrix_X@weight+bias,RoMa soft visibility x ColNomic full-reference image-token weighted MaxSim; RAW C128 all127 HOLD/SWITCH; native6 plus five TRAIN-RMS signed-square relative features,RAW_without_action,32,27,19,0,8,-8,NATIVE7/CBIND,21,0,2,-2,TRAIN_DESCRIPTIVE_CBIND_CONTROL,fixed_protocol_retrained_ablation,false,,false,ABSOLUTE_SCALE_NO_INTERNAL_NET_GAIN,results/rc_absolute_evidence_scale_calibration_v1/result.json,595f1ca3b1b6151af1303c1f6d68cc350af37ef823c204b3a339d55e84e29f6c,/metrics/TRAIN/REL12/CBIND,/actions/TRAIN/REL12/CBIND,e2fad2844dc01ab6a5bcc992d91181845b7e0e7dcfe9533425765f3ea29fb229,ABSOLUTE_SCALE_INDEPENDENT_REEXECUTION_VALIDATION_PASS,results/rc_absolute_evidence_scale_calibration_v1/independent_validation.json,6cb51164d4e0ec5adc4ba9e2e26ab14ced61c558170ae19a7230a8005d72c0b9,results/rc_absolute_evidence_scale_calibration_v1/parameters.json,1b163130c59d7eec64ab67a48dfa3bf369525b79159e03519a632b032eade490
rc_absolute_evidence_scale_calibration_v1|EVAL|REAL|NATIVE7,rc_absolute_evidence_scale_calibration_v1,NATIVE7,native_feature_action_NATIVE7,NATIVE7,7,original_RAW_C128_matched_FULL64_native_action_bundle,EVAL,REAL,original RAW full-gallery C128; no target insertion,128,FP64_complete_matrix_X@weight+bias,RoMa soft visibility x ColNomic full-reference image-token weighted MaxSim; RAW C128 all127 HOLD/SWITCH; original native6,RAW_without_action,32,25,28,3,0,3,NATIVE7/REAL,28,0,0,0,OPENED_INTERNAL_EVAL,validated_existing_head_replay,true,replay of an existing validated head on this bundle; not a new independent experiment,false,ABSOLUTE_SCALE_NO_INTERNAL_NET_GAIN,results/rc_absolute_evidence_scale_calibration_v1/result.json,595f1ca3b1b6151af1303c1f6d68cc350af37ef823c204b3a339d55e84e29f6c,/metrics/EVAL/NATIVE7/REAL,/actions/EVAL/NATIVE7/REAL,bedd10316891d8996fd9cf7bb9219cdb6e3878a12de0022ed3178d3c1f67eed9,ABSOLUTE_SCALE_INDEPENDENT_REEXECUTION_VALIDATION_PASS,results/rc_absolute_evidence_scale_calibration_v1/independent_validation.json,6cb51164d4e0ec5adc4ba9e2e26ab14ced61c558170ae19a7230a8005d72c0b9,results/rc_absolute_evidence_scale_calibration_v1/parameters.json,1b163130c59d7eec64ab67a48dfa3bf369525b79159e03519a632b032eade490
rc_absolute_evidence_scale_calibration_v1|EVAL|REAL|ABS12,rc_absolute_evidence_scale_calibration_v1,ABS12,native_feature_action_ABS12,ABS12,12,original_RAW_C128_matched_FULL64_native_action_bundle,EVAL,REAL,original RAW full-gallery C128; no target insertion,128,FP64_complete_matrix_X@weight+bias,RoMa soft visibility x ColNomic full-reference image-token weighted MaxSim; RAW C128 all127 HOLD/SWITCH; native6 plus five TRAIN-RMS absolute differences,RAW_without_action,32,25,26,2,1,1,NATIVE7/REAL,28,0,2,-2,OPENED_INTERNAL_EVAL,fixed_protocol_retrained_ablation,false,,false,ABSOLUTE_SCALE_NO_INTERNAL_NET_GAIN,results/rc_absolute_evidence_scale_calibration_v1/result.json,595f1ca3b1b6151af1303c1f6d68cc350af37ef823c204b3a339d55e84e29f6c,/metrics/EVAL/ABS12/REAL,/actions/EVAL/ABS12/REAL,73c5ebd82973d775ce3831b0be46c8375eab8dc66d84c3a0958f0349c01681f2,ABSOLUTE_SCALE_INDEPENDENT_REEXECUTION_VALIDATION_PASS,results/rc_absolute_evidence_scale_calibration_v1/independent_validation.json,6cb51164d4e0ec5adc4ba9e2e26ab14ced61c558170ae19a7230a8005d72c0b9,results/rc_absolute_evidence_scale_calibration_v1/parameters.json,1b163130c59d7eec64ab67a48dfa3bf369525b79159e03519a632b032eade490
rc_absolute_evidence_scale_calibration_v1|EVAL|REAL|REL12,rc_absolute_evidence_scale_calibration_v1,REL12,native_feature_action_REL12,REL12,12,original_RAW_C128_matched_FULL64_native_action_bundle,EVAL,REAL,original RAW full-gallery C128; no target insertion,128,FP64_complete_matrix_X@weight+bias,RoMa soft visibility x ColNomic full-reference image-token weighted MaxSim; RAW C128 all127 HOLD/SWITCH; native6 plus five TRAIN-RMS signed-square relative features,RAW_without_action,32,25,26,2,1,1,NATIVE7/REAL,28,0,2,-2,OPENED_INTERNAL_EVAL,fixed_protocol_retrained_ablation,false,,false,ABSOLUTE_SCALE_NO_INTERNAL_NET_GAIN,results/rc_absolute_evidence_scale_calibration_v1/result.json,595f1ca3b1b6151af1303c1f6d68cc350af37ef823c204b3a339d55e84e29f6c,/metrics/EVAL/REL12/REAL,/actions/EVAL/REL12/REAL,a30b47269b969e0f4d7700d3760b8be6aa13707400d49e3fc0cbfb9ac2d66461,ABSOLUTE_SCALE_INDEPENDENT_REEXECUTION_VALIDATION_PASS,results/rc_absolute_evidence_scale_calibration_v1/independent_validation.json,6cb51164d4e0ec5adc4ba9e2e26ab14ced61c558170ae19a7230a8005d72c0b9,results/rc_absolute_evidence_scale_calibration_v1/parameters.json,1b163130c59d7eec64ab67a48dfa3bf369525b79159e03519a632b032eade490
rc_absolute_evidence_scale_calibration_v1|EVAL|CBIND|NATIVE7,rc_absolute_evidence_scale_calibration_v1,NATIVE7,native_feature_action_NATIVE7,NATIVE7,7,original_RAW_C128_matched_FULL64_native_action_bundle,EVAL,CBIND,original RAW full-gallery C128; no target insertion,128,FP64_complete_matrix_X@weight+bias,RoMa soft visibility x ColNomic full-reference image-token weighted MaxSim; RAW C128 all127 HOLD/SWITCH; original native6,RAW_without_action,32,25,20,0,5,-5,NATIVE7/CBIND,20,0,0,0,OPENED_INTERNAL_EVAL_CBIND_CONTROL,validated_existing_head_replay,true,replay of an existing validated head on this bundle; not a new independent experiment,false,ABSOLUTE_SCALE_NO_INTERNAL_NET_GAIN,results/rc_absolute_evidence_scale_calibration_v1/result.json,595f1ca3b1b6151af1303c1f6d68cc350af37ef823c204b3a339d55e84e29f6c,/metrics/EVAL/NATIVE7/CBIND,/actions/EVAL/NATIVE7/CBIND,5dcef334fb89db2127869e9d8b11104e43e50f60f33451977393b93cd02ce612,ABSOLUTE_SCALE_INDEPENDENT_REEXECUTION_VALIDATION_PASS,results/rc_absolute_evidence_scale_calibration_v1/independent_validation.json,6cb51164d4e0ec5adc4ba9e2e26ab14ced61c558170ae19a7230a8005d72c0b9,results/rc_absolute_evidence_scale_calibration_v1/parameters.json,1b163130c59d7eec64ab67a48dfa3bf369525b79159e03519a632b032eade490
rc_absolute_evidence_scale_calibration_v1|EVAL|CBIND|ABS12,rc_absolute_evidence_scale_calibration_v1,ABS12,native_feature_action_ABS12,ABS12,12,original_RAW_C128_matched_FULL64_native_action_bundle,EVAL,CBIND,original RAW full-gallery C128; no target insertion,128,FP64_complete_matrix_X@weight+bias,RoMa soft visibility x ColNomic full-reference image-token weighted MaxSim; RAW C128 all127 HOLD/SWITCH; native6 plus five TRAIN-RMS absolute differences,RAW_without_action,32,25,20,0,5,-5,NATIVE7/CBIND,20,2,2,0,OPENED_INTERNAL_EVAL_CBIND_CONTROL,fixed_protocol_retrained_ablation,false,,false,ABSOLUTE_SCALE_NO_INTERNAL_NET_GAIN,results/rc_absolute_evidence_scale_calibration_v1/result.json,595f1ca3b1b6151af1303c1f6d68cc350af37ef823c204b3a339d55e84e29f6c,/metrics/EVAL/ABS12/CBIND,/actions/EVAL/ABS12/CBIND,5b31d1d3929a9db7f6c21a9617387fd0395ac559b59b4191551195d8291888db,ABSOLUTE_SCALE_INDEPENDENT_REEXECUTION_VALIDATION_PASS,results/rc_absolute_evidence_scale_calibration_v1/independent_validation.json,6cb51164d4e0ec5adc4ba9e2e26ab14ced61c558170ae19a7230a8005d72c0b9,results/rc_absolute_evidence_scale_calibration_v1/parameters.json,1b163130c59d7eec64ab67a48dfa3bf369525b79159e03519a632b032eade490
rc_absolute_evidence_scale_calibration_v1|EVAL|CBIND|REL12,rc_absolute_evidence_scale_calibration_v1,REL12,native_feature_action_REL12,REL12,12,original_RAW_C128_matched_FULL64_native_action_bundle,EVAL,CBIND,original RAW full-gallery C128; no target insertion,128,FP64_complete_matrix_X@weight+bias,RoMa soft visibility x ColNomic full-reference image-token weighted MaxSim; RAW C128 all127 HOLD/SWITCH; native6 plus five TRAIN-RMS signed-square relative features,RAW_without_action,32,25,20,0,5,-5,NATIVE7/CBIND,20,0,0,0,OPENED_INTERNAL_EVAL_CBIND_CONTROL,fixed_protocol_retrained_ablation,false,,false,ABSOLUTE_SCALE_NO_INTERNAL_NET_GAIN,results/rc_absolute_evidence_scale_calibration_v1/result.json,595f1ca3b1b6151af1303c1f6d68cc350af37ef823c204b3a339d55e84e29f6c,/metrics/EVAL/REL12/CBIND,/actions/EVAL/REL12/CBIND,07cf32cb1241dcf65fab4a554eb15d4cc44c025605815d06f6f40f16c76fce0c,ABSOLUTE_SCALE_INDEPENDENT_REEXECUTION_VALIDATION_PASS,results/rc_absolute_evidence_scale_calibration_v1/independent_validation.json,6cb51164d4e0ec5adc4ba9e2e26ab14ced61c558170ae19a7230a8005d72c0b9,results/rc_absolute_evidence_scale_calibration_v1/parameters.json,1b163130c59d7eec64ab67a48dfa3bf369525b79159e03519a632b032eade490
rc_native7_training_objective_factorial_v1|TRAIN|REAL|PAIR_SIGN,rc_native7_training_objective_factorial_v1,PAIR_SIGN,native_feature_action_PAIR_SIGN,PAIR_SIGN,7,original_RAW_C128_matched_FULL64_native_action_bundle,TRAIN,REAL,original RAW full-gallery C128; no target insertion,128,FP64_complete_matrix_X@weight+bias,RoMa soft visibility x ColNomic full-reference image-token weighted MaxSim; RAW C128 all127 HOLD/SWITCH; original native6; training objective=PAIR_SIGN,RAW_without_action,32,27,28,1,0,1,PAIR_SIGN/REAL,28,0,0,0,TRAIN_DESCRIPTIVE,validated_existing_head_replay,true,replay of an existing validated head on this bundle; not a new independent experiment,false,NATIVE7_OBJECTIVE_PRIMARY_NO_NET_GAIN,results/rc_native7_training_objective_factorial_v1/result.json,51d4e9a80d18d73c7f37730ff1c840186c279c3e59ed5b54a0d6a029522e9c17,/metrics/TRAIN/PAIR_SIGN/REAL,/actions/TRAIN/PAIR_SIGN/REAL,1fbf353e3cf21720cc1c84e844ae1ecfc7d64aac46f9f1b5ba66f4d48029e45f,NATIVE7_OBJECTIVE_FACTORIAL_INDEPENDENT_REEXECUTION_PASS,results/rc_native7_training_objective_factorial_v1/independent_validation.json,932a9aa825950607b75c1dd72267fbd570b8f96102ce5a9595bfcb0ad84c0e07,results/rc_native7_training_objective_factorial_v1/parameters.json,3405a316d456df62d2a0276808f5d746124b91ba1fdc581bb9b23acbb9daa316
rc_native7_training_objective_factorial_v1|TRAIN|REAL|PAIR_RANK,rc_native7_training_objective_factorial_v1,PAIR_RANK,native_feature_action_PAIR_RANK,PAIR_RANK,7,original_RAW_C128_matched_FULL64_native_action_bundle,TRAIN,REAL,original RAW full-gallery C128; no target insertion,128,FP64_complete_matrix_X@weight+bias,RoMa soft visibility x ColNomic full-reference image-token weighted MaxSim; RAW C128 all127 HOLD/SWITCH; original native6; training objective=PAIR_RANK,RAW_without_action,32,27,28,1,0,1,PAIR_SIGN/REAL,28,0,0,0,TRAIN_DESCRIPTIVE,fixed_protocol_retrained_ablation,false,,false,NATIVE7_OBJECTIVE_PRIMARY_NO_NET_GAIN,results/rc_native7_training_objective_factorial_v1/result.json,51d4e9a80d18d73c7f37730ff1c840186c279c3e59ed5b54a0d6a029522e9c17,/metrics/TRAIN/PAIR_RANK/REAL,/actions/TRAIN/PAIR_RANK/REAL,bc18e0717ce257bebf67e4ffa477070462ec45f59dbfa18ce4d0df7b48312c41,NATIVE7_OBJECTIVE_FACTORIAL_INDEPENDENT_REEXECUTION_PASS,results/rc_native7_training_objective_factorial_v1/independent_validation.json,932a9aa825950607b75c1dd72267fbd570b8f96102ce5a9595bfcb0ad84c0e07,results/rc_native7_training_objective_factorial_v1/parameters.json,3405a316d456df62d2a0276808f5d746124b91ba1fdc581bb9b23acbb9daa316
rc_native7_training_objective_factorial_v1|TRAIN|REAL|FULL_SIGN,rc_native7_training_objective_factorial_v1,FULL_SIGN,native_feature_action_FULL_SIGN,FULL_SIGN,7,original_RAW_C128_matched_FULL64_native_action_bundle,TRAIN,REAL,original RAW full-gallery C128; no target insertion,128,FP64_complete_matrix_X@weight+bias,RoMa soft visibility x ColNomic full-reference image-token weighted MaxSim; RAW C128 all127 HOLD/SWITCH; original native6; training objective=FULL_SIGN,RAW_without_action,32,27,28,1,0,1,PAIR_SIGN/REAL,28,0,0,0,TRAIN_DESCRIPTIVE,fixed_protocol_retrained_ablation,false,,false,NATIVE7_OBJECTIVE_PRIMARY_NO_NET_GAIN,results/rc_native7_training_objective_factorial_v1/result.json,51d4e9a80d18d73c7f37730ff1c840186c279c3e59ed5b54a0d6a029522e9c17,/metrics/TRAIN/FULL_SIGN/REAL,/actions/TRAIN/FULL_SIGN/REAL,5630969dc6b6dc51b17d1203431a66947ab08d1806c4f4d3b0c7e521c0a1bdf4,NATIVE7_OBJECTIVE_FACTORIAL_INDEPENDENT_REEXECUTION_PASS,results/rc_native7_training_objective_factorial_v1/independent_validation.json,932a9aa825950607b75c1dd72267fbd570b8f96102ce5a9595bfcb0ad84c0e07,results/rc_native7_training_objective_factorial_v1/parameters.json,3405a316d456df62d2a0276808f5d746124b91ba1fdc581bb9b23acbb9daa316
rc_native7_training_objective_factorial_v1|TRAIN|REAL|FULL_RANK,rc_native7_training_objective_factorial_v1,FULL_RANK,native_feature_action_FULL_RANK,FULL_RANK,7,original_RAW_C128_matched_FULL64_native_action_bundle,TRAIN,REAL,original RAW full-gallery C128; no target insertion,128,FP64_complete_matrix_X@weight+bias,RoMa soft visibility x ColNomic full-reference image-token weighted MaxSim; RAW C128 all127 HOLD/SWITCH; original native6; training objective=FULL_RANK,RAW_without_action,32,27,28,1,0,1,PAIR_SIGN/REAL,28,0,0,0,TRAIN_DESCRIPTIVE,fixed_protocol_retrained_ablation,false,,false,NATIVE7_OBJECTIVE_PRIMARY_NO_NET_GAIN,results/rc_native7_training_objective_factorial_v1/result.json,51d4e9a80d18d73c7f37730ff1c840186c279c3e59ed5b54a0d6a029522e9c17,/metrics/TRAIN/FULL_RANK/REAL,/actions/TRAIN/FULL_RANK/REAL,3d210162f2f96e107427e238949192af4c8edcc90b3c9f07fadb22b100a7596f,NATIVE7_OBJECTIVE_FACTORIAL_INDEPENDENT_REEXECUTION_PASS,results/rc_native7_training_objective_factorial_v1/independent_validation.json,932a9aa825950607b75c1dd72267fbd570b8f96102ce5a9595bfcb0ad84c0e07,results/rc_native7_training_objective_factorial_v1/parameters.json,3405a316d456df62d2a0276808f5d746124b91ba1fdc581bb9b23acbb9daa316
rc_native7_training_objective_factorial_v1|TRAIN|CBIND|PAIR_SIGN,rc_native7_training_objective_factorial_v1,PAIR_SIGN,native_feature_action_PAIR_SIGN,PAIR_SIGN,7,original_RAW_C128_matched_FULL64_native_action_bundle,TRAIN,CBIND,original RAW full-gallery C128; no target insertion,128,FP64_complete_matrix_X@weight+bias,RoMa soft visibility x ColNomic full-reference image-token weighted MaxSim; RAW C128 all127 HOLD/SWITCH; original native6; training objective=PAIR_SIGN,RAW_without_action,32,27,21,0,6,-6,PAIR_SIGN/CBIND,21,0,0,0,TRAIN_DESCRIPTIVE_CBIND_CONTROL,validated_existing_head_replay,true,replay of an existing validated head on this bundle; not a new independent experiment,false,NATIVE7_OBJECTIVE_PRIMARY_NO_NET_GAIN,results/rc_native7_training_objective_factorial_v1/result.json,51d4e9a80d18d73c7f37730ff1c840186c279c3e59ed5b54a0d6a029522e9c17,/metrics/TRAIN/PAIR_SIGN/CBIND,/actions/TRAIN/PAIR_SIGN/CBIND,ee17c71fc26d8659ccaa64608f85541702048baf1e6df5d5a237cc3493a5bc3e,NATIVE7_OBJECTIVE_FACTORIAL_INDEPENDENT_REEXECUTION_PASS,results/rc_native7_training_objective_factorial_v1/independent_validation.json,932a9aa825950607b75c1dd72267fbd570b8f96102ce5a9595bfcb0ad84c0e07,results/rc_native7_training_objective_factorial_v1/parameters.json,3405a316d456df62d2a0276808f5d746124b91ba1fdc581bb9b23acbb9daa316
rc_native7_training_objective_factorial_v1|TRAIN|CBIND|PAIR_RANK,rc_native7_training_objective_factorial_v1,PAIR_RANK,native_feature_action_PAIR_RANK,PAIR_RANK,7,original_RAW_C128_matched_FULL64_native_action_bundle,TRAIN,CBIND,original RAW full-gallery C128; no target insertion,128,FP64_complete_matrix_X@weight+bias,RoMa soft visibility x ColNomic full-reference image-token weighted MaxSim; RAW C128 all127 HOLD/SWITCH; original native6; training objective=PAIR_RANK,RAW_without_action,32,27,20,0,7,-7,PAIR_SIGN/CBIND,21,0,1,-1,TRAIN_DESCRIPTIVE_CBIND_CONTROL,fixed_protocol_retrained_ablation,false,,false,NATIVE7_OBJECTIVE_PRIMARY_NO_NET_GAIN,results/rc_native7_training_objective_factorial_v1/result.json,51d4e9a80d18d73c7f37730ff1c840186c279c3e59ed5b54a0d6a029522e9c17,/metrics/TRAIN/PAIR_RANK/CBIND,/actions/TRAIN/PAIR_RANK/CBIND,39d91832a385c02e10ea42da0a57a2fb2e3f91cecaebb83c21fdc5f3b8564fc1,NATIVE7_OBJECTIVE_FACTORIAL_INDEPENDENT_REEXECUTION_PASS,results/rc_native7_training_objective_factorial_v1/independent_validation.json,932a9aa825950607b75c1dd72267fbd570b8f96102ce5a9595bfcb0ad84c0e07,results/rc_native7_training_objective_factorial_v1/parameters.json,3405a316d456df62d2a0276808f5d746124b91ba1fdc581bb9b23acbb9daa316
rc_native7_training_objective_factorial_v1|TRAIN|CBIND|FULL_SIGN,rc_native7_training_objective_factorial_v1,FULL_SIGN,native_feature_action_FULL_SIGN,FULL_SIGN,7,original_RAW_C128_matched_FULL64_native_action_bundle,TRAIN,CBIND,original RAW full-gallery C128; no target insertion,128,FP64_complete_matrix_X@weight+bias,RoMa soft visibility x ColNomic full-reference image-token weighted MaxSim; RAW C128 all127 HOLD/SWITCH; original native6; training objective=FULL_SIGN,RAW_without_action,32,27,24,0,3,-3,PAIR_SIGN/CBIND,21,3,0,3,TRAIN_DESCRIPTIVE_CBIND_CONTROL,fixed_protocol_retrained_ablation,false,,false,NATIVE7_OBJECTIVE_PRIMARY_NO_NET_GAIN,results/rc_native7_training_objective_factorial_v1/result.json,51d4e9a80d18d73c7f37730ff1c840186c279c3e59ed5b54a0d6a029522e9c17,/metrics/TRAIN/FULL_SIGN/CBIND,/actions/TRAIN/FULL_SIGN/CBIND,577e4d50f60113637e7e3b463a0ec49be94bd632e6bce94f99ffad192554a0c1,NATIVE7_OBJECTIVE_FACTORIAL_INDEPENDENT_REEXECUTION_PASS,results/rc_native7_training_objective_factorial_v1/independent_validation.json,932a9aa825950607b75c1dd72267fbd570b8f96102ce5a9595bfcb0ad84c0e07,results/rc_native7_training_objective_factorial_v1/parameters.json,3405a316d456df62d2a0276808f5d746124b91ba1fdc581bb9b23acbb9daa316
rc_native7_training_objective_factorial_v1|TRAIN|CBIND|FULL_RANK,rc_native7_training_objective_factorial_v1,FULL_RANK,native_feature_action_FULL_RANK,FULL_RANK,7,original_RAW_C128_matched_FULL64_native_action_bundle,TRAIN,CBIND,original RAW full-gallery C128; no target insertion,128,FP64_complete_matrix_X@weight+bias,RoMa soft visibility x ColNomic full-reference image-token weighted MaxSim; RAW C128 all127 HOLD/SWITCH; original native6; training objective=FULL_RANK,RAW_without_action,32,27,22,1,6,-5,PAIR_SIGN/CBIND,21,1,0,1,TRAIN_DESCRIPTIVE_CBIND_CONTROL,fixed_protocol_retrained_ablation,false,,false,NATIVE7_OBJECTIVE_PRIMARY_NO_NET_GAIN,results/rc_native7_training_objective_factorial_v1/result.json,51d4e9a80d18d73c7f37730ff1c840186c279c3e59ed5b54a0d6a029522e9c17,/metrics/TRAIN/FULL_RANK/CBIND,/actions/TRAIN/FULL_RANK/CBIND,d5cc87e3e470a149dd08a2f225dd975f8dcb2dc7945c6dc654015b40abe31a3f,NATIVE7_OBJECTIVE_FACTORIAL_INDEPENDENT_REEXECUTION_PASS,results/rc_native7_training_objective_factorial_v1/independent_validation.json,932a9aa825950607b75c1dd72267fbd570b8f96102ce5a9595bfcb0ad84c0e07,results/rc_native7_training_objective_factorial_v1/parameters.json,3405a316d456df62d2a0276808f5d746124b91ba1fdc581bb9b23acbb9daa316
rc_native7_training_objective_factorial_v1|EVAL|REAL|PAIR_SIGN,rc_native7_training_objective_factorial_v1,PAIR_SIGN,native_feature_action_PAIR_SIGN,PAIR_SIGN,7,original_RAW_C128_matched_FULL64_native_action_bundle,EVAL,REAL,original RAW full-gallery C128; no target insertion,128,FP64_complete_matrix_X@weight+bias,RoMa soft visibility x ColNomic full-reference image-token weighted MaxSim; RAW C128 all127 HOLD/SWITCH; original native6; training objective=PAIR_SIGN,RAW_without_action,32,25,28,3,0,3,PAIR_SIGN/REAL,28,0,0,0,OPENED_INTERNAL_EVAL,validated_existing_head_replay,true,replay of an existing validated head on this bundle; not a new independent experiment,false,NATIVE7_OBJECTIVE_PRIMARY_NO_NET_GAIN,results/rc_native7_training_objective_factorial_v1/result.json,51d4e9a80d18d73c7f37730ff1c840186c279c3e59ed5b54a0d6a029522e9c17,/metrics/EVAL/PAIR_SIGN/REAL,/actions/EVAL/PAIR_SIGN/REAL,bedd10316891d8996fd9cf7bb9219cdb6e3878a12de0022ed3178d3c1f67eed9,NATIVE7_OBJECTIVE_FACTORIAL_INDEPENDENT_REEXECUTION_PASS,results/rc_native7_training_objective_factorial_v1/independent_validation.json,932a9aa825950607b75c1dd72267fbd570b8f96102ce5a9595bfcb0ad84c0e07,results/rc_native7_training_objective_factorial_v1/parameters.json,3405a316d456df62d2a0276808f5d746124b91ba1fdc581bb9b23acbb9daa316
rc_native7_training_objective_factorial_v1|EVAL|REAL|PAIR_RANK,rc_native7_training_objective_factorial_v1,PAIR_RANK,native_feature_action_PAIR_RANK,PAIR_RANK,7,original_RAW_C128_matched_FULL64_native_action_bundle,EVAL,REAL,original RAW full-gallery C128; no target insertion,128,FP64_complete_matrix_X@weight+bias,RoMa soft visibility x ColNomic full-reference image-token weighted MaxSim; RAW C128 all127 HOLD/SWITCH; original native6; training objective=PAIR_RANK,RAW_without_action,32,25,27,3,1,2,PAIR_SIGN/REAL,28,0,1,-1,OPENED_INTERNAL_EVAL,fixed_protocol_retrained_ablation,false,,false,NATIVE7_OBJECTIVE_PRIMARY_NO_NET_GAIN,results/rc_native7_training_objective_factorial_v1/result.json,51d4e9a80d18d73c7f37730ff1c840186c279c3e59ed5b54a0d6a029522e9c17,/metrics/EVAL/PAIR_RANK/REAL,/actions/EVAL/PAIR_RANK/REAL,ea54ac8ab8a8c818c1268a6d252308efc291806de23584ed5b6464094eccbe35,NATIVE7_OBJECTIVE_FACTORIAL_INDEPENDENT_REEXECUTION_PASS,results/rc_native7_training_objective_factorial_v1/independent_validation.json,932a9aa825950607b75c1dd72267fbd570b8f96102ce5a9595bfcb0ad84c0e07,results/rc_native7_training_objective_factorial_v1/parameters.json,3405a316d456df62d2a0276808f5d746124b91ba1fdc581bb9b23acbb9daa316
rc_native7_training_objective_factorial_v1|EVAL|REAL|FULL_SIGN,rc_native7_training_objective_factorial_v1,FULL_SIGN,native_feature_action_FULL_SIGN,FULL_SIGN,7,original_RAW_C128_matched_FULL64_native_action_bundle,EVAL,REAL,original RAW full-gallery C128; no target insertion,128,FP64_complete_matrix_X@weight+bias,RoMa soft visibility x ColNomic full-reference image-token weighted MaxSim; RAW C128 all127 HOLD/SWITCH; original native6; training objective=FULL_SIGN,RAW_without_action,32,25,27,2,0,2,PAIR_SIGN/REAL,28,0,1,-1,OPENED_INTERNAL_EVAL,fixed_protocol_retrained_ablation,false,,false,NATIVE7_OBJECTIVE_PRIMARY_NO_NET_GAIN,results/rc_native7_training_objective_factorial_v1/result.json,51d4e9a80d18d73c7f37730ff1c840186c279c3e59ed5b54a0d6a029522e9c17,/metrics/EVAL/FULL_SIGN/REAL,/actions/EVAL/FULL_SIGN/REAL,c3b35dc8f17aef8fea067b988fb507f2dcd141492360bded69a21cad4641567e,NATIVE7_OBJECTIVE_FACTORIAL_INDEPENDENT_REEXECUTION_PASS,results/rc_native7_training_objective_factorial_v1/independent_validation.json,932a9aa825950607b75c1dd72267fbd570b8f96102ce5a9595bfcb0ad84c0e07,results/rc_native7_training_objective_factorial_v1/parameters.json,3405a316d456df62d2a0276808f5d746124b91ba1fdc581bb9b23acbb9daa316
rc_native7_training_objective_factorial_v1|EVAL|REAL|FULL_RANK,rc_native7_training_objective_factorial_v1,FULL_RANK,native_feature_action_FULL_RANK,FULL_RANK,7,original_RAW_C128_matched_FULL64_native_action_bundle,EVAL,REAL,original RAW full-gallery C128; no target insertion,128,FP64_complete_matrix_X@weight+bias,RoMa soft visibility x ColNomic full-reference image-token weighted MaxSim; RAW C128 all127 HOLD/SWITCH; original native6; training objective=FULL_RANK,RAW_without_action,32,25,27,3,1,2,PAIR_SIGN/REAL,28,0,1,-1,OPENED_INTERNAL_EVAL,fixed_protocol_retrained_ablation,false,,false,NATIVE7_OBJECTIVE_PRIMARY_NO_NET_GAIN,results/rc_native7_training_objective_factorial_v1/result.json,51d4e9a80d18d73c7f37730ff1c840186c279c3e59ed5b54a0d6a029522e9c17,/metrics/EVAL/FULL_RANK/REAL,/actions/EVAL/FULL_RANK/REAL,0f02608ce591bf29db88d3d284d2f62b2e5fdd7d622e30a0894c312cfcd658fe,NATIVE7_OBJECTIVE_FACTORIAL_INDEPENDENT_REEXECUTION_PASS,results/rc_native7_training_objective_factorial_v1/independent_validation.json,932a9aa825950607b75c1dd72267fbd570b8f96102ce5a9595bfcb0ad84c0e07,results/rc_native7_training_objective_factorial_v1/parameters.json,3405a316d456df62d2a0276808f5d746124b91ba1fdc581bb9b23acbb9daa316
rc_native7_training_objective_factorial_v1|EVAL|CBIND|PAIR_SIGN,rc_native7_training_objective_factorial_v1,PAIR_SIGN,native_feature_action_PAIR_SIGN,PAIR_SIGN,7,original_RAW_C128_matched_FULL64_native_action_bundle,EVAL,CBIND,original RAW full-gallery C128; no target insertion,128,FP64_complete_matrix_X@weight+bias,RoMa soft visibility x ColNomic full-reference image-token weighted MaxSim; RAW C128 all127 HOLD/SWITCH; original native6; training objective=PAIR_SIGN,RAW_without_action,32,25,20,0,5,-5,PAIR_SIGN/CBIND,20,0,0,0,OPENED_INTERNAL_EVAL_CBIND_CONTROL,validated_existing_head_replay,true,replay of an existing validated head on this bundle; not a new independent experiment,false,NATIVE7_OBJECTIVE_PRIMARY_NO_NET_GAIN,results/rc_native7_training_objective_factorial_v1/result.json,51d4e9a80d18d73c7f37730ff1c840186c279c3e59ed5b54a0d6a029522e9c17,/metrics/EVAL/PAIR_SIGN/CBIND,/actions/EVAL/PAIR_SIGN/CBIND,5dcef334fb89db2127869e9d8b11104e43e50f60f33451977393b93cd02ce612,NATIVE7_OBJECTIVE_FACTORIAL_INDEPENDENT_REEXECUTION_PASS,results/rc_native7_training_objective_factorial_v1/independent_validation.json,932a9aa825950607b75c1dd72267fbd570b8f96102ce5a9595bfcb0ad84c0e07,results/rc_native7_training_objective_factorial_v1/parameters.json,3405a316d456df62d2a0276808f5d746124b91ba1fdc581bb9b23acbb9daa316
rc_native7_training_objective_factorial_v1|EVAL|CBIND|PAIR_RANK,rc_native7_training_objective_factorial_v1,PAIR_RANK,native_feature_action_PAIR_RANK,PAIR_RANK,7,original_RAW_C128_matched_FULL64_native_action_bundle,EVAL,CBIND,original RAW full-gallery C128; no target insertion,128,FP64_complete_matrix_X@weight+bias,RoMa soft visibility x ColNomic full-reference image-token weighted MaxSim; RAW C128 all127 HOLD/SWITCH; original native6; training objective=PAIR_RANK,RAW_without_action,32,25,17,0,8,-8,PAIR_SIGN/CBIND,20,0,3,-3,OPENED_INTERNAL_EVAL_CBIND_CONTROL,fixed_protocol_retrained_ablation,false,,false,NATIVE7_OBJECTIVE_PRIMARY_NO_NET_GAIN,results/rc_native7_training_objective_factorial_v1/result.json,51d4e9a80d18d73c7f37730ff1c840186c279c3e59ed5b54a0d6a029522e9c17,/metrics/EVAL/PAIR_RANK/CBIND,/actions/EVAL/PAIR_RANK/CBIND,ac17911d3207a11c8b5bfa34466145ec673c45c8b1f20cd3cd70fb38c5c51fde,NATIVE7_OBJECTIVE_FACTORIAL_INDEPENDENT_REEXECUTION_PASS,results/rc_native7_training_objective_factorial_v1/independent_validation.json,932a9aa825950607b75c1dd72267fbd570b8f96102ce5a9595bfcb0ad84c0e07,results/rc_native7_training_objective_factorial_v1/parameters.json,3405a316d456df62d2a0276808f5d746124b91ba1fdc581bb9b23acbb9daa316
rc_native7_training_objective_factorial_v1|EVAL|CBIND|FULL_SIGN,rc_native7_training_objective_factorial_v1,FULL_SIGN,native_feature_action_FULL_SIGN,FULL_SIGN,7,original_RAW_C128_matched_FULL64_native_action_bundle,EVAL,CBIND,original RAW full-gallery C128; no target insertion,128,FP64_complete_matrix_X@weight+bias,RoMa soft visibility x ColNomic full-reference image-token weighted MaxSim; RAW C128 all127 HOLD/SWITCH; original native6; training objective=FULL_SIGN,RAW_without_action,32,25,23,0,2,-2,PAIR_SIGN/CBIND,20,3,0,3,OPENED_INTERNAL_EVAL_CBIND_CONTROL,fixed_protocol_retrained_ablation,false,,false,NATIVE7_OBJECTIVE_PRIMARY_NO_NET_GAIN,results/rc_native7_training_objective_factorial_v1/result.json,51d4e9a80d18d73c7f37730ff1c840186c279c3e59ed5b54a0d6a029522e9c17,/metrics/EVAL/FULL_SIGN/CBIND,/actions/EVAL/FULL_SIGN/CBIND,c1b89879ba261b4a0695affd3acade8898f70e4ef9b364833af5b63b75a5f1a9,NATIVE7_OBJECTIVE_FACTORIAL_INDEPENDENT_REEXECUTION_PASS,results/rc_native7_training_objective_factorial_v1/independent_validation.json,932a9aa825950607b75c1dd72267fbd570b8f96102ce5a9595bfcb0ad84c0e07,results/rc_native7_training_objective_factorial_v1/parameters.json,3405a316d456df62d2a0276808f5d746124b91ba1fdc581bb9b23acbb9daa316
rc_native7_training_objective_factorial_v1|EVAL|CBIND|FULL_RANK,rc_native7_training_objective_factorial_v1,FULL_RANK,native_feature_action_FULL_RANK,FULL_RANK,7,original_RAW_C128_matched_FULL64_native_action_bundle,EVAL,CBIND,original RAW full-gallery C128; no target insertion,128,FP64_complete_matrix_X@weight+bias,RoMa soft visibility x ColNomic full-reference image-token weighted MaxSim; RAW C128 all127 HOLD/SWITCH; original native6; training objective=FULL_RANK,RAW_without_action,32,25,22,0,3,-3,PAIR_SIGN/CBIND,20,2,0,2,OPENED_INTERNAL_EVAL_CBIND_CONTROL,fixed_protocol_retrained_ablation,false,,false,NATIVE7_OBJECTIVE_PRIMARY_NO_NET_GAIN,results/rc_native7_training_objective_factorial_v1/result.json,51d4e9a80d18d73c7f37730ff1c840186c279c3e59ed5b54a0d6a029522e9c17,/metrics/EVAL/FULL_RANK/CBIND,/actions/EVAL/FULL_RANK/CBIND,40a46a4ca9326ba6be7087c2956757a70784390a31a47afb4cc45bb6ba062825,NATIVE7_OBJECTIVE_FACTORIAL_INDEPENDENT_REEXECUTION_PASS,results/rc_native7_training_objective_factorial_v1/independent_validation.json,932a9aa825950607b75c1dd72267fbd570b8f96102ce5a9595bfcb0ad84c0e07,results/rc_native7_training_objective_factorial_v1/parameters.json,3405a316d456df62d2a0276808f5d746124b91ba1fdc581bb9b23acbb9daa316
rc_pair_control_scale_harmonization_v1|TRAIN|REAL|ORIGINAL7,rc_pair_control_scale_harmonization_v1,ORIGINAL7,native_feature_action_ORIGINAL7,ORIGINAL7,7,original_RAW_C128_matched_FULL64_native_action_bundle,TRAIN,REAL,original RAW full-gallery C128; no target insertion,128,FP64_complete_matrix_X@weight+bias,RoMa soft visibility x ColNomic full-reference image-token weighted MaxSim; RAW C128 all127 HOLD/SWITCH; original mixed PAIR control definitions,RAW_without_action,32,27,28,1,0,1,ORIGINAL7/REAL,28,0,0,0,TRAIN_DESCRIPTIVE,validated_existing_head_replay,true,replay of an existing validated head on this bundle; not a new independent experiment,false,PAIR_CONTROL_DEFINITION_NO_INTERNAL_NET_GAIN,results/rc_pair_control_scale_harmonization_v1/result.json,ea7244d674c9a2e6f60a1771685fba812b9b118505c478636213c2600063af5a,/metrics/TRAIN/ORIGINAL7/REAL,/actions/TRAIN/ORIGINAL7/REAL,1fbf353e3cf21720cc1c84e844ae1ecfc7d64aac46f9f1b5ba66f4d48029e45f,PAIR_CONTROL_DEFINITION_INDEPENDENT_REEXECUTION_PASS,results/rc_pair_control_scale_harmonization_v1/independent_validation.json,198f10cc5dbec9c133c532260f63c489015e6132d48e6eb16513baec4e3efd43,results/rc_pair_control_scale_harmonization_v1/parameters.json,c3a55c7c869a7c3a60dc718f8b567800526a5248aaeac355e8926562b98d76a8
rc_pair_control_scale_harmonization_v1|TRAIN|REAL|HARMONIZED7,rc_pair_control_scale_harmonization_v1,HARMONIZED7,native_feature_action_HARMONIZED7,HARMONIZED7,7,original_RAW_C128_matched_FULL64_native_action_bundle,TRAIN,REAL,original RAW full-gallery C128; no target insertion,128,FP64_complete_matrix_X@weight+bias,RoMa soft visibility x ColNomic full-reference image-token weighted MaxSim; RAW C128 all127 HOLD/SWITCH; PAIR V1 Q/R controls harmonized to half-axis,RAW_without_action,32,27,28,1,0,1,ORIGINAL7/REAL,28,0,0,0,TRAIN_DESCRIPTIVE,fixed_protocol_retrained_ablation,false,,false,PAIR_CONTROL_DEFINITION_NO_INTERNAL_NET_GAIN,results/rc_pair_control_scale_harmonization_v1/result.json,ea7244d674c9a2e6f60a1771685fba812b9b118505c478636213c2600063af5a,/metrics/TRAIN/HARMONIZED7/REAL,/actions/TRAIN/HARMONIZED7/REAL,0dec10e98438219081786119036bb7752ce3730f141496e26df5da997dccfd5e,PAIR_CONTROL_DEFINITION_INDEPENDENT_REEXECUTION_PASS,results/rc_pair_control_scale_harmonization_v1/independent_validation.json,198f10cc5dbec9c133c532260f63c489015e6132d48e6eb16513baec4e3efd43,results/rc_pair_control_scale_harmonization_v1/parameters.json,c3a55c7c869a7c3a60dc718f8b567800526a5248aaeac355e8926562b98d76a8
rc_pair_control_scale_harmonization_v1|TRAIN|CBIND|ORIGINAL7,rc_pair_control_scale_harmonization_v1,ORIGINAL7,native_feature_action_ORIGINAL7,ORIGINAL7,7,original_RAW_C128_matched_FULL64_native_action_bundle,TRAIN,CBIND,original RAW full-gallery C128; no target insertion,128,FP64_complete_matrix_X@weight+bias,RoMa soft visibility x ColNomic full-reference image-token weighted MaxSim; RAW C128 all127 HOLD/SWITCH; original mixed PAIR control definitions,RAW_without_action,32,27,21,0,6,-6,ORIGINAL7/CBIND,21,0,0,0,TRAIN_DESCRIPTIVE_CBIND_CONTROL,validated_existing_head_replay,true,replay of an existing validated head on this bundle; not a new independent experiment,false,PAIR_CONTROL_DEFINITION_NO_INTERNAL_NET_GAIN,results/rc_pair_control_scale_harmonization_v1/result.json,ea7244d674c9a2e6f60a1771685fba812b9b118505c478636213c2600063af5a,/metrics/TRAIN/ORIGINAL7/CBIND,/actions/TRAIN/ORIGINAL7/CBIND,ee17c71fc26d8659ccaa64608f85541702048baf1e6df5d5a237cc3493a5bc3e,PAIR_CONTROL_DEFINITION_INDEPENDENT_REEXECUTION_PASS,results/rc_pair_control_scale_harmonization_v1/independent_validation.json,198f10cc5dbec9c133c532260f63c489015e6132d48e6eb16513baec4e3efd43,results/rc_pair_control_scale_harmonization_v1/parameters.json,c3a55c7c869a7c3a60dc718f8b567800526a5248aaeac355e8926562b98d76a8
rc_pair_control_scale_harmonization_v1|TRAIN|CBIND|HARMONIZED7,rc_pair_control_scale_harmonization_v1,HARMONIZED7,native_feature_action_HARMONIZED7,HARMONIZED7,7,original_RAW_C128_matched_FULL64_native_action_bundle,TRAIN,CBIND,original RAW full-gallery C128; no target insertion,128,FP64_complete_matrix_X@weight+bias,RoMa soft visibility x ColNomic full-reference image-token weighted MaxSim; RAW C128 all127 HOLD/SWITCH; PAIR V1 Q/R controls harmonized to half-axis,RAW_without_action,32,27,21,0,6,-6,ORIGINAL7/CBIND,21,0,0,0,TRAIN_DESCRIPTIVE_CBIND_CONTROL,fixed_protocol_retrained_ablation,false,,false,PAIR_CONTROL_DEFINITION_NO_INTERNAL_NET_GAIN,results/rc_pair_control_scale_harmonization_v1/result.json,ea7244d674c9a2e6f60a1771685fba812b9b118505c478636213c2600063af5a,/metrics/TRAIN/HARMONIZED7/CBIND,/actions/TRAIN/HARMONIZED7/CBIND,f3afc1f36d76a8523ccf81a01cd50b20b78ee42f22c04f1b5a318c71b5b22565,PAIR_CONTROL_DEFINITION_INDEPENDENT_REEXECUTION_PASS,results/rc_pair_control_scale_harmonization_v1/independent_validation.json,198f10cc5dbec9c133c532260f63c489015e6132d48e6eb16513baec4e3efd43,results/rc_pair_control_scale_harmonization_v1/parameters.json,c3a55c7c869a7c3a60dc718f8b567800526a5248aaeac355e8926562b98d76a8
rc_pair_control_scale_harmonization_v1|EVAL|REAL|ORIGINAL7,rc_pair_control_scale_harmonization_v1,ORIGINAL7,native_feature_action_ORIGINAL7,ORIGINAL7,7,original_RAW_C128_matched_FULL64_native_action_bundle,EVAL,REAL,original RAW full-gallery C128; no target insertion,128,FP64_complete_matrix_X@weight+bias,RoMa soft visibility x ColNomic full-reference image-token weighted MaxSim; RAW C128 all127 HOLD/SWITCH; original mixed PAIR control definitions,RAW_without_action,32,25,28,3,0,3,ORIGINAL7/REAL,28,0,0,0,OPENED_INTERNAL_EVAL,validated_existing_head_replay,true,replay of an existing validated head on this bundle; not a new independent experiment,false,PAIR_CONTROL_DEFINITION_NO_INTERNAL_NET_GAIN,results/rc_pair_control_scale_harmonization_v1/result.json,ea7244d674c9a2e6f60a1771685fba812b9b118505c478636213c2600063af5a,/metrics/EVAL/ORIGINAL7/REAL,/actions/EVAL/ORIGINAL7/REAL,bedd10316891d8996fd9cf7bb9219cdb6e3878a12de0022ed3178d3c1f67eed9,PAIR_CONTROL_DEFINITION_INDEPENDENT_REEXECUTION_PASS,results/rc_pair_control_scale_harmonization_v1/independent_validation.json,198f10cc5dbec9c133c532260f63c489015e6132d48e6eb16513baec4e3efd43,results/rc_pair_control_scale_harmonization_v1/parameters.json,c3a55c7c869a7c3a60dc718f8b567800526a5248aaeac355e8926562b98d76a8
rc_pair_control_scale_harmonization_v1|EVAL|REAL|HARMONIZED7,rc_pair_control_scale_harmonization_v1,HARMONIZED7,native_feature_action_HARMONIZED7,HARMONIZED7,7,original_RAW_C128_matched_FULL64_native_action_bundle,EVAL,REAL,original RAW full-gallery C128; no target insertion,128,FP64_complete_matrix_X@weight+bias,RoMa soft visibility x ColNomic full-reference image-token weighted MaxSim; RAW C128 all127 HOLD/SWITCH; PAIR V1 Q/R controls harmonized to half-axis,RAW_without_action,32,25,26,2,1,1,ORIGINAL7/REAL,28,0,2,-2,OPENED_INTERNAL_EVAL,fixed_protocol_retrained_ablation,false,,false,PAIR_CONTROL_DEFINITION_NO_INTERNAL_NET_GAIN,results/rc_pair_control_scale_harmonization_v1/result.json,ea7244d674c9a2e6f60a1771685fba812b9b118505c478636213c2600063af5a,/metrics/EVAL/HARMONIZED7/REAL,/actions/EVAL/HARMONIZED7/REAL,f1bd6eab44edd8e2b8418ace5942ab7ecf9e891e6256537ffa5bec0ed71baee9,PAIR_CONTROL_DEFINITION_INDEPENDENT_REEXECUTION_PASS,results/rc_pair_control_scale_harmonization_v1/independent_validation.json,198f10cc5dbec9c133c532260f63c489015e6132d48e6eb16513baec4e3efd43,results/rc_pair_control_scale_harmonization_v1/parameters.json,c3a55c7c869a7c3a60dc718f8b567800526a5248aaeac355e8926562b98d76a8
rc_pair_control_scale_harmonization_v1|EVAL|CBIND|ORIGINAL7,rc_pair_control_scale_harmonization_v1,ORIGINAL7,native_feature_action_ORIGINAL7,ORIGINAL7,7,original_RAW_C128_matched_FULL64_native_action_bundle,EVAL,CBIND,original RAW full-gallery C128; no target insertion,128,FP64_complete_matrix_X@weight+bias,RoMa soft visibility x ColNomic full-reference image-token weighted MaxSim; RAW C128 all127 HOLD/SWITCH; original mixed PAIR control definitions,RAW_without_action,32,25,20,0,5,-5,ORIGINAL7/CBIND,20,0,0,0,OPENED_INTERNAL_EVAL_CBIND_CONTROL,validated_existing_head_replay,true,replay of an existing validated head on this bundle; not a new independent experiment,false,PAIR_CONTROL_DEFINITION_NO_INTERNAL_NET_GAIN,results/rc_pair_control_scale_harmonization_v1/result.json,ea7244d674c9a2e6f60a1771685fba812b9b118505c478636213c2600063af5a,/metrics/EVAL/ORIGINAL7/CBIND,/actions/EVAL/ORIGINAL7/CBIND,5dcef334fb89db2127869e9d8b11104e43e50f60f33451977393b93cd02ce612,PAIR_CONTROL_DEFINITION_INDEPENDENT_REEXECUTION_PASS,results/rc_pair_control_scale_harmonization_v1/independent_validation.json,198f10cc5dbec9c133c532260f63c489015e6132d48e6eb16513baec4e3efd43,results/rc_pair_control_scale_harmonization_v1/parameters.json,c3a55c7c869a7c3a60dc718f8b567800526a5248aaeac355e8926562b98d76a8
rc_pair_control_scale_harmonization_v1|EVAL|CBIND|HARMONIZED7,rc_pair_control_scale_harmonization_v1,HARMONIZED7,native_feature_action_HARMONIZED7,HARMONIZED7,7,original_RAW_C128_matched_FULL64_native_action_bundle,EVAL,CBIND,original RAW full-gallery C128; no target insertion,128,FP64_complete_matrix_X@weight+bias,RoMa soft visibility x ColNomic full-reference image-token weighted MaxSim; RAW C128 all127 HOLD/SWITCH; PAIR V1 Q/R controls harmonized to half-axis,RAW_without_action,32,25,22,0,3,-3,ORIGINAL7/CBIND,20,2,0,2,OPENED_INTERNAL_EVAL_CBIND_CONTROL,fixed_protocol_retrained_ablation,false,,false,PAIR_CONTROL_DEFINITION_NO_INTERNAL_NET_GAIN,results/rc_pair_control_scale_harmonization_v1/result.json,ea7244d674c9a2e6f60a1771685fba812b9b118505c478636213c2600063af5a,/metrics/EVAL/HARMONIZED7/CBIND,/actions/EVAL/HARMONIZED7/CBIND,89cd2c64e38bfb0ec91d7af3d0ab2f3eca1fefa449f5f6afcb23e059602627fe,PAIR_CONTROL_DEFINITION_INDEPENDENT_REEXECUTION_PASS,results/rc_pair_control_scale_harmonization_v1/independent_validation.json,198f10cc5dbec9c133c532260f63c489015e6132d48e6eb16513baec4e3efd43,results/rc_pair_control_scale_harmonization_v1/parameters.json,c3a55c7c869a7c3a60dc718f8b567800526a5248aaeac355e8926562b98d76a8
rc_full_reference_content_bridge_v1|TRAIN|REAL|ORIGINAL_C,rc_full_reference_content_bridge_v1,ORIGINAL_C,native_feature_action_ORIGINAL_C,ORIGINAL_C,7,original_RAW_C128_matched_FULL64_native_action_bundle,TRAIN,REAL,original RAW full-gallery C128; no target insertion,128,FP64_complete_matrix_X@weight+bias,RoMa soft visibility x ColNomic full-reference image-token weighted MaxSim; RAW C128 all127 HOLD/SWITCH,RAW_without_action,32,27,28,1,0,1,ORIGINAL_C/REAL,28,0,0,0,TRAIN_DESCRIPTIVE,validated_existing_head_replay,true,replay of an existing validated head on this bundle; not a new independent experiment,false,FULL_REFERENCE_BRIDGE_NO_INTERNAL_GAIN_OVER_C,results/rc_full_reference_content_bridge_v1/result.json,45ed29c7c3d1d6288fa18e588eeef31df7365bd54c1f23846680bf86351b0ecf,/metrics/TRAIN/ORIGINAL_C/REAL,/actions/TRAIN/ORIGINAL_C/REAL,1fbf353e3cf21720cc1c84e844ae1ecfc7d64aac46f9f1b5ba66f4d48029e45f,FULL_REFERENCE_CONTENT_BRIDGE_INDEPENDENT_REEXECUTION_PASS,results/rc_full_reference_content_bridge_v1/independent_validation.json,2add69653a5cc9d5c87c3f162efd12b44302406e4095a8a99b4cab7b4ffdaa46,results/rc_full_reference_content_bridge_v1/parameters.json,8d366d4358b24c124c13ebd29f06c5982f0126827975ee162c83e68610cca575
rc_full_reference_content_bridge_v1|TRAIN|REAL|D_IMAGE,rc_full_reference_content_bridge_v1,D_IMAGE,native_feature_action_D_IMAGE,D_IMAGE,7,original_RAW_C128_matched_FULL64_native_action_bundle,TRAIN,REAL,original RAW full-gallery C128; no target insertion,128,FP64_complete_matrix_X@weight+bias,original C quality mass and query weights; free reference image-token MaxSim; native action,RAW_without_action,32,27,28,1,0,1,ORIGINAL_C/REAL,28,0,0,0,TRAIN_DESCRIPTIVE,validated_existing_head_replay,true,replay of an existing validated head on this bundle; not a new independent experiment,false,FULL_REFERENCE_BRIDGE_NO_INTERNAL_GAIN_OVER_C,results/rc_full_reference_content_bridge_v1/result.json,45ed29c7c3d1d6288fa18e588eeef31df7365bd54c1f23846680bf86351b0ecf,/metrics/TRAIN/D_IMAGE/REAL,/actions/TRAIN/D_IMAGE/REAL,65e72355e431d08ac06cfde96fee5d6d457124c61d41d2f0eaef2a43e96593df,FULL_REFERENCE_CONTENT_BRIDGE_INDEPENDENT_REEXECUTION_PASS,results/rc_full_reference_content_bridge_v1/independent_validation.json,2add69653a5cc9d5c87c3f162efd12b44302406e4095a8a99b4cab7b4ffdaa46,results/rc_full_reference_content_bridge_v1/parameters.json,8d366d4358b24c124c13ebd29f06c5982f0126827975ee162c83e68610cca575
rc_full_reference_content_bridge_v1|TRAIN|REAL|D_FULL,rc_full_reference_content_bridge_v1,D_FULL,native_feature_action_D_FULL,D_FULL,7,original_RAW_C128_matched_FULL64_native_action_bundle,TRAIN,REAL,original RAW full-gallery C128; no target insertion,128,FP64_complete_matrix_X@weight+bias,original D_IMAGE path with full original valid reference passage-token MaxSim axis; native action,RAW_without_action,32,27,28,1,0,1,ORIGINAL_C/REAL,28,0,0,0,TRAIN_DESCRIPTIVE,fixed_protocol_retrained_ablation,false,,false,FULL_REFERENCE_BRIDGE_NO_INTERNAL_GAIN_OVER_C,results/rc_full_reference_content_bridge_v1/result.json,45ed29c7c3d1d6288fa18e588eeef31df7365bd54c1f23846680bf86351b0ecf,/metrics/TRAIN/D_FULL/REAL,/actions/TRAIN/D_FULL/REAL,7ed9a5458356badcde0ec505722919686c97772febcd5ea9f89432c5d62ef6ff,FULL_REFERENCE_CONTENT_BRIDGE_INDEPENDENT_REEXECUTION_PASS,results/rc_full_reference_content_bridge_v1/independent_validation.json,2add69653a5cc9d5c87c3f162efd12b44302406e4095a8a99b4cab7b4ffdaa46,results/rc_full_reference_content_bridge_v1/parameters.json,8d366d4358b24c124c13ebd29f06c5982f0126827975ee162c83e68610cca575
rc_full_reference_content_bridge_v1|TRAIN|CBIND|ORIGINAL_C,rc_full_reference_content_bridge_v1,ORIGINAL_C,native_feature_action_ORIGINAL_C,ORIGINAL_C,7,original_RAW_C128_matched_FULL64_native_action_bundle,TRAIN,CBIND,original RAW full-gallery C128; no target insertion,128,FP64_complete_matrix_X@weight+bias,RoMa soft visibility x ColNomic full-reference image-token weighted MaxSim; RAW C128 all127 HOLD/SWITCH,RAW_without_action,32,27,21,0,6,-6,ORIGINAL_C/CBIND,21,0,0,0,TRAIN_DESCRIPTIVE_CBIND_CONTROL,validated_existing_head_replay,true,replay of an existing validated head on this bundle; not a new independent experiment,false,FULL_REFERENCE_BRIDGE_NO_INTERNAL_GAIN_OVER_C,results/rc_full_reference_content_bridge_v1/result.json,45ed29c7c3d1d6288fa18e588eeef31df7365bd54c1f23846680bf86351b0ecf,/metrics/TRAIN/ORIGINAL_C/CBIND,/actions/TRAIN/ORIGINAL_C/CBIND,ee17c71fc26d8659ccaa64608f85541702048baf1e6df5d5a237cc3493a5bc3e,FULL_REFERENCE_CONTENT_BRIDGE_INDEPENDENT_REEXECUTION_PASS,results/rc_full_reference_content_bridge_v1/independent_validation.json,2add69653a5cc9d5c87c3f162efd12b44302406e4095a8a99b4cab7b4ffdaa46,results/rc_full_reference_content_bridge_v1/parameters.json,8d366d4358b24c124c13ebd29f06c5982f0126827975ee162c83e68610cca575
rc_full_reference_content_bridge_v1|TRAIN|CBIND|D_IMAGE,rc_full_reference_content_bridge_v1,D_IMAGE,native_feature_action_D_IMAGE,D_IMAGE,7,original_RAW_C128_matched_FULL64_native_action_bundle,TRAIN,CBIND,original RAW full-gallery C128; no target insertion,128,FP64_complete_matrix_X@weight+bias,original C quality mass and query weights; free reference image-token MaxSim; native action,RAW_without_action,32,27,13,0,14,-14,ORIGINAL_C/CBIND,21,0,8,-8,TRAIN_DESCRIPTIVE_CBIND_CONTROL,validated_existing_head_replay,true,replay of an existing validated head on this bundle; not a new independent experiment,false,FULL_REFERENCE_BRIDGE_NO_INTERNAL_GAIN_OVER_C,results/rc_full_reference_content_bridge_v1/result.json,45ed29c7c3d1d6288fa18e588eeef31df7365bd54c1f23846680bf86351b0ecf,/metrics/TRAIN/D_IMAGE/CBIND,/actions/TRAIN/D_IMAGE/CBIND,4891ef1173705653163593cb10fc7f8872e51d88dbbc3925d225bc0d749e5946,FULL_REFERENCE_CONTENT_BRIDGE_INDEPENDENT_REEXECUTION_PASS,results/rc_full_reference_content_bridge_v1/independent_validation.json,2add69653a5cc9d5c87c3f162efd12b44302406e4095a8a99b4cab7b4ffdaa46,results/rc_full_reference_content_bridge_v1/parameters.json,8d366d4358b24c124c13ebd29f06c5982f0126827975ee162c83e68610cca575
rc_full_reference_content_bridge_v1|TRAIN|CBIND|D_FULL,rc_full_reference_content_bridge_v1,D_FULL,native_feature_action_D_FULL,D_FULL,7,original_RAW_C128_matched_FULL64_native_action_bundle,TRAIN,CBIND,original RAW full-gallery C128; no target insertion,128,FP64_complete_matrix_X@weight+bias,original D_IMAGE path with full original valid reference passage-token MaxSim axis; native action,RAW_without_action,32,27,13,0,14,-14,ORIGINAL_C/CBIND,21,0,8,-8,TRAIN_DESCRIPTIVE_CBIND_CONTROL,fixed_protocol_retrained_ablation,false,,false,FULL_REFERENCE_BRIDGE_NO_INTERNAL_GAIN_OVER_C,results/rc_full_reference_content_bridge_v1/result.json,45ed29c7c3d1d6288fa18e588eeef31df7365bd54c1f23846680bf86351b0ecf,/metrics/TRAIN/D_FULL/CBIND,/actions/TRAIN/D_FULL/CBIND,d334887fd11009a2b6c8cb8ded2bee3cfb54e5d1b853514bc68d3bcc25588d73,FULL_REFERENCE_CONTENT_BRIDGE_INDEPENDENT_REEXECUTION_PASS,results/rc_full_reference_content_bridge_v1/independent_validation.json,2add69653a5cc9d5c87c3f162efd12b44302406e4095a8a99b4cab7b4ffdaa46,results/rc_full_reference_content_bridge_v1/parameters.json,8d366d4358b24c124c13ebd29f06c5982f0126827975ee162c83e68610cca575
rc_full_reference_content_bridge_v1|EVAL|REAL|ORIGINAL_C,rc_full_reference_content_bridge_v1,ORIGINAL_C,native_feature_action_ORIGINAL_C,ORIGINAL_C,7,original_RAW_C128_matched_FULL64_native_action_bundle,EVAL,REAL,original RAW full-gallery C128; no target insertion,128,FP64_complete_matrix_X@weight+bias,RoMa soft visibility x ColNomic full-reference image-token weighted MaxSim; RAW C128 all127 HOLD/SWITCH,RAW_without_action,32,25,28,3,0,3,ORIGINAL_C/REAL,28,0,0,0,OPENED_INTERNAL_EVAL,validated_existing_head_replay,true,replay of an existing validated head on this bundle; not a new independent experiment,false,FULL_REFERENCE_BRIDGE_NO_INTERNAL_GAIN_OVER_C,results/rc_full_reference_content_bridge_v1/result.json,45ed29c7c3d1d6288fa18e588eeef31df7365bd54c1f23846680bf86351b0ecf,/metrics/EVAL/ORIGINAL_C/REAL,/actions/EVAL/ORIGINAL_C/REAL,bedd10316891d8996fd9cf7bb9219cdb6e3878a12de0022ed3178d3c1f67eed9,FULL_REFERENCE_CONTENT_BRIDGE_INDEPENDENT_REEXECUTION_PASS,results/rc_full_reference_content_bridge_v1/independent_validation.json,2add69653a5cc9d5c87c3f162efd12b44302406e4095a8a99b4cab7b4ffdaa46,results/rc_full_reference_content_bridge_v1/parameters.json,8d366d4358b24c124c13ebd29f06c5982f0126827975ee162c83e68610cca575
rc_full_reference_content_bridge_v1|EVAL|REAL|D_IMAGE,rc_full_reference_content_bridge_v1,D_IMAGE,native_feature_action_D_IMAGE,D_IMAGE,7,original_RAW_C128_matched_FULL64_native_action_bundle,EVAL,REAL,original RAW full-gallery C128; no target insertion,128,FP64_complete_matrix_X@weight+bias,original C quality mass and query weights; free reference image-token MaxSim; native action,RAW_without_action,32,25,27,2,0,2,ORIGINAL_C/REAL,28,0,1,-1,OPENED_INTERNAL_EVAL,validated_existing_head_replay,true,replay of an existing validated head on this bundle; not a new independent experiment,false,FULL_REFERENCE_BRIDGE_NO_INTERNAL_GAIN_OVER_C,results/rc_full_reference_content_bridge_v1/result.json,45ed29c7c3d1d6288fa18e588eeef31df7365bd54c1f23846680bf86351b0ecf,/metrics/EVAL/D_IMAGE/REAL,/actions/EVAL/D_IMAGE/REAL,5520a475d29c3a43dc53c560ef547a2945c579d1d3cdb753233a2aefa0cd432e,FULL_REFERENCE_CONTENT_BRIDGE_INDEPENDENT_REEXECUTION_PASS,results/rc_full_reference_content_bridge_v1/independent_validation.json,2add69653a5cc9d5c87c3f162efd12b44302406e4095a8a99b4cab7b4ffdaa46,results/rc_full_reference_content_bridge_v1/parameters.json,8d366d4358b24c124c13ebd29f06c5982f0126827975ee162c83e68610cca575
rc_full_reference_content_bridge_v1|EVAL|REAL|D_FULL,rc_full_reference_content_bridge_v1,D_FULL,native_feature_action_D_FULL,D_FULL,7,original_RAW_C128_matched_FULL64_native_action_bundle,EVAL,REAL,original RAW full-gallery C128; no target insertion,128,FP64_complete_matrix_X@weight+bias,original D_IMAGE path with full original valid reference passage-token MaxSim axis; native action,RAW_without_action,32,25,25,1,1,0,ORIGINAL_C/REAL,28,0,3,-3,OPENED_INTERNAL_EVAL,fixed_protocol_retrained_ablation,false,,false,FULL_REFERENCE_BRIDGE_NO_INTERNAL_GAIN_OVER_C,results/rc_full_reference_content_bridge_v1/result.json,45ed29c7c3d1d6288fa18e588eeef31df7365bd54c1f23846680bf86351b0ecf,/metrics/EVAL/D_FULL/REAL,/actions/EVAL/D_FULL/REAL,fde80bc56bf6d2865cce34b263b52a7bccce4e7ffd4ea7bc426f0cd3e4ec29e8,FULL_REFERENCE_CONTENT_BRIDGE_INDEPENDENT_REEXECUTION_PASS,results/rc_full_reference_content_bridge_v1/independent_validation.json,2add69653a5cc9d5c87c3f162efd12b44302406e4095a8a99b4cab7b4ffdaa46,results/rc_full_reference_content_bridge_v1/parameters.json,8d366d4358b24c124c13ebd29f06c5982f0126827975ee162c83e68610cca575
rc_full_reference_content_bridge_v1|EVAL|CBIND|ORIGINAL_C,rc_full_reference_content_bridge_v1,ORIGINAL_C,native_feature_action_ORIGINAL_C,ORIGINAL_C,7,original_RAW_C128_matched_FULL64_native_action_bundle,EVAL,CBIND,original RAW full-gallery C128; no target insertion,128,FP64_complete_matrix_X@weight+bias,RoMa soft visibility x ColNomic full-reference image-token weighted MaxSim; RAW C128 all127 HOLD/SWITCH,RAW_without_action,32,25,20,0,5,-5,ORIGINAL_C/CBIND,20,0,0,0,OPENED_INTERNAL_EVAL_CBIND_CONTROL,validated_existing_head_replay,true,replay of an existing validated head on this bundle; not a new independent experiment,false,FULL_REFERENCE_BRIDGE_NO_INTERNAL_GAIN_OVER_C,results/rc_full_reference_content_bridge_v1/result.json,45ed29c7c3d1d6288fa18e588eeef31df7365bd54c1f23846680bf86351b0ecf,/metrics/EVAL/ORIGINAL_C/CBIND,/actions/EVAL/ORIGINAL_C/CBIND,5dcef334fb89db2127869e9d8b11104e43e50f60f33451977393b93cd02ce612,FULL_REFERENCE_CONTENT_BRIDGE_INDEPENDENT_REEXECUTION_PASS,results/rc_full_reference_content_bridge_v1/independent_validation.json,2add69653a5cc9d5c87c3f162efd12b44302406e4095a8a99b4cab7b4ffdaa46,results/rc_full_reference_content_bridge_v1/parameters.json,8d366d4358b24c124c13ebd29f06c5982f0126827975ee162c83e68610cca575
rc_full_reference_content_bridge_v1|EVAL|CBIND|D_IMAGE,rc_full_reference_content_bridge_v1,D_IMAGE,native_feature_action_D_IMAGE,D_IMAGE,7,original_RAW_C128_matched_FULL64_native_action_bundle,EVAL,CBIND,original RAW full-gallery C128; no target insertion,128,FP64_complete_matrix_X@weight+bias,original C quality mass and query weights; free reference image-token MaxSim; native action,RAW_without_action,32,25,7,0,18,-18,ORIGINAL_C/CBIND,20,0,13,-13,OPENED_INTERNAL_EVAL_CBIND_CONTROL,validated_existing_head_replay,true,replay of an existing validated head on this bundle; not a new independent experiment,false,FULL_REFERENCE_BRIDGE_NO_INTERNAL_GAIN_OVER_C,results/rc_full_reference_content_bridge_v1/result.json,45ed29c7c3d1d6288fa18e588eeef31df7365bd54c1f23846680bf86351b0ecf,/metrics/EVAL/D_IMAGE/CBIND,/actions/EVAL/D_IMAGE/CBIND,625e5dcd64cd357634097631f424f26f15cf6c104974828cd66ebc617c6e6aee,FULL_REFERENCE_CONTENT_BRIDGE_INDEPENDENT_REEXECUTION_PASS,results/rc_full_reference_content_bridge_v1/independent_validation.json,2add69653a5cc9d5c87c3f162efd12b44302406e4095a8a99b4cab7b4ffdaa46,results/rc_full_reference_content_bridge_v1/parameters.json,8d366d4358b24c124c13ebd29f06c5982f0126827975ee162c83e68610cca575
rc_full_reference_content_bridge_v1|EVAL|CBIND|D_FULL,rc_full_reference_content_bridge_v1,D_FULL,native_feature_action_D_FULL,D_FULL,7,original_RAW_C128_matched_FULL64_native_action_bundle,EVAL,CBIND,original RAW full-gallery C128; no target insertion,128,FP64_complete_matrix_X@weight+bias,original D_IMAGE path with full original valid reference passage-token MaxSim axis; native action,RAW_without_action,32,25,7,0,18,-18,ORIGINAL_C/CBIND,20,0,13,-13,OPENED_INTERNAL_EVAL_CBIND_CONTROL,fixed_protocol_retrained_ablation,false,,false,FULL_REFERENCE_BRIDGE_NO_INTERNAL_GAIN_OVER_C,results/rc_full_reference_content_bridge_v1/result.json,45ed29c7c3d1d6288fa18e588eeef31df7365bd54c1f23846680bf86351b0ecf,/metrics/EVAL/D_FULL/CBIND,/actions/EVAL/D_FULL/CBIND,6d778629be35fa8b8e6842ac12a3e48bccd251a45487ec30e9721a673bcaff70,FULL_REFERENCE_CONTENT_BRIDGE_INDEPENDENT_REEXECUTION_PASS,results/rc_full_reference_content_bridge_v1/independent_validation.json,2add69653a5cc9d5c87c3f162efd12b44302406e4095a8a99b4cab7b4ffdaa46,results/rc_full_reference_content_bridge_v1/parameters.json,8d366d4358b24c124c13ebd29f06c5982f0126827975ee162c83e68610cca575
rc_retrained_evidence_sufficiency_v1|TRAIN|REAL|RAW2,rc_retrained_evidence_sufficiency_v1,RAW2,native_feature_action_RAW2,RAW2,2,original_RAW_C128_matched_FULL64_native_action_bundle,TRAIN,REAL,original RAW full-gallery C128; no target insertion,128,FP64_complete_matrix_X@weight+bias,RoMa soft visibility x ColNomic full-reference image-token weighted MaxSim; RAW C128 all127 HOLD/SWITCH; original native feature subset=RAW2,RAW_without_action,32,27,27,0,0,0,ORIGINAL7/REAL,28,0,1,-1,TRAIN_DESCRIPTIVE,fixed_protocol_retrained_ablation,false,,false,RETRAINED_JOINT_M_L_INTERNAL_SIMPLIFICATION_NOT_ESTABLISHED,results/rc_retrained_evidence_sufficiency_v1/result.json,20102901242c734c2b5c0404e0e5571999ab1dc25ceefa5cee2f37f884a12601,/metrics/TRAIN/RAW2/REAL,/actions/TRAIN/RAW2/REAL,ab3d4336a0329675d3c8e5c63d21eb92b485b285ce484def24f47189ed57aef6,RETRAINED_EVIDENCE_SUFFICIENCY_INDEPENDENT_REEXECUTION_PASS,results/rc_retrained_evidence_sufficiency_v1/independent_validation.json,ebac4a7d704e121d972f8999dbcbe767e588681e3f9a7352974f78d9e809e195,results/rc_retrained_evidence_sufficiency_v1/parameters.json,8d1781e0abaec6bcd2cdacb6f0637140398764ca1f533452f9bb1cf956aee20b
rc_retrained_evidence_sufficiency_v1|TRAIN|REAL|RAW_PLUS_M3,rc_retrained_evidence_sufficiency_v1,RAW_PLUS_M3,native_feature_action_RAW_PLUS_M3,RAW_PLUS_M3,3,original_RAW_C128_matched_FULL64_native_action_bundle,TRAIN,REAL,original RAW full-gallery C128; no target insertion,128,FP64_complete_matrix_X@weight+bias,RoMa soft visibility x ColNomic full-reference image-token weighted MaxSim; RAW C128 all127 HOLD/SWITCH; original native feature subset=RAW_PLUS_M3,RAW_without_action,32,27,28,1,0,1,ORIGINAL7/REAL,28,0,0,0,TRAIN_DESCRIPTIVE,fixed_protocol_retrained_ablation,false,,false,RETRAINED_JOINT_M_L_INTERNAL_SIMPLIFICATION_NOT_ESTABLISHED,results/rc_retrained_evidence_sufficiency_v1/result.json,20102901242c734c2b5c0404e0e5571999ab1dc25ceefa5cee2f37f884a12601,/metrics/TRAIN/RAW_PLUS_M3/REAL,/actions/TRAIN/RAW_PLUS_M3/REAL,d637add10e222d229c15a6db5fcad75ba600c5d1e1112564650f7f5dfa778310,RETRAINED_EVIDENCE_SUFFICIENCY_INDEPENDENT_REEXECUTION_PASS,results/rc_retrained_evidence_sufficiency_v1/independent_validation.json,ebac4a7d704e121d972f8999dbcbe767e588681e3f9a7352974f78d9e809e195,results/rc_retrained_evidence_sufficiency_v1/parameters.json,8d1781e0abaec6bcd2cdacb6f0637140398764ca1f533452f9bb1cf956aee20b
rc_retrained_evidence_sufficiency_v1|TRAIN|REAL|RAW_PLUS_L3,rc_retrained_evidence_sufficiency_v1,RAW_PLUS_L3,native_feature_action_RAW_PLUS_L3,RAW_PLUS_L3,3,original_RAW_C128_matched_FULL64_native_action_bundle,TRAIN,REAL,original RAW full-gallery C128; no target insertion,128,FP64_complete_matrix_X@weight+bias,RoMa soft visibility x ColNomic full-reference image-token weighted MaxSim; RAW C128 all127 HOLD/SWITCH; original native feature subset=RAW_PLUS_L3,RAW_without_action,32,27,27,1,1,0,ORIGINAL7/REAL,28,0,1,-1,TRAIN_DESCRIPTIVE,fixed_protocol_retrained_ablation,false,,false,RETRAINED_JOINT_M_L_INTERNAL_SIMPLIFICATION_NOT_ESTABLISHED,results/rc_retrained_evidence_sufficiency_v1/result.json,20102901242c734c2b5c0404e0e5571999ab1dc25ceefa5cee2f37f884a12601,/metrics/TRAIN/RAW_PLUS_L3/REAL,/actions/TRAIN/RAW_PLUS_L3/REAL,3592481a85e0135f6252cbc3b0d712a1f73fcc9e724a49a38d3cd85abe117b82,RETRAINED_EVIDENCE_SUFFICIENCY_INDEPENDENT_REEXECUTION_PASS,results/rc_retrained_evidence_sufficiency_v1/independent_validation.json,ebac4a7d704e121d972f8999dbcbe767e588681e3f9a7352974f78d9e809e195,results/rc_retrained_evidence_sufficiency_v1/parameters.json,8d1781e0abaec6bcd2cdacb6f0637140398764ca1f533452f9bb1cf956aee20b
rc_retrained_evidence_sufficiency_v1|TRAIN|REAL|JOINT4,rc_retrained_evidence_sufficiency_v1,JOINT4,native_feature_action_JOINT4,JOINT4,4,original_RAW_C128_matched_FULL64_native_action_bundle,TRAIN,REAL,original RAW full-gallery C128; no target insertion,128,FP64_complete_matrix_X@weight+bias,RoMa soft visibility x ColNomic full-reference image-token weighted MaxSim; RAW C128 all127 HOLD/SWITCH; original native feature subset=JOINT4,RAW_without_action,32,27,28,1,0,1,ORIGINAL7/REAL,28,0,0,0,TRAIN_DESCRIPTIVE,fixed_protocol_retrained_ablation,false,,false,RETRAINED_JOINT_M_L_INTERNAL_SIMPLIFICATION_NOT_ESTABLISHED,results/rc_retrained_evidence_sufficiency_v1/result.json,20102901242c734c2b5c0404e0e5571999ab1dc25ceefa5cee2f37f884a12601,/metrics/TRAIN/JOINT4/REAL,/actions/TRAIN/JOINT4/REAL,78c1116cf8672108aa64e15c9bcc87a6948ad22d5937bd9e8fcd612d22918c06,RETRAINED_EVIDENCE_SUFFICIENCY_INDEPENDENT_REEXECUTION_PASS,results/rc_retrained_evidence_sufficiency_v1/independent_validation.json,ebac4a7d704e121d972f8999dbcbe767e588681e3f9a7352974f78d9e809e195,results/rc_retrained_evidence_sufficiency_v1/parameters.json,8d1781e0abaec6bcd2cdacb6f0637140398764ca1f533452f9bb1cf956aee20b
rc_retrained_evidence_sufficiency_v1|TRAIN|REAL|ORIGINAL7,rc_retrained_evidence_sufficiency_v1,ORIGINAL7,native_feature_action_ORIGINAL7,ORIGINAL7,7,original_RAW_C128_matched_FULL64_native_action_bundle,TRAIN,REAL,original RAW full-gallery C128; no target insertion,128,FP64_complete_matrix_X@weight+bias,RoMa soft visibility x ColNomic full-reference image-token weighted MaxSim; RAW C128 all127 HOLD/SWITCH; original native feature subset=ORIGINAL7,RAW_without_action,32,27,28,1,0,1,ORIGINAL7/REAL,28,0,0,0,TRAIN_DESCRIPTIVE,validated_existing_head_replay,true,replay of an existing validated head on this bundle; not a new independent experiment,false,RETRAINED_JOINT_M_L_INTERNAL_SIMPLIFICATION_NOT_ESTABLISHED,results/rc_retrained_evidence_sufficiency_v1/result.json,20102901242c734c2b5c0404e0e5571999ab1dc25ceefa5cee2f37f884a12601,/metrics/TRAIN/ORIGINAL7/REAL,/actions/TRAIN/ORIGINAL7/REAL,1fbf353e3cf21720cc1c84e844ae1ecfc7d64aac46f9f1b5ba66f4d48029e45f,RETRAINED_EVIDENCE_SUFFICIENCY_INDEPENDENT_REEXECUTION_PASS,results/rc_retrained_evidence_sufficiency_v1/independent_validation.json,ebac4a7d704e121d972f8999dbcbe767e588681e3f9a7352974f78d9e809e195,results/rc_retrained_evidence_sufficiency_v1/parameters.json,8d1781e0abaec6bcd2cdacb6f0637140398764ca1f533452f9bb1cf956aee20b
rc_retrained_evidence_sufficiency_v1|TRAIN|CBIND|RAW2,rc_retrained_evidence_sufficiency_v1,RAW2,native_feature_action_RAW2,RAW2,2,original_RAW_C128_matched_FULL64_native_action_bundle,TRAIN,CBIND,original RAW full-gallery C128; no target insertion,128,FP64_complete_matrix_X@weight+bias,RoMa soft visibility x ColNomic full-reference image-token weighted MaxSim; RAW C128 all127 HOLD/SWITCH; original native feature subset=RAW2,RAW_without_action,32,27,27,0,0,0,ORIGINAL7/CBIND,21,6,0,6,TRAIN_DESCRIPTIVE_CBIND_CONTROL,fixed_protocol_retrained_ablation,false,,false,RETRAINED_JOINT_M_L_INTERNAL_SIMPLIFICATION_NOT_ESTABLISHED,results/rc_retrained_evidence_sufficiency_v1/result.json,20102901242c734c2b5c0404e0e5571999ab1dc25ceefa5cee2f37f884a12601,/metrics/TRAIN/RAW2/CBIND,/actions/TRAIN/RAW2/CBIND,ab3d4336a0329675d3c8e5c63d21eb92b485b285ce484def24f47189ed57aef6,RETRAINED_EVIDENCE_SUFFICIENCY_INDEPENDENT_REEXECUTION_PASS,results/rc_retrained_evidence_sufficiency_v1/independent_validation.json,ebac4a7d704e121d972f8999dbcbe767e588681e3f9a7352974f78d9e809e195,results/rc_retrained_evidence_sufficiency_v1/parameters.json,8d1781e0abaec6bcd2cdacb6f0637140398764ca1f533452f9bb1cf956aee20b
rc_retrained_evidence_sufficiency_v1|TRAIN|CBIND|RAW_PLUS_M3,rc_retrained_evidence_sufficiency_v1,RAW_PLUS_M3,native_feature_action_RAW_PLUS_M3,RAW_PLUS_M3,3,original_RAW_C128_matched_FULL64_native_action_bundle,TRAIN,CBIND,original RAW full-gallery C128; no target insertion,128,FP64_complete_matrix_X@weight+bias,RoMa soft visibility x ColNomic full-reference image-token weighted MaxSim; RAW C128 all127 HOLD/SWITCH; original native feature subset=RAW_PLUS_M3,RAW_without_action,32,27,22,0,5,-5,ORIGINAL7/CBIND,21,2,1,1,TRAIN_DESCRIPTIVE_CBIND_CONTROL,fixed_protocol_retrained_ablation,false,,false,RETRAINED_JOINT_M_L_INTERNAL_SIMPLIFICATION_NOT_ESTABLISHED,results/rc_retrained_evidence_sufficiency_v1/result.json,20102901242c734c2b5c0404e0e5571999ab1dc25ceefa5cee2f37f884a12601,/metrics/TRAIN/RAW_PLUS_M3/CBIND,/actions/TRAIN/RAW_PLUS_M3/CBIND,8c7affa18c63eb887d3dd91945e7de7a5ae6d7a728d450bf99132420baaaf796,RETRAINED_EVIDENCE_SUFFICIENCY_INDEPENDENT_REEXECUTION_PASS,results/rc_retrained_evidence_sufficiency_v1/independent_validation.json,ebac4a7d704e121d972f8999dbcbe767e588681e3f9a7352974f78d9e809e195,results/rc_retrained_evidence_sufficiency_v1/parameters.json,8d1781e0abaec6bcd2cdacb6f0637140398764ca1f533452f9bb1cf956aee20b
rc_retrained_evidence_sufficiency_v1|TRAIN|CBIND|RAW_PLUS_L3,rc_retrained_evidence_sufficiency_v1,RAW_PLUS_L3,native_feature_action_RAW_PLUS_L3,RAW_PLUS_L3,3,original_RAW_C128_matched_FULL64_native_action_bundle,TRAIN,CBIND,original RAW full-gallery C128; no target insertion,128,FP64_complete_matrix_X@weight+bias,RoMa soft visibility x ColNomic full-reference image-token weighted MaxSim; RAW C128 all127 HOLD/SWITCH; original native feature subset=RAW_PLUS_L3,RAW_without_action,32,27,22,1,6,-5,ORIGINAL7/CBIND,21,2,1,1,TRAIN_DESCRIPTIVE_CBIND_CONTROL,fixed_protocol_retrained_ablation,false,,false,RETRAINED_JOINT_M_L_INTERNAL_SIMPLIFICATION_NOT_ESTABLISHED,results/rc_retrained_evidence_sufficiency_v1/result.json,20102901242c734c2b5c0404e0e5571999ab1dc25ceefa5cee2f37f884a12601,/metrics/TRAIN/RAW_PLUS_L3/CBIND,/actions/TRAIN/RAW_PLUS_L3/CBIND,0a63f461116b9f444bb9a537761dd0751ee289fa22f4e096266ca7f5ce0d4300,RETRAINED_EVIDENCE_SUFFICIENCY_INDEPENDENT_REEXECUTION_PASS,results/rc_retrained_evidence_sufficiency_v1/independent_validation.json,ebac4a7d704e121d972f8999dbcbe767e588681e3f9a7352974f78d9e809e195,results/rc_retrained_evidence_sufficiency_v1/parameters.json,8d1781e0abaec6bcd2cdacb6f0637140398764ca1f533452f9bb1cf956aee20b
rc_retrained_evidence_sufficiency_v1|TRAIN|CBIND|JOINT4,rc_retrained_evidence_sufficiency_v1,JOINT4,native_feature_action_JOINT4,JOINT4,4,original_RAW_C128_matched_FULL64_native_action_bundle,TRAIN,CBIND,original RAW full-gallery C128; no target insertion,128,FP64_complete_matrix_X@weight+bias,RoMa soft visibility x ColNomic full-reference image-token weighted MaxSim; RAW C128 all127 HOLD/SWITCH; original native feature subset=JOINT4,RAW_without_action,32,27,21,0,6,-6,ORIGINAL7/CBIND,21,0,0,0,TRAIN_DESCRIPTIVE_CBIND_CONTROL,fixed_protocol_retrained_ablation,false,,false,RETRAINED_JOINT_M_L_INTERNAL_SIMPLIFICATION_NOT_ESTABLISHED,results/rc_retrained_evidence_sufficiency_v1/result.json,20102901242c734c2b5c0404e0e5571999ab1dc25ceefa5cee2f37f884a12601,/metrics/TRAIN/JOINT4/CBIND,/actions/TRAIN/JOINT4/CBIND,dd84181481a2d6b37c06889744e9c2a574e7ee3cd8cbd39ffe75f7169fb37fb3,RETRAINED_EVIDENCE_SUFFICIENCY_INDEPENDENT_REEXECUTION_PASS,results/rc_retrained_evidence_sufficiency_v1/independent_validation.json,ebac4a7d704e121d972f8999dbcbe767e588681e3f9a7352974f78d9e809e195,results/rc_retrained_evidence_sufficiency_v1/parameters.json,8d1781e0abaec6bcd2cdacb6f0637140398764ca1f533452f9bb1cf956aee20b
rc_retrained_evidence_sufficiency_v1|TRAIN|CBIND|ORIGINAL7,rc_retrained_evidence_sufficiency_v1,ORIGINAL7,native_feature_action_ORIGINAL7,ORIGINAL7,7,original_RAW_C128_matched_FULL64_native_action_bundle,TRAIN,CBIND,original RAW full-gallery C128; no target insertion,128,FP64_complete_matrix_X@weight+bias,RoMa soft visibility x ColNomic full-reference image-token weighted MaxSim; RAW C128 all127 HOLD/SWITCH; original native feature subset=ORIGINAL7,RAW_without_action,32,27,21,0,6,-6,ORIGINAL7/CBIND,21,0,0,0,TRAIN_DESCRIPTIVE_CBIND_CONTROL,validated_existing_head_replay,true,replay of an existing validated head on this bundle; not a new independent experiment,false,RETRAINED_JOINT_M_L_INTERNAL_SIMPLIFICATION_NOT_ESTABLISHED,results/rc_retrained_evidence_sufficiency_v1/result.json,20102901242c734c2b5c0404e0e5571999ab1dc25ceefa5cee2f37f884a12601,/metrics/TRAIN/ORIGINAL7/CBIND,/actions/TRAIN/ORIGINAL7/CBIND,ee17c71fc26d8659ccaa64608f85541702048baf1e6df5d5a237cc3493a5bc3e,RETRAINED_EVIDENCE_SUFFICIENCY_INDEPENDENT_REEXECUTION_PASS,results/rc_retrained_evidence_sufficiency_v1/independent_validation.json,ebac4a7d704e121d972f8999dbcbe767e588681e3f9a7352974f78d9e809e195,results/rc_retrained_evidence_sufficiency_v1/parameters.json,8d1781e0abaec6bcd2cdacb6f0637140398764ca1f533452f9bb1cf956aee20b
rc_retrained_evidence_sufficiency_v1|EVAL|REAL|RAW2,rc_retrained_evidence_sufficiency_v1,RAW2,native_feature_action_RAW2,RAW2,2,original_RAW_C128_matched_FULL64_native_action_bundle,EVAL,REAL,original RAW full-gallery C128; no target insertion,128,FP64_complete_matrix_X@weight+bias,RoMa soft visibility x ColNomic full-reference image-token weighted MaxSim; RAW C128 all127 HOLD/SWITCH; original native feature subset=RAW2,RAW_without_action,32,25,25,0,0,0,ORIGINAL7/REAL,28,0,3,-3,OPENED_INTERNAL_EVAL,fixed_protocol_retrained_ablation,false,,false,RETRAINED_JOINT_M_L_INTERNAL_SIMPLIFICATION_NOT_ESTABLISHED,results/rc_retrained_evidence_sufficiency_v1/result.json,20102901242c734c2b5c0404e0e5571999ab1dc25ceefa5cee2f37f884a12601,/metrics/EVAL/RAW2/REAL,/actions/EVAL/RAW2/REAL,0553732a65c4a6d7e803ac01d6bf150d1c3014f32efa0c3ac2b238d120925e77,RETRAINED_EVIDENCE_SUFFICIENCY_INDEPENDENT_REEXECUTION_PASS,results/rc_retrained_evidence_sufficiency_v1/independent_validation.json,ebac4a7d704e121d972f8999dbcbe767e588681e3f9a7352974f78d9e809e195,results/rc_retrained_evidence_sufficiency_v1/parameters.json,8d1781e0abaec6bcd2cdacb6f0637140398764ca1f533452f9bb1cf956aee20b
rc_retrained_evidence_sufficiency_v1|EVAL|REAL|RAW_PLUS_M3,rc_retrained_evidence_sufficiency_v1,RAW_PLUS_M3,native_feature_action_RAW_PLUS_M3,RAW_PLUS_M3,3,original_RAW_C128_matched_FULL64_native_action_bundle,EVAL,REAL,original RAW full-gallery C128; no target insertion,128,FP64_complete_matrix_X@weight+bias,RoMa soft visibility x ColNomic full-reference image-token weighted MaxSim; RAW C128 all127 HOLD/SWITCH; original native feature subset=RAW_PLUS_M3,RAW_without_action,32,25,26,2,1,1,ORIGINAL7/REAL,28,0,2,-2,OPENED_INTERNAL_EVAL,fixed_protocol_retrained_ablation,false,,false,RETRAINED_JOINT_M_L_INTERNAL_SIMPLIFICATION_NOT_ESTABLISHED,results/rc_retrained_evidence_sufficiency_v1/result.json,20102901242c734c2b5c0404e0e5571999ab1dc25ceefa5cee2f37f884a12601,/metrics/EVAL/RAW_PLUS_M3/REAL,/actions/EVAL/RAW_PLUS_M3/REAL,7eb02293498a801114cf99059c16d8a3bfe3fcdf8833cdd11fe7948976cc1e38,RETRAINED_EVIDENCE_SUFFICIENCY_INDEPENDENT_REEXECUTION_PASS,results/rc_retrained_evidence_sufficiency_v1/independent_validation.json,ebac4a7d704e121d972f8999dbcbe767e588681e3f9a7352974f78d9e809e195,results/rc_retrained_evidence_sufficiency_v1/parameters.json,8d1781e0abaec6bcd2cdacb6f0637140398764ca1f533452f9bb1cf956aee20b
rc_retrained_evidence_sufficiency_v1|EVAL|REAL|RAW_PLUS_L3,rc_retrained_evidence_sufficiency_v1,RAW_PLUS_L3,native_feature_action_RAW_PLUS_L3,RAW_PLUS_L3,3,original_RAW_C128_matched_FULL64_native_action_bundle,EVAL,REAL,original RAW full-gallery C128; no target insertion,128,FP64_complete_matrix_X@weight+bias,RoMa soft visibility x ColNomic full-reference image-token weighted MaxSim; RAW C128 all127 HOLD/SWITCH; original native feature subset=RAW_PLUS_L3,RAW_without_action,32,25,26,1,0,1,ORIGINAL7/REAL,28,0,2,-2,OPENED_INTERNAL_EVAL,fixed_protocol_retrained_ablation,false,,false,RETRAINED_JOINT_M_L_INTERNAL_SIMPLIFICATION_NOT_ESTABLISHED,results/rc_retrained_evidence_sufficiency_v1/result.json,20102901242c734c2b5c0404e0e5571999ab1dc25ceefa5cee2f37f884a12601,/metrics/EVAL/RAW_PLUS_L3/REAL,/actions/EVAL/RAW_PLUS_L3/REAL,67bce05d8055b9e35ce6ee94af6c34ca0c1c5d08421ebbd63be6c2cc431c47d0,RETRAINED_EVIDENCE_SUFFICIENCY_INDEPENDENT_REEXECUTION_PASS,results/rc_retrained_evidence_sufficiency_v1/independent_validation.json,ebac4a7d704e121d972f8999dbcbe767e588681e3f9a7352974f78d9e809e195,results/rc_retrained_evidence_sufficiency_v1/parameters.json,8d1781e0abaec6bcd2cdacb6f0637140398764ca1f533452f9bb1cf956aee20b
rc_retrained_evidence_sufficiency_v1|EVAL|REAL|JOINT4,rc_retrained_evidence_sufficiency_v1,JOINT4,native_feature_action_JOINT4,JOINT4,4,original_RAW_C128_matched_FULL64_native_action_bundle,EVAL,REAL,original RAW full-gallery C128; no target insertion,128,FP64_complete_matrix_X@weight+bias,RoMa soft visibility x ColNomic full-reference image-token weighted MaxSim; RAW C128 all127 HOLD/SWITCH; original native feature subset=JOINT4,RAW_without_action,32,25,26,2,1,1,ORIGINAL7/REAL,28,0,2,-2,OPENED_INTERNAL_EVAL,fixed_protocol_retrained_ablation,false,,false,RETRAINED_JOINT_M_L_INTERNAL_SIMPLIFICATION_NOT_ESTABLISHED,results/rc_retrained_evidence_sufficiency_v1/result.json,20102901242c734c2b5c0404e0e5571999ab1dc25ceefa5cee2f37f884a12601,/metrics/EVAL/JOINT4/REAL,/actions/EVAL/JOINT4/REAL,0b23e6e583cd45c337eef53e133d73d2d8792250efbfaf4bedfb4706ccdfbc33,RETRAINED_EVIDENCE_SUFFICIENCY_INDEPENDENT_REEXECUTION_PASS,results/rc_retrained_evidence_sufficiency_v1/independent_validation.json,ebac4a7d704e121d972f8999dbcbe767e588681e3f9a7352974f78d9e809e195,results/rc_retrained_evidence_sufficiency_v1/parameters.json,8d1781e0abaec6bcd2cdacb6f0637140398764ca1f533452f9bb1cf956aee20b
rc_retrained_evidence_sufficiency_v1|EVAL|REAL|ORIGINAL7,rc_retrained_evidence_sufficiency_v1,ORIGINAL7,native_feature_action_ORIGINAL7,ORIGINAL7,7,original_RAW_C128_matched_FULL64_native_action_bundle,EVAL,REAL,original RAW full-gallery C128; no target insertion,128,FP64_complete_matrix_X@weight+bias,RoMa soft visibility x ColNomic full-reference image-token weighted MaxSim; RAW C128 all127 HOLD/SWITCH; original native feature subset=ORIGINAL7,RAW_without_action,32,25,28,3,0,3,ORIGINAL7/REAL,28,0,0,0,OPENED_INTERNAL_EVAL,validated_existing_head_replay,true,replay of an existing validated head on this bundle; not a new independent experiment,false,RETRAINED_JOINT_M_L_INTERNAL_SIMPLIFICATION_NOT_ESTABLISHED,results/rc_retrained_evidence_sufficiency_v1/result.json,20102901242c734c2b5c0404e0e5571999ab1dc25ceefa5cee2f37f884a12601,/metrics/EVAL/ORIGINAL7/REAL,/actions/EVAL/ORIGINAL7/REAL,bedd10316891d8996fd9cf7bb9219cdb6e3878a12de0022ed3178d3c1f67eed9,RETRAINED_EVIDENCE_SUFFICIENCY_INDEPENDENT_REEXECUTION_PASS,results/rc_retrained_evidence_sufficiency_v1/independent_validation.json,ebac4a7d704e121d972f8999dbcbe767e588681e3f9a7352974f78d9e809e195,results/rc_retrained_evidence_sufficiency_v1/parameters.json,8d1781e0abaec6bcd2cdacb6f0637140398764ca1f533452f9bb1cf956aee20b
rc_retrained_evidence_sufficiency_v1|EVAL|CBIND|RAW2,rc_retrained_evidence_sufficiency_v1,RAW2,native_feature_action_RAW2,RAW2,2,original_RAW_C128_matched_FULL64_native_action_bundle,EVAL,CBIND,original RAW full-gallery C128; no target insertion,128,FP64_complete_matrix_X@weight+bias,RoMa soft visibility x ColNomic full-reference image-token weighted MaxSim; RAW C128 all127 HOLD/SWITCH; original native feature subset=RAW2,RAW_without_action,32,25,25,0,0,0,ORIGINAL7/CBIND,20,5,0,5,OPENED_INTERNAL_EVAL_CBIND_CONTROL,fixed_protocol_retrained_ablation,false,,false,RETRAINED_JOINT_M_L_INTERNAL_SIMPLIFICATION_NOT_ESTABLISHED,results/rc_retrained_evidence_sufficiency_v1/result.json,20102901242c734c2b5c0404e0e5571999ab1dc25ceefa5cee2f37f884a12601,/metrics/EVAL/RAW2/CBIND,/actions/EVAL/RAW2/CBIND,0553732a65c4a6d7e803ac01d6bf150d1c3014f32efa0c3ac2b238d120925e77,RETRAINED_EVIDENCE_SUFFICIENCY_INDEPENDENT_REEXECUTION_PASS,results/rc_retrained_evidence_sufficiency_v1/independent_validation.json,ebac4a7d704e121d972f8999dbcbe767e588681e3f9a7352974f78d9e809e195,results/rc_retrained_evidence_sufficiency_v1/parameters.json,8d1781e0abaec6bcd2cdacb6f0637140398764ca1f533452f9bb1cf956aee20b
rc_retrained_evidence_sufficiency_v1|EVAL|CBIND|RAW_PLUS_M3,rc_retrained_evidence_sufficiency_v1,RAW_PLUS_M3,native_feature_action_RAW_PLUS_M3,RAW_PLUS_M3,3,original_RAW_C128_matched_FULL64_native_action_bundle,EVAL,CBIND,original RAW full-gallery C128; no target insertion,128,FP64_complete_matrix_X@weight+bias,RoMa soft visibility x ColNomic full-reference image-token weighted MaxSim; RAW C128 all127 HOLD/SWITCH; original native feature subset=RAW_PLUS_M3,RAW_without_action,32,25,20,0,5,-5,ORIGINAL7/CBIND,20,1,1,0,OPENED_INTERNAL_EVAL_CBIND_CONTROL,fixed_protocol_retrained_ablation,false,,false,RETRAINED_JOINT_M_L_INTERNAL_SIMPLIFICATION_NOT_ESTABLISHED,results/rc_retrained_evidence_sufficiency_v1/result.json,20102901242c734c2b5c0404e0e5571999ab1dc25ceefa5cee2f37f884a12601,/metrics/EVAL/RAW_PLUS_M3/CBIND,/actions/EVAL/RAW_PLUS_M3/CBIND,ecf9365a3747d567afccdd69cd9fdbf1ddec56a437e39ded557c56c9f4ccdd32,RETRAINED_EVIDENCE_SUFFICIENCY_INDEPENDENT_REEXECUTION_PASS,results/rc_retrained_evidence_sufficiency_v1/independent_validation.json,ebac4a7d704e121d972f8999dbcbe767e588681e3f9a7352974f78d9e809e195,results/rc_retrained_evidence_sufficiency_v1/parameters.json,8d1781e0abaec6bcd2cdacb6f0637140398764ca1f533452f9bb1cf956aee20b
rc_retrained_evidence_sufficiency_v1|EVAL|CBIND|RAW_PLUS_L3,rc_retrained_evidence_sufficiency_v1,RAW_PLUS_L3,native_feature_action_RAW_PLUS_L3,RAW_PLUS_L3,3,original_RAW_C128_matched_FULL64_native_action_bundle,EVAL,CBIND,original RAW full-gallery C128; no target insertion,128,FP64_complete_matrix_X@weight+bias,RoMa soft visibility x ColNomic full-reference image-token weighted MaxSim; RAW C128 all127 HOLD/SWITCH; original native feature subset=RAW_PLUS_L3,RAW_without_action,32,25,21,0,4,-4,ORIGINAL7/CBIND,20,2,1,1,OPENED_INTERNAL_EVAL_CBIND_CONTROL,fixed_protocol_retrained_ablation,false,,false,RETRAINED_JOINT_M_L_INTERNAL_SIMPLIFICATION_NOT_ESTABLISHED,results/rc_retrained_evidence_sufficiency_v1/result.json,20102901242c734c2b5c0404e0e5571999ab1dc25ceefa5cee2f37f884a12601,/metrics/EVAL/RAW_PLUS_L3/CBIND,/actions/EVAL/RAW_PLUS_L3/CBIND,a7dd114f35a7f84859fa42871749808d121436ffa03054e586f01928e76cf09a,RETRAINED_EVIDENCE_SUFFICIENCY_INDEPENDENT_REEXECUTION_PASS,results/rc_retrained_evidence_sufficiency_v1/independent_validation.json,ebac4a7d704e121d972f8999dbcbe767e588681e3f9a7352974f78d9e809e195,results/rc_retrained_evidence_sufficiency_v1/parameters.json,8d1781e0abaec6bcd2cdacb6f0637140398764ca1f533452f9bb1cf956aee20b
rc_retrained_evidence_sufficiency_v1|EVAL|CBIND|JOINT4,rc_retrained_evidence_sufficiency_v1,JOINT4,native_feature_action_JOINT4,JOINT4,4,original_RAW_C128_matched_FULL64_native_action_bundle,EVAL,CBIND,original RAW full-gallery C128; no target insertion,128,FP64_complete_matrix_X@weight+bias,RoMa soft visibility x ColNomic full-reference image-token weighted MaxSim; RAW C128 all127 HOLD/SWITCH; original native feature subset=JOINT4,RAW_without_action,32,25,20,0,5,-5,ORIGINAL7/CBIND,20,0,0,0,OPENED_INTERNAL_EVAL_CBIND_CONTROL,fixed_protocol_retrained_ablation,false,,false,RETRAINED_JOINT_M_L_INTERNAL_SIMPLIFICATION_NOT_ESTABLISHED,results/rc_retrained_evidence_sufficiency_v1/result.json,20102901242c734c2b5c0404e0e5571999ab1dc25ceefa5cee2f37f884a12601,/metrics/EVAL/JOINT4/CBIND,/actions/EVAL/JOINT4/CBIND,e3022e905ad581869e1ac3a4399a7b38dd249c40971b2a906d05193f3e1e94fe,RETRAINED_EVIDENCE_SUFFICIENCY_INDEPENDENT_REEXECUTION_PASS,results/rc_retrained_evidence_sufficiency_v1/independent_validation.json,ebac4a7d704e121d972f8999dbcbe767e588681e3f9a7352974f78d9e809e195,results/rc_retrained_evidence_sufficiency_v1/parameters.json,8d1781e0abaec6bcd2cdacb6f0637140398764ca1f533452f9bb1cf956aee20b
rc_retrained_evidence_sufficiency_v1|EVAL|CBIND|ORIGINAL7,rc_retrained_evidence_sufficiency_v1,ORIGINAL7,native_feature_action_ORIGINAL7,ORIGINAL7,7,original_RAW_C128_matched_FULL64_native_action_bundle,EVAL,CBIND,original RAW full-gallery C128; no target insertion,128,FP64_complete_matrix_X@weight+bias,RoMa soft visibility x ColNomic full-reference image-token weighted MaxSim; RAW C128 all127 HOLD/SWITCH; original native feature subset=ORIGINAL7,RAW_without_action,32,25,20,0,5,-5,ORIGINAL7/CBIND,20,0,0,0,OPENED_INTERNAL_EVAL_CBIND_CONTROL,validated_existing_head_replay,true,replay of an existing validated head on this bundle; not a new independent experiment,false,RETRAINED_JOINT_M_L_INTERNAL_SIMPLIFICATION_NOT_ESTABLISHED,results/rc_retrained_evidence_sufficiency_v1/result.json,20102901242c734c2b5c0404e0e5571999ab1dc25ceefa5cee2f37f884a12601,/metrics/EVAL/ORIGINAL7/CBIND,/actions/EVAL/ORIGINAL7/CBIND,5dcef334fb89db2127869e9d8b11104e43e50f60f33451977393b93cd02ce612,RETRAINED_EVIDENCE_SUFFICIENCY_INDEPENDENT_REEXECUTION_PASS,results/rc_retrained_evidence_sufficiency_v1/independent_validation.json,ebac4a7d704e121d972f8999dbcbe767e588681e3f9a7352974f78d9e809e195,results/rc_retrained_evidence_sufficiency_v1/parameters.json,8d1781e0abaec6bcd2cdacb6f0637140398764ca1f533452f9bb1cf956aee20b
rc_product_response_factorial_v1|TRAIN|REAL|JOINT4,rc_product_response_factorial_v1,JOINT4,native_feature_action_JOINT4,JOINT4,4,original_RAW_C128_matched_FULL64_native_action_bundle,TRAIN,REAL,original RAW full-gallery C128; no target insertion,128,FP64_complete_matrix_X@weight+bias,RoMa soft visibility x ColNomic full-reference image-token weighted MaxSim; RAW C128 all127 HOLD/SWITCH; original native feature subset=JOINT4,RAW_without_action,32,27,28,1,0,1,ORIGINAL7/REAL,28,0,0,0,TRAIN_DESCRIPTIVE,validated_existing_head_replay,true,replay of an existing validated head on this bundle; not a new independent experiment,false,PRODUCT_RESPONSE_FACTORIAL_INTERNAL_SIMPLIFICATION_NOT_ESTABLISHED,results/rc_product_response_factorial_v1/result.json,e9dae1e5837e72d3f38ba3e4473d0ff555b6ee90fadfbe3d3dbf64376759c0bf,/metrics/TRAIN/JOINT4/REAL,/actions/TRAIN/JOINT4/REAL,78c1116cf8672108aa64e15c9bcc87a6948ad22d5937bd9e8fcd612d22918c06,PRODUCT_RESPONSE_FACTORIAL_INDEPENDENT_REEXECUTION_PASS,results/rc_product_response_factorial_v1/independent_validation.json,f91c01caac1824ceb8cde358a9c22f95b94fe0d846965b35815c66cc778ed3bb,results/rc_product_response_factorial_v1/parameters.json,019cfeac14575b97371f66f81e5ad6ec55ec321af502a0b9110e4cc207c79b43
rc_product_response_factorial_v1|TRAIN|REAL|PRODUCT5,rc_product_response_factorial_v1,PRODUCT5,native_feature_action_PRODUCT5,PRODUCT5,5,original_RAW_C128_matched_FULL64_native_action_bundle,TRAIN,REAL,original RAW full-gallery C128; no target insertion,128,FP64_complete_matrix_X@weight+bias,RoMa soft visibility x ColNomic full-reference image-token weighted MaxSim; RAW C128 all127 HOLD/SWITCH; original native feature subset=PRODUCT5,RAW_without_action,32,27,28,1,0,1,ORIGINAL7/REAL,28,0,0,0,TRAIN_DESCRIPTIVE,fixed_protocol_retrained_ablation,false,,false,PRODUCT_RESPONSE_FACTORIAL_INTERNAL_SIMPLIFICATION_NOT_ESTABLISHED,results/rc_product_response_factorial_v1/result.json,e9dae1e5837e72d3f38ba3e4473d0ff555b6ee90fadfbe3d3dbf64376759c0bf,/metrics/TRAIN/PRODUCT5/REAL,/actions/TRAIN/PRODUCT5/REAL,b9c8f700673c6d170db7dfb609870b6202cef1925212fdace0b1aca0ca80577d,PRODUCT_RESPONSE_FACTORIAL_INDEPENDENT_REEXECUTION_PASS,results/rc_product_response_factorial_v1/independent_validation.json,f91c01caac1824ceb8cde358a9c22f95b94fe0d846965b35815c66cc778ed3bb,results/rc_product_response_factorial_v1/parameters.json,019cfeac14575b97371f66f81e5ad6ec55ec321af502a0b9110e4cc207c79b43
rc_product_response_factorial_v1|TRAIN|REAL|RESPONSE6,rc_product_response_factorial_v1,RESPONSE6,native_feature_action_RESPONSE6,RESPONSE6,6,original_RAW_C128_matched_FULL64_native_action_bundle,TRAIN,REAL,original RAW full-gallery C128; no target insertion,128,FP64_complete_matrix_X@weight+bias,RoMa soft visibility x ColNomic full-reference image-token weighted MaxSim; RAW C128 all127 HOLD/SWITCH; original native feature subset=RESPONSE6,RAW_without_action,32,27,28,1,0,1,ORIGINAL7/REAL,28,0,0,0,TRAIN_DESCRIPTIVE,fixed_protocol_retrained_ablation,false,,false,PRODUCT_RESPONSE_FACTORIAL_INTERNAL_SIMPLIFICATION_NOT_ESTABLISHED,results/rc_product_response_factorial_v1/result.json,e9dae1e5837e72d3f38ba3e4473d0ff555b6ee90fadfbe3d3dbf64376759c0bf,/metrics/TRAIN/RESPONSE6/REAL,/actions/TRAIN/RESPONSE6/REAL,e63738222506d8b7838aaf1b426b05ce1137685646c133c2c10268f389491eed,PRODUCT_RESPONSE_FACTORIAL_INDEPENDENT_REEXECUTION_PASS,results/rc_product_response_factorial_v1/independent_validation.json,f91c01caac1824ceb8cde358a9c22f95b94fe0d846965b35815c66cc778ed3bb,results/rc_product_response_factorial_v1/parameters.json,019cfeac14575b97371f66f81e5ad6ec55ec321af502a0b9110e4cc207c79b43
rc_product_response_factorial_v1|TRAIN|REAL|ORIGINAL7,rc_product_response_factorial_v1,ORIGINAL7,native_feature_action_ORIGINAL7,ORIGINAL7,7,original_RAW_C128_matched_FULL64_native_action_bundle,TRAIN,REAL,original RAW full-gallery C128; no target insertion,128,FP64_complete_matrix_X@weight+bias,RoMa soft visibility x ColNomic full-reference image-token weighted MaxSim; RAW C128 all127 HOLD/SWITCH; original native feature subset=ORIGINAL7,RAW_without_action,32,27,28,1,0,1,ORIGINAL7/REAL,28,0,0,0,TRAIN_DESCRIPTIVE,validated_existing_head_replay,true,replay of an existing validated head on this bundle; not a new independent experiment,false,PRODUCT_RESPONSE_FACTORIAL_INTERNAL_SIMPLIFICATION_NOT_ESTABLISHED,results/rc_product_response_factorial_v1/result.json,e9dae1e5837e72d3f38ba3e4473d0ff555b6ee90fadfbe3d3dbf64376759c0bf,/metrics/TRAIN/ORIGINAL7/REAL,/actions/TRAIN/ORIGINAL7/REAL,1fbf353e3cf21720cc1c84e844ae1ecfc7d64aac46f9f1b5ba66f4d48029e45f,PRODUCT_RESPONSE_FACTORIAL_INDEPENDENT_REEXECUTION_PASS,results/rc_product_response_factorial_v1/independent_validation.json,f91c01caac1824ceb8cde358a9c22f95b94fe0d846965b35815c66cc778ed3bb,results/rc_product_response_factorial_v1/parameters.json,019cfeac14575b97371f66f81e5ad6ec55ec321af502a0b9110e4cc207c79b43
rc_product_response_factorial_v1|TRAIN|CBIND|JOINT4,rc_product_response_factorial_v1,JOINT4,native_feature_action_JOINT4,JOINT4,4,original_RAW_C128_matched_FULL64_native_action_bundle,TRAIN,CBIND,original RAW full-gallery C128; no target insertion,128,FP64_complete_matrix_X@weight+bias,RoMa soft visibility x ColNomic full-reference image-token weighted MaxSim; RAW C128 all127 HOLD/SWITCH; original native feature subset=JOINT4,RAW_without_action,32,27,21,0,6,-6,ORIGINAL7/CBIND,21,0,0,0,TRAIN_DESCRIPTIVE_CBIND_CONTROL,validated_existing_head_replay,true,replay of an existing validated head on this bundle; not a new independent experiment,false,PRODUCT_RESPONSE_FACTORIAL_INTERNAL_SIMPLIFICATION_NOT_ESTABLISHED,results/rc_product_response_factorial_v1/result.json,e9dae1e5837e72d3f38ba3e4473d0ff555b6ee90fadfbe3d3dbf64376759c0bf,/metrics/TRAIN/JOINT4/CBIND,/actions/TRAIN/JOINT4/CBIND,dd84181481a2d6b37c06889744e9c2a574e7ee3cd8cbd39ffe75f7169fb37fb3,PRODUCT_RESPONSE_FACTORIAL_INDEPENDENT_REEXECUTION_PASS,results/rc_product_response_factorial_v1/independent_validation.json,f91c01caac1824ceb8cde358a9c22f95b94fe0d846965b35815c66cc778ed3bb,results/rc_product_response_factorial_v1/parameters.json,019cfeac14575b97371f66f81e5ad6ec55ec321af502a0b9110e4cc207c79b43
rc_product_response_factorial_v1|TRAIN|CBIND|PRODUCT5,rc_product_response_factorial_v1,PRODUCT5,native_feature_action_PRODUCT5,PRODUCT5,5,original_RAW_C128_matched_FULL64_native_action_bundle,TRAIN,CBIND,original RAW full-gallery C128; no target insertion,128,FP64_complete_matrix_X@weight+bias,RoMa soft visibility x ColNomic full-reference image-token weighted MaxSim; RAW C128 all127 HOLD/SWITCH; original native feature subset=PRODUCT5,RAW_without_action,32,27,21,0,6,-6,ORIGINAL7/CBIND,21,0,0,0,TRAIN_DESCRIPTIVE_CBIND_CONTROL,fixed_protocol_retrained_ablation,false,,false,PRODUCT_RESPONSE_FACTORIAL_INTERNAL_SIMPLIFICATION_NOT_ESTABLISHED,results/rc_product_response_factorial_v1/result.json,e9dae1e5837e72d3f38ba3e4473d0ff555b6ee90fadfbe3d3dbf64376759c0bf,/metrics/TRAIN/PRODUCT5/CBIND,/actions/TRAIN/PRODUCT5/CBIND,32fd4a7952ffbb3bed0f37fa986a8547fd7a1fdb1822bf2649c09fa9eb39ba27,PRODUCT_RESPONSE_FACTORIAL_INDEPENDENT_REEXECUTION_PASS,results/rc_product_response_factorial_v1/independent_validation.json,f91c01caac1824ceb8cde358a9c22f95b94fe0d846965b35815c66cc778ed3bb,results/rc_product_response_factorial_v1/parameters.json,019cfeac14575b97371f66f81e5ad6ec55ec321af502a0b9110e4cc207c79b43
rc_product_response_factorial_v1|TRAIN|CBIND|RESPONSE6,rc_product_response_factorial_v1,RESPONSE6,native_feature_action_RESPONSE6,RESPONSE6,6,original_RAW_C128_matched_FULL64_native_action_bundle,TRAIN,CBIND,original RAW full-gallery C128; no target insertion,128,FP64_complete_matrix_X@weight+bias,RoMa soft visibility x ColNomic full-reference image-token weighted MaxSim; RAW C128 all127 HOLD/SWITCH; original native feature subset=RESPONSE6,RAW_without_action,32,27,20,0,7,-7,ORIGINAL7/CBIND,21,0,1,-1,TRAIN_DESCRIPTIVE_CBIND_CONTROL,fixed_protocol_retrained_ablation,false,,false,PRODUCT_RESPONSE_FACTORIAL_INTERNAL_SIMPLIFICATION_NOT_ESTABLISHED,results/rc_product_response_factorial_v1/result.json,e9dae1e5837e72d3f38ba3e4473d0ff555b6ee90fadfbe3d3dbf64376759c0bf,/metrics/TRAIN/RESPONSE6/CBIND,/actions/TRAIN/RESPONSE6/CBIND,534af181975b94fdd0a8a6d37ed6c4d129ec5eeec2b39ff1f8b1f0764bc7060a,PRODUCT_RESPONSE_FACTORIAL_INDEPENDENT_REEXECUTION_PASS,results/rc_product_response_factorial_v1/independent_validation.json,f91c01caac1824ceb8cde358a9c22f95b94fe0d846965b35815c66cc778ed3bb,results/rc_product_response_factorial_v1/parameters.json,019cfeac14575b97371f66f81e5ad6ec55ec321af502a0b9110e4cc207c79b43
rc_product_response_factorial_v1|TRAIN|CBIND|ORIGINAL7,rc_product_response_factorial_v1,ORIGINAL7,native_feature_action_ORIGINAL7,ORIGINAL7,7,original_RAW_C128_matched_FULL64_native_action_bundle,TRAIN,CBIND,original RAW full-gallery C128; no target insertion,128,FP64_complete_matrix_X@weight+bias,RoMa soft visibility x ColNomic full-reference image-token weighted MaxSim; RAW C128 all127 HOLD/SWITCH; original native feature subset=ORIGINAL7,RAW_without_action,32,27,21,0,6,-6,ORIGINAL7/CBIND,21,0,0,0,TRAIN_DESCRIPTIVE_CBIND_CONTROL,validated_existing_head_replay,true,replay of an existing validated head on this bundle; not a new independent experiment,false,PRODUCT_RESPONSE_FACTORIAL_INTERNAL_SIMPLIFICATION_NOT_ESTABLISHED,results/rc_product_response_factorial_v1/result.json,e9dae1e5837e72d3f38ba3e4473d0ff555b6ee90fadfbe3d3dbf64376759c0bf,/metrics/TRAIN/ORIGINAL7/CBIND,/actions/TRAIN/ORIGINAL7/CBIND,ee17c71fc26d8659ccaa64608f85541702048baf1e6df5d5a237cc3493a5bc3e,PRODUCT_RESPONSE_FACTORIAL_INDEPENDENT_REEXECUTION_PASS,results/rc_product_response_factorial_v1/independent_validation.json,f91c01caac1824ceb8cde358a9c22f95b94fe0d846965b35815c66cc778ed3bb,results/rc_product_response_factorial_v1/parameters.json,019cfeac14575b97371f66f81e5ad6ec55ec321af502a0b9110e4cc207c79b43
rc_product_response_factorial_v1|EVAL|REAL|JOINT4,rc_product_response_factorial_v1,JOINT4,native_feature_action_JOINT4,JOINT4,4,original_RAW_C128_matched_FULL64_native_action_bundle,EVAL,REAL,original RAW full-gallery C128; no target insertion,128,FP64_complete_matrix_X@weight+bias,RoMa soft visibility x ColNomic full-reference image-token weighted MaxSim; RAW C128 all127 HOLD/SWITCH; original native feature subset=JOINT4,RAW_without_action,32,25,26,2,1,1,ORIGINAL7/REAL,28,0,2,-2,OPENED_INTERNAL_EVAL,validated_existing_head_replay,true,replay of an existing validated head on this bundle; not a new independent experiment,false,PRODUCT_RESPONSE_FACTORIAL_INTERNAL_SIMPLIFICATION_NOT_ESTABLISHED,results/rc_product_response_factorial_v1/result.json,e9dae1e5837e72d3f38ba3e4473d0ff555b6ee90fadfbe3d3dbf64376759c0bf,/metrics/EVAL/JOINT4/REAL,/actions/EVAL/JOINT4/REAL,0b23e6e583cd45c337eef53e133d73d2d8792250efbfaf4bedfb4706ccdfbc33,PRODUCT_RESPONSE_FACTORIAL_INDEPENDENT_REEXECUTION_PASS,results/rc_product_response_factorial_v1/independent_validation.json,f91c01caac1824ceb8cde358a9c22f95b94fe0d846965b35815c66cc778ed3bb,results/rc_product_response_factorial_v1/parameters.json,019cfeac14575b97371f66f81e5ad6ec55ec321af502a0b9110e4cc207c79b43
rc_product_response_factorial_v1|EVAL|REAL|PRODUCT5,rc_product_response_factorial_v1,PRODUCT5,native_feature_action_PRODUCT5,PRODUCT5,5,original_RAW_C128_matched_FULL64_native_action_bundle,EVAL,REAL,original RAW full-gallery C128; no target insertion,128,FP64_complete_matrix_X@weight+bias,RoMa soft visibility x ColNomic full-reference image-token weighted MaxSim; RAW C128 all127 HOLD/SWITCH; original native feature subset=PRODUCT5,RAW_without_action,32,25,27,3,1,2,ORIGINAL7/REAL,28,0,1,-1,OPENED_INTERNAL_EVAL,fixed_protocol_retrained_ablation,false,,false,PRODUCT_RESPONSE_FACTORIAL_INTERNAL_SIMPLIFICATION_NOT_ESTABLISHED,results/rc_product_response_factorial_v1/result.json,e9dae1e5837e72d3f38ba3e4473d0ff555b6ee90fadfbe3d3dbf64376759c0bf,/metrics/EVAL/PRODUCT5/REAL,/actions/EVAL/PRODUCT5/REAL,3b8f7bdd4ec7f39c586df6e6794fd6d338b793dae2ec97cf1367c0e0a6d6d577,PRODUCT_RESPONSE_FACTORIAL_INDEPENDENT_REEXECUTION_PASS,results/rc_product_response_factorial_v1/independent_validation.json,f91c01caac1824ceb8cde358a9c22f95b94fe0d846965b35815c66cc778ed3bb,results/rc_product_response_factorial_v1/parameters.json,019cfeac14575b97371f66f81e5ad6ec55ec321af502a0b9110e4cc207c79b43
rc_product_response_factorial_v1|EVAL|REAL|RESPONSE6,rc_product_response_factorial_v1,RESPONSE6,native_feature_action_RESPONSE6,RESPONSE6,6,original_RAW_C128_matched_FULL64_native_action_bundle,EVAL,REAL,original RAW full-gallery C128; no target insertion,128,FP64_complete_matrix_X@weight+bias,RoMa soft visibility x ColNomic full-reference image-token weighted MaxSim; RAW C128 all127 HOLD/SWITCH; original native feature subset=RESPONSE6,RAW_without_action,32,25,26,2,1,1,ORIGINAL7/REAL,28,0,2,-2,OPENED_INTERNAL_EVAL,fixed_protocol_retrained_ablation,false,,false,PRODUCT_RESPONSE_FACTORIAL_INTERNAL_SIMPLIFICATION_NOT_ESTABLISHED,results/rc_product_response_factorial_v1/result.json,e9dae1e5837e72d3f38ba3e4473d0ff555b6ee90fadfbe3d3dbf64376759c0bf,/metrics/EVAL/RESPONSE6/REAL,/actions/EVAL/RESPONSE6/REAL,d8997beb169416ab5a9414eeb152731c63fcc26ba31c4d40fd663947e1937b91,PRODUCT_RESPONSE_FACTORIAL_INDEPENDENT_REEXECUTION_PASS,results/rc_product_response_factorial_v1/independent_validation.json,f91c01caac1824ceb8cde358a9c22f95b94fe0d846965b35815c66cc778ed3bb,results/rc_product_response_factorial_v1/parameters.json,019cfeac14575b97371f66f81e5ad6ec55ec321af502a0b9110e4cc207c79b43
rc_product_response_factorial_v1|EVAL|REAL|ORIGINAL7,rc_product_response_factorial_v1,ORIGINAL7,native_feature_action_ORIGINAL7,ORIGINAL7,7,original_RAW_C128_matched_FULL64_native_action_bundle,EVAL,REAL,original RAW full-gallery C128; no target insertion,128,FP64_complete_matrix_X@weight+bias,RoMa soft visibility x ColNomic full-reference image-token weighted MaxSim; RAW C128 all127 HOLD/SWITCH; original native feature subset=ORIGINAL7,RAW_without_action,32,25,28,3,0,3,ORIGINAL7/REAL,28,0,0,0,OPENED_INTERNAL_EVAL,validated_existing_head_replay,true,replay of an existing validated head on this bundle; not a new independent experiment,false,PRODUCT_RESPONSE_FACTORIAL_INTERNAL_SIMPLIFICATION_NOT_ESTABLISHED,results/rc_product_response_factorial_v1/result.json,e9dae1e5837e72d3f38ba3e4473d0ff555b6ee90fadfbe3d3dbf64376759c0bf,/metrics/EVAL/ORIGINAL7/REAL,/actions/EVAL/ORIGINAL7/REAL,bedd10316891d8996fd9cf7bb9219cdb6e3878a12de0022ed3178d3c1f67eed9,PRODUCT_RESPONSE_FACTORIAL_INDEPENDENT_REEXECUTION_PASS,results/rc_product_response_factorial_v1/independent_validation.json,f91c01caac1824ceb8cde358a9c22f95b94fe0d846965b35815c66cc778ed3bb,results/rc_product_response_factorial_v1/parameters.json,019cfeac14575b97371f66f81e5ad6ec55ec321af502a0b9110e4cc207c79b43
rc_product_response_factorial_v1|EVAL|CBIND|JOINT4,rc_product_response_factorial_v1,JOINT4,native_feature_action_JOINT4,JOINT4,4,original_RAW_C128_matched_FULL64_native_action_bundle,EVAL,CBIND,original RAW full-gallery C128; no target insertion,128,FP64_complete_matrix_X@weight+bias,RoMa soft visibility x ColNomic full-reference image-token weighted MaxSim; RAW C128 all127 HOLD/SWITCH; original native feature subset=JOINT4,RAW_without_action,32,25,20,0,5,-5,ORIGINAL7/CBIND,20,0,0,0,OPENED_INTERNAL_EVAL_CBIND_CONTROL,validated_existing_head_replay,true,replay of an existing validated head on this bundle; not a new independent experiment,false,PRODUCT_RESPONSE_FACTORIAL_INTERNAL_SIMPLIFICATION_NOT_ESTABLISHED,results/rc_product_response_factorial_v1/result.json,e9dae1e5837e72d3f38ba3e4473d0ff555b6ee90fadfbe3d3dbf64376759c0bf,/metrics/EVAL/JOINT4/CBIND,/actions/EVAL/JOINT4/CBIND,e3022e905ad581869e1ac3a4399a7b38dd249c40971b2a906d05193f3e1e94fe,PRODUCT_RESPONSE_FACTORIAL_INDEPENDENT_REEXECUTION_PASS,results/rc_product_response_factorial_v1/independent_validation.json,f91c01caac1824ceb8cde358a9c22f95b94fe0d846965b35815c66cc778ed3bb,results/rc_product_response_factorial_v1/parameters.json,019cfeac14575b97371f66f81e5ad6ec55ec321af502a0b9110e4cc207c79b43
rc_product_response_factorial_v1|EVAL|CBIND|PRODUCT5,rc_product_response_factorial_v1,PRODUCT5,native_feature_action_PRODUCT5,PRODUCT5,5,original_RAW_C128_matched_FULL64_native_action_bundle,EVAL,CBIND,original RAW full-gallery C128; no target insertion,128,FP64_complete_matrix_X@weight+bias,RoMa soft visibility x ColNomic full-reference image-token weighted MaxSim; RAW C128 all127 HOLD/SWITCH; original native feature subset=PRODUCT5,RAW_without_action,32,25,20,0,5,-5,ORIGINAL7/CBIND,20,0,0,0,OPENED_INTERNAL_EVAL_CBIND_CONTROL,fixed_protocol_retrained_ablation,false,,false,PRODUCT_RESPONSE_FACTORIAL_INTERNAL_SIMPLIFICATION_NOT_ESTABLISHED,results/rc_product_response_factorial_v1/result.json,e9dae1e5837e72d3f38ba3e4473d0ff555b6ee90fadfbe3d3dbf64376759c0bf,/metrics/EVAL/PRODUCT5/CBIND,/actions/EVAL/PRODUCT5/CBIND,079c4ae9d9e51e6811d950a89b199665e37d4e39c999af34b717ee8f070213ae,PRODUCT_RESPONSE_FACTORIAL_INDEPENDENT_REEXECUTION_PASS,results/rc_product_response_factorial_v1/independent_validation.json,f91c01caac1824ceb8cde358a9c22f95b94fe0d846965b35815c66cc778ed3bb,results/rc_product_response_factorial_v1/parameters.json,019cfeac14575b97371f66f81e5ad6ec55ec321af502a0b9110e4cc207c79b43
rc_product_response_factorial_v1|EVAL|CBIND|RESPONSE6,rc_product_response_factorial_v1,RESPONSE6,native_feature_action_RESPONSE6,RESPONSE6,6,original_RAW_C128_matched_FULL64_native_action_bundle,EVAL,CBIND,original RAW full-gallery C128; no target insertion,128,FP64_complete_matrix_X@weight+bias,RoMa soft visibility x ColNomic full-reference image-token weighted MaxSim; RAW C128 all127 HOLD/SWITCH; original native feature subset=RESPONSE6,RAW_without_action,32,25,20,0,5,-5,ORIGINAL7/CBIND,20,0,0,0,OPENED_INTERNAL_EVAL_CBIND_CONTROL,fixed_protocol_retrained_ablation,false,,false,PRODUCT_RESPONSE_FACTORIAL_INTERNAL_SIMPLIFICATION_NOT_ESTABLISHED,results/rc_product_response_factorial_v1/result.json,e9dae1e5837e72d3f38ba3e4473d0ff555b6ee90fadfbe3d3dbf64376759c0bf,/metrics/EVAL/RESPONSE6/CBIND,/actions/EVAL/RESPONSE6/CBIND,0c267690138e3fccf458857cf174e3d5c02e0efd9f051e7897dd1d4c0c7dcbaf,PRODUCT_RESPONSE_FACTORIAL_INDEPENDENT_REEXECUTION_PASS,results/rc_product_response_factorial_v1/independent_validation.json,f91c01caac1824ceb8cde358a9c22f95b94fe0d846965b35815c66cc778ed3bb,results/rc_product_response_factorial_v1/parameters.json,019cfeac14575b97371f66f81e5ad6ec55ec321af502a0b9110e4cc207c79b43
rc_product_response_factorial_v1|EVAL|CBIND|ORIGINAL7,rc_product_response_factorial_v1,ORIGINAL7,native_feature_action_ORIGINAL7,ORIGINAL7,7,original_RAW_C128_matched_FULL64_native_action_bundle,EVAL,CBIND,original RAW full-gallery C128; no target insertion,128,FP64_complete_matrix_X@weight+bias,RoMa soft visibility x ColNomic full-reference image-token weighted MaxSim; RAW C128 all127 HOLD/SWITCH; original native feature subset=ORIGINAL7,RAW_without_action,32,25,20,0,5,-5,ORIGINAL7/CBIND,20,0,0,0,OPENED_INTERNAL_EVAL_CBIND_CONTROL,validated_existing_head_replay,true,replay of an existing validated head on this bundle; not a new independent experiment,false,PRODUCT_RESPONSE_FACTORIAL_INTERNAL_SIMPLIFICATION_NOT_ESTABLISHED,results/rc_product_response_factorial_v1/result.json,e9dae1e5837e72d3f38ba3e4473d0ff555b6ee90fadfbe3d3dbf64376759c0bf,/metrics/EVAL/ORIGINAL7/CBIND,/actions/EVAL/ORIGINAL7/CBIND,5dcef334fb89db2127869e9d8b11104e43e50f60f33451977393b93cd02ce612,PRODUCT_RESPONSE_FACTORIAL_INDEPENDENT_REEXECUTION_PASS,results/rc_product_response_factorial_v1/independent_validation.json,f91c01caac1824ceb8cde358a9c22f95b94fe0d846965b35815c66cc778ed3bb,results/rc_product_response_factorial_v1/parameters.json,019cfeac14575b97371f66f81e5ad6ec55ec321af502a0b9110e4cc207c79b43
rc_frozen_group_effect_native64_v1|TRAIN|REAL|ORIGINAL7,rc_frozen_group_effect_native64_v1,ORIGINAL7,NATIVE7_original_fixed_head,ORIGINAL7,7,original_RAW_C128_matched_FULL64_native_action_bundle,TRAIN,REAL,original RAW full-gallery C128; no target insertion,128,FP64_complete_matrix_X@weight+bias,RoMa soft visibility x ColNomic full-reference image-token weighted MaxSim; RAW C128 all127 HOLD/SWITCH; fixed group intervention or already fitted subset replay=ORIGINAL7,RAW_without_action,32,27,28,1,0,1,ORIGINAL7/REAL,28,0,0,0,TRAIN_DESCRIPTIVE,validated_existing_head_replay,true,replay of an existing validated head on this bundle; not a new independent experiment,false,FROZEN_NATIVE64_GROUP_EFFECT_DECOMPOSITION_COMPLETE,results/rc_frozen_group_effect_native64_v1/result.json,eebbd6e9b15be6181ed375f04f6c8cbc7a985f5f871073c41b29c1f03a5975fe,/metrics/TRAIN/REAL/ORIGINAL7,/actions/TRAIN/REAL/ORIGINAL7,f444f8ad12d4b9a4f4e8850338fe49f111c1fe281b9c74b56726a08b56396c4a,FROZEN_NATIVE64_GROUP_EFFECT_FRESH_REEXECUTION_PASS,results/rc_frozen_group_effect_native64_v1/independent_validation.json,c0d4fd6e729d3e23e36fc3b2533cb92da823c33931569a740c88539f1e2445cd,results/rc_frozen_group_effect_native64_v1/frozen_parameters.json,019cfeac14575b97371f66f81e5ad6ec55ec321af502a0b9110e4cc207c79b43
rc_frozen_group_effect_native64_v1|TRAIN|REAL|DROP_S,rc_frozen_group_effect_native64_v1,DROP_S,NATIVE7_original_fixed_head,DROP_S,7,original_RAW_C128_matched_FULL64_native_action_bundle,TRAIN,REAL,original RAW full-gallery C128; no target insertion,128,FP64_complete_matrix_X@weight+bias,RoMa soft visibility x ColNomic full-reference image-token weighted MaxSim; RAW C128 all127 HOLD/SWITCH; fixed group intervention or already fitted subset replay=DROP_S,RAW_without_action,32,27,26,1,2,-1,ORIGINAL7/REAL,28,0,2,-2,TRAIN_DESCRIPTIVE_FROZEN_COUNTERFACTUAL,frozen_computation_counterfactual,false,,false,FROZEN_NATIVE64_GROUP_EFFECT_DECOMPOSITION_COMPLETE,results/rc_frozen_group_effect_native64_v1/result.json,eebbd6e9b15be6181ed375f04f6c8cbc7a985f5f871073c41b29c1f03a5975fe,/metrics/TRAIN/REAL/DROP_S,/actions/TRAIN/REAL/DROP_S,cd09285a3e2f78ae07b22b6caf52537db2ab1cd0209180ad4e5d164e3086da2f,FROZEN_NATIVE64_GROUP_EFFECT_FRESH_REEXECUTION_PASS,results/rc_frozen_group_effect_native64_v1/independent_validation.json,c0d4fd6e729d3e23e36fc3b2533cb92da823c33931569a740c88539f1e2445cd,results/rc_frozen_group_effect_native64_v1/frozen_parameters.json,019cfeac14575b97371f66f81e5ad6ec55ec321af502a0b9110e4cc207c79b43
rc_frozen_group_effect_native64_v1|TRAIN|REAL|DROP_QR,rc_frozen_group_effect_native64_v1,DROP_QR,NATIVE7_original_fixed_head,DROP_QR,7,original_RAW_C128_matched_FULL64_native_action_bundle,TRAIN,REAL,original RAW full-gallery C128; no target insertion,128,FP64_complete_matrix_X@weight+bias,RoMa soft visibility x ColNomic full-reference image-token weighted MaxSim; RAW C128 all127 HOLD/SWITCH; fixed group intervention or already fitted subset replay=DROP_QR,RAW_without_action,32,27,28,1,0,1,ORIGINAL7/REAL,28,0,0,0,TRAIN_DESCRIPTIVE_FROZEN_COUNTERFACTUAL,frozen_computation_counterfactual,false,,false,FROZEN_NATIVE64_GROUP_EFFECT_DECOMPOSITION_COMPLETE,results/rc_frozen_group_effect_native64_v1/result.json,eebbd6e9b15be6181ed375f04f6c8cbc7a985f5f871073c41b29c1f03a5975fe,/metrics/TRAIN/REAL/DROP_QR,/actions/TRAIN/REAL/DROP_QR,d93499b93856d815f2ec7340b8baf892b16ea9fd516e33647d55660cfdabb68e,FROZEN_NATIVE64_GROUP_EFFECT_FRESH_REEXECUTION_PASS,results/rc_frozen_group_effect_native64_v1/independent_validation.json,c0d4fd6e729d3e23e36fc3b2533cb92da823c33931569a740c88539f1e2445cd,results/rc_frozen_group_effect_native64_v1/frozen_parameters.json,019cfeac14575b97371f66f81e5ad6ec55ec321af502a0b9110e4cc207c79b43
rc_frozen_group_effect_native64_v1|TRAIN|REAL|DROP_S_QR,rc_frozen_group_effect_native64_v1,DROP_S_QR,NATIVE7_original_fixed_head,DROP_S_QR,7,original_RAW_C128_matched_FULL64_native_action_bundle,TRAIN,REAL,original RAW full-gallery C128; no target insertion,128,FP64_complete_matrix_X@weight+bias,RoMa soft visibility x ColNomic full-reference image-token weighted MaxSim; RAW C128 all127 HOLD/SWITCH; fixed group intervention or already fitted subset replay=DROP_S_QR,RAW_without_action,32,27,26,1,2,-1,ORIGINAL7/REAL,28,0,2,-2,TRAIN_DESCRIPTIVE_FROZEN_COUNTERFACTUAL,frozen_computation_counterfactual,false,,false,FROZEN_NATIVE64_GROUP_EFFECT_DECOMPOSITION_COMPLETE,results/rc_frozen_group_effect_native64_v1/result.json,eebbd6e9b15be6181ed375f04f6c8cbc7a985f5f871073c41b29c1f03a5975fe,/metrics/TRAIN/REAL/DROP_S_QR,/actions/TRAIN/REAL/DROP_S_QR,a6ad9d874dc38d82760906057e952e30fbf2b21ee0a6b3f0864ed6375a0f8e54,FROZEN_NATIVE64_GROUP_EFFECT_FRESH_REEXECUTION_PASS,results/rc_frozen_group_effect_native64_v1/independent_validation.json,c0d4fd6e729d3e23e36fc3b2533cb92da823c33931569a740c88539f1e2445cd,results/rc_frozen_group_effect_native64_v1/frozen_parameters.json,019cfeac14575b97371f66f81e5ad6ec55ec321af502a0b9110e4cc207c79b43
rc_frozen_group_effect_native64_v1|TRAIN|REAL|REFIT_RESPONSE6,rc_frozen_group_effect_native64_v1,REFIT_RESPONSE6,native_feature_subset_RESPONSE6,REFIT_RESPONSE6,6,original_RAW_C128_matched_FULL64_native_action_bundle,TRAIN,REAL,original RAW full-gallery C128; no target insertion,128,FP64_complete_matrix_X@weight+bias,RoMa soft visibility x ColNomic full-reference image-token weighted MaxSim; RAW C128 all127 HOLD/SWITCH; fixed group intervention or already fitted subset replay=REFIT_RESPONSE6,RAW_without_action,32,27,28,1,0,1,ORIGINAL7/REAL,28,0,0,0,TRAIN_DESCRIPTIVE,validated_existing_head_replay,true,replay of an existing validated head on this bundle; not a new independent experiment,false,FROZEN_NATIVE64_GROUP_EFFECT_DECOMPOSITION_COMPLETE,results/rc_frozen_group_effect_native64_v1/result.json,eebbd6e9b15be6181ed375f04f6c8cbc7a985f5f871073c41b29c1f03a5975fe,/metrics/TRAIN/REAL/REFIT_RESPONSE6,/actions/TRAIN/REAL/REFIT_RESPONSE6,fc70016919e4a2353a5efe462d0a1052e264ab991e30ac014e42158084730cff,FROZEN_NATIVE64_GROUP_EFFECT_FRESH_REEXECUTION_PASS,results/rc_frozen_group_effect_native64_v1/independent_validation.json,c0d4fd6e729d3e23e36fc3b2533cb92da823c33931569a740c88539f1e2445cd,results/rc_frozen_group_effect_native64_v1/frozen_parameters.json,019cfeac14575b97371f66f81e5ad6ec55ec321af502a0b9110e4cc207c79b43
rc_frozen_group_effect_native64_v1|TRAIN|REAL|REFIT_PRODUCT5,rc_frozen_group_effect_native64_v1,REFIT_PRODUCT5,native_feature_subset_PRODUCT5,REFIT_PRODUCT5,5,original_RAW_C128_matched_FULL64_native_action_bundle,TRAIN,REAL,original RAW full-gallery C128; no target insertion,128,FP64_complete_matrix_X@weight+bias,RoMa soft visibility x ColNomic full-reference image-token weighted MaxSim; RAW C128 all127 HOLD/SWITCH; fixed group intervention or already fitted subset replay=REFIT_PRODUCT5,RAW_without_action,32,27,28,1,0,1,ORIGINAL7/REAL,28,0,0,0,TRAIN_DESCRIPTIVE,validated_existing_head_replay,true,replay of an existing validated head on this bundle; not a new independent experiment,false,FROZEN_NATIVE64_GROUP_EFFECT_DECOMPOSITION_COMPLETE,results/rc_frozen_group_effect_native64_v1/result.json,eebbd6e9b15be6181ed375f04f6c8cbc7a985f5f871073c41b29c1f03a5975fe,/metrics/TRAIN/REAL/REFIT_PRODUCT5,/actions/TRAIN/REAL/REFIT_PRODUCT5,80b4419700ce6452b69297cfc24a5c622a469458aa3880d3336247a665a8a5d8,FROZEN_NATIVE64_GROUP_EFFECT_FRESH_REEXECUTION_PASS,results/rc_frozen_group_effect_native64_v1/independent_validation.json,c0d4fd6e729d3e23e36fc3b2533cb92da823c33931569a740c88539f1e2445cd,results/rc_frozen_group_effect_native64_v1/frozen_parameters.json,019cfeac14575b97371f66f81e5ad6ec55ec321af502a0b9110e4cc207c79b43
rc_frozen_group_effect_native64_v1|TRAIN|REAL|REFIT_JOINT4,rc_frozen_group_effect_native64_v1,REFIT_JOINT4,native_feature_subset_JOINT4,REFIT_JOINT4,4,original_RAW_C128_matched_FULL64_native_action_bundle,TRAIN,REAL,original RAW full-gallery C128; no target insertion,128,FP64_complete_matrix_X@weight+bias,RoMa soft visibility x ColNomic full-reference image-token weighted MaxSim; RAW C128 all127 HOLD/SWITCH; fixed group intervention or already fitted subset replay=REFIT_JOINT4,RAW_without_action,32,27,28,1,0,1,ORIGINAL7/REAL,28,0,0,0,TRAIN_DESCRIPTIVE,validated_existing_head_replay,true,replay of an existing validated head on this bundle; not a new independent experiment,false,FROZEN_NATIVE64_GROUP_EFFECT_DECOMPOSITION_COMPLETE,results/rc_frozen_group_effect_native64_v1/result.json,eebbd6e9b15be6181ed375f04f6c8cbc7a985f5f871073c41b29c1f03a5975fe,/metrics/TRAIN/REAL/REFIT_JOINT4,/actions/TRAIN/REAL/REFIT_JOINT4,f89d618ad51138a2b68e385d3e84c2693e43bff88613a332c2a8e4854a23103a,FROZEN_NATIVE64_GROUP_EFFECT_FRESH_REEXECUTION_PASS,results/rc_frozen_group_effect_native64_v1/independent_validation.json,c0d4fd6e729d3e23e36fc3b2533cb92da823c33931569a740c88539f1e2445cd,results/rc_frozen_group_effect_native64_v1/frozen_parameters.json,019cfeac14575b97371f66f81e5ad6ec55ec321af502a0b9110e4cc207c79b43
rc_frozen_group_effect_native64_v1|TRAIN|CBIND|ORIGINAL7,rc_frozen_group_effect_native64_v1,ORIGINAL7,NATIVE7_original_fixed_head,ORIGINAL7,7,original_RAW_C128_matched_FULL64_native_action_bundle,TRAIN,CBIND,original RAW full-gallery C128; no target insertion,128,FP64_complete_matrix_X@weight+bias,RoMa soft visibility x ColNomic full-reference image-token weighted MaxSim; RAW C128 all127 HOLD/SWITCH; fixed group intervention or already fitted subset replay=ORIGINAL7,RAW_without_action,32,27,21,0,6,-6,ORIGINAL7/CBIND,21,0,0,0,TRAIN_DESCRIPTIVE_CBIND_CONTROL,validated_existing_head_replay,true,replay of an existing validated head on this bundle; not a new independent experiment,false,FROZEN_NATIVE64_GROUP_EFFECT_DECOMPOSITION_COMPLETE,results/rc_frozen_group_effect_native64_v1/result.json,eebbd6e9b15be6181ed375f04f6c8cbc7a985f5f871073c41b29c1f03a5975fe,/metrics/TRAIN/CBIND/ORIGINAL7,/actions/TRAIN/CBIND/ORIGINAL7,71ac07c571f60c8364a4925ef9b7f7f0cd0e3460822915427bb043d81cde872d,FROZEN_NATIVE64_GROUP_EFFECT_FRESH_REEXECUTION_PASS,results/rc_frozen_group_effect_native64_v1/independent_validation.json,c0d4fd6e729d3e23e36fc3b2533cb92da823c33931569a740c88539f1e2445cd,results/rc_frozen_group_effect_native64_v1/frozen_parameters.json,019cfeac14575b97371f66f81e5ad6ec55ec321af502a0b9110e4cc207c79b43
rc_frozen_group_effect_native64_v1|TRAIN|CBIND|DROP_S,rc_frozen_group_effect_native64_v1,DROP_S,NATIVE7_original_fixed_head,DROP_S,7,original_RAW_C128_matched_FULL64_native_action_bundle,TRAIN,CBIND,original RAW full-gallery C128; no target insertion,128,FP64_complete_matrix_X@weight+bias,RoMa soft visibility x ColNomic full-reference image-token weighted MaxSim; RAW C128 all127 HOLD/SWITCH; fixed group intervention or already fitted subset replay=DROP_S,RAW_without_action,32,27,12,0,15,-15,ORIGINAL7/CBIND,21,0,9,-9,TRAIN_DESCRIPTIVE_FROZEN_COUNTERFACTUAL_CBIND_CONTROL,frozen_computation_counterfactual,false,,false,FROZEN_NATIVE64_GROUP_EFFECT_DECOMPOSITION_COMPLETE,results/rc_frozen_group_effect_native64_v1/result.json,eebbd6e9b15be6181ed375f04f6c8cbc7a985f5f871073c41b29c1f03a5975fe,/metrics/TRAIN/CBIND/DROP_S,/actions/TRAIN/CBIND/DROP_S,bc416bdab6d5df476389dd666636a5e91ef6b30b868783d2da0bb92f09d9f57d,FROZEN_NATIVE64_GROUP_EFFECT_FRESH_REEXECUTION_PASS,results/rc_frozen_group_effect_native64_v1/independent_validation.json,c0d4fd6e729d3e23e36fc3b2533cb92da823c33931569a740c88539f1e2445cd,results/rc_frozen_group_effect_native64_v1/frozen_parameters.json,019cfeac14575b97371f66f81e5ad6ec55ec321af502a0b9110e4cc207c79b43
rc_frozen_group_effect_native64_v1|TRAIN|CBIND|DROP_QR,rc_frozen_group_effect_native64_v1,DROP_QR,NATIVE7_original_fixed_head,DROP_QR,7,original_RAW_C128_matched_FULL64_native_action_bundle,TRAIN,CBIND,original RAW full-gallery C128; no target insertion,128,FP64_complete_matrix_X@weight+bias,RoMa soft visibility x ColNomic full-reference image-token weighted MaxSim; RAW C128 all127 HOLD/SWITCH; fixed group intervention or already fitted subset replay=DROP_QR,RAW_without_action,32,27,21,0,6,-6,ORIGINAL7/CBIND,21,0,0,0,TRAIN_DESCRIPTIVE_FROZEN_COUNTERFACTUAL_CBIND_CONTROL,frozen_computation_counterfactual,false,,false,FROZEN_NATIVE64_GROUP_EFFECT_DECOMPOSITION_COMPLETE,results/rc_frozen_group_effect_native64_v1/result.json,eebbd6e9b15be6181ed375f04f6c8cbc7a985f5f871073c41b29c1f03a5975fe,/metrics/TRAIN/CBIND/DROP_QR,/actions/TRAIN/CBIND/DROP_QR,cab254993fa7d88c879f93412dc90bea600747cad2ccbcc229dd7afd8ad1319d,FROZEN_NATIVE64_GROUP_EFFECT_FRESH_REEXECUTION_PASS,results/rc_frozen_group_effect_native64_v1/independent_validation.json,c0d4fd6e729d3e23e36fc3b2533cb92da823c33931569a740c88539f1e2445cd,results/rc_frozen_group_effect_native64_v1/frozen_parameters.json,019cfeac14575b97371f66f81e5ad6ec55ec321af502a0b9110e4cc207c79b43
rc_frozen_group_effect_native64_v1|TRAIN|CBIND|DROP_S_QR,rc_frozen_group_effect_native64_v1,DROP_S_QR,NATIVE7_original_fixed_head,DROP_S_QR,7,original_RAW_C128_matched_FULL64_native_action_bundle,TRAIN,CBIND,original RAW full-gallery C128; no target insertion,128,FP64_complete_matrix_X@weight+bias,RoMa soft visibility x ColNomic full-reference image-token weighted MaxSim; RAW C128 all127 HOLD/SWITCH; fixed group intervention or already fitted subset replay=DROP_S_QR,RAW_without_action,32,27,11,0,16,-16,ORIGINAL7/CBIND,21,0,10,-10,TRAIN_DESCRIPTIVE_FROZEN_COUNTERFACTUAL_CBIND_CONTROL,frozen_computation_counterfactual,false,,false,FROZEN_NATIVE64_GROUP_EFFECT_DECOMPOSITION_COMPLETE,results/rc_frozen_group_effect_native64_v1/result.json,eebbd6e9b15be6181ed375f04f6c8cbc7a985f5f871073c41b29c1f03a5975fe,/metrics/TRAIN/CBIND/DROP_S_QR,/actions/TRAIN/CBIND/DROP_S_QR,786cfe3286b8a7b98622c6d19e3b940a2f417888bf194efaa62344a284f94fa0,FROZEN_NATIVE64_GROUP_EFFECT_FRESH_REEXECUTION_PASS,results/rc_frozen_group_effect_native64_v1/independent_validation.json,c0d4fd6e729d3e23e36fc3b2533cb92da823c33931569a740c88539f1e2445cd,results/rc_frozen_group_effect_native64_v1/frozen_parameters.json,019cfeac14575b97371f66f81e5ad6ec55ec321af502a0b9110e4cc207c79b43
rc_frozen_group_effect_native64_v1|TRAIN|CBIND|REFIT_RESPONSE6,rc_frozen_group_effect_native64_v1,REFIT_RESPONSE6,native_feature_subset_RESPONSE6,REFIT_RESPONSE6,6,original_RAW_C128_matched_FULL64_native_action_bundle,TRAIN,CBIND,original RAW full-gallery C128; no target insertion,128,FP64_complete_matrix_X@weight+bias,RoMa soft visibility x ColNomic full-reference image-token weighted MaxSim; RAW C128 all127 HOLD/SWITCH; fixed group intervention or already fitted subset replay=REFIT_RESPONSE6,RAW_without_action,32,27,20,0,7,-7,ORIGINAL7/CBIND,21,0,1,-1,TRAIN_DESCRIPTIVE_CBIND_CONTROL,validated_existing_head_replay,true,replay of an existing validated head on this bundle; not a new independent experiment,false,FROZEN_NATIVE64_GROUP_EFFECT_DECOMPOSITION_COMPLETE,results/rc_frozen_group_effect_native64_v1/result.json,eebbd6e9b15be6181ed375f04f6c8cbc7a985f5f871073c41b29c1f03a5975fe,/metrics/TRAIN/CBIND/REFIT_RESPONSE6,/actions/TRAIN/CBIND/REFIT_RESPONSE6,2cea798cdb0d5fa1c5eca867fdb7447ad8835b8bd8b441347ff6f5f4d4904cc0,FROZEN_NATIVE64_GROUP_EFFECT_FRESH_REEXECUTION_PASS,results/rc_frozen_group_effect_native64_v1/independent_validation.json,c0d4fd6e729d3e23e36fc3b2533cb92da823c33931569a740c88539f1e2445cd,results/rc_frozen_group_effect_native64_v1/frozen_parameters.json,019cfeac14575b97371f66f81e5ad6ec55ec321af502a0b9110e4cc207c79b43
rc_frozen_group_effect_native64_v1|TRAIN|CBIND|REFIT_PRODUCT5,rc_frozen_group_effect_native64_v1,REFIT_PRODUCT5,native_feature_subset_PRODUCT5,REFIT_PRODUCT5,5,original_RAW_C128_matched_FULL64_native_action_bundle,TRAIN,CBIND,original RAW full-gallery C128; no target insertion,128,FP64_complete_matrix_X@weight+bias,RoMa soft visibility x ColNomic full-reference image-token weighted MaxSim; RAW C128 all127 HOLD/SWITCH; fixed group intervention or already fitted subset replay=REFIT_PRODUCT5,RAW_without_action,32,27,21,0,6,-6,ORIGINAL7/CBIND,21,0,0,0,TRAIN_DESCRIPTIVE_CBIND_CONTROL,validated_existing_head_replay,true,replay of an existing validated head on this bundle; not a new independent experiment,false,FROZEN_NATIVE64_GROUP_EFFECT_DECOMPOSITION_COMPLETE,results/rc_frozen_group_effect_native64_v1/result.json,eebbd6e9b15be6181ed375f04f6c8cbc7a985f5f871073c41b29c1f03a5975fe,/metrics/TRAIN/CBIND/REFIT_PRODUCT5,/actions/TRAIN/CBIND/REFIT_PRODUCT5,6c5a8120515588dacb25db42a36a18ab40bfb689b3a9f6fd53650d55307022dd,FROZEN_NATIVE64_GROUP_EFFECT_FRESH_REEXECUTION_PASS,results/rc_frozen_group_effect_native64_v1/independent_validation.json,c0d4fd6e729d3e23e36fc3b2533cb92da823c33931569a740c88539f1e2445cd,results/rc_frozen_group_effect_native64_v1/frozen_parameters.json,019cfeac14575b97371f66f81e5ad6ec55ec321af502a0b9110e4cc207c79b43
rc_frozen_group_effect_native64_v1|TRAIN|CBIND|REFIT_JOINT4,rc_frozen_group_effect_native64_v1,REFIT_JOINT4,native_feature_subset_JOINT4,REFIT_JOINT4,4,original_RAW_C128_matched_FULL64_native_action_bundle,TRAIN,CBIND,original RAW full-gallery C128; no target insertion,128,FP64_complete_matrix_X@weight+bias,RoMa soft visibility x ColNomic full-reference image-token weighted MaxSim; RAW C128 all127 HOLD/SWITCH; fixed group intervention or already fitted subset replay=REFIT_JOINT4,RAW_without_action,32,27,21,0,6,-6,ORIGINAL7/CBIND,21,0,0,0,TRAIN_DESCRIPTIVE_CBIND_CONTROL,validated_existing_head_replay,true,replay of an existing validated head on this bundle; not a new independent experiment,false,FROZEN_NATIVE64_GROUP_EFFECT_DECOMPOSITION_COMPLETE,results/rc_frozen_group_effect_native64_v1/result.json,eebbd6e9b15be6181ed375f04f6c8cbc7a985f5f871073c41b29c1f03a5975fe,/metrics/TRAIN/CBIND/REFIT_JOINT4,/actions/TRAIN/CBIND/REFIT_JOINT4,64ee0f5bc1fbf7942ef71777ad299d8a0a2e7b3fce501480f16a26763d688d72,FROZEN_NATIVE64_GROUP_EFFECT_FRESH_REEXECUTION_PASS,results/rc_frozen_group_effect_native64_v1/independent_validation.json,c0d4fd6e729d3e23e36fc3b2533cb92da823c33931569a740c88539f1e2445cd,results/rc_frozen_group_effect_native64_v1/frozen_parameters.json,019cfeac14575b97371f66f81e5ad6ec55ec321af502a0b9110e4cc207c79b43
rc_frozen_group_effect_native64_v1|EVAL|REAL|ORIGINAL7,rc_frozen_group_effect_native64_v1,ORIGINAL7,NATIVE7_original_fixed_head,ORIGINAL7,7,original_RAW_C128_matched_FULL64_native_action_bundle,EVAL,REAL,original RAW full-gallery C128; no target insertion,128,FP64_complete_matrix_X@weight+bias,RoMa soft visibility x ColNomic full-reference image-token weighted MaxSim; RAW C128 all127 HOLD/SWITCH; fixed group intervention or already fitted subset replay=ORIGINAL7,RAW_without_action,32,25,28,3,0,3,ORIGINAL7/REAL,28,0,0,0,OPENED_INTERNAL_EVAL,validated_existing_head_replay,true,replay of an existing validated head on this bundle; not a new independent experiment,false,FROZEN_NATIVE64_GROUP_EFFECT_DECOMPOSITION_COMPLETE,results/rc_frozen_group_effect_native64_v1/result.json,eebbd6e9b15be6181ed375f04f6c8cbc7a985f5f871073c41b29c1f03a5975fe,/metrics/EVAL/REAL/ORIGINAL7,/actions/EVAL/REAL/ORIGINAL7,bdb5f2599aaa36b52fc41589ae0c3e3bea28505b4bb78d19400d269d06c55f1c,FROZEN_NATIVE64_GROUP_EFFECT_FRESH_REEXECUTION_PASS,results/rc_frozen_group_effect_native64_v1/independent_validation.json,c0d4fd6e729d3e23e36fc3b2533cb92da823c33931569a740c88539f1e2445cd,results/rc_frozen_group_effect_native64_v1/frozen_parameters.json,019cfeac14575b97371f66f81e5ad6ec55ec321af502a0b9110e4cc207c79b43
rc_frozen_group_effect_native64_v1|EVAL|REAL|DROP_S,rc_frozen_group_effect_native64_v1,DROP_S,NATIVE7_original_fixed_head,DROP_S,7,original_RAW_C128_matched_FULL64_native_action_bundle,EVAL,REAL,original RAW full-gallery C128; no target insertion,128,FP64_complete_matrix_X@weight+bias,RoMa soft visibility x ColNomic full-reference image-token weighted MaxSim; RAW C128 all127 HOLD/SWITCH; fixed group intervention or already fitted subset replay=DROP_S,RAW_without_action,32,25,26,3,2,1,ORIGINAL7/REAL,28,0,2,-2,OPENED_INTERNAL_EVAL_FROZEN_COUNTERFACTUAL,frozen_computation_counterfactual,false,,false,FROZEN_NATIVE64_GROUP_EFFECT_DECOMPOSITION_COMPLETE,results/rc_frozen_group_effect_native64_v1/result.json,eebbd6e9b15be6181ed375f04f6c8cbc7a985f5f871073c41b29c1f03a5975fe,/metrics/EVAL/REAL/DROP_S,/actions/EVAL/REAL/DROP_S,9d17e8cdbb180e571dbd512e470a0ac98ccb594206b41bf3b963fe1a5d48b023,FROZEN_NATIVE64_GROUP_EFFECT_FRESH_REEXECUTION_PASS,results/rc_frozen_group_effect_native64_v1/independent_validation.json,c0d4fd6e729d3e23e36fc3b2533cb92da823c33931569a740c88539f1e2445cd,results/rc_frozen_group_effect_native64_v1/frozen_parameters.json,019cfeac14575b97371f66f81e5ad6ec55ec321af502a0b9110e4cc207c79b43
rc_frozen_group_effect_native64_v1|EVAL|REAL|DROP_QR,rc_frozen_group_effect_native64_v1,DROP_QR,NATIVE7_original_fixed_head,DROP_QR,7,original_RAW_C128_matched_FULL64_native_action_bundle,EVAL,REAL,original RAW full-gallery C128; no target insertion,128,FP64_complete_matrix_X@weight+bias,RoMa soft visibility x ColNomic full-reference image-token weighted MaxSim; RAW C128 all127 HOLD/SWITCH; fixed group intervention or already fitted subset replay=DROP_QR,RAW_without_action,32,25,27,3,1,2,ORIGINAL7/REAL,28,0,1,-1,OPENED_INTERNAL_EVAL_FROZEN_COUNTERFACTUAL,frozen_computation_counterfactual,false,,false,FROZEN_NATIVE64_GROUP_EFFECT_DECOMPOSITION_COMPLETE,results/rc_frozen_group_effect_native64_v1/result.json,eebbd6e9b15be6181ed375f04f6c8cbc7a985f5f871073c41b29c1f03a5975fe,/metrics/EVAL/REAL/DROP_QR,/actions/EVAL/REAL/DROP_QR,b31d590249b4479e842d7b26f18bb7a77b5e1c1503e1e76a05187597ff5a1d9e,FROZEN_NATIVE64_GROUP_EFFECT_FRESH_REEXECUTION_PASS,results/rc_frozen_group_effect_native64_v1/independent_validation.json,c0d4fd6e729d3e23e36fc3b2533cb92da823c33931569a740c88539f1e2445cd,results/rc_frozen_group_effect_native64_v1/frozen_parameters.json,019cfeac14575b97371f66f81e5ad6ec55ec321af502a0b9110e4cc207c79b43
rc_frozen_group_effect_native64_v1|EVAL|REAL|DROP_S_QR,rc_frozen_group_effect_native64_v1,DROP_S_QR,NATIVE7_original_fixed_head,DROP_S_QR,7,original_RAW_C128_matched_FULL64_native_action_bundle,EVAL,REAL,original RAW full-gallery C128; no target insertion,128,FP64_complete_matrix_X@weight+bias,RoMa soft visibility x ColNomic full-reference image-token weighted MaxSim; RAW C128 all127 HOLD/SWITCH; fixed group intervention or already fitted subset replay=DROP_S_QR,RAW_without_action,32,25,26,3,2,1,ORIGINAL7/REAL,28,0,2,-2,OPENED_INTERNAL_EVAL_FROZEN_COUNTERFACTUAL,frozen_computation_counterfactual,false,,false,FROZEN_NATIVE64_GROUP_EFFECT_DECOMPOSITION_COMPLETE,results/rc_frozen_group_effect_native64_v1/result.json,eebbd6e9b15be6181ed375f04f6c8cbc7a985f5f871073c41b29c1f03a5975fe,/metrics/EVAL/REAL/DROP_S_QR,/actions/EVAL/REAL/DROP_S_QR,82a78daf6f2b175bf898d0118c7e886c67dae5fca84f4979497bd0d3e42f20e9,FROZEN_NATIVE64_GROUP_EFFECT_FRESH_REEXECUTION_PASS,results/rc_frozen_group_effect_native64_v1/independent_validation.json,c0d4fd6e729d3e23e36fc3b2533cb92da823c33931569a740c88539f1e2445cd,results/rc_frozen_group_effect_native64_v1/frozen_parameters.json,019cfeac14575b97371f66f81e5ad6ec55ec321af502a0b9110e4cc207c79b43
rc_frozen_group_effect_native64_v1|EVAL|REAL|REFIT_RESPONSE6,rc_frozen_group_effect_native64_v1,REFIT_RESPONSE6,native_feature_subset_RESPONSE6,REFIT_RESPONSE6,6,original_RAW_C128_matched_FULL64_native_action_bundle,EVAL,REAL,original RAW full-gallery C128; no target insertion,128,FP64_complete_matrix_X@weight+bias,RoMa soft visibility x ColNomic full-reference image-token weighted MaxSim; RAW C128 all127 HOLD/SWITCH; fixed group intervention or already fitted subset replay=REFIT_RESPONSE6,RAW_without_action,32,25,26,2,1,1,ORIGINAL7/REAL,28,0,2,-2,OPENED_INTERNAL_EVAL,validated_existing_head_replay,true,replay of an existing validated head on this bundle; not a new independent experiment,false,FROZEN_NATIVE64_GROUP_EFFECT_DECOMPOSITION_COMPLETE,results/rc_frozen_group_effect_native64_v1/result.json,eebbd6e9b15be6181ed375f04f6c8cbc7a985f5f871073c41b29c1f03a5975fe,/metrics/EVAL/REAL/REFIT_RESPONSE6,/actions/EVAL/REAL/REFIT_RESPONSE6,836d3a45f46950ca0cbb2310f68fff4f240ac056750569c56bb7ec92af55c932,FROZEN_NATIVE64_GROUP_EFFECT_FRESH_REEXECUTION_PASS,results/rc_frozen_group_effect_native64_v1/independent_validation.json,c0d4fd6e729d3e23e36fc3b2533cb92da823c33931569a740c88539f1e2445cd,results/rc_frozen_group_effect_native64_v1/frozen_parameters.json,019cfeac14575b97371f66f81e5ad6ec55ec321af502a0b9110e4cc207c79b43
rc_frozen_group_effect_native64_v1|EVAL|REAL|REFIT_PRODUCT5,rc_frozen_group_effect_native64_v1,REFIT_PRODUCT5,native_feature_subset_PRODUCT5,REFIT_PRODUCT5,5,original_RAW_C128_matched_FULL64_native_action_bundle,EVAL,REAL,original RAW full-gallery C128; no target insertion,128,FP64_complete_matrix_X@weight+bias,RoMa soft visibility x ColNomic full-reference image-token weighted MaxSim; RAW C128 all127 HOLD/SWITCH; fixed group intervention or already fitted subset replay=REFIT_PRODUCT5,RAW_without_action,32,25,27,3,1,2,ORIGINAL7/REAL,28,0,1,-1,OPENED_INTERNAL_EVAL,validated_existing_head_replay,true,replay of an existing validated head on this bundle; not a new independent experiment,false,FROZEN_NATIVE64_GROUP_EFFECT_DECOMPOSITION_COMPLETE,results/rc_frozen_group_effect_native64_v1/result.json,eebbd6e9b15be6181ed375f04f6c8cbc7a985f5f871073c41b29c1f03a5975fe,/metrics/EVAL/REAL/REFIT_PRODUCT5,/actions/EVAL/REAL/REFIT_PRODUCT5,8c77e1acf1963fa22d4c557196de3cb80e3dfefb75bb4123a9da837735a0cc47,FROZEN_NATIVE64_GROUP_EFFECT_FRESH_REEXECUTION_PASS,results/rc_frozen_group_effect_native64_v1/independent_validation.json,c0d4fd6e729d3e23e36fc3b2533cb92da823c33931569a740c88539f1e2445cd,results/rc_frozen_group_effect_native64_v1/frozen_parameters.json,019cfeac14575b97371f66f81e5ad6ec55ec321af502a0b9110e4cc207c79b43
rc_frozen_group_effect_native64_v1|EVAL|REAL|REFIT_JOINT4,rc_frozen_group_effect_native64_v1,REFIT_JOINT4,native_feature_subset_JOINT4,REFIT_JOINT4,4,original_RAW_C128_matched_FULL64_native_action_bundle,EVAL,REAL,original RAW full-gallery C128; no target insertion,128,FP64_complete_matrix_X@weight+bias,RoMa soft visibility x ColNomic full-reference image-token weighted MaxSim; RAW C128 all127 HOLD/SWITCH; fixed group intervention or already fitted subset replay=REFIT_JOINT4,RAW_without_action,32,25,26,2,1,1,ORIGINAL7/REAL,28,0,2,-2,OPENED_INTERNAL_EVAL,validated_existing_head_replay,true,replay of an existing validated head on this bundle; not a new independent experiment,false,FROZEN_NATIVE64_GROUP_EFFECT_DECOMPOSITION_COMPLETE,results/rc_frozen_group_effect_native64_v1/result.json,eebbd6e9b15be6181ed375f04f6c8cbc7a985f5f871073c41b29c1f03a5975fe,/metrics/EVAL/REAL/REFIT_JOINT4,/actions/EVAL/REAL/REFIT_JOINT4,eb6dcfcaa3cc8bbee050571001961c06269775a169acb67505da3cc98e8130b9,FROZEN_NATIVE64_GROUP_EFFECT_FRESH_REEXECUTION_PASS,results/rc_frozen_group_effect_native64_v1/independent_validation.json,c0d4fd6e729d3e23e36fc3b2533cb92da823c33931569a740c88539f1e2445cd,results/rc_frozen_group_effect_native64_v1/frozen_parameters.json,019cfeac14575b97371f66f81e5ad6ec55ec321af502a0b9110e4cc207c79b43
rc_frozen_group_effect_native64_v1|EVAL|CBIND|ORIGINAL7,rc_frozen_group_effect_native64_v1,ORIGINAL7,NATIVE7_original_fixed_head,ORIGINAL7,7,original_RAW_C128_matched_FULL64_native_action_bundle,EVAL,CBIND,original RAW full-gallery C128; no target insertion,128,FP64_complete_matrix_X@weight+bias,RoMa soft visibility x ColNomic full-reference image-token weighted MaxSim; RAW C128 all127 HOLD/SWITCH; fixed group intervention or already fitted subset replay=ORIGINAL7,RAW_without_action,32,25,20,0,5,-5,ORIGINAL7/CBIND,20,0,0,0,OPENED_INTERNAL_EVAL_CBIND_CONTROL,validated_existing_head_replay,true,replay of an existing validated head on this bundle; not a new independent experiment,false,FROZEN_NATIVE64_GROUP_EFFECT_DECOMPOSITION_COMPLETE,results/rc_frozen_group_effect_native64_v1/result.json,eebbd6e9b15be6181ed375f04f6c8cbc7a985f5f871073c41b29c1f03a5975fe,/metrics/EVAL/CBIND/ORIGINAL7,/actions/EVAL/CBIND/ORIGINAL7,91e77d77054292cc8ceec6a3421247af19c85ceaec5459aaf4490f45c2f39e86,FROZEN_NATIVE64_GROUP_EFFECT_FRESH_REEXECUTION_PASS,results/rc_frozen_group_effect_native64_v1/independent_validation.json,c0d4fd6e729d3e23e36fc3b2533cb92da823c33931569a740c88539f1e2445cd,results/rc_frozen_group_effect_native64_v1/frozen_parameters.json,019cfeac14575b97371f66f81e5ad6ec55ec321af502a0b9110e4cc207c79b43
rc_frozen_group_effect_native64_v1|EVAL|CBIND|DROP_S,rc_frozen_group_effect_native64_v1,DROP_S,NATIVE7_original_fixed_head,DROP_S,7,original_RAW_C128_matched_FULL64_native_action_bundle,EVAL,CBIND,original RAW full-gallery C128; no target insertion,128,FP64_complete_matrix_X@weight+bias,RoMa soft visibility x ColNomic full-reference image-token weighted MaxSim; RAW C128 all127 HOLD/SWITCH; fixed group intervention or already fitted subset replay=DROP_S,RAW_without_action,32,25,6,0,19,-19,ORIGINAL7/CBIND,20,0,14,-14,OPENED_INTERNAL_EVAL_FROZEN_COUNTERFACTUAL_CBIND_CONTROL,frozen_computation_counterfactual,false,,false,FROZEN_NATIVE64_GROUP_EFFECT_DECOMPOSITION_COMPLETE,results/rc_frozen_group_effect_native64_v1/result.json,eebbd6e9b15be6181ed375f04f6c8cbc7a985f5f871073c41b29c1f03a5975fe,/metrics/EVAL/CBIND/DROP_S,/actions/EVAL/CBIND/DROP_S,658e992b182e624f5a00455720bc50abe2f09e7dce66d29cc8195a8afac535af,FROZEN_NATIVE64_GROUP_EFFECT_FRESH_REEXECUTION_PASS,results/rc_frozen_group_effect_native64_v1/independent_validation.json,c0d4fd6e729d3e23e36fc3b2533cb92da823c33931569a740c88539f1e2445cd,results/rc_frozen_group_effect_native64_v1/frozen_parameters.json,019cfeac14575b97371f66f81e5ad6ec55ec321af502a0b9110e4cc207c79b43
rc_frozen_group_effect_native64_v1|EVAL|CBIND|DROP_QR,rc_frozen_group_effect_native64_v1,DROP_QR,NATIVE7_original_fixed_head,DROP_QR,7,original_RAW_C128_matched_FULL64_native_action_bundle,EVAL,CBIND,original RAW full-gallery C128; no target insertion,128,FP64_complete_matrix_X@weight+bias,RoMa soft visibility x ColNomic full-reference image-token weighted MaxSim; RAW C128 all127 HOLD/SWITCH; fixed group intervention or already fitted subset replay=DROP_QR,RAW_without_action,32,25,19,0,6,-6,ORIGINAL7/CBIND,20,0,1,-1,OPENED_INTERNAL_EVAL_FROZEN_COUNTERFACTUAL_CBIND_CONTROL,frozen_computation_counterfactual,false,,false,FROZEN_NATIVE64_GROUP_EFFECT_DECOMPOSITION_COMPLETE,results/rc_frozen_group_effect_native64_v1/result.json,eebbd6e9b15be6181ed375f04f6c8cbc7a985f5f871073c41b29c1f03a5975fe,/metrics/EVAL/CBIND/DROP_QR,/actions/EVAL/CBIND/DROP_QR,fe22a9a3bdb76b878c5c9131e8b2da720a3590f071da3b39d066a1e2d7235ac0,FROZEN_NATIVE64_GROUP_EFFECT_FRESH_REEXECUTION_PASS,results/rc_frozen_group_effect_native64_v1/independent_validation.json,c0d4fd6e729d3e23e36fc3b2533cb92da823c33931569a740c88539f1e2445cd,results/rc_frozen_group_effect_native64_v1/frozen_parameters.json,019cfeac14575b97371f66f81e5ad6ec55ec321af502a0b9110e4cc207c79b43
rc_frozen_group_effect_native64_v1|EVAL|CBIND|DROP_S_QR,rc_frozen_group_effect_native64_v1,DROP_S_QR,NATIVE7_original_fixed_head,DROP_S_QR,7,original_RAW_C128_matched_FULL64_native_action_bundle,EVAL,CBIND,original RAW full-gallery C128; no target insertion,128,FP64_complete_matrix_X@weight+bias,RoMa soft visibility x ColNomic full-reference image-token weighted MaxSim; RAW C128 all127 HOLD/SWITCH; fixed group intervention or already fitted subset replay=DROP_S_QR,RAW_without_action,32,25,6,0,19,-19,ORIGINAL7/CBIND,20,0,14,-14,OPENED_INTERNAL_EVAL_FROZEN_COUNTERFACTUAL_CBIND_CONTROL,frozen_computation_counterfactual,false,,false,FROZEN_NATIVE64_GROUP_EFFECT_DECOMPOSITION_COMPLETE,results/rc_frozen_group_effect_native64_v1/result.json,eebbd6e9b15be6181ed375f04f6c8cbc7a985f5f871073c41b29c1f03a5975fe,/metrics/EVAL/CBIND/DROP_S_QR,/actions/EVAL/CBIND/DROP_S_QR,862149515eb3e7165d71f685193e74b5cffb05f0443c610ae6597d89f026ec06,FROZEN_NATIVE64_GROUP_EFFECT_FRESH_REEXECUTION_PASS,results/rc_frozen_group_effect_native64_v1/independent_validation.json,c0d4fd6e729d3e23e36fc3b2533cb92da823c33931569a740c88539f1e2445cd,results/rc_frozen_group_effect_native64_v1/frozen_parameters.json,019cfeac14575b97371f66f81e5ad6ec55ec321af502a0b9110e4cc207c79b43
rc_frozen_group_effect_native64_v1|EVAL|CBIND|REFIT_RESPONSE6,rc_frozen_group_effect_native64_v1,REFIT_RESPONSE6,native_feature_subset_RESPONSE6,REFIT_RESPONSE6,6,original_RAW_C128_matched_FULL64_native_action_bundle,EVAL,CBIND,original RAW full-gallery C128; no target insertion,128,FP64_complete_matrix_X@weight+bias,RoMa soft visibility x ColNomic full-reference image-token weighted MaxSim; RAW C128 all127 HOLD/SWITCH; fixed group intervention or already fitted subset replay=REFIT_RESPONSE6,RAW_without_action,32,25,20,0,5,-5,ORIGINAL7/CBIND,20,0,0,0,OPENED_INTERNAL_EVAL_CBIND_CONTROL,validated_existing_head_replay,true,replay of an existing validated head on this bundle; not a new independent experiment,false,FROZEN_NATIVE64_GROUP_EFFECT_DECOMPOSITION_COMPLETE,results/rc_frozen_group_effect_native64_v1/result.json,eebbd6e9b15be6181ed375f04f6c8cbc7a985f5f871073c41b29c1f03a5975fe,/metrics/EVAL/CBIND/REFIT_RESPONSE6,/actions/EVAL/CBIND/REFIT_RESPONSE6,6405c2c0ab159ff43bc6882e3debf63a25f028bf456f9db1a88006e992a9fdd2,FROZEN_NATIVE64_GROUP_EFFECT_FRESH_REEXECUTION_PASS,results/rc_frozen_group_effect_native64_v1/independent_validation.json,c0d4fd6e729d3e23e36fc3b2533cb92da823c33931569a740c88539f1e2445cd,results/rc_frozen_group_effect_native64_v1/frozen_parameters.json,019cfeac14575b97371f66f81e5ad6ec55ec321af502a0b9110e4cc207c79b43
rc_frozen_group_effect_native64_v1|EVAL|CBIND|REFIT_PRODUCT5,rc_frozen_group_effect_native64_v1,REFIT_PRODUCT5,native_feature_subset_PRODUCT5,REFIT_PRODUCT5,5,original_RAW_C128_matched_FULL64_native_action_bundle,EVAL,CBIND,original RAW full-gallery C128; no target insertion,128,FP64_complete_matrix_X@weight+bias,RoMa soft visibility x ColNomic full-reference image-token weighted MaxSim; RAW C128 all127 HOLD/SWITCH; fixed group intervention or already fitted subset replay=REFIT_PRODUCT5,RAW_without_action,32,25,20,0,5,-5,ORIGINAL7/CBIND,20,0,0,0,OPENED_INTERNAL_EVAL_CBIND_CONTROL,validated_existing_head_replay,true,replay of an existing validated head on this bundle; not a new independent experiment,false,FROZEN_NATIVE64_GROUP_EFFECT_DECOMPOSITION_COMPLETE,results/rc_frozen_group_effect_native64_v1/result.json,eebbd6e9b15be6181ed375f04f6c8cbc7a985f5f871073c41b29c1f03a5975fe,/metrics/EVAL/CBIND/REFIT_PRODUCT5,/actions/EVAL/CBIND/REFIT_PRODUCT5,7b44bc1bc62ead58bf534da14f4f65472c2123f204f8bdd308590db98344e291,FROZEN_NATIVE64_GROUP_EFFECT_FRESH_REEXECUTION_PASS,results/rc_frozen_group_effect_native64_v1/independent_validation.json,c0d4fd6e729d3e23e36fc3b2533cb92da823c33931569a740c88539f1e2445cd,results/rc_frozen_group_effect_native64_v1/frozen_parameters.json,019cfeac14575b97371f66f81e5ad6ec55ec321af502a0b9110e4cc207c79b43
rc_frozen_group_effect_native64_v1|EVAL|CBIND|REFIT_JOINT4,rc_frozen_group_effect_native64_v1,REFIT_JOINT4,native_feature_subset_JOINT4,REFIT_JOINT4,4,original_RAW_C128_matched_FULL64_native_action_bundle,EVAL,CBIND,original RAW full-gallery C128; no target insertion,128,FP64_complete_matrix_X@weight+bias,RoMa soft visibility x ColNomic full-reference image-token weighted MaxSim; RAW C128 all127 HOLD/SWITCH; fixed group intervention or already fitted subset replay=REFIT_JOINT4,RAW_without_action,32,25,20,0,5,-5,ORIGINAL7/CBIND,20,0,0,0,OPENED_INTERNAL_EVAL_CBIND_CONTROL,validated_existing_head_replay,true,replay of an existing validated head on this bundle; not a new independent experiment,false,FROZEN_NATIVE64_GROUP_EFFECT_DECOMPOSITION_COMPLETE,results/rc_frozen_group_effect_native64_v1/result.json,eebbd6e9b15be6181ed375f04f6c8cbc7a985f5f871073c41b29c1f03a5975fe,/metrics/EVAL/CBIND/REFIT_JOINT4,/actions/EVAL/CBIND/REFIT_JOINT4,f0e5fff1ea4c1846bb2513dd4854a5a695343b7c47bc59d438374dbfc08609d0,FROZEN_NATIVE64_GROUP_EFFECT_FRESH_REEXECUTION_PASS,results/rc_frozen_group_effect_native64_v1/independent_validation.json,c0d4fd6e729d3e23e36fc3b2533cb92da823c33931569a740c88539f1e2445cd,results/rc_frozen_group_effect_native64_v1/frozen_parameters.json,019cfeac14575b97371f66f81e5ad6ec55ec321af502a0b9110e4cc207c79b43
rc_frozen_group_effect_difficult90_v1|OPENED_VAL38_TEST52|REAL|ORIGINAL,rc_frozen_group_effect_difficult90_v1,ORIGINAL,FROZEN_C_original_seven_parameter_head,ORIGINAL,7,old_FROZEN_C_difficult90_opened_val38_test52,OPENED_VAL38_TEST52,REAL,original RAW full-gallery C128; no target insertion,128,FP64_rowwise_(weight*feature).sum()+bias,RoMa soft visibility x ColNomic full-reference image-token weighted MaxSim; RAW C128 all127 HOLD/SWITCH; old FROZEN_C fixed features=ORIGINAL,RAW_without_action,90,61,69,8,0,8,ORIGINAL/REAL,69,0,0,0,OPENED_INTERNAL_EVAL,validated_existing_head_replay,true,replay of an existing validated head on this bundle; not a new independent experiment,false,FROZEN_GROUP_EFFECT_DIFFICULT90_EXACT_REPLAY_COMPLETE,results/rc_frozen_group_effect_difficult90_v1/result.json,c27f7c3aa543ba73130be059e1047415d86a35dc2fb17ffe5c00febfbbdb3356,/summaries/ORIGINAL,/actions/ORIGINAL,ce0259f117ba68274413aaf96c806f407fced9a87a09b9a8b2086748372fd731,FROZEN_GROUP_EFFECT_DIFFICULT90_INDEPENDENT_REEXECUTION_PASS,results/rc_frozen_group_effect_difficult90_v1/independent_validation.json,13ce0b1d7d0bce7a0264f03f010466230b6def55236198bee5375166f7349b76,results/romav2_colnomic_full_negative_action_gate_v1/result.json,b296e946ff84ef574605ca5a6f6c6d6892b06dc8f38002b33b913a5afc6f059f
rc_frozen_group_effect_difficult90_v1|OPENED_VAL38_TEST52|REAL|DROP_S,rc_frozen_group_effect_difficult90_v1,DROP_S,FROZEN_C_original_seven_parameter_head,DROP_S,7,old_FROZEN_C_difficult90_opened_val38_test52,OPENED_VAL38_TEST52,REAL,original RAW full-gallery C128; no target insertion,128,FP64_rowwise_(weight*feature).sum()+bias,RoMa soft visibility x ColNomic full-reference image-token weighted MaxSim; RAW C128 all127 HOLD/SWITCH; old FROZEN_C fixed features=DROP_S,RAW_without_action,90,61,68,11,4,7,ORIGINAL/REAL,69,3,4,-1,OPENED_INTERNAL_EVAL_FROZEN_COUNTERFACTUAL,frozen_computation_counterfactual,false,,false,FROZEN_GROUP_EFFECT_DIFFICULT90_EXACT_REPLAY_COMPLETE,results/rc_frozen_group_effect_difficult90_v1/result.json,c27f7c3aa543ba73130be059e1047415d86a35dc2fb17ffe5c00febfbbdb3356,/summaries/DROP_S,/actions/DROP_S,a999fdcb724fe5a22054891f84705f8a7309741a4b332eec627dfbde5a7fd3f6,FROZEN_GROUP_EFFECT_DIFFICULT90_INDEPENDENT_REEXECUTION_PASS,results/rc_frozen_group_effect_difficult90_v1/independent_validation.json,13ce0b1d7d0bce7a0264f03f010466230b6def55236198bee5375166f7349b76,results/romav2_colnomic_full_negative_action_gate_v1/result.json,b296e946ff84ef574605ca5a6f6c6d6892b06dc8f38002b33b913a5afc6f059f
rc_frozen_group_effect_difficult90_v1|OPENED_VAL38_TEST52|REAL|DROP_QR,rc_frozen_group_effect_difficult90_v1,DROP_QR,FROZEN_C_original_seven_parameter_head,DROP_QR,7,old_FROZEN_C_difficult90_opened_val38_test52,OPENED_VAL38_TEST52,REAL,original RAW full-gallery C128; no target insertion,128,FP64_rowwise_(weight*feature).sum()+bias,RoMa soft visibility x ColNomic full-reference image-token weighted MaxSim; RAW C128 all127 HOLD/SWITCH; old FROZEN_C fixed features=DROP_QR,RAW_without_action,90,61,70,9,0,9,ORIGINAL/REAL,69,1,0,1,OPENED_INTERNAL_EVAL_FROZEN_COUNTERFACTUAL,frozen_computation_counterfactual,false,,false,FROZEN_GROUP_EFFECT_DIFFICULT90_EXACT_REPLAY_COMPLETE,results/rc_frozen_group_effect_difficult90_v1/result.json,c27f7c3aa543ba73130be059e1047415d86a35dc2fb17ffe5c00febfbbdb3356,/summaries/DROP_QR,/actions/DROP_QR,f4c9ed096ead089e34b047a3195ad9413b194573dc567ccd8e9c283e68ecf4dc,FROZEN_GROUP_EFFECT_DIFFICULT90_INDEPENDENT_REEXECUTION_PASS,results/rc_frozen_group_effect_difficult90_v1/independent_validation.json,13ce0b1d7d0bce7a0264f03f010466230b6def55236198bee5375166f7349b76,results/romav2_colnomic_full_negative_action_gate_v1/result.json,b296e946ff84ef574605ca5a6f6c6d6892b06dc8f38002b33b913a5afc6f059f
rc_frozen_group_effect_difficult90_v1|OPENED_VAL38_TEST52|REAL|DROP_S_QR,rc_frozen_group_effect_difficult90_v1,DROP_S_QR,FROZEN_C_original_seven_parameter_head,DROP_S_QR,7,old_FROZEN_C_difficult90_opened_val38_test52,OPENED_VAL38_TEST52,REAL,original RAW full-gallery C128; no target insertion,128,FP64_rowwise_(weight*feature).sum()+bias,RoMa soft visibility x ColNomic full-reference image-token weighted MaxSim; RAW C128 all127 HOLD/SWITCH; old FROZEN_C fixed features=DROP_S_QR,RAW_without_action,90,61,65,11,7,4,ORIGINAL/REAL,69,3,7,-4,OPENED_INTERNAL_EVAL_FROZEN_COUNTERFACTUAL,frozen_computation_counterfactual,false,,false,FROZEN_GROUP_EFFECT_DIFFICULT90_EXACT_REPLAY_COMPLETE,results/rc_frozen_group_effect_difficult90_v1/result.json,c27f7c3aa543ba73130be059e1047415d86a35dc2fb17ffe5c00febfbbdb3356,/summaries/DROP_S_QR,/actions/DROP_S_QR,92deb165f0d378d236a35c9192334da021b78f0ee0b5ef568b58b2e0dbe32aca,FROZEN_GROUP_EFFECT_DIFFICULT90_INDEPENDENT_REEXECUTION_PASS,results/rc_frozen_group_effect_difficult90_v1/independent_validation.json,13ce0b1d7d0bce7a0264f03f010466230b6def55236198bee5375166f7349b76,results/romav2_colnomic_full_negative_action_gate_v1/result.json,b296e946ff84ef574605ca5a6f6c6d6892b06dc8f38002b33b913a5afc6f059f
rc_frozen_qr_removal_matched32_v1|EVAL|REAL|ORIGINAL,rc_frozen_qr_removal_matched32_v1,ORIGINAL,FROZEN_C_original_seven_parameter_head,ORIGINAL,7,old_FROZEN_C_current_runtime_bridge_matched_EVAL32,EVAL,REAL,original RAW full-gallery C128; no target insertion,128,FP64_rowwise_(weight*feature).sum()+bias,RoMa soft visibility x ColNomic full-reference image-token weighted MaxSim; RAW C128 all127 HOLD/SWITCH; old FROZEN_C fixed features=ORIGINAL,RAW_without_action,32,25,27,2,0,2,ORIGINAL/REAL,27,0,0,0,OPENED_INTERNAL_EVAL,validated_existing_head_replay,true,replay of an existing validated head on this bundle; not a new independent experiment,false,FROZEN_QR_REMOVAL_MATCHED32_EXACT_REPLAY_COMPLETE,results/rc_frozen_qr_removal_matched32_v1/result.json,e06a01ed4d820df8e15776a1fbc130d359814fa1f07f1683656e8fe272553e2e,/summaries/ORIGINAL,/actions/ORIGINAL,f144413b6cd9b7870d1e9844c0b68058b158abff556c950035d12399bdb5f3b9,FROZEN_QR_REMOVAL_MATCHED32_INDEPENDENT_REEXECUTION_PASS,results/rc_frozen_qr_removal_matched32_v1/independent_validation.json,3fb7fda90c00f874fb27a9fe08eca8d29e3a42b1274de1f6678fde7b5fb7ae79,results/romav2_colnomic_full_negative_action_gate_v1/result.json,b296e946ff84ef574605ca5a6f6c6d6892b06dc8f38002b33b913a5afc6f059f
rc_frozen_qr_removal_matched32_v1|EVAL|REAL|DROP_QR,rc_frozen_qr_removal_matched32_v1,DROP_QR,FROZEN_C_original_seven_parameter_head,DROP_QR,7,old_FROZEN_C_current_runtime_bridge_matched_EVAL32,EVAL,REAL,original RAW full-gallery C128; no target insertion,128,FP64_rowwise_(weight*feature).sum()+bias,RoMa soft visibility x ColNomic full-reference image-token weighted MaxSim; RAW C128 all127 HOLD/SWITCH; old FROZEN_C fixed features=DROP_QR,RAW_without_action,32,25,27,3,1,2,ORIGINAL/REAL,27,1,1,0,OPENED_INTERNAL_EVAL_FROZEN_COUNTERFACTUAL,frozen_computation_counterfactual,false,,false,FROZEN_QR_REMOVAL_MATCHED32_EXACT_REPLAY_COMPLETE,results/rc_frozen_qr_removal_matched32_v1/result.json,e06a01ed4d820df8e15776a1fbc130d359814fa1f07f1683656e8fe272553e2e,/summaries/DROP_QR,/actions/DROP_QR,3a7a055fe980e94df9e76d235feb093b59a2579f4475bf222088811953c417a3,FROZEN_QR_REMOVAL_MATCHED32_INDEPENDENT_REEXECUTION_PASS,results/rc_frozen_qr_removal_matched32_v1/independent_validation.json,3fb7fda90c00f874fb27a9fe08eca8d29e3a42b1274de1f6678fde7b5fb7ae79,results/romav2_colnomic_full_negative_action_gate_v1/result.json,b296e946ff84ef574605ca5a6f6c6d6892b06dc8f38002b33b913a5afc6f059f
