query_id,identity,fold,seed,model,operating_point,target_in_c128,target_position,target_physical_row,target_B_CAL_rank,target_rank_bucket,raw_physical_row,B_CAL_selected,B_CAL_correct,selected,correct,action,changed_decision,rescue,break,net,target_base_logit,target_residual,target_final_logit,selected_residual,selected_final_logit,selected_rival_positions,main_epoch,epoch0_fallback
H593-0091cc1b5a6f73a4ad8d88ae,anti caries toothpaste carton,4,0,TOKEN_QR,zero,True,59,3144,1,top2,3144,3144,True,3144,True,HOLD,False,False,False,0,0.0,0.0,0.0,0.0,0.0,[],6,False
H593-0091cc1b5a6f73a4ad8d88ae,anti caries toothpaste carton,4,0,TOKEN_QR,inherited_tau,True,59,3144,1,top2,3144,3144,True,3144,True,HOLD,False,False,False,0,0.0,0.0,0.0,0.0,0.0,[],6,False
H593-0091cc1b5a6f73a4ad8d88ae,anti caries toothpaste carton,4,0,TOKEN_QRR_ANCHOR,zero,True,59,3144,1,top2,3144,3144,True,3144,True,HOLD,False,False,False,0,0.0,0.0,0.0,0.0,0.0,[],6,False
H593-0091cc1b5a6f73a4ad8d88ae,anti caries toothpaste carton,4,0,TOKEN_QRR_ANCHOR,inherited_tau,True,59,3144,1,top2,3144,3144,True,3144,True,HOLD,False,False,False,0,0.0,0.0,0.0,0.0,0.0,[],6,False
H593-0091cc1b5a6f73a4ad8d88ae,anti caries toothpaste carton,4,0,TOKEN_QRR_MULTI,zero,True,59,3144,1,top2,3144,3144,True,3144,True,HOLD,False,False,False,0,0.0,0.0,0.0,0.0,0.0,[95],4,False
H593-0091cc1b5a6f73a4ad8d88ae,anti caries toothpaste carton,4,0,TOKEN_QRR_MULTI,inherited_tau,True,59,3144,1,top2,3144,3144,True,3144,True,HOLD,False,False,False,0,0.0,0.0,0.0,0.0,0.0,[95],4,False
H593-00db0e83284b1620da33639a,60 mg Comfor-trate Tab,0,0,TOKEN_QR,zero,True,19,64,1,top2,64,64,True,64,True,HOLD,False,False,False,0,0.0,0.0,0.0,0.0,0.0,[],5,False
H593-00db0e83284b1620da33639a,60 mg Comfor-trate Tab,0,0,TOKEN_QR,inherited_tau,True,19,64,1,top2,64,16,False,15,False,SWITCH,True,False,False,0,0.0,0.0,0.0,0.4728441796462306,-1.1939779815928344,[19],5,False
H593-00db0e83284b1620da33639a,60 mg Comfor-trate Tab,0,0,TOKEN_QRR_ANCHOR,zero,True,19,64,1,top2,64,64,True,64,True,HOLD,False,False,False,0,0.0,0.0,0.0,0.0,0.0,[],5,False
H593-00db0e83284b1620da33639a,60 mg Comfor-trate Tab,0,0,TOKEN_QRR_ANCHOR,inherited_tau,True,19,64,1,top2,64,16,False,64,True,HOLD,True,True,False,1,0.0,0.0,0.0,0.0,0.0,[],5,False
H593-00db0e83284b1620da33639a,60 mg Comfor-trate Tab,0,0,TOKEN_QRR_MULTI,zero,True,19,64,1,top2,64,64,True,64,True,HOLD,False,False,False,0,0.0,0.0,0.0,0.0,0.0,[3],5,False
H593-00db0e83284b1620da33639a,60 mg Comfor-trate Tab,0,0,TOKEN_QRR_MULTI,inherited_tau,True,19,64,1,top2,64,16,False,64,True,HOLD,True,True,False,1,0.0,0.0,0.0,0.0,0.0,[3],5,False
H593-00f945a36392a04124513f2c,tul01-0001-02,3,0,TOKEN_QR,zero,True,6,499,21,rank3_128,1403,1042,False,512,False,SWITCH,True,False,False,0,-3.9474157155803944,5.772558747282314,1.82514303170192,6.194024666424292,2.407068996215458,[32],6,False
H593-00f945a36392a04124513f2c,tul01-0001-02,3,0,TOKEN_QR,inherited_tau,True,6,499,21,rank3_128,1403,1042,False,512,False,SWITCH,True,False,False,0,-3.9474157155803944,5.772558747282314,1.82514303170192,6.194024666424292,2.407068996215458,[32],6,False
H593-00f945a36392a04124513f2c,tul01-0001-02,3,0,TOKEN_QRR_ANCHOR,zero,True,6,499,21,rank3_128,1403,1042,False,512,False,SWITCH,True,False,False,0,-3.9474157155803944,8.031120713140027,4.083704997559632,8.871985190928509,5.085029520719674,[32],6,False
H593-00f945a36392a04124513f2c,tul01-0001-02,3,0,TOKEN_QRR_ANCHOR,inherited_tau,True,6,499,21,rank3_128,1403,1042,False,512,False,SWITCH,True,False,False,0,-3.9474157155803944,8.031120713140027,4.083704997559632,8.871985190928509,5.085029520719674,[32],6,False
H593-00f945a36392a04124513f2c,tul01-0001-02,3,0,TOKEN_QRR_MULTI,zero,True,6,499,21,rank3_128,1403,1042,False,512,False,SWITCH,True,False,False,0,-3.9474157155803944,3.301472635160267,-0.6459430804201274,4.2462560859900655,0.45930041578123104,"[32, 29]",5,False
H593-00f945a36392a04124513f2c,tul01-0001-02,3,0,TOKEN_QRR_MULTI,inherited_tau,True,6,499,21,rank3_128,1403,1042,False,512,False,SWITCH,True,False,False,0,-3.9474157155803944,3.301472635160267,-0.6459430804201274,4.2462560859900655,0.45930041578123104,"[32, 29]",5,False
H593-01371ddf81e97f382dca84d8,60 mg Comfor-trate Tab,0,0,TOKEN_QR,zero,True,19,64,1,top2,64,64,True,64,True,HOLD,False,False,False,0,0.0,0.0,0.0,0.0,0.0,[],5,False
H593-01371ddf81e97f382dca84d8,60 mg Comfor-trate Tab,0,0,TOKEN_QR,inherited_tau,True,19,64,1,top2,64,15,False,15,False,SWITCH,False,False,False,0,0.0,0.0,0.0,0.98760765996769,-0.24034788302442944,[19],5,False
H593-01371ddf81e97f382dca84d8,60 mg Comfor-trate Tab,0,0,TOKEN_QRR_ANCHOR,zero,True,19,64,1,top2,64,64,True,64,True,HOLD,False,False,False,0,0.0,0.0,0.0,0.0,0.0,[],5,False
H593-01371ddf81e97f382dca84d8,60 mg Comfor-trate Tab,0,0,TOKEN_QRR_ANCHOR,inherited_tau,True,19,64,1,top2,64,15,False,15,False,SWITCH,False,False,False,0,0.0,0.0,0.0,-0.20123346488581628,-1.4291890078779357,[19],5,False
H593-01371ddf81e97f382dca84d8,60 mg Comfor-trate Tab,0,0,TOKEN_QRR_MULTI,zero,True,19,64,1,top2,64,64,True,64,True,HOLD,False,False,False,0,0.0,0.0,0.0,0.0,0.0,[2],5,False
H593-01371ddf81e97f382dca84d8,60 mg Comfor-trate Tab,0,0,TOKEN_QRR_MULTI,inherited_tau,True,19,64,1,top2,64,15,False,15,False,SWITCH,False,False,False,0,0.0,0.0,0.0,0.011300531574032213,-1.2166550114180872,"[19, 10]",5,False
H593-01539eca5c5afd1c6d5ccda2,75 100s carton,0,0,TOKEN_QR,zero,True,47,4855,1,top2,4855,4855,True,4855,True,HOLD,False,False,False,0,0.0,0.0,0.0,0.0,0.0,[],5,False
H593-01539eca5c5afd1c6d5ccda2,75 100s carton,0,0,TOKEN_QR,inherited_tau,True,47,4855,1,top2,4855,4855,True,4855,True,HOLD,False,False,False,0,0.0,0.0,0.0,0.0,0.0,[],5,False
H593-01539eca5c5afd1c6d5ccda2,75 100s carton,0,0,TOKEN_QRR_ANCHOR,zero,True,47,4855,1,top2,4855,4855,True,4855,True,HOLD,False,False,False,0,0.0,0.0,0.0,0.0,0.0,[],5,False
H593-01539eca5c5afd1c6d5ccda2,75 100s carton,0,0,TOKEN_QRR_ANCHOR,inherited_tau,True,47,4855,1,top2,4855,4855,True,4855,True,HOLD,False,False,False,0,0.0,0.0,0.0,0.0,0.0,[],5,False
H593-01539eca5c5afd1c6d5ccda2,75 100s carton,0,0,TOKEN_QRR_MULTI,zero,True,47,4855,1,top2,4855,4855,True,4855,True,HOLD,False,False,False,0,0.0,0.0,0.0,0.0,0.0,[83],5,False
H593-01539eca5c5afd1c6d5ccda2,75 100s carton,0,0,TOKEN_QRR_MULTI,inherited_tau,True,47,4855,1,top2,4855,4855,True,4855,True,HOLD,False,False,False,0,0.0,0.0,0.0,0.0,0.0,[83],5,False
H593-0188e7f7150a7aaf05c23614,kedbumin-02,1,0,TOKEN_QR,zero,True,25,4798,1,top2,4798,4798,True,4798,True,HOLD,False,False,False,0,0.0,0.0,0.0,0.0,0.0,[],7,False
H593-0188e7f7150a7aaf05c23614,kedbumin-02,1,0,TOKEN_QR,inherited_tau,True,25,4798,1,top2,4798,4798,True,4798,True,HOLD,False,False,False,0,0.0,0.0,0.0,0.0,0.0,[],7,False
H593-0188e7f7150a7aaf05c23614,kedbumin-02,1,0,TOKEN_QRR_ANCHOR,zero,True,25,4798,1,top2,4798,4798,True,4798,True,HOLD,False,False,False,0,0.0,0.0,0.0,0.0,0.0,[],6,False
H593-0188e7f7150a7aaf05c23614,kedbumin-02,1,0,TOKEN_QRR_ANCHOR,inherited_tau,True,25,4798,1,top2,4798,4798,True,4798,True,HOLD,False,False,False,0,0.0,0.0,0.0,0.0,0.0,[],6,False
H593-0188e7f7150a7aaf05c23614,kedbumin-02,1,0,TOKEN_QRR_MULTI,zero,True,25,4798,1,top2,4798,4798,True,4798,True,HOLD,False,False,False,0,0.0,0.0,0.0,0.0,0.0,[15],5,False
H593-0188e7f7150a7aaf05c23614,kedbumin-02,1,0,TOKEN_QRR_MULTI,inherited_tau,True,25,4798,1,top2,4798,4798,True,4798,True,HOLD,False,False,False,0,0.0,0.0,0.0,0.0,0.0,[15],5,False
H593-02060e3d320616b952a39654,dro0b-0001-04,2,0,TOKEN_QR,zero,True,73,304,1,top2,304,304,True,304,True,HOLD,False,False,False,0,0.0,0.0,0.0,0.0,0.0,[],7,False
H593-02060e3d320616b952a39654,dro0b-0001-04,2,0,TOKEN_QR,inherited_tau,True,73,304,1,top2,304,304,True,304,True,HOLD,False,False,False,0,0.0,0.0,0.0,0.0,0.0,[],7,False
H593-02060e3d320616b952a39654,dro0b-0001-04,2,0,TOKEN_QRR_ANCHOR,zero,True,73,304,1,top2,304,304,True,304,True,HOLD,False,False,False,0,0.0,0.0,0.0,0.0,0.0,[],5,False
H593-02060e3d320616b952a39654,dro0b-0001-04,2,0,TOKEN_QRR_ANCHOR,inherited_tau,True,73,304,1,top2,304,304,True,304,True,HOLD,False,False,False,0,0.0,0.0,0.0,0.0,0.0,[],5,False
H593-02060e3d320616b952a39654,dro0b-0001-04,2,0,TOKEN_QRR_MULTI,zero,True,73,304,1,top2,304,304,True,304,True,HOLD,False,False,False,0,0.0,0.0,0.0,0.0,0.0,[72],4,False
H593-02060e3d320616b952a39654,dro0b-0001-04,2,0,TOKEN_QRR_MULTI,inherited_tau,True,73,304,1,top2,304,304,True,304,True,HOLD,False,False,False,0,0.0,0.0,0.0,0.0,0.0,[72],4,False
H593-021e62b31ffbd6d351d13e91,5fe0ce14-bc11-4b43-b002-7efdca0d3003-04,4,0,TOKEN_QR,zero,False,,,,absent,3128,3450,False,3022,False,SWITCH,True,False,False,0,,,,4.604034928891194,1.0337742340259934,[73],6,False
H593-021e62b31ffbd6d351d13e91,5fe0ce14-bc11-4b43-b002-7efdca0d3003-04,4,0,TOKEN_QR,inherited_tau,False,,,,absent,3128,3128,False,3128,False,HOLD,False,False,False,0,,,,0.0,0.0,[],6,False
H593-021e62b31ffbd6d351d13e91,5fe0ce14-bc11-4b43-b002-7efdca0d3003-04,4,0,TOKEN_QRR_ANCHOR,zero,False,,,,absent,3128,3450,False,3022,False,SWITCH,True,False,False,0,,,,6.934191346258752,3.3639306513935514,[73],6,False
H593-021e62b31ffbd6d351d13e91,5fe0ce14-bc11-4b43-b002-7efdca0d3003-04,4,0,TOKEN_QRR_ANCHOR,inherited_tau,False,,,,absent,3128,3128,False,3022,False,SWITCH,True,False,False,0,,,,6.934191346258752,3.3639306513935514,[73],6,False
H593-021e62b31ffbd6d351d13e91,5fe0ce14-bc11-4b43-b002-7efdca0d3003-04,4,0,TOKEN_QRR_MULTI,zero,False,,,,absent,3128,3450,False,3128,False,HOLD,True,False,False,0,,,,0.0,0.0,[76],4,False
H593-021e62b31ffbd6d351d13e91,5fe0ce14-bc11-4b43-b002-7efdca0d3003-04,4,0,TOKEN_QRR_MULTI,inherited_tau,False,,,,absent,3128,3128,False,3128,False,HOLD,False,False,False,0,,,,0.0,0.0,[76],4,False
H593-02543adf69ee9391380f4ee6,45mg PFS CArton,0,0,TOKEN_QR,zero,True,18,4830,1,top2,4830,4830,True,4830,True,HOLD,False,False,False,0,0.0,0.0,0.0,0.0,0.0,[],5,False
H593-02543adf69ee9391380f4ee6,45mg PFS CArton,0,0,TOKEN_QR,inherited_tau,True,18,4830,1,top2,4830,4830,True,4830,True,HOLD,False,False,False,0,0.0,0.0,0.0,0.0,0.0,[],5,False
H593-02543adf69ee9391380f4ee6,45mg PFS CArton,0,0,TOKEN_QRR_ANCHOR,zero,True,18,4830,1,top2,4830,4830,True,4830,True,HOLD,False,False,False,0,0.0,0.0,0.0,0.0,0.0,[],5,False
H593-02543adf69ee9391380f4ee6,45mg PFS CArton,0,0,TOKEN_QRR_ANCHOR,inherited_tau,True,18,4830,1,top2,4830,4830,True,4830,True,HOLD,False,False,False,0,0.0,0.0,0.0,0.0,0.0,[],5,False
H593-02543adf69ee9391380f4ee6,45mg PFS CArton,0,0,TOKEN_QRR_MULTI,zero,True,18,4830,1,top2,4830,4830,True,4830,True,HOLD,False,False,False,0,0.0,0.0,0.0,0.0,0.0,[51],5,False
H593-02543adf69ee9391380f4ee6,45mg PFS CArton,0,0,TOKEN_QRR_MULTI,inherited_tau,True,18,4830,1,top2,4830,4830,True,4830,True,HOLD,False,False,False,0,0.0,0.0,0.0,0.0,0.0,[51],5,False
H593-028ab5aaff186d9fc48a7f19,3T3-bn-lansoprazole,4,0,TOKEN_QR,zero,True,11,996,1,top2,1787,996,True,996,True,SWITCH,False,False,False,0,2.503392474652637,11.756598200863365,14.259990675516002,11.756598200863365,14.259990675516002,[21],6,False
H593-028ab5aaff186d9fc48a7f19,3T3-bn-lansoprazole,4,0,TOKEN_QR,inherited_tau,True,11,996,1,top2,1787,996,True,996,True,SWITCH,False,False,False,0,2.503392474652637,11.756598200863365,14.259990675516002,11.756598200863365,14.259990675516002,[21],6,False
H593-028ab5aaff186d9fc48a7f19,3T3-bn-lansoprazole,4,0,TOKEN_QRR_ANCHOR,zero,True,11,996,1,top2,1787,996,True,996,True,SWITCH,False,False,False,0,2.503392474652637,11.246258369735825,13.749650844388462,11.246258369735825,13.749650844388462,[21],6,False
H593-028ab5aaff186d9fc48a7f19,3T3-bn-lansoprazole,4,0,TOKEN_QRR_ANCHOR,inherited_tau,True,11,996,1,top2,1787,996,True,996,True,SWITCH,False,False,False,0,2.503392474652637,11.246258369735825,13.749650844388462,11.246258369735825,13.749650844388462,[21],6,False
H593-028ab5aaff186d9fc48a7f19,3T3-bn-lansoprazole,4,0,TOKEN_QRR_MULTI,zero,True,11,996,1,top2,1787,996,True,996,True,SWITCH,False,False,False,0,2.503392474652637,8.870988773455014,11.374381248107651,8.870988773455014,11.374381248107651,"[21, 16]",4,False
H593-028ab5aaff186d9fc48a7f19,3T3-bn-lansoprazole,4,0,TOKEN_QRR_MULTI,inherited_tau,True,11,996,1,top2,1787,996,True,996,True,SWITCH,False,False,False,0,2.503392474652637,8.870988773455014,11.374381248107651,8.870988773455014,11.374381248107651,"[21, 16]",4,False
H593-02ce6b371f2907428fc96ffe,athletes-01,4,0,TOKEN_QR,zero,True,91,3238,1,top2,3238,3238,True,2500,False,SWITCH,True,False,True,-1,0.0,0.0,0.0,5.930341675040088,4.0200236559742635,[91],6,False
H593-02ce6b371f2907428fc96ffe,athletes-01,4,0,TOKEN_QR,inherited_tau,True,91,3238,1,top2,3238,3238,True,2500,False,SWITCH,True,False,True,-1,0.0,0.0,0.0,5.930341675040088,4.0200236559742635,[91],6,False
H593-02ce6b371f2907428fc96ffe,athletes-01,4,0,TOKEN_QRR_ANCHOR,zero,True,91,3238,1,top2,3238,3238,True,4504,False,SWITCH,True,False,True,-1,0.0,0.0,0.0,8.199433290128479,4.257183437039446,[91],6,False
H593-02ce6b371f2907428fc96ffe,athletes-01,4,0,TOKEN_QRR_ANCHOR,inherited_tau,True,91,3238,1,top2,3238,3238,True,4504,False,SWITCH,True,False,True,-1,0.0,0.0,0.0,8.199433290128479,4.257183437039446,[91],6,False
H593-02ce6b371f2907428fc96ffe,athletes-01,4,0,TOKEN_QRR_MULTI,zero,True,91,3238,1,top2,3238,3238,True,2500,False,SWITCH,True,False,True,-1,0.0,0.0,0.0,2.6708402437898293,0.7605222247240049,"[91, 67]",4,False
H593-02ce6b371f2907428fc96ffe,athletes-01,4,0,TOKEN_QRR_MULTI,inherited_tau,True,91,3238,1,top2,3238,3238,True,3238,True,HOLD,False,False,False,0,0.0,0.0,0.0,0.0,0.0,[67],4,False
H593-03168677fa508c139372f0ed,469584,2,0,TOKEN_QR,zero,True,10,1032,1,top2,1032,1032,True,1032,True,HOLD,False,False,False,0,0.0,0.0,0.0,0.0,0.0,[],7,False
H593-03168677fa508c139372f0ed,469584,2,0,TOKEN_QR,inherited_tau,True,10,1032,1,top2,1032,1032,True,1032,True,HOLD,False,False,False,0,0.0,0.0,0.0,0.0,0.0,[],7,False
H593-03168677fa508c139372f0ed,469584,2,0,TOKEN_QRR_ANCHOR,zero,True,10,1032,1,top2,1032,1032,True,1032,True,HOLD,False,False,False,0,0.0,0.0,0.0,0.0,0.0,[],5,False
H593-03168677fa508c139372f0ed,469584,2,0,TOKEN_QRR_ANCHOR,inherited_tau,True,10,1032,1,top2,1032,1032,True,1032,True,HOLD,False,False,False,0,0.0,0.0,0.0,0.0,0.0,[],5,False
H593-03168677fa508c139372f0ed,469584,2,0,TOKEN_QRR_MULTI,zero,True,10,1032,1,top2,1032,1032,True,1032,True,HOLD,False,False,False,0,0.0,0.0,0.0,0.0,0.0,[5],4,False
H593-03168677fa508c139372f0ed,469584,2,0,TOKEN_QRR_MULTI,inherited_tau,True,10,1032,1,top2,1032,1032,True,1032,True,HOLD,False,False,False,0,0.0,0.0,0.0,0.0,0.0,[5],4,False
H593-04953480712cfc6b638e8fb2,athletes-01,4,0,TOKEN_QR,zero,True,81,3238,1,top2,3238,3238,True,3238,True,HOLD,False,False,False,0,0.0,0.0,0.0,0.0,0.0,[],6,False
H593-04953480712cfc6b638e8fb2,athletes-01,4,0,TOKEN_QR,inherited_tau,True,81,3238,1,top2,3238,3238,True,3238,True,HOLD,False,False,False,0,0.0,0.0,0.0,0.0,0.0,[],6,False
H593-04953480712cfc6b638e8fb2,athletes-01,4,0,TOKEN_QRR_ANCHOR,zero,True,81,3238,1,top2,3238,3238,True,3238,True,HOLD,False,False,False,0,0.0,0.0,0.0,0.0,0.0,[],6,False
H593-04953480712cfc6b638e8fb2,athletes-01,4,0,TOKEN_QRR_ANCHOR,inherited_tau,True,81,3238,1,top2,3238,3238,True,3238,True,HOLD,False,False,False,0,0.0,0.0,0.0,0.0,0.0,[],6,False
H593-04953480712cfc6b638e8fb2,athletes-01,4,0,TOKEN_QRR_MULTI,zero,True,81,3238,1,top2,3238,3238,True,3238,True,HOLD,False,False,False,0,0.0,0.0,0.0,0.0,0.0,[100],4,False
H593-04953480712cfc6b638e8fb2,athletes-01,4,0,TOKEN_QRR_MULTI,inherited_tau,True,81,3238,1,top2,3238,3238,True,3238,True,HOLD,False,False,False,0,0.0,0.0,0.0,0.0,0.0,[100],4,False
H593-04bd54f85fedc55966f9ee04,vetoryl-09,2,0,TOKEN_QR,zero,True,112,512,1,top2,512,512,True,510,False,SWITCH,True,False,True,-1,0.0,0.0,0.0,0.8358301182925416,0.11748411266398473,[112],7,False
H593-04bd54f85fedc55966f9ee04,vetoryl-09,2,0,TOKEN_QR,inherited_tau,True,112,512,1,top2,512,510,False,510,False,SWITCH,False,False,False,0,0.0,0.0,0.0,0.8358301182925416,0.11748411266398473,[112],7,False
H593-04bd54f85fedc55966f9ee04,vetoryl-09,2,0,TOKEN_QRR_ANCHOR,zero,True,112,512,1,top2,512,512,True,510,False,SWITCH,True,False,True,-1,0.0,0.0,0.0,1.364746749243031,0.6464007436144741,[112],5,False
H593-04bd54f85fedc55966f9ee04,vetoryl-09,2,0,TOKEN_QRR_ANCHOR,inherited_tau,True,112,512,1,top2,512,510,False,510,False,SWITCH,False,False,False,0,0.0,0.0,0.0,1.364746749243031,0.6464007436144741,[112],5,False
H593-04bd54f85fedc55966f9ee04,vetoryl-09,2,0,TOKEN_QRR_MULTI,zero,True,112,512,1,top2,512,512,True,510,False,SWITCH,True,False,True,-1,0.0,0.0,0.0,1.6601593587226022,0.9418133530940453,"[112, 111]",4,False
H593-04bd54f85fedc55966f9ee04,vetoryl-09,2,0,TOKEN_QRR_MULTI,inherited_tau,True,112,512,1,top2,512,510,False,510,False,SWITCH,False,False,False,0,0.0,0.0,0.0,1.6601593587226022,0.9418133530940453,"[112, 111]",4,False
H593-0576bfe455276d27cc059542,AntifluDesbx,2,0,TOKEN_QR,zero,True,28,1424,1,top2,1424,1424,True,1424,True,HOLD,False,False,False,0,0.0,0.0,0.0,0.0,0.0,[],7,False
H593-0576bfe455276d27cc059542,AntifluDesbx,2,0,TOKEN_QR,inherited_tau,True,28,1424,1,top2,1424,1424,True,1424,True,HOLD,False,False,False,0,0.0,0.0,0.0,0.0,0.0,[],7,False
H593-0576bfe455276d27cc059542,AntifluDesbx,2,0,TOKEN_QRR_ANCHOR,zero,True,28,1424,1,top2,1424,1424,True,1424,True,HOLD,False,False,False,0,0.0,0.0,0.0,0.0,0.0,[],5,False
H593-0576bfe455276d27cc059542,AntifluDesbx,2,0,TOKEN_QRR_ANCHOR,inherited_tau,True,28,1424,1,top2,1424,1424,True,1424,True,HOLD,False,False,False,0,0.0,0.0,0.0,0.0,0.0,[],5,False
H593-0576bfe455276d27cc059542,AntifluDesbx,2,0,TOKEN_QRR_MULTI,zero,True,28,1424,1,top2,1424,1424,True,1424,True,HOLD,False,False,False,0,0.0,0.0,0.0,0.0,0.0,[62],4,False
H593-0576bfe455276d27cc059542,AntifluDesbx,2,0,TOKEN_QRR_MULTI,inherited_tau,True,28,1424,1,top2,1424,1424,True,1424,True,HOLD,False,False,False,0,0.0,0.0,0.0,0.0,0.0,[62],4,False
H593-059423d2642d803097a5e092,160mgcarton,0,0,TOKEN_QR,zero,True,7,19,1,top2,19,19,True,19,True,HOLD,False,False,False,0,0.0,0.0,0.0,0.0,0.0,[],5,False
H593-059423d2642d803097a5e092,160mgcarton,0,0,TOKEN_QR,inherited_tau,True,7,19,1,top2,19,20,False,19,True,HOLD,True,True,False,1,0.0,0.0,0.0,0.0,0.0,[],5,False
H593-059423d2642d803097a5e092,160mgcarton,0,0,TOKEN_QRR_ANCHOR,zero,True,7,19,1,top2,19,19,True,19,True,HOLD,False,False,False,0,0.0,0.0,0.0,0.0,0.0,[],5,False
H593-059423d2642d803097a5e092,160mgcarton,0,0,TOKEN_QRR_ANCHOR,inherited_tau,True,7,19,1,top2,19,20,False,19,True,HOLD,True,True,False,1,0.0,0.0,0.0,0.0,0.0,[],5,False
H593-059423d2642d803097a5e092,160mgcarton,0,0,TOKEN_QRR_MULTI,zero,True,7,19,1,top2,19,19,True,19,True,HOLD,False,False,False,0,0.0,0.0,0.0,0.0,0.0,[8],5,False
H593-059423d2642d803097a5e092,160mgcarton,0,0,TOKEN_QRR_MULTI,inherited_tau,True,7,19,1,top2,19,20,False,19,True,HOLD,True,True,False,1,0.0,0.0,0.0,0.0,0.0,[8],5,False
H593-059b70b913c381ca4c02e851,0003,1,0,TOKEN_QR,zero,True,1,518,1,top2,518,518,True,518,True,HOLD,False,False,False,0,0.0,0.0,0.0,0.0,0.0,[],7,False
H593-059b70b913c381ca4c02e851,0003,1,0,TOKEN_QR,inherited_tau,True,1,518,1,top2,518,518,True,518,True,HOLD,False,False,False,0,0.0,0.0,0.0,0.0,0.0,[],7,False
H593-059b70b913c381ca4c02e851,0003,1,0,TOKEN_QRR_ANCHOR,zero,True,1,518,1,top2,518,518,True,518,True,HOLD,False,False,False,0,0.0,0.0,0.0,0.0,0.0,[],6,False
H593-059b70b913c381ca4c02e851,0003,1,0,TOKEN_QRR_ANCHOR,inherited_tau,True,1,518,1,top2,518,518,True,518,True,HOLD,False,False,False,0,0.0,0.0,0.0,0.0,0.0,[],6,False
H593-059b70b913c381ca4c02e851,0003,1,0,TOKEN_QRR_MULTI,zero,True,1,518,1,top2,518,518,True,518,True,HOLD,False,False,False,0,0.0,0.0,0.0,0.0,0.0,[35],5,False
H593-059b70b913c381ca4c02e851,0003,1,0,TOKEN_QRR_MULTI,inherited_tau,True,1,518,1,top2,518,518,True,518,True,HOLD,False,False,False,0,0.0,0.0,0.0,0.0,0.0,[35],5,False
H593-05b3ce4ffdc0d30f9d3abac9,ciprofloxacin-ophthalmic-solution-2pt5ml-carton,0,0,TOKEN_QR,zero,True,93,5053,1,top2,5053,5053,True,5053,True,HOLD,False,False,False,0,0.0,0.0,0.0,0.0,0.0,[],5,False
H593-05b3ce4ffdc0d30f9d3abac9,ciprofloxacin-ophthalmic-solution-2pt5ml-carton,0,0,TOKEN_QR,inherited_tau,True,93,5053,1,top2,5053,5053,True,5053,True,HOLD,False,False,False,0,0.0,0.0,0.0,0.0,0.0,[],5,False
H593-05b3ce4ffdc0d30f9d3abac9,ciprofloxacin-ophthalmic-solution-2pt5ml-carton,0,0,TOKEN_QRR_ANCHOR,zero,True,93,5053,1,top2,5053,5053,True,5053,True,HOLD,False,False,False,0,0.0,0.0,0.0,0.0,0.0,[],5,False
H593-05b3ce4ffdc0d30f9d3abac9,ciprofloxacin-ophthalmic-solution-2pt5ml-carton,0,0,TOKEN_QRR_ANCHOR,inherited_tau,True,93,5053,1,top2,5053,5053,True,5053,True,HOLD,False,False,False,0,0.0,0.0,0.0,0.0,0.0,[],5,False
H593-05b3ce4ffdc0d30f9d3abac9,ciprofloxacin-ophthalmic-solution-2pt5ml-carton,0,0,TOKEN_QRR_MULTI,zero,True,93,5053,1,top2,5053,5053,True,5053,True,HOLD,False,False,False,0,0.0,0.0,0.0,0.0,0.0,[60],5,False
H593-05b3ce4ffdc0d30f9d3abac9,ciprofloxacin-ophthalmic-solution-2pt5ml-carton,0,0,TOKEN_QRR_MULTI,inherited_tau,True,93,5053,1,top2,5053,5053,True,5053,True,HOLD,False,False,False,0,0.0,0.0,0.0,0.0,0.0,[60],5,False
H593-064aa36809b4f00051cb821a,10 mL carton,4,0,TOKEN_QR,zero,True,0,0,1,top2,0,0,True,0,True,HOLD,False,False,False,0,0.0,0.0,0.0,0.0,0.0,[],6,False
H593-064aa36809b4f00051cb821a,10 mL carton,4,0,TOKEN_QR,inherited_tau,True,0,0,1,top2,0,0,True,0,True,HOLD,False,False,False,0,0.0,0.0,0.0,0.0,0.0,[],6,False
H593-064aa36809b4f00051cb821a,10 mL carton,4,0,TOKEN_QRR_ANCHOR,zero,True,0,0,1,top2,0,0,True,0,True,HOLD,False,False,False,0,0.0,0.0,0.0,0.0,0.0,[],6,False
H593-064aa36809b4f00051cb821a,10 mL carton,4,0,TOKEN_QRR_ANCHOR,inherited_tau,True,0,0,1,top2,0,0,True,0,True,HOLD,False,False,False,0,0.0,0.0,0.0,0.0,0.0,[],6,False
H593-064aa36809b4f00051cb821a,10 mL carton,4,0,TOKEN_QRR_MULTI,zero,True,0,0,1,top2,0,0,True,0,True,HOLD,False,False,False,0,0.0,0.0,0.0,0.0,0.0,[87],4,False
H593-064aa36809b4f00051cb821a,10 mL carton,4,0,TOKEN_QRR_MULTI,inherited_tau,True,0,0,1,top2,0,0,True,0,True,HOLD,False,False,False,0,0.0,0.0,0.0,0.0,0.0,[87],4,False
H593-068d4310663d131f8027b587,bef4f237-ccb8-4d28-bfc2-41c511a17d7f-01,1,0,TOKEN_QR,zero,True,77,3368,1,top2,3368,3368,True,3368,True,HOLD,False,False,False,0,0.0,0.0,0.0,0.0,0.0,[],7,False
H593-068d4310663d131f8027b587,bef4f237-ccb8-4d28-bfc2-41c511a17d7f-01,1,0,TOKEN_QR,inherited_tau,True,77,3368,1,top2,3368,3368,True,3368,True,HOLD,False,False,False,0,0.0,0.0,0.0,0.0,0.0,[],7,False
H593-068d4310663d131f8027b587,bef4f237-ccb8-4d28-bfc2-41c511a17d7f-01,1,0,TOKEN_QRR_ANCHOR,zero,True,77,3368,1,top2,3368,3368,True,3368,True,HOLD,False,False,False,0,0.0,0.0,0.0,0.0,0.0,[],6,False
H593-068d4310663d131f8027b587,bef4f237-ccb8-4d28-bfc2-41c511a17d7f-01,1,0,TOKEN_QRR_ANCHOR,inherited_tau,True,77,3368,1,top2,3368,3368,True,3368,True,HOLD,False,False,False,0,0.0,0.0,0.0,0.0,0.0,[],6,False
H593-068d4310663d131f8027b587,bef4f237-ccb8-4d28-bfc2-41c511a17d7f-01,1,0,TOKEN_QRR_MULTI,zero,True,77,3368,1,top2,3368,3368,True,3368,True,HOLD,False,False,False,0,0.0,0.0,0.0,0.0,0.0,[5],5,False
H593-068d4310663d131f8027b587,bef4f237-ccb8-4d28-bfc2-41c511a17d7f-01,1,0,TOKEN_QRR_MULTI,inherited_tau,True,77,3368,1,top2,3368,3368,True,3368,True,HOLD,False,False,False,0,0.0,0.0,0.0,0.0,0.0,[5],5,False
H593-07197c3f4badd640f6859f5e,10 mL carton,4,0,TOKEN_QR,zero,True,0,0,1,top2,0,0,True,0,True,HOLD,False,False,False,0,0.0,0.0,0.0,0.0,0.0,[],6,False
H593-07197c3f4badd640f6859f5e,10 mL carton,4,0,TOKEN_QR,inherited_tau,True,0,0,1,top2,0,0,True,0,True,HOLD,False,False,False,0,0.0,0.0,0.0,0.0,0.0,[],6,False
H593-07197c3f4badd640f6859f5e,10 mL carton,4,0,TOKEN_QRR_ANCHOR,zero,True,0,0,1,top2,0,0,True,0,True,HOLD,False,False,False,0,0.0,0.0,0.0,0.0,0.0,[],6,False
H593-07197c3f4badd640f6859f5e,10 mL carton,4,0,TOKEN_QRR_ANCHOR,inherited_tau,True,0,0,1,top2,0,0,True,0,True,HOLD,False,False,False,0,0.0,0.0,0.0,0.0,0.0,[],6,False
H593-07197c3f4badd640f6859f5e,10 mL carton,4,0,TOKEN_QRR_MULTI,zero,True,0,0,1,top2,0,0,True,0,True,HOLD,False,False,False,0,0.0,0.0,0.0,0.0,0.0,[54],4,False
H593-07197c3f4badd640f6859f5e,10 mL carton,4,0,TOKEN_QRR_MULTI,inherited_tau,True,0,0,1,top2,0,0,True,0,True,HOLD,False,False,False,0,0.0,0.0,0.0,0.0,0.0,[54],4,False
H593-0745854000292039c9c10f33,734-uw-mint-mini-nicotine-lozenge,1,0,TOKEN_QR,zero,True,17,1130,1,top2,4367,1130,True,4599,False,SWITCH,True,False,True,-1,1.3319750044765812,-1.1063676849118735,0.2256073195647077,-0.08920145408844604,0.3162678942935958,[105],7,False
H593-0745854000292039c9c10f33,734-uw-mint-mini-nicotine-lozenge,1,0,TOKEN_QR,inherited_tau,True,17,1130,1,top2,4367,4367,False,4367,False,HOLD,False,False,False,0,1.3319750044765812,-1.1063676849118735,0.2256073195647077,0.0,0.0,[],7,False
H593-0745854000292039c9c10f33,734-uw-mint-mini-nicotine-lozenge,1,0,TOKEN_QRR_ANCHOR,zero,True,17,1130,1,top2,4367,1130,True,1130,True,SWITCH,False,False,False,0,1.3319750044765812,-0.04902833851844823,1.282946665958133,-0.04902833851844823,1.282946665958133,[105],6,False
H593-0745854000292039c9c10f33,734-uw-mint-mini-nicotine-lozenge,1,0,TOKEN_QRR_ANCHOR,inherited_tau,True,17,1130,1,top2,4367,4367,False,4367,False,HOLD,False,False,False,0,1.3319750044765812,-0.04902833851844823,1.282946665958133,0.0,0.0,[],6,False
H593-0745854000292039c9c10f33,734-uw-mint-mini-nicotine-lozenge,1,0,TOKEN_QRR_MULTI,zero,True,17,1130,1,top2,4367,1130,True,1130,True,SWITCH,False,False,False,0,1.3319750044765812,1.0601039754688018,2.392078979945383,1.0601039754688018,2.392078979945383,"[105, 114]",5,False
H593-0745854000292039c9c10f33,734-uw-mint-mini-nicotine-lozenge,1,0,TOKEN_QRR_MULTI,inherited_tau,True,17,1130,1,top2,4367,4367,False,1130,True,SWITCH,True,True,False,1,1.3319750044765812,1.0601039754688018,2.392078979945383,1.0601039754688018,2.392078979945383,"[105, 114]",5,False
H593-08297e272b0164e6fdd42e9f,734-uw-mint-mini-nicotine-lozenge,1,0,TOKEN_QR,zero,True,17,1130,2,top2,3368,3368,False,1130,True,SWITCH,True,True,False,1,-1.8803286237452999,10.98426519395893,9.10393657021363,10.98426519395893,9.10393657021363,[51],7,False
H593-08297e272b0164e6fdd42e9f,734-uw-mint-mini-nicotine-lozenge,1,0,TOKEN_QR,inherited_tau,True,17,1130,2,top2,3368,3368,False,1130,True,SWITCH,True,True,False,1,-1.8803286237452999,10.98426519395893,9.10393657021363,10.98426519395893,9.10393657021363,[51],7,False
H593-08297e272b0164e6fdd42e9f,734-uw-mint-mini-nicotine-lozenge,1,0,TOKEN_QRR_ANCHOR,zero,True,17,1130,2,top2,3368,3368,False,1130,True,SWITCH,True,True,False,1,-1.8803286237452999,8.198056356915426,6.317727733170127,8.198056356915426,6.317727733170127,[51],6,False
H593-08297e272b0164e6fdd42e9f,734-uw-mint-mini-nicotine-lozenge,1,0,TOKEN_QRR_ANCHOR,inherited_tau,True,17,1130,2,top2,3368,3368,False,1130,True,SWITCH,True,True,False,1,-1.8803286237452999,8.198056356915426,6.317727733170127,8.198056356915426,6.317727733170127,[51],6,False
H593-08297e272b0164e6fdd42e9f,734-uw-mint-mini-nicotine-lozenge,1,0,TOKEN_QRR_MULTI,zero,True,17,1130,2,top2,3368,3368,False,1130,True,SWITCH,True,True,False,1,-1.8803286237452999,20.02165666841895,18.14132804467365,20.02165666841895,18.14132804467365,"[51, 55]",5,False
H593-08297e272b0164e6fdd42e9f,734-uw-mint-mini-nicotine-lozenge,1,0,TOKEN_QRR_MULTI,inherited_tau,True,17,1130,2,top2,3368,3368,False,1130,True,SWITCH,True,True,False,1,-1.8803286237452999,20.02165666841895,18.14132804467365,20.02165666841895,18.14132804467365,"[51, 55]",5,False
H593-082cd2a46d9b304893a3587c,80mg-cart-np,0,0,TOKEN_QR,zero,True,8,4865,1,top2,4865,4865,True,4865,True,HOLD,False,False,False,0,0.0,0.0,0.0,0.0,0.0,[],5,False
H593-082cd2a46d9b304893a3587c,80mg-cart-np,0,0,TOKEN_QR,inherited_tau,True,8,4865,1,top2,4865,4865,True,4865,True,HOLD,False,False,False,0,0.0,0.0,0.0,0.0,0.0,[],5,False
H593-082cd2a46d9b304893a3587c,80mg-cart-np,0,0,TOKEN_QRR_ANCHOR,zero,True,8,4865,1,top2,4865,4865,True,4865,True,HOLD,False,False,False,0,0.0,0.0,0.0,0.0,0.0,[],5,False
H593-082cd2a46d9b304893a3587c,80mg-cart-np,0,0,TOKEN_QRR_ANCHOR,inherited_tau,True,8,4865,1,top2,4865,4865,True,4865,True,HOLD,False,False,False,0,0.0,0.0,0.0,0.0,0.0,[],5,False
H593-082cd2a46d9b304893a3587c,80mg-cart-np,0,0,TOKEN_QRR_MULTI,zero,True,8,4865,1,top2,4865,4865,True,4865,True,HOLD,False,False,False,0,0.0,0.0,0.0,0.0,0.0,[51],5,False
H593-082cd2a46d9b304893a3587c,80mg-cart-np,0,0,TOKEN_QRR_MULTI,inherited_tau,True,8,4865,1,top2,4865,4865,True,4865,True,HOLD,False,False,False,0,0.0,0.0,0.0,0.0,0.0,[51],5,False
H593-0923651f03329ad9587b7927,vetoryl-09,2,0,TOKEN_QR,zero,True,125,512,10,rank3_128,508,508,False,337,False,SWITCH,True,False,False,0,-2.536280399743565,0.9858614143312945,-1.5504189854122705,2.0519683956384647,1.0323114075751088,[121],7,False
H593-0923651f03329ad9587b7927,vetoryl-09,2,0,TOKEN_QR,inherited_tau,True,125,512,10,rank3_128,508,337,False,337,False,SWITCH,False,False,False,0,-2.536280399743565,0.9858614143312945,-1.5504189854122705,2.0519683956384647,1.0323114075751088,[121],7,False
H593-0923651f03329ad9587b7927,vetoryl-09,2,0,TOKEN_QRR_ANCHOR,zero,True,125,512,10,rank3_128,508,508,False,337,False,SWITCH,True,False,False,0,-2.536280399743565,0.8436751703638894,-1.6926052293796756,2.76239469757088,1.7427377095075243,[121],5,False
H593-0923651f03329ad9587b7927,vetoryl-09,2,0,TOKEN_QRR_ANCHOR,inherited_tau,True,125,512,10,rank3_128,508,337,False,337,False,SWITCH,False,False,False,0,-2.536280399743565,0.8436751703638894,-1.6926052293796756,2.76239469757088,1.7427377095075243,[121],5,False
H593-0923651f03329ad9587b7927,vetoryl-09,2,0,TOKEN_QRR_MULTI,zero,True,125,512,10,rank3_128,508,508,False,337,False,SWITCH,True,False,False,0,-2.536280399743565,1.24964113026695,-1.286639269476615,2.9700045077161423,1.9503475196527864,"[121, 122]",4,False
H593-0923651f03329ad9587b7927,vetoryl-09,2,0,TOKEN_QRR_MULTI,inherited_tau,True,125,512,10,rank3_128,508,337,False,337,False,SWITCH,False,False,False,0,-2.536280399743565,1.24964113026695,-1.286639269476615,2.9700045077161423,1.9503475196527864,"[121, 122]",4,False
H593-094186f2ba40a8fa08ad355b,ciprofloxacin-ophthalmic-solution-2pt5ml-carton,0,0,TOKEN_QR,zero,True,88,5053,1,top2,5053,5053,True,5053,True,HOLD,False,False,False,0,0.0,0.0,0.0,0.0,0.0,[],5,False
H593-094186f2ba40a8fa08ad355b,ciprofloxacin-ophthalmic-solution-2pt5ml-carton,0,0,TOKEN_QR,inherited_tau,True,88,5053,1,top2,5053,5053,True,5053,True,HOLD,False,False,False,0,0.0,0.0,0.0,0.0,0.0,[],5,False
H593-094186f2ba40a8fa08ad355b,ciprofloxacin-ophthalmic-solution-2pt5ml-carton,0,0,TOKEN_QRR_ANCHOR,zero,True,88,5053,1,top2,5053,5053,True,5053,True,HOLD,False,False,False,0,0.0,0.0,0.0,0.0,0.0,[],5,False
H593-094186f2ba40a8fa08ad355b,ciprofloxacin-ophthalmic-solution-2pt5ml-carton,0,0,TOKEN_QRR_ANCHOR,inherited_tau,True,88,5053,1,top2,5053,5053,True,5053,True,HOLD,False,False,False,0,0.0,0.0,0.0,0.0,0.0,[],5,False
H593-094186f2ba40a8fa08ad355b,ciprofloxacin-ophthalmic-solution-2pt5ml-carton,0,0,TOKEN_QRR_MULTI,zero,True,88,5053,1,top2,5053,5053,True,5053,True,HOLD,False,False,False,0,0.0,0.0,0.0,0.0,0.0,[50],5,False
H593-094186f2ba40a8fa08ad355b,ciprofloxacin-ophthalmic-solution-2pt5ml-carton,0,0,TOKEN_QRR_MULTI,inherited_tau,True,88,5053,1,top2,5053,5053,True,5053,True,HOLD,False,False,False,0,0.0,0.0,0.0,0.0,0.0,[50],5,False
H593-097dd2637a0f46ccbfb61ff4,469584,2,0,TOKEN_QR,zero,True,9,1032,1,top2,1032,1032,True,1032,True,HOLD,False,False,False,0,0.0,0.0,0.0,0.0,0.0,[],7,False
H593-097dd2637a0f46ccbfb61ff4,469584,2,0,TOKEN_QR,inherited_tau,True,9,1032,1,top2,1032,1032,True,1032,True,HOLD,False,False,False,0,0.0,0.0,0.0,0.0,0.0,[],7,False
H593-097dd2637a0f46ccbfb61ff4,469584,2,0,TOKEN_QRR_ANCHOR,zero,True,9,1032,1,top2,1032,1032,True,1032,True,HOLD,False,False,False,0,0.0,0.0,0.0,0.0,0.0,[],5,False
H593-097dd2637a0f46ccbfb61ff4,469584,2,0,TOKEN_QRR_ANCHOR,inherited_tau,True,9,1032,1,top2,1032,1032,True,1032,True,HOLD,False,False,False,0,0.0,0.0,0.0,0.0,0.0,[],5,False
H593-097dd2637a0f46ccbfb61ff4,469584,2,0,TOKEN_QRR_MULTI,zero,True,9,1032,1,top2,1032,1032,True,1032,True,HOLD,False,False,False,0,0.0,0.0,0.0,0.0,0.0,[79],4,False
H593-097dd2637a0f46ccbfb61ff4,469584,2,0,TOKEN_QRR_MULTI,inherited_tau,True,9,1032,1,top2,1032,1032,True,1032,True,HOLD,False,False,False,0,0.0,0.0,0.0,0.0,0.0,[79],4,False
H593-09ce47090a8b579fa3833638,83324304-60,0,0,TOKEN_QR,zero,True,12,1145,1,top2,1145,1145,True,1145,True,HOLD,False,False,False,0,0.0,0.0,0.0,0.0,0.0,[],5,False
H593-09ce47090a8b579fa3833638,83324304-60,0,0,TOKEN_QR,inherited_tau,True,12,1145,1,top2,1145,1145,True,1145,True,HOLD,False,False,False,0,0.0,0.0,0.0,0.0,0.0,[],5,False
H593-09ce47090a8b579fa3833638,83324304-60,0,0,TOKEN_QRR_ANCHOR,zero,True,12,1145,1,top2,1145,1145,True,1145,True,HOLD,False,False,False,0,0.0,0.0,0.0,0.0,0.0,[],5,False
H593-09ce47090a8b579fa3833638,83324304-60,0,0,TOKEN_QRR_ANCHOR,inherited_tau,True,12,1145,1,top2,1145,1145,True,1145,True,HOLD,False,False,False,0,0.0,0.0,0.0,0.0,0.0,[],5,False
H593-09ce47090a8b579fa3833638,83324304-60,0,0,TOKEN_QRR_MULTI,zero,True,12,1145,1,top2,1145,1145,True,1145,True,HOLD,False,False,False,0,0.0,0.0,0.0,0.0,0.0,[28],5,False
H593-09ce47090a8b579fa3833638,83324304-60,0,0,TOKEN_QRR_MULTI,inherited_tau,True,12,1145,1,top2,1145,1145,True,1145,True,HOLD,False,False,False,0,0.0,0.0,0.0,0.0,0.0,[28],5,False
H593-0a87021a30d8b6a9de32f2b3,6941714017-1,0,0,TOKEN_QR,zero,True,13,1114,1,top2,1114,1114,True,1114,True,HOLD,False,False,False,0,0.0,0.0,0.0,0.0,0.0,[],5,False
H593-0a87021a30d8b6a9de32f2b3,6941714017-1,0,0,TOKEN_QR,inherited_tau,True,13,1114,1,top2,1114,1114,True,1114,True,HOLD,False,False,False,0,0.0,0.0,0.0,0.0,0.0,[],5,False
H593-0a87021a30d8b6a9de32f2b3,6941714017-1,0,0,TOKEN_QRR_ANCHOR,zero,True,13,1114,1,top2,1114,1114,True,1114,True,HOLD,False,False,False,0,0.0,0.0,0.0,0.0,0.0,[],5,False
H593-0a87021a30d8b6a9de32f2b3,6941714017-1,0,0,TOKEN_QRR_ANCHOR,inherited_tau,True,13,1114,1,top2,1114,1114,True,1114,True,HOLD,False,False,False,0,0.0,0.0,0.0,0.0,0.0,[],5,False
H593-0a87021a30d8b6a9de32f2b3,6941714017-1,0,0,TOKEN_QRR_MULTI,zero,True,13,1114,1,top2,1114,1114,True,1114,True,HOLD,False,False,False,0,0.0,0.0,0.0,0.0,0.0,[84],5,False
H593-0a87021a30d8b6a9de32f2b3,6941714017-1,0,0,TOKEN_QRR_MULTI,inherited_tau,True,13,1114,1,top2,1114,1114,True,1114,True,HOLD,False,False,False,0,0.0,0.0,0.0,0.0,0.0,[84],5,False
H593-0ac0e839567fe775450fa642,4_Kids_Oral_Pain_Relief,3,0,TOKEN_QR,zero,True,15,608,1,top2,608,608,True,608,True,HOLD,False,False,False,0,0.0,0.0,0.0,0.0,0.0,[],6,False
H593-0ac0e839567fe775450fa642,4_Kids_Oral_Pain_Relief,3,0,TOKEN_QR,inherited_tau,True,15,608,1,top2,608,608,True,608,True,HOLD,False,False,False,0,0.0,0.0,0.0,0.0,0.0,[],6,False
H593-0ac0e839567fe775450fa642,4_Kids_Oral_Pain_Relief,3,0,TOKEN_QRR_ANCHOR,zero,True,15,608,1,top2,608,608,True,608,True,HOLD,False,False,False,0,0.0,0.0,0.0,0.0,0.0,[],6,False
H593-0ac0e839567fe775450fa642,4_Kids_Oral_Pain_Relief,3,0,TOKEN_QRR_ANCHOR,inherited_tau,True,15,608,1,top2,608,608,True,608,True,HOLD,False,False,False,0,0.0,0.0,0.0,0.0,0.0,[],6,False
H593-0ac0e839567fe775450fa642,4_Kids_Oral_Pain_Relief,3,0,TOKEN_QRR_MULTI,zero,True,15,608,1,top2,608,608,True,608,True,HOLD,False,False,False,0,0.0,0.0,0.0,0.0,0.0,[36],5,False
H593-0ac0e839567fe775450fa642,4_Kids_Oral_Pain_Relief,3,0,TOKEN_QRR_MULTI,inherited_tau,True,15,608,1,top2,608,608,True,608,True,HOLD,False,False,False,0,0.0,0.0,0.0,0.0,0.0,[36],5,False
H593-0c19fd5a9f5839f926c4ae57,77l96n1c1,1,0,TOKEN_QR,zero,True,88,4861,1,top2,4861,4861,True,4861,True,HOLD,False,False,False,0,0.0,0.0,0.0,0.0,0.0,[],7,False
H593-0c19fd5a9f5839f926c4ae57,77l96n1c1,1,0,TOKEN_QR,inherited_tau,True,88,4861,1,top2,4861,4861,True,4861,True,HOLD,False,False,False,0,0.0,0.0,0.0,0.0,0.0,[],7,False
H593-0c19fd5a9f5839f926c4ae57,77l96n1c1,1,0,TOKEN_QRR_ANCHOR,zero,True,88,4861,1,top2,4861,4861,True,4861,True,HOLD,False,False,False,0,0.0,0.0,0.0,0.0,0.0,[],6,False
H593-0c19fd5a9f5839f926c4ae57,77l96n1c1,1,0,TOKEN_QRR_ANCHOR,inherited_tau,True,88,4861,1,top2,4861,4861,True,4861,True,HOLD,False,False,False,0,0.0,0.0,0.0,0.0,0.0,[],6,False
H593-0c19fd5a9f5839f926c4ae57,77l96n1c1,1,0,TOKEN_QRR_MULTI,zero,True,88,4861,1,top2,4861,4861,True,4861,True,HOLD,False,False,False,0,0.0,0.0,0.0,0.0,0.0,[107],5,False
H593-0c19fd5a9f5839f926c4ae57,77l96n1c1,1,0,TOKEN_QRR_MULTI,inherited_tau,True,88,4861,1,top2,4861,4861,True,4861,True,HOLD,False,False,False,0,0.0,0.0,0.0,0.0,0.0,[107],5,False
H593-0c251f2d0b52c9cde036edc1,ASP Cough Mucus Congestion PMG 24ct,1,0,TOKEN_QR,zero,True,18,1322,1,top2,1322,1322,True,1322,True,HOLD,False,False,False,0,0.0,0.0,0.0,0.0,0.0,[],7,False
H593-0c251f2d0b52c9cde036edc1,ASP Cough Mucus Congestion PMG 24ct,1,0,TOKEN_QR,inherited_tau,True,18,1322,1,top2,1322,1322,True,1322,True,HOLD,False,False,False,0,0.0,0.0,0.0,0.0,0.0,[],7,False
H593-0c251f2d0b52c9cde036edc1,ASP Cough Mucus Congestion PMG 24ct,1,0,TOKEN_QRR_ANCHOR,zero,True,18,1322,1,top2,1322,1322,True,1322,True,HOLD,False,False,False,0,0.0,0.0,0.0,0.0,0.0,[],6,False
H593-0c251f2d0b52c9cde036edc1,ASP Cough Mucus Congestion PMG 24ct,1,0,TOKEN_QRR_ANCHOR,inherited_tau,True,18,1322,1,top2,1322,1322,True,1322,True,HOLD,False,False,False,0,0.0,0.0,0.0,0.0,0.0,[],6,False
H593-0c251f2d0b52c9cde036edc1,ASP Cough Mucus Congestion PMG 24ct,1,0,TOKEN_QRR_MULTI,zero,True,18,1322,1,top2,1322,1322,True,1322,True,HOLD,False,False,False,0,0.0,0.0,0.0,0.0,0.0,[9],5,False
H593-0c251f2d0b52c9cde036edc1,ASP Cough Mucus Congestion PMG 24ct,1,0,TOKEN_QRR_MULTI,inherited_tau,True,18,1322,1,top2,1322,1322,True,1322,True,HOLD,False,False,False,0,0.0,0.0,0.0,0.0,0.0,[9],5,False
H593-0c93295a4efc661bc7464f47,2021 Lice Freee!_6ozPOP R2a,3,0,TOKEN_QR,zero,True,10,567,1,top2,1873,567,True,567,True,SWITCH,False,False,False,0,3.381918052893006,8.226832512156246,11.608750565049252,8.226832512156246,11.608750565049252,[52],6,False
H593-0c93295a4efc661bc7464f47,2021 Lice Freee!_6ozPOP R2a,3,0,TOKEN_QR,inherited_tau,True,10,567,1,top2,1873,567,True,567,True,SWITCH,False,False,False,0,3.381918052893006,8.226832512156246,11.608750565049252,8.226832512156246,11.608750565049252,[52],6,False
H593-0c93295a4efc661bc7464f47,2021 Lice Freee!_6ozPOP R2a,3,0,TOKEN_QRR_ANCHOR,zero,True,10,567,1,top2,1873,567,True,567,True,SWITCH,False,False,False,0,3.381918052893006,10.089936397399052,13.471854450292058,10.089936397399052,13.471854450292058,[52],6,False
H593-0c93295a4efc661bc7464f47,2021 Lice Freee!_6ozPOP R2a,3,0,TOKEN_QRR_ANCHOR,inherited_tau,True,10,567,1,top2,1873,567,True,567,True,SWITCH,False,False,False,0,3.381918052893006,10.089936397399052,13.471854450292058,10.089936397399052,13.471854450292058,[52],6,False
H593-0c93295a4efc661bc7464f47,2021 Lice Freee!_6ozPOP R2a,3,0,TOKEN_QRR_MULTI,zero,True,10,567,1,top2,1873,567,True,567,True,SWITCH,False,False,False,0,3.381918052893006,11.477594498410138,14.859512551303144,11.477594498410138,14.859512551303144,"[52, 42]",5,False
H593-0c93295a4efc661bc7464f47,2021 Lice Freee!_6ozPOP R2a,3,0,TOKEN_QRR_MULTI,inherited_tau,True,10,567,1,top2,1873,567,True,567,True,SWITCH,False,False,False,0,3.381918052893006,11.477594498410138,14.859512551303144,11.477594498410138,14.859512551303144,"[52, 42]",5,False
H593-0d8db033f048bf0a40089770,sevospire-02,2,0,TOKEN_QR,zero,True,21,480,1,top2,480,480,True,480,True,HOLD,False,False,False,0,0.0,0.0,0.0,0.0,0.0,[],7,False
H593-0d8db033f048bf0a40089770,sevospire-02,2,0,TOKEN_QR,inherited_tau,True,21,480,1,top2,480,480,True,480,True,HOLD,False,False,False,0,0.0,0.0,0.0,0.0,0.0,[],7,False
H593-0d8db033f048bf0a40089770,sevospire-02,2,0,TOKEN_QRR_ANCHOR,zero,True,21,480,1,top2,480,480,True,480,True,HOLD,False,False,False,0,0.0,0.0,0.0,0.0,0.0,[],5,False
H593-0d8db033f048bf0a40089770,sevospire-02,2,0,TOKEN_QRR_ANCHOR,inherited_tau,True,21,480,1,top2,480,480,True,480,True,HOLD,False,False,False,0,0.0,0.0,0.0,0.0,0.0,[],5,False
H593-0d8db033f048bf0a40089770,sevospire-02,2,0,TOKEN_QRR_MULTI,zero,True,21,480,1,top2,480,480,True,480,True,HOLD,False,False,False,0,0.0,0.0,0.0,0.0,0.0,[12],4,False
H593-0d8db033f048bf0a40089770,sevospire-02,2,0,TOKEN_QRR_MULTI,inherited_tau,True,21,480,1,top2,480,480,True,480,True,HOLD,False,False,False,0,0.0,0.0,0.0,0.0,0.0,[12],4,False
H593-0dc7d62664f27ce00d40a1ab,AlkaSeltzer_36,1,0,TOKEN_QR,zero,True,58,1402,1,top2,1402,1402,True,1402,True,HOLD,False,False,False,0,0.0,0.0,0.0,0.0,0.0,[],7,False
H593-0dc7d62664f27ce00d40a1ab,AlkaSeltzer_36,1,0,TOKEN_QR,inherited_tau,True,58,1402,1,top2,1402,1402,True,1402,True,HOLD,False,False,False,0,0.0,0.0,0.0,0.0,0.0,[],7,False
H593-0dc7d62664f27ce00d40a1ab,AlkaSeltzer_36,1,0,TOKEN_QRR_ANCHOR,zero,True,58,1402,1,top2,1402,1402,True,1402,True,HOLD,False,False,False,0,0.0,0.0,0.0,0.0,0.0,[],6,False
H593-0dc7d62664f27ce00d40a1ab,AlkaSeltzer_36,1,0,TOKEN_QRR_ANCHOR,inherited_tau,True,58,1402,1,top2,1402,1402,True,1402,True,HOLD,False,False,False,0,0.0,0.0,0.0,0.0,0.0,[],6,False
H593-0dc7d62664f27ce00d40a1ab,AlkaSeltzer_36,1,0,TOKEN_QRR_MULTI,zero,True,58,1402,1,top2,1402,1402,True,1402,True,HOLD,False,False,False,0,0.0,0.0,0.0,0.0,0.0,[55],5,False
H593-0dc7d62664f27ce00d40a1ab,AlkaSeltzer_36,1,0,TOKEN_QRR_MULTI,inherited_tau,True,58,1402,1,top2,1402,1402,True,1402,True,HOLD,False,False,False,0,0.0,0.0,0.0,0.0,0.0,[55],5,False
H593-0dd4951a9b49124b8f24958f,766-e9-infants-pain-and-fever,0,0,TOKEN_QR,zero,True,21,1134,1,top2,1134,1134,True,1134,True,HOLD,False,False,False,0,0.0,0.0,0.0,0.0,0.0,[],5,False
H593-0dd4951a9b49124b8f24958f,766-e9-infants-pain-and-fever,0,0,TOKEN_QR,inherited_tau,True,21,1134,1,top2,1134,1134,True,1134,True,HOLD,False,False,False,0,0.0,0.0,0.0,0.0,0.0,[],5,False
H593-0dd4951a9b49124b8f24958f,766-e9-infants-pain-and-fever,0,0,TOKEN_QRR_ANCHOR,zero,True,21,1134,1,top2,1134,1134,True,1134,True,HOLD,False,False,False,0,0.0,0.0,0.0,0.0,0.0,[],5,False
H593-0dd4951a9b49124b8f24958f,766-e9-infants-pain-and-fever,0,0,TOKEN_QRR_ANCHOR,inherited_tau,True,21,1134,1,top2,1134,1134,True,1134,True,HOLD,False,False,False,0,0.0,0.0,0.0,0.0,0.0,[],5,False
H593-0dd4951a9b49124b8f24958f,766-e9-infants-pain-and-fever,0,0,TOKEN_QRR_MULTI,zero,True,21,1134,1,top2,1134,1134,True,1134,True,HOLD,False,False,False,0,0.0,0.0,0.0,0.0,0.0,[55],5,False
H593-0dd4951a9b49124b8f24958f,766-e9-infants-pain-and-fever,0,0,TOKEN_QRR_MULTI,inherited_tau,True,21,1134,1,top2,1134,1134,True,1134,True,HOLD,False,False,False,0,0.0,0.0,0.0,0.0,0.0,[55],5,False
H593-0de8c65af51ef20333889d71,469584,2,0,TOKEN_QR,zero,True,10,1032,1,top2,1032,1032,True,1032,True,HOLD,False,False,False,0,0.0,0.0,0.0,0.0,0.0,[],7,False
H593-0de8c65af51ef20333889d71,469584,2,0,TOKEN_QR,inherited_tau,True,10,1032,1,top2,1032,1032,True,1032,True,HOLD,False,False,False,0,0.0,0.0,0.0,0.0,0.0,[],7,False
H593-0de8c65af51ef20333889d71,469584,2,0,TOKEN_QRR_ANCHOR,zero,True,10,1032,1,top2,1032,1032,True,1032,True,HOLD,False,False,False,0,0.0,0.0,0.0,0.0,0.0,[],5,False
H593-0de8c65af51ef20333889d71,469584,2,0,TOKEN_QRR_ANCHOR,inherited_tau,True,10,1032,1,top2,1032,1032,True,1032,True,HOLD,False,False,False,0,0.0,0.0,0.0,0.0,0.0,[],5,False
H593-0de8c65af51ef20333889d71,469584,2,0,TOKEN_QRR_MULTI,zero,True,10,1032,1,top2,1032,1032,True,1032,True,HOLD,False,False,False,0,0.0,0.0,0.0,0.0,0.0,[79],4,False
H593-0de8c65af51ef20333889d71,469584,2,0,TOKEN_QRR_MULTI,inherited_tau,True,10,1032,1,top2,1032,1032,True,1032,True,HOLD,False,False,False,0,0.0,0.0,0.0,0.0,0.0,[79],4,False
H593-0e5d73ab749914eaaeb680ae,766-e9-infants-pain-and-fever,0,0,TOKEN_QR,zero,False,,,,absent,4075,4075,False,4326,False,SWITCH,True,False,False,0,,,,1.1627296665564906,0.679347336080766,[101],5,False
H593-0e5d73ab749914eaaeb680ae,766-e9-infants-pain-and-fever,0,0,TOKEN_QR,inherited_tau,False,,,,absent,4075,3926,False,4326,False,SWITCH,True,False,False,0,,,,1.1627296665564906,0.679347336080766,[101],5,False
H593-0e5d73ab749914eaaeb680ae,766-e9-infants-pain-and-fever,0,0,TOKEN_QRR_ANCHOR,zero,False,,,,absent,4075,4075,False,4326,False,SWITCH,True,False,False,0,,,,5.742341273771019,5.258958943295294,[101],5,False
H593-0e5d73ab749914eaaeb680ae,766-e9-infants-pain-and-fever,0,0,TOKEN_QRR_ANCHOR,inherited_tau,False,,,,absent,4075,3926,False,4326,False,SWITCH,True,False,False,0,,,,5.742341273771019,5.258958943295294,[101],5,False
H593-0e5d73ab749914eaaeb680ae,766-e9-infants-pain-and-fever,0,0,TOKEN_QRR_MULTI,zero,False,,,,absent,4075,4075,False,4326,False,SWITCH,True,False,False,0,,,,6.400078814349911,5.916696483874186,"[101, 98]",5,False
H593-0e5d73ab749914eaaeb680ae,766-e9-infants-pain-and-fever,0,0,TOKEN_QRR_MULTI,inherited_tau,False,,,,absent,4075,3926,False,4326,False,SWITCH,True,False,False,0,,,,6.400078814349911,5.916696483874186,"[101, 98]",5,False
H593-0e8e2230acf18be9984a101b,766-e9-infants-pain-and-fever,0,0,TOKEN_QR,zero,True,27,1134,1,top2,1134,1134,True,1134,True,HOLD,False,False,False,0,0.0,0.0,0.0,0.0,0.0,[],5,False
H593-0e8e2230acf18be9984a101b,766-e9-infants-pain-and-fever,0,0,TOKEN_QR,inherited_tau,True,27,1134,1,top2,1134,1134,True,1134,True,HOLD,False,False,False,0,0.0,0.0,0.0,0.0,0.0,[],5,False
H593-0e8e2230acf18be9984a101b,766-e9-infants-pain-and-fever,0,0,TOKEN_QRR_ANCHOR,zero,True,27,1134,1,top2,1134,1134,True,1134,True,HOLD,False,False,False,0,0.0,0.0,0.0,0.0,0.0,[],5,False
H593-0e8e2230acf18be9984a101b,766-e9-infants-pain-and-fever,0,0,TOKEN_QRR_ANCHOR,inherited_tau,True,27,1134,1,top2,1134,1134,True,1134,True,HOLD,False,False,False,0,0.0,0.0,0.0,0.0,0.0,[],5,False
H593-0e8e2230acf18be9984a101b,766-e9-infants-pain-and-fever,0,0,TOKEN_QRR_MULTI,zero,True,27,1134,1,top2,1134,1134,True,1134,True,HOLD,False,False,False,0,0.0,0.0,0.0,0.0,0.0,[70],5,False
H593-0e8e2230acf18be9984a101b,766-e9-infants-pain-and-fever,0,0,TOKEN_QRR_MULTI,inherited_tau,True,27,1134,1,top2,1134,1134,True,1134,True,HOLD,False,False,False,0,0.0,0.0,0.0,0.0,0.0,[70],5,False
H593-0ee088c09f80add39585ed84,lox01-0004-14,1,0,TOKEN_QR,zero,True,94,409,1,top2,409,409,True,409,True,HOLD,False,False,False,0,0.0,0.0,0.0,0.0,0.0,[],7,False
H593-0ee088c09f80add39585ed84,lox01-0004-14,1,0,TOKEN_QR,inherited_tau,True,94,409,1,top2,409,409,True,409,True,HOLD,False,False,False,0,0.0,0.0,0.0,0.0,0.0,[],7,False
H593-0ee088c09f80add39585ed84,lox01-0004-14,1,0,TOKEN_QRR_ANCHOR,zero,True,94,409,1,top2,409,409,True,409,True,HOLD,False,False,False,0,0.0,0.0,0.0,0.0,0.0,[],6,False
H593-0ee088c09f80add39585ed84,lox01-0004-14,1,0,TOKEN_QRR_ANCHOR,inherited_tau,True,94,409,1,top2,409,409,True,409,True,HOLD,False,False,False,0,0.0,0.0,0.0,0.0,0.0,[],6,False
H593-0ee088c09f80add39585ed84,lox01-0004-14,1,0,TOKEN_QRR_MULTI,zero,True,94,409,1,top2,409,409,True,409,True,HOLD,False,False,False,0,0.0,0.0,0.0,0.0,0.0,[95],5,False
H593-0ee088c09f80add39585ed84,lox01-0004-14,1,0,TOKEN_QRR_MULTI,inherited_tau,True,94,409,1,top2,409,409,True,409,True,HOLD,False,False,False,0,0.0,0.0,0.0,0.0,0.0,[95],5,False
H593-102e05de4bdefbe546c83578,964901_LR,0,0,TOKEN_QR,zero,False,,,,absent,2728,3252,False,3252,False,SWITCH,False,False,False,0,,,,0.34398561493129476,2.8662651804996826,[43],5,False
H593-102e05de4bdefbe546c83578,964901_LR,0,0,TOKEN_QR,inherited_tau,False,,,,absent,2728,3252,False,3252,False,SWITCH,False,False,False,0,,,,0.34398561493129476,2.8662651804996826,[43],5,False
H593-102e05de4bdefbe546c83578,964901_LR,0,0,TOKEN_QRR_ANCHOR,zero,False,,,,absent,2728,3252,False,3252,False,SWITCH,False,False,False,0,,,,-0.044561682450171336,2.4777178831182165,[43],5,False
H593-102e05de4bdefbe546c83578,964901_LR,0,0,TOKEN_QRR_ANCHOR,inherited_tau,False,,,,absent,2728,3252,False,3252,False,SWITCH,False,False,False,0,,,,-0.044561682450171336,2.4777178831182165,[43],5,False
H593-102e05de4bdefbe546c83578,964901_LR,0,0,TOKEN_QRR_MULTI,zero,False,,,,absent,2728,3252,False,3252,False,SWITCH,False,False,False,0,,,,0.006881722368341947,2.52916128793673,"[43, 49]",5,False
H593-102e05de4bdefbe546c83578,964901_LR,0,0,TOKEN_QRR_MULTI,inherited_tau,False,,,,absent,2728,3252,False,3252,False,SWITCH,False,False,False,0,,,,0.006881722368341947,2.52916128793673,"[43, 49]",5,False
H593-106aa1a451e3f1c3a21d37fe,AlkaSeltzer_36,1,0,TOKEN_QR,zero,True,39,1402,1,top2,1022,1402,True,1402,True,SWITCH,False,False,False,0,2.421357230864767,15.378678875308935,17.800036106173703,15.378678875308935,17.800036106173703,[12],7,False
H593-106aa1a451e3f1c3a21d37fe,AlkaSeltzer_36,1,0,TOKEN_QR,inherited_tau,True,39,1402,1,top2,1022,1402,True,1402,True,SWITCH,False,False,False,0,2.421357230864767,15.378678875308935,17.800036106173703,15.378678875308935,17.800036106173703,[12],7,False
H593-106aa1a451e3f1c3a21d37fe,AlkaSeltzer_36,1,0,TOKEN_QRR_ANCHOR,zero,True,39,1402,1,top2,1022,1402,True,1402,True,SWITCH,False,False,False,0,2.421357230864767,14.576027404340962,16.99738463520573,14.576027404340962,16.99738463520573,[12],6,False
H593-106aa1a451e3f1c3a21d37fe,AlkaSeltzer_36,1,0,TOKEN_QRR_ANCHOR,inherited_tau,True,39,1402,1,top2,1022,1402,True,1402,True,SWITCH,False,False,False,0,2.421357230864767,14.576027404340962,16.99738463520573,14.576027404340962,16.99738463520573,[12],6,False
H593-106aa1a451e3f1c3a21d37fe,AlkaSeltzer_36,1,0,TOKEN_QRR_MULTI,zero,True,39,1402,1,top2,1022,1402,True,1402,True,SWITCH,False,False,False,0,2.421357230864767,25.321161718193185,27.742518949057953,25.321161718193185,27.742518949057953,"[12, 11]",5,False
H593-106aa1a451e3f1c3a21d37fe,AlkaSeltzer_36,1,0,TOKEN_QRR_MULTI,inherited_tau,True,39,1402,1,top2,1022,1402,True,1402,True,SWITCH,False,False,False,0,2.421357230864767,25.321161718193185,27.742518949057953,25.321161718193185,27.742518949057953,"[12, 11]",5,False
H593-10e669d82eed33568754dbb1,anti caries toothpaste carton,4,0,TOKEN_QR,zero,True,63,3144,1,top2,3144,3144,True,3144,True,HOLD,False,False,False,0,0.0,0.0,0.0,0.0,0.0,[],6,False
H593-10e669d82eed33568754dbb1,anti caries toothpaste carton,4,0,TOKEN_QR,inherited_tau,True,63,3144,1,top2,3144,3144,True,3144,True,HOLD,False,False,False,0,0.0,0.0,0.0,0.0,0.0,[],6,False
H593-10e669d82eed33568754dbb1,anti caries toothpaste carton,4,0,TOKEN_QRR_ANCHOR,zero,True,63,3144,1,top2,3144,3144,True,3144,True,HOLD,False,False,False,0,0.0,0.0,0.0,0.0,0.0,[],6,False
H593-10e669d82eed33568754dbb1,anti caries toothpaste carton,4,0,TOKEN_QRR_ANCHOR,inherited_tau,True,63,3144,1,top2,3144,3144,True,3144,True,HOLD,False,False,False,0,0.0,0.0,0.0,0.0,0.0,[],6,False
H593-10e669d82eed33568754dbb1,anti caries toothpaste carton,4,0,TOKEN_QRR_MULTI,zero,True,63,3144,1,top2,3144,3144,True,3144,True,HOLD,False,False,False,0,0.0,0.0,0.0,0.0,0.0,[102],4,False
H593-10e669d82eed33568754dbb1,anti caries toothpaste carton,4,0,TOKEN_QRR_MULTI,inherited_tau,True,63,3144,1,top2,3144,3144,True,3144,True,HOLD,False,False,False,0,0.0,0.0,0.0,0.0,0.0,[102],4,False
H593-118dee9f38aacba8f825b966,lox01-0004-14,1,0,TOKEN_QR,zero,True,96,409,1,top2,409,409,True,409,True,HOLD,False,False,False,0,0.0,0.0,0.0,0.0,0.0,[],7,False
H593-118dee9f38aacba8f825b966,lox01-0004-14,1,0,TOKEN_QR,inherited_tau,True,96,409,1,top2,409,409,True,409,True,HOLD,False,False,False,0,0.0,0.0,0.0,0.0,0.0,[],7,False
H593-118dee9f38aacba8f825b966,lox01-0004-14,1,0,TOKEN_QRR_ANCHOR,zero,True,96,409,1,top2,409,409,True,409,True,HOLD,False,False,False,0,0.0,0.0,0.0,0.0,0.0,[],6,False
H593-118dee9f38aacba8f825b966,lox01-0004-14,1,0,TOKEN_QRR_ANCHOR,inherited_tau,True,96,409,1,top2,409,409,True,409,True,HOLD,False,False,False,0,0.0,0.0,0.0,0.0,0.0,[],6,False
H593-118dee9f38aacba8f825b966,lox01-0004-14,1,0,TOKEN_QRR_MULTI,zero,True,96,409,1,top2,409,409,True,409,True,HOLD,False,False,False,0,0.0,0.0,0.0,0.0,0.0,[97],5,False
H593-118dee9f38aacba8f825b966,lox01-0004-14,1,0,TOKEN_QRR_MULTI,inherited_tau,True,96,409,1,top2,409,409,True,409,True,HOLD,False,False,False,0,0.0,0.0,0.0,0.0,0.0,[97],5,False
H593-12c93384cd26eac2b57b065b,3T3-bn-lansoprazole,4,0,TOKEN_QR,zero,True,13,996,1,top2,3407,996,True,996,True,SWITCH,False,False,False,0,1.2432795398133774,15.424966323428087,16.668245863241467,15.424966323428087,16.668245863241467,[79],6,False
H593-12c93384cd26eac2b57b065b,3T3-bn-lansoprazole,4,0,TOKEN_QR,inherited_tau,True,13,996,1,top2,3407,996,True,996,True,SWITCH,False,False,False,0,1.2432795398133774,15.424966323428087,16.668245863241467,15.424966323428087,16.668245863241467,[79],6,False
H593-12c93384cd26eac2b57b065b,3T3-bn-lansoprazole,4,0,TOKEN_QRR_ANCHOR,zero,True,13,996,1,top2,3407,996,True,996,True,SWITCH,False,False,False,0,1.2432795398133774,15.419184244011227,16.662463783824606,15.419184244011227,16.662463783824606,[79],6,False
H593-12c93384cd26eac2b57b065b,3T3-bn-lansoprazole,4,0,TOKEN_QRR_ANCHOR,inherited_tau,True,13,996,1,top2,3407,996,True,996,True,SWITCH,False,False,False,0,1.2432795398133774,15.419184244011227,16.662463783824606,15.419184244011227,16.662463783824606,[79],6,False
H593-12c93384cd26eac2b57b065b,3T3-bn-lansoprazole,4,0,TOKEN_QRR_MULTI,zero,True,13,996,1,top2,3407,996,True,996,True,SWITCH,False,False,False,0,1.2432795398133774,12.357140704794146,13.600420244607523,12.357140704794146,13.600420244607523,"[79, 88]",4,False
H593-12c93384cd26eac2b57b065b,3T3-bn-lansoprazole,4,0,TOKEN_QRR_MULTI,inherited_tau,True,13,996,1,top2,3407,996,True,996,True,SWITCH,False,False,False,0,1.2432795398133774,12.357140704794146,13.600420244607523,12.357140704794146,13.600420244607523,"[79, 88]",4,False
H593-135d0a301829fc765ac62aca,athletes-01,4,0,TOKEN_QR,zero,True,81,3238,1,top2,2501,3238,True,3238,True,SWITCH,False,False,False,0,0.16435758495562547,3.4154433482084796,3.579800933164105,3.4154433482084796,3.579800933164105,[57],6,False
H593-135d0a301829fc765ac62aca,athletes-01,4,0,TOKEN_QR,inherited_tau,True,81,3238,1,top2,2501,2501,False,3238,True,SWITCH,True,True,False,1,0.16435758495562547,3.4154433482084796,3.579800933164105,3.4154433482084796,3.579800933164105,[57],6,False
H593-135d0a301829fc765ac62aca,athletes-01,4,0,TOKEN_QRR_ANCHOR,zero,True,81,3238,1,top2,2501,3238,True,3238,True,SWITCH,False,False,False,0,0.16435758495562547,4.140256465472524,4.304614050428149,4.140256465472524,4.304614050428149,[57],6,False
H593-135d0a301829fc765ac62aca,athletes-01,4,0,TOKEN_QRR_ANCHOR,inherited_tau,True,81,3238,1,top2,2501,2501,False,3238,True,SWITCH,True,True,False,1,0.16435758495562547,4.140256465472524,4.304614050428149,4.140256465472524,4.304614050428149,[57],6,False
H593-135d0a301829fc765ac62aca,athletes-01,4,0,TOKEN_QRR_MULTI,zero,True,81,3238,1,top2,2501,3238,True,3238,True,SWITCH,False,False,False,0,0.16435758495562547,2.0481363435249724,2.212493928480598,2.0481363435249724,2.212493928480598,"[57, 46]",4,False
H593-135d0a301829fc765ac62aca,athletes-01,4,0,TOKEN_QRR_MULTI,inherited_tau,True,81,3238,1,top2,2501,2501,False,3238,True,SWITCH,True,True,False,1,0.16435758495562547,2.0481363435249724,2.212493928480598,2.0481363435249724,2.212493928480598,"[57, 46]",4,False
H593-13e342e35a49ea7a9a10b5ce,carton-1-gram-10-vial-pack-premier,2,0,TOKEN_QR,zero,True,31,5004,1,top2,5004,5004,True,5004,True,HOLD,False,False,False,0,0.0,0.0,0.0,0.0,0.0,[],7,False
H593-13e342e35a49ea7a9a10b5ce,carton-1-gram-10-vial-pack-premier,2,0,TOKEN_QR,inherited_tau,True,31,5004,1,top2,5004,5004,True,5004,True,HOLD,False,False,False,0,0.0,0.0,0.0,0.0,0.0,[],7,False
H593-13e342e35a49ea7a9a10b5ce,carton-1-gram-10-vial-pack-premier,2,0,TOKEN_QRR_ANCHOR,zero,True,31,5004,1,top2,5004,5004,True,5004,True,HOLD,False,False,False,0,0.0,0.0,0.0,0.0,0.0,[],5,False
H593-13e342e35a49ea7a9a10b5ce,carton-1-gram-10-vial-pack-premier,2,0,TOKEN_QRR_ANCHOR,inherited_tau,True,31,5004,1,top2,5004,5004,True,5004,True,HOLD,False,False,False,0,0.0,0.0,0.0,0.0,0.0,[],5,False
H593-13e342e35a49ea7a9a10b5ce,carton-1-gram-10-vial-pack-premier,2,0,TOKEN_QRR_MULTI,zero,True,31,5004,1,top2,5004,5004,True,5004,True,HOLD,False,False,False,0,0.0,0.0,0.0,0.0,0.0,[3],4,False
H593-13e342e35a49ea7a9a10b5ce,carton-1-gram-10-vial-pack-premier,2,0,TOKEN_QRR_MULTI,inherited_tau,True,31,5004,1,top2,5004,5004,True,5004,True,HOLD,False,False,False,0,0.0,0.0,0.0,0.0,0.0,[3],4,False
H593-14386333d65f4c444d23e372,dro0b-0001-04,2,0,TOKEN_QR,zero,True,71,304,1,top2,304,304,True,304,True,HOLD,False,False,False,0,0.0,0.0,0.0,0.0,0.0,[],7,False
H593-14386333d65f4c444d23e372,dro0b-0001-04,2,0,TOKEN_QR,inherited_tau,True,71,304,1,top2,304,304,True,304,True,HOLD,False,False,False,0,0.0,0.0,0.0,0.0,0.0,[],7,False
H593-14386333d65f4c444d23e372,dro0b-0001-04,2,0,TOKEN_QRR_ANCHOR,zero,True,71,304,1,top2,304,304,True,304,True,HOLD,False,False,False,0,0.0,0.0,0.0,0.0,0.0,[],5,False
H593-14386333d65f4c444d23e372,dro0b-0001-04,2,0,TOKEN_QRR_ANCHOR,inherited_tau,True,71,304,1,top2,304,304,True,304,True,HOLD,False,False,False,0,0.0,0.0,0.0,0.0,0.0,[],5,False
H593-14386333d65f4c444d23e372,dro0b-0001-04,2,0,TOKEN_QRR_MULTI,zero,True,71,304,1,top2,304,304,True,304,True,HOLD,False,False,False,0,0.0,0.0,0.0,0.0,0.0,[70],4,False
H593-14386333d65f4c444d23e372,dro0b-0001-04,2,0,TOKEN_QRR_MULTI,inherited_tau,True,71,304,1,top2,304,304,True,304,True,HOLD,False,False,False,0,0.0,0.0,0.0,0.0,0.0,[70],4,False
H593-14742ff288bf8a71f7d5208d,10 mL carton,4,0,TOKEN_QR,zero,True,0,0,1,top2,0,0,True,0,True,HOLD,False,False,False,0,0.0,0.0,0.0,0.0,0.0,[],6,False
H593-14742ff288bf8a71f7d5208d,10 mL carton,4,0,TOKEN_QR,inherited_tau,True,0,0,1,top2,0,0,True,0,True,HOLD,False,False,False,0,0.0,0.0,0.0,0.0,0.0,[],6,False
H593-14742ff288bf8a71f7d5208d,10 mL carton,4,0,TOKEN_QRR_ANCHOR,zero,True,0,0,1,top2,0,0,True,0,True,HOLD,False,False,False,0,0.0,0.0,0.0,0.0,0.0,[],6,False
H593-14742ff288bf8a71f7d5208d,10 mL carton,4,0,TOKEN_QRR_ANCHOR,inherited_tau,True,0,0,1,top2,0,0,True,0,True,HOLD,False,False,False,0,0.0,0.0,0.0,0.0,0.0,[],6,False
H593-14742ff288bf8a71f7d5208d,10 mL carton,4,0,TOKEN_QRR_MULTI,zero,True,0,0,1,top2,0,0,True,0,True,HOLD,False,False,False,0,0.0,0.0,0.0,0.0,0.0,[27],4,False
H593-14742ff288bf8a71f7d5208d,10 mL carton,4,0,TOKEN_QRR_MULTI,inherited_tau,True,0,0,1,top2,0,0,True,0,True,HOLD,False,False,False,0,0.0,0.0,0.0,0.0,0.0,[27],4,False
H593-147ee84e2fed004258fe44bc,kedbumin-02,1,0,TOKEN_QR,zero,True,37,4798,1,top2,4798,4798,True,4798,True,HOLD,False,False,False,0,0.0,0.0,0.0,0.0,0.0,[],7,False
H593-147ee84e2fed004258fe44bc,kedbumin-02,1,0,TOKEN_QR,inherited_tau,True,37,4798,1,top2,4798,4798,True,4798,True,HOLD,False,False,False,0,0.0,0.0,0.0,0.0,0.0,[],7,False
H593-147ee84e2fed004258fe44bc,kedbumin-02,1,0,TOKEN_QRR_ANCHOR,zero,True,37,4798,1,top2,4798,4798,True,4798,True,HOLD,False,False,False,0,0.0,0.0,0.0,0.0,0.0,[],6,False
H593-147ee84e2fed004258fe44bc,kedbumin-02,1,0,TOKEN_QRR_ANCHOR,inherited_tau,True,37,4798,1,top2,4798,4798,True,4798,True,HOLD,False,False,False,0,0.0,0.0,0.0,0.0,0.0,[],6,False
H593-147ee84e2fed004258fe44bc,kedbumin-02,1,0,TOKEN_QRR_MULTI,zero,True,37,4798,1,top2,4798,4798,True,4798,True,HOLD,False,False,False,0,0.0,0.0,0.0,0.0,0.0,[29],5,False
H593-147ee84e2fed004258fe44bc,kedbumin-02,1,0,TOKEN_QRR_MULTI,inherited_tau,True,37,4798,1,top2,4798,4798,True,4798,True,HOLD,False,False,False,0,0.0,0.0,0.0,0.0,0.0,[29],5,False
H593-148a11f5ffffec76fd85b3c8,3T3-bn-lansoprazole,4,0,TOKEN_QR,zero,True,9,996,8,rank3_128,3681,4534,False,1998,False,SWITCH,True,False,False,0,-0.23452668083925293,1.8742028758627118,1.6396761950234588,4.24848027156354,4.204902404991646,[86],6,False
H593-148a11f5ffffec76fd85b3c8,3T3-bn-lansoprazole,4,0,TOKEN_QR,inherited_tau,True,9,996,8,rank3_128,3681,3681,False,1998,False,SWITCH,True,False,False,0,-0.23452668083925293,1.8742028758627118,1.6396761950234588,4.24848027156354,4.204902404991646,[86],6,False
H593-148a11f5ffffec76fd85b3c8,3T3-bn-lansoprazole,4,0,TOKEN_QRR_ANCHOR,zero,True,9,996,8,rank3_128,3681,4534,False,1998,False,SWITCH,True,False,False,0,-0.23452668083925293,2.467286870306501,2.2327601894672484,4.322963071438389,4.279385204866495,[86],6,False
H593-148a11f5ffffec76fd85b3c8,3T3-bn-lansoprazole,4,0,TOKEN_QRR_ANCHOR,inherited_tau,True,9,996,8,rank3_128,3681,3681,False,1998,False,SWITCH,True,False,False,0,-0.23452668083925293,2.467286870306501,2.2327601894672484,4.322963071438389,4.279385204866495,[86],6,False
H593-148a11f5ffffec76fd85b3c8,3T3-bn-lansoprazole,4,0,TOKEN_QRR_MULTI,zero,True,9,996,8,rank3_128,3681,4534,False,4534,False,SWITCH,False,False,False,0,-0.23452668083925293,0.9445877732498807,0.7100610924106279,1.2587994879462232,1.6981718688157084,"[86, 46]",4,False
H593-148a11f5ffffec76fd85b3c8,3T3-bn-lansoprazole,4,0,TOKEN_QRR_MULTI,inherited_tau,True,9,996,8,rank3_128,3681,3681,False,4534,False,SWITCH,True,False,False,0,-0.23452668083925293,0.9445877732498807,0.7100610924106279,1.2587994879462232,1.6981718688157084,"[86, 46]",4,False
H593-14a2dd843bc26150f05949e9,anti caries toothpaste carton,4,0,TOKEN_QR,zero,True,80,3144,1,top2,3144,3144,True,3144,True,HOLD,False,False,False,0,0.0,0.0,0.0,0.0,0.0,[],6,False
H593-14a2dd843bc26150f05949e9,anti caries toothpaste carton,4,0,TOKEN_QR,inherited_tau,True,80,3144,1,top2,3144,3144,True,3144,True,HOLD,False,False,False,0,0.0,0.0,0.0,0.0,0.0,[],6,False
H593-14a2dd843bc26150f05949e9,anti caries toothpaste carton,4,0,TOKEN_QRR_ANCHOR,zero,True,80,3144,1,top2,3144,3144,True,3144,True,HOLD,False,False,False,0,0.0,0.0,0.0,0.0,0.0,[],6,False
H593-14a2dd843bc26150f05949e9,anti caries toothpaste carton,4,0,TOKEN_QRR_ANCHOR,inherited_tau,True,80,3144,1,top2,3144,3144,True,3144,True,HOLD,False,False,False,0,0.0,0.0,0.0,0.0,0.0,[],6,False
H593-14a2dd843bc26150f05949e9,anti caries toothpaste carton,4,0,TOKEN_QRR_MULTI,zero,True,80,3144,1,top2,3144,3144,True,3144,True,HOLD,False,False,False,0,0.0,0.0,0.0,0.0,0.0,[106],4,False
H593-14a2dd843bc26150f05949e9,anti caries toothpaste carton,4,0,TOKEN_QRR_MULTI,inherited_tau,True,80,3144,1,top2,3144,3144,True,3144,True,HOLD,False,False,False,0,0.0,0.0,0.0,0.0,0.0,[106],4,False
H593-1533c32a07d745928239de77,5fe0ce14-bc11-4b43-b002-7efdca0d3003-04,4,0,TOKEN_QR,zero,True,38,4776,2,top2,4794,4794,False,4776,True,SWITCH,True,True,False,1,-0.540169709376519,0.775316848680287,0.23514713930376807,0.775316848680287,0.23514713930376807,[50],6,False
H593-1533c32a07d745928239de77,5fe0ce14-bc11-4b43-b002-7efdca0d3003-04,4,0,TOKEN_QR,inherited_tau,True,38,4776,2,top2,4794,4794,False,4794,False,HOLD,False,False,False,0,-0.540169709376519,0.775316848680287,0.23514713930376807,0.0,0.0,[],6,False
H593-1533c32a07d745928239de77,5fe0ce14-bc11-4b43-b002-7efdca0d3003-04,4,0,TOKEN_QRR_ANCHOR,zero,True,38,4776,2,top2,4794,4794,False,4776,True,SWITCH,True,True,False,1,-0.540169709376519,2.449405970661009,1.90923626128449,2.449405970661009,1.90923626128449,[50],6,False
H593-1533c32a07d745928239de77,5fe0ce14-bc11-4b43-b002-7efdca0d3003-04,4,0,TOKEN_QRR_ANCHOR,inherited_tau,True,38,4776,2,top2,4794,4794,False,4776,True,SWITCH,True,True,False,1,-0.540169709376519,2.449405970661009,1.90923626128449,2.449405970661009,1.90923626128449,[50],6,False
H593-1533c32a07d745928239de77,5fe0ce14-bc11-4b43-b002-7efdca0d3003-04,4,0,TOKEN_QRR_MULTI,zero,True,38,4776,2,top2,4794,4794,False,4776,True,SWITCH,True,True,False,1,-0.540169709376519,1.9738431551819957,1.4336734458054767,1.9738431551819957,1.4336734458054767,"[50, 37]",4,False
H593-1533c32a07d745928239de77,5fe0ce14-bc11-4b43-b002-7efdca0d3003-04,4,0,TOKEN_QRR_MULTI,inherited_tau,True,38,4776,2,top2,4794,4794,False,4776,True,SWITCH,True,True,False,1,-0.540169709376519,1.9738431551819957,1.4336734458054767,1.9738431551819957,1.4336734458054767,"[50, 37]",4,False
H593-156bfb4a63653eec1f65ecda,469584,2,0,TOKEN_QR,zero,True,12,1032,1,top2,1032,1032,True,1032,True,HOLD,False,False,False,0,0.0,0.0,0.0,0.0,0.0,[],7,False
H593-156bfb4a63653eec1f65ecda,469584,2,0,TOKEN_QR,inherited_tau,True,12,1032,1,top2,1032,1032,True,1032,True,HOLD,False,False,False,0,0.0,0.0,0.0,0.0,0.0,[],7,False
H593-156bfb4a63653eec1f65ecda,469584,2,0,TOKEN_QRR_ANCHOR,zero,True,12,1032,1,top2,1032,1032,True,1032,True,HOLD,False,False,False,0,0.0,0.0,0.0,0.0,0.0,[],5,False
H593-156bfb4a63653eec1f65ecda,469584,2,0,TOKEN_QRR_ANCHOR,inherited_tau,True,12,1032,1,top2,1032,1032,True,1032,True,HOLD,False,False,False,0,0.0,0.0,0.0,0.0,0.0,[],5,False
H593-156bfb4a63653eec1f65ecda,469584,2,0,TOKEN_QRR_MULTI,zero,True,12,1032,1,top2,1032,1032,True,1032,True,HOLD,False,False,False,0,0.0,0.0,0.0,0.0,0.0,[115],4,False
H593-156bfb4a63653eec1f65ecda,469584,2,0,TOKEN_QRR_MULTI,inherited_tau,True,12,1032,1,top2,1032,1032,True,1032,True,HOLD,False,False,False,0,0.0,0.0,0.0,0.0,0.0,[115],4,False
H593-158f7a5d2bb5969248c9eb5c,askindr carton,3,0,TOKEN_QR,zero,True,78,3208,1,top2,3208,3208,True,3208,True,HOLD,False,False,False,0,0.0,0.0,0.0,0.0,0.0,[],6,False
H593-158f7a5d2bb5969248c9eb5c,askindr carton,3,0,TOKEN_QR,inherited_tau,True,78,3208,1,top2,3208,3208,True,3208,True,HOLD,False,False,False,0,0.0,0.0,0.0,0.0,0.0,[],6,False
H593-158f7a5d2bb5969248c9eb5c,askindr carton,3,0,TOKEN_QRR_ANCHOR,zero,True,78,3208,1,top2,3208,3208,True,3208,True,HOLD,False,False,False,0,0.0,0.0,0.0,0.0,0.0,[],6,False
H593-158f7a5d2bb5969248c9eb5c,askindr carton,3,0,TOKEN_QRR_ANCHOR,inherited_tau,True,78,3208,1,top2,3208,3208,True,3208,True,HOLD,False,False,False,0,0.0,0.0,0.0,0.0,0.0,[],6,False
H593-158f7a5d2bb5969248c9eb5c,askindr carton,3,0,TOKEN_QRR_MULTI,zero,True,78,3208,1,top2,3208,3208,True,3208,True,HOLD,False,False,False,0,0.0,0.0,0.0,0.0,0.0,[9],5,False
H593-158f7a5d2bb5969248c9eb5c,askindr carton,3,0,TOKEN_QRR_MULTI,inherited_tau,True,78,3208,1,top2,3208,3208,True,3208,True,HOLD,False,False,False,0,0.0,0.0,0.0,0.0,0.0,[9],5,False
H593-1608d9630ec3a84e25e593bc,6941714017-1,0,0,TOKEN_QR,zero,True,8,1114,1,top2,693,1114,True,1114,True,SWITCH,False,False,False,0,2.9110701731301516,6.512192405024025,9.423262578154176,6.512192405024025,9.423262578154176,[1],5,False
H593-1608d9630ec3a84e25e593bc,6941714017-1,0,0,TOKEN_QR,inherited_tau,True,8,1114,1,top2,693,1114,True,1114,True,SWITCH,False,False,False,0,2.9110701731301516,6.512192405024025,9.423262578154176,6.512192405024025,9.423262578154176,[1],5,False
H593-1608d9630ec3a84e25e593bc,6941714017-1,0,0,TOKEN_QRR_ANCHOR,zero,True,8,1114,1,top2,693,1114,True,1114,True,SWITCH,False,False,False,0,2.9110701731301516,9.751728106858494,12.662798279988646,9.751728106858494,12.662798279988646,[1],5,False
H593-1608d9630ec3a84e25e593bc,6941714017-1,0,0,TOKEN_QRR_ANCHOR,inherited_tau,True,8,1114,1,top2,693,1114,True,1114,True,SWITCH,False,False,False,0,2.9110701731301516,9.751728106858494,12.662798279988646,9.751728106858494,12.662798279988646,[1],5,False
H593-1608d9630ec3a84e25e593bc,6941714017-1,0,0,TOKEN_QRR_MULTI,zero,True,8,1114,1,top2,693,1114,True,1114,True,SWITCH,False,False,False,0,2.9110701731301516,13.927483854736924,16.838554027867076,13.927483854736924,16.838554027867076,"[1, 104]",5,False
H593-1608d9630ec3a84e25e593bc,6941714017-1,0,0,TOKEN_QRR_MULTI,inherited_tau,True,8,1114,1,top2,693,1114,True,1114,True,SWITCH,False,False,False,0,2.9110701731301516,13.927483854736924,16.838554027867076,13.927483854736924,16.838554027867076,"[1, 104]",5,False
H593-163df34acba78d2b4f94a0d0,77l96n1c1,1,0,TOKEN_QR,zero,True,50,4861,1,top2,4861,4861,True,4861,True,HOLD,False,False,False,0,0.0,0.0,0.0,0.0,0.0,[],7,False
H593-163df34acba78d2b4f94a0d0,77l96n1c1,1,0,TOKEN_QR,inherited_tau,True,50,4861,1,top2,4861,4861,True,4861,True,HOLD,False,False,False,0,0.0,0.0,0.0,0.0,0.0,[],7,False
H593-163df34acba78d2b4f94a0d0,77l96n1c1,1,0,TOKEN_QRR_ANCHOR,zero,True,50,4861,1,top2,4861,4861,True,4861,True,HOLD,False,False,False,0,0.0,0.0,0.0,0.0,0.0,[],6,False
H593-163df34acba78d2b4f94a0d0,77l96n1c1,1,0,TOKEN_QRR_ANCHOR,inherited_tau,True,50,4861,1,top2,4861,4861,True,4861,True,HOLD,False,False,False,0,0.0,0.0,0.0,0.0,0.0,[],6,False
H593-163df34acba78d2b4f94a0d0,77l96n1c1,1,0,TOKEN_QRR_MULTI,zero,True,50,4861,1,top2,4861,4861,True,4861,True,HOLD,False,False,False,0,0.0,0.0,0.0,0.0,0.0,[125],5,False
H593-163df34acba78d2b4f94a0d0,77l96n1c1,1,0,TOKEN_QRR_MULTI,inherited_tau,True,50,4861,1,top2,4861,4861,True,4861,True,HOLD,False,False,False,0,0.0,0.0,0.0,0.0,0.0,[125],5,False
H593-1652082eb7bdd4e18f2fa4e2,com0n-0000-04,1,0,TOKEN_QR,zero,True,55,265,1,top2,265,265,True,265,True,HOLD,False,False,False,0,0.0,0.0,0.0,0.0,0.0,[],7,False
H593-1652082eb7bdd4e18f2fa4e2,com0n-0000-04,1,0,TOKEN_QR,inherited_tau,True,55,265,1,top2,265,265,True,265,True,HOLD,False,False,False,0,0.0,0.0,0.0,0.0,0.0,[],7,False
H593-1652082eb7bdd4e18f2fa4e2,com0n-0000-04,1,0,TOKEN_QRR_ANCHOR,zero,True,55,265,1,top2,265,265,True,265,True,HOLD,False,False,False,0,0.0,0.0,0.0,0.0,0.0,[],6,False
H593-1652082eb7bdd4e18f2fa4e2,com0n-0000-04,1,0,TOKEN_QRR_ANCHOR,inherited_tau,True,55,265,1,top2,265,265,True,265,True,HOLD,False,False,False,0,0.0,0.0,0.0,0.0,0.0,[],6,False
H593-1652082eb7bdd4e18f2fa4e2,com0n-0000-04,1,0,TOKEN_QRR_MULTI,zero,True,55,265,1,top2,265,265,True,265,True,HOLD,False,False,False,0,0.0,0.0,0.0,0.0,0.0,[52],5,False
H593-1652082eb7bdd4e18f2fa4e2,com0n-0000-04,1,0,TOKEN_QRR_MULTI,inherited_tau,True,55,265,1,top2,265,265,True,265,True,HOLD,False,False,False,0,0.0,0.0,0.0,0.0,0.0,[52],5,False
H593-17128afb252013a8b2a0ee5f,Baby spec cream 60 ml_Jun21-Output,2,0,TOKEN_QR,zero,True,37,1641,1,top2,1641,1641,True,1641,True,HOLD,False,False,False,0,0.0,0.0,0.0,0.0,0.0,[],7,False
H593-17128afb252013a8b2a0ee5f,Baby spec cream 60 ml_Jun21-Output,2,0,TOKEN_QR,inherited_tau,True,37,1641,1,top2,1641,1641,True,1641,True,HOLD,False,False,False,0,0.0,0.0,0.0,0.0,0.0,[],7,False
H593-17128afb252013a8b2a0ee5f,Baby spec cream 60 ml_Jun21-Output,2,0,TOKEN_QRR_ANCHOR,zero,True,37,1641,1,top2,1641,1641,True,1641,True,HOLD,False,False,False,0,0.0,0.0,0.0,0.0,0.0,[],5,False
H593-17128afb252013a8b2a0ee5f,Baby spec cream 60 ml_Jun21-Output,2,0,TOKEN_QRR_ANCHOR,inherited_tau,True,37,1641,1,top2,1641,1641,True,1641,True,HOLD,False,False,False,0,0.0,0.0,0.0,0.0,0.0,[],5,False
H593-17128afb252013a8b2a0ee5f,Baby spec cream 60 ml_Jun21-Output,2,0,TOKEN_QRR_MULTI,zero,True,37,1641,1,top2,1641,1641,True,1641,True,HOLD,False,False,False,0,0.0,0.0,0.0,0.0,0.0,[69],4,False
H593-17128afb252013a8b2a0ee5f,Baby spec cream 60 ml_Jun21-Output,2,0,TOKEN_QRR_MULTI,inherited_tau,True,37,1641,1,top2,1641,1641,True,1641,True,HOLD,False,False,False,0,0.0,0.0,0.0,0.0,0.0,[69],4,False
H593-1720428a3a7802dc9dfc49e4,300000538_R-00_Final,3,0,TOKEN_QR,zero,False,,,,absent,892,892,False,1875,False,SWITCH,True,False,False,0,,,,1.7444956771232558,1.590435289856301,[4],6,False
H593-1720428a3a7802dc9dfc49e4,300000538_R-00_Final,3,0,TOKEN_QR,inherited_tau,False,,,,absent,892,1875,False,1875,False,SWITCH,False,False,False,0,,,,1.7444956771232558,1.590435289856301,[4],6,False
H593-1720428a3a7802dc9dfc49e4,300000538_R-00_Final,3,0,TOKEN_QRR_ANCHOR,zero,False,,,,absent,892,892,False,4512,False,SWITCH,True,False,False,0,,,,4.723220984967835,3.0136990455779253,[4],6,False
H593-1720428a3a7802dc9dfc49e4,300000538_R-00_Final,3,0,TOKEN_QRR_ANCHOR,inherited_tau,False,,,,absent,892,1875,False,4512,False,SWITCH,True,False,False,0,,,,4.723220984967835,3.0136990455779253,[4],6,False
H593-1720428a3a7802dc9dfc49e4,300000538_R-00_Final,3,0,TOKEN_QRR_MULTI,zero,False,,,,absent,892,892,False,1875,False,SWITCH,True,False,False,0,,,,2.1264956373569435,1.9724352500899887,"[4, 84]",5,False
H593-1720428a3a7802dc9dfc49e4,300000538_R-00_Final,3,0,TOKEN_QRR_MULTI,inherited_tau,False,,,,absent,892,1875,False,1875,False,SWITCH,False,False,False,0,,,,2.1264956373569435,1.9724352500899887,"[4, 84]",5,False
H593-172289962b84290bc00b6b57,83324304-60,0,0,TOKEN_QR,zero,True,23,1145,1,top2,1145,1145,True,1145,True,HOLD,False,False,False,0,0.0,0.0,0.0,0.0,0.0,[],5,False
H593-172289962b84290bc00b6b57,83324304-60,0,0,TOKEN_QR,inherited_tau,True,23,1145,1,top2,1145,1145,True,1145,True,HOLD,False,False,False,0,0.0,0.0,0.0,0.0,0.0,[],5,False
H593-172289962b84290bc00b6b57,83324304-60,0,0,TOKEN_QRR_ANCHOR,zero,True,23,1145,1,top2,1145,1145,True,1145,True,HOLD,False,False,False,0,0.0,0.0,0.0,0.0,0.0,[],5,False
H593-172289962b84290bc00b6b57,83324304-60,0,0,TOKEN_QRR_ANCHOR,inherited_tau,True,23,1145,1,top2,1145,1145,True,1145,True,HOLD,False,False,False,0,0.0,0.0,0.0,0.0,0.0,[],5,False
H593-172289962b84290bc00b6b57,83324304-60,0,0,TOKEN_QRR_MULTI,zero,True,23,1145,1,top2,1145,1145,True,1145,True,HOLD,False,False,False,0,0.0,0.0,0.0,0.0,0.0,[63],5,False
H593-172289962b84290bc00b6b57,83324304-60,0,0,TOKEN_QRR_MULTI,inherited_tau,True,23,1145,1,top2,1145,1145,True,1145,True,HOLD,False,False,False,0,0.0,0.0,0.0,0.0,0.0,[63],5,False
H593-174dc7ecf520dfa933141c09,bravecto-07,2,0,TOKEN_QR,zero,True,52,221,2,top2,219,219,False,219,False,HOLD,False,False,False,0,-1.1407043248029713,-1.7230259077051215,-2.863730232508093,0.0,0.0,[],7,False
H593-174dc7ecf520dfa933141c09,bravecto-07,2,0,TOKEN_QR,inherited_tau,True,52,221,2,top2,219,221,True,219,False,HOLD,True,False,True,-1,-1.1407043248029713,-1.7230259077051215,-2.863730232508093,0.0,0.0,[],7,False
H593-174dc7ecf520dfa933141c09,bravecto-07,2,0,TOKEN_QRR_ANCHOR,zero,True,52,221,2,top2,219,219,False,219,False,HOLD,False,False,False,0,-1.1407043248029713,-2.2456806466100385,-3.38638497141301,0.0,0.0,[],5,False
H593-174dc7ecf520dfa933141c09,bravecto-07,2,0,TOKEN_QRR_ANCHOR,inherited_tau,True,52,221,2,top2,219,221,True,219,False,HOLD,True,False,True,-1,-1.1407043248029713,-2.2456806466100385,-3.38638497141301,0.0,0.0,[],5,False
H593-174dc7ecf520dfa933141c09,bravecto-07,2,0,TOKEN_QRR_MULTI,zero,True,52,221,2,top2,219,219,False,219,False,HOLD,False,False,False,0,-1.1407043248029713,-1.332327834801948,-2.4730321596049194,0.0,0.0,[52],4,False
H593-174dc7ecf520dfa933141c09,bravecto-07,2,0,TOKEN_QRR_MULTI,inherited_tau,True,52,221,2,top2,219,221,True,219,False,HOLD,True,False,True,-1,-1.1407043248029713,-1.332327834801948,-2.4730321596049194,0.0,0.0,[52],4,False
H593-178d10ad3076a41e89d549dd,Bacitracin Zinc Ointment USP Carton 0.5oz(14.2g) Rev 02-22,4,0,TOKEN_QR,zero,True,34,1652,1,top2,1652,1652,True,1652,True,HOLD,False,False,False,0,0.0,0.0,0.0,0.0,0.0,[],6,False
H593-178d10ad3076a41e89d549dd,Bacitracin Zinc Ointment USP Carton 0.5oz(14.2g) Rev 02-22,4,0,TOKEN_QR,inherited_tau,True,34,1652,1,top2,1652,1652,True,1652,True,HOLD,False,False,False,0,0.0,0.0,0.0,0.0,0.0,[],6,False
H593-178d10ad3076a41e89d549dd,Bacitracin Zinc Ointment USP Carton 0.5oz(14.2g) Rev 02-22,4,0,TOKEN_QRR_ANCHOR,zero,True,34,1652,1,top2,1652,1652,True,1652,True,HOLD,False,False,False,0,0.0,0.0,0.0,0.0,0.0,[],6,False
H593-178d10ad3076a41e89d549dd,Bacitracin Zinc Ointment USP Carton 0.5oz(14.2g) Rev 02-22,4,0,TOKEN_QRR_ANCHOR,inherited_tau,True,34,1652,1,top2,1652,1652,True,1652,True,HOLD,False,False,False,0,0.0,0.0,0.0,0.0,0.0,[],6,False
H593-178d10ad3076a41e89d549dd,Bacitracin Zinc Ointment USP Carton 0.5oz(14.2g) Rev 02-22,4,0,TOKEN_QRR_MULTI,zero,True,34,1652,1,top2,1652,1652,True,1652,True,HOLD,False,False,False,0,0.0,0.0,0.0,0.0,0.0,[35],4,False
H593-178d10ad3076a41e89d549dd,Bacitracin Zinc Ointment USP Carton 0.5oz(14.2g) Rev 02-22,4,0,TOKEN_QRR_MULTI,inherited_tau,True,34,1652,1,top2,1652,1652,True,1652,True,HOLD,False,False,False,0,0.0,0.0,0.0,0.0,0.0,[35],4,False
H593-17e5724183278e475c4a304d,vetoryl-09,2,0,TOKEN_QR,zero,True,65,512,2,top2,508,508,False,512,True,SWITCH,True,True,False,1,-0.43983895382717625,0.5780794436327703,0.13824048980559406,0.5780794436327703,0.13824048980559406,[61],7,False
H593-17e5724183278e475c4a304d,vetoryl-09,2,0,TOKEN_QR,inherited_tau,True,65,512,2,top2,508,512,True,512,True,SWITCH,False,False,False,0,-0.43983895382717625,0.5780794436327703,0.13824048980559406,0.5780794436327703,0.13824048980559406,[61],7,False
H593-17e5724183278e475c4a304d,vetoryl-09,2,0,TOKEN_QRR_ANCHOR,zero,True,65,512,2,top2,508,508,False,512,True,SWITCH,True,True,False,1,-0.43983895382717625,0.4421173417758131,0.0022783879486368286,0.4421173417758131,0.0022783879486368286,[61],5,False
H593-17e5724183278e475c4a304d,vetoryl-09,2,0,TOKEN_QRR_ANCHOR,inherited_tau,True,65,512,2,top2,508,512,True,512,True,SWITCH,False,False,False,0,-0.43983895382717625,0.4421173417758131,0.0022783879486368286,0.4421173417758131,0.0022783879486368286,[61],5,False
H593-17e5724183278e475c4a304d,vetoryl-09,2,0,TOKEN_QRR_MULTI,zero,True,65,512,2,top2,508,508,False,512,True,SWITCH,True,True,False,1,-0.43983895382717625,0.626474533066153,0.18663557923897672,0.626474533066153,0.18663557923897672,"[61, 64]",4,False
H593-17e5724183278e475c4a304d,vetoryl-09,2,0,TOKEN_QRR_MULTI,inherited_tau,True,65,512,2,top2,508,512,True,512,True,SWITCH,False,False,False,0,-0.43983895382717625,0.626474533066153,0.18663557923897672,0.626474533066153,0.18663557923897672,"[61, 64]",4,False
H593-19cc2c81ca081e39a7d72b99,vetoryl-09,2,0,TOKEN_QR,zero,True,51,512,10,rank3_128,337,337,False,337,False,HOLD,False,False,False,0,-3.2993934536250085,0.29800516041702174,-3.0013882932079867,0.0,0.0,[],7,False
H593-19cc2c81ca081e39a7d72b99,vetoryl-09,2,0,TOKEN_QR,inherited_tau,True,51,512,10,rank3_128,337,337,False,337,False,HOLD,False,False,False,0,-3.2993934536250085,0.29800516041702174,-3.0013882932079867,0.0,0.0,[],7,False
H593-19cc2c81ca081e39a7d72b99,vetoryl-09,2,0,TOKEN_QRR_ANCHOR,zero,True,51,512,10,rank3_128,337,337,False,337,False,HOLD,False,False,False,0,-3.2993934536250085,-0.7818819943430695,-4.081275447968078,0.0,0.0,[],5,False
H593-19cc2c81ca081e39a7d72b99,vetoryl-09,2,0,TOKEN_QRR_ANCHOR,inherited_tau,True,51,512,10,rank3_128,337,337,False,337,False,HOLD,False,False,False,0,-3.2993934536250085,-0.7818819943430695,-4.081275447968078,0.0,0.0,[],5,False
H593-19cc2c81ca081e39a7d72b99,vetoryl-09,2,0,TOKEN_QRR_MULTI,zero,True,51,512,10,rank3_128,337,337,False,337,False,HOLD,False,False,False,0,-3.2993934536250085,-1.1917316210001048,-4.4911250746251135,0.0,0.0,[47],4,False
H593-19cc2c81ca081e39a7d72b99,vetoryl-09,2,0,TOKEN_QRR_MULTI,inherited_tau,True,51,512,10,rank3_128,337,337,False,337,False,HOLD,False,False,False,0,-3.2993934536250085,-1.1917316210001048,-4.4911250746251135,0.0,0.0,[47],4,False
H593-1a93fb96ae91549c4629e69e,6941714017-1,0,0,TOKEN_QR,zero,True,14,1114,1,top2,1114,1114,True,1114,True,HOLD,False,False,False,0,0.0,0.0,0.0,0.0,0.0,[],5,False
H593-1a93fb96ae91549c4629e69e,6941714017-1,0,0,TOKEN_QR,inherited_tau,True,14,1114,1,top2,1114,1114,True,1114,True,HOLD,False,False,False,0,0.0,0.0,0.0,0.0,0.0,[],5,False
H593-1a93fb96ae91549c4629e69e,6941714017-1,0,0,TOKEN_QRR_ANCHOR,zero,True,14,1114,1,top2,1114,1114,True,1114,True,HOLD,False,False,False,0,0.0,0.0,0.0,0.0,0.0,[],5,False
H593-1a93fb96ae91549c4629e69e,6941714017-1,0,0,TOKEN_QRR_ANCHOR,inherited_tau,True,14,1114,1,top2,1114,1114,True,1114,True,HOLD,False,False,False,0,0.0,0.0,0.0,0.0,0.0,[],5,False
H593-1a93fb96ae91549c4629e69e,6941714017-1,0,0,TOKEN_QRR_MULTI,zero,True,14,1114,1,top2,1114,1114,True,1114,True,HOLD,False,False,False,0,0.0,0.0,0.0,0.0,0.0,[93],5,False
H593-1a93fb96ae91549c4629e69e,6941714017-1,0,0,TOKEN_QRR_MULTI,inherited_tau,True,14,1114,1,top2,1114,1114,True,1114,True,HOLD,False,False,False,0,0.0,0.0,0.0,0.0,0.0,[93],5,False
H593-1ab5d06d095c1ab6749b227c,83324304-60,0,0,TOKEN_QR,zero,True,12,1145,1,top2,1145,1145,True,1145,True,HOLD,False,False,False,0,0.0,0.0,0.0,0.0,0.0,[],5,False
H593-1ab5d06d095c1ab6749b227c,83324304-60,0,0,TOKEN_QR,inherited_tau,True,12,1145,1,top2,1145,1145,True,1145,True,HOLD,False,False,False,0,0.0,0.0,0.0,0.0,0.0,[],5,False
H593-1ab5d06d095c1ab6749b227c,83324304-60,0,0,TOKEN_QRR_ANCHOR,zero,True,12,1145,1,top2,1145,1145,True,1145,True,HOLD,False,False,False,0,0.0,0.0,0.0,0.0,0.0,[],5,False
H593-1ab5d06d095c1ab6749b227c,83324304-60,0,0,TOKEN_QRR_ANCHOR,inherited_tau,True,12,1145,1,top2,1145,1145,True,1145,True,HOLD,False,False,False,0,0.0,0.0,0.0,0.0,0.0,[],5,False
H593-1ab5d06d095c1ab6749b227c,83324304-60,0,0,TOKEN_QRR_MULTI,zero,True,12,1145,1,top2,1145,1145,True,1145,True,HOLD,False,False,False,0,0.0,0.0,0.0,0.0,0.0,[81],5,False
H593-1ab5d06d095c1ab6749b227c,83324304-60,0,0,TOKEN_QRR_MULTI,inherited_tau,True,12,1145,1,top2,1145,1145,True,1145,True,HOLD,False,False,False,0,0.0,0.0,0.0,0.0,0.0,[81],5,False
H593-1aee8f8c27c19ea85c3d7d4b,kedbumin-02,1,0,TOKEN_QR,zero,True,52,4798,1,top2,4798,4798,True,4798,True,HOLD,False,False,False,0,0.0,0.0,0.0,0.0,0.0,[],7,False
H593-1aee8f8c27c19ea85c3d7d4b,kedbumin-02,1,0,TOKEN_QR,inherited_tau,True,52,4798,1,top2,4798,4798,True,4798,True,HOLD,False,False,False,0,0.0,0.0,0.0,0.0,0.0,[],7,False
H593-1aee8f8c27c19ea85c3d7d4b,kedbumin-02,1,0,TOKEN_QRR_ANCHOR,zero,True,52,4798,1,top2,4798,4798,True,4798,True,HOLD,False,False,False,0,0.0,0.0,0.0,0.0,0.0,[],6,False
H593-1aee8f8c27c19ea85c3d7d4b,kedbumin-02,1,0,TOKEN_QRR_ANCHOR,inherited_tau,True,52,4798,1,top2,4798,4798,True,4798,True,HOLD,False,False,False,0,0.0,0.0,0.0,0.0,0.0,[],6,False
H593-1aee8f8c27c19ea85c3d7d4b,kedbumin-02,1,0,TOKEN_QRR_MULTI,zero,True,52,4798,1,top2,4798,4798,True,4798,True,HOLD,False,False,False,0,0.0,0.0,0.0,0.0,0.0,[44],5,False
H593-1aee8f8c27c19ea85c3d7d4b,kedbumin-02,1,0,TOKEN_QRR_MULTI,inherited_tau,True,52,4798,1,top2,4798,4798,True,4798,True,HOLD,False,False,False,0,0.0,0.0,0.0,0.0,0.0,[44],5,False
H593-1af45e7f0d56a52adeb60b07,964901_LR,0,0,TOKEN_QR,zero,True,13,1183,6,rank3_128,3250,1980,False,1183,True,SWITCH,True,True,False,1,1.427737629339635,4.7932068017778455,6.220944431117481,4.7932068017778455,6.220944431117481,[74],5,False
H593-1af45e7f0d56a52adeb60b07,964901_LR,0,0,TOKEN_QR,inherited_tau,True,13,1183,6,rank3_128,3250,1980,False,1183,True,SWITCH,True,True,False,1,1.427737629339635,4.7932068017778455,6.220944431117481,4.7932068017778455,6.220944431117481,[74],5,False
H593-1af45e7f0d56a52adeb60b07,964901_LR,0,0,TOKEN_QRR_ANCHOR,zero,True,13,1183,6,rank3_128,3250,1980,False,1183,True,SWITCH,True,True,False,1,1.427737629339635,6.337188798563821,7.764926427903456,6.337188798563821,7.764926427903456,[74],5,False
H593-1af45e7f0d56a52adeb60b07,964901_LR,0,0,TOKEN_QRR_ANCHOR,inherited_tau,True,13,1183,6,rank3_128,3250,1980,False,1183,True,SWITCH,True,True,False,1,1.427737629339635,6.337188798563821,7.764926427903456,6.337188798563821,7.764926427903456,[74],5,False
H593-1af45e7f0d56a52adeb60b07,964901_LR,0,0,TOKEN_QRR_MULTI,zero,True,13,1183,6,rank3_128,3250,1980,False,1980,False,SWITCH,False,False,False,0,1.427737629339635,6.108603788401054,7.536341417740689,5.039651331762148,8.27940043954653,"[74, 88]",5,False
H593-1af45e7f0d56a52adeb60b07,964901_LR,0,0,TOKEN_QRR_MULTI,inherited_tau,True,13,1183,6,rank3_128,3250,1980,False,1980,False,SWITCH,False,False,False,0,1.427737629339635,6.108603788401054,7.536341417740689,5.039651331762148,8.27940043954653,"[74, 88]",5,False
H593-1b38ef6880169a631e184725,ciprofloxacin-ophthalmic-solution-2pt5ml-carton,0,0,TOKEN_QR,zero,True,68,5053,1,top2,5053,5053,True,5053,True,HOLD,False,False,False,0,0.0,0.0,0.0,0.0,0.0,[],5,False
H593-1b38ef6880169a631e184725,ciprofloxacin-ophthalmic-solution-2pt5ml-carton,0,0,TOKEN_QR,inherited_tau,True,68,5053,1,top2,5053,5053,True,5053,True,HOLD,False,False,False,0,0.0,0.0,0.0,0.0,0.0,[],5,False
H593-1b38ef6880169a631e184725,ciprofloxacin-ophthalmic-solution-2pt5ml-carton,0,0,TOKEN_QRR_ANCHOR,zero,True,68,5053,1,top2,5053,5053,True,5053,True,HOLD,False,False,False,0,0.0,0.0,0.0,0.0,0.0,[],5,False
H593-1b38ef6880169a631e184725,ciprofloxacin-ophthalmic-solution-2pt5ml-carton,0,0,TOKEN_QRR_ANCHOR,inherited_tau,True,68,5053,1,top2,5053,5053,True,5053,True,HOLD,False,False,False,0,0.0,0.0,0.0,0.0,0.0,[],5,False
H593-1b38ef6880169a631e184725,ciprofloxacin-ophthalmic-solution-2pt5ml-carton,0,0,TOKEN_QRR_MULTI,zero,True,68,5053,1,top2,5053,5053,True,5053,True,HOLD,False,False,False,0,0.0,0.0,0.0,0.0,0.0,[126],5,False
H593-1b38ef6880169a631e184725,ciprofloxacin-ophthalmic-solution-2pt5ml-carton,0,0,TOKEN_QRR_MULTI,inherited_tau,True,68,5053,1,top2,5053,5053,True,5053,True,HOLD,False,False,False,0,0.0,0.0,0.0,0.0,0.0,[126],5,False
H593-1bab76bb2cce8605543067d4,964901_LR,0,0,TOKEN_QR,zero,True,11,1183,1,top2,1183,1183,True,1183,True,HOLD,False,False,False,0,0.0,0.0,0.0,0.0,0.0,[],5,False
H593-1bab76bb2cce8605543067d4,964901_LR,0,0,TOKEN_QR,inherited_tau,True,11,1183,1,top2,1183,1183,True,1183,True,HOLD,False,False,False,0,0.0,0.0,0.0,0.0,0.0,[],5,False
H593-1bab76bb2cce8605543067d4,964901_LR,0,0,TOKEN_QRR_ANCHOR,zero,True,11,1183,1,top2,1183,1183,True,1183,True,HOLD,False,False,False,0,0.0,0.0,0.0,0.0,0.0,[],5,False
H593-1bab76bb2cce8605543067d4,964901_LR,0,0,TOKEN_QRR_ANCHOR,inherited_tau,True,11,1183,1,top2,1183,1183,True,1183,True,HOLD,False,False,False,0,0.0,0.0,0.0,0.0,0.0,[],5,False
H593-1bab76bb2cce8605543067d4,964901_LR,0,0,TOKEN_QRR_MULTI,zero,True,11,1183,1,top2,1183,1183,True,1183,True,HOLD,False,False,False,0,0.0,0.0,0.0,0.0,0.0,[34],5,False
H593-1bab76bb2cce8605543067d4,964901_LR,0,0,TOKEN_QRR_MULTI,inherited_tau,True,11,1183,1,top2,1183,1183,True,1183,True,HOLD,False,False,False,0,0.0,0.0,0.0,0.0,0.0,[34],5,False
H593-1bdb2bfae2aae669afa4627f,964901_LR,0,0,TOKEN_QR,zero,True,13,1183,1,top2,1183,1183,True,1183,True,HOLD,False,False,False,0,0.0,0.0,0.0,0.0,0.0,[],5,False
H593-1bdb2bfae2aae669afa4627f,964901_LR,0,0,TOKEN_QR,inherited_tau,True,13,1183,1,top2,1183,1183,True,1183,True,HOLD,False,False,False,0,0.0,0.0,0.0,0.0,0.0,[],5,False
H593-1bdb2bfae2aae669afa4627f,964901_LR,0,0,TOKEN_QRR_ANCHOR,zero,True,13,1183,1,top2,1183,1183,True,1183,True,HOLD,False,False,False,0,0.0,0.0,0.0,0.0,0.0,[],5,False
H593-1bdb2bfae2aae669afa4627f,964901_LR,0,0,TOKEN_QRR_ANCHOR,inherited_tau,True,13,1183,1,top2,1183,1183,True,1183,True,HOLD,False,False,False,0,0.0,0.0,0.0,0.0,0.0,[],5,False
H593-1bdb2bfae2aae669afa4627f,964901_LR,0,0,TOKEN_QRR_MULTI,zero,True,13,1183,1,top2,1183,1183,True,1183,True,HOLD,False,False,False,0,0.0,0.0,0.0,0.0,0.0,[10],5,False
H593-1bdb2bfae2aae669afa4627f,964901_LR,0,0,TOKEN_QRR_MULTI,inherited_tau,True,13,1183,1,top2,1183,1183,True,1183,True,HOLD,False,False,False,0,0.0,0.0,0.0,0.0,0.0,[10],5,False
H593-1bef63e477961c10e0077a91,anti caries toothpaste carton,4,0,TOKEN_QR,zero,True,90,3144,3,rank3_128,4023,4023,False,4023,False,HOLD,False,False,False,0,-3.1677985585773927,1.989369073325944,-1.1784294852514487,0.0,0.0,[],6,False
H593-1bef63e477961c10e0077a91,anti caries toothpaste carton,4,0,TOKEN_QR,inherited_tau,True,90,3144,3,rank3_128,4023,4023,False,4023,False,HOLD,False,False,False,0,-3.1677985585773927,1.989369073325944,-1.1784294852514487,0.0,0.0,[],6,False
H593-1bef63e477961c10e0077a91,anti caries toothpaste carton,4,0,TOKEN_QRR_ANCHOR,zero,True,90,3144,3,rank3_128,4023,4023,False,4023,False,HOLD,False,False,False,0,-3.1677985585773927,2.714582802097211,-0.45321575648018175,0.0,0.0,[],6,False
H593-1bef63e477961c10e0077a91,anti caries toothpaste carton,4,0,TOKEN_QRR_ANCHOR,inherited_tau,True,90,3144,3,rank3_128,4023,4023,False,4023,False,HOLD,False,False,False,0,-3.1677985585773927,2.714582802097211,-0.45321575648018175,0.0,0.0,[],6,False
H593-1bef63e477961c10e0077a91,anti caries toothpaste carton,4,0,TOKEN_QRR_MULTI,zero,True,90,3144,3,rank3_128,4023,4023,False,4023,False,HOLD,False,False,False,0,-3.1677985585773927,1.1548383570851206,-2.0129602014922723,0.0,0.0,[22],4,False
H593-1bef63e477961c10e0077a91,anti caries toothpaste carton,4,0,TOKEN_QRR_MULTI,inherited_tau,True,90,3144,3,rank3_128,4023,4023,False,4023,False,HOLD,False,False,False,0,-3.1677985585773927,1.1548383570851206,-2.0129602014922723,0.0,0.0,[22],4,False
H593-1c5e61610edb8626ae77f9f6,AntifluDesbx,2,0,TOKEN_QR,zero,True,32,1424,1,top2,1424,1424,True,1424,True,HOLD,False,False,False,0,0.0,0.0,0.0,0.0,0.0,[],7,False
H593-1c5e61610edb8626ae77f9f6,AntifluDesbx,2,0,TOKEN_QR,inherited_tau,True,32,1424,1,top2,1424,1424,True,1424,True,HOLD,False,False,False,0,0.0,0.0,0.0,0.0,0.0,[],7,False
H593-1c5e61610edb8626ae77f9f6,AntifluDesbx,2,0,TOKEN_QRR_ANCHOR,zero,True,32,1424,1,top2,1424,1424,True,1424,True,HOLD,False,False,False,0,0.0,0.0,0.0,0.0,0.0,[],5,False
H593-1c5e61610edb8626ae77f9f6,AntifluDesbx,2,0,TOKEN_QRR_ANCHOR,inherited_tau,True,32,1424,1,top2,1424,1424,True,1424,True,HOLD,False,False,False,0,0.0,0.0,0.0,0.0,0.0,[],5,False
H593-1c5e61610edb8626ae77f9f6,AntifluDesbx,2,0,TOKEN_QRR_MULTI,zero,True,32,1424,1,top2,1424,1424,True,1424,True,HOLD,False,False,False,0,0.0,0.0,0.0,0.0,0.0,[12],4,False
H593-1c5e61610edb8626ae77f9f6,AntifluDesbx,2,0,TOKEN_QRR_MULTI,inherited_tau,True,32,1424,1,top2,1424,1424,True,1424,True,HOLD,False,False,False,0,0.0,0.0,0.0,0.0,0.0,[12],4,False
H593-1cf0eabcc44cfc60588f292c,dro0b-0001-04,2,0,TOKEN_QR,zero,True,73,304,1,top2,304,304,True,304,True,HOLD,False,False,False,0,0.0,0.0,0.0,0.0,0.0,[],7,False
H593-1cf0eabcc44cfc60588f292c,dro0b-0001-04,2,0,TOKEN_QR,inherited_tau,True,73,304,1,top2,304,304,True,304,True,HOLD,False,False,False,0,0.0,0.0,0.0,0.0,0.0,[],7,False
H593-1cf0eabcc44cfc60588f292c,dro0b-0001-04,2,0,TOKEN_QRR_ANCHOR,zero,True,73,304,1,top2,304,304,True,304,True,HOLD,False,False,False,0,0.0,0.0,0.0,0.0,0.0,[],5,False
H593-1cf0eabcc44cfc60588f292c,dro0b-0001-04,2,0,TOKEN_QRR_ANCHOR,inherited_tau,True,73,304,1,top2,304,304,True,304,True,HOLD,False,False,False,0,0.0,0.0,0.0,0.0,0.0,[],5,False
H593-1cf0eabcc44cfc60588f292c,dro0b-0001-04,2,0,TOKEN_QRR_MULTI,zero,True,73,304,1,top2,304,304,True,304,True,HOLD,False,False,False,0,0.0,0.0,0.0,0.0,0.0,[72],4,False
H593-1cf0eabcc44cfc60588f292c,dro0b-0001-04,2,0,TOKEN_QRR_MULTI,inherited_tau,True,73,304,1,top2,304,304,True,304,True,HOLD,False,False,False,0,0.0,0.0,0.0,0.0,0.0,[72],4,False
H593-1dd405f920b439879fc89b2c,77l96n1c1,1,0,TOKEN_QR,zero,True,97,4861,1,top2,4861,4861,True,4861,True,HOLD,False,False,False,0,0.0,0.0,0.0,0.0,0.0,[],7,False
H593-1dd405f920b439879fc89b2c,77l96n1c1,1,0,TOKEN_QR,inherited_tau,True,97,4861,1,top2,4861,4861,True,4861,True,HOLD,False,False,False,0,0.0,0.0,0.0,0.0,0.0,[],7,False
H593-1dd405f920b439879fc89b2c,77l96n1c1,1,0,TOKEN_QRR_ANCHOR,zero,True,97,4861,1,top2,4861,4861,True,4861,True,HOLD,False,False,False,0,0.0,0.0,0.0,0.0,0.0,[],6,False
H593-1dd405f920b439879fc89b2c,77l96n1c1,1,0,TOKEN_QRR_ANCHOR,inherited_tau,True,97,4861,1,top2,4861,4861,True,4861,True,HOLD,False,False,False,0,0.0,0.0,0.0,0.0,0.0,[],6,False
H593-1dd405f920b439879fc89b2c,77l96n1c1,1,0,TOKEN_QRR_MULTI,zero,True,97,4861,1,top2,4861,4861,True,4861,True,HOLD,False,False,False,0,0.0,0.0,0.0,0.0,0.0,[126],5,False
H593-1dd405f920b439879fc89b2c,77l96n1c1,1,0,TOKEN_QRR_MULTI,inherited_tau,True,97,4861,1,top2,4861,4861,True,4861,True,HOLD,False,False,False,0,0.0,0.0,0.0,0.0,0.0,[126],5,False
H593-1e1593a08e4ed18acf833796,AntifluDesbx,2,0,TOKEN_QR,zero,True,24,1424,1,top2,1424,1424,True,1424,True,HOLD,False,False,False,0,0.0,0.0,0.0,0.0,0.0,[],7,False
H593-1e1593a08e4ed18acf833796,AntifluDesbx,2,0,TOKEN_QR,inherited_tau,True,24,1424,1,top2,1424,1424,True,1424,True,HOLD,False,False,False,0,0.0,0.0,0.0,0.0,0.0,[],7,False
H593-1e1593a08e4ed18acf833796,AntifluDesbx,2,0,TOKEN_QRR_ANCHOR,zero,True,24,1424,1,top2,1424,1424,True,1424,True,HOLD,False,False,False,0,0.0,0.0,0.0,0.0,0.0,[],5,False
H593-1e1593a08e4ed18acf833796,AntifluDesbx,2,0,TOKEN_QRR_ANCHOR,inherited_tau,True,24,1424,1,top2,1424,1424,True,1424,True,HOLD,False,False,False,0,0.0,0.0,0.0,0.0,0.0,[],5,False
H593-1e1593a08e4ed18acf833796,AntifluDesbx,2,0,TOKEN_QRR_MULTI,zero,True,24,1424,1,top2,1424,1424,True,1424,True,HOLD,False,False,False,0,0.0,0.0,0.0,0.0,0.0,[45],4,False
H593-1e1593a08e4ed18acf833796,AntifluDesbx,2,0,TOKEN_QRR_MULTI,inherited_tau,True,24,1424,1,top2,1424,1424,True,1424,True,HOLD,False,False,False,0,0.0,0.0,0.0,0.0,0.0,[45],4,False
H593-1e203e93f22affa5c8c93e7b,AlkaSeltzer_36,1,0,TOKEN_QR,zero,True,27,1402,23,rank3_128,3234,4515,False,1402,True,SWITCH,True,True,False,1,-1.5543153290202454,15.62534464662639,14.071029317606145,15.62534464662639,14.071029317606145,[72],7,False
H593-1e203e93f22affa5c8c93e7b,AlkaSeltzer_36,1,0,TOKEN_QR,inherited_tau,True,27,1402,23,rank3_128,3234,3234,False,1402,True,SWITCH,True,True,False,1,-1.5543153290202454,15.62534464662639,14.071029317606145,15.62534464662639,14.071029317606145,[72],7,False
H593-1e203e93f22affa5c8c93e7b,AlkaSeltzer_36,1,0,TOKEN_QRR_ANCHOR,zero,True,27,1402,23,rank3_128,3234,4515,False,1402,True,SWITCH,True,True,False,1,-1.5543153290202454,13.43836518757661,11.884049858556365,13.43836518757661,11.884049858556365,[72],6,False
H593-1e203e93f22affa5c8c93e7b,AlkaSeltzer_36,1,0,TOKEN_QRR_ANCHOR,inherited_tau,True,27,1402,23,rank3_128,3234,3234,False,1402,True,SWITCH,True,True,False,1,-1.5543153290202454,13.43836518757661,11.884049858556365,13.43836518757661,11.884049858556365,[72],6,False
H593-1e203e93f22affa5c8c93e7b,AlkaSeltzer_36,1,0,TOKEN_QRR_MULTI,zero,True,27,1402,23,rank3_128,3234,4515,False,1402,True,SWITCH,True,True,False,1,-1.5543153290202454,15.725587367740857,14.171272038720613,15.725587367740857,14.171272038720613,"[72, 115]",5,False
H593-1e203e93f22affa5c8c93e7b,AlkaSeltzer_36,1,0,TOKEN_QRR_MULTI,inherited_tau,True,27,1402,23,rank3_128,3234,3234,False,1402,True,SWITCH,True,True,False,1,-1.5543153290202454,15.725587367740857,14.171272038720613,15.725587367740857,14.171272038720613,"[72, 115]",5,False
H593-1e69202f59c1e38274747acc,200000002710_Final,4,0,TOKEN_QR,zero,True,1,935,2,top2,1219,1966,False,935,True,SWITCH,True,True,False,1,0.5512405710911757,17.128247844333462,17.679488415424636,17.128247844333462,17.679488415424636,[20],6,False
H593-1e69202f59c1e38274747acc,200000002710_Final,4,0,TOKEN_QR,inherited_tau,True,1,935,2,top2,1219,1966,False,935,True,SWITCH,True,True,False,1,0.5512405710911757,17.128247844333462,17.679488415424636,17.128247844333462,17.679488415424636,[20],6,False
H593-1e69202f59c1e38274747acc,200000002710_Final,4,0,TOKEN_QRR_ANCHOR,zero,True,1,935,2,top2,1219,1966,False,935,True,SWITCH,True,True,False,1,0.5512405710911757,14.031867289461601,14.583107860552778,14.031867289461601,14.583107860552778,[20],6,False
H593-1e69202f59c1e38274747acc,200000002710_Final,4,0,TOKEN_QRR_ANCHOR,inherited_tau,True,1,935,2,top2,1219,1966,False,935,True,SWITCH,True,True,False,1,0.5512405710911757,14.031867289461601,14.583107860552778,14.031867289461601,14.583107860552778,[20],6,False
H593-1e69202f59c1e38274747acc,200000002710_Final,4,0,TOKEN_QRR_MULTI,zero,True,1,935,2,top2,1219,1966,False,935,True,SWITCH,True,True,False,1,0.5512405710911757,8.071525161341121,8.622765732432297,8.071525161341121,8.622765732432297,"[20, 38]",4,False
H593-1e69202f59c1e38274747acc,200000002710_Final,4,0,TOKEN_QRR_MULTI,inherited_tau,True,1,935,2,top2,1219,1966,False,935,True,SWITCH,True,True,False,1,0.5512405710911757,8.071525161341121,8.622765732432297,8.071525161341121,8.622765732432297,"[20, 38]",4,False
H593-1ef966932ba70ca899b49b6f,75 100s carton,0,0,TOKEN_QR,zero,True,34,4855,1,top2,4855,4855,True,4855,True,HOLD,False,False,False,0,0.0,0.0,0.0,0.0,0.0,[],5,False
H593-1ef966932ba70ca899b49b6f,75 100s carton,0,0,TOKEN_QR,inherited_tau,True,34,4855,1,top2,4855,4855,True,4855,True,HOLD,False,False,False,0,0.0,0.0,0.0,0.0,0.0,[],5,False
H593-1ef966932ba70ca899b49b6f,75 100s carton,0,0,TOKEN_QRR_ANCHOR,zero,True,34,4855,1,top2,4855,4855,True,4855,True,HOLD,False,False,False,0,0.0,0.0,0.0,0.0,0.0,[],5,False
H593-1ef966932ba70ca899b49b6f,75 100s carton,0,0,TOKEN_QRR_ANCHOR,inherited_tau,True,34,4855,1,top2,4855,4855,True,4855,True,HOLD,False,False,False,0,0.0,0.0,0.0,0.0,0.0,[],5,False
H593-1ef966932ba70ca899b49b6f,75 100s carton,0,0,TOKEN_QRR_MULTI,zero,True,34,4855,1,top2,4855,4855,True,4855,True,HOLD,False,False,False,0,0.0,0.0,0.0,0.0,0.0,[62],5,False
H593-1ef966932ba70ca899b49b6f,75 100s carton,0,0,TOKEN_QRR_MULTI,inherited_tau,True,34,4855,1,top2,4855,4855,True,4855,True,HOLD,False,False,False,0,0.0,0.0,0.0,0.0,0.0,[62],5,False
H593-1f65d77d8ddd265c0d00b1f2,10 mL carton,4,0,TOKEN_QR,zero,True,0,0,1,top2,0,0,True,0,True,HOLD,False,False,False,0,0.0,0.0,0.0,0.0,0.0,[],6,False
H593-1f65d77d8ddd265c0d00b1f2,10 mL carton,4,0,TOKEN_QR,inherited_tau,True,0,0,1,top2,0,0,True,0,True,HOLD,False,False,False,0,0.0,0.0,0.0,0.0,0.0,[],6,False
H593-1f65d77d8ddd265c0d00b1f2,10 mL carton,4,0,TOKEN_QRR_ANCHOR,zero,True,0,0,1,top2,0,0,True,0,True,HOLD,False,False,False,0,0.0,0.0,0.0,0.0,0.0,[],6,False
H593-1f65d77d8ddd265c0d00b1f2,10 mL carton,4,0,TOKEN_QRR_ANCHOR,inherited_tau,True,0,0,1,top2,0,0,True,0,True,HOLD,False,False,False,0,0.0,0.0,0.0,0.0,0.0,[],6,False
H593-1f65d77d8ddd265c0d00b1f2,10 mL carton,4,0,TOKEN_QRR_MULTI,zero,True,0,0,1,top2,0,0,True,0,True,HOLD,False,False,False,0,0.0,0.0,0.0,0.0,0.0,[5],4,False
H593-1f65d77d8ddd265c0d00b1f2,10 mL carton,4,0,TOKEN_QRR_MULTI,inherited_tau,True,0,0,1,top2,0,0,True,0,True,HOLD,False,False,False,0,0.0,0.0,0.0,0.0,0.0,[5],4,False
H593-1fb1391bf43d4e4f4cfc1fa5,lox01-0004-14,1,0,TOKEN_QR,zero,True,94,409,1,top2,409,409,True,409,True,HOLD,False,False,False,0,0.0,0.0,0.0,0.0,0.0,[],7,False
H593-1fb1391bf43d4e4f4cfc1fa5,lox01-0004-14,1,0,TOKEN_QR,inherited_tau,True,94,409,1,top2,409,409,True,409,True,HOLD,False,False,False,0,0.0,0.0,0.0,0.0,0.0,[],7,False
H593-1fb1391bf43d4e4f4cfc1fa5,lox01-0004-14,1,0,TOKEN_QRR_ANCHOR,zero,True,94,409,1,top2,409,409,True,409,True,HOLD,False,False,False,0,0.0,0.0,0.0,0.0,0.0,[],6,False
H593-1fb1391bf43d4e4f4cfc1fa5,lox01-0004-14,1,0,TOKEN_QRR_ANCHOR,inherited_tau,True,94,409,1,top2,409,409,True,409,True,HOLD,False,False,False,0,0.0,0.0,0.0,0.0,0.0,[],6,False
H593-1fb1391bf43d4e4f4cfc1fa5,lox01-0004-14,1,0,TOKEN_QRR_MULTI,zero,True,94,409,1,top2,409,409,True,409,True,HOLD,False,False,False,0,0.0,0.0,0.0,0.0,0.0,[95],5,False
H593-1fb1391bf43d4e4f4cfc1fa5,lox01-0004-14,1,0,TOKEN_QRR_MULTI,inherited_tau,True,94,409,1,top2,409,409,True,409,True,HOLD,False,False,False,0,0.0,0.0,0.0,0.0,0.0,[95],5,False
H593-202d17a8fea9c8283f65d42d,812-6e-mucus-dm,3,0,TOKEN_QR,zero,True,16,1140,1,top2,4310,1140,True,1140,True,SWITCH,False,False,False,0,2.884121642192366,13.485650424060118,16.369772066252484,13.485650424060118,16.369772066252484,[109],6,False
H593-202d17a8fea9c8283f65d42d,812-6e-mucus-dm,3,0,TOKEN_QR,inherited_tau,True,16,1140,1,top2,4310,1140,True,1140,True,SWITCH,False,False,False,0,2.884121642192366,13.485650424060118,16.369772066252484,13.485650424060118,16.369772066252484,[109],6,False
H593-202d17a8fea9c8283f65d42d,812-6e-mucus-dm,3,0,TOKEN_QRR_ANCHOR,zero,True,16,1140,1,top2,4310,1140,True,1140,True,SWITCH,False,False,False,0,2.884121642192366,13.833846132380312,16.717967774572678,13.833846132380312,16.717967774572678,[109],6,False
H593-202d17a8fea9c8283f65d42d,812-6e-mucus-dm,3,0,TOKEN_QRR_ANCHOR,inherited_tau,True,16,1140,1,top2,4310,1140,True,1140,True,SWITCH,False,False,False,0,2.884121642192366,13.833846132380312,16.717967774572678,13.833846132380312,16.717967774572678,[109],6,False
H593-202d17a8fea9c8283f65d42d,812-6e-mucus-dm,3,0,TOKEN_QRR_MULTI,zero,True,16,1140,1,top2,4310,1140,True,1140,True,SWITCH,False,False,False,0,2.884121642192366,19.050215992069532,21.934337634261897,19.050215992069532,21.934337634261897,"[109, 13]",5,False
H593-202d17a8fea9c8283f65d42d,812-6e-mucus-dm,3,0,TOKEN_QRR_MULTI,inherited_tau,True,16,1140,1,top2,4310,1140,True,1140,True,SWITCH,False,False,False,0,2.884121642192366,19.050215992069532,21.934337634261897,19.050215992069532,21.934337634261897,"[109, 13]",5,False
H593-20c36189f2e4e46a9590ae78,dro0b-0001-04,2,0,TOKEN_QR,zero,True,37,304,1,top2,304,304,True,304,True,HOLD,False,False,False,0,0.0,0.0,0.0,0.0,0.0,[],7,False
H593-20c36189f2e4e46a9590ae78,dro0b-0001-04,2,0,TOKEN_QR,inherited_tau,True,37,304,1,top2,304,304,True,304,True,HOLD,False,False,False,0,0.0,0.0,0.0,0.0,0.0,[],7,False
H593-20c36189f2e4e46a9590ae78,dro0b-0001-04,2,0,TOKEN_QRR_ANCHOR,zero,True,37,304,1,top2,304,304,True,304,True,HOLD,False,False,False,0,0.0,0.0,0.0,0.0,0.0,[],5,False
H593-20c36189f2e4e46a9590ae78,dro0b-0001-04,2,0,TOKEN_QRR_ANCHOR,inherited_tau,True,37,304,1,top2,304,304,True,485,False,SWITCH,True,False,True,-1,0.0,0.0,0.0,1.7516600673524927,-1.4671968085097915,[37],5,False
H593-20c36189f2e4e46a9590ae78,dro0b-0001-04,2,0,TOKEN_QRR_MULTI,zero,True,37,304,1,top2,304,304,True,304,True,HOLD,False,False,False,0,0.0,0.0,0.0,0.0,0.0,[101],4,False
H593-20c36189f2e4e46a9590ae78,dro0b-0001-04,2,0,TOKEN_QRR_MULTI,inherited_tau,True,37,304,1,top2,304,304,True,304,True,HOLD,False,False,False,0,0.0,0.0,0.0,0.0,0.0,[101],4,False
H593-20fdadbf18ce1e0e1a0746a9,766-e9-infants-pain-and-fever,0,0,TOKEN_QR,zero,True,9,1134,5,rank3_128,1134,3887,False,3887,False,SWITCH,False,False,False,0,0.0,0.0,0.0,-0.05782135500025687,2.199018542321102,[9],5,False
H593-20fdadbf18ce1e0e1a0746a9,766-e9-infants-pain-and-fever,0,0,TOKEN_QR,inherited_tau,True,9,1134,5,rank3_128,1134,3887,False,3887,False,SWITCH,False,False,False,0,0.0,0.0,0.0,-0.05782135500025687,2.199018542321102,[9],5,False
H593-20fdadbf18ce1e0e1a0746a9,766-e9-infants-pain-and-fever,0,0,TOKEN_QRR_ANCHOR,zero,True,9,1134,5,rank3_128,1134,3887,False,3887,False,SWITCH,False,False,False,0,0.0,0.0,0.0,-0.9684027391206378,1.288437158200721,[9],5,False
H593-20fdadbf18ce1e0e1a0746a9,766-e9-infants-pain-and-fever,0,0,TOKEN_QRR_ANCHOR,inherited_tau,True,9,1134,5,rank3_128,1134,3887,False,3887,False,SWITCH,False,False,False,0,0.0,0.0,0.0,-0.9684027391206378,1.288437158200721,[9],5,False
H593-20fdadbf18ce1e0e1a0746a9,766-e9-infants-pain-and-fever,0,0,TOKEN_QRR_MULTI,zero,True,9,1134,5,rank3_128,1134,3887,False,3887,False,SWITCH,False,False,False,0,0.0,0.0,0.0,-0.6961530514652208,1.560686845856138,"[9, 23]",5,False
H593-20fdadbf18ce1e0e1a0746a9,766-e9-infants-pain-and-fever,0,0,TOKEN_QRR_MULTI,inherited_tau,True,9,1134,5,rank3_128,1134,3887,False,3887,False,SWITCH,False,False,False,0,0.0,0.0,0.0,-0.6961530514652208,1.560686845856138,"[9, 23]",5,False
H593-2226b02dfbc9f44bb2cdb71c,carton-1-gram-10-vial-pack-premier,2,0,TOKEN_QR,zero,True,32,5004,1,top2,5004,5004,True,5004,True,HOLD,False,False,False,0,0.0,0.0,0.0,0.0,0.0,[],7,False
H593-2226b02dfbc9f44bb2cdb71c,carton-1-gram-10-vial-pack-premier,2,0,TOKEN_QR,inherited_tau,True,32,5004,1,top2,5004,5004,True,5004,True,HOLD,False,False,False,0,0.0,0.0,0.0,0.0,0.0,[],7,False
H593-2226b02dfbc9f44bb2cdb71c,carton-1-gram-10-vial-pack-premier,2,0,TOKEN_QRR_ANCHOR,zero,True,32,5004,1,top2,5004,5004,True,5004,True,HOLD,False,False,False,0,0.0,0.0,0.0,0.0,0.0,[],5,False
H593-2226b02dfbc9f44bb2cdb71c,carton-1-gram-10-vial-pack-premier,2,0,TOKEN_QRR_ANCHOR,inherited_tau,True,32,5004,1,top2,5004,5004,True,5004,True,HOLD,False,False,False,0,0.0,0.0,0.0,0.0,0.0,[],5,False
H593-2226b02dfbc9f44bb2cdb71c,carton-1-gram-10-vial-pack-premier,2,0,TOKEN_QRR_MULTI,zero,True,32,5004,1,top2,5004,5004,True,5004,True,HOLD,False,False,False,0,0.0,0.0,0.0,0.0,0.0,[6],4,False
H593-2226b02dfbc9f44bb2cdb71c,carton-1-gram-10-vial-pack-premier,2,0,TOKEN_QRR_MULTI,inherited_tau,True,32,5004,1,top2,5004,5004,True,5004,True,HOLD,False,False,False,0,0.0,0.0,0.0,0.0,0.0,[6],4,False
H593-22df23c2ff5577aea691a22b,2021 Lice Freee!_6ozPOP R2a,3,0,TOKEN_QR,zero,True,9,567,1,top2,567,567,True,567,True,HOLD,False,False,False,0,0.0,0.0,0.0,0.0,0.0,[],6,False
H593-22df23c2ff5577aea691a22b,2021 Lice Freee!_6ozPOP R2a,3,0,TOKEN_QR,inherited_tau,True,9,567,1,top2,567,567,True,567,True,HOLD,False,False,False,0,0.0,0.0,0.0,0.0,0.0,[],6,False
H593-22df23c2ff5577aea691a22b,2021 Lice Freee!_6ozPOP R2a,3,0,TOKEN_QRR_ANCHOR,zero,True,9,567,1,top2,567,567,True,567,True,HOLD,False,False,False,0,0.0,0.0,0.0,0.0,0.0,[],6,False
H593-22df23c2ff5577aea691a22b,2021 Lice Freee!_6ozPOP R2a,3,0,TOKEN_QRR_ANCHOR,inherited_tau,True,9,567,1,top2,567,567,True,567,True,HOLD,False,False,False,0,0.0,0.0,0.0,0.0,0.0,[],6,False
H593-22df23c2ff5577aea691a22b,2021 Lice Freee!_6ozPOP R2a,3,0,TOKEN_QRR_MULTI,zero,True,9,567,1,top2,567,567,True,567,True,HOLD,False,False,False,0,0.0,0.0,0.0,0.0,0.0,[78],5,False
H593-22df23c2ff5577aea691a22b,2021 Lice Freee!_6ozPOP R2a,3,0,TOKEN_QRR_MULTI,inherited_tau,True,9,567,1,top2,567,567,True,567,True,HOLD,False,False,False,0,0.0,0.0,0.0,0.0,0.0,[78],5,False
H593-24402f98b4c6d27775ea51b8,10 mL carton,4,0,TOKEN_QR,zero,True,0,0,1,top2,0,0,True,0,True,HOLD,False,False,False,0,0.0,0.0,0.0,0.0,0.0,[],6,False
H593-24402f98b4c6d27775ea51b8,10 mL carton,4,0,TOKEN_QR,inherited_tau,True,0,0,1,top2,0,0,True,0,True,HOLD,False,False,False,0,0.0,0.0,0.0,0.0,0.0,[],6,False
H593-24402f98b4c6d27775ea51b8,10 mL carton,4,0,TOKEN_QRR_ANCHOR,zero,True,0,0,1,top2,0,0,True,0,True,HOLD,False,False,False,0,0.0,0.0,0.0,0.0,0.0,[],6,False
H593-24402f98b4c6d27775ea51b8,10 mL carton,4,0,TOKEN_QRR_ANCHOR,inherited_tau,True,0,0,1,top2,0,0,True,0,True,HOLD,False,False,False,0,0.0,0.0,0.0,0.0,0.0,[],6,False
H593-24402f98b4c6d27775ea51b8,10 mL carton,4,0,TOKEN_QRR_MULTI,zero,True,0,0,1,top2,0,0,True,0,True,HOLD,False,False,False,0,0.0,0.0,0.0,0.0,0.0,[18],4,False
H593-24402f98b4c6d27775ea51b8,10 mL carton,4,0,TOKEN_QRR_MULTI,inherited_tau,True,0,0,1,top2,0,0,True,0,True,HOLD,False,False,False,0,0.0,0.0,0.0,0.0,0.0,[18],4,False
H593-2446df0fcadbf0831876d7dc,83324304-60,0,0,TOKEN_QR,zero,True,39,1145,1,top2,1145,1145,True,1145,True,HOLD,False,False,False,0,0.0,0.0,0.0,0.0,0.0,[],5,False
H593-2446df0fcadbf0831876d7dc,83324304-60,0,0,TOKEN_QR,inherited_tau,True,39,1145,1,top2,1145,2784,False,1145,True,HOLD,True,True,False,1,0.0,0.0,0.0,0.0,0.0,[],5,False
H593-2446df0fcadbf0831876d7dc,83324304-60,0,0,TOKEN_QRR_ANCHOR,zero,True,39,1145,1,top2,1145,1145,True,1145,True,HOLD,False,False,False,0,0.0,0.0,0.0,0.0,0.0,[],5,False
H593-2446df0fcadbf0831876d7dc,83324304-60,0,0,TOKEN_QRR_ANCHOR,inherited_tau,True,39,1145,1,top2,1145,2784,False,1145,True,HOLD,True,True,False,1,0.0,0.0,0.0,0.0,0.0,[],5,False
H593-2446df0fcadbf0831876d7dc,83324304-60,0,0,TOKEN_QRR_MULTI,zero,True,39,1145,1,top2,1145,1145,True,1145,True,HOLD,False,False,False,0,0.0,0.0,0.0,0.0,0.0,[91],5,False
H593-2446df0fcadbf0831876d7dc,83324304-60,0,0,TOKEN_QRR_MULTI,inherited_tau,True,39,1145,1,top2,1145,2784,False,1145,True,HOLD,True,True,False,1,0.0,0.0,0.0,0.0,0.0,[91],5,False
H593-2494f10623fb760ff3b647d7,ciprofloxacin-ophthalmic-solution-2pt5ml-carton,0,0,TOKEN_QR,zero,True,69,5053,1,top2,5053,5053,True,5053,True,HOLD,False,False,False,0,0.0,0.0,0.0,0.0,0.0,[],5,False
H593-2494f10623fb760ff3b647d7,ciprofloxacin-ophthalmic-solution-2pt5ml-carton,0,0,TOKEN_QR,inherited_tau,True,69,5053,1,top2,5053,5053,True,5053,True,HOLD,False,False,False,0,0.0,0.0,0.0,0.0,0.0,[],5,False
H593-2494f10623fb760ff3b647d7,ciprofloxacin-ophthalmic-solution-2pt5ml-carton,0,0,TOKEN_QRR_ANCHOR,zero,True,69,5053,1,top2,5053,5053,True,5053,True,HOLD,False,False,False,0,0.0,0.0,0.0,0.0,0.0,[],5,False
H593-2494f10623fb760ff3b647d7,ciprofloxacin-ophthalmic-solution-2pt5ml-carton,0,0,TOKEN_QRR_ANCHOR,inherited_tau,True,69,5053,1,top2,5053,5053,True,5053,True,HOLD,False,False,False,0,0.0,0.0,0.0,0.0,0.0,[],5,False
H593-2494f10623fb760ff3b647d7,ciprofloxacin-ophthalmic-solution-2pt5ml-carton,0,0,TOKEN_QRR_MULTI,zero,True,69,5053,1,top2,5053,5053,True,5053,True,HOLD,False,False,False,0,0.0,0.0,0.0,0.0,0.0,[62],5,False
H593-2494f10623fb760ff3b647d7,ciprofloxacin-ophthalmic-solution-2pt5ml-carton,0,0,TOKEN_QRR_MULTI,inherited_tau,True,69,5053,1,top2,5053,5053,True,5053,True,HOLD,False,False,False,0,0.0,0.0,0.0,0.0,0.0,[62],5,False
H593-257581a6d8113bc829cc4f7d,766-e9-infants-pain-and-fever,0,0,TOKEN_QR,zero,True,7,1134,1,top2,1134,1134,True,1134,True,HOLD,False,False,False,0,0.0,0.0,0.0,0.0,0.0,[],5,False
H593-257581a6d8113bc829cc4f7d,766-e9-infants-pain-and-fever,0,0,TOKEN_QR,inherited_tau,True,7,1134,1,top2,1134,1134,True,1134,True,HOLD,False,False,False,0,0.0,0.0,0.0,0.0,0.0,[],5,False
H593-257581a6d8113bc829cc4f7d,766-e9-infants-pain-and-fever,0,0,TOKEN_QRR_ANCHOR,zero,True,7,1134,1,top2,1134,1134,True,1134,True,HOLD,False,False,False,0,0.0,0.0,0.0,0.0,0.0,[],5,False
H593-257581a6d8113bc829cc4f7d,766-e9-infants-pain-and-fever,0,0,TOKEN_QRR_ANCHOR,inherited_tau,True,7,1134,1,top2,1134,1134,True,1134,True,HOLD,False,False,False,0,0.0,0.0,0.0,0.0,0.0,[],5,False
H593-257581a6d8113bc829cc4f7d,766-e9-infants-pain-and-fever,0,0,TOKEN_QRR_MULTI,zero,True,7,1134,1,top2,1134,1134,True,1134,True,HOLD,False,False,False,0,0.0,0.0,0.0,0.0,0.0,[38],5,False
H593-257581a6d8113bc829cc4f7d,766-e9-infants-pain-and-fever,0,0,TOKEN_QRR_MULTI,inherited_tau,True,7,1134,1,top2,1134,1134,True,1134,True,HOLD,False,False,False,0,0.0,0.0,0.0,0.0,0.0,[38],5,False
H593-25bb54d111079fe02df38114,dro0b-0001-04,2,0,TOKEN_QR,zero,True,73,304,1,top2,304,304,True,304,True,HOLD,False,False,False,0,0.0,0.0,0.0,0.0,0.0,[],7,False
H593-25bb54d111079fe02df38114,dro0b-0001-04,2,0,TOKEN_QR,inherited_tau,True,73,304,1,top2,304,304,True,304,True,HOLD,False,False,False,0,0.0,0.0,0.0,0.0,0.0,[],7,False
H593-25bb54d111079fe02df38114,dro0b-0001-04,2,0,TOKEN_QRR_ANCHOR,zero,True,73,304,1,top2,304,304,True,304,True,HOLD,False,False,False,0,0.0,0.0,0.0,0.0,0.0,[],5,False
H593-25bb54d111079fe02df38114,dro0b-0001-04,2,0,TOKEN_QRR_ANCHOR,inherited_tau,True,73,304,1,top2,304,304,True,304,True,HOLD,False,False,False,0,0.0,0.0,0.0,0.0,0.0,[],5,False
H593-25bb54d111079fe02df38114,dro0b-0001-04,2,0,TOKEN_QRR_MULTI,zero,True,73,304,1,top2,304,304,True,304,True,HOLD,False,False,False,0,0.0,0.0,0.0,0.0,0.0,[71],4,False
H593-25bb54d111079fe02df38114,dro0b-0001-04,2,0,TOKEN_QRR_MULTI,inherited_tau,True,73,304,1,top2,304,304,True,304,True,HOLD,False,False,False,0,0.0,0.0,0.0,0.0,0.0,[71],4,False
H593-264b94be0b6f4ab3ec07cfb5,vetoryl-09,2,0,TOKEN_QR,zero,True,106,512,1,top2,512,512,True,512,True,HOLD,False,False,False,0,0.0,0.0,0.0,0.0,0.0,[],7,False
H593-264b94be0b6f4ab3ec07cfb5,vetoryl-09,2,0,TOKEN_QR,inherited_tau,True,106,512,1,top2,512,511,False,507,False,SWITCH,True,False,False,0,0.0,0.0,0.0,0.8441451802895052,-0.7567813651338968,[106],7,False
H593-264b94be0b6f4ab3ec07cfb5,vetoryl-09,2,0,TOKEN_QRR_ANCHOR,zero,True,106,512,1,top2,512,512,True,512,True,HOLD,False,False,False,0,0.0,0.0,0.0,0.0,0.0,[],5,False
H593-264b94be0b6f4ab3ec07cfb5,vetoryl-09,2,0,TOKEN_QRR_ANCHOR,inherited_tau,True,106,512,1,top2,512,511,False,507,False,SWITCH,True,False,False,0,0.0,0.0,0.0,1.1479169850493882,-0.45300956037401385,[106],5,False
H593-264b94be0b6f4ab3ec07cfb5,vetoryl-09,2,0,TOKEN_QRR_MULTI,zero,True,106,512,1,top2,512,512,True,512,True,HOLD,False,False,False,0,0.0,0.0,0.0,0.0,0.0,[105],4,False
H593-264b94be0b6f4ab3ec07cfb5,vetoryl-09,2,0,TOKEN_QRR_MULTI,inherited_tau,True,106,512,1,top2,512,511,False,507,False,SWITCH,True,False,False,0,0.0,0.0,0.0,0.6156278479358724,-0.9852986974875296,"[106, 105]",4,False
H593-272a6668246b45626dea5ed4,350 label,3,0,TOKEN_QR,zero,True,15,599,1,top2,599,599,True,2087,False,SWITCH,True,False,True,-1,0.0,0.0,0.0,3.390257215533385,2.652505978616303,[15],6,False
H593-272a6668246b45626dea5ed4,350 label,3,0,TOKEN_QR,inherited_tau,True,15,599,1,top2,599,868,False,2087,False,SWITCH,True,False,False,0,0.0,0.0,0.0,3.390257215533385,2.652505978616303,[15],6,False
H593-272a6668246b45626dea5ed4,350 label,3,0,TOKEN_QRR_ANCHOR,zero,True,15,599,1,top2,599,599,True,2087,False,SWITCH,True,False,True,-1,0.0,0.0,0.0,5.749752079196152,5.01200084227907,[15],6,False
H593-272a6668246b45626dea5ed4,350 label,3,0,TOKEN_QRR_ANCHOR,inherited_tau,True,15,599,1,top2,599,868,False,2087,False,SWITCH,True,False,False,0,0.0,0.0,0.0,5.749752079196152,5.01200084227907,[15],6,False
H593-272a6668246b45626dea5ed4,350 label,3,0,TOKEN_QRR_MULTI,zero,True,15,599,1,top2,599,599,True,2087,False,SWITCH,True,False,True,-1,0.0,0.0,0.0,3.956320969028469,3.218569732111387,"[15, 27]",5,False
H593-272a6668246b45626dea5ed4,350 label,3,0,TOKEN_QRR_MULTI,inherited_tau,True,15,599,1,top2,599,868,False,2087,False,SWITCH,True,False,False,0,0.0,0.0,0.0,3.956320969028469,3.218569732111387,"[15, 27]",5,False
H593-276677dccfa68da5f45534b2,tul01-0001-02,3,0,TOKEN_QR,zero,False,,,,absent,1243,1261,False,1261,False,SWITCH,False,False,False,0,,,,3.500305222005032,3.5500382107812998,[25],6,False
H593-276677dccfa68da5f45534b2,tul01-0001-02,3,0,TOKEN_QR,inherited_tau,False,,,,absent,1243,1261,False,1261,False,SWITCH,False,False,False,0,,,,3.500305222005032,3.5500382107812998,[25],6,False
H593-276677dccfa68da5f45534b2,tul01-0001-02,3,0,TOKEN_QRR_ANCHOR,zero,False,,,,absent,1243,1261,False,1261,False,SWITCH,False,False,False,0,,,,7.323432011847531,7.373165000623799,[25],6,False
H593-276677dccfa68da5f45534b2,tul01-0001-02,3,0,TOKEN_QRR_ANCHOR,inherited_tau,False,,,,absent,1243,1261,False,1261,False,SWITCH,False,False,False,0,,,,7.323432011847531,7.373165000623799,[25],6,False
H593-276677dccfa68da5f45534b2,tul01-0001-02,3,0,TOKEN_QRR_MULTI,zero,False,,,,absent,1243,1261,False,1261,False,SWITCH,False,False,False,0,,,,5.680549308579204,5.730282297355472,"[25, 48]",5,False
H593-276677dccfa68da5f45534b2,tul01-0001-02,3,0,TOKEN_QRR_MULTI,inherited_tau,False,,,,absent,1243,1261,False,1261,False,SWITCH,False,False,False,0,,,,5.680549308579204,5.730282297355472,"[25, 48]",5,False
H593-2799023fa51eeb3333651a78,6941714017-1,0,0,TOKEN_QR,zero,True,12,1114,1,top2,1114,1114,True,1114,True,HOLD,False,False,False,0,0.0,0.0,0.0,0.0,0.0,[],5,False
H593-2799023fa51eeb3333651a78,6941714017-1,0,0,TOKEN_QR,inherited_tau,True,12,1114,1,top2,1114,1114,True,1114,True,HOLD,False,False,False,0,0.0,0.0,0.0,0.0,0.0,[],5,False
H593-2799023fa51eeb3333651a78,6941714017-1,0,0,TOKEN_QRR_ANCHOR,zero,True,12,1114,1,top2,1114,1114,True,1114,True,HOLD,False,False,False,0,0.0,0.0,0.0,0.0,0.0,[],5,False
H593-2799023fa51eeb3333651a78,6941714017-1,0,0,TOKEN_QRR_ANCHOR,inherited_tau,True,12,1114,1,top2,1114,1114,True,1114,True,HOLD,False,False,False,0,0.0,0.0,0.0,0.0,0.0,[],5,False
H593-2799023fa51eeb3333651a78,6941714017-1,0,0,TOKEN_QRR_MULTI,zero,True,12,1114,1,top2,1114,1114,True,1114,True,HOLD,False,False,False,0,0.0,0.0,0.0,0.0,0.0,[95],5,False
H593-2799023fa51eeb3333651a78,6941714017-1,0,0,TOKEN_QRR_MULTI,inherited_tau,True,12,1114,1,top2,1114,1114,True,1114,True,HOLD,False,False,False,0,0.0,0.0,0.0,0.0,0.0,[95],5,False
H593-27e35a9cbecb2ef6b0c1fc10,Anti-wrinkle EYE CREAM,1,0,TOKEN_QR,zero,True,21,1414,1,top2,1414,1414,True,1414,True,HOLD,False,False,False,0,0.0,0.0,0.0,0.0,0.0,[],7,False
H593-27e35a9cbecb2ef6b0c1fc10,Anti-wrinkle EYE CREAM,1,0,TOKEN_QR,inherited_tau,True,21,1414,1,top2,1414,1414,True,1414,True,HOLD,False,False,False,0,0.0,0.0,0.0,0.0,0.0,[],7,False
H593-27e35a9cbecb2ef6b0c1fc10,Anti-wrinkle EYE CREAM,1,0,TOKEN_QRR_ANCHOR,zero,True,21,1414,1,top2,1414,1414,True,1414,True,HOLD,False,False,False,0,0.0,0.0,0.0,0.0,0.0,[],6,False
H593-27e35a9cbecb2ef6b0c1fc10,Anti-wrinkle EYE CREAM,1,0,TOKEN_QRR_ANCHOR,inherited_tau,True,21,1414,1,top2,1414,1414,True,1414,True,HOLD,False,False,False,0,0.0,0.0,0.0,0.0,0.0,[],6,False
H593-27e35a9cbecb2ef6b0c1fc10,Anti-wrinkle EYE CREAM,1,0,TOKEN_QRR_MULTI,zero,True,21,1414,1,top2,1414,1414,True,1414,True,HOLD,False,False,False,0,0.0,0.0,0.0,0.0,0.0,[88],5,False
H593-27e35a9cbecb2ef6b0c1fc10,Anti-wrinkle EYE CREAM,1,0,TOKEN_QRR_MULTI,inherited_tau,True,21,1414,1,top2,1414,1414,True,1414,True,HOLD,False,False,False,0,0.0,0.0,0.0,0.0,0.0,[88],5,False
H593-2822f2513c87ee22a59ce51b,4_Kids_Oral_Pain_Relief,3,0,TOKEN_QR,zero,True,16,608,1,top2,608,608,True,608,True,HOLD,False,False,False,0,0.0,0.0,0.0,0.0,0.0,[],6,False
H593-2822f2513c87ee22a59ce51b,4_Kids_Oral_Pain_Relief,3,0,TOKEN_QR,inherited_tau,True,16,608,1,top2,608,608,True,608,True,HOLD,False,False,False,0,0.0,0.0,0.0,0.0,0.0,[],6,False
H593-2822f2513c87ee22a59ce51b,4_Kids_Oral_Pain_Relief,3,0,TOKEN_QRR_ANCHOR,zero,True,16,608,1,top2,608,608,True,608,True,HOLD,False,False,False,0,0.0,0.0,0.0,0.0,0.0,[],6,False
H593-2822f2513c87ee22a59ce51b,4_Kids_Oral_Pain_Relief,3,0,TOKEN_QRR_ANCHOR,inherited_tau,True,16,608,1,top2,608,608,True,608,True,HOLD,False,False,False,0,0.0,0.0,0.0,0.0,0.0,[],6,False
H593-2822f2513c87ee22a59ce51b,4_Kids_Oral_Pain_Relief,3,0,TOKEN_QRR_MULTI,zero,True,16,608,1,top2,608,608,True,608,True,HOLD,False,False,False,0,0.0,0.0,0.0,0.0,0.0,[45],5,False
H593-2822f2513c87ee22a59ce51b,4_Kids_Oral_Pain_Relief,3,0,TOKEN_QRR_MULTI,inherited_tau,True,16,608,1,top2,608,608,True,608,True,HOLD,False,False,False,0,0.0,0.0,0.0,0.0,0.0,[45],5,False
H593-2848a70ea80c7f1dc1cfd651,10 mL carton,4,0,TOKEN_QR,zero,True,0,0,1,top2,0,0,True,0,True,HOLD,False,False,False,0,0.0,0.0,0.0,0.0,0.0,[],6,False
H593-2848a70ea80c7f1dc1cfd651,10 mL carton,4,0,TOKEN_QR,inherited_tau,True,0,0,1,top2,0,0,True,0,True,HOLD,False,False,False,0,0.0,0.0,0.0,0.0,0.0,[],6,False
H593-2848a70ea80c7f1dc1cfd651,10 mL carton,4,0,TOKEN_QRR_ANCHOR,zero,True,0,0,1,top2,0,0,True,0,True,HOLD,False,False,False,0,0.0,0.0,0.0,0.0,0.0,[],6,False
H593-2848a70ea80c7f1dc1cfd651,10 mL carton,4,0,TOKEN_QRR_ANCHOR,inherited_tau,True,0,0,1,top2,0,0,True,0,True,HOLD,False,False,False,0,0.0,0.0,0.0,0.0,0.0,[],6,False
H593-2848a70ea80c7f1dc1cfd651,10 mL carton,4,0,TOKEN_QRR_MULTI,zero,True,0,0,1,top2,0,0,True,0,True,HOLD,False,False,False,0,0.0,0.0,0.0,0.0,0.0,[22],4,False
H593-2848a70ea80c7f1dc1cfd651,10 mL carton,4,0,TOKEN_QRR_MULTI,inherited_tau,True,0,0,1,top2,0,0,True,0,True,HOLD,False,False,False,0,0.0,0.0,0.0,0.0,0.0,[22],4,False
H593-297ba148574e09f5723aa6b7,kedbumin-02,1,0,TOKEN_QR,zero,True,116,4798,3,rank3_128,2603,2603,False,4798,True,SWITCH,True,True,False,1,-2.0106126138583873,9.544875479900657,7.53426286604227,9.544875479900657,7.53426286604227,[59],7,False
H593-297ba148574e09f5723aa6b7,kedbumin-02,1,0,TOKEN_QR,inherited_tau,True,116,4798,3,rank3_128,2603,2603,False,4798,True,SWITCH,True,True,False,1,-2.0106126138583873,9.544875479900657,7.53426286604227,9.544875479900657,7.53426286604227,[59],7,False
H593-297ba148574e09f5723aa6b7,kedbumin-02,1,0,TOKEN_QRR_ANCHOR,zero,True,116,4798,3,rank3_128,2603,2603,False,4798,True,SWITCH,True,True,False,1,-2.0106126138583873,9.316638655862672,7.306026042004285,9.316638655862672,7.306026042004285,[59],6,False
H593-297ba148574e09f5723aa6b7,kedbumin-02,1,0,TOKEN_QRR_ANCHOR,inherited_tau,True,116,4798,3,rank3_128,2603,2603,False,4798,True,SWITCH,True,True,False,1,-2.0106126138583873,9.316638655862672,7.306026042004285,9.316638655862672,7.306026042004285,[59],6,False
H593-297ba148574e09f5723aa6b7,kedbumin-02,1,0,TOKEN_QRR_MULTI,zero,True,116,4798,3,rank3_128,2603,2603,False,4798,True,SWITCH,True,True,False,1,-2.0106126138583873,4.539069502720748,2.528456888862361,4.539069502720748,2.528456888862361,"[59, 87]",5,False
H593-297ba148574e09f5723aa6b7,kedbumin-02,1,0,TOKEN_QRR_MULTI,inherited_tau,True,116,4798,3,rank3_128,2603,2603,False,4798,True,SWITCH,True,True,False,1,-2.0106126138583873,4.539069502720748,2.528456888862361,4.539069502720748,2.528456888862361,"[59, 87]",5,False
H593-29b067277aef7b28b3547a97,cuvitru-19,2,0,TOKEN_QR,zero,True,16,4791,1,top2,4791,4791,True,4791,True,HOLD,False,False,False,0,0.0,0.0,0.0,0.0,0.0,[],7,False
H593-29b067277aef7b28b3547a97,cuvitru-19,2,0,TOKEN_QR,inherited_tau,True,16,4791,1,top2,4791,4790,False,4790,False,SWITCH,False,False,False,0,0.0,0.0,0.0,0.18139043021921353,-1.5364058802103007,[16],7,False
H593-29b067277aef7b28b3547a97,cuvitru-19,2,0,TOKEN_QRR_ANCHOR,zero,True,16,4791,1,top2,4791,4791,True,4791,True,HOLD,False,False,False,0,0.0,0.0,0.0,0.0,0.0,[],5,False
H593-29b067277aef7b28b3547a97,cuvitru-19,2,0,TOKEN_QRR_ANCHOR,inherited_tau,True,16,4791,1,top2,4791,4790,False,4790,False,SWITCH,False,False,False,0,0.0,0.0,0.0,0.20056971896023024,-1.517226591469284,[16],5,False
H593-29b067277aef7b28b3547a97,cuvitru-19,2,0,TOKEN_QRR_MULTI,zero,True,16,4791,1,top2,4791,4791,True,4791,True,HOLD,False,False,False,0,0.0,0.0,0.0,0.0,0.0,[15],4,False
H593-29b067277aef7b28b3547a97,cuvitru-19,2,0,TOKEN_QRR_MULTI,inherited_tau,True,16,4791,1,top2,4791,4790,False,4790,False,SWITCH,False,False,False,0,0.0,0.0,0.0,1.2209308976371502,-0.49686541279236396,"[16, 19]",4,False
H593-29d505a42ed3f7b9bb256b2b,bbx08-0000-01,4,0,TOKEN_QR,zero,True,71,3334,1,top2,3334,3334,True,3334,True,HOLD,False,False,False,0,0.0,0.0,0.0,0.0,0.0,[],6,False
H593-29d505a42ed3f7b9bb256b2b,bbx08-0000-01,4,0,TOKEN_QR,inherited_tau,True,71,3334,1,top2,3334,3334,True,3334,True,HOLD,False,False,False,0,0.0,0.0,0.0,0.0,0.0,[],6,False
H593-29d505a42ed3f7b9bb256b2b,bbx08-0000-01,4,0,TOKEN_QRR_ANCHOR,zero,True,71,3334,1,top2,3334,3334,True,3333,False,SWITCH,True,False,True,-1,0.0,0.0,0.0,2.0795432604599924,1.1983092951909577,[71],6,False
H593-29d505a42ed3f7b9bb256b2b,bbx08-0000-01,4,0,TOKEN_QRR_ANCHOR,inherited_tau,True,71,3334,1,top2,3334,3334,True,3333,False,SWITCH,True,False,True,-1,0.0,0.0,0.0,2.0795432604599924,1.1983092951909577,[71],6,False
H593-29d505a42ed3f7b9bb256b2b,bbx08-0000-01,4,0,TOKEN_QRR_MULTI,zero,True,71,3334,1,top2,3334,3334,True,3333,False,SWITCH,True,False,True,-1,0.0,0.0,0.0,1.029462398911321,0.14822843364228633,"[71, 69]",4,False
H593-29d505a42ed3f7b9bb256b2b,bbx08-0000-01,4,0,TOKEN_QRR_MULTI,inherited_tau,True,71,3334,1,top2,3334,3334,True,3334,True,HOLD,False,False,False,0,0.0,0.0,0.0,0.0,0.0,[70],4,False
H593-2a09bc7ee67cc38fba44400e,6941714017-1,0,0,TOKEN_QR,zero,True,6,1114,1,top2,1114,1114,True,1114,True,HOLD,False,False,False,0,0.0,0.0,0.0,0.0,0.0,[],5,False
H593-2a09bc7ee67cc38fba44400e,6941714017-1,0,0,TOKEN_QR,inherited_tau,True,6,1114,1,top2,1114,1114,True,1114,True,HOLD,False,False,False,0,0.0,0.0,0.0,0.0,0.0,[],5,False
H593-2a09bc7ee67cc38fba44400e,6941714017-1,0,0,TOKEN_QRR_ANCHOR,zero,True,6,1114,1,top2,1114,1114,True,1114,True,HOLD,False,False,False,0,0.0,0.0,0.0,0.0,0.0,[],5,False
H593-2a09bc7ee67cc38fba44400e,6941714017-1,0,0,TOKEN_QRR_ANCHOR,inherited_tau,True,6,1114,1,top2,1114,1114,True,1114,True,HOLD,False,False,False,0,0.0,0.0,0.0,0.0,0.0,[],5,False
H593-2a09bc7ee67cc38fba44400e,6941714017-1,0,0,TOKEN_QRR_MULTI,zero,True,6,1114,1,top2,1114,1114,True,1114,True,HOLD,False,False,False,0,0.0,0.0,0.0,0.0,0.0,[109],5,False
H593-2a09bc7ee67cc38fba44400e,6941714017-1,0,0,TOKEN_QRR_MULTI,inherited_tau,True,6,1114,1,top2,1114,1114,True,1114,True,HOLD,False,False,False,0,0.0,0.0,0.0,0.0,0.0,[109],5,False
H593-2acfe07e77226545b2ae0e10,77l96n1c1,1,0,TOKEN_QR,zero,True,95,4861,17,rank3_128,4984,4984,False,4984,False,HOLD,False,False,False,0,-2.9508829750379784,-2.3286910604456743,-5.279574035483653,0.0,0.0,[],7,False
H593-2acfe07e77226545b2ae0e10,77l96n1c1,1,0,TOKEN_QR,inherited_tau,True,95,4861,17,rank3_128,4984,4984,False,4984,False,HOLD,False,False,False,0,-2.9508829750379784,-2.3286910604456743,-5.279574035483653,0.0,0.0,[],7,False
H593-2acfe07e77226545b2ae0e10,77l96n1c1,1,0,TOKEN_QRR_ANCHOR,zero,True,95,4861,17,rank3_128,4984,4984,False,4984,False,HOLD,False,False,False,0,-2.9508829750379784,-2.5147018567730988,-5.465584831811077,0.0,0.0,[],6,False
H593-2acfe07e77226545b2ae0e10,77l96n1c1,1,0,TOKEN_QRR_ANCHOR,inherited_tau,True,95,4861,17,rank3_128,4984,4984,False,4984,False,HOLD,False,False,False,0,-2.9508829750379784,-2.5147018567730988,-5.465584831811077,0.0,0.0,[],6,False
H593-2acfe07e77226545b2ae0e10,77l96n1c1,1,0,TOKEN_QRR_MULTI,zero,True,95,4861,17,rank3_128,4984,4984,False,4984,False,HOLD,False,False,False,0,-2.9508829750379784,-3.8904883260799683,-6.841371301117947,0.0,0.0,[89],5,False
H593-2acfe07e77226545b2ae0e10,77l96n1c1,1,0,TOKEN_QRR_MULTI,inherited_tau,True,95,4861,17,rank3_128,4984,4984,False,4984,False,HOLD,False,False,False,0,-2.9508829750379784,-3.8904883260799683,-6.841371301117947,0.0,0.0,[89],5,False
H593-2ad687a1c029e9f33146503b,int08-0008-17,0,0,TOKEN_QR,zero,True,112,395,1,top2,396,395,True,395,True,SWITCH,False,False,False,0,0.4756886694610107,3.4056566959727466,3.881345365433757,3.4056566959727466,3.881345365433757,[113],5,False
H593-2ad687a1c029e9f33146503b,int08-0008-17,0,0,TOKEN_QR,inherited_tau,True,112,395,1,top2,396,395,True,395,True,SWITCH,False,False,False,0,0.4756886694610107,3.4056566959727466,3.881345365433757,3.4056566959727466,3.881345365433757,[113],5,False
H593-2ad687a1c029e9f33146503b,int08-0008-17,0,0,TOKEN_QRR_ANCHOR,zero,True,112,395,1,top2,396,395,True,395,True,SWITCH,False,False,False,0,0.4756886694610107,4.3106368109253435,4.786325480386354,4.3106368109253435,4.786325480386354,[113],5,False
H593-2ad687a1c029e9f33146503b,int08-0008-17,0,0,TOKEN_QRR_ANCHOR,inherited_tau,True,112,395,1,top2,396,395,True,395,True,SWITCH,False,False,False,0,0.4756886694610107,4.3106368109253435,4.786325480386354,4.3106368109253435,4.786325480386354,[113],5,False
H593-2ad687a1c029e9f33146503b,int08-0008-17,0,0,TOKEN_QRR_MULTI,zero,True,112,395,1,top2,396,395,True,395,True,SWITCH,False,False,False,0,0.4756886694610107,5.597411185126524,6.073099854587535,5.597411185126524,6.073099854587535,"[113, 104]",5,False
H593-2ad687a1c029e9f33146503b,int08-0008-17,0,0,TOKEN_QRR_MULTI,inherited_tau,True,112,395,1,top2,396,395,True,395,True,SWITCH,False,False,False,0,0.4756886694610107,5.597411185126524,6.073099854587535,5.597411185126524,6.073099854587535,"[113, 104]",5,False
H593-2b13d777bd87f808044a7852,5fe0ce14-bc11-4b43-b002-7efdca0d3003-04,4,0,TOKEN_QR,zero,True,22,4776,1,top2,4776,4776,True,4776,True,HOLD,False,False,False,0,0.0,0.0,0.0,0.0,0.0,[],6,False
H593-2b13d777bd87f808044a7852,5fe0ce14-bc11-4b43-b002-7efdca0d3003-04,4,0,TOKEN_QR,inherited_tau,True,22,4776,1,top2,4776,4776,True,4776,True,HOLD,False,False,False,0,0.0,0.0,0.0,0.0,0.0,[],6,False
H593-2b13d777bd87f808044a7852,5fe0ce14-bc11-4b43-b002-7efdca0d3003-04,4,0,TOKEN_QRR_ANCHOR,zero,True,22,4776,1,top2,4776,4776,True,4776,True,HOLD,False,False,False,0,0.0,0.0,0.0,0.0,0.0,[],6,False
H593-2b13d777bd87f808044a7852,5fe0ce14-bc11-4b43-b002-7efdca0d3003-04,4,0,TOKEN_QRR_ANCHOR,inherited_tau,True,22,4776,1,top2,4776,4776,True,4776,True,HOLD,False,False,False,0,0.0,0.0,0.0,0.0,0.0,[],6,False
H593-2b13d777bd87f808044a7852,5fe0ce14-bc11-4b43-b002-7efdca0d3003-04,4,0,TOKEN_QRR_MULTI,zero,True,22,4776,1,top2,4776,4776,True,4776,True,HOLD,False,False,False,0,0.0,0.0,0.0,0.0,0.0,[20],4,False
H593-2b13d777bd87f808044a7852,5fe0ce14-bc11-4b43-b002-7efdca0d3003-04,4,0,TOKEN_QRR_MULTI,inherited_tau,True,22,4776,1,top2,4776,4776,True,4776,True,HOLD,False,False,False,0,0.0,0.0,0.0,0.0,0.0,[20],4,False
H593-2b74b8c201be8b599627fefc,300000538_R-00_Final,3,0,TOKEN_QR,zero,False,,,,absent,2733,2733,False,2733,False,HOLD,False,False,False,0,,,,0.0,0.0,[],6,False
H593-2b74b8c201be8b599627fefc,300000538_R-00_Final,3,0,TOKEN_QR,inherited_tau,False,,,,absent,2733,2654,False,1381,False,SWITCH,True,False,False,0,,,,0.5474464547609941,-0.5704178143443335,[60],6,False
H593-2b74b8c201be8b599627fefc,300000538_R-00_Final,3,0,TOKEN_QRR_ANCHOR,zero,False,,,,absent,2733,2733,False,2733,False,HOLD,False,False,False,0,,,,0.0,0.0,[],6,False
H593-2b74b8c201be8b599627fefc,300000538_R-00_Final,3,0,TOKEN_QRR_ANCHOR,inherited_tau,False,,,,absent,2733,2654,False,1381,False,SWITCH,True,False,False,0,,,,0.3499808722310499,-0.7678833968742776,[60],6,False
H593-2b74b8c201be8b599627fefc,300000538_R-00_Final,3,0,TOKEN_QRR_MULTI,zero,False,,,,absent,2733,2733,False,2733,False,HOLD,False,False,False,0,,,,0.0,0.0,[59],5,False
H593-2b74b8c201be8b599627fefc,300000538_R-00_Final,3,0,TOKEN_QRR_MULTI,inherited_tau,False,,,,absent,2733,2654,False,1381,False,SWITCH,True,False,False,0,,,,-0.2323494615265238,-1.3502137306318513,"[60, 59]",5,False
H593-2bae4a6fe6f937a87545fde2,cuvitru-19,2,0,TOKEN_QR,zero,True,45,4791,1,top2,4791,4791,True,4791,True,HOLD,False,False,False,0,0.0,0.0,0.0,0.0,0.0,[],7,False
H593-2bae4a6fe6f937a87545fde2,cuvitru-19,2,0,TOKEN_QR,inherited_tau,True,45,4791,1,top2,4791,4791,True,4791,True,HOLD,False,False,False,0,0.0,0.0,0.0,0.0,0.0,[],7,False
H593-2bae4a6fe6f937a87545fde2,cuvitru-19,2,0,TOKEN_QRR_ANCHOR,zero,True,45,4791,1,top2,4791,4791,True,4791,True,HOLD,False,False,False,0,0.0,0.0,0.0,0.0,0.0,[],5,False
H593-2bae4a6fe6f937a87545fde2,cuvitru-19,2,0,TOKEN_QRR_ANCHOR,inherited_tau,True,45,4791,1,top2,4791,4791,True,4791,True,HOLD,False,False,False,0,0.0,0.0,0.0,0.0,0.0,[],5,False
H593-2bae4a6fe6f937a87545fde2,cuvitru-19,2,0,TOKEN_QRR_MULTI,zero,True,45,4791,1,top2,4791,4791,True,4791,True,HOLD,False,False,False,0,0.0,0.0,0.0,0.0,0.0,[85],4,False
H593-2bae4a6fe6f937a87545fde2,cuvitru-19,2,0,TOKEN_QRR_MULTI,inherited_tau,True,45,4791,1,top2,4791,4791,True,4791,True,HOLD,False,False,False,0,0.0,0.0,0.0,0.0,0.0,[85],4,False
H593-2bcc3d446a9293adfd81509f,10ml carton,3,0,TOKEN_QR,zero,True,3,7,1,top2,7,7,True,7,True,HOLD,False,False,False,0,0.0,0.0,0.0,0.0,0.0,[],6,False
H593-2bcc3d446a9293adfd81509f,10ml carton,3,0,TOKEN_QR,inherited_tau,True,3,7,1,top2,7,7,True,81,False,SWITCH,True,False,True,-1,0.0,0.0,0.0,0.8493268499478859,-1.926506133236738,[3],6,False
H593-2bcc3d446a9293adfd81509f,10ml carton,3,0,TOKEN_QRR_ANCHOR,zero,True,3,7,1,top2,7,7,True,7,True,HOLD,False,False,False,0,0.0,0.0,0.0,0.0,0.0,[],6,False
H593-2bcc3d446a9293adfd81509f,10ml carton,3,0,TOKEN_QRR_ANCHOR,inherited_tau,True,3,7,1,top2,7,7,True,81,False,SWITCH,True,False,True,-1,0.0,0.0,0.0,1.260912393800414,-1.5149205893842097,[3],6,False
H593-2bcc3d446a9293adfd81509f,10ml carton,3,0,TOKEN_QRR_MULTI,zero,True,3,7,1,top2,7,7,True,7,True,HOLD,False,False,False,0,0.0,0.0,0.0,0.0,0.0,[15],5,False
H593-2bcc3d446a9293adfd81509f,10ml carton,3,0,TOKEN_QRR_MULTI,inherited_tau,True,3,7,1,top2,7,7,True,7,True,HOLD,False,False,False,0,0.0,0.0,0.0,0.0,0.0,[15],5,False
H593-2c2942af21039bf61875bcba,AlkaSeltzer_36,1,0,TOKEN_QR,zero,False,,,,absent,2588,2588,False,2588,False,HOLD,False,False,False,0,,,,0.0,0.0,[],7,False
H593-2c2942af21039bf61875bcba,AlkaSeltzer_36,1,0,TOKEN_QR,inherited_tau,False,,,,absent,2588,2588,False,2588,False,HOLD,False,False,False,0,,,,0.0,0.0,[],7,False
H593-2c2942af21039bf61875bcba,AlkaSeltzer_36,1,0,TOKEN_QRR_ANCHOR,zero,False,,,,absent,2588,2588,False,2588,False,HOLD,False,False,False,0,,,,0.0,0.0,[],6,False
H593-2c2942af21039bf61875bcba,AlkaSeltzer_36,1,0,TOKEN_QRR_ANCHOR,inherited_tau,False,,,,absent,2588,2588,False,2588,False,HOLD,False,False,False,0,,,,0.0,0.0,[],6,False
H593-2c2942af21039bf61875bcba,AlkaSeltzer_36,1,0,TOKEN_QRR_MULTI,zero,False,,,,absent,2588,2588,False,2588,False,HOLD,False,False,False,0,,,,0.0,0.0,[65],5,False
H593-2c2942af21039bf61875bcba,AlkaSeltzer_36,1,0,TOKEN_QRR_MULTI,inherited_tau,False,,,,absent,2588,2588,False,2588,False,HOLD,False,False,False,0,,,,0.0,0.0,[65],5,False
H593-2d0dc828facf9c0c8e44c960,askindr carton,3,0,TOKEN_QR,zero,True,57,3208,1,top2,3986,3208,True,3208,True,SWITCH,False,False,False,0,2.710031281791559,10.6990795707836,13.409110852575157,10.6990795707836,13.409110852575157,[95],6,False
H593-2d0dc828facf9c0c8e44c960,askindr carton,3,0,TOKEN_QR,inherited_tau,True,57,3208,1,top2,3986,3208,True,3208,True,SWITCH,False,False,False,0,2.710031281791559,10.6990795707836,13.409110852575157,10.6990795707836,13.409110852575157,[95],6,False
H593-2d0dc828facf9c0c8e44c960,askindr carton,3,0,TOKEN_QRR_ANCHOR,zero,True,57,3208,1,top2,3986,3208,True,3208,True,SWITCH,False,False,False,0,2.710031281791559,10.824432536306755,13.534463818098313,10.824432536306755,13.534463818098313,[95],6,False
H593-2d0dc828facf9c0c8e44c960,askindr carton,3,0,TOKEN_QRR_ANCHOR,inherited_tau,True,57,3208,1,top2,3986,3208,True,3208,True,SWITCH,False,False,False,0,2.710031281791559,10.824432536306755,13.534463818098313,10.824432536306755,13.534463818098313,[95],6,False
H593-2d0dc828facf9c0c8e44c960,askindr carton,3,0,TOKEN_QRR_MULTI,zero,True,57,3208,1,top2,3986,3208,True,3208,True,SWITCH,False,False,False,0,2.710031281791559,14.276383657305676,16.986414939097234,14.276383657305676,16.986414939097234,"[95, 50]",5,False
H593-2d0dc828facf9c0c8e44c960,askindr carton,3,0,TOKEN_QRR_MULTI,inherited_tau,True,57,3208,1,top2,3986,3208,True,3208,True,SWITCH,False,False,False,0,2.710031281791559,14.276383657305676,16.986414939097234,14.276383657305676,16.986414939097234,"[95, 50]",5,False
H593-2e44547e6a7fb1f39cc27d3a,4_Kids_Oral_Pain_Relief,3,0,TOKEN_QR,zero,True,10,608,1,top2,608,608,True,608,True,HOLD,False,False,False,0,0.0,0.0,0.0,0.0,0.0,[],6,False
H593-2e44547e6a7fb1f39cc27d3a,4_Kids_Oral_Pain_Relief,3,0,TOKEN_QR,inherited_tau,True,10,608,1,top2,608,608,True,608,True,HOLD,False,False,False,0,0.0,0.0,0.0,0.0,0.0,[],6,False
H593-2e44547e6a7fb1f39cc27d3a,4_Kids_Oral_Pain_Relief,3,0,TOKEN_QRR_ANCHOR,zero,True,10,608,1,top2,608,608,True,608,True,HOLD,False,False,False,0,0.0,0.0,0.0,0.0,0.0,[],6,False
H593-2e44547e6a7fb1f39cc27d3a,4_Kids_Oral_Pain_Relief,3,0,TOKEN_QRR_ANCHOR,inherited_tau,True,10,608,1,top2,608,608,True,608,True,HOLD,False,False,False,0,0.0,0.0,0.0,0.0,0.0,[],6,False
H593-2e44547e6a7fb1f39cc27d3a,4_Kids_Oral_Pain_Relief,3,0,TOKEN_QRR_MULTI,zero,True,10,608,1,top2,608,608,True,608,True,HOLD,False,False,False,0,0.0,0.0,0.0,0.0,0.0,[102],5,False
H593-2e44547e6a7fb1f39cc27d3a,4_Kids_Oral_Pain_Relief,3,0,TOKEN_QRR_MULTI,inherited_tau,True,10,608,1,top2,608,608,True,608,True,HOLD,False,False,False,0,0.0,0.0,0.0,0.0,0.0,[102],5,False
H593-2e5153cd0e9bd1dddbb75dea,200000002710_Final,4,0,TOKEN_QR,zero,True,2,935,6,rank3_128,1219,1966,False,935,True,SWITCH,True,True,False,1,0.17063635776930614,17.303517978621848,17.474154336391155,17.303517978621848,17.474154336391155,[20],6,False
H593-2e5153cd0e9bd1dddbb75dea,200000002710_Final,4,0,TOKEN_QR,inherited_tau,True,2,935,6,rank3_128,1219,1966,False,935,True,SWITCH,True,True,False,1,0.17063635776930614,17.303517978621848,17.474154336391155,17.303517978621848,17.474154336391155,[20],6,False
H593-2e5153cd0e9bd1dddbb75dea,200000002710_Final,4,0,TOKEN_QRR_ANCHOR,zero,True,2,935,6,rank3_128,1219,1966,False,935,True,SWITCH,True,True,False,1,0.17063635776930614,13.2515367222375,13.422173080006806,13.2515367222375,13.422173080006806,[20],6,False
H593-2e5153cd0e9bd1dddbb75dea,200000002710_Final,4,0,TOKEN_QRR_ANCHOR,inherited_tau,True,2,935,6,rank3_128,1219,1966,False,935,True,SWITCH,True,True,False,1,0.17063635776930614,13.2515367222375,13.422173080006806,13.2515367222375,13.422173080006806,[20],6,False
H593-2e5153cd0e9bd1dddbb75dea,200000002710_Final,4,0,TOKEN_QRR_MULTI,zero,True,2,935,6,rank3_128,1219,1966,False,1966,False,SWITCH,False,False,False,0,0.17063635776930614,7.613638039595237,7.784274397364543,7.77320391208627,9.368889827910312,"[20, 97]",4,False
H593-2e5153cd0e9bd1dddbb75dea,200000002710_Final,4,0,TOKEN_QRR_MULTI,inherited_tau,True,2,935,6,rank3_128,1219,1966,False,1966,False,SWITCH,False,False,False,0,0.17063635776930614,7.613638039595237,7.784274397364543,7.77320391208627,9.368889827910312,"[20, 97]",4,False
H593-2e843bf03a9cb860ec035d26,ciprofloxacin-ophthalmic-solution-2pt5ml-carton,0,0,TOKEN_QR,zero,True,96,5053,1,top2,5053,5053,True,5053,True,HOLD,False,False,False,0,0.0,0.0,0.0,0.0,0.0,[],5,False
H593-2e843bf03a9cb860ec035d26,ciprofloxacin-ophthalmic-solution-2pt5ml-carton,0,0,TOKEN_QR,inherited_tau,True,96,5053,1,top2,5053,5053,True,5053,True,HOLD,False,False,False,0,0.0,0.0,0.0,0.0,0.0,[],5,False
H593-2e843bf03a9cb860ec035d26,ciprofloxacin-ophthalmic-solution-2pt5ml-carton,0,0,TOKEN_QRR_ANCHOR,zero,True,96,5053,1,top2,5053,5053,True,5053,True,HOLD,False,False,False,0,0.0,0.0,0.0,0.0,0.0,[],5,False
H593-2e843bf03a9cb860ec035d26,ciprofloxacin-ophthalmic-solution-2pt5ml-carton,0,0,TOKEN_QRR_ANCHOR,inherited_tau,True,96,5053,1,top2,5053,5053,True,5053,True,HOLD,False,False,False,0,0.0,0.0,0.0,0.0,0.0,[],5,False
H593-2e843bf03a9cb860ec035d26,ciprofloxacin-ophthalmic-solution-2pt5ml-carton,0,0,TOKEN_QRR_MULTI,zero,True,96,5053,1,top2,5053,5053,True,5053,True,HOLD,False,False,False,0,0.0,0.0,0.0,0.0,0.0,[60],5,False
H593-2e843bf03a9cb860ec035d26,ciprofloxacin-ophthalmic-solution-2pt5ml-carton,0,0,TOKEN_QRR_MULTI,inherited_tau,True,96,5053,1,top2,5053,5053,True,5053,True,HOLD,False,False,False,0,0.0,0.0,0.0,0.0,0.0,[60],5,False
H593-2e8ca9e124da2d21f42ee190,cuvitru-19,2,0,TOKEN_QR,zero,True,40,4791,1,top2,4791,4791,True,4791,True,HOLD,False,False,False,0,0.0,0.0,0.0,0.0,0.0,[],7,False
H593-2e8ca9e124da2d21f42ee190,cuvitru-19,2,0,TOKEN_QR,inherited_tau,True,40,4791,1,top2,4791,4791,True,4791,True,HOLD,False,False,False,0,0.0,0.0,0.0,0.0,0.0,[],7,False
H593-2e8ca9e124da2d21f42ee190,cuvitru-19,2,0,TOKEN_QRR_ANCHOR,zero,True,40,4791,1,top2,4791,4791,True,4791,True,HOLD,False,False,False,0,0.0,0.0,0.0,0.0,0.0,[],5,False
H593-2e8ca9e124da2d21f42ee190,cuvitru-19,2,0,TOKEN_QRR_ANCHOR,inherited_tau,True,40,4791,1,top2,4791,4791,True,4791,True,HOLD,False,False,False,0,0.0,0.0,0.0,0.0,0.0,[],5,False
H593-2e8ca9e124da2d21f42ee190,cuvitru-19,2,0,TOKEN_QRR_MULTI,zero,True,40,4791,1,top2,4791,4791,True,4791,True,HOLD,False,False,False,0,0.0,0.0,0.0,0.0,0.0,[39],4,False
H593-2e8ca9e124da2d21f42ee190,cuvitru-19,2,0,TOKEN_QRR_MULTI,inherited_tau,True,40,4791,1,top2,4791,4791,True,4791,True,HOLD,False,False,False,0,0.0,0.0,0.0,0.0,0.0,[39],4,False
H593-2ecb07df64c211f4edf1e8d3,carton-1-gram-10-vial-pack-premier,2,0,TOKEN_QR,zero,True,93,5004,1,top2,5004,5004,True,5004,True,HOLD,False,False,False,0,0.0,0.0,0.0,0.0,0.0,[],7,False
H593-2ecb07df64c211f4edf1e8d3,carton-1-gram-10-vial-pack-premier,2,0,TOKEN_QR,inherited_tau,True,93,5004,1,top2,5004,5004,True,5004,True,HOLD,False,False,False,0,0.0,0.0,0.0,0.0,0.0,[],7,False
H593-2ecb07df64c211f4edf1e8d3,carton-1-gram-10-vial-pack-premier,2,0,TOKEN_QRR_ANCHOR,zero,True,93,5004,1,top2,5004,5004,True,5004,True,HOLD,False,False,False,0,0.0,0.0,0.0,0.0,0.0,[],5,False
H593-2ecb07df64c211f4edf1e8d3,carton-1-gram-10-vial-pack-premier,2,0,TOKEN_QRR_ANCHOR,inherited_tau,True,93,5004,1,top2,5004,5004,True,5004,True,HOLD,False,False,False,0,0.0,0.0,0.0,0.0,0.0,[],5,False
H593-2ecb07df64c211f4edf1e8d3,carton-1-gram-10-vial-pack-premier,2,0,TOKEN_QRR_MULTI,zero,True,93,5004,1,top2,5004,5004,True,5004,True,HOLD,False,False,False,0,0.0,0.0,0.0,0.0,0.0,[65],4,False
H593-2ecb07df64c211f4edf1e8d3,carton-1-gram-10-vial-pack-premier,2,0,TOKEN_QRR_MULTI,inherited_tau,True,93,5004,1,top2,5004,5004,True,5004,True,HOLD,False,False,False,0,0.0,0.0,0.0,0.0,0.0,[65],4,False
H593-2f5a93c328b7e7c9e25412f0,3T3-bn-lansoprazole,4,0,TOKEN_QR,zero,True,20,996,1,top2,853,996,True,996,True,SWITCH,False,False,False,0,1.9099467398081698,9.277237630028115,11.187184369836285,9.277237630028115,11.187184369836285,[10],6,False
H593-2f5a93c328b7e7c9e25412f0,3T3-bn-lansoprazole,4,0,TOKEN_QR,inherited_tau,True,20,996,1,top2,853,996,True,996,True,SWITCH,False,False,False,0,1.9099467398081698,9.277237630028115,11.187184369836285,9.277237630028115,11.187184369836285,[10],6,False
H593-2f5a93c328b7e7c9e25412f0,3T3-bn-lansoprazole,4,0,TOKEN_QRR_ANCHOR,zero,True,20,996,1,top2,853,996,True,996,True,SWITCH,False,False,False,0,1.9099467398081698,12.385066559759291,14.295013299567461,12.385066559759291,14.295013299567461,[10],6,False
H593-2f5a93c328b7e7c9e25412f0,3T3-bn-lansoprazole,4,0,TOKEN_QRR_ANCHOR,inherited_tau,True,20,996,1,top2,853,996,True,996,True,SWITCH,False,False,False,0,1.9099467398081698,12.385066559759291,14.295013299567461,12.385066559759291,14.295013299567461,[10],6,False
H593-2f5a93c328b7e7c9e25412f0,3T3-bn-lansoprazole,4,0,TOKEN_QRR_MULTI,zero,True,20,996,1,top2,853,996,True,996,True,SWITCH,False,False,False,0,1.9099467398081698,10.038395780066978,11.948342519875148,10.038395780066978,11.948342519875148,"[10, 27]",4,False
H593-2f5a93c328b7e7c9e25412f0,3T3-bn-lansoprazole,4,0,TOKEN_QRR_MULTI,inherited_tau,True,20,996,1,top2,853,996,True,996,True,SWITCH,False,False,False,0,1.9099467398081698,10.038395780066978,11.948342519875148,10.038395780066978,11.948342519875148,"[10, 27]",4,False
H593-2fa24ad21b4ed56f150b2b7a,2021 Lice Freee!_6ozPOP R2a,3,0,TOKEN_QR,zero,True,43,567,1,top2,567,567,True,567,True,HOLD,False,False,False,0,0.0,0.0,0.0,0.0,0.0,[],6,False
H593-2fa24ad21b4ed56f150b2b7a,2021 Lice Freee!_6ozPOP R2a,3,0,TOKEN_QR,inherited_tau,True,43,567,1,top2,567,567,True,567,True,HOLD,False,False,False,0,0.0,0.0,0.0,0.0,0.0,[],6,False
H593-2fa24ad21b4ed56f150b2b7a,2021 Lice Freee!_6ozPOP R2a,3,0,TOKEN_QRR_ANCHOR,zero,True,43,567,1,top2,567,567,True,567,True,HOLD,False,False,False,0,0.0,0.0,0.0,0.0,0.0,[],6,False
H593-2fa24ad21b4ed56f150b2b7a,2021 Lice Freee!_6ozPOP R2a,3,0,TOKEN_QRR_ANCHOR,inherited_tau,True,43,567,1,top2,567,567,True,567,True,HOLD,False,False,False,0,0.0,0.0,0.0,0.0,0.0,[],6,False
H593-2fa24ad21b4ed56f150b2b7a,2021 Lice Freee!_6ozPOP R2a,3,0,TOKEN_QRR_MULTI,zero,True,43,567,1,top2,567,567,True,567,True,HOLD,False,False,False,0,0.0,0.0,0.0,0.0,0.0,[44],5,False
H593-2fa24ad21b4ed56f150b2b7a,2021 Lice Freee!_6ozPOP R2a,3,0,TOKEN_QRR_MULTI,inherited_tau,True,43,567,1,top2,567,567,True,567,True,HOLD,False,False,False,0,0.0,0.0,0.0,0.0,0.0,[44],5,False
H593-30656f17b4be13cde8124a15,SH230414C (250 ml Carton),4,0,TOKEN_QR,zero,True,35,147,4,rank3_128,138,146,False,147,True,SWITCH,True,True,False,1,-0.3368103807311551,15.368089547157396,15.031279166426241,15.368089547157396,15.031279166426241,[31],6,False
H593-30656f17b4be13cde8124a15,SH230414C (250 ml Carton),4,0,TOKEN_QR,inherited_tau,True,35,147,4,rank3_128,138,146,False,147,True,SWITCH,True,True,False,1,-0.3368103807311551,15.368089547157396,15.031279166426241,15.368089547157396,15.031279166426241,[31],6,False
H593-30656f17b4be13cde8124a15,SH230414C (250 ml Carton),4,0,TOKEN_QRR_ANCHOR,zero,True,35,147,4,rank3_128,138,146,False,147,True,SWITCH,True,True,False,1,-0.3368103807311551,18.60099712271272,18.264186741981565,18.60099712271272,18.264186741981565,[31],6,False
H593-30656f17b4be13cde8124a15,SH230414C (250 ml Carton),4,0,TOKEN_QRR_ANCHOR,inherited_tau,True,35,147,4,rank3_128,138,146,False,147,True,SWITCH,True,True,False,1,-0.3368103807311551,18.60099712271272,18.264186741981565,18.60099712271272,18.264186741981565,[31],6,False
H593-30656f17b4be13cde8124a15,SH230414C (250 ml Carton),4,0,TOKEN_QRR_MULTI,zero,True,35,147,4,rank3_128,138,146,False,147,True,SWITCH,True,True,False,1,-0.3368103807311551,10.655256721771199,10.318446341040044,10.655256721771199,10.318446341040044,"[31, 34]",4,False
H593-30656f17b4be13cde8124a15,SH230414C (250 ml Carton),4,0,TOKEN_QRR_MULTI,inherited_tau,True,35,147,4,rank3_128,138,146,False,147,True,SWITCH,True,True,False,1,-0.3368103807311551,10.655256721771199,10.318446341040044,10.655256721771199,10.318446341040044,"[31, 34]",4,False
H593-30d56e7ebdd8d445dd0c0837,766-e9-infants-pain-and-fever,0,0,TOKEN_QR,zero,True,14,1134,1,top2,1134,1134,True,1134,True,HOLD,False,False,False,0,0.0,0.0,0.0,0.0,0.0,[],5,False
H593-30d56e7ebdd8d445dd0c0837,766-e9-infants-pain-and-fever,0,0,TOKEN_QR,inherited_tau,True,14,1134,1,top2,1134,1134,True,1134,True,HOLD,False,False,False,0,0.0,0.0,0.0,0.0,0.0,[],5,False
H593-30d56e7ebdd8d445dd0c0837,766-e9-infants-pain-and-fever,0,0,TOKEN_QRR_ANCHOR,zero,True,14,1134,1,top2,1134,1134,True,1134,True,HOLD,False,False,False,0,0.0,0.0,0.0,0.0,0.0,[],5,False
H593-30d56e7ebdd8d445dd0c0837,766-e9-infants-pain-and-fever,0,0,TOKEN_QRR_ANCHOR,inherited_tau,True,14,1134,1,top2,1134,1134,True,1134,True,HOLD,False,False,False,0,0.0,0.0,0.0,0.0,0.0,[],5,False
H593-30d56e7ebdd8d445dd0c0837,766-e9-infants-pain-and-fever,0,0,TOKEN_QRR_MULTI,zero,True,14,1134,1,top2,1134,1134,True,1134,True,HOLD,False,False,False,0,0.0,0.0,0.0,0.0,0.0,[39],5,False
H593-30d56e7ebdd8d445dd0c0837,766-e9-infants-pain-and-fever,0,0,TOKEN_QRR_MULTI,inherited_tau,True,14,1134,1,top2,1134,1134,True,1134,True,HOLD,False,False,False,0,0.0,0.0,0.0,0.0,0.0,[39],5,False
H593-30df437866a92249e15d556f,766-e9-infants-pain-and-fever,0,0,TOKEN_QR,zero,True,11,1134,1,top2,1134,1134,True,1134,True,HOLD,False,False,False,0,0.0,0.0,0.0,0.0,0.0,[],5,False
H593-30df437866a92249e15d556f,766-e9-infants-pain-and-fever,0,0,TOKEN_QR,inherited_tau,True,11,1134,1,top2,1134,1134,True,1134,True,HOLD,False,False,False,0,0.0,0.0,0.0,0.0,0.0,[],5,False
H593-30df437866a92249e15d556f,766-e9-infants-pain-and-fever,0,0,TOKEN_QRR_ANCHOR,zero,True,11,1134,1,top2,1134,1134,True,1134,True,HOLD,False,False,False,0,0.0,0.0,0.0,0.0,0.0,[],5,False
H593-30df437866a92249e15d556f,766-e9-infants-pain-and-fever,0,0,TOKEN_QRR_ANCHOR,inherited_tau,True,11,1134,1,top2,1134,1134,True,1134,True,HOLD,False,False,False,0,0.0,0.0,0.0,0.0,0.0,[],5,False
H593-30df437866a92249e15d556f,766-e9-infants-pain-and-fever,0,0,TOKEN_QRR_MULTI,zero,True,11,1134,1,top2,1134,1134,True,1134,True,HOLD,False,False,False,0,0.0,0.0,0.0,0.0,0.0,[66],5,False
H593-30df437866a92249e15d556f,766-e9-infants-pain-and-fever,0,0,TOKEN_QRR_MULTI,inherited_tau,True,11,1134,1,top2,1134,1134,True,1134,True,HOLD,False,False,False,0,0.0,0.0,0.0,0.0,0.0,[66],5,False
H593-3138eb9150d5fc2ff0b21e85,160 mg Comfor-trate Tab,0,0,TOKEN_QR,zero,True,3,16,1,top2,16,16,True,16,True,HOLD,False,False,False,0,0.0,0.0,0.0,0.0,0.0,[],5,False
H593-3138eb9150d5fc2ff0b21e85,160 mg Comfor-trate Tab,0,0,TOKEN_QR,inherited_tau,True,3,16,1,top2,16,15,False,16,True,HOLD,True,True,False,1,0.0,0.0,0.0,0.0,0.0,[],5,False
H593-3138eb9150d5fc2ff0b21e85,160 mg Comfor-trate Tab,0,0,TOKEN_QRR_ANCHOR,zero,True,3,16,1,top2,16,16,True,16,True,HOLD,False,False,False,0,0.0,0.0,0.0,0.0,0.0,[],5,False
H593-3138eb9150d5fc2ff0b21e85,160 mg Comfor-trate Tab,0,0,TOKEN_QRR_ANCHOR,inherited_tau,True,3,16,1,top2,16,15,False,16,True,HOLD,True,True,False,1,0.0,0.0,0.0,0.0,0.0,[],5,False
H593-3138eb9150d5fc2ff0b21e85,160 mg Comfor-trate Tab,0,0,TOKEN_QRR_MULTI,zero,True,3,16,1,top2,16,16,True,16,True,HOLD,False,False,False,0,0.0,0.0,0.0,0.0,0.0,[2],5,False
H593-3138eb9150d5fc2ff0b21e85,160 mg Comfor-trate Tab,0,0,TOKEN_QRR_MULTI,inherited_tau,True,3,16,1,top2,16,15,False,16,True,HOLD,True,True,False,1,0.0,0.0,0.0,0.0,0.0,[2],5,False
H593-315859149cbadcf0a035cb5b,766-e9-infants-pain-and-fever,0,0,TOKEN_QR,zero,True,11,1134,1,top2,1134,1134,True,1134,True,HOLD,False,False,False,0,0.0,0.0,0.0,0.0,0.0,[],5,False
H593-315859149cbadcf0a035cb5b,766-e9-infants-pain-and-fever,0,0,TOKEN_QR,inherited_tau,True,11,1134,1,top2,1134,1134,True,1134,True,HOLD,False,False,False,0,0.0,0.0,0.0,0.0,0.0,[],5,False
H593-315859149cbadcf0a035cb5b,766-e9-infants-pain-and-fever,0,0,TOKEN_QRR_ANCHOR,zero,True,11,1134,1,top2,1134,1134,True,1134,True,HOLD,False,False,False,0,0.0,0.0,0.0,0.0,0.0,[],5,False
H593-315859149cbadcf0a035cb5b,766-e9-infants-pain-and-fever,0,0,TOKEN_QRR_ANCHOR,inherited_tau,True,11,1134,1,top2,1134,1134,True,1134,True,HOLD,False,False,False,0,0.0,0.0,0.0,0.0,0.0,[],5,False
H593-315859149cbadcf0a035cb5b,766-e9-infants-pain-and-fever,0,0,TOKEN_QRR_MULTI,zero,True,11,1134,1,top2,1134,1134,True,1134,True,HOLD,False,False,False,0,0.0,0.0,0.0,0.0,0.0,[121],5,False
H593-315859149cbadcf0a035cb5b,766-e9-infants-pain-and-fever,0,0,TOKEN_QRR_MULTI,inherited_tau,True,11,1134,1,top2,1134,1134,True,1134,True,HOLD,False,False,False,0,0.0,0.0,0.0,0.0,0.0,[121],5,False
H593-31a7078fc5358b3fbdc70c42,kedbumin-02,1,0,TOKEN_QR,zero,True,49,4798,1,top2,4798,4798,True,4798,True,HOLD,False,False,False,0,0.0,0.0,0.0,0.0,0.0,[],7,False
H593-31a7078fc5358b3fbdc70c42,kedbumin-02,1,0,TOKEN_QR,inherited_tau,True,49,4798,1,top2,4798,4798,True,4798,True,HOLD,False,False,False,0,0.0,0.0,0.0,0.0,0.0,[],7,False
H593-31a7078fc5358b3fbdc70c42,kedbumin-02,1,0,TOKEN_QRR_ANCHOR,zero,True,49,4798,1,top2,4798,4798,True,4798,True,HOLD,False,False,False,0,0.0,0.0,0.0,0.0,0.0,[],6,False
H593-31a7078fc5358b3fbdc70c42,kedbumin-02,1,0,TOKEN_QRR_ANCHOR,inherited_tau,True,49,4798,1,top2,4798,4798,True,4798,True,HOLD,False,False,False,0,0.0,0.0,0.0,0.0,0.0,[],6,False
H593-31a7078fc5358b3fbdc70c42,kedbumin-02,1,0,TOKEN_QRR_MULTI,zero,True,49,4798,1,top2,4798,4798,True,4798,True,HOLD,False,False,False,0,0.0,0.0,0.0,0.0,0.0,[44],5,False
H593-31a7078fc5358b3fbdc70c42,kedbumin-02,1,0,TOKEN_QRR_MULTI,inherited_tau,True,49,4798,1,top2,4798,4798,True,4798,True,HOLD,False,False,False,0,0.0,0.0,0.0,0.0,0.0,[44],5,False
H593-31aaa7c97fbc81e06383e85f,ciprofloxacin-ophthalmic-solution-2pt5ml-carton,0,0,TOKEN_QR,zero,True,70,5053,1,top2,5053,5053,True,5053,True,HOLD,False,False,False,0,0.0,0.0,0.0,0.0,0.0,[],5,False
H593-31aaa7c97fbc81e06383e85f,ciprofloxacin-ophthalmic-solution-2pt5ml-carton,0,0,TOKEN_QR,inherited_tau,True,70,5053,1,top2,5053,5053,True,5053,True,HOLD,False,False,False,0,0.0,0.0,0.0,0.0,0.0,[],5,False
H593-31aaa7c97fbc81e06383e85f,ciprofloxacin-ophthalmic-solution-2pt5ml-carton,0,0,TOKEN_QRR_ANCHOR,zero,True,70,5053,1,top2,5053,5053,True,5053,True,HOLD,False,False,False,0,0.0,0.0,0.0,0.0,0.0,[],5,False
H593-31aaa7c97fbc81e06383e85f,ciprofloxacin-ophthalmic-solution-2pt5ml-carton,0,0,TOKEN_QRR_ANCHOR,inherited_tau,True,70,5053,1,top2,5053,5053,True,5053,True,HOLD,False,False,False,0,0.0,0.0,0.0,0.0,0.0,[],5,False
H593-31aaa7c97fbc81e06383e85f,ciprofloxacin-ophthalmic-solution-2pt5ml-carton,0,0,TOKEN_QRR_MULTI,zero,True,70,5053,1,top2,5053,5053,True,5053,True,HOLD,False,False,False,0,0.0,0.0,0.0,0.0,0.0,[105],5,False
H593-31aaa7c97fbc81e06383e85f,ciprofloxacin-ophthalmic-solution-2pt5ml-carton,0,0,TOKEN_QRR_MULTI,inherited_tau,True,70,5053,1,top2,5053,5053,True,5053,True,HOLD,False,False,False,0,0.0,0.0,0.0,0.0,0.0,[105],5,False
H593-31b015a7052d7ca5255413c3,300000538_R-00_Final,3,0,TOKEN_QR,zero,False,,,,absent,3769,1681,False,806,False,SWITCH,True,False,False,0,,,,2.551533303034253,4.111392859541975,[95],6,False
H593-31b015a7052d7ca5255413c3,300000538_R-00_Final,3,0,TOKEN_QR,inherited_tau,False,,,,absent,3769,1681,False,806,False,SWITCH,True,False,False,0,,,,2.551533303034253,4.111392859541975,[95],6,False
H593-31b015a7052d7ca5255413c3,300000538_R-00_Final,3,0,TOKEN_QRR_ANCHOR,zero,False,,,,absent,3769,1681,False,4987,False,SWITCH,True,False,False,0,,,,7.162441220374768,7.979106739060484,[95],6,False
H593-31b015a7052d7ca5255413c3,300000538_R-00_Final,3,0,TOKEN_QRR_ANCHOR,inherited_tau,False,,,,absent,3769,1681,False,4987,False,SWITCH,True,False,False,0,,,,7.162441220374768,7.979106739060484,[95],6,False
H593-31b015a7052d7ca5255413c3,300000538_R-00_Final,3,0,TOKEN_QRR_MULTI,zero,False,,,,absent,3769,1681,False,4987,False,SWITCH,True,False,False,0,,,,2.6044475743482884,3.4211130930340046,"[95, 61]",5,False
H593-31b015a7052d7ca5255413c3,300000538_R-00_Final,3,0,TOKEN_QRR_MULTI,inherited_tau,False,,,,absent,3769,1681,False,4987,False,SWITCH,True,False,False,0,,,,2.6044475743482884,3.4211130930340046,"[95, 61]",5,False
H593-3202e8cf83300e822008d3d1,5fe0ce14-bc11-4b43-b002-7efdca0d3003-04,4,0,TOKEN_QR,zero,True,7,4776,1,top2,4776,4776,True,4776,True,HOLD,False,False,False,0,0.0,0.0,0.0,0.0,0.0,[],6,False
H593-3202e8cf83300e822008d3d1,5fe0ce14-bc11-4b43-b002-7efdca0d3003-04,4,0,TOKEN_QR,inherited_tau,True,7,4776,1,top2,4776,4776,True,4776,True,HOLD,False,False,False,0,0.0,0.0,0.0,0.0,0.0,[],6,False
H593-3202e8cf83300e822008d3d1,5fe0ce14-bc11-4b43-b002-7efdca0d3003-04,4,0,TOKEN_QRR_ANCHOR,zero,True,7,4776,1,top2,4776,4776,True,4776,True,HOLD,False,False,False,0,0.0,0.0,0.0,0.0,0.0,[],6,False
H593-3202e8cf83300e822008d3d1,5fe0ce14-bc11-4b43-b002-7efdca0d3003-04,4,0,TOKEN_QRR_ANCHOR,inherited_tau,True,7,4776,1,top2,4776,4776,True,4776,True,HOLD,False,False,False,0,0.0,0.0,0.0,0.0,0.0,[],6,False
H593-3202e8cf83300e822008d3d1,5fe0ce14-bc11-4b43-b002-7efdca0d3003-04,4,0,TOKEN_QRR_MULTI,zero,True,7,4776,1,top2,4776,4776,True,4776,True,HOLD,False,False,False,0,0.0,0.0,0.0,0.0,0.0,[5],4,False
H593-3202e8cf83300e822008d3d1,5fe0ce14-bc11-4b43-b002-7efdca0d3003-04,4,0,TOKEN_QRR_MULTI,inherited_tau,True,7,4776,1,top2,4776,4776,True,4776,True,HOLD,False,False,False,0,0.0,0.0,0.0,0.0,0.0,[5],4,False
H593-327f0627e7abd208ae771d92,60 mg Comfor-trate Tab,0,0,TOKEN_QR,zero,True,19,64,1,top2,64,64,True,64,True,HOLD,False,False,False,0,0.0,0.0,0.0,0.0,0.0,[],5,False
H593-327f0627e7abd208ae771d92,60 mg Comfor-trate Tab,0,0,TOKEN_QR,inherited_tau,True,19,64,1,top2,64,16,False,32,False,SWITCH,True,False,False,0,0.0,0.0,0.0,-0.35331050293629573,-1.9482996671472161,[19],5,False
H593-327f0627e7abd208ae771d92,60 mg Comfor-trate Tab,0,0,TOKEN_QRR_ANCHOR,zero,True,19,64,1,top2,64,64,True,64,True,HOLD,False,False,False,0,0.0,0.0,0.0,0.0,0.0,[],5,False
H593-327f0627e7abd208ae771d92,60 mg Comfor-trate Tab,0,0,TOKEN_QRR_ANCHOR,inherited_tau,True,19,64,1,top2,64,16,False,64,True,HOLD,True,True,False,1,0.0,0.0,0.0,0.0,0.0,[],5,False
H593-327f0627e7abd208ae771d92,60 mg Comfor-trate Tab,0,0,TOKEN_QRR_MULTI,zero,True,19,64,1,top2,64,64,True,64,True,HOLD,False,False,False,0,0.0,0.0,0.0,0.0,0.0,[3],5,False
H593-327f0627e7abd208ae771d92,60 mg Comfor-trate Tab,0,0,TOKEN_QRR_MULTI,inherited_tau,True,19,64,1,top2,64,16,False,64,True,HOLD,True,True,False,1,0.0,0.0,0.0,0.0,0.0,[3],5,False
