query_id,display_id,component,fold,target_identity,target_in_C128,target_M,target_M_rank,model481_identity,model481_correct,model481_action,model492_identity,model492_correct,model492_action,model492_failure,transition,visual_information,matcher_extraction,human_review_status
H593-8dfa0524053f87e724996a9e,DIFFICULT-0000,ff5ec2587aa3b0cdf9f678e20f8a78ed21590c17b5931d4adc290fe15bf09b84,3,350 label,True,0.08421330150087533,1,350 label,True,HOLD,350 label,True,HOLD,CORRECT,BOTH_CORRECT,UNREVIEWED,UNREVIEWED,Numerical classification only; no blind human review performed
H593-b04f465b15526e9607fd9b70,DIFFICULT-0001,ff5ec2587aa3b0cdf9f678e20f8a78ed21590c17b5931d4adc290fe15bf09b84,3,350 label,True,0.27846596406309904,1,350 label,True,HOLD,350 label,True,HOLD,CORRECT,BOTH_CORRECT,UNREVIEWED,UNREVIEWED,Numerical classification only; no blind human review performed
H593-272a6668246b45626dea5ed4,DIFFICULT-0002,ff5ec2587aa3b0cdf9f678e20f8a78ed21590c17b5931d4adc290fe15bf09b84,3,350 label,True,0.012867797341218814,89,350 label,True,HOLD,350 label,True,HOLD,CORRECT,BOTH_CORRECT,UNREVIEWED,UNREVIEWED,Numerical classification only; no blind human review performed
H593-bb0e26bf00988704e7674f59,DIFFICULT-0003,ff5ec2587aa3b0cdf9f678e20f8a78ed21590c17b5931d4adc290fe15bf09b84,3,350 label,True,0.21327830263595648,1,350 label,True,HOLD,350 label,True,HOLD,CORRECT,BOTH_CORRECT,UNREVIEWED,UNREVIEWED,Numerical classification only; no blind human review performed
H593-9ed31ed09c4b3cb0fa797e4b,DIFFICULT-0004,ff5ec2587aa3b0cdf9f678e20f8a78ed21590c17b5931d4adc290fe15bf09b84,3,350 label,True,0.01102049317249013,124,350 label,True,HOLD,350 label,True,HOLD,CORRECT,BOTH_CORRECT,UNREVIEWED,UNREVIEWED,Numerical classification only; no blind human review performed
H593-b90eeadf731ed28d7b01ab84,DIFFICULT-0005,ff5ec2587aa3b0cdf9f678e20f8a78ed21590c17b5931d4adc290fe15bf09b84,3,350 label,True,0.2587164998967832,1,350 label,True,HOLD,350 label,True,HOLD,CORRECT,BOTH_CORRECT,UNREVIEWED,UNREVIEWED,Numerical classification only; no blind human review performed
H593-ca02c70f0bad8aaf62caa00a,DIFFICULT-0006,ff5ec2587aa3b0cdf9f678e20f8a78ed21590c17b5931d4adc290fe15bf09b84,3,350 label,True,0.10245345216020861,1,350 label,True,HOLD,350 label,True,HOLD,CORRECT,BOTH_CORRECT,UNREVIEWED,UNREVIEWED,Numerical classification only; no blind human review performed
H593-d49db6c43ed93ffbd53c56b2,DIFFICULT-0007,ff5ec2587aa3b0cdf9f678e20f8a78ed21590c17b5931d4adc290fe15bf09b84,3,350 label,True,0.07913519018493399,1,350 label,True,HOLD,350 label,True,HOLD,CORRECT,BOTH_CORRECT,UNREVIEWED,UNREVIEWED,Numerical classification only; no blind human review performed
H593-60917368d9020829ad933264,DIFFICULT-0008,7309194c945cf747ac938c081c8e1c7587ee93c9427836b98aa713829ad9307b,4,3T3-bn-lansoprazole,True,0.1417371648875225,1,3T3-bn-lansoprazole,True,HOLD,3T3-bn-lansoprazole,True,HOLD,CORRECT,BOTH_CORRECT,UNREVIEWED,UNREVIEWED,Numerical classification only; no blind human review performed
H593-df2b460cafbe7908b36c9f41,DIFFICULT-0009,7309194c945cf747ac938c081c8e1c7587ee93c9427836b98aa713829ad9307b,4,3T3-bn-lansoprazole,True,0.09359863719307682,1,3T3-bn-lansoprazole,True,HOLD,3T3-bn-lansoprazole,True,HOLD,CORRECT,BOTH_CORRECT,UNREVIEWED,UNREVIEWED,Numerical classification only; no blind human review performed
H593-a99579cf97417982073affd5,DIFFICULT-0010,7309194c945cf747ac938c081c8e1c7587ee93c9427836b98aa713829ad9307b,4,3T3-bn-lansoprazole,True,0.01580020063641293,45,3T3-bn-lansoprazole,True,HOLD,3T3-bn-lansoprazole,True,HOLD,CORRECT,BOTH_CORRECT,UNREVIEWED,UNREVIEWED,Numerical classification only; no blind human review performed
H593-148a11f5ffffec76fd85b3c8,DIFFICULT-0011,7309194c945cf747ac938c081c8e1c7587ee93c9427836b98aa713829ad9307b,4,3T3-bn-lansoprazole,True,0.027506362938296246,19,careone-omeprazole-wildberry-mint-carton-image-2,False,HOLD,CDMA Omeprazole Caps 14ct Carton,False,SWITCH,CHALLENGER_RANKING_BLOCKED,BOTH_WRONG,UNREVIEWED,UNREVIEWED,Numerical classification only; no blind human review performed
H593-b8b81f9ea25a51448f92c735,DIFFICULT-0012,7309194c945cf747ac938c081c8e1c7587ee93c9427836b98aa713829ad9307b,4,3T3-bn-lansoprazole,True,0.11895140509248703,1,3T3-bn-lansoprazole,True,HOLD,3T3-bn-lansoprazole,True,HOLD,CORRECT,BOTH_CORRECT,UNREVIEWED,UNREVIEWED,Numerical classification only; no blind human review performed
H593-2f5a93c328b7e7c9e25412f0,DIFFICULT-0013,7309194c945cf747ac938c081c8e1c7587ee93c9427836b98aa713829ad9307b,4,3T3-bn-lansoprazole,True,0.07213816181708282,1,3T3-bn-lansoprazole,True,SWITCH,3T3-bn-lansoprazole,True,SWITCH,CORRECT,BOTH_CORRECT,UNREVIEWED,UNREVIEWED,Numerical classification only; no blind human review performed
H593-028ab5aaff186d9fc48a7f19,DIFFICULT-0014,7309194c945cf747ac938c081c8e1c7587ee93c9427836b98aa713829ad9307b,4,3T3-bn-lansoprazole,True,0.09928390778189192,1,3T3-bn-lansoprazole,True,SWITCH,3T3-bn-lansoprazole,True,SWITCH,CORRECT,BOTH_CORRECT,UNREVIEWED,UNREVIEWED,Numerical classification only; no blind human review performed
H593-381b6429e5e3137c9e41b0d5,DIFFICULT-0015,7309194c945cf747ac938c081c8e1c7587ee93c9427836b98aa713829ad9307b,4,3T3-bn-lansoprazole,True,0.09672769478241292,1,3T3-bn-lansoprazole,True,SWITCH,3T3-bn-lansoprazole,True,SWITCH,CORRECT,BOTH_CORRECT,UNREVIEWED,UNREVIEWED,Numerical classification only; no blind human review performed
H593-3c7deb83919ca9175820857d,DIFFICULT-0016,7309194c945cf747ac938c081c8e1c7587ee93c9427836b98aa713829ad9307b,4,3T3-bn-lansoprazole,True,0.15074243694722217,1,3T3-bn-lansoprazole,True,SWITCH,3T3-bn-lansoprazole,True,SWITCH,CORRECT,BOTH_CORRECT,UNREVIEWED,UNREVIEWED,Numerical classification only; no blind human review performed
H593-12c93384cd26eac2b57b065b,DIFFICULT-0017,7309194c945cf747ac938c081c8e1c7587ee93c9427836b98aa713829ad9307b,4,3T3-bn-lansoprazole,True,0.10027645911898343,1,3T3-bn-lansoprazole,True,SWITCH,3T3-bn-lansoprazole,True,SWITCH,CORRECT,BOTH_CORRECT,UNREVIEWED,UNREVIEWED,Numerical classification only; no blind human review performed
H593-ad9f49fe8ff6e9e1c8b4c03c,DIFFICULT-0018,7309194c945cf747ac938c081c8e1c7587ee93c9427836b98aa713829ad9307b,4,3T3-bn-lansoprazole,False,,,carton 10 mL orange,False,HOLD,carton 10 mL orange,False,HOLD,TARGET_ABSENT,BOTH_WRONG,UNREVIEWED,UNREVIEWED,Numerical classification only; no blind human review performed
H593-b934ce8694d521ecce42de7b,DIFFICULT-0019,7309194c945cf747ac938c081c8e1c7587ee93c9427836b98aa713829ad9307b,4,3T3-bn-lansoprazole,True,0.13743531406711437,1,3T3-bn-lansoprazole,True,HOLD,3T3-bn-lansoprazole,True,HOLD,CORRECT,BOTH_CORRECT,UNREVIEWED,UNREVIEWED,Numerical classification only; no blind human review performed
H593-497c8c89496ddb929f1943e7,DIFFICULT-0020,876e9a6c8b596c741810be05ef83bc4037f224102f15277c78e9afa9a641a3ab,3,406heb,True,0.1489721542744329,1,406heb,True,HOLD,406heb,True,HOLD,CORRECT,BOTH_CORRECT,UNREVIEWED,UNREVIEWED,Numerical classification only; no blind human review performed
H593-4e4f8bc110d32982909421ec,DIFFICULT-0021,876e9a6c8b596c741810be05ef83bc4037f224102f15277c78e9afa9a641a3ab,3,406heb,True,0.14597087306361398,1,406heb,True,HOLD,406heb,True,HOLD,CORRECT,BOTH_CORRECT,UNREVIEWED,UNREVIEWED,Numerical classification only; no blind human review performed
H593-500972ee89029bc55f7ce4da,DIFFICULT-0022,876e9a6c8b596c741810be05ef83bc4037f224102f15277c78e9afa9a641a3ab,3,406heb,True,0.16464228065781594,1,406heb,True,HOLD,406heb,True,HOLD,CORRECT,BOTH_CORRECT,UNREVIEWED,UNREVIEWED,Numerical classification only; no blind human review performed
H593-37c29058d6ea3f6600852bd1,DIFFICULT-0023,876e9a6c8b596c741810be05ef83bc4037f224102f15277c78e9afa9a641a3ab,3,406heb,True,0.14846623529594344,1,406heb,True,SWITCH,406heb,True,SWITCH,CORRECT,BOTH_CORRECT,UNREVIEWED,UNREVIEWED,Numerical classification only; no blind human review performed
H593-6c4ba020c70c5827dd7c5229,DIFFICULT-0024,876e9a6c8b596c741810be05ef83bc4037f224102f15277c78e9afa9a641a3ab,3,406heb,True,0.06588493955763292,1,406heb,True,HOLD,406heb,True,HOLD,CORRECT,BOTH_CORRECT,UNREVIEWED,UNREVIEWED,Numerical classification only; no blind human review performed
H593-455aee3db8f97d77c87d9bcc,DIFFICULT-0025,876e9a6c8b596c741810be05ef83bc4037f224102f15277c78e9afa9a641a3ab,3,406heb,True,0.1074171572205514,1,406heb,True,HOLD,406heb,True,HOLD,CORRECT,BOTH_CORRECT,UNREVIEWED,UNREVIEWED,Numerical classification only; no blind human review performed
H593-3919c7418b8dc52330d7b0cd,DIFFICULT-0026,876e9a6c8b596c741810be05ef83bc4037f224102f15277c78e9afa9a641a3ab,3,406heb,True,0.15511539684039372,1,406heb,True,HOLD,406heb,True,HOLD,CORRECT,BOTH_CORRECT,UNREVIEWED,UNREVIEWED,Numerical classification only; no blind human review performed
H593-6fd71aa96c47c72dff2bd2f2,DIFFICULT-0027,876e9a6c8b596c741810be05ef83bc4037f224102f15277c78e9afa9a641a3ab,3,406heb,True,0.1252544214322787,1,406heb,True,SWITCH,406heb,True,SWITCH,CORRECT,BOTH_CORRECT,UNREVIEWED,UNREVIEWED,Numerical classification only; no blind human review performed
H593-cf4370c2b7c1a87bc4ed328c,DIFFICULT-0028,876e9a6c8b596c741810be05ef83bc4037f224102f15277c78e9afa9a641a3ab,3,406heb,True,0.15829677710473544,1,CVS Stool Softner 100CT,False,HOLD,406heb,True,SWITCH,CORRECT,RESCUED_BY_492,UNREVIEWED,UNREVIEWED,Numerical classification only; no blind human review performed
H593-ebcc7ec67efc54601b0acdc3,DIFFICULT-0029,876e9a6c8b596c741810be05ef83bc4037f224102f15277c78e9afa9a641a3ab,3,406heb,True,0.14318142693853023,1,406heb,True,HOLD,406heb,True,HOLD,CORRECT,BOTH_CORRECT,UNREVIEWED,UNREVIEWED,Numerical classification only; no blind human review performed
H593-c87f01c7404926ac2f3d5404,DIFFICULT-0030,876e9a6c8b596c741810be05ef83bc4037f224102f15277c78e9afa9a641a3ab,3,406heb,True,0.12337540783717445,1,406heb,True,HOLD,406heb,True,HOLD,CORRECT,BOTH_CORRECT,UNREVIEWED,UNREVIEWED,Numerical classification only; no blind human review performed
H593-901d8e16d1938d576207e589,DIFFICULT-0031,da3eaa29e19bcc9bd6181db13c258df73a34d84bc20cb67ca147824a6fc4abe5,2,5377c041-b6fc-4dde-ac96-bd9e4e94e456-10,True,0.0730595604819521,1,5377c041-b6fc-4dde-ac96-bd9e4e94e456-10,True,HOLD,5377c041-b6fc-4dde-ac96-bd9e4e94e456-10,True,HOLD,CORRECT,BOTH_CORRECT,UNREVIEWED,UNREVIEWED,Numerical classification only; no blind human review performed
H593-9b681db8e5117d318b40d460,DIFFICULT-0032,da3eaa29e19bcc9bd6181db13c258df73a34d84bc20cb67ca147824a6fc4abe5,2,5377c041-b6fc-4dde-ac96-bd9e4e94e456-10,True,0.021501557258839822,16,5377c041-b6fc-4dde-ac96-bd9e4e94e456-10,True,HOLD,5377c041-b6fc-4dde-ac96-bd9e4e94e456-10,True,HOLD,CORRECT,BOTH_CORRECT,UNREVIEWED,UNREVIEWED,Numerical classification only; no blind human review performed
H593-999f83e11a6c2a0fac269ff5,DIFFICULT-0033,da3eaa29e19bcc9bd6181db13c258df73a34d84bc20cb67ca147824a6fc4abe5,2,5377c041-b6fc-4dde-ac96-bd9e4e94e456-10,True,0.07615753675633165,1,5377c041-b6fc-4dde-ac96-bd9e4e94e456-10,True,HOLD,5377c041-b6fc-4dde-ac96-bd9e4e94e456-10,True,HOLD,CORRECT,BOTH_CORRECT,UNREVIEWED,UNREVIEWED,Numerical classification only; no blind human review performed
H593-bebe2833da2edf94d7d8c25b,DIFFICULT-0034,da3eaa29e19bcc9bd6181db13c258df73a34d84bc20cb67ca147824a6fc4abe5,2,5377c041-b6fc-4dde-ac96-bd9e4e94e456-10,True,0.03202295410360294,2,5377c041-b6fc-4dde-ac96-bd9e4e94e456-10,True,HOLD,5377c041-b6fc-4dde-ac96-bd9e4e94e456-10,True,HOLD,CORRECT,BOTH_CORRECT,UNREVIEWED,UNREVIEWED,Numerical classification only; no blind human review performed
H593-5332c0cc3d7929c09d5c01f3,DIFFICULT-0035,da3eaa29e19bcc9bd6181db13c258df73a34d84bc20cb67ca147824a6fc4abe5,2,5377c041-b6fc-4dde-ac96-bd9e4e94e456-10,True,0.15562260931336339,1,5377c041-b6fc-4dde-ac96-bd9e4e94e456-10,True,HOLD,5377c041-b6fc-4dde-ac96-bd9e4e94e456-10,True,HOLD,CORRECT,BOTH_CORRECT,UNREVIEWED,UNREVIEWED,Numerical classification only; no blind human review performed
H593-a37be078955ca99fb50d7a4f,DIFFICULT-0036,da3eaa29e19bcc9bd6181db13c258df73a34d84bc20cb67ca147824a6fc4abe5,2,5377c041-b6fc-4dde-ac96-bd9e4e94e456-10,True,0.10409670598338694,1,5377c041-b6fc-4dde-ac96-bd9e4e94e456-10,True,HOLD,5377c041-b6fc-4dde-ac96-bd9e4e94e456-10,True,HOLD,CORRECT,BOTH_CORRECT,UNREVIEWED,UNREVIEWED,Numerical classification only; no blind human review performed
H593-fa11ede2797c8a575ecf38a9,DIFFICULT-0037,da3eaa29e19bcc9bd6181db13c258df73a34d84bc20cb67ca147824a6fc4abe5,2,5377c041-b6fc-4dde-ac96-bd9e4e94e456-10,True,0.13938129592011025,1,5377c041-b6fc-4dde-ac96-bd9e4e94e456-10,True,HOLD,5377c041-b6fc-4dde-ac96-bd9e4e94e456-10,True,HOLD,CORRECT,BOTH_CORRECT,UNREVIEWED,UNREVIEWED,Numerical classification only; no blind human review performed
H593-eadfceaa5ec693edd8fe4318,DIFFICULT-0038,da3eaa29e19bcc9bd6181db13c258df73a34d84bc20cb67ca147824a6fc4abe5,2,5377c041-b6fc-4dde-ac96-bd9e4e94e456-10,True,0.04863516339837656,1,5377c041-b6fc-4dde-ac96-bd9e4e94e456-10,True,HOLD,5377c041-b6fc-4dde-ac96-bd9e4e94e456-10,True,HOLD,CORRECT,BOTH_CORRECT,UNREVIEWED,UNREVIEWED,Numerical classification only; no blind human review performed
H593-efa7a88b273f82ecd4fef43c,DIFFICULT-0039,da3eaa29e19bcc9bd6181db13c258df73a34d84bc20cb67ca147824a6fc4abe5,2,5377c041-b6fc-4dde-ac96-bd9e4e94e456-10,True,0.03298661038044916,34,5377c041-b6fc-4dde-ac96-bd9e4e94e456-10,True,HOLD,5377c041-b6fc-4dde-ac96-bd9e4e94e456-10,True,HOLD,CORRECT,BOTH_CORRECT,UNREVIEWED,UNREVIEWED,Numerical classification only; no blind human review performed
H593-913ec852ccd620d36cfbe8d5,DIFFICULT-0040,a7e2eb3376d106cbd8cfa0ddaf20047219e210af69c8abeada87a180f2a8e2a9,1,734-uw-mint-mini-nicotine-lozenge,True,0.048257555681713936,1,734-uw-mint-mini-nicotine-lozenge,True,HOLD,734-uw-mint-mini-nicotine-lozenge,True,HOLD,CORRECT,BOTH_CORRECT,UNREVIEWED,UNREVIEWED,Numerical classification only; no blind human review performed
H593-c317503b769e0f3acf782e33,DIFFICULT-0043,a7e2eb3376d106cbd8cfa0ddaf20047219e210af69c8abeada87a180f2a8e2a9,1,734-uw-mint-mini-nicotine-lozenge,True,0.04695500104096659,1,734-uw-mint-mini-nicotine-lozenge,True,SWITCH,734-uw-mint-mini-nicotine-lozenge,True,SWITCH,CORRECT,BOTH_CORRECT,UNREVIEWED,UNREVIEWED,Numerical classification only; no blind human review performed
H593-0745854000292039c9c10f33,DIFFICULT-0044,a7e2eb3376d106cbd8cfa0ddaf20047219e210af69c8abeada87a180f2a8e2a9,1,734-uw-mint-mini-nicotine-lozenge,True,0.03171990017193316,3,734-uw-mint-mini-nicotine-lozenge,True,SWITCH,734-uw-mint-mini-nicotine-lozenge,True,SWITCH,CORRECT,BOTH_CORRECT,UNREVIEWED,UNREVIEWED,Numerical classification only; no blind human review performed
H593-08297e272b0164e6fdd42e9f,DIFFICULT-0050,a7e2eb3376d106cbd8cfa0ddaf20047219e210af69c8abeada87a180f2a8e2a9,1,734-uw-mint-mini-nicotine-lozenge,True,0.07120252006121276,1,bef4f237-ccb8-4d28-bfc2-41c511a17d7f-01,False,HOLD,bef4f237-ccb8-4d28-bfc2-41c511a17d7f-01,False,HOLD,TARGET_TOP_BUT_HOLD,BOTH_WRONG,UNREVIEWED,UNREVIEWED,Numerical classification only; no blind human review performed
H593-542a9d20e3accf68eed2f111,DIFFICULT-0051,f16447b66992689bdb8350dadcb85602511b1bd2c18265a511e90bf7d2910d9c,1,bef4f237-ccb8-4d28-bfc2-41c511a17d7f-01,True,0.05675798980650027,1,bef4f237-ccb8-4d28-bfc2-41c511a17d7f-01,True,HOLD,bef4f237-ccb8-4d28-bfc2-41c511a17d7f-01,True,HOLD,CORRECT,BOTH_CORRECT,UNREVIEWED,UNREVIEWED,Numerical classification only; no blind human review performed
H593-a20c04fa7e2500016ce114e2,DIFFICULT-0052,f16447b66992689bdb8350dadcb85602511b1bd2c18265a511e90bf7d2910d9c,1,bef4f237-ccb8-4d28-bfc2-41c511a17d7f-01,True,0.1254691941814789,1,bef4f237-ccb8-4d28-bfc2-41c511a17d7f-01,True,HOLD,bef4f237-ccb8-4d28-bfc2-41c511a17d7f-01,True,HOLD,CORRECT,BOTH_CORRECT,UNREVIEWED,UNREVIEWED,Numerical classification only; no blind human review performed
H593-f01b0d9567d81975a69f9aef,DIFFICULT-0053,f16447b66992689bdb8350dadcb85602511b1bd2c18265a511e90bf7d2910d9c,1,bef4f237-ccb8-4d28-bfc2-41c511a17d7f-01,True,0.1808649580135098,1,bef4f237-ccb8-4d28-bfc2-41c511a17d7f-01,True,HOLD,bef4f237-ccb8-4d28-bfc2-41c511a17d7f-01,True,HOLD,CORRECT,BOTH_CORRECT,UNREVIEWED,UNREVIEWED,Numerical classification only; no blind human review performed
H593-9ed878a775d721d5d77a491d,DIFFICULT-0054,f16447b66992689bdb8350dadcb85602511b1bd2c18265a511e90bf7d2910d9c,1,bef4f237-ccb8-4d28-bfc2-41c511a17d7f-01,True,0.13285745343800487,1,bef4f237-ccb8-4d28-bfc2-41c511a17d7f-01,True,HOLD,bef4f237-ccb8-4d28-bfc2-41c511a17d7f-01,True,HOLD,CORRECT,BOTH_CORRECT,UNREVIEWED,UNREVIEWED,Numerical classification only; no blind human review performed
H593-c76764b05b53a550caa7d193,DIFFICULT-0055,f16447b66992689bdb8350dadcb85602511b1bd2c18265a511e90bf7d2910d9c,1,bef4f237-ccb8-4d28-bfc2-41c511a17d7f-01,True,0.08735935776950537,1,bef4f237-ccb8-4d28-bfc2-41c511a17d7f-01,True,HOLD,bef4f237-ccb8-4d28-bfc2-41c511a17d7f-01,True,HOLD,CORRECT,BOTH_CORRECT,UNREVIEWED,UNREVIEWED,Numerical classification only; no blind human review performed
H593-cb7de2ed70a969859718b4c8,DIFFICULT-0056,f16447b66992689bdb8350dadcb85602511b1bd2c18265a511e90bf7d2910d9c,1,bef4f237-ccb8-4d28-bfc2-41c511a17d7f-01,True,0.1601728874843628,1,bef4f237-ccb8-4d28-bfc2-41c511a17d7f-01,True,HOLD,bef4f237-ccb8-4d28-bfc2-41c511a17d7f-01,True,HOLD,CORRECT,BOTH_CORRECT,UNREVIEWED,UNREVIEWED,Numerical classification only; no blind human review performed
H593-7ef565e4b6b34418380c35a3,DIFFICULT-0057,f16447b66992689bdb8350dadcb85602511b1bd2c18265a511e90bf7d2910d9c,1,bef4f237-ccb8-4d28-bfc2-41c511a17d7f-01,True,0.20601918630431937,1,nasal decongestant,False,HOLD,bef4f237-ccb8-4d28-bfc2-41c511a17d7f-01,True,SWITCH,CORRECT,RESCUED_BY_492,UNREVIEWED,UNREVIEWED,Numerical classification only; no blind human review performed
H593-64e146b0abb950dce567767c,DIFFICULT-0058,f16447b66992689bdb8350dadcb85602511b1bd2c18265a511e90bf7d2910d9c,1,bef4f237-ccb8-4d28-bfc2-41c511a17d7f-01,True,0.028616750478878128,25,cvs-44-453485-1,False,HOLD,cvs-44-453485-1,False,HOLD,CHALLENGER_RANKING_BLOCKED,BOTH_WRONG,UNREVIEWED,UNREVIEWED,Numerical classification only; no blind human review performed
H593-50257d3fc942087a47f7ed9b,DIFFICULT-0059,f16447b66992689bdb8350dadcb85602511b1bd2c18265a511e90bf7d2910d9c,1,bef4f237-ccb8-4d28-bfc2-41c511a17d7f-01,True,0.018845483588572565,93,bef4f237-ccb8-4d28-bfc2-41c511a17d7f-01,True,HOLD,bef4f237-ccb8-4d28-bfc2-41c511a17d7f-01,True,HOLD,CORRECT,BOTH_CORRECT,UNREVIEWED,UNREVIEWED,Numerical classification only; no blind human review performed
H593-068d4310663d131f8027b587,DIFFICULT-0060,f16447b66992689bdb8350dadcb85602511b1bd2c18265a511e90bf7d2910d9c,1,bef4f237-ccb8-4d28-bfc2-41c511a17d7f-01,True,0.1061468623066336,1,bef4f237-ccb8-4d28-bfc2-41c511a17d7f-01,True,HOLD,bef4f237-ccb8-4d28-bfc2-41c511a17d7f-01,True,HOLD,CORRECT,BOTH_CORRECT,UNREVIEWED,UNREVIEWED,Numerical classification only; no blind human review performed
H593-e69eb7b78aae86a02db13aa6,DIFFICULT-0061,f16447b66992689bdb8350dadcb85602511b1bd2c18265a511e90bf7d2910d9c,1,bef4f237-ccb8-4d28-bfc2-41c511a17d7f-01,True,0.05964101941108489,1,bef4f237-ccb8-4d28-bfc2-41c511a17d7f-01,True,SWITCH,bef4f237-ccb8-4d28-bfc2-41c511a17d7f-01,True,SWITCH,CORRECT,BOTH_CORRECT,UNREVIEWED,UNREVIEWED,Numerical classification only; no blind human review performed
H593-5b9e6dcf1a92193abe8b39b2,DIFFICULT-0062,f16447b66992689bdb8350dadcb85602511b1bd2c18265a511e90bf7d2910d9c,1,bef4f237-ccb8-4d28-bfc2-41c511a17d7f-01,True,0.16402814169689395,1,bef4f237-ccb8-4d28-bfc2-41c511a17d7f-01,True,SWITCH,bef4f237-ccb8-4d28-bfc2-41c511a17d7f-01,True,SWITCH,CORRECT,BOTH_CORRECT,UNREVIEWED,UNREVIEWED,Numerical classification only; no blind human review performed
H593-a4ae311047750421b6705cb8,DIFFICULT-0063,f16447b66992689bdb8350dadcb85602511b1bd2c18265a511e90bf7d2910d9c,1,bef4f237-ccb8-4d28-bfc2-41c511a17d7f-01,True,0.13943976872864614,1,bef4f237-ccb8-4d28-bfc2-41c511a17d7f-01,True,HOLD,bef4f237-ccb8-4d28-bfc2-41c511a17d7f-01,True,HOLD,CORRECT,BOTH_CORRECT,UNREVIEWED,UNREVIEWED,Numerical classification only; no blind human review performed
H593-3893e4ce6f5507593e0f76e9,DIFFICULT-0064,f16447b66992689bdb8350dadcb85602511b1bd2c18265a511e90bf7d2910d9c,1,bef4f237-ccb8-4d28-bfc2-41c511a17d7f-01,True,0.07149242830521987,1,bef4f237-ccb8-4d28-bfc2-41c511a17d7f-01,True,HOLD,bef4f237-ccb8-4d28-bfc2-41c511a17d7f-01,True,HOLD,CORRECT,BOTH_CORRECT,UNREVIEWED,UNREVIEWED,Numerical classification only; no blind human review performed
H593-90acde9b0567a472f4232120,DIFFICULT-0083,b290b929d9999bcd5494b609bbacdaa3be248ff840ce6785cb1cb2438d245c13,0,cefdinir-fig2,True,0.14329098420403902,1,cefdinir-fig2,True,SWITCH,cefdinir-fig2,True,SWITCH,CORRECT,BOTH_CORRECT,UNREVIEWED,UNREVIEWED,Numerical classification only; no blind human review performed
H593-6d972ef4236570a35bc4adf0,DIFFICULT-0086,b290b929d9999bcd5494b609bbacdaa3be248ff840ce6785cb1cb2438d245c13,0,cefdinir-fig2,True,0.1739322015573028,1,cefdinir-fig2,True,SWITCH,cefdinir-fig2,True,SWITCH,CORRECT,BOTH_CORRECT,UNREVIEWED,UNREVIEWED,Numerical classification only; no blind human review performed
H593-59fdea3ddfa2a7c762aa0a19,DIFFICULT-0087,b290b929d9999bcd5494b609bbacdaa3be248ff840ce6785cb1cb2438d245c13,0,cefdinir-fig2,True,0.16802881471720085,1,cefdinir-fig2,True,SWITCH,cefdinir-fig2,True,SWITCH,CORRECT,BOTH_CORRECT,UNREVIEWED,UNREVIEWED,Numerical classification only; no blind human review performed
H593-9758eb12de9aee217daf447c,DIFFICULT-0090,b290b929d9999bcd5494b609bbacdaa3be248ff840ce6785cb1cb2438d245c13,0,cefdinir-fig2,True,0.1070511052568875,1,cefdinir-fig2,True,HOLD,cefdinir-fig2,True,HOLD,CORRECT,BOTH_CORRECT,UNREVIEWED,UNREVIEWED,Numerical classification only; no blind human review performed
H593-5143094db93c7c74aac3b66d,DIFFICULT-0093,bf0eaa86ddfc9a7fbdb09ac2f6f0fd91e32036da44a8971649ba96ecb8aa1b71,1,com0n-0000-04,True,0.23658230300608404,1,com0n-0000-04,True,HOLD,com0n-0000-04,True,HOLD,CORRECT,BOTH_CORRECT,UNREVIEWED,UNREVIEWED,Numerical classification only; no blind human review performed
H593-fe03d26ba43ce31225a4cc40,DIFFICULT-0094,bf0eaa86ddfc9a7fbdb09ac2f6f0fd91e32036da44a8971649ba96ecb8aa1b71,1,com0n-0000-04,True,0.18242408405006447,1,com0n-0000-04,True,HOLD,com0n-0000-04,True,HOLD,CORRECT,BOTH_CORRECT,UNREVIEWED,UNREVIEWED,Numerical classification only; no blind human review performed
H593-34133bc85696e399819d4944,DIFFICULT-0095,bf0eaa86ddfc9a7fbdb09ac2f6f0fd91e32036da44a8971649ba96ecb8aa1b71,1,com0n-0000-04,True,0.046710260937944545,2,com0n-0000-04,True,HOLD,com0n-0000-04,True,HOLD,CORRECT,BOTH_CORRECT,UNREVIEWED,UNREVIEWED,Numerical classification only; no blind human review performed
H593-78606a2dd4349afc3e93a5d4,DIFFICULT-0096,bf0eaa86ddfc9a7fbdb09ac2f6f0fd91e32036da44a8971649ba96ecb8aa1b71,1,com0n-0000-04,True,0.2642625553163491,1,com0n-0000-04,True,HOLD,com0n-0000-04,True,HOLD,CORRECT,BOTH_CORRECT,UNREVIEWED,UNREVIEWED,Numerical classification only; no blind human review performed
H593-1652082eb7bdd4e18f2fa4e2,DIFFICULT-0097,bf0eaa86ddfc9a7fbdb09ac2f6f0fd91e32036da44a8971649ba96ecb8aa1b71,1,com0n-0000-04,True,0.22573884253077678,1,com0n-0000-04,True,HOLD,com0n-0000-04,True,HOLD,CORRECT,BOTH_CORRECT,UNREVIEWED,UNREVIEWED,Numerical classification only; no blind human review performed
H593-7090a1ee7fe6811f7fd655ec,DIFFICULT-0098,bf0eaa86ddfc9a7fbdb09ac2f6f0fd91e32036da44a8971649ba96ecb8aa1b71,1,com0n-0000-04,True,0.03770580117625413,2,bb label.pdf,False,HOLD,bb label.pdf,False,HOLD,CHALLENGER_RANKING_BLOCKED,BOTH_WRONG,UNREVIEWED,UNREVIEWED,Numerical classification only; no blind human review performed
H593-fec0fed3cd6dbb3b7fa3bdce,DIFFICULT-0099,bf0eaa86ddfc9a7fbdb09ac2f6f0fd91e32036da44a8971649ba96ecb8aa1b71,1,com0n-0000-04,True,0.03425938035395334,2,bb label.pdf,False,HOLD,bb label.pdf,False,HOLD,TARGET_TOP_BUT_HOLD,BOTH_WRONG,UNREVIEWED,UNREVIEWED,Numerical classification only; no blind human review performed
H593-2ad687a1c029e9f33146503b,DIFFICULT-0100,dca95ffa60d30d6597de3bfed4a27b53d657ea2e90a8d6ee6aa513316eee9848,0,int08-0008-17,True,0.1782808416166166,1,int08-0008-18,False,HOLD,int08-0008-17,True,SWITCH,CORRECT,RESCUED_BY_492,UNREVIEWED,UNREVIEWED,Numerical classification only; no blind human review performed
H593-afcb436616416abae565da10,DIFFICULT-0101,dca95ffa60d30d6597de3bfed4a27b53d657ea2e90a8d6ee6aa513316eee9848,0,int08-0008-17,True,0.03090507799602956,28,int08-0008-17,True,HOLD,int08-0008-17,True,HOLD,CORRECT,BOTH_CORRECT,UNREVIEWED,UNREVIEWED,Numerical classification only; no blind human review performed
H593-b5088f4d9100c24150c49220,DIFFICULT-0102,dca95ffa60d30d6597de3bfed4a27b53d657ea2e90a8d6ee6aa513316eee9848,0,int08-0008-17,True,0.16597960383612473,3,int08-0008-17,True,SWITCH,int08-0008-17,True,SWITCH,CORRECT,BOTH_CORRECT,UNREVIEWED,UNREVIEWED,Numerical classification only; no blind human review performed
H593-ca8b26b506e727e2c826a0a9,DIFFICULT-0103,dca95ffa60d30d6597de3bfed4a27b53d657ea2e90a8d6ee6aa513316eee9848,0,int08-0008-17,True,0.2265522124788107,1,int08-0008-17,True,HOLD,int08-0008-17,True,HOLD,CORRECT,BOTH_CORRECT,UNREVIEWED,UNREVIEWED,Numerical classification only; no blind human review performed
H593-d35facd3bcef8508d52b6098,DIFFICULT-0104,dca95ffa60d30d6597de3bfed4a27b53d657ea2e90a8d6ee6aa513316eee9848,0,int08-0008-17,True,0.08105683731974543,1,int08-0008-17,True,HOLD,int08-0008-17,True,HOLD,CORRECT,BOTH_CORRECT,UNREVIEWED,UNREVIEWED,Numerical classification only; no blind human review performed
H593-6a176cd4811e16620c134360,DIFFICULT-0105,dca95ffa60d30d6597de3bfed4a27b53d657ea2e90a8d6ee6aa513316eee9848,0,int08-0008-17,True,0.24623559834288108,3,int08-0008-17,True,HOLD,int08-0008-17,True,HOLD,CORRECT,BOTH_CORRECT,UNREVIEWED,UNREVIEWED,Numerical classification only; no blind human review performed
H593-fc24d3c5a9feecb49bf1edfa,DIFFICULT-0106,dca95ffa60d30d6597de3bfed4a27b53d657ea2e90a8d6ee6aa513316eee9848,0,int08-0008-17,True,0.06693575576911591,6,int08-0008-17,True,HOLD,int08-0008-17,True,HOLD,CORRECT,BOTH_CORRECT,UNREVIEWED,UNREVIEWED,Numerical classification only; no blind human review performed
H593-a75c121cbde1aeaa4aa8433f,DIFFICULT-0107,dca95ffa60d30d6597de3bfed4a27b53d657ea2e90a8d6ee6aa513316eee9848,0,int08-0008-17,True,0.035903224864459425,89,int08-0008-17,True,HOLD,int08-0008-17,True,HOLD,CORRECT,BOTH_CORRECT,UNREVIEWED,UNREVIEWED,Numerical classification only; no blind human review performed
H593-5ca1f16c2917448ec0557e02,DIFFICULT-0125,c04b390c7ae86a0d21958115ce19bd1ed22c76ff1b8fb240f01405c8bf9231ec,2,sevospire-02,True,0.026676169335203948,11,sevospire-02,True,HOLD,sevospire-02,True,HOLD,CORRECT,BOTH_CORRECT,UNREVIEWED,UNREVIEWED,Numerical classification only; no blind human review performed
H593-ec3b4c5b9e5c85d7f1c77e04,DIFFICULT-0126,c04b390c7ae86a0d21958115ce19bd1ed22c76ff1b8fb240f01405c8bf9231ec,2,sevospire-02,True,0.020210964770653216,27,sevospire-02,True,HOLD,sevospire-02,True,HOLD,CORRECT,BOTH_CORRECT,UNREVIEWED,UNREVIEWED,Numerical classification only; no blind human review performed
H593-fb2b078bd866460d51bf7395,DIFFICULT-0127,c04b390c7ae86a0d21958115ce19bd1ed22c76ff1b8fb240f01405c8bf9231ec,2,sevospire-02,True,0.03455284389117672,2,sevospire-02,True,HOLD,sevospire-02,True,HOLD,CORRECT,BOTH_CORRECT,UNREVIEWED,UNREVIEWED,Numerical classification only; no blind human review performed
H593-0d8db033f048bf0a40089770,DIFFICULT-0128,c04b390c7ae86a0d21958115ce19bd1ed22c76ff1b8fb240f01405c8bf9231ec,2,sevospire-02,True,0.014039401298726542,70,sevospire-02,True,HOLD,sevospire-02,True,HOLD,CORRECT,BOTH_CORRECT,UNREVIEWED,UNREVIEWED,Numerical classification only; no blind human review performed
H593-b06273e75d64a6537f0ba426,DIFFICULT-0129,c04b390c7ae86a0d21958115ce19bd1ed22c76ff1b8fb240f01405c8bf9231ec,2,sevospire-02,True,0.21745370159287525,1,sevospire-02,True,HOLD,sevospire-02,True,HOLD,CORRECT,BOTH_CORRECT,UNREVIEWED,UNREVIEWED,Numerical classification only; no blind human review performed
H593-acb88ad9ae6dc89a74d597a0,DIFFICULT-0130,c04b390c7ae86a0d21958115ce19bd1ed22c76ff1b8fb240f01405c8bf9231ec,2,sevospire-02,True,0.03349692017067936,21,sevospire-02,True,HOLD,sevospire-02,True,HOLD,CORRECT,BOTH_CORRECT,UNREVIEWED,UNREVIEWED,Numerical classification only; no blind human review performed
H593-bbff6f2a0463d1430b70d8f7,DIFFICULT-0131,c04b390c7ae86a0d21958115ce19bd1ed22c76ff1b8fb240f01405c8bf9231ec,2,sevospire-02,True,0.21274516171081678,1,sevospire-02,True,HOLD,sevospire-02,True,HOLD,CORRECT,BOTH_CORRECT,UNREVIEWED,UNREVIEWED,Numerical classification only; no blind human review performed
H593-a786f0738bcc2b9cbef1d792,DIFFICULT-0132,c04b390c7ae86a0d21958115ce19bd1ed22c76ff1b8fb240f01405c8bf9231ec,2,sevospire-02,True,0.02514367727514818,59,sevospire-02,True,HOLD,sevospire-02,True,HOLD,CORRECT,BOTH_CORRECT,UNREVIEWED,UNREVIEWED,Numerical classification only; no blind human review performed
H593-edb743470b7490b0360aa942,DIFFICULT-0133,c04b390c7ae86a0d21958115ce19bd1ed22c76ff1b8fb240f01405c8bf9231ec,2,sevospire-02,True,0.040225811089701635,7,sevospire-02,True,HOLD,sevospire-02,True,HOLD,CORRECT,BOTH_CORRECT,UNREVIEWED,UNREVIEWED,Numerical classification only; no blind human review performed
H593-3138eb9150d5fc2ff0b21e85,NDV2-002-P01,5993f2caf420c9a99c193d33f748eea45f5c55ab4832c947913f7c005ada8f7b,0,160 mg Comfor-trate Tab,True,0.19109477429237753,3,160 mg Comfor-trate Tab,True,HOLD,160 mg Comfor-trate Tab,True,HOLD,CORRECT,BOTH_CORRECT,UNREVIEWED,UNREVIEWED,Numerical classification only; no blind human review performed
H593-42420c983790bf340313f47b,NDV2-002-P02,5993f2caf420c9a99c193d33f748eea45f5c55ab4832c947913f7c005ada8f7b,0,160 mg Comfor-trate Tab,True,0.256068490491316,2,160 mg Comfor-trate Tab,True,HOLD,160 mg Comfor-trate Tab,True,HOLD,CORRECT,BOTH_CORRECT,UNREVIEWED,UNREVIEWED,Numerical classification only; no blind human review performed
H593-9ca7dde32b05ab798ccbfa8f,NDV2-002-P03,5993f2caf420c9a99c193d33f748eea45f5c55ab4832c947913f7c005ada8f7b,0,160 mg Comfor-trate Tab,True,0.13343001639697455,1,160 mg Comfor-trate Tab,True,HOLD,160 mg Comfor-trate Tab,True,HOLD,CORRECT,BOTH_CORRECT,UNREVIEWED,UNREVIEWED,Numerical classification only; no blind human review performed
H593-36f0d9d88cf08e835a02f26d,NDV2-002-P04,5993f2caf420c9a99c193d33f748eea45f5c55ab4832c947913f7c005ada8f7b,0,160 mg Comfor-trate Tab,True,0.2067308388862025,1,160 mg Comfor-trate Tab,True,HOLD,160 mg Comfor-trate Tab,True,HOLD,CORRECT,BOTH_CORRECT,UNREVIEWED,UNREVIEWED,Numerical classification only; no blind human review performed
H593-e144503cb73837b393fd64a7,NDV2-003-P01,5993f2caf420c9a99c193d33f748eea45f5c55ab4832c947913f7c005ada8f7b,0,160mgcarton,True,0.22825461798174132,1,160mgcarton,True,HOLD,160mgcarton,True,HOLD,CORRECT,BOTH_CORRECT,UNREVIEWED,UNREVIEWED,Numerical classification only; no blind human review performed
H593-7f2d9238a94e1a0d377e3c3d,NDV2-003-P02,5993f2caf420c9a99c193d33f748eea45f5c55ab4832c947913f7c005ada8f7b,0,160mgcarton,True,0.23614477150166435,1,160mgcarton,True,HOLD,160mgcarton,True,HOLD,CORRECT,BOTH_CORRECT,UNREVIEWED,UNREVIEWED,Numerical classification only; no blind human review performed
H593-960ffe9ce8453f803f0d7069,NDV2-003-P03,5993f2caf420c9a99c193d33f748eea45f5c55ab4832c947913f7c005ada8f7b,0,160mgcarton,True,0.1450779811461871,1,160mgcarton,True,HOLD,160mgcarton,True,HOLD,CORRECT,BOTH_CORRECT,UNREVIEWED,UNREVIEWED,Numerical classification only; no blind human review performed
H593-059423d2642d803097a5e092,NDV2-003-P04,5993f2caf420c9a99c193d33f748eea45f5c55ab4832c947913f7c005ada8f7b,0,160mgcarton,True,0.23111286462995043,1,160mgcarton,True,HOLD,160mgcarton,True,HOLD,CORRECT,BOTH_CORRECT,UNREVIEWED,UNREVIEWED,Numerical classification only; no blind human review performed
H593-a4a42f963cbb49a2c59b3c36,NDV2-005-P01,5993f2caf420c9a99c193d33f748eea45f5c55ab4832c947913f7c005ada8f7b,0,24 mg Comfor-trate Tab,True,0.24001136479656926,2,24 mg Comfor-trate Tab,True,HOLD,24 mg Comfor-trate Tab,True,HOLD,CORRECT,BOTH_CORRECT,UNREVIEWED,UNREVIEWED,Numerical classification only; no blind human review performed
H593-e692515f387c7a5fc759c07c,NDV2-005-P02,5993f2caf420c9a99c193d33f748eea45f5c55ab4832c947913f7c005ada8f7b,0,24 mg Comfor-trate Tab,True,0.2481774925004873,1,24 mg Comfor-trate Tab,True,HOLD,24 mg Comfor-trate Tab,True,HOLD,CORRECT,BOTH_CORRECT,UNREVIEWED,UNREVIEWED,Numerical classification only; no blind human review performed
H593-71b6e21207e212b1665f9cc6,NDV2-005-P03,5993f2caf420c9a99c193d33f748eea45f5c55ab4832c947913f7c005ada8f7b,0,24 mg Comfor-trate Tab,True,0.0868926226485709,4,24 mg Comfor-trate Tab,True,HOLD,24 mg Comfor-trate Tab,True,HOLD,CORRECT,BOTH_CORRECT,UNREVIEWED,UNREVIEWED,Numerical classification only; no blind human review performed
H593-dc49d87eddb7dcd54a502ee3,NDV2-005-P04,5993f2caf420c9a99c193d33f748eea45f5c55ab4832c947913f7c005ada8f7b,0,24 mg Comfor-trate Tab,True,0.19812842790211374,2,24 mg Comfor-trate Tab,True,HOLD,24 mg Comfor-trate Tab,True,HOLD,CORRECT,BOTH_CORRECT,UNREVIEWED,UNREVIEWED,Numerical classification only; no blind human review performed
H593-5ce80bead003f31b6617b817,NDV2-007-P01,e5b4f86a4d49af3ede0ecdd200dfae35f36ef1fb29c77d00e2fc254648085e0e,0,45mg PFS CArton,True,0.04485713647304006,6,45mg PFS CArton,True,HOLD,45mg PFS CArton,True,HOLD,CORRECT,BOTH_CORRECT,UNREVIEWED,UNREVIEWED,Numerical classification only; no blind human review performed
H593-96b120672ad18ee05520c1c2,NDV2-007-P02,e5b4f86a4d49af3ede0ecdd200dfae35f36ef1fb29c77d00e2fc254648085e0e,0,45mg PFS CArton,True,0.054526456586685444,1,45mg PFS CArton,True,HOLD,45mg PFS CArton,True,HOLD,CORRECT,BOTH_CORRECT,UNREVIEWED,UNREVIEWED,Numerical classification only; no blind human review performed
H593-02543adf69ee9391380f4ee6,NDV2-007-P03,e5b4f86a4d49af3ede0ecdd200dfae35f36ef1fb29c77d00e2fc254648085e0e,0,45mg PFS CArton,True,0.12747592099063648,1,45mg PFS CArton,True,HOLD,45mg PFS CArton,True,HOLD,CORRECT,BOTH_CORRECT,UNREVIEWED,UNREVIEWED,Numerical classification only; no blind human review performed
H593-613164a8ed07b8331901f9c7,NDV2-007-P04,e5b4f86a4d49af3ede0ecdd200dfae35f36ef1fb29c77d00e2fc254648085e0e,0,45mg PFS CArton,True,0.19566033636616997,1,45mg PFS CArton,True,HOLD,45mg PFS CArton,True,HOLD,CORRECT,BOTH_CORRECT,UNREVIEWED,UNREVIEWED,Numerical classification only; no blind human review performed
H593-bcb46b28e3f68f1997c73b22,NDV2-009-P01,4a53569c90360cdca78170a677dcff1a34efc65cfe94b9dad6b19b65db6d25ac,4,5USSTP-2,True,0.09339516877228086,1,5USSTP-2,True,HOLD,5USSTP-2,True,HOLD,CORRECT,BOTH_CORRECT,UNREVIEWED,UNREVIEWED,Numerical classification only; no blind human review performed
H593-00db0e83284b1620da33639a,NDV2-010-P01,5993f2caf420c9a99c193d33f748eea45f5c55ab4832c947913f7c005ada8f7b,0,60 mg Comfor-trate Tab,True,0.21165204830458573,4,60 mg Comfor-trate Tab,True,HOLD,60 mg Comfor-trate Tab,True,HOLD,CORRECT,BOTH_CORRECT,UNREVIEWED,UNREVIEWED,Numerical classification only; no blind human review performed
H593-327f0627e7abd208ae771d92,NDV2-010-P02,5993f2caf420c9a99c193d33f748eea45f5c55ab4832c947913f7c005ada8f7b,0,60 mg Comfor-trate Tab,True,0.2570946245997314,1,60 mg Comfor-trate Tab,True,HOLD,60 mg Comfor-trate Tab,True,HOLD,CORRECT,BOTH_CORRECT,UNREVIEWED,UNREVIEWED,Numerical classification only; no blind human review performed
H593-42c4620dc4ec12b555d472a7,NDV2-010-P03,5993f2caf420c9a99c193d33f748eea45f5c55ab4832c947913f7c005ada8f7b,0,60 mg Comfor-trate Tab,True,0.1899330274755237,1,60 mg Comfor-trate Tab,True,HOLD,60 mg Comfor-trate Tab,True,HOLD,CORRECT,BOTH_CORRECT,UNREVIEWED,UNREVIEWED,Numerical classification only; no blind human review performed
H593-01371ddf81e97f382dca84d8,NDV2-010-P04,5993f2caf420c9a99c193d33f748eea45f5c55ab4832c947913f7c005ada8f7b,0,60 mg Comfor-trate Tab,True,0.17815869017818908,3,60 mg Comfor-trate Tab,True,HOLD,60 mg Comfor-trate Tab,True,HOLD,CORRECT,BOTH_CORRECT,UNREVIEWED,UNREVIEWED,Numerical classification only; no blind human review performed
H593-ec3836db486607fb464da173,NDV2-011-P01,f136ca0b9c716fcae1884f370b2cc9c1a38f30e5a477d50097f50ecb3c76d60b,4,Bacitracin  14.2g 0.5oz carton label rev 09 2021,True,0.14121337796406505,1,Bacitracin  14.2g 0.5oz carton label rev 09 2021,True,HOLD,Bacitracin  14.2g 0.5oz carton label rev 09 2021,True,HOLD,CORRECT,BOTH_CORRECT,UNREVIEWED,UNREVIEWED,Numerical classification only; no blind human review performed
H593-33b3b0aa0a8612273130dcd4,NDV2-011-P02,f136ca0b9c716fcae1884f370b2cc9c1a38f30e5a477d50097f50ecb3c76d60b,4,Bacitracin  14.2g 0.5oz carton label rev 09 2021,True,0.18711289098437142,1,Bacitracin  14.2g 0.5oz carton label rev 09 2021,True,HOLD,Bacitracin  14.2g 0.5oz carton label rev 09 2021,True,HOLD,CORRECT,BOTH_CORRECT,UNREVIEWED,UNREVIEWED,Numerical classification only; no blind human review performed
H593-80c5e47b3fd61cde75299862,NDV2-011-P03,f136ca0b9c716fcae1884f370b2cc9c1a38f30e5a477d50097f50ecb3c76d60b,4,Bacitracin  14.2g 0.5oz carton label rev 09 2021,True,0.1332020773799203,1,Bacitracin  14.2g 0.5oz carton label rev 09 2021,True,HOLD,Bacitracin  14.2g 0.5oz carton label rev 09 2021,True,HOLD,CORRECT,BOTH_CORRECT,UNREVIEWED,UNREVIEWED,Numerical classification only; no blind human review performed
H593-f063b9949afaac7650b24e97,NDV2-011-P04,f136ca0b9c716fcae1884f370b2cc9c1a38f30e5a477d50097f50ecb3c76d60b,4,Bacitracin  14.2g 0.5oz carton label rev 09 2021,True,0.1981652135178679,1,Bacitracin  14.2g 0.5oz carton label rev 09 2021,True,SWITCH,Bacitracin  14.2g 0.5oz carton label rev 09 2021,True,SWITCH,CORRECT,BOTH_CORRECT,UNREVIEWED,UNREVIEWED,Numerical classification only; no blind human review performed
H593-178d10ad3076a41e89d549dd,NDV2-012-P01,f136ca0b9c716fcae1884f370b2cc9c1a38f30e5a477d50097f50ecb3c76d60b,4,Bacitracin Zinc Ointment USP Carton 0.5oz(14.2g) Rev 02-22,True,0.1561831436558611,1,Bacitracin Zinc Ointment USP Carton 0.5oz(14.2g) Rev 02-22,True,HOLD,Bacitracin Zinc Ointment USP Carton 0.5oz(14.2g) Rev 02-22,True,HOLD,CORRECT,BOTH_CORRECT,UNREVIEWED,UNREVIEWED,Numerical classification only; no blind human review performed
H593-648cf256a0655f0b4baede6a,NDV2-012-P02,f136ca0b9c716fcae1884f370b2cc9c1a38f30e5a477d50097f50ecb3c76d60b,4,Bacitracin Zinc Ointment USP Carton 0.5oz(14.2g) Rev 02-22,True,0.2029319728886435,2,Bacitracin Zinc Ointment USP Carton 0.5oz(14.2g) Rev 02-22,True,HOLD,Bacitracin Zinc Ointment USP Carton 0.5oz(14.2g) Rev 02-22,True,HOLD,CORRECT,BOTH_CORRECT,UNREVIEWED,UNREVIEWED,Numerical classification only; no blind human review performed
H593-c8379d139262cf23abe8cf3f,NDV2-012-P03,f136ca0b9c716fcae1884f370b2cc9c1a38f30e5a477d50097f50ecb3c76d60b,4,Bacitracin Zinc Ointment USP Carton 0.5oz(14.2g) Rev 02-22,True,0.017689080189161873,96,Bacitracin Zinc Ointment USP Carton 1oz(28.4g) Rev 02-22,False,SWITCH,Bacitracin Zinc Ointment USP Carton 1oz(28.4g) Rev 02-22,False,SWITCH,RAW_CORRECT_BROKEN,BOTH_WRONG,UNREVIEWED,UNREVIEWED,Numerical classification only; no blind human review performed
H593-64d4b96748545637c220ac9d,NDV2-012-P04,f136ca0b9c716fcae1884f370b2cc9c1a38f30e5a477d50097f50ecb3c76d60b,4,Bacitracin Zinc Ointment USP Carton 0.5oz(14.2g) Rev 02-22,True,0.19084082239424383,1,Bacitracin Zinc Ointment USP Carton 0.5oz(14.2g) Rev 02-22,True,HOLD,Bacitracin Zinc Ointment USP Carton 0.5oz(14.2g) Rev 02-22,True,HOLD,CORRECT,BOTH_CORRECT,UNREVIEWED,UNREVIEWED,Numerical classification only; no blind human review performed
H593-feb9948db167fc67715b216a,OUTCOME-0001,1c37c8c6064f3ee8446595a55b1d8fb0394f2b039c86eb060704e75d998d0d11,1,0003,True,0.05906878492268078,1,cold-flu-48s-ifc-softgels,False,HOLD,0003,True,SWITCH,CORRECT,RESCUED_BY_492,UNREVIEWED,UNREVIEWED,Numerical classification only; no blind human review performed
H593-059b70b913c381ca4c02e851,OUTCOME-0002,1c37c8c6064f3ee8446595a55b1d8fb0394f2b039c86eb060704e75d998d0d11,1,0003,True,0.14143646456533238,1,0003,True,HOLD,0003,True,HOLD,CORRECT,BOTH_CORRECT,UNREVIEWED,UNREVIEWED,Numerical classification only; no blind human review performed
H593-3a88599950984808ec05d372,OUTCOME-0015,1c37c8c6064f3ee8446595a55b1d8fb0394f2b039c86eb060704e75d998d0d11,1,0003,True,0.2298368494529824,1,0003,True,SWITCH,0003,True,SWITCH,CORRECT,BOTH_CORRECT,UNREVIEWED,UNREVIEWED,Numerical classification only; no blind human review performed
H593-4c8af79cf3ec012acced486e,OUTCOME-0044,caadf690e51b6ae8aa69d3ebfb189f9ae43f3e3bde9aadd83d79e71a9ed27df7,4,10 mL carton,True,0.01597744431639541,6,10 mL carton,True,HOLD,10 mL carton,True,HOLD,CORRECT,BOTH_CORRECT,UNREVIEWED,UNREVIEWED,Numerical classification only; no blind human review performed
H593-38b8b30a470de2510a233942,OUTCOME-0045,caadf690e51b6ae8aa69d3ebfb189f9ae43f3e3bde9aadd83d79e71a9ed27df7,4,10 mL carton,True,0.0181115818597489,10,10 mL carton,True,HOLD,10 mL carton,True,HOLD,CORRECT,BOTH_CORRECT,UNREVIEWED,UNREVIEWED,Numerical classification only; no blind human review performed
H593-14742ff288bf8a71f7d5208d,OUTCOME-0046,caadf690e51b6ae8aa69d3ebfb189f9ae43f3e3bde9aadd83d79e71a9ed27df7,4,10 mL carton,True,0.016424829055381333,10,10 mL carton,True,HOLD,10 mL carton,True,HOLD,CORRECT,BOTH_CORRECT,UNREVIEWED,UNREVIEWED,Numerical classification only; no blind human review performed
H593-07197c3f4badd640f6859f5e,OUTCOME-0047,caadf690e51b6ae8aa69d3ebfb189f9ae43f3e3bde9aadd83d79e71a9ed27df7,4,10 mL carton,True,0.007662753969332456,82,10 mL carton,True,HOLD,10 mL carton,True,HOLD,CORRECT,BOTH_CORRECT,UNREVIEWED,UNREVIEWED,Numerical classification only; no blind human review performed
H593-2848a70ea80c7f1dc1cfd651,OUTCOME-0048,caadf690e51b6ae8aa69d3ebfb189f9ae43f3e3bde9aadd83d79e71a9ed27df7,4,10 mL carton,True,0.013345493012487457,24,10 mL carton,True,HOLD,10 mL carton,True,HOLD,CORRECT,BOTH_CORRECT,UNREVIEWED,UNREVIEWED,Numerical classification only; no blind human review performed
H593-d847127af2275cebc7d0a855,OUTCOME-0049,caadf690e51b6ae8aa69d3ebfb189f9ae43f3e3bde9aadd83d79e71a9ed27df7,4,10 mL carton,True,0.03462267396487163,2,10 mL carton,True,HOLD,10 mL carton,True,HOLD,CORRECT,BOTH_CORRECT,UNREVIEWED,UNREVIEWED,Numerical classification only; no blind human review performed
H593-24402f98b4c6d27775ea51b8,OUTCOME-0050,caadf690e51b6ae8aa69d3ebfb189f9ae43f3e3bde9aadd83d79e71a9ed27df7,4,10 mL carton,True,0.009302977647275125,71,10 mL carton,True,HOLD,10 mL carton,True,HOLD,CORRECT,BOTH_CORRECT,UNREVIEWED,UNREVIEWED,Numerical classification only; no blind human review performed
H593-e3a1eef1c2822562c67fe0fa,OUTCOME-0051,caadf690e51b6ae8aa69d3ebfb189f9ae43f3e3bde9aadd83d79e71a9ed27df7,4,10 mL carton,True,0.048320914139944236,2,10 mL carton,True,HOLD,10 mL carton,True,HOLD,CORRECT,BOTH_CORRECT,UNREVIEWED,UNREVIEWED,Numerical classification only; no blind human review performed
H593-35e2c26e209782269ad40fed,OUTCOME-0052,caadf690e51b6ae8aa69d3ebfb189f9ae43f3e3bde9aadd83d79e71a9ed27df7,4,10 mL carton,True,0.12436320228649403,1,10 mL carton,True,HOLD,10 mL carton,True,HOLD,CORRECT,BOTH_CORRECT,UNREVIEWED,UNREVIEWED,Numerical classification only; no blind human review performed
H593-1f65d77d8ddd265c0d00b1f2,OUTCOME-0053,caadf690e51b6ae8aa69d3ebfb189f9ae43f3e3bde9aadd83d79e71a9ed27df7,4,10 mL carton,True,0.11936492141699442,1,10 mL carton,True,HOLD,10 mL carton,True,HOLD,CORRECT,BOTH_CORRECT,UNREVIEWED,UNREVIEWED,Numerical classification only; no blind human review performed
H593-7d98c429f6f7e1e10918800b,OUTCOME-0054,caadf690e51b6ae8aa69d3ebfb189f9ae43f3e3bde9aadd83d79e71a9ed27df7,4,10 mL carton,True,0.13583988002651146,1,10 mL carton,True,HOLD,10 mL carton,True,HOLD,CORRECT,BOTH_CORRECT,UNREVIEWED,UNREVIEWED,Numerical classification only; no blind human review performed
H593-781e579d26df1fa016a3b3b2,OUTCOME-0055,caadf690e51b6ae8aa69d3ebfb189f9ae43f3e3bde9aadd83d79e71a9ed27df7,4,10 mL carton,True,0.10130168898341413,1,10 mL carton,True,HOLD,10 mL carton,True,HOLD,CORRECT,BOTH_CORRECT,UNREVIEWED,UNREVIEWED,Numerical classification only; no blind human review performed
H593-6383fcb3c30d23a881c0d351,OUTCOME-0056,caadf690e51b6ae8aa69d3ebfb189f9ae43f3e3bde9aadd83d79e71a9ed27df7,4,10 mL carton,True,0.14008858607199534,1,10 mL carton,True,HOLD,10 mL carton,True,HOLD,CORRECT,BOTH_CORRECT,UNREVIEWED,UNREVIEWED,Numerical classification only; no blind human review performed
H593-c22c8e1044a8088c5a3d3f0e,OUTCOME-0057,caadf690e51b6ae8aa69d3ebfb189f9ae43f3e3bde9aadd83d79e71a9ed27df7,4,10 mL carton,True,0.09890436281332739,1,10 mL carton,True,HOLD,10 mL carton,True,HOLD,CORRECT,BOTH_CORRECT,UNREVIEWED,UNREVIEWED,Numerical classification only; no blind human review performed
H593-064aa36809b4f00051cb821a,OUTCOME-0058,caadf690e51b6ae8aa69d3ebfb189f9ae43f3e3bde9aadd83d79e71a9ed27df7,4,10 mL carton,True,0.02280896206203937,5,10 mL carton,True,HOLD,10 mL carton,True,HOLD,CORRECT,BOTH_CORRECT,UNREVIEWED,UNREVIEWED,Numerical classification only; no blind human review performed
H593-2bcc3d446a9293adfd81509f,OUTCOME-0072,3cce9049697a8e2b65ce5904772f00a613b585ff8ca6e50e5a9c4c63a4391645,3,10ml carton,True,0.009402464415967687,54,10ml carton,True,HOLD,10ml carton,True,HOLD,CORRECT,BOTH_CORRECT,UNREVIEWED,UNREVIEWED,Numerical classification only; no blind human review performed
H593-5c99ac9c05994bb4d60da476,OUTCOME-0078,3cce9049697a8e2b65ce5904772f00a613b585ff8ca6e50e5a9c4c63a4391645,3,10ml carton,True,0.08013273786320543,1,10ml carton,True,HOLD,10ml carton,True,HOLD,CORRECT,BOTH_CORRECT,UNREVIEWED,UNREVIEWED,Numerical classification only; no blind human review performed
H593-5cde50d3890df26e13611884,OUTCOME-0087,fae9abd9dccd97b0f46477e2b8de584b47f0991da74eb5dfbedf3526f4bba6a5,4,11-5BlisterCarton,True,0.13847681525875424,1,11-5BlisterCarton,True,SWITCH,11-5BlisterCarton,True,SWITCH,CORRECT,BOTH_CORRECT,UNREVIEWED,UNREVIEWED,Numerical classification only; no blind human review performed
H593-b87cff1766e4fd6e130f4f0d,OUTCOME-0090,fae9abd9dccd97b0f46477e2b8de584b47f0991da74eb5dfbedf3526f4bba6a5,4,11-5BlisterCarton,True,0.2530637487387277,1,5-75BlisterCarton,False,HOLD,5-75BlisterCarton,False,HOLD,TARGET_TOP_BUT_HOLD,BOTH_WRONG,UNREVIEWED,UNREVIEWED,Numerical classification only; no blind human review performed
H593-bb5dd42b437a1e0b7185f2fb,OUTCOME-0093,fae9abd9dccd97b0f46477e2b8de584b47f0991da74eb5dfbedf3526f4bba6a5,4,11-5BlisterCarton,True,0.06835398613537383,1,5-75BlisterCarton,False,SWITCH,5-75BlisterCarton,False,SWITCH,CHALLENGER_RANKING_BLOCKED,BOTH_WRONG,UNREVIEWED,UNREVIEWED,Numerical classification only; no blind human review performed
H593-79ce3b4b2a924821dc8dc21a,OUTCOME-0094,c7abd98eade15d0ac417dcdde657be6a64e3cb837a808045d084fee49bf7d2a4,3,1g7-17-allergy-nasal-spray,True,0.1596531965257448,1,1g7-17-allergy-nasal-spray,True,HOLD,1g7-17-allergy-nasal-spray,True,HOLD,CORRECT,BOTH_CORRECT,UNREVIEWED,UNREVIEWED,Numerical classification only; no blind human review performed
H593-cb08e284452bbeca09345c1d,OUTCOME-0095,c7abd98eade15d0ac417dcdde657be6a64e3cb837a808045d084fee49bf7d2a4,3,1g7-17-allergy-nasal-spray,True,0.07964597110126492,1,1g7-17-allergy-nasal-spray,True,HOLD,1g7-17-allergy-nasal-spray,True,HOLD,CORRECT,BOTH_CORRECT,UNREVIEWED,UNREVIEWED,Numerical classification only; no blind human review performed
H593-89f858095a471767364e3a86,OUTCOME-0096,c7abd98eade15d0ac417dcdde657be6a64e3cb837a808045d084fee49bf7d2a4,3,1g7-17-allergy-nasal-spray,True,0.08378539111080131,4,cvs-health-childrens-fluticasone-propionate-nasal-spray-carton-image,False,SWITCH,cvs-health-childrens-fluticasone-propionate-nasal-spray-carton-image,False,SWITCH,CHALLENGER_RANKING_BLOCKED,BOTH_WRONG,UNREVIEWED,UNREVIEWED,Numerical classification only; no blind human review performed
H593-7ef48aba809a41bdbf3bca77,OUTCOME-0097,c7abd98eade15d0ac417dcdde657be6a64e3cb837a808045d084fee49bf7d2a4,3,1g7-17-allergy-nasal-spray,True,0.13687662707595555,1,1q3-c2-childrens-24-hour-allergy-nasal-spray,False,HOLD,1q3-c2-childrens-24-hour-allergy-nasal-spray,False,HOLD,TARGET_TOP_BUT_HOLD,BOTH_WRONG,UNREVIEWED,UNREVIEWED,Numerical classification only; no blind human review performed
H593-343c0fdac394c330c78c814c,OUTCOME-0098,c7abd98eade15d0ac417dcdde657be6a64e3cb837a808045d084fee49bf7d2a4,3,1g7-17-allergy-nasal-spray,True,0.047672503310358494,1,CVS Lidocaine IFC,False,HOLD,1g7-17-allergy-nasal-spray,True,SWITCH,CORRECT,RESCUED_BY_492,UNREVIEWED,UNREVIEWED,Numerical classification only; no blind human review performed
H593-edaf6d7ae2f6b07a0947ebe4,OUTCOME-0099,c7abd98eade15d0ac417dcdde657be6a64e3cb837a808045d084fee49bf7d2a4,3,1g7-17-allergy-nasal-spray,True,0.08490714717191236,1,1g7-17-allergy-nasal-spray,True,HOLD,1g7-17-allergy-nasal-spray,True,HOLD,CORRECT,BOTH_CORRECT,UNREVIEWED,UNREVIEWED,Numerical classification only; no blind human review performed
H593-3692187ae0c3b3b59b4c632b,OUTCOME-0100,c7abd98eade15d0ac417dcdde657be6a64e3cb837a808045d084fee49bf7d2a4,3,1g7-17-allergy-nasal-spray,False,,,Buscolicos,False,HOLD,Buscolicos,False,HOLD,TARGET_ABSENT,BOTH_WRONG,UNREVIEWED,UNREVIEWED,Numerical classification only; no blind human review performed
H593-d89ee18850bb49f7986e065b,OUTCOME-0101,c7abd98eade15d0ac417dcdde657be6a64e3cb837a808045d084fee49bf7d2a4,3,1g7-17-allergy-nasal-spray,True,0.09675245211150754,1,1g7-17-allergy-nasal-spray,True,HOLD,1g7-17-allergy-nasal-spray,True,HOLD,CORRECT,BOTH_CORRECT,UNREVIEWED,UNREVIEWED,Numerical classification only; no blind human review performed
H593-95b957426a8c934b0bb6e8c5,OUTCOME-0102,c7abd98eade15d0ac417dcdde657be6a64e3cb837a808045d084fee49bf7d2a4,3,1g7-17-allergy-nasal-spray,True,0.23971574094073986,1,1g7-17-allergy-nasal-spray,True,HOLD,1g7-17-allergy-nasal-spray,True,HOLD,CORRECT,BOTH_CORRECT,UNREVIEWED,UNREVIEWED,Numerical classification only; no blind human review performed
H593-35070730f195ea5ef15d78a4,OUTCOME-0103,c7abd98eade15d0ac417dcdde657be6a64e3cb837a808045d084fee49bf7d2a4,3,1g7-17-allergy-nasal-spray,True,0.12360502687017162,1,1g7-17-allergy-nasal-spray,True,HOLD,1g7-17-allergy-nasal-spray,True,HOLD,CORRECT,BOTH_CORRECT,UNREVIEWED,UNREVIEWED,Numerical classification only; no blind human review performed
H593-dd91c965c4987a6f11b4d08b,OUTCOME-0104,c7abd98eade15d0ac417dcdde657be6a64e3cb837a808045d084fee49bf7d2a4,3,1g7-17-allergy-nasal-spray,True,0.12142118850430457,1,cvs-health-childrens-fluticasone-propionate-nasal-spray-carton-image,False,HOLD,1g7-17-allergy-nasal-spray,True,SWITCH,CORRECT,RESCUED_BY_492,UNREVIEWED,UNREVIEWED,Numerical classification only; no blind human review performed
H593-a31a10e1b469032cc39968ef,OUTCOME-0105,c7abd98eade15d0ac417dcdde657be6a64e3cb837a808045d084fee49bf7d2a4,3,1g7-17-allergy-nasal-spray,True,0.21746224189084726,1,1q3-c2-childrens-24-hour-allergy-nasal-spray,False,HOLD,1q3-c2-childrens-24-hour-allergy-nasal-spray,False,HOLD,TARGET_TOP_BUT_HOLD,BOTH_WRONG,UNREVIEWED,UNREVIEWED,Numerical classification only; no blind human review performed
H593-7f0f41ced5016535e6387661,OUTCOME-0106,c7abd98eade15d0ac417dcdde657be6a64e3cb837a808045d084fee49bf7d2a4,3,1g7-17-allergy-nasal-spray,True,0.2950840920710706,1,cvs-health-childrens-fluticasone-propionate-nasal-spray-carton-image,False,HOLD,cvs-health-childrens-fluticasone-propionate-nasal-spray-carton-image,False,HOLD,TARGET_TOP_BUT_HOLD,BOTH_WRONG,UNREVIEWED,UNREVIEWED,Numerical classification only; no blind human review performed
H593-8cfc3f4dd768e6bfd60f2810,OUTCOME-0107,c7abd98eade15d0ac417dcdde657be6a64e3cb837a808045d084fee49bf7d2a4,3,1g7-17-allergy-nasal-spray,True,0.21525397815656355,1,1q3-c2-childrens-24-hour-allergy-nasal-spray,False,HOLD,1q3-c2-childrens-24-hour-allergy-nasal-spray,False,HOLD,TARGET_TOP_BUT_HOLD,BOTH_WRONG,UNREVIEWED,UNREVIEWED,Numerical classification only; no blind human review performed
H593-d4fd56aea7e4dc41f9436c8f,OUTCOME-0108,c7abd98eade15d0ac417dcdde657be6a64e3cb837a808045d084fee49bf7d2a4,3,1g7-17-allergy-nasal-spray,True,0.10745895515986098,1,1g7-17-allergy-nasal-spray,True,SWITCH,1g7-17-allergy-nasal-spray,True,SWITCH,CORRECT,BOTH_CORRECT,UNREVIEWED,UNREVIEWED,Numerical classification only; no blind human review performed
H593-3378917e44506cb2c9f3e74d,OUTCOME-0109,c7abd98eade15d0ac417dcdde657be6a64e3cb837a808045d084fee49bf7d2a4,3,1g7-17-allergy-nasal-spray,True,0.205561385851494,1,1g7-17-allergy-nasal-spray,True,HOLD,1g7-17-allergy-nasal-spray,True,HOLD,CORRECT,BOTH_CORRECT,UNREVIEWED,UNREVIEWED,Numerical classification only; no blind human review performed
H593-abe538f97b9ba7aa92d41895,OUTCOME-0110,c7abd98eade15d0ac417dcdde657be6a64e3cb837a808045d084fee49bf7d2a4,3,1g7-17-allergy-nasal-spray,True,0.010733278468528869,73,allergy relief nasal spray 24 hour,False,HOLD,allergy relief nasal spray 24 hour,False,HOLD,CHALLENGER_RANKING_BLOCKED,BOTH_WRONG,UNREVIEWED,UNREVIEWED,Numerical classification only; no blind human review performed
H593-63f9178f5a1ac8c911f30671,OUTCOME-0129,5e1903b41967d7091402cde6aa7a4b83e5df5f58a2bef1439e218f802ca6cf53,4,200000002710_Final,True,0.0502638119907853,1,200000002710_Final,True,HOLD,200000002710_Final,True,HOLD,CORRECT,BOTH_CORRECT,UNREVIEWED,UNREVIEWED,Numerical classification only; no blind human review performed
H593-4e6b9dc0dba15fcec5bea111,OUTCOME-0130,5e1903b41967d7091402cde6aa7a4b83e5df5f58a2bef1439e218f802ca6cf53,4,200000002710_Final,True,0.004956291440556199,112,200000002710_Final,True,HOLD,200000002710_Final,True,HOLD,CORRECT,BOTH_CORRECT,UNREVIEWED,UNREVIEWED,Numerical classification only; no blind human review performed
H593-e8c8ae988bf96315bca9637e,OUTCOME-0131,5e1903b41967d7091402cde6aa7a4b83e5df5f58a2bef1439e218f802ca6cf53,4,200000002710_Final,True,0.042018332629443,1,200000002710_Final,True,SWITCH,200000002710_Final,True,SWITCH,CORRECT,BOTH_CORRECT,UNREVIEWED,UNREVIEWED,Numerical classification only; no blind human review performed
H593-fa12d24ad164c3ae3b3f0ff6,OUTCOME-0132,5e1903b41967d7091402cde6aa7a4b83e5df5f58a2bef1439e218f802ca6cf53,4,200000002710_Final,True,0.03997217714369634,1,Bronze Glow,False,HOLD,Bronze Glow,False,HOLD,TARGET_TOP_BUT_HOLD,BOTH_WRONG,UNREVIEWED,UNREVIEWED,Numerical classification only; no blind human review performed
H593-d2bb8fcad397d4f761848233,OUTCOME-0133,5e1903b41967d7091402cde6aa7a4b83e5df5f58a2bef1439e218f802ca6cf53,4,200000002710_Final,True,0.01020497323786209,50,cvsapaplabel,False,HOLD,careone-arthritis-pain-relief-carton-image,False,SWITCH,CHALLENGER_RANKING_BLOCKED,BOTH_WRONG,UNREVIEWED,UNREVIEWED,Numerical classification only; no blind human review performed
H593-1e69202f59c1e38274747acc,OUTCOME-0134,5e1903b41967d7091402cde6aa7a4b83e5df5f58a2bef1439e218f802ca6cf53,4,200000002710_Final,True,0.1138834809976484,1,CDER 100ct C,False,SWITCH,CDER 100ct C,False,SWITCH,CHALLENGER_RANKING_BLOCKED,BOTH_WRONG,UNREVIEWED,UNREVIEWED,Numerical classification only; no blind human review performed
H593-81dbdb08652482bd8788ce02,OUTCOME-0135,5e1903b41967d7091402cde6aa7a4b83e5df5f58a2bef1439e218f802ca6cf53,4,200000002710_Final,True,0.1143867330410681,1,200000002710_Final,True,SWITCH,200000002710_Final,True,SWITCH,CORRECT,BOTH_CORRECT,UNREVIEWED,UNREVIEWED,Numerical classification only; no blind human review performed
H593-fad260b269d3d417a7731657,OUTCOME-0136,5e1903b41967d7091402cde6aa7a4b83e5df5f58a2bef1439e218f802ca6cf53,4,200000002710_Final,True,0.10966762124748665,1,200000002710_Final,True,SWITCH,200000002710_Final,True,SWITCH,CORRECT,BOTH_CORRECT,UNREVIEWED,UNREVIEWED,Numerical classification only; no blind human review performed
H593-5cf549d352c47628697f6f37,OUTCOME-0137,5e1903b41967d7091402cde6aa7a4b83e5df5f58a2bef1439e218f802ca6cf53,4,200000002710_Final,True,0.12748307264114836,1,200000002710_Final,True,SWITCH,200000002710_Final,True,SWITCH,CORRECT,BOTH_CORRECT,UNREVIEWED,UNREVIEWED,Numerical classification only; no blind human review performed
H593-2e5153cd0e9bd1dddbb75dea,OUTCOME-0138,5e1903b41967d7091402cde6aa7a4b83e5df5f58a2bef1439e218f802ca6cf53,4,200000002710_Final,True,0.12049446262986406,1,CDER 100ct C,False,SWITCH,CDER 100ct C,False,SWITCH,CHALLENGER_RANKING_BLOCKED,BOTH_WRONG,UNREVIEWED,UNREVIEWED,Numerical classification only; no blind human review performed
H593-f35a8c51ab813d80801658e6,OUTCOME-0139,5e1903b41967d7091402cde6aa7a4b83e5df5f58a2bef1439e218f802ca6cf53,4,200000002710_Final,True,0.10766758553719491,1,200000002710_Final,True,HOLD,200000002710_Final,True,HOLD,CORRECT,BOTH_CORRECT,UNREVIEWED,UNREVIEWED,Numerical classification only; no blind human review performed
H593-eaf3edda1f071e309b8a2a43,OUTCOME-0140,5e1903b41967d7091402cde6aa7a4b83e5df5f58a2bef1439e218f802ca6cf53,4,200000002710_Final,True,0.01584380442818451,14,cvsapaplabel,False,HOLD,APAP20,False,SWITCH,CHALLENGER_RANKING_BLOCKED,BOTH_WRONG,UNREVIEWED,UNREVIEWED,Numerical classification only; no blind human review performed
H593-e231dadc5ef7695b0c738e54,OUTCOME-0141,5e1903b41967d7091402cde6aa7a4b83e5df5f58a2bef1439e218f802ca6cf53,4,200000002710_Final,True,0.015267472788124231,38,CDER portal_100ct,False,HOLD,CDER portal_100ct,False,HOLD,CHALLENGER_RANKING_BLOCKED,BOTH_WRONG,UNREVIEWED,UNREVIEWED,Numerical classification only; no blind human review performed
H593-4c89e7fdea0f3bfc34d4091a,OUTCOME-0143,da19e4e6b83d15ea83c05ab2e67a7e30bde059231ecd7dfb7f93382fc5e60b98,1,200000003252_R-00_28ct,True,0.05130235892422887,1,200000003252_R-00_28ct,True,SWITCH,200000003252_R-00_28ct,True,SWITCH,CORRECT,BOTH_CORRECT,UNREVIEWED,UNREVIEWED,Numerical classification only; no blind human review performed
H593-c80f563bd4cc8c240f4ce0e4,OUTCOME-0145,da19e4e6b83d15ea83c05ab2e67a7e30bde059231ecd7dfb7f93382fc5e60b98,1,200000003252_R-00_28ct,True,0.046099603963213824,1,200000003252_R-00_28ct,True,SWITCH,200000003252_R-00_28ct,True,SWITCH,CORRECT,BOTH_CORRECT,UNREVIEWED,UNREVIEWED,Numerical classification only; no blind human review performed
H593-e439fefab23845c41029c64b,OUTCOME-0148,da19e4e6b83d15ea83c05ab2e67a7e30bde059231ecd7dfb7f93382fc5e60b98,1,200000003252_R-00_28ct,True,0.08120904161332974,1,200000003252_R-00_28ct,True,SWITCH,200000003252_R-00_28ct,True,SWITCH,CORRECT,BOTH_CORRECT,UNREVIEWED,UNREVIEWED,Numerical classification only; no blind human review performed
H593-4b694eed8bda537b0b21e8ff,OUTCOME-0150,da19e4e6b83d15ea83c05ab2e67a7e30bde059231ecd7dfb7f93382fc5e60b98,1,200000003252_R-00_28ct,True,0.07108730625226503,1,cvshealth-mucus-extended-release-carton-image,False,HOLD,cvshealth-mucus-extended-release-carton-image,False,HOLD,TARGET_TOP_BUT_HOLD,BOTH_WRONG,UNREVIEWED,UNREVIEWED,Numerical classification only; no blind human review performed
H593-339a688dea829493403d97e9,OUTCOME-0152,da19e4e6b83d15ea83c05ab2e67a7e30bde059231ecd7dfb7f93382fc5e60b98,1,200000003252_R-00_28ct,True,0.25972773371492514,1,200000003252_R-00_28ct,True,SWITCH,200000003252_R-00_28ct,True,SWITCH,CORRECT,BOTH_CORRECT,UNREVIEWED,UNREVIEWED,Numerical classification only; no blind human review performed
H593-e2df8b1f9a0066d722f177e2,OUTCOME-0153,da19e4e6b83d15ea83c05ab2e67a7e30bde059231ecd7dfb7f93382fc5e60b98,1,200000003252_R-00_28ct,True,0.0914005150741881,1,200000003252_R-00_28ct,True,SWITCH,200000003252_R-00_28ct,True,SWITCH,CORRECT,BOTH_CORRECT,UNREVIEWED,UNREVIEWED,Numerical classification only; no blind human review performed
H593-e1fc157329d8b0eed6101eee,OUTCOME-0158,162fd69cd74c8e3f1f06ce6bb5fec631f657a623f060862dbcc70a39fc026e96,3,2021 Lice Freee!_6ozPOP R2a,True,0.07571798361010144,1,2021 Lice Freee!_6ozPOP R2a,True,HOLD,2021 Lice Freee!_6ozPOP R2a,True,HOLD,CORRECT,BOTH_CORRECT,UNREVIEWED,UNREVIEWED,Numerical classification only; no blind human review performed
H593-0c93295a4efc661bc7464f47,OUTCOME-0159,162fd69cd74c8e3f1f06ce6bb5fec631f657a623f060862dbcc70a39fc026e96,3,2021 Lice Freee!_6ozPOP R2a,True,0.0750279011477708,1,2021 Lice Freee!_6ozPOP R2a,True,SWITCH,2021 Lice Freee!_6ozPOP R2a,True,SWITCH,CORRECT,BOTH_CORRECT,UNREVIEWED,UNREVIEWED,Numerical classification only; no blind human review performed
H593-a114ff1f00cbc465a5ace6d8,OUTCOME-0160,162fd69cd74c8e3f1f06ce6bb5fec631f657a623f060862dbcc70a39fc026e96,3,2021 Lice Freee!_6ozPOP R2a,True,0.07957771898854232,1,2021 Lice Freee!_6ozPOP R2a,True,HOLD,2021 Lice Freee!_6ozPOP R2a,True,HOLD,CORRECT,BOTH_CORRECT,UNREVIEWED,UNREVIEWED,Numerical classification only; no blind human review performed
H593-9ef1d8c2590d6487518c2d18,OUTCOME-0161,162fd69cd74c8e3f1f06ce6bb5fec631f657a623f060862dbcc70a39fc026e96,3,2021 Lice Freee!_6ozPOP R2a,True,0.050509790513560957,1,2021 Lice Freee!_6ozPOP R2a,True,HOLD,2021 Lice Freee!_6ozPOP R2a,True,HOLD,CORRECT,BOTH_CORRECT,UNREVIEWED,UNREVIEWED,Numerical classification only; no blind human review performed
H593-e92fe753ade85e2fd385e8fd,OUTCOME-0162,162fd69cd74c8e3f1f06ce6bb5fec631f657a623f060862dbcc70a39fc026e96,3,2021 Lice Freee!_6ozPOP R2a,True,0.07417970019462487,1,2021 Lice Freee!_6ozPOP R2a,True,HOLD,2021 Lice Freee!_6ozPOP R2a,True,HOLD,CORRECT,BOTH_CORRECT,UNREVIEWED,UNREVIEWED,Numerical classification only; no blind human review performed
H593-34d45edf8c0dc44243949bd9,OUTCOME-0163,162fd69cd74c8e3f1f06ce6bb5fec631f657a623f060862dbcc70a39fc026e96,3,2021 Lice Freee!_6ozPOP R2a,True,0.07643753142004626,1,2021 Lice Freee!_6ozPOP R2a,True,HOLD,2021 Lice Freee!_6ozPOP R2a,True,HOLD,CORRECT,BOTH_CORRECT,UNREVIEWED,UNREVIEWED,Numerical classification only; no blind human review performed
H593-4c47eaead5712c9295001ec4,OUTCOME-0164,162fd69cd74c8e3f1f06ce6bb5fec631f657a623f060862dbcc70a39fc026e96,3,2021 Lice Freee!_6ozPOP R2a,True,0.025929635124152084,2,2021 Lice Freee!_6ozPOP R2a,True,HOLD,2021 Lice Freee!_6ozPOP R2a,True,HOLD,CORRECT,BOTH_CORRECT,UNREVIEWED,UNREVIEWED,Numerical classification only; no blind human review performed
H593-f8eff39159581996e9ea4e6c,OUTCOME-0165,162fd69cd74c8e3f1f06ce6bb5fec631f657a623f060862dbcc70a39fc026e96,3,2021 Lice Freee!_6ozPOP R2a,True,0.12193062965105451,1,2021 Lice Freee!_6ozPOP R2a,True,HOLD,2021 Lice Freee!_6ozPOP R2a,True,HOLD,CORRECT,BOTH_CORRECT,UNREVIEWED,UNREVIEWED,Numerical classification only; no blind human review performed
H593-2fa24ad21b4ed56f150b2b7a,OUTCOME-0166,162fd69cd74c8e3f1f06ce6bb5fec631f657a623f060862dbcc70a39fc026e96,3,2021 Lice Freee!_6ozPOP R2a,True,0.1834983733020586,1,2021 Lice Freee!_6ozPOP R2a,True,HOLD,2021 Lice Freee!_6ozPOP R2a,True,HOLD,CORRECT,BOTH_CORRECT,UNREVIEWED,UNREVIEWED,Numerical classification only; no blind human review performed
H593-9f91daf2068d31d6a3605a12,OUTCOME-0167,162fd69cd74c8e3f1f06ce6bb5fec631f657a623f060862dbcc70a39fc026e96,3,2021 Lice Freee!_6ozPOP R2a,True,0.12657274576616323,1,2021 Lice Freee!_6ozPOP R2a,True,HOLD,2021 Lice Freee!_6ozPOP R2a,True,HOLD,CORRECT,BOTH_CORRECT,UNREVIEWED,UNREVIEWED,Numerical classification only; no blind human review performed
H593-bd50369106a00a7162abcff8,OUTCOME-0168,162fd69cd74c8e3f1f06ce6bb5fec631f657a623f060862dbcc70a39fc026e96,3,2021 Lice Freee!_6ozPOP R2a,True,0.12901369330076157,1,2021 Lice Freee!_6ozPOP R2a,True,HOLD,2021 Lice Freee!_6ozPOP R2a,True,HOLD,CORRECT,BOTH_CORRECT,UNREVIEWED,UNREVIEWED,Numerical classification only; no blind human review performed
H593-b2399473327834cc8a1530cb,OUTCOME-0169,162fd69cd74c8e3f1f06ce6bb5fec631f657a623f060862dbcc70a39fc026e96,3,2021 Lice Freee!_6ozPOP R2a,True,0.1298171592486211,1,2021 Lice Freee!_6ozPOP R2a,True,HOLD,2021 Lice Freee!_6ozPOP R2a,True,HOLD,CORRECT,BOTH_CORRECT,UNREVIEWED,UNREVIEWED,Numerical classification only; no blind human review performed
H593-a487586dad789825a5e5de7e,OUTCOME-0170,162fd69cd74c8e3f1f06ce6bb5fec631f657a623f060862dbcc70a39fc026e96,3,2021 Lice Freee!_6ozPOP R2a,True,0.10659298954177068,1,2021 Lice Freee!_6ozPOP R2a,True,SWITCH,2021 Lice Freee!_6ozPOP R2a,True,SWITCH,CORRECT,BOTH_CORRECT,UNREVIEWED,UNREVIEWED,Numerical classification only; no blind human review performed
H593-9f8dd01155f74649239042a7,OUTCOME-0171,162fd69cd74c8e3f1f06ce6bb5fec631f657a623f060862dbcc70a39fc026e96,3,2021 Lice Freee!_6ozPOP R2a,True,0.05623955500985711,1,2021 Lice Freee!_6ozPOP R2a,True,HOLD,2021 Lice Freee!_6ozPOP R2a,True,HOLD,CORRECT,BOTH_CORRECT,UNREVIEWED,UNREVIEWED,Numerical classification only; no blind human review performed
H593-a2df01b6d16cae1702ebe6de,OUTCOME-0172,162fd69cd74c8e3f1f06ce6bb5fec631f657a623f060862dbcc70a39fc026e96,3,2021 Lice Freee!_6ozPOP R2a,False,,,Box-71870-104-01,False,HOLD,Box-71870-104-01,False,HOLD,TARGET_ABSENT,BOTH_WRONG,UNREVIEWED,UNREVIEWED,Numerical classification only; no blind human review performed
H593-f3c20abac3dd184a86c429a0,OUTCOME-0173,162fd69cd74c8e3f1f06ce6bb5fec631f657a623f060862dbcc70a39fc026e96,3,2021 Lice Freee!_6ozPOP R2a,True,0.11589163583814031,1,2021 Lice Freee!_6ozPOP R2a,True,HOLD,2021 Lice Freee!_6ozPOP R2a,True,HOLD,CORRECT,BOTH_CORRECT,UNREVIEWED,UNREVIEWED,Numerical classification only; no blind human review performed
H593-22df23c2ff5577aea691a22b,OUTCOME-0174,162fd69cd74c8e3f1f06ce6bb5fec631f657a623f060862dbcc70a39fc026e96,3,2021 Lice Freee!_6ozPOP R2a,True,0.1382145389927296,1,2021 Lice Freee!_6ozPOP R2a,True,HOLD,2021 Lice Freee!_6ozPOP R2a,True,HOLD,CORRECT,BOTH_CORRECT,UNREVIEWED,UNREVIEWED,Numerical classification only; no blind human review performed
H593-45b44a0e21c38fc764d3bda3,OUTCOME-0180,90ac003cd2a364358615609849057610d2455409fc699f86928b73f0f88a0f8c,0,20230531134258,True,0.34664784597845655,1,20230531134258,True,HOLD,20230531134258,True,HOLD,CORRECT,BOTH_CORRECT,UNREVIEWED,UNREVIEWED,Numerical classification only; no blind human review performed
H593-a04fed19b50c1df3dfaa07e3,OUTCOME-0196,f90fb756794a5ae5c68d05c56cb486456e64d83f751a66bbf1ddae3fcb43bb13,3,300000538_R-00_Final,True,0.1389363615303763,1,300000538_R-00_Final,True,HOLD,300000538_R-00_Final,True,HOLD,CORRECT,BOTH_CORRECT,UNREVIEWED,UNREVIEWED,Numerical classification only; no blind human review performed
H593-57dba7774ff1e1399e0d181e,OUTCOME-0197,f90fb756794a5ae5c68d05c56cb486456e64d83f751a66bbf1ddae3fcb43bb13,3,300000538_R-00_Final,True,0.13772079093612924,1,300000538_R-00_Final,True,HOLD,300000538_R-00_Final,True,HOLD,CORRECT,BOTH_CORRECT,UNREVIEWED,UNREVIEWED,Numerical classification only; no blind human review performed
H593-2b74b8c201be8b599627fefc,OUTCOME-0198,f90fb756794a5ae5c68d05c56cb486456e64d83f751a66bbf1ddae3fcb43bb13,3,300000538_R-00_Final,False,,,F109101HTE_R1,False,HOLD,F109101HTE_R1,False,HOLD,TARGET_ABSENT,BOTH_WRONG,UNREVIEWED,UNREVIEWED,Numerical classification only; no blind human review performed
H593-8f8d5f7b173a9997dbb55c20,OUTCOME-0199,f90fb756794a5ae5c68d05c56cb486456e64d83f751a66bbf1ddae3fcb43bb13,3,300000538_R-00_Final,False,,,Tatcha 50 ML Back Panel,False,HOLD,Tatcha 50 ML Back Panel,False,HOLD,TARGET_ABSENT,BOTH_WRONG,UNREVIEWED,UNREVIEWED,Numerical classification only; no blind human review performed
H593-e745d1315c4f8a09abbb528a,OUTCOME-0200,f90fb756794a5ae5c68d05c56cb486456e64d83f751a66bbf1ddae3fcb43bb13,3,300000538_R-00_Final,True,0.14969240053523705,1,300000538_R-00_Final,True,HOLD,300000538_R-00_Final,True,HOLD,CORRECT,BOTH_CORRECT,UNREVIEWED,UNREVIEWED,Numerical classification only; no blind human review performed
H593-8285fd5984e94e029faac844,OUTCOME-0201,f90fb756794a5ae5c68d05c56cb486456e64d83f751a66bbf1ddae3fcb43bb13,3,300000538_R-00_Final,True,0.01638667583487006,27,300000538_R-00_Final,True,HOLD,300000538_R-00_Final,True,HOLD,CORRECT,BOTH_CORRECT,UNREVIEWED,UNREVIEWED,Numerical classification only; no blind human review performed
H593-7d06b1868b0027825f88ef1c,OUTCOME-0202,f90fb756794a5ae5c68d05c56cb486456e64d83f751a66bbf1ddae3fcb43bb13,3,300000538_R-00_Final,True,0.04852434341803522,1,300000538_R-00_Final,True,SWITCH,300000538_R-00_Final,True,SWITCH,CORRECT,BOTH_CORRECT,UNREVIEWED,UNREVIEWED,Numerical classification only; no blind human review performed
H593-5f0b1cc082bf69f4270e53f3,OUTCOME-0203,f90fb756794a5ae5c68d05c56cb486456e64d83f751a66bbf1ddae3fcb43bb13,3,300000538_R-00_Final,False,,,Midol Complete Caffeine Free 24ct Carton,False,HOLD,(BUX0ABS1)-Back-card,False,SWITCH,TARGET_ABSENT,BOTH_WRONG,UNREVIEWED,UNREVIEWED,Numerical classification only; no blind human review performed
H593-3b68986a5abcc6bf1b6ba1b9,OUTCOME-0204,f90fb756794a5ae5c68d05c56cb486456e64d83f751a66bbf1ddae3fcb43bb13,3,300000538_R-00_Final,True,0.14534218482119327,1,300000538_R-00_Final,True,HOLD,300000538_R-00_Final,True,HOLD,CORRECT,BOTH_CORRECT,UNREVIEWED,UNREVIEWED,Numerical classification only; no blind human review performed
H593-d67beb79b7f0a02cac2b3621,OUTCOME-0205,f90fb756794a5ae5c68d05c56cb486456e64d83f751a66bbf1ddae3fcb43bb13,3,300000538_R-00_Final,False,,,Coldtac Plus DayTime 10 Softgel,False,HOLD,clotrimazole-vaginal-cream-delisted-1,False,SWITCH,TARGET_ABSENT,BOTH_WRONG,UNREVIEWED,UNREVIEWED,Numerical classification only; no blind human review performed
H593-ae4130a111482f755df6181a,OUTCOME-0206,f90fb756794a5ae5c68d05c56cb486456e64d83f751a66bbf1ddae3fcb43bb13,3,300000538_R-00_Final,True,0.008258188560357486,69,300000538_R-00_Final,True,HOLD,300000538_R-00_Final,True,HOLD,CORRECT,BOTH_CORRECT,UNREVIEWED,UNREVIEWED,Numerical classification only; no blind human review performed
H593-6a4848172c5de649fc0145cb,OUTCOME-0207,f90fb756794a5ae5c68d05c56cb486456e64d83f751a66bbf1ddae3fcb43bb13,3,300000538_R-00_Final,False,,,cold-01,False,HOLD,cold-01,False,HOLD,TARGET_ABSENT,BOTH_WRONG,UNREVIEWED,UNREVIEWED,Numerical classification only; no blind human review performed
H593-31b015a7052d7ca5255413c3,OUTCOME-0208,f90fb756794a5ae5c68d05c56cb486456e64d83f751a66bbf1ddae3fcb43bb13,3,300000538_R-00_Final,False,,,pleo-san-trich-01,False,SWITCH,pleo-san-trich-01,False,SWITCH,TARGET_ABSENT,BOTH_WRONG,UNREVIEWED,UNREVIEWED,Numerical classification only; no blind human review performed
H593-1720428a3a7802dc9dfc49e4,OUTCOME-0209,f90fb756794a5ae5c68d05c56cb486456e64d83f751a66bbf1ddae3fcb43bb13,3,300000538_R-00_Final,False,,,12_Count_Box_Outside_Revised_12_27,False,HOLD,12_Count_Box_Outside_Revised_12_27,False,HOLD,TARGET_ABSENT,BOTH_WRONG,UNREVIEWED,UNREVIEWED,Numerical classification only; no blind human review performed
H593-da02d3441b2c6b4597eeecd4,OUTCOME-0211,4307e640e3e4b993a792a0030fe96b8501fe6e1375f37fcb8115bccccdf67258,2,430984_86324016_ASP_Severe_Cld_Flu_Eff_20ct_Crtn_FDA1,True,0.01772587035756827,5,430984_86324016_ASP_Severe_Cld_Flu_Eff_20ct_Crtn_FDA1,True,HOLD,430984_86324016_ASP_Severe_Cld_Flu_Eff_20ct_Crtn_FDA1,True,HOLD,CORRECT,BOTH_CORRECT,UNREVIEWED,UNREVIEWED,Numerical classification only; no blind human review performed
H593-cd810ce4f68ec2e45cc2c736,OUTCOME-0212,4307e640e3e4b993a792a0030fe96b8501fe6e1375f37fcb8115bccccdf67258,2,430984_86324016_ASP_Severe_Cld_Flu_Eff_20ct_Crtn_FDA1,True,0.06354623605371466,1,430984_86324016_ASP_Severe_Cld_Flu_Eff_20ct_Crtn_FDA1,True,SWITCH,430984_86324016_ASP_Severe_Cld_Flu_Eff_20ct_Crtn_FDA1,True,SWITCH,CORRECT,BOTH_CORRECT,UNREVIEWED,UNREVIEWED,Numerical classification only; no blind human review performed
H593-5fe59cce1a8be38a02275a23,OUTCOME-0213,4307e640e3e4b993a792a0030fe96b8501fe6e1375f37fcb8115bccccdf67258,2,430984_86324016_ASP_Severe_Cld_Flu_Eff_20ct_Crtn_FDA1,True,0.014481127612176108,29,Claritin 12,False,HOLD,Daytime,False,SWITCH,CHALLENGER_RANKING_BLOCKED,BOTH_WRONG,UNREVIEWED,UNREVIEWED,Numerical classification only; no blind human review performed
H593-d26d0257a133ee3b7d65501b,OUTCOME-0220,4307e640e3e4b993a792a0030fe96b8501fe6e1375f37fcb8115bccccdf67258,2,430984_86324016_ASP_Severe_Cld_Flu_Eff_20ct_Crtn_FDA1,True,0.08587823197082577,1,430984_86324016_ASP_Severe_Cld_Flu_Eff_20ct_Crtn_FDA1,True,SWITCH,430984_86324016_ASP_Severe_Cld_Flu_Eff_20ct_Crtn_FDA1,True,SWITCH,CORRECT,BOTH_CORRECT,UNREVIEWED,UNREVIEWED,Numerical classification only; no blind human review performed
H593-dd30b52d4199a64c81b4976c,OUTCOME-0228,131b059227e8e198d5556d3c77a12b94efae9837ff4f020b91f223056c73465a,4,45-carton-ai,True,0.01794502718813669,3,45-carton-ai,True,HOLD,45-carton-ai,True,HOLD,CORRECT,BOTH_CORRECT,UNREVIEWED,UNREVIEWED,Numerical classification only; no blind human review performed
H593-71a8e729bc95ecbd6e4dbc1e,OUTCOME-0234,131b059227e8e198d5556d3c77a12b94efae9837ff4f020b91f223056c73465a,4,45-carton-ai,True,0.022835725997910866,3,45-carton-ai,True,HOLD,45-carton-ai,True,HOLD,CORRECT,BOTH_CORRECT,UNREVIEWED,UNREVIEWED,Numerical classification only; no blind human review performed
H593-6829310800010539ea1d94b5,OUTCOME-0237,131b059227e8e198d5556d3c77a12b94efae9837ff4f020b91f223056c73465a,4,45-carton-ai,True,0.020809936153245008,38,45-carton-ai,True,HOLD,45-carton-ai,True,HOLD,CORRECT,BOTH_CORRECT,UNREVIEWED,UNREVIEWED,Numerical classification only; no blind human review performed
H593-3907fe8991331013322a278a,OUTCOME-0240,4d5d4731b2c45171a86a8690a5b3a1819d26c3dd6226f61b0f9104c2f6f56484,2,469584,True,0.13133991924869462,1,469584,True,HOLD,469584,True,HOLD,CORRECT,BOTH_CORRECT,UNREVIEWED,UNREVIEWED,Numerical classification only; no blind human review performed
H593-49f8cacecc7b076432f500a5,OUTCOME-0241,4d5d4731b2c45171a86a8690a5b3a1819d26c3dd6226f61b0f9104c2f6f56484,2,469584,True,0.06447716880576901,1,469584,True,HOLD,469584,True,HOLD,CORRECT,BOTH_CORRECT,UNREVIEWED,UNREVIEWED,Numerical classification only; no blind human review performed
H593-5ec7687ad1569b8195a9fcd1,OUTCOME-0242,4d5d4731b2c45171a86a8690a5b3a1819d26c3dd6226f61b0f9104c2f6f56484,2,469584,True,0.08390124810402182,1,469584,True,SWITCH,469584,True,SWITCH,CORRECT,BOTH_CORRECT,UNREVIEWED,UNREVIEWED,Numerical classification only; no blind human review performed
H593-3da112eebd7cc0e1a48f3fbd,OUTCOME-0243,4d5d4731b2c45171a86a8690a5b3a1819d26c3dd6226f61b0f9104c2f6f56484,2,469584,True,0.016057258497962627,25,469584,True,HOLD,469584,True,HOLD,CORRECT,BOTH_CORRECT,UNREVIEWED,UNREVIEWED,Numerical classification only; no blind human review performed
H593-87ac2a4b8bc60542af7bf709,OUTCOME-0244,4d5d4731b2c45171a86a8690a5b3a1819d26c3dd6226f61b0f9104c2f6f56484,2,469584,True,0.04073250141621217,1,469584,True,HOLD,469584,True,HOLD,CORRECT,BOTH_CORRECT,UNREVIEWED,UNREVIEWED,Numerical classification only; no blind human review performed
H593-156bfb4a63653eec1f65ecda,OUTCOME-0245,4d5d4731b2c45171a86a8690a5b3a1819d26c3dd6226f61b0f9104c2f6f56484,2,469584,True,0.07800896646406705,2,469584,True,HOLD,469584,True,HOLD,CORRECT,BOTH_CORRECT,UNREVIEWED,UNREVIEWED,Numerical classification only; no blind human review performed
H593-7d8b07a3d2656655a4aca7bb,OUTCOME-0246,4d5d4731b2c45171a86a8690a5b3a1819d26c3dd6226f61b0f9104c2f6f56484,2,469584,True,0.027612732419982664,2,469584,True,HOLD,469584,True,HOLD,CORRECT,BOTH_CORRECT,UNREVIEWED,UNREVIEWED,Numerical classification only; no blind human review performed
H593-4b9c8b2d75262b752ef8d7bd,OUTCOME-0247,4d5d4731b2c45171a86a8690a5b3a1819d26c3dd6226f61b0f9104c2f6f56484,2,469584,True,0.21707656523263258,1,469584,True,HOLD,469584,True,HOLD,CORRECT,BOTH_CORRECT,UNREVIEWED,UNREVIEWED,Numerical classification only; no blind human review performed
H593-b268a4269d5d61a6e2bbec90,OUTCOME-0248,4d5d4731b2c45171a86a8690a5b3a1819d26c3dd6226f61b0f9104c2f6f56484,2,469584,True,0.17411956177342094,1,469584,True,HOLD,469584,True,HOLD,CORRECT,BOTH_CORRECT,UNREVIEWED,UNREVIEWED,Numerical classification only; no blind human review performed
H593-03168677fa508c139372f0ed,OUTCOME-0249,4d5d4731b2c45171a86a8690a5b3a1819d26c3dd6226f61b0f9104c2f6f56484,2,469584,True,0.15614557364221765,1,469584,True,HOLD,469584,True,HOLD,CORRECT,BOTH_CORRECT,UNREVIEWED,UNREVIEWED,Numerical classification only; no blind human review performed
H593-ebe004fac3a869155a17eaca,OUTCOME-0250,4d5d4731b2c45171a86a8690a5b3a1819d26c3dd6226f61b0f9104c2f6f56484,2,469584,True,0.11028332959343559,1,469584,True,HOLD,469584,True,HOLD,CORRECT,BOTH_CORRECT,UNREVIEWED,UNREVIEWED,Numerical classification only; no blind human review performed
H593-c0907e99c1c23fe8e8a6b1a3,OUTCOME-0251,4d5d4731b2c45171a86a8690a5b3a1819d26c3dd6226f61b0f9104c2f6f56484,2,469584,True,0.21141289578701186,1,469584,True,HOLD,469584,True,HOLD,CORRECT,BOTH_CORRECT,UNREVIEWED,UNREVIEWED,Numerical classification only; no blind human review performed
H593-36d9c0f4cf68321ee5636b42,OUTCOME-0252,4d5d4731b2c45171a86a8690a5b3a1819d26c3dd6226f61b0f9104c2f6f56484,2,469584,True,0.19420894301065036,1,469584,True,SWITCH,469584,True,SWITCH,CORRECT,BOTH_CORRECT,UNREVIEWED,UNREVIEWED,Numerical classification only; no blind human review performed
H593-0de8c65af51ef20333889d71,OUTCOME-0253,4d5d4731b2c45171a86a8690a5b3a1819d26c3dd6226f61b0f9104c2f6f56484,2,469584,True,0.06354679574318235,5,469584,True,HOLD,469584,True,HOLD,CORRECT,BOTH_CORRECT,UNREVIEWED,UNREVIEWED,Numerical classification only; no blind human review performed
H593-097dd2637a0f46ccbfb61ff4,OUTCOME-0254,4d5d4731b2c45171a86a8690a5b3a1819d26c3dd6226f61b0f9104c2f6f56484,2,469584,True,0.0895803666639705,1,469584,True,HOLD,469584,True,HOLD,CORRECT,BOTH_CORRECT,UNREVIEWED,UNREVIEWED,Numerical classification only; no blind human review performed
H593-ce6c88b1a0e4cf5238d2af56,OUTCOME-0255,4d5d4731b2c45171a86a8690a5b3a1819d26c3dd6226f61b0f9104c2f6f56484,2,469584,True,0.013974608756875475,64,469584,True,HOLD,469584,True,HOLD,CORRECT,BOTH_CORRECT,UNREVIEWED,UNREVIEWED,Numerical classification only; no blind human review performed
H593-5ead089e93e3fef6a60f6016,OUTCOME-0256,4d5d4731b2c45171a86a8690a5b3a1819d26c3dd6226f61b0f9104c2f6f56484,2,469584,True,0.2065603712663786,1,469584,True,HOLD,469584,True,HOLD,CORRECT,BOTH_CORRECT,UNREVIEWED,UNREVIEWED,Numerical classification only; no blind human review performed
H593-335401c2797674933672eb63,OUTCOME-0257,4d5d4731b2c45171a86a8690a5b3a1819d26c3dd6226f61b0f9104c2f6f56484,2,469584,True,0.2031121232320863,1,469584,True,HOLD,469584,True,HOLD,CORRECT,BOTH_CORRECT,UNREVIEWED,UNREVIEWED,Numerical classification only; no blind human review performed
H593-c1e87208ec64f28d13f80f11,OUTCOME-0258,d39c757e2a4c76e8e9403fd84708b3c233de7ca0b40197f435ceb3a48272b73f,3,4_Kids_Oral_Pain_Relief,True,0.11587803932996413,1,4_Kids_Oral_Pain_Relief,True,HOLD,4_Kids_Oral_Pain_Relief,True,HOLD,CORRECT,BOTH_CORRECT,UNREVIEWED,UNREVIEWED,Numerical classification only; no blind human review performed
H593-dcefc56c2ddbfcd758644177,OUTCOME-0259,d39c757e2a4c76e8e9403fd84708b3c233de7ca0b40197f435ceb3a48272b73f,3,4_Kids_Oral_Pain_Relief,True,0.005543701252320731,115,4_Kids_Oral_Pain_Relief,True,HOLD,4_Kids_Oral_Pain_Relief,True,HOLD,CORRECT,BOTH_CORRECT,UNREVIEWED,UNREVIEWED,Numerical classification only; no blind human review performed
H593-3f7b7d3d52a024fd546a40d6,OUTCOME-0260,d39c757e2a4c76e8e9403fd84708b3c233de7ca0b40197f435ceb3a48272b73f,3,4_Kids_Oral_Pain_Relief,True,0.15342081421225584,1,4_Kids_Oral_Pain_Relief,True,HOLD,4_Kids_Oral_Pain_Relief,True,HOLD,CORRECT,BOTH_CORRECT,UNREVIEWED,UNREVIEWED,Numerical classification only; no blind human review performed
H593-505241b0686c5828ac2cea63,OUTCOME-0261,d39c757e2a4c76e8e9403fd84708b3c233de7ca0b40197f435ceb3a48272b73f,3,4_Kids_Oral_Pain_Relief,True,0.05126028399870921,1,4_Kids_Oral_Pain_Relief,True,HOLD,4_Kids_Oral_Pain_Relief,True,HOLD,CORRECT,BOTH_CORRECT,UNREVIEWED,UNREVIEWED,Numerical classification only; no blind human review performed
H593-0ac0e839567fe775450fa642,OUTCOME-0262,d39c757e2a4c76e8e9403fd84708b3c233de7ca0b40197f435ceb3a48272b73f,3,4_Kids_Oral_Pain_Relief,True,0.18430714092883943,1,4_Kids_Oral_Pain_Relief,True,HOLD,4_Kids_Oral_Pain_Relief,True,HOLD,CORRECT,BOTH_CORRECT,UNREVIEWED,UNREVIEWED,Numerical classification only; no blind human review performed
H593-657b8fd68285cbf2a58e2cd2,OUTCOME-0263,d39c757e2a4c76e8e9403fd84708b3c233de7ca0b40197f435ceb3a48272b73f,3,4_Kids_Oral_Pain_Relief,True,0.08549383079320927,1,4_Kids_Oral_Pain_Relief,True,HOLD,4_Kids_Oral_Pain_Relief,True,HOLD,CORRECT,BOTH_CORRECT,UNREVIEWED,UNREVIEWED,Numerical classification only; no blind human review performed
H593-2e44547e6a7fb1f39cc27d3a,OUTCOME-0264,d39c757e2a4c76e8e9403fd84708b3c233de7ca0b40197f435ceb3a48272b73f,3,4_Kids_Oral_Pain_Relief,True,0.22742948181630412,1,4_Kids_Oral_Pain_Relief,True,HOLD,4_Kids_Oral_Pain_Relief,True,HOLD,CORRECT,BOTH_CORRECT,UNREVIEWED,UNREVIEWED,Numerical classification only; no blind human review performed
H593-ab800bcb6b260c64833c792c,OUTCOME-0265,d39c757e2a4c76e8e9403fd84708b3c233de7ca0b40197f435ceb3a48272b73f,3,4_Kids_Oral_Pain_Relief,True,0.22970302333903855,1,4_Kids_Oral_Pain_Relief,True,HOLD,4_Kids_Oral_Pain_Relief,True,HOLD,CORRECT,BOTH_CORRECT,UNREVIEWED,UNREVIEWED,Numerical classification only; no blind human review performed
H593-4b21f0164b2aae1b748917d5,OUTCOME-0266,d39c757e2a4c76e8e9403fd84708b3c233de7ca0b40197f435ceb3a48272b73f,3,4_Kids_Oral_Pain_Relief,True,0.09494258218882246,1,4_Kids_Oral_Pain_Relief,True,HOLD,4_Kids_Oral_Pain_Relief,True,HOLD,CORRECT,BOTH_CORRECT,UNREVIEWED,UNREVIEWED,Numerical classification only; no blind human review performed
H593-2822f2513c87ee22a59ce51b,OUTCOME-0267,d39c757e2a4c76e8e9403fd84708b3c233de7ca0b40197f435ceb3a48272b73f,3,4_Kids_Oral_Pain_Relief,True,0.184250593824449,1,4_Kids_Oral_Pain_Relief,True,HOLD,4_Kids_Oral_Pain_Relief,True,HOLD,CORRECT,BOTH_CORRECT,UNREVIEWED,UNREVIEWED,Numerical classification only; no blind human review performed
H593-b890a8f09b0dc93ce3a6ec7c,OUTCOME-0268,d39c757e2a4c76e8e9403fd84708b3c233de7ca0b40197f435ceb3a48272b73f,3,4_Kids_Oral_Pain_Relief,True,0.06291518560759524,1,4_Kids_Oral_Pain_Relief,True,HOLD,4_Kids_Oral_Pain_Relief,True,HOLD,CORRECT,BOTH_CORRECT,UNREVIEWED,UNREVIEWED,Numerical classification only; no blind human review performed
H593-3202e8cf83300e822008d3d1,OUTCOME-0269,c36d84d6c8d54c84a5f0b431f53eb8775569f16793018d5e6c57459cf8e20e49,4,5fe0ce14-bc11-4b43-b002-7efdca0d3003-04,True,0.1413536962887677,1,5fe0ce14-bc11-4b43-b002-7efdca0d3003-04,True,HOLD,5fe0ce14-bc11-4b43-b002-7efdca0d3003-04,True,HOLD,CORRECT,BOTH_CORRECT,UNREVIEWED,UNREVIEWED,Numerical classification only; no blind human review performed
H593-c27cc5698d114b2e38e732d1,OUTCOME-0270,c36d84d6c8d54c84a5f0b431f53eb8775569f16793018d5e6c57459cf8e20e49,4,5fe0ce14-bc11-4b43-b002-7efdca0d3003-04,True,0.017118854405031872,44,64f608b7-ad43-4395-b806-d4216175c8d3-02,False,HOLD,64f608b7-ad43-4395-b806-d4216175c8d3-02,False,HOLD,TARGET_TOP_BUT_HOLD,BOTH_WRONG,UNREVIEWED,UNREVIEWED,Numerical classification only; no blind human review performed
H593-3c6e9826d4aaa5c8c18ee68d,OUTCOME-0271,c36d84d6c8d54c84a5f0b431f53eb8775569f16793018d5e6c57459cf8e20e49,4,5fe0ce14-bc11-4b43-b002-7efdca0d3003-04,True,0.010299106580231338,61,64f608b7-ad43-4395-b806-d4216175c8d3-02,False,HOLD,64f608b7-ad43-4395-b806-d4216175c8d3-02,False,HOLD,TARGET_TOP_BUT_HOLD,BOTH_WRONG,UNREVIEWED,UNREVIEWED,Numerical classification only; no blind human review performed
H593-619260cce074655fc8b3b2ce,OUTCOME-0272,c36d84d6c8d54c84a5f0b431f53eb8775569f16793018d5e6c57459cf8e20e49,4,5fe0ce14-bc11-4b43-b002-7efdca0d3003-04,True,0.04847803455575312,1,5fe0ce14-bc11-4b43-b002-7efdca0d3003-04,True,HOLD,5fe0ce14-bc11-4b43-b002-7efdca0d3003-04,True,HOLD,CORRECT,BOTH_CORRECT,UNREVIEWED,UNREVIEWED,Numerical classification only; no blind human review performed
H593-514ffff2eed103b274b1a789,OUTCOME-0273,c36d84d6c8d54c84a5f0b431f53eb8775569f16793018d5e6c57459cf8e20e49,4,5fe0ce14-bc11-4b43-b002-7efdca0d3003-04,False,,,cushion carton,False,SWITCH,cushion carton,False,SWITCH,TARGET_ABSENT,BOTH_WRONG,UNREVIEWED,UNREVIEWED,Numerical classification only; no blind human review performed
H593-764058385070ed8371885b31,OUTCOME-0274,c36d84d6c8d54c84a5f0b431f53eb8775569f16793018d5e6c57459cf8e20e49,4,5fe0ce14-bc11-4b43-b002-7efdca0d3003-04,False,,,anacell 2 carton,False,HOLD,anacell 2 carton,False,HOLD,TARGET_ABSENT,BOTH_WRONG,UNREVIEWED,UNREVIEWED,Numerical classification only; no blind human review performed
H593-6a41937f82d722c1bd11db83,OUTCOME-0275,c36d84d6c8d54c84a5f0b431f53eb8775569f16793018d5e6c57459cf8e20e49,4,5fe0ce14-bc11-4b43-b002-7efdca0d3003-04,True,0.020278834907990564,26,5fe0ce14-bc11-4b43-b002-7efdca0d3003-04,True,HOLD,5fe0ce14-bc11-4b43-b002-7efdca0d3003-04,True,HOLD,CORRECT,BOTH_CORRECT,UNREVIEWED,UNREVIEWED,Numerical classification only; no blind human review performed
H593-2b13d777bd87f808044a7852,OUTCOME-0276,c36d84d6c8d54c84a5f0b431f53eb8775569f16793018d5e6c57459cf8e20e49,4,5fe0ce14-bc11-4b43-b002-7efdca0d3003-04,True,0.08877204965104922,1,5fe0ce14-bc11-4b43-b002-7efdca0d3003-04,True,HOLD,5fe0ce14-bc11-4b43-b002-7efdca0d3003-04,True,HOLD,CORRECT,BOTH_CORRECT,UNREVIEWED,UNREVIEWED,Numerical classification only; no blind human review performed
H593-bcc28cdb9788352cc4129ed5,OUTCOME-0277,c36d84d6c8d54c84a5f0b431f53eb8775569f16793018d5e6c57459cf8e20e49,4,5fe0ce14-bc11-4b43-b002-7efdca0d3003-04,True,0.1708671828296361,1,5fe0ce14-bc11-4b43-b002-7efdca0d3003-04,True,HOLD,5fe0ce14-bc11-4b43-b002-7efdca0d3003-04,True,HOLD,CORRECT,BOTH_CORRECT,UNREVIEWED,UNREVIEWED,Numerical classification only; no blind human review performed
H593-1533c32a07d745928239de77,OUTCOME-0278,c36d84d6c8d54c84a5f0b431f53eb8775569f16793018d5e6c57459cf8e20e49,4,5fe0ce14-bc11-4b43-b002-7efdca0d3003-04,True,0.017917772663750272,48,flublok-08,False,HOLD,flublok-08,False,HOLD,TARGET_TOP_BUT_HOLD,BOTH_WRONG,UNREVIEWED,UNREVIEWED,Numerical classification only; no blind human review performed
H593-78915e402bcb9f1d844cc49f,OUTCOME-0279,c36d84d6c8d54c84a5f0b431f53eb8775569f16793018d5e6c57459cf8e20e49,4,5fe0ce14-bc11-4b43-b002-7efdca0d3003-04,True,0.023829585411443883,57,5fe0ce14-bc11-4b43-b002-7efdca0d3003-04,True,HOLD,5fe0ce14-bc11-4b43-b002-7efdca0d3003-04,True,HOLD,CORRECT,BOTH_CORRECT,UNREVIEWED,UNREVIEWED,Numerical classification only; no blind human review performed
H593-ffb122cdce092c8a0ed03d4b,OUTCOME-0280,c36d84d6c8d54c84a5f0b431f53eb8775569f16793018d5e6c57459cf8e20e49,4,5fe0ce14-bc11-4b43-b002-7efdca0d3003-04,True,0.025528806165360154,61,5fe0ce14-bc11-4b43-b002-7efdca0d3003-04,True,HOLD,5fe0ce14-bc11-4b43-b002-7efdca0d3003-04,True,HOLD,CORRECT,BOTH_CORRECT,UNREVIEWED,UNREVIEWED,Numerical classification only; no blind human review performed
H593-d738b62fe4ce9ca980d24764,OUTCOME-0281,c36d84d6c8d54c84a5f0b431f53eb8775569f16793018d5e6c57459cf8e20e49,4,5fe0ce14-bc11-4b43-b002-7efdca0d3003-04,False,,,ART-SP10764,False,HOLD,Bottle9,False,SWITCH,TARGET_ABSENT,BOTH_WRONG,UNREVIEWED,UNREVIEWED,Numerical classification only; no blind human review performed
H593-021e62b31ffbd6d351d13e91,OUTCOME-0282,c36d84d6c8d54c84a5f0b431f53eb8775569f16793018d5e6c57459cf8e20e49,4,5fe0ce14-bc11-4b43-b002-7efdca0d3003-04,False,,,anacell 2 carton,False,HOLD,Box-02,False,SWITCH,TARGET_ABSENT,BOTH_WRONG,UNREVIEWED,UNREVIEWED,Numerical classification only; no blind human review performed
H593-e99d58a3d13a742bf663ba50,OUTCOME-0283,c36d84d6c8d54c84a5f0b431f53eb8775569f16793018d5e6c57459cf8e20e49,4,5fe0ce14-bc11-4b43-b002-7efdca0d3003-04,True,0.014549908075887918,18,5fe0ce14-bc11-4b43-b002-7efdca0d3003-04,True,HOLD,5fe0ce14-bc11-4b43-b002-7efdca0d3003-04,True,HOLD,CORRECT,BOTH_CORRECT,UNREVIEWED,UNREVIEWED,Numerical classification only; no blind human review performed
H593-4c9f0e3ae6ac7d842dede29d,OUTCOME-0284,c36d84d6c8d54c84a5f0b431f53eb8775569f16793018d5e6c57459cf8e20e49,4,5fe0ce14-bc11-4b43-b002-7efdca0d3003-04,True,0.15559862590136386,1,5fe0ce14-bc11-4b43-b002-7efdca0d3003-04,True,HOLD,5fe0ce14-bc11-4b43-b002-7efdca0d3003-04,True,HOLD,CORRECT,BOTH_CORRECT,UNREVIEWED,UNREVIEWED,Numerical classification only; no blind human review performed
H593-6b6f28c3059152ad0505c08d,OUTCOME-0285,c36d84d6c8d54c84a5f0b431f53eb8775569f16793018d5e6c57459cf8e20e49,4,5fe0ce14-bc11-4b43-b002-7efdca0d3003-04,True,0.1294142228700359,1,5fe0ce14-bc11-4b43-b002-7efdca0d3003-04,True,HOLD,5fe0ce14-bc11-4b43-b002-7efdca0d3003-04,True,HOLD,CORRECT,BOTH_CORRECT,UNREVIEWED,UNREVIEWED,Numerical classification only; no blind human review performed
H593-8de398eccd35d2516c677aaa,OUTCOME-0287,4a0922400b8dd80a6d357c67cf3585d8c5a63b87415f063eab4e2dd7a5643fae,1,60mg carton,True,0.02453618852737858,10,60mg carton,True,HOLD,60mg carton,True,HOLD,CORRECT,BOTH_CORRECT,UNREVIEWED,UNREVIEWED,Numerical classification only; no blind human review performed
H593-5d3f5a51f35755fb8b50d72a,OUTCOME-0291,4a0922400b8dd80a6d357c67cf3585d8c5a63b87415f063eab4e2dd7a5643fae,1,60mg carton,True,0.022827443826407032,3,60mg carton,True,HOLD,60mg carton,True,HOLD,CORRECT,BOTH_CORRECT,UNREVIEWED,UNREVIEWED,Numerical classification only; no blind human review performed
H593-8f096c4d02544b0511563036,OUTCOME-0292,4a0922400b8dd80a6d357c67cf3585d8c5a63b87415f063eab4e2dd7a5643fae,1,60mg carton,True,0.05362438645372574,1,60mg carton,True,HOLD,60mg carton,True,HOLD,CORRECT,BOTH_CORRECT,UNREVIEWED,UNREVIEWED,Numerical classification only; no blind human review performed
H593-2799023fa51eeb3333651a78,OUTCOME-0302,69e8433234f6613d539957d8cd900a9503c3e7bceb31e12adec7cfa0adc6368b,0,6941714017-1,True,0.0195524271030244,3,6941714017-1,True,HOLD,6941714017-1,True,HOLD,CORRECT,BOTH_CORRECT,UNREVIEWED,UNREVIEWED,Numerical classification only; no blind human review performed
H593-1a93fb96ae91549c4629e69e,OUTCOME-0303,69e8433234f6613d539957d8cd900a9503c3e7bceb31e12adec7cfa0adc6368b,0,6941714017-1,True,0.04345544285751455,2,6941714017-1,True,HOLD,6941714017-1,True,HOLD,CORRECT,BOTH_CORRECT,UNREVIEWED,UNREVIEWED,Numerical classification only; no blind human review performed
H593-bb4431f14238909d56f4f6f2,OUTCOME-0304,69e8433234f6613d539957d8cd900a9503c3e7bceb31e12adec7cfa0adc6368b,0,6941714017-1,True,0.04090838637194585,3,6941714017-1,True,HOLD,6941714017-1,True,HOLD,CORRECT,BOTH_CORRECT,UNREVIEWED,UNREVIEWED,Numerical classification only; no blind human review performed
H593-a3e7d6500b6b7e33262f9143,OUTCOME-0305,69e8433234f6613d539957d8cd900a9503c3e7bceb31e12adec7cfa0adc6368b,0,6941714017-1,True,0.05016579496039868,1,6941714017-1,True,HOLD,6941714017-1,True,HOLD,CORRECT,BOTH_CORRECT,UNREVIEWED,UNREVIEWED,Numerical classification only; no blind human review performed
H593-a0d714dbbee06d9907f4d20e,OUTCOME-0306,69e8433234f6613d539957d8cd900a9503c3e7bceb31e12adec7cfa0adc6368b,0,6941714017-1,True,0.019820027610134933,4,6941714017-1,True,HOLD,6941714017-1,True,HOLD,CORRECT,BOTH_CORRECT,UNREVIEWED,UNREVIEWED,Numerical classification only; no blind human review performed
H593-1608d9630ec3a84e25e593bc,OUTCOME-0307,69e8433234f6613d539957d8cd900a9503c3e7bceb31e12adec7cfa0adc6368b,0,6941714017-1,True,0.06705325839034511,1,6941714017-1,True,SWITCH,6941714017-1,True,SWITCH,CORRECT,BOTH_CORRECT,UNREVIEWED,UNREVIEWED,Numerical classification only; no blind human review performed
H593-9bb742601df8e97873473bfd,OUTCOME-0308,69e8433234f6613d539957d8cd900a9503c3e7bceb31e12adec7cfa0adc6368b,0,6941714017-1,True,0.1044413531877426,1,6941714017-1,True,HOLD,6941714017-1,True,HOLD,CORRECT,BOTH_CORRECT,UNREVIEWED,UNREVIEWED,Numerical classification only; no blind human review performed
H593-68c0678826661b7d2a038ac8,OUTCOME-0309,69e8433234f6613d539957d8cd900a9503c3e7bceb31e12adec7cfa0adc6368b,0,6941714017-1,True,0.10095815953899263,1,6941714017-1,True,HOLD,6941714017-1,True,HOLD,CORRECT,BOTH_CORRECT,UNREVIEWED,UNREVIEWED,Numerical classification only; no blind human review performed
H593-0a87021a30d8b6a9de32f2b3,OUTCOME-0310,69e8433234f6613d539957d8cd900a9503c3e7bceb31e12adec7cfa0adc6368b,0,6941714017-1,True,0.031572267799416985,1,6941714017-1,True,HOLD,6941714017-1,True,HOLD,CORRECT,BOTH_CORRECT,UNREVIEWED,UNREVIEWED,Numerical classification only; no blind human review performed
H593-2a09bc7ee67cc38fba44400e,OUTCOME-0311,69e8433234f6613d539957d8cd900a9503c3e7bceb31e12adec7cfa0adc6368b,0,6941714017-1,True,0.0859627411651401,1,6941714017-1,True,HOLD,6941714017-1,True,HOLD,CORRECT,BOTH_CORRECT,UNREVIEWED,UNREVIEWED,Numerical classification only; no blind human review performed
H593-85ad4b95b4f6fc8b44843023,OUTCOME-0312,69e8433234f6613d539957d8cd900a9503c3e7bceb31e12adec7cfa0adc6368b,0,6941714017-1,True,0.10157895641942022,1,6941714017-1,True,HOLD,6941714017-1,True,HOLD,CORRECT,BOTH_CORRECT,UNREVIEWED,UNREVIEWED,Numerical classification only; no blind human review performed
H593-83c5074ae46b2bcd08002e11,OUTCOME-0313,69e8433234f6613d539957d8cd900a9503c3e7bceb31e12adec7cfa0adc6368b,0,6941714017-1,True,0.08482240119301963,1,6941714017-1,True,HOLD,6941714017-1,True,HOLD,CORRECT,BOTH_CORRECT,UNREVIEWED,UNREVIEWED,Numerical classification only; no blind human review performed
H593-ebb0e74799ca19a69c13cbe6,OUTCOME-0314,69e8433234f6613d539957d8cd900a9503c3e7bceb31e12adec7cfa0adc6368b,0,6941714017-1,True,0.05176795209442902,2,6941714017-1,True,SWITCH,6941714017-1,True,SWITCH,CORRECT,BOTH_CORRECT,UNREVIEWED,UNREVIEWED,Numerical classification only; no blind human review performed
H593-ff4f96d84bf1c9b62000723b,OUTCOME-0315,69e8433234f6613d539957d8cd900a9503c3e7bceb31e12adec7cfa0adc6368b,0,6941714017-1,True,0.11757828937997135,1,6941714017-1,True,HOLD,6941714017-1,True,HOLD,CORRECT,BOTH_CORRECT,UNREVIEWED,UNREVIEWED,Numerical classification only; no blind human review performed
H593-4edbbd8a5f9a75ce2559d49d,OUTCOME-0316,69e8433234f6613d539957d8cd900a9503c3e7bceb31e12adec7cfa0adc6368b,0,6941714017-1,True,0.1204375060916879,1,6941714017-1,True,SWITCH,6941714017-1,True,SWITCH,CORRECT,BOTH_CORRECT,UNREVIEWED,UNREVIEWED,Numerical classification only; no blind human review performed
H593-ea6da1ea39a3b6c4df654b68,OUTCOME-0317,27398dad6e577a6cdc7867303a9c586cdf14f835803381e1ac3586b1bec33c43,0,75 100s carton,True,0.02968147877401052,4,75 100s carton,True,HOLD,75 100s carton,True,HOLD,CORRECT,BOTH_CORRECT,UNREVIEWED,UNREVIEWED,Numerical classification only; no blind human review performed
H593-93bb466d99aefd144ec856ee,OUTCOME-0318,27398dad6e577a6cdc7867303a9c586cdf14f835803381e1ac3586b1bec33c43,0,75 100s carton,True,0.01919414245771865,25,75 100s carton,True,HOLD,75 100s carton,True,HOLD,CORRECT,BOTH_CORRECT,UNREVIEWED,UNREVIEWED,Numerical classification only; no blind human review performed
H593-4ef2d085267e3a655f22c017,OUTCOME-0319,27398dad6e577a6cdc7867303a9c586cdf14f835803381e1ac3586b1bec33c43,0,75 100s carton,True,0.10032737717426103,1,75 100s carton,True,HOLD,75 100s carton,True,HOLD,CORRECT,BOTH_CORRECT,UNREVIEWED,UNREVIEWED,Numerical classification only; no blind human review performed
H593-53e0bb3f0f95aa31e37ff328,OUTCOME-0320,27398dad6e577a6cdc7867303a9c586cdf14f835803381e1ac3586b1bec33c43,0,75 100s carton,True,0.06415585924726767,1,75 100s carton,True,HOLD,75 100s carton,True,HOLD,CORRECT,BOTH_CORRECT,UNREVIEWED,UNREVIEWED,Numerical classification only; no blind human review performed
H593-75bb4e011323af524bb6c0a8,OUTCOME-0321,27398dad6e577a6cdc7867303a9c586cdf14f835803381e1ac3586b1bec33c43,0,75 100s carton,True,0.024194767716970197,2,75 100s carton,True,HOLD,75 100s carton,True,HOLD,CORRECT,BOTH_CORRECT,UNREVIEWED,UNREVIEWED,Numerical classification only; no blind human review performed
H593-1ef966932ba70ca899b49b6f,OUTCOME-0322,27398dad6e577a6cdc7867303a9c586cdf14f835803381e1ac3586b1bec33c43,0,75 100s carton,True,0.1302919231218836,1,75 100s carton,True,HOLD,75 100s carton,True,HOLD,CORRECT,BOTH_CORRECT,UNREVIEWED,UNREVIEWED,Numerical classification only; no blind human review performed
H593-7ee5e502bef1035c68e37c1a,OUTCOME-0323,27398dad6e577a6cdc7867303a9c586cdf14f835803381e1ac3586b1bec33c43,0,75 100s carton,True,0.1615006653530498,1,75 100s carton,True,HOLD,75 100s carton,True,HOLD,CORRECT,BOTH_CORRECT,UNREVIEWED,UNREVIEWED,Numerical classification only; no blind human review performed
H593-671d0f11f416b72cd6df22b5,OUTCOME-0324,27398dad6e577a6cdc7867303a9c586cdf14f835803381e1ac3586b1bec33c43,0,75 100s carton,True,0.15497147518787807,1,75 100s carton,True,HOLD,75 100s carton,True,HOLD,CORRECT,BOTH_CORRECT,UNREVIEWED,UNREVIEWED,Numerical classification only; no blind human review performed
H593-01539eca5c5afd1c6d5ccda2,OUTCOME-0325,27398dad6e577a6cdc7867303a9c586cdf14f835803381e1ac3586b1bec33c43,0,75 100s carton,True,0.15300134658978834,1,75 100s carton,True,HOLD,75 100s carton,True,HOLD,CORRECT,BOTH_CORRECT,UNREVIEWED,UNREVIEWED,Numerical classification only; no blind human review performed
H593-deeedb839c4275fee269e4b1,OUTCOME-0326,27398dad6e577a6cdc7867303a9c586cdf14f835803381e1ac3586b1bec33c43,0,75 100s carton,True,0.15165628840113451,1,75 100s carton,True,HOLD,75 100s carton,True,HOLD,CORRECT,BOTH_CORRECT,UNREVIEWED,UNREVIEWED,Numerical classification only; no blind human review performed
H593-7dacd3aadc7a3c0857f02206,OUTCOME-0327,27398dad6e577a6cdc7867303a9c586cdf14f835803381e1ac3586b1bec33c43,0,75 100s carton,True,0.01360060993387628,23,75 100s carton,True,HOLD,75 100s carton,True,HOLD,CORRECT,BOTH_CORRECT,UNREVIEWED,UNREVIEWED,Numerical classification only; no blind human review performed
H593-c7de10914b97438ea391ef69,OUTCOME-0328,8ad47f26cd065ca57d3a68d2c5f31cd9eeb977294c710ac87f6e9c84b24866ea,0,766-e9-infants-pain-and-fever,True,0.10766103705007093,1,766-e9-infants-pain-and-fever,True,HOLD,766-e9-infants-pain-and-fever,True,HOLD,CORRECT,BOTH_CORRECT,UNREVIEWED,UNREVIEWED,Numerical classification only; no blind human review performed
H593-30d56e7ebdd8d445dd0c0837,OUTCOME-0329,8ad47f26cd065ca57d3a68d2c5f31cd9eeb977294c710ac87f6e9c84b24866ea,0,766-e9-infants-pain-and-fever,True,0.12465612647986328,1,766-e9-infants-pain-and-fever,True,HOLD,766-e9-infants-pain-and-fever,True,HOLD,CORRECT,BOTH_CORRECT,UNREVIEWED,UNREVIEWED,Numerical classification only; no blind human review performed
H593-70d36e5f24cab2ddc78b38ea,OUTCOME-0330,8ad47f26cd065ca57d3a68d2c5f31cd9eeb977294c710ac87f6e9c84b24866ea,0,766-e9-infants-pain-and-fever,True,0.05263859593433667,1,766-e9-infants-pain-and-fever,True,HOLD,766-e9-infants-pain-and-fever,True,HOLD,CORRECT,BOTH_CORRECT,UNREVIEWED,UNREVIEWED,Numerical classification only; no blind human review performed
H593-5f1d8e99507134bf9261aa26,OUTCOME-0331,8ad47f26cd065ca57d3a68d2c5f31cd9eeb977294c710ac87f6e9c84b24866ea,0,766-e9-infants-pain-and-fever,True,0.12074878616519409,1,careone-infants-acetaminophen-160mg-per-5ml-grape-carton-image,False,HOLD,careone-infants-acetaminophen-160mg-per-5ml-grape-carton-image,False,HOLD,TARGET_TOP_BUT_HOLD,BOTH_WRONG,UNREVIEWED,UNREVIEWED,Numerical classification only; no blind human review performed
H593-0e8e2230acf18be9984a101b,OUTCOME-0332,8ad47f26cd065ca57d3a68d2c5f31cd9eeb977294c710ac87f6e9c84b24866ea,0,766-e9-infants-pain-and-fever,True,0.07856866724012024,1,766-e9-infants-pain-and-fever,True,HOLD,766-e9-infants-pain-and-fever,True,HOLD,CORRECT,BOTH_CORRECT,UNREVIEWED,UNREVIEWED,Numerical classification only; no blind human review performed
H593-f522efe671aecfa850b10989,OUTCOME-0333,8ad47f26cd065ca57d3a68d2c5f31cd9eeb977294c710ac87f6e9c84b24866ea,0,766-e9-infants-pain-and-fever,True,0.073647978721388,4,766-e9-infants-pain-and-fever,True,SWITCH,766-e9-infants-pain-and-fever,True,SWITCH,CORRECT,BOTH_CORRECT,UNREVIEWED,UNREVIEWED,Numerical classification only; no blind human review performed
H593-20fdadbf18ce1e0e1a0746a9,OUTCOME-0334,8ad47f26cd065ca57d3a68d2c5f31cd9eeb977294c710ac87f6e9c84b24866ea,0,766-e9-infants-pain-and-fever,True,0.00628845616649012,105,children-01,False,SWITCH,children-01,False,SWITCH,RAW_CORRECT_BROKEN,BOTH_WRONG,UNREVIEWED,UNREVIEWED,Numerical classification only; no blind human review performed
H593-315859149cbadcf0a035cb5b,OUTCOME-0335,8ad47f26cd065ca57d3a68d2c5f31cd9eeb977294c710ac87f6e9c84b24866ea,0,766-e9-infants-pain-and-fever,True,0.05241962741521146,1,766-e9-infants-pain-and-fever,True,HOLD,766-e9-infants-pain-and-fever,True,HOLD,CORRECT,BOTH_CORRECT,UNREVIEWED,UNREVIEWED,Numerical classification only; no blind human review performed
H593-30df437866a92249e15d556f,OUTCOME-0336,8ad47f26cd065ca57d3a68d2c5f31cd9eeb977294c710ac87f6e9c84b24866ea,0,766-e9-infants-pain-and-fever,True,0.039107409038010445,1,766-e9-infants-pain-and-fever,True,HOLD,766-e9-infants-pain-and-fever,True,HOLD,CORRECT,BOTH_CORRECT,UNREVIEWED,UNREVIEWED,Numerical classification only; no blind human review performed
H593-36177667d1799f89d767d878,OUTCOME-0337,8ad47f26cd065ca57d3a68d2c5f31cd9eeb977294c710ac87f6e9c84b24866ea,0,766-e9-infants-pain-and-fever,True,0.00468560820042649,127,AptaPharmaChildPainFever,False,SWITCH,AptaPharmaChildPainFever,False,SWITCH,RAW_CORRECT_BROKEN,BOTH_WRONG,UNREVIEWED,UNREVIEWED,Numerical classification only; no blind human review performed
H593-0e5d73ab749914eaaeb680ae,OUTCOME-0338,8ad47f26cd065ca57d3a68d2c5f31cd9eeb977294c710ac87f6e9c84b24866ea,0,766-e9-infants-pain-and-fever,False,,,coldspot wipes 2,False,HOLD,coldspot wipes 2,False,HOLD,TARGET_ABSENT,BOTH_WRONG,UNREVIEWED,UNREVIEWED,Numerical classification only; no blind human review performed
H593-257581a6d8113bc829cc4f7d,OUTCOME-0339,8ad47f26cd065ca57d3a68d2c5f31cd9eeb977294c710ac87f6e9c84b24866ea,0,766-e9-infants-pain-and-fever,True,0.16369023243409275,1,766-e9-infants-pain-and-fever,True,HOLD,766-e9-infants-pain-and-fever,True,HOLD,CORRECT,BOTH_CORRECT,UNREVIEWED,UNREVIEWED,Numerical classification only; no blind human review performed
H593-d404e46663a91ac00c5f1973,OUTCOME-0340,8ad47f26cd065ca57d3a68d2c5f31cd9eeb977294c710ac87f6e9c84b24866ea,0,766-e9-infants-pain-and-fever,True,0.12997710126677214,1,766-e9-infants-pain-and-fever,True,HOLD,766-e9-infants-pain-and-fever,True,HOLD,CORRECT,BOTH_CORRECT,UNREVIEWED,UNREVIEWED,Numerical classification only; no blind human review performed
H593-c6ad63874f6fdf348e0906bf,OUTCOME-0341,8ad47f26cd065ca57d3a68d2c5f31cd9eeb977294c710ac87f6e9c84b24866ea,0,766-e9-infants-pain-and-fever,True,0.1754496547978123,1,careone-infants-acetaminophen-160mg-per-5ml-grape-carton-image,False,HOLD,careone-infants-acetaminophen-160mg-per-5ml-grape-carton-image,False,HOLD,TARGET_TOP_BUT_HOLD,BOTH_WRONG,UNREVIEWED,UNREVIEWED,Numerical classification only; no blind human review performed
H593-0dd4951a9b49124b8f24958f,OUTCOME-0342,8ad47f26cd065ca57d3a68d2c5f31cd9eeb977294c710ac87f6e9c84b24866ea,0,766-e9-infants-pain-and-fever,True,0.1219205378502541,1,766-e9-infants-pain-and-fever,True,HOLD,766-e9-infants-pain-and-fever,True,HOLD,CORRECT,BOTH_CORRECT,UNREVIEWED,UNREVIEWED,Numerical classification only; no blind human review performed
H593-575d6db6bfc93ebe863516ea,OUTCOME-0343,8ad47f26cd065ca57d3a68d2c5f31cd9eeb977294c710ac87f6e9c84b24866ea,0,766-e9-infants-pain-and-fever,True,0.06554409123621875,1,766-e9-infants-pain-and-fever,True,HOLD,766-e9-infants-pain-and-fever,True,HOLD,CORRECT,BOTH_CORRECT,UNREVIEWED,UNREVIEWED,Numerical classification only; no blind human review performed
H593-a865a52b11a3d828fa6bc1d1,OUTCOME-0344,8ad47f26cd065ca57d3a68d2c5f31cd9eeb977294c710ac87f6e9c84b24866ea,0,766-e9-infants-pain-and-fever,True,0.0873588280034858,1,766-e9-infants-pain-and-fever,True,HOLD,766-e9-infants-pain-and-fever,True,HOLD,CORRECT,BOTH_CORRECT,UNREVIEWED,UNREVIEWED,Numerical classification only; no blind human review performed
H593-f20e682caad635857fd5f8dd,OUTCOME-0345,8ad47f26cd065ca57d3a68d2c5f31cd9eeb977294c710ac87f6e9c84b24866ea,0,766-e9-infants-pain-and-fever,True,0.07164274101322675,1,766-e9-infants-pain-and-fever,True,SWITCH,766-e9-infants-pain-and-fever,True,SWITCH,CORRECT,BOTH_CORRECT,UNREVIEWED,UNREVIEWED,Numerical classification only; no blind human review performed
H593-1dd405f920b439879fc89b2c,OUTCOME-0346,f4cb26eef9646d6dfd71a5bdba8092d2e0f934cd5f8e9ffe627d7c9ba8444f36,1,77l96n1c1,True,0.045070050143115645,1,77l96n1c1,True,HOLD,77l96n1c1,True,HOLD,CORRECT,BOTH_CORRECT,UNREVIEWED,UNREVIEWED,Numerical classification only; no blind human review performed
H593-873815a4220226b46cf86099,OUTCOME-0347,f4cb26eef9646d6dfd71a5bdba8092d2e0f934cd5f8e9ffe627d7c9ba8444f36,1,77l96n1c1,True,0.10235882684252837,1,tersi-5,False,HOLD,77l96n1c1,True,SWITCH,CORRECT,RESCUED_BY_492,UNREVIEWED,UNREVIEWED,Numerical classification only; no blind human review performed
H593-2acfe07e77226545b2ae0e10,OUTCOME-0348,f4cb26eef9646d6dfd71a5bdba8092d2e0f934cd5f8e9ffe627d7c9ba8444f36,1,77l96n1c1,True,0.014975665115517232,70,bupivacainehclinjection0757510mlcartonlabel,False,HOLD,bupivacainehclinjection0757510mlcartonlabel,False,HOLD,CHALLENGER_RANKING_BLOCKED,BOTH_WRONG,UNREVIEWED,UNREVIEWED,Numerical classification only; no blind human review performed
H593-5215365f1c24c67d099c6773,OUTCOME-0349,f4cb26eef9646d6dfd71a5bdba8092d2e0f934cd5f8e9ffe627d7c9ba8444f36,1,77l96n1c1,True,0.02655162051713062,8,77l96n1c1,True,HOLD,77l96n1c1,True,HOLD,CORRECT,BOTH_CORRECT,UNREVIEWED,UNREVIEWED,Numerical classification only; no blind human review performed
H593-50e98a4949f2bb0bae2a8cc5,OUTCOME-0350,f4cb26eef9646d6dfd71a5bdba8092d2e0f934cd5f8e9ffe627d7c9ba8444f36,1,77l96n1c1,True,0.03557627923634546,1,77l96n1c1,True,HOLD,77l96n1c1,True,HOLD,CORRECT,BOTH_CORRECT,UNREVIEWED,UNREVIEWED,Numerical classification only; no blind human review performed
H593-aad869bc4c329c79b3b3098f,OUTCOME-0351,f4cb26eef9646d6dfd71a5bdba8092d2e0f934cd5f8e9ffe627d7c9ba8444f36,1,77l96n1c1,True,0.10699864749655134,1,77l96n1c1,True,HOLD,77l96n1c1,True,HOLD,CORRECT,BOTH_CORRECT,UNREVIEWED,UNREVIEWED,Numerical classification only; no blind human review performed
H593-0c19fd5a9f5839f926c4ae57,OUTCOME-0352,f4cb26eef9646d6dfd71a5bdba8092d2e0f934cd5f8e9ffe627d7c9ba8444f36,1,77l96n1c1,True,0.13706514268314482,1,77l96n1c1,True,HOLD,77l96n1c1,True,HOLD,CORRECT,BOTH_CORRECT,UNREVIEWED,UNREVIEWED,Numerical classification only; no blind human review performed
H593-f84d26c893d33050fff89605,OUTCOME-0353,f4cb26eef9646d6dfd71a5bdba8092d2e0f934cd5f8e9ffe627d7c9ba8444f36,1,77l96n1c1,True,0.029638835322450627,1,77l96n1c1,True,HOLD,77l96n1c1,True,HOLD,CORRECT,BOTH_CORRECT,UNREVIEWED,UNREVIEWED,Numerical classification only; no blind human review performed
H593-a4df16d733beef6694520349,OUTCOME-0354,f4cb26eef9646d6dfd71a5bdba8092d2e0f934cd5f8e9ffe627d7c9ba8444f36,1,77l96n1c1,True,0.026091765892748545,19,77l96n1c1,True,HOLD,77l96n1c1,True,HOLD,CORRECT,BOTH_CORRECT,UNREVIEWED,UNREVIEWED,Numerical classification only; no blind human review performed
H593-978cc9932e208401b21a7478,OUTCOME-0355,f4cb26eef9646d6dfd71a5bdba8092d2e0f934cd5f8e9ffe627d7c9ba8444f36,1,77l96n1c1,True,0.014936100767642643,11,77l96n1c1,True,HOLD,77l96n1c1,True,HOLD,CORRECT,BOTH_CORRECT,UNREVIEWED,UNREVIEWED,Numerical classification only; no blind human review performed
H593-163df34acba78d2b4f94a0d0,OUTCOME-0356,f4cb26eef9646d6dfd71a5bdba8092d2e0f934cd5f8e9ffe627d7c9ba8444f36,1,77l96n1c1,True,0.017477080895648207,21,77l96n1c1,True,HOLD,77l96n1c1,True,HOLD,CORRECT,BOTH_CORRECT,UNREVIEWED,UNREVIEWED,Numerical classification only; no blind human review performed
H593-6fbc0bd5cc7a6fdd5e33f290,OUTCOME-0357,f4cb26eef9646d6dfd71a5bdba8092d2e0f934cd5f8e9ffe627d7c9ba8444f36,1,77l96n1c1,True,0.02166628924887125,4,77l96n1c1,True,HOLD,77l96n1c1,True,HOLD,CORRECT,BOTH_CORRECT,UNREVIEWED,UNREVIEWED,Numerical classification only; no blind human review performed
H593-9567a5b390df83a314dbfab1,OUTCOME-0365,f15f4acea549124570f8e5b5e20c5575b2b6e0d49386891fe5a7552afc90436f,0,80mg-cart-np,True,0.14010102941539254,1,80mg-cart-np,True,HOLD,80mg-cart-np,True,HOLD,CORRECT,BOTH_CORRECT,UNREVIEWED,UNREVIEWED,Numerical classification only; no blind human review performed
H593-082cd2a46d9b304893a3587c,OUTCOME-0366,f15f4acea549124570f8e5b5e20c5575b2b6e0d49386891fe5a7552afc90436f,0,80mg-cart-np,True,0.07339869332815051,1,80mg-cart-np,True,HOLD,80mg-cart-np,True,HOLD,CORRECT,BOTH_CORRECT,UNREVIEWED,UNREVIEWED,Numerical classification only; no blind human review performed
H593-cf3d303c6942b97f41b6fc64,OUTCOME-0372,f15f4acea549124570f8e5b5e20c5575b2b6e0d49386891fe5a7552afc90436f,0,80mg-cart-np,True,0.20666596388413172,1,80mg-cart-np,True,HOLD,80mg-cart-np,True,HOLD,CORRECT,BOTH_CORRECT,UNREVIEWED,UNREVIEWED,Numerical classification only; no blind human review performed
H593-5e3baff5983fb5e1280953d4,OUTCOME-0373,f15f4acea549124570f8e5b5e20c5575b2b6e0d49386891fe5a7552afc90436f,0,80mg-cart-np,True,0.03597559520922009,8,gem0g-0004-09,False,SWITCH,gem0g-0004-09,False,SWITCH,CHALLENGER_RANKING_BLOCKED,BOTH_WRONG,UNREVIEWED,UNREVIEWED,Numerical classification only; no blind human review performed
H593-8b7ecf77a17bdcf3073f645c,OUTCOME-0376,4a5e078a9d0335a17e0b19c90cc91b4eaf583fcc72663cf7441019d2f00d652a,3,812-6e-mucus-dm,True,0.11940759138795635,1,812-6e-mucus-dm,True,SWITCH,812-6e-mucus-dm,True,SWITCH,CORRECT,BOTH_CORRECT,UNREVIEWED,UNREVIEWED,Numerical classification only; no blind human review performed
H593-202d17a8fea9c8283f65d42d,OUTCOME-0378,4a5e078a9d0335a17e0b19c90cc91b4eaf583fcc72663cf7441019d2f00d652a,3,812-6e-mucus-dm,True,0.12169591158661465,1,812-6e-mucus-dm,True,SWITCH,812-6e-mucus-dm,True,SWITCH,CORRECT,BOTH_CORRECT,UNREVIEWED,UNREVIEWED,Numerical classification only; no blind human review performed
H593-6f38112fbf3474ccf845534e,OUTCOME-0379,4a5e078a9d0335a17e0b19c90cc91b4eaf583fcc72663cf7441019d2f00d652a,3,812-6e-mucus-dm,True,0.09376521066368391,1,Chest Congestion relief Caplets 50ct CTN,False,HOLD,812-6e-mucus-dm,True,SWITCH,CORRECT,RESCUED_BY_492,UNREVIEWED,UNREVIEWED,Numerical classification only; no blind human review performed
H593-340a6e18c21c149dc46968d4,OUTCOME-0380,4a5e078a9d0335a17e0b19c90cc91b4eaf583fcc72663cf7441019d2f00d652a,3,812-6e-mucus-dm,True,0.012775861842793201,7,812-6e-mucus-dm,True,HOLD,812-6e-mucus-dm,True,HOLD,CORRECT,BOTH_CORRECT,UNREVIEWED,UNREVIEWED,Numerical classification only; no blind human review performed
H593-ae2c238f2914e4ef8f249622,OUTCOME-0382,4a5e078a9d0335a17e0b19c90cc91b4eaf583fcc72663cf7441019d2f00d652a,3,812-6e-mucus-dm,True,0.028100175830248354,2,US_Skin_Tint_2_O_Page_1,False,SWITCH,US_Skin_Tint_2_O_Page_1,False,SWITCH,CHALLENGER_RANKING_BLOCKED,BOTH_WRONG,UNREVIEWED,UNREVIEWED,Numerical classification only; no blind human review performed
H593-6a23b1a27c51bbde9c38b5ce,OUTCOME-0389,4a5e078a9d0335a17e0b19c90cc91b4eaf583fcc72663cf7441019d2f00d652a,3,812-6e-mucus-dm,True,0.060783095452300394,1,Bottle9,False,HOLD,812-6e-mucus-dm,True,SWITCH,CORRECT,RESCUED_BY_492,UNREVIEWED,UNREVIEWED,Numerical classification only; no blind human review performed
H593-09ce47090a8b579fa3833638,OUTCOME-0392,dabd4e44228b0c3fe4d6e936d82cc48dbee71a26baad248be0f99f22cd2424cf,0,83324304-60,True,0.04090971989711675,1,83324304-60,True,HOLD,83324304-60,True,HOLD,CORRECT,BOTH_CORRECT,UNREVIEWED,UNREVIEWED,Numerical classification only; no blind human review performed
H593-c9d897c86e0a07349f3816a5,OUTCOME-0393,dabd4e44228b0c3fe4d6e936d82cc48dbee71a26baad248be0f99f22cd2424cf,0,83324304-60,True,0.06874577997246652,1,83324304-60,True,HOLD,83324304-60,True,HOLD,CORRECT,BOTH_CORRECT,UNREVIEWED,UNREVIEWED,Numerical classification only; no blind human review performed
H593-aa931c1f4d8700ae037fbb00,OUTCOME-0394,dabd4e44228b0c3fe4d6e936d82cc48dbee71a26baad248be0f99f22cd2424cf,0,83324304-60,True,0.10485151749888105,1,83324304-60,True,HOLD,83324304-60,True,HOLD,CORRECT,BOTH_CORRECT,UNREVIEWED,UNREVIEWED,Numerical classification only; no blind human review performed
H593-172289962b84290bc00b6b57,OUTCOME-0395,dabd4e44228b0c3fe4d6e936d82cc48dbee71a26baad248be0f99f22cd2424cf,0,83324304-60,True,0.030511104974285722,1,83324304-60,True,HOLD,83324304-60,True,HOLD,CORRECT,BOTH_CORRECT,UNREVIEWED,UNREVIEWED,Numerical classification only; no blind human review performed
H593-b98760533d5b5968acf3d2d8,OUTCOME-0396,dabd4e44228b0c3fe4d6e936d82cc48dbee71a26baad248be0f99f22cd2424cf,0,83324304-60,True,0.07020966560528688,1,83324304-60,True,HOLD,83324304-60,True,HOLD,CORRECT,BOTH_CORRECT,UNREVIEWED,UNREVIEWED,Numerical classification only; no blind human review performed
H593-c69e2282252382010960c43a,OUTCOME-0397,dabd4e44228b0c3fe4d6e936d82cc48dbee71a26baad248be0f99f22cd2424cf,0,83324304-60,True,0.10171450357194523,1,83324304-60,True,HOLD,83324304-60,True,HOLD,CORRECT,BOTH_CORRECT,UNREVIEWED,UNREVIEWED,Numerical classification only; no blind human review performed
H593-1ab5d06d095c1ab6749b227c,OUTCOME-0398,dabd4e44228b0c3fe4d6e936d82cc48dbee71a26baad248be0f99f22cd2424cf,0,83324304-60,True,0.05779477376352784,1,83324304-60,True,HOLD,83324304-60,True,HOLD,CORRECT,BOTH_CORRECT,UNREVIEWED,UNREVIEWED,Numerical classification only; no blind human review performed
H593-49e398ee5fa1770f2f4b4804,OUTCOME-0399,dabd4e44228b0c3fe4d6e936d82cc48dbee71a26baad248be0f99f22cd2424cf,0,83324304-60,True,0.12183260777579408,1,83324304-60,True,HOLD,83324304-60,True,HOLD,CORRECT,BOTH_CORRECT,UNREVIEWED,UNREVIEWED,Numerical classification only; no blind human review performed
H593-80833abd79f8f663bae6168f,OUTCOME-0400,dabd4e44228b0c3fe4d6e936d82cc48dbee71a26baad248be0f99f22cd2424cf,0,83324304-60,True,0.16368799947002824,1,83324304-60,True,HOLD,83324304-60,True,HOLD,CORRECT,BOTH_CORRECT,UNREVIEWED,UNREVIEWED,Numerical classification only; no blind human review performed
H593-e145bcae800e8d359e4d9bc7,OUTCOME-0401,dabd4e44228b0c3fe4d6e936d82cc48dbee71a26baad248be0f99f22cd2424cf,0,83324304-60,True,0.18156414381821936,1,83324304-60,True,HOLD,83324304-60,True,HOLD,CORRECT,BOTH_CORRECT,UNREVIEWED,UNREVIEWED,Numerical classification only; no blind human review performed
H593-7e8b411c2369c244ad7087b2,OUTCOME-0402,dabd4e44228b0c3fe4d6e936d82cc48dbee71a26baad248be0f99f22cd2424cf,0,83324304-60,True,0.10271446721782608,1,83324304-60,True,HOLD,83324304-60,True,HOLD,CORRECT,BOTH_CORRECT,UNREVIEWED,UNREVIEWED,Numerical classification only; no blind human review performed
H593-2446df0fcadbf0831876d7dc,OUTCOME-0403,dabd4e44228b0c3fe4d6e936d82cc48dbee71a26baad248be0f99f22cd2424cf,0,83324304-60,True,0.023229355206486883,19,83324304-60,True,HOLD,83324304-60,True,HOLD,CORRECT,BOTH_CORRECT,UNREVIEWED,UNREVIEWED,Numerical classification only; no blind human review performed
H593-9a4d47022d3146e0af92e33f,OUTCOME-0404,1f59b78808c09c6bf68702306ba72c84cbbb75e1dfc61bab3c7f1b99aee3b17d,0,964901_LR,True,0.11582692658676183,1,964901_LR,True,HOLD,964901_LR,True,HOLD,CORRECT,BOTH_CORRECT,UNREVIEWED,UNREVIEWED,Numerical classification only; no blind human review performed
H593-9bea68f2367dffd8339109ca,OUTCOME-0405,1f59b78808c09c6bf68702306ba72c84cbbb75e1dfc61bab3c7f1b99aee3b17d,0,964901_LR,False,,,Cabinet Cought travel carton,False,SWITCH,Cabinet Cought travel carton,False,SWITCH,TARGET_ABSENT,BOTH_WRONG,UNREVIEWED,UNREVIEWED,Numerical classification only; no blind human review performed
H593-102e05de4bdefbe546c83578,OUTCOME-0406,1f59b78808c09c6bf68702306ba72c84cbbb75e1dfc61bab3c7f1b99aee3b17d,0,964901_LR,False,,,Bottle6A,False,SWITCH,Bottle6A,False,SWITCH,TARGET_ABSENT,BOTH_WRONG,UNREVIEWED,UNREVIEWED,Numerical classification only; no blind human review performed
H593-1af45e7f0d56a52adeb60b07,OUTCOME-0407,1f59b78808c09c6bf68702306ba72c84cbbb75e1dfc61bab3c7f1b99aee3b17d,0,964901_LR,True,0.08939441108352275,1,CDER portal,False,SWITCH,CDER portal,False,SWITCH,CHALLENGER_RANKING_BLOCKED,BOTH_WRONG,UNREVIEWED,UNREVIEWED,Numerical classification only; no blind human review performed
H593-1bdb2bfae2aae669afa4627f,OUTCOME-0408,1f59b78808c09c6bf68702306ba72c84cbbb75e1dfc61bab3c7f1b99aee3b17d,0,964901_LR,True,0.038576385016721386,1,964901_LR,True,HOLD,964901_LR,True,HOLD,CORRECT,BOTH_CORRECT,UNREVIEWED,UNREVIEWED,Numerical classification only; no blind human review performed
H593-71bb9528a8ed1a01bbcf03c2,OUTCOME-0409,1f59b78808c09c6bf68702306ba72c84cbbb75e1dfc61bab3c7f1b99aee3b17d,0,964901_LR,True,0.014056487378814576,21,964901_LR,True,HOLD,964901_LR,True,HOLD,CORRECT,BOTH_CORRECT,UNREVIEWED,UNREVIEWED,Numerical classification only; no blind human review performed
H593-1bab76bb2cce8605543067d4,OUTCOME-0410,1f59b78808c09c6bf68702306ba72c84cbbb75e1dfc61bab3c7f1b99aee3b17d,0,964901_LR,True,0.07107034240715686,1,964901_LR,True,HOLD,964901_LR,True,HOLD,CORRECT,BOTH_CORRECT,UNREVIEWED,UNREVIEWED,Numerical classification only; no blind human review performed
H593-cd9b8334e2d223c7319b1ab1,OUTCOME-0411,1f59b78808c09c6bf68702306ba72c84cbbb75e1dfc61bab3c7f1b99aee3b17d,0,964901_LR,False,,,stool-with-laxative-8-6-red-tablets-tcl-1,False,SWITCH,stool-with-laxative-8-6-red-tablets-tcl-1,False,SWITCH,TARGET_ABSENT,BOTH_WRONG,UNREVIEWED,UNREVIEWED,Numerical classification only; no blind human review performed
H593-9adc04030a70fadc516c205a,OUTCOME-0412,1f59b78808c09c6bf68702306ba72c84cbbb75e1dfc61bab3c7f1b99aee3b17d,0,964901_LR,False,,,avema_painreliefpm,False,HOLD,avema_painreliefpm,False,HOLD,TARGET_ABSENT,BOTH_WRONG,UNREVIEWED,UNREVIEWED,Numerical classification only; no blind human review performed
H593-a799aea032ae5a38c8fbd30e,OUTCOME-0413,1f59b78808c09c6bf68702306ba72c84cbbb75e1dfc61bab3c7f1b99aee3b17d,0,964901_LR,False,,,aurophen-fig2,False,HOLD,CDER portal,False,SWITCH,TARGET_ABSENT,BOTH_WRONG,UNREVIEWED,UNREVIEWED,Numerical classification only; no blind human review performed
H593-db15ccfd642dc2496260750d,OUTCOME-0414,1f59b78808c09c6bf68702306ba72c84cbbb75e1dfc61bab3c7f1b99aee3b17d,0,964901_LR,True,0.09206877600214913,1,964901_LR,True,HOLD,964901_LR,True,HOLD,CORRECT,BOTH_CORRECT,UNREVIEWED,UNREVIEWED,Numerical classification only; no blind human review performed
H593-de1e1f6f272fc318dc3c5875,OUTCOME-0416,6041aa5f85f4424e5ea88d82fcb2c3a2efe067770270d57d823d934e313867bf,3,A41(1),True,0.006110421985580145,110,(BUX0ABS1)-Back-card,False,SWITCH,(BUX0ABS1)-Back-card,False,SWITCH,CHALLENGER_RANKING_BLOCKED,BOTH_WRONG,UNREVIEWED,UNREVIEWED,Numerical classification only; no blind human review performed
H593-a68241215d96a54614534d61,OUTCOME-0419,6041aa5f85f4424e5ea88d82fcb2c3a2efe067770270d57d823d934e313867bf,3,A41(1),True,0.00911132544503676,96,A41(1),True,HOLD,A41(1),True,HOLD,CORRECT,BOTH_CORRECT,UNREVIEWED,UNREVIEWED,Numerical classification only; no blind human review performed
H593-de48d9ea86e26c33436d5659,OUTCOME-0421,6041aa5f85f4424e5ea88d82fcb2c3a2efe067770270d57d823d934e313867bf,3,A41(1),True,0.04598857826620315,1,A41(1),True,HOLD,A41(1),True,HOLD,CORRECT,BOTH_CORRECT,UNREVIEWED,UNREVIEWED,Numerical classification only; no blind human review performed
H593-9d32a43e7529d136a5b58964,OUTCOME-0432,6041aa5f85f4424e5ea88d82fcb2c3a2efe067770270d57d823d934e313867bf,3,A41(1),True,0.06122646277462461,1,A41(1),True,HOLD,A41(1),True,HOLD,CORRECT,BOTH_CORRECT,UNREVIEWED,UNREVIEWED,Numerical classification only; no blind human review performed
H593-b09f7b0a786d03912dd97806,OUTCOME-0433,055e3d0a2ba828c5df95354fc5d80825fa129f679641c7a5ba585b5c8911a1f9,1,ASP Cough Mucus Congestion PMG 24ct,True,0.0958686883587463,1,ASP Cough Mucus Congestion PMG 24ct,True,HOLD,ASP Cough Mucus Congestion PMG 24ct,True,HOLD,CORRECT,BOTH_CORRECT,UNREVIEWED,UNREVIEWED,Numerical classification only; no blind human review performed
H593-faa6074c9997f968c1272a9e,OUTCOME-0434,055e3d0a2ba828c5df95354fc5d80825fa129f679641c7a5ba585b5c8911a1f9,1,ASP Cough Mucus Congestion PMG 24ct,True,0.05275701162761532,2,ASP Cold Flu Night PMG 24ct,False,HOLD,ASP Cold Flu Night PMG 24ct,False,HOLD,TARGET_TOP_BUT_HOLD,BOTH_WRONG,UNREVIEWED,UNREVIEWED,Numerical classification only; no blind human review performed
H593-7c514d458a3698754aa405bc,OUTCOME-0435,055e3d0a2ba828c5df95354fc5d80825fa129f679641c7a5ba585b5c8911a1f9,1,ASP Cough Mucus Congestion PMG 24ct,True,0.19508778913926084,1,ASP Sinus Congestion Pain PMG 24ct,False,HOLD,ASP Sinus Congestion Pain PMG 24ct,False,HOLD,TARGET_TOP_BUT_HOLD,BOTH_WRONG,UNREVIEWED,UNREVIEWED,Numerical classification only; no blind human review performed
H593-5013811bdfa12b1550e11683,OUTCOME-0436,055e3d0a2ba828c5df95354fc5d80825fa129f679641c7a5ba585b5c8911a1f9,1,ASP Cough Mucus Congestion PMG 24ct,True,0.048121143165784974,1,ASP Cough Mucus Congestion PMG 24ct,True,SWITCH,ASP Cough Mucus Congestion PMG 24ct,True,SWITCH,CORRECT,BOTH_CORRECT,UNREVIEWED,UNREVIEWED,Numerical classification only; no blind human review performed
H593-0c251f2d0b52c9cde036edc1,OUTCOME-0437,055e3d0a2ba828c5df95354fc5d80825fa129f679641c7a5ba585b5c8911a1f9,1,ASP Cough Mucus Congestion PMG 24ct,True,0.06804696638407255,1,ASP Cough Mucus Congestion PMG 24ct,True,HOLD,ASP Cough Mucus Congestion PMG 24ct,True,HOLD,CORRECT,BOTH_CORRECT,UNREVIEWED,UNREVIEWED,Numerical classification only; no blind human review performed
H593-7bec97dabbf6cdb58e99fd1c,OUTCOME-0438,055e3d0a2ba828c5df95354fc5d80825fa129f679641c7a5ba585b5c8911a1f9,1,ASP Cough Mucus Congestion PMG 24ct,True,0.0958323703332282,1,ASP Cough Mucus Congestion PMG 24ct,True,SWITCH,ASP Cough Mucus Congestion PMG 24ct,True,SWITCH,CORRECT,BOTH_CORRECT,UNREVIEWED,UNREVIEWED,Numerical classification only; no blind human review performed
H593-7f0d1bb3ad1b26bad23006b9,OUTCOME-0439,055e3d0a2ba828c5df95354fc5d80825fa129f679641c7a5ba585b5c8911a1f9,1,ASP Cough Mucus Congestion PMG 24ct,True,0.036128000491671954,1,ASP Cold Cough PMG 24ct,False,HOLD,ASP Cough Mucus Congestion PMG 24ct,True,SWITCH,CORRECT,RESCUED_BY_492,UNREVIEWED,UNREVIEWED,Numerical classification only; no blind human review performed
H593-e5e96cde696cb0a0236052a9,OUTCOME-0440,055e3d0a2ba828c5df95354fc5d80825fa129f679641c7a5ba585b5c8911a1f9,1,ASP Cough Mucus Congestion PMG 24ct,True,0.22664925757355553,1,ASP Cough Mucus Congestion PMG 24ct,True,HOLD,ASP Cough Mucus Congestion PMG 24ct,True,HOLD,CORRECT,BOTH_CORRECT,UNREVIEWED,UNREVIEWED,Numerical classification only; no blind human review performed
H593-526854f7b33d3ad6e1521409,OUTCOME-0441,055e3d0a2ba828c5df95354fc5d80825fa129f679641c7a5ba585b5c8911a1f9,1,ASP Cough Mucus Congestion PMG 24ct,True,0.05659457284848937,1,ASP Sinus Congestion Pain PMG 24ct,False,SWITCH,ASP Sinus Congestion Pain PMG 24ct,False,SWITCH,CHALLENGER_RANKING_BLOCKED,BOTH_WRONG,UNREVIEWED,UNREVIEWED,Numerical classification only; no blind human review performed
H593-381647ec4c00fbc41b7f9a82,OUTCOME-0442,055e3d0a2ba828c5df95354fc5d80825fa129f679641c7a5ba585b5c8911a1f9,1,ASP Cough Mucus Congestion PMG 24ct,True,0.056127666322980295,1,ASP Cough Mucus Congestion PMG 24ct,True,HOLD,ASP Cough Mucus Congestion PMG 24ct,True,HOLD,CORRECT,BOTH_CORRECT,UNREVIEWED,UNREVIEWED,Numerical classification only; no blind human review performed
H593-f90239a05b957482e11280a4,OUTCOME-0443,055e3d0a2ba828c5df95354fc5d80825fa129f679641c7a5ba585b5c8911a1f9,1,ASP Cough Mucus Congestion PMG 24ct,True,0.2771771672015254,1,ASP Cough Mucus Congestion PMG 24ct,True,HOLD,ASP Cough Mucus Congestion PMG 24ct,True,HOLD,CORRECT,BOTH_CORRECT,UNREVIEWED,UNREVIEWED,Numerical classification only; no blind human review performed
H593-7f660327bc71c144559f7752,OUTCOME-0444,055e3d0a2ba828c5df95354fc5d80825fa129f679641c7a5ba585b5c8911a1f9,1,ASP Cough Mucus Congestion PMG 24ct,True,0.2817035507216898,1,ASP Cough Mucus Congestion PMG 24ct,True,SWITCH,ASP Cough Mucus Congestion PMG 24ct,True,SWITCH,CORRECT,BOTH_CORRECT,UNREVIEWED,UNREVIEWED,Numerical classification only; no blind human review performed
H593-d1ddd31574e73913b670ac2f,OUTCOME-0445,055e3d0a2ba828c5df95354fc5d80825fa129f679641c7a5ba585b5c8911a1f9,1,ASP Cough Mucus Congestion PMG 24ct,True,0.070365684959197,1,ASP Cold Cough LG 10ct,False,HOLD,ASP Sinus Congestion Pain PMG 24ct,False,SWITCH,CHALLENGER_RANKING_BLOCKED,BOTH_WRONG,UNREVIEWED,UNREVIEWED,Numerical classification only; no blind human review performed
H593-4b977198186c9a205795518f,OUTCOME-0446,055e3d0a2ba828c5df95354fc5d80825fa129f679641c7a5ba585b5c8911a1f9,1,ASP Cough Mucus Congestion PMG 24ct,True,0.03733873849867895,3,ASP Cold Flu Night PMG 24ct,False,HOLD,ASP Cold Flu Night PMG 24ct,False,HOLD,TARGET_TOP_BUT_HOLD,BOTH_WRONG,UNREVIEWED,UNREVIEWED,Numerical classification only; no blind human review performed
H593-4c7da12e23a000c6fce488e2,OUTCOME-0447,055e3d0a2ba828c5df95354fc5d80825fa129f679641c7a5ba585b5c8911a1f9,1,ASP Cough Mucus Congestion PMG 24ct,True,0.08003189351325536,1,ASP Cough Mucus Congestion PMG 24ct,True,HOLD,ASP Cough Mucus Congestion PMG 24ct,True,HOLD,CORRECT,BOTH_CORRECT,UNREVIEWED,UNREVIEWED,Numerical classification only; no blind human review performed
H593-c9ae3eb9e9fe146ef01e07f9,OUTCOME-0448,055e3d0a2ba828c5df95354fc5d80825fa129f679641c7a5ba585b5c8911a1f9,1,ASP Cough Mucus Congestion PMG 24ct,True,0.28541140158568706,1,ASP Cough Mucus Congestion PMG 24ct,True,HOLD,ASP Cough Mucus Congestion PMG 24ct,True,HOLD,CORRECT,BOTH_CORRECT,UNREVIEWED,UNREVIEWED,Numerical classification only; no blind human review performed
H593-ddd029aad5773c59147bd25d,OUTCOME-0460,1efff5d5855cab66509977a0b8d496f45b9a66147726f1323cdd42a873075386,1,AlkaSeltzer_36,True,0.03950303402322248,1,AlkaSeltzer_36,True,HOLD,AlkaSeltzer_36,True,HOLD,CORRECT,BOTH_CORRECT,UNREVIEWED,UNREVIEWED,Numerical classification only; no blind human review performed
H593-c30cdabf5993a0c426ba0205,OUTCOME-0461,1efff5d5855cab66509977a0b8d496f45b9a66147726f1323cdd42a873075386,1,AlkaSeltzer_36,True,0.06873657909956131,1,AlkaSeltzer_36,True,HOLD,AlkaSeltzer_36,True,HOLD,CORRECT,BOTH_CORRECT,UNREVIEWED,UNREVIEWED,Numerical classification only; no blind human review performed
H593-4324194c82636eb2bd4e0523,OUTCOME-0462,1efff5d5855cab66509977a0b8d496f45b9a66147726f1323cdd42a873075386,1,AlkaSeltzer_36,True,0.10513586597559015,1,AlkaSeltzer_36,True,SWITCH,AlkaSeltzer_36,True,SWITCH,CORRECT,BOTH_CORRECT,UNREVIEWED,UNREVIEWED,Numerical classification only; no blind human review performed
H593-bcee23f88378066e9f5f0e2a,OUTCOME-0463,1efff5d5855cab66509977a0b8d496f45b9a66147726f1323cdd42a873075386,1,AlkaSeltzer_36,True,0.07503010336525864,1,AlkaSeltzer_36,True,HOLD,AlkaSeltzer_36,True,HOLD,CORRECT,BOTH_CORRECT,UNREVIEWED,UNREVIEWED,Numerical classification only; no blind human review performed
H593-e1d2c7ca3a91606fdef2a012,OUTCOME-0464,1efff5d5855cab66509977a0b8d496f45b9a66147726f1323cdd42a873075386,1,AlkaSeltzer_36,True,0.02066357545102078,3,AlkaSeltzer_36,True,HOLD,AlkaSeltzer_36,True,HOLD,CORRECT,BOTH_CORRECT,UNREVIEWED,UNREVIEWED,Numerical classification only; no blind human review performed
H593-2c2942af21039bf61875bcba,OUTCOME-0465,1efff5d5855cab66509977a0b8d496f45b9a66147726f1323cdd42a873075386,1,AlkaSeltzer_36,False,,,Ctn Baby Bum Sunscreen Stick SPF30,False,HOLD,Ctn Baby Bum Sunscreen Stick SPF30,False,HOLD,TARGET_ABSENT,BOTH_WRONG,UNREVIEWED,UNREVIEWED,Numerical classification only; no blind human review performed
H593-af21217245b2cc0821f79503,OUTCOME-0466,1efff5d5855cab66509977a0b8d496f45b9a66147726f1323cdd42a873075386,1,AlkaSeltzer_36,True,0.13608178827656187,1,AlkaSeltzer_36,True,HOLD,AlkaSeltzer_36,True,HOLD,CORRECT,BOTH_CORRECT,UNREVIEWED,UNREVIEWED,Numerical classification only; no blind human review performed
H593-4465eb39dafa16f3ace74e3b,OUTCOME-0467,1efff5d5855cab66509977a0b8d496f45b9a66147726f1323cdd42a873075386,1,AlkaSeltzer_36,True,0.12749504830902653,1,AlkaSeltzer_36,True,SWITCH,AlkaSeltzer_36,True,SWITCH,CORRECT,BOTH_CORRECT,UNREVIEWED,UNREVIEWED,Numerical classification only; no blind human review performed
H593-1e203e93f22affa5c8c93e7b,OUTCOME-0468,1efff5d5855cab66509977a0b8d496f45b9a66147726f1323cdd42a873075386,1,AlkaSeltzer_36,True,0.16431851394285468,1,Bayer_50,False,SWITCH,Bayer_50,False,SWITCH,CHALLENGER_RANKING_BLOCKED,BOTH_WRONG,UNREVIEWED,UNREVIEWED,Numerical classification only; no blind human review performed
H593-490d4ed0a2cc29258e504a6a,OUTCOME-0469,1efff5d5855cab66509977a0b8d496f45b9a66147726f1323cdd42a873075386,1,AlkaSeltzer_36,True,0.16326850294022283,1,AlkaSeltzer_36,True,SWITCH,AlkaSeltzer_36,True,SWITCH,CORRECT,BOTH_CORRECT,UNREVIEWED,UNREVIEWED,Numerical classification only; no blind human review performed
H593-3c3b32e44f324367dbd542c8,OUTCOME-0470,1efff5d5855cab66509977a0b8d496f45b9a66147726f1323cdd42a873075386,1,AlkaSeltzer_36,True,0.13029700587924495,1,AlkaSeltzer_36,True,HOLD,AlkaSeltzer_36,True,HOLD,CORRECT,BOTH_CORRECT,UNREVIEWED,UNREVIEWED,Numerical classification only; no blind human review performed
H593-0dc7d62664f27ce00d40a1ab,OUTCOME-0471,1efff5d5855cab66509977a0b8d496f45b9a66147726f1323cdd42a873075386,1,AlkaSeltzer_36,True,0.1341726333167842,1,AlkaSeltzer_36,True,HOLD,AlkaSeltzer_36,True,HOLD,CORRECT,BOTH_CORRECT,UNREVIEWED,UNREVIEWED,Numerical classification only; no blind human review performed
H593-73779fe9c390b8d75b07f9fc,OUTCOME-0472,1efff5d5855cab66509977a0b8d496f45b9a66147726f1323cdd42a873075386,1,AlkaSeltzer_36,True,0.11290290145537214,1,AlkaSeltzer_36,True,HOLD,AlkaSeltzer_36,True,HOLD,CORRECT,BOTH_CORRECT,UNREVIEWED,UNREVIEWED,Numerical classification only; no blind human review performed
H593-7bb65212a753515cfe27d488,OUTCOME-0473,1efff5d5855cab66509977a0b8d496f45b9a66147726f1323cdd42a873075386,1,AlkaSeltzer_36,False,,,b08c3c20-73f9-502c-e053-2a95a90aa43c,False,HOLD,b08c3c20-73f9-502c-e053-2a95a90aa43c,False,HOLD,TARGET_ABSENT,BOTH_WRONG,UNREVIEWED,UNREVIEWED,Numerical classification only; no blind human review performed
H593-a2c507612d213253be128e81,OUTCOME-0474,1efff5d5855cab66509977a0b8d496f45b9a66147726f1323cdd42a873075386,1,AlkaSeltzer_36,True,0.05264329241628344,6,Claritin_25,False,HOLD,Claritin_25,False,HOLD,CHALLENGER_RANKING_BLOCKED,BOTH_WRONG,UNREVIEWED,UNREVIEWED,Numerical classification only; no blind human review performed
H593-5deb30c18beda44d1e9a98af,OUTCOME-0475,1efff5d5855cab66509977a0b8d496f45b9a66147726f1323cdd42a873075386,1,AlkaSeltzer_36,True,0.05114560133663883,11,Claritin_25,False,HOLD,Claritin_25,False,HOLD,CHALLENGER_RANKING_BLOCKED,BOTH_WRONG,UNREVIEWED,UNREVIEWED,Numerical classification only; no blind human review performed
H593-106aa1a451e3f1c3a21d37fe,OUTCOME-0476,1efff5d5855cab66509977a0b8d496f45b9a66147726f1323cdd42a873075386,1,AlkaSeltzer_36,True,0.13293725116340283,1,AlkaSeltzer_36,True,SWITCH,AlkaSeltzer_36,True,SWITCH,CORRECT,BOTH_CORRECT,UNREVIEWED,UNREVIEWED,Numerical classification only; no blind human review performed
H593-b9b3b47180519cbd55260c38,OUTCOME-0477,1efff5d5855cab66509977a0b8d496f45b9a66147726f1323cdd42a873075386,1,AlkaSeltzer_36,True,0.1691412139699739,1,Bayer_50,False,SWITCH,Bayer_50,False,SWITCH,CHALLENGER_RANKING_BLOCKED,BOTH_WRONG,UNREVIEWED,UNREVIEWED,Numerical classification only; no blind human review performed
H593-e5866ba677990acd1f32d391,OUTCOME-0478,c88cdb15edcd25a88595edf90f1fc3fef1e374c4e494fb4a4e8accfe55137d0a,1,Anti-wrinkle EYE CREAM,True,0.08494296516957885,1,Anti-wrinkle EYE CREAM,True,HOLD,Anti-wrinkle EYE CREAM,True,HOLD,CORRECT,BOTH_CORRECT,UNREVIEWED,UNREVIEWED,Numerical classification only; no blind human review performed
H593-dda20b76d5b7af6159053c31,OUTCOME-0479,c88cdb15edcd25a88595edf90f1fc3fef1e374c4e494fb4a4e8accfe55137d0a,1,Anti-wrinkle EYE CREAM,True,0.07038569449346832,1,Anti-wrinkle EYE CREAM,True,HOLD,Anti-wrinkle EYE CREAM,True,HOLD,CORRECT,BOTH_CORRECT,UNREVIEWED,UNREVIEWED,Numerical classification only; no blind human review performed
H593-3c05a04b6502fb7cd73c680e,OUTCOME-0480,c88cdb15edcd25a88595edf90f1fc3fef1e374c4e494fb4a4e8accfe55137d0a,1,Anti-wrinkle EYE CREAM,True,0.10150423716621529,1,Anti-wrinkle EYE CREAM,True,HOLD,Anti-wrinkle EYE CREAM,True,HOLD,CORRECT,BOTH_CORRECT,UNREVIEWED,UNREVIEWED,Numerical classification only; no blind human review performed
H593-d34d6636f26c3f3a95c899cd,OUTCOME-0481,c88cdb15edcd25a88595edf90f1fc3fef1e374c4e494fb4a4e8accfe55137d0a,1,Anti-wrinkle EYE CREAM,True,0.06435179247507117,1,Anti-wrinkle EYE CREAM,True,HOLD,Anti-wrinkle EYE CREAM,True,HOLD,CORRECT,BOTH_CORRECT,UNREVIEWED,UNREVIEWED,Numerical classification only; no blind human review performed
H593-b290cd29a15546cc773cf283,OUTCOME-0482,c88cdb15edcd25a88595edf90f1fc3fef1e374c4e494fb4a4e8accfe55137d0a,1,Anti-wrinkle EYE CREAM,True,0.02811376859181631,4,Anti-wrinkle EYE CREAM,True,HOLD,Anti-wrinkle EYE CREAM,True,HOLD,CORRECT,BOTH_CORRECT,UNREVIEWED,UNREVIEWED,Numerical classification only; no blind human review performed
H593-e5e24ebb2040c92eaea0764e,OUTCOME-0483,c88cdb15edcd25a88595edf90f1fc3fef1e374c4e494fb4a4e8accfe55137d0a,1,Anti-wrinkle EYE CREAM,True,0.12180704338127736,1,Anti-wrinkle EYE CREAM,True,HOLD,Anti-wrinkle EYE CREAM,True,HOLD,CORRECT,BOTH_CORRECT,UNREVIEWED,UNREVIEWED,Numerical classification only; no blind human review performed
H593-3a8e211c97e4e3dda358a315,OUTCOME-0484,c88cdb15edcd25a88595edf90f1fc3fef1e374c4e494fb4a4e8accfe55137d0a,1,Anti-wrinkle EYE CREAM,True,0.10843690166495862,1,Anti-wrinkle EYE CREAM,True,HOLD,Anti-wrinkle EYE CREAM,True,HOLD,CORRECT,BOTH_CORRECT,UNREVIEWED,UNREVIEWED,Numerical classification only; no blind human review performed
H593-fa40eb493bb915b96a07206e,OUTCOME-0485,c88cdb15edcd25a88595edf90f1fc3fef1e374c4e494fb4a4e8accfe55137d0a,1,Anti-wrinkle EYE CREAM,True,0.12712098778665143,1,Anti-wrinkle EYE CREAM,True,HOLD,Anti-wrinkle EYE CREAM,True,HOLD,CORRECT,BOTH_CORRECT,UNREVIEWED,UNREVIEWED,Numerical classification only; no blind human review performed
H593-27e35a9cbecb2ef6b0c1fc10,OUTCOME-0486,c88cdb15edcd25a88595edf90f1fc3fef1e374c4e494fb4a4e8accfe55137d0a,1,Anti-wrinkle EYE CREAM,True,0.10805376416858387,1,Anti-wrinkle EYE CREAM,True,HOLD,Anti-wrinkle EYE CREAM,True,HOLD,CORRECT,BOTH_CORRECT,UNREVIEWED,UNREVIEWED,Numerical classification only; no blind human review performed
H593-b06f5f90d0a384729c6b93cb,OUTCOME-0487,c88cdb15edcd25a88595edf90f1fc3fef1e374c4e494fb4a4e8accfe55137d0a,1,Anti-wrinkle EYE CREAM,True,0.11463152650678583,1,Anti-wrinkle EYE CREAM,True,HOLD,Anti-wrinkle EYE CREAM,True,HOLD,CORRECT,BOTH_CORRECT,UNREVIEWED,UNREVIEWED,Numerical classification only; no blind human review performed
H593-7b06dd98b68f8bb5cfaf5ee9,OUTCOME-0488,c88cdb15edcd25a88595edf90f1fc3fef1e374c4e494fb4a4e8accfe55137d0a,1,Anti-wrinkle EYE CREAM,True,0.013565672045660712,64,Anti-wrinkle EYE CREAM,True,HOLD,Anti-wrinkle EYE CREAM,True,HOLD,CORRECT,BOTH_CORRECT,UNREVIEWED,UNREVIEWED,Numerical classification only; no blind human review performed
H593-506fbf0965ee584fadc5f5d1,OUTCOME-0489,0748babacede700838aa4a895d8d3238fc567929c58d772ed17e063e9856bb96,2,AntifluDesbx,True,0.14864994569769152,1,AntifluDesbx,True,HOLD,AntifluDesbx,True,HOLD,CORRECT,BOTH_CORRECT,UNREVIEWED,UNREVIEWED,Numerical classification only; no blind human review performed
H593-dcf09c09df4f20df9122bf55,OUTCOME-0490,0748babacede700838aa4a895d8d3238fc567929c58d772ed17e063e9856bb96,2,AntifluDesbx,True,0.09840689876895095,13,AntifluDesbx,True,HOLD,AntifluDesbx,True,HOLD,CORRECT,BOTH_CORRECT,UNREVIEWED,UNREVIEWED,Numerical classification only; no blind human review performed
H593-8f781475641ffa2c1fa69d45,OUTCOME-0491,0748babacede700838aa4a895d8d3238fc567929c58d772ed17e063e9856bb96,2,AntifluDesbx,True,0.02406785820483922,35,AntifluDesbx,True,HOLD,AntifluDesbx,True,HOLD,CORRECT,BOTH_CORRECT,UNREVIEWED,UNREVIEWED,Numerical classification only; no blind human review performed
H593-7c6edd0dd50c429fa6b1d952,OUTCOME-0492,0748babacede700838aa4a895d8d3238fc567929c58d772ed17e063e9856bb96,2,AntifluDesbx,True,0.03671414213538441,2,AntifluDesbx,True,HOLD,AntifluDesbx,True,HOLD,CORRECT,BOTH_CORRECT,UNREVIEWED,UNREVIEWED,Numerical classification only; no blind human review performed
H593-1e1593a08e4ed18acf833796,OUTCOME-0493,0748babacede700838aa4a895d8d3238fc567929c58d772ed17e063e9856bb96,2,AntifluDesbx,True,0.14682930389634663,1,AntifluDesbx,True,HOLD,AntifluDesbx,True,HOLD,CORRECT,BOTH_CORRECT,UNREVIEWED,UNREVIEWED,Numerical classification only; no blind human review performed
H593-ba2efedd26ed9b4bcecca71f,OUTCOME-0494,0748babacede700838aa4a895d8d3238fc567929c58d772ed17e063e9856bb96,2,AntifluDesbx,True,0.005953356776544355,116,AntifluDesbx,True,HOLD,AntifluDesbx,True,HOLD,CORRECT,BOTH_CORRECT,UNREVIEWED,UNREVIEWED,Numerical classification only; no blind human review performed
H593-0576bfe455276d27cc059542,OUTCOME-0495,0748babacede700838aa4a895d8d3238fc567929c58d772ed17e063e9856bb96,2,AntifluDesbx,True,0.03259606056431361,16,AntifluDesbx,True,HOLD,AntifluDesbx,True,HOLD,CORRECT,BOTH_CORRECT,UNREVIEWED,UNREVIEWED,Numerical classification only; no blind human review performed
H593-6643faf35f58ab82ab7e712d,OUTCOME-0496,0748babacede700838aa4a895d8d3238fc567929c58d772ed17e063e9856bb96,2,AntifluDesbx,True,0.07435195026567169,2,AntifluDesbx,True,HOLD,AntifluDesbx,True,HOLD,CORRECT,BOTH_CORRECT,UNREVIEWED,UNREVIEWED,Numerical classification only; no blind human review performed
H593-5f2533f8d63dca3775f00d6e,OUTCOME-0497,0748babacede700838aa4a895d8d3238fc567929c58d772ed17e063e9856bb96,2,AntifluDesbx,True,0.0959274506681283,2,AntifluDesbx,True,HOLD,AntifluDesbx,True,HOLD,CORRECT,BOTH_CORRECT,UNREVIEWED,UNREVIEWED,Numerical classification only; no blind human review performed
H593-379bc58daa6ab14d6b6ca05b,OUTCOME-0498,0748babacede700838aa4a895d8d3238fc567929c58d772ed17e063e9856bb96,2,AntifluDesbx,True,0.061695901217584115,1,AntifluDesbx,True,HOLD,AntifluDesbx,True,HOLD,CORRECT,BOTH_CORRECT,UNREVIEWED,UNREVIEWED,Numerical classification only; no blind human review performed
H593-f82866c3a45308bd0b16d5ac,OUTCOME-0499,0748babacede700838aa4a895d8d3238fc567929c58d772ed17e063e9856bb96,2,AntifluDesbx,True,0.058210708995725405,3,AntifluDesbx,True,HOLD,AntifluDesbx,True,HOLD,CORRECT,BOTH_CORRECT,UNREVIEWED,UNREVIEWED,Numerical classification only; no blind human review performed
H593-471a2fedf467917f9dc0140d,OUTCOME-0500,0748babacede700838aa4a895d8d3238fc567929c58d772ed17e063e9856bb96,2,AntifluDesbx,True,0.054623653786629006,1,AntifluDesbx,True,HOLD,AntifluDesbx,True,HOLD,CORRECT,BOTH_CORRECT,UNREVIEWED,UNREVIEWED,Numerical classification only; no blind human review performed
H593-ec2c7b5e62c36bab4a4ce68f,OUTCOME-0501,0748babacede700838aa4a895d8d3238fc567929c58d772ed17e063e9856bb96,2,AntifluDesbx,True,0.043446818125765826,2,AntifluDesbx,True,HOLD,AntifluDesbx,True,HOLD,CORRECT,BOTH_CORRECT,UNREVIEWED,UNREVIEWED,Numerical classification only; no blind human review performed
H593-1c5e61610edb8626ae77f9f6,OUTCOME-0502,0748babacede700838aa4a895d8d3238fc567929c58d772ed17e063e9856bb96,2,AntifluDesbx,True,0.08665615437286442,1,AntifluDesbx,True,HOLD,AntifluDesbx,True,HOLD,CORRECT,BOTH_CORRECT,UNREVIEWED,UNREVIEWED,Numerical classification only; no blind human review performed
H593-17128afb252013a8b2a0ee5f,OUTCOME-0507,5e70e07c018dad8a49c0f98df36183854e1a11398f9835189e1f22ef07f9c615,2,Baby spec cream 60 ml_Jun21-Output,True,0.09111342661341575,1,Baby spec cream 60 ml_Jun21-Output,True,HOLD,Baby spec cream 60 ml_Jun21-Output,True,HOLD,CORRECT,BOTH_CORRECT,UNREVIEWED,UNREVIEWED,Numerical classification only; no blind human review performed
H593-c967c0f887f10151135e81fc,OUTCOME-0508,5e70e07c018dad8a49c0f98df36183854e1a11398f9835189e1f22ef07f9c615,2,Baby spec cream 60 ml_Jun21-Output,True,0.1134729252874301,1,Baby spec cream 60 ml_Jun21-Output,True,HOLD,Baby spec cream 60 ml_Jun21-Output,True,HOLD,CORRECT,BOTH_CORRECT,UNREVIEWED,UNREVIEWED,Numerical classification only; no blind human review performed
H593-3ebd3543a8da2ab12dd9b943,OUTCOME-0515,5e70e07c018dad8a49c0f98df36183854e1a11398f9835189e1f22ef07f9c615,2,Baby spec cream 60 ml_Jun21-Output,True,0.12090826727654176,1,Baby spec cream 60 ml_Jun21-Output,True,HOLD,Baby spec cream 60 ml_Jun21-Output,True,HOLD,CORRECT,BOTH_CORRECT,UNREVIEWED,UNREVIEWED,Numerical classification only; no blind human review performed
H593-f99f32ee31f49704d2c9891e,OUTCOME-0518,5e70e07c018dad8a49c0f98df36183854e1a11398f9835189e1f22ef07f9c615,2,Baby spec cream 60 ml_Jun21-Output,True,0.12646542893832455,1,Baby spec cream 60 ml_Jun21-Output,True,SWITCH,Baby spec cream 60 ml_Jun21-Output,True,SWITCH,CORRECT,BOTH_CORRECT,UNREVIEWED,UNREVIEWED,Numerical classification only; no blind human review performed
H593-62a3ef9aed28fe11480a070d,OUTCOME-0528,67c564121b4c0847db261d818757e131684626ea0db83097a0e9610c7cf03222,4,SH230414C (250 ml Carton),True,0.01691039230607647,6,SH230414C (250 ml Carton),True,HOLD,SH230414C (250 ml Carton),True,HOLD,CORRECT,BOTH_CORRECT,UNREVIEWED,UNREVIEWED,Numerical classification only; no blind human review performed
H593-baaae79e1a5f7793171f450a,OUTCOME-0529,67c564121b4c0847db261d818757e131684626ea0db83097a0e9610c7cf03222,4,SH230414C (250 ml Carton),True,0.09232785158456805,1,SH230414B (100 ml Carton),False,HOLD,SH230414C (250 ml Carton),True,SWITCH,CORRECT,RESCUED_BY_492,UNREVIEWED,UNREVIEWED,Numerical classification only; no blind human review performed
H593-74f8620ac02b6e6c2a64a722,OUTCOME-0530,67c564121b4c0847db261d818757e131684626ea0db83097a0e9610c7cf03222,4,SH230414C (250 ml Carton),True,0.01285082474196352,20,SH230414B (100 ml Carton),False,HOLD,SH230414B (100 ml Carton),False,HOLD,TARGET_TOP_BUT_HOLD,BOTH_WRONG,UNREVIEWED,UNREVIEWED,Numerical classification only; no blind human review performed
H593-3414eabf1d60f67a6dba89f1,OUTCOME-0531,67c564121b4c0847db261d818757e131684626ea0db83097a0e9610c7cf03222,4,SH230414C (250 ml Carton),True,0.012867659843617582,60,SH230414B (100 ml Carton),False,HOLD,inc00-0000-02,False,SWITCH,CHALLENGER_RANKING_BLOCKED,BOTH_WRONG,UNREVIEWED,UNREVIEWED,Numerical classification only; no blind human review performed
H593-94f0441d80c908de395777ea,OUTCOME-0532,67c564121b4c0847db261d818757e131684626ea0db83097a0e9610c7cf03222,4,SH230414C (250 ml Carton),True,0.0160124060338125,20,SH230414B (100 ml Carton),False,HOLD,SH230414B (100 ml Carton),False,HOLD,TARGET_TOP_BUT_HOLD,BOTH_WRONG,UNREVIEWED,UNREVIEWED,Numerical classification only; no blind human review performed
H593-b52eb937914c8c593a72c477,OUTCOME-0533,67c564121b4c0847db261d818757e131684626ea0db83097a0e9610c7cf03222,4,SH230414C (250 ml Carton),True,0.014957124135764924,15,SH230414B (100 ml Carton),False,HOLD,SH230414B (100 ml Carton),False,HOLD,TARGET_TOP_BUT_HOLD,BOTH_WRONG,UNREVIEWED,UNREVIEWED,Numerical classification only; no blind human review performed
H593-a0c47eb239ac25d662c34c18,OUTCOME-0534,67c564121b4c0847db261d818757e131684626ea0db83097a0e9610c7cf03222,4,SH230414C (250 ml Carton),True,0.1597515581725464,1,SH230414B (100 ml Carton),False,HOLD,SH230414B (100 ml Carton),False,HOLD,TARGET_TOP_BUT_HOLD,BOTH_WRONG,UNREVIEWED,UNREVIEWED,Numerical classification only; no blind human review performed
H593-46eb5bc0f271f7e1fa17423b,OUTCOME-0535,67c564121b4c0847db261d818757e131684626ea0db83097a0e9610c7cf03222,4,SH230414C (250 ml Carton),True,0.15678870326205513,1,SH230414C (250 ml Carton),True,HOLD,SH230414C (250 ml Carton),True,HOLD,CORRECT,BOTH_CORRECT,UNREVIEWED,UNREVIEWED,Numerical classification only; no blind human review performed
H593-47f8fff9a6390d11ea60c3c3,OUTCOME-0536,67c564121b4c0847db261d818757e131684626ea0db83097a0e9610c7cf03222,4,SH230414C (250 ml Carton),True,0.16073298715034387,1,SH230414B (100 ml Carton),False,HOLD,SH230414B (100 ml Carton),False,HOLD,TARGET_TOP_BUT_HOLD,BOTH_WRONG,UNREVIEWED,UNREVIEWED,Numerical classification only; no blind human review performed
H593-30656f17b4be13cde8124a15,OUTCOME-0537,67c564121b4c0847db261d818757e131684626ea0db83097a0e9610c7cf03222,4,SH230414C (250 ml Carton),True,0.16171276015223132,1,SH230414C (250 ml Carton),True,SWITCH,SH230414C (250 ml Carton),True,SWITCH,CORRECT,BOTH_CORRECT,UNREVIEWED,UNREVIEWED,Numerical classification only; no blind human review performed
H593-f5c5e96edf25f0e9889f7a90,OUTCOME-0538,67c564121b4c0847db261d818757e131684626ea0db83097a0e9610c7cf03222,4,SH230414C (250 ml Carton),True,0.07871238614120361,1,SH230414B (100 ml Carton),False,HOLD,SH230414B (100 ml Carton),False,HOLD,TARGET_TOP_BUT_HOLD,BOTH_WRONG,UNREVIEWED,UNREVIEWED,Numerical classification only; no blind human review performed
H593-f42264b44984bda93155507c,OUTCOME-0555,1007f60c51bf2a9005809d8794f2ee0ba76987b27950ac00057798b1b3be7881,2,_Pentrexcilina Adult TOTAL RELIEF  Multi_Symptom 6 fl oz (177 ml)_comp,True,0.10214801858899232,1,cvs-44-531c-1,False,HOLD,_Pentrexcilina Adult TOTAL RELIEF  Multi_Symptom 6 fl oz (177 ml)_comp,True,SWITCH,CORRECT,RESCUED_BY_492,UNREVIEWED,UNREVIEWED,Numerical classification only; no blind human review performed
H593-cbd580ca8890e580605311e6,OUTCOME-0557,1007f60c51bf2a9005809d8794f2ee0ba76987b27950ac00057798b1b3be7881,2,_Pentrexcilina Adult TOTAL RELIEF  Multi_Symptom 6 fl oz (177 ml)_comp,True,0.06903367009356545,1,-Pentrexcilina AD 4 fl oz (RTE) EN-ES Rev 11.2024 (AKRON)_001,False,HOLD,-Pentrexcilina AD 4 fl oz (RTE) EN-ES Rev 11.2024 (AKRON)_001,False,HOLD,CHALLENGER_RANKING_BLOCKED,BOTH_WRONG,UNREVIEWED,UNREVIEWED,Numerical classification only; no blind human review performed
H593-9c93b71a9b46da8e1ed6f3db,OUTCOME-0568,1a231675f970ef17d8df9d796fcc4f991f31e3ecab14c9f45454f336dc22786a,0,alp0b-0002-29,True,0.05288038670195086,2,alp0b-0002-29,True,HOLD,alp0b-0002-29,True,HOLD,CORRECT,BOTH_CORRECT,UNREVIEWED,UNREVIEWED,Numerical classification only; no blind human review performed
H593-d29e3883066f9b27a2a4c21a,OUTCOME-0569,1a231675f970ef17d8df9d796fcc4f991f31e3ecab14c9f45454f336dc22786a,0,alp0b-0002-29,True,0.08528628598509268,2,alp0b-0002-29,True,HOLD,alp0b-0002-29,True,HOLD,CORRECT,BOTH_CORRECT,UNREVIEWED,UNREVIEWED,Numerical classification only; no blind human review performed
H593-7a2a329a01beb7a806b52b3e,OUTCOME-0576,1a231675f970ef17d8df9d796fcc4f991f31e3ecab14c9f45454f336dc22786a,0,alp0b-0002-29,True,0.10825259155167198,2,alp0b-0002-27,False,HOLD,alp0b-0002-27,False,HOLD,TARGET_TOP_BUT_HOLD,BOTH_WRONG,UNREVIEWED,UNREVIEWED,Numerical classification only; no blind human review performed
H593-0091cc1b5a6f73a4ad8d88ae,OUTCOME-0581,fa72f98eeda7c16b4963aa2c9a26bb7b6da07062d61f1935ff18b1204cf99a43,4,anti caries toothpaste carton,True,0.13697635670066444,1,anti caries toothpaste carton,True,HOLD,anti caries toothpaste carton,True,HOLD,CORRECT,BOTH_CORRECT,UNREVIEWED,UNREVIEWED,Numerical classification only; no blind human review performed
H593-979d4429602e6c4a69aa6724,OUTCOME-0585,fa72f98eeda7c16b4963aa2c9a26bb7b6da07062d61f1935ff18b1204cf99a43,4,anti caries toothpaste carton,True,0.02070066319986213,4,anti caries toothpaste carton,True,HOLD,anti caries toothpaste carton,True,HOLD,CORRECT,BOTH_CORRECT,UNREVIEWED,UNREVIEWED,Numerical classification only; no blind human review performed
H593-1bef63e477961c10e0077a91,OUTCOME-0588,fa72f98eeda7c16b4963aa2c9a26bb7b6da07062d61f1935ff18b1204cf99a43,4,anti caries toothpaste carton,True,0.023922809565844076,64,cleaner toothpaste carton,False,HOLD,cleaner toothpaste carton,False,HOLD,TARGET_TOP_BUT_HOLD,BOTH_WRONG,UNREVIEWED,UNREVIEWED,Numerical classification only; no blind human review performed
H593-14a2dd843bc26150f05949e9,OUTCOME-0593,fa72f98eeda7c16b4963aa2c9a26bb7b6da07062d61f1935ff18b1204cf99a43,4,anti caries toothpaste carton,True,0.15834864870782017,1,anti caries toothpaste carton,True,HOLD,anti caries toothpaste carton,True,HOLD,CORRECT,BOTH_CORRECT,UNREVIEWED,UNREVIEWED,Numerical classification only; no blind human review performed
H593-10e669d82eed33568754dbb1,OUTCOME-0596,fa72f98eeda7c16b4963aa2c9a26bb7b6da07062d61f1935ff18b1204cf99a43,4,anti caries toothpaste carton,True,0.10991312008306324,1,anti caries toothpaste carton,True,HOLD,anti caries toothpaste carton,True,HOLD,CORRECT,BOTH_CORRECT,UNREVIEWED,UNREVIEWED,Numerical classification only; no blind human review performed
H593-9c0aaa63096534849ab64b8c,OUTCOME-0597,c13e6a469d26dd360022a4ba3af2d2bdbb230082c9e605b822c0f5806f9b9bc9,3,askindr carton,True,0.042808937470687085,1,askindr carton,True,HOLD,askindr carton,True,HOLD,CORRECT,BOTH_CORRECT,UNREVIEWED,UNREVIEWED,Numerical classification only; no blind human review performed
H593-b4135fa9fc83b8c616fa57b7,OUTCOME-0598,c13e6a469d26dd360022a4ba3af2d2bdbb230082c9e605b822c0f5806f9b9bc9,3,askindr carton,True,0.020507016460199052,37,AMPULE ESSENCE,False,HOLD,label-cleansing,False,SWITCH,CHALLENGER_RANKING_BLOCKED,BOTH_WRONG,UNREVIEWED,UNREVIEWED,Numerical classification only; no blind human review performed
H593-9daaa4e49269fe8b0df59c8c,OUTCOME-0599,c13e6a469d26dd360022a4ba3af2d2bdbb230082c9e605b822c0f5806f9b9bc9,3,askindr carton,True,0.09948716094481003,1,askindr carton,True,HOLD,askindr carton,True,HOLD,CORRECT,BOTH_CORRECT,UNREVIEWED,UNREVIEWED,Numerical classification only; no blind human review performed
H593-2d0dc828facf9c0c8e44c960,OUTCOME-0600,c13e6a469d26dd360022a4ba3af2d2bdbb230082c9e605b822c0f5806f9b9bc9,3,askindr carton,True,0.08323079392640931,1,askindr carton,True,SWITCH,askindr carton,True,SWITCH,CORRECT,BOTH_CORRECT,UNREVIEWED,UNREVIEWED,Numerical classification only; no blind human review performed
H593-dff5ad1efb50ad282dc69f32,OUTCOME-0601,c13e6a469d26dd360022a4ba3af2d2bdbb230082c9e605b822c0f5806f9b9bc9,3,askindr carton,True,0.05391194585886426,1,askindr carton,True,HOLD,askindr carton,True,HOLD,CORRECT,BOTH_CORRECT,UNREVIEWED,UNREVIEWED,Numerical classification only; no blind human review performed
H593-7e69370b1238d0d64a7652cd,OUTCOME-0602,c13e6a469d26dd360022a4ba3af2d2bdbb230082c9e605b822c0f5806f9b9bc9,3,askindr carton,True,0.10859879836571282,1,askindr carton,True,HOLD,askindr carton,True,HOLD,CORRECT,BOTH_CORRECT,UNREVIEWED,UNREVIEWED,Numerical classification only; no blind human review performed
H593-6eed4a007d0370e035410941,OUTCOME-0603,c13e6a469d26dd360022a4ba3af2d2bdbb230082c9e605b822c0f5806f9b9bc9,3,askindr carton,True,0.13380173267329565,1,askindr carton,True,SWITCH,askindr carton,True,SWITCH,CORRECT,BOTH_CORRECT,UNREVIEWED,UNREVIEWED,Numerical classification only; no blind human review performed
H593-a1daf11a61705b1051217902,OUTCOME-0604,c13e6a469d26dd360022a4ba3af2d2bdbb230082c9e605b822c0f5806f9b9bc9,3,askindr carton,True,0.1365722713229254,1,askindr carton,True,HOLD,askindr carton,True,HOLD,CORRECT,BOTH_CORRECT,UNREVIEWED,UNREVIEWED,Numerical classification only; no blind human review performed
H593-4504245768770ed0279a4124,OUTCOME-0605,c13e6a469d26dd360022a4ba3af2d2bdbb230082c9e605b822c0f5806f9b9bc9,3,askindr carton,True,0.11621174577982968,1,askindr carton,True,SWITCH,askindr carton,True,SWITCH,CORRECT,BOTH_CORRECT,UNREVIEWED,UNREVIEWED,Numerical classification only; no blind human review performed
H593-158f7a5d2bb5969248c9eb5c,OUTCOME-0606,c13e6a469d26dd360022a4ba3af2d2bdbb230082c9e605b822c0f5806f9b9bc9,3,askindr carton,True,0.10189650909404921,1,askindr carton,True,HOLD,askindr carton,True,HOLD,CORRECT,BOTH_CORRECT,UNREVIEWED,UNREVIEWED,Numerical classification only; no blind human review performed
H593-eed1fdcec6a5fc782b62b0e2,OUTCOME-0607,b59977829e4879950db4969ecaf00ca81d1c8111d9b7a12c396ccf0401db452e,3,aspirin_nsaid-1,True,0.03520144996499321,1,aspirin_nsaid-1,True,HOLD,aspirin_nsaid-1,True,HOLD,CORRECT,BOTH_CORRECT,UNREVIEWED,UNREVIEWED,Numerical classification only; no blind human review performed
H593-f9fdc3eba36a0ac68a3dcb72,OUTCOME-0618,b59977829e4879950db4969ecaf00ca81d1c8111d9b7a12c396ccf0401db452e,3,aspirin_nsaid-1,True,0.017118070866237917,45,aspirin_nsaid-1,True,HOLD,rite-aid-44-417-1,False,SWITCH,RAW_CORRECT_BROKEN,BROKEN_BY_492,UNREVIEWED,UNREVIEWED,Numerical classification only; no blind human review performed
H593-e7f81704d24ad28f3ed69f17,OUTCOME-0623,ef7d75f57f11d1174b60813355c0cf7d7dce1009b41f2c7a54cf612906b3dea7,4,athletes-01,True,0.16005737721433352,1,athletes-01,True,HOLD,athletes-01,True,HOLD,CORRECT,BOTH_CORRECT,UNREVIEWED,UNREVIEWED,Numerical classification only; no blind human review performed
H593-02ce6b371f2907428fc96ffe,OUTCOME-0624,ef7d75f57f11d1174b60813355c0cf7d7dce1009b41f2c7a54cf612906b3dea7,4,athletes-01,True,0.030550880611447607,28,athletes-01,True,HOLD,athletes-01,True,HOLD,CORRECT,BOTH_CORRECT,UNREVIEWED,UNREVIEWED,Numerical classification only; no blind human review performed
H593-6a135758a5df59039c4dd3ef,OUTCOME-0625,ef7d75f57f11d1174b60813355c0cf7d7dce1009b41f2c7a54cf612906b3dea7,4,athletes-01,True,0.14066422377911567,1,athletes-01,True,HOLD,athletes-01,True,HOLD,CORRECT,BOTH_CORRECT,UNREVIEWED,UNREVIEWED,Numerical classification only; no blind human review performed
H593-fc81e205bf979fb6adf73655,OUTCOME-0626,ef7d75f57f11d1174b60813355c0cf7d7dce1009b41f2c7a54cf612906b3dea7,4,athletes-01,True,0.08294969397275333,1,athletes-01,True,HOLD,athletes-01,True,HOLD,CORRECT,BOTH_CORRECT,UNREVIEWED,UNREVIEWED,Numerical classification only; no blind human review performed
H593-86dacdfaa7e49eed6c7701bc,OUTCOME-0627,ef7d75f57f11d1174b60813355c0cf7d7dce1009b41f2c7a54cf612906b3dea7,4,athletes-01,True,0.07985903008230057,1,athletes-01,True,HOLD,athletes-01,True,HOLD,CORRECT,BOTH_CORRECT,UNREVIEWED,UNREVIEWED,Numerical classification only; no blind human review performed
H593-610d2220452ac13a29625c81,OUTCOME-0628,ef7d75f57f11d1174b60813355c0cf7d7dce1009b41f2c7a54cf612906b3dea7,4,athletes-01,True,0.11266233821007753,1,athletes-01,True,HOLD,athletes-01,True,HOLD,CORRECT,BOTH_CORRECT,UNREVIEWED,UNREVIEWED,Numerical classification only; no blind human review performed
H593-ea052fca527e8b385b91ced6,OUTCOME-0629,ef7d75f57f11d1174b60813355c0cf7d7dce1009b41f2c7a54cf612906b3dea7,4,athletes-01,True,0.052787556230352084,1,athletes-01,True,HOLD,athletes-01,True,HOLD,CORRECT,BOTH_CORRECT,UNREVIEWED,UNREVIEWED,Numerical classification only; no blind human review performed
H593-9b0fe03a3633ed99ecc96e21,OUTCOME-0630,ef7d75f57f11d1174b60813355c0cf7d7dce1009b41f2c7a54cf612906b3dea7,4,athletes-01,True,0.03678510507918411,1,athletes-01,True,HOLD,athletes-01,True,HOLD,CORRECT,BOTH_CORRECT,UNREVIEWED,UNREVIEWED,Numerical classification only; no blind human review performed
H593-04953480712cfc6b638e8fb2,OUTCOME-0631,ef7d75f57f11d1174b60813355c0cf7d7dce1009b41f2c7a54cf612906b3dea7,4,athletes-01,True,0.23806776810267938,1,athletes-01,True,HOLD,athletes-01,True,HOLD,CORRECT,BOTH_CORRECT,UNREVIEWED,UNREVIEWED,Numerical classification only; no blind human review performed
H593-928c2091183fb7bc5e8d8c76,OUTCOME-0632,ef7d75f57f11d1174b60813355c0cf7d7dce1009b41f2c7a54cf612906b3dea7,4,athletes-01,True,0.144437754355915,1,athletes-01,True,HOLD,athletes-01,True,HOLD,CORRECT,BOTH_CORRECT,UNREVIEWED,UNREVIEWED,Numerical classification only; no blind human review performed
H593-b6cf2130e8541c75b7a0daf3,OUTCOME-0633,ef7d75f57f11d1174b60813355c0cf7d7dce1009b41f2c7a54cf612906b3dea7,4,athletes-01,True,0.14531791291696985,1,athletes-01,True,HOLD,athletes-01,True,HOLD,CORRECT,BOTH_CORRECT,UNREVIEWED,UNREVIEWED,Numerical classification only; no blind human review performed
H593-e2472468e840fd9de1c1724f,OUTCOME-0634,ef7d75f57f11d1174b60813355c0cf7d7dce1009b41f2c7a54cf612906b3dea7,4,athletes-01,True,0.2794171747574656,1,athletes-01,True,HOLD,athletes-01,True,HOLD,CORRECT,BOTH_CORRECT,UNREVIEWED,UNREVIEWED,Numerical classification only; no blind human review performed
H593-135d0a301829fc765ac62aca,OUTCOME-0635,ef7d75f57f11d1174b60813355c0cf7d7dce1009b41f2c7a54cf612906b3dea7,4,athletes-01,True,0.07086417771744946,2,Clotrimazole_carton,False,HOLD,athletes-01,True,SWITCH,CORRECT,RESCUED_BY_492,UNREVIEWED,UNREVIEWED,Numerical classification only; no blind human review performed
H593-64732ad8af7e22ab8530b83d,OUTCOME-0636,ef7d75f57f11d1174b60813355c0cf7d7dce1009b41f2c7a54cf612906b3dea7,4,athletes-01,True,0.06601737489725855,3,athletes-01,True,SWITCH,athletes-01,True,SWITCH,CORRECT,BOTH_CORRECT,UNREVIEWED,UNREVIEWED,Numerical classification only; no blind human review performed
H593-ad671a6c4a53a334ff1c45da,OUTCOME-0637,ef7d75f57f11d1174b60813355c0cf7d7dce1009b41f2c7a54cf612906b3dea7,4,athletes-01,True,0.2984141637421536,1,athletes-01,True,HOLD,athletes-01,True,HOLD,CORRECT,BOTH_CORRECT,UNREVIEWED,UNREVIEWED,Numerical classification only; no blind human review performed
H593-46bebd9352f2e631d6c557fa,OUTCOME-0638,ef7d75f57f11d1174b60813355c0cf7d7dce1009b41f2c7a54cf612906b3dea7,4,athletes-01,True,0.01327790720937908,83,Box-71870-104-01,False,HOLD,Box-71870-104-01,False,HOLD,CHALLENGER_RANKING_BLOCKED,BOTH_WRONG,UNREVIEWED,UNREVIEWED,Numerical classification only; no blind human review performed
H593-33f89c84ccc65e07b73a31cb,OUTCOME-0650,48c57d44808de17cdd8b52db0f71a5a8fbbf9d2f4ab10a1751ec128aed4a3ff5,4,bb morning carton,True,0.08409629289802784,1,bb morning carton,True,HOLD,bb morning carton,True,HOLD,CORRECT,BOTH_CORRECT,UNREVIEWED,UNREVIEWED,Numerical classification only; no blind human review performed
H593-abc0b2f2d75d073d9b32aa3f,OUTCOME-0651,48c57d44808de17cdd8b52db0f71a5a8fbbf9d2f4ab10a1751ec128aed4a3ff5,4,bb morning carton,True,0.05526936097563469,3,3ce matte lip crayon pink leaves carton,False,HOLD,3ce matte lip crayon pink leaves carton,False,HOLD,CHALLENGER_RANKING_BLOCKED,BOTH_WRONG,UNREVIEWED,UNREVIEWED,Numerical classification only; no blind human review performed
H593-846e1664026a641b27c25c21,OUTCOME-0652,48c57d44808de17cdd8b52db0f71a5a8fbbf9d2f4ab10a1751ec128aed4a3ff5,4,bb morning carton,True,0.1379668392185353,1,bb morning carton,True,HOLD,bb morning carton,True,HOLD,CORRECT,BOTH_CORRECT,UNREVIEWED,UNREVIEWED,Numerical classification only; no blind human review performed
H593-a4b2ba6b91cb5aa793db96b5,OUTCOME-0653,48c57d44808de17cdd8b52db0f71a5a8fbbf9d2f4ab10a1751ec128aed4a3ff5,4,bb morning carton,True,0.10760607436496912,1,bb morning carton,True,HOLD,bb morning carton,True,HOLD,CORRECT,BOTH_CORRECT,UNREVIEWED,UNREVIEWED,Numerical classification only; no blind human review performed
H593-f76526c33a46334ffd03f393,OUTCOME-0654,48c57d44808de17cdd8b52db0f71a5a8fbbf9d2f4ab10a1751ec128aed4a3ff5,4,bb morning carton,True,0.13645695485286663,1,bb morning carton,True,HOLD,bb morning carton,True,HOLD,CORRECT,BOTH_CORRECT,UNREVIEWED,UNREVIEWED,Numerical classification only; no blind human review performed
H593-c358c8ad94f489bab50d45b6,OUTCOME-0655,48c57d44808de17cdd8b52db0f71a5a8fbbf9d2f4ab10a1751ec128aed4a3ff5,4,bb morning carton,True,0.1828891276618334,1,bb morning carton,True,HOLD,bb morning carton,True,HOLD,CORRECT,BOTH_CORRECT,UNREVIEWED,UNREVIEWED,Numerical classification only; no blind human review performed
H593-83ae5f0f0c0328c63ca8ba2c,OUTCOME-0656,48c57d44808de17cdd8b52db0f71a5a8fbbf9d2f4ab10a1751ec128aed4a3ff5,4,bb morning carton,True,0.1506016820924819,1,bb morning carton,True,HOLD,bb morning carton,True,HOLD,CORRECT,BOTH_CORRECT,UNREVIEWED,UNREVIEWED,Numerical classification only; no blind human review performed
H593-4b6d56a0f3762d25fcace38a,OUTCOME-0657,48c57d44808de17cdd8b52db0f71a5a8fbbf9d2f4ab10a1751ec128aed4a3ff5,4,bb morning carton,True,0.12596043084540234,1,bb morning carton,True,SWITCH,bb morning carton,True,SWITCH,CORRECT,BOTH_CORRECT,UNREVIEWED,UNREVIEWED,Numerical classification only; no blind human review performed
H593-a74031ef721651084ee88e86,OUTCOME-0658,48c57d44808de17cdd8b52db0f71a5a8fbbf9d2f4ab10a1751ec128aed4a3ff5,4,bb morning carton,True,0.05703797415991727,1,bb morning carton,True,HOLD,bb morning carton,True,HOLD,CORRECT,BOTH_CORRECT,UNREVIEWED,UNREVIEWED,Numerical classification only; no blind human review performed
H593-ce727d9df349b4a2b09b0569,OUTCOME-0659,48c57d44808de17cdd8b52db0f71a5a8fbbf9d2f4ab10a1751ec128aed4a3ff5,4,bb morning carton,True,0.1981275172877737,1,bb morning carton,True,HOLD,bb morning carton,True,HOLD,CORRECT,BOTH_CORRECT,UNREVIEWED,UNREVIEWED,Numerical classification only; no blind human review performed
H593-d2ef20eeb4ce3ad7cf1b74d2,OUTCOME-0661,e54a0a27f9b030e92d3186f1b9feb159b51d71cced53115c3612eb3000f84093,4,bbx08-0000-01,True,0.02118645456335199,19,BBCream.tube,False,HOLD,bbx08-0000-01,True,SWITCH,CORRECT,RESCUED_BY_492,UNREVIEWED,UNREVIEWED,Numerical classification only; no blind human review performed
H593-aee4be696b3cf1e9660a0043,OUTCOME-0666,e54a0a27f9b030e92d3186f1b9feb159b51d71cced53115c3612eb3000f84093,4,bbx08-0000-01,True,0.05814640684225258,1,bbx08-0000-01,True,SWITCH,bbx08-0000-01,True,SWITCH,CORRECT,BOTH_CORRECT,UNREVIEWED,UNREVIEWED,Numerical classification only; no blind human review performed
H593-3344b63a711a49110a6e1d06,OUTCOME-0669,e54a0a27f9b030e92d3186f1b9feb159b51d71cced53115c3612eb3000f84093,4,bbx08-0000-01,True,0.07759122700500247,3,bbx08-0000-01,True,HOLD,bbx08-0000-01,True,HOLD,CORRECT,BOTH_CORRECT,UNREVIEWED,UNREVIEWED,Numerical classification only; no blind human review performed
H593-29d505a42ed3f7b9bb256b2b,OUTCOME-0670,e54a0a27f9b030e92d3186f1b9feb159b51d71cced53115c3612eb3000f84093,4,bbx08-0000-01,True,0.0590018449106941,3,bbx08-0000-01,True,HOLD,bbx08-0000-01,True,HOLD,CORRECT,BOTH_CORRECT,UNREVIEWED,UNREVIEWED,Numerical classification only; no blind human review performed
H593-174dc7ecf520dfa933141c09,OUTCOME-0676,1dc9b4a228de9516b591d58e28a2763e3d2428004318636d1f9e2936718e7999,2,bravecto-07,True,0.13539147188214068,1,bravecto-05,False,HOLD,bravecto-05,False,HOLD,TARGET_TOP_BUT_HOLD,BOTH_WRONG,UNREVIEWED,UNREVIEWED,Numerical classification only; no blind human review performed
H593-51f9fd7fedf15c7a3386049d,OUTCOME-0683,1dc9b4a228de9516b591d58e28a2763e3d2428004318636d1f9e2936718e7999,2,bravecto-07,True,0.10593530471797058,1,bravecto-07,True,HOLD,bravecto-07,True,HOLD,CORRECT,BOTH_CORRECT,UNREVIEWED,UNREVIEWED,Numerical classification only; no blind human review performed
H593-13e342e35a49ea7a9a10b5ce,OUTCOME-0687,90d7a704ad7bf679580bc4dbadbe13884f491d2e338402f4d4437c2ffd66ab93,2,carton-1-gram-10-vial-pack-premier,True,0.021354530894953545,6,carton-1-gram-10-vial-pack-premier,True,HOLD,carton-1-gram-10-vial-pack-premier,True,HOLD,CORRECT,BOTH_CORRECT,UNREVIEWED,UNREVIEWED,Numerical classification only; no blind human review performed
H593-2226b02dfbc9f44bb2cdb71c,OUTCOME-0688,90d7a704ad7bf679580bc4dbadbe13884f491d2e338402f4d4437c2ffd66ab93,2,carton-1-gram-10-vial-pack-premier,True,0.02378213070259176,5,carton-1-gram-10-vial-pack-premier,True,HOLD,carton-1-gram-10-vial-pack-premier,True,HOLD,CORRECT,BOTH_CORRECT,UNREVIEWED,UNREVIEWED,Numerical classification only; no blind human review performed
H593-bfedff27526023108259df43,OUTCOME-0689,90d7a704ad7bf679580bc4dbadbe13884f491d2e338402f4d4437c2ffd66ab93,2,carton-1-gram-10-vial-pack-premier,True,0.0101005406258089,76,carton-1-gram-10-vial-pack-premier,True,HOLD,carton-1-gram-10-vial-pack-premier,True,HOLD,CORRECT,BOTH_CORRECT,UNREVIEWED,UNREVIEWED,Numerical classification only; no blind human review performed
H593-f8f2ba33e85faa63a18e6a66,OUTCOME-0690,90d7a704ad7bf679580bc4dbadbe13884f491d2e338402f4d4437c2ffd66ab93,2,carton-1-gram-10-vial-pack-premier,True,0.007894806904958125,117,carton-1-gram-10-vial-pack-premier,True,HOLD,carton-1-gram-10-vial-pack-premier,True,HOLD,CORRECT,BOTH_CORRECT,UNREVIEWED,UNREVIEWED,Numerical classification only; no blind human review performed
H593-a05ecc9947c81d4eb4b6ee3b,OUTCOME-0691,90d7a704ad7bf679580bc4dbadbe13884f491d2e338402f4d4437c2ffd66ab93,2,carton-1-gram-10-vial-pack-premier,True,0.008393714329200906,114,carton-1-gram-10-vial-pack-premier,True,HOLD,carton-1-gram-10-vial-pack-premier,True,HOLD,CORRECT,BOTH_CORRECT,UNREVIEWED,UNREVIEWED,Numerical classification only; no blind human review performed
H593-b4f7137c5b415a98210ce3e1,OUTCOME-0692,90d7a704ad7bf679580bc4dbadbe13884f491d2e338402f4d4437c2ffd66ab93,2,carton-1-gram-10-vial-pack-premier,True,0.008567501369342418,91,carton-1-gram-10-vial-pack-premier,True,HOLD,carton-1-gram-10-vial-pack-premier,True,HOLD,CORRECT,BOTH_CORRECT,UNREVIEWED,UNREVIEWED,Numerical classification only; no blind human review performed
H593-2ecb07df64c211f4edf1e8d3,OUTCOME-0693,90d7a704ad7bf679580bc4dbadbe13884f491d2e338402f4d4437c2ffd66ab93,2,carton-1-gram-10-vial-pack-premier,True,0.03178116515451385,5,carton-1-gram-10-vial-pack-premier,True,HOLD,carton-1-gram-10-vial-pack-premier,True,HOLD,CORRECT,BOTH_CORRECT,UNREVIEWED,UNREVIEWED,Numerical classification only; no blind human review performed
H593-7f9909762046898e336e4643,OUTCOME-0694,90d7a704ad7bf679580bc4dbadbe13884f491d2e338402f4d4437c2ffd66ab93,2,carton-1-gram-10-vial-pack-premier,True,0.030763425261628275,6,carton-1-gram-10-vial-pack-premier,True,HOLD,carton-1-gram-10-vial-pack-premier,True,HOLD,CORRECT,BOTH_CORRECT,UNREVIEWED,UNREVIEWED,Numerical classification only; no blind human review performed
H593-eed6c85ca855e4ae9630c4d1,OUTCOME-0695,90d7a704ad7bf679580bc4dbadbe13884f491d2e338402f4d4437c2ffd66ab93,2,carton-1-gram-10-vial-pack-premier,True,0.005467146698090489,123,cetacaine-01,False,HOLD,cetacaine-01,False,HOLD,CHALLENGER_RANKING_BLOCKED,BOTH_WRONG,UNREVIEWED,UNREVIEWED,Numerical classification only; no blind human review performed
H593-4a5e17cb5c478c7f39d47e05,OUTCOME-0696,90d7a704ad7bf679580bc4dbadbe13884f491d2e338402f4d4437c2ffd66ab93,2,carton-1-gram-10-vial-pack-premier,True,0.03828190385719659,1,carton-1-gram-10-vial-pack-premier,True,HOLD,carton-1-gram-10-vial-pack-premier,True,HOLD,CORRECT,BOTH_CORRECT,UNREVIEWED,UNREVIEWED,Numerical classification only; no blind human review performed
H593-94c8aface219e35791ceaea6,OUTCOME-0697,90d7a704ad7bf679580bc4dbadbe13884f491d2e338402f4d4437c2ffd66ab93,2,carton-1-gram-10-vial-pack-premier,True,0.01957867321935887,87,carton-1-gram-10-vial-pack-premier,True,HOLD,carton-1-gram-10-vial-pack-premier,True,HOLD,CORRECT,BOTH_CORRECT,UNREVIEWED,UNREVIEWED,Numerical classification only; no blind human review performed
H593-9609a1ade70bc285b43d714c,OUTCOME-0698,90d7a704ad7bf679580bc4dbadbe13884f491d2e338402f4d4437c2ffd66ab93,2,carton-1-gram-10-vial-pack-premier,True,0.029403125352515696,33,carton-1-gram-10-vial-pack-premier,True,HOLD,carton-1-gram-10-vial-pack-premier,True,HOLD,CORRECT,BOTH_CORRECT,UNREVIEWED,UNREVIEWED,Numerical classification only; no blind human review performed
H593-8084a71b01d9f785089e6ccd,OUTCOME-0699,90d7a704ad7bf679580bc4dbadbe13884f491d2e338402f4d4437c2ffd66ab93,2,carton-1-gram-10-vial-pack-premier,True,0.017378436714219386,65,carton-1-gram-10-vial-pack-premier,True,HOLD,carton-1-gram-10-vial-pack-premier,True,HOLD,CORRECT,BOTH_CORRECT,UNREVIEWED,UNREVIEWED,Numerical classification only; no blind human review performed
H593-715fe4641e960fade94872da,OUTCOME-0700,90d7a704ad7bf679580bc4dbadbe13884f491d2e338402f4d4437c2ffd66ab93,2,carton-1-gram-10-vial-pack-premier,True,0.07198307198710316,1,carton-1-gram-10-vial-pack-premier,True,HOLD,carton-1-gram-10-vial-pack-premier,True,HOLD,CORRECT,BOTH_CORRECT,UNREVIEWED,UNREVIEWED,Numerical classification only; no blind human review performed
H593-55dca419c3a60e609c284564,OUTCOME-0701,90d7a704ad7bf679580bc4dbadbe13884f491d2e338402f4d4437c2ffd66ab93,2,carton-1-gram-10-vial-pack-premier,True,0.008635432647862424,101,carton-1-gram-10-vial-pack-premier,True,HOLD,carton-1-gram-10-vial-pack-premier,True,HOLD,CORRECT,BOTH_CORRECT,UNREVIEWED,UNREVIEWED,Numerical classification only; no blind human review performed
H593-a736a2eceec87049c2d34564,OUTCOME-0702,90d7a704ad7bf679580bc4dbadbe13884f491d2e338402f4d4437c2ffd66ab93,2,carton-1-gram-10-vial-pack-premier,True,0.015693091015566363,75,carton-1-gram-10-vial-pack-premier,True,HOLD,carton-1-gram-10-vial-pack-premier,True,HOLD,CORRECT,BOTH_CORRECT,UNREVIEWED,UNREVIEWED,Numerical classification only; no blind human review performed
H593-978f4b594ec67d209cdfd758,OUTCOME-0704,86244889a9cf4aa3df9f971885f8dfcec40ce965b829d12b7deb1eb31c2e4e44,0,ciprofloxacin-ophthalmic-solution-2pt5ml-carton,True,0.011852388984660301,24,ciprofloxacin-ophthalmic-solution-2pt5ml-carton,True,HOLD,ciprofloxacin-ophthalmic-solution-2pt5ml-carton,True,HOLD,CORRECT,BOTH_CORRECT,UNREVIEWED,UNREVIEWED,Numerical classification only; no blind human review performed
H593-31aaa7c97fbc81e06383e85f,OUTCOME-0705,86244889a9cf4aa3df9f971885f8dfcec40ce965b829d12b7deb1eb31c2e4e44,0,ciprofloxacin-ophthalmic-solution-2pt5ml-carton,True,0.08945454445572915,1,ciprofloxacin-ophthalmic-solution-2pt5ml-carton,True,HOLD,ciprofloxacin-ophthalmic-solution-2pt5ml-carton,True,HOLD,CORRECT,BOTH_CORRECT,UNREVIEWED,UNREVIEWED,Numerical classification only; no blind human review performed
H593-05b3ce4ffdc0d30f9d3abac9,OUTCOME-0706,86244889a9cf4aa3df9f971885f8dfcec40ce965b829d12b7deb1eb31c2e4e44,0,ciprofloxacin-ophthalmic-solution-2pt5ml-carton,True,0.02206056969213327,1,ciprofloxacin-ophthalmic-solution-2pt5ml-carton,True,HOLD,ciprofloxacin-ophthalmic-solution-2pt5ml-carton,True,HOLD,CORRECT,BOTH_CORRECT,UNREVIEWED,UNREVIEWED,Numerical classification only; no blind human review performed
H593-1b38ef6880169a631e184725,OUTCOME-0707,86244889a9cf4aa3df9f971885f8dfcec40ce965b829d12b7deb1eb31c2e4e44,0,ciprofloxacin-ophthalmic-solution-2pt5ml-carton,True,0.013006365789021883,72,ciprofloxacin-ophthalmic-solution-2pt5ml-carton,True,HOLD,ciprofloxacin-ophthalmic-solution-2pt5ml-carton,True,HOLD,CORRECT,BOTH_CORRECT,UNREVIEWED,UNREVIEWED,Numerical classification only; no blind human review performed
H593-72fa544dc79ae7a09a7d75c3,OUTCOME-0708,86244889a9cf4aa3df9f971885f8dfcec40ce965b829d12b7deb1eb31c2e4e44,0,ciprofloxacin-ophthalmic-solution-2pt5ml-carton,True,0.023031274703449265,1,ciprofloxacin-ophthalmic-solution-2pt5ml-carton,True,HOLD,ciprofloxacin-ophthalmic-solution-2pt5ml-carton,True,HOLD,CORRECT,BOTH_CORRECT,UNREVIEWED,UNREVIEWED,Numerical classification only; no blind human review performed
H593-2e843bf03a9cb860ec035d26,OUTCOME-0709,86244889a9cf4aa3df9f971885f8dfcec40ce965b829d12b7deb1eb31c2e4e44,0,ciprofloxacin-ophthalmic-solution-2pt5ml-carton,True,0.16176697679956495,1,ciprofloxacin-ophthalmic-solution-2pt5ml-carton,True,HOLD,ciprofloxacin-ophthalmic-solution-2pt5ml-carton,True,HOLD,CORRECT,BOTH_CORRECT,UNREVIEWED,UNREVIEWED,Numerical classification only; no blind human review performed
H593-2494f10623fb760ff3b647d7,OUTCOME-0710,86244889a9cf4aa3df9f971885f8dfcec40ce965b829d12b7deb1eb31c2e4e44,0,ciprofloxacin-ophthalmic-solution-2pt5ml-carton,True,0.17850274233272942,1,ciprofloxacin-ophthalmic-solution-2pt5ml-carton,True,HOLD,ciprofloxacin-ophthalmic-solution-2pt5ml-carton,True,HOLD,CORRECT,BOTH_CORRECT,UNREVIEWED,UNREVIEWED,Numerical classification only; no blind human review performed
H593-094186f2ba40a8fa08ad355b,OUTCOME-0711,86244889a9cf4aa3df9f971885f8dfcec40ce965b829d12b7deb1eb31c2e4e44,0,ciprofloxacin-ophthalmic-solution-2pt5ml-carton,True,0.16377520191660402,1,ciprofloxacin-ophthalmic-solution-2pt5ml-carton,True,HOLD,ciprofloxacin-ophthalmic-solution-2pt5ml-carton,True,HOLD,CORRECT,BOTH_CORRECT,UNREVIEWED,UNREVIEWED,Numerical classification only; no blind human review performed
H593-82accb6320d90d4f40f6aee3,OUTCOME-0712,86244889a9cf4aa3df9f971885f8dfcec40ce965b829d12b7deb1eb31c2e4e44,0,ciprofloxacin-ophthalmic-solution-2pt5ml-carton,True,0.07203722036645724,4,ciprofloxacin-ophthalmic-solution-2pt5ml-carton,True,HOLD,ciprofloxacin-ophthalmic-solution-2pt5ml-carton,True,HOLD,CORRECT,BOTH_CORRECT,UNREVIEWED,UNREVIEWED,Numerical classification only; no blind human review performed
H593-dee44c3e2310634d9bc6b455,OUTCOME-0713,86244889a9cf4aa3df9f971885f8dfcec40ce965b829d12b7deb1eb31c2e4e44,0,ciprofloxacin-ophthalmic-solution-2pt5ml-carton,True,0.0474644891831697,1,ciprofloxacin-ophthalmic-solution-2pt5ml-carton,True,HOLD,ciprofloxacin-ophthalmic-solution-2pt5ml-carton,True,HOLD,CORRECT,BOTH_CORRECT,UNREVIEWED,UNREVIEWED,Numerical classification only; no blind human review performed
H593-3450f0a1d858a2df9e5e9058,OUTCOME-0714,86244889a9cf4aa3df9f971885f8dfcec40ce965b829d12b7deb1eb31c2e4e44,0,ciprofloxacin-ophthalmic-solution-2pt5ml-carton,True,0.027893930871533145,1,ciprofloxacin-ophthalmic-solution-2pt5ml-carton,True,HOLD,ciprofloxacin-ophthalmic-solution-2pt5ml-carton,True,HOLD,CORRECT,BOTH_CORRECT,UNREVIEWED,UNREVIEWED,Numerical classification only; no blind human review performed
H593-a1bceaf731739690029b37c4,OUTCOME-0715,86244889a9cf4aa3df9f971885f8dfcec40ce965b829d12b7deb1eb31c2e4e44,0,ciprofloxacin-ophthalmic-solution-2pt5ml-carton,True,0.03346407610612162,8,ciprofloxacin-ophthalmic-solution-2pt5ml-carton,True,HOLD,ciprofloxacin-ophthalmic-solution-2pt5ml-carton,True,HOLD,CORRECT,BOTH_CORRECT,UNREVIEWED,UNREVIEWED,Numerical classification only; no blind human review performed
H593-ad73d224791055826ef7876e,OUTCOME-0716,d3d9e86636e760b3c7ab9d0366cce29c32d905942a4e7efc24b4feb559ccafdb,2,cuvitru-19,True,0.011408641071397368,33,cuvitru-19,True,HOLD,cuvitru-19,True,HOLD,CORRECT,BOTH_CORRECT,UNREVIEWED,UNREVIEWED,Numerical classification only; no blind human review performed
H593-60d3d272fcf4945ce1b4cfad,OUTCOME-0717,d3d9e86636e760b3c7ab9d0366cce29c32d905942a4e7efc24b4feb559ccafdb,2,cuvitru-19,True,0.007966815854753355,94,cuvitru-19,True,HOLD,cuvitru-13,False,SWITCH,RAW_CORRECT_BROKEN,BROKEN_BY_492,UNREVIEWED,UNREVIEWED,Numerical classification only; no blind human review performed
H593-35b1f3a33258743e93f63965,OUTCOME-0718,d3d9e86636e760b3c7ab9d0366cce29c32d905942a4e7efc24b4feb559ccafdb,2,cuvitru-19,True,0.06725033624059186,1,cuvitru-19,True,HOLD,cuvitru-19,True,HOLD,CORRECT,BOTH_CORRECT,UNREVIEWED,UNREVIEWED,Numerical classification only; no blind human review performed
H593-2e8ca9e124da2d21f42ee190,OUTCOME-0719,d3d9e86636e760b3c7ab9d0366cce29c32d905942a4e7efc24b4feb559ccafdb,2,cuvitru-19,True,0.06921688341562274,1,cuvitru-19,True,HOLD,cuvitru-19,True,HOLD,CORRECT,BOTH_CORRECT,UNREVIEWED,UNREVIEWED,Numerical classification only; no blind human review performed
H593-29b067277aef7b28b3547a97,OUTCOME-0720,d3d9e86636e760b3c7ab9d0366cce29c32d905942a4e7efc24b4feb559ccafdb,2,cuvitru-19,True,0.010797343588376387,49,cuvitru-19,True,HOLD,cuvitru-19,True,HOLD,CORRECT,BOTH_CORRECT,UNREVIEWED,UNREVIEWED,Numerical classification only; no blind human review performed
H593-6e81425780a0e9f03a924de4,OUTCOME-0721,d3d9e86636e760b3c7ab9d0366cce29c32d905942a4e7efc24b4feb559ccafdb,2,cuvitru-19,True,0.1308369225057071,1,cuvitru-19,True,HOLD,cuvitru-13,False,SWITCH,RAW_CORRECT_BROKEN,BROKEN_BY_492,UNREVIEWED,UNREVIEWED,Numerical classification only; no blind human review performed
H593-e0504cc23358865e805ab7d8,OUTCOME-0722,d3d9e86636e760b3c7ab9d0366cce29c32d905942a4e7efc24b4feb559ccafdb,2,cuvitru-19,True,0.0521710665843541,2,cuvitru-19,True,HOLD,cuvitru-13,False,SWITCH,RAW_CORRECT_BROKEN,BROKEN_BY_492,UNREVIEWED,UNREVIEWED,Numerical classification only; no blind human review performed
H593-f56cf6023f8dcccac4693b08,OUTCOME-0723,d3d9e86636e760b3c7ab9d0366cce29c32d905942a4e7efc24b4feb559ccafdb,2,cuvitru-19,True,0.15299448754095385,1,cuvitru-19,True,HOLD,cuvitru-19,True,HOLD,CORRECT,BOTH_CORRECT,UNREVIEWED,UNREVIEWED,Numerical classification only; no blind human review performed
H593-d436f10dfd701cc9385e8423,OUTCOME-0724,d3d9e86636e760b3c7ab9d0366cce29c32d905942a4e7efc24b4feb559ccafdb,2,cuvitru-19,True,0.14224286431821662,1,cuvitru-19,True,HOLD,cuvitru-19,True,HOLD,CORRECT,BOTH_CORRECT,UNREVIEWED,UNREVIEWED,Numerical classification only; no blind human review performed
H593-2bae4a6fe6f937a87545fde2,OUTCOME-0725,d3d9e86636e760b3c7ab9d0366cce29c32d905942a4e7efc24b4feb559ccafdb,2,cuvitru-19,True,0.0475763280658269,2,cuvitru-19,True,HOLD,cuvitru-19,True,HOLD,CORRECT,BOTH_CORRECT,UNREVIEWED,UNREVIEWED,Numerical classification only; no blind human review performed
H593-4cdc50b55891617da26d2e7a,OUTCOME-0726,d3d9e86636e760b3c7ab9d0366cce29c32d905942a4e7efc24b4feb559ccafdb,2,cuvitru-19,True,0.1508927124164873,1,cuvitru-19,True,HOLD,cuvitru-19,True,HOLD,CORRECT,BOTH_CORRECT,UNREVIEWED,UNREVIEWED,Numerical classification only; no blind human review performed
H593-02060e3d320616b952a39654,OUTCOME-0727,0afd089c456e855f9466067a75179f94b4fb386831d044fd18ff0bcd22e0d3f4,2,dro0b-0001-04,True,0.11836053374024598,1,dro0b-0001-04,True,HOLD,dro0b-0001-04,True,HOLD,CORRECT,BOTH_CORRECT,UNREVIEWED,UNREVIEWED,Numerical classification only; no blind human review performed
H593-20c36189f2e4e46a9590ae78,OUTCOME-0728,0afd089c456e855f9466067a75179f94b4fb386831d044fd18ff0bcd22e0d3f4,2,dro0b-0001-04,True,0.020445421622409678,8,dro0b-0001-04,True,HOLD,dro0b-0001-04,True,HOLD,CORRECT,BOTH_CORRECT,UNREVIEWED,UNREVIEWED,Numerical classification only; no blind human review performed
H593-d4eb99839abe07f70ec9fa06,OUTCOME-0729,0afd089c456e855f9466067a75179f94b4fb386831d044fd18ff0bcd22e0d3f4,2,dro0b-0001-04,True,0.09620055292384305,1,dro0b-0001-04,True,HOLD,dro0b-0001-04,True,HOLD,CORRECT,BOTH_CORRECT,UNREVIEWED,UNREVIEWED,Numerical classification only; no blind human review performed
H593-d093d4d47fdd62dc2cac68b2,OUTCOME-0730,0afd089c456e855f9466067a75179f94b4fb386831d044fd18ff0bcd22e0d3f4,2,dro0b-0001-04,True,0.0529618341865903,3,dro0b-0001-04,True,SWITCH,dro0b-0001-04,True,SWITCH,CORRECT,BOTH_CORRECT,UNREVIEWED,UNREVIEWED,Numerical classification only; no blind human review performed
H593-c2c8b91bd700c1354b6e6ee9,OUTCOME-0731,0afd089c456e855f9466067a75179f94b4fb386831d044fd18ff0bcd22e0d3f4,2,dro0b-0001-04,True,0.08696357902608318,1,dro0b-0001-04,True,HOLD,dro0b-0001-04,True,HOLD,CORRECT,BOTH_CORRECT,UNREVIEWED,UNREVIEWED,Numerical classification only; no blind human review performed
H593-1cf0eabcc44cfc60588f292c,OUTCOME-0732,0afd089c456e855f9466067a75179f94b4fb386831d044fd18ff0bcd22e0d3f4,2,dro0b-0001-04,True,0.20468229386889472,1,dro0b-0001-04,True,HOLD,dro0b-0001-04,True,HOLD,CORRECT,BOTH_CORRECT,UNREVIEWED,UNREVIEWED,Numerical classification only; no blind human review performed
H593-789352ff1b5b65e23c400aa3,OUTCOME-0733,0afd089c456e855f9466067a75179f94b4fb386831d044fd18ff0bcd22e0d3f4,2,dro0b-0001-04,True,0.11241337558742588,1,dro0b-0001-03,False,HOLD,dro0b-0001-03,False,HOLD,TARGET_TOP_BUT_HOLD,BOTH_WRONG,UNREVIEWED,UNREVIEWED,Numerical classification only; no blind human review performed
H593-5bf76899256100e280a80e1d,OUTCOME-0734,0afd089c456e855f9466067a75179f94b4fb386831d044fd18ff0bcd22e0d3f4,2,dro0b-0001-04,True,0.10341069820393099,1,dro0b-0001-04,True,HOLD,dro0b-0001-04,True,HOLD,CORRECT,BOTH_CORRECT,UNREVIEWED,UNREVIEWED,Numerical classification only; no blind human review performed
H593-25bb54d111079fe02df38114,OUTCOME-0735,0afd089c456e855f9466067a75179f94b4fb386831d044fd18ff0bcd22e0d3f4,2,dro0b-0001-04,True,0.1685606010505006,1,dro0b-0001-04,True,HOLD,dro0b-0001-04,True,HOLD,CORRECT,BOTH_CORRECT,UNREVIEWED,UNREVIEWED,Numerical classification only; no blind human review performed
H593-8a536eb4afa1e192028304cb,OUTCOME-0736,0afd089c456e855f9466067a75179f94b4fb386831d044fd18ff0bcd22e0d3f4,2,dro0b-0001-04,True,0.06297392599898655,2,dro0b-0001-04,True,HOLD,dro0b-0001-04,True,HOLD,CORRECT,BOTH_CORRECT,UNREVIEWED,UNREVIEWED,Numerical classification only; no blind human review performed
H593-55896fed273be6f353312f56,OUTCOME-0737,0afd089c456e855f9466067a75179f94b4fb386831d044fd18ff0bcd22e0d3f4,2,dro0b-0001-04,True,0.225495826718164,1,dro0b-0001-04,True,HOLD,dro0b-0001-04,True,HOLD,CORRECT,BOTH_CORRECT,UNREVIEWED,UNREVIEWED,Numerical classification only; no blind human review performed
H593-14386333d65f4c444d23e372,OUTCOME-0738,0afd089c456e855f9466067a75179f94b4fb386831d044fd18ff0bcd22e0d3f4,2,dro0b-0001-04,True,0.28604991924523415,1,dro0b-0001-04,True,HOLD,dro0b-0001-04,True,HOLD,CORRECT,BOTH_CORRECT,UNREVIEWED,UNREVIEWED,Numerical classification only; no blind human review performed
H593-e8352d4faef37224ec8d3c87,OUTCOME-0742,30a739efc9fa2fbc6556b4a23a5b909fd205591b6158bb099a4dd09818a8f35e,3,int07-0006-04,True,0.023891876100695642,30,int07-0006-03,False,HOLD,int07-0006-03,False,HOLD,CHALLENGER_RANKING_BLOCKED,BOTH_WRONG,UNREVIEWED,UNREVIEWED,Numerical classification only; no blind human review performed
H593-3937b8534db594248fbab03f,OUTCOME-0747,30a739efc9fa2fbc6556b4a23a5b909fd205591b6158bb099a4dd09818a8f35e,3,int07-0006-04,True,0.031532937876868956,30,int07-0006-03,False,HOLD,int07-0006-03,False,HOLD,CHALLENGER_RANKING_BLOCKED,BOTH_WRONG,UNREVIEWED,UNREVIEWED,Numerical classification only; no blind human review performed
H593-8471180120a9a4d1308aa35b,OUTCOME-0748,30a739efc9fa2fbc6556b4a23a5b909fd205591b6158bb099a4dd09818a8f35e,3,int07-0006-04,True,0.2866802070097126,3,int07-0006-06,False,HOLD,int07-0006-06,False,HOLD,CHALLENGER_RANKING_BLOCKED,BOTH_WRONG,UNREVIEWED,UNREVIEWED,Numerical classification only; no blind human review performed
H593-b186925ccb62a97d1f49a9a6,OUTCOME-0751,a5cc6cd71cb98a23641d9032f2abdbe55a284b95eedc14e13d1ab9d93b7adc76,1,kedbumin-02,True,0.021403284235366585,4,kedbumin-02,True,HOLD,kedbumin-02,True,HOLD,CORRECT,BOTH_CORRECT,UNREVIEWED,UNREVIEWED,Numerical classification only; no blind human review performed
H593-147ee84e2fed004258fe44bc,OUTCOME-0752,a5cc6cd71cb98a23641d9032f2abdbe55a284b95eedc14e13d1ab9d93b7adc76,1,kedbumin-02,True,0.04790779965794538,1,kedbumin-02,True,HOLD,kedbumin-02,True,HOLD,CORRECT,BOTH_CORRECT,UNREVIEWED,UNREVIEWED,Numerical classification only; no blind human review performed
H593-7c5d7856df1eaee4c5e9743d,OUTCOME-0753,a5cc6cd71cb98a23641d9032f2abdbe55a284b95eedc14e13d1ab9d93b7adc76,1,kedbumin-02,True,0.031084039525537236,1,kedbumin-02,True,HOLD,kedbumin-02,True,HOLD,CORRECT,BOTH_CORRECT,UNREVIEWED,UNREVIEWED,Numerical classification only; no blind human review performed
H593-31a7078fc5358b3fbdc70c42,OUTCOME-0754,a5cc6cd71cb98a23641d9032f2abdbe55a284b95eedc14e13d1ab9d93b7adc76,1,kedbumin-02,True,0.01748338088072163,6,kedbumin-02,True,HOLD,kedbumin-02,True,HOLD,CORRECT,BOTH_CORRECT,UNREVIEWED,UNREVIEWED,Numerical classification only; no blind human review performed
H593-297ba148574e09f5723aa6b7,OUTCOME-0755,a5cc6cd71cb98a23641d9032f2abdbe55a284b95eedc14e13d1ab9d93b7adc76,1,kedbumin-02,True,0.017617813207075925,8,D3312W,False,HOLD,D3312W,False,HOLD,CHALLENGER_RANKING_BLOCKED,BOTH_WRONG,UNREVIEWED,UNREVIEWED,Numerical classification only; no blind human review performed
H593-1aee8f8c27c19ea85c3d7d4b,OUTCOME-0756,a5cc6cd71cb98a23641d9032f2abdbe55a284b95eedc14e13d1ab9d93b7adc76,1,kedbumin-02,True,0.011720323281329619,28,kedbumin-02,True,HOLD,kedbumin-02,True,HOLD,CORRECT,BOTH_CORRECT,UNREVIEWED,UNREVIEWED,Numerical classification only; no blind human review performed
H593-e074e8a735231d914b14563a,OUTCOME-0757,a5cc6cd71cb98a23641d9032f2abdbe55a284b95eedc14e13d1ab9d93b7adc76,1,kedbumin-02,True,0.1173086656546677,1,kedbumin-02,True,HOLD,kedbumin-02,True,HOLD,CORRECT,BOTH_CORRECT,UNREVIEWED,UNREVIEWED,Numerical classification only; no blind human review performed
H593-7b7e5008423565e7dabb7046,OUTCOME-0758,a5cc6cd71cb98a23641d9032f2abdbe55a284b95eedc14e13d1ab9d93b7adc76,1,kedbumin-02,True,0.02840339842541862,5,kedbumin-02,True,HOLD,kedbumin-02,True,HOLD,CORRECT,BOTH_CORRECT,UNREVIEWED,UNREVIEWED,Numerical classification only; no blind human review performed
H593-c46f21293cefba88bf549fbf,OUTCOME-0759,a5cc6cd71cb98a23641d9032f2abdbe55a284b95eedc14e13d1ab9d93b7adc76,1,kedbumin-02,True,0.04426695532526669,2,kedbumin-02,True,HOLD,kedbumin-02,True,HOLD,CORRECT,BOTH_CORRECT,UNREVIEWED,UNREVIEWED,Numerical classification only; no blind human review performed
H593-0188e7f7150a7aaf05c23614,OUTCOME-0760,a5cc6cd71cb98a23641d9032f2abdbe55a284b95eedc14e13d1ab9d93b7adc76,1,kedbumin-02,True,0.07765543486411347,1,kedbumin-02,True,HOLD,kedbumin-02,True,HOLD,CORRECT,BOTH_CORRECT,UNREVIEWED,UNREVIEWED,Numerical classification only; no blind human review performed
H593-7d0da05ef415f738c2552977,OUTCOME-0761,a5cc6cd71cb98a23641d9032f2abdbe55a284b95eedc14e13d1ab9d93b7adc76,1,kedbumin-02,True,0.1098168098857073,1,kedbumin-02,True,HOLD,kedbumin-02,True,HOLD,CORRECT,BOTH_CORRECT,UNREVIEWED,UNREVIEWED,Numerical classification only; no blind human review performed
H593-46428f82969f19c1f035978b,OUTCOME-0762,a5cc6cd71cb98a23641d9032f2abdbe55a284b95eedc14e13d1ab9d93b7adc76,1,kedbumin-02,True,0.11056245869388921,1,kedbumin-02,True,HOLD,kedbumin-02,True,HOLD,CORRECT,BOTH_CORRECT,UNREVIEWED,UNREVIEWED,Numerical classification only; no blind human review performed
H593-ffa09c9771998a865907952c,OUTCOME-0763,a5cc6cd71cb98a23641d9032f2abdbe55a284b95eedc14e13d1ab9d93b7adc76,1,kedbumin-02,True,0.04830255232252406,1,kedbumin-02,True,HOLD,kedbumin-02,True,HOLD,CORRECT,BOTH_CORRECT,UNREVIEWED,UNREVIEWED,Numerical classification only; no blind human review performed
H593-8266ebf78426769d3bbbec9c,OUTCOME-0764,a5cc6cd71cb98a23641d9032f2abdbe55a284b95eedc14e13d1ab9d93b7adc76,1,kedbumin-02,True,0.0623981968811261,1,kedbumin-02,True,HOLD,kedbumin-02,True,HOLD,CORRECT,BOTH_CORRECT,UNREVIEWED,UNREVIEWED,Numerical classification only; no blind human review performed
H593-1fb1391bf43d4e4f4cfc1fa5,OUTCOME-0765,2aa1e6c4bb63c1bf91f9200ac8983a2fdb8a3d86fcbc58c5f88c921023045af6,1,lox01-0004-14,True,0.07538919498960193,1,lox01-0004-14,True,HOLD,lox01-0004-14,True,HOLD,CORRECT,BOTH_CORRECT,UNREVIEWED,UNREVIEWED,Numerical classification only; no blind human review performed
H593-8a0c8f3872f6604400a4f5a3,OUTCOME-0766,2aa1e6c4bb63c1bf91f9200ac8983a2fdb8a3d86fcbc58c5f88c921023045af6,1,lox01-0004-14,True,0.013830854197549978,83,lox01-0004-14,True,HOLD,lox01-0004-14,True,HOLD,CORRECT,BOTH_CORRECT,UNREVIEWED,UNREVIEWED,Numerical classification only; no blind human review performed
H593-dc202d508f99c4a7bcb3f66b,OUTCOME-0767,2aa1e6c4bb63c1bf91f9200ac8983a2fdb8a3d86fcbc58c5f88c921023045af6,1,lox01-0004-14,True,0.013526013094270373,86,lox01-0004-14,True,HOLD,lox01-0004-14,True,HOLD,CORRECT,BOTH_CORRECT,UNREVIEWED,UNREVIEWED,Numerical classification only; no blind human review performed
H593-55ba8ad94b75fd7b8b1484d7,OUTCOME-0768,2aa1e6c4bb63c1bf91f9200ac8983a2fdb8a3d86fcbc58c5f88c921023045af6,1,lox01-0004-14,True,0.1733243725723904,1,lox01-0004-14,True,HOLD,lox01-0004-14,True,HOLD,CORRECT,BOTH_CORRECT,UNREVIEWED,UNREVIEWED,Numerical classification only; no blind human review performed
H593-3e371fe7d77d82719a05830d,OUTCOME-0769,2aa1e6c4bb63c1bf91f9200ac8983a2fdb8a3d86fcbc58c5f88c921023045af6,1,lox01-0004-14,True,0.025698569852716895,6,meloxidyl-10,False,HOLD,lox01-0004-14,True,SWITCH,CORRECT,RESCUED_BY_492,UNREVIEWED,UNREVIEWED,Numerical classification only; no blind human review performed
H593-118dee9f38aacba8f825b966,OUTCOME-0770,2aa1e6c4bb63c1bf91f9200ac8983a2fdb8a3d86fcbc58c5f88c921023045af6,1,lox01-0004-14,True,0.07118956883261285,1,lox01-0004-14,True,HOLD,lox01-0004-14,True,HOLD,CORRECT,BOTH_CORRECT,UNREVIEWED,UNREVIEWED,Numerical classification only; no blind human review performed
H593-56dd45ec2e7deff86e812509,OUTCOME-0771,2aa1e6c4bb63c1bf91f9200ac8983a2fdb8a3d86fcbc58c5f88c921023045af6,1,lox01-0004-14,True,0.043976393689464176,1,lox01-0004-14,True,HOLD,lox01-0004-14,True,HOLD,CORRECT,BOTH_CORRECT,UNREVIEWED,UNREVIEWED,Numerical classification only; no blind human review performed
H593-ae9be56a1902c7848b38571b,OUTCOME-0772,2aa1e6c4bb63c1bf91f9200ac8983a2fdb8a3d86fcbc58c5f88c921023045af6,1,lox01-0004-14,True,0.07213046441661061,1,lox01-0004-14,True,HOLD,lox01-0004-14,True,HOLD,CORRECT,BOTH_CORRECT,UNREVIEWED,UNREVIEWED,Numerical classification only; no blind human review performed
H593-596fedd7ad0dd56b9b06d758,OUTCOME-0773,2aa1e6c4bb63c1bf91f9200ac8983a2fdb8a3d86fcbc58c5f88c921023045af6,1,lox01-0004-14,True,0.07267141423982655,1,lox01-0004-14,True,HOLD,lox01-0004-14,True,HOLD,CORRECT,BOTH_CORRECT,UNREVIEWED,UNREVIEWED,Numerical classification only; no blind human review performed
H593-0ee088c09f80add39585ed84,OUTCOME-0774,2aa1e6c4bb63c1bf91f9200ac8983a2fdb8a3d86fcbc58c5f88c921023045af6,1,lox01-0004-14,True,0.07696940733873799,1,lox01-0004-14,True,HOLD,lox01-0004-14,True,HOLD,CORRECT,BOTH_CORRECT,UNREVIEWED,UNREVIEWED,Numerical classification only; no blind human review performed
H593-8d6854acb79630102d79485a,OUTCOME-0779,b769c5976cb5ff7ce3b894e9be1b36db00c2256a127a7bbb82bac0dfb917368d,2,mirataz-06,True,0.05586454512335374,1,mirataz-06,True,HOLD,mirataz-06,True,HOLD,CORRECT,BOTH_CORRECT,UNREVIEWED,UNREVIEWED,Numerical classification only; no blind human review performed
H593-772d4e717709ffb1faaa4751,OUTCOME-0781,b769c5976cb5ff7ce3b894e9be1b36db00c2256a127a7bbb82bac0dfb917368d,2,mirataz-06,True,0.03278100045678873,3,mirataz-06,True,HOLD,mirataz-06,True,HOLD,CORRECT,BOTH_CORRECT,UNREVIEWED,UNREVIEWED,Numerical classification only; no blind human review performed
H593-856f6cccd12a19abbefd0068,OUTCOME-0791,b769c5976cb5ff7ce3b894e9be1b36db00c2256a127a7bbb82bac0dfb917368d,2,mirataz-06,True,0.018050504648104426,48,mirataz-06,True,HOLD,mirataz-06,True,HOLD,CORRECT,BOTH_CORRECT,UNREVIEWED,UNREVIEWED,Numerical classification only; no blind human review performed
H593-49f22736fa0dc6e88308fe6e,OUTCOME-0792,b769c5976cb5ff7ce3b894e9be1b36db00c2256a127a7bbb82bac0dfb917368d,2,mirataz-06,True,0.16413067560484043,1,mirataz-06,True,HOLD,mirataz-06,True,HOLD,CORRECT,BOTH_CORRECT,UNREVIEWED,UNREVIEWED,Numerical classification only; no blind human review performed
H593-3871dee39d9099c42505f688,OUTCOME-0793,d03ec6170d58ac2d6198068ac9aa233411e9b70ad6019840f643fdabcc4a9adf,3,tul01-0001-02,True,0.08200927879917475,1,tul01-0001-02,True,HOLD,tul01-0001-02,True,HOLD,CORRECT,BOTH_CORRECT,UNREVIEWED,UNREVIEWED,Numerical classification only; no blind human review performed
H593-61dd525ce4c64a94855321cf,OUTCOME-0794,d03ec6170d58ac2d6198068ac9aa233411e9b70ad6019840f643fdabcc4a9adf,3,tul01-0001-02,True,0.01645911105436277,40,tul01-0001-02,True,HOLD,Doraject injectable solution-100 mL Carton,False,SWITCH,RAW_CORRECT_BROKEN,BROKEN_BY_492,UNREVIEWED,UNREVIEWED,Numerical classification only; no blind human review performed
H593-ddead65d98e659c927cda92c,OUTCOME-0795,d03ec6170d58ac2d6198068ac9aa233411e9b70ad6019840f643fdabcc4a9adf,3,tul01-0001-02,True,0.01684444207920613,37,tul01-0001-02,True,HOLD,tul01-0001-02,True,HOLD,CORRECT,BOTH_CORRECT,UNREVIEWED,UNREVIEWED,Numerical classification only; no blind human review performed
H593-3bd92d539d92b456362d66d2,OUTCOME-0796,d03ec6170d58ac2d6198068ac9aa233411e9b70ad6019840f643fdabcc4a9adf,3,tul01-0001-02,True,0.06980451494834027,1,tul01-0001-02,True,HOLD,tul01-0001-02,True,HOLD,CORRECT,BOTH_CORRECT,UNREVIEWED,UNREVIEWED,Numerical classification only; no blind human review performed
H593-00f945a36392a04124513f2c,OUTCOME-0797,d03ec6170d58ac2d6198068ac9aa233411e9b70ad6019840f643fdabcc4a9adf,3,tul01-0001-02,True,0.02280255781868821,4,Ampigrin_Ultra_Forte,False,HOLD,50 & 100 Caplets_Page_2,False,SWITCH,CHALLENGER_RANKING_BLOCKED,BOTH_WRONG,UNREVIEWED,UNREVIEWED,Numerical classification only; no blind human review performed
H593-de5f802ba95b660402a7eb35,OUTCOME-0798,d03ec6170d58ac2d6198068ac9aa233411e9b70ad6019840f643fdabcc4a9adf,3,tul01-0001-02,True,0.01969690942060717,15,tul01-0001-02,True,HOLD,tul01-0001-02,True,HOLD,CORRECT,BOTH_CORRECT,UNREVIEWED,UNREVIEWED,Numerical classification only; no blind human review performed
H593-497d7b354503fb6abfe8e638,OUTCOME-0799,d03ec6170d58ac2d6198068ac9aa233411e9b70ad6019840f643fdabcc4a9adf,3,tul01-0001-02,True,0.019159733185761755,5,tul01-0001-02,True,HOLD,tul01-0001-02,True,HOLD,CORRECT,BOTH_CORRECT,UNREVIEWED,UNREVIEWED,Numerical classification only; no blind human review performed
H593-dcd3ccb47c9158d5e5bf7f4f,OUTCOME-0800,d03ec6170d58ac2d6198068ac9aa233411e9b70ad6019840f643fdabcc4a9adf,3,tul01-0001-02,True,0.1431811164390223,1,tul01-0001-02,True,HOLD,tul01-0001-02,True,HOLD,CORRECT,BOTH_CORRECT,UNREVIEWED,UNREVIEWED,Numerical classification only; no blind human review performed
H593-9d9064b348467a8bd0f8b9e3,OUTCOME-0801,d03ec6170d58ac2d6198068ac9aa233411e9b70ad6019840f643fdabcc4a9adf,3,tul01-0001-02,True,0.11720291670304343,1,tul01-0001-02,True,HOLD,tul01-0001-02,True,HOLD,CORRECT,BOTH_CORRECT,UNREVIEWED,UNREVIEWED,Numerical classification only; no blind human review performed
H593-439c6d740783fc06dffdae7a,OUTCOME-0802,d03ec6170d58ac2d6198068ac9aa233411e9b70ad6019840f643fdabcc4a9adf,3,tul01-0001-02,True,0.14547610426126784,1,tul01-0001-02,True,HOLD,tul01-0001-02,True,HOLD,CORRECT,BOTH_CORRECT,UNREVIEWED,UNREVIEWED,Numerical classification only; no blind human review performed
H593-acbecf04ad7226d889b6b827,OUTCOME-0804,d03ec6170d58ac2d6198068ac9aa233411e9b70ad6019840f643fdabcc4a9adf,3,tul01-0001-02,True,0.1373910386440854,1,tul01-0001-02,True,HOLD,tul01-0001-02,True,HOLD,CORRECT,BOTH_CORRECT,UNREVIEWED,UNREVIEWED,Numerical classification only; no blind human review performed
H593-45a4b48fd7d584ff912c32cd,OUTCOME-0805,d03ec6170d58ac2d6198068ac9aa233411e9b70ad6019840f643fdabcc4a9adf,3,tul01-0001-02,True,0.15393836332084246,1,tul01-0001-02,True,HOLD,tul01-0001-02,True,HOLD,CORRECT,BOTH_CORRECT,UNREVIEWED,UNREVIEWED,Numerical classification only; no blind human review performed
H593-4a83dc5dd057d6229c12ae0e,OUTCOME-0806,d03ec6170d58ac2d6198068ac9aa233411e9b70ad6019840f643fdabcc4a9adf,3,tul01-0001-02,True,0.01147422182786527,42,tul01-0001-02,True,HOLD,tul01-0001-02,True,HOLD,CORRECT,BOTH_CORRECT,UNREVIEWED,UNREVIEWED,Numerical classification only; no blind human review performed
H593-276677dccfa68da5f45534b2,OUTCOME-0807,d03ec6170d58ac2d6198068ac9aa233411e9b70ad6019840f643fdabcc4a9adf,3,tul01-0001-02,False,,,ART-SP10764,False,HOLD,ART-SP10764,False,HOLD,TARGET_ABSENT,BOTH_WRONG,UNREVIEWED,UNREVIEWED,Numerical classification only; no blind human review performed
H593-ff10afe9bea632bb497326c1,OUTCOME-0808,7abc0d7c0e302804a40dcf309dece25b925a424ae8a43fd70cd693d41ebfc54f,2,vetoryl-09,True,0.11750312851493881,2,vetoryl-09,True,HOLD,vetoryl-09,True,HOLD,CORRECT,BOTH_CORRECT,UNREVIEWED,UNREVIEWED,Numerical classification only; no blind human review performed
H593-17e5724183278e475c4a304d,OUTCOME-0809,7abc0d7c0e302804a40dcf309dece25b925a424ae8a43fd70cd693d41ebfc54f,2,vetoryl-09,True,0.023567902019544385,3,vetoryl-05,False,HOLD,vetoryl-09,True,SWITCH,CORRECT,RESCUED_BY_492,UNREVIEWED,UNREVIEWED,Numerical classification only; no blind human review performed
H593-0923651f03329ad9587b7927,OUTCOME-0810,7abc0d7c0e302804a40dcf309dece25b925a424ae8a43fd70cd693d41ebfc54f,2,vetoryl-09,True,0.02231057943766387,8,vetoryl-05,False,HOLD,vetoryl-05,False,HOLD,CHALLENGER_RANKING_BLOCKED,BOTH_WRONG,UNREVIEWED,UNREVIEWED,Numerical classification only; no blind human review performed
H593-19cc2c81ca081e39a7d72b99,OUTCOME-0811,7abc0d7c0e302804a40dcf309dece25b925a424ae8a43fd70cd693d41ebfc54f,2,vetoryl-09,True,0.02205479793010359,7,felimazole-03,False,HOLD,felimazole-03,False,HOLD,CHALLENGER_RANKING_BLOCKED,BOTH_WRONG,UNREVIEWED,UNREVIEWED,Numerical classification only; no blind human review performed
H593-53f1fabaea0e77a8ad271caf,OUTCOME-0812,7abc0d7c0e302804a40dcf309dece25b925a424ae8a43fd70cd693d41ebfc54f,2,vetoryl-09,True,0.047133042792670346,3,vetoryl-04,False,HOLD,vetoryl-04,False,HOLD,TARGET_TOP_BUT_HOLD,BOTH_WRONG,UNREVIEWED,UNREVIEWED,Numerical classification only; no blind human review performed
H593-04bd54f85fedc55966f9ee04,OUTCOME-0813,7abc0d7c0e302804a40dcf309dece25b925a424ae8a43fd70cd693d41ebfc54f,2,vetoryl-09,True,0.013976071946035406,50,vetoryl-09,True,HOLD,vetoryl-09,True,HOLD,CORRECT,BOTH_CORRECT,UNREVIEWED,UNREVIEWED,Numerical classification only; no blind human review performed
H593-56ea0b6924407c2819a6f9f9,OUTCOME-0814,7abc0d7c0e302804a40dcf309dece25b925a424ae8a43fd70cd693d41ebfc54f,2,vetoryl-09,True,0.023414264746626876,10,vetoryl-05,False,HOLD,vetoryl-05,False,HOLD,CHALLENGER_RANKING_BLOCKED,BOTH_WRONG,UNREVIEWED,UNREVIEWED,Numerical classification only; no blind human review performed
H593-d95db08b3f39be7256ba6c14,OUTCOME-0815,7abc0d7c0e302804a40dcf309dece25b925a424ae8a43fd70cd693d41ebfc54f,2,vetoryl-09,True,0.18857266481877544,2,vetoryl-05,False,SWITCH,vetoryl-05,False,SWITCH,CHALLENGER_RANKING_BLOCKED,BOTH_WRONG,UNREVIEWED,UNREVIEWED,Numerical classification only; no blind human review performed
H593-bb070f8673390afcb71bba1f,OUTCOME-0816,7abc0d7c0e302804a40dcf309dece25b925a424ae8a43fd70cd693d41ebfc54f,2,vetoryl-09,True,0.1494443408479459,1,vetoryl-09,True,HOLD,vetoryl-09,True,HOLD,CORRECT,BOTH_CORRECT,UNREVIEWED,UNREVIEWED,Numerical classification only; no blind human review performed
H593-264b94be0b6f4ab3ec07cfb5,OUTCOME-0817,7abc0d7c0e302804a40dcf309dece25b925a424ae8a43fd70cd693d41ebfc54f,2,vetoryl-09,True,0.019355525036519685,21,vetoryl-09,True,HOLD,vetoryl-09,True,HOLD,CORRECT,BOTH_CORRECT,UNREVIEWED,UNREVIEWED,Numerical classification only; no blind human review performed
H593-8bb2544752c9d69209d15c50,OUTCOME-0818,7abc0d7c0e302804a40dcf309dece25b925a424ae8a43fd70cd693d41ebfc54f,2,vetoryl-09,True,0.1557434682122843,1,vetoryl-08,False,HOLD,vetoryl-08,False,HOLD,TARGET_TOP_BUT_HOLD,BOTH_WRONG,UNREVIEWED,UNREVIEWED,Numerical classification only; no blind human review performed
H593-820e5167c392828d4e579768,OUTCOME-0819,7abc0d7c0e302804a40dcf309dece25b925a424ae8a43fd70cd693d41ebfc54f,2,vetoryl-09,True,0.07972710733233733,1,vetoryl-04,False,HOLD,vetoryl-04,False,HOLD,CHALLENGER_RANKING_BLOCKED,BOTH_WRONG,UNREVIEWED,UNREVIEWED,Numerical classification only; no blind human review performed
H593-c311ba2ac614da95fb3ed97e,OUTCOME-0820,7abc0d7c0e302804a40dcf309dece25b925a424ae8a43fd70cd693d41ebfc54f,2,vetoryl-09,True,0.01758542207514334,47,80mgCarton,False,HOLD,80mgCarton,False,HOLD,CHALLENGER_RANKING_BLOCKED,BOTH_WRONG,UNREVIEWED,UNREVIEWED,Numerical classification only; no blind human review performed
H593-600a237ce0d7753df38cf902,OUTCOME-0821,7abc0d7c0e302804a40dcf309dece25b925a424ae8a43fd70cd693d41ebfc54f,2,vetoryl-09,True,0.08049304508412283,1,vetoryl-04,False,HOLD,vetoryl-04,False,HOLD,TARGET_TOP_BUT_HOLD,BOTH_WRONG,UNREVIEWED,UNREVIEWED,Numerical classification only; no blind human review performed
