fold,arm,stage,query_id,identity,target_present,baseline_loss,model_loss,delta_loss,baseline_correct,model_correct,baseline_selected,model_selected
0,TOKEN_QR,selected_inner,H593-03168677fa508c139372f0ed,469584,True,0.001078443827582528,4.936818520914732e-08,-0.001078394459397319,True,True,1032,1032
0,TOKEN_QR,selected_inner,H593-059b70b913c381ca4c02e851,0003,True,0.018577990101015376,4.939030852179484e-06,-0.018573051070163195,True,True,518,518
0,TOKEN_QR,selected_inner,H593-0745854000292039c9c10f33,734-uw-mint-mini-nicotine-lozenge,True,1.4254982099014724,1.070014296738918,-0.35548391316255445,True,True,1130,1130
0,TOKEN_QR,selected_inner,H593-08297e272b0164e6fdd42e9f,734-uw-mint-mini-nicotine-lozenge,True,1.7352050008392914,0.01662932684300955,-1.7185756739962819,False,True,3368,1130
0,TOKEN_QR,selected_inner,H593-097dd2637a0f46ccbfb61ff4,469584,True,0.005020570575968739,4.5503021665841526e-05,-0.0049750675543028975,True,True,1032,1032
0,TOKEN_QR,selected_inner,H593-0ac0e839567fe775450fa642,4_Kids_Oral_Pain_Relief,True,2.630292155478074e-05,7.924771949771227e-13,-2.6302920762303543e-05,True,True,608,608
0,TOKEN_QR,selected_inner,H593-0c19fd5a9f5839f926c4ae57,77l96n1c1,True,2.3600016022308586e-05,5.102931409458907e-10,-2.359950572916764e-05,True,True,4861,4861
0,TOKEN_QR,selected_inner,H593-0c93295a4efc661bc7464f47,2021 Lice Freee!_6ozPOP R2a,True,1.2215490525759827,0.09202548383885034,-1.1295235687371323,True,True,567,567
0,TOKEN_QR,selected_inner,H593-0de8c65af51ef20333889d71,469584,True,0.09553747868619443,0.0138692648665117,-0.08166821381968273,True,True,1032,1032
0,TOKEN_QR,selected_inner,H593-156bfb4a63653eec1f65ecda,469584,True,0.0556724389139352,0.0030870982423015954,-0.052585340671633604,True,True,1032,1032
0,TOKEN_QR,selected_inner,H593-163df34acba78d2b4f94a0d0,77l96n1c1,True,0.020082952585787028,0.0005390362899850729,-0.019543916295801954,True,True,4861,4861
0,TOKEN_QR,selected_inner,H593-178d10ad3076a41e89d549dd,Bacitracin Zinc Ointment USP Carton 0.5oz(14.2g) Rev 02-22,True,0.1613769906248193,0.06737409904596704,-0.09400289157885226,True,True,1652,1652
0,TOKEN_QR,selected_inner,H593-1dd405f920b439879fc89b2c,77l96n1c1,True,0.001881108433828318,2.2912930797120883e-06,-0.0018788171407486058,True,True,4861,4861
0,TOKEN_QR,selected_inner,H593-1e69202f59c1e38274747acc,200000002710_Final,True,2.7790166614024834,0.26803187399859674,-2.5109847874038866,False,True,1966,935
0,TOKEN_QR,selected_inner,H593-22df23c2ff5577aea691a22b,2021 Lice Freee!_6ozPOP R2a,True,0.016912203435958353,2.8744333528475334e-06,-0.016909329002605507,True,True,567,567
0,TOKEN_QR,selected_inner,H593-2822f2513c87ee22a59ce51b,4_Kids_Oral_Pain_Relief,True,2.1090211235005226e-05,6.061817714434982e-12,-2.109020517318751e-05,True,True,608,608
0,TOKEN_QR,selected_inner,H593-2acfe07e77226545b2ae0e10,77l96n1c1,True,4.286819682896423,4.814473767592023,0.5276540846955999,False,False,4984,4984
0,TOKEN_QR,selected_inner,H593-2e44547e6a7fb1f39cc27d3a,4_Kids_Oral_Pain_Relief,True,3.679076252738293e-05,9.080292073763004e-12,-3.6790753447090856e-05,True,True,608,608
0,TOKEN_QR,selected_inner,H593-2e5153cd0e9bd1dddbb75dea,200000002710_Final,True,3.331634115794575,1.2109356173223587,-2.1206984984722164,False,False,1966,1966
0,TOKEN_QR,selected_inner,H593-2fa24ad21b4ed56f150b2b7a,2021 Lice Freee!_6ozPOP R2a,True,0.0006481652365942186,1.7989210105346738e-09,-0.0006481634376732081,True,True,567,567
0,TOKEN_QR,held_outer_refit,H593-00db0e83284b1620da33639a,60 mg Comfor-trate Tab,True,0.46266061684943155,0.45487909238420005,-0.007781524465231504,True,True,64,64
0,TOKEN_QR,held_outer_refit,H593-01371ddf81e97f382dca84d8,60 mg Comfor-trate Tab,True,0.5028160571055644,0.8595220403434312,0.35670598323786673,True,True,64,64
0,TOKEN_QR,held_outer_refit,H593-01539eca5c5afd1c6d5ccda2,75 100s carton,True,0.0005056671533673249,8.823786145805538e-11,-0.0005056670651294635,True,True,4855,4855
0,TOKEN_QR,held_outer_refit,H593-02543adf69ee9391380f4ee6,45mg PFS CArton,True,0.001868897356034112,1.902321526639218e-08,-0.0018688783328188454,True,True,4830,4830
0,TOKEN_QR,held_outer_refit,H593-059423d2642d803097a5e092,160mgcarton,True,0.4547697488185694,0.2355006787784989,-0.2192690700400705,True,True,19,19
0,TOKEN_QR,held_outer_refit,H593-05b3ce4ffdc0d30f9d3abac9,ciprofloxacin-ophthalmic-solution-2pt5ml-carton,True,0.05942047658823847,0.005573304510970173,-0.0538471720772683,True,True,5053,5053
0,TOKEN_QR,held_outer_refit,H593-082cd2a46d9b304893a3587c,80mg-cart-np,True,0.0012251049681274457,3.341180803422753e-05,-0.0011916931600932182,True,True,4865,4865
0,TOKEN_QR,held_outer_refit,H593-094186f2ba40a8fa08ad355b,ciprofloxacin-ophthalmic-solution-2pt5ml-carton,True,0.0012933272054005216,1.064822229823027e-09,-0.0012933261405782919,True,True,5053,5053
0,TOKEN_QR,held_outer_refit,H593-09ce47090a8b579fa3833638,83324304-60,True,0.005799244404897274,0.00039078618362577096,-0.005408458221271503,True,True,1145,1145
0,TOKEN_QR,held_outer_refit,H593-0a87021a30d8b6a9de32f2b3,6941714017-1,True,0.0007247409605543137,3.56050597731419e-05,-0.0006891359007811718,True,True,1114,1114
0,TOKEN_QR,held_outer_refit,H593-0dd4951a9b49124b8f24958f,766-e9-infants-pain-and-fever,True,0.0888797315100668,0.0009588719265670673,-0.08792085958349972,True,True,1134,1134
0,TOKEN_QR,held_outer_refit,H593-0e5d73ab749914eaaeb680ae,766-e9-infants-pain-and-fever,False,0.04356086310749657,0.05631889150567001,0.012758028398173436,False,False,4075,4326
0,TOKEN_QR,held_outer_refit,H593-0e8e2230acf18be9984a101b,766-e9-infants-pain-and-fever,True,0.12790080172002885,0.0025133412703892267,-0.12538746044963964,True,True,1134,1134
0,TOKEN_QR,held_outer_refit,H593-102e05de4bdefbe546c83578,964901_LR,False,0.5088951445390247,0.28040378144427297,-0.22849136309475176,False,False,3252,3252
0,TOKEN_QR,held_outer_refit,H593-1608d9630ec3a84e25e593bc,6941714017-1,True,0.7216890913514291,0.008433885004889063,-0.71325520634654,True,True,1114,1114
0,TOKEN_QR,held_outer_refit,H593-172289962b84290bc00b6b57,83324304-60,True,0.025186081806263604,0.003480981138241424,-0.02170510066802218,True,True,1145,1145
0,TOKEN_QR,held_outer_refit,H593-1a93fb96ae91549c4629e69e,6941714017-1,True,0.003171914579383615,0.00029413655070894336,-0.0028777780286746717,True,True,1114,1114
0,TOKEN_QR,held_outer_refit,H593-1ab5d06d095c1ab6749b227c,83324304-60,True,0.029693296143643286,0.0007805112818241506,-0.028912784861819134,True,True,1145,1145
0,TOKEN_QR,held_outer_refit,H593-1af45e7f0d56a52adeb60b07,964901_LR,True,3.2328977316349716,0.7368562817019795,-2.496041449932992,False,True,1980,1183
0,TOKEN_QR,held_outer_refit,H593-1b38ef6880169a631e184725,ciprofloxacin-ophthalmic-solution-2pt5ml-carton,True,0.5321848932156117,0.2158626689376892,-0.31632222427792245,True,True,5053,5053
0,TOKEN_QR,held_outer_refit,H593-1bab76bb2cce8605543067d4,964901_LR,True,0.0019907327922094762,4.884364106034199e-07,-0.001990244355798873,True,True,1183,1183
0,TOKEN_QR,held_outer_refit,H593-1bdb2bfae2aae669afa4627f,964901_LR,True,0.0067500812863045484,3.928950097712897e-05,-0.006710791785327419,True,True,1183,1183
0,TOKEN_QR,held_outer_refit,H593-1ef966932ba70ca899b49b6f,75 100s carton,True,0.0016820142267515426,4.924391104975599e-09,-0.0016820093023604376,True,True,4855,4855
0,TOKEN_QR,held_outer_refit,H593-20fdadbf18ce1e0e1a0746a9,766-e9-infants-pain-and-fever,True,3.559212997722897,2.912422742748666,-0.6467902549742308,False,False,3887,3887
0,TOKEN_QR,held_outer_refit,H593-2446df0fcadbf0831876d7dc,83324304-60,True,1.1308339579119677,0.2603348210836638,-0.8704991368283039,True,True,1145,1145
0,TOKEN_QR,held_outer_refit,H593-2494f10623fb760ff3b647d7,ciprofloxacin-ophthalmic-solution-2pt5ml-carton,True,0.000318631565712341,1.8991253012829664e-10,-0.00031863137579981086,True,True,5053,5053
0,TOKEN_QR,held_outer_refit,H593-257581a6d8113bc829cc4f7d,766-e9-infants-pain-and-fever,True,0.0030499883032170916,4.9631875154851804e-08,-0.0030499386713419368,True,True,1134,1134
0,TOKEN_QR,held_outer_refit,H593-2799023fa51eeb3333651a78,6941714017-1,True,0.010404202015563047,0.0008843843727151187,-0.009519817642847928,True,True,1114,1114
0,TOKEN_QR,held_outer_refit,H593-2a09bc7ee67cc38fba44400e,6941714017-1,True,0.00036690385913999246,7.190930836477228e-08,-0.0003668319498316277,True,True,1114,1114
0,TOKEN_QR,held_outer_refit,H593-2ad687a1c029e9f33146503b,int08-0008-17,True,1.160400187271351,0.3053497560749281,-0.8550504311964229,True,True,395,395
0,TOKEN_QR,held_outer_refit,H593-2e843bf03a9cb860ec035d26,ciprofloxacin-ophthalmic-solution-2pt5ml-carton,True,0.0013454865009138281,2.595477829288204e-09,-0.001345483905435999,True,True,5053,5053
0,TOKEN_QR,held_outer_refit,H593-30d56e7ebdd8d445dd0c0837,766-e9-infants-pain-and-fever,True,0.01740023536449081,1.63446352172221e-06,-0.017398600900969088,True,True,1134,1134
0,TOKEN_QR,held_outer_refit,H593-30df437866a92249e15d556f,766-e9-infants-pain-and-fever,True,0.033877866809055406,0.001242350693410398,-0.03263551611564501,True,True,1134,1134
0,TOKEN_QR,held_outer_refit,H593-3138eb9150d5fc2ff0b21e85,160 mg Comfor-trate Tab,True,0.3961358069161491,0.19222873732689089,-0.2039070695892582,True,True,16,16
0,TOKEN_QR,held_outer_refit,H593-315859149cbadcf0a035cb5b,766-e9-infants-pain-and-fever,True,0.010114223152639426,4.08473217848935e-05,-0.010073375830854532,True,True,1134,1134
0,TOKEN_QR,held_outer_refit,H593-31aaa7c97fbc81e06383e85f,ciprofloxacin-ophthalmic-solution-2pt5ml-carton,True,0.00034616255364868317,3.092027808174439e-08,-0.0003461316333706014,True,True,5053,5053
0,TOKEN_QR,held_outer_refit,H593-327f0627e7abd208ae771d92,60 mg Comfor-trate Tab,True,0.4631757714882011,0.19984955617772016,-0.26332621531048095,True,True,64,64
0,TOKEN_QRR_ANCHOR,selected_inner,H593-03168677fa508c139372f0ed,469584,True,0.001078443827582528,3.668587632996873e-08,-0.001078407141706198,True,True,1032,1032
0,TOKEN_QRR_ANCHOR,selected_inner,H593-059b70b913c381ca4c02e851,0003,True,0.018577990101015376,6.380670882847818e-06,-0.018571609430132526,True,True,518,518
0,TOKEN_QRR_ANCHOR,selected_inner,H593-0745854000292039c9c10f33,734-uw-mint-mini-nicotine-lozenge,True,1.4254982099014724,0.8355993387847453,-0.589898871116727,True,True,1130,1130
0,TOKEN_QRR_ANCHOR,selected_inner,H593-08297e272b0164e6fdd42e9f,734-uw-mint-mini-nicotine-lozenge,True,1.7352050008392914,0.019280915910342422,-1.715924084928949,False,True,3368,1130
0,TOKEN_QRR_ANCHOR,selected_inner,H593-097dd2637a0f46ccbfb61ff4,469584,True,0.005020570575968739,8.382620724743936e-06,-0.005012187955243995,True,True,1032,1032
0,TOKEN_QRR_ANCHOR,selected_inner,H593-0ac0e839567fe775450fa642,4_Kids_Oral_Pain_Relief,True,2.630292155478074e-05,5.228750765558923e-11,-2.630286926727308e-05,True,True,608,608
0,TOKEN_QRR_ANCHOR,selected_inner,H593-0c19fd5a9f5839f926c4ae57,77l96n1c1,True,2.3600016022308586e-05,3.4697245071078213e-10,-2.3599669049857876e-05,True,True,4861,4861
0,TOKEN_QRR_ANCHOR,selected_inner,H593-0c93295a4efc661bc7464f47,2021 Lice Freee!_6ozPOP R2a,True,1.2215490525759827,0.06105252991410026,-1.1604965226618824,True,True,567,567
0,TOKEN_QRR_ANCHOR,selected_inner,H593-0de8c65af51ef20333889d71,469584,True,0.09553747868619443,0.006081726683681457,-0.08945575200251298,True,True,1032,1032
0,TOKEN_QRR_ANCHOR,selected_inner,H593-156bfb4a63653eec1f65ecda,469584,True,0.0556724389139352,0.003184160789922471,-0.05248827812401273,True,True,1032,1032
0,TOKEN_QRR_ANCHOR,selected_inner,H593-163df34acba78d2b4f94a0d0,77l96n1c1,True,0.020082952585787028,0.00010062944154477606,-0.019982323144242253,True,True,4861,4861
0,TOKEN_QRR_ANCHOR,selected_inner,H593-178d10ad3076a41e89d549dd,Bacitracin Zinc Ointment USP Carton 0.5oz(14.2g) Rev 02-22,True,0.1613769906248193,0.04876934171288818,-0.11260764891193112,True,True,1652,1652
0,TOKEN_QRR_ANCHOR,selected_inner,H593-1dd405f920b439879fc89b2c,77l96n1c1,True,0.001881108433828318,6.748115330071527e-07,-0.0018804336222953107,True,True,4861,4861
0,TOKEN_QRR_ANCHOR,selected_inner,H593-1e69202f59c1e38274747acc,200000002710_Final,True,2.7790166614024834,0.3266713981924969,-2.4523452632099865,False,True,1966,935
0,TOKEN_QRR_ANCHOR,selected_inner,H593-22df23c2ff5577aea691a22b,2021 Lice Freee!_6ozPOP R2a,True,0.016912203435958353,5.191314137336069e-06,-0.016907012121821018,True,True,567,567
0,TOKEN_QRR_ANCHOR,selected_inner,H593-2822f2513c87ee22a59ce51b,4_Kids_Oral_Pain_Relief,True,2.1090211235005226e-05,8.711587006946757e-11,-2.1090124119135156e-05,True,True,608,608
0,TOKEN_QRR_ANCHOR,selected_inner,H593-2acfe07e77226545b2ae0e10,77l96n1c1,True,4.286819682896423,5.06668862346939,0.7798689405729666,False,False,4984,4984
0,TOKEN_QRR_ANCHOR,selected_inner,H593-2e44547e6a7fb1f39cc27d3a,4_Kids_Oral_Pain_Relief,True,3.679076252738293e-05,1.575963803777276e-10,-3.679060493100255e-05,True,True,608,608
0,TOKEN_QRR_ANCHOR,selected_inner,H593-2e5153cd0e9bd1dddbb75dea,200000002710_Final,True,3.331634115794575,1.2374776140088484,-2.0941565017857267,False,False,1966,1966
0,TOKEN_QRR_ANCHOR,selected_inner,H593-2fa24ad21b4ed56f150b2b7a,2021 Lice Freee!_6ozPOP R2a,True,0.0006481652365942186,2.3513372083844942e-08,-0.0006481417232221348,True,True,567,567
0,TOKEN_QRR_ANCHOR,held_outer_refit,H593-00db0e83284b1620da33639a,60 mg Comfor-trate Tab,True,0.46266061684943155,0.10323540627293963,-0.3594252105764919,True,True,64,64
0,TOKEN_QRR_ANCHOR,held_outer_refit,H593-01371ddf81e97f382dca84d8,60 mg Comfor-trate Tab,True,0.5028160571055644,0.35813727002144047,-0.14467878708412396,True,True,64,64
0,TOKEN_QRR_ANCHOR,held_outer_refit,H593-01539eca5c5afd1c6d5ccda2,75 100s carton,True,0.0005056671533673249,8.851985810628525e-11,-0.0005056670648474668,True,True,4855,4855
0,TOKEN_QRR_ANCHOR,held_outer_refit,H593-02543adf69ee9391380f4ee6,45mg PFS CArton,True,0.001868897356034112,2.5858648522320885e-09,-0.0018688947701692596,True,True,4830,4830
0,TOKEN_QRR_ANCHOR,held_outer_refit,H593-059423d2642d803097a5e092,160mgcarton,True,0.4547697488185694,0.14560786886182003,-0.3091618799567494,True,True,19,19
0,TOKEN_QRR_ANCHOR,held_outer_refit,H593-05b3ce4ffdc0d30f9d3abac9,ciprofloxacin-ophthalmic-solution-2pt5ml-carton,True,0.05942047658823847,0.00031992025234095636,-0.05910055633589752,True,True,5053,5053
0,TOKEN_QRR_ANCHOR,held_outer_refit,H593-082cd2a46d9b304893a3587c,80mg-cart-np,True,0.0012251049681274457,7.842727134286912e-07,-0.001224320695414017,True,True,4865,4865
0,TOKEN_QRR_ANCHOR,held_outer_refit,H593-094186f2ba40a8fa08ad355b,ciprofloxacin-ophthalmic-solution-2pt5ml-carton,True,0.0012933272054005216,1.2806689041757034e-10,-0.0012933270773336312,True,True,5053,5053
0,TOKEN_QRR_ANCHOR,held_outer_refit,H593-09ce47090a8b579fa3833638,83324304-60,True,0.005799244404897274,1.1879733795032373e-05,-0.005787364671102241,True,True,1145,1145
0,TOKEN_QRR_ANCHOR,held_outer_refit,H593-0a87021a30d8b6a9de32f2b3,6941714017-1,True,0.0007247409605543137,3.3364118285336113e-06,-0.0007214045487257801,True,True,1114,1114
0,TOKEN_QRR_ANCHOR,held_outer_refit,H593-0dd4951a9b49124b8f24958f,766-e9-infants-pain-and-fever,True,0.0888797315100668,2.315541485129157e-05,-0.08885657609521551,True,True,1134,1134
0,TOKEN_QRR_ANCHOR,held_outer_refit,H593-0e5d73ab749914eaaeb680ae,766-e9-infants-pain-and-fever,False,0.04356086310749657,0.5249922936952637,0.4814314305877671,False,False,4075,4326
0,TOKEN_QRR_ANCHOR,held_outer_refit,H593-0e8e2230acf18be9984a101b,766-e9-infants-pain-and-fever,True,0.12790080172002885,0.00018287556854036904,-0.12771792615148847,True,True,1134,1134
0,TOKEN_QRR_ANCHOR,held_outer_refit,H593-102e05de4bdefbe546c83578,964901_LR,False,0.5088951445390247,0.17425878268735326,-0.33463636185167145,False,False,3252,3252
0,TOKEN_QRR_ANCHOR,held_outer_refit,H593-1608d9630ec3a84e25e593bc,6941714017-1,True,0.7216890913514291,0.008728785376741044,-0.7129603059746881,True,True,1114,1114
0,TOKEN_QRR_ANCHOR,held_outer_refit,H593-172289962b84290bc00b6b57,83324304-60,True,0.025186081806263604,0.00034897976034034794,-0.024837102045923255,True,True,1145,1145
0,TOKEN_QRR_ANCHOR,held_outer_refit,H593-1a93fb96ae91549c4629e69e,6941714017-1,True,0.003171914579383615,4.199978661453951e-05,-0.0031299147927690753,True,True,1114,1114
0,TOKEN_QRR_ANCHOR,held_outer_refit,H593-1ab5d06d095c1ab6749b227c,83324304-60,True,0.029693296143643286,1.2186315465005389e-05,-0.02968110982817828,True,True,1145,1145
0,TOKEN_QRR_ANCHOR,held_outer_refit,H593-1af45e7f0d56a52adeb60b07,964901_LR,True,3.2328977316349716,0.35427974549242336,-2.8786179861425483,False,True,1980,1183
0,TOKEN_QRR_ANCHOR,held_outer_refit,H593-1b38ef6880169a631e184725,ciprofloxacin-ophthalmic-solution-2pt5ml-carton,True,0.5321848932156117,0.021874822478598604,-0.5103100707370131,True,True,5053,5053
0,TOKEN_QRR_ANCHOR,held_outer_refit,H593-1bab76bb2cce8605543067d4,964901_LR,True,0.0019907327922094762,1.2638850996959106e-08,-0.001990720153358479,True,True,1183,1183
0,TOKEN_QRR_ANCHOR,held_outer_refit,H593-1bdb2bfae2aae669afa4627f,964901_LR,True,0.0067500812863045484,1.0956566514655962e-05,-0.006739124719789893,True,True,1183,1183
0,TOKEN_QRR_ANCHOR,held_outer_refit,H593-1ef966932ba70ca899b49b6f,75 100s carton,True,0.0016820142267515426,2.5456525772994964e-10,-0.0016820139721862848,True,True,4855,4855
0,TOKEN_QRR_ANCHOR,held_outer_refit,H593-20fdadbf18ce1e0e1a0746a9,766-e9-infants-pain-and-fever,True,3.559212997722897,1.94886926079315,-1.6103437369297469,False,False,3887,3887
0,TOKEN_QRR_ANCHOR,held_outer_refit,H593-2446df0fcadbf0831876d7dc,83324304-60,True,1.1308339579119677,0.06561665385833554,-1.0652173040536321,True,True,1145,1145
0,TOKEN_QRR_ANCHOR,held_outer_refit,H593-2494f10623fb760ff3b647d7,ciprofloxacin-ophthalmic-solution-2pt5ml-carton,True,0.000318631565712341,5.245048839559567e-11,-0.0003186315132618526,True,True,5053,5053
0,TOKEN_QRR_ANCHOR,held_outer_refit,H593-257581a6d8113bc829cc4f7d,766-e9-infants-pain-and-fever,True,0.0030499883032170916,7.653954551952229e-09,-0.00304998064926254,True,True,1134,1134
0,TOKEN_QRR_ANCHOR,held_outer_refit,H593-2799023fa51eeb3333651a78,6941714017-1,True,0.010404202015563047,0.00016132872562760832,-0.010242873289935438,True,True,1114,1114
0,TOKEN_QRR_ANCHOR,held_outer_refit,H593-2a09bc7ee67cc38fba44400e,6941714017-1,True,0.00036690385913999246,3.042594838110585e-09,-0.00036690081654515433,True,True,1114,1114
0,TOKEN_QRR_ANCHOR,held_outer_refit,H593-2ad687a1c029e9f33146503b,int08-0008-17,True,1.160400187271351,0.2730136258948246,-0.8873865613765264,True,True,395,395
0,TOKEN_QRR_ANCHOR,held_outer_refit,H593-2e843bf03a9cb860ec035d26,ciprofloxacin-ophthalmic-solution-2pt5ml-carton,True,0.0013454865009138281,1.7597989730561463e-10,-0.0013454863249339308,True,True,5053,5053
0,TOKEN_QRR_ANCHOR,held_outer_refit,H593-30d56e7ebdd8d445dd0c0837,766-e9-infants-pain-and-fever,True,0.01740023536449081,2.7094687842019344e-07,-0.01739996441761239,True,True,1134,1134
0,TOKEN_QRR_ANCHOR,held_outer_refit,H593-30df437866a92249e15d556f,766-e9-infants-pain-and-fever,True,0.033877866809055406,0.00013874872364654764,-0.03373911808540886,True,True,1134,1134
0,TOKEN_QRR_ANCHOR,held_outer_refit,H593-3138eb9150d5fc2ff0b21e85,160 mg Comfor-trate Tab,True,0.3961358069161491,0.0461766208889918,-0.34995918602715725,True,True,16,16
0,TOKEN_QRR_ANCHOR,held_outer_refit,H593-315859149cbadcf0a035cb5b,766-e9-infants-pain-and-fever,True,0.010114223152639426,1.6854083849728084e-06,-0.010112537744254453,True,True,1134,1134
0,TOKEN_QRR_ANCHOR,held_outer_refit,H593-31aaa7c97fbc81e06383e85f,ciprofloxacin-ophthalmic-solution-2pt5ml-carton,True,0.00034616255364868317,3.158434397917787e-09,-0.00034615939521428525,True,True,5053,5053
0,TOKEN_QRR_ANCHOR,held_outer_refit,H593-327f0627e7abd208ae771d92,60 mg Comfor-trate Tab,True,0.4631757714882011,0.06605008536838107,-0.39712568611982,True,True,64,64
0,TOKEN_QRR_MULTI,selected_inner,H593-03168677fa508c139372f0ed,469584,True,0.001078443827582528,2.893851598604908e-09,-0.0010784409337309293,True,True,1032,1032
0,TOKEN_QRR_MULTI,selected_inner,H593-059b70b913c381ca4c02e851,0003,True,0.018577990101015376,5.645691303934916e-07,-0.018577425531884982,True,True,518,518
0,TOKEN_QRR_MULTI,selected_inner,H593-0745854000292039c9c10f33,734-uw-mint-mini-nicotine-lozenge,True,1.4254982099014724,1.0020629461631811,-0.4234352637382912,True,True,1130,1130
0,TOKEN_QRR_MULTI,selected_inner,H593-08297e272b0164e6fdd42e9f,734-uw-mint-mini-nicotine-lozenge,True,1.7352050008392914,0.0001167367496250904,-1.7350882640896663,False,True,3368,1130
0,TOKEN_QRR_MULTI,selected_inner,H593-097dd2637a0f46ccbfb61ff4,469584,True,0.005020570575968739,3.818042909266084e-06,-0.005016752533059473,True,True,1032,1032
0,TOKEN_QRR_MULTI,selected_inner,H593-0ac0e839567fe775450fa642,4_Kids_Oral_Pain_Relief,True,2.630292155478074e-05,8.626432901333745e-13,-2.630292069213745e-05,True,True,608,608
0,TOKEN_QRR_MULTI,selected_inner,H593-0c19fd5a9f5839f926c4ae57,77l96n1c1,True,2.3600016022308586e-05,1.0008216477735855e-11,-2.3600006014092108e-05,True,True,4861,4861
0,TOKEN_QRR_MULTI,selected_inner,H593-0c93295a4efc661bc7464f47,2021 Lice Freee!_6ozPOP R2a,True,1.2215490525759827,0.010459909290686298,-1.2110891432852964,True,True,567,567
0,TOKEN_QRR_MULTI,selected_inner,H593-0de8c65af51ef20333889d71,469584,True,0.09553747868619443,0.003983766128031135,-0.09155371255816329,True,True,1032,1032
0,TOKEN_QRR_MULTI,selected_inner,H593-156bfb4a63653eec1f65ecda,469584,True,0.0556724389139352,0.0009504772968439864,-0.05472196161709122,True,True,1032,1032
0,TOKEN_QRR_MULTI,selected_inner,H593-163df34acba78d2b4f94a0d0,77l96n1c1,True,0.020082952585787028,1.432217783100728e-05,-0.02006863040795602,True,True,4861,4861
0,TOKEN_QRR_MULTI,selected_inner,H593-178d10ad3076a41e89d549dd,Bacitracin Zinc Ointment USP Carton 0.5oz(14.2g) Rev 02-22,True,0.1613769906248193,0.5326606738908451,0.37128368326602584,True,True,1652,1652
0,TOKEN_QRR_MULTI,selected_inner,H593-1dd405f920b439879fc89b2c,77l96n1c1,True,0.001881108433828318,1.263900169032363e-07,-0.0018809820438114148,True,True,4861,4861
0,TOKEN_QRR_MULTI,selected_inner,H593-1e69202f59c1e38274747acc,200000002710_Final,True,2.7790166614024834,0.301465410799417,-2.4775512506030664,False,True,1966,935
0,TOKEN_QRR_MULTI,selected_inner,H593-22df23c2ff5577aea691a22b,2021 Lice Freee!_6ozPOP R2a,True,0.016912203435958353,4.6473895746213524e-07,-0.01691173869700089,True,True,567,567
0,TOKEN_QRR_MULTI,selected_inner,H593-2822f2513c87ee22a59ce51b,4_Kids_Oral_Pain_Relief,True,2.1090211235005226e-05,4.237943329590167e-12,-2.1090206997061896e-05,True,True,608,608
0,TOKEN_QRR_MULTI,selected_inner,H593-2acfe07e77226545b2ae0e10,77l96n1c1,True,4.286819682896423,5.400024045130127,1.113204362233704,False,False,4984,4811
0,TOKEN_QRR_MULTI,selected_inner,H593-2e44547e6a7fb1f39cc27d3a,4_Kids_Oral_Pain_Relief,True,3.679076252738293e-05,3.2489566592577804e-12,-3.679075927842627e-05,True,True,608,608
0,TOKEN_QRR_MULTI,selected_inner,H593-2e5153cd0e9bd1dddbb75dea,200000002710_Final,True,3.331634115794575,2.195585076380844,-1.1360490394137308,False,False,1966,1966
0,TOKEN_QRR_MULTI,selected_inner,H593-2fa24ad21b4ed56f150b2b7a,2021 Lice Freee!_6ozPOP R2a,True,0.0006481652365942186,1.0916989528633824e-09,-0.0006481641448952657,True,True,567,567
0,TOKEN_QRR_MULTI,held_outer_refit,H593-00db0e83284b1620da33639a,60 mg Comfor-trate Tab,True,0.46266061684943155,0.07681070635703609,-0.3858499104923955,True,True,64,64
0,TOKEN_QRR_MULTI,held_outer_refit,H593-01371ddf81e97f382dca84d8,60 mg Comfor-trate Tab,True,0.5028160571055644,0.4490148763238905,-0.05380118078167395,True,True,64,64
0,TOKEN_QRR_MULTI,held_outer_refit,H593-01539eca5c5afd1c6d5ccda2,75 100s carton,True,0.0005056671533673249,3.698819028834331e-12,-0.0005056671496685059,True,True,4855,4855
0,TOKEN_QRR_MULTI,held_outer_refit,H593-02543adf69ee9391380f4ee6,45mg PFS CArton,True,0.001868897356034112,1.5482104486120314e-10,-0.001868897201213067,True,True,4830,4830
0,TOKEN_QRR_MULTI,held_outer_refit,H593-059423d2642d803097a5e092,160mgcarton,True,0.4547697488185694,0.08986355213758408,-0.36490619668098534,True,True,19,19
0,TOKEN_QRR_MULTI,held_outer_refit,H593-05b3ce4ffdc0d30f9d3abac9,ciprofloxacin-ophthalmic-solution-2pt5ml-carton,True,0.05942047658823847,0.001522007276817078,-0.0578984693114214,True,True,5053,5053
0,TOKEN_QRR_MULTI,held_outer_refit,H593-082cd2a46d9b304893a3587c,80mg-cart-np,True,0.0012251049681274457,2.3491861760992746e-07,-0.0012248700495098358,True,True,4865,4865
0,TOKEN_QRR_MULTI,held_outer_refit,H593-094186f2ba40a8fa08ad355b,ciprofloxacin-ophthalmic-solution-2pt5ml-carton,True,0.0012933272054005216,3.564704087460099e-12,-0.0012933272018358175,True,True,5053,5053
0,TOKEN_QRR_MULTI,held_outer_refit,H593-09ce47090a8b579fa3833638,83324304-60,True,0.005799244404897274,7.748018857625847e-06,-0.005791496386039648,True,True,1145,1145
0,TOKEN_QRR_MULTI,held_outer_refit,H593-0a87021a30d8b6a9de32f2b3,6941714017-1,True,0.0007247409605543137,2.640442943974225e-06,-0.0007221005176103395,True,True,1114,1114
0,TOKEN_QRR_MULTI,held_outer_refit,H593-0dd4951a9b49124b8f24958f,766-e9-infants-pain-and-fever,True,0.0888797315100668,0.0005651959983434098,-0.08831453551172339,True,True,1134,1134
0,TOKEN_QRR_MULTI,held_outer_refit,H593-0e5d73ab749914eaaeb680ae,766-e9-infants-pain-and-fever,False,0.04356086310749657,0.9190437691208349,0.8754829060133382,False,False,4075,4326
0,TOKEN_QRR_MULTI,held_outer_refit,H593-0e8e2230acf18be9984a101b,766-e9-infants-pain-and-fever,True,0.12790080172002885,0.0011177512172357957,-0.12678305050279307,True,True,1134,1134
0,TOKEN_QRR_MULTI,held_outer_refit,H593-102e05de4bdefbe546c83578,964901_LR,False,0.5088951445390247,0.24859069213062124,-0.2603044524084035,False,False,3252,3252
0,TOKEN_QRR_MULTI,held_outer_refit,H593-1608d9630ec3a84e25e593bc,6941714017-1,True,0.7216890913514291,0.0019917896482262165,-0.7196973017032029,True,True,1114,1114
0,TOKEN_QRR_MULTI,held_outer_refit,H593-172289962b84290bc00b6b57,83324304-60,True,0.025186081806263604,0.0001357508094238817,-0.02505033099683972,True,True,1145,1145
0,TOKEN_QRR_MULTI,held_outer_refit,H593-1a93fb96ae91549c4629e69e,6941714017-1,True,0.003171914579383615,1.3287984140968134e-05,-0.0031586265952426467,True,True,1114,1114
0,TOKEN_QRR_MULTI,held_outer_refit,H593-1ab5d06d095c1ab6749b227c,83324304-60,True,0.029693296143643286,2.341064921653793e-06,-0.02969095507872163,True,True,1145,1145
0,TOKEN_QRR_MULTI,held_outer_refit,H593-1af45e7f0d56a52adeb60b07,964901_LR,True,3.2328977316349716,1.2219424828959005,-2.010955248739071,False,False,1980,1980
0,TOKEN_QRR_MULTI,held_outer_refit,H593-1b38ef6880169a631e184725,ciprofloxacin-ophthalmic-solution-2pt5ml-carton,True,0.5321848932156117,0.03934695531695214,-0.49283793789865954,True,True,5053,5053
0,TOKEN_QRR_MULTI,held_outer_refit,H593-1bab76bb2cce8605543067d4,964901_LR,True,0.0019907327922094762,1.8777783754719917e-09,-0.0019907309144311007,True,True,1183,1183
0,TOKEN_QRR_MULTI,held_outer_refit,H593-1bdb2bfae2aae669afa4627f,964901_LR,True,0.0067500812863045484,5.094573112966563e-06,-0.006744986713191582,True,True,1183,1183
0,TOKEN_QRR_MULTI,held_outer_refit,H593-1ef966932ba70ca899b49b6f,75 100s carton,True,0.0016820142267515426,6.166400723354032e-12,-0.0016820142205851419,True,True,4855,4855
0,TOKEN_QRR_MULTI,held_outer_refit,H593-20fdadbf18ce1e0e1a0746a9,766-e9-infants-pain-and-fever,True,3.559212997722897,2.1530840163305713,-1.4061289813923254,False,False,3887,3887
0,TOKEN_QRR_MULTI,held_outer_refit,H593-2446df0fcadbf0831876d7dc,83324304-60,True,1.1308339579119677,0.021683305132008668,-1.109150652779959,True,True,1145,1145
0,TOKEN_QRR_MULTI,held_outer_refit,H593-2494f10623fb760ff3b647d7,ciprofloxacin-ophthalmic-solution-2pt5ml-carton,True,0.000318631565712341,2.3030466422797727e-12,-0.00031863156340929436,True,True,5053,5053
0,TOKEN_QRR_MULTI,held_outer_refit,H593-257581a6d8113bc829cc4f7d,766-e9-infants-pain-and-fever,True,0.0030499883032170916,2.6642665847735006e-10,-0.003049988036790433,True,True,1134,1134
0,TOKEN_QRR_MULTI,held_outer_refit,H593-2799023fa51eeb3333651a78,6941714017-1,True,0.010404202015563047,2.7226747329172836e-05,-0.010376975268233874,True,True,1114,1114
0,TOKEN_QRR_MULTI,held_outer_refit,H593-2a09bc7ee67cc38fba44400e,6941714017-1,True,0.00036690385913999246,2.5929769439350093e-10,-0.0003669035998422981,True,True,1114,1114
0,TOKEN_QRR_MULTI,held_outer_refit,H593-2ad687a1c029e9f33146503b,int08-0008-17,True,1.160400187271351,0.15248262196866236,-1.0079175653026886,True,True,395,395
0,TOKEN_QRR_MULTI,held_outer_refit,H593-2e843bf03a9cb860ec035d26,ciprofloxacin-ophthalmic-solution-2pt5ml-carton,True,0.0013454865009138281,4.585443136296308e-12,-0.001345486496328385,True,True,5053,5053
0,TOKEN_QRR_MULTI,held_outer_refit,H593-30d56e7ebdd8d445dd0c0837,766-e9-infants-pain-and-fever,True,0.01740023536449081,1.8142269966067868e-08,-0.01740021722222084,True,True,1134,1134
0,TOKEN_QRR_MULTI,held_outer_refit,H593-30df437866a92249e15d556f,766-e9-infants-pain-and-fever,True,0.033877866809055406,0.00034253935766281196,-0.033535327451392594,True,True,1134,1134
0,TOKEN_QRR_MULTI,held_outer_refit,H593-3138eb9150d5fc2ff0b21e85,160 mg Comfor-trate Tab,True,0.3961358069161491,0.08595573594866897,-0.3101800709674801,True,True,16,16
0,TOKEN_QRR_MULTI,held_outer_refit,H593-315859149cbadcf0a035cb5b,766-e9-infants-pain-and-fever,True,0.010114223152639426,1.3850511977380575e-07,-0.010114084647519651,True,True,1134,1134
0,TOKEN_QRR_MULTI,held_outer_refit,H593-31aaa7c97fbc81e06383e85f,ciprofloxacin-ophthalmic-solution-2pt5ml-carton,True,0.00034616255364868317,3.075752985164324e-10,-0.00034616224607338466,True,True,5053,5053
0,TOKEN_QRR_MULTI,held_outer_refit,H593-327f0627e7abd208ae771d92,60 mg Comfor-trate Tab,True,0.4631757714882011,0.027183464828305578,-0.4359923066598955,True,True,64,64
1,TOKEN_QR,selected_inner,H593-03168677fa508c139372f0ed,469584,True,0.0006977447030208078,5.528222324205206e-11,-0.0006977446477385846,True,True,1032,1032
1,TOKEN_QR,selected_inner,H593-064aa36809b4f00051cb821a,10 mL carton,True,0.027957435400848104,0.0003792871224217203,-0.027578148278426383,True,True,0,0
1,TOKEN_QR,selected_inner,H593-07197c3f4badd640f6859f5e,10 mL carton,True,0.07940177492522754,0.0030307848128070147,-0.07637099011242053,True,True,0,0
1,TOKEN_QR,selected_inner,H593-097dd2637a0f46ccbfb61ff4,469584,True,0.003840915466485293,2.68869017019415e-06,-0.0038382267763150987,True,True,1032,1032
1,TOKEN_QR,selected_inner,H593-0ac0e839567fe775450fa642,4_Kids_Oral_Pain_Relief,True,1.16482971542209e-05,0.0,-1.16482971542209e-05,True,True,608,608
1,TOKEN_QR,selected_inner,H593-0c93295a4efc661bc7464f47,2021 Lice Freee!_6ozPOP R2a,True,1.2134886301866776,0.33014801335760513,-0.8833406168290725,True,True,567,567
1,TOKEN_QR,selected_inner,H593-0dd4951a9b49124b8f24958f,766-e9-infants-pain-and-fever,True,0.09653625136544668,4.1110532483411284e-05,-0.09649514083296326,True,True,1134,1134
1,TOKEN_QR,selected_inner,H593-0de8c65af51ef20333889d71,469584,True,0.07304831373829872,0.002435755271903642,-0.07061255846639508,True,True,1032,1032
1,TOKEN_QR,selected_inner,H593-0e5d73ab749914eaaeb680ae,766-e9-infants-pain-and-fever,False,0.030654740248894717,0.04390383181683996,0.013249091567945244,False,False,4075,4326
1,TOKEN_QR,selected_inner,H593-0e8e2230acf18be9984a101b,766-e9-infants-pain-and-fever,True,0.14136813004427884,9.318793230181202e-05,-0.14127494211197703,True,True,1134,1134
1,TOKEN_QR,selected_inner,H593-102e05de4bdefbe546c83578,964901_LR,False,0.24322103172230625,0.2384071481088,-0.004813883613506237,False,False,3252,3252
1,TOKEN_QR,selected_inner,H593-14742ff288bf8a71f7d5208d,10 mL carton,True,0.09531901828589052,0.0017566198959659018,-0.09356239838992463,True,True,0,0
1,TOKEN_QR,selected_inner,H593-156bfb4a63653eec1f65ecda,469584,True,0.04272472155434223,0.00013916876902174646,-0.04258555278532049,True,True,1032,1032
1,TOKEN_QR,selected_inner,H593-178d10ad3076a41e89d549dd,Bacitracin Zinc Ointment USP Carton 0.5oz(14.2g) Rev 02-22,True,0.15243829789989874,0.027198276543178256,-0.1252400213567205,True,True,1652,1652
1,TOKEN_QR,selected_inner,H593-1af45e7f0d56a52adeb60b07,964901_LR,True,3.8067837829256517,0.20184025691457919,-3.6049435260110725,False,True,1980,1183
1,TOKEN_QR,selected_inner,H593-1bab76bb2cce8605543067d4,964901_LR,True,0.0021796118801473453,1.682071578976345e-08,-0.0021795950594315555,True,True,1183,1183
1,TOKEN_QR,selected_inner,H593-1bdb2bfae2aae669afa4627f,964901_LR,True,0.007558916422175373,1.0073994037524331e-05,-0.007548842428137849,True,True,1183,1183
1,TOKEN_QR,selected_inner,H593-1e69202f59c1e38274747acc,200000002710_Final,True,2.936368214682094,0.025076906476041216,-2.911291308206053,False,True,1966,935
1,TOKEN_QR,selected_inner,H593-1f65d77d8ddd265c0d00b1f2,10 mL carton,True,0.004083254047486178,2.8083999398016568e-08,-0.00408322596348678,True,True,0,0
1,TOKEN_QR,selected_inner,H593-20fdadbf18ce1e0e1a0746a9,766-e9-infants-pain-and-fever,True,2.6833379851490093,1.3082022094665218,-1.3751357756824876,False,True,3887,1134
1,TOKEN_QR,selected_inner,H593-22df23c2ff5577aea691a22b,2021 Lice Freee!_6ozPOP R2a,True,0.012793784581364306,6.483213011783328e-06,-0.012787301368352523,True,True,567,567
1,TOKEN_QR,selected_inner,H593-24402f98b4c6d27775ea51b8,10 mL carton,True,0.09750197502585614,0.003779266794606495,-0.09372270823124965,True,True,0,0
1,TOKEN_QR,selected_inner,H593-257581a6d8113bc829cc4f7d,766-e9-infants-pain-and-fever,True,0.0037708837859134273,1.0910627956066546e-10,-0.0037708836768071477,True,True,1134,1134
1,TOKEN_QR,selected_inner,H593-2822f2513c87ee22a59ce51b,4_Kids_Oral_Pain_Relief,True,9.494309892454521e-06,0.0,-9.494309892454521e-06,True,True,608,608
1,TOKEN_QR,selected_inner,H593-2848a70ea80c7f1dc1cfd651,10 mL carton,True,0.04150342197220305,0.0017109623514910753,-0.03979245962071198,True,True,0,0
1,TOKEN_QR,selected_inner,H593-2e44547e6a7fb1f39cc27d3a,4_Kids_Oral_Pain_Relief,True,1.5252765791544845e-05,2.2204460492503128e-16,-1.5252765791322801e-05,True,True,608,608
1,TOKEN_QR,selected_inner,H593-2e5153cd0e9bd1dddbb75dea,200000002710_Final,True,3.546053090965499,0.3193203730440466,-3.226732717921452,False,True,1966,935
1,TOKEN_QR,selected_inner,H593-2fa24ad21b4ed56f150b2b7a,2021 Lice Freee!_6ozPOP R2a,True,0.00043796475859953225,2.312594560291527e-12,-0.0004379647562869377,True,True,567,567
1,TOKEN_QR,selected_inner,H593-30d56e7ebdd8d445dd0c0837,766-e9-infants-pain-and-fever,True,0.01792080545000552,3.2279692200402566e-09,-0.017920802222036302,True,True,1134,1134
1,TOKEN_QR,selected_inner,H593-30df437866a92249e15d556f,766-e9-infants-pain-and-fever,True,0.03541245402101666,0.0002289140938387711,-0.03518353992717788,True,True,1134,1134
1,TOKEN_QR,selected_inner,H593-315859149cbadcf0a035cb5b,766-e9-infants-pain-and-fever,True,0.01309715650635845,3.1569992040768243e-06,-0.013093999507154374,True,True,1134,1134
1,TOKEN_QR,held_outer_refit,H593-0188e7f7150a7aaf05c23614,kedbumin-02,True,3.196977765072158e-05,6.178462167225875e-09,-3.1963599188554356e-05,True,True,4798,4798
1,TOKEN_QR,held_outer_refit,H593-059b70b913c381ca4c02e851,0003,True,0.006326011542032408,2.610421200656272e-08,-0.006325985437820402,True,True,518,518
1,TOKEN_QR,held_outer_refit,H593-068d4310663d131f8027b587,bef4f237-ccb8-4d28-bfc2-41c511a17d7f-01,True,0.003811796513413471,1.4867910285662848e-07,-0.0038116478343106146,True,True,3368,3368
1,TOKEN_QR,held_outer_refit,H593-0745854000292039c9c10f33,734-uw-mint-mini-nicotine-lozenge,True,1.0056555891655825,1.168704580439095,0.16304899127351247,True,False,1130,4599
1,TOKEN_QR,held_outer_refit,H593-08297e272b0164e6fdd42e9f,734-uw-mint-mini-nicotine-lozenge,True,2.0273530763311935,0.00011129494261119532,-2.0272417813885824,False,True,3368,1130
1,TOKEN_QR,held_outer_refit,H593-0c19fd5a9f5839f926c4ae57,77l96n1c1,True,2.419945488472804e-06,2.4424906541753412e-15,-2.419945486030313e-06,True,True,4861,4861
1,TOKEN_QR,held_outer_refit,H593-0c251f2d0b52c9cde036edc1,ASP Cough Mucus Congestion PMG 24ct,True,0.13905397114625287,0.0032728680223906704,-0.1357811031238622,True,True,1322,1322
1,TOKEN_QR,held_outer_refit,H593-0dc7d62664f27ce00d40a1ab,AlkaSeltzer_36,True,0.011002110464806543,2.729949628980742e-07,-0.011001837469843645,True,True,1402,1402
1,TOKEN_QR,held_outer_refit,H593-0ee088c09f80add39585ed84,lox01-0004-14,True,0.00043858017595476605,6.231475333796859e-10,-0.0004385795528072327,True,True,409,409
1,TOKEN_QR,held_outer_refit,H593-106aa1a451e3f1c3a21d37fe,AlkaSeltzer_36,True,0.12160861377928844,2.1455694110272816e-08,-0.12160859232359433,True,True,1402,1402
1,TOKEN_QR,held_outer_refit,H593-118dee9f38aacba8f825b966,lox01-0004-14,True,0.0005130320446205161,1.8742798406833562e-09,-0.0005130301703406754,True,True,409,409
1,TOKEN_QR,held_outer_refit,H593-147ee84e2fed004258fe44bc,kedbumin-02,True,0.00012179479786282699,1.6358320869947724e-07,-0.00012163121465412751,True,True,4798,4798
1,TOKEN_QR,held_outer_refit,H593-163df34acba78d2b4f94a0d0,77l96n1c1,True,0.0038363784406913585,7.032346567394955e-06,-0.0038293460941239634,True,True,4861,4861
1,TOKEN_QR,held_outer_refit,H593-1652082eb7bdd4e18f2fa4e2,com0n-0000-04,True,0.44373890464520693,0.17241138490239633,-0.2713275197428106,True,True,265,265
1,TOKEN_QR,held_outer_refit,H593-1aee8f8c27c19ea85c3d7d4b,kedbumin-02,True,0.0037999333192444795,0.00045492189232061654,-0.0033450114269238627,True,True,4798,4798
1,TOKEN_QR,held_outer_refit,H593-1dd405f920b439879fc89b2c,77l96n1c1,True,0.0003411396892233487,1.7553847249243935e-09,-0.00034113793383862376,True,True,4861,4861
1,TOKEN_QR,held_outer_refit,H593-1e203e93f22affa5c8c93e7b,AlkaSeltzer_36,True,4.444004278156557,0.009280375254464346,-4.434723902902093,False,True,4515,1402
1,TOKEN_QR,held_outer_refit,H593-1fb1391bf43d4e4f4cfc1fa5,lox01-0004-14,True,0.0017576688562684964,1.1509779488811388e-07,-0.0017575537584736084,True,True,409,409
1,TOKEN_QR,held_outer_refit,H593-27e35a9cbecb2ef6b0c1fc10,Anti-wrinkle EYE CREAM,True,1.2801718393482447e-06,6.217248937900858e-15,-1.2801718331309958e-06,True,True,1414,1414
1,TOKEN_QR,held_outer_refit,H593-297ba148574e09f5723aa6b7,kedbumin-02,True,2.9503628193488947,0.02371597311944562,-2.926646846229449,False,True,2603,4798
1,TOKEN_QR,held_outer_refit,H593-2acfe07e77226545b2ae0e10,77l96n1c1,True,4.429446598169012,5.759508907045391,1.3300623088763794,False,False,4984,4984
1,TOKEN_QR,held_outer_refit,H593-2c2942af21039bf61875bcba,AlkaSeltzer_36,False,0.0049690955639319105,0.001436974648273419,-0.0035321209156584914,False,False,2588,2588
1,TOKEN_QR,held_outer_refit,H593-31a7078fc5358b3fbdc70c42,kedbumin-02,True,0.0030836836705249926,3.0466607861706133e-05,-0.0030532170626632864,True,True,4798,4798
1,TOKEN_QRR_ANCHOR,selected_inner,H593-03168677fa508c139372f0ed,469584,True,0.0006977447030208078,6.337876887964015e-10,-0.000697744069233119,True,True,1032,1032
1,TOKEN_QRR_ANCHOR,selected_inner,H593-064aa36809b4f00051cb821a,10 mL carton,True,0.027957435400848104,7.209925372809775e-06,-0.027950225475475293,True,True,0,0
1,TOKEN_QRR_ANCHOR,selected_inner,H593-07197c3f4badd640f6859f5e,10 mL carton,True,0.07940177492522754,0.00012140914375795342,-0.07928036578146959,True,True,0,0
1,TOKEN_QRR_ANCHOR,selected_inner,H593-097dd2637a0f46ccbfb61ff4,469584,True,0.003840915466485293,5.136648768242273e-07,-0.0038404018016084686,True,True,1032,1032
1,TOKEN_QRR_ANCHOR,selected_inner,H593-0ac0e839567fe775450fa642,4_Kids_Oral_Pain_Relief,True,1.16482971542209e-05,2.309263891220059e-13,-1.164829692329451e-05,True,True,608,608
1,TOKEN_QRR_ANCHOR,selected_inner,H593-0c93295a4efc661bc7464f47,2021 Lice Freee!_6ozPOP R2a,True,1.2134886301866776,0.008091229886243667,-1.205397400300434,True,True,567,567
1,TOKEN_QRR_ANCHOR,selected_inner,H593-0dd4951a9b49124b8f24958f,766-e9-infants-pain-and-fever,True,0.09653625136544668,1.934812551814344e-06,-0.09653431655289486,True,True,1134,1134
1,TOKEN_QRR_ANCHOR,selected_inner,H593-0de8c65af51ef20333889d71,469584,True,0.07304831373829872,0.0008909395269924523,-0.07215737421130626,True,True,1032,1032
1,TOKEN_QRR_ANCHOR,selected_inner,H593-0e5d73ab749914eaaeb680ae,766-e9-infants-pain-and-fever,False,0.030654740248894717,0.8101589200364198,0.7795041797875251,False,False,4075,4326
1,TOKEN_QRR_ANCHOR,selected_inner,H593-0e8e2230acf18be9984a101b,766-e9-infants-pain-and-fever,True,0.14136813004427884,1.3456831443835721e-05,-0.141354673212835,True,True,1134,1134
1,TOKEN_QRR_ANCHOR,selected_inner,H593-102e05de4bdefbe546c83578,964901_LR,False,0.24322103172230625,0.0983802226080339,-0.14484080911427233,False,False,3252,3252
1,TOKEN_QRR_ANCHOR,selected_inner,H593-14742ff288bf8a71f7d5208d,10 mL carton,True,0.09531901828589052,8.283055103934162e-05,-0.09523618773485118,True,True,0,0
1,TOKEN_QRR_ANCHOR,selected_inner,H593-156bfb4a63653eec1f65ecda,469584,True,0.04272472155434223,0.00011989782736704733,-0.04260482372697518,True,True,1032,1032
1,TOKEN_QRR_ANCHOR,selected_inner,H593-178d10ad3076a41e89d549dd,Bacitracin Zinc Ointment USP Carton 0.5oz(14.2g) Rev 02-22,True,0.15243829789989874,0.01906133504699523,-0.1333769628529035,True,True,1652,1652
1,TOKEN_QRR_ANCHOR,selected_inner,H593-1af45e7f0d56a52adeb60b07,964901_LR,True,3.8067837829256517,0.609378525031838,-3.1974052578938137,False,True,1980,1183
1,TOKEN_QRR_ANCHOR,selected_inner,H593-1bab76bb2cce8605543067d4,964901_LR,True,0.0021796118801473453,5.909067218062555e-09,-0.002179605971080127,True,True,1183,1183
1,TOKEN_QRR_ANCHOR,selected_inner,H593-1bdb2bfae2aae669afa4627f,964901_LR,True,0.007558916422175373,5.5807856885046205e-06,-0.007553335636486869,True,True,1183,1183
1,TOKEN_QRR_ANCHOR,selected_inner,H593-1e69202f59c1e38274747acc,200000002710_Final,True,2.936368214682094,0.04860477252823436,-2.88776344215386,False,True,1966,935
1,TOKEN_QRR_ANCHOR,selected_inner,H593-1f65d77d8ddd265c0d00b1f2,10 mL carton,True,0.004083254047486178,1.7703874431834688e-08,-0.004083236343611746,True,True,0,0
1,TOKEN_QRR_ANCHOR,selected_inner,H593-20fdadbf18ce1e0e1a0746a9,766-e9-infants-pain-and-fever,True,2.6833379851490093,1.1388170473352015,-1.5445209378138078,False,True,3887,1134
1,TOKEN_QRR_ANCHOR,selected_inner,H593-22df23c2ff5577aea691a22b,2021 Lice Freee!_6ozPOP R2a,True,0.012793784581364306,2.3548482899886633e-07,-0.012793549096535307,True,True,567,567
1,TOKEN_QRR_ANCHOR,selected_inner,H593-24402f98b4c6d27775ea51b8,10 mL carton,True,0.09750197502585614,0.00018858927639865783,-0.09731338574945748,True,True,0,0
1,TOKEN_QRR_ANCHOR,selected_inner,H593-257581a6d8113bc829cc4f7d,766-e9-infants-pain-and-fever,True,0.0037708837859134273,3.2999956046615354e-09,-0.003770880485917823,True,True,1134,1134
1,TOKEN_QRR_ANCHOR,selected_inner,H593-2822f2513c87ee22a59ce51b,4_Kids_Oral_Pain_Relief,True,9.494309892454521e-06,5.160316618456396e-13,-9.49430937642286e-06,True,True,608,608
1,TOKEN_QRR_ANCHOR,selected_inner,H593-2848a70ea80c7f1dc1cfd651,10 mL carton,True,0.04150342197220305,7.77187961016393e-05,-0.04142570317610141,True,True,0,0
1,TOKEN_QRR_ANCHOR,selected_inner,H593-2e44547e6a7fb1f39cc27d3a,4_Kids_Oral_Pain_Relief,True,1.5252765791544845e-05,1.116662318167359e-12,-1.5252764674882527e-05,True,True,608,608
1,TOKEN_QRR_ANCHOR,selected_inner,H593-2e5153cd0e9bd1dddbb75dea,200000002710_Final,True,3.546053090965499,0.6837811530623661,-2.8622719379031327,False,True,1966,935
1,TOKEN_QRR_ANCHOR,selected_inner,H593-2fa24ad21b4ed56f150b2b7a,2021 Lice Freee!_6ozPOP R2a,True,0.00043796475859953225,3.7255398759038675e-10,-0.00043796438604554465,True,True,567,567
1,TOKEN_QRR_ANCHOR,selected_inner,H593-30d56e7ebdd8d445dd0c0837,766-e9-infants-pain-and-fever,True,0.01792080545000552,7.110593705279059e-08,-0.01792073434406847,True,True,1134,1134
1,TOKEN_QRR_ANCHOR,selected_inner,H593-30df437866a92249e15d556f,766-e9-infants-pain-and-fever,True,0.03541245402101666,4.503750359676461e-05,-0.03536741651741989,True,True,1134,1134
1,TOKEN_QRR_ANCHOR,selected_inner,H593-315859149cbadcf0a035cb5b,766-e9-infants-pain-and-fever,True,0.01309715650635845,6.26153943836683e-07,-0.013096530352414613,True,True,1134,1134
1,TOKEN_QRR_ANCHOR,held_outer_refit,H593-0188e7f7150a7aaf05c23614,kedbumin-02,True,3.196977765072158e-05,8.601830358741815e-11,-3.1969691632417996e-05,True,True,4798,4798
1,TOKEN_QRR_ANCHOR,held_outer_refit,H593-059b70b913c381ca4c02e851,0003,True,0.006326011542032408,4.602827168949837e-08,-0.006325965513760718,True,True,518,518
1,TOKEN_QRR_ANCHOR,held_outer_refit,H593-068d4310663d131f8027b587,bef4f237-ccb8-4d28-bfc2-41c511a17d7f-01,True,0.003811796513413471,3.0529147188320146e-08,-0.003811765984266283,True,True,3368,3368
1,TOKEN_QRR_ANCHOR,held_outer_refit,H593-0745854000292039c9c10f33,734-uw-mint-mini-nicotine-lozenge,True,1.0056555891655825,0.6051917263358328,-0.40046386282974966,True,True,1130,1130
1,TOKEN_QRR_ANCHOR,held_outer_refit,H593-08297e272b0164e6fdd42e9f,734-uw-mint-mini-nicotine-lozenge,True,2.0273530763311935,0.0018031306245438472,-2.0255499457066497,False,True,3368,1130
1,TOKEN_QRR_ANCHOR,held_outer_refit,H593-0c19fd5a9f5839f926c4ae57,77l96n1c1,True,2.419945488472804e-06,2.0428103653102672e-14,-2.4199454680447e-06,True,True,4861,4861
1,TOKEN_QRR_ANCHOR,held_outer_refit,H593-0c251f2d0b52c9cde036edc1,ASP Cough Mucus Congestion PMG 24ct,True,0.13905397114625287,0.00019444475015647876,-0.1388595263960964,True,True,1322,1322
1,TOKEN_QRR_ANCHOR,held_outer_refit,H593-0dc7d62664f27ce00d40a1ab,AlkaSeltzer_36,True,0.011002110464806543,2.7105997409860276e-09,-0.011002107754206802,True,True,1402,1402
1,TOKEN_QRR_ANCHOR,held_outer_refit,H593-0ee088c09f80add39585ed84,lox01-0004-14,True,0.00043858017595476605,8.38030533505079e-10,-0.0004385793379242325,True,True,409,409
1,TOKEN_QRR_ANCHOR,held_outer_refit,H593-106aa1a451e3f1c3a21d37fe,AlkaSeltzer_36,True,0.12160861377928844,4.1993210686541715e-08,-0.12160857178607776,True,True,1402,1402
1,TOKEN_QRR_ANCHOR,held_outer_refit,H593-118dee9f38aacba8f825b966,lox01-0004-14,True,0.0005130320446205161,1.6552470491660693e-09,-0.000513030389373467,True,True,409,409
1,TOKEN_QRR_ANCHOR,held_outer_refit,H593-147ee84e2fed004258fe44bc,kedbumin-02,True,0.00012179479786282699,3.6935492374113327e-09,-0.00012179110431358957,True,True,4798,4798
1,TOKEN_QRR_ANCHOR,held_outer_refit,H593-163df34acba78d2b4f94a0d0,77l96n1c1,True,0.0038363784406913585,3.3036231267052083e-07,-0.003836048078378688,True,True,4861,4861
1,TOKEN_QRR_ANCHOR,held_outer_refit,H593-1652082eb7bdd4e18f2fa4e2,com0n-0000-04,True,0.44373890464520693,0.1757185683585294,-0.26802033628667754,True,True,265,265
1,TOKEN_QRR_ANCHOR,held_outer_refit,H593-1aee8f8c27c19ea85c3d7d4b,kedbumin-02,True,0.0037999333192444795,2.2019970189101675e-05,-0.003777913349055378,True,True,4798,4798
1,TOKEN_QRR_ANCHOR,held_outer_refit,H593-1dd405f920b439879fc89b2c,77l96n1c1,True,0.0003411396892233487,2.135580821012218e-09,-0.0003411375536425277,True,True,4861,4861
1,TOKEN_QRR_ANCHOR,held_outer_refit,H593-1e203e93f22affa5c8c93e7b,AlkaSeltzer_36,True,4.444004278156557,0.2607444607296312,-4.183259817426926,False,True,4515,1402
1,TOKEN_QRR_ANCHOR,held_outer_refit,H593-1fb1391bf43d4e4f4cfc1fa5,lox01-0004-14,True,0.0017576688562684964,6.310287559894023e-08,-0.0017576057533928975,True,True,409,409
1,TOKEN_QRR_ANCHOR,held_outer_refit,H593-27e35a9cbecb2ef6b0c1fc10,Anti-wrinkle EYE CREAM,True,1.2801718393482447e-06,3.9079850466804747e-14,-1.2801718002683943e-06,True,True,1414,1414
1,TOKEN_QRR_ANCHOR,held_outer_refit,H593-297ba148574e09f5723aa6b7,kedbumin-02,True,2.9503628193488947,0.023543166531483806,-2.926819652817411,False,True,2603,4798
1,TOKEN_QRR_ANCHOR,held_outer_refit,H593-2acfe07e77226545b2ae0e10,77l96n1c1,True,4.429446598169012,5.660245492908959,1.230798894739947,False,False,4984,4984
1,TOKEN_QRR_ANCHOR,held_outer_refit,H593-2c2942af21039bf61875bcba,AlkaSeltzer_36,False,0.0049690955639319105,0.003967836257181079,-0.0010012593067508313,False,False,2588,2588
1,TOKEN_QRR_ANCHOR,held_outer_refit,H593-31a7078fc5358b3fbdc70c42,kedbumin-02,True,0.0030836836705249926,5.794355262196703e-07,-0.0030831042349987728,True,True,4798,4798
1,TOKEN_QRR_MULTI,selected_inner,H593-03168677fa508c139372f0ed,469584,True,0.0006977447030208078,6.383344961685593e-10,-0.0006977440646863117,True,True,1032,1032
1,TOKEN_QRR_MULTI,selected_inner,H593-064aa36809b4f00051cb821a,10 mL carton,True,0.027957435400848104,1.139655597399221e-05,-0.02794603884487411,True,True,0,0
1,TOKEN_QRR_MULTI,selected_inner,H593-07197c3f4badd640f6859f5e,10 mL carton,True,0.07940177492522754,0.00011551398597167014,-0.07928626093925586,True,True,0,0
1,TOKEN_QRR_MULTI,selected_inner,H593-097dd2637a0f46ccbfb61ff4,469584,True,0.003840915466485293,2.8998558861353735e-06,-0.003838015610599158,True,True,1032,1032
1,TOKEN_QRR_MULTI,selected_inner,H593-0ac0e839567fe775450fa642,4_Kids_Oral_Pain_Relief,True,1.16482971542209e-05,1.1746159600533467e-13,-1.1648297036759304e-05,True,True,608,608
1,TOKEN_QRR_MULTI,selected_inner,H593-0c93295a4efc661bc7464f47,2021 Lice Freee!_6ozPOP R2a,True,1.2134886301866776,0.001709042229959934,-1.2117795879567177,True,True,567,567
1,TOKEN_QRR_MULTI,selected_inner,H593-0dd4951a9b49124b8f24958f,766-e9-infants-pain-and-fever,True,0.09653625136544668,0.0003492617007741624,-0.09618698966467251,True,True,1134,1134
1,TOKEN_QRR_MULTI,selected_inner,H593-0de8c65af51ef20333889d71,469584,True,0.07304831373829872,0.0028628517773177566,-0.07018546196098097,True,True,1032,1032
1,TOKEN_QRR_MULTI,selected_inner,H593-0e5d73ab749914eaaeb680ae,766-e9-infants-pain-and-fever,False,0.030654740248894717,0.47316956990082665,0.44251482965193195,False,False,4075,3926
1,TOKEN_QRR_MULTI,selected_inner,H593-0e8e2230acf18be9984a101b,766-e9-infants-pain-and-fever,True,0.14136813004427884,0.0008247776747961116,-0.14054335236948273,True,True,1134,1134
1,TOKEN_QRR_MULTI,selected_inner,H593-102e05de4bdefbe546c83578,964901_LR,False,0.24322103172230625,0.14841416510918035,-0.0948068666131259,False,False,3252,3252
1,TOKEN_QRR_MULTI,selected_inner,H593-14742ff288bf8a71f7d5208d,10 mL carton,True,0.09531901828589052,0.0003153138301643434,-0.09500370445572619,True,True,0,0
1,TOKEN_QRR_MULTI,selected_inner,H593-156bfb4a63653eec1f65ecda,469584,True,0.04272472155434223,0.00020819699827755262,-0.04251652455606468,True,True,1032,1032
1,TOKEN_QRR_MULTI,selected_inner,H593-178d10ad3076a41e89d549dd,Bacitracin Zinc Ointment USP Carton 0.5oz(14.2g) Rev 02-22,True,0.15243829789989874,0.4484792724402952,0.29604097454039646,True,True,1652,1652
1,TOKEN_QRR_MULTI,selected_inner,H593-1af45e7f0d56a52adeb60b07,964901_LR,True,3.8067837829256517,2.088497010473761,-1.7182867724518909,False,False,1980,1980
1,TOKEN_QRR_MULTI,selected_inner,H593-1bab76bb2cce8605543067d4,964901_LR,True,0.0021796118801473453,7.611211187875007e-09,-0.0021796042689361575,True,True,1183,1183
1,TOKEN_QRR_MULTI,selected_inner,H593-1bdb2bfae2aae669afa4627f,964901_LR,True,0.007558916422175373,1.0212588023325834e-05,-0.007548703834152047,True,True,1183,1183
1,TOKEN_QRR_MULTI,selected_inner,H593-1e69202f59c1e38274747acc,200000002710_Final,True,2.936368214682094,0.10610508197466828,-2.830263132707426,False,True,1966,935
1,TOKEN_QRR_MULTI,selected_inner,H593-1f65d77d8ddd265c0d00b1f2,10 mL carton,True,0.004083254047486178,1.388417504653457e-08,-0.004083240163311131,True,True,0,0
1,TOKEN_QRR_MULTI,selected_inner,H593-20fdadbf18ce1e0e1a0746a9,766-e9-infants-pain-and-fever,True,2.6833379851490093,1.8190319049772983,-0.8643060801717111,False,False,3887,3887
1,TOKEN_QRR_MULTI,selected_inner,H593-22df23c2ff5577aea691a22b,2021 Lice Freee!_6ozPOP R2a,True,0.012793784581364306,8.829318375218043e-08,-0.012793696288180554,True,True,567,567
1,TOKEN_QRR_MULTI,selected_inner,H593-24402f98b4c6d27775ea51b8,10 mL carton,True,0.09750197502585614,0.001094369163045607,-0.09640760586281054,True,True,0,0
1,TOKEN_QRR_MULTI,selected_inner,H593-257581a6d8113bc829cc4f7d,766-e9-infants-pain-and-fever,True,0.0037708837859134273,1.5226409010925196e-09,-0.0037708822632725263,True,True,1134,1134
1,TOKEN_QRR_MULTI,selected_inner,H593-2822f2513c87ee22a59ce51b,4_Kids_Oral_Pain_Relief,True,9.494309892454521e-06,1.3489209749186554e-12,-9.494308543533546e-06,True,True,608,608
1,TOKEN_QRR_MULTI,selected_inner,H593-2848a70ea80c7f1dc1cfd651,10 mL carton,True,0.04150342197220305,0.0002829535921110063,-0.041220468380092044,True,True,0,0
1,TOKEN_QRR_MULTI,selected_inner,H593-2e44547e6a7fb1f39cc27d3a,4_Kids_Oral_Pain_Relief,True,1.5252765791544845e-05,4.816147480822769e-13,-1.5252765309930097e-05,True,True,608,608
1,TOKEN_QRR_MULTI,selected_inner,H593-2e5153cd0e9bd1dddbb75dea,200000002710_Final,True,3.546053090965499,1.9004793859656033,-1.6455737049998955,False,False,1966,1966
1,TOKEN_QRR_MULTI,selected_inner,H593-2fa24ad21b4ed56f150b2b7a,2021 Lice Freee!_6ozPOP R2a,True,0.00043796475859953225,1.955371420145686e-10,-0.0004379645630623902,True,True,567,567
1,TOKEN_QRR_MULTI,selected_inner,H593-30d56e7ebdd8d445dd0c0837,766-e9-infants-pain-and-fever,True,0.01792080545000552,4.2891364428461935e-08,-0.01792076255864109,True,True,1134,1134
1,TOKEN_QRR_MULTI,selected_inner,H593-30df437866a92249e15d556f,766-e9-infants-pain-and-fever,True,0.03541245402101666,0.0002427366575257267,-0.03516971736349093,True,True,1134,1134
1,TOKEN_QRR_MULTI,selected_inner,H593-315859149cbadcf0a035cb5b,766-e9-infants-pain-and-fever,True,0.01309715650635845,2.903910208102062e-07,-0.013096866115337641,True,True,1134,1134
1,TOKEN_QRR_MULTI,held_outer_refit,H593-0188e7f7150a7aaf05c23614,kedbumin-02,True,3.196977765072158e-05,5.2820192662776384e-11,-3.1969724830528916e-05,True,True,4798,4798
1,TOKEN_QRR_MULTI,held_outer_refit,H593-059b70b913c381ca4c02e851,0003,True,0.006326011542032408,2.4558781644798155e-09,-0.006326009086154243,True,True,518,518
1,TOKEN_QRR_MULTI,held_outer_refit,H593-068d4310663d131f8027b587,bef4f237-ccb8-4d28-bfc2-41c511a17d7f-01,True,0.003811796513413471,2.150525977203879e-09,-0.003811794362887494,True,True,3368,3368
1,TOKEN_QRR_MULTI,held_outer_refit,H593-0745854000292039c9c10f33,734-uw-mint-mini-nicotine-lozenge,True,1.0056555891655825,0.7300611694019121,-0.2755944197636704,True,True,1130,1130
1,TOKEN_QRR_MULTI,held_outer_refit,H593-08297e272b0164e6fdd42e9f,734-uw-mint-mini-nicotine-lozenge,True,2.0273530763311935,1.436944430110998e-08,-2.0273530619617492,False,True,3368,1130
1,TOKEN_QRR_MULTI,held_outer_refit,H593-0c19fd5a9f5839f926c4ae57,77l96n1c1,True,2.419945488472804e-06,4.440892098500625e-16,-2.4199454880287146e-06,True,True,4861,4861
1,TOKEN_QRR_MULTI,held_outer_refit,H593-0c251f2d0b52c9cde036edc1,ASP Cough Mucus Congestion PMG 24ct,True,0.13905397114625287,4.056150256291676e-05,-0.13901340964368994,True,True,1322,1322
1,TOKEN_QRR_MULTI,held_outer_refit,H593-0dc7d62664f27ce00d40a1ab,AlkaSeltzer_36,True,0.011002110464806543,1.0300871266546588e-10,-0.01100211036179783,True,True,1402,1402
1,TOKEN_QRR_MULTI,held_outer_refit,H593-0ee088c09f80add39585ed84,lox01-0004-14,True,0.00043858017595476605,4.494880022731901e-10,-0.0004385797264667638,True,True,409,409
1,TOKEN_QRR_MULTI,held_outer_refit,H593-106aa1a451e3f1c3a21d37fe,AlkaSeltzer_36,True,0.12160861377928844,2.964029022223258e-11,-0.12160861374964815,True,True,1402,1402
1,TOKEN_QRR_MULTI,held_outer_refit,H593-118dee9f38aacba8f825b966,lox01-0004-14,True,0.0005130320446205161,1.0753422591039079e-09,-0.000513030969278257,True,True,409,409
1,TOKEN_QRR_MULTI,held_outer_refit,H593-147ee84e2fed004258fe44bc,kedbumin-02,True,0.00012179479786282699,9.032982321303099e-09,-0.00012178576488050568,True,True,4798,4798
1,TOKEN_QRR_MULTI,held_outer_refit,H593-163df34acba78d2b4f94a0d0,77l96n1c1,True,0.0038363784406913585,1.8920797093232258e-07,-0.003836189232720426,True,True,4861,4861
1,TOKEN_QRR_MULTI,held_outer_refit,H593-1652082eb7bdd4e18f2fa4e2,com0n-0000-04,True,0.44373890464520693,0.023137301576412344,-0.42060160306879457,True,True,265,265
1,TOKEN_QRR_MULTI,held_outer_refit,H593-1aee8f8c27c19ea85c3d7d4b,kedbumin-02,True,0.0037999333192444795,0.0003539303880230943,-0.0034460029312213853,True,True,4798,4798
1,TOKEN_QRR_MULTI,held_outer_refit,H593-1dd405f920b439879fc89b2c,77l96n1c1,True,0.0003411396892233487,3.838648058711422e-09,-0.00034113585057529,True,True,4861,4861
1,TOKEN_QRR_MULTI,held_outer_refit,H593-1e203e93f22affa5c8c93e7b,AlkaSeltzer_36,True,4.444004278156557,0.28490465462008707,-4.15909962353647,False,True,4515,1402
1,TOKEN_QRR_MULTI,held_outer_refit,H593-1fb1391bf43d4e4f4cfc1fa5,lox01-0004-14,True,0.0017576688562684964,3.6337051817884164e-08,-0.0017576325192166786,True,True,409,409
1,TOKEN_QRR_MULTI,held_outer_refit,H593-27e35a9cbecb2ef6b0c1fc10,Anti-wrinkle EYE CREAM,True,1.2801718393482447e-06,2.2204460492503128e-16,-1.2801718391262001e-06,True,True,1414,1414
1,TOKEN_QRR_MULTI,held_outer_refit,H593-297ba148574e09f5723aa6b7,kedbumin-02,True,2.9503628193488947,0.14612133379874637,-2.8042414855501483,False,True,2603,4798
1,TOKEN_QRR_MULTI,held_outer_refit,H593-2acfe07e77226545b2ae0e10,77l96n1c1,True,4.429446598169012,7.073178270724777,2.6437316725557656,False,False,4984,4984
1,TOKEN_QRR_MULTI,held_outer_refit,H593-2c2942af21039bf61875bcba,AlkaSeltzer_36,False,0.0049690955639319105,0.0006571825091804969,-0.004311913054751414,False,False,2588,2588
1,TOKEN_QRR_MULTI,held_outer_refit,H593-31a7078fc5358b3fbdc70c42,kedbumin-02,True,0.0030836836705249926,2.3886802302110177e-06,-0.0030812949902947816,True,True,4798,4798
2,TOKEN_QR,selected_inner,H593-059b70b913c381ca4c02e851,0003,True,0.0200681706455443,1.2256482198432023e-08,-0.0200681583890621,True,True,518,518
2,TOKEN_QR,selected_inner,H593-0745854000292039c9c10f33,734-uw-mint-mini-nicotine-lozenge,True,1.1284080848369251,0.7260982077864024,-0.4023098770505227,True,True,1130,1130
2,TOKEN_QR,selected_inner,H593-08297e272b0164e6fdd42e9f,734-uw-mint-mini-nicotine-lozenge,True,1.824073293706603,0.006061180343558625,-1.8180121133630445,False,True,3368,1130
2,TOKEN_QR,selected_inner,H593-0ac0e839567fe775450fa642,4_Kids_Oral_Pain_Relief,True,3.5701145020139996e-05,0.0,-3.5701145020139996e-05,True,True,608,608
2,TOKEN_QR,selected_inner,H593-0c93295a4efc661bc7464f47,2021 Lice Freee!_6ozPOP R2a,True,1.0219927521052465,0.3258147322618079,-0.6961780198434386,True,True,567,567
2,TOKEN_QR,selected_inner,H593-0dd4951a9b49124b8f24958f,766-e9-infants-pain-and-fever,True,0.1261871143763815,6.607680675115253e-05,-0.12612103756963033,True,True,1134,1134
2,TOKEN_QR,selected_inner,H593-0e5d73ab749914eaaeb680ae,766-e9-infants-pain-and-fever,False,0.04761827022569627,0.07271899608503624,0.025100725859339965,False,False,4075,2903
2,TOKEN_QR,selected_inner,H593-0e8e2230acf18be9984a101b,766-e9-infants-pain-and-fever,True,0.16584686546115732,0.00015608075396984224,-0.16569078470718748,True,True,1134,1134
2,TOKEN_QR,selected_inner,H593-102e05de4bdefbe546c83578,964901_LR,False,0.36847680597599203,0.24041835464838407,-0.12805845132760796,False,False,3252,1800
2,TOKEN_QR,selected_inner,H593-178d10ad3076a41e89d549dd,Bacitracin Zinc Ointment USP Carton 0.5oz(14.2g) Rev 02-22,True,0.1553917087206898,0.09886940225154325,-0.05652230646914655,True,True,1652,1652
2,TOKEN_QR,selected_inner,H593-1af45e7f0d56a52adeb60b07,964901_LR,True,3.407594992628966,0.010903327362079551,-3.3966916652668866,False,True,1980,1183
2,TOKEN_QR,selected_inner,H593-1bab76bb2cce8605543067d4,964901_LR,True,0.0036307623545565417,4.3529513317726583e-10,-0.0036307619192614085,True,True,1183,1183
2,TOKEN_QR,selected_inner,H593-1bdb2bfae2aae669afa4627f,964901_LR,True,0.010980426236442114,8.631523649908128e-07,-0.010979563084077123,True,True,1183,1183
2,TOKEN_QR,selected_inner,H593-1e69202f59c1e38274747acc,200000002710_Final,True,2.68058736111561,0.11415237230712982,-2.56643498880848,False,True,1966,935
2,TOKEN_QR,selected_inner,H593-20fdadbf18ce1e0e1a0746a9,766-e9-infants-pain-and-fever,True,3.149381036486247,2.346891300670988,-0.802489735815259,False,False,3887,1436
2,TOKEN_QR,selected_inner,H593-22df23c2ff5577aea691a22b,2021 Lice Freee!_6ozPOP R2a,True,0.01889946361835573,1.3301640681319858e-07,-0.018899330601948917,True,True,567,567
2,TOKEN_QR,selected_inner,H593-257581a6d8113bc829cc4f7d,766-e9-infants-pain-and-fever,True,0.005932013517561081,5.279332526683608e-12,-0.005932013512281748,True,True,1134,1134
2,TOKEN_QR,selected_inner,H593-2822f2513c87ee22a59ce51b,4_Kids_Oral_Pain_Relief,True,2.807309024656581e-05,0.0,-2.807309024656581e-05,True,True,608,608
2,TOKEN_QR,selected_inner,H593-2e44547e6a7fb1f39cc27d3a,4_Kids_Oral_Pain_Relief,True,5.2368164823635464e-05,0.0,-5.2368164823635464e-05,True,True,608,608
2,TOKEN_QR,selected_inner,H593-2e5153cd0e9bd1dddbb75dea,200000002710_Final,True,3.1654426402873717,1.1645834728350852,-2.0008591674522864,False,False,1966,1966
2,TOKEN_QR,selected_inner,H593-2fa24ad21b4ed56f150b2b7a,2021 Lice Freee!_6ozPOP R2a,True,0.0008036829518350794,2.9309887850103704e-14,-0.0008036829518057695,True,True,567,567
2,TOKEN_QR,selected_inner,H593-30d56e7ebdd8d445dd0c0837,766-e9-infants-pain-and-fever,True,0.026397292121085398,5.040421412312116e-10,-0.026397291617043257,True,True,1134,1134
2,TOKEN_QR,selected_inner,H593-30df437866a92249e15d556f,766-e9-infants-pain-and-fever,True,0.04752534144350012,7.638325106225244e-05,-0.047448958192437864,True,True,1134,1134
2,TOKEN_QR,selected_inner,H593-315859149cbadcf0a035cb5b,766-e9-infants-pain-and-fever,True,0.017724458148331203,5.178735456208123e-07,-0.017723940274785584,True,True,1134,1134
2,TOKEN_QR,held_outer_refit,H593-02060e3d320616b952a39654,dro0b-0001-04,True,0.004295480207849187,8.790015378368567e-10,-0.004295479328847648,True,True,304,304
2,TOKEN_QR,held_outer_refit,H593-03168677fa508c139372f0ed,469584,True,0.0006839101553030791,3.5519143181596905e-11,-0.000683910119783936,True,True,1032,1032
2,TOKEN_QR,held_outer_refit,H593-04bd54f85fedc55966f9ee04,vetoryl-09,True,0.8665734443336581,1.0585844331946268,0.19201098886096868,True,False,512,510
2,TOKEN_QR,held_outer_refit,H593-0576bfe455276d27cc059542,AntifluDesbx,True,0.04492182199003088,0.003333534441462375,-0.041588287548568505,True,True,1424,1424
2,TOKEN_QR,held_outer_refit,H593-0923651f03329ad9587b7927,vetoryl-09,True,3.9760635008906586,3.719275723429847,-0.25678777746081183,False,False,508,337
2,TOKEN_QR,held_outer_refit,H593-097dd2637a0f46ccbfb61ff4,469584,True,0.0032321415229360916,1.0038441311208065e-06,-0.003231137678804971,True,True,1032,1032
2,TOKEN_QR,held_outer_refit,H593-0d8db033f048bf0a40089770,sevospire-02,True,0.41451822787927006,0.025860928750573567,-0.3886572991286965,True,True,480,480
2,TOKEN_QR,held_outer_refit,H593-0de8c65af51ef20333889d71,469584,True,0.06782767936469018,0.001443413238435652,-0.06638426612625453,True,True,1032,1032
2,TOKEN_QR,held_outer_refit,H593-13e342e35a49ea7a9a10b5ce,carton-1-gram-10-vial-pack-premier,True,0.047583879139072555,0.00038278820144947733,-0.04720109093762308,True,True,5004,5004
2,TOKEN_QR,held_outer_refit,H593-14386333d65f4c444d23e372,dro0b-0001-04,True,0.08453411350621128,6.017741218747052e-05,-0.0844739360940238,True,True,304,304
2,TOKEN_QR,held_outer_refit,H593-156bfb4a63653eec1f65ecda,469584,True,0.034591530422364444,1.1340767458215469e-06,-0.03459039634561862,True,True,1032,1032
2,TOKEN_QR,held_outer_refit,H593-17128afb252013a8b2a0ee5f,Baby spec cream 60 ml_Jun21-Output,True,0.0002627326630680447,8.163025810825608e-12,-0.0002627326549050189,True,True,1641,1641
2,TOKEN_QR,held_outer_refit,H593-174dc7ecf520dfa933141c09,bravecto-07,True,1.7945530147348987,2.9815016698772294,1.1869486551423307,False,False,219,219
2,TOKEN_QR,held_outer_refit,H593-17e5724183278e475c4a304d,vetoryl-09,True,1.1612129856110145,0.738038453129692,-0.42317453248132253,False,True,508,512
2,TOKEN_QR,held_outer_refit,H593-19cc2c81ca081e39a7d72b99,vetoryl-09,True,4.0045583754506,3.613864718175574,-0.3906936572750257,False,False,337,337
2,TOKEN_QR,held_outer_refit,H593-1c5e61610edb8626ae77f9f6,AntifluDesbx,True,0.07971357259540396,4.0469159264074885e-05,-0.07967310343613988,True,True,1424,1424
2,TOKEN_QR,held_outer_refit,H593-1cf0eabcc44cfc60588f292c,dro0b-0001-04,True,0.009783880473166138,2.1285360118467816e-09,-0.009783878344630126,True,True,304,304
2,TOKEN_QR,held_outer_refit,H593-1e1593a08e4ed18acf833796,AntifluDesbx,True,0.018990662657688,1.3326325731832947e-08,-0.01899064933136227,True,True,1424,1424
2,TOKEN_QR,held_outer_refit,H593-20c36189f2e4e46a9590ae78,dro0b-0001-04,True,0.4302379054771993,0.09734797875456797,-0.33288992672263135,True,True,304,304
2,TOKEN_QR,held_outer_refit,H593-2226b02dfbc9f44bb2cdb71c,carton-1-gram-10-vial-pack-premier,True,0.005857629840057658,3.738987210375799e-05,-0.0058202399679539,True,True,5004,5004
2,TOKEN_QR,held_outer_refit,H593-25bb54d111079fe02df38114,dro0b-0001-04,True,0.0372844555167669,1.9613401831881368e-05,-0.03726484211493502,True,True,304,304
2,TOKEN_QR,held_outer_refit,H593-264b94be0b6f4ab3ec07cfb5,vetoryl-09,True,0.8181730633808866,0.9566082776974698,0.13843521431658323,True,True,512,512
2,TOKEN_QR,held_outer_refit,H593-29b067277aef7b28b3547a97,cuvitru-19,True,0.43640368360759685,0.198878294225292,-0.23752538938230486,True,True,4791,4791
2,TOKEN_QR,held_outer_refit,H593-2bae4a6fe6f937a87545fde2,cuvitru-19,True,0.34370813024387464,0.09613047603815711,-0.24757765420571753,True,True,4791,4791
2,TOKEN_QR,held_outer_refit,H593-2e8ca9e124da2d21f42ee190,cuvitru-19,True,0.0011867423533651676,5.613381335413501e-08,-0.0011866862195518135,True,True,4791,4791
2,TOKEN_QR,held_outer_refit,H593-2ecb07df64c211f4edf1e8d3,carton-1-gram-10-vial-pack-premier,True,0.1098870866321032,0.001490950932484748,-0.10839613569961845,True,True,5004,5004
2,TOKEN_QRR_ANCHOR,selected_inner,H593-059b70b913c381ca4c02e851,0003,True,0.0200681706455443,2.0883190966983937e-06,-0.0200660823264476,True,True,518,518
2,TOKEN_QRR_ANCHOR,selected_inner,H593-0745854000292039c9c10f33,734-uw-mint-mini-nicotine-lozenge,True,1.1284080848369251,0.4543652654452748,-0.6740428193916503,True,True,1130,1130
2,TOKEN_QRR_ANCHOR,selected_inner,H593-08297e272b0164e6fdd42e9f,734-uw-mint-mini-nicotine-lozenge,True,1.824073293706603,0.2413957882883122,-1.5826775054182909,False,True,3368,1130
2,TOKEN_QRR_ANCHOR,selected_inner,H593-0ac0e839567fe775450fa642,4_Kids_Oral_Pain_Relief,True,3.5701145020139996e-05,1.6538326263889422e-11,-3.570112848181373e-05,True,True,608,608
2,TOKEN_QRR_ANCHOR,selected_inner,H593-0c93295a4efc661bc7464f47,2021 Lice Freee!_6ozPOP R2a,True,1.0219927521052465,0.10844616907022697,-0.9135465830350196,True,True,567,567
2,TOKEN_QRR_ANCHOR,selected_inner,H593-0dd4951a9b49124b8f24958f,766-e9-infants-pain-and-fever,True,0.1261871143763815,3.385890899291095e-05,-0.1261532554673886,True,True,1134,1134
2,TOKEN_QRR_ANCHOR,selected_inner,H593-0e5d73ab749914eaaeb680ae,766-e9-infants-pain-and-fever,False,0.04761827022569627,0.6662134285212192,0.6185951582955229,False,False,4075,4326
2,TOKEN_QRR_ANCHOR,selected_inner,H593-0e8e2230acf18be9984a101b,766-e9-infants-pain-and-fever,True,0.16584686546115732,0.0001135620379836559,-0.16573330342317366,True,True,1134,1134
2,TOKEN_QRR_ANCHOR,selected_inner,H593-102e05de4bdefbe546c83578,964901_LR,False,0.36847680597599203,0.2391060264336157,-0.12937077954237633,False,False,3252,1800
2,TOKEN_QRR_ANCHOR,selected_inner,H593-178d10ad3076a41e89d549dd,Bacitracin Zinc Ointment USP Carton 0.5oz(14.2g) Rev 02-22,True,0.1553917087206898,0.07868956675344099,-0.07670214196724881,True,True,1652,1652
2,TOKEN_QRR_ANCHOR,selected_inner,H593-1af45e7f0d56a52adeb60b07,964901_LR,True,3.407594992628966,0.39918936490910095,-3.008405627719865,False,True,1980,1183
2,TOKEN_QRR_ANCHOR,selected_inner,H593-1bab76bb2cce8605543067d4,964901_LR,True,0.0036307623545565417,7.464130745804356e-08,-0.0036306877132490836,True,True,1183,1183
2,TOKEN_QRR_ANCHOR,selected_inner,H593-1bdb2bfae2aae669afa4627f,964901_LR,True,0.010980426236442114,6.6339320637265e-06,-0.010973792304378387,True,True,1183,1183
2,TOKEN_QRR_ANCHOR,selected_inner,H593-1e69202f59c1e38274747acc,200000002710_Final,True,2.68058736111561,0.259789944541831,-2.420797416573779,False,True,1966,935
2,TOKEN_QRR_ANCHOR,selected_inner,H593-20fdadbf18ce1e0e1a0746a9,766-e9-infants-pain-and-fever,True,3.149381036486247,2.427067045046217,-0.7223139914400298,False,False,3887,1436
2,TOKEN_QRR_ANCHOR,selected_inner,H593-22df23c2ff5577aea691a22b,2021 Lice Freee!_6ozPOP R2a,True,0.01889946361835573,4.580759319108476e-06,-0.01889488285903662,True,True,567,567
2,TOKEN_QRR_ANCHOR,selected_inner,H593-257581a6d8113bc829cc4f7d,766-e9-infants-pain-and-fever,True,0.005932013517561081,6.693287877544163e-08,-0.005931946584682306,True,True,1134,1134
2,TOKEN_QRR_ANCHOR,selected_inner,H593-2822f2513c87ee22a59ce51b,4_Kids_Oral_Pain_Relief,True,2.807309024656581e-05,2.7211344288587434e-11,-2.807306303522152e-05,True,True,608,608
2,TOKEN_QRR_ANCHOR,selected_inner,H593-2e44547e6a7fb1f39cc27d3a,4_Kids_Oral_Pain_Relief,True,5.2368164823635464e-05,5.1062265525676224e-11,-5.236811376136994e-05,True,True,608,608
2,TOKEN_QRR_ANCHOR,selected_inner,H593-2e5153cd0e9bd1dddbb75dea,200000002710_Final,True,3.1654426402873717,1.2937409621242164,-1.8717016781631552,False,False,1966,1966
2,TOKEN_QRR_ANCHOR,selected_inner,H593-2fa24ad21b4ed56f150b2b7a,2021 Lice Freee!_6ozPOP R2a,True,0.0008036829518350794,1.065133375822286e-08,-0.0008036723005013212,True,True,567,567
2,TOKEN_QRR_ANCHOR,selected_inner,H593-30d56e7ebdd8d445dd0c0837,766-e9-infants-pain-and-fever,True,0.026397292121085398,1.3125077655552215e-06,-0.026395979613319843,True,True,1134,1134
2,TOKEN_QRR_ANCHOR,selected_inner,H593-30df437866a92249e15d556f,766-e9-infants-pain-and-fever,True,0.04752534144350012,0.0001617413742980209,-0.047363600069202094,True,True,1134,1134
2,TOKEN_QRR_ANCHOR,selected_inner,H593-315859149cbadcf0a035cb5b,766-e9-infants-pain-and-fever,True,0.017724458148331203,6.1678897244977964e-06,-0.017718290258606707,True,True,1134,1134
2,TOKEN_QRR_ANCHOR,held_outer_refit,H593-02060e3d320616b952a39654,dro0b-0001-04,True,0.004295480207849187,3.6356772708753786e-08,-0.004295443851076478,True,True,304,304
2,TOKEN_QRR_ANCHOR,held_outer_refit,H593-03168677fa508c139372f0ed,469584,True,0.0006839101553030791,3.7454950245410256e-10,-0.0006839097807535767,True,True,1032,1032
2,TOKEN_QRR_ANCHOR,held_outer_refit,H593-04bd54f85fedc55966f9ee04,vetoryl-09,True,0.8665734443336581,1.3795534460112813,0.5129800016776231,True,False,512,510
2,TOKEN_QRR_ANCHOR,held_outer_refit,H593-0576bfe455276d27cc059542,AntifluDesbx,True,0.04492182199003088,0.0040836010522435585,-0.04083822093778732,True,True,1424,1424
2,TOKEN_QRR_ANCHOR,held_outer_refit,H593-0923651f03329ad9587b7927,vetoryl-09,True,3.9760635008906586,4.620015118474458,0.6439516175837996,False,False,508,337
2,TOKEN_QRR_ANCHOR,held_outer_refit,H593-097dd2637a0f46ccbfb61ff4,469584,True,0.0032321415229360916,1.946162517167912e-07,-0.0032319469066843746,True,True,1032,1032
2,TOKEN_QRR_ANCHOR,held_outer_refit,H593-0d8db033f048bf0a40089770,sevospire-02,True,0.41451822787927006,0.02127395964620315,-0.3932442682330669,True,True,480,480
2,TOKEN_QRR_ANCHOR,held_outer_refit,H593-0de8c65af51ef20333889d71,469584,True,0.06782767936469018,0.0005841026448647091,-0.06724357671982548,True,True,1032,1032
2,TOKEN_QRR_ANCHOR,held_outer_refit,H593-13e342e35a49ea7a9a10b5ce,carton-1-gram-10-vial-pack-premier,True,0.047583879139072555,0.0001813053160446391,-0.04740257382302791,True,True,5004,5004
2,TOKEN_QRR_ANCHOR,held_outer_refit,H593-14386333d65f4c444d23e372,dro0b-0001-04,True,0.08453411350621128,0.00030643852055820323,-0.08422767498565308,True,True,304,304
2,TOKEN_QRR_ANCHOR,held_outer_refit,H593-156bfb4a63653eec1f65ecda,469584,True,0.034591530422364444,4.3014876927464616e-05,-0.03454851554543698,True,True,1032,1032
2,TOKEN_QRR_ANCHOR,held_outer_refit,H593-17128afb252013a8b2a0ee5f,Baby spec cream 60 ml_Jun21-Output,True,0.0002627326630680447,1.480366940033511e-10,-0.0002627325150313507,True,True,1641,1641
2,TOKEN_QRR_ANCHOR,held_outer_refit,H593-174dc7ecf520dfa933141c09,bravecto-07,True,1.7945530147348987,3.4731530085809026,1.678599993846004,False,False,219,219
2,TOKEN_QRR_ANCHOR,held_outer_refit,H593-17e5724183278e475c4a304d,vetoryl-09,True,1.1612129856110145,0.8679372592876728,-0.29327572632334165,False,True,508,512
2,TOKEN_QRR_ANCHOR,held_outer_refit,H593-19cc2c81ca081e39a7d72b99,vetoryl-09,True,4.0045583754506,4.479659365552311,0.47510099010171114,False,False,337,337
2,TOKEN_QRR_ANCHOR,held_outer_refit,H593-1c5e61610edb8626ae77f9f6,AntifluDesbx,True,0.07971357259540396,0.00011546407976795216,-0.079598108515636,True,True,1424,1424
2,TOKEN_QRR_ANCHOR,held_outer_refit,H593-1cf0eabcc44cfc60588f292c,dro0b-0001-04,True,0.009783880473166138,2.363607726030285e-08,-0.009783856837088878,True,True,304,304
2,TOKEN_QRR_ANCHOR,held_outer_refit,H593-1e1593a08e4ed18acf833796,AntifluDesbx,True,0.018990662657688,9.111314687314424e-08,-0.018990571544541125,True,True,1424,1424
2,TOKEN_QRR_ANCHOR,held_outer_refit,H593-20c36189f2e4e46a9590ae78,dro0b-0001-04,True,0.4302379054771993,0.2809727682823424,-0.1492651371948569,True,True,304,304
2,TOKEN_QRR_ANCHOR,held_outer_refit,H593-2226b02dfbc9f44bb2cdb71c,carton-1-gram-10-vial-pack-premier,True,0.005857629840057658,1.656411889543364e-05,-0.005841065721162224,True,True,5004,5004
2,TOKEN_QRR_ANCHOR,held_outer_refit,H593-25bb54d111079fe02df38114,dro0b-0001-04,True,0.0372844555167669,3.05724213398993e-05,-0.037253883095427,True,True,304,304
2,TOKEN_QRR_ANCHOR,held_outer_refit,H593-264b94be0b6f4ab3ec07cfb5,vetoryl-09,True,0.8181730633808866,0.9481738025073851,0.13000073912649857,True,True,512,512
2,TOKEN_QRR_ANCHOR,held_outer_refit,H593-29b067277aef7b28b3547a97,cuvitru-19,True,0.43640368360759685,0.2025702740005207,-0.23383340960707616,True,True,4791,4791
2,TOKEN_QRR_ANCHOR,held_outer_refit,H593-2bae4a6fe6f937a87545fde2,cuvitru-19,True,0.34370813024387464,0.09848287663891221,-0.24522525360496245,True,True,4791,4791
2,TOKEN_QRR_ANCHOR,held_outer_refit,H593-2e8ca9e124da2d21f42ee190,cuvitru-19,True,0.0011867423533651676,9.046542061492403e-08,-0.0011866518879445527,True,True,4791,4791
2,TOKEN_QRR_ANCHOR,held_outer_refit,H593-2ecb07df64c211f4edf1e8d3,carton-1-gram-10-vial-pack-premier,True,0.1098870866321032,0.000998326439454846,-0.10888876019264836,True,True,5004,5004
2,TOKEN_QRR_MULTI,selected_inner,H593-059b70b913c381ca4c02e851,0003,True,0.0200681706455443,2.2050782879440326e-06,-0.020065965567256355,True,True,518,518
2,TOKEN_QRR_MULTI,selected_inner,H593-0745854000292039c9c10f33,734-uw-mint-mini-nicotine-lozenge,True,1.1284080848369251,0.37598871403557377,-0.7524193708013514,True,True,1130,1130
2,TOKEN_QRR_MULTI,selected_inner,H593-08297e272b0164e6fdd42e9f,734-uw-mint-mini-nicotine-lozenge,True,1.824073293706603,0.008397161365447658,-1.8156761323411554,False,True,3368,1130
2,TOKEN_QRR_MULTI,selected_inner,H593-0ac0e839567fe775450fa642,4_Kids_Oral_Pain_Relief,True,3.5701145020139996e-05,1.0529133120884629e-11,-3.5701134491006875e-05,True,True,608,608
2,TOKEN_QRR_MULTI,selected_inner,H593-0c93295a4efc661bc7464f47,2021 Lice Freee!_6ozPOP R2a,True,1.0219927521052465,0.050474124467482895,-0.9715186276377636,True,True,567,567
2,TOKEN_QRR_MULTI,selected_inner,H593-0dd4951a9b49124b8f24958f,766-e9-infants-pain-and-fever,True,0.1261871143763815,0.000670846339460634,-0.12551626803692087,True,True,1134,1134
2,TOKEN_QRR_MULTI,selected_inner,H593-0e5d73ab749914eaaeb680ae,766-e9-infants-pain-and-fever,False,0.04761827022569627,0.5708423201891097,0.5232240499634134,False,False,4075,4326
2,TOKEN_QRR_MULTI,selected_inner,H593-0e8e2230acf18be9984a101b,766-e9-infants-pain-and-fever,True,0.16584686546115732,0.0012513784132603633,-0.16459548704789695,True,True,1134,1134
2,TOKEN_QRR_MULTI,selected_inner,H593-102e05de4bdefbe546c83578,964901_LR,False,0.36847680597599203,0.40750342946936324,0.039026623493371215,False,False,3252,3252
2,TOKEN_QRR_MULTI,selected_inner,H593-178d10ad3076a41e89d549dd,Bacitracin Zinc Ointment USP Carton 0.5oz(14.2g) Rev 02-22,True,0.1553917087206898,0.9387987736532887,0.7834070649325988,True,False,1652,1653
2,TOKEN_QRR_MULTI,selected_inner,H593-1af45e7f0d56a52adeb60b07,964901_LR,True,3.407594992628966,1.4911741064223323,-1.9164208862066339,False,False,1980,1980
2,TOKEN_QRR_MULTI,selected_inner,H593-1bab76bb2cce8605543067d4,964901_LR,True,0.0036307623545565417,1.3291969485429388e-07,-0.0036306294348616873,True,True,1183,1183
2,TOKEN_QRR_MULTI,selected_inner,H593-1bdb2bfae2aae669afa4627f,964901_LR,True,0.010980426236442114,1.0557564313592683e-05,-0.010969868672128522,True,True,1183,1183
2,TOKEN_QRR_MULTI,selected_inner,H593-1e69202f59c1e38274747acc,200000002710_Final,True,2.68058736111561,0.2229929105067603,-2.4575944506088496,False,True,1966,935
2,TOKEN_QRR_MULTI,selected_inner,H593-20fdadbf18ce1e0e1a0746a9,766-e9-infants-pain-and-fever,True,3.149381036486247,3.0666881912554262,-0.08269284523082066,False,False,3887,1436
2,TOKEN_QRR_MULTI,selected_inner,H593-22df23c2ff5577aea691a22b,2021 Lice Freee!_6ozPOP R2a,True,0.01889946361835573,4.399177259227444e-06,-0.018895064441096503,True,True,567,567
2,TOKEN_QRR_MULTI,selected_inner,H593-257581a6d8113bc829cc4f7d,766-e9-infants-pain-and-fever,True,0.005932013517561081,5.8958493237006786e-08,-0.005931954559067844,True,True,1134,1134
2,TOKEN_QRR_MULTI,selected_inner,H593-2822f2513c87ee22a59ce51b,4_Kids_Oral_Pain_Relief,True,2.807309024656581e-05,2.243205621229969e-11,-2.8073067814509596e-05,True,True,608,608
2,TOKEN_QRR_MULTI,selected_inner,H593-2e44547e6a7fb1f39cc27d3a,4_Kids_Oral_Pain_Relief,True,5.2368164823635464e-05,3.3101299478651197e-11,-5.2368131722335985e-05,True,True,608,608
2,TOKEN_QRR_MULTI,selected_inner,H593-2e5153cd0e9bd1dddbb75dea,200000002710_Final,True,3.1654426402873717,1.9500164640635678,-1.215426176223804,False,False,1966,1966
2,TOKEN_QRR_MULTI,selected_inner,H593-2fa24ad21b4ed56f150b2b7a,2021 Lice Freee!_6ozPOP R2a,True,0.0008036829518350794,1.2063091563945736e-08,-0.0008036708887435154,True,True,567,567
2,TOKEN_QRR_MULTI,selected_inner,H593-30d56e7ebdd8d445dd0c0837,766-e9-infants-pain-and-fever,True,0.026397292121085398,1.2987668544346228e-06,-0.026395993354230964,True,True,1134,1134
2,TOKEN_QRR_MULTI,selected_inner,H593-30df437866a92249e15d556f,766-e9-infants-pain-and-fever,True,0.04752534144350012,0.0002541480842321267,-0.04727119335926799,True,True,1134,1134
2,TOKEN_QRR_MULTI,selected_inner,H593-315859149cbadcf0a035cb5b,766-e9-infants-pain-and-fever,True,0.017724458148331203,4.822201398281135e-06,-0.017719635946932922,True,True,1134,1134
2,TOKEN_QRR_MULTI,held_outer_refit,H593-02060e3d320616b952a39654,dro0b-0001-04,True,0.004295480207849187,5.393729606262099e-08,-0.004295426270553124,True,True,304,304
2,TOKEN_QRR_MULTI,held_outer_refit,H593-03168677fa508c139372f0ed,469584,True,0.0006839101553030791,1.4715109120375832e-09,-0.0006839086837921671,True,True,1032,1032
2,TOKEN_QRR_MULTI,held_outer_refit,H593-04bd54f85fedc55966f9ee04,vetoryl-09,True,0.8665734443336581,1.575165986284973,0.7085925419513148,True,False,512,510
2,TOKEN_QRR_MULTI,held_outer_refit,H593-0576bfe455276d27cc059542,AntifluDesbx,True,0.04492182199003088,0.005258277662934348,-0.03966354432709653,True,True,1424,1424
2,TOKEN_QRR_MULTI,held_outer_refit,H593-0923651f03329ad9587b7927,vetoryl-09,True,3.9760635008906586,4.496452800703226,0.5203892998125674,False,False,508,337
2,TOKEN_QRR_MULTI,held_outer_refit,H593-097dd2637a0f46ccbfb61ff4,469584,True,0.0032321415229360916,8.112624176848015e-07,-0.003231330260518407,True,True,1032,1032
2,TOKEN_QRR_MULTI,held_outer_refit,H593-0d8db033f048bf0a40089770,sevospire-02,True,0.41451822787927006,0.021089570808400862,-0.3934286570708692,True,True,480,480
2,TOKEN_QRR_MULTI,held_outer_refit,H593-0de8c65af51ef20333889d71,469584,True,0.06782767936469018,0.0016517203601434248,-0.06617595900454676,True,True,1032,1032
2,TOKEN_QRR_MULTI,held_outer_refit,H593-13e342e35a49ea7a9a10b5ce,carton-1-gram-10-vial-pack-premier,True,0.047583879139072555,0.000546873513571555,-0.047037005625501,True,True,5004,5004
2,TOKEN_QRR_MULTI,held_outer_refit,H593-14386333d65f4c444d23e372,dro0b-0001-04,True,0.08453411350621128,0.0013134880614137335,-0.08322062544479754,True,True,304,304
2,TOKEN_QRR_MULTI,held_outer_refit,H593-156bfb4a63653eec1f65ecda,469584,True,0.034591530422364444,0.0002832837412127881,-0.034308246681151656,True,True,1032,1032
2,TOKEN_QRR_MULTI,held_outer_refit,H593-17128afb252013a8b2a0ee5f,Baby spec cream 60 ml_Jun21-Output,True,0.0002627326630680447,4.709665989423083e-10,-0.00026273219210144576,True,True,1641,1641
2,TOKEN_QRR_MULTI,held_outer_refit,H593-174dc7ecf520dfa933141c09,bravecto-07,True,1.7945530147348987,2.6519840634608105,0.8574310487259118,False,False,219,219
2,TOKEN_QRR_MULTI,held_outer_refit,H593-17e5724183278e475c4a304d,vetoryl-09,True,1.1612129856110145,0.7410477778667595,-0.42016520774425503,False,True,508,512
2,TOKEN_QRR_MULTI,held_outer_refit,H593-19cc2c81ca081e39a7d72b99,vetoryl-09,True,4.0045583754506,4.774224702968491,0.769666327517891,False,False,337,337
2,TOKEN_QRR_MULTI,held_outer_refit,H593-1c5e61610edb8626ae77f9f6,AntifluDesbx,True,0.07971357259540396,5.8480359638303854e-05,-0.07965509223576565,True,True,1424,1424
2,TOKEN_QRR_MULTI,held_outer_refit,H593-1cf0eabcc44cfc60588f292c,dro0b-0001-04,True,0.009783880473166138,7.15904305746081e-08,-0.009783808882735563,True,True,304,304
2,TOKEN_QRR_MULTI,held_outer_refit,H593-1e1593a08e4ed18acf833796,AntifluDesbx,True,0.018990662657688,9.610263367388135e-08,-0.018990566555054326,True,True,1424,1424
2,TOKEN_QRR_MULTI,held_outer_refit,H593-20c36189f2e4e46a9590ae78,dro0b-0001-04,True,0.4302379054771993,0.07523007425162694,-0.3550078312255724,True,True,304,304
2,TOKEN_QRR_MULTI,held_outer_refit,H593-2226b02dfbc9f44bb2cdb71c,carton-1-gram-10-vial-pack-premier,True,0.005857629840057658,5.30634121509938e-05,-0.005804566427906664,True,True,5004,5004
2,TOKEN_QRR_MULTI,held_outer_refit,H593-25bb54d111079fe02df38114,dro0b-0001-04,True,0.0372844555167669,3.261701541465407e-05,-0.03725183850135225,True,True,304,304
2,TOKEN_QRR_MULTI,held_outer_refit,H593-264b94be0b6f4ab3ec07cfb5,vetoryl-09,True,0.8181730633808866,0.771974371724233,-0.04619869165665358,True,True,512,512
2,TOKEN_QRR_MULTI,held_outer_refit,H593-29b067277aef7b28b3547a97,cuvitru-19,True,0.43640368360759685,0.4914528672496131,0.055049183642016275,True,True,4791,4791
2,TOKEN_QRR_MULTI,held_outer_refit,H593-2bae4a6fe6f937a87545fde2,cuvitru-19,True,0.34370813024387464,0.14693287987649412,-0.19677525036738053,True,True,4791,4791
2,TOKEN_QRR_MULTI,held_outer_refit,H593-2e8ca9e124da2d21f42ee190,cuvitru-19,True,0.0011867423533651676,3.811691488744592e-07,-0.0011863611842162932,True,True,4791,4791
2,TOKEN_QRR_MULTI,held_outer_refit,H593-2ecb07df64c211f4edf1e8d3,carton-1-gram-10-vial-pack-premier,True,0.1098870866321032,0.0010607158967631486,-0.10882637073534004,True,True,5004,5004
3,TOKEN_QR,selected_inner,H593-03168677fa508c139372f0ed,469584,True,0.0004243099898571814,4.059652613250555e-10,-0.0004243095838919201,True,True,1032,1032
3,TOKEN_QR,selected_inner,H593-059b70b913c381ca4c02e851,0003,True,0.01056162813810911,2.562658499004326e-07,-0.01056137187225921,True,True,518,518
3,TOKEN_QR,selected_inner,H593-0745854000292039c9c10f33,734-uw-mint-mini-nicotine-lozenge,True,1.4060840195367175,0.7997523867199723,-0.6063316328167452,True,True,1130,1130
3,TOKEN_QR,selected_inner,H593-08297e272b0164e6fdd42e9f,734-uw-mint-mini-nicotine-lozenge,True,1.9187921957100387,0.000409912971971238,-1.9183822827380674,False,True,3368,1130
3,TOKEN_QR,selected_inner,H593-097dd2637a0f46ccbfb61ff4,469584,True,0.0025494140975114133,1.9252998440120807e-06,-0.0025474887976674014,True,True,1032,1032
3,TOKEN_QR,selected_inner,H593-0c19fd5a9f5839f926c4ae57,77l96n1c1,True,7.494840303082471e-06,9.543477119673292e-13,-7.494839348734759e-06,True,True,4861,4861
3,TOKEN_QR,selected_inner,H593-0dd4951a9b49124b8f24958f,766-e9-infants-pain-and-fever,True,0.08193874831306876,0.0007728942051089854,-0.08116585410795978,True,True,1134,1134
3,TOKEN_QR,selected_inner,H593-0de8c65af51ef20333889d71,469584,True,0.06180536497693532,0.0026018658861694426,-0.059203499090765874,True,True,1032,1032
3,TOKEN_QR,selected_inner,H593-0e5d73ab749914eaaeb680ae,766-e9-infants-pain-and-fever,False,0.026711831195827318,0.2280872918757626,0.20137546067993528,False,False,4075,4326
3,TOKEN_QR,selected_inner,H593-0e8e2230acf18be9984a101b,766-e9-infants-pain-and-fever,True,0.12593066292914923,0.0015791668015417396,-0.12435149612760749,True,True,1134,1134
3,TOKEN_QR,selected_inner,H593-102e05de4bdefbe546c83578,964901_LR,False,0.2899679109654696,0.27198850185463586,-0.017979409110833733,False,False,3252,3252
3,TOKEN_QR,selected_inner,H593-156bfb4a63653eec1f65ecda,469584,True,0.03282988780551854,0.00029450964383206935,-0.03253537816168647,True,True,1032,1032
3,TOKEN_QR,selected_inner,H593-163df34acba78d2b4f94a0d0,77l96n1c1,True,0.010429660950781827,6.261222074123064e-05,-0.010367048730040596,True,True,4861,4861
3,TOKEN_QR,selected_inner,H593-178d10ad3076a41e89d549dd,Bacitracin Zinc Ointment USP Carton 0.5oz(14.2g) Rev 02-22,True,0.1302710551488888,0.034556856494853405,-0.09571419865403538,True,True,1652,1652
3,TOKEN_QR,selected_inner,H593-1af45e7f0d56a52adeb60b07,964901_LR,True,3.541706002346462,0.06980146903436335,-3.471904533312099,False,True,1980,1183
3,TOKEN_QR,selected_inner,H593-1bab76bb2cce8605543067d4,964901_LR,True,0.0013407407163053568,1.4153809135585557e-08,-0.0013407265624962212,True,True,1183,1183
3,TOKEN_QR,selected_inner,H593-1bdb2bfae2aae669afa4627f,964901_LR,True,0.004711702856636843,4.282528376103094e-06,-0.00470742032826074,True,True,1183,1183
3,TOKEN_QR,selected_inner,H593-1dd405f920b439879fc89b2c,77l96n1c1,True,0.0007684632620023634,6.430917391659889e-08,-0.0007683989528284468,True,True,4861,4861
3,TOKEN_QR,selected_inner,H593-1e69202f59c1e38274747acc,200000002710_Final,True,2.6755897581560983,0.08790994886526882,-2.5876798092908295,False,True,1966,935
3,TOKEN_QR,selected_inner,H593-20fdadbf18ce1e0e1a0746a9,766-e9-infants-pain-and-fever,True,2.9206852979724918,2.463995604499013,-0.456689693473479,False,False,3887,3887
3,TOKEN_QR,selected_inner,H593-257581a6d8113bc829cc4f7d,766-e9-infants-pain-and-fever,True,0.0024257280803581444,5.70918867574217e-10,-0.0024257275094392767,True,True,1134,1134
3,TOKEN_QR,selected_inner,H593-2acfe07e77226545b2ae0e10,77l96n1c1,True,4.368115676571675,5.113827110167891,0.7457114335962167,False,False,4984,4984
3,TOKEN_QR,selected_inner,H593-2e5153cd0e9bd1dddbb75dea,200000002710_Final,True,3.3075701162573,0.7911055486227205,-2.5164645676345794,False,False,1966,1966
3,TOKEN_QR,selected_inner,H593-30d56e7ebdd8d445dd0c0837,766-e9-infants-pain-and-fever,True,0.011845095992578833,4.881603109816335e-09,-0.011845091110975724,True,True,1134,1134
3,TOKEN_QR,selected_inner,H593-30df437866a92249e15d556f,766-e9-infants-pain-and-fever,True,0.02482243916919989,0.001035316965578183,-0.023787122203621704,True,True,1134,1134
3,TOKEN_QR,selected_inner,H593-315859149cbadcf0a035cb5b,766-e9-infants-pain-and-fever,True,0.00884728187860864,7.131241710773886e-06,-0.008840150636897866,True,True,1134,1134
3,TOKEN_QR,held_outer_refit,H593-00f945a36392a04124513f2c,tul01-0001-02,True,5.891773914594772,1.3556342638903693,-4.536139650704403,False,False,1042,512
3,TOKEN_QR,held_outer_refit,H593-0ac0e839567fe775450fa642,4_Kids_Oral_Pain_Relief,True,3.286911730127943e-06,0.0,-3.286911730127943e-06,True,True,608,608
3,TOKEN_QR,held_outer_refit,H593-0c93295a4efc661bc7464f47,2021 Lice Freee!_6ozPOP R2a,True,0.5880977863944334,0.005405285540495797,-0.5826925008539376,True,True,567,567
3,TOKEN_QR,held_outer_refit,H593-158f7a5d2bb5969248c9eb5c,askindr carton,True,0.0001859742176606472,2.3769386456268846e-10,-0.00018597397996678264,True,True,3208,3208
3,TOKEN_QR,held_outer_refit,H593-1720428a3a7802dc9dfc49e4,300000538_R-00_Final,False,0.048169202877613414,0.08680629334759364,0.03863709046998023,False,False,892,1875
3,TOKEN_QR,held_outer_refit,H593-202d17a8fea9c8283f65d42d,812-6e-mucus-dm,True,0.22007966561723302,1.4616588117633e-07,-0.22007951945135185,True,True,1140,1140
3,TOKEN_QR,held_outer_refit,H593-22df23c2ff5577aea691a22b,2021 Lice Freee!_6ozPOP R2a,True,0.004476074178665363,3.9184855352797293e-10,-0.004476073786816809,True,True,567,567
3,TOKEN_QR,held_outer_refit,H593-272a6668246b45626dea5ed4,350 label,True,2.0028170418599593,2.7921766937869408,0.7893596519269814,True,False,599,2087
3,TOKEN_QR,held_outer_refit,H593-276677dccfa68da5f45534b2,tul01-0001-02,False,0.0426945939282249,0.21137368293792969,0.1686790890097048,False,False,1261,1261
3,TOKEN_QR,held_outer_refit,H593-2822f2513c87ee22a59ce51b,4_Kids_Oral_Pain_Relief,True,3.068895152505562e-06,0.0,-3.068895152505562e-06,True,True,608,608
3,TOKEN_QR,held_outer_refit,H593-2b74b8c201be8b599627fefc,300000538_R-00_Final,False,0.029185116530787095,0.022001658383342216,-0.007183458147444879,False,False,2733,2733
3,TOKEN_QR,held_outer_refit,H593-2bcc3d446a9293adfd81509f,10ml carton,True,0.2986086305620997,0.24525596996648674,-0.053352660595612944,True,True,7,7
3,TOKEN_QR,held_outer_refit,H593-2d0dc828facf9c0c8e44c960,askindr carton,True,0.13636409345989442,2.121260644472045e-06,-0.13636197219924995,True,True,3208,3208
3,TOKEN_QR,held_outer_refit,H593-2e44547e6a7fb1f39cc27d3a,4_Kids_Oral_Pain_Relief,True,6.616355375496573e-06,0.0,-6.616355375496573e-06,True,True,608,608
3,TOKEN_QR,held_outer_refit,H593-2fa24ad21b4ed56f150b2b7a,2021 Lice Freee!_6ozPOP R2a,True,0.000136443791596436,2.2204460492503107e-15,-0.00013644379159421556,True,True,567,567
3,TOKEN_QR,held_outer_refit,H593-31b015a7052d7ca5255413c3,300000538_R-00_Final,False,0.405428979703851,0.5267757587981844,0.12134677909433339,False,False,1681,806
3,TOKEN_QRR_ANCHOR,selected_inner,H593-03168677fa508c139372f0ed,469584,True,0.0004243099898571814,1.2714007623673152e-10,-0.00042430986271710516,True,True,1032,1032
3,TOKEN_QRR_ANCHOR,selected_inner,H593-059b70b913c381ca4c02e851,0003,True,0.01056162813810911,9.567247513970193e-08,-0.010561532465633969,True,True,518,518
3,TOKEN_QRR_ANCHOR,selected_inner,H593-0745854000292039c9c10f33,734-uw-mint-mini-nicotine-lozenge,True,1.4060840195367175,0.44588185045172235,-0.9602021690849951,True,True,1130,1130
3,TOKEN_QRR_ANCHOR,selected_inner,H593-08297e272b0164e6fdd42e9f,734-uw-mint-mini-nicotine-lozenge,True,1.9187921957100387,0.0008869152266122171,-1.9179052804834265,False,True,3368,1130
3,TOKEN_QRR_ANCHOR,selected_inner,H593-097dd2637a0f46ccbfb61ff4,469584,True,0.0025494140975114133,7.335718674338166e-08,-0.00254934074032467,True,True,1032,1032
3,TOKEN_QRR_ANCHOR,selected_inner,H593-0c19fd5a9f5839f926c4ae57,77l96n1c1,True,7.494840303082471e-06,5.206945985490628e-13,-7.494839782387873e-06,True,True,4861,4861
3,TOKEN_QRR_ANCHOR,selected_inner,H593-0dd4951a9b49124b8f24958f,766-e9-infants-pain-and-fever,True,0.08193874831306876,1.9712518794787825e-06,-0.08193677706118928,True,True,1134,1134
3,TOKEN_QRR_ANCHOR,selected_inner,H593-0de8c65af51ef20333889d71,469584,True,0.06180536497693532,0.00017655321968320338,-0.061628811757252114,True,True,1032,1032
3,TOKEN_QRR_ANCHOR,selected_inner,H593-0e5d73ab749914eaaeb680ae,766-e9-infants-pain-and-fever,False,0.026711831195827318,1.0380523630983718,1.0113405319025444,False,False,4075,4326
3,TOKEN_QRR_ANCHOR,selected_inner,H593-0e8e2230acf18be9984a101b,766-e9-infants-pain-and-fever,True,0.12593066292914923,2.5255489212286113e-05,-0.12590540743993694,True,True,1134,1134
3,TOKEN_QRR_ANCHOR,selected_inner,H593-102e05de4bdefbe546c83578,964901_LR,False,0.2899679109654696,0.1439559143216057,-0.14601199664386388,False,False,3252,4613
3,TOKEN_QRR_ANCHOR,selected_inner,H593-156bfb4a63653eec1f65ecda,469584,True,0.03282988780551854,1.4976751178531263e-05,-0.032814911054340014,True,True,1032,1032
3,TOKEN_QRR_ANCHOR,selected_inner,H593-163df34acba78d2b4f94a0d0,77l96n1c1,True,0.010429660950781827,1.4641677864841241e-06,-0.010428196782995343,True,True,4861,4861
3,TOKEN_QRR_ANCHOR,selected_inner,H593-178d10ad3076a41e89d549dd,Bacitracin Zinc Ointment USP Carton 0.5oz(14.2g) Rev 02-22,True,0.1302710551488888,0.007985147323908077,-0.12228590782498071,True,True,1652,1652
3,TOKEN_QRR_ANCHOR,selected_inner,H593-1af45e7f0d56a52adeb60b07,964901_LR,True,3.541706002346462,0.045020036367196425,-3.4966859659792657,False,True,1980,1183
3,TOKEN_QRR_ANCHOR,selected_inner,H593-1bab76bb2cce8605543067d4,964901_LR,True,0.0013407407163053568,9.188214629360828e-10,-0.0013407397974838939,True,True,1183,1183
3,TOKEN_QRR_ANCHOR,selected_inner,H593-1bdb2bfae2aae669afa4627f,964901_LR,True,0.004711702856636843,1.3279234610181478e-06,-0.004710374933175825,True,True,1183,1183
3,TOKEN_QRR_ANCHOR,selected_inner,H593-1dd405f920b439879fc89b2c,77l96n1c1,True,0.0007684632620023634,8.941178646355706e-09,-0.0007684543208237171,True,True,4861,4861
3,TOKEN_QRR_ANCHOR,selected_inner,H593-1e69202f59c1e38274747acc,200000002710_Final,True,2.6755897581560983,0.041441028334043395,-2.634148729822055,False,True,1966,935
3,TOKEN_QRR_ANCHOR,selected_inner,H593-20fdadbf18ce1e0e1a0746a9,766-e9-infants-pain-and-fever,True,2.9206852979724918,1.821657060080683,-1.0990282378918088,False,False,3887,3887
3,TOKEN_QRR_ANCHOR,selected_inner,H593-257581a6d8113bc829cc4f7d,766-e9-infants-pain-and-fever,True,0.0024257280803581444,5.23937781911478e-10,-0.0024257275564203624,True,True,1134,1134
3,TOKEN_QRR_ANCHOR,selected_inner,H593-2acfe07e77226545b2ae0e10,77l96n1c1,True,4.368115676571675,5.222237631274094,0.8541219547024195,False,False,4984,4984
3,TOKEN_QRR_ANCHOR,selected_inner,H593-2e5153cd0e9bd1dddbb75dea,200000002710_Final,True,3.3075701162573,0.6543646846632889,-2.653205431594011,False,True,1966,935
3,TOKEN_QRR_ANCHOR,selected_inner,H593-30d56e7ebdd8d445dd0c0837,766-e9-infants-pain-and-fever,True,0.011845095992578833,1.5804502692682354e-08,-0.01184508018807614,True,True,1134,1134
3,TOKEN_QRR_ANCHOR,selected_inner,H593-30df437866a92249e15d556f,766-e9-infants-pain-and-fever,True,0.02482243916919989,8.767269823869524e-05,-0.024734766470961192,True,True,1134,1134
3,TOKEN_QRR_ANCHOR,selected_inner,H593-315859149cbadcf0a035cb5b,766-e9-infants-pain-and-fever,True,0.00884728187860864,2.829154316959749e-07,-0.008846998963176943,True,True,1134,1134
3,TOKEN_QRR_ANCHOR,held_outer_refit,H593-00f945a36392a04124513f2c,tul01-0001-02,True,5.891773914594772,1.364073953440391,-4.527699961154381,False,False,1042,512
3,TOKEN_QRR_ANCHOR,held_outer_refit,H593-0ac0e839567fe775450fa642,4_Kids_Oral_Pain_Relief,True,3.286911730127943e-06,0.0,-3.286911730127943e-06,True,True,608,608
3,TOKEN_QRR_ANCHOR,held_outer_refit,H593-0c93295a4efc661bc7464f47,2021 Lice Freee!_6ozPOP R2a,True,0.5880977863944334,0.01240624024364223,-0.5756915461507912,True,True,567,567
3,TOKEN_QRR_ANCHOR,held_outer_refit,H593-158f7a5d2bb5969248c9eb5c,askindr carton,True,0.0001859742176606472,4.315592327848309e-11,-0.00018597417450472392,True,True,3208,3208
3,TOKEN_QRR_ANCHOR,held_outer_refit,H593-1720428a3a7802dc9dfc49e4,300000538_R-00_Final,False,0.048169202877613414,0.16866583936107657,0.12049663648346315,False,False,892,4512
3,TOKEN_QRR_ANCHOR,held_outer_refit,H593-202d17a8fea9c8283f65d42d,812-6e-mucus-dm,True,0.22007966561723302,6.467900703910345e-08,-0.22007960093822598,True,True,1140,1140
3,TOKEN_QRR_ANCHOR,held_outer_refit,H593-22df23c2ff5577aea691a22b,2021 Lice Freee!_6ozPOP R2a,True,0.004476074178665363,3.6049954067997332e-09,-0.004476070573669956,True,True,567,567
3,TOKEN_QRR_ANCHOR,held_outer_refit,H593-272a6668246b45626dea5ed4,350 label,True,2.0028170418599593,5.0222650111911715,3.019447969331212,True,False,599,2087
3,TOKEN_QRR_ANCHOR,held_outer_refit,H593-276677dccfa68da5f45534b2,tul01-0001-02,False,0.0426945939282249,0.5568889645674628,0.5141943706392379,False,False,1261,1261
3,TOKEN_QRR_ANCHOR,held_outer_refit,H593-2822f2513c87ee22a59ce51b,4_Kids_Oral_Pain_Relief,True,3.068895152505562e-06,0.0,-3.068895152505562e-06,True,True,608,608
3,TOKEN_QRR_ANCHOR,held_outer_refit,H593-2b74b8c201be8b599627fefc,300000538_R-00_Final,False,0.029185116530787095,0.023160351378497385,-0.00602476515228971,False,False,2733,2733
3,TOKEN_QRR_ANCHOR,held_outer_refit,H593-2bcc3d446a9293adfd81509f,10ml carton,True,0.2986086305620997,0.20949064512291216,-0.08911798543918753,True,True,7,7
3,TOKEN_QRR_ANCHOR,held_outer_refit,H593-2d0dc828facf9c0c8e44c960,askindr carton,True,0.13636409345989442,1.4964225698577138e-06,-0.13636259703732456,True,True,3208,3208
3,TOKEN_QRR_ANCHOR,held_outer_refit,H593-2e44547e6a7fb1f39cc27d3a,4_Kids_Oral_Pain_Relief,True,6.616355375496573e-06,0.0,-6.616355375496573e-06,True,True,608,608
3,TOKEN_QRR_ANCHOR,held_outer_refit,H593-2fa24ad21b4ed56f150b2b7a,2021 Lice Freee!_6ozPOP R2a,True,0.000136443791596436,9.170442183399588e-13,-0.0001364437906793918,True,True,567,567
3,TOKEN_QRR_ANCHOR,held_outer_refit,H593-31b015a7052d7ca5255413c3,300000538_R-00_Final,False,0.405428979703851,0.9196906885942604,0.5142617088904093,False,False,1681,4987
3,TOKEN_QRR_MULTI,selected_inner,H593-03168677fa508c139372f0ed,469584,True,0.0004243099898571814,2.1779333889541968e-10,-0.0004243097720638425,True,True,1032,1032
3,TOKEN_QRR_MULTI,selected_inner,H593-059b70b913c381ca4c02e851,0003,True,0.01056162813810911,1.0418282760023552e-07,-0.010561523955281508,True,True,518,518
3,TOKEN_QRR_MULTI,selected_inner,H593-0745854000292039c9c10f33,734-uw-mint-mini-nicotine-lozenge,True,1.4060840195367175,0.5993795330603127,-0.8067044864764048,True,True,1130,1130
3,TOKEN_QRR_MULTI,selected_inner,H593-08297e272b0164e6fdd42e9f,734-uw-mint-mini-nicotine-lozenge,True,1.9187921957100387,7.51999719383889e-06,-1.9187846757128448,False,True,3368,1130
3,TOKEN_QRR_MULTI,selected_inner,H593-097dd2637a0f46ccbfb61ff4,469584,True,0.0025494140975114133,3.09464166592267e-07,-0.002549104633344821,True,True,1032,1032
3,TOKEN_QRR_MULTI,selected_inner,H593-0c19fd5a9f5839f926c4ae57,77l96n1c1,True,7.494840303082471e-06,5.568878691518234e-13,-7.494839746194602e-06,True,True,4861,4861
3,TOKEN_QRR_MULTI,selected_inner,H593-0dd4951a9b49124b8f24958f,766-e9-infants-pain-and-fever,True,0.08193874831306876,0.00015792766515248694,-0.08178082064791627,True,True,1134,1134
3,TOKEN_QRR_MULTI,selected_inner,H593-0de8c65af51ef20333889d71,469584,True,0.06180536497693532,0.0009693708241816614,-0.060835994152753654,True,True,1032,1032
3,TOKEN_QRR_MULTI,selected_inner,H593-0e5d73ab749914eaaeb680ae,766-e9-infants-pain-and-fever,False,0.026711831195827318,0.5838284317676408,0.5571166005718134,False,False,4075,4326
3,TOKEN_QRR_MULTI,selected_inner,H593-0e8e2230acf18be9984a101b,766-e9-infants-pain-and-fever,True,0.12593066292914923,0.0009495727036774051,-0.12498109022547182,True,True,1134,1134
3,TOKEN_QRR_MULTI,selected_inner,H593-102e05de4bdefbe546c83578,964901_LR,False,0.2899679109654696,0.185286136409335,-0.10468177455613459,False,False,3252,1800
3,TOKEN_QRR_MULTI,selected_inner,H593-156bfb4a63653eec1f65ecda,469584,True,0.03282988780551854,7.673809530169154e-05,-0.03275314971021685,True,True,1032,1032
3,TOKEN_QRR_MULTI,selected_inner,H593-163df34acba78d2b4f94a0d0,77l96n1c1,True,0.010429660950781827,3.162158729901745e-06,-0.010426498792051925,True,True,4861,4861
3,TOKEN_QRR_MULTI,selected_inner,H593-178d10ad3076a41e89d549dd,Bacitracin Zinc Ointment USP Carton 0.5oz(14.2g) Rev 02-22,True,0.1302710551488888,0.2833364118437813,0.1530653566948925,True,True,1652,1652
3,TOKEN_QRR_MULTI,selected_inner,H593-1af45e7f0d56a52adeb60b07,964901_LR,True,3.541706002346462,0.5809088862044334,-2.960797116142029,False,True,1980,1183
3,TOKEN_QRR_MULTI,selected_inner,H593-1bab76bb2cce8605543067d4,964901_LR,True,0.0013407407163053568,2.2835397990878788e-09,-0.0013407384327655577,True,True,1183,1183
3,TOKEN_QRR_MULTI,selected_inner,H593-1bdb2bfae2aae669afa4627f,964901_LR,True,0.004711702856636843,1.6628773725562534e-06,-0.004710039979264287,True,True,1183,1183
3,TOKEN_QRR_MULTI,selected_inner,H593-1dd405f920b439879fc89b2c,77l96n1c1,True,0.0007684632620023634,4.628468101586967e-08,-0.0007684169773213475,True,True,4861,4861
3,TOKEN_QRR_MULTI,selected_inner,H593-1e69202f59c1e38274747acc,200000002710_Final,True,2.6755897581560983,0.04416911640061727,-2.631420641755481,False,True,1966,935
3,TOKEN_QRR_MULTI,selected_inner,H593-20fdadbf18ce1e0e1a0746a9,766-e9-infants-pain-and-fever,True,2.9206852979724918,2.3279594980716674,-0.5927257999008244,False,False,3887,3887
3,TOKEN_QRR_MULTI,selected_inner,H593-257581a6d8113bc829cc4f7d,766-e9-infants-pain-and-fever,True,0.0024257280803581444,4.852358513817834e-10,-0.002425727595122293,True,True,1134,1134
3,TOKEN_QRR_MULTI,selected_inner,H593-2acfe07e77226545b2ae0e10,77l96n1c1,True,4.368115676571675,5.301835970561275,0.9337202939896008,False,False,4984,4811
3,TOKEN_QRR_MULTI,selected_inner,H593-2e5153cd0e9bd1dddbb75dea,200000002710_Final,True,3.3075701162573,1.9339582840856409,-1.373611832171659,False,False,1966,1966
3,TOKEN_QRR_MULTI,selected_inner,H593-30d56e7ebdd8d445dd0c0837,766-e9-infants-pain-and-fever,True,0.011845095992578833,1.646576528224504e-08,-0.01184507952681355,True,True,1134,1134
3,TOKEN_QRR_MULTI,selected_inner,H593-30df437866a92249e15d556f,766-e9-infants-pain-and-fever,True,0.02482243916919989,0.0009401363971379638,-0.023882302772061926,True,True,1134,1134
3,TOKEN_QRR_MULTI,selected_inner,H593-315859149cbadcf0a035cb5b,766-e9-infants-pain-and-fever,True,0.00884728187860864,1.7743110694230283e-07,-0.008847104447501697,True,True,1134,1134
3,TOKEN_QRR_MULTI,held_outer_refit,H593-00f945a36392a04124513f2c,tul01-0001-02,True,5.891773914594772,2.3372460254697125,-3.5545278891250596,False,False,1042,512
3,TOKEN_QRR_MULTI,held_outer_refit,H593-0ac0e839567fe775450fa642,4_Kids_Oral_Pain_Relief,True,3.286911730127943e-06,2.2204460492503128e-16,-3.2869117299058983e-06,True,True,608,608
3,TOKEN_QRR_MULTI,held_outer_refit,H593-0c93295a4efc661bc7464f47,2021 Lice Freee!_6ozPOP R2a,True,0.5880977863944334,0.0019817110220792244,-0.5861160753723542,True,True,567,567
3,TOKEN_QRR_MULTI,held_outer_refit,H593-158f7a5d2bb5969248c9eb5c,askindr carton,True,0.0001859742176606472,1.1166778612279787e-10,-0.00018597410599286107,True,True,3208,3208
3,TOKEN_QRR_MULTI,held_outer_refit,H593-1720428a3a7802dc9dfc49e4,300000538_R-00_Final,False,0.048169202877613414,0.08317499452558091,0.0350057916479675,False,False,892,1875
3,TOKEN_QRR_MULTI,held_outer_refit,H593-202d17a8fea9c8283f65d42d,812-6e-mucus-dm,True,0.22007966561723302,3.7904637650854056e-08,-0.22007962771259537,True,True,1140,1140
3,TOKEN_QRR_MULTI,held_outer_refit,H593-22df23c2ff5577aea691a22b,2021 Lice Freee!_6ozPOP R2a,True,0.004476074178665363,5.552252198133852e-09,-0.004476068626413165,True,True,567,567
3,TOKEN_QRR_MULTI,held_outer_refit,H593-272a6668246b45626dea5ed4,350 label,True,2.0028170418599593,3.3714645537504864,1.368647511890527,True,False,599,2087
3,TOKEN_QRR_MULTI,held_outer_refit,H593-276677dccfa68da5f45534b2,tul01-0001-02,False,0.0426945939282249,0.36713448202319127,0.3244398880949664,False,False,1261,1261
3,TOKEN_QRR_MULTI,held_outer_refit,H593-2822f2513c87ee22a59ce51b,4_Kids_Oral_Pain_Relief,True,3.068895152505562e-06,6.883382752675947e-15,-3.068895145622179e-06,True,True,608,608
3,TOKEN_QRR_MULTI,held_outer_refit,H593-2b74b8c201be8b599627fefc,300000538_R-00_Final,False,0.029185116530787095,0.012787858767076096,-0.016397257763711,False,False,2733,2733
3,TOKEN_QRR_MULTI,held_outer_refit,H593-2bcc3d446a9293adfd81509f,10ml carton,True,0.2986086305620997,0.13090940668582393,-0.16769922387627575,True,True,7,7
3,TOKEN_QRR_MULTI,held_outer_refit,H593-2d0dc828facf9c0c8e44c960,askindr carton,True,0.13636409345989442,5.888396579223354e-07,-0.1363635046202365,True,True,3208,3208
3,TOKEN_QRR_MULTI,held_outer_refit,H593-2e44547e6a7fb1f39cc27d3a,4_Kids_Oral_Pain_Relief,True,6.616355375496573e-06,4.440892098500625e-16,-6.616355375052484e-06,True,True,608,608
3,TOKEN_QRR_MULTI,held_outer_refit,H593-2fa24ad21b4ed56f150b2b7a,2021 Lice Freee!_6ozPOP R2a,True,0.000136443791596436,4.278577492291275e-12,-0.0001364437873178585,True,True,567,567
3,TOKEN_QRR_MULTI,held_outer_refit,H593-31b015a7052d7ca5255413c3,300000538_R-00_Final,False,0.405428979703851,0.3513071184912108,-0.05412186121264018,False,False,1681,4987
4,TOKEN_QR,selected_inner,H593-03168677fa508c139372f0ed,469584,True,0.0007938764455296216,6.666827734295205e-09,-0.0007938697787018873,True,True,1032,1032
4,TOKEN_QR,selected_inner,H593-059b70b913c381ca4c02e851,0003,True,0.017392243678426997,2.149558143110986e-06,-0.017390094120283885,True,True,518,518
4,TOKEN_QR,selected_inner,H593-0745854000292039c9c10f33,734-uw-mint-mini-nicotine-lozenge,True,1.908809703438044,1.6615843105981236,-0.2472253928399204,False,False,4599,4367
4,TOKEN_QR,selected_inner,H593-08297e272b0164e6fdd42e9f,734-uw-mint-mini-nicotine-lozenge,True,1.9134049403283868,0.03003429940527269,-1.8833706409231141,False,True,3368,1130
4,TOKEN_QR,selected_inner,H593-097dd2637a0f46ccbfb61ff4,469584,True,0.004429144418671546,2.8726019346471744e-05,-0.004400418399325074,True,True,1032,1032
4,TOKEN_QR,selected_inner,H593-0ac0e839567fe775450fa642,4_Kids_Oral_Pain_Relief,True,2.7080548921286993e-05,4.085620730620493e-14,-2.7080548880430786e-05,True,True,608,608
4,TOKEN_QR,selected_inner,H593-0c19fd5a9f5839f926c4ae57,77l96n1c1,True,2.375065696043988e-05,1.7811263573554195e-10,-2.3750478847804146e-05,True,True,4861,4861
4,TOKEN_QR,selected_inner,H593-0c93295a4efc661bc7464f47,2021 Lice Freee!_6ozPOP R2a,True,1.4943183453056104,0.10951320742151704,-1.3848051378840933,True,True,567,567
4,TOKEN_QR,selected_inner,H593-0dd4951a9b49124b8f24958f,766-e9-infants-pain-and-fever,True,0.0974622693849494,0.0011718468624060448,-0.09629042252254336,True,True,1134,1134
4,TOKEN_QR,selected_inner,H593-0de8c65af51ef20333889d71,469584,True,0.09115691085029162,0.018521807661856852,-0.07263510318843477,True,True,1032,1032
4,TOKEN_QR,selected_inner,H593-0e5d73ab749914eaaeb680ae,766-e9-infants-pain-and-fever,False,0.027693276043530127,0.050977692643578106,0.02328441660004798,False,False,4075,4326
4,TOKEN_QR,selected_inner,H593-0e8e2230acf18be9984a101b,766-e9-infants-pain-and-fever,True,0.14342572350990807,0.0016097406040827226,-0.14181598290582534,True,True,1134,1134
4,TOKEN_QR,selected_inner,H593-102e05de4bdefbe546c83578,964901_LR,False,0.1924101152309074,0.18006817453503093,-0.012341940695876463,False,False,3252,3252
4,TOKEN_QR,selected_inner,H593-156bfb4a63653eec1f65ecda,469584,True,0.045543141774055114,0.002666316807484811,-0.042876824966570304,True,True,1032,1032
4,TOKEN_QR,selected_inner,H593-163df34acba78d2b4f94a0d0,77l96n1c1,True,0.02356144960104023,0.0002311134747382393,-0.02333033612630199,True,True,4861,4861
4,TOKEN_QR,selected_inner,H593-1af45e7f0d56a52adeb60b07,964901_LR,True,3.8518785014451273,0.4997492229716336,-3.3521292784734937,False,True,1980,1183
4,TOKEN_QR,selected_inner,H593-1bab76bb2cce8605543067d4,964901_LR,True,0.002123534622013524,3.1558210213364044e-08,-0.0021235030638033104,True,True,1183,1183
4,TOKEN_QR,selected_inner,H593-1bdb2bfae2aae669afa4627f,964901_LR,True,0.0069396142982794725,4.7609235648813445e-06,-0.006934853374714591,True,True,1183,1183
4,TOKEN_QR,selected_inner,H593-1dd405f920b439879fc89b2c,77l96n1c1,True,0.001751907708341444,1.496280389933036e-06,-0.001750411427951511,True,True,4861,4861
4,TOKEN_QR,selected_inner,H593-20fdadbf18ce1e0e1a0746a9,766-e9-infants-pain-and-fever,True,2.5512471322035513,1.8820721227799817,-0.6691750094235696,False,False,3887,1436
4,TOKEN_QR,selected_inner,H593-22df23c2ff5577aea691a22b,2021 Lice Freee!_6ozPOP R2a,True,0.011232747952482875,9.171695120681304e-07,-0.011231830782970806,True,True,567,567
4,TOKEN_QR,selected_inner,H593-257581a6d8113bc829cc4f7d,766-e9-infants-pain-and-fever,True,0.0036588120722724,1.0958853098223378e-08,-0.0036588011134193014,True,True,1134,1134
4,TOKEN_QR,selected_inner,H593-2822f2513c87ee22a59ce51b,4_Kids_Oral_Pain_Relief,True,2.172847652948165e-05,4.420908084056396e-13,-2.172847608739084e-05,True,True,608,608
4,TOKEN_QR,selected_inner,H593-2acfe07e77226545b2ae0e10,77l96n1c1,True,4.427014745410772,5.015286005593163,0.588271260182391,False,False,4984,4984
4,TOKEN_QR,selected_inner,H593-2e44547e6a7fb1f39cc27d3a,4_Kids_Oral_Pain_Relief,True,3.476988712818495e-05,2.7819968551018475e-12,-3.4769884346188095e-05,True,True,608,608
4,TOKEN_QR,selected_inner,H593-2fa24ad21b4ed56f150b2b7a,2021 Lice Freee!_6ozPOP R2a,True,0.00038258018788708234,1.0602430044463755e-10,-0.0003825800818627819,True,True,567,567
4,TOKEN_QR,selected_inner,H593-30d56e7ebdd8d445dd0c0837,766-e9-infants-pain-and-fever,True,0.014180859899614689,5.992661964734068e-08,-0.014180799972995041,True,True,1134,1134
4,TOKEN_QR,selected_inner,H593-30df437866a92249e15d556f,766-e9-infants-pain-and-fever,True,0.03950817850697984,0.0008666352416344173,-0.03864154326534542,True,True,1134,1134
4,TOKEN_QR,selected_inner,H593-315859149cbadcf0a035cb5b,766-e9-infants-pain-and-fever,True,0.013006627331496165,2.466299399253372e-05,-0.012981964337503631,True,True,1134,1134
4,TOKEN_QR,held_outer_refit,H593-0091cc1b5a6f73a4ad8d88ae,anti caries toothpaste carton,True,0.020425892770639397,1.7708056852656772e-05,-0.02040818471378674,True,True,3144,3144
4,TOKEN_QR,held_outer_refit,H593-021e62b31ffbd6d351d13e91,5fe0ce14-bc11-4b43-b002-7efdca0d3003-04,False,0.036254748226516226,0.050545204996894376,0.01429045677037815,False,False,3450,3022
4,TOKEN_QR,held_outer_refit,H593-028ab5aaff186d9fc48a7f19,3T3-bn-lansoprazole,True,1.5046422855528352,0.00014867698737219825,-1.504493608565463,True,True,996,996
4,TOKEN_QR,held_outer_refit,H593-02ce6b371f2907428fc96ffe,athletes-01,True,0.876157728175835,4.614086041871605,3.73792831369577,True,False,3238,2500
4,TOKEN_QR,held_outer_refit,H593-04953480712cfc6b638e8fb2,athletes-01,True,0.0011999591917370793,1.4210854715201903e-14,-0.0011999591917228685,True,True,3238,3238
4,TOKEN_QR,held_outer_refit,H593-064aa36809b4f00051cb821a,10 mL carton,True,0.029426822100348058,0.0002338955888662543,-0.029192926511481802,True,True,0,0
4,TOKEN_QR,held_outer_refit,H593-07197c3f4badd640f6859f5e,10 mL carton,True,0.08459056430647498,0.002998395315731478,-0.0815921689907435,True,True,0,0
4,TOKEN_QR,held_outer_refit,H593-10e669d82eed33568754dbb1,anti caries toothpaste carton,True,0.0003523584670647545,8.021072694608666e-11,-0.00035235838685402753,True,True,3144,3144
4,TOKEN_QR,held_outer_refit,H593-12c93384cd26eac2b57b065b,3T3-bn-lansoprazole,True,1.1499032547098569,1.2731017768885522e-06,-1.14990198160808,True,True,996,996
4,TOKEN_QR,held_outer_refit,H593-135d0a301829fc765ac62aca,athletes-01,True,0.6644943664158542,0.030307689288077366,-0.6341866771277769,True,True,3238,3238
4,TOKEN_QR,held_outer_refit,H593-14742ff288bf8a71f7d5208d,10 mL carton,True,0.08246911940408086,0.0015251430594638638,-0.080943976344617,True,True,0,0
4,TOKEN_QR,held_outer_refit,H593-148a11f5ffffec76fd85b3c8,3T3-bn-lansoprazole,True,3.1258098221135495,3.7007093188434053,0.5748994967298557,False,False,4534,1998
4,TOKEN_QR,held_outer_refit,H593-14a2dd843bc26150f05949e9,anti caries toothpaste carton,True,0.0003308110441731233,4.274136600192794e-12,-0.0003308110398989867,True,True,3144,3144
4,TOKEN_QR,held_outer_refit,H593-1533c32a07d745928239de77,5fe0ce14-bc11-4b43-b002-7efdca0d3003-04,True,1.7000813389841225,0.8243670279991031,-0.8757143109850194,False,True,4794,4776
4,TOKEN_QR,held_outer_refit,H593-178d10ad3076a41e89d549dd,Bacitracin Zinc Ointment USP Carton 0.5oz(14.2g) Rev 02-22,True,0.111476759563701,0.032054285554577705,-0.07942247400912329,True,True,1652,1652
4,TOKEN_QR,held_outer_refit,H593-1bef63e477961c10e0077a91,anti caries toothpaste carton,True,3.488646576689875,1.7781822650651486,-1.7104643116247265,False,False,4023,4023
4,TOKEN_QR,held_outer_refit,H593-1e69202f59c1e38274747acc,200000002710_Final,True,2.712903723240755,0.008146701291732228,-2.704757021949023,False,True,1966,935
4,TOKEN_QR,held_outer_refit,H593-1f65d77d8ddd265c0d00b1f2,10 mL carton,True,0.0022843575588969603,9.837640573434994e-08,-0.002284259182491226,True,True,0,0
4,TOKEN_QR,held_outer_refit,H593-24402f98b4c6d27775ea51b8,10 mL carton,True,0.10552092365460294,0.004063035559450327,-0.10145788809515262,True,True,0,0
4,TOKEN_QR,held_outer_refit,H593-2848a70ea80c7f1dc1cfd651,10 mL carton,True,0.039148113981956965,0.0007235200120153297,-0.038424593969941634,True,True,0,0
4,TOKEN_QR,held_outer_refit,H593-29d505a42ed3f7b9bb256b2b,bbx08-0000-01,True,0.40433224807989104,0.48874284810552426,0.08441060002563322,True,True,3334,3334
4,TOKEN_QR,held_outer_refit,H593-2b13d777bd87f808044a7852,5fe0ce14-bc11-4b43-b002-7efdca0d3003-04,True,0.003748638844979721,2.992829447722315e-06,-0.003745646015531999,True,True,4776,4776
4,TOKEN_QR,held_outer_refit,H593-2e5153cd0e9bd1dddbb75dea,200000002710_Final,True,3.259963794249186,0.3428342457173592,-2.9171295485318267,False,True,1966,935
4,TOKEN_QR,held_outer_refit,H593-2f5a93c328b7e7c9e25412f0,3T3-bn-lansoprazole,True,0.9324328782057265,0.00014630869116238898,-0.9322865695145641,True,True,996,996
4,TOKEN_QR,held_outer_refit,H593-30656f17b4be13cde8124a15,SH230414C (250 ml Carton),True,2.207231887672614,0.025890733255090836,-2.181341154417523,False,True,146,147
4,TOKEN_QR,held_outer_refit,H593-3202e8cf83300e822008d3d1,5fe0ce14-bc11-4b43-b002-7efdca0d3003-04,True,0.06775476258195344,0.0003630321477854367,-0.067391730434168,True,True,4776,4776
4,TOKEN_QRR_ANCHOR,selected_inner,H593-03168677fa508c139372f0ed,469584,True,0.0007938764455296216,3.255185009901394e-10,-0.0007938761200111205,True,True,1032,1032
4,TOKEN_QRR_ANCHOR,selected_inner,H593-059b70b913c381ca4c02e851,0003,True,0.017392243678426997,2.2405543752718227e-07,-0.01739201962298947,True,True,518,518
4,TOKEN_QRR_ANCHOR,selected_inner,H593-0745854000292039c9c10f33,734-uw-mint-mini-nicotine-lozenge,True,1.908809703438044,1.5209929071923654,-0.38781679624567866,False,False,4599,4599
4,TOKEN_QRR_ANCHOR,selected_inner,H593-08297e272b0164e6fdd42e9f,734-uw-mint-mini-nicotine-lozenge,True,1.9134049403283868,0.0012559335005697392,-1.912149006827817,False,True,3368,1130
4,TOKEN_QRR_ANCHOR,selected_inner,H593-097dd2637a0f46ccbfb61ff4,469584,True,0.004429144418671546,6.279576925218076e-07,-0.004428516460979024,True,True,1032,1032
4,TOKEN_QRR_ANCHOR,selected_inner,H593-0ac0e839567fe775450fa642,4_Kids_Oral_Pain_Relief,True,2.7080548921286993e-05,1.3700152123873493e-13,-2.7080548784285472e-05,True,True,608,608
4,TOKEN_QRR_ANCHOR,selected_inner,H593-0c19fd5a9f5839f926c4ae57,77l96n1c1,True,2.375065696043988e-05,4.797273689393794e-12,-2.375065216316619e-05,True,True,4861,4861
4,TOKEN_QRR_ANCHOR,selected_inner,H593-0c93295a4efc661bc7464f47,2021 Lice Freee!_6ozPOP R2a,True,1.4943183453056104,0.0017346597846383816,-1.492583685520972,True,True,567,567
4,TOKEN_QRR_ANCHOR,selected_inner,H593-0dd4951a9b49124b8f24958f,766-e9-infants-pain-and-fever,True,0.0974622693849494,1.4985348243048216e-06,-0.0974607708501251,True,True,1134,1134
4,TOKEN_QRR_ANCHOR,selected_inner,H593-0de8c65af51ef20333889d71,469584,True,0.09115691085029162,0.01075575889760769,-0.08040115195268394,True,True,1032,1032
4,TOKEN_QRR_ANCHOR,selected_inner,H593-0e5d73ab749914eaaeb680ae,766-e9-infants-pain-and-fever,False,0.027693276043530127,0.15829299661429763,0.13059972057076752,False,False,4075,4326
4,TOKEN_QRR_ANCHOR,selected_inner,H593-0e8e2230acf18be9984a101b,766-e9-infants-pain-and-fever,True,0.14342572350990807,6.612404311952838e-06,-0.1434191111055961,True,True,1134,1134
4,TOKEN_QRR_ANCHOR,selected_inner,H593-102e05de4bdefbe546c83578,964901_LR,False,0.1924101152309074,0.14310317763164307,-0.04930693759926433,False,False,3252,3252
4,TOKEN_QRR_ANCHOR,selected_inner,H593-156bfb4a63653eec1f65ecda,469584,True,0.045543141774055114,0.0007859954966573419,-0.04475714627739777,True,True,1032,1032
4,TOKEN_QRR_ANCHOR,selected_inner,H593-163df34acba78d2b4f94a0d0,77l96n1c1,True,0.02356144960104023,1.8224108657016602e-05,-0.02354322549238321,True,True,4861,4861
4,TOKEN_QRR_ANCHOR,selected_inner,H593-1af45e7f0d56a52adeb60b07,964901_LR,True,3.8518785014451273,0.19957898016106412,-3.652299521284063,False,True,1980,1183
4,TOKEN_QRR_ANCHOR,selected_inner,H593-1bab76bb2cce8605543067d4,964901_LR,True,0.002123534622013524,2.4356370224335646e-09,-0.0021235321863765015,True,True,1183,1183
4,TOKEN_QRR_ANCHOR,selected_inner,H593-1bdb2bfae2aae669afa4627f,964901_LR,True,0.0069396142982794725,5.149730368422983e-07,-0.00693909932524263,True,True,1183,1183
4,TOKEN_QRR_ANCHOR,selected_inner,H593-1dd405f920b439879fc89b2c,77l96n1c1,True,0.001751907708341444,5.0020880629952356e-08,-0.0017518576874608139,True,True,4861,4861
4,TOKEN_QRR_ANCHOR,selected_inner,H593-20fdadbf18ce1e0e1a0746a9,766-e9-infants-pain-and-fever,True,2.5512471322035513,1.748262356281142,-0.8029847759224094,False,False,3887,1436
4,TOKEN_QRR_ANCHOR,selected_inner,H593-22df23c2ff5577aea691a22b,2021 Lice Freee!_6ozPOP R2a,True,0.011232747952482875,9.497883916832673e-08,-0.011232652973643707,True,True,567,567
4,TOKEN_QRR_ANCHOR,selected_inner,H593-257581a6d8113bc829cc4f7d,766-e9-infants-pain-and-fever,True,0.0036588120722724,2.007565001110774e-09,-0.003658810064707399,True,True,1134,1134
4,TOKEN_QRR_ANCHOR,selected_inner,H593-2822f2513c87ee22a59ce51b,4_Kids_Oral_Pain_Relief,True,2.172847652948165e-05,3.4972025275686317e-13,-2.1728476179761396e-05,True,True,608,608
4,TOKEN_QRR_ANCHOR,selected_inner,H593-2acfe07e77226545b2ae0e10,77l96n1c1,True,4.427014745410772,4.753963092855544,0.3269483474447723,False,False,4984,4984
4,TOKEN_QRR_ANCHOR,selected_inner,H593-2e44547e6a7fb1f39cc27d3a,4_Kids_Oral_Pain_Relief,True,3.476988712818495e-05,1.010524997013307e-12,-3.476988611765995e-05,True,True,608,608
4,TOKEN_QRR_ANCHOR,selected_inner,H593-2fa24ad21b4ed56f150b2b7a,2021 Lice Freee!_6ozPOP R2a,True,0.00038258018788708234,1.0709366726184254e-10,-0.0003825800807934151,True,True,567,567
4,TOKEN_QRR_ANCHOR,selected_inner,H593-30d56e7ebdd8d445dd0c0837,766-e9-infants-pain-and-fever,True,0.014180859899614689,2.395320380000152e-08,-0.014180835946410888,True,True,1134,1134
4,TOKEN_QRR_ANCHOR,selected_inner,H593-30df437866a92249e15d556f,766-e9-infants-pain-and-fever,True,0.03950817850697984,9.509492920805014e-05,-0.03941308357777179,True,True,1134,1134
4,TOKEN_QRR_ANCHOR,selected_inner,H593-315859149cbadcf0a035cb5b,766-e9-infants-pain-and-fever,True,0.013006627331496165,5.791229404436263e-07,-0.013006048208555722,True,True,1134,1134
4,TOKEN_QRR_ANCHOR,held_outer_refit,H593-0091cc1b5a6f73a4ad8d88ae,anti caries toothpaste carton,True,0.020425892770639397,2.9502248430917637e-08,-0.020425863268390965,True,True,3144,3144
4,TOKEN_QRR_ANCHOR,held_outer_refit,H593-021e62b31ffbd6d351d13e91,5fe0ce14-bc11-4b43-b002-7efdca0d3003-04,False,0.036254748226516226,0.16461010594085976,0.12835535771434353,False,False,3450,3022
4,TOKEN_QRR_ANCHOR,held_outer_refit,H593-028ab5aaff186d9fc48a7f19,3T3-bn-lansoprazole,True,1.5046422855528352,0.00024704655974616685,-1.504395238993089,True,True,996,996
4,TOKEN_QRR_ANCHOR,held_outer_refit,H593-02ce6b371f2907428fc96ffe,athletes-01,True,0.876157728175835,5.113562385269901,4.237404657094066,True,False,3238,4504
4,TOKEN_QRR_ANCHOR,held_outer_refit,H593-04953480712cfc6b638e8fb2,athletes-01,True,0.0011999591917370793,1.2034817586935972e-13,-0.0011999591916167312,True,True,3238,3238
4,TOKEN_QRR_ANCHOR,held_outer_refit,H593-064aa36809b4f00051cb821a,10 mL carton,True,0.029426822100348058,1.6343263914171812e-06,-0.02942518777395664,True,True,0,0
4,TOKEN_QRR_ANCHOR,held_outer_refit,H593-07197c3f4badd640f6859f5e,10 mL carton,True,0.08459056430647498,1.863332963437815e-05,-0.0845719309768406,True,True,0,0
4,TOKEN_QRR_ANCHOR,held_outer_refit,H593-10e669d82eed33568754dbb1,anti caries toothpaste carton,True,0.0003523584670647545,1.0741141309145619e-10,-0.0003523583596533414,True,True,3144,3144
4,TOKEN_QRR_ANCHOR,held_outer_refit,H593-12c93384cd26eac2b57b065b,3T3-bn-lansoprazole,True,1.1499032547098569,6.077571097051759e-06,-1.1498971771387598,True,True,996,996
4,TOKEN_QRR_ANCHOR,held_outer_refit,H593-135d0a301829fc765ac62aca,athletes-01,True,0.6644943664158542,0.013793145217998237,-0.650701221197856,True,True,3238,3238
4,TOKEN_QRR_ANCHOR,held_outer_refit,H593-14742ff288bf8a71f7d5208d,10 mL carton,True,0.08246911940408086,2.2853626238882663e-05,-0.08244626577784198,True,True,0,0
4,TOKEN_QRR_ANCHOR,held_outer_refit,H593-148a11f5ffffec76fd85b3c8,3T3-bn-lansoprazole,True,3.1258098221135495,3.248751693532402,0.1229418714188526,False,False,4534,1998
4,TOKEN_QRR_ANCHOR,held_outer_refit,H593-14a2dd843bc26150f05949e9,anti caries toothpaste carton,True,0.0003308110441731233,1.1452838677362607e-11,-0.0003308110327202846,True,True,3144,3144
4,TOKEN_QRR_ANCHOR,held_outer_refit,H593-1533c32a07d745928239de77,5fe0ce14-bc11-4b43-b002-7efdca0d3003-04,True,1.7000813389841225,0.17340205510280438,-1.5266792838813181,False,True,4794,4776
4,TOKEN_QRR_ANCHOR,held_outer_refit,H593-178d10ad3076a41e89d549dd,Bacitracin Zinc Ointment USP Carton 0.5oz(14.2g) Rev 02-22,True,0.111476759563701,0.004953051207743908,-0.10652370835595709,True,True,1652,1652
4,TOKEN_QRR_ANCHOR,held_outer_refit,H593-1bef63e477961c10e0077a91,anti caries toothpaste carton,True,3.488646576689875,1.1678687454914733,-2.3207778311984018,False,False,4023,4023
4,TOKEN_QRR_ANCHOR,held_outer_refit,H593-1e69202f59c1e38274747acc,200000002710_Final,True,2.712903723240755,0.0863881013712362,-2.626515621869519,False,True,1966,935
4,TOKEN_QRR_ANCHOR,held_outer_refit,H593-1f65d77d8ddd265c0d00b1f2,10 mL carton,True,0.0022843575588969603,3.020621530224293e-10,-0.002284357256834807,True,True,0,0
4,TOKEN_QRR_ANCHOR,held_outer_refit,H593-24402f98b4c6d27775ea51b8,10 mL carton,True,0.10552092365460294,1.596657436336802e-05,-0.10550495708023958,True,True,0,0
4,TOKEN_QRR_ANCHOR,held_outer_refit,H593-2848a70ea80c7f1dc1cfd651,10 mL carton,True,0.039148113981956965,9.358617960221767e-06,-0.03913875536399675,True,True,0,0
4,TOKEN_QRR_ANCHOR,held_outer_refit,H593-29d505a42ed3f7b9bb256b2b,bbx08-0000-01,True,0.40433224807989104,1.4621473349029297,1.0578150868230387,True,False,3334,3333
4,TOKEN_QRR_ANCHOR,held_outer_refit,H593-2b13d777bd87f808044a7852,5fe0ce14-bc11-4b43-b002-7efdca0d3003-04,True,0.003748638844979721,3.908320191045772e-08,-0.0037485997617778106,True,True,4776,4776
4,TOKEN_QRR_ANCHOR,held_outer_refit,H593-2e5153cd0e9bd1dddbb75dea,200000002710_Final,True,3.259963794249186,0.6941505850537748,-2.565813209195411,False,True,1966,935
4,TOKEN_QRR_ANCHOR,held_outer_refit,H593-2f5a93c328b7e7c9e25412f0,3T3-bn-lansoprazole,True,0.9324328782057265,2.3860372593276225e-06,-0.9324304921684672,True,True,996,996
4,TOKEN_QRR_ANCHOR,held_outer_refit,H593-30656f17b4be13cde8124a15,SH230414C (250 ml Carton),True,2.207231887672614,0.038816778548699915,-2.168415109123914,False,True,146,147
4,TOKEN_QRR_ANCHOR,held_outer_refit,H593-3202e8cf83300e822008d3d1,5fe0ce14-bc11-4b43-b002-7efdca0d3003-04,True,0.06775476258195344,5.523156107167725e-06,-0.06774923942584628,True,True,4776,4776
4,TOKEN_QRR_MULTI,selected_inner,H593-03168677fa508c139372f0ed,469584,True,0.0007938764455296216,2.1431237330899854e-07,-0.0007936621331563126,True,True,1032,1032
4,TOKEN_QRR_MULTI,selected_inner,H593-059b70b913c381ca4c02e851,0003,True,0.017392243678426997,4.2711454292784026e-05,-0.017349532224134212,True,True,518,518
4,TOKEN_QRR_MULTI,selected_inner,H593-0745854000292039c9c10f33,734-uw-mint-mini-nicotine-lozenge,True,1.908809703438044,1.4969378115344771,-0.4118718919035669,False,True,4599,1130
4,TOKEN_QRR_MULTI,selected_inner,H593-08297e272b0164e6fdd42e9f,734-uw-mint-mini-nicotine-lozenge,True,1.9134049403283868,0.016741460575675937,-1.8966634797527109,False,True,3368,1130
4,TOKEN_QRR_MULTI,selected_inner,H593-097dd2637a0f46ccbfb61ff4,469584,True,0.004429144418671546,4.79759867457865e-05,-0.0043811684319257594,True,True,1032,1032
4,TOKEN_QRR_MULTI,selected_inner,H593-0ac0e839567fe775450fa642,4_Kids_Oral_Pain_Relief,True,2.7080548921286993e-05,3.451638974042936e-10,-2.708020375738959e-05,True,True,608,608
4,TOKEN_QRR_MULTI,selected_inner,H593-0c19fd5a9f5839f926c4ae57,77l96n1c1,True,2.375065696043988e-05,4.924590278985236e-09,-2.3745732370160895e-05,True,True,4861,4861
4,TOKEN_QRR_MULTI,selected_inner,H593-0c93295a4efc661bc7464f47,2021 Lice Freee!_6ozPOP R2a,True,1.4943183453056104,0.06692813644748163,-1.4273902088581287,True,True,567,567
4,TOKEN_QRR_MULTI,selected_inner,H593-0dd4951a9b49124b8f24958f,766-e9-infants-pain-and-fever,True,0.0974622693849494,0.0029905776263980752,-0.09447169175855132,True,True,1134,1134
4,TOKEN_QRR_MULTI,selected_inner,H593-0de8c65af51ef20333889d71,469584,True,0.09115691085029162,0.004859450724470089,-0.08629746012582154,True,True,1032,1032
4,TOKEN_QRR_MULTI,selected_inner,H593-0e5d73ab749914eaaeb680ae,766-e9-infants-pain-and-fever,False,0.027693276043530127,0.053336058864729044,0.025642782821198917,False,False,4075,4075
4,TOKEN_QRR_MULTI,selected_inner,H593-0e8e2230acf18be9984a101b,766-e9-infants-pain-and-fever,True,0.14342572350990807,0.005023679037268964,-0.1384020444726391,True,True,1134,1134
4,TOKEN_QRR_MULTI,selected_inner,H593-102e05de4bdefbe546c83578,964901_LR,False,0.1924101152309074,0.2473166634531905,0.05490654822228311,False,False,3252,3252
4,TOKEN_QRR_MULTI,selected_inner,H593-156bfb4a63653eec1f65ecda,469584,True,0.045543141774055114,0.002358383386065337,-0.043184758387989776,True,True,1032,1032
4,TOKEN_QRR_MULTI,selected_inner,H593-163df34acba78d2b4f94a0d0,77l96n1c1,True,0.02356144960104023,0.000445096325866671,-0.02311635327517356,True,True,4861,4861
4,TOKEN_QRR_MULTI,selected_inner,H593-1af45e7f0d56a52adeb60b07,964901_LR,True,3.8518785014451273,1.9217081341525608,-1.9301703672925665,False,False,1980,1980
4,TOKEN_QRR_MULTI,selected_inner,H593-1bab76bb2cce8605543067d4,964901_LR,True,0.002123534622013524,1.763093384017375e-06,-0.0021217715286295066,True,True,1183,1183
4,TOKEN_QRR_MULTI,selected_inner,H593-1bdb2bfae2aae669afa4627f,964901_LR,True,0.0069396142982794725,6.405207151716562e-05,-0.006875562226762307,True,True,1183,1183
4,TOKEN_QRR_MULTI,selected_inner,H593-1dd405f920b439879fc89b2c,77l96n1c1,True,0.001751907708341444,1.6056667257702996e-05,-0.0017358510410837409,True,True,4861,4861
4,TOKEN_QRR_MULTI,selected_inner,H593-20fdadbf18ce1e0e1a0746a9,766-e9-infants-pain-and-fever,True,2.5512471322035513,2.41388149341429,-0.13736563878926145,False,False,3887,3887
4,TOKEN_QRR_MULTI,selected_inner,H593-22df23c2ff5577aea691a22b,2021 Lice Freee!_6ozPOP R2a,True,0.011232747952482875,1.9295350127637374e-05,-0.011213452602355237,True,True,567,567
4,TOKEN_QRR_MULTI,selected_inner,H593-257581a6d8113bc829cc4f7d,766-e9-infants-pain-and-fever,True,0.0036588120722724,9.62389549474064e-07,-0.003657849682722926,True,True,1134,1134
4,TOKEN_QRR_MULTI,selected_inner,H593-2822f2513c87ee22a59ce51b,4_Kids_Oral_Pain_Relief,True,2.172847652948165e-05,1.2591763179758331e-09,-2.1727217353163673e-05,True,True,608,608
4,TOKEN_QRR_MULTI,selected_inner,H593-2acfe07e77226545b2ae0e10,77l96n1c1,True,4.427014745410772,4.599872777609772,0.17285803219899964,False,False,4984,4984
4,TOKEN_QRR_MULTI,selected_inner,H593-2e44547e6a7fb1f39cc27d3a,4_Kids_Oral_Pain_Relief,True,3.476988712818495e-05,1.1818348515057664e-09,-3.4768705293333444e-05,True,True,608,608
4,TOKEN_QRR_MULTI,selected_inner,H593-2fa24ad21b4ed56f150b2b7a,2021 Lice Freee!_6ozPOP R2a,True,0.00038258018788708234,9.631006372704333e-08,-0.0003824838778233553,True,True,567,567
4,TOKEN_QRR_MULTI,selected_inner,H593-30d56e7ebdd8d445dd0c0837,766-e9-infants-pain-and-fever,True,0.014180859899614689,9.064951421837617e-06,-0.01417179494819285,True,True,1134,1134
4,TOKEN_QRR_MULTI,selected_inner,H593-30df437866a92249e15d556f,766-e9-infants-pain-and-fever,True,0.03950817850697984,0.0017499704613579885,-0.03775820804562185,True,True,1134,1134
4,TOKEN_QRR_MULTI,selected_inner,H593-315859149cbadcf0a035cb5b,766-e9-infants-pain-and-fever,True,0.013006627331496165,4.657793267212508e-05,-0.012960049398824041,True,True,1134,1134
4,TOKEN_QRR_MULTI,held_outer_refit,H593-0091cc1b5a6f73a4ad8d88ae,anti caries toothpaste carton,True,0.020425892770639397,2.4977904808713398e-05,-0.020400914865830684,True,True,3144,3144
4,TOKEN_QRR_MULTI,held_outer_refit,H593-021e62b31ffbd6d351d13e91,5fe0ce14-bc11-4b43-b002-7efdca0d3003-04,False,0.036254748226516226,0.013411712587828887,-0.022843035638687337,False,False,3450,3128
4,TOKEN_QRR_MULTI,held_outer_refit,H593-028ab5aaff186d9fc48a7f19,3T3-bn-lansoprazole,True,1.5046422855528352,0.007005057253255842,-1.4976372282995793,True,True,996,996
4,TOKEN_QRR_MULTI,held_outer_refit,H593-02ce6b371f2907428fc96ffe,athletes-01,True,0.876157728175835,2.3811503821897206,1.5049926540138856,True,False,3238,2500
4,TOKEN_QRR_MULTI,held_outer_refit,H593-04953480712cfc6b638e8fb2,athletes-01,True,0.0011999591917370793,3.093714173251169e-10,-0.001199958882365662,True,True,3238,3238
4,TOKEN_QRR_MULTI,held_outer_refit,H593-064aa36809b4f00051cb821a,10 mL carton,True,0.029426822100348058,0.00018383722974307735,-0.02924298487060498,True,True,0,0
4,TOKEN_QRR_MULTI,held_outer_refit,H593-07197c3f4badd640f6859f5e,10 mL carton,True,0.08459056430647498,0.0012192620243349562,-0.08337130228214003,True,True,0,0
4,TOKEN_QRR_MULTI,held_outer_refit,H593-10e669d82eed33568754dbb1,anti caries toothpaste carton,True,0.0003523584670647545,2.7761889512697908e-08,-0.0003523307051752418,True,True,3144,3144
4,TOKEN_QRR_MULTI,held_outer_refit,H593-12c93384cd26eac2b57b065b,3T3-bn-lansoprazole,True,1.1499032547098569,0.0002787611437060633,-1.1496244935661508,True,True,996,996
4,TOKEN_QRR_MULTI,held_outer_refit,H593-135d0a301829fc765ac62aca,athletes-01,True,0.6644943664158542,0.11688887436701334,-0.5476054920488409,True,True,3238,3238
4,TOKEN_QRR_MULTI,held_outer_refit,H593-14742ff288bf8a71f7d5208d,10 mL carton,True,0.08246911940408086,0.00203198976972559,-0.08043712963435527,True,True,0,0
4,TOKEN_QRR_MULTI,held_outer_refit,H593-148a11f5ffffec76fd85b3c8,3T3-bn-lansoprazole,True,3.1258098221135495,2.8973478666489214,-0.2284619554646281,False,False,4534,4534
4,TOKEN_QRR_MULTI,held_outer_refit,H593-14a2dd843bc26150f05949e9,anti caries toothpaste carton,True,0.0003308110441731233,3.1648130732633013e-09,-0.00033080787936005,True,True,3144,3144
4,TOKEN_QRR_MULTI,held_outer_refit,H593-1533c32a07d745928239de77,5fe0ce14-bc11-4b43-b002-7efdca0d3003-04,True,1.7000813389841225,0.43882107754003474,-1.2612602614440878,False,True,4794,4776
4,TOKEN_QRR_MULTI,held_outer_refit,H593-178d10ad3076a41e89d549dd,Bacitracin Zinc Ointment USP Carton 0.5oz(14.2g) Rev 02-22,True,0.111476759563701,0.38828758948296993,0.2768108299192689,True,True,1652,1652
4,TOKEN_QRR_MULTI,held_outer_refit,H593-1bef63e477961c10e0077a91,anti caries toothpaste carton,True,3.488646576689875,2.449863765679021,-1.038782811010854,False,False,4023,4023
4,TOKEN_QRR_MULTI,held_outer_refit,H593-1e69202f59c1e38274747acc,200000002710_Final,True,2.712903723240755,0.14289058524172127,-2.570013137999034,False,True,1966,935
4,TOKEN_QRR_MULTI,held_outer_refit,H593-1f65d77d8ddd265c0d00b1f2,10 mL carton,True,0.0022843575588969603,1.6306484676416375e-07,-0.002284194494050196,True,True,0,0
4,TOKEN_QRR_MULTI,held_outer_refit,H593-24402f98b4c6d27775ea51b8,10 mL carton,True,0.10552092365460294,0.006180305388440268,-0.09934061826616268,True,True,0,0
4,TOKEN_QRR_MULTI,held_outer_refit,H593-2848a70ea80c7f1dc1cfd651,10 mL carton,True,0.039148113981956965,0.0010773104286441262,-0.03807080355331284,True,True,0,0
4,TOKEN_QRR_MULTI,held_outer_refit,H593-29d505a42ed3f7b9bb256b2b,bbx08-0000-01,True,0.40433224807989104,0.7833416970130557,0.3790094489331646,True,False,3334,3333
4,TOKEN_QRR_MULTI,held_outer_refit,H593-2b13d777bd87f808044a7852,5fe0ce14-bc11-4b43-b002-7efdca0d3003-04,True,0.003748638844979721,1.6359161430207815e-05,-0.0037322796835495132,True,True,4776,4776
4,TOKEN_QRR_MULTI,held_outer_refit,H593-2e5153cd0e9bd1dddbb75dea,200000002710_Final,True,3.259963794249186,1.817590587158893,-1.4423732070902928,False,False,1966,1966
4,TOKEN_QRR_MULTI,held_outer_refit,H593-2f5a93c328b7e7c9e25412f0,3T3-bn-lansoprazole,True,0.9324328782057265,0.0005338833050121394,-0.9318989949007144,True,True,996,996
4,TOKEN_QRR_MULTI,held_outer_refit,H593-30656f17b4be13cde8124a15,SH230414C (250 ml Carton),True,2.207231887672614,0.544926508425343,-1.6623053792472708,False,True,146,147
4,TOKEN_QRR_MULTI,held_outer_refit,H593-3202e8cf83300e822008d3d1,5fe0ce14-bc11-4b43-b002-7efdca0d3003-04,True,0.06775476258195344,0.006578928894447022,-0.06117583368750642,True,True,4776,4776
