query_id,display_id,fold,component,target_identity,target_in_C128,target_physical,M_tier,target_M,target_M_rank,M_ties_with_wrong,target_M_unique_first,target_minus_strongest_wrong_M,max_M_physical,max_M_identity,max_M,RAW_physical,RAW_identity,RAW_correct,model481_physical,model481_identity,model481_correct,model481_action,model481_selected_M,model481_selected_M_rank,model481_selected_score,model481_failure,model492_physical,model492_identity,model492_correct,model492_action,model492_selected_M,model492_selected_M_rank,model492_selected_score,model492_failure,transition,head_top_challenger_physical,head_top_challenger_identity,head_top_challenger_correct,model481_max_challenger_score,model492_gate_if_original_HOLD,gate_evaluated_for_HOLD,challenger_gap,model481_target_score,model492_target_score,head_target_challenger_rank,baseline481_strongest_wrong_physical,target_minus_rival_term_RAW,target_minus_rival_term_S,target_minus_rival_term_M,target_minus_rival_term_L,target_minus_rival_term_Q,target_minus_rival_term_R,target_minus_rival_term_bias
H593-8dfa0524053f87e724996a9e,DIFFICULT-0000,3,ff5ec2587aa3b0cdf9f678e20f8a78ed21590c17b5931d4adc290fe15bf09b84,350 label,True,599,M_FIRST,0.08421330150087533,1,0,True,0.050536566867880134,599,350 label,0.08421330150087533,599,350 label,True,599,350 label,True,HOLD,0.08421330150087533,1,0.0,CORRECT,599,350 label,True,HOLD,0.08421330150087533,1,0.0,CORRECT,BOTH_CORRECT,597,342 label,False,-4.7021521668645425,-4.245802113347172,True,0.07218137374803923,0.0,0.0,,597,0.7332661660549421,-0.9669246257883798,2.2634142979205407,1.2948004521662744,0.1377067033417254,-0.06147137906964044,1.3013605522390803
H593-b04f465b15526e9607fd9b70,DIFFICULT-0001,3,ff5ec2587aa3b0cdf9f678e20f8a78ed21590c17b5931d4adc290fe15bf09b84,350 label,True,599,M_FIRST,0.27846596406309904,1,0,True,0.22391523304735436,599,350 label,0.27846596406309904,599,350 label,True,599,350 label,True,HOLD,0.27846596406309904,1,0.0,CORRECT,599,350 label,True,HOLD,0.27846596406309904,1,0.0,CORRECT,BOTH_CORRECT,685,71179-343 label,False,-6.597363795862404,-6.035675116958646,True,0.3573337378327306,0.0,0.0,,685,2.7534039242294295,-0.937148314131813,2.4352289807555727,0.9813160684207111,0.12200111337943728,-0.05879852903001415,1.3013605522390803
H593-272a6668246b45626dea5ed4,DIFFICULT-0002,3,ff5ec2587aa3b0cdf9f678e20f8a78ed21590c17b5931d4adc290fe15bf09b84,350 label,True,599,M_RANK_11_128,0.012867797341218814,89,0,False,-0.05655962493044127,2087,COMBO PACK,0.06942742227166009,599,350 label,True,599,350 label,True,HOLD,0.012867797341218814,89,0.0,CORRECT,599,350 label,True,HOLD,0.012867797341218814,89,0.0,CORRECT,BOTH_CORRECT,2087,COMBO PACK,False,-1.010265044466898,-0.5344781985724635,True,0.12479690082761641,0.0,0.0,,2087,1.5880779364846829,0.7549415375509455,-2.2215740807453837,-0.22149228895948933,-0.137706699712202,-0.05334191239073575,1.3013605522390803
H593-bb0e26bf00988704e7674f59,DIFFICULT-0003,3,ff5ec2587aa3b0cdf9f678e20f8a78ed21590c17b5931d4adc290fe15bf09b84,350 label,True,599,M_FIRST,0.21327830263595648,1,0,True,0.12276095322545984,599,350 label,0.21327830263595648,599,350 label,True,599,350 label,True,HOLD,0.21327830263595648,1,0.0,CORRECT,599,350 label,True,HOLD,0.21327830263595648,1,0.0,CORRECT,BOTH_CORRECT,577,25 ct label,False,-3.911310716054664,-3.429547358117477,True,0.14097535893564928,0.0,0.0,,577,1.3062973689637387,-0.6998669309427207,1.3061937027340456,0.6452347042576069,0.09510814086313547,-0.04301682206022154,1.3013605522390803
H593-9ed31ed09c4b3cb0fa797e4b,DIFFICULT-0004,3,ff5ec2587aa3b0cdf9f678e20f8a78ed21590c17b5931d4adc290fe15bf09b84,350 label,True,599,M_RANK_11_128,0.01102049317249013,124,0,False,-0.02340532175850362,1331,ASP Severe Cold Orange Zest PFF 24s,0.03442581493099375,599,350 label,True,599,350 label,True,HOLD,0.01102049317249013,124,0.0,CORRECT,599,350 label,True,HOLD,0.01102049317249013,124,0.0,CORRECT,BOTH_CORRECT,596,340 label,False,-0.8230341161085444,-0.2554620271721276,True,0.37326016817619,0.0,0.0,,596,0.8212975045227597,0.7425059207132455,-1.14690840472887,-0.8232383179477218,-0.13126427512398922,0.05928113643403983,1.3013605522390803
H593-b90eeadf731ed28d7b01ab84,DIFFICULT-0005,3,ff5ec2587aa3b0cdf9f678e20f8a78ed21590c17b5931d4adc290fe15bf09b84,350 label,True,599,M_FIRST,0.2587164998967832,1,0,True,0.17055782494655786,599,350 label,0.2587164998967832,599,350 label,True,599,350 label,True,HOLD,0.2587164998967832,1,0.0,CORRECT,599,350 label,True,HOLD,0.2587164998967832,1,0.0,CORRECT,BOTH_CORRECT,685,71179-343 label,False,-4.521488878404558,-3.4156797041925957,True,1.8302715611140066,0.0,0.0,,685,1.7657578334218496,-0.7016088212444573,1.589378438811783,0.501773098239095,0.11797216988620043,-0.05314439294899373,1.3013605522390803
H593-ca02c70f0bad8aaf62caa00a,DIFFICULT-0006,3,ff5ec2587aa3b0cdf9f678e20f8a78ed21590c17b5931d4adc290fe15bf09b84,350 label,True,599,M_FIRST,0.10245345216020861,1,0,True,0.058989907707402714,599,350 label,0.10245345216020861,599,350 label,True,599,350 label,True,HOLD,0.10245345216020861,1,0.0,CORRECT,599,350 label,True,HOLD,0.10245345216020861,1,0.0,CORRECT,BOTH_CORRECT,596,340 label,False,-3.7831804830012414,-3.2378424621179995,True,0.31307239711569856,0.0,0.0,,596,0.02930834700838793,-0.9638633403818179,1.999655342093296,1.3393019897235519,0.13770670334778212,-0.06028911102903949,1.3013605522390803
H593-d49db6c43ed93ffbd53c56b2,DIFFICULT-0007,3,ff5ec2587aa3b0cdf9f678e20f8a78ed21590c17b5931d4adc290fe15bf09b84,350 label,True,599,M_FIRST,0.07913519018493399,1,0,True,0.005008260073120385,599,350 label,0.07913519018493399,599,350 label,True,599,350 label,True,HOLD,0.07913519018493399,1,0.0,CORRECT,599,350 label,True,HOLD,0.07913519018493399,1,0.0,CORRECT,BOTH_CORRECT,1319,ASP Cold and Flu FizzyChews 24ct,False,-4.241927944119505,-3.7926724189460272,True,0.05297643802852914,0.0,0.0,,1319,1.8124585307204089,-0.8279451014372233,0.7197492569117205,1.1600773306983876,0.13769875405644574,-0.06147137906931491,1.3013605522390803
H593-60917368d9020829ad933264,DIFFICULT-0008,4,7309194c945cf747ac938c081c8e1c7587ee93c9427836b98aa713829ad9307b,3T3-bn-lansoprazole,True,996,M_FIRST,0.1417371648875225,1,0,True,0.09439269759318411,996,3T3-bn-lansoprazole,0.1417371648875225,996,3T3-bn-lansoprazole,True,996,3T3-bn-lansoprazole,True,HOLD,0.1417371648875225,1,0.0,CORRECT,996,3T3-bn-lansoprazole,True,HOLD,0.1417371648875225,1,0.0,CORRECT,BOTH_CORRECT,2204,CVS Lanso Caps 14ct Carton Label,False,-4.302100788727979,-3.670623308295299,True,0.5580314767703074,0.0,0.0,,2204,0.15850141274114446,-1.2770173426014018,2.400552705076452,1.492161532386328,0.2319943519084937,-0.031814439373375004,1.3277225685903369
H593-df2b460cafbe7908b36c9f41,DIFFICULT-0009,4,7309194c945cf747ac938c081c8e1c7587ee93c9427836b98aa713829ad9307b,3T3-bn-lansoprazole,True,996,M_FIRST,0.09359863719307682,1,0,True,0.04653307848233841,996,3T3-bn-lansoprazole,0.09359863719307682,996,3T3-bn-lansoprazole,True,996,3T3-bn-lansoprazole,True,HOLD,0.09359863719307682,1,0.0,CORRECT,996,3T3-bn-lansoprazole,True,HOLD,0.09359863719307682,1,0.0,CORRECT,BOTH_CORRECT,4548,lansoprazole-dr-capsules-usp-15-mg-1,False,-3.6121066979030996,-3.0146265351426855,True,0.38510905138295115,0.0,0.0,,4548,0.21222061858484464,-1.2132380934605327,1.6755118320268036,1.4091368769360502,0.23278188200038336,-0.032028986774786224,1.3277225685903369
H593-a99579cf97417982073affd5,DIFFICULT-0010,4,7309194c945cf747ac938c081c8e1c7587ee93c9427836b98aa713829ad9307b,3T3-bn-lansoprazole,True,996,M_RANK_11_128,0.01580020063641293,45,0,False,-0.015118354895149694,3834,cetirizine-hcl-10-mg-softgel-cat-1,0.030918555531562624,996,3T3-bn-lansoprazole,True,996,3T3-bn-lansoprazole,True,HOLD,0.01580020063641293,45,0.0,CORRECT,996,3T3-bn-lansoprazole,True,HOLD,0.01580020063641293,45,0.0,CORRECT,BOTH_CORRECT,3226,aspirin-01,False,-1.4330350285166589,-0.8838229033580426,True,0.13960067889155314,0.0,0.0,,3226,1.537012507447019,1.0603915901320102,-1.1018025710727948,-1.1782449494214715,-0.2327818810767203,0.020737763918279535,1.3277225685903369
H593-148a11f5ffffec76fd85b3c8,DIFFICULT-0011,4,7309194c945cf747ac938c081c8e1c7587ee93c9427836b98aa713829ad9307b,3T3-bn-lansoprazole,True,996,M_RANK_11_128,0.027506362938296246,19,0,False,-0.027550914875996278,1998,CDMA Omeprazole Caps 14ct Carton,0.055057277814292524,3681,careone-omeprazole-wildberry-mint-carton-image-2,False,3681,careone-omeprazole-wildberry-mint-carton-image-2,False,HOLD,0.01661828493175081,71,0.0,CHALLENGER_RANKING_BLOCKED,1998,CDMA Omeprazole Caps 14ct Carton,False,SWITCH,0.055057277814292524,1,0.5213030097194263,CHALLENGER_RANKING_BLOCKED,BOTH_WRONG,1998,CDMA Omeprazole Caps 14ct Carton,False,-0.010416104214814537,0.5213030097194263,True,0.050625014475682795,-0.6564909891807811,-0.6564909891807811,6,3681,-0.4284262456598903,-0.8866185102425679,0.9210184496535133,0.9016188341794323,0.19578484352541195,-0.03214579204634369,-1.3277225685903369
H593-b8b81f9ea25a51448f92c735,DIFFICULT-0012,4,7309194c945cf747ac938c081c8e1c7587ee93c9427836b98aa713829ad9307b,3T3-bn-lansoprazole,True,996,M_FIRST,0.11895140509248703,1,0,True,0.040957670569916116,996,3T3-bn-lansoprazole,0.11895140509248703,996,3T3-bn-lansoprazole,True,996,3T3-bn-lansoprazole,True,HOLD,0.11895140509248703,1,0.0,CORRECT,996,3T3-bn-lansoprazole,True,HOLD,0.11895140509248703,1,0.0,CORRECT,BOTH_CORRECT,2001,CDMA Omeprazole DR Tablets 14ct Carton,False,-2.64650000075477,-2.107301378429882,True,0.08866844908084648,0.0,0.0,,2001,0.6282669298791739,-0.5167494274398742,0.7762262763030675,0.3526320224129216,0.08408581012266474,-0.005684179113520516,1.3277225685903369
H593-2f5a93c328b7e7c9e25412f0,DIFFICULT-0013,4,7309194c945cf747ac938c081c8e1c7587ee93c9427836b98aa713829ad9307b,3T3-bn-lansoprazole,True,996,M_FIRST,0.07213816181708282,1,0,True,0.010241317353755552,996,3T3-bn-lansoprazole,0.07213816181708282,853,0227294C7-image-1,False,996,3T3-bn-lansoprazole,True,SWITCH,0.07213816181708282,1,1.4789366406139905,CORRECT,996,3T3-bn-lansoprazole,True,SWITCH,0.07213816181708282,1,1.4789366406139905,CORRECT,BOTH_CORRECT,996,3T3-bn-lansoprazole,True,1.4789366406139905,2.1286702800920114,False,0.650888781890969,1.4789366406139905,1.4789366406139905,1,1129,0.1439925791485574,-0.08873283823127354,0.36945543612447196,0.29054538094776006,-0.0023247979553057685,-0.06204697814324071,0.0
H593-028ab5aaff186d9fc48a7f19,DIFFICULT-0014,4,7309194c945cf747ac938c081c8e1c7587ee93c9427836b98aa713829ad9307b,3T3-bn-lansoprazole,True,996,M_FIRST,0.09928390778189192,1,0,True,0.03746626292317254,996,3T3-bn-lansoprazole,0.09928390778189192,1787,Bottle Carton,False,996,3T3-bn-lansoprazole,True,SWITCH,0.09928390778189192,1,1.7881448617299547,CORRECT,996,3T3-bn-lansoprazole,True,SWITCH,0.09928390778189192,1,1.7881448617299547,CORRECT,BOTH_CORRECT,996,3T3-bn-lansoprazole,True,1.7881448617299547,2.5868991842663087,False,1.4088608723876632,1.7881448617299547,1.7881448617299547,1,1113,1.0938427135700934,-0.008828303525804104,0.32711468359808915,-0.0028631134959240523,8.492039447305366e-06,-0.0004135997982387188,0.0
H593-381b6429e5e3137c9e41b0d5,DIFFICULT-0015,4,7309194c945cf747ac938c081c8e1c7587ee93c9427836b98aa713829ad9307b,3T3-bn-lansoprazole,True,996,M_FIRST,0.09672769478241292,1,0,True,0.04075269817569018,996,3T3-bn-lansoprazole,0.09672769478241292,3681,careone-omeprazole-wildberry-mint-carton-image-2,False,996,3T3-bn-lansoprazole,True,SWITCH,0.09672769478241292,1,1.3296831520796457,CORRECT,996,3T3-bn-lansoprazole,True,SWITCH,0.09672769478241292,1,1.3296831520796457,CORRECT,BOTH_CORRECT,996,3T3-bn-lansoprazole,True,1.3296831520796457,2.0638202648253383,False,1.0801948068327292,1.3296831520796457,1.3296831520796457,1,1998,0.26412767680628524,-0.10513307923868465,0.6430241615365069,0.2662740170936442,0.012031510194723344,-0.00012947955974541153,0.0
H593-3c7deb83919ca9175820857d,DIFFICULT-0016,4,7309194c945cf747ac938c081c8e1c7587ee93c9427836b98aa713829ad9307b,3T3-bn-lansoprazole,True,996,M_FIRST,0.15074243694722217,1,0,True,0.05549461934824729,996,3T3-bn-lansoprazole,0.15074243694722217,3681,careone-omeprazole-wildberry-mint-carton-image-2,False,996,3T3-bn-lansoprazole,True,SWITCH,0.15074243694722217,1,1.6412207598030915,CORRECT,996,3T3-bn-lansoprazole,True,SWITCH,0.15074243694722217,1,1.6412207598030915,CORRECT,BOTH_CORRECT,996,3T3-bn-lansoprazole,True,1.6412207598030915,2.3405497741913965,False,0.9031484630856945,1.6412207598030915,1.6412207598030915,1,2001,0.37078027579255474,-0.0638301313321945,0.42332077684552516,0.1638283823533344,0.009041646887641613,7.5125388329932985e-06,0.0
H593-12c93384cd26eac2b57b065b,DIFFICULT-0017,4,7309194c945cf747ac938c081c8e1c7587ee93c9427836b98aa713829ad9307b,3T3-bn-lansoprazole,True,996,M_FIRST,0.10027645911898343,1,0,True,0.06306608835800766,996,3T3-bn-lansoprazole,0.10027645911898343,3407,berry1carton,False,996,3T3-bn-lansoprazole,True,SWITCH,0.10027645911898343,1,1.729417157180421,CORRECT,996,3T3-bn-lansoprazole,True,SWITCH,0.10027645911898343,1,1.729417157180421,CORRECT,BOTH_CORRECT,996,3T3-bn-lansoprazole,True,1.729417157180421,2.602363564002215,False,1.7862281483256535,1.729417157180421,1.729417157180421,1,3407,-0.009818267521780718,-1.2774883460230777,2.771946434457342,1.3718638149510354,0.23278188201498734,-0.032145792107747956,-1.3277225685903369
H593-ad9f49fe8ff6e9e1c8b4c03c,DIFFICULT-0018,4,7309194c945cf747ac938c081c8e1c7587ee93c9427836b98aa713829ad9307b,3T3-bn-lansoprazole,False,,TARGET_ABSENT,,,,False,,396,int08-0008-18,0.08413553408078706,3688,carton 10 mL orange,False,3688,carton 10 mL orange,False,HOLD,0.04247201410274754,16,0.0,TARGET_ABSENT,3688,carton 10 mL orange,False,HOLD,0.04247201410274754,16,0.0,TARGET_ABSENT,BOTH_WRONG,396,int08-0008-18,False,-0.7545605443726732,-0.043997816173474535,True,0.9602871190530117,,,,,,,,,,,
H593-b934ce8694d521ecce42de7b,DIFFICULT-0019,4,7309194c945cf747ac938c081c8e1c7587ee93c9427836b98aa713829ad9307b,3T3-bn-lansoprazole,True,996,M_FIRST,0.13743531406711437,1,0,True,0.08025802803303227,996,3T3-bn-lansoprazole,0.13743531406711437,996,3T3-bn-lansoprazole,True,996,3T3-bn-lansoprazole,True,HOLD,0.13743531406711437,1,0.0,CORRECT,996,3T3-bn-lansoprazole,True,HOLD,0.13743531406711437,1,0.0,CORRECT,BOTH_CORRECT,1113,692R-Albertsons-Cetrizine HCl-45s-Carton,False,-5.653117478044227,-5.038416149376083,True,0.4727020140239997,0.0,0.0,,1113,3.1084876472806067,-0.7297250918324859,1.539273840191433,0.31693095298220286,0.10119631108104295,-0.010768750248908993,1.3277225685903369
H593-497c8c89496ddb929f1943e7,DIFFICULT-0020,3,876e9a6c8b596c741810be05ef83bc4037f224102f15277c78e9afa9a641a3ab,406heb,True,1013,M_FIRST,0.1489721542744329,1,0,True,0.11771034418505287,1013,406heb,0.1489721542744329,1013,406heb,True,1013,406heb,True,HOLD,0.1489721542744329,1,0.0,CORRECT,1013,406heb,True,HOLD,0.1489721542744329,1,0.0,CORRECT,BOTH_CORRECT,2075,CMB68-00 Front,False,-4.397796255834271,-3.7768229974526046,True,0.5178174913455873,0.0,0.0,,2075,0.8113940033785082,-0.9003336731717243,2.25305626272981,0.8560837863694978,0.13770670334904087,-0.06147137905994224,1.3013605522390803
H593-4e4f8bc110d32982909421ec,DIFFICULT-0021,3,876e9a6c8b596c741810be05ef83bc4037f224102f15277c78e9afa9a641a3ab,406heb,True,1013,M_FIRST,0.14597087306361398,1,0,True,0.09642523968425745,1013,406heb,0.14597087306361398,1013,406heb,True,1013,406heb,True,HOLD,0.14597087306361398,1,0.0,CORRECT,1013,406heb,True,HOLD,0.14597087306361398,1,0.0,CORRECT,BOTH_CORRECT,2224,CVS Stool Softner 100CT,False,-5.161961022855694,-4.592141727602404,True,0.37934337071934277,0.0,0.0,,2224,1.4996919594003624,-0.9241253062627315,2.162783036885866,1.0472556616083197,0.13268633944864092,-0.05769122046384389,1.3013605522390803
H593-500972ee89029bc55f7ce4da,DIFFICULT-0022,3,876e9a6c8b596c741810be05ef83bc4037f224102f15277c78e9afa9a641a3ab,406heb,True,1013,M_FIRST,0.16464228065781594,1,0,True,0.12623265510881215,1013,406heb,0.16464228065781594,1013,406heb,True,1013,406heb,True,HOLD,0.16464228065781594,1,0.0,CORRECT,1013,406heb,True,HOLD,0.16464228065781594,1,0.0,CORRECT,BOTH_CORRECT,2185,CVS Docusate Clear 30CT,False,-5.043218014503005,-4.545902771792979,True,0.183074415124028,0.0,0.0,,2185,0.6404009420506499,-0.9902362901873187,2.57464349719924,1.4408139889142284,0.1377067033491405,-0.06147137906201477,1.3013605522390803
H593-37c29058d6ea3f6600852bd1,DIFFICULT-0023,3,876e9a6c8b596c741810be05ef83bc4037f224102f15277c78e9afa9a641a3ab,406heb,True,1013,M_FIRST,0.14846623529594344,1,0,True,0.05250986998456232,1013,406heb,0.14846623529594344,2224,CVS Stool Softner 100CT,False,1013,406heb,True,SWITCH,0.14846623529594344,1,0.38337466009795595,CORRECT,1013,406heb,True,SWITCH,0.14846623529594344,1,0.38337466009795595,CORRECT,BOTH_CORRECT,1013,406heb,True,0.38337466009795595,1.420905146699135,False,1.6454406966765929,0.38337466009795595,0.38337466009795595,1,2224,-0.14779225983707617,-0.8469859134684948,1.696002357988556,0.9080162091724058,0.12489473524845493,-0.0493999167668095,-1.3013605522390803
H593-6c4ba020c70c5827dd7c5229,DIFFICULT-0024,3,876e9a6c8b596c741810be05ef83bc4037f224102f15277c78e9afa9a641a3ab,406heb,True,1013,M_FIRST,0.06588493955763292,1,0,True,0.02782061527705043,1013,406heb,0.06588493955763292,1013,406heb,True,1013,406heb,True,HOLD,0.06588493955763292,1,0.0,CORRECT,1013,406heb,True,HOLD,0.06588493955763292,1,0.0,CORRECT,BOTH_CORRECT,2557,CoughRelief Page 1,False,-4.736202101882037,-4.199474799068656,True,0.2897631256582338,0.0,0.0,,2557,2.3972752393450434,-0.6760346443774145,0.8651157128763416,0.7796182018146253,0.13033841903369206,-0.06147137904933132,1.3013605522390803
H593-455aee3db8f97d77c87d9bcc,DIFFICULT-0025,3,876e9a6c8b596c741810be05ef83bc4037f224102f15277c78e9afa9a641a3ab,406heb,True,1013,M_FIRST,0.1074171572205514,1,0,True,0.07986812400751979,1013,406heb,0.1074171572205514,1013,406heb,True,1013,406heb,True,HOLD,0.1074171572205514,1,0.0,CORRECT,1013,406heb,True,HOLD,0.1074171572205514,1,0.0,CORRECT,BOTH_CORRECT,2185,CVS Docusate Clear 30CT,False,-4.40129498047707,-3.9217586574453436,True,0.13494676053822552,0.0,0.0,,2185,0.5432556691886439,-0.9798281339608413,2.0251509064280655,1.4332229726981751,0.13770670334905322,-0.059573689465106036,1.3013605522390803
H593-3919c7418b8dc52330d7b0cd,DIFFICULT-0026,3,876e9a6c8b596c741810be05ef83bc4037f224102f15277c78e9afa9a641a3ab,406heb,True,1013,M_FIRST,0.15511539684039372,1,0,True,0.10553754474801388,1013,406heb,0.15511539684039372,1013,406heb,True,1013,406heb,True,HOLD,0.15511539684039372,1,0.0,CORRECT,1013,406heb,True,HOLD,0.15511539684039372,1,0.0,CORRECT,BOTH_CORRECT,2222,CVS SS+SL 60 CT,False,-3.8940599719757936,-3.394229226220098,True,0.1898838987080742,0.0,0.0,,2222,0.7928130020138576,-0.8199038988943089,1.7494404855022545,0.7843911884667087,0.13759808898020442,-0.05163944633200338,1.3013605522390803
H593-6fd71aa96c47c72dff2bd2f2,DIFFICULT-0027,3,876e9a6c8b596c741810be05ef83bc4037f224102f15277c78e9afa9a641a3ab,406heb,True,1013,M_FIRST,0.1252544214322787,1,0,True,0.08505920786138245,1013,406heb,0.1252544214322787,3688,carton 10 mL orange,False,1013,406heb,True,SWITCH,0.1252544214322787,1,1.175283696262224,CORRECT,1013,406heb,True,SWITCH,0.1252544214322787,1,1.175283696262224,CORRECT,BOTH_CORRECT,1013,406heb,True,1.175283696262224,2.680590157620557,False,2.911713391756402,1.175283696262224,1.175283696262224,1,3688,-0.1267338691027534,-0.9480758146351753,2.376216971403834,1.102515405697521,0.13419293419514766,-0.06147137905726979,-1.3013605522390803
H593-cf4370c2b7c1a87bc4ed328c,DIFFICULT-0028,3,876e9a6c8b596c741810be05ef83bc4037f224102f15277c78e9afa9a641a3ab,406heb,True,1013,M_FIRST,0.15829677710473544,1,0,True,0.07107575867716795,1013,406heb,0.15829677710473544,2224,CVS Stool Softner 100CT,False,2224,CVS Stool Softner 100CT,False,HOLD,0.08667724669524711,3,0.0,TARGET_TOP_BUT_HOLD,1013,406heb,True,SWITCH,0.15829677710473544,1,0.33514400686960727,CORRECT,RESCUED_BY_492,1013,406heb,True,-0.4705075453146258,0.33514400686960727,True,1.0177428689529386,-0.4705075453146258,0.33514400686960727,1,2224,-0.10427461797053011,-0.5353216312998218,0.9450185227790406,0.45054448151350696,0.08759077724141355,-0.012704525339154789,-1.3013605522390803
H593-ebcc7ec67efc54601b0acdc3,DIFFICULT-0029,3,876e9a6c8b596c741810be05ef83bc4037f224102f15277c78e9afa9a641a3ab,406heb,True,1013,M_FIRST,0.14318142693853023,1,0,True,0.09212995926318933,1013,406heb,0.14318142693853023,1013,406heb,True,1013,406heb,True,HOLD,0.14318142693853023,1,0.0,CORRECT,1013,406heb,True,HOLD,0.14318142693853023,1,0.0,CORRECT,BOTH_CORRECT,2185,CVS Docusate Clear 30CT,False,-3.958582511094379,-3.412570557068,True,0.31489673864565226,0.0,0.0,,2185,0.5657849855697513,-0.9338475437205807,1.692699752959781,1.256349439756402,0.1377067033445319,-0.061471379054586835,1.3013605522390803
H593-c87f01c7404926ac2f3d5404,DIFFICULT-0030,3,876e9a6c8b596c741810be05ef83bc4037f224102f15277c78e9afa9a641a3ab,406heb,True,1013,M_FIRST,0.12337540783717445,1,0,True,0.05769512830659709,1013,406heb,0.12337540783717445,1013,406heb,True,1013,406heb,True,HOLD,0.12337540783717445,1,0.0,CORRECT,1013,406heb,True,HOLD,0.12337540783717445,1,0.0,CORRECT,BOTH_CORRECT,2185,CVS Docusate Clear 30CT,False,-2.892090114929249,-2.306583241654181,True,0.4218097494409587,0.0,0.0,,2185,0.15956929426667504,-0.8801843661218618,1.0108056016118547,1.224303708586543,0.1377067033443087,-0.06147137899735103,1.3013605522390803
H593-901d8e16d1938d576207e589,DIFFICULT-0031,2,da3eaa29e19bcc9bd6181db13c258df73a34d84bc20cb67ca147824a6fc4abe5,5377c041-b6fc-4dde-ac96-bd9e4e94e456-10,True,4840,M_FIRST,0.0730595604819521,1,0,True,0.021344970017869815,4840,5377c041-b6fc-4dde-ac96-bd9e4e94e456-10,0.0730595604819521,4840,5377c041-b6fc-4dde-ac96-bd9e4e94e456-10,True,4840,5377c041-b6fc-4dde-ac96-bd9e4e94e456-10,True,HOLD,0.0730595604819521,1,0.0,CORRECT,4840,5377c041-b6fc-4dde-ac96-bd9e4e94e456-10,True,HOLD,0.0730595604819521,1,0.0,CORRECT,BOTH_CORRECT,4834,4fc7e152-1d4e-489d-bd00-0b00338b8eba-02,False,-4.376558549887419,-3.938667159238561,True,0.09488246137679734,0.0,0.0,,4834,1.4585035725677709,-1.3535597044080796,1.4677141090805392,1.3181828832490243,0.24838026946884328,-0.0081727210543503,1.2455101409836713
H593-9b681db8e5117d318b40d460,DIFFICULT-0032,2,da3eaa29e19bcc9bd6181db13c258df73a34d84bc20cb67ca147824a6fc4abe5,5377c041-b6fc-4dde-ac96-bd9e4e94e456-10,True,4840,M_RANK_11_128,0.021501557258839822,16,0,False,-0.014405051127191322,2981,SA CLEANSER 2OZ UNIT CARTON,0.035906608386031144,4840,5377c041-b6fc-4dde-ac96-bd9e4e94e456-10,True,4840,5377c041-b6fc-4dde-ac96-bd9e4e94e456-10,True,HOLD,0.021501557258839822,16,0.0,CORRECT,4840,5377c041-b6fc-4dde-ac96-bd9e4e94e456-10,True,HOLD,0.021501557258839822,16,0.0,CORRECT,BOTH_CORRECT,865,08835 GN Lidocaine Pain Relief Spray,False,-4.083034847822653,-3.60308151502162,True,0.19457828994392123,0.0,0.0,,865,2.7834672130534046,-0.28992844333330037,0.4815956021600416,0.10215498890341598,-0.2499940912095158,0.010229437264934948,1.2455101409836713
H593-999f83e11a6c2a0fac269ff5,DIFFICULT-0033,2,da3eaa29e19bcc9bd6181db13c258df73a34d84bc20cb67ca147824a6fc4abe5,5377c041-b6fc-4dde-ac96-bd9e4e94e456-10,True,4840,M_FIRST,0.07615753675633165,1,0,True,0.03660381914141336,4840,5377c041-b6fc-4dde-ac96-bd9e4e94e456-10,0.07615753675633165,4840,5377c041-b6fc-4dde-ac96-bd9e4e94e456-10,True,4840,5377c041-b6fc-4dde-ac96-bd9e4e94e456-10,True,HOLD,0.07615753675633165,1,0.0,CORRECT,4840,5377c041-b6fc-4dde-ac96-bd9e4e94e456-10,True,HOLD,0.07615753675633165,1,0.0,CORRECT,BOTH_CORRECT,2647,DDM diclofenac carton label,False,-5.868664433031478,-5.388988631090258,True,0.1939204822534979,0.0,0.0,,2647,3.418804269498539,-1.0565891234830613,1.1721939326169302,0.8473495062863161,0.24999411345409558,-0.008598406325012143,1.2455101409836713
H593-bebe2833da2edf94d7d8c25b,DIFFICULT-0034,2,da3eaa29e19bcc9bd6181db13c258df73a34d84bc20cb67ca147824a6fc4abe5,5377c041-b6fc-4dde-ac96-bd9e4e94e456-10,True,4840,M_RANK_2_5,0.03202295410360294,2,0,False,-0.00017384065004352744,4894,Epuris_Carton_30mg,0.032196794753646465,4840,5377c041-b6fc-4dde-ac96-bd9e4e94e456-10,True,4840,5377c041-b6fc-4dde-ac96-bd9e4e94e456-10,True,HOLD,0.03202295410360294,2,0.0,CORRECT,4840,5377c041-b6fc-4dde-ac96-bd9e4e94e456-10,True,HOLD,0.03202295410360294,2,0.0,CORRECT,BOTH_CORRECT,4831,47c9752b-a06d-46af-a029-9213e2474378-16,False,-5.341022147992909,-4.852445426443429,True,0.21501757168755908,0.0,0.0,,4831,2.8388308314296133,-1.4080642563894634,0.8327338219052447,1.5922469340808343,0.24999411339489694,-0.010229437411888143,1.2455101409836713
H593-5332c0cc3d7929c09d5c01f3,DIFFICULT-0035,2,da3eaa29e19bcc9bd6181db13c258df73a34d84bc20cb67ca147824a6fc4abe5,5377c041-b6fc-4dde-ac96-bd9e4e94e456-10,True,4840,M_FIRST,0.15562260931336339,1,0,True,0.11189781479163627,4840,5377c041-b6fc-4dde-ac96-bd9e4e94e456-10,0.15562260931336339,4840,5377c041-b6fc-4dde-ac96-bd9e4e94e456-10,True,4840,5377c041-b6fc-4dde-ac96-bd9e4e94e456-10,True,HOLD,0.15562260931336339,1,0.0,CORRECT,4840,5377c041-b6fc-4dde-ac96-bd9e4e94e456-10,True,HOLD,0.15562260931336339,1,0.0,CORRECT,BOTH_CORRECT,4834,4fc7e152-1d4e-489d-bd00-0b00338b8eba-02,False,-6.607215223073307,-6.204154434634081,True,0.01232646017699146,0.0,0.0,,4834,2.4880093201144913,-1.5402497362304792,2.6172860355859138,1.5568947865508211,0.2499941134818233,-0.010229437412934236,1.2455101409836713
H593-a37be078955ca99fb50d7a4f,DIFFICULT-0036,2,da3eaa29e19bcc9bd6181db13c258df73a34d84bc20cb67ca147824a6fc4abe5,5377c041-b6fc-4dde-ac96-bd9e4e94e456-10,True,4840,M_FIRST,0.10409670598338694,1,0,True,0.06994657525620937,4840,5377c041-b6fc-4dde-ac96-bd9e4e94e456-10,0.10409670598338694,4840,5377c041-b6fc-4dde-ac96-bd9e4e94e456-10,True,4840,5377c041-b6fc-4dde-ac96-bd9e4e94e456-10,True,HOLD,0.10409670598338694,1,0.0,CORRECT,4840,5377c041-b6fc-4dde-ac96-bd9e4e94e456-10,True,HOLD,0.10409670598338694,1,0.0,CORRECT,BOTH_CORRECT,3688,carton 10 mL orange,False,-6.533311429352703,-6.016302633534721,True,0.282407688668493,0.0,0.0,,3688,2.4524100282334036,-1.5568792610112012,2.4529543198929766,1.70026266997493,0.24924057291927731,-0.010187041640354015,1.2455101409836713
H593-fa11ede2797c8a575ecf38a9,DIFFICULT-0037,2,da3eaa29e19bcc9bd6181db13c258df73a34d84bc20cb67ca147824a6fc4abe5,5377c041-b6fc-4dde-ac96-bd9e4e94e456-10,True,4840,M_FIRST,0.13938129592011025,1,0,True,0.10032683523576894,4840,5377c041-b6fc-4dde-ac96-bd9e4e94e456-10,0.13938129592011025,4840,5377c041-b6fc-4dde-ac96-bd9e4e94e456-10,True,4840,5377c041-b6fc-4dde-ac96-bd9e4e94e456-10,True,HOLD,0.13938129592011025,1,0.0,CORRECT,4840,5377c041-b6fc-4dde-ac96-bd9e4e94e456-10,True,HOLD,0.13938129592011025,1,0.0,CORRECT,BOTH_CORRECT,4834,4fc7e152-1d4e-489d-bd00-0b00338b8eba-02,False,-5.555390012156079,-4.919329941544921,True,0.5645847559931028,0.0,0.0,,4834,1.8986599829326845,-1.4827680331390147,2.222386697531396,1.4325864532966064,0.24923643882873187,-0.010221668277996405,1.2455101409836713
H593-eadfceaa5ec693edd8fe4318,DIFFICULT-0038,2,da3eaa29e19bcc9bd6181db13c258df73a34d84bc20cb67ca147824a6fc4abe5,5377c041-b6fc-4dde-ac96-bd9e4e94e456-10,True,4840,M_FIRST,0.04863516339837656,1,0,True,0.00807866827875741,4840,5377c041-b6fc-4dde-ac96-bd9e4e94e456-10,0.04863516339837656,4840,5377c041-b6fc-4dde-ac96-bd9e4e94e456-10,True,4840,5377c041-b6fc-4dde-ac96-bd9e4e94e456-10,True,HOLD,0.04863516339837656,1,0.0,CORRECT,4840,5377c041-b6fc-4dde-ac96-bd9e4e94e456-10,True,HOLD,0.04863516339837656,1,0.0,CORRECT,BOTH_CORRECT,3688,carton 10 mL orange,False,-2.9648094481355862,-2.4051110918358387,True,0.3835911073513114,0.0,0.0,,3688,0.980830634010942,-0.5074080206091351,0.8030914264405333,0.20992876253823317,0.2386226135095954,-0.005766108738253934,1.2455101409836713
H593-efa7a88b273f82ecd4fef43c,DIFFICULT-0039,2,da3eaa29e19bcc9bd6181db13c258df73a34d84bc20cb67ca147824a6fc4abe5,5377c041-b6fc-4dde-ac96-bd9e4e94e456-10,True,4840,M_RANK_11_128,0.03298661038044916,34,0,False,-0.0276380275075643,865,08835 GN Lidocaine Pain Relief Spray,0.060624637888013456,4840,5377c041-b6fc-4dde-ac96-bd9e4e94e456-10,True,4840,5377c041-b6fc-4dde-ac96-bd9e4e94e456-10,True,HOLD,0.03298661038044916,34,0.0,CORRECT,4840,5377c041-b6fc-4dde-ac96-bd9e4e94e456-10,True,HOLD,0.03298661038044916,34,0.0,CORRECT,BOTH_CORRECT,5060,clobetasol-propionate-topical-solution-carton,False,-1.9018426802417385,-1.497452767567046,True,0.015476769818995928,0.0,0.0,,5060,1.3457435589845823,0.9492399435658954,-0.3803003582733037,-1.0185859305654648,-0.2499941118565656,0.010229437402923635,1.2455101409836713
H593-913ec852ccd620d36cfbe8d5,DIFFICULT-0040,1,a7e2eb3376d106cbd8cfa0ddaf20047219e210af69c8abeada87a180f2a8e2a9,734-uw-mint-mini-nicotine-lozenge,True,1130,M_FIRST,0.048257555681713936,1,0,True,0.005695158772882791,1130,734-uw-mint-mini-nicotine-lozenge,0.048257555681713936,1130,734-uw-mint-mini-nicotine-lozenge,True,1130,734-uw-mint-mini-nicotine-lozenge,True,HOLD,0.048257555681713936,1,0.0,CORRECT,1130,734-uw-mint-mini-nicotine-lozenge,True,HOLD,0.048257555681713936,1,0.0,CORRECT,BOTH_CORRECT,4599,members-mark-nicotine-lozenges-cherry-ice-carton-image-1,False,-2.998516711134566,-2.278538401408607,True,0.09201939849846408,0.0,0.0,,4599,0.12947107618835407,-1.8128506203446462,1.546769317524886,1.7437939416443564,0.14869055959831076,0.011032947282237067,1.2316094892410674
H593-c317503b769e0f3acf782e33,DIFFICULT-0043,1,a7e2eb3376d106cbd8cfa0ddaf20047219e210af69c8abeada87a180f2a8e2a9,734-uw-mint-mini-nicotine-lozenge,True,1130,M_FIRST,0.04695500104096659,1,0,True,0.006916836283566659,1130,734-uw-mint-mini-nicotine-lozenge,0.04695500104096659,3476,blip-nicotine-gum-fruit-carton-image,False,1130,734-uw-mint-mini-nicotine-lozenge,True,SWITCH,0.04695500104096659,1,1.1694269776622939,CORRECT,1130,734-uw-mint-mini-nicotine-lozenge,True,SWITCH,0.04695500104096659,1,1.1694269776622939,CORRECT,BOTH_CORRECT,1130,734-uw-mint-mini-nicotine-lozenge,True,1.1694269776622939,1.9307478102037914,False,1.1594049041050853,1.1694269776622939,1.1694269776622939,1,3978,0.0710245875848417,-0.26396161069387936,0.8407299579638758,0.5075088899904412,0.0029434022811897498,0.001159676978616287,0.0
H593-0745854000292039c9c10f33,DIFFICULT-0044,1,a7e2eb3376d106cbd8cfa0ddaf20047219e210af69c8abeada87a180f2a8e2a9,734-uw-mint-mini-nicotine-lozenge,True,1130,M_RANK_2_5,0.03171990017193316,3,0,False,-0.0011120123082406785,1008,4 mg Carton,0.032831912480173836,4367,cvshealth-nicotine-lozenge-mint-carton-image-1,False,1130,734-uw-mint-mini-nicotine-lozenge,True,SWITCH,0.03171990017193316,3,0.4575468409013739,CORRECT,1130,734-uw-mint-mini-nicotine-lozenge,True,SWITCH,0.03171990017193316,3,0.4575468409013739,CORRECT,BOTH_CORRECT,1130,734-uw-mint-mini-nicotine-lozenge,True,0.4575468409013739,1.2235350775114413,False,1.2799084223308368,0.4575468409013739,0.4575468409013739,1,4367,-0.026617663090794007,-1.8095951574543767,1.7074301587491305,1.6614677003696872,0.14549445600662242,0.0109768355621718,-1.2316094892410674
H593-08297e272b0164e6fdd42e9f,DIFFICULT-0050,1,a7e2eb3376d106cbd8cfa0ddaf20047219e210af69c8abeada87a180f2a8e2a9,734-uw-mint-mini-nicotine-lozenge,True,1130,M_FIRST,0.07120252006121276,1,0,True,0.01723142813086389,1130,734-uw-mint-mini-nicotine-lozenge,0.07120252006121276,3368,bef4f237-ccb8-4d28-bfc2-41c511a17d7f-01,False,3368,bef4f237-ccb8-4d28-bfc2-41c511a17d7f-01,False,HOLD,0.04878928150149028,4,0.0,TARGET_TOP_BUT_HOLD,3368,bef4f237-ccb8-4d28-bfc2-41c511a17d7f-01,False,HOLD,0.04878928150149028,4,0.0,TARGET_TOP_BUT_HOLD,BOTH_WRONG,1130,734-uw-mint-mini-nicotine-lozenge,True,-1.8590935447762154,-1.088266761391964,True,1.4048305205299978,-1.8590935447762154,-1.8590935447762154,1,3368,-0.9184197293956909,-0.36422283204642436,0.6797160656455264,-0.03325739864035748,0.0016292500935417334,0.007070588808256508,-1.2316094892410674
H593-542a9d20e3accf68eed2f111,DIFFICULT-0051,1,f16447b66992689bdb8350dadcb85602511b1bd2c18265a511e90bf7d2910d9c,bef4f237-ccb8-4d28-bfc2-41c511a17d7f-01,True,3368,M_FIRST,0.05675798980650027,1,0,True,0.023278835364485558,3368,bef4f237-ccb8-4d28-bfc2-41c511a17d7f-01,0.05675798980650027,3368,bef4f237-ccb8-4d28-bfc2-41c511a17d7f-01,True,3368,bef4f237-ccb8-4d28-bfc2-41c511a17d7f-01,True,HOLD,0.05675798980650027,1,0.0,CORRECT,3368,bef4f237-ccb8-4d28-bfc2-41c511a17d7f-01,True,HOLD,0.05675798980650027,1,0.0,CORRECT,BOTH_CORRECT,4133,containerlabel676,False,-3.470830534554721,-2.7484737200952685,True,0.15342787830689675,0.0,0.0,,4133,1.2438582508256586,-1.2779641603899947,1.340698141148778,0.7803430014276534,0.1444001320608769,0.007885680240681306,1.2316094892410674
H593-a20c04fa7e2500016ce114e2,DIFFICULT-0052,1,f16447b66992689bdb8350dadcb85602511b1bd2c18265a511e90bf7d2910d9c,bef4f237-ccb8-4d28-bfc2-41c511a17d7f-01,True,3368,M_FIRST,0.1254691941814789,1,0,True,0.09440092630977442,3368,bef4f237-ccb8-4d28-bfc2-41c511a17d7f-01,0.1254691941814789,3368,bef4f237-ccb8-4d28-bfc2-41c511a17d7f-01,True,3368,bef4f237-ccb8-4d28-bfc2-41c511a17d7f-01,True,HOLD,0.1254691941814789,1,0.0,CORRECT,3368,bef4f237-ccb8-4d28-bfc2-41c511a17d7f-01,True,HOLD,0.1254691941814789,1,0.0,CORRECT,BOTH_CORRECT,4297,cvs-44-453485-1,False,-5.078625188123018,-4.3450209430243545,True,0.4438151992059094,0.0,0.0,,4297,1.909421862822551,-1.8261211473939036,2.3335957384225283,1.3093401295705591,0.13228506516260097,-0.01150594970238528,1.2316094892410674
H593-f01b0d9567d81975a69f9aef,DIFFICULT-0053,1,f16447b66992689bdb8350dadcb85602511b1bd2c18265a511e90bf7d2910d9c,bef4f237-ccb8-4d28-bfc2-41c511a17d7f-01,True,3368,M_FIRST,0.1808649580135098,1,0,True,0.10235326237327617,3368,bef4f237-ccb8-4d28-bfc2-41c511a17d7f-01,0.1808649580135098,3368,bef4f237-ccb8-4d28-bfc2-41c511a17d7f-01,True,3368,bef4f237-ccb8-4d28-bfc2-41c511a17d7f-01,True,HOLD,0.1808649580135098,1,0.0,CORRECT,3368,bef4f237-ccb8-4d28-bfc2-41c511a17d7f-01,True,HOLD,0.1808649580135098,1,0.0,CORRECT,BOTH_CORRECT,3736,carton15,False,-2.7197013822040654,-1.9904877240074028,True,0.3304585750537612,0.0,0.0,,3736,0.5118981918436151,-1.2526311078695544,1.5503072525775001,0.5777965637575405,0.09795889962318251,0.002762093030713972,1.2316094892410674
H593-9ed878a775d721d5d77a491d,DIFFICULT-0054,1,f16447b66992689bdb8350dadcb85602511b1bd2c18265a511e90bf7d2910d9c,bef4f237-ccb8-4d28-bfc2-41c511a17d7f-01,True,3368,M_FIRST,0.13285745343800487,1,0,True,0.10812761560590983,3368,bef4f237-ccb8-4d28-bfc2-41c511a17d7f-01,0.13285745343800487,3368,bef4f237-ccb8-4d28-bfc2-41c511a17d7f-01,True,3368,bef4f237-ccb8-4d28-bfc2-41c511a17d7f-01,True,HOLD,0.13285745343800487,1,0.0,CORRECT,3368,bef4f237-ccb8-4d28-bfc2-41c511a17d7f-01,True,HOLD,0.13285745343800487,1,0.0,CORRECT,BOTH_CORRECT,3697,carton front,False,-5.1896389897681665,-4.472247975565621,True,0.02522033660439682,0.0,0.0,,3697,0.690911286052929,-2.069486560323072,2.9385411791545875,2.237908504004606,0.14869055964979486,0.011464531988252948,1.2316094892410674
H593-c76764b05b53a550caa7d193,DIFFICULT-0055,1,f16447b66992689bdb8350dadcb85602511b1bd2c18265a511e90bf7d2910d9c,bef4f237-ccb8-4d28-bfc2-41c511a17d7f-01,True,3368,M_FIRST,0.08735935776950537,1,0,True,0.028431649220898088,3368,bef4f237-ccb8-4d28-bfc2-41c511a17d7f-01,0.08735935776950537,3368,bef4f237-ccb8-4d28-bfc2-41c511a17d7f-01,True,3368,bef4f237-ccb8-4d28-bfc2-41c511a17d7f-01,True,HOLD,0.08735935776950537,1,0.0,CORRECT,3368,bef4f237-ccb8-4d28-bfc2-41c511a17d7f-01,True,HOLD,0.08735935776950537,1,0.0,CORRECT,BOTH_CORRECT,2922,PA 24110.01 PL WIN Nasal Spray Original 1 oz,False,-4.403677566260523,-3.681234995140734,True,0.15564195258244773,0.0,0.0,,2922,1.1486531175219905,-1.9617914800161755,1.7495941128049495,2.075415817355605,0.14869055964588257,0.011505949707202756,1.2316094892410674
H593-cb7de2ed70a969859718b4c8,DIFFICULT-0056,1,f16447b66992689bdb8350dadcb85602511b1bd2c18265a511e90bf7d2910d9c,bef4f237-ccb8-4d28-bfc2-41c511a17d7f-01,True,3368,M_FIRST,0.1601728874843628,1,0,True,0.1011300341165785,3368,bef4f237-ccb8-4d28-bfc2-41c511a17d7f-01,0.1601728874843628,3368,bef4f237-ccb8-4d28-bfc2-41c511a17d7f-01,True,3368,bef4f237-ccb8-4d28-bfc2-41c511a17d7f-01,True,HOLD,0.1601728874843628,1,0.0,CORRECT,3368,bef4f237-ccb8-4d28-bfc2-41c511a17d7f-01,True,HOLD,0.1601728874843628,1,0.0,CORRECT,BOTH_CORRECT,4296,cvs-44-453---nasal-decongestant-1,False,-4.736802279733242,-4.009343138707113,True,0.28516027031504265,0.0,0.0,,4296,1.6649858693436117,-1.7856019216571064,2.233794806770133,1.253393747084812,0.13100556022298915,0.007614728727734661,1.2316094892410674
H593-7ef565e4b6b34418380c35a3,DIFFICULT-0057,1,f16447b66992689bdb8350dadcb85602511b1bd2c18265a511e90bf7d2910d9c,bef4f237-ccb8-4d28-bfc2-41c511a17d7f-01,True,3368,M_FIRST,0.20601918630431937,1,0,True,0.09805413019370182,3368,bef4f237-ccb8-4d28-bfc2-41c511a17d7f-01,0.20601918630431937,4608,nasal decongestant,False,4608,nasal decongestant,False,HOLD,0.08267953136073565,6,0.0,TARGET_TOP_BUT_HOLD,3368,bef4f237-ccb8-4d28-bfc2-41c511a17d7f-01,True,SWITCH,0.20601918630431937,1,0.37770433672186426,CORRECT,RESCUED_BY_492,3368,bef4f237-ccb8-4d28-bfc2-41c511a17d7f-01,True,-0.3708234453303598,0.37770433672186426,True,0.8291126109697509,-0.3708234453303598,0.37770433672186426,1,4608,-0.09677352337362544,-1.2760106360840289,1.5546490630699177,0.6157986095597869,0.06700615735998511,-0.003883626621327738,-1.2316094892410674
H593-64e146b0abb950dce567767c,DIFFICULT-0058,1,f16447b66992689bdb8350dadcb85602511b1bd2c18265a511e90bf7d2910d9c,bef4f237-ccb8-4d28-bfc2-41c511a17d7f-01,True,3368,M_RANK_11_128,0.028616750478878128,25,0,False,-0.013741211505059303,4326,cvs-acetaminophen-carton-image,0.04235796198393743,4297,cvs-44-453485-1,False,4297,cvs-44-453485-1,False,HOLD,0.032558879796099865,11,0.0,CHALLENGER_RANKING_BLOCKED,4297,cvs-44-453485-1,False,HOLD,0.032558879796099865,11,0.0,CHALLENGER_RANKING_BLOCKED,BOTH_WRONG,4305,cvs-44-527-1,False,-1.9565835226938222,-1.2377385469348,True,0.06275886559104515,-2.0193423882848673,-2.0193423882848673,2,4297,-0.5261872096666509,0.7492550261263504,-0.23449139455962864,-0.7510746763352101,-0.013728694909765082,-0.011505949698895917,-1.2316094892410674
H593-50257d3fc942087a47f7ed9b,DIFFICULT-0059,1,f16447b66992689bdb8350dadcb85602511b1bd2c18265a511e90bf7d2910d9c,bef4f237-ccb8-4d28-bfc2-41c511a17d7f-01,True,3368,M_RANK_11_128,0.018845483588572565,93,0,False,-0.03358231774268018,2385,Carton-120ms,0.052427801331252744,3368,bef4f237-ccb8-4d28-bfc2-41c511a17d7f-01,True,3368,bef4f237-ccb8-4d28-bfc2-41c511a17d7f-01,True,HOLD,0.018845483588572565,93,0.0,CORRECT,3368,bef4f237-ccb8-4d28-bfc2-41c511a17d7f-01,True,HOLD,0.018845483588572565,93,0.0,CORRECT,BOTH_CORRECT,4131,containerlabel605,False,-1.922555331449339,-1.2026900828382554,True,0.08910037500771262,0.0,0.0,,4131,0.6322040610672257,-0.06856214153761425,-0.2791635749765874,0.2730977004119494,0.13879073990628057,-0.005420942662982323,1.2316094892410674
H593-068d4310663d131f8027b587,DIFFICULT-0060,1,f16447b66992689bdb8350dadcb85602511b1bd2c18265a511e90bf7d2910d9c,bef4f237-ccb8-4d28-bfc2-41c511a17d7f-01,True,3368,M_FIRST,0.1061468623066336,1,0,True,0.06048325031529112,3368,bef4f237-ccb8-4d28-bfc2-41c511a17d7f-01,0.1061468623066336,3368,bef4f237-ccb8-4d28-bfc2-41c511a17d7f-01,True,3368,bef4f237-ccb8-4d28-bfc2-41c511a17d7f-01,True,HOLD,0.1061468623066336,1,0.0,CORRECT,3368,bef4f237-ccb8-4d28-bfc2-41c511a17d7f-01,True,HOLD,0.1061468623066336,1,0.0,CORRECT,BOTH_CORRECT,810,sinus-relief-preservative-free-01,False,-3.9368949401717197,-3.200744192546762,True,0.5095610633053083,0.0,0.0,,810,1.867097564498016,-1.1359608230389573,1.4497992801649884,0.4596147906885886,0.06970301064431293,-0.004968372026296306,1.2316094892410674
H593-e69eb7b78aae86a02db13aa6,DIFFICULT-0061,1,f16447b66992689bdb8350dadcb85602511b1bd2c18265a511e90bf7d2910d9c,bef4f237-ccb8-4d28-bfc2-41c511a17d7f-01,True,3368,M_FIRST,0.05964101941108489,1,0,True,0.02619684106070188,3368,bef4f237-ccb8-4d28-bfc2-41c511a17d7f-01,0.05964101941108489,4346,cvs05-0008-02,False,3368,bef4f237-ccb8-4d28-bfc2-41c511a17d7f-01,True,SWITCH,0.05964101941108489,1,0.26102209107270213,CORRECT,3368,bef4f237-ccb8-4d28-bfc2-41c511a17d7f-01,True,SWITCH,0.05964101941108489,1,0.26102209107270213,CORRECT,BOTH_CORRECT,3368,bef4f237-ccb8-4d28-bfc2-41c511a17d7f-01,True,0.26102209107270213,1.0297513781665646,False,1.350677145603796,0.26102209107270213,0.26102209107270213,1,4346,-0.138952473606553,-1.7163183560923727,1.936874989179838,1.2747940461583473,0.14773932435258688,-0.01150594967807696,-1.2316094892410674
H593-5b9e6dcf1a92193abe8b39b2,DIFFICULT-0062,1,f16447b66992689bdb8350dadcb85602511b1bd2c18265a511e90bf7d2910d9c,bef4f237-ccb8-4d28-bfc2-41c511a17d7f-01,True,3368,M_FIRST,0.16402814169689395,1,0,True,0.07561721056785431,3368,bef4f237-ccb8-4d28-bfc2-41c511a17d7f-01,0.16402814169689395,4608,nasal decongestant,False,3368,bef4f237-ccb8-4d28-bfc2-41c511a17d7f-01,True,SWITCH,0.16402814169689395,1,0.18156555175504918,CORRECT,3368,bef4f237-ccb8-4d28-bfc2-41c511a17d7f-01,True,SWITCH,0.16402814169689395,1,0.18156555175504918,CORRECT,BOTH_CORRECT,3368,bef4f237-ccb8-4d28-bfc2-41c511a17d7f-01,True,0.18156555175504918,0.9417734698544908,False,1.1306715645909282,0.18156555175504918,0.18156555175504918,1,4608,-0.1852070116020538,-1.6888090239082483,1.966813959809237,1.1792599438279274,0.1296112231738783,0.011505949695376109,-1.2316094892410674
H593-a4ae311047750421b6705cb8,DIFFICULT-0063,1,f16447b66992689bdb8350dadcb85602511b1bd2c18265a511e90bf7d2910d9c,bef4f237-ccb8-4d28-bfc2-41c511a17d7f-01,True,3368,M_FIRST,0.13943976872864614,1,0,True,0.10619371852723208,3368,bef4f237-ccb8-4d28-bfc2-41c511a17d7f-01,0.13943976872864614,3368,bef4f237-ccb8-4d28-bfc2-41c511a17d7f-01,True,3368,bef4f237-ccb8-4d28-bfc2-41c511a17d7f-01,True,HOLD,0.13943976872864614,1,0.0,CORRECT,3368,bef4f237-ccb8-4d28-bfc2-41c511a17d7f-01,True,HOLD,0.13943976872864614,1,0.0,CORRECT,BOTH_CORRECT,4131,containerlabel605,False,-4.752875104837591,-4.031230568797646,True,0.13503820082321827,0.0,0.0,,4131,0.6969317748189988,-2.0347200503582275,2.593555286787905,2.1060751071598167,0.1486905596501877,0.010732937537841988,1.2316094892410674
H593-3893e4ce6f5507593e0f76e9,DIFFICULT-0064,1,f16447b66992689bdb8350dadcb85602511b1bd2c18265a511e90bf7d2910d9c,bef4f237-ccb8-4d28-bfc2-41c511a17d7f-01,True,3368,M_FIRST,0.07149242830521987,1,0,True,0.01520931984623377,3368,bef4f237-ccb8-4d28-bfc2-41c511a17d7f-01,0.07149242830521987,3368,bef4f237-ccb8-4d28-bfc2-41c511a17d7f-01,True,3368,bef4f237-ccb8-4d28-bfc2-41c511a17d7f-01,True,HOLD,0.07149242830521987,1,0.0,CORRECT,3368,bef4f237-ccb8-4d28-bfc2-41c511a17d7f-01,True,HOLD,0.07149242830521987,1,0.0,CORRECT,BOTH_CORRECT,1485,AssuredNasal,False,-3.690770136941597,-2.9442566194865933,True,0.7771081204570955,0.0,0.0,,1485,1.4571799024162189,-1.7285424152683988,0.6898418191448421,1.8855020447345652,0.14449160576919384,0.010687690904108123,1.2316094892410674
H593-90acde9b0567a472f4232120,DIFFICULT-0083,0,b290b929d9999bcd5494b609bbacdaa3be248ff840ce6785cb1cb2438d245c13,cefdinir-fig2,True,5043,M_FIRST,0.14329098420403902,1,0,True,0.09065447418452574,5043,cefdinir-fig2,0.14329098420403902,5164,gabapentin-fig11,False,5043,cefdinir-fig2,True,SWITCH,0.14329098420403902,1,1.18908266579066,CORRECT,5043,cefdinir-fig2,True,SWITCH,0.14329098420403902,1,1.18908266579066,CORRECT,BOTH_CORRECT,5043,cefdinir-fig2,True,1.18908266579066,2.0233973900208606,False,2.2411701070453782,1.18908266579066,1.18908266579066,1,5164,-0.06434753719305039,-1.6506329734198557,2.271222915615765,1.5696921280355671,0.18059233741587943,-0.019294548578749907,-1.0981496560848956
H593-6d972ef4236570a35bc4adf0,DIFFICULT-0086,0,b290b929d9999bcd5494b609bbacdaa3be248ff840ce6785cb1cb2438d245c13,cefdinir-fig2,True,5043,M_FIRST,0.1739322015573028,1,0,True,0.08105767839354315,5043,cefdinir-fig2,0.1739322015573028,5315,quetiapine-fig4,False,5043,cefdinir-fig2,True,SWITCH,0.1739322015573028,1,0.5547433817514498,CORRECT,5043,cefdinir-fig2,True,SWITCH,0.1739322015573028,1,0.5547433817514498,CORRECT,BOTH_CORRECT,5043,cefdinir-fig2,True,0.5547433817514498,1.3364568289299927,False,1.7877494297356018,0.5547433817514498,0.5547433817514498,1,5315,-0.5447734566854753,-1.623330152061933,2.149933635607987,1.507633417051745,0.18147299759219968,-0.01804340366817789,-1.0981496560848956
H593-59fdea3ddfa2a7c762aa0a19,DIFFICULT-0087,0,b290b929d9999bcd5494b609bbacdaa3be248ff840ce6785cb1cb2438d245c13,cefdinir-fig2,True,5043,M_FIRST,0.16802881471720085,1,0,True,0.08798140688523416,5043,cefdinir-fig2,0.16802881471720085,5164,gabapentin-fig11,False,5043,cefdinir-fig2,True,SWITCH,0.16802881471720085,1,0.68810929068932,CORRECT,5043,cefdinir-fig2,True,SWITCH,0.16802881471720085,1,0.68810929068932,CORRECT,BOTH_CORRECT,5043,cefdinir-fig2,True,0.68810929068932,1.4490579689036838,False,1.60875804139587,0.68810929068932,0.68810929068932,1,5164,-0.7111432968642462,-1.660700832407548,2.44210829436917,1.5528345970088135,0.18211252779571854,-0.018952343127692256,-1.0981496560848956
H593-9758eb12de9aee217daf447c,DIFFICULT-0090,0,b290b929d9999bcd5494b609bbacdaa3be248ff840ce6785cb1cb2438d245c13,cefdinir-fig2,True,5043,M_FIRST,0.1070511052568875,1,0,True,0.06480165649634301,5043,cefdinir-fig2,0.1070511052568875,5043,cefdinir-fig2,True,5043,cefdinir-fig2,True,HOLD,0.1070511052568875,1,0.0,CORRECT,5043,cefdinir-fig2,True,HOLD,0.1070511052568875,1,0.0,CORRECT,BOTH_CORRECT,5044,cefdinir-fig3,False,-3.1467081984456335,-2.4141820833798855,True,1.3637568065195982,0.0,0.0,,5044,0.4054695943438088,-1.3836094113615631,1.9725666287659762,0.8927047090088259,0.17805474707185645,-0.016627725468166397,1.0981496560848956
H593-5143094db93c7c74aac3b66d,DIFFICULT-0093,1,bf0eaa86ddfc9a7fbdb09ac2f6f0fd91e32036da44a8971649ba96ecb8aa1b71,com0n-0000-04,True,265,M_FIRST,0.23658230300608404,1,0,True,0.03117901351340302,265,com0n-0000-04,0.23658230300608404,265,com0n-0000-04,True,265,com0n-0000-04,True,HOLD,0.23658230300608404,1,0.0,CORRECT,265,com0n-0000-04,True,HOLD,0.23658230300608404,1,0.0,CORRECT,BOTH_CORRECT,266,com0n-0000-05,False,-1.5733609864125715,-0.8527251471339333,True,0.10899556410812816,0.0,0.0,,266,0.10827262657564123,-0.3889146342330991,0.5081417990553306,0.1183203462213577,-0.0005061337744807072,-0.003562506673245589,1.2316094892410674
H593-fe03d26ba43ce31225a4cc40,DIFFICULT-0094,1,bf0eaa86ddfc9a7fbdb09ac2f6f0fd91e32036da44a8971649ba96ecb8aa1b71,com0n-0000-04,True,265,M_FIRST,0.18242408405006447,1,0,True,0.044901226981520825,265,com0n-0000-04,0.18242408405006447,265,com0n-0000-04,True,265,com0n-0000-04,True,HOLD,0.18242408405006447,1,0.0,CORRECT,265,com0n-0000-04,True,HOLD,0.18242408405006447,1,0.0,CORRECT,BOTH_CORRECT,262,com0n-0000-01,False,-1.5926692905177207,-0.8677879101505453,True,0.2186073805321309,0.0,0.0,,262,0.05444847985144676,-0.5147111563593942,0.5106869282082017,0.27318215616384595,0.0340985645188842,0.003354828893668984,1.2316094892410674
H593-34133bc85696e399819d4944,DIFFICULT-0095,1,bf0eaa86ddfc9a7fbdb09ac2f6f0fd91e32036da44a8971649ba96ecb8aa1b71,com0n-0000-04,True,265,M_RANK_2_5,0.046710260937944545,2,0,False,-0.002379404788918696,2120,CS TP Color Balm Unit Carton_BLUSH_1709484_PRINT (1),0.04908966572686324,265,com0n-0000-04,True,265,com0n-0000-04,True,HOLD,0.046710260937944545,2,0.0,CORRECT,265,com0n-0000-04,True,HOLD,0.046710260937944545,2,0.0,CORRECT,BOTH_CORRECT,264,com0n-0000-03,False,-1.7321634977838025,-0.9949412302731405,True,0.537225673906665,0.0,0.0,,264,0.4147363665119323,-0.19330853064222125,0.06752529487148634,0.1847971599589102,0.022845522474172906,0.003958195368454793,1.2316094892410674
H593-78606a2dd4349afc3e93a5d4,DIFFICULT-0096,1,bf0eaa86ddfc9a7fbdb09ac2f6f0fd91e32036da44a8971649ba96ecb8aa1b71,com0n-0000-04,True,265,M_FIRST,0.2642625553163491,1,0,True,0.03389662522059933,265,com0n-0000-04,0.2642625553163491,265,com0n-0000-04,True,265,com0n-0000-04,True,HOLD,0.2642625553163491,1,0.0,CORRECT,265,com0n-0000-04,True,HOLD,0.2642625553163491,1,0.0,CORRECT,BOTH_CORRECT,264,com0n-0000-03,False,-1.5823362313304072,-0.8653541617799593,True,0.014662161521760808,0.0,0.0,,264,0.19813432648994792,-0.3224518361137151,0.3083897590306273,0.17546016507164236,-0.005068743147256256,-0.003736929241906468,1.2316094892410674
H593-1652082eb7bdd4e18f2fa4e2,DIFFICULT-0097,1,bf0eaa86ddfc9a7fbdb09ac2f6f0fd91e32036da44a8971649ba96ecb8aa1b71,com0n-0000-04,True,265,M_FIRST,0.22573884253077678,1,0,True,0.00020315137707532793,265,com0n-0000-04,0.22573884253077678,265,com0n-0000-04,True,265,com0n-0000-04,True,HOLD,0.22573884253077678,1,0.0,CORRECT,265,com0n-0000-04,True,HOLD,0.22573884253077678,1,0.0,CORRECT,BOTH_CORRECT,266,com0n-0000-05,False,-1.3352366493830992,-0.6151065332458802,True,0.09593875203574598,0.0,0.0,,266,0.08533172443490654,-0.036841625799698415,0.0016381491456159045,0.042879502377303286,0.00109351102132046,0.009525898962584003,1.2316094892410674
H593-7090a1ee7fe6811f7fd655ec,DIFFICULT-0098,1,bf0eaa86ddfc9a7fbdb09ac2f6f0fd91e32036da44a8971649ba96ecb8aa1b71,com0n-0000-04,True,265,M_RANK_2_5,0.03770580117625413,2,0,False,-0.009641974717638176,262,com0n-0000-01,0.04734777589389231,3311,bb label.pdf,False,3311,bb label.pdf,False,HOLD,0.010297872741386447,95,0.0,CHALLENGER_RANKING_BLOCKED,3311,bb label.pdf,False,HOLD,0.010297872741386447,95,0.0,CHALLENGER_RANKING_BLOCKED,BOTH_WRONG,262,com0n-0000-01,False,-1.4367556452269166,-0.6698548693561514,True,1.3034684548066426,-2.776798214817463,-2.776798214817463,3,3311,-2.466515804762404,-1.0518796449160746,2.077668377758388,-0.24078273278457013,0.14390584696913317,-0.007584767840867753,-1.2316094892410674
H593-fec0fed3cd6dbb3b7fa3bdce,DIFFICULT-0099,1,bf0eaa86ddfc9a7fbdb09ac2f6f0fd91e32036da44a8971649ba96ecb8aa1b71,com0n-0000-04,True,265,M_RANK_2_5,0.03425938035395334,2,0,False,-0.0009089241074731261,868,1-ASP Severe Cold Night PPF 24s,0.035168304461426464,3311,bb label.pdf,False,3311,bb label.pdf,False,HOLD,0.011536700484300305,80,0.0,TARGET_TOP_BUT_HOLD,3311,bb label.pdf,False,HOLD,0.011536700484300305,80,0.0,TARGET_TOP_BUT_HOLD,BOTH_WRONG,265,com0n-0000-04,True,-3.410249132742251,-2.6906363725242,True,0.08258160371116041,-3.410249132742251,-3.410249132742251,1,3311,-3.3163912001206,-1.3957611639275385,1.8055342526570084,0.6366032668494555,0.10288115062490265,-0.011505949584411292,-1.2316094892410674
H593-2ad687a1c029e9f33146503b,DIFFICULT-0100,0,dca95ffa60d30d6597de3bfed4a27b53d657ea2e90a8d6ee6aa513316eee9848,int08-0008-17,True,395,M_FIRST,0.1782808416166166,1,0,True,0.028728582544458647,395,int08-0008-17,0.1782808416166166,396,int08-0008-18,False,396,int08-0008-18,False,HOLD,0.11090560722942315,5,0.0,TARGET_TOP_BUT_HOLD,395,int08-0008-17,True,SWITCH,0.1782808416166166,1,0.07978447804620231,CORRECT,RESCUED_BY_492,395,int08-0008-17,True,-0.5281083223188652,0.07978447804620231,True,0.2894231565694778,-0.5281083223188652,0.07978447804620231,1,396,-0.008942862264483887,-0.7067659126932531,0.8620753613051878,0.37769548772639877,0.06457626820206484,-0.018597008509883987,-1.0981496560848956
H593-afcb436616416abae565da10,DIFFICULT-0101,0,dca95ffa60d30d6597de3bfed4a27b53d657ea2e90a8d6ee6aa513316eee9848,int08-0008-17,True,395,M_RANK_11_128,0.03090507799602956,28,0,False,-0.017786827241631595,361,image-10,0.048691905237661155,395,int08-0008-17,True,395,int08-0008-17,True,HOLD,0.03090507799602956,28,0.0,CORRECT,395,int08-0008-17,True,HOLD,0.03090507799602956,28,0.0,CORRECT,BOTH_CORRECT,387,int08-0008-07,False,-0.6570224691364184,-0.07294693069541003,True,0.08411941417809699,0.0,0.0,,387,0.11427220950307108,0.5780051940013821,-0.8083503265918635,-0.24147515943581,-0.0781061330777324,-0.0054729713475245014,1.0981496560848956
H593-b5088f4d9100c24150c49220,DIFFICULT-0102,0,dca95ffa60d30d6597de3bfed4a27b53d657ea2e90a8d6ee6aa513316eee9848,int08-0008-17,True,395,M_RANK_2_5,0.16597960383612473,3,0,False,-0.0025739770094733994,391,int08-0008-12,0.16855358084559813,396,int08-0008-18,False,395,int08-0008-17,True,SWITCH,0.16597960383612473,3,0.7909640756053209,CORRECT,395,int08-0008-17,True,SWITCH,0.16597960383612473,3,0.7909640756053209,CORRECT,BOTH_CORRECT,395,int08-0008-17,True,0.7909640756053209,1.3666581127869273,False,0.01187124472436718,0.7909640756053209,0.7909640756053209,1,387,-0.008911195169174406,-0.007195537340740188,0.013555777778036848,0.013596198192802111,0.0008260012633050096,1.3758091887972057e-13,0.0
H593-ca8b26b506e727e2c826a0a9,DIFFICULT-0103,0,dca95ffa60d30d6597de3bfed4a27b53d657ea2e90a8d6ee6aa513316eee9848,int08-0008-17,True,395,M_FIRST,0.2265522124788107,1,0,True,0.02039884486683821,395,int08-0008-17,0.2265522124788107,395,int08-0008-17,True,395,int08-0008-17,True,HOLD,0.2265522124788107,1,0.0,CORRECT,395,int08-0008-17,True,HOLD,0.2265522124788107,1,0.0,CORRECT,BOTH_CORRECT,383,int08-0008-02,False,-1.2666391068754022,-0.6890836082619681,True,0.02791695978136821,0.0,0.0,,383,0.04907282168802524,-0.14766355987609983,0.1744359365827832,0.07483868165161603,0.015375423386893157,0.0024301473572887196,1.0981496560848956
H593-d35facd3bcef8508d52b6098,DIFFICULT-0104,0,dca95ffa60d30d6597de3bfed4a27b53d657ea2e90a8d6ee6aa513316eee9848,int08-0008-17,True,395,M_FIRST,0.08105683731974543,1,0,True,0.008495800023079148,395,int08-0008-17,0.08105683731974543,395,int08-0008-17,True,395,int08-0008-17,True,HOLD,0.08105683731974543,1,0.0,CORRECT,395,int08-0008-17,True,HOLD,0.08105683731974543,1,0.0,CORRECT,BOTH_CORRECT,387,int08-0008-07,False,-1.323495934481862,-0.6841608830786018,True,0.5604539672450515,0.0,0.0,,387,0.0920406377348159,-0.14721494631621052,0.20463758938820173,0.058001624346658405,0.015333067324658745,0.002548305918842229,1.0981496560848956
H593-6a176cd4811e16620c134360,DIFFICULT-0105,0,dca95ffa60d30d6597de3bfed4a27b53d657ea2e90a8d6ee6aa513316eee9848,int08-0008-17,True,395,M_RANK_2_5,0.24623559834288108,3,0,False,-0.0006539318184910214,391,int08-0008-12,0.2468895301613721,395,int08-0008-17,True,395,int08-0008-17,True,HOLD,0.24623559834288108,3,0.0,CORRECT,395,int08-0008-17,True,HOLD,0.24623559834288108,3,0.0,CORRECT,BOTH_CORRECT,391,int08-0008-12,False,-1.1215049333164648,-0.5467792981821616,True,0.0035236619885874454,0.0,0.0,,391,0.01536087917470384,0.013541206924396752,-0.004906798431255719,-0.012819623091113216,0.011486121206172808,0.0006934914486649193,1.0981496560848956
H593-fc24d3c5a9feecb49bf1edfa,DIFFICULT-0106,0,dca95ffa60d30d6597de3bfed4a27b53d657ea2e90a8d6ee6aa513316eee9848,int08-0008-17,True,395,M_RANK_6_10,0.06693575576911591,6,0,False,-0.007798868468126413,364,image-19,0.07473462423724232,395,int08-0008-17,True,395,int08-0008-17,True,HOLD,0.06693575576911591,6,0.0,CORRECT,395,int08-0008-17,True,HOLD,0.06693575576911591,6,0.0,CORRECT,BOTH_CORRECT,387,int08-0008-07,False,-1.3042341691500903,-0.6879852591961563,True,0.3614524509483512,0.0,0.0,,387,0.1276499000327719,-0.07517492312014849,0.12508876267408503,0.0183962390875747,0.010646745107961346,-0.0005222107170497424,1.0981496560848956
H593-a75c121cbde1aeaa4aa8433f,DIFFICULT-0107,0,dca95ffa60d30d6597de3bfed4a27b53d657ea2e90a8d6ee6aa513316eee9848,int08-0008-17,True,395,M_RANK_11_128,0.035903224864459425,89,0,False,-0.07031678785901616,378,int07-0006-05,0.10622001272347557,395,int08-0008-17,True,395,int08-0008-17,True,HOLD,0.035903224864459425,89,0.0,CORRECT,395,int08-0008-17,True,HOLD,0.035903224864459425,89,0.0,CORRECT,BOTH_CORRECT,394,int08-0008-16,False,-0.8053834901950182,-0.22945715923146282,True,0.013873606831330765,0.0,0.0,,394,0.4597857502010127,1.1664073604152916,-1.2747005702389653,-0.8368551047000453,0.1821125269925744,0.010483871440254495,1.0981496560848956
H593-5ca1f16c2917448ec0557e02,DIFFICULT-0125,2,c04b390c7ae86a0d21958115ce19bd1ed22c76ff1b8fb240f01405c8bf9231ec,sevospire-02,True,480,M_RANK_11_128,0.026676169335203948,11,0,False,-0.013863074990219486,4482,fascy moisture bomb hand cream violet carton,0.04053924432542343,480,sevospire-02,True,480,sevospire-02,True,HOLD,0.026676169335203948,11,0.0,CORRECT,480,sevospire-02,True,HOLD,0.026676169335203948,11,0.0,CORRECT,BOTH_CORRECT,397,isospire-02,False,-3.851592780421277,-3.4529483389442253,True,0.0018587702153389785,0.0,0.0,,397,1.7607320468416012,-0.6457084053595894,0.9024963493919544,0.34567034684198594,0.24999410388836063,-0.007101802166706909,1.2455101409836713
H593-ec3b4c5b9e5c85d7f1c77e04,DIFFICULT-0126,2,c04b390c7ae86a0d21958115ce19bd1ed22c76ff1b8fb240f01405c8bf9231ec,sevospire-02,True,480,M_RANK_11_128,0.020210964770653216,27,0,False,-0.012734659653341269,816,(BUX0ABS2)-PVC-BOX,0.032945624423994485,480,sevospire-02,True,480,sevospire-02,True,HOLD,0.020210964770653216,27,0.0,CORRECT,480,sevospire-02,True,HOLD,0.020210964770653216,27,0.0,CORRECT,BOTH_CORRECT,397,isospire-02,False,-2.7711235178786375,-2.2928073264476048,True,0.19069791359864574,0.0,0.0,,397,1.3205272017161647,-0.40403952309109864,0.6374631391534533,0.16385980035836437,-0.19744790232610265,0.005250661084185185,1.2455101409836713
H593-fb2b078bd866460d51bf7395,DIFFICULT-0127,2,c04b390c7ae86a0d21958115ce19bd1ed22c76ff1b8fb240f01405c8bf9231ec,sevospire-02,True,480,M_RANK_2_5,0.03455284389117672,2,0,False,-0.0003198615465009394,265,com0n-0000-04,0.03487270543767766,480,sevospire-02,True,480,sevospire-02,True,HOLD,0.03455284389117672,2,0.0,CORRECT,480,sevospire-02,True,HOLD,0.03455284389117672,2,0.0,CORRECT,BOTH_CORRECT,397,isospire-02,False,-3.1475085543360715,-2.2672733148163258,True,1.1433323015008332,0.0,0.0,,397,0.7292391376511792,-1.0554361603546702,1.1173519205052802,0.8710788414247193,0.24999411151453474,-0.010229437388643112,1.2455101409836713
H593-0d8db033f048bf0a40089770,DIFFICULT-0128,2,c04b390c7ae86a0d21958115ce19bd1ed22c76ff1b8fb240f01405c8bf9231ec,sevospire-02,True,480,M_RANK_11_128,0.014039401298726542,70,0,False,-0.02076766270437952,2088,COMFORT_&_EASE_OTC_Box_USA_FINAL-01,0.03480706400310606,480,sevospire-02,True,480,sevospire-02,True,HOLD,0.014039401298726542,70,0.0,CORRECT,480,sevospire-02,True,HOLD,0.014039401298726542,70,0.0,CORRECT,BOTH_CORRECT,479,sevo-250ml-carton,False,-2.313289115969113,-1.89946571479199,True,0.03783616181106586,0.0,0.0,,479,1.0862396326808519,0.07227062563932629,-0.5582312022998139,0.20727637842345667,0.2499941033813631,0.010229437160257811,1.2455101409836713
H593-b06273e75d64a6537f0ba426,DIFFICULT-0129,2,c04b390c7ae86a0d21958115ce19bd1ed22c76ff1b8fb240f01405c8bf9231ec,sevospire-02,True,480,M_FIRST,0.21745370159287525,1,0,True,0.1765427311790623,480,sevospire-02,0.21745370159287525,480,sevospire-02,True,480,sevospire-02,True,HOLD,0.21745370159287525,1,0.0,CORRECT,480,sevospire-02,True,HOLD,0.21745370159287525,1,0.0,CORRECT,BOTH_CORRECT,397,isospire-02,False,-5.9107636565724695,-5.237711294424263,True,0.6522644247549527,0.0,0.0,,397,1.4613508709369039,-1.5702155343465998,2.8551837475957047,1.6791410742561617,0.24999411348582495,-0.0102007563391976,1.2455101409836713
H593-acb88ad9ae6dc89a74d597a0,DIFFICULT-0130,2,c04b390c7ae86a0d21958115ce19bd1ed22c76ff1b8fb240f01405c8bf9231ec,sevospire-02,True,480,M_RANK_11_128,0.03349692017067936,21,0,False,-0.012401856874015599,381,int07-0006-08,0.04589877704469496,480,sevospire-02,True,480,sevospire-02,True,HOLD,0.03349692017067936,21,0.0,CORRECT,480,sevospire-02,True,HOLD,0.03349692017067936,21,0.0,CORRECT,BOTH_CORRECT,397,isospire-02,False,-2.8629048188366157,-2.257268540410264,True,0.4924738401669915,0.0,0.0,,397,0.3962413561239316,-1.2276041243527085,0.9766686268512215,1.2305103501111399,0.24999411297484728,-0.008415643855487183,1.2455101409836713
H593-bbff6f2a0463d1430b70d8f7,DIFFICULT-0131,2,c04b390c7ae86a0d21958115ce19bd1ed22c76ff1b8fb240f01405c8bf9231ec,sevospire-02,True,480,M_FIRST,0.21274516171081678,1,0,True,0.14541682105378445,480,sevospire-02,0.21274516171081678,480,sevospire-02,True,480,sevospire-02,True,HOLD,0.21274516171081678,1,0.0,CORRECT,480,sevospire-02,True,HOLD,0.21274516171081678,1,0.0,CORRECT,BOTH_CORRECT,397,isospire-02,False,-4.3241986622761655,-3.0286996265710866,True,2.1275966059127915,0.0,0.0,,397,1.41944901737541,-1.1980759395310812,1.923938980326114,0.7311010884428045,0.20964927070281458,-0.007373896023567683,1.2455101409836713
H593-a786f0738bcc2b9cbef1d792,DIFFICULT-0132,2,c04b390c7ae86a0d21958115ce19bd1ed22c76ff1b8fb240f01405c8bf9231ec,sevospire-02,True,480,M_RANK_11_128,0.02514367727514818,59,0,False,-0.03662851879030324,1428,Antiseptic300270,0.061772196065451423,480,sevospire-02,True,480,sevospire-02,True,HOLD,0.02514367727514818,59,0.0,CORRECT,480,sevospire-02,True,HOLD,0.02514367727514818,59,0.0,CORRECT,BOTH_CORRECT,5400,xelstrym-22,False,-1.6652095036526986,-0.9622293610241535,True,0.7231996864071082,0.0,0.0,,5400,1.4896538309607106,0.6898402840849844,-1.3387549266015504,-0.16081627721758524,-0.2499941111658434,-0.01022943739168873,1.2455101409836713
H593-edb743470b7490b0360aa942,DIFFICULT-0133,2,c04b390c7ae86a0d21958115ce19bd1ed22c76ff1b8fb240f01405c8bf9231ec,sevospire-02,True,480,M_RANK_6_10,0.040225811089701635,7,0,False,-0.01283754788509691,4982,bupivacaine-fig4,0.053063358974798545,480,sevospire-02,True,480,sevospire-02,True,HOLD,0.040225811089701635,7,0.0,CORRECT,480,sevospire-02,True,HOLD,0.040225811089701635,7,0.0,CORRECT,BOTH_CORRECT,397,isospire-02,False,-2.9981594424438924,-2.5230290479643944,True,0.1831468912140677,0.0,0.0,,397,0.9523135320756538,-0.8212007105479712,0.6300685970948764,0.7329683949502686,0.24999411264243046,0.008505375244962999,1.2455101409836713
H593-3138eb9150d5fc2ff0b21e85,NDV2-002-P01,0,5993f2caf420c9a99c193d33f748eea45f5c55ab4832c947913f7c005ada8f7b,160 mg Comfor-trate Tab,True,16,M_RANK_2_5,0.19109477429237753,3,0,False,-0.001911848788673648,32,24 mg Comfor-trate Tab,0.19300662308105118,16,160 mg Comfor-trate Tab,True,16,160 mg Comfor-trate Tab,True,HOLD,0.19109477429237753,3,0.0,CORRECT,16,160 mg Comfor-trate Tab,True,HOLD,0.19109477429237753,3,0.0,CORRECT,BOTH_CORRECT,15,16 mg Comfor-trate Tab,False,-1.2276651284504265,-0.639504236263288,True,0.11933498243894403,0.0,0.0,,15,0.1377628590108886,-0.06654522006532591,-0.01598840354541998,0.08462342521932212,-0.006395030015253631,-0.0039421582386802755,1.0981496560848956
H593-42420c983790bf340313f47b,NDV2-002-P02,0,5993f2caf420c9a99c193d33f748eea45f5c55ab4832c947913f7c005ada8f7b,160 mg Comfor-trate Tab,True,16,M_RANK_2_5,0.256068490491316,2,0,False,-0.0033875450234223115,15,16 mg Comfor-trate Tab,0.25945603551473834,16,160 mg Comfor-trate Tab,True,16,160 mg Comfor-trate Tab,True,HOLD,0.256068490491316,2,0.0,CORRECT,16,160 mg Comfor-trate Tab,True,HOLD,0.256068490491316,2,0.0,CORRECT,BOTH_CORRECT,15,16 mg Comfor-trate Tab,False,-1.3605499010077524,-0.7661153342454446,True,0.17341377927691304,0.0,0.0,,15,0.20066966386522997,-0.07874486755320859,-0.024314123959798376,0.10303420765835701,0.06392343017023935,-0.002168065257962564,1.0981496560848956
H593-9ca7dde32b05ab798ccbfa8f,NDV2-002-P03,0,5993f2caf420c9a99c193d33f748eea45f5c55ab4832c947913f7c005ada8f7b,160 mg Comfor-trate Tab,True,16,M_FIRST,0.13343001639697455,1,0,True,0.008115895279772939,16,160 mg Comfor-trate Tab,0.13343001639697455,16,160 mg Comfor-trate Tab,True,16,160 mg Comfor-trate Tab,True,HOLD,0.13343001639697455,1,0.0,CORRECT,16,160 mg Comfor-trate Tab,True,HOLD,0.13343001639697455,1,0.0,CORRECT,BOTH_CORRECT,64,60 mg Comfor-trate Tab,False,-1.4324520209656026,-0.8470291443653833,True,0.09573340940704944,0.0,0.0,,64,0.1806490325624488,-0.19848735772223913,0.1160616654147782,0.164678358560523,0.0778869189690365,-0.006486252903840356,1.0981496560848956
H593-36f0d9d88cf08e835a02f26d,NDV2-002-P04,0,5993f2caf420c9a99c193d33f748eea45f5c55ab4832c947913f7c005ada8f7b,160 mg Comfor-trate Tab,True,16,M_FIRST,0.2067308388862025,1,0,True,0.0164337915297601,16,160 mg Comfor-trate Tab,0.2067308388862025,16,160 mg Comfor-trate Tab,True,16,160 mg Comfor-trate Tab,True,HOLD,0.2067308388862025,1,0.0,CORRECT,16,160 mg Comfor-trate Tab,True,HOLD,0.2067308388862025,1,0.0,CORRECT,BOTH_CORRECT,32,24 mg Comfor-trate Tab,False,-1.347472646096046,-0.7620287523303632,True,0.0959145764420295,0.0,0.0,,32,0.12303507102817111,-0.21832321528421622,0.1531579849735308,0.16759831212332152,0.026724684507723487,-0.0028698473373802414,1.0981496560848956
H593-e144503cb73837b393fd64a7,NDV2-003-P01,0,5993f2caf420c9a99c193d33f748eea45f5c55ab4832c947913f7c005ada8f7b,160mgcarton,True,19,M_FIRST,0.22825461798174132,1,0,True,0.0014846693821670975,19,160mgcarton,0.22825461798174132,19,160mgcarton,True,19,160mgcarton,True,HOLD,0.22825461798174132,1,0.0,CORRECT,19,160mgcarton,True,HOLD,0.22825461798174132,1,0.0,CORRECT,BOTH_CORRECT,20,16mgcarton,False,-1.142466306850335,-0.5587111463679159,True,0.0813577703716919,0.0,0.0,,20,0.0303773243693851,-0.026205181814299018,0.02947451285990861,0.014029663582429228,-0.0018018449592138012,-0.001557823272770727,1.0981496560848956
H593-7f2d9238a94e1a0d377e3c3d,NDV2-003-P02,0,5993f2caf420c9a99c193d33f748eea45f5c55ab4832c947913f7c005ada8f7b,160mgcarton,True,19,M_FIRST,0.23614477150166435,1,0,True,0.0014927088961685653,19,160mgcarton,0.23614477150166435,19,160mgcarton,True,19,160mgcarton,True,HOLD,0.23614477150166435,1,0.0,CORRECT,19,160mgcarton,True,HOLD,0.23614477150166435,1,0.0,CORRECT,BOTH_CORRECT,20,16mgcarton,False,-1.189019242587257,-0.6024841449646091,True,0.10532070533548143,0.0,0.0,,20,0.04882580655820491,-0.03986638931552337,0.028404141184125938,0.03021510750413741,0.024875147485869817,-0.0015842269144533453,1.0981496560848956
H593-960ffe9ce8453f803f0d7069,NDV2-003-P03,0,5993f2caf420c9a99c193d33f748eea45f5c55ab4832c947913f7c005ada8f7b,160mgcarton,True,19,M_FIRST,0.1450779811461871,1,0,True,0.003778945791077598,19,160mgcarton,0.1450779811461871,19,160mgcarton,True,19,160mgcarton,True,HOLD,0.1450779811461871,1,0.0,CORRECT,19,160mgcarton,True,HOLD,0.1450779811461871,1,0.0,CORRECT,BOTH_CORRECT,20,16mgcarton,False,-1.216316558305861,-0.634955139922034,True,0.060723819553681,0.0,0.0,,20,0.05924502939310536,-0.0681240820077023,0.07419122128775432,0.03780956339224788,0.01692953333063316,-0.0018843631750728577,1.0981496560848956
H593-059423d2642d803097a5e092,NDV2-003-P04,0,5993f2caf420c9a99c193d33f748eea45f5c55ab4832c947913f7c005ada8f7b,160mgcarton,True,19,M_FIRST,0.23111286462995043,1,0,True,0.004090740514956448,19,160mgcarton,0.23111286462995043,19,160mgcarton,True,19,160mgcarton,True,HOLD,0.23111286462995043,1,0.0,CORRECT,19,160mgcarton,True,HOLD,0.23111286462995043,1,0.0,CORRECT,BOTH_CORRECT,20,16mgcarton,False,-1.205504157448755,-0.627895645515126,True,0.028373932252315326,0.0,0.0,,20,0.061251554966939126,-0.06187416882641935,0.037282602393205244,0.050575029620251385,0.02256593923911964,-0.0024464560292364987,1.0981496560848956
H593-a4a42f963cbb49a2c59b3c36,NDV2-005-P01,0,5993f2caf420c9a99c193d33f748eea45f5c55ab4832c947913f7c005ada8f7b,24 mg Comfor-trate Tab,True,32,M_RANK_2_5,0.24001136479656926,2,0,False,-0.003310831650662094,15,16 mg Comfor-trate Tab,0.24332219644723135,32,24 mg Comfor-trate Tab,True,32,24 mg Comfor-trate Tab,True,HOLD,0.24001136479656926,2,0.0,CORRECT,32,24 mg Comfor-trate Tab,True,HOLD,0.24001136479656926,2,0.0,CORRECT,BOTH_CORRECT,16,160 mg Comfor-trate Tab,False,-1.1968113768494488,-0.6204223978513538,True,0.01786161238813455,0.0,0.0,,16,0.03482073637418654,0.00022422347436624345,0.0887722789508245,-0.04815731903664358,0.018146534053415354,0.004855266948404287,1.0981496560848956
H593-e692515f387c7a5fc759c07c,NDV2-005-P02,0,5993f2caf420c9a99c193d33f748eea45f5c55ab4832c947913f7c005ada8f7b,24 mg Comfor-trate Tab,True,32,M_FIRST,0.2481774925004873,1,0,True,0.01572440587642876,32,24 mg Comfor-trate Tab,0.2481774925004873,32,24 mg Comfor-trate Tab,True,32,24 mg Comfor-trate Tab,True,HOLD,0.2481774925004873,1,0.0,CORRECT,32,24 mg Comfor-trate Tab,True,HOLD,0.2481774925004873,1,0.0,CORRECT,BOTH_CORRECT,16,160 mg Comfor-trate Tab,False,-1.0623436193906002,-0.4634830486760503,True,0.21156573721950322,0.0,0.0,,16,0.08395117871553806,-0.04938660808187071,0.12105583533446278,-0.008918811763059935,-0.18211252774626646,-0.0003951031530991612,1.0981496560848956
H593-71b6e21207e212b1665f9cc6,NDV2-005-P03,0,5993f2caf420c9a99c193d33f748eea45f5c55ab4832c947913f7c005ada8f7b,24 mg Comfor-trate Tab,True,32,M_RANK_2_5,0.0868926226485709,4,0,False,-0.020047895630185747,16,160 mg Comfor-trate Tab,0.10694051827875664,32,24 mg Comfor-trate Tab,True,32,24 mg Comfor-trate Tab,True,HOLD,0.0868926226485709,4,0.0,CORRECT,32,24 mg Comfor-trate Tab,True,HOLD,0.0868926226485709,4,0.0,CORRECT,BOTH_CORRECT,16,160 mg Comfor-trate Tab,False,-0.9586671345833692,-0.3573027582248838,True,0.23314843092122362,0.0,0.0,,16,0.10214949998765248,0.49079464406395434,-0.3827045640104722,-0.3646849206104119,-0.005119766152573343,0.02008258522032423,1.0981496560848956
H593-dc49d87eddb7dcd54a502ee3,NDV2-005-P04,0,5993f2caf420c9a99c193d33f748eea45f5c55ab4832c947913f7c005ada8f7b,24 mg Comfor-trate Tab,True,32,M_RANK_2_5,0.19812842790211374,2,0,False,-0.007077616323231811,64,60 mg Comfor-trate Tab,0.20520604422534555,32,24 mg Comfor-trate Tab,True,32,24 mg Comfor-trate Tab,True,HOLD,0.19812842790211374,2,0.0,CORRECT,32,24 mg Comfor-trate Tab,True,HOLD,0.19812842790211374,2,0.0,CORRECT,BOTH_CORRECT,16,160 mg Comfor-trate Tab,False,-1.2497475562131344,-0.6743785126836804,True,0.009069813843979535,0.0,0.0,,16,0.11230940727863462,-0.006669801439122972,0.08525966387275667,-0.03839087115651104,-0.0011615462154777178,0.00025104778795932437,1.0981496560848956
H593-5ce80bead003f31b6617b817,NDV2-007-P01,0,e5b4f86a4d49af3ede0ecdd200dfae35f36ef1fb29c77d00e2fc254648085e0e,45mg PFS CArton,True,4830,M_RANK_6_10,0.04485713647304006,6,0,False,-0.021531305549931448,5019,carton-label-1ml,0.0663884420229715,4830,45mg PFS CArton,True,4830,45mg PFS CArton,True,HOLD,0.04485713647304006,6,0.0,CORRECT,4830,45mg PFS CArton,True,HOLD,0.04485713647304006,6,0.0,CORRECT,BOTH_CORRECT,4964,avtozma-37,False,-3.6638774257996674,-3.06615957199506,True,0.2017155680920375,0.0,0.0,,4964,2.062073813220595,-1.2058559898786017,0.2518274634325491,1.3026399032391274,0.17512516488982274,-0.020082585188720994,1.0981496560848956
H593-96b120672ad18ee05520c1c2,NDV2-007-P02,0,e5b4f86a4d49af3ede0ecdd200dfae35f36ef1fb29c77d00e2fc254648085e0e,45mg PFS CArton,True,4830,M_FIRST,0.054526456586685444,1,0,True,0.02964159440574925,4830,45mg PFS CArton,0.054526456586685444,4830,45mg PFS CArton,True,4830,45mg PFS CArton,True,HOLD,0.054526456586685444,1,0.0,CORRECT,4830,45mg PFS CArton,True,HOLD,0.054526456586685444,1,0.0,CORRECT,BOTH_CORRECT,4964,avtozma-37,False,-5.121201221574182,-4.542301957625461,True,0.03950015742641355,0.0,0.0,,4964,2.4026920695712226,-1.5951689987134878,1.3811537729366874,1.633057021995553,0.181235114495006,0.02008258520430602,1.0981496560848956
H593-02543adf69ee9391380f4ee6,NDV2-007-P03,0,e5b4f86a4d49af3ede0ecdd200dfae35f36ef1fb29c77d00e2fc254648085e0e,45mg PFS CArton,True,4830,M_FIRST,0.12747592099063648,1,0,True,0.061593171162339935,4830,45mg PFS CArton,0.12747592099063648,4830,45mg PFS CArton,True,4830,45mg PFS CArton,True,HOLD,0.12747592099063648,1,0.0,CORRECT,4830,45mg PFS CArton,True,HOLD,0.12747592099063648,1,0.0,CORRECT,BOTH_CORRECT,4929,abrilada-36,False,-4.015932280154733,-3.4320985485659965,True,0.08203504982649257,0.0,0.0,,4929,1.6305269222113616,-1.4081831439275727,1.2503356537735304,1.2830732494496648,0.18211252778565584,-0.020082585222803265,1.0981496560848956
H593-613164a8ed07b8331901f9c7,NDV2-007-P04,0,e5b4f86a4d49af3ede0ecdd200dfae35f36ef1fb29c77d00e2fc254648085e0e,45mg PFS CArton,True,4830,M_FIRST,0.19566033636616997,1,0,True,0.1344103812825234,4830,45mg PFS CArton,0.19566033636616997,4830,45mg PFS CArton,True,4830,45mg PFS CArton,True,HOLD,0.19566033636616997,1,0.0,CORRECT,4830,45mg PFS CArton,True,HOLD,0.19566033636616997,1,0.0,CORRECT,BOTH_CORRECT,4822,130mg vial carton (1),False,-5.211125465019785,-4.613948583637084,True,0.1970524097868509,0.0,0.0,,4822,1.205609388969641,-1.713799736762242,2.7006830375674244,1.7590573729609482,0.18150833142186598,-0.020082585222748507,1.0981496560848956
H593-bcb46b28e3f68f1997c73b22,NDV2-009-P01,4,4a53569c90360cdca78170a677dcff1a34efc65cfe94b9dad6b19b65db6d25ac,5USSTP-2,True,673,M_FIRST,0.09339516877228086,1,0,True,0.006604346065735761,673,5USSTP-2,0.09339516877228086,673,5USSTP-2,True,673,5USSTP-2,True,HOLD,0.09339516877228086,1,0.0,CORRECT,673,5USSTP-2,True,HOLD,0.09339516877228086,1,0.0,CORRECT,BOTH_CORRECT,646,5USLIP-5,False,-2.7899120884533137,-2.2400358055743386,True,0.1429788208070808,0.0,0.0,,646,1.2036777565839731,-0.2631838555116595,0.22409284963931095,0.25018274245626115,0.05553388440516193,-0.008113857710070706,1.3277225685903369
H593-00db0e83284b1620da33639a,NDV2-010-P01,0,5993f2caf420c9a99c193d33f748eea45f5c55ab4832c947913f7c005ada8f7b,60 mg Comfor-trate Tab,True,64,M_RANK_2_5,0.21165204830458573,4,0,False,-0.0043550952590317715,15,16 mg Comfor-trate Tab,0.2160071435636175,64,60 mg Comfor-trate Tab,True,64,60 mg Comfor-trate Tab,True,HOLD,0.21165204830458573,4,0.0,CORRECT,64,60 mg Comfor-trate Tab,True,HOLD,0.21165204830458573,4,0.0,CORRECT,BOTH_CORRECT,16,160 mg Comfor-trate Tab,False,-1.2355836746985418,-0.6547550644411874,True,0.05613103711335854,0.0,0.0,,16,0.14610943749938016,0.004563662669131223,-0.014939178015274763,0.002848423581865305,-0.0025421450639640307,0.0013938179425083315,1.0981496560848956
H593-327f0627e7abd208ae771d92,NDV2-010-P02,0,5993f2caf420c9a99c193d33f748eea45f5c55ab4832c947913f7c005ada8f7b,60 mg Comfor-trate Tab,True,64,M_FIRST,0.2570946245997314,1,0,True,0.0177830826816123,64,60 mg Comfor-trate Tab,0.2570946245997314,64,60 mg Comfor-trate Tab,True,64,60 mg Comfor-trate Tab,True,HOLD,0.2570946245997314,1,0.0,CORRECT,64,60 mg Comfor-trate Tab,True,HOLD,0.2570946245997314,1,0.0,CORRECT,BOTH_CORRECT,32,24 mg Comfor-trate Tab,False,-1.1583636705906049,-0.5786159568324373,True,0.046813757187212035,0.0,0.0,,32,0.11734208563346207,-0.1282360202217538,0.13255397688456533,0.07514681678997516,-0.13452893660377827,-0.002063907976761348,1.0981496560848956
H593-42c4620dc4ec12b555d472a7,NDV2-010-P03,0,5993f2caf420c9a99c193d33f748eea45f5c55ab4832c947913f7c005ada8f7b,60 mg Comfor-trate Tab,True,64,M_FIRST,0.1899330274755237,1,0,True,0.006677443984226622,64,60 mg Comfor-trate Tab,0.1899330274755237,64,60 mg Comfor-trate Tab,True,64,60 mg Comfor-trate Tab,True,HOLD,0.1899330274755237,1,0.0,CORRECT,64,60 mg Comfor-trate Tab,True,HOLD,0.1899330274755237,1,0.0,CORRECT,BOTH_CORRECT,16,160 mg Comfor-trate Tab,False,-1.4315794970473694,-0.8400598272565881,True,0.14828749654769857,0.0,0.0,,16,0.2165297133984569,-0.1820443060835453,0.1802394098786051,0.11124420571386077,0.0076477995658497284,-0.00018698151075331027,1.0981496560848956
H593-01371ddf81e97f382dca84d8,NDV2-010-P04,0,5993f2caf420c9a99c193d33f748eea45f5c55ab4832c947913f7c005ada8f7b,60 mg Comfor-trate Tab,True,64,M_RANK_2_5,0.17815869017818908,3,0,False,-0.01566040346087988,15,16 mg Comfor-trate Tab,0.19381909363906896,64,60 mg Comfor-trate Tab,True,64,60 mg Comfor-trate Tab,True,HOLD,0.17815869017818908,3,0.0,CORRECT,64,60 mg Comfor-trate Tab,True,HOLD,0.17815869017818908,3,0.0,CORRECT,BOTH_CORRECT,15,16 mg Comfor-trate Tab,False,-1.180453303050814,-0.6024985036575684,True,0.03135891480946951,0.0,0.0,,15,0.17880192935271388,0.12554060426524732,-0.1557789693079008,-0.05951833632418437,-0.014106521149453122,0.00736494012949547,1.0981496560848956
H593-ec3836db486607fb464da173,NDV2-011-P01,4,f136ca0b9c716fcae1884f370b2cc9c1a38f30e5a477d50097f50ecb3c76d60b,Bacitracin  14.2g 0.5oz carton label rev 09 2021,True,1645,M_FIRST,0.14121337796406505,1,0,True,0.007074912352947438,1645,Bacitracin  14.2g 0.5oz carton label rev 09 2021,0.14121337796406505,1645,Bacitracin  14.2g 0.5oz carton label rev 09 2021,True,1645,Bacitracin  14.2g 0.5oz carton label rev 09 2021,True,HOLD,0.14121337796406505,1,0.0,CORRECT,1645,Bacitracin  14.2g 0.5oz carton label rev 09 2021,True,HOLD,0.14121337796406505,1,0.0,CORRECT,BOTH_CORRECT,1653,Bacitracin Zinc Ointment USP Carton 1oz(28.4g) Rev 02-22,False,-1.7478330501512707,-1.2170595469646295,True,0.04581530255889055,0.0,0.0,,1653,0.3003683844875901,-0.19820999224342314,0.09590283251048942,0.22197929462738072,0.011186866706237268,-0.011116904527340625,1.3277225685903369
H593-33b3b0aa0a8612273130dcd4,NDV2-011-P02,4,f136ca0b9c716fcae1884f370b2cc9c1a38f30e5a477d50097f50ecb3c76d60b,Bacitracin  14.2g 0.5oz carton label rev 09 2021,True,1645,M_FIRST,0.18711289098437142,1,0,True,0.063062091815451,1645,Bacitracin  14.2g 0.5oz carton label rev 09 2021,0.18711289098437142,1645,Bacitracin  14.2g 0.5oz carton label rev 09 2021,True,1645,Bacitracin  14.2g 0.5oz carton label rev 09 2021,True,HOLD,0.18711289098437142,1,0.0,CORRECT,1645,Bacitracin  14.2g 0.5oz carton label rev 09 2021,True,HOLD,0.18711289098437142,1,0.0,CORRECT,BOTH_CORRECT,1653,Bacitracin Zinc Ointment USP Carton 1oz(28.4g) Rev 02-22,False,-2.344896766272077,-1.7526854615861285,True,0.3583097689795176,0.0,0.0,,1653,0.1957873358823767,-0.6099511727433322,0.8405443915335322,0.4671684391985949,0.13940702639686595,-0.015781822586297053,1.3277225685903369
H593-80c5e47b3fd61cde75299862,NDV2-011-P03,4,f136ca0b9c716fcae1884f370b2cc9c1a38f30e5a477d50097f50ecb3c76d60b,Bacitracin  14.2g 0.5oz carton label rev 09 2021,True,1645,M_FIRST,0.1332020773799203,1,0,True,0.050624495232713784,1645,Bacitracin  14.2g 0.5oz carton label rev 09 2021,0.1332020773799203,1645,Bacitracin  14.2g 0.5oz carton label rev 09 2021,True,1645,Bacitracin  14.2g 0.5oz carton label rev 09 2021,True,HOLD,0.1332020773799203,1,0.0,CORRECT,1645,Bacitracin  14.2g 0.5oz carton label rev 09 2021,True,HOLD,0.1332020773799203,1,0.0,CORRECT,BOTH_CORRECT,1653,Bacitracin Zinc Ointment USP Carton 1oz(28.4g) Rev 02-22,False,-2.4377803818571167,-1.8994352845015774,True,0.08432711811905547,0.0,0.0,,1653,0.4020164978701576,-0.6522892311172549,0.8756863123203552,0.5188366750661041,-0.01605086891820583,-0.01814157195437611,1.3277225685903369
H593-f063b9949afaac7650b24e97,NDV2-011-P04,4,f136ca0b9c716fcae1884f370b2cc9c1a38f30e5a477d50097f50ecb3c76d60b,Bacitracin  14.2g 0.5oz carton label rev 09 2021,True,1645,M_FIRST,0.1981652135178679,1,0,True,0.08067809858355961,1645,Bacitracin  14.2g 0.5oz carton label rev 09 2021,0.1981652135178679,1644,Bacitracin  0.9g 0.03oz carton label rev 09 2021,False,1645,Bacitracin  14.2g 0.5oz carton label rev 09 2021,True,SWITCH,0.1981652135178679,1,1.2511775211947358,CORRECT,1645,Bacitracin  14.2g 0.5oz carton label rev 09 2021,True,SWITCH,0.1981652135178679,1,1.2511775211947358,CORRECT,BOTH_CORRECT,1645,Bacitracin  14.2g 0.5oz carton label rev 09 2021,True,1.2511775211947358,1.9808166979337485,False,1.0573167077129657,1.2511775211947358,1.2511775211947358,1,1653,0.241185361752968,-0.12063586224301437,0.7352392011524829,0.20152800704078766,1.308486652362717e-11,-3.343721133308719e-12,0.0
H593-178d10ad3076a41e89d549dd,NDV2-012-P01,4,f136ca0b9c716fcae1884f370b2cc9c1a38f30e5a477d50097f50ecb3c76d60b,Bacitracin Zinc Ointment USP Carton 0.5oz(14.2g) Rev 02-22,True,1652,M_FIRST,0.1561831436558611,1,0,True,0.00735504922224503,1652,Bacitracin Zinc Ointment USP Carton 0.5oz(14.2g) Rev 02-22,0.1561831436558611,1652,Bacitracin Zinc Ointment USP Carton 0.5oz(14.2g) Rev 02-22,True,1652,Bacitracin Zinc Ointment USP Carton 0.5oz(14.2g) Rev 02-22,True,HOLD,0.1561831436558611,1,0.0,CORRECT,1652,Bacitracin Zinc Ointment USP Carton 0.5oz(14.2g) Rev 02-22,True,HOLD,0.1561831436558611,1,0.0,CORRECT,BOTH_CORRECT,1653,Bacitracin Zinc Ointment USP Carton 1oz(28.4g) Rev 02-22,False,-1.4686761962928225,-0.7759070521779333,True,0.869782634380013,0.0,0.0,,1653,0.09827335763460089,-0.032896045713413605,0.09000530361905439,0.0011633546539997887,-0.01446605772648487,-0.001126284765270991,1.3277225685903369
H593-648cf256a0655f0b4baede6a,NDV2-012-P02,4,f136ca0b9c716fcae1884f370b2cc9c1a38f30e5a477d50097f50ecb3c76d60b,Bacitracin Zinc Ointment USP Carton 0.5oz(14.2g) Rev 02-22,True,1652,M_RANK_2_5,0.2029319728886435,2,0,False,-0.0026088517060416094,1653,Bacitracin Zinc Ointment USP Carton 1oz(28.4g) Rev 02-22,0.20554082459468512,1652,Bacitracin Zinc Ointment USP Carton 0.5oz(14.2g) Rev 02-22,True,1652,Bacitracin Zinc Ointment USP Carton 0.5oz(14.2g) Rev 02-22,True,HOLD,0.2029319728886435,2,0.0,CORRECT,1652,Bacitracin Zinc Ointment USP Carton 0.5oz(14.2g) Rev 02-22,True,HOLD,0.2029319728886435,2,0.0,CORRECT,BOTH_CORRECT,1653,Bacitracin Zinc Ointment USP Carton 1oz(28.4g) Rev 02-22,False,-1.3606334501706496,-0.6656497977073185,True,0.8810464099032664,0.0,0.0,,1653,0.09936987892165886,-0.00039623556500424694,-0.02383881221441203,0.011968392386680316,-0.05428299946799787,9.065751938767165e-05,1.3277225685903369
H593-c8379d139262cf23abe8cf3f,NDV2-012-P03,4,f136ca0b9c716fcae1884f370b2cc9c1a38f30e5a477d50097f50ecb3c76d60b,Bacitracin Zinc Ointment USP Carton 0.5oz(14.2g) Rev 02-22,True,1652,M_RANK_11_128,0.017689080189161873,96,0,False,-0.05473663083532784,2321,Cardinal triple antibiotic,0.07242571102448972,1652,Bacitracin Zinc Ointment USP Carton 0.5oz(14.2g) Rev 02-22,True,1653,Bacitracin Zinc Ointment USP Carton 1oz(28.4g) Rev 02-22,False,SWITCH,0.03476169673722582,13,0.07590547080330023,RAW_CORRECT_BROKEN,1653,Bacitracin Zinc Ointment USP Carton 1oz(28.4g) Rev 02-22,False,SWITCH,0.03476169673722582,13,0.07590547080330023,RAW_CORRECT_BROKEN,BOTH_WRONG,1653,Bacitracin Zinc Ointment USP Carton 1oz(28.4g) Rev 02-22,False,0.07590547080330023,0.6808521856854078,False,0.4230865858052506,0.0,0.0,,1653,0.009513188932859908,1.0344783416103194,-1.214916749463181,-1.0869449988811282,-0.17121472418661426,0.025456902594107093,1.3277225685903369
H593-64d4b96748545637c220ac9d,NDV2-012-P04,4,f136ca0b9c716fcae1884f370b2cc9c1a38f30e5a477d50097f50ecb3c76d60b,Bacitracin Zinc Ointment USP Carton 0.5oz(14.2g) Rev 02-22,True,1652,M_FIRST,0.19084082239424383,1,0,True,0.01677479053587408,1652,Bacitracin Zinc Ointment USP Carton 0.5oz(14.2g) Rev 02-22,0.19084082239424383,1652,Bacitracin Zinc Ointment USP Carton 0.5oz(14.2g) Rev 02-22,True,1652,Bacitracin Zinc Ointment USP Carton 0.5oz(14.2g) Rev 02-22,True,HOLD,0.19084082239424383,1,0.0,CORRECT,1652,Bacitracin Zinc Ointment USP Carton 0.5oz(14.2g) Rev 02-22,True,HOLD,0.19084082239424383,1,0.0,CORRECT,BOTH_CORRECT,1653,Bacitracin Zinc Ointment USP Carton 1oz(28.4g) Rev 02-22,False,-1.5782456862382035,-0.9295287032932967,True,0.6457177058906001,0.0,0.0,,1653,0.06917431697503328,-0.1553022667328016,0.1715826787622907,0.1276873373625613,0.04500046733901712,-0.007619416058234057,1.3277225685903369
H593-feb9948db167fc67715b216a,OUTCOME-0001,1,1c37c8c6064f3ee8446595a55b1d8fb0394f2b039c86eb060704e75d998d0d11,0003,True,518,M_FIRST,0.05906878492268078,1,0,True,0.019168039937704953,518,0003,0.05906878492268078,4072,cold-flu-48s-ifc-softgels,False,4072,cold-flu-48s-ifc-softgels,False,HOLD,0.009021520609913087,93,0.0,TARGET_TOP_BUT_HOLD,518,0003,True,SWITCH,0.05906878492268078,1,0.4239273592951345,CORRECT,RESCUED_BY_492,518,0003,True,-0.3184291492775453,0.4239273592951345,True,0.6697820376375316,-0.3184291492775453,0.4239273592951345,1,4072,-1.959403156613694,-2.0350510893441176,2.6746659891781643,2.0728211382827437,0.14869055959222058,0.011456898868205017,-1.2316094892410674
H593-059b70b913c381ca4c02e851,OUTCOME-0002,1,1c37c8c6064f3ee8446595a55b1d8fb0394f2b039c86eb060704e75d998d0d11,0003,True,518,M_FIRST,0.14143646456533238,1,0,True,0.0562741402986366,518,0003,0.14143646456533238,518,0003,True,518,0003,True,HOLD,0.14143646456533238,1,0.0,CORRECT,518,0003,True,HOLD,0.14143646456533238,1,0.0,CORRECT,BOTH_CORRECT,1631,BUX0ABS6-Back-card,False,-3.8049749815935723,-3.079149578624942,True,0.24298025313727045,0.0,0.0,,1631,1.8087555681677214,-1.172331569140485,0.9168139213322066,0.8965379642540966,0.11631716809134629,0.0072724396476190525,1.2316094892410674
H593-3a88599950984808ec05d372,OUTCOME-0015,1,1c37c8c6064f3ee8446595a55b1d8fb0394f2b039c86eb060704e75d998d0d11,0003,True,518,M_FIRST,0.2298368494529824,1,0,True,0.12326670692180772,518,0003,0.2298368494529824,926,199006EC8 image 2,False,518,0003,True,SWITCH,0.2298368494529824,1,1.1823492282995156,CORRECT,518,0003,True,SWITCH,0.2298368494529824,1,1.1823492282995156,CORRECT,BOTH_CORRECT,518,0003,True,1.1823492282995156,2.0362594599187074,False,3.5498875311404303,1.1823492282995156,1.1823492282995156,1,926,-0.16079136296475485,-1.9796752500355406,2.7103261872960887,1.695185510913578,0.13792057397117294,0.010993058360038936,-1.2316094892410674
H593-4c8af79cf3ec012acced486e,OUTCOME-0044,4,caadf690e51b6ae8aa69d3ebfb189f9ae43f3e3bde9aadd83d79e71a9ed27df7,10 mL carton,True,0,M_RANK_6_10,0.01597744431639541,6,0,False,-0.02812647472071586,90,Doraject injectable solution-100 mL Carton,0.04410391903711127,0,10 mL carton,True,0,10 mL carton,True,HOLD,0.01597744431639541,6,0.0,CORRECT,0,10 mL carton,True,HOLD,0.01597744431639541,6,0.0,CORRECT,BOTH_CORRECT,90,Doraject injectable solution-100 mL Carton,False,-2.4684255045640198,-1.8184972149572785,True,0.6518788415387577,0.0,0.0,,90,3.051385718177445,1.1057555190915649,-1.7473257715392583,-1.0684764426332247,-0.2327818791669068,0.03214579204406263,1.3277225685903369
H593-38b8b30a470de2510a233942,OUTCOME-0045,4,caadf690e51b6ae8aa69d3ebfb189f9ae43f3e3bde9aadd83d79e71a9ed27df7,10 mL carton,True,0,M_RANK_6_10,0.0181115818597489,10,0,False,-0.03299308718793029,90,Doraject injectable solution-100 mL Carton,0.051104669047679185,0,10 mL carton,True,0,10 mL carton,True,HOLD,0.0181115818597489,10,0.0,CORRECT,0,10 mL carton,True,HOLD,0.0181115818597489,10,0.0,CORRECT,BOTH_CORRECT,92,Doraject injectable solution-500 mL Carton,False,-2.9565774027140557,-2.3804019573555477,True,0.27674569634287893,0.0,0.0,,92,1.9689462344216524,0.08728684571689743,-1.0308330398532772,0.38377169796311694,0.21736588180814229,0.0023172140671870382,1.3277225685903369
H593-14742ff288bf8a71f7d5208d,OUTCOME-0046,4,caadf690e51b6ae8aa69d3ebfb189f9ae43f3e3bde9aadd83d79e71a9ed27df7,10 mL carton,True,0,M_RANK_6_10,0.016424829055381333,10,0,False,-0.03661365640562974,90,Doraject injectable solution-100 mL Carton,0.05303848546101107,0,10 mL carton,True,0,10 mL carton,True,HOLD,0.016424829055381333,10,0.0,CORRECT,0,10 mL carton,True,HOLD,0.016424829055381333,10,0.0,CORRECT,BOTH_CORRECT,90,Doraject injectable solution-100 mL Carton,False,-2.116595263486036,-1.431139698544594,True,0.8325831746718517,0.0,0.0,,90,3.004608494105625,1.1601136116089428,-1.9673696087670944,-1.1485076869641742,-0.23278187899074274,-0.027190236096857338,1.3277225685903369
H593-07197c3f4badd640f6859f5e,OUTCOME-0047,4,caadf690e51b6ae8aa69d3ebfb189f9ae43f3e3bde9aadd83d79e71a9ed27df7,10 mL carton,True,0,M_RANK_11_128,0.007662753969332456,82,0,False,-0.03733772001432151,4811,0186ce28-7aa2-4c47-9c64-afe13fd1ef6e-21,0.04500047398365396,0,10 mL carton,True,0,10 mL carton,True,HOLD,0.007662753969332456,82,0.0,CORRECT,0,10 mL carton,True,HOLD,0.007662753969332456,82,0.0,CORRECT,BOTH_CORRECT,4811,0186ce28-7aa2-4c47-9c64-afe13fd1ef6e-21,False,-2.68304523055207,-2.112295028831345,True,0.24915098145370695,0.0,0.0,,4811,3.54957593474015,1.1971337293261608,-2.6462975717558366,-0.9529143876754129,0.23278187979012738,-0.024956922463456183,1.3277225685903369
H593-2848a70ea80c7f1dc1cfd651,OUTCOME-0048,4,caadf690e51b6ae8aa69d3ebfb189f9ae43f3e3bde9aadd83d79e71a9ed27df7,10 mL carton,True,0,M_RANK_11_128,0.013345493012487457,24,0,False,-0.045985856154280684,90,Doraject injectable solution-100 mL Carton,0.05933134916676814,0,10 mL carton,True,0,10 mL carton,True,HOLD,0.013345493012487457,24,0.0,CORRECT,0,10 mL carton,True,HOLD,0.013345493012487457,24,0.0,CORRECT,BOTH_CORRECT,90,Doraject injectable solution-100 mL Carton,False,-2.7511521562656283,-2.0926791544143155,True,0.6953402810503118,0.0,0.0,,90,3.454867280946546,1.0551148230613032,-2.361710098029126,-0.5813407032313896,-0.16563565815340067,0.02213394308135828,1.3277225685903369
H593-d847127af2275cebc7d0a855,OUTCOME-0049,4,caadf690e51b6ae8aa69d3ebfb189f9ae43f3e3bde9aadd83d79e71a9ed27df7,10 mL carton,True,0,M_RANK_2_5,0.03462267396487163,2,0,False,-0.0032389859767800316,4811,0186ce28-7aa2-4c47-9c64-afe13fd1ef6e-21,0.03786165994165166,0,10 mL carton,True,0,10 mL carton,True,HOLD,0.03462267396487163,2,0.0,CORRECT,0,10 mL carton,True,HOLD,0.03462267396487163,2,0.0,CORRECT,BOTH_CORRECT,4811,0186ce28-7aa2-4c47-9c64-afe13fd1ef6e-21,False,-2.7181378465348245,-2.1155091012442915,True,0.41129656967476746,0.0,0.0,,4811,1.0393200284607476,-0.7633794074410069,-0.16678741370130049,1.0810505503828385,0.2310649657086239,-0.030853445465415037,1.3277225685903369
H593-24402f98b4c6d27775ea51b8,OUTCOME-0050,4,caadf690e51b6ae8aa69d3ebfb189f9ae43f3e3bde9aadd83d79e71a9ed27df7,10 mL carton,True,0,M_RANK_11_128,0.009302977647275125,71,0,False,-0.03774669707064138,4811,0186ce28-7aa2-4c47-9c64-afe13fd1ef6e-21,0.047049674717916504,0,10 mL carton,True,0,10 mL carton,True,HOLD,0.009302977647275125,71,0.0,CORRECT,0,10 mL carton,True,HOLD,0.009302977647275125,71,0.0,CORRECT,BOTH_CORRECT,4811,0186ce28-7aa2-4c47-9c64-afe13fd1ef6e-21,False,-2.8681925393867296,-2.2645092997283798,True,0.41666010233337314,0.0,0.0,,4811,3.5575801284187105,1.1620264707170234,-2.5001320803808063,-0.8860105238220457,0.23278188101902902,-0.025775905155518215,1.3277225685903369
H593-e3a1eef1c2822562c67fe0fa,OUTCOME-0051,4,caadf690e51b6ae8aa69d3ebfb189f9ae43f3e3bde9aadd83d79e71a9ed27df7,10 mL carton,True,0,M_RANK_2_5,0.048320914139944236,2,0,False,-0.0008009773711233209,4843,5mL Carton,0.04912189151106756,0,10 mL carton,True,0,10 mL carton,True,HOLD,0.048320914139944236,2,0.0,CORRECT,0,10 mL carton,True,HOLD,0.048320914139944236,2,0.0,CORRECT,BOTH_CORRECT,89,Dexmedvet Carton,False,-5.2135655547086195,-4.679565253156912,True,0.06222794442970425,0.0,0.0,,89,3.2057353215568387,-0.90966263969956,0.813828083938604,0.9822586796046943,-0.17417066717921328,-0.032145792103080724,1.3277225685903369
H593-35e2c26e209782269ad40fed,OUTCOME-0052,4,caadf690e51b6ae8aa69d3ebfb189f9ae43f3e3bde9aadd83d79e71a9ed27df7,10 mL carton,True,0,M_FIRST,0.12436320228649403,1,0,True,0.09610442587781408,0,10 mL carton,0.12436320228649403,0,10 mL carton,True,0,10 mL carton,True,HOLD,0.12436320228649403,1,0.0,CORRECT,0,10 mL carton,True,HOLD,0.12436320228649403,1,0.0,CORRECT,BOTH_CORRECT,23,20 mL Carton,False,-6.397818619923466,-5.817097524044507,True,0.2998664884164519,0.0,0.0,,23,2.003790297506599,-1.2945529598247094,2.6147986407895867,1.545751819455767,0.23179010751824314,-0.03148185411235738,1.3277225685903369
H593-1f65d77d8ddd265c0d00b1f2,OUTCOME-0053,4,caadf690e51b6ae8aa69d3ebfb189f9ae43f3e3bde9aadd83d79e71a9ed27df7,10 mL carton,True,0,M_FIRST,0.11936492141699442,1,0,True,0.04954320432598015,0,10 mL carton,0.11936492141699442,0,10 mL carton,True,0,10 mL carton,True,HOLD,0.11936492141699442,1,0.0,CORRECT,0,10 mL carton,True,HOLD,0.11936492141699442,1,0.0,CORRECT,BOTH_CORRECT,23,20 mL Carton,False,-4.071591716416889,-3.541751744851736,True,0.041067029365116525,0.0,0.0,,23,1.6943709231315955,-0.8009536266772325,1.1419218133074915,0.6519893562435055,0.08241055206205171,-0.025869870240859575,1.3277225685903369
H593-7d98c429f6f7e1e10918800b,OUTCOME-0054,4,caadf690e51b6ae8aa69d3ebfb189f9ae43f3e3bde9aadd83d79e71a9ed27df7,10 mL carton,True,0,M_FIRST,0.13583988002651146,1,0,True,0.04042853320585714,0,10 mL carton,0.13583988002651146,0,10 mL carton,True,0,10 mL carton,True,HOLD,0.13583988002651146,1,0.0,CORRECT,0,10 mL carton,True,HOLD,0.13583988002651146,1,0.0,CORRECT,BOTH_CORRECT,52,50 mL Carton,False,-4.083199737864516,-3.4934364820806327,True,0.3458581233028504,0.0,0.0,,52,1.3800421574423871,-0.9357064375944978,1.383736262402416,0.8084541108744521,0.14138281258706753,-0.022431736437646507,1.3277225685903369
H593-781e579d26df1fa016a3b3b2,OUTCOME-0055,4,caadf690e51b6ae8aa69d3ebfb189f9ae43f3e3bde9aadd83d79e71a9ed27df7,10 mL carton,True,0,M_FIRST,0.10130168898341413,1,0,True,0.041062512778188946,0,10 mL carton,0.10130168898341413,0,10 mL carton,True,0,10 mL carton,True,HOLD,0.10130168898341413,1,0.0,CORRECT,0,10 mL carton,True,HOLD,0.10130168898341413,1,0.0,CORRECT,BOTH_CORRECT,52,50 mL Carton,False,-4.153140288162194,-3.56860125420329,True,0.31928587670841324,0.0,0.0,,52,1.1706078832687419,-1.0678640523166456,1.5328572322218137,1.0508369581732036,0.1655590931542231,-0.02657939492947934,1.3277225685903369
H593-6383fcb3c30d23a881c0d351,OUTCOME-0056,4,caadf690e51b6ae8aa69d3ebfb189f9ae43f3e3bde9aadd83d79e71a9ed27df7,10 mL carton,True,0,M_FIRST,0.14008858607199534,1,0,True,0.04279694855975276,0,10 mL carton,0.14008858607199534,0,10 mL carton,True,0,10 mL carton,True,HOLD,0.14008858607199534,1,0.0,CORRECT,0,10 mL carton,True,HOLD,0.14008858607199534,1,0.0,CORRECT,BOTH_CORRECT,52,50 mL Carton,False,-3.931494210368487,-3.344078362512323,True,0.3339183733452886,0.0,0.0,,52,1.2431829515292043,-0.9337932050267829,1.3312098505822125,0.8273878869259831,0.15779691740710158,-0.02201275963956928,1.3277225685903369
H593-c22c8e1044a8088c5a3d3f0e,OUTCOME-0057,4,caadf690e51b6ae8aa69d3ebfb189f9ae43f3e3bde9aadd83d79e71a9ed27df7,10 mL carton,True,0,M_FIRST,0.09890436281332739,1,0,True,0.05784769077237216,0,10 mL carton,0.09890436281332739,0,10 mL carton,True,0,10 mL carton,True,HOLD,0.09890436281332739,1,0.0,CORRECT,0,10 mL carton,True,HOLD,0.09890436281332739,1,0.0,CORRECT,BOTH_CORRECT,23,20 mL Carton,False,-5.747288699069999,-5.185661854641763,True,0.2027463478322833,0.0,0.0,,23,1.9365951994707529,-1.2469731943616034,2.1033161749879343,1.425991860493687,0.23278188199264407,-0.032145792103752714,1.3277225685903369
H593-064aa36809b4f00051cb821a,OUTCOME-0058,4,caadf690e51b6ae8aa69d3ebfb189f9ae43f3e3bde9aadd83d79e71a9ed27df7,10 mL carton,True,0,M_RANK_2_5,0.02280896206203937,5,0,False,-0.014791700062451493,5201,ketorolac-tromethamine-07,0.03760066212449086,0,10 mL carton,True,0,10 mL carton,True,HOLD,0.02280896206203937,5,0.0,CORRECT,0,10 mL carton,True,HOLD,0.02280896206203937,5,0.0,CORRECT,BOTH_CORRECT,5201,ketorolac-tromethamine-07,False,-3.7878296238188875,-3.0283550092948324,True,1.209070334690776,0.0,0.0,,5201,3.271653340034036,0.37497483040544843,-0.9139244936967723,-0.07196053326642046,-0.23278188012253492,0.032145791874793314,1.3277225685903369
H593-2bcc3d446a9293adfd81509f,OUTCOME-0072,3,3cce9049697a8e2b65ce5904772f00a613b585ff8ca6e50e5a9c4c63a4391645,10ml carton,True,7,M_RANK_11_128,0.009402464415967687,54,0,False,-0.027340719464406273,92,Doraject injectable solution-500 mL Carton,0.03674318388037396,7,10ml carton,True,7,10ml carton,True,HOLD,0.009402464415967687,54,0.0,CORRECT,7,10ml carton,True,HOLD,0.009402464415967687,54,0.0,CORRECT,BOTH_CORRECT,91,Doraject injectable solution-250 mL Carton,False,-1.812779693243085,-1.3424614994528965,True,0.10999322297286507,0.0,0.0,,91,2.4721550140143864,0.8687962176731169,-1.824179599226585,-0.9352342489340985,-0.12243373741538148,0.05231549489256644,1.3013605522390803
H593-5c99ac9c05994bb4d60da476,OUTCOME-0078,3,3cce9049697a8e2b65ce5904772f00a613b585ff8ca6e50e5a9c4c63a4391645,10ml carton,True,7,M_FIRST,0.08013273786320543,1,0,True,0.01645310021010686,7,10ml carton,0.08013273786320543,7,10ml carton,True,7,10ml carton,True,HOLD,0.08013273786320543,1,0.0,CORRECT,7,10ml carton,True,HOLD,0.08013273786320543,1,0.0,CORRECT,BOTH_CORRECT,83,CARTON.,False,-2.7927983727398233,-2.279363366993907,True,0.22671072157200367,0.0,0.0,,83,0.20444992403471285,-0.759496998988529,1.1093308673654392,0.8805948903228484,0.1180305168341474,-0.06147137906787555,1.3013605522390803
H593-5cde50d3890df26e13611884,OUTCOME-0087,4,fae9abd9dccd97b0f46477e2b8de584b47f0991da74eb5dfbedf3526f4bba6a5,11-5BlisterCarton,True,9,M_FIRST,0.13847681525875424,1,0,True,0.0900990932075143,9,11-5BlisterCarton,0.13847681525875424,51,5-75BlisterCarton,False,9,11-5BlisterCarton,True,SWITCH,0.13847681525875424,1,0.34474806481229225,CORRECT,9,11-5BlisterCarton,True,SWITCH,0.13847681525875424,1,0.34474806481229225,CORRECT,BOTH_CORRECT,9,11-5BlisterCarton,True,0.34474806481229225,1.3989484597141377,False,2.708150269714138,0.34474806481229225,0.34474806481229225,1,51,-0.015704260344343936,-0.9877324941686056,1.799762219540312,0.7294270538071509,0.14310478735592155,0.0036133272121941866,-1.3277225685903369
H593-b87cff1766e4fd6e130f4f0d,OUTCOME-0090,4,fae9abd9dccd97b0f46477e2b8de584b47f0991da74eb5dfbedf3526f4bba6a5,11-5BlisterCarton,True,9,M_FIRST,0.2530637487387277,1,0,True,0.009813374575430522,9,11-5BlisterCarton,0.2530637487387277,51,5-75BlisterCarton,False,51,5-75BlisterCarton,False,HOLD,0.2432503741632972,2,0.0,TARGET_TOP_BUT_HOLD,51,5-75BlisterCarton,False,HOLD,0.2432503741632972,2,0.0,TARGET_TOP_BUT_HOLD,BOTH_WRONG,9,11-5BlisterCarton,True,-1.4113437254616528,-0.874462152294953,True,0.07688311460128205,-1.4113437254616528,-1.4113437254616528,1,51,-0.11896217921219067,-0.00386075268731817,0.07380063550220402,-0.030197427791947055,-0.009455747938479267,0.005054315256415283,-1.3277225685903369
H593-bb5dd42b437a1e0b7185f2fb,OUTCOME-0093,4,fae9abd9dccd97b0f46477e2b8de584b47f0991da74eb5dfbedf3526f4bba6a5,11-5BlisterCarton,True,9,M_FIRST,0.06835398613537383,1,0,True,0.0028153384379228236,9,11-5BlisterCarton,0.06835398613537383,1683,Bayer Back and Body Extra Strength carton updated label,False,51,5-75BlisterCarton,False,SWITCH,0.0649919415862703,3,0.13346458507979242,CHALLENGER_RANKING_BLOCKED,51,5-75BlisterCarton,False,SWITCH,0.0649919415862703,3,0.13346458507979242,CHALLENGER_RANKING_BLOCKED,BOTH_WRONG,51,5-75BlisterCarton,False,0.13346458507979242,0.6614823664866701,False,0.0317987234145245,-0.44256765628861927,-0.44256765628861927,4,51,-0.5698014616420582,0.01962453380745033,0.06737378276954109,-0.091375335999204,-0.001959721990026475,0.00010596168588557914,0.0
H593-79ce3b4b2a924821dc8dc21a,OUTCOME-0094,3,c7abd98eade15d0ac417dcdde657be6a64e3cb837a808045d084fee49bf7d2a4,1g7-17-allergy-nasal-spray,True,930,M_FIRST,0.1596531965257448,1,0,True,0.039342293203005904,930,1g7-17-allergy-nasal-spray,0.1596531965257448,930,1g7-17-allergy-nasal-spray,True,930,1g7-17-allergy-nasal-spray,True,HOLD,0.1596531965257448,1,0.0,CORRECT,930,1g7-17-allergy-nasal-spray,True,HOLD,0.1596531965257448,1,0.0,CORRECT,BOTH_CORRECT,4335,cvs-health-childrens-fluticasone-propionate-nasal-spray-carton-image,False,-1.837630135952871,-0.5228781161118446,True,2.3958812429488123,0.0,0.0,,4335,0.1588925175589109,-0.2714124146825457,0.45424087677350494,0.21280069228612664,0.0025083061059180275,-0.020760394328124137,1.3013605522390803
H593-cb08e284452bbeca09345c1d,OUTCOME-0095,3,c7abd98eade15d0ac417dcdde657be6a64e3cb837a808045d084fee49bf7d2a4,1g7-17-allergy-nasal-spray,True,930,M_FIRST,0.07964597110126492,1,0,True,0.023643202429713225,930,1g7-17-allergy-nasal-spray,0.07964597110126492,930,1g7-17-allergy-nasal-spray,True,930,1g7-17-allergy-nasal-spray,True,HOLD,0.07964597110126492,1,0.0,CORRECT,930,1g7-17-allergy-nasal-spray,True,HOLD,0.07964597110126492,1,0.0,CORRECT,BOTH_CORRECT,4335,cvs-health-childrens-fluticasone-propionate-nasal-spray-carton-image,False,-1.7140432419909177,-0.931673659759933,True,0.9547184204340247,0.0,0.0,,4335,0.07114918733028412,-0.26388344381629636,0.5634033497614483,0.1469432925073696,-0.0914149525076726,-0.013514743523295583,1.3013605522390803
H593-89f858095a471767364e3a86,OUTCOME-0096,3,c7abd98eade15d0ac417dcdde657be6a64e3cb837a808045d084fee49bf7d2a4,1g7-17-allergy-nasal-spray,True,930,M_RANK_2_5,0.08378539111080131,4,0,False,-0.040053573164245224,4335,cvs-health-childrens-fluticasone-propionate-nasal-spray-carton-image,0.12383896427504654,2390,Carton-72md,False,4335,cvs-health-childrens-fluticasone-propionate-nasal-spray-carton-image,False,SWITCH,0.12383896427504654,1,0.8126795630937085,CHALLENGER_RANKING_BLOCKED,4335,cvs-health-childrens-fluticasone-propionate-nasal-spray-carton-image,False,SWITCH,0.12383896427504654,1,0.8126795630937085,CHALLENGER_RANKING_BLOCKED,BOTH_WRONG,4335,cvs-health-childrens-fluticasone-propionate-nasal-spray-carton-image,False,0.8126795630937085,1.263941005962991,False,0.05840647065920068,0.39669680603274293,0.39669680603274293,4,4335,0.012133704240270216,0.09421945934235354,-0.35739460840542403,-0.1562758787518801,-0.010817997003637322,0.002152563517352206,0.0
H593-7ef48aba809a41bdbf3bca77,OUTCOME-0097,3,c7abd98eade15d0ac417dcdde657be6a64e3cb837a808045d084fee49bf7d2a4,1g7-17-allergy-nasal-spray,True,930,M_FIRST,0.13687662707595555,1,0,True,3.7220376449959014e-05,930,1g7-17-allergy-nasal-spray,0.13687662707595555,931,1q3-c2-childrens-24-hour-allergy-nasal-spray,False,931,1q3-c2-childrens-24-hour-allergy-nasal-spray,False,HOLD,0.1217286827231766,3,0.0,TARGET_TOP_BUT_HOLD,931,1q3-c2-childrens-24-hour-allergy-nasal-spray,False,HOLD,0.1217286827231766,3,0.0,TARGET_TOP_BUT_HOLD,BOTH_WRONG,930,1g7-17-allergy-nasal-spray,True,-1.2332685276100297,-0.7957492209204101,True,0.021206416027473418,-1.2332685276100297,-1.2332685276100297,1,931,-0.05090254761998324,-0.09980347295670045,0.1893412111475585,0.06486709513256156,-0.030206670033271068,-0.005203591041114624,-1.3013605522390803
H593-343c0fdac394c330c78c814c,OUTCOME-0098,3,c7abd98eade15d0ac417dcdde657be6a64e3cb837a808045d084fee49bf7d2a4,1g7-17-allergy-nasal-spray,True,930,M_FIRST,0.047672503310358494,1,0,True,0.020735429824949338,930,1g7-17-allergy-nasal-spray,0.047672503310358494,2208,CVS Lidocaine IFC,False,2208,CVS Lidocaine IFC,False,HOLD,0.017054940203700283,19,0.0,TARGET_TOP_BUT_HOLD,930,1g7-17-allergy-nasal-spray,True,SWITCH,0.047672503310358494,1,0.7587677259754462,CORRECT,RESCUED_BY_492,930,1g7-17-allergy-nasal-spray,True,-0.034729073439465186,0.7587677259754462,True,0.9848398718393563,-0.034729073439465186,0.7587677259754462,1,2208,-0.4819432753770701,-0.8448658763769885,1.5290125666289258,0.9691510994035522,0.1377067027702545,-0.04242973824905885,-1.3013605522390803
H593-edaf6d7ae2f6b07a0947ebe4,OUTCOME-0099,3,c7abd98eade15d0ac417dcdde657be6a64e3cb837a808045d084fee49bf7d2a4,1g7-17-allergy-nasal-spray,True,930,M_FIRST,0.08490714717191236,1,0,True,0.03168461262778594,930,1g7-17-allergy-nasal-spray,0.08490714717191236,930,1g7-17-allergy-nasal-spray,True,930,1g7-17-allergy-nasal-spray,True,HOLD,0.08490714717191236,1,0.0,CORRECT,930,1g7-17-allergy-nasal-spray,True,HOLD,0.08490714717191236,1,0.0,CORRECT,BOTH_CORRECT,4335,cvs-health-childrens-fluticasone-propionate-nasal-spray-carton-image,False,-2.270142599091112,-1.5539188978073435,True,0.7756610779124409,0.0,0.0,,4335,0.2172087674121222,-0.4836137345042276,0.7414643560667157,0.44715466619790184,0.0800329746827451,-0.03346498300322545,1.3013605522390803
H593-3692187ae0c3b3b59b4c632b,OUTCOME-0100,3,c7abd98eade15d0ac417dcdde657be6a64e3cb837a808045d084fee49bf7d2a4,1g7-17-allergy-nasal-spray,False,,TARGET_ABSENT,,,,False,,1875,Bronze Glow,0.0596831457378015,1897,Buscolicos,False,1897,Buscolicos,False,HOLD,0.03593610462409154,15,0.0,TARGET_ABSENT,1897,Buscolicos,False,HOLD,0.03593610462409154,15,0.0,TARGET_ABSENT,BOTH_WRONG,1875,Bronze Glow,False,-1.715227268824104,-1.1823679160644658,True,0.2792925589697033,,,,,,,,,,,
H593-d89ee18850bb49f7986e065b,OUTCOME-0101,3,c7abd98eade15d0ac417dcdde657be6a64e3cb837a808045d084fee49bf7d2a4,1g7-17-allergy-nasal-spray,True,930,M_FIRST,0.09675245211150754,1,0,True,0.031713935026503104,930,1g7-17-allergy-nasal-spray,0.09675245211150754,930,1g7-17-allergy-nasal-spray,True,930,1g7-17-allergy-nasal-spray,True,HOLD,0.09675245211150754,1,0.0,CORRECT,930,1g7-17-allergy-nasal-spray,True,HOLD,0.09675245211150754,1,0.0,CORRECT,BOTH_CORRECT,4335,cvs-health-childrens-fluticasone-propionate-nasal-spray-carton-image,False,-2.0546536673365265,-1.1778103187926687,True,1.2104595382745624,0.0,0.0,,4335,0.06653404112161428,-0.4717108677133928,0.6336139684750659,0.47496393330541853,0.07557551553800278,-0.025683475629262643,1.3013605522390803
H593-95b957426a8c934b0bb6e8c5,OUTCOME-0102,3,c7abd98eade15d0ac417dcdde657be6a64e3cb837a808045d084fee49bf7d2a4,1g7-17-allergy-nasal-spray,True,930,M_FIRST,0.23971574094073986,1,0,True,0.0637885323521431,930,1g7-17-allergy-nasal-spray,0.23971574094073986,930,1g7-17-allergy-nasal-spray,True,930,1g7-17-allergy-nasal-spray,True,HOLD,0.23971574094073986,1,0.0,CORRECT,930,1g7-17-allergy-nasal-spray,True,HOLD,0.23971574094073986,1,0.0,CORRECT,BOTH_CORRECT,4335,cvs-health-childrens-fluticasone-propionate-nasal-spray-carton-image,False,-2.007116758021494,-0.7217544914537933,True,2.316322984095383,0.0,0.0,,4335,0.23911341451611773,-0.3060882172094172,0.4960792702832096,0.25042426349135877,0.04837310079944694,-0.02214562609830209,1.3013605522390803
H593-35070730f195ea5ef15d78a4,OUTCOME-0103,3,c7abd98eade15d0ac417dcdde657be6a64e3cb837a808045d084fee49bf7d2a4,1g7-17-allergy-nasal-spray,True,930,M_FIRST,0.12360502687017162,1,0,True,0.05568826055706812,930,1g7-17-allergy-nasal-spray,0.12360502687017162,930,1g7-17-allergy-nasal-spray,True,930,1g7-17-allergy-nasal-spray,True,HOLD,0.12360502687017162,1,0.0,CORRECT,930,1g7-17-allergy-nasal-spray,True,HOLD,0.12360502687017162,1,0.0,CORRECT,BOTH_CORRECT,4335,cvs-health-childrens-fluticasone-propionate-nasal-spray-carton-image,False,-2.1426538301776135,-1.4757068602274814,True,0.6422686363212247,0.0,0.0,,4335,0.09304243296655468,-0.4354048749076658,0.9398841828580901,0.2591659759162374,0.008718345756315417,-0.024112784650998843,1.3013605522390803
H593-dd91c965c4987a6f11b4d08b,OUTCOME-0104,3,c7abd98eade15d0ac417dcdde657be6a64e3cb837a808045d084fee49bf7d2a4,1g7-17-allergy-nasal-spray,True,930,M_FIRST,0.12142118850430457,1,0,True,0.051203642132824315,930,1g7-17-allergy-nasal-spray,0.12142118850430457,4335,cvs-health-childrens-fluticasone-propionate-nasal-spray-carton-image,False,4335,cvs-health-childrens-fluticasone-propionate-nasal-spray-carton-image,False,HOLD,0.07021754637148026,2,0.0,TARGET_TOP_BUT_HOLD,930,1g7-17-allergy-nasal-spray,True,SWITCH,0.12142118850430457,1,0.6075477302123707,CORRECT,RESCUED_BY_492,930,1g7-17-allergy-nasal-spray,True,-0.5242772074868735,0.6075477302123707,True,1.900696407030264,-0.5242772074868735,0.6075477302123707,1,4335,-0.04106490958048339,-0.4236038466714969,0.8636672388377208,0.275966743381988,0.1234356096471241,-0.021317490862645838,-1.3013605522390803
H593-a31a10e1b469032cc39968ef,OUTCOME-0105,3,c7abd98eade15d0ac417dcdde657be6a64e3cb837a808045d084fee49bf7d2a4,1g7-17-allergy-nasal-spray,True,930,M_FIRST,0.21746224189084726,1,0,True,0.00469045882749991,930,1g7-17-allergy-nasal-spray,0.21746224189084726,931,1q3-c2-childrens-24-hour-allergy-nasal-spray,False,931,1q3-c2-childrens-24-hour-allergy-nasal-spray,False,HOLD,0.21277178306334735,2,0.0,TARGET_TOP_BUT_HOLD,931,1q3-c2-childrens-24-hour-allergy-nasal-spray,False,HOLD,0.21277178306334735,2,0.0,TARGET_TOP_BUT_HOLD,BOTH_WRONG,930,1g7-17-allergy-nasal-spray,True,-1.3217166385301966,-0.825832155232796,True,0.1792013398161787,-1.3217166385301966,-1.3217166385301966,1,931,-0.09516951434623859,-0.02606930733733038,0.035240289067862425,0.02371914642842455,0.051144558330712714,-0.00922125843454695,-1.3013605522390803
H593-7f0f41ced5016535e6387661,OUTCOME-0106,3,c7abd98eade15d0ac417dcdde657be6a64e3cb837a808045d084fee49bf7d2a4,1g7-17-allergy-nasal-spray,True,930,M_FIRST,0.2950840920710706,1,0,True,0.051024321812550066,930,1g7-17-allergy-nasal-spray,0.2950840920710706,4335,cvs-health-childrens-fluticasone-propionate-nasal-spray-carton-image,False,4335,cvs-health-childrens-fluticasone-propionate-nasal-spray-carton-image,False,HOLD,0.24217413842138227,3,0.0,TARGET_TOP_BUT_HOLD,4335,cvs-health-childrens-fluticasone-propionate-nasal-spray-carton-image,False,HOLD,0.24217413842138227,3,0.0,TARGET_TOP_BUT_HOLD,BOTH_WRONG,930,1g7-17-allergy-nasal-spray,True,-1.0588588966652779,-0.46237141112951574,True,0.45153434033768924,-1.0588588966652779,-1.0588588966652779,1,4335,-0.01993619743887739,-0.14815179612187723,0.31833412085869583,0.07887536816501614,0.025937656576805843,-0.012557496465960674,-1.3013605522390803
H593-8cfc3f4dd768e6bfd60f2810,OUTCOME-0107,3,c7abd98eade15d0ac417dcdde657be6a64e3cb837a808045d084fee49bf7d2a4,1g7-17-allergy-nasal-spray,True,930,M_FIRST,0.21525397815656355,1,0,True,0.008220696638593095,930,1g7-17-allergy-nasal-spray,0.21525397815656355,931,1q3-c2-childrens-24-hour-allergy-nasal-spray,False,931,1q3-c2-childrens-24-hour-allergy-nasal-spray,False,HOLD,0.20703328151797046,2,0.0,TARGET_TOP_BUT_HOLD,931,1q3-c2-childrens-24-hour-allergy-nasal-spray,False,HOLD,0.20703328151797046,2,0.0,TARGET_TOP_BUT_HOLD,BOTH_WRONG,930,1g7-17-allergy-nasal-spray,True,-1.3674298379637972,-0.8493015102322022,True,0.23941557560553517,-1.3674298379637972,-1.3674298379637972,1,931,-0.09649950043437737,-0.02827369092450615,0.06292591373934533,0.013790319090376387,-0.009341622394220329,-0.00867070480133482,-1.3013605522390803
H593-d4fd56aea7e4dc41f9436c8f,OUTCOME-0108,3,c7abd98eade15d0ac417dcdde657be6a64e3cb837a808045d084fee49bf7d2a4,1g7-17-allergy-nasal-spray,True,930,M_FIRST,0.10745895515986098,1,0,True,0.05438231188423493,930,1g7-17-allergy-nasal-spray,0.10745895515986098,2208,CVS Lidocaine IFC,False,930,1g7-17-allergy-nasal-spray,True,SWITCH,0.10745895515986098,1,0.24255209632199626,CORRECT,930,1g7-17-allergy-nasal-spray,True,SWITCH,0.10745895515986098,1,0.24255209632199626,CORRECT,BOTH_CORRECT,930,1g7-17-allergy-nasal-spray,True,0.24255209632199626,1.0774457205703445,False,1.096901353784419,0.24255209632199626,0.24255209632199626,1,2208,-0.6028579628771129,-0.8757694792158242,2.269372488124043,0.7075419622239344,0.09724318992051159,-0.05161754961447562,-1.3013605522390803
H593-3378917e44506cb2c9f3e74d,OUTCOME-0109,3,c7abd98eade15d0ac417dcdde657be6a64e3cb837a808045d084fee49bf7d2a4,1g7-17-allergy-nasal-spray,True,930,M_FIRST,0.205561385851494,1,0,True,0.05825284861197122,930,1g7-17-allergy-nasal-spray,0.205561385851494,930,1g7-17-allergy-nasal-spray,True,930,1g7-17-allergy-nasal-spray,True,HOLD,0.205561385851494,1,0.0,CORRECT,930,1g7-17-allergy-nasal-spray,True,HOLD,0.205561385851494,1,0.0,CORRECT,BOTH_CORRECT,4335,cvs-health-childrens-fluticasone-propionate-nasal-spray-carton-image,False,-2.0397044856614617,-0.8210591647227027,True,2.135719765657515,0.0,0.0,,4335,0.27417201664200846,-0.2947004106578538,0.5336191568787103,0.21309742265537976,0.02897387718288325,-0.016818129278746777,1.3013605522390803
H593-abe538f97b9ba7aa92d41895,OUTCOME-0110,3,c7abd98eade15d0ac417dcdde657be6a64e3cb837a808045d084fee49bf7d2a4,1g7-17-allergy-nasal-spray,True,930,M_RANK_11_128,0.010733278468528869,73,0,False,-0.021445595981963175,2461,Claritin 12,0.03217887445049204,3108,allergy relief nasal spray 24 hour,False,3108,allergy relief nasal spray 24 hour,False,HOLD,0.013818337892768966,45,0.0,CHALLENGER_RANKING_BLOCKED,3108,allergy relief nasal spray 24 hour,False,HOLD,0.013818337892768966,45,0.0,CHALLENGER_RANKING_BLOCKED,BOTH_WRONG,3662,careone-allergy-relief-carton-image,False,-1.4019399434736288,-0.8681520329758289,True,0.28180617098291005,-1.7463259999749874,-1.7463259999749874,3,3108,-0.17705508588007096,0.26196133441608505,-0.4061741984089347,-0.22038985061803437,0.0872391381086194,0.009453214646428525,-1.3013605522390803
H593-63f9178f5a1ac8c911f30671,OUTCOME-0129,4,5e1903b41967d7091402cde6aa7a4b83e5df5f58a2bef1439e218f802ca6cf53,200000002710_Final,True,935,M_FIRST,0.0502638119907853,1,0,True,0.028815419662364467,935,200000002710_Final,0.0502638119907853,935,200000002710_Final,True,935,200000002710_Final,True,HOLD,0.0502638119907853,1,0.0,CORRECT,935,200000002710_Final,True,HOLD,0.0502638119907853,1,0.0,CORRECT,BOTH_CORRECT,3178,apap-50s-ifc,False,-5.687465847399925,-5.0959134585092025,True,0.35495828935588936,0.0,0.0,,3178,1.1878983208910852,-1.3170344795348319,2.5802816496838488,1.7078811750015435,0.2327818819864129,-0.032065269218471186,1.3277225685903369
H593-4e6b9dc0dba15fcec5bea111,OUTCOME-0130,4,5e1903b41967d7091402cde6aa7a4b83e5df5f58a2bef1439e218f802ca6cf53,200000002710_Final,True,935,M_RANK_11_128,0.004956291440556199,112,0,False,-0.02891116009515006,3234,aspirin_nsaid-1,0.03386745153570626,935,200000002710_Final,True,935,200000002710_Final,True,HOLD,0.004956291440556199,112,0.0,CORRECT,935,200000002710_Final,True,HOLD,0.004956291440556199,112,0.0,CORRECT,BOTH_CORRECT,2732,F101811MAR_R3,False,-0.6642678304989752,-0.12890865159362874,True,0.06913967699815082,0.0,0.0,,2732,2.0808496708792745,1.3075650019575766,-2.6868147160145264,-1.624519263970543,0.22741798177747602,0.032046587279380506,1.3277225685903369
H593-e8c8ae988bf96315bca9637e,OUTCOME-0131,4,5e1903b41967d7091402cde6aa7a4b83e5df5f58a2bef1439e218f802ca6cf53,200000002710_Final,True,935,M_FIRST,0.042018332629443,1,0,True,0.002370598817990406,935,200000002710_Final,0.042018332629443,4424,daytime-cold-flu-pur-1,False,935,200000002710_Final,True,SWITCH,0.042018332629443,1,0.5142781189027392,CORRECT,935,200000002710_Final,True,SWITCH,0.042018332629443,1,0.5142781189027392,CORRECT,BOTH_CORRECT,935,200000002710_Final,True,0.5142781189027392,1.1286940504651977,False,0.47125038303977296,0.5142781189027392,0.5142781189027392,1,4767,-0.22624780544676493,-0.019695645259533157,0.5448167685613026,0.03749428490214002,0.19808443149561958,-0.0632016512129911,0.0
H593-fa12d24ad164c3ae3b3f0ff6,OUTCOME-0132,4,5e1903b41967d7091402cde6aa7a4b83e5df5f58a2bef1439e218f802ca6cf53,200000002710_Final,True,935,M_FIRST,0.03997217714369634,1,0,True,0.0016171288364751901,935,200000002710_Final,0.03997217714369634,1875,Bronze Glow,False,1875,Bronze Glow,False,HOLD,0.01069994446436927,41,0.0,TARGET_TOP_BUT_HOLD,1875,Bronze Glow,False,HOLD,0.01069994446436927,41,0.0,TARGET_TOP_BUT_HOLD,BOTH_WRONG,935,200000002710_Final,True,-1.2753291088458565,-0.7246573680863825,True,0.1470248019434559,-1.2753291088458565,-1.2753291088458565,1,1875,-2.565089595519498,-1.2765294845419997,2.1561805256556212,1.5423447436268276,0.22763306259701147,-0.03214579207348212,-1.3277225685903369
H593-d2bb8fcad397d4f761848233,OUTCOME-0133,4,5e1903b41967d7091402cde6aa7a4b83e5df5f58a2bef1439e218f802ca6cf53,200000002710_Final,True,935,M_RANK_11_128,0.01020497323786209,50,0,False,-0.017158225426943025,1022,42168 KG C2 Kroger Pain 36_9-13-2019,0.027363198664805116,4358,cvsapaplabel,False,4358,cvsapaplabel,False,HOLD,0.005997065392930359,99,0.0,CHALLENGER_RANKING_BLOCKED,3663,careone-arthritis-pain-relief-carton-image,False,SWITCH,0.011611001555405526,37,0.03458267895888495,CHALLENGER_RANKING_BLOCKED,BOTH_WRONG,3663,careone-arthritis-pain-relief-carton-image,False,-0.5573814605410119,0.03458267895888495,True,0.3570525991093686,-1.2832467760562762,-1.2832467760562762,8,4358,-0.2987419674227055,0.06201274065458166,0.9693819203400021,-0.5419729353000836,-0.1523803453302844,0.0061763795925502555,-1.3277225685903369
H593-1e69202f59c1e38274747acc,OUTCOME-0134,4,5e1903b41967d7091402cde6aa7a4b83e5df5f58a2bef1439e218f802ca6cf53,200000002710_Final,True,935,M_FIRST,0.1138834809976484,1,0,True,0.0159857047536362,935,200000002710_Final,0.1138834809976484,1219,APAP 25 CT (TP),False,1966,CDER 100ct C,False,SWITCH,0.0978977762440122,2,0.9159587756637062,CHALLENGER_RANKING_BLOCKED,1966,CDER 100ct C,False,SWITCH,0.0978977762440122,2,0.9159587756637062,CHALLENGER_RANKING_BLOCKED,BOTH_WRONG,1966,CDER 100ct C,False,0.9159587756637062,1.634691718256938,False,1.0018437295647709,-0.08588495390106465,-0.08588495390106465,2,1966,-1.1978689397743838,-0.017805875424252493,0.1575100017452744,0.056321083883060785,7.937955848191791e-12,-2.407740673504577e-12,0.0
H593-81dbdb08652482bd8788ce02,OUTCOME-0135,4,5e1903b41967d7091402cde6aa7a4b83e5df5f58a2bef1439e218f802ca6cf53,200000002710_Final,True,935,M_FIRST,0.1143867330410681,1,0,True,0.08477063282481569,935,200000002710_Final,0.1143867330410681,3663,careone-arthritis-pain-relief-carton-image,False,935,200000002710_Final,True,SWITCH,0.1143867330410681,1,1.6631343776543297,CORRECT,935,200000002710_Final,True,SWITCH,0.1143867330410681,1,1.6631343776543297,CORRECT,BOTH_CORRECT,935,200000002710_Final,True,1.6631343776543297,2.617764537830129,False,2.2017007123932606,1.6631343776543297,1.6631343776543297,1,3663,-0.3785353765790019,-1.3074105255340793,2.90038365867167,1.5764798197790766,0.23205913502129333,-0.03211976511429165,-1.3277225685903369
H593-fad260b269d3d417a7731657,OUTCOME-0136,4,5e1903b41967d7091402cde6aa7a4b83e5df5f58a2bef1439e218f802ca6cf53,200000002710_Final,True,935,M_FIRST,0.10966762124748665,1,0,True,0.06339037298500744,935,200000002710_Final,0.10966762124748665,2763,F1200A02RES_R0,False,935,200000002710_Final,True,SWITCH,0.10966762124748665,1,1.1562103990264727,CORRECT,935,200000002710_Final,True,SWITCH,0.10966762124748665,1,1.1562103990264727,CORRECT,BOTH_CORRECT,935,200000002710_Final,True,1.1562103990264727,1.8243250828224369,False,0.7443812978374325,1.1562103990264727,1.1562103990264727,1,1219,-0.4705073631554823,-0.15232141193866067,0.9559900218102064,0.40816921849734755,0.012843868287252758,-0.009793035663231395,0.0
H593-5cf549d352c47628697f6f37,OUTCOME-0137,4,5e1903b41967d7091402cde6aa7a4b83e5df5f58a2bef1439e218f802ca6cf53,200000002710_Final,True,935,M_FIRST,0.12748307264114836,1,0,True,0.05731568133190555,935,200000002710_Final,0.12748307264114836,1219,APAP 25 CT (TP),False,935,200000002710_Final,True,SWITCH,0.12748307264114836,1,0.09797936046495304,CORRECT,935,200000002710_Final,True,SWITCH,0.12748307264114836,1,0.09797936046495304,CORRECT,BOTH_CORRECT,935,200000002710_Final,True,0.09797936046495304,0.7250462375541324,False,0.5355975825751218,0.09797936046495304,0.09797936046495304,1,1219,-1.6805307635895375,-1.298730497099329,2.6340843063753834,1.5702427936808203,0.23278188178942266,-0.032145792101470054,-1.3277225685903369
H593-2e5153cd0e9bd1dddbb75dea,OUTCOME-0138,4,5e1903b41967d7091402cde6aa7a4b83e5df5f58a2bef1439e218f802ca6cf53,200000002710_Final,True,935,M_FIRST,0.12049446262986406,1,0,True,0.02143642574942345,935,200000002710_Final,0.12049446262986406,1219,APAP 25 CT (TP),False,1966,CDER 100ct C,False,SWITCH,0.09905803688044061,2,0.5879080390271789,CHALLENGER_RANKING_BLOCKED,1966,CDER 100ct C,False,SWITCH,0.09905803688044061,2,0.5879080390271789,CHALLENGER_RANKING_BLOCKED,BOTH_WRONG,1966,CDER 100ct C,False,0.5879080390271789,1.2945383650130204,False,0.9402855255482667,-0.3523774865210878,-0.3523774865210878,2,1966,-1.1599547880351437,-0.014255665634377968,0.19636865827479433,0.037644108436579504,-1.004329448520136e-05,-7.779529563364113e-05,0.0
H593-f35a8c51ab813d80801658e6,OUTCOME-0139,4,5e1903b41967d7091402cde6aa7a4b83e5df5f58a2bef1439e218f802ca6cf53,200000002710_Final,True,935,M_FIRST,0.10766758553719491,1,0,True,0.06940574685604414,935,200000002710_Final,0.10766758553719491,935,200000002710_Final,True,935,200000002710_Final,True,HOLD,0.10766758553719491,1,0.0,CORRECT,935,200000002710_Final,True,HOLD,0.10766758553719491,1,0.0,CORRECT,BOTH_CORRECT,3663,careone-arthritis-pain-relief-carton-image,False,-4.386132371695367,-3.753405428688224,True,0.5643866869339336,0.0,0.0,,3663,0.3386906483701267,-1.281264096994068,2.252788679190784,1.5464647219207215,0.23278188197697663,-0.031052031359510655,1.3277225685903369
H593-eaf3edda1f071e309b8a2a43,OUTCOME-0140,4,5e1903b41967d7091402cde6aa7a4b83e5df5f58a2bef1439e218f802ca6cf53,200000002710_Final,True,935,M_RANK_11_128,0.01584380442818451,14,0,False,-0.011023222197049487,3199,artridol-44-604-1,0.026867026625234,4358,cvsapaplabel,False,4358,cvsapaplabel,False,HOLD,0.004720888362777721,108,0.0,CHALLENGER_RANKING_BLOCKED,1225,APAP20,False,SWITCH,0.01952309395063862,7,0.48709085105477384,CHALLENGER_RANKING_BLOCKED,BOTH_WRONG,1225,APAP20,False,-0.04222891771210757,0.48709085105477384,True,0.03842109328163845,-0.2810854506570195,-0.2810854506570195,5,4358,-0.5697000402629957,-1.086716068001727,2.018806957476563,0.8900650120761335,-0.2327818721146292,0.026963128759972727,-1.3277225685903369
H593-e231dadc5ef7695b0c738e54,OUTCOME-0141,4,5e1903b41967d7091402cde6aa7a4b83e5df5f58a2bef1439e218f802ca6cf53,200000002710_Final,True,935,M_RANK_11_128,0.015267472788124231,38,0,False,-0.009902709548271887,5236,metoprolol-carton-label-10,0.02517018233639612,1981,CDER portal_100ct,False,1981,CDER portal_100ct,False,HOLD,0.010728146673269918,93,0.0,CHALLENGER_RANKING_BLOCKED,1981,CDER portal_100ct,False,HOLD,0.010728146673269918,93,0.0,CHALLENGER_RANKING_BLOCKED,BOTH_WRONG,1990,CDER_50ct,False,-0.6897272288476978,-0.14166703741647957,True,0.13374153506298925,-1.0352959312549812,-1.0352959312549812,4,1981,-0.44361356044582273,-0.42558244572189985,0.6517628051876206,0.27640074356141525,0.23278187948835097,0.0006772152656914027,-1.3277225685903369
H593-4c89e7fdea0f3bfc34d4091a,OUTCOME-0143,1,da19e4e6b83d15ea83c05ab2e67a7e30bde059231ecd7dfb7f93382fc5e60b98,200000003252_R-00_28ct,True,937,M_FIRST,0.05130235892422887,1,0,True,0.01924245759200103,937,200000003252_R-00_28ct,0.05130235892422887,4366,cvshealth-mucus-extended-release-carton-image,False,937,200000003252_R-00_28ct,True,SWITCH,0.05130235892422887,1,0.9636266362861057,CORRECT,937,200000003252_R-00_28ct,True,SWITCH,0.05130235892422887,1,0.9636266362861057,CORRECT,BOTH_CORRECT,937,200000003252_R-00_28ct,True,0.9636266362861057,1.7764446900612847,False,2.4889654577534794,0.9636266362861057,0.9636266362861057,1,4366,-0.030896754670743324,-1.9798777131361003,1.9815412600279407,2.0668761391583677,0.147105899487467,0.010487294660240799,-1.2316094892410674
H593-c80f563bd4cc8c240f4ce0e4,OUTCOME-0145,1,da19e4e6b83d15ea83c05ab2e67a7e30bde059231ecd7dfb7f93382fc5e60b98,200000003252_R-00_28ct,True,937,M_FIRST,0.046099603963213824,1,0,True,0.01727411691395415,937,200000003252_R-00_28ct,0.046099603963213824,4366,cvshealth-mucus-extended-release-carton-image,False,937,200000003252_R-00_28ct,True,SWITCH,0.046099603963213824,1,0.9364439401133109,CORRECT,937,200000003252_R-00_28ct,True,SWITCH,0.046099603963213824,1,0.9364439401133109,CORRECT,BOTH_CORRECT,937,200000003252_R-00_28ct,True,0.9364439401133109,1.746544844878788,False,2.418813825196623,0.9364439401133109,0.9364439401133109,1,4366,-0.02358163671540021,-2.005063081026073,1.8504008888452195,2.1885668099010336,0.14699043646651236,0.010740011883085876,-1.2316094892410674
H593-e439fefab23845c41029c64b,OUTCOME-0148,1,da19e4e6b83d15ea83c05ab2e67a7e30bde059231ecd7dfb7f93382fc5e60b98,200000003252_R-00_28ct,True,937,M_FIRST,0.08120904161332974,1,0,True,0.05076561614154687,937,200000003252_R-00_28ct,0.08120904161332974,4366,cvshealth-mucus-extended-release-carton-image,False,937,200000003252_R-00_28ct,True,SWITCH,0.08120904161332974,1,1.8350808915307426,CORRECT,937,200000003252_R-00_28ct,True,SWITCH,0.08120904161332974,1,1.8350808915307426,CORRECT,BOTH_CORRECT,937,200000003252_R-00_28ct,True,1.8350808915307426,2.6368937957267304,False,2.204833374177624,1.8350808915307426,1.8350808915307426,1,4366,-0.12424543052159925,-2.0644893064859198,2.8868863440382433,2.209946831556855,0.14729420946308527,0.011297732721145873,-1.2316094892410674
H593-4b694eed8bda537b0b21e8ff,OUTCOME-0150,1,da19e4e6b83d15ea83c05ab2e67a7e30bde059231ecd7dfb7f93382fc5e60b98,200000003252_R-00_28ct,True,937,M_FIRST,0.07108730625226503,1,0,True,0.02930563736403765,937,200000003252_R-00_28ct,0.07108730625226503,4366,cvshealth-mucus-extended-release-carton-image,False,4366,cvshealth-mucus-extended-release-carton-image,False,HOLD,0.04178166888822738,2,0.0,TARGET_TOP_BUT_HOLD,4366,cvshealth-mucus-extended-release-carton-image,False,HOLD,0.04178166888822738,2,0.0,TARGET_TOP_BUT_HOLD,BOTH_WRONG,937,200000003252_R-00_28ct,True,-0.8301375654619232,-0.01964444103919427,True,2.428940192642377,-0.8301375654619232,-0.8301375654619232,1,4366,-0.05811205676495075,-0.5449885316674719,0.9448243661209401,0.0016176191018642222,0.0627384210482538,-0.004607894059491324,-1.2316094892410674
H593-339a688dea829493403d97e9,OUTCOME-0152,1,da19e4e6b83d15ea83c05ab2e67a7e30bde059231ecd7dfb7f93382fc5e60b98,200000003252_R-00_28ct,True,937,M_FIRST,0.25972773371492514,1,0,True,0.1609612250683557,937,200000003252_R-00_28ct,0.25972773371492514,4386,daef2ab1-ad83-4acc-95f4-00847e8a4810-00,False,937,200000003252_R-00_28ct,True,SWITCH,0.25972773371492514,1,1.4067685277045907,CORRECT,937,200000003252_R-00_28ct,True,SWITCH,0.25972773371492514,1,1.4067685277045907,CORRECT,BOTH_CORRECT,937,200000003252_R-00_28ct,True,1.4067685277045907,2.182365591654928,False,1.5279901147481658,1.4067685277045907,1.4067685277045907,1,4386,-0.11905597876896898,-2.006337346314955,2.914847378678511,1.689251477751757,0.1486905596420338,0.010981925957280078,-1.2316094892410674
H593-e2df8b1f9a0066d722f177e2,OUTCOME-0153,1,da19e4e6b83d15ea83c05ab2e67a7e30bde059231ecd7dfb7f93382fc5e60b98,200000003252_R-00_28ct,True,937,M_FIRST,0.0914005150741881,1,0,True,0.041060168852296734,937,200000003252_R-00_28ct,0.0914005150741881,4366,cvshealth-mucus-extended-release-carton-image,False,937,200000003252_R-00_28ct,True,SWITCH,0.0914005150741881,1,0.48547770217150243,CORRECT,937,200000003252_R-00_28ct,True,SWITCH,0.0914005150741881,1,0.48547770217150243,CORRECT,BOTH_CORRECT,937,200000003252_R-00_28ct,True,0.48547770217150243,1.259882272992909,False,1.497202204512605,0.48547770217150243,0.48547770217150243,1,4366,-0.10797842438613146,-1.8415071156391702,1.8691324239901033,1.6683441037975695,0.12066570501790042,0.008430498632298333,-1.2316094892410674
H593-e1fc157329d8b0eed6101eee,OUTCOME-0158,3,162fd69cd74c8e3f1f06ce6bb5fec631f657a623f060862dbcc70a39fc026e96,2021 Lice Freee!_6ozPOP R2a,True,567,M_FIRST,0.07571798361010144,1,0,True,0.05519257210124824,567,2021 Lice Freee!_6ozPOP R2a,0.07571798361010144,567,2021 Lice Freee!_6ozPOP R2a,True,567,2021 Lice Freee!_6ozPOP R2a,True,HOLD,0.07571798361010144,1,0.0,CORRECT,567,2021 Lice Freee!_6ozPOP R2a,True,HOLD,0.07571798361010144,1,0.0,CORRECT,BOTH_CORRECT,568,2021KillsSuperLice_LicefreeKit R3_Page_1,False,-4.326386154194267,-3.7439575982934783,True,0.4134767237017414,0.0,0.0,,568,0.6785264163068472,-0.9124054850365134,2.2971160051422754,0.9000598083472752,0.12174050338631151,-0.060011646191008725,1.3013605522390803
H593-0c93295a4efc661bc7464f47,OUTCOME-0159,3,162fd69cd74c8e3f1f06ce6bb5fec631f657a623f060862dbcc70a39fc026e96,2021 Lice Freee!_6ozPOP R2a,True,567,M_FIRST,0.0750279011477708,1,0,True,0.035204611430295636,567,2021 Lice Freee!_6ozPOP R2a,0.0750279011477708,1873,Broncovac 5 Throat Spray 1 Oz. Carton 001,False,567,2021 Lice Freee!_6ozPOP R2a,True,SWITCH,0.0750279011477708,1,1.3457833369640164,CORRECT,567,2021 Lice Freee!_6ozPOP R2a,True,SWITCH,0.0750279011477708,1,1.3457833369640164,CORRECT,BOTH_CORRECT,567,2021 Lice Freee!_6ozPOP R2a,True,1.3457833369640164,2.229526249557787,False,1.2291367043451262,1.3457833369640164,1.3457833369640164,1,1017,0.5043301741345113,-0.07545177019921445,0.6766734851650118,0.2379076214976763,0.003076324929170149,-0.11739913118202844,0.0
H593-a114ff1f00cbc465a5ace6d8,OUTCOME-0160,3,162fd69cd74c8e3f1f06ce6bb5fec631f657a623f060862dbcc70a39fc026e96,2021 Lice Freee!_6ozPOP R2a,True,567,M_FIRST,0.07957771898854232,1,0,True,0.05690841723599738,567,2021 Lice Freee!_6ozPOP R2a,0.07957771898854232,567,2021 Lice Freee!_6ozPOP R2a,True,567,2021 Lice Freee!_6ozPOP R2a,True,HOLD,0.07957771898854232,1,0.0,CORRECT,567,2021 Lice Freee!_6ozPOP R2a,True,HOLD,0.07957771898854232,1,0.0,CORRECT,BOTH_CORRECT,566,2021 LF UF Kit R11A new,False,-4.740667004836084,-4.088830201017367,True,0.6013653154521634,0.0,0.0,,566,0.5888477186680441,-0.9824931694745661,2.355231955785556,1.4014846229128635,0.13770670332012572,-0.06147137861501951,1.3013605522390803
H593-9ef1d8c2590d6487518c2d18,OUTCOME-0161,3,162fd69cd74c8e3f1f06ce6bb5fec631f657a623f060862dbcc70a39fc026e96,2021 Lice Freee!_6ozPOP R2a,True,567,M_FIRST,0.050509790513560957,1,0,True,0.012041373828576445,567,2021 Lice Freee!_6ozPOP R2a,0.050509790513560957,567,2021 Lice Freee!_6ozPOP R2a,True,567,2021 Lice Freee!_6ozPOP R2a,True,HOLD,0.050509790513560957,1,0.0,CORRECT,567,2021 Lice Freee!_6ozPOP R2a,True,HOLD,0.050509790513560957,1,0.0,CORRECT,BOTH_CORRECT,3055,Unit Carton,False,-4.404585005185129,-3.93138566911724,True,0.11779249440570272,0.0,0.0,,3055,2.5267333038664,-0.3603232652896139,0.4374428032431322,0.36976988131040917,0.06813035098289161,0.06147137883282911,1.3013605522390803
H593-e92fe753ade85e2fd385e8fd,OUTCOME-0162,3,162fd69cd74c8e3f1f06ce6bb5fec631f657a623f060862dbcc70a39fc026e96,2021 Lice Freee!_6ozPOP R2a,True,567,M_FIRST,0.07417970019462487,1,0,True,0.04760773281176403,567,2021 Lice Freee!_6ozPOP R2a,0.07417970019462487,567,2021 Lice Freee!_6ozPOP R2a,True,567,2021 Lice Freee!_6ozPOP R2a,True,HOLD,0.07417970019462487,1,0.0,CORRECT,567,2021 Lice Freee!_6ozPOP R2a,True,HOLD,0.07417970019462487,1,0.0,CORRECT,BOTH_CORRECT,568,2021KillsSuperLice_LicefreeKit R3_Page_1,False,-3.305536733992657,-2.331368402232644,True,1.473918919359062,0.0,0.0,,568,0.5451365286169123,-0.7319977868333754,1.5274047764533392,0.6208796027531425,0.08219218636181423,-0.03943912559825586,1.3013605522390803
H593-34d45edf8c0dc44243949bd9,OUTCOME-0163,3,162fd69cd74c8e3f1f06ce6bb5fec631f657a623f060862dbcc70a39fc026e96,2021 Lice Freee!_6ozPOP R2a,True,567,M_FIRST,0.07643753142004626,1,0,True,0.05361523014193689,567,2021 Lice Freee!_6ozPOP R2a,0.07643753142004626,567,2021 Lice Freee!_6ozPOP R2a,True,567,2021 Lice Freee!_6ozPOP R2a,True,HOLD,0.07643753142004626,1,0.0,CORRECT,567,2021 Lice Freee!_6ozPOP R2a,True,HOLD,0.07643753142004626,1,0.0,CORRECT,BOTH_CORRECT,568,2021KillsSuperLice_LicefreeKit R3_Page_1,False,-3.4599916569898603,-2.580521685652607,True,1.21756982375957,0.0,0.0,,568,0.6249210090234092,-0.7203643413937584,1.7459971207996043,0.46215001205200723,0.07074545711882538,-0.024818152849307665,1.3013605522390803
H593-4c47eaead5712c9295001ec4,OUTCOME-0164,3,162fd69cd74c8e3f1f06ce6bb5fec631f657a623f060862dbcc70a39fc026e96,2021 Lice Freee!_6ozPOP R2a,True,567,M_RANK_2_5,0.025929635124152084,2,0,False,-0.00886689480314088,1873,Broncovac 5 Throat Spray 1 Oz. Carton 001,0.034796529927292964,567,2021 Lice Freee!_6ozPOP R2a,True,567,2021 Lice Freee!_6ozPOP R2a,True,HOLD,0.025929635124152084,2,0.0,CORRECT,567,2021 Lice Freee!_6ozPOP R2a,True,HOLD,0.025929635124152084,2,0.0,CORRECT,BOTH_CORRECT,566,2021 LF UF Kit R11A new,False,-3.0535582455768617,-2.459575444902217,True,0.44475414165164207,0.0,0.0,,566,0.7099125229386003,-0.6428464246572883,0.921259070587522,0.6850857015914685,0.12422296641599428,-0.04543614353851517,1.3013605522390803
H593-f8eff39159581996e9ea4e6c,OUTCOME-0165,3,162fd69cd74c8e3f1f06ce6bb5fec631f657a623f060862dbcc70a39fc026e96,2021 Lice Freee!_6ozPOP R2a,True,567,M_FIRST,0.12193062965105451,1,0,True,0.08281414837688506,567,2021 Lice Freee!_6ozPOP R2a,0.12193062965105451,567,2021 Lice Freee!_6ozPOP R2a,True,567,2021 Lice Freee!_6ozPOP R2a,True,HOLD,0.12193062965105451,1,0.0,CORRECT,567,2021 Lice Freee!_6ozPOP R2a,True,HOLD,0.12193062965105451,1,0.0,CORRECT,BOTH_CORRECT,568,2021KillsSuperLice_LicefreeKit R3_Page_1,False,-5.010366512601273,-4.513787649850689,True,0.18108102964430195,0.0,0.0,,568,0.7969654794780657,-0.9765695384791997,2.519388773782772,1.2963508736586107,0.13434175099216683,-0.061471379070223035,1.3013605522390803
H593-2fa24ad21b4ed56f150b2b7a,OUTCOME-0166,3,162fd69cd74c8e3f1f06ce6bb5fec631f657a623f060862dbcc70a39fc026e96,2021 Lice Freee!_6ozPOP R2a,True,567,M_FIRST,0.1834983733020586,1,0,True,0.14886641015787014,567,2021 Lice Freee!_6ozPOP R2a,0.1834983733020586,567,2021 Lice Freee!_6ozPOP R2a,True,567,2021 Lice Freee!_6ozPOP R2a,True,HOLD,0.1834983733020586,1,0.0,CORRECT,567,2021 Lice Freee!_6ozPOP R2a,True,HOLD,0.1834983733020586,1,0.0,CORRECT,BOTH_CORRECT,3777,cartons,False,-4.888046401921986,-4.445533104996617,True,0.03472518102669575,0.0,0.0,,3777,1.3267760066904724,-0.8984349714946773,2.2277473160486023,0.8616023389935058,0.12237601442765182,-0.053380854982649606,1.3013605522390803
H593-9f91daf2068d31d6a3605a12,OUTCOME-0167,3,162fd69cd74c8e3f1f06ce6bb5fec631f657a623f060862dbcc70a39fc026e96,2021 Lice Freee!_6ozPOP R2a,True,567,M_FIRST,0.12657274576616323,1,0,True,0.05310386898779823,567,2021 Lice Freee!_6ozPOP R2a,0.12657274576616323,567,2021 Lice Freee!_6ozPOP R2a,True,567,2021 Lice Freee!_6ozPOP R2a,True,HOLD,0.12657274576616323,1,0.0,CORRECT,567,2021 Lice Freee!_6ozPOP R2a,True,HOLD,0.12657274576616323,1,0.0,CORRECT,BOTH_CORRECT,3777,cartons,False,-3.826357480446574,-3.3769900953280763,True,0.053279243648518104,0.0,0.0,,3777,0.42479179905080416,-0.9276127249637358,2.150220260557223,1.0738832939875973,-0.13770670329864365,-0.05857899712575074,1.3013605522390803
H593-bd50369106a00a7162abcff8,OUTCOME-0168,3,162fd69cd74c8e3f1f06ce6bb5fec631f657a623f060862dbcc70a39fc026e96,2021 Lice Freee!_6ozPOP R2a,True,567,M_FIRST,0.12901369330076157,1,0,True,0.09067656726162797,567,2021 Lice Freee!_6ozPOP R2a,0.12901369330076157,567,2021 Lice Freee!_6ozPOP R2a,True,567,2021 Lice Freee!_6ozPOP R2a,True,HOLD,0.12901369330076157,1,0.0,CORRECT,567,2021 Lice Freee!_6ozPOP R2a,True,HOLD,0.12901369330076157,1,0.0,CORRECT,BOTH_CORRECT,568,2021KillsSuperLice_LicefreeKit R3_Page_1,False,-5.521772076407689,-5.071581019055792,True,0.05550892989820522,0.0,0.0,,568,1.1488053478857128,-0.9842730389235266,2.6380747065998693,1.3441486488067864,0.13512723885601421,-0.0614713790562475,1.3013605522390803
H593-b2399473327834cc8a1530cb,OUTCOME-0169,3,162fd69cd74c8e3f1f06ce6bb5fec631f657a623f060862dbcc70a39fc026e96,2021 Lice Freee!_6ozPOP R2a,True,567,M_FIRST,0.1298171592486211,1,0,True,0.08871869679031699,567,2021 Lice Freee!_6ozPOP R2a,0.1298171592486211,567,2021 Lice Freee!_6ozPOP R2a,True,567,2021 Lice Freee!_6ozPOP R2a,True,HOLD,0.1298171592486211,1,0.0,CORRECT,567,2021 Lice Freee!_6ozPOP R2a,True,HOLD,0.1298171592486211,1,0.0,CORRECT,BOTH_CORRECT,568,2021KillsSuperLice_LicefreeKit R3_Page_1,False,-5.48546076925655,-5.055740409425121,True,9.461467420468495e-05,0.0,0.0,,568,1.166053975009016,-0.9803868763410071,2.6324145170949547,1.2948357964877268,0.1326541838203909,-0.061471379053611365,1.3013605522390803
H593-a487586dad789825a5e5de7e,OUTCOME-0170,3,162fd69cd74c8e3f1f06ce6bb5fec631f657a623f060862dbcc70a39fc026e96,2021 Lice Freee!_6ozPOP R2a,True,567,M_FIRST,0.10659298954177068,1,0,True,0.03475837819524759,567,2021 Lice Freee!_6ozPOP R2a,0.10659298954177068,3777,cartons,False,567,2021 Lice Freee!_6ozPOP R2a,True,SWITCH,0.10659298954177068,1,0.052963306521890186,CORRECT,567,2021 Lice Freee!_6ozPOP R2a,True,SWITCH,0.10659298954177068,1,0.052963306521890186,CORRECT,BOTH_CORRECT,567,2021 Lice Freee!_6ozPOP R2a,True,0.052963306521890186,0.8310834082163253,False,0.943215048174474,0.052963306521890186,0.052963306521890186,1,3777,-0.8600619367763146,-0.9398114927468425,2.2273049584782036,1.1154476244781955,-0.13770670326900616,-0.05084859140326515,-1.3013605522390803
H593-9f8dd01155f74649239042a7,OUTCOME-0171,3,162fd69cd74c8e3f1f06ce6bb5fec631f657a623f060862dbcc70a39fc026e96,2021 Lice Freee!_6ozPOP R2a,True,567,M_FIRST,0.05623955500985711,1,0,True,0.011142046680136422,567,2021 Lice Freee!_6ozPOP R2a,0.05623955500985711,567,2021 Lice Freee!_6ozPOP R2a,True,567,2021 Lice Freee!_6ozPOP R2a,True,HOLD,0.05623955500985711,1,0.0,CORRECT,567,2021 Lice Freee!_6ozPOP R2a,True,HOLD,0.05623955500985711,1,0.0,CORRECT,BOTH_CORRECT,568,2021KillsSuperLice_LicefreeKit R3_Page_1,False,-3.151526294658483,-2.4899782371355776,True,0.6276537442390193,0.0,0.0,,568,0.7993677448005696,-0.7419928001346185,1.1596691871133045,0.816827455053871,-0.13770670326206738,-0.045999141151656514,1.3013605522390803
H593-a2df01b6d16cae1702ebe6de,OUTCOME-0172,3,162fd69cd74c8e3f1f06ce6bb5fec631f657a623f060862dbcc70a39fc026e96,2021 Lice Freee!_6ozPOP R2a,False,,TARGET_ABSENT,,,,False,,2120,CS TP Color Balm Unit Carton_BLUSH_1709484_PRINT (1),0.043534473511823206,1829,Box-71870-104-01,False,1829,Box-71870-104-01,False,HOLD,0.027883161846112028,18,0.0,TARGET_ABSENT,1829,Box-71870-104-01,False,HOLD,0.027883161846112028,18,0.0,TARGET_ABSENT,BOTH_WRONG,1261,ART_12708455,False,-1.1594438833610743,-0.6773327944986728,True,0.14191666887800602,,,,,,,,,,,
H593-f3c20abac3dd184a86c429a0,OUTCOME-0173,3,162fd69cd74c8e3f1f06ce6bb5fec631f657a623f060862dbcc70a39fc026e96,2021 Lice Freee!_6ozPOP R2a,True,567,M_FIRST,0.11589163583814031,1,0,True,0.076561938356147,567,2021 Lice Freee!_6ozPOP R2a,0.11589163583814031,567,2021 Lice Freee!_6ozPOP R2a,True,567,2021 Lice Freee!_6ozPOP R2a,True,HOLD,0.11589163583814031,1,0.0,CORRECT,567,2021 Lice Freee!_6ozPOP R2a,True,HOLD,0.11589163583814031,1,0.0,CORRECT,BOTH_CORRECT,568,2021KillsSuperLice_LicefreeKit R3_Page_1,False,-5.002109710477795,-4.523368183418524,True,0.13279524252022146,0.0,0.0,,568,0.7615883920673512,-0.9871627610269479,2.4162894208726233,1.4348396321956083,0.13666585319719207,-0.06147137906711275,1.3013605522390803
H593-22df23c2ff5577aea691a22b,OUTCOME-0174,3,162fd69cd74c8e3f1f06ce6bb5fec631f657a623f060862dbcc70a39fc026e96,2021 Lice Freee!_6ozPOP R2a,True,567,M_FIRST,0.1382145389927296,1,0,True,0.06371343706820988,567,2021 Lice Freee!_6ozPOP R2a,0.1382145389927296,567,2021 Lice Freee!_6ozPOP R2a,True,567,2021 Lice Freee!_6ozPOP R2a,True,HOLD,0.1382145389927296,1,0.0,CORRECT,567,2021 Lice Freee!_6ozPOP R2a,True,HOLD,0.1382145389927296,1,0.0,CORRECT,BOTH_CORRECT,4448,dragon-01,False,-3.9875802045830477,-3.537132769171783,True,0.05620294702117157,0.0,0.0,,4448,1.6436555705249478,-0.595286749537325,0.9681897866020425,0.5629347128154625,0.1377067031545962,-0.030980371215756895,1.3013605522390803
H593-45b44a0e21c38fc764d3bda3,OUTCOME-0180,0,90ac003cd2a364358615609849057610d2455409fc699f86928b73f0f88a0f8c,20230531134258,True,944,M_FIRST,0.34664784597845655,1,0,True,0.07025247408969365,944,20230531134258,0.34664784597845655,944,20230531134258,True,944,20230531134258,True,HOLD,0.34664784597845655,1,0.0,CORRECT,944,20230531134258,True,HOLD,0.34664784597845655,1,0.0,CORRECT,BOTH_CORRECT,4241,crtn,False,-3.431460202474286,-2.6018102387955166,True,2.2009600777975957,0.0,0.0,,4241,2.003111600706981,-0.5132561005947054,0.41722116616208704,0.37349113957514946,0.04792681112242574,0.004815929417452828,1.0981496560848956
H593-a04fed19b50c1df3dfaa07e3,OUTCOME-0196,3,f90fb756794a5ae5c68d05c56cb486456e64d83f751a66bbf1ddae3fcb43bb13,300000538_R-00_Final,True,977,M_FIRST,0.1389363615303763,1,0,True,0.11599939652056558,977,300000538_R-00_Final,0.1389363615303763,977,300000538_R-00_Final,True,977,300000538_R-00_Final,True,HOLD,0.1389363615303763,1,0.0,CORRECT,977,300000538_R-00_Final,True,HOLD,0.1389363615303763,1,0.0,CORRECT,BOTH_CORRECT,2759,F1192B04CAR_R0,False,-4.969979987402209,-4.369294918462202,True,0.46289722671267963,0.0,0.0,,2759,0.9396688240389308,-0.9535784184153716,2.6613712014334325,0.9537779089450439,0.12377145708962001,-0.05639153792852653,1.3013605522390803
H593-57dba7774ff1e1399e0d181e,OUTCOME-0197,3,f90fb756794a5ae5c68d05c56cb486456e64d83f751a66bbf1ddae3fcb43bb13,300000538_R-00_Final,True,977,M_FIRST,0.13772079093612924,1,0,True,0.06710526467784941,977,300000538_R-00_Final,0.13772079093612924,977,300000538_R-00_Final,True,977,300000538_R-00_Final,True,HOLD,0.13772079093612924,1,0.0,CORRECT,977,300000538_R-00_Final,True,HOLD,0.13772079093612924,1,0.0,CORRECT,BOTH_CORRECT,2631,DDM Cetirizine 10 mg 45ct carton label,False,-3.5397588154725925,-3.087996233172633,True,0.0597630584527975,0.0,0.0,,2631,0.6697797186044426,-0.750731698047687,1.6275339461614748,0.6222508395338057,0.11840974889861695,-0.04884429191714041,1.3013605522390803
H593-2b74b8c201be8b599627fefc,OUTCOME-0198,3,f90fb756794a5ae5c68d05c56cb486456e64d83f751a66bbf1ddae3fcb43bb13,300000538_R-00_Final,False,,TARGET_ABSENT,,,,False,,2424,Cetirizine 180ct,0.03340696299735182,2733,F109101HTE_R1,False,2733,F109101HTE_R1,False,HOLD,0.016901081814937845,30,0.0,TARGET_ABSENT,2733,F109101HTE_R1,False,HOLD,0.016901081814937845,30,0.0,TARGET_ABSENT,BOTH_WRONG,2654,DEXTROM 15CT,False,-1.7237721501905496,-1.1944266331397269,True,0.2697805821834238,,,,,,,,,,,
H593-8f8d5f7b173a9997dbb55c20,OUTCOME-0199,3,f90fb756794a5ae5c68d05c56cb486456e64d83f751a66bbf1ddae3fcb43bb13,300000538_R-00_Final,False,,TARGET_ABSENT,,,,False,,4802,tersi-5,0.04662252218346389,3029,Tatcha 50 ML Back Panel,False,3029,Tatcha 50 ML Back Panel,False,HOLD,0.010947064153434445,83,0.0,TARGET_ABSENT,3029,Tatcha 50 ML Back Panel,False,HOLD,0.010947064153434445,83,0.0,TARGET_ABSENT,BOTH_WRONG,1897,Buscolicos,False,-0.9839895788205972,-0.44084870689265665,True,0.3071247001854205,,,,,,,,,,,
H593-e745d1315c4f8a09abbb528a,OUTCOME-0200,3,f90fb756794a5ae5c68d05c56cb486456e64d83f751a66bbf1ddae3fcb43bb13,300000538_R-00_Final,True,977,M_FIRST,0.14969240053523705,1,0,True,0.11644849381283687,977,300000538_R-00_Final,0.14969240053523705,977,300000538_R-00_Final,True,977,300000538_R-00_Final,True,HOLD,0.14969240053523705,1,0.0,CORRECT,977,300000538_R-00_Final,True,HOLD,0.14969240053523705,1,0.0,CORRECT,BOTH_CORRECT,2759,F1192B04CAR_R0,False,-4.492071761203323,-3.8077189488776146,True,0.6893863681510775,0.0,0.0,,2759,1.0085999891613655,-0.8735015290171,2.334440295478153,0.6433891228657186,0.1273106835213912,-0.049527353045285986,1.3013605522390803
H593-8285fd5984e94e029faac844,OUTCOME-0201,3,f90fb756794a5ae5c68d05c56cb486456e64d83f751a66bbf1ddae3fcb43bb13,300000538_R-00_Final,True,977,M_RANK_11_128,0.01638667583487006,27,0,False,-0.02810761616378641,2430,Cetirizine tablets 10mg 30 count carton Rev 02 2024,0.04449429199865647,977,300000538_R-00_Final,True,977,300000538_R-00_Final,True,HOLD,0.01638667583487006,27,0.0,CORRECT,977,300000538_R-00_Final,True,HOLD,0.01638667583487006,27,0.0,CORRECT,BOTH_CORRECT,2740,F111301CAR_R0,False,-1.6200487329739834,-1.1626182358012502,True,0.07510614195587162,0.0,0.0,,2740,0.6553009083620146,0.29851377935021745,0.022384357836804952,-0.4762885446172665,-0.13770670183848838,-0.04351561835837888,1.3013605522390803
H593-7d06b1868b0027825f88ef1c,OUTCOME-0202,3,f90fb756794a5ae5c68d05c56cb486456e64d83f751a66bbf1ddae3fcb43bb13,300000538_R-00_Final,True,977,M_FIRST,0.04852434341803522,1,0,True,0.007707091506755477,977,300000538_R-00_Final,0.04852434341803522,4485,fexo-180mg,False,977,300000538_R-00_Final,True,SWITCH,0.04852434341803522,1,0.33705838755723305,CORRECT,977,300000538_R-00_Final,True,SWITCH,0.04852434341803522,1,0.33705838755723305,CORRECT,BOTH_CORRECT,977,300000538_R-00_Final,True,0.33705838755723305,1.3664944882373313,False,1.6235291398023344,0.33705838755723305,0.33705838755723305,1,4485,-0.5004556116449592,-0.8955985769862109,1.766712346641668,1.070284749708177,0.13600465309309145,0.06147137898454691,-1.3013605522390803
H593-5f0b1cc082bf69f4270e53f3,OUTCOME-0203,3,f90fb756794a5ae5c68d05c56cb486456e64d83f751a66bbf1ddae3fcb43bb13,300000538_R-00_Final,False,,TARGET_ABSENT,,,,False,,2774,Fexo180_CDC,0.04420557359543961,2872,Midol Complete Caffeine Free 24ct Carton,False,2872,Midol Complete Caffeine Free 24ct Carton,False,HOLD,0.020092318198208194,26,0.0,TARGET_ABSENT,814,(BUX0ABS1)-Back-card,False,SWITCH,0.03555999159915047,3,0.2794598713870693,TARGET_ABSENT,BOTH_WRONG,814,(BUX0ABS1)-Back-card,False,-0.4351283755113532,0.2794598713870693,True,0.7712338919431584,,,,,,,,,,,
H593-3b68986a5abcc6bf1b6ba1b9,OUTCOME-0204,3,f90fb756794a5ae5c68d05c56cb486456e64d83f751a66bbf1ddae3fcb43bb13,300000538_R-00_Final,True,977,M_FIRST,0.14534218482119327,1,0,True,0.1062081651200382,977,300000538_R-00_Final,0.14534218482119327,977,300000538_R-00_Final,True,977,300000538_R-00_Final,True,HOLD,0.14534218482119327,1,0.0,CORRECT,977,300000538_R-00_Final,True,HOLD,0.14534218482119327,1,0.0,CORRECT,BOTH_CORRECT,2759,F1192B04CAR_R0,False,-4.143917740949439,-3.2485927196196642,True,1.2604895502270903,0.0,0.0,,2759,0.9792764631746723,-0.8331944358086465,1.8610002811671713,0.7749556979746532,0.10561395393066733,-0.04509477172815903,1.3013605522390803
H593-d67beb79b7f0a02cac2b3621,OUTCOME-0205,3,f90fb756794a5ae5c68d05c56cb486456e64d83f751a66bbf1ddae3fcb43bb13,300000538_R-00_Final,False,,TARGET_ABSENT,,,,False,,3722,raw_images/otc/carton.jpg,0.11978548904927627,2512,Coldtac Plus DayTime 10 Softgel,False,2512,Coldtac Plus DayTime 10 Softgel,False,HOLD,0.0118145926851041,110,0.0,TARGET_ABSENT,4054,clotrimazole-vaginal-cream-delisted-1,False,SWITCH,0.033160944302849854,10,0.4337124391782432,TARGET_ABSENT,BOTH_WRONG,4054,clotrimazole-vaginal-cream-delisted-1,False,-0.09889984685319475,0.4337124391782432,True,0.27862374768253684,,,,,,,,,,,
H593-ae4130a111482f755df6181a,OUTCOME-0206,3,f90fb756794a5ae5c68d05c56cb486456e64d83f751a66bbf1ddae3fcb43bb13,300000538_R-00_Final,True,977,M_RANK_11_128,0.008258188560357486,69,0,False,-0.025002088097262436,3851,cetirizine-hcl-5-mg-30ct-ifc,0.03326027665761992,977,300000538_R-00_Final,True,977,300000538_R-00_Final,True,HOLD,0.008258188560357486,69,0.0,CORRECT,977,300000538_R-00_Final,True,HOLD,0.008258188560357486,69,0.0,CORRECT,BOTH_CORRECT,3821,cetirizine-fig3,False,-1.1549519647585003,-0.5478969904201435,True,0.48014060326778996,0.0,0.0,,3821,1.2583401385205675,0.6878976993082944,-1.7735009124568795,-0.3505942819379606,0.01627216999258965,0.015176599092808454,1.3013605522390803
H593-6a4848172c5de649fc0145cb,OUTCOME-0207,3,f90fb756794a5ae5c68d05c56cb486456e64d83f751a66bbf1ddae3fcb43bb13,300000538_R-00_Final,False,,TARGET_ABSENT,,,,False,,2056,CL10425_ClassicLiplux_Tinted_SPF30_0.15oz_secondary_v6p,0.039737359448178494,4068,cold-01,False,4068,cold-01,False,HOLD,0.020875009463019047,25,0.0,TARGET_ABSENT,4068,cold-01,False,HOLD,0.020875009463019047,25,0.0,TARGET_ABSENT,BOTH_WRONG,3820,cetirizine-fig2,False,-1.9418237644993843,-1.5032236461059978,True,0.024132180544800708,,,,,,,,,,,
H593-31b015a7052d7ca5255413c3,OUTCOME-0208,3,f90fb756794a5ae5c68d05c56cb486456e64d83f751a66bbf1ddae3fcb43bb13,300000538_R-00_Final,False,,TARGET_ABSENT,,,,False,,1257,ART_050-UNI-862,0.03842091529069228,3769,cartonbottom,False,806,pleo-san-trich-01,False,SWITCH,0.028730455400063217,3,0.2567804388342154,TARGET_ABSENT,806,pleo-san-trich-01,False,SWITCH,0.028730455400063217,3,0.2567804388342154,TARGET_ABSENT,BOTH_WRONG,806,pleo-san-trich-01,False,0.2567804388342154,0.7711286166136979,False,0.22918268437987455,,,,,,,,,,,
H593-1720428a3a7802dc9dfc49e4,OUTCOME-0209,3,f90fb756794a5ae5c68d05c56cb486456e64d83f751a66bbf1ddae3fcb43bb13,300000538_R-00_Final,False,,TARGET_ABSENT,,,,False,,4491,globe ibuprofin 200mg 50pk child resistant CDER,0.028896037052787284,892,12_Count_Box_Outside_Revised_12_27,False,892,12_Count_Box_Outside_Revised_12_27,False,HOLD,0.017830924790483985,17,0.0,TARGET_ABSENT,892,12_Count_Box_Outside_Revised_12_27,False,HOLD,0.017830924790483985,17,0.0,TARGET_ABSENT,BOTH_WRONG,1875,Bronze Glow,False,-1.38368695914597,-0.8873919489972638,True,0.18031263875083448,,,,,,,,,,,
H593-da02d3441b2c6b4597eeecd4,OUTCOME-0211,2,4307e640e3e4b993a792a0030fe96b8501fe6e1375f37fcb8115bccccdf67258,430984_86324016_ASP_Severe_Cld_Flu_Eff_20ct_Crtn_FDA1,True,1024,M_RANK_2_5,0.01772587035756827,5,0,False,-0.005362850820431742,1324,ASP Cough and Sore Throat FizzyChews 24ct,0.023088721178000014,1024,430984_86324016_ASP_Severe_Cld_Flu_Eff_20ct_Crtn_FDA1,True,1024,430984_86324016_ASP_Severe_Cld_Flu_Eff_20ct_Crtn_FDA1,True,HOLD,0.01772587035756827,5,0.0,CORRECT,1024,430984_86324016_ASP_Severe_Cld_Flu_Eff_20ct_Crtn_FDA1,True,HOLD,0.01772587035756827,5,0.0,CORRECT,BOTH_CORRECT,1319,ASP Cold and Flu FizzyChews 24ct,False,-2.4515008563196146,-2.0331666384276175,True,0.0485277653579681,0.0,0.0,,1319,0.8179637775308657,-1.3853224745735553,-0.17060528144707018,1.7100305993757936,0.24415353183190802,-0.010229437381998432,1.2455101409836713
H593-cd810ce4f68ec2e45cc2c736,OUTCOME-0212,2,4307e640e3e4b993a792a0030fe96b8501fe6e1375f37fcb8115bccccdf67258,430984_86324016_ASP_Severe_Cld_Flu_Eff_20ct_Crtn_FDA1,True,1024,M_FIRST,0.06354623605371466,1,0,True,0.01963859616831213,1024,430984_86324016_ASP_Severe_Cld_Flu_Eff_20ct_Crtn_FDA1,0.06354623605371466,2715,Dubai thpaste box,False,1024,430984_86324016_ASP_Severe_Cld_Flu_Eff_20ct_Crtn_FDA1,True,SWITCH,0.06354623605371466,1,0.967226949113206,CORRECT,1024,430984_86324016_ASP_Severe_Cld_Flu_Eff_20ct_Crtn_FDA1,True,SWITCH,0.06354623605371466,1,0.967226949113206,CORRECT,BOTH_CORRECT,1024,430984_86324016_ASP_Severe_Cld_Flu_Eff_20ct_Crtn_FDA1,True,0.967226949113206,1.5541321669840078,False,0.4480772073327195,0.967226949113206,0.967226949113206,1,814,-0.8917793853159436,-0.08952408011791069,0.9734888391477754,0.4324156583906471,0.023476175637184543,-4.09033399165204e-10,0.0
H593-5fe59cce1a8be38a02275a23,OUTCOME-0213,2,4307e640e3e4b993a792a0030fe96b8501fe6e1375f37fcb8115bccccdf67258,430984_86324016_ASP_Severe_Cld_Flu_Eff_20ct_Crtn_FDA1,True,1024,M_RANK_11_128,0.014481127612176108,29,0,False,-0.01679737105109418,2704,Daytime,0.03127849866327029,2461,Claritin 12,False,2461,Claritin 12,False,HOLD,0.009152579135450542,83,0.0,CHALLENGER_RANKING_BLOCKED,2704,Daytime,False,SWITCH,0.03127849866327029,1,0.22814748296797635,CHALLENGER_RANKING_BLOCKED,BOTH_WRONG,2704,Daytime,False,-0.2207855004362147,0.22814748296797635,True,0.12105340551582777,-1.3497090870781019,-1.3497090870781019,10,2461,-1.3481432104343194,-1.3845336578870042,0.8354601672190775,1.5495664625154886,0.23972517696192086,0.0037261155304061963,-1.2455101409836713
H593-d26d0257a133ee3b7d65501b,OUTCOME-0220,2,4307e640e3e4b993a792a0030fe96b8501fe6e1375f37fcb8115bccccdf67258,430984_86324016_ASP_Severe_Cld_Flu_Eff_20ct_Crtn_FDA1,True,1024,M_FIRST,0.08587823197082577,1,0,True,0.04298274544775083,1024,430984_86324016_ASP_Severe_Cld_Flu_Eff_20ct_Crtn_FDA1,0.08587823197082577,1311,ASP COLD PF DAY NIGHT TAEF 20S (1),False,1024,430984_86324016_ASP_Severe_Cld_Flu_Eff_20ct_Crtn_FDA1,True,SWITCH,0.08587823197082577,1,0.003073584319106759,CORRECT,1024,430984_86324016_ASP_Severe_Cld_Flu_Eff_20ct_Crtn_FDA1,True,SWITCH,0.08587823197082577,1,0.003073584319106759,CORRECT,BOTH_CORRECT,1024,430984_86324016_ASP_Severe_Cld_Flu_Eff_20ct_Crtn_FDA1,True,0.003073584319106759,0.8685676715138313,False,1.1083926073288375,0.003073584319106759,0.003073584319106759,1,1311,-0.17653438188916984,-1.129184494957379,1.723167743632532,0.6976011614336962,0.140048416234983,-0.006514719151884065,-1.2455101409836713
H593-dd30b52d4199a64c81b4976c,OUTCOME-0228,4,131b059227e8e198d5556d3c77a12b94efae9837ff4f020b91f223056c73465a,45-carton-ai,True,4829,M_RANK_2_5,0.01794502718813669,3,0,False,-0.002642984729732241,4929,abrilada-36,0.02058801191786893,4829,45-carton-ai,True,4829,45-carton-ai,True,HOLD,0.01794502718813669,3,0.0,CORRECT,4829,45-carton-ai,True,HOLD,0.01794502718813669,3,0.0,CORRECT,BOTH_CORRECT,4929,abrilada-36,False,-4.621919352904622,-4.017680383803791,True,0.4194867395398516,0.0,0.0,,4929,3.477997826708011,-0.2402101930592041,-0.2560116623529118,0.44105933612599924,-0.13062601663769102,0.0019874935300813372,1.3277225685903369
H593-71a8e729bc95ecbd6e4dbc1e,OUTCOME-0234,4,131b059227e8e198d5556d3c77a12b94efae9837ff4f020b91f223056c73465a,45-carton-ai,True,4829,M_RANK_2_5,0.022835725997910866,3,0,False,-0.0014792807730739169,5345,spl-epoprostenol-carton-1,0.024315006770984783,4829,45-carton-ai,True,4829,45-carton-ai,True,HOLD,0.022835725997910866,3,0.0,CORRECT,4829,45-carton-ai,True,HOLD,0.022835725997910866,3,0.0,CORRECT,BOTH_CORRECT,4964,avtozma-37,False,-4.170807362698791,-3.550760199934429,True,0.4998928237975191,0.0,0.0,,4964,2.8531782827506698,-0.490870272579532,-0.06169920018854084,0.6869465214800891,-0.12611796213749046,-0.018352575216741406,1.3277225685903369
H593-6829310800010539ea1d94b5,OUTCOME-0237,4,131b059227e8e198d5556d3c77a12b94efae9837ff4f020b91f223056c73465a,45-carton-ai,True,4829,M_RANK_11_128,0.020809936153245008,38,0,False,-0.020438628568897513,4872,97106093-2f0a-4cc9-b580-942b015c6c5b-03,0.04124856472214252,4829,45-carton-ai,True,4829,45-carton-ai,True,HOLD,0.020809936153245008,38,0.0,CORRECT,4829,45-carton-ai,True,HOLD,0.020809936153245008,38,0.0,CORRECT,BOTH_CORRECT,5129,enoxaparin-spl-carton-150mg,False,-2.375267133649425,-1.8304020019866312,True,0.11749032696064443,0.0,0.0,,5129,1.114064816090719,-0.34680387473129237,0.04497972787748502,0.4472214826800449,-0.2327818789874497,0.02086429212958161,1.3277225685903369
H593-3907fe8991331013322a278a,OUTCOME-0240,2,4d5d4731b2c45171a86a8690a5b3a1819d26c3dd6226f61b0f9104c2f6f56484,469584,True,1032,M_FIRST,0.13133991924869462,1,0,True,0.10566009723096553,1032,469584,0.13133991924869462,1032,469584,True,1032,469584,True,HOLD,0.13133991924869462,1,0.0,CORRECT,1032,469584,True,HOLD,0.13133991924869462,1,0.0,CORRECT,BOTH_CORRECT,793,irritated-eye-drops-1,False,-5.353343739657874,-4.82489289216377,True,0.30952780638041144,0.0,0.0,,793,1.609684698063362,-1.4748394388124,2.4934772976180772,1.2744324215074077,0.21413795247092315,-0.00905933217316703,1.2455101409836713
H593-49f8cacecc7b076432f500a5,OUTCOME-0241,2,4d5d4731b2c45171a86a8690a5b3a1819d26c3dd6226f61b0f9104c2f6f56484,469584,True,1032,M_FIRST,0.06447716880576901,1,0,True,0.041292301165189504,1032,469584,0.06447716880576901,1032,469584,True,1032,469584,True,HOLD,0.06447716880576901,1,0.0,CORRECT,1032,469584,True,HOLD,0.06447716880576901,1,0.0,CORRECT,BOTH_CORRECT,4756,walgreens-44-556-1,False,-4.125126062710757,-3.642952352049592,True,0.1998410619219042,0.0,0.0,,4756,0.8769881868622337,-1.4175302904413487,1.9233015147824364,1.3226654685093586,0.1835726469040354,-0.009381604889629202,1.2455101409836713
H593-5ec7687ad1569b8195a9fcd1,OUTCOME-0242,2,4d5d4731b2c45171a86a8690a5b3a1819d26c3dd6226f61b0f9104c2f6f56484,469584,True,1032,M_FIRST,0.08390124810402182,1,0,True,0.00992754367544009,1032,469584,0.08390124810402182,4083,colirio-01,False,1032,469584,True,SWITCH,0.08390124810402182,1,1.0054722245979564,CORRECT,1032,469584,True,SWITCH,0.08390124810402182,1,1.0054722245979564,CORRECT,BOTH_CORRECT,1032,469584,True,1.0054722245979564,1.6279915671127498,False,0.5324903248304813,1.0054722245979564,1.0054722245979564,1,2920,0.01287367649413873,-0.12197211194497015,0.47652869488151284,0.16069953791104297,0.004165791002478991,0.0001947364862783449,0.0
H593-3da112eebd7cc0e1a48f3fbd,OUTCOME-0243,2,4d5d4731b2c45171a86a8690a5b3a1819d26c3dd6226f61b0f9104c2f6f56484,469584,True,1032,M_RANK_11_128,0.016057258497962627,25,0,False,-0.017466559878821612,3195,art05-0004-02,0.03352381837678424,1032,469584,True,1032,469584,True,HOLD,0.016057258497962627,25,0.0,CORRECT,1032,469584,True,HOLD,0.016057258497962627,25,0.0,CORRECT,BOTH_CORRECT,1482,AssuredAdvanced,False,-1.8681622358179426,-1.2425716735967869,True,0.5397697745579741,0.0,0.0,,1482,0.921991832418581,0.7588268152318088,0.17898331261157996,-0.9962364374048209,-0.24999411301946575,0.009080684996588307,1.2455101409836713
H593-87ac2a4b8bc60542af7bf709,OUTCOME-0244,2,4d5d4731b2c45171a86a8690a5b3a1819d26c3dd6226f61b0f9104c2f6f56484,469584,True,1032,M_FIRST,0.04073250141621217,1,0,True,0.009377484522102776,1032,469584,0.04073250141621217,1032,469584,True,1032,469584,True,HOLD,0.04073250141621217,1,0.0,CORRECT,1032,469584,True,HOLD,0.04073250141621217,1,0.0,CORRECT,BOTH_CORRECT,793,irritated-eye-drops-1,False,-3.403188439046721,-2.643341886534699,True,0.8579852802453569,0.0,0.0,,793,1.5209663027508302,-0.6894378028875296,0.730605258676126,0.4977857542096594,0.09792948398934166,-0.0001706986753783282,1.2455101409836713
H593-156bfb4a63653eec1f65ecda,OUTCOME-0245,2,4d5d4731b2c45171a86a8690a5b3a1819d26c3dd6226f61b0f9104c2f6f56484,469584,True,1032,M_RANK_2_5,0.07800896646406705,2,0,False,-0.012776348484079048,4034,clear-eyes-natural-tears-01,0.0907853149481461,1032,469584,True,1032,469584,True,HOLD,0.07800896646406705,2,0.0,CORRECT,1032,469584,True,HOLD,0.07800896646406705,2,0.0,CORRECT,BOTH_CORRECT,4028,clear-eyes-complete-7-symptom-relief-01,False,-2.514513550999416,-1.7767778961584877,True,0.8055777082005982,0.0,0.0,,4028,0.9733565474708805,-0.3410336223049359,0.15958966562783822,0.3346605223382418,0.14961675395291438,-0.007186457069194274,1.2455101409836713
H593-7d8b07a3d2656655a4aca7bb,OUTCOME-0246,2,4d5d4731b2c45171a86a8690a5b3a1819d26c3dd6226f61b0f9104c2f6f56484,469584,True,1032,M_RANK_2_5,0.027612732419982664,2,0,False,-0.008614167635175331,803,pleo-muc-01,0.036226900055157996,1032,469584,True,1032,469584,True,HOLD,0.027612732419982664,2,0.0,CORRECT,1032,469584,True,HOLD,0.027612732419982664,2,0.0,CORRECT,BOTH_CORRECT,2378,Carton Lube Eye,False,-3.0266459532410455,-2.6256598863016403,True,0.007408925027938107,0.0,0.0,,2378,1.3080326659802004,-0.6051015318717469,0.2544319736479156,0.6195527413339117,0.21410956218480612,-0.009889599017712459,1.2455101409836713
H593-4b9c8b2d75262b752ef8d7bd,OUTCOME-0247,2,4d5d4731b2c45171a86a8690a5b3a1819d26c3dd6226f61b0f9104c2f6f56484,469584,True,1032,M_FIRST,0.21707656523263258,1,0,True,0.1737063786394826,1032,469584,0.21707656523263258,1032,469584,True,1032,469584,True,HOLD,0.21707656523263258,1,0.0,CORRECT,1032,469584,True,HOLD,0.21707656523263258,1,0.0,CORRECT,BOTH_CORRECT,1482,AssuredAdvanced,False,-5.499465561573416,-5.087845290901987,True,0.03261426976404724,0.0,0.0,,1482,1.0416551563650636,-1.572057102935404,2.847901595478566,1.6967770735777954,0.24981950447872767,-0.01014080637500431,1.2455101409836713
H593-b268a4269d5d61a6e2bbec90,OUTCOME-0248,2,4d5d4731b2c45171a86a8690a5b3a1819d26c3dd6226f61b0f9104c2f6f56484,469584,True,1032,M_FIRST,0.17411956177342094,1,0,True,0.13285567398207587,1032,469584,0.17411956177342094,1032,469584,True,1032,469584,True,HOLD,0.17411956177342094,1,0.0,CORRECT,1032,469584,True,HOLD,0.17411956177342094,1,0.0,CORRECT,BOTH_CORRECT,793,irritated-eye-drops-1,False,-5.740677403702583,-5.287027258259613,True,0.13223409175803802,0.0,0.0,,793,1.658256911389664,-1.5283535313430547,2.7340264956311042,1.430677824303537,0.21010205533187576,-0.009542492594214335,1.2455101409836713
H593-03168677fa508c139372f0ed,OUTCOME-0249,2,4d5d4731b2c45171a86a8690a5b3a1819d26c3dd6226f61b0f9104c2f6f56484,469584,True,1032,M_FIRST,0.15614557364221765,1,0,True,0.1101380157528298,1032,469584,0.15614557364221765,1032,469584,True,1032,469584,True,HOLD,0.15614557364221765,1,0.0,CORRECT,1032,469584,True,HOLD,0.15614557364221765,1,0.0,CORRECT,BOTH_CORRECT,3688,carton 10 mL orange,False,-5.455490827916023,-5.057568721272695,True,0.0001466816605493193,0.0,0.0,,3688,1.473501041742433,-1.4955874270117613,2.8316436139279,1.1590373819213033,0.24999411344207567,-0.00860803708959929,1.2455101409836713
H593-ebe004fac3a869155a17eaca,OUTCOME-0250,2,4d5d4731b2c45171a86a8690a5b3a1819d26c3dd6226f61b0f9104c2f6f56484,469584,True,1032,M_FIRST,0.11028332959343559,1,0,True,0.08479748797028169,1032,469584,0.11028332959343559,1032,469584,True,1032,469584,True,HOLD,0.11028332959343559,1,0.0,CORRECT,1032,469584,True,HOLD,0.11028332959343559,1,0.0,CORRECT,BOTH_CORRECT,3688,carton 10 mL orange,False,-4.554103643902543,-4.002581923771248,True,0.3642107250865898,0.0,0.0,,3688,0.4969808622457217,-1.5364218194733938,2.546341507583789,1.5611740904804663,0.2499941134080177,-0.009475251325728642,1.2455101409836713
H593-c0907e99c1c23fe8e8a6b1a3,OUTCOME-0251,2,4d5d4731b2c45171a86a8690a5b3a1819d26c3dd6226f61b0f9104c2f6f56484,469584,True,1032,M_FIRST,0.21141289578701186,1,0,True,0.15983493584583636,1032,469584,0.21141289578701186,1032,469584,True,1032,469584,True,HOLD,0.21141289578701186,1,0.0,CORRECT,1032,469584,True,HOLD,0.21141289578701186,1,0.0,CORRECT,BOTH_CORRECT,2920,PA 00015.02 PL GDD Original Eye Drops,False,-4.047278864030707,-3.480093134565748,True,0.4013377883960523,0.0,0.0,,2920,0.8850319248936948,-1.2751960630955788,2.2520588373528394,0.7137731694027574,0.23394892436453327,-0.007848069871210369,1.2455101409836713
H593-36d9c0f4cf68321ee5636b42,OUTCOME-0252,2,4d5d4731b2c45171a86a8690a5b3a1819d26c3dd6226f61b0f9104c2f6f56484,469584,True,1032,M_FIRST,0.19420894301065036,1,0,True,0.05194349125523265,1032,469584,0.19420894301065036,4083,colirio-01,False,1032,469584,True,SWITCH,0.19420894301065036,1,2.095375778504996,CORRECT,1032,469584,True,SWITCH,0.19420894301065036,1,2.095375778504996,CORRECT,BOTH_CORRECT,1032,469584,True,2.095375778504996,2.8166790764496366,False,0.7666294962954234,2.095375778504996,2.095375778504996,1,2920,0.559130364065197,-0.010149301910276298,0.15892825736520955,0.05892825061537654,-0.00020241280931418415,-5.6610307688498285e-06,0.0
H593-0de8c65af51ef20333889d71,OUTCOME-0253,2,4d5d4731b2c45171a86a8690a5b3a1819d26c3dd6226f61b0f9104c2f6f56484,469584,True,1032,M_RANK_2_5,0.06354679574318235,5,0,False,-0.03418610916567806,4030,clear-eyes-cooling-itchy-eye-relief-01,0.09773290490886041,1032,469584,True,1032,469584,True,HOLD,0.06354679574318235,5,0.0,CORRECT,1032,469584,True,HOLD,0.06354679574318235,5,0.0,CORRECT,BOTH_CORRECT,2920,PA 00015.02 PL GDD Original Eye Drops,False,-2.4568191302018496,-1.9164628046925378,True,0.3377463439581492,0.0,0.0,,2920,0.6103460014195453,-0.6261509731919975,0.6031847316241413,0.47577659491663443,0.1530024832454439,-0.004849848795588975,1.2455101409836713
H593-097dd2637a0f46ccbfb61ff4,OUTCOME-0254,2,4d5d4731b2c45171a86a8690a5b3a1819d26c3dd6226f61b0f9104c2f6f56484,469584,True,1032,M_FIRST,0.0895803666639705,1,0,True,0.0470801235752122,1032,469584,0.0895803666639705,1032,469584,True,1032,469584,True,HOLD,0.0895803666639705,1,0.0,CORRECT,1032,469584,True,HOLD,0.0895803666639705,1,0.0,CORRECT,BOTH_CORRECT,2920,PA 00015.02 PL GDD Original Eye Drops,False,-3.247547799045098,-2.4363636160116315,True,0.9796664806281519,0.0,0.0,,2920,0.8663473420449096,-0.904924862547941,1.320830834151682,0.5101238692055508,0.21679956531702924,-0.007139090109803693,1.2455101409836713
H593-ce6c88b1a0e4cf5238d2af56,OUTCOME-0255,2,4d5d4731b2c45171a86a8690a5b3a1819d26c3dd6226f61b0f9104c2f6f56484,469584,True,1032,M_RANK_11_128,0.013974608756875475,64,0,False,-0.021256549334754526,2248,CVSChildrenDecongestantNoseDrop,0.03523115809163,1032,469584,True,1032,469584,True,HOLD,0.013974608756875475,64,0.0,CORRECT,1032,469584,True,HOLD,0.013974608756875475,64,0.0,CORRECT,BOTH_CORRECT,793,irritated-eye-drops-1,False,-1.8539187889348328,-1.392663715494444,True,0.15025940298006857,0.0,0.0,,793,1.3435087429732533,0.731010782867784,-0.6050267046536213,-0.6184157764654797,-0.24999411285876966,0.007325716087994992,1.2455101409836713
H593-5ead089e93e3fef6a60f6016,OUTCOME-0256,2,4d5d4731b2c45171a86a8690a5b3a1819d26c3dd6226f61b0f9104c2f6f56484,469584,True,1032,M_FIRST,0.2065603712663786,1,0,True,0.11541341976834277,1032,469584,0.2065603712663786,1032,469584,True,1032,469584,True,HOLD,0.2065603712663786,1,0.0,CORRECT,1032,469584,True,HOLD,0.2065603712663786,1,0.0,CORRECT,BOTH_CORRECT,793,irritated-eye-drops-1,False,-4.4408862974678325,-3.767310754576036,True,0.6535044753815686,0.0,0.0,,793,1.4466992026913617,-1.3595955991688011,2.214512639856239,0.9967354957231416,-0.09644191290867389,-0.00653366970910556,1.2455101409836713
H593-335401c2797674933672eb63,OUTCOME-0257,2,4d5d4731b2c45171a86a8690a5b3a1819d26c3dd6226f61b0f9104c2f6f56484,469584,True,1032,M_FIRST,0.2031121232320863,1,0,True,0.15109807228639677,1032,469584,0.2031121232320863,1032,469584,True,1032,469584,True,HOLD,0.2031121232320863,1,0.0,CORRECT,1032,469584,True,HOLD,0.2031121232320863,1,0.0,CORRECT,BOTH_CORRECT,1482,AssuredAdvanced,False,-5.295336473418178,-4.841499279928234,True,0.13267743576620372,0.0,0.0,,1482,1.4117207349396215,-1.5217740027873619,2.3765060672797302,1.545166337717591,0.24781998794957397,-0.009612792664648002,1.2455101409836713
H593-c1e87208ec64f28d13f80f11,OUTCOME-0258,3,d39c757e2a4c76e8e9403fd84708b3c233de7ca0b40197f435ceb3a48272b73f,4_Kids_Oral_Pain_Relief,True,608,M_FIRST,0.11587803932996413,1,0,True,0.09227581067589495,608,4_Kids_Oral_Pain_Relief,0.11587803932996413,608,4_Kids_Oral_Pain_Relief,True,608,4_Kids_Oral_Pain_Relief,True,HOLD,0.11587803932996413,1,0.0,CORRECT,608,4_Kids_Oral_Pain_Relief,True,HOLD,0.11587803932996413,1,0.0,CORRECT,BOTH_CORRECT,520,01b UC_EpiphaniQ_Oral Liquid_Sachet_50ct,False,-7.748360416732817,-7.301248021524335,True,0.04717497086662448,0.0,0.0,,520,3.8931126709614836,-0.9631167504573233,2.138474046075772,1.3022945736429015,0.1377067033398699,-0.06147137906896611,1.3013605522390803
H593-dcefc56c2ddbfcd758644177,OUTCOME-0259,3,d39c757e2a4c76e8e9403fd84708b3c233de7ca0b40197f435ceb3a48272b73f,4_Kids_Oral_Pain_Relief,True,608,M_RANK_11_128,0.005543701252320731,115,0,False,-0.03001533805765281,559,1A_Carton_R-20220210,0.03555903930997354,608,4_Kids_Oral_Pain_Relief,True,608,4_Kids_Oral_Pain_Relief,True,HOLD,0.005543701252320731,115,0.0,CORRECT,608,4_Kids_Oral_Pain_Relief,True,HOLD,0.005543701252320731,115,0.0,CORRECT,BOTH_CORRECT,579,2d7b9146-5af9-16d5-e063-6294a90ada59,False,-1.685196856092188,-0.9514822216625795,True,0.8230091510270159,0.0,0.0,,579,2.2691110383719466,0.8185352386057035,-1.7543791888327842,-0.7769659231944495,-0.11510283127802551,-0.05736202981928341,1.3013605522390803
H593-3f7b7d3d52a024fd546a40d6,OUTCOME-0260,3,d39c757e2a4c76e8e9403fd84708b3c233de7ca0b40197f435ceb3a48272b73f,4_Kids_Oral_Pain_Relief,True,608,M_FIRST,0.15342081421225584,1,0,True,0.10524313833908193,608,4_Kids_Oral_Pain_Relief,0.15342081421225584,608,4_Kids_Oral_Pain_Relief,True,608,4_Kids_Oral_Pain_Relief,True,HOLD,0.15342081421225584,1,0.0,CORRECT,608,4_Kids_Oral_Pain_Relief,True,HOLD,0.15342081421225584,1,0.0,CORRECT,BOTH_CORRECT,3640,capletcarton,False,-5.69978980709857,-5.2413072350796925,True,0.07795411560724297,0.0,0.0,,3640,2.4619061392353276,-0.8261298669877523,2.093205796870872,0.6020444527567104,0.1058339175315818,-0.03843118454724934,1.3013605522390803
H593-505241b0686c5828ac2cea63,OUTCOME-0261,3,d39c757e2a4c76e8e9403fd84708b3c233de7ca0b40197f435ceb3a48272b73f,4_Kids_Oral_Pain_Relief,True,608,M_FIRST,0.05126028399870921,1,0,True,0.0225143748126582,608,4_Kids_Oral_Pain_Relief,0.05126028399870921,608,4_Kids_Oral_Pain_Relief,True,608,4_Kids_Oral_Pain_Relief,True,HOLD,0.05126028399870921,1,0.0,CORRECT,608,4_Kids_Oral_Pain_Relief,True,HOLD,0.05126028399870921,1,0.0,CORRECT,BOTH_CORRECT,4282,cvs-44-194-1,False,-5.2850168829527275,-4.731676888347238,True,0.33473379354908595,0.0,0.0,,4282,2.1955723898990764,-0.9132942639501748,1.748641014571813,1.1519152725231003,-0.1377067032679148,-0.061471379062252474,1.3013605522390803
H593-0ac0e839567fe775450fa642,OUTCOME-0262,3,d39c757e2a4c76e8e9403fd84708b3c233de7ca0b40197f435ceb3a48272b73f,4_Kids_Oral_Pain_Relief,True,608,M_FIRST,0.18430714092883943,1,0,True,0.13216831065025253,608,4_Kids_Oral_Pain_Relief,0.18430714092883943,608,4_Kids_Oral_Pain_Relief,True,608,4_Kids_Oral_Pain_Relief,True,HOLD,0.18430714092883943,1,0.0,CORRECT,608,4_Kids_Oral_Pain_Relief,True,HOLD,0.18430714092883943,1,0.0,CORRECT,BOTH_CORRECT,796,kids relief pain fever2 box 5panel,False,-6.874483069044401,-6.2285433983608405,True,0.5854017365783744,0.0,0.0,,796,3.6350946014710694,-0.8627688409298866,1.8068591860923335,0.9186869729921376,0.1306875185761996,-0.05543692139653224,1.3013605522390803
H593-657b8fd68285cbf2a58e2cd2,OUTCOME-0263,3,d39c757e2a4c76e8e9403fd84708b3c233de7ca0b40197f435ceb3a48272b73f,4_Kids_Oral_Pain_Relief,True,608,M_FIRST,0.08549383079320927,1,0,True,0.06341232323304628,608,4_Kids_Oral_Pain_Relief,0.08549383079320927,608,4_Kids_Oral_Pain_Relief,True,608,4_Kids_Oral_Pain_Relief,True,HOLD,0.08549383079320927,1,0.0,CORRECT,608,4_Kids_Oral_Pain_Relief,True,HOLD,0.08549383079320927,1,0.0,CORRECT,BOTH_CORRECT,796,kids relief pain fever2 box 5panel,False,-7.302315458537604,-6.8683212670429485,True,0.011663905596684288,0.0,0.0,,796,3.2572234614182123,-0.9743925401528167,2.297189204748468,1.3446994560243235,0.137706703326778,-0.061471379066441005,1.3013605522390803
H593-2e44547e6a7fb1f39cc27d3a,OUTCOME-0264,3,d39c757e2a4c76e8e9403fd84708b3c233de7ca0b40197f435ceb3a48272b73f,4_Kids_Oral_Pain_Relief,True,608,M_FIRST,0.22742948181630412,1,0,True,0.16666126325604416,608,4_Kids_Oral_Pain_Relief,0.22742948181630412,608,4_Kids_Oral_Pain_Relief,True,608,4_Kids_Oral_Pain_Relief,True,HOLD,0.22742948181630412,1,0.0,CORRECT,608,4_Kids_Oral_Pain_Relief,True,HOLD,0.22742948181630412,1,0.0,CORRECT,BOTH_CORRECT,3974,circle-k-cold-01,False,-7.129570124007258,-6.61137120935003,True,0.23960665488575206,0.0,0.0,,3974,3.848850981658098,-0.8676808510992623,1.8692743462129267,0.9095504197998648,0.1280373467900755,-0.05982267159352522,1.3013605522390803
H593-ab800bcb6b260c64833c792c,OUTCOME-0265,3,d39c757e2a4c76e8e9403fd84708b3c233de7ca0b40197f435ceb3a48272b73f,4_Kids_Oral_Pain_Relief,True,608,M_FIRST,0.22970302333903855,1,0,True,0.14412597148399414,608,4_Kids_Oral_Pain_Relief,0.22970302333903855,608,4_Kids_Oral_Pain_Relief,True,608,4_Kids_Oral_Pain_Relief,True,HOLD,0.22970302333903855,1,0.0,CORRECT,608,4_Kids_Oral_Pain_Relief,True,HOLD,0.22970302333903855,1,0.0,CORRECT,BOTH_CORRECT,3974,circle-k-cold-01,False,-6.902126995462263,-6.457561405380354,True,0.040280752340026815,0.0,0.0,,3974,3.653311321730688,-0.8767475740796461,1.7516238548792589,0.9986323742037527,0.1330375581492962,-0.05909109166016636,1.3013605522390803
H593-4b21f0164b2aae1b748917d5,OUTCOME-0266,3,d39c757e2a4c76e8e9403fd84708b3c233de7ca0b40197f435ceb3a48272b73f,4_Kids_Oral_Pain_Relief,True,608,M_FIRST,0.09494258218882246,1,0,True,0.057781987255878936,608,4_Kids_Oral_Pain_Relief,0.09494258218882246,608,4_Kids_Oral_Pain_Relief,True,608,4_Kids_Oral_Pain_Relief,True,HOLD,0.09494258218882246,1,0.0,CORRECT,608,4_Kids_Oral_Pain_Relief,True,HOLD,0.09494258218882246,1,0.0,CORRECT,BOTH_CORRECT,708,BCLD000T125CTNHN4,False,-6.225721708209461,-5.642036679808302,True,0.41687800317139256,0.0,0.0,,708,2.4029618475607197,-0.97474516904226,2.016574832939114,1.4023744112244019,0.13770670333304288,-0.06051147004463673,1.3013605522390803
H593-2822f2513c87ee22a59ce51b,OUTCOME-0267,3,d39c757e2a4c76e8e9403fd84708b3c233de7ca0b40197f435ceb3a48272b73f,4_Kids_Oral_Pain_Relief,True,608,M_FIRST,0.184250593824449,1,0,True,0.099330086683229,608,4_Kids_Oral_Pain_Relief,0.184250593824449,608,4_Kids_Oral_Pain_Relief,True,608,4_Kids_Oral_Pain_Relief,True,HOLD,0.184250593824449,1,0.0,CORRECT,608,4_Kids_Oral_Pain_Relief,True,HOLD,0.184250593824449,1,0.0,CORRECT,BOTH_CORRECT,796,kids relief pain fever2 box 5panel,False,-6.149812469498921,-5.274437262991583,True,1.2064852679535871,0.0,0.0,,796,3.418184812091905,-0.7957280512389471,1.1928374650968647,0.9448120019186603,0.13770670334691018,-0.04936101395555247,1.3013605522390803
H593-b890a8f09b0dc93ce3a6ec7c,OUTCOME-0268,3,d39c757e2a4c76e8e9403fd84708b3c233de7ca0b40197f435ceb3a48272b73f,4_Kids_Oral_Pain_Relief,True,608,M_FIRST,0.06291518560759524,1,0,True,0.009096904996610061,608,4_Kids_Oral_Pain_Relief,0.06291518560759524,608,4_Kids_Oral_Pain_Relief,True,608,4_Kids_Oral_Pain_Relief,True,HOLD,0.06291518560759524,1,0.0,CORRECT,608,4_Kids_Oral_Pain_Relief,True,HOLD,0.06291518560759524,1,0.0,CORRECT,BOTH_CORRECT,796,kids relief pain fever2 box 5panel,False,-4.710114005452785,-4.075457354917591,True,0.5548585255053187,0.0,0.0,,796,2.9393496668368915,-0.39897555769081605,0.2518994187130875,0.5178691477250019,0.13770670330037577,-0.03909592567083633,1.3013605522390803
H593-3202e8cf83300e822008d3d1,OUTCOME-0269,4,c36d84d6c8d54c84a5f0b431f53eb8775569f16793018d5e6c57459cf8e20e49,5fe0ce14-bc11-4b43-b002-7efdca0d3003-04,True,4776,M_FIRST,0.1413536962887677,1,0,True,0.02393371285949844,4776,5fe0ce14-bc11-4b43-b002-7efdca0d3003-04,0.1413536962887677,4776,5fe0ce14-bc11-4b43-b002-7efdca0d3003-04,True,4776,5fe0ce14-bc11-4b43-b002-7efdca0d3003-04,True,HOLD,0.1413536962887677,1,0.0,CORRECT,4776,5fe0ce14-bc11-4b43-b002-7efdca0d3003-04,True,HOLD,0.1413536962887677,1,0.0,CORRECT,BOTH_CORRECT,4774,0c3cd915-babe-49c0-8aac-bf0247a17f3e-01,False,-2.044849325835532,-1.4167697838505235,True,0.5407483556913864,0.0,0.0,,4774,0.376193585250514,-0.2690853353013137,0.3452139473679053,0.20082640949484157,0.06272586567397395,0.0012522847592737426,1.3277225685903369
H593-c27cc5698d114b2e38e732d1,OUTCOME-0270,4,c36d84d6c8d54c84a5f0b431f53eb8775569f16793018d5e6c57459cf8e20e49,5fe0ce14-bc11-4b43-b002-7efdca0d3003-04,True,4776,M_RANK_11_128,0.017118854405031872,44,0,False,-0.01850957430353807,4811,0186ce28-7aa2-4c47-9c64-afe13fd1ef6e-21,0.03562842870856994,4777,64f608b7-ad43-4395-b806-d4216175c8d3-02,False,4777,64f608b7-ad43-4395-b806-d4216175c8d3-02,False,HOLD,0.022322926823935742,19,0.0,TARGET_TOP_BUT_HOLD,4777,64f608b7-ad43-4395-b806-d4216175c8d3-02,False,HOLD,0.022322926823935742,19,0.0,TARGET_TOP_BUT_HOLD,BOTH_WRONG,4776,5fe0ce14-bc11-4b43-b002-7efdca0d3003-04,True,-1.5385152684713754,-0.9364387231032384,True,0.408487884860278,-1.5385152684713754,-1.5385152684713754,1,4777,-0.019313383362384015,0.2811460611584487,-0.4924761131678451,-0.14678206140617173,0.1344870048533607,0.03214579204355282,-1.3277225685903369
H593-3c6e9826d4aaa5c8c18ee68d,OUTCOME-0271,4,c36d84d6c8d54c84a5f0b431f53eb8775569f16793018d5e6c57459cf8e20e49,5fe0ce14-bc11-4b43-b002-7efdca0d3003-04,True,4776,M_RANK_11_128,0.010299106580231338,61,0,False,-0.025034632868485833,5014,carton-5x2ml,0.03533373944871717,4777,64f608b7-ad43-4395-b806-d4216175c8d3-02,False,4777,64f608b7-ad43-4395-b806-d4216175c8d3-02,False,HOLD,0.010615563156382846,55,0.0,TARGET_TOP_BUT_HOLD,4777,64f608b7-ad43-4395-b806-d4216175c8d3-02,False,HOLD,0.010615563156382846,55,0.0,TARGET_TOP_BUT_HOLD,BOTH_WRONG,4776,5fe0ce14-bc11-4b43-b002-7efdca0d3003-04,True,-1.2507207638694247,-0.72707357555265,True,0.009568335570180775,-1.2507207638694247,-1.2507207638694247,1,4777,-0.18413215947621603,-0.388777221174219,-0.05647568053047954,0.5486163613601089,0.13743334531428525,0.020337159227432528,-1.3277225685903369
H593-619260cce074655fc8b3b2ce,OUTCOME-0272,4,c36d84d6c8d54c84a5f0b431f53eb8775569f16793018d5e6c57459cf8e20e49,5fe0ce14-bc11-4b43-b002-7efdca0d3003-04,True,4776,M_FIRST,0.04847803455575312,1,0,True,0.015260732879890694,4776,5fe0ce14-bc11-4b43-b002-7efdca0d3003-04,0.04847803455575312,4776,5fe0ce14-bc11-4b43-b002-7efdca0d3003-04,True,4776,5fe0ce14-bc11-4b43-b002-7efdca0d3003-04,True,HOLD,0.04847803455575312,1,0.0,CORRECT,4776,5fe0ce14-bc11-4b43-b002-7efdca0d3003-04,True,HOLD,0.04847803455575312,1,0.0,CORRECT,BOTH_CORRECT,4777,64f608b7-ad43-4395-b806-d4216175c8d3-02,False,-2.884813598866793,-2.0610153501827977,True,1.5362431703800965,0.0,0.0,,4777,0.16456963228712765,-0.9665849179414121,1.2117296829890485,0.9445886220887083,0.22057642856073975,-0.017788417707756358,1.3277225685903369
H593-514ffff2eed103b274b1a789,OUTCOME-0273,4,c36d84d6c8d54c84a5f0b431f53eb8775569f16793018d5e6c57459cf8e20e49,5fe0ce14-bc11-4b43-b002-7efdca0d3003-04,False,,TARGET_ABSENT,,,,False,,3051,US_Skin_Tint_2_O_Page_1,0.03659070769282656,1243,ART-SP10764,False,4246,cushion carton,False,SWITCH,0.035976040032374174,2,0.43488655635776086,TARGET_ABSENT,4246,cushion carton,False,SWITCH,0.035976040032374174,2,0.43488655635776086,TARGET_ABSENT,BOTH_WRONG,4246,cushion carton,False,0.43488655635776086,1.0204439559604073,False,0.3244656458521047,,,,,,,,,,,
H593-764058385070ed8371885b31,OUTCOME-0274,4,c36d84d6c8d54c84a5f0b431f53eb8775569f16793018d5e6c57459cf8e20e49,5fe0ce14-bc11-4b43-b002-7efdca0d3003-04,False,,TARGET_ABSENT,,,,False,,2120,CS TP Color Balm Unit Carton_BLUSH_1709484_PRINT (1),0.041663926241533165,3128,anacell 2 carton,False,3128,anacell 2 carton,False,HOLD,0.01204047279849897,78,0.0,TARGET_ABSENT,3128,anacell 2 carton,False,HOLD,0.01204047279849897,78,0.0,TARGET_ABSENT,BOTH_WRONG,881,1100102 CF 200ct Swabs ART1200102A,False,-1.007923376119654,-0.4155325801224695,True,0.35922272550079404,,,,,,,,,,,
H593-6a41937f82d722c1bd11db83,OUTCOME-0275,4,c36d84d6c8d54c84a5f0b431f53eb8775569f16793018d5e6c57459cf8e20e49,5fe0ce14-bc11-4b43-b002-7efdca0d3003-04,True,4776,M_RANK_11_128,0.020278834907990564,26,0,False,-0.022528679083087543,91,Doraject injectable solution-250 mL Carton,0.04280751399107811,4776,5fe0ce14-bc11-4b43-b002-7efdca0d3003-04,True,4776,5fe0ce14-bc11-4b43-b002-7efdca0d3003-04,True,HOLD,0.020278834907990564,26,0.0,CORRECT,4776,5fe0ce14-bc11-4b43-b002-7efdca0d3003-04,True,HOLD,0.020278834907990564,26,0.0,CORRECT,BOTH_CORRECT,4793,flu2t-0007-03,False,-1.4230431525508627,-0.8515303291937201,True,0.253029945797115,0.0,0.0,,4793,0.3511842956011917,0.22512089645652664,0.12753338599136574,-0.3624696964923618,-0.23278187310233167,-0.013266424493864766,1.3277225685903369
H593-2b13d777bd87f808044a7852,OUTCOME-0276,4,c36d84d6c8d54c84a5f0b431f53eb8775569f16793018d5e6c57459cf8e20e49,5fe0ce14-bc11-4b43-b002-7efdca0d3003-04,True,4776,M_FIRST,0.08877204965104922,1,0,True,0.04102063667051579,4776,5fe0ce14-bc11-4b43-b002-7efdca0d3003-04,0.08877204965104922,4776,5fe0ce14-bc11-4b43-b002-7efdca0d3003-04,True,4776,5fe0ce14-bc11-4b43-b002-7efdca0d3003-04,True,HOLD,0.08877204965104922,1,0.0,CORRECT,4776,5fe0ce14-bc11-4b43-b002-7efdca0d3003-04,True,HOLD,0.08877204965104922,1,0.0,CORRECT,BOTH_CORRECT,4774,0c3cd915-babe-49c0-8aac-bf0247a17f3e-01,False,-3.1520025771824134,-2.4046527462449627,True,1.1473993815495858,0.0,0.0,,4774,0.9195101806705963,-0.5627528463422478,1.1214849784024208,0.25265864796021636,0.10256602776565389,-0.009186979864562997,1.3277225685903369
H593-bcc28cdb9788352cc4129ed5,OUTCOME-0277,4,c36d84d6c8d54c84a5f0b431f53eb8775569f16793018d5e6c57459cf8e20e49,5fe0ce14-bc11-4b43-b002-7efdca0d3003-04,True,4776,M_FIRST,0.1708671828296361,1,0,True,0.03820337421537634,4776,5fe0ce14-bc11-4b43-b002-7efdca0d3003-04,0.1708671828296361,4776,5fe0ce14-bc11-4b43-b002-7efdca0d3003-04,True,4776,5fe0ce14-bc11-4b43-b002-7efdca0d3003-04,True,HOLD,0.1708671828296361,1,0.0,CORRECT,4776,5fe0ce14-bc11-4b43-b002-7efdca0d3003-04,True,HOLD,0.1708671828296361,1,0.0,CORRECT,BOTH_CORRECT,4774,0c3cd915-babe-49c0-8aac-bf0247a17f3e-01,False,-2.205344926484391,-1.65808513895669,True,0.12967039669790115,0.0,0.0,,4774,0.41635967299764,-0.3515990989101924,0.4697827231374015,0.2570823180536006,0.08571586040705095,0.00028088220855364184,1.3277225685903369
H593-1533c32a07d745928239de77,OUTCOME-0278,4,c36d84d6c8d54c84a5f0b431f53eb8775569f16793018d5e6c57459cf8e20e49,5fe0ce14-bc11-4b43-b002-7efdca0d3003-04,True,4776,M_RANK_11_128,0.017917772663750272,48,0,False,-0.025548992279822835,374,int07-0006-01,0.04346676494357311,4794,flublok-08,False,4794,flublok-08,False,HOLD,0.0135637137293736,89,0.0,TARGET_TOP_BUT_HOLD,4794,flublok-08,False,HOLD,0.0135637137293736,89,0.0,TARGET_TOP_BUT_HOLD,BOTH_WRONG,4776,5fe0ce14-bc11-4b43-b002-7efdca0d3003-04,True,-0.9637361607688747,-0.382057140883755,True,0.30473882993700807,-0.9637361607688747,-0.9637361607688747,1,4794,-0.11951425674907178,-0.46880049472769614,0.5162230979025686,0.40390984675526115,0.03296716627286461,-0.0007989516324642157,-1.3277225685903369
H593-78915e402bcb9f1d844cc49f,OUTCOME-0279,4,c36d84d6c8d54c84a5f0b431f53eb8775569f16793018d5e6c57459cf8e20e49,5fe0ce14-bc11-4b43-b002-7efdca0d3003-04,True,4776,M_RANK_11_128,0.023829585411443883,57,0,False,-0.03576768331896586,516,zycosan-03,0.05959726873040975,4776,5fe0ce14-bc11-4b43-b002-7efdca0d3003-04,True,4776,5fe0ce14-bc11-4b43-b002-7efdca0d3003-04,True,HOLD,0.023829585411443883,57,0.0,CORRECT,4776,5fe0ce14-bc11-4b43-b002-7efdca0d3003-04,True,HOLD,0.023829585411443883,57,0.0,CORRECT,BOTH_CORRECT,4777,64f608b7-ad43-4395-b806-d4216175c8d3-02,False,-1.1940692134360722,-0.49416939983074604,True,0.9060517505146617,0.0,0.0,,4777,0.06344630594483368,-0.04378827755361066,0.1010737313607371,0.010542556176125055,-0.23278187967007574,-0.0321457914122742,1.3277225685903369
H593-ffb122cdce092c8a0ed03d4b,OUTCOME-0280,4,c36d84d6c8d54c84a5f0b431f53eb8775569f16793018d5e6c57459cf8e20e49,5fe0ce14-bc11-4b43-b002-7efdca0d3003-04,True,4776,M_RANK_11_128,0.025528806165360154,61,0,False,-0.04256355732356873,516,zycosan-03,0.06809236348892889,4776,5fe0ce14-bc11-4b43-b002-7efdca0d3003-04,True,4776,5fe0ce14-bc11-4b43-b002-7efdca0d3003-04,True,HOLD,0.025528806165360154,61,0.0,CORRECT,4776,5fe0ce14-bc11-4b43-b002-7efdca0d3003-04,True,HOLD,0.025528806165360154,61,0.0,CORRECT,BOTH_CORRECT,4777,64f608b7-ad43-4395-b806-d4216175c8d3-02,False,-1.0214784380667339,-0.3486230463249408,True,0.7684942212141659,0.0,0.0,,4777,0.07110682961335298,0.17222125176132955,-0.38887142818547504,-0.04620333405309731,-0.08972673282182626,-0.024770716837886834,1.3277225685903369
H593-d738b62fe4ce9ca980d24764,OUTCOME-0281,4,c36d84d6c8d54c84a5f0b431f53eb8775569f16793018d5e6c57459cf8e20e49,5fe0ce14-bc11-4b43-b002-7efdca0d3003-04,False,,TARGET_ABSENT,,,,False,,829,-artwork-EKLT011111,0.05185198558683826,1243,ART-SP10764,False,1243,ART-SP10764,False,HOLD,0.016597455912432207,78,0.0,TARGET_ABSENT,1804,Bottle9,False,SWITCH,0.0401350319102146,5,0.0738095227662518,TARGET_ABSENT,BOTH_WRONG,1804,Bottle9,False,-0.4719098801564473,0.0738095227662518,True,0.12183545382111005,,,,,,,,,,,
H593-021e62b31ffbd6d351d13e91,OUTCOME-0282,4,c36d84d6c8d54c84a5f0b431f53eb8775569f16793018d5e6c57459cf8e20e49,5fe0ce14-bc11-4b43-b002-7efdca0d3003-04,False,,TARGET_ABSENT,,,,False,,2991,Scalpicin Max Strength - Carton 07.2022_Page_1,0.046935890195913016,3128,anacell 2 carton,False,3128,anacell 2 carton,False,HOLD,0.009527156033147693,114,0.0,TARGET_ABSENT,1827,Box-02,False,SWITCH,0.022430095728496923,36,0.5761514622029948,TARGET_ABSENT,BOTH_WRONG,1827,Box-02,False,-0.06850896848116816,0.5761514622029948,True,0.6250846411764795,,,,,,,,,,,
H593-e99d58a3d13a742bf663ba50,OUTCOME-0283,4,c36d84d6c8d54c84a5f0b431f53eb8775569f16793018d5e6c57459cf8e20e49,5fe0ce14-bc11-4b43-b002-7efdca0d3003-04,True,4776,M_RANK_11_128,0.014549908075887918,18,0,False,-0.01364797827254633,4937,adalimumab-aaty-44,0.02819788634843425,4776,5fe0ce14-bc11-4b43-b002-7efdca0d3003-04,True,4776,5fe0ce14-bc11-4b43-b002-7efdca0d3003-04,True,HOLD,0.014549908075887918,18,0.0,CORRECT,4776,5fe0ce14-bc11-4b43-b002-7efdca0d3003-04,True,HOLD,0.014549908075887918,18,0.0,CORRECT,BOTH_CORRECT,4774,0c3cd915-babe-49c0-8aac-bf0247a17f3e-01,False,-1.6682142311522083,-1.1438961413708593,True,0.012980778562551976,0.0,0.0,,4774,0.5460136887419782,0.05179942162699277,-0.00020162377495765225,-0.06971376541422496,-0.173747944831887,-0.013658113786029933,1.3277225685903369
H593-4c9f0e3ae6ac7d842dede29d,OUTCOME-0284,4,c36d84d6c8d54c84a5f0b431f53eb8775569f16793018d5e6c57459cf8e20e49,5fe0ce14-bc11-4b43-b002-7efdca0d3003-04,True,4776,M_FIRST,0.15559862590136386,1,0,True,0.03528884468917938,4776,5fe0ce14-bc11-4b43-b002-7efdca0d3003-04,0.15559862590136386,4776,5fe0ce14-bc11-4b43-b002-7efdca0d3003-04,True,4776,5fe0ce14-bc11-4b43-b002-7efdca0d3003-04,True,HOLD,0.15559862590136386,1,0.0,CORRECT,4776,5fe0ce14-bc11-4b43-b002-7efdca0d3003-04,True,HOLD,0.15559862590136386,1,0.0,CORRECT,BOTH_CORRECT,4774,0c3cd915-babe-49c0-8aac-bf0247a17f3e-01,False,-2.0965495531760485,-1.549458816323257,True,0.1288105449589918,0.0,0.0,,4774,0.3034719858507806,-0.338419914326694,0.47738730452750355,0.23475811433628146,0.08859809407077626,0.0030314001270638504,1.3277225685903369
H593-6b6f28c3059152ad0505c08d,OUTCOME-0285,4,c36d84d6c8d54c84a5f0b431f53eb8775569f16793018d5e6c57459cf8e20e49,5fe0ce14-bc11-4b43-b002-7efdca0d3003-04,True,4776,M_FIRST,0.1294142228700359,1,0,True,0.08894832719273345,4776,5fe0ce14-bc11-4b43-b002-7efdca0d3003-04,0.1294142228700359,4776,5fe0ce14-bc11-4b43-b002-7efdca0d3003-04,True,4776,5fe0ce14-bc11-4b43-b002-7efdca0d3003-04,True,HOLD,0.1294142228700359,1,0.0,CORRECT,4776,5fe0ce14-bc11-4b43-b002-7efdca0d3003-04,True,HOLD,0.1294142228700359,1,0.0,CORRECT,BOTH_CORRECT,4777,64f608b7-ad43-4395-b806-d4216175c8d3-02,False,-3.3984592734709347,-2.5313960134018436,True,1.7563043756564634,0.0,0.0,,4777,0.10927454648894308,-1.0850586603864203,1.9543106038747347,0.9172158915053467,0.20107768762900838,-0.02608336423101498,1.3277225685903369
H593-8de398eccd35d2516c677aaa,OUTCOME-0287,1,4a0922400b8dd80a6d357c67cf3585d8c5a63b87415f063eab4e2dd7a5643fae,60mg carton,True,4846,M_RANK_6_10,0.02453618852737858,10,0,False,-0.014807851854132192,291,der0k-0003-12,0.03934404038151077,4846,60mg carton,True,4846,60mg carton,True,HOLD,0.02453618852737858,10,0.0,CORRECT,4846,60mg carton,True,HOLD,0.02453618852737858,10,0.0,CORRECT,BOTH_CORRECT,4984,bupivacainehclinjection0757510mlcartonlabel,False,-2.7778828065123387,-2.0254283710344207,True,0.9304913529209018,0.0,0.0,,4984,1.821326806429563,1.4698992581776391,0.21925901243734405,-1.8290661908001464,-0.12363961926648977,-0.01150594970663852,1.2316094892410674
H593-5d3f5a51f35755fb8b50d72a,OUTCOME-0291,1,4a0922400b8dd80a6d357c67cf3585d8c5a63b87415f063eab4e2dd7a5643fae,60mg carton,True,4846,M_RANK_2_5,0.022827443826407032,3,0,False,-0.008176353438664376,5345,spl-epoprostenol-carton-1,0.03100379726507141,4846,60mg carton,True,4846,60mg carton,True,HOLD,0.022827443826407032,3,0.0,CORRECT,4846,60mg carton,True,HOLD,0.022827443826407032,3,0.0,CORRECT,BOTH_CORRECT,5124,enox-100mg-ht-carton-v2,False,-2.945195550016797,-2.2287194197224225,True,0.0015997697790077758,0.0,0.0,,5124,1.0654628719651065,-1.1386047582583194,0.7049817249048831,0.9784784906176486,0.1147736812171065,-0.01150594967069579,1.2316094892410674
H593-8f096c4d02544b0511563036,OUTCOME-0292,1,4a0922400b8dd80a6d357c67cf3585d8c5a63b87415f063eab4e2dd7a5643fae,60mg carton,True,4846,M_FIRST,0.05362438645372574,1,0,True,0.021177942277138692,4846,60mg carton,0.05362438645372574,4846,60mg carton,True,4846,60mg carton,True,HOLD,0.05362438645372574,1,0.0,CORRECT,4846,60mg carton,True,HOLD,0.05362438645372574,1,0.0,CORRECT,BOTH_CORRECT,5127,enox-60mg-ht-carton-v2,False,-4.25957026365225,-3.531091839040694,True,0.31147623874402974,0.0,0.0,,5127,0.2927867747784579,-2.044692685352555,2.3937815774456372,2.2276494467062835,0.1471367457142457,0.01129891511911331,1.2316094892410674
H593-2799023fa51eeb3333651a78,OUTCOME-0302,0,69e8433234f6613d539957d8cd900a9503c3e7bceb31e12adec7cfa0adc6368b,6941714017-1,True,1114,M_RANK_2_5,0.0195524271030244,3,0,False,-0.020298938642009184,3293,baoshimianshuang,0.03985136574503358,1114,6941714017-1,True,1114,6941714017-1,True,HOLD,0.0195524271030244,3,0.0,CORRECT,1114,6941714017-1,True,HOLD,0.0195524271030244,3,0.0,CORRECT,BOTH_CORRECT,3030,Tatcha 50 ML PDP,False,-2.7477140095946835,-2.0758989999471416,True,0.8404297680540815,0.0,0.0,,3030,0.6610979985581429,-1.0943755573514253,1.1235918615339233,0.7948545455009411,0.18211252519091944,-0.017717019922713892,1.0981496560848956
H593-1a93fb96ae91549c4629e69e,OUTCOME-0303,0,69e8433234f6613d539957d8cd900a9503c3e7bceb31e12adec7cfa0adc6368b,6941714017-1,True,1114,M_RANK_2_5,0.04345544285751455,2,0,False,-0.009126557842567287,3293,baoshimianshuang,0.052582000700081837,1114,6941714017-1,True,1114,6941714017-1,True,HOLD,0.04345544285751455,2,0.0,CORRECT,1114,6941714017-1,True,HOLD,0.04345544285751455,2,0.0,CORRECT,BOTH_CORRECT,3030,Tatcha 50 ML PDP,False,-4.223963019035181,-3.642768054957147,True,0.05928899081369199,0.0,0.0,,3030,0.8915715278532406,-1.574882320530152,2.3887470785013276,1.2188536947705388,0.18211252759572696,0.019410854759603545,1.0981496560848956
H593-bb4431f14238909d56f4f6f2,OUTCOME-0304,0,69e8433234f6613d539957d8cd900a9503c3e7bceb31e12adec7cfa0adc6368b,6941714017-1,True,1114,M_RANK_2_5,0.04090838637194585,3,0,False,-0.006904911935620456,3293,baoshimianshuang,0.0478132983075663,1114,6941714017-1,True,1114,6941714017-1,True,HOLD,0.04090838637194585,3,0.0,CORRECT,1114,6941714017-1,True,HOLD,0.04090838637194585,3,0.0,CORRECT,BOTH_CORRECT,3293,baoshimianshuang,False,-4.721644994148951,-4.145071252987892,True,0.019454254045676578,0.0,0.0,,3293,3.5578356001198537,-0.2989701686226619,-0.28797265225102153,0.49035536396206897,0.18211252765455138,-0.019865332798735306,1.0981496560848956
H593-a3e7d6500b6b7e33262f9143,OUTCOME-0305,0,69e8433234f6613d539957d8cd900a9503c3e7bceb31e12adec7cfa0adc6368b,6941714017-1,True,1114,M_FIRST,0.05016579496039868,1,0,True,0.02231687872149165,1114,6941714017-1,0.05016579496039868,1114,6941714017-1,True,1114,6941714017-1,True,HOLD,0.05016579496039868,1,0.0,CORRECT,1114,6941714017-1,True,HOLD,0.05016579496039868,1,0.0,CORRECT,BOTH_CORRECT,3030,Tatcha 50 ML PDP,False,-6.147832413736754,-5.569071309628926,True,0.038309225720075446,0.0,0.0,,3030,2.7019154441372026,-1.6174422518158176,2.4604794842710356,1.3512404516095853,0.17306352286117846,-0.019573893411326145,1.0981496560848956
H593-a0d714dbbee06d9907f4d20e,OUTCOME-0306,0,69e8433234f6613d539957d8cd900a9503c3e7bceb31e12adec7cfa0adc6368b,6941714017-1,True,1114,M_RANK_2_5,0.019820027610134933,4,0,False,-0.02385247418178476,3293,baoshimianshuang,0.04367250179191969,1114,6941714017-1,True,1114,6941714017-1,True,HOLD,0.019820027610134933,4,0.0,CORRECT,1114,6941714017-1,True,HOLD,0.019820027610134933,4,0.0,CORRECT,BOTH_CORRECT,3030,Tatcha 50 ML PDP,False,-2.690186788140208,-2.0287743201281025,True,0.7507603201155697,0.0,0.0,,3030,0.6746141744628091,-0.9398052574724373,1.390913450479635,0.4047406250606937,0.0816567246519009,-0.020082585127288867,1.0981496560848956
H593-1608d9630ec3a84e25e593bc,OUTCOME-0307,0,69e8433234f6613d539957d8cd900a9503c3e7bceb31e12adec7cfa0adc6368b,6941714017-1,True,1114,M_FIRST,0.06705325839034511,1,0,True,0.02911946573878474,1114,6941714017-1,0.06705325839034511,693,81488002-04,False,1114,6941714017-1,True,SWITCH,0.06705325839034511,1,1.2173082781028497,CORRECT,1114,6941714017-1,True,SWITCH,0.06705325839034511,1,1.2173082781028497,CORRECT,BOTH_CORRECT,1114,6941714017-1,True,1.2173082781028497,2.0667101607260756,False,2.371220743848875,1.2173082781028497,1.2173082781028497,1,693,-0.37982490448496486,-1.690572455370425,2.5715155681896436,1.6575450015370978,0.17615832454395403,-0.019363600227560025,-1.0981496560848956
H593-9bb742601df8e97873473bfd,OUTCOME-0308,0,69e8433234f6613d539957d8cd900a9503c3e7bceb31e12adec7cfa0adc6368b,6941714017-1,True,1114,M_FIRST,0.1044413531877426,1,0,True,0.0549949073844736,1114,6941714017-1,0.1044413531877426,1114,6941714017-1,True,1114,6941714017-1,True,HOLD,0.1044413531877426,1,0.0,CORRECT,1114,6941714017-1,True,HOLD,0.1044413531877426,1,0.0,CORRECT,BOTH_CORRECT,3030,Tatcha 50 ML PDP,False,-4.269648993021953,-3.535525638348379,True,1.377524941161937,0.0,0.0,,3030,0.763974454933043,-1.6418685451018364,2.411038334544222,1.4805732201959032,0.1778644575868827,-0.020082585221157006,1.0981496560848956
H593-68c0678826661b7d2a038ac8,OUTCOME-0309,0,69e8433234f6613d539957d8cd900a9503c3e7bceb31e12adec7cfa0adc6368b,6941714017-1,True,1114,M_FIRST,0.10095815953899263,1,0,True,0.05448640814124196,1114,6941714017-1,0.10095815953899263,1114,6941714017-1,True,1114,6941714017-1,True,HOLD,0.10095815953899263,1,0.0,CORRECT,1114,6941714017-1,True,HOLD,0.10095815953899263,1,0.0,CORRECT,BOTH_CORRECT,2621,DB Itch Relief,False,-3.5999335464100133,-3.0232630604223,True,0.02028819016446537,0.0,0.0,,2621,0.30688311624283693,-1.6106354742754094,2.266702170122231,1.4157219721569458,0.1405259889195021,-0.017413882840988475,1.0981496560848956
H593-0a87021a30d8b6a9de32f2b3,OUTCOME-0310,0,69e8433234f6613d539957d8cd900a9503c3e7bceb31e12adec7cfa0adc6368b,6941714017-1,True,1114,M_FIRST,0.031572267799416985,1,0,True,0.0009183674066317628,1114,6941714017-1,0.031572267799416985,1114,6941714017-1,True,1114,6941714017-1,True,HOLD,0.031572267799416985,1,0.0,CORRECT,1114,6941714017-1,True,HOLD,0.031572267799416985,1,0.0,CORRECT,BOTH_CORRECT,3030,Tatcha 50 ML PDP,False,-4.162493761340471,-3.565904272388041,True,0.191989113066537,0.0,0.0,,3030,0.7305687300796636,-1.691459409366786,2.0893287935406137,1.7738760486473997,0.18211252757213803,-0.020082585217452927,1.0981496560848956
H593-2a09bc7ee67cc38fba44400e,OUTCOME-0311,0,69e8433234f6613d539957d8cd900a9503c3e7bceb31e12adec7cfa0adc6368b,6941714017-1,True,1114,M_FIRST,0.0859627411651401,1,0,True,0.04750406848951815,1114,6941714017-1,0.0859627411651401,1114,6941714017-1,True,1114,6941714017-1,True,HOLD,0.0859627411651401,1,0.0,CORRECT,1114,6941714017-1,True,HOLD,0.0859627411651401,1,0.0,CORRECT,BOTH_CORRECT,3373,belif The true cream aqua bomb sunscreen SPF 50,False,-5.177782890838834,-4.529440287535537,True,0.6380986654794114,0.0,0.0,,3373,2.351007415058729,-1.4942469742877638,1.802492193368068,1.2580226295176133,0.18211252777383077,-0.019754556676538425,1.0981496560848956
H593-85ad4b95b4f6fc8b44843023,OUTCOME-0312,0,69e8433234f6613d539957d8cd900a9503c3e7bceb31e12adec7cfa0adc6368b,6941714017-1,True,1114,M_FIRST,0.10157895641942022,1,0,True,0.060658328071127574,1114,6941714017-1,0.10157895641942022,1114,6941714017-1,True,1114,6941714017-1,True,HOLD,0.10157895641942022,1,0.0,CORRECT,1114,6941714017-1,True,HOLD,0.10157895641942022,1,0.0,CORRECT,BOTH_CORRECT,3373,belif The true cream aqua bomb sunscreen SPF 50,False,-5.592145431015599,-4.950415976488417,True,0.5810936160721134,0.0,0.0,,3373,2.812082668485885,-1.4481817915929833,1.8458214869806702,1.1217676828682392,0.18211252777769024,-0.019606799588797984,1.0981496560848956
H593-83c5074ae46b2bcd08002e11,OUTCOME-0313,0,69e8433234f6613d539957d8cd900a9503c3e7bceb31e12adec7cfa0adc6368b,6941714017-1,True,1114,M_FIRST,0.08482240119301963,1,0,True,0.041319209463442044,1114,6941714017-1,0.08482240119301963,1114,6941714017-1,True,1114,6941714017-1,True,HOLD,0.08482240119301963,1,0.0,CORRECT,1114,6941714017-1,True,HOLD,0.08482240119301963,1,0.0,CORRECT,BOTH_CORRECT,4237,creme-03,False,-6.8490283063693,-6.2642183531020725,True,0.09045003743660374,0.0,0.0,,4237,4.33878189048464,-1.5837084364840808,1.1914110021432327,1.6463653895110515,0.1772187939909521,-0.01918998936139039,1.0981496560848956
H593-ebb0e74799ca19a69c13cbe6,OUTCOME-0314,0,69e8433234f6613d539957d8cd900a9503c3e7bceb31e12adec7cfa0adc6368b,6941714017-1,True,1114,M_RANK_2_5,0.05176795209442902,2,0,False,-0.008695159729522527,3965,cho05-0002-01,0.060463111823951546,693,81488002-04,False,1114,6941714017-1,True,SWITCH,0.05176795209442902,2,0.3616662103681185,CORRECT,1114,6941714017-1,True,SWITCH,0.05176795209442902,2,0.3616662103681185,CORRECT,BOTH_CORRECT,1114,6941714017-1,True,0.3616662103681185,0.9724944047002055,False,0.31472612249157783,0.3616662103681185,0.3616662103681185,1,4390,-0.6374031333454843,-0.34453763600910303,0.4216246680678215,0.8831100414562604,-0.008067817609495154,-6.842184110955607e-11,0.0
H593-ff4f96d84bf1c9b62000723b,OUTCOME-0315,0,69e8433234f6613d539957d8cd900a9503c3e7bceb31e12adec7cfa0adc6368b,6941714017-1,True,1114,M_FIRST,0.11757828937997135,1,0,True,0.05444167466830244,1114,6941714017-1,0.11757828937997135,1114,6941714017-1,True,1114,6941714017-1,True,HOLD,0.11757828937997135,1,0.0,CORRECT,1114,6941714017-1,True,HOLD,0.11757828937997135,1,0.0,CORRECT,BOTH_CORRECT,1488,Atopis,False,-3.1238210884076576,-2.4409163881728357,True,0.9360224095084355,0.0,0.0,,1488,0.008880122240748653,-1.539518538165841,2.2174390601094007,1.1901054520847891,0.16761144722848453,-0.018846111174820122,1.0981496560848956
H593-4edbbd8a5f9a75ce2559d49d,OUTCOME-0316,0,69e8433234f6613d539957d8cd900a9503c3e7bceb31e12adec7cfa0adc6368b,6941714017-1,True,1114,M_FIRST,0.1204375060916879,1,0,True,0.05668865534099682,1114,6941714017-1,0.1204375060916879,2620,DB Itch Relief Pro,False,1114,6941714017-1,True,SWITCH,0.1204375060916879,1,0.5034884398865542,CORRECT,1114,6941714017-1,True,SWITCH,0.1204375060916879,1,0.5034884398865542,CORRECT,BOTH_CORRECT,1114,6941714017-1,True,0.5034884398865542,1.2847909623661247,False,1.7842072770394153,0.5034884398865542,0.5034884398865542,1,2620,-0.7451050463418863,-1.6296837550700505,2.387886929141558,1.4384300872876357,0.16976831310667856,-0.01965843215248532,-1.0981496560848956
H593-ea6da1ea39a3b6c4df654b68,OUTCOME-0317,0,27398dad6e577a6cdc7867303a9c586cdf14f835803381e1ac3586b1bec33c43,75 100s carton,True,4855,M_RANK_2_5,0.02968147877401052,4,0,False,-0.005260083199142687,5141,everolimus-8,0.03494156197315321,4855,75 100s carton,True,4855,75 100s carton,True,HOLD,0.02968147877401052,4,0.0,CORRECT,4855,75 100s carton,True,HOLD,0.02968147877401052,4,0.0,CORRECT,BOTH_CORRECT,5098,dexedrine-dextroamphetamine-sulfate-spansule-susta-7,False,-3.196249508669721,-2.6185660392020034,True,0.02902006287463088,0.0,0.0,,5098,2.0451724115837577,-0.6030643739222383,0.25171814035337753,0.5663036166254872,-0.18211252721901366,0.02008258516345457,1.0981496560848956
H593-93bb466d99aefd144ec856ee,OUTCOME-0318,0,27398dad6e577a6cdc7867303a9c586cdf14f835803381e1ac3586b1bec33c43,75 100s carton,True,4855,M_RANK_11_128,0.01919414245771865,25,0,False,-0.02546663105931198,5098,dexedrine-dextroamphetamine-sulfate-spansule-susta-7,0.04466077351703063,4855,75 100s carton,True,4855,75 100s carton,True,HOLD,0.01919414245771865,25,0.0,CORRECT,4855,75 100s carton,True,HOLD,0.01919414245771865,25,0.0,CORRECT,BOTH_CORRECT,5098,dexedrine-dextroamphetamine-sulfate-spansule-susta-7,False,-3.5735990453092152,-2.955700699744331,True,0.375670512824708,0.0,0.0,,5098,4.032625209677876,1.5267203269255047,-1.4757066723124994,-1.4540900718900884,-0.17418198839146226,0.020082585214989006,1.0981496560848956
H593-4ef2d085267e3a655f22c017,OUTCOME-0319,0,27398dad6e577a6cdc7867303a9c586cdf14f835803381e1ac3586b1bec33c43,75 100s carton,True,4855,M_FIRST,0.10032737717426103,1,0,True,0.0751910857261794,4855,75 100s carton,0.10032737717426103,4855,75 100s carton,True,4855,75 100s carton,True,HOLD,0.10032737717426103,1,0.0,CORRECT,4855,75 100s carton,True,HOLD,0.10032737717426103,1,0.0,CORRECT,BOTH_CORRECT,993,394---naproxen-sodium-220mg-1,False,-7.54717220701138,-6.9591689918779025,True,0.11797581322339568,0.0,0.0,,993,4.00774409860128,-1.6921520923714461,2.217538943953187,1.7536468486003796,0.18211252778320194,-0.01986777564011752,1.0981496560848956
H593-53e0bb3f0f95aa31e37ff328,OUTCOME-0320,0,27398dad6e577a6cdc7867303a9c586cdf14f835803381e1ac3586b1bec33c43,75 100s carton,True,4855,M_FIRST,0.06415585924726767,1,0,True,0.04277158923128596,4855,75 100s carton,0.06415585924726767,4855,75 100s carton,True,4855,75 100s carton,True,HOLD,0.06415585924726767,1,0.0,CORRECT,4855,75 100s carton,True,HOLD,0.06415585924726767,1,0.0,CORRECT,BOTH_CORRECT,5098,dexedrine-dextroamphetamine-sulfate-spansule-susta-7,False,-4.641715371017586,-4.0146875915384745,True,0.4543658286205261,0.0,0.0,,5098,1.4429007843550787,-1.665849071952448,1.8884168384592654,1.720708987205881,0.17700959991993204,-0.01962142305501894,1.0981496560848956
H593-75bb4e011323af524bb6c0a8,OUTCOME-0321,0,27398dad6e577a6cdc7867303a9c586cdf14f835803381e1ac3586b1bec33c43,75 100s carton,True,4855,M_RANK_2_5,0.024194767716970197,2,0,False,-0.0014768595455258784,5042,ce7e02d0-319e-4a5b-87e1-c6550ab4322c-05,0.025671627262496076,4855,75 100s carton,True,4855,75 100s carton,True,HOLD,0.024194767716970197,2,0.0,CORRECT,4855,75 100s carton,True,HOLD,0.024194767716970197,2,0.0,CORRECT,BOTH_CORRECT,5163,gabapentin-100mg-cap1a,False,-3.1210499697889986,-2.532693943474191,True,0.12101702997263963,0.0,0.0,,5163,1.9440533902508303,-0.7853188083306973,0.23199050864719434,0.7942051651846804,-0.18211252722109939,0.020082585173194452,1.0981496560848956
H593-1ef966932ba70ca899b49b6f,OUTCOME-0322,0,27398dad6e577a6cdc7867303a9c586cdf14f835803381e1ac3586b1bec33c43,75 100s carton,True,4855,M_FIRST,0.1302919231218836,1,0,True,0.08461814059314698,4855,75 100s carton,0.1302919231218836,4855,75 100s carton,True,4855,75 100s carton,True,HOLD,0.1302919231218836,1,0.0,CORRECT,4855,75 100s carton,True,HOLD,0.1302919231218836,1,0.0,CORRECT,BOTH_CORRECT,5010,carton-250mg-5cap,False,-4.571468696228312,-3.988771671307973,True,0.07223668871482225,0.0,0.0,,5010,1.8454437123524168,-1.4184258378917576,1.8533775751324275,1.044718504070866,0.1638437304536826,-0.015638643974218967,1.0981496560848956
H593-7ee5e502bef1035c68e37c1a,OUTCOME-0323,0,27398dad6e577a6cdc7867303a9c586cdf14f835803381e1ac3586b1bec33c43,75 100s carton,True,4855,M_FIRST,0.1615006653530498,1,0,True,0.09135745379013113,4855,75 100s carton,0.1615006653530498,4855,75 100s carton,True,4855,75 100s carton,True,HOLD,0.1615006653530498,1,0.0,CORRECT,4855,75 100s carton,True,HOLD,0.1615006653530498,1,0.0,CORRECT,BOTH_CORRECT,5299,point25mgcarton,False,-5.840605580581364,-5.26195528241426,True,0.03735408342108393,0.0,0.0,,5299,3.1479344886313427,-1.4267592210098181,1.736488512477569,1.1227622018309023,0.18211252778939302,-0.020082585222920158,1.0981496560848956
H593-671d0f11f416b72cd6df22b5,OUTCOME-0324,0,27398dad6e577a6cdc7867303a9c586cdf14f835803381e1ac3586b1bec33c43,75 100s carton,True,4855,M_FIRST,0.15497147518787807,1,0,True,0.09770772491269061,4855,75 100s carton,0.15497147518787807,4855,75 100s carton,True,4855,75 100s carton,True,HOLD,0.15497147518787807,1,0.0,CORRECT,4855,75 100s carton,True,HOLD,0.15497147518787807,1,0.0,CORRECT,BOTH_CORRECT,5098,dexedrine-dextroamphetamine-sulfate-spansule-susta-7,False,-6.628367736196775,-6.036034703873633,True,0.1552986455348062,0.0,0.0,,5098,3.7181929333701107,-1.5124336213910727,1.94169531037808,1.2451745281284818,0.15642960323397456,-0.018840673607695767,1.0981496560848956
H593-01539eca5c5afd1c6d5ccda2,OUTCOME-0325,0,27398dad6e577a6cdc7867303a9c586cdf14f835803381e1ac3586b1bec33c43,75 100s carton,True,4855,M_FIRST,0.15300134658978834,1,0,True,0.09684493253163978,4855,75 100s carton,0.15300134658978834,4855,75 100s carton,True,4855,75 100s carton,True,HOLD,0.15300134658978834,1,0.0,CORRECT,4855,75 100s carton,True,HOLD,0.15300134658978834,1,0.0,CORRECT,BOTH_CORRECT,5130,entecavir-03,False,-6.052040487861493,-5.425905375022204,True,0.44667108174123626,0.0,0.0,,5130,2.9874913147680973,-1.6107130184442284,1.8560472736471436,1.5587809709394822,0.182112527795003,-0.019828236928899595,1.0981496560848956
H593-deeedb839c4275fee269e4b1,OUTCOME-0326,0,27398dad6e577a6cdc7867303a9c586cdf14f835803381e1ac3586b1bec33c43,75 100s carton,True,4855,M_FIRST,0.15165628840113451,1,0,True,0.1127832768170532,4855,75 100s carton,0.15165628840113451,4855,75 100s carton,True,4855,75 100s carton,True,HOLD,0.15165628840113451,1,0.0,CORRECT,4855,75 100s carton,True,HOLD,0.15165628840113451,1,0.0,CORRECT,BOTH_CORRECT,1762,Bismuth Subsalicylate Capsules-carton,False,-7.3155184039983325,-6.726688627044247,True,0.12510073949030698,0.0,0.0,,1762,3.9358814212430384,-1.6440198972745104,2.1955654041240846,1.5684236415926416,0.18160076345117376,-0.02008258522299059,1.0981496560848956
H593-7dacd3aadc7a3c0857f02206,OUTCOME-0327,0,27398dad6e577a6cdc7867303a9c586cdf14f835803381e1ac3586b1bec33c43,75 100s carton,True,4855,M_RANK_11_128,0.01360060993387628,23,0,False,-0.01357888583026144,5008,carton-20mg-5cap,0.02717949576413772,4855,75 100s carton,True,4855,75 100s carton,True,HOLD,0.01360060993387628,23,0.0,CORRECT,4855,75 100s carton,True,HOLD,0.01360060993387628,23,0.0,CORRECT,BOTH_CORRECT,5008,carton-20mg-5cap,False,-1.867624127594303,-1.2606836622879234,True,0.28121407056360037,0.0,0.0,,5008,1.8145789008061546,1.1185440185687912,-1.2320793302816342,-0.7787365381838115,-0.17180029365523206,0.018967714255139528,1.0981496560848956
H593-c7de10914b97438ea391ef69,OUTCOME-0328,0,8ad47f26cd065ca57d3a68d2c5f31cd9eeb977294c710ac87f6e9c84b24866ea,766-e9-infants-pain-and-fever,True,1134,M_FIRST,0.10766103705007093,1,0,True,0.08653559490539894,1134,766-e9-infants-pain-and-fever,0.10766103705007093,1134,766-e9-infants-pain-and-fever,True,1134,766-e9-infants-pain-and-fever,True,HOLD,0.10766103705007093,1,0.0,CORRECT,1134,766-e9-infants-pain-and-fever,True,HOLD,0.10766103705007093,1,0.0,CORRECT,BOTH_CORRECT,4551,leader-44-018-1,False,-4.68278836965271,-4.090767554076973,True,0.15260735100716616,0.0,0.0,,4551,1.549502677017292,-1.5127245403507794,2.4862648793665425,0.9230391507352191,0.15057379436424015,-0.012017247564700469,1.0981496560848956
H593-30d56e7ebdd8d445dd0c0837,OUTCOME-0329,0,8ad47f26cd065ca57d3a68d2c5f31cd9eeb977294c710ac87f6e9c84b24866ea,766-e9-infants-pain-and-fever,True,1134,M_FIRST,0.12465612647986328,1,0,True,0.10951456831658171,1134,766-e9-infants-pain-and-fever,0.12465612647986328,1134,766-e9-infants-pain-and-fever,True,1134,766-e9-infants-pain-and-fever,True,HOLD,0.12465612647986328,1,0.0,CORRECT,1134,766-e9-infants-pain-and-fever,True,HOLD,0.12465612647986328,1,0.0,CORRECT,BOTH_CORRECT,3671,careone-infants-acetaminophen-160mg-per-5ml-grape-carton-image,False,-4.612742387043083,-4.037595286239822,True,0.007156677378951315,0.0,0.0,,3671,0.38563494616593846,-1.7185354057395898,2.9809933847494627,1.7044553442854877,0.18100609429929312,-0.018961632802405527,1.0981496560848956
H593-70d36e5f24cab2ddc78b38ea,OUTCOME-0330,0,8ad47f26cd065ca57d3a68d2c5f31cd9eeb977294c710ac87f6e9c84b24866ea,766-e9-infants-pain-and-fever,True,1134,M_FIRST,0.05263859593433667,1,0,True,0.001723141768299019,1134,766-e9-infants-pain-and-fever,0.05263859593433667,1134,766-e9-infants-pain-and-fever,True,1134,766-e9-infants-pain-and-fever,True,HOLD,0.05263859593433667,1,0.0,CORRECT,1134,766-e9-infants-pain-and-fever,True,HOLD,0.05263859593433667,1,0.0,CORRECT,BOTH_CORRECT,3177,apap-4oz-ifc,False,-2.694492331498646,-2.100428501669353,True,0.17021804334247514,0.0,0.0,,3177,1.139906536235936,-0.3774337694530967,0.8215447286904333,-0.012800995837540033,0.010373710208339033,0.014752465569679149,1.0981496560848956
H593-5f1d8e99507134bf9261aa26,OUTCOME-0331,0,8ad47f26cd065ca57d3a68d2c5f31cd9eeb977294c710ac87f6e9c84b24866ea,766-e9-infants-pain-and-fever,True,1134,M_FIRST,0.12074878616519409,1,0,True,0.019137454017883998,1134,766-e9-infants-pain-and-fever,0.12074878616519409,3671,careone-infants-acetaminophen-160mg-per-5ml-grape-carton-image,False,3671,careone-infants-acetaminophen-160mg-per-5ml-grape-carton-image,False,HOLD,0.1016113321473101,2,0.0,TARGET_TOP_BUT_HOLD,3671,careone-infants-acetaminophen-160mg-per-5ml-grape-carton-image,False,HOLD,0.1016113321473101,2,0.0,TARGET_TOP_BUT_HOLD,BOTH_WRONG,1134,766-e9-infants-pain-and-fever,True,-0.9042654692290205,-0.18519843615865828,True,1.2477401161201884,-0.9042654692290205,-0.9042654692290205,1,3671,-0.01938766819496552,-0.2817837973918379,0.3184565206386914,0.15213446948092713,0.0058687483315662,0.018595913991493736,-1.0981496560848956
H593-0e8e2230acf18be9984a101b,OUTCOME-0332,0,8ad47f26cd065ca57d3a68d2c5f31cd9eeb977294c710ac87f6e9c84b24866ea,766-e9-infants-pain-and-fever,True,1134,M_FIRST,0.07856866724012024,1,0,True,0.026031606627997403,1134,766-e9-infants-pain-and-fever,0.07856866724012024,1134,766-e9-infants-pain-and-fever,True,1134,766-e9-infants-pain-and-fever,True,HOLD,0.07856866724012024,1,0.0,CORRECT,1134,766-e9-infants-pain-and-fever,True,HOLD,0.07856866724012024,1,0.0,CORRECT,BOTH_CORRECT,3671,careone-infants-acetaminophen-160mg-per-5ml-grape-carton-image,False,-1.8130269144918978,-0.8178748139712518,True,3.6275811636195705,0.0,0.0,,3671,0.40448271656841445,-0.40662546077208667,0.7346867188023043,0.07131889950031135,-0.09882329043405512,0.009837674742114028,1.0981496560848956
H593-f522efe671aecfa850b10989,OUTCOME-0333,0,8ad47f26cd065ca57d3a68d2c5f31cd9eeb977294c710ac87f6e9c84b24866ea,766-e9-infants-pain-and-fever,True,1134,M_RANK_2_5,0.073647978721388,4,0,False,-0.03343576971117848,3671,careone-infants-acetaminophen-160mg-per-5ml-grape-carton-image,0.10708374843256648,1245,ARTE TROQUEL NOVALGINA,False,1134,766-e9-infants-pain-and-fever,True,SWITCH,0.073647978721388,4,1.8595418811360251,CORRECT,1134,766-e9-infants-pain-and-fever,True,SWITCH,0.073647978721388,4,1.8595418811360251,CORRECT,BOTH_CORRECT,1134,766-e9-infants-pain-and-fever,True,1.8595418811360251,2.4944338405060495,False,0.522154710801507,1.8595418811360251,1.8595418811360251,1,2456,0.638532345041569,0.002161499263179323,-0.1118261669269347,-0.003821513726540715,-0.002891452837828018,-1.1938460636740089e-11,0.0
H593-20fdadbf18ce1e0e1a0746a9,OUTCOME-0334,0,8ad47f26cd065ca57d3a68d2c5f31cd9eeb977294c710ac87f6e9c84b24866ea,766-e9-infants-pain-and-fever,True,1134,M_RANK_11_128,0.00628845616649012,105,0,False,-0.0378479243930436,3887,children-01,0.04413638055953372,1134,766-e9-infants-pain-and-fever,True,3887,children-01,False,SWITCH,0.04413638055953372,1,1.263035070502624,RAW_CORRECT_BROKEN,3887,children-01,False,SWITCH,0.04413638055953372,1,1.263035070502624,RAW_CORRECT_BROKEN,BOTH_WRONG,3887,children-01,False,1.263035070502624,1.9282501389041045,False,0.7835385669705972,0.0,0.0,,3887,0.6118297391476218,1.7153721617742155,-2.7772850019389015,-1.7490112146814245,-0.1821125276977179,0.020022116808686437,1.0981496560848956
H593-315859149cbadcf0a035cb5b,OUTCOME-0335,0,8ad47f26cd065ca57d3a68d2c5f31cd9eeb977294c710ac87f6e9c84b24866ea,766-e9-infants-pain-and-fever,True,1134,M_FIRST,0.05241962741521146,1,0,True,0.027825204310526663,1134,766-e9-infants-pain-and-fever,0.05241962741521146,1134,766-e9-infants-pain-and-fever,True,1134,766-e9-infants-pain-and-fever,True,HOLD,0.05241962741521146,1,0.0,CORRECT,1134,766-e9-infants-pain-and-fever,True,HOLD,0.05241962741521146,1,0.0,CORRECT,BOTH_CORRECT,4551,leader-44-018-1,False,-3.5655648928659542,-2.985051169031459,True,0.05341673010160708,0.0,0.0,,4551,1.4884512888936259,-0.9986638952013805,1.3368764667975879,0.5284008653643275,0.1156529569589927,-0.0033024460320949653,1.0981496560848956
H593-30df437866a92249e15d556f,OUTCOME-0336,0,8ad47f26cd065ca57d3a68d2c5f31cd9eeb977294c710ac87f6e9c84b24866ea,766-e9-infants-pain-and-fever,True,1134,M_FIRST,0.039107409038010445,1,0,True,0.013728036804210683,1134,766-e9-infants-pain-and-fever,0.039107409038010445,1134,766-e9-infants-pain-and-fever,True,1134,766-e9-infants-pain-and-fever,True,HOLD,0.039107409038010445,1,0.0,CORRECT,1134,766-e9-infants-pain-and-fever,True,HOLD,0.039107409038010445,1,0.0,CORRECT,BOTH_CORRECT,3671,careone-infants-acetaminophen-160mg-per-5ml-grape-carton-image,False,-2.5330624665058687,-1.8755927441633475,True,0.7167740271552825,0.0,0.0,,3671,0.7764788954998365,-0.5530266758016549,0.7876995844049222,0.22156589344651126,0.18211252765755184,0.020082585213806577,1.0981496560848956
H593-36177667d1799f89d767d878,OUTCOME-0337,0,8ad47f26cd065ca57d3a68d2c5f31cd9eeb977294c710ac87f6e9c84b24866ea,766-e9-infants-pain-and-fever,True,1134,M_RANK_11_128,0.00468560820042649,127,0,False,-0.04199062798024196,1436,AptaPharmaChildPainFever,0.04667623618066845,1134,766-e9-infants-pain-and-fever,True,1436,AptaPharmaChildPainFever,False,SWITCH,0.04667623618066845,1,0.859952898680705,RAW_CORRECT_BROKEN,1436,AptaPharmaChildPainFever,False,SWITCH,0.04667623618066845,1,0.859952898680705,RAW_CORRECT_BROKEN,BOTH_WRONG,1436,AptaPharmaChildPainFever,False,0.859952898680705,1.5642656733114189,False,1.1205590621632873,0.0,0.0,,1436,1.0450129396120598,1.700159265201887,-3.0250645138976013,-1.5118003152833492,-0.18211252773786002,0.015702597339263206,1.0981496560848956
H593-0e5d73ab749914eaaeb680ae,OUTCOME-0338,0,8ad47f26cd065ca57d3a68d2c5f31cd9eeb977294c710ac87f6e9c84b24866ea,766-e9-infants-pain-and-fever,False,,TARGET_ABSENT,,,,False,,4326,cvs-acetaminophen-carton-image,0.03626492096723618,4075,coldspot wipes 2,False,4075,coldspot wipes 2,False,HOLD,0.012169491736867098,41,0.0,TARGET_ABSENT,4075,coldspot wipes 2,False,HOLD,0.012169491736867098,41,0.0,TARGET_ABSENT,BOTH_WRONG,4326,cvs-acetaminophen-carton-image,False,-1.40760623577573,-0.8268519390601915,True,0.05549045767589722,,,,,,,,,,,
H593-257581a6d8113bc829cc4f7d,OUTCOME-0339,0,8ad47f26cd065ca57d3a68d2c5f31cd9eeb977294c710ac87f6e9c84b24866ea,766-e9-infants-pain-and-fever,True,1134,M_FIRST,0.16369023243409275,1,0,True,0.0966412002764498,1134,766-e9-infants-pain-and-fever,0.16369023243409275,1134,766-e9-infants-pain-and-fever,True,1134,766-e9-infants-pain-and-fever,True,HOLD,0.16369023243409275,1,0.0,CORRECT,1134,766-e9-infants-pain-and-fever,True,HOLD,0.16369023243409275,1,0.0,CORRECT,BOTH_CORRECT,4551,leader-44-018-1,False,-4.741644577028958,-4.165515218745176,True,0.015623693335108157,0.0,0.0,,4551,1.5790268624141113,-1.5351663205634805,2.4716632869813955,1.0156407900719098,0.12427442541384597,-0.011944123373720215,1.0981496560848956
H593-d404e46663a91ac00c5f1973,OUTCOME-0340,0,8ad47f26cd065ca57d3a68d2c5f31cd9eeb977294c710ac87f6e9c84b24866ea,766-e9-infants-pain-and-fever,True,1134,M_FIRST,0.12997710126677214,1,0,True,0.04951798672979045,1134,766-e9-infants-pain-and-fever,0.12997710126677214,1134,766-e9-infants-pain-and-fever,True,1134,766-e9-infants-pain-and-fever,True,HOLD,0.12997710126677214,1,0.0,CORRECT,1134,766-e9-infants-pain-and-fever,True,HOLD,0.12997710126677214,1,0.0,CORRECT,BOTH_CORRECT,3671,careone-infants-acetaminophen-160mg-per-5ml-grape-carton-image,False,-2.3127384397376565,-1.52169707372618,True,1.8681556767353822,0.0,0.0,,3671,0.7689581323971549,-0.6882688132080944,0.8706936511478891,0.34864025892023764,-0.08311793771791987,-0.002316507886506836,1.0981496560848956
H593-c6ad63874f6fdf348e0906bf,OUTCOME-0341,0,8ad47f26cd065ca57d3a68d2c5f31cd9eeb977294c710ac87f6e9c84b24866ea,766-e9-infants-pain-and-fever,True,1134,M_FIRST,0.1754496547978123,1,0,True,0.022932631692484773,1134,766-e9-infants-pain-and-fever,0.1754496547978123,3671,careone-infants-acetaminophen-160mg-per-5ml-grape-carton-image,False,3671,careone-infants-acetaminophen-160mg-per-5ml-grape-carton-image,False,HOLD,0.15251702310532753,2,0.0,TARGET_TOP_BUT_HOLD,3671,careone-infants-acetaminophen-160mg-per-5ml-grape-carton-image,False,HOLD,0.15251702310532753,2,0.0,TARGET_TOP_BUT_HOLD,BOTH_WRONG,1134,766-e9-infants-pain-and-fever,True,-1.1176147932219556,-0.48612396359276844,True,0.4928371231468496,-1.1176147932219556,-1.1176147932219556,1,3671,-0.17477116233584572,-0.21695417858484017,0.25873016023627327,0.10914882039918486,-0.005244242451315123,0.009625465599482866,-1.0981496560848956
H593-0dd4951a9b49124b8f24958f,OUTCOME-0342,0,8ad47f26cd065ca57d3a68d2c5f31cd9eeb977294c710ac87f6e9c84b24866ea,766-e9-infants-pain-and-fever,True,1134,M_FIRST,0.1219205378502541,1,0,True,0.030373587783249792,1134,766-e9-infants-pain-and-fever,0.1219205378502541,1134,766-e9-infants-pain-and-fever,True,1134,766-e9-infants-pain-and-fever,True,HOLD,0.1219205378502541,1,0.0,CORRECT,1134,766-e9-infants-pain-and-fever,True,HOLD,0.1219205378502541,1,0.0,CORRECT,BOTH_CORRECT,3671,careone-infants-acetaminophen-160mg-per-5ml-grape-carton-image,False,-1.6665120517846908,-0.6478145531544629,True,3.830541451977027,0.0,0.0,,3671,0.4306866087023924,-0.28951315556697044,0.5264864971895151,0.047724578206207735,-0.1532243778247517,0.006202244993402034,1.0981496560848956
H593-575d6db6bfc93ebe863516ea,OUTCOME-0343,0,8ad47f26cd065ca57d3a68d2c5f31cd9eeb977294c710ac87f6e9c84b24866ea,766-e9-infants-pain-and-fever,True,1134,M_FIRST,0.06554409123621875,1,0,True,0.02633361375968618,1134,766-e9-infants-pain-and-fever,0.06554409123621875,1134,766-e9-infants-pain-and-fever,True,1134,766-e9-infants-pain-and-fever,True,HOLD,0.06554409123621875,1,0.0,CORRECT,1134,766-e9-infants-pain-and-fever,True,HOLD,0.06554409123621875,1,0.0,CORRECT,BOTH_CORRECT,4280,cvs-44-098-1,False,-2.9643507829331552,-2.3475388907543526,True,0.3663053327797674,0.0,0.0,,4280,0.4710481809924747,-1.6608432300538847,1.0762801365281023,1.8190367083275787,0.18076191627635652,-0.020082585222367548,1.0981496560848956
H593-a865a52b11a3d828fa6bc1d1,OUTCOME-0344,0,8ad47f26cd065ca57d3a68d2c5f31cd9eeb977294c710ac87f6e9c84b24866ea,766-e9-infants-pain-and-fever,True,1134,M_FIRST,0.0873588280034858,1,0,True,0.030409739011707945,1134,766-e9-infants-pain-and-fever,0.0873588280034858,1134,766-e9-infants-pain-and-fever,True,1134,766-e9-infants-pain-and-fever,True,HOLD,0.0873588280034858,1,0.0,CORRECT,1134,766-e9-infants-pain-and-fever,True,HOLD,0.0873588280034858,1,0.0,CORRECT,BOTH_CORRECT,3671,careone-infants-acetaminophen-160mg-per-5ml-grape-carton-image,False,-2.055856958908379,-1.3052460132445307,True,1.519647244897548,0.0,0.0,,3671,0.597453915456055,-0.538999943895823,0.7797321060548741,0.20846657258482307,-0.08100085965813504,-0.007944487718310696,1.0981496560848956
H593-f20e682caad635857fd5f8dd,OUTCOME-0345,0,8ad47f26cd065ca57d3a68d2c5f31cd9eeb977294c710ac87f6e9c84b24866ea,766-e9-infants-pain-and-fever,True,1134,M_FIRST,0.07164274101322675,1,0,True,0.026914622060650505,1134,766-e9-infants-pain-and-fever,0.07164274101322675,2030,CH Senna,False,1134,766-e9-infants-pain-and-fever,True,SWITCH,0.07164274101322675,1,0.5276070576354339,CORRECT,1134,766-e9-infants-pain-and-fever,True,SWITCH,0.07164274101322675,1,0.5276070576354339,CORRECT,BOTH_CORRECT,1134,766-e9-infants-pain-and-fever,True,0.5276070576354339,1.2713047742766852,False,1.460055517062783,0.5276070576354339,0.5276070576354339,1,2030,-0.24573634758409935,-1.6239171698455237,2.208246853506567,1.4887185069232975,-0.1821125274314422,-0.01944260184847,-1.0981496560848956
H593-1dd405f920b439879fc89b2c,OUTCOME-0346,1,f4cb26eef9646d6dfd71a5bdba8092d2e0f934cd5f8e9ffe627d7c9ba8444f36,77l96n1c1,True,4861,M_FIRST,0.045070050143115645,1,0,True,0.016233669866214925,4861,77l96n1c1,0.045070050143115645,4861,77l96n1c1,True,4861,77l96n1c1,True,HOLD,0.045070050143115645,1,0.0,CORRECT,4861,77l96n1c1,True,HOLD,0.045070050143115645,1,0.0,CORRECT,BOTH_CORRECT,5375,triamcinolone-cream-0-1-15-gm-carton,False,-4.955041718258029,-4.2238420185319185,True,0.38173439950026733,0.0,0.0,,5375,2.8111981808218465,-1.3896966990785904,1.044029941742734,1.1638658351204398,0.10025682112143866,-0.0062218507109064545,1.2316094892410674
H593-873815a4220226b46cf86099,OUTCOME-0347,1,f4cb26eef9646d6dfd71a5bdba8092d2e0f934cd5f8e9ffe627d7c9ba8444f36,77l96n1c1,True,4861,M_FIRST,0.10235882684252837,1,0,True,0.05166104202993204,4861,77l96n1c1,0.10235882684252837,4802,tersi-5,False,4802,tersi-5,False,HOLD,0.050697784812596326,2,0.0,TARGET_TOP_BUT_HOLD,4861,77l96n1c1,True,SWITCH,0.10235882684252837,1,0.03565398944437037,CORRECT,RESCUED_BY_492,4861,77l96n1c1,True,-0.730610154563479,0.03565398944437037,True,1.2870318279003565,-0.730610154563479,0.03565398944437037,1,4802,-0.9913016426462623,-1.857176714089118,1.2282465765530386,1.9610346057687729,0.1486905593805909,0.01150594971056638,-1.2316094892410674
H593-2acfe07e77226545b2ae0e10,OUTCOME-0348,1,f4cb26eef9646d6dfd71a5bdba8092d2e0f934cd5f8e9ffe627d7c9ba8444f36,77l96n1c1,True,4861,M_RANK_11_128,0.014975665115517232,70,0,False,-0.028773324506571323,291,der0k-0003-12,0.043748989622088556,4984,bupivacainehclinjection0757510mlcartonlabel,False,4984,bupivacainehclinjection0757510mlcartonlabel,False,HOLD,0.016932300799745625,55,0.0,CHALLENGER_RANKING_BLOCKED,4984,bupivacainehclinjection0757510mlcartonlabel,False,HOLD,0.016932300799745625,55,0.0,CHALLENGER_RANKING_BLOCKED,BOTH_WRONG,105,G003118 Capstar Vet Pack Dog Over 25lbs,False,-1.2966947801524762,-0.5790064927393529,True,0.032895366925875136,-1.9044553256085588,-1.9044553256085588,4,4984,-0.5887165346820097,0.23596352822141245,-0.2231440676351479,-0.12935483266272174,0.043912020083254955,-0.011505949692279437,-1.2316094892410674
H593-5215365f1c24c67d099c6773,OUTCOME-0349,1,f4cb26eef9646d6dfd71a5bdba8092d2e0f934cd5f8e9ffe627d7c9ba8444f36,77l96n1c1,True,4861,M_RANK_6_10,0.02655162051713062,8,0,False,-0.013823874957146258,5070,cordran-120mg-carton,0.04037549547427688,4861,77l96n1c1,True,4861,77l96n1c1,True,HOLD,0.02655162051713062,8,0.0,CORRECT,4861,77l96n1c1,True,HOLD,0.02655162051713062,8,0.0,CORRECT,BOTH_CORRECT,5070,cordran-120mg-carton,False,-2.677571211041407,-1.9488003571346248,True,0.31902620836080775,0.0,0.0,,5070,1.7725071684114513,-0.8178324795616332,-0.7516266687753176,1.382021376271392,-0.1486905592115732,0.009582884666020312,1.2316094892410674
H593-50e98a4949f2bb0bae2a8cc5,OUTCOME-0350,1,f4cb26eef9646d6dfd71a5bdba8092d2e0f934cd5f8e9ffe627d7c9ba8444f36,77l96n1c1,True,4861,M_FIRST,0.03557627923634546,1,0,True,0.005470328194701217,4861,77l96n1c1,0.03557627923634546,4861,77l96n1c1,True,4861,77l96n1c1,True,HOLD,0.03557627923634546,1,0.0,CORRECT,4861,77l96n1c1,True,HOLD,0.03557627923634546,1,0.0,CORRECT,BOTH_CORRECT,5312,protexacarton,False,-5.685937998569106,-4.957331080608714,True,0.3147936932381601,0.0,0.0,,5312,3.727744692068393,-1.7610168919735172,0.3233707417223498,2.0330849798010036,0.11963903800159885,0.011505949708210169,1.2316094892410674
H593-aad869bc4c329c79b3b3098f,OUTCOME-0351,1,f4cb26eef9646d6dfd71a5bdba8092d2e0f934cd5f8e9ffe627d7c9ba8444f36,77l96n1c1,True,4861,M_FIRST,0.10699864749655134,1,0,True,0.08166176058870818,4861,77l96n1c1,0.10699864749655134,4861,77l96n1c1,True,4861,77l96n1c1,True,HOLD,0.10699864749655134,1,0.0,CORRECT,4861,77l96n1c1,True,HOLD,0.10699864749655134,1,0.0,CORRECT,BOTH_CORRECT,5375,triamcinolone-cream-0-1-15-gm-carton,False,-6.222176233426552,-5.500562434237507,True,0.13424463364581207,0.0,0.0,,5375,2.135447641899394,-2.0377190085686325,2.6520838086356173,2.10078743763295,0.14855241547793915,-0.008585550891784387,1.2316094892410674
H593-0c19fd5a9f5839f926c4ae57,OUTCOME-0352,1,f4cb26eef9646d6dfd71a5bdba8092d2e0f934cd5f8e9ffe627d7c9ba8444f36,77l96n1c1,True,4861,M_FIRST,0.13706514268314482,1,0,True,0.08834969765037279,4861,77l96n1c1,0.13706514268314482,4861,77l96n1c1,True,4861,77l96n1c1,True,HOLD,0.13706514268314482,1,0.0,CORRECT,4861,77l96n1c1,True,HOLD,0.13706514268314482,1,0.0,CORRECT,BOTH_CORRECT,4585,maximum-h-01,False,-7.581122558275597,-6.852670528157051,True,0.3107947830091451,0.0,0.0,,4585,5.0289488088417045,-1.5195282469360354,1.7305303899582747,0.9550133550631011,0.1430428123951868,0.011505949712297951,1.2316094892410674
H593-f84d26c893d33050fff89605,OUTCOME-0353,1,f4cb26eef9646d6dfd71a5bdba8092d2e0f934cd5f8e9ffe627d7c9ba8444f36,77l96n1c1,True,4861,M_FIRST,0.029638835322450627,1,0,True,0.0026090182547843788,4861,77l96n1c1,0.029638835322450627,4861,77l96n1c1,True,4861,77l96n1c1,True,HOLD,0.029638835322450627,1,0.0,CORRECT,4861,77l96n1c1,True,HOLD,0.029638835322450627,1,0.0,CORRECT,BOTH_CORRECT,5375,triamcinolone-cream-0-1-15-gm-carton,False,-3.804329824723036,-3.0738790365833824,True,0.36239892314506283,0.0,0.0,,5375,2.0946799414414365,-1.2283401012658965,0.7962284826108036,1.0553179245572606,-0.1486905565403856,0.003524644678750062,1.2316094892410674
H593-a4df16d733beef6694520349,OUTCOME-0354,1,f4cb26eef9646d6dfd71a5bdba8092d2e0f934cd5f8e9ffe627d7c9ba8444f36,77l96n1c1,True,4861,M_RANK_11_128,0.026091765892748545,19,0,False,-0.019527686751757332,290,der0k-0003-08,0.04561945264450588,4861,77l96n1c1,True,4861,77l96n1c1,True,HOLD,0.026091765892748545,19,0.0,CORRECT,4861,77l96n1c1,True,HOLD,0.026091765892748545,19,0.0,CORRECT,BOTH_CORRECT,4984,bupivacainehclinjection0757510mlcartonlabel,False,-1.7772886274100754,-1.0554818370161683,True,0.1392273004196456,0.0,0.0,,4984,0.5656401139185139,0.17352802453449714,0.02269199549452843,-0.22275197761310384,0.018076931539242155,-0.011505949704669517,1.2316094892410674
H593-978cc9932e208401b21a7478,OUTCOME-0355,1,f4cb26eef9646d6dfd71a5bdba8092d2e0f934cd5f8e9ffe627d7c9ba8444f36,77l96n1c1,True,4861,M_RANK_11_128,0.014936100767642643,11,0,False,-0.01057320571489183,1044,500-808 PROOF LTI Senior B Saver Carton.p1,0.025509306482534473,4861,77l96n1c1,True,4861,77l96n1c1,True,HOLD,0.014936100767642643,11,0.0,CORRECT,4861,77l96n1c1,True,HOLD,0.014936100767642643,11,0.0,CORRECT,BOTH_CORRECT,5153,fluorouracil-carton,False,-3.5749340700930152,-2.8346915580281062,True,0.6152026584021324,0.0,0.0,,5153,2.5945491083806957,0.6338821339270783,-0.18977703939156548,-0.6367390313956454,-0.04708464098568189,-0.011505949682933765,1.2316094892410674
H593-163df34acba78d2b4f94a0d0,OUTCOME-0356,1,f4cb26eef9646d6dfd71a5bdba8092d2e0f934cd5f8e9ffe627d7c9ba8444f36,77l96n1c1,True,4861,M_RANK_11_128,0.017477080895648207,21,0,False,-0.013471283449448666,5201,ketorolac-tromethamine-07,0.030948364345096874,4861,77l96n1c1,True,4861,77l96n1c1,True,HOLD,0.017477080895648207,21,0.0,CORRECT,4861,77l96n1c1,True,HOLD,0.017477080895648207,21,0.0,CORRECT,BOTH_CORRECT,5375,triamcinolone-cream-0-1-15-gm-carton,False,-4.57878501520139,-3.8460106239405043,True,0.4223899474821948,0.0,0.0,,5375,3.259533305221427,-0.4335916737524913,0.2835736556905405,0.3282753246231638,-0.08803018832367583,-0.0025848974986412703,1.2316094892410674
H593-6fbc0bd5cc7a6fdd5e33f290,OUTCOME-0357,1,f4cb26eef9646d6dfd71a5bdba8092d2e0f934cd5f8e9ffe627d7c9ba8444f36,77l96n1c1,True,4861,M_RANK_2_5,0.02166628924887125,4,0,False,-0.0114493075944481,3165,antibacterial hand cream,0.03311559684331935,4861,77l96n1c1,True,4861,77l96n1c1,True,HOLD,0.02166628924887125,4,0.0,CORRECT,4861,77l96n1c1,True,HOLD,0.02166628924887125,4,0.0,CORRECT,BOTH_CORRECT,5375,triamcinolone-cream-0-1-15-gm-carton,False,-3.5630958561803006,-2.840472406832437,True,0.16031188527591844,0.0,0.0,,5375,2.194629880488182,-0.6227853567851374,0.28733102027680385,0.5595155541324225,-0.09171156801687362,0.004506836843836206,1.2316094892410674
H593-9567a5b390df83a314dbfab1,OUTCOME-0365,0,f15f4acea549124570f8e5b5e20c5575b2b6e0d49386891fe5a7552afc90436f,80mg-cart-np,True,4865,M_FIRST,0.14010102941539254,1,0,True,0.0960212259936711,4865,80mg-cart-np,0.14010102941539254,4865,80mg-cart-np,True,4865,80mg-cart-np,True,HOLD,0.14010102941539254,1,0.0,CORRECT,4865,80mg-cart-np,True,HOLD,0.14010102941539254,1,0.0,CORRECT,BOTH_CORRECT,5107,docetaxel-injection-spl-carton-2ml,False,-4.221227501634747,-3.6358399002965744,True,0.09542933821133204,0.0,0.0,,5107,0.6314734575076387,-1.6370287236726349,2.6083620854141683,1.3607134600199335,0.17964015150314042,-0.020082585222395276,1.0981496560848956
H593-082cd2a46d9b304893a3587c,OUTCOME-0366,0,f15f4acea549124570f8e5b5e20c5575b2b6e0d49386891fe5a7552afc90436f,80mg-cart-np,True,4865,M_FIRST,0.07339869332815051,1,0,True,0.0346857930590092,4865,80mg-cart-np,0.07339869332815051,4865,80mg-cart-np,True,4865,80mg-cart-np,True,HOLD,0.07339869332815051,1,0.0,CORRECT,4865,80mg-cart-np,True,HOLD,0.07339869332815051,1,0.0,CORRECT,BOTH_CORRECT,5106,docetaxel-baxter-12,False,-4.533595823893483,-3.9515168789548967,True,0.06690886666057061,0.0,0.0,,5106,1.5004742144864074,-1.5794764032278477,1.9090484420429372,1.4499846888436545,0.1754978108830621,-0.02008258521962596,1.0981496560848956
H593-cf3d303c6942b97f41b6fc64,OUTCOME-0372,0,f15f4acea549124570f8e5b5e20c5575b2b6e0d49386891fe5a7552afc90436f,80mg-cart-np,True,4865,M_FIRST,0.20666596388413172,1,0,True,0.1707153261567426,4865,80mg-cart-np,0.20666596388413172,4865,80mg-cart-np,True,4865,80mg-cart-np,True,HOLD,0.20666596388413172,1,0.0,CORRECT,4865,80mg-cart-np,True,HOLD,0.20666596388413172,1,0.0,CORRECT,BOTH_CORRECT,5107,docetaxel-injection-spl-carton-2ml,False,-5.003251916630362,-4.373078494799608,True,0.4814811263015253,0.0,0.0,,5107,0.9195038261971136,-1.6965846976984538,3.1056356932583173,1.41396380570408,0.1821125277917421,-0.019528894707332163,1.0981496560848956
H593-5e3baff5983fb5e1280953d4,OUTCOME-0373,0,f15f4acea549124570f8e5b5e20c5575b2b6e0d49386891fe5a7552afc90436f,80mg-cart-np,True,4865,M_RANK_6_10,0.03597559520922009,8,0,False,-0.03184953949814153,5165,gem0g-0004-09,0.06782513470736162,5340,sod0o-0000-04,False,5165,gem0g-0004-09,False,SWITCH,0.06782513470736162,1,0.8922106551010738,CHALLENGER_RANKING_BLOCKED,5165,gem0g-0004-09,False,SWITCH,0.06782513470736162,1,0.8922106551010738,CHALLENGER_RANKING_BLOCKED,BOTH_WRONG,5165,gem0g-0004-09,False,0.8922106551010738,1.4827485628912895,False,0.1398247516068063,0.03880034342354621,0.03880034342354621,4,5165,0.06336841965705486,0.12721717771869567,-0.8101184623185598,-0.2346566092412956,-1.5125115049308135e-10,0.000779162657828715,0.0
H593-8b7ecf77a17bdcf3073f645c,OUTCOME-0376,3,4a5e078a9d0335a17e0b19c90cc91b4eaf583fcc72663cf7441019d2f00d652a,812-6e-mucus-dm,True,1140,M_FIRST,0.11940759138795635,1,0,True,0.08115299091140404,1140,812-6e-mucus-dm,0.11940759138795635,3660,careone-acetaminophen-carton-image,False,1140,812-6e-mucus-dm,True,SWITCH,0.11940759138795635,1,1.2826904885666301,CORRECT,1140,812-6e-mucus-dm,True,SWITCH,0.11940759138795635,1,1.2826904885666301,CORRECT,BOTH_CORRECT,1140,812-6e-mucus-dm,True,1.2826904885666301,2.2606283519028834,False,1.484123066570154,1.2826904885666301,1.2826904885666301,1,3660,-0.6220332108640205,-0.9881794086339631,2.765667182054911,1.352090581634141,0.13602747559625575,-0.059521578981613754,-1.3013605522390803
H593-202d17a8fea9c8283f65d42d,OUTCOME-0378,3,4a5e078a9d0335a17e0b19c90cc91b4eaf583fcc72663cf7441019d2f00d652a,812-6e-mucus-dm,True,1140,M_FIRST,0.12169591158661465,1,0,True,0.08042414084954251,1140,812-6e-mucus-dm,0.12169591158661465,4310,cvs-44-596a-1,False,1140,812-6e-mucus-dm,True,SWITCH,0.12169591158661465,1,1.725006691871531,CORRECT,1140,812-6e-mucus-dm,True,SWITCH,0.12169591158661465,1,1.725006691871531,CORRECT,BOTH_CORRECT,1140,812-6e-mucus-dm,True,1.725006691871531,2.9190668075381603,False,2.0691674504061974,1.725006691871531,1.725006691871531,1,4310,-0.05620099976014698,-0.9811033770378682,2.7465692547310834,1.2443189865096802,0.1328529495525709,-0.06006956988470784,-1.3013605522390803
H593-6f38112fbf3474ccf845534e,OUTCOME-0379,3,4a5e078a9d0335a17e0b19c90cc91b4eaf583fcc72663cf7441019d2f00d652a,812-6e-mucus-dm,True,1140,M_FIRST,0.09376521066368391,1,0,True,0.044840823159686925,1140,812-6e-mucus-dm,0.09376521066368391,2439,Chest Congestion relief Caplets 50ct CTN,False,2439,Chest Congestion relief Caplets 50ct CTN,False,HOLD,0.014526322373631991,36,0.0,TARGET_TOP_BUT_HOLD,1140,812-6e-mucus-dm,True,SWITCH,0.09376521066368391,1,0.8191957653720174,CORRECT,RESCUED_BY_492,1140,812-6e-mucus-dm,True,-0.07392239185379368,0.8191957653720174,True,1.2545155543243487,-0.07392239185379368,0.8191957653720174,1,2439,-1.4139236946255493,-0.9539203804963425,2.3652266268559052,1.1542681074328658,0.13545307016000896,-0.059665568941601424,-1.3013605522390803
H593-340a6e18c21c149dc46968d4,OUTCOME-0380,3,4a5e078a9d0335a17e0b19c90cc91b4eaf583fcc72663cf7441019d2f00d652a,812-6e-mucus-dm,True,1140,M_RANK_6_10,0.012775861842793201,7,0,False,-0.0048335675226553,4446,dollar-general-44-617-sppc-1,0.0176094293654485,1140,812-6e-mucus-dm,True,1140,812-6e-mucus-dm,True,HOLD,0.012775861842793201,7,0.0,CORRECT,1140,812-6e-mucus-dm,True,HOLD,0.012775861842793201,7,0.0,CORRECT,BOTH_CORRECT,4552,leader-44-030-1,False,-1.8166401069614144,-1.208836179496522,True,0.4821680243950057,0.0,0.0,,4552,1.1348986330867508,0.41445696861892206,-0.45973001665449875,-0.45222534189029057,-0.07690567118669088,-0.045215017251858405,1.3013605522390803
H593-ae2c238f2914e4ef8f249622,OUTCOME-0382,3,4a5e078a9d0335a17e0b19c90cc91b4eaf583fcc72663cf7441019d2f00d652a,812-6e-mucus-dm,True,1140,M_RANK_2_5,0.028100175830248354,2,0,False,-0.005188627542117873,2120,CS TP Color Balm Unit Carton_BLUSH_1709484_PRINT (1),0.03328880337236623,1243,ART-SP10764,False,3051,US_Skin_Tint_2_O_Page_1,False,SWITCH,0.022680306533683425,8,0.3001381896789168,CHALLENGER_RANKING_BLOCKED,3051,US_Skin_Tint_2_O_Page_1,False,SWITCH,0.022680306533683425,8,0.3001381896789168,CHALLENGER_RANKING_BLOCKED,BOTH_WRONG,3051,US_Skin_Tint_2_O_Page_1,False,0.3001381896789168,0.7376818887352983,False,0.021272446327586625,-0.22583929983009088,-0.22583929983009088,14,3051,-0.9289759247429241,-0.03533854643741796,0.11324229293024413,0.41920459334002835,0.028091015388760063,-0.12220091998769818,0.0
H593-6a23b1a27c51bbde9c38b5ce,OUTCOME-0389,3,4a5e078a9d0335a17e0b19c90cc91b4eaf583fcc72663cf7441019d2f00d652a,812-6e-mucus-dm,True,1140,M_FIRST,0.060783095452300394,1,0,True,0.023074359968015767,1140,812-6e-mucus-dm,0.060783095452300394,1804,Bottle9,False,1804,Bottle9,False,HOLD,0.03148902550248243,6,0.0,TARGET_TOP_BUT_HOLD,1140,812-6e-mucus-dm,True,SWITCH,0.060783095452300394,1,0.6431065485031389,CORRECT,RESCUED_BY_492,1140,812-6e-mucus-dm,True,-0.3041128488911121,0.6431065485031389,True,1.4009679736278748,-0.3041128488911121,0.6431065485031389,1,1804,-0.2667422575052574,-0.7725788055793168,1.026214385783732,0.9429414015118242,0.12433984034467284,-0.056926861207686634,-1.3013605522390803
H593-09ce47090a8b579fa3833638,OUTCOME-0392,0,dabd4e44228b0c3fe4d6e936d82cc48dbee71a26baad248be0f99f22cd2424cf,83324304-60,True,1145,M_FIRST,0.04090971989711675,1,0,True,0.0040753918713136925,1145,83324304-60,0.04090971989711675,1145,83324304-60,True,1145,83324304-60,True,HOLD,0.04090971989711675,1,0.0,CORRECT,1145,83324304-60,True,HOLD,0.04090971989711675,1,0.0,CORRECT,BOTH_CORRECT,2003,CDMA QC Ultra Strength Gas Relief 60ct,False,-2.8567078756427478,-2.233583800514057,True,0.42071607010142387,0.0,0.0,,2003,0.2661464358925189,-1.372265127712729,1.7025790800100336,1.0156007029968688,0.1626938419625129,-0.016196713591352947,1.0981496560848956
H593-c9d897c86e0a07349f3816a5,OUTCOME-0393,0,dabd4e44228b0c3fe4d6e936d82cc48dbee71a26baad248be0f99f22cd2424cf,83324304-60,True,1145,M_FIRST,0.06874577997246652,1,0,True,0.029801754198669525,1145,83324304-60,0.06874577997246652,1145,83324304-60,True,1145,83324304-60,True,HOLD,0.06874577997246652,1,0.0,CORRECT,1145,83324304-60,True,HOLD,0.06874577997246652,1,0.0,CORRECT,BOTH_CORRECT,2003,CDMA QC Ultra Strength Gas Relief 60ct,False,-3.4738193524999454,-2.8845524031573664,True,0.12886914610707345,0.0,0.0,,2003,0.22588649121010662,-1.5797851258133233,2.2836394424964084,1.2940016059835948,0.17048704630098052,-0.018559763762716765,1.0981496560848956
H593-aa931c1f4d8700ae037fbb00,OUTCOME-0394,0,dabd4e44228b0c3fe4d6e936d82cc48dbee71a26baad248be0f99f22cd2424cf,83324304-60,True,1145,M_FIRST,0.10485151749888105,1,0,True,0.03034811349471289,1145,83324304-60,0.10485151749888105,1145,83324304-60,True,1145,83324304-60,True,HOLD,0.10485151749888105,1,0.0,CORRECT,1145,83324304-60,True,HOLD,0.10485151749888105,1,0.0,CORRECT,BOTH_CORRECT,4382,d5b412b4-9121-42e0-8c3f-413810ade6dd-01,False,-3.5109745293196726,-2.8800118254497398,True,0.48828470250446365,0.0,0.0,,4382,1.9142982183769977,-0.7040562541201627,0.6260965106317476,0.5004627744805669,0.08089828265547641,-0.004874658789848914,1.0981496560848956
H593-172289962b84290bc00b6b57,OUTCOME-0395,0,dabd4e44228b0c3fe4d6e936d82cc48dbee71a26baad248be0f99f22cd2424cf,83324304-60,True,1145,M_FIRST,0.030511104974285722,1,0,True,2.1080581029106482e-05,1145,83324304-60,0.030511104974285722,1145,83324304-60,True,1145,83324304-60,True,HOLD,0.030511104974285722,1,0.0,CORRECT,1145,83324304-60,True,HOLD,0.030511104974285722,1,0.0,CORRECT,BOTH_CORRECT,2267,CVS_721T_50ct,False,-2.2887449036843948,-1.6743835153657085,True,0.34518209809265166,0.0,0.0,,2267,0.4013216678231343,-1.294710033530632,0.6901620147764901,1.2838110372907323,0.1284552144554325,-0.018444653215657993,1.0981496560848956
H593-b98760533d5b5968acf3d2d8,OUTCOME-0396,0,dabd4e44228b0c3fe4d6e936d82cc48dbee71a26baad248be0f99f22cd2424cf,83324304-60,True,1145,M_FIRST,0.07020966560528688,1,0,True,0.0444642283716206,1145,83324304-60,0.07020966560528688,1145,83324304-60,True,1145,83324304-60,True,HOLD,0.07020966560528688,1,0.0,CORRECT,1145,83324304-60,True,HOLD,0.07020966560528688,1,0.0,CORRECT,BOTH_CORRECT,4682,simethicone-60ct,False,-4.310175412337756,-3.735316842661914,True,0.0046695518460389,0.0,0.0,,4682,0.41738567204100874,-1.6959903652010624,2.673575286760116,1.654355949409504,0.182112527759856,-0.01941331451656206,1.0981496560848956
H593-c69e2282252382010960c43a,OUTCOME-0397,0,dabd4e44228b0c3fe4d6e936d82cc48dbee71a26baad248be0f99f22cd2424cf,83324304-60,True,1145,M_FIRST,0.10171450357194523,1,0,True,0.04778608899507437,1145,83324304-60,0.10171450357194523,1145,83324304-60,True,1145,83324304-60,True,HOLD,0.10171450357194523,1,0.0,CORRECT,1145,83324304-60,True,HOLD,0.10171450357194523,1,0.0,CORRECT,BOTH_CORRECT,2784,GasRelief.carton,False,-3.800322587001793,-3.2138888015429172,True,0.10444739897312605,0.0,0.0,,2784,0.7245937917830315,-1.556355736671504,2.042066689723491,1.3287361220585248,0.18211252775525844,-0.018980463731904706,1.0981496560848956
H593-1ab5d06d095c1ab6749b227c,OUTCOME-0398,0,dabd4e44228b0c3fe4d6e936d82cc48dbee71a26baad248be0f99f22cd2424cf,83324304-60,True,1145,M_FIRST,0.05779477376352784,1,0,True,0.012977855702544755,1145,83324304-60,0.05779477376352784,1145,83324304-60,True,1145,83324304-60,True,HOLD,0.05779477376352784,1,0.0,CORRECT,1145,83324304-60,True,HOLD,0.05779477376352784,1,0.0,CORRECT,BOTH_CORRECT,2784,GasRelief.carton,False,-2.832259174691826,-2.221576920705909,True,0.3134681231745202,0.0,0.0,,2784,0.8109043753865498,-1.0629931756298943,1.1982681193541556,0.7067930021226013,0.08606525386889063,-0.004928056495372597,1.0981496560848956
H593-49e398ee5fa1770f2f4b4804,OUTCOME-0399,0,dabd4e44228b0c3fe4d6e936d82cc48dbee71a26baad248be0f99f22cd2424cf,83324304-60,True,1145,M_FIRST,0.12183260777579408,1,0,True,0.08718891824499397,1145,83324304-60,0.12183260777579408,1145,83324304-60,True,1145,83324304-60,True,HOLD,0.12183260777579408,1,0.0,CORRECT,1145,83324304-60,True,HOLD,0.12183260777579408,1,0.0,CORRECT,BOTH_CORRECT,2003,CDMA QC Ultra Strength Gas Relief 60ct,False,-4.204230627551772,-3.6125705770566365,True,0.1494975719986611,0.0,0.0,,2003,0.29120404741520384,-1.6919034793742966,2.7426029367594325,1.6018457429504827,0.18211252776597556,-0.019780804049921094,1.0981496560848956
H593-80833abd79f8f663bae6168f,OUTCOME-0400,0,dabd4e44228b0c3fe4d6e936d82cc48dbee71a26baad248be0f99f22cd2424cf,83324304-60,True,1145,M_FIRST,0.16368799947002824,1,0,True,0.07228556881609491,1145,83324304-60,0.16368799947002824,1145,83324304-60,True,1145,83324304-60,True,HOLD,0.16368799947002824,1,0.0,CORRECT,1145,83324304-60,True,HOLD,0.16368799947002824,1,0.0,CORRECT,BOTH_CORRECT,2784,GasRelief.carton,False,-2.799635381014557,-2.1802724698354914,True,0.38829500352091006,0.0,0.0,,2784,0.9568762825289144,-0.8614842051634083,1.0485286914650098,0.4861207560537908,0.07768077343286059,-0.006236573387505859,1.0981496560848956
H593-e145bcae800e8d359e4d9bc7,OUTCOME-0401,0,dabd4e44228b0c3fe4d6e936d82cc48dbee71a26baad248be0f99f22cd2424cf,83324304-60,True,1145,M_FIRST,0.18156414381821936,1,0,True,0.07454063304534414,1145,83324304-60,0.18156414381821936,1145,83324304-60,True,1145,83324304-60,True,HOLD,0.18156414381821936,1,0.0,CORRECT,1145,83324304-60,True,HOLD,0.18156414381821936,1,0.0,CORRECT,BOTH_CORRECT,2784,GasRelief.carton,False,-2.623353230269891,-2.004631120073372,True,0.38277132744662445,0.0,0.0,,2784,0.8468410258524631,-0.8148388733132876,0.9557365835446691,0.47183222822425186,0.0723855503208956,-0.006752940443996708,1.0981496560848956
H593-7e8b411c2369c244ad7087b2,OUTCOME-0402,0,dabd4e44228b0c3fe4d6e936d82cc48dbee71a26baad248be0f99f22cd2424cf,83324304-60,True,1145,M_FIRST,0.10271446721782608,1,0,True,0.04623314490021478,1145,83324304-60,0.10271446721782608,1145,83324304-60,True,1145,83324304-60,True,HOLD,0.10271446721782608,1,0.0,CORRECT,1145,83324304-60,True,HOLD,0.10271446721782608,1,0.0,CORRECT,BOTH_CORRECT,742,Label7,False,-4.536800123770782,-3.945969134765608,True,0.14235109869268747,0.0,0.0,,742,1.2233847166296512,-1.5992723377156661,2.331043283690267,1.342985570494188,0.15895415774724803,-0.018444923159801226,1.0981496560848956
H593-2446df0fcadbf0831876d7dc,OUTCOME-0403,0,dabd4e44228b0c3fe4d6e936d82cc48dbee71a26baad248be0f99f22cd2424cf,83324304-60,True,1145,M_RANK_11_128,0.023229355206486883,19,0,False,-0.0120478767475928,1892,Buscapina Display100Rev,0.03527723195407968,1145,83324304-60,True,1145,83324304-60,True,HOLD,0.023229355206486883,19,0.0,CORRECT,1145,83324304-60,True,HOLD,0.023229355206486883,19,0.0,CORRECT,BOTH_CORRECT,2267,CVS_721T_50ct,False,-1.139099026992375,-0.5550163714059205,True,0.0841807636564671,0.0,0.0,,2267,0.20433878109804673,-0.9664696209386098,-0.2200048664195772,1.183731548781393,-0.14778876008000116,-0.012857711533772093,1.0981496560848956
H593-9a4d47022d3146e0af92e33f,OUTCOME-0404,0,1f59b78808c09c6bf68702306ba72c84cbbb75e1dfc61bab3c7f1b99aee3b17d,964901_LR,True,1183,M_FIRST,0.11582692658676183,1,0,True,0.07724633155535143,1183,964901_LR,0.11582692658676183,1183,964901_LR,True,1183,964901_LR,True,HOLD,0.11582692658676183,1,0.0,CORRECT,1183,964901_LR,True,HOLD,0.11582692658676183,1,0.0,CORRECT,BOTH_CORRECT,4630,pain-relief-pm-01,False,-4.474711732648171,-3.871069708885734,True,0.2527816506158356,0.0,0.0,,4630,1.0585539566142739,-1.5858381827517385,2.6626998886699944,1.0791164714750594,0.18211252777724288,-0.02008258522155684,1.0981496560848956
H593-9bea68f2367dffd8339109ca,OUTCOME-0405,0,1f59b78808c09c6bf68702306ba72c84cbbb75e1dfc61bab3c7f1b99aee3b17d,964901_LR,False,,TARGET_ABSENT,,,,False,,3234,aspirin_nsaid-1,0.047841637802341214,2509,Cold and flu Nighttime-24ct,False,2293,Cabinet Cought travel carton,False,SWITCH,0.026113150135077885,5,1.0323331283585908,TARGET_ABSENT,2293,Cabinet Cought travel carton,False,SWITCH,0.026113150135077885,5,1.0323331283585908,TARGET_ABSENT,BOTH_WRONG,2293,Cabinet Cought travel carton,False,1.0323331283585908,1.6767199518222489,False,0.6040000185508179,,,,,,,,,,,
H593-102e05de4bdefbe546c83578,OUTCOME-0406,0,1f59b78808c09c6bf68702306ba72c84cbbb75e1dfc61bab3c7f1b99aee3b17d,964901_LR,False,,TARGET_ABSENT,,,,False,,1800,Bottle6A,0.03626502718802222,2728,Excinol Night 30 Cap NewBox,False,1800,Bottle6A,False,SWITCH,0.03626502718802222,1,0.1869243239645244,TARGET_ABSENT,1800,Bottle6A,False,SWITCH,0.03626502718802222,1,0.1869243239645244,TARGET_ABSENT,BOTH_WRONG,1800,Bottle6A,False,0.1869243239645244,0.7792372646551727,False,0.1551254565530149,,,,,,,,,,,
H593-1af45e7f0d56a52adeb60b07,OUTCOME-0407,0,1f59b78808c09c6bf68702306ba72c84cbbb75e1dfc61bab3c7f1b99aee3b17d,964901_LR,True,1183,M_FIRST,0.08939441108352275,1,0,True,0.03933489090422764,1183,964901_LR,0.08939441108352275,3250,aurophen-fig2,False,1980,CDER portal,False,SWITCH,0.05005952017929511,2,1.202013330245875,CHALLENGER_RANKING_BLOCKED,1980,CDER portal,False,SWITCH,0.05005952017929511,2,1.202013330245875,CHALLENGER_RANKING_BLOCKED,BOTH_WRONG,1980,CDER portal,False,1.202013330245875,1.8970939107642293,False,1.0409779580130885,0.16103537223278663,0.16103537223278663,2,1980,-1.623169254015492,-0.052154413702483415,0.5358066142419746,0.09570892401298114,0.004257214442974222,-0.0014270429930426272,0.0
H593-1bdb2bfae2aae669afa4627f,OUTCOME-0408,0,1f59b78808c09c6bf68702306ba72c84cbbb75e1dfc61bab3c7f1b99aee3b17d,964901_LR,True,1183,M_FIRST,0.038576385016721386,1,0,True,0.01364157695873151,1183,964901_LR,0.038576385016721386,1183,964901_LR,True,1183,964901_LR,True,HOLD,0.038576385016721386,1,0.0,CORRECT,1183,964901_LR,True,HOLD,0.038576385016721386,1,0.0,CORRECT,BOTH_CORRECT,1042,50 & 100 Caplets_Page_2,False,-3.326466996221362,-2.6882552152371844,True,0.5507714260070875,0.0,0.0,,1042,1.1748388745658829,-1.4470664491063365,0.8900667376447422,1.464175841891837,0.16578953902128402,-0.01948720388094288,1.0981496560848956
H593-71bb9528a8ed1a01bbcf03c2,OUTCOME-0409,0,1f59b78808c09c6bf68702306ba72c84cbbb75e1dfc61bab3c7f1b99aee3b17d,964901_LR,True,1183,M_RANK_11_128,0.014056487378814576,21,0,False,-0.015064213280106788,4075,coldspot wipes 2,0.029120700658921365,1183,964901_LR,True,1183,964901_LR,True,HOLD,0.014056487378814576,21,0.0,CORRECT,1183,964901_LR,True,HOLD,0.014056487378814576,21,0.0,CORRECT,BOTH_CORRECT,1042,50 & 100 Caplets_Page_2,False,-2.503318766760573,-1.912784314771991,True,0.13979496274985825,0.0,0.0,,1042,1.9250142403276034,0.5223444736526626,-1.0011311565303966,-0.06139347968093541,0.014802400340638205,0.005532632566105309,1.0981496560848956
H593-1bab76bb2cce8605543067d4,OUTCOME-0410,0,1f59b78808c09c6bf68702306ba72c84cbbb75e1dfc61bab3c7f1b99aee3b17d,964901_LR,True,1183,M_FIRST,0.07107034240715686,1,0,True,0.04073336708966468,1183,964901_LR,0.07107034240715686,1183,964901_LR,True,1183,964901_LR,True,HOLD,0.07107034240715686,1,0.0,CORRECT,1183,964901_LR,True,HOLD,0.07107034240715686,1,0.0,CORRECT,BOTH_CORRECT,4338,cvs-ibuprofen-pm-carton-image,False,-4.392484275619701,-3.7573629156863046,True,0.5241321334925395,0.0,0.0,,4338,1.7527561981130315,-1.502059952836052,1.4862911696950438,1.3953172620152832,0.18211252777006084,-0.020082585222561553,1.0981496560848956
H593-cd9b8334e2d223c7319b1ab1,OUTCOME-0411,0,1f59b78808c09c6bf68702306ba72c84cbbb75e1dfc61bab3c7f1b99aee3b17d,964901_LR,False,,TARGET_ABSENT,,,,False,,4703,stool-with-laxative-8-6-red-tablets-tcl-1,0.043963402821026926,1220,APAP 50,False,4703,stool-with-laxative-8-6-red-tablets-tcl-1,False,SWITCH,0.043963402821026926,1,0.2562249360177422,TARGET_ABSENT,4703,stool-with-laxative-8-6-red-tablets-tcl-1,False,SWITCH,0.043963402821026926,1,0.2562249360177422,TARGET_ABSENT,BOTH_WRONG,4703,stool-with-laxative-8-6-red-tablets-tcl-1,False,0.2562249360177422,0.9295802807737616,False,0.853707388433601,,,,,,,,,,,
H593-9adc04030a70fadc516c205a,OUTCOME-0412,0,1f59b78808c09c6bf68702306ba72c84cbbb75e1dfc61bab3c7f1b99aee3b17d,964901_LR,False,,TARGET_ABSENT,,,,False,,1325,ASP PFF Cold_20ct_Ctn1,0.07118119217064607,3252,avema_painreliefpm,False,3252,avema_painreliefpm,False,HOLD,0.017611018223645986,83,0.0,TARGET_ABSENT,3252,avema_painreliefpm,False,HOLD,0.017611018223645986,83,0.0,TARGET_ABSENT,BOTH_WRONG,1325,ASP PFF Cold_20ct_Ctn1,False,-1.5561332892079522,-0.9591728629063024,True,0.19518657657978267,,,,,,,,,,,
H593-a799aea032ae5a38c8fbd30e,OUTCOME-0413,0,1f59b78808c09c6bf68702306ba72c84cbbb75e1dfc61bab3c7f1b99aee3b17d,964901_LR,False,,TARGET_ABSENT,,,,False,,1980,CDER portal,0.08718815558524763,3250,aurophen-fig2,False,3250,aurophen-fig2,False,HOLD,0.03489920849668264,49,0.0,TARGET_ABSENT,1980,CDER portal,False,SWITCH,0.08718815558524763,1,0.5063096754470258,TARGET_ABSENT,BOTH_WRONG,1980,CDER portal,False,-0.1305852111298872,0.5063096754470258,True,0.5394198545708808,,,,,,,,,,,
H593-db15ccfd642dc2496260750d,OUTCOME-0414,0,1f59b78808c09c6bf68702306ba72c84cbbb75e1dfc61bab3c7f1b99aee3b17d,964901_LR,True,1183,M_FIRST,0.09206877600214913,1,0,True,0.058890576872100336,1183,964901_LR,0.09206877600214913,1183,964901_LR,True,1183,964901_LR,True,HOLD,0.09206877600214913,1,0.0,CORRECT,1183,964901_LR,True,HOLD,0.09206877600214913,1,0.0,CORRECT,BOTH_CORRECT,4756,walgreens-44-556-1,False,-4.181217308400167,-3.6028267546274626,True,0.035115098251189636,0.0,0.0,,4756,0.8528330181914472,-1.5813122399684783,2.419377153275094,1.2258024835659422,0.18211252751794255,-0.015745290266676294,1.0981496560848956
H593-de1e1f6f272fc318dc3c5875,OUTCOME-0416,3,6041aa5f85f4424e5ea88d82fcb2c3a2efe067770270d57d823d934e313867bf,A41(1),True,1191,M_RANK_11_128,0.006110421985580145,110,0,False,-0.04769935359222864,1457,Arthcal VULVA BALM,0.053809775577808784,1631,BUX0ABS6-Back-card,False,814,(BUX0ABS1)-Back-card,False,SWITCH,0.03820893421583328,3,0.17357772552848738,CHALLENGER_RANKING_BLOCKED,814,(BUX0ABS1)-Back-card,False,SWITCH,0.03820893421583328,3,0.17357772552848738,CHALLENGER_RANKING_BLOCKED,BOTH_WRONG,814,(BUX0ABS1)-Back-card,False,0.17357772552848738,0.8023390435881328,False,0.538899821029143,-2.068168369857891,-2.068168369857891,32,814,0.5412226148283205,1.1871253217268503,-2.565595399102247,-1.1381317997230558,-0.2659188706825916,-0.00044796243365509414,0.0
H593-a68241215d96a54614534d61,OUTCOME-0419,3,6041aa5f85f4424e5ea88d82fcb2c3a2efe067770270d57d823d934e313867bf,A41(1),True,1191,M_RANK_11_128,0.00911132544503676,96,0,False,-0.04273489866355539,3293,baoshimianshuang,0.05184622410859215,1191,A41(1),True,1191,A41(1),True,HOLD,0.00911132544503676,96,0.0,CORRECT,1191,A41(1),True,HOLD,0.00911132544503676,96,0.0,CORRECT,BOTH_CORRECT,3293,baoshimianshuang,False,-1.336040071501538,-0.7904954226683433,True,0.3136317403594415,0.0,0.0,,3293,2.511442853450169,0.9789390076488161,-2.266126062605255,-1.3887543609506998,0.13770670278770047,0.06147137893172692,1.3013605522390803
H593-de48d9ea86e26c33436d5659,OUTCOME-0421,3,6041aa5f85f4424e5ea88d82fcb2c3a2efe067770270d57d823d934e313867bf,A41(1),True,1191,M_FIRST,0.04598857826620315,1,0,True,0.025131699818705073,1191,A41(1),0.04598857826620315,1191,A41(1),True,1191,A41(1),True,HOLD,0.04598857826620315,1,0.0,CORRECT,1191,A41(1),True,HOLD,0.04598857826620315,1,0.0,CORRECT,BOTH_CORRECT,1192,A50(1),False,-4.390796754779921,-3.7389769357591827,True,0.6013193374903345,0.0,0.0,,1192,0.31683577107358407,-0.9897277087846182,2.201841486454931,1.4842513295410158,0.13770670332147697,-0.0614713790655487,1.3013605522390803
H593-9d32a43e7529d136a5b58964,OUTCOME-0432,3,6041aa5f85f4424e5ea88d82fcb2c3a2efe067770270d57d823d934e313867bf,A41(1),True,1191,M_FIRST,0.06122646277462461,1,0,True,0.030889820586076144,1191,A41(1),0.06122646277462461,1191,A41(1),True,1191,A41(1),True,HOLD,0.06122646277462461,1,0.0,CORRECT,1191,A41(1),True,HOLD,0.06122646277462461,1,0.0,CORRECT,BOTH_CORRECT,1192,A50(1),False,-3.6647949168238068,-2.5862533785370787,True,1.7564578881278585,0.0,0.0,,1192,1.1823474730882817,-0.6282434501801069,1.199366937500049,0.5247127105726153,0.1377067032874602,-0.05245600968357321,1.3013605522390803
H593-b09f7b0a786d03912dd97806,OUTCOME-0433,1,055e3d0a2ba828c5df95354fc5d80825fa129f679641c7a5ba585b5c8911a1f9,ASP Cough Mucus Congestion PMG 24ct,True,1322,M_FIRST,0.0958686883587463,1,0,True,0.052884843808712,1322,ASP Cough Mucus Congestion PMG 24ct,0.0958686883587463,1322,ASP Cough Mucus Congestion PMG 24ct,True,1322,ASP Cough Mucus Congestion PMG 24ct,True,HOLD,0.0958686883587463,1,0.0,CORRECT,1322,ASP Cough Mucus Congestion PMG 24ct,True,HOLD,0.0958686883587463,1,0.0,CORRECT,BOTH_CORRECT,1313,ASP Cold Cough PMG 24ct,False,-2.4422647971529337,-1.6830673618182157,True,1.1045828166559342,0.0,0.0,,1313,0.3275051544085527,-1.2084588309506703,1.3859638884454049,0.6290051442477459,0.07551537524613616,0.0011245765146964638,1.2316094892410674
H593-faa6074c9997f968c1272a9e,OUTCOME-0434,1,055e3d0a2ba828c5df95354fc5d80825fa129f679641c7a5ba585b5c8911a1f9,ASP Cough Mucus Congestion PMG 24ct,True,1322,M_RANK_2_5,0.05275701162761532,2,0,False,-0.0020982189728133774,1317,ASP Cold Flu Day PMG 24ct,0.0548552306004287,1318,ASP Cold Flu Night PMG 24ct,False,1318,ASP Cold Flu Night PMG 24ct,False,HOLD,0.031749893707275524,9,0.0,TARGET_TOP_BUT_HOLD,1318,ASP Cold Flu Night PMG 24ct,False,HOLD,0.031749893707275524,9,0.0,TARGET_TOP_BUT_HOLD,BOTH_WRONG,1322,ASP Cough Mucus Congestion PMG 24ct,True,-0.8974529035282546,-0.1692050783291712,True,0.3055225993985624,-0.8974529035282546,-0.8974529035282546,1,1318,-0.5386135464228827,-1.3202605917517312,0.9045837264304352,1.1327065676181636,0.14825816010692147,0.007482269731906502,-1.2316094892410674
H593-7c514d458a3698754aa405bc,OUTCOME-0435,1,055e3d0a2ba828c5df95354fc5d80825fa129f679641c7a5ba585b5c8911a1f9,ASP Cough Mucus Congestion PMG 24ct,True,1322,M_FIRST,0.19508778913926084,1,0,True,0.030734892903034522,1322,ASP Cough Mucus Congestion PMG 24ct,0.19508778913926084,1339,ASP Sinus Congestion Pain PMG 24ct,False,1339,ASP Sinus Congestion Pain PMG 24ct,False,HOLD,0.16435289623622631,2,0.0,TARGET_TOP_BUT_HOLD,1339,ASP Sinus Congestion Pain PMG 24ct,False,HOLD,0.16435289623622631,2,0.0,TARGET_TOP_BUT_HOLD,BOTH_WRONG,1322,ASP Cough Mucus Congestion PMG 24ct,True,-1.2870591112635321,-0.5520938005334292,True,0.47895533164676496,-1.2870591112635321,-1.2870591112635321,1,1339,-0.2786936994758198,-0.31400318977891095,0.3111565629820635,0.16327064021093313,0.07432601375000909,-0.011505949710739717,-1.2316094892410674
H593-5013811bdfa12b1550e11683,OUTCOME-0436,1,055e3d0a2ba828c5df95354fc5d80825fa129f679641c7a5ba585b5c8911a1f9,ASP Cough Mucus Congestion PMG 24ct,True,1322,M_FIRST,0.048121143165784974,1,0,True,0.007354156567508541,1322,ASP Cough Mucus Congestion PMG 24ct,0.048121143165784974,868,1-ASP Severe Cold Night PPF 24s,False,1322,ASP Cough Mucus Congestion PMG 24ct,True,SWITCH,0.048121143165784974,1,0.6588421857144224,CORRECT,1322,ASP Cough Mucus Congestion PMG 24ct,True,SWITCH,0.048121143165784974,1,0.6588421857144224,CORRECT,BOTH_CORRECT,1322,ASP Cough Mucus Congestion PMG 24ct,True,0.6588421857144224,1.3802230453403461,False,0.12823057605025978,0.6588421857144224,0.6588421857144224,1,1339,-0.12078460286677387,-0.028946924265271123,0.24460466408304504,0.033160983782196674,0.00018295080343574965,1.3504513627395076e-05,0.0
H593-0c251f2d0b52c9cde036edc1,OUTCOME-0437,1,055e3d0a2ba828c5df95354fc5d80825fa129f679641c7a5ba585b5c8911a1f9,ASP Cough Mucus Congestion PMG 24ct,True,1322,M_FIRST,0.06804696638407255,1,0,True,0.010601172653439045,1322,ASP Cough Mucus Congestion PMG 24ct,0.06804696638407255,1322,ASP Cough Mucus Congestion PMG 24ct,True,1322,ASP Cough Mucus Congestion PMG 24ct,True,HOLD,0.06804696638407255,1,0.0,CORRECT,1322,ASP Cough Mucus Congestion PMG 24ct,True,HOLD,0.06804696638407255,1,0.0,CORRECT,BOTH_CORRECT,1313,ASP Cold Cough PMG 24ct,False,-1.804257080331552,-1.080613808896183,True,0.1866417568069323,0.0,0.0,,1313,0.34784043616986665,-0.46601465336572107,0.30740415366955304,0.3519415763228083,0.04298202800262565,-0.011505949708647864,1.2316094892410674
H593-7bec97dabbf6cdb58e99fd1c,OUTCOME-0438,1,055e3d0a2ba828c5df95354fc5d80825fa129f679641c7a5ba585b5c8911a1f9,ASP Cough Mucus Congestion PMG 24ct,True,1322,M_FIRST,0.0958323703332282,1,0,True,0.013324022978929928,1322,ASP Cough Mucus Congestion PMG 24ct,0.0958323703332282,1321,ASP Cough Mucus COngestion Day Night PMG 24ct,False,1322,ASP Cough Mucus Congestion PMG 24ct,True,SWITCH,0.0958323703332282,1,0.31370655097614164,CORRECT,1322,ASP Cough Mucus Congestion PMG 24ct,True,SWITCH,0.0958323703332282,1,0.31370655097614164,CORRECT,BOTH_CORRECT,1322,ASP Cough Mucus Congestion PMG 24ct,True,0.31370655097614164,1.062173112359316,False,0.8275320094404566,0.31370655097614164,0.31370655097614164,1,1321,-0.09659811698385948,-1.7148979013375591,1.9795290613019305,1.2400983873456388,0.1486905595936746,-0.011505949702616218,-1.2316094892410674
H593-7f0d1bb3ad1b26bad23006b9,OUTCOME-0439,1,055e3d0a2ba828c5df95354fc5d80825fa129f679641c7a5ba585b5c8911a1f9,ASP Cough Mucus Congestion PMG 24ct,True,1322,M_FIRST,0.036128000491671954,1,0,True,0.0007445243841350951,1322,ASP Cough Mucus Congestion PMG 24ct,0.036128000491671954,1313,ASP Cold Cough PMG 24ct,False,1313,ASP Cold Cough PMG 24ct,False,HOLD,0.020333121103335256,26,0.0,TARGET_TOP_BUT_HOLD,1322,ASP Cough Mucus Congestion PMG 24ct,True,SWITCH,0.036128000491671954,1,0.34167624516844947,CORRECT,RESCUED_BY_492,1322,ASP Cough Mucus Congestion PMG 24ct,True,-0.3984363001006809,0.34167624516844947,True,0.6118471623032778,-0.3984363001006809,0.34167624516844947,1,1313,-0.04436396361191813,-1.6975178446409285,1.0179848342341233,1.7172666723467918,-0.14869055948511326,-0.011505949702568808,-1.2316094892410674
H593-e5e96cde696cb0a0236052a9,OUTCOME-0440,1,055e3d0a2ba828c5df95354fc5d80825fa129f679641c7a5ba585b5c8911a1f9,ASP Cough Mucus Congestion PMG 24ct,True,1322,M_FIRST,0.22664925757355553,1,0,True,0.03723544792031741,1322,ASP Cough Mucus Congestion PMG 24ct,0.22664925757355553,1322,ASP Cough Mucus Congestion PMG 24ct,True,1322,ASP Cough Mucus Congestion PMG 24ct,True,HOLD,0.22664925757355553,1,0.0,CORRECT,1322,ASP Cough Mucus Congestion PMG 24ct,True,HOLD,0.22664925757355553,1,0.0,CORRECT,BOTH_CORRECT,1313,ASP Cold Cough PMG 24ct,False,-1.7801578198680765,-1.0616525628260733,True,0.05398797281928491,0.0,0.0,,1313,0.36722427686055564,-0.36017358808864147,0.3256656185958909,0.20957788506145425,0.0038459467049721725,0.0024081914927776746,1.2316094892410674
H593-526854f7b33d3ad6e1521409,OUTCOME-0441,1,055e3d0a2ba828c5df95354fc5d80825fa129f679641c7a5ba585b5c8911a1f9,ASP Cough Mucus Congestion PMG 24ct,True,1322,M_FIRST,0.05659457284848937,1,0,True,0.00019234128978077442,1322,ASP Cough Mucus Congestion PMG 24ct,0.05659457284848937,1327,ASP PFF_Day-Night_20ct_Ctn,False,1339,ASP Sinus Congestion Pain PMG 24ct,False,SWITCH,0.05324390686891759,3,0.45519454577270313,CHALLENGER_RANKING_BLOCKED,1339,ASP Sinus Congestion Pain PMG 24ct,False,SWITCH,0.05324390686891759,3,0.45519454577270313,CHALLENGER_RANKING_BLOCKED,BOTH_WRONG,1339,ASP Sinus Congestion Pain PMG 24ct,False,0.45519454577270313,1.1743442956369001,False,0.07062755478060634,0.3190780674472251,0.3190780674472251,3,1339,-0.2714090660907813,-0.03989610291444068,0.08612317747527687,0.08957891261883755,-0.0011157610706106214,0.0006023616562399973,0.0
H593-381647ec4c00fbc41b7f9a82,OUTCOME-0442,1,055e3d0a2ba828c5df95354fc5d80825fa129f679641c7a5ba585b5c8911a1f9,ASP Cough Mucus Congestion PMG 24ct,True,1322,M_FIRST,0.056127666322980295,1,0,True,0.005584282356005381,1322,ASP Cough Mucus Congestion PMG 24ct,0.056127666322980295,1322,ASP Cough Mucus Congestion PMG 24ct,True,1322,ASP Cough Mucus Congestion PMG 24ct,True,HOLD,0.056127666322980295,1,0.0,CORRECT,1322,ASP Cough Mucus Congestion PMG 24ct,True,HOLD,0.056127666322980295,1,0.0,CORRECT,BOTH_CORRECT,1336,ASP Sinus Allergy Cough PMG 24ct,False,-1.5597609862178619,-0.833328272938569,True,0.25865985319212714,0.0,0.0,,1336,0.18335530537625974,-0.3333721514171493,0.19050013739316413,0.26949455898522306,0.018349125091775758,-0.00017547845247889356,1.2316094892410674
H593-f90239a05b957482e11280a4,OUTCOME-0443,1,055e3d0a2ba828c5df95354fc5d80825fa129f679641c7a5ba585b5c8911a1f9,ASP Cough Mucus Congestion PMG 24ct,True,1322,M_FIRST,0.2771771672015254,1,0,True,0.07396561660732512,1322,ASP Cough Mucus Congestion PMG 24ct,0.2771771672015254,1322,ASP Cough Mucus Congestion PMG 24ct,True,1322,ASP Cough Mucus Congestion PMG 24ct,True,HOLD,0.2771771672015254,1,0.0,CORRECT,1322,ASP Cough Mucus Congestion PMG 24ct,True,HOLD,0.2771771672015254,1,0.0,CORRECT,BOTH_CORRECT,1339,ASP Sinus Congestion Pain PMG 24ct,False,-1.7064260318981863,-0.9831711472244286,True,0.1766143474549895,0.0,0.0,,1339,0.16925715290105126,-0.5245254638627209,0.6009294035423867,0.22266119285846708,0.010845727571505176,-0.0043514703535702075,1.2316094892410674
H593-7f660327bc71c144559f7752,OUTCOME-0444,1,055e3d0a2ba828c5df95354fc5d80825fa129f679641c7a5ba585b5c8911a1f9,ASP Cough Mucus Congestion PMG 24ct,True,1322,M_FIRST,0.2817035507216898,1,0,True,0.0737921531692389,1322,ASP Cough Mucus Congestion PMG 24ct,0.2817035507216898,4430,daytime-pe-softgels-pur-1,False,1322,ASP Cough Mucus Congestion PMG 24ct,True,SWITCH,0.2817035507216898,1,0.6341669345138512,CORRECT,1322,ASP Cough Mucus Congestion PMG 24ct,True,SWITCH,0.2817035507216898,1,0.6341669345138512,CORRECT,BOTH_CORRECT,1322,ASP Cough Mucus Congestion PMG 24ct,True,0.6341669345138512,1.3653008769369954,False,0.3800366706899798,0.6341669345138512,0.6341669345138512,1,1339,0.00934777841307558,-0.16340552995366897,0.3817151155572296,0.1682855278583708,-0.009505026398236485,-0.006401194786790737,0.0
H593-d1ddd31574e73913b670ac2f,OUTCOME-0445,1,055e3d0a2ba828c5df95354fc5d80825fa129f679641c7a5ba585b5c8911a1f9,ASP Cough Mucus Congestion PMG 24ct,True,1322,M_FIRST,0.070365684959197,1,0,True,0.004170067972059779,1322,ASP Cough Mucus Congestion PMG 24ct,0.070365684959197,1312,ASP Cold Cough LG 10ct,False,1312,ASP Cold Cough LG 10ct,False,HOLD,0.025256411343824215,7,0.0,CHALLENGER_RANKING_BLOCKED,1339,ASP Sinus Congestion Pain PMG 24ct,False,SWITCH,0.06619561698713722,2,0.5423032939811491,CHALLENGER_RANKING_BLOCKED,BOTH_WRONG,1339,ASP Sinus Congestion Pain PMG 24ct,False,-0.17934142109065032,0.5423032939811491,True,0.13504282308606952,-0.3327025518042034,-0.3327025518042034,3,1312,-0.18117898533047133,-1.4214833721663958,1.7166512282807687,0.7618561068040695,0.018932480483796123,0.0041294793650968106,-1.2316094892410674
H593-4b977198186c9a205795518f,OUTCOME-0446,1,055e3d0a2ba828c5df95354fc5d80825fa129f679641c7a5ba585b5c8911a1f9,ASP Cough Mucus Congestion PMG 24ct,True,1322,M_RANK_2_5,0.03733873849867895,3,0,False,-0.005731825037991155,1318,ASP Cold Flu Night PMG 24ct,0.0430705635366701,1318,ASP Cold Flu Night PMG 24ct,False,1318,ASP Cold Flu Night PMG 24ct,False,HOLD,0.0430705635366701,1,0.0,TARGET_TOP_BUT_HOLD,1318,ASP Cold Flu Night PMG 24ct,False,HOLD,0.0430705635366701,1,0.0,TARGET_TOP_BUT_HOLD,BOTH_WRONG,1322,ASP Cough Mucus Congestion PMG 24ct,True,-1.6767014932576498,-0.9365002628601148,True,0.614136844068573,-1.6767014932576498,-1.6767014932576498,1,1318,-0.30780764590977366,0.35584997507688704,-0.2593947177899371,-0.2497660595351654,0.015806482502875304,0.00021996163853150275,-1.2316094892410674
H593-4c7da12e23a000c6fce488e2,OUTCOME-0447,1,055e3d0a2ba828c5df95354fc5d80825fa129f679641c7a5ba585b5c8911a1f9,ASP Cough Mucus Congestion PMG 24ct,True,1322,M_FIRST,0.08003189351325536,1,0,True,0.002980693293147957,1322,ASP Cough Mucus Congestion PMG 24ct,0.08003189351325536,1322,ASP Cough Mucus Congestion PMG 24ct,True,1322,ASP Cough Mucus Congestion PMG 24ct,True,HOLD,0.08003189351325536,1,0.0,CORRECT,1322,ASP Cough Mucus Congestion PMG 24ct,True,HOLD,0.08003189351325536,1,0.0,CORRECT,BOTH_CORRECT,1339,ASP Sinus Congestion Pain PMG 24ct,False,-1.976634704945792,-1.240982333487462,True,0.4966939361836238,0.0,0.0,,1339,0.8110199581581895,-0.25239477807933863,0.06904978640775022,0.2545900600681858,-0.14869055931773176,0.011450748467669488,1.2316094892410674
H593-c9ae3eb9e9fe146ef01e07f9,OUTCOME-0448,1,055e3d0a2ba828c5df95354fc5d80825fa129f679641c7a5ba585b5c8911a1f9,ASP Cough Mucus Congestion PMG 24ct,True,1322,M_FIRST,0.28541140158568706,1,0,True,0.07293248734758434,1322,ASP Cough Mucus Congestion PMG 24ct,0.28541140158568706,1322,ASP Cough Mucus Congestion PMG 24ct,True,1322,ASP Cough Mucus Congestion PMG 24ct,True,HOLD,0.28541140158568706,1,0.0,CORRECT,1322,ASP Cough Mucus Congestion PMG 24ct,True,HOLD,0.28541140158568706,1,0.0,CORRECT,BOTH_CORRECT,1339,ASP Sinus Congestion Pain PMG 24ct,False,-1.7138062289343001,-0.9895479858071609,True,0.2025191591871034,0.0,0.0,,1339,0.17933415633105224,-0.5389453064158828,0.5836245765631425,0.25301327407912183,0.0070978339830377124,-0.001927794847238738,1.2316094892410674
H593-ddd029aad5773c59147bd25d,OUTCOME-0460,1,1efff5d5855cab66509977a0b8d496f45b9a66147726f1323cdd42a873075386,AlkaSeltzer_36,True,1402,M_FIRST,0.03950303402322248,1,0,True,0.0028874484814426157,1402,AlkaSeltzer_36,0.03950303402322248,1402,AlkaSeltzer_36,True,1402,AlkaSeltzer_36,True,HOLD,0.03950303402322248,1,0.0,CORRECT,1402,AlkaSeltzer_36,True,HOLD,0.03950303402322248,1,0.0,CORRECT,BOTH_CORRECT,1309,AS Original 12 count carton,False,-2.0091368706349293,-1.2569579488641547,True,0.9233781116967803,0.0,0.0,,1309,0.7594685588929176,0.017054650746676555,0.1380377385675044,-0.11521892222440741,-0.016349954157682655,-0.005464690431146676,1.2316094892410674
H593-c30cdabf5993a0c426ba0205,OUTCOME-0461,1,1efff5d5855cab66509977a0b8d496f45b9a66147726f1323cdd42a873075386,AlkaSeltzer_36,True,1402,M_FIRST,0.06873657909956131,1,0,True,0.016170276074183386,1402,AlkaSeltzer_36,0.06873657909956131,1402,AlkaSeltzer_36,True,1402,AlkaSeltzer_36,True,HOLD,0.06873657909956131,1,0.0,CORRECT,1402,AlkaSeltzer_36,True,HOLD,0.06873657909956131,1,0.0,CORRECT,BOTH_CORRECT,1309,AS Original 12 count carton,False,-2.8226313933761116,-2.071693670759633,True,0.8913327042895522,0.0,0.0,,1309,0.5964004139093357,-1.322502605446465,1.2866379353407262,0.8951246657083904,0.12385554491371754,0.01150594970933939,1.2316094892410674
H593-4324194c82636eb2bd4e0523,OUTCOME-0462,1,1efff5d5855cab66509977a0b8d496f45b9a66147726f1323cdd42a873075386,AlkaSeltzer_36,True,1402,M_FIRST,0.10513586597559015,1,0,True,0.03068280744716731,1402,AlkaSeltzer_36,0.10513586597559015,4759,walgreens-ibuprofen-pm-carton-image,False,1402,AlkaSeltzer_36,True,SWITCH,0.10513586597559015,1,0.308554397381533,CORRECT,1402,AlkaSeltzer_36,True,SWITCH,0.10513586597559015,1,0.308554397381533,CORRECT,BOTH_CORRECT,1402,AlkaSeltzer_36,True,0.308554397381533,1.057575655317983,False,0.8418532220964423,0.308554397381533,0.308554397381533,1,4759,-1.255425666547385,-2.025476274794478,2.6279426977379297,2.032926620899888,0.1486905596186302,0.011505949708015497,-1.2316094892410674
H593-bcee23f88378066e9f5f0e2a,OUTCOME-0463,1,1efff5d5855cab66509977a0b8d496f45b9a66147726f1323cdd42a873075386,AlkaSeltzer_36,True,1402,M_FIRST,0.07503010336525864,1,0,True,0.05008296792972812,1402,AlkaSeltzer_36,0.07503010336525864,1402,AlkaSeltzer_36,True,1402,AlkaSeltzer_36,True,HOLD,0.07503010336525864,1,0.0,CORRECT,1402,AlkaSeltzer_36,True,HOLD,0.07503010336525864,1,0.0,CORRECT,BOTH_CORRECT,1309,AS Original 12 count carton,False,-3.1954273768772197,-2.458654995465947,True,0.5256104683275433,0.0,0.0,,1309,0.27537535153935694,-1.7613971295853685,1.9493213724261518,1.3904817858966494,0.10177945947915368,0.008257047880209305,1.2316094892410674
H593-e1d2c7ca3a91606fdef2a012,OUTCOME-0464,1,1efff5d5855cab66509977a0b8d496f45b9a66147726f1323cdd42a873075386,AlkaSeltzer_36,True,1402,M_RANK_2_5,0.02066357545102078,3,0,False,-0.0029593662724846925,1309,AS Original 12 count carton,0.023622941723505472,1402,AlkaSeltzer_36,True,1402,AlkaSeltzer_36,True,HOLD,0.02066357545102078,3,0.0,CORRECT,1402,AlkaSeltzer_36,True,HOLD,0.02066357545102078,3,0.0,CORRECT,BOTH_CORRECT,1309,AS Original 12 count carton,False,-1.7171920226933535,-0.98158482621089,True,0.4955276040110317,0.0,0.0,,1309,0.41282879730779143,-0.01668901855855509,-0.24316534874012652,0.18698033320705157,0.14869055950254764,-0.0030627892664228528,1.2316094892410674
H593-2c2942af21039bf61875bcba,OUTCOME-0465,1,1efff5d5855cab66509977a0b8d496f45b9a66147726f1323cdd42a873075386,AlkaSeltzer_36,False,,TARGET_ABSENT,,,,False,,3293,baoshimianshuang,0.04752119492540083,2588,Ctn Baby Bum Sunscreen Stick SPF30,False,2588,Ctn Baby Bum Sunscreen Stick SPF30,False,HOLD,0.028365100811930742,14,0.0,TARGET_ABSENT,2588,Ctn Baby Bum Sunscreen Stick SPF30,False,HOLD,0.028365100811930742,14,0.0,TARGET_ABSENT,BOTH_WRONG,3029,Tatcha 50 ML Back Panel,False,-1.4993255574590445,-0.7752038614559639,True,0.19899377149601327,,,,,,,,,,,
H593-af21217245b2cc0821f79503,OUTCOME-0466,1,1efff5d5855cab66509977a0b8d496f45b9a66147726f1323cdd42a873075386,AlkaSeltzer_36,True,1402,M_FIRST,0.13608178827656187,1,0,True,0.08663046985457408,1402,AlkaSeltzer_36,0.13608178827656187,1402,AlkaSeltzer_36,True,1402,AlkaSeltzer_36,True,HOLD,0.13608178827656187,1,0.0,CORRECT,1402,AlkaSeltzer_36,True,HOLD,0.13608178827656187,1,0.0,CORRECT,BOTH_CORRECT,1343,AS_HR_LemonLime_Tablet_36ct_Ctn_r4 (002),False,-3.025356285513107,-2.291106229423112,True,0.46048881379356876,0.0,0.0,,1343,0.7442153128846705,-1.2783753054731122,1.7182068485866338,0.4859684199474716,0.1172174477910573,0.00651407253531874,1.2316094892410674
H593-4465eb39dafa16f3ace74e3b,OUTCOME-0467,1,1efff5d5855cab66509977a0b8d496f45b9a66147726f1323cdd42a873075386,AlkaSeltzer_36,True,1402,M_FIRST,0.12749504830902653,1,0,True,0.06746464002375535,1402,AlkaSeltzer_36,0.12749504830902653,1021,42168 DH C2 DG Health Pain 36_APPRVL,False,1402,AlkaSeltzer_36,True,SWITCH,0.12749504830902653,1,1.6285616340552544,CORRECT,1402,AlkaSeltzer_36,True,SWITCH,0.12749504830902653,1,1.6285616340552544,CORRECT,BOTH_CORRECT,1402,AlkaSeltzer_36,True,1.6285616340552544,2.4479767907020897,False,2.65929013812241,1.6285616340552544,1.6285616340552544,1,1021,-0.3042021395171375,-2.0539498151242435,3.1376895319358007,1.9220674165375167,0.14706017975306088,0.011505949711324535,-1.2316094892410674
H593-1e203e93f22affa5c8c93e7b,OUTCOME-0468,1,1efff5d5855cab66509977a0b8d496f45b9a66147726f1323cdd42a873075386,AlkaSeltzer_36,True,1402,M_FIRST,0.16431851394285468,1,0,True,0.024012022219925405,1402,AlkaSeltzer_36,0.16431851394285468,3234,aspirin_nsaid-1,False,1685,Bayer_50,False,SWITCH,0.14030649172292928,2,0.5008536420192944,CHALLENGER_RANKING_BLOCKED,1685,Bayer_50,False,SWITCH,0.14030649172292928,2,0.5008536420192944,CHALLENGER_RANKING_BLOCKED,BOTH_WRONG,1685,Bayer_50,False,0.5008536420192944,1.2300242257541134,False,0.3293464741682135,0.1715071678510809,0.1715071678510809,2,1685,-0.4615338333870975,-0.012523432058926254,0.10100955657355382,0.04506715166995656,-0.0014162756643076868,5.035869860762175e-05,0.0
H593-490d4ed0a2cc29258e504a6a,OUTCOME-0469,1,1efff5d5855cab66509977a0b8d496f45b9a66147726f1323cdd42a873075386,AlkaSeltzer_36,True,1402,M_FIRST,0.16326850294022283,1,0,True,0.025554487683062926,1402,AlkaSeltzer_36,0.16326850294022283,3234,aspirin_nsaid-1,False,1402,AlkaSeltzer_36,True,SWITCH,0.16326850294022283,1,0.3067881955908893,CORRECT,1402,AlkaSeltzer_36,True,SWITCH,0.16326850294022283,1,0.3067881955908893,CORRECT,BOTH_CORRECT,1402,AlkaSeltzer_36,True,0.3067881955908893,1.0270425059874393,False,0.09914521219495831,0.3067881955908893,0.3067881955908893,1,1685,-0.07030670463527589,-0.014321237867072067,0.108246638419351,0.06124149222891351,0.014103577998554162,0.0001814460504874979,0.0
H593-3c3b32e44f324367dbd542c8,OUTCOME-0470,1,1efff5d5855cab66509977a0b8d496f45b9a66147726f1323cdd42a873075386,AlkaSeltzer_36,True,1402,M_FIRST,0.13029700587924495,1,0,True,0.048213580703189624,1402,AlkaSeltzer_36,0.13029700587924495,1402,AlkaSeltzer_36,True,1402,AlkaSeltzer_36,True,HOLD,0.13029700587924495,1,0.0,CORRECT,1402,AlkaSeltzer_36,True,HOLD,0.13029700587924495,1,0.0,CORRECT,BOTH_CORRECT,1343,AS_HR_LemonLime_Tablet_36ct_Ctn_r4 (002),False,-2.037848854779705,-1.2986649438886766,True,0.5878715844311548,0.0,0.0,,1343,0.3410207697423795,-0.8035532682038219,0.826093840365264,0.429362983769612,0.009247358954201462,0.004067680911002646,1.2316094892410674
H593-0dc7d62664f27ce00d40a1ab,OUTCOME-0471,1,1efff5d5855cab66509977a0b8d496f45b9a66147726f1323cdd42a873075386,AlkaSeltzer_36,True,1402,M_FIRST,0.1341726333167842,1,0,True,0.07725596644564899,1402,AlkaSeltzer_36,0.1341726333167842,1402,AlkaSeltzer_36,True,1402,AlkaSeltzer_36,True,HOLD,0.1341726333167842,1,0.0,CORRECT,1402,AlkaSeltzer_36,True,HOLD,0.1341726333167842,1,0.0,CORRECT,BOTH_CORRECT,1343,AS_HR_LemonLime_Tablet_36ct_Ctn_r4 (002),False,-3.079446391620674,-2.343578274832895,True,0.502264071286016,0.0,0.0,,1343,1.0171298005994176,-1.0955000123897363,1.4711947113224322,0.37697828221682317,0.07218310812818916,0.005851012502480995,1.2316094892410674
H593-73779fe9c390b8d75b07f9fc,OUTCOME-0472,1,1efff5d5855cab66509977a0b8d496f45b9a66147726f1323cdd42a873075386,AlkaSeltzer_36,True,1402,M_FIRST,0.11290290145537214,1,0,True,0.08009847717131996,1402,AlkaSeltzer_36,0.11290290145537214,1402,AlkaSeltzer_36,True,1402,AlkaSeltzer_36,True,HOLD,0.11290290145537214,1,0.0,CORRECT,1402,AlkaSeltzer_36,True,HOLD,0.11290290145537214,1,0.0,CORRECT,BOTH_CORRECT,1343,AS_HR_LemonLime_Tablet_36ct_Ctn_r4 (002),False,-4.42194839008281,-3.6851903062191242,True,0.5252413327736383,0.0,0.0,,1343,0.4852421869632846,-2.0069240281094434,2.658500008421083,1.9001610113317828,0.14185477863665275,0.011504943598382597,1.2316094892410674
H593-7bb65212a753515cfe27d488,OUTCOME-0473,1,1efff5d5855cab66509977a0b8d496f45b9a66147726f1323cdd42a873075386,AlkaSeltzer_36,False,,TARGET_ABSENT,,,,False,,1897,Buscolicos,0.05439626524794148,3261,b08c3c20-73f9-502c-e053-2a95a90aa43c,False,3261,b08c3c20-73f9-502c-e053-2a95a90aa43c,False,HOLD,0.042313122682911194,12,0.0,TARGET_ABSENT,3261,b08c3c20-73f9-502c-e053-2a95a90aa43c,False,HOLD,0.042313122682911194,12,0.0,TARGET_ABSENT,BOTH_WRONG,1329,ASP Severe Cold Day Night PPF 24s,False,-1.7341032474542803,-1.0168413376990122,True,0.021887104707822846,,,,,,,,,,,
H593-a2c507612d213253be128e81,OUTCOME-0474,1,1efff5d5855cab66509977a0b8d496f45b9a66147726f1323cdd42a873075386,AlkaSeltzer_36,True,1402,M_RANK_6_10,0.05264329241628344,6,0,False,-0.02849027159750605,1804,Bottle9,0.08113356401378949,2468,Claritin_25,False,2468,Claritin_25,False,HOLD,0.03513603149163892,31,0.0,CHALLENGER_RANKING_BLOCKED,2468,Claritin_25,False,HOLD,0.03513603149163892,31,0.0,CHALLENGER_RANKING_BLOCKED,BOTH_WRONG,1329,ASP Severe Cold Day Night PPF 24s,False,-1.5315649575944854,-0.8102204979198299,True,0.12729079836514123,-1.6588557559596266,-1.6588557559596266,2,2468,-1.2689962846269944,-1.408199054587863,0.7257724325618152,1.3663916816298372,0.14869055849902912,0.009094399805616769,-1.2316094892410674
H593-5deb30c18beda44d1e9a98af,OUTCOME-0475,1,1efff5d5855cab66509977a0b8d496f45b9a66147726f1323cdd42a873075386,AlkaSeltzer_36,True,1402,M_RANK_11_128,0.05114560133663883,11,0,False,-0.02481265649471584,1804,Bottle9,0.07595825783135467,2468,Claritin_25,False,2468,Claritin_25,False,HOLD,0.04071664026541662,43,0.0,CHALLENGER_RANKING_BLOCKED,2468,Claritin_25,False,HOLD,0.04071664026541662,43,0.0,CHALLENGER_RANKING_BLOCKED,BOTH_WRONG,3309,bayer-01,False,-1.5786593596088916,-0.8588747768855413,True,0.08701773482274944,-1.9284604542153048,-1.9284604542153048,4,2468,-1.252001699504564,-1.067900391756219,0.41312217092099357,1.0525087918454774,0.1486905593823919,0.008729604137682912,-1.2316094892410674
H593-106aa1a451e3f1c3a21d37fe,OUTCOME-0476,1,1efff5d5855cab66509977a0b8d496f45b9a66147726f1323cdd42a873075386,AlkaSeltzer_36,True,1402,M_FIRST,0.13293725116340283,1,0,True,0.09180019232897402,1402,AlkaSeltzer_36,0.13293725116340283,1022,42168 KG C2 Kroger Pain 36_9-13-2019,False,1402,AlkaSeltzer_36,True,SWITCH,0.13293725116340283,1,1.323790041087625,CORRECT,1402,AlkaSeltzer_36,True,SWITCH,0.13293725116340283,1,1.323790041087625,CORRECT,BOTH_CORRECT,1402,AlkaSeltzer_36,True,1.323790041087625,2.1432702582011287,False,2.660969875941494,1.323790041087625,1.323790041087625,1,1022,-0.5277758289584477,-2.050026634488191,3.2295204996756337,1.7434849847891278,0.1486905595992973,0.01150594971127251,-1.2316094892410674
H593-b9b3b47180519cbd55260c38,OUTCOME-0477,1,1efff5d5855cab66509977a0b8d496f45b9a66147726f1323cdd42a873075386,AlkaSeltzer_36,True,1402,M_FIRST,0.1691412139699739,1,0,True,0.02650926277133997,1402,AlkaSeltzer_36,0.1691412139699739,3234,aspirin_nsaid-1,False,1685,Bayer_50,False,SWITCH,0.14263195119863392,2,0.11725190542334696,CHALLENGER_RANKING_BLOCKED,1685,Bayer_50,False,SWITCH,0.14263195119863392,2,0.11725190542334696,CHALLENGER_RANKING_BLOCKED,BOTH_WRONG,1685,Bayer_50,False,0.11725190542334696,0.83457557293888,False,0.02348157291334818,0.09377033250999878,0.09377033250999878,2,1685,-0.16780451061193924,-0.014367414227179687,0.10119775755160365,0.05702450947517379,0.0003277526058089175,0.0001403322931841887,0.0
H593-e5866ba677990acd1f32d391,OUTCOME-0478,1,c88cdb15edcd25a88595edf90f1fc3fef1e374c4e494fb4a4e8accfe55137d0a,Anti-wrinkle EYE CREAM,True,1414,M_FIRST,0.08494296516957885,1,0,True,0.036541978351659544,1414,Anti-wrinkle EYE CREAM,0.08494296516957885,1414,Anti-wrinkle EYE CREAM,True,1414,Anti-wrinkle EYE CREAM,True,HOLD,0.08494296516957885,1,0.0,CORRECT,1414,Anti-wrinkle EYE CREAM,True,HOLD,0.08494296516957885,1,0.0,CORRECT,BOTH_CORRECT,3293,baoshimianshuang,False,-6.210270263044642,-5.484046863324537,True,0.2532557741957522,0.0,0.0,,3293,3.7551403721169265,-1.7434040527220178,0.9972251635768571,1.8098341673004548,0.14869055962942132,0.011174563901931353,1.2316094892410674
H593-dda20b76d5b7af6159053c31,OUTCOME-0479,1,c88cdb15edcd25a88595edf90f1fc3fef1e374c4e494fb4a4e8accfe55137d0a,Anti-wrinkle EYE CREAM,True,1414,M_FIRST,0.07038569449346832,1,0,True,0.04661818325286965,1414,Anti-wrinkle EYE CREAM,0.07038569449346832,1414,Anti-wrinkle EYE CREAM,True,1414,Anti-wrinkle EYE CREAM,True,HOLD,0.07038569449346832,1,0.0,CORRECT,1414,Anti-wrinkle EYE CREAM,True,HOLD,0.07038569449346832,1,0.0,CORRECT,BOTH_CORRECT,1804,Bottle9,False,-8.084158428674732,-7.353689260665334,True,0.36287345651223646,0.0,0.0,,1804,4.587486127504103,-1.9852513931333637,2.013755758021013,2.076361937707372,0.14869055962373956,0.011505949710800104,1.2316094892410674
H593-3c05a04b6502fb7cd73c680e,OUTCOME-0480,1,c88cdb15edcd25a88595edf90f1fc3fef1e374c4e494fb4a4e8accfe55137d0a,Anti-wrinkle EYE CREAM,True,1414,M_FIRST,0.10150423716621529,1,0,True,0.04554968219327353,1414,Anti-wrinkle EYE CREAM,0.10150423716621529,1414,Anti-wrinkle EYE CREAM,True,1414,Anti-wrinkle EYE CREAM,True,HOLD,0.10150423716621529,1,0.0,CORRECT,1414,Anti-wrinkle EYE CREAM,True,HOLD,0.10150423716621529,1,0.0,CORRECT,BOTH_CORRECT,2283,CVSkinRenewDay,False,-5.789614736082836,-5.060787717891503,True,0.32047626363512016,0.0,0.0,,2283,3.933813905895775,-1.099386818106686,1.052671659256707,0.6951432223623055,-0.03439571592053785,0.010158993354203552,1.2316094892410674
H593-d34d6636f26c3f3a95c899cd,OUTCOME-0481,1,c88cdb15edcd25a88595edf90f1fc3fef1e374c4e494fb4a4e8accfe55137d0a,Anti-wrinkle EYE CREAM,True,1414,M_FIRST,0.06435179247507117,1,0,True,0.02389951238707335,1414,Anti-wrinkle EYE CREAM,0.06435179247507117,1414,Anti-wrinkle EYE CREAM,True,1414,Anti-wrinkle EYE CREAM,True,HOLD,0.06435179247507117,1,0.0,CORRECT,1414,Anti-wrinkle EYE CREAM,True,HOLD,0.06435179247507117,1,0.0,CORRECT,BOTH_CORRECT,4802,tersi-5,False,-7.36273795880912,-6.644718113907147,True,0.04145555226948616,0.0,0.0,,4802,4.966587003637414,-1.8138219597490843,0.829822825058647,1.9889560889606201,0.14807856194837019,0.011505949712085625,1.2316094892410674
H593-b290cd29a15546cc773cf283,OUTCOME-0482,1,c88cdb15edcd25a88595edf90f1fc3fef1e374c4e494fb4a4e8accfe55137d0a,Anti-wrinkle EYE CREAM,True,1414,M_RANK_2_5,0.02811376859181631,4,0,False,-0.0074235951505587094,3294,barafu intensive serum,0.03553736374237502,1414,Anti-wrinkle EYE CREAM,True,1414,Anti-wrinkle EYE CREAM,True,HOLD,0.02811376859181631,4,0.0,CORRECT,1414,Anti-wrinkle EYE CREAM,True,HOLD,0.02811376859181631,4,0.0,CORRECT,BOTH_CORRECT,3294,barafu intensive serum,False,-5.617152226099513,-4.8951165257565785,True,0.14513732102411758,0.0,0.0,,3294,4.288544430831123,-0.6477115072590733,-0.4244070998657139,1.0282870244530267,0.14869055805858114,-0.00786066935949805,1.2316094892410674
H593-e5e24ebb2040c92eaea0764e,OUTCOME-0483,1,c88cdb15edcd25a88595edf90f1fc3fef1e374c4e494fb4a4e8accfe55137d0a,Anti-wrinkle EYE CREAM,True,1414,M_FIRST,0.12180704338127736,1,0,True,0.0934239998725421,1414,Anti-wrinkle EYE CREAM,0.12180704338127736,1414,Anti-wrinkle EYE CREAM,True,1414,Anti-wrinkle EYE CREAM,True,HOLD,0.12180704338127736,1,0.0,CORRECT,1414,Anti-wrinkle EYE CREAM,True,HOLD,0.12180704338127736,1,0.0,CORRECT,BOTH_CORRECT,1192,A50(1),False,-6.19035537771598,-5.456546184314667,True,0.4491065755600392,0.0,0.0,,1192,2.0102449807393827,-2.040863112055432,2.7592192451269844,2.0727795721602726,0.14585925279137318,0.011505949712332304,1.2316094892410674
H593-3a8e211c97e4e3dda358a315,OUTCOME-0484,1,c88cdb15edcd25a88595edf90f1fc3fef1e374c4e494fb4a4e8accfe55137d0a,Anti-wrinkle EYE CREAM,True,1414,M_FIRST,0.10843690166495862,1,0,True,0.07145964586660788,1414,Anti-wrinkle EYE CREAM,0.10843690166495862,1414,Anti-wrinkle EYE CREAM,True,1414,Anti-wrinkle EYE CREAM,True,HOLD,0.10843690166495862,1,0.0,CORRECT,1414,Anti-wrinkle EYE CREAM,True,HOLD,0.10843690166495862,1,0.0,CORRECT,BOTH_CORRECT,1468,Artwork Neptune Ave High Dive Barrier Repair Moisturizer SPF 50 carton,False,-7.682844192232194,-6.961967275442009,True,0.11521972809300074,0.0,0.0,,1468,4.1916540753462765,-1.924261971948692,2.3344399077524143,1.6900106246298323,0.14869055962406236,0.010701507587233079,1.2316094892410674
H593-fa40eb493bb915b96a07206e,OUTCOME-0485,1,c88cdb15edcd25a88595edf90f1fc3fef1e374c4e494fb4a4e8accfe55137d0a,Anti-wrinkle EYE CREAM,True,1414,M_FIRST,0.12712098778665143,1,0,True,0.08456588653115314,1414,Anti-wrinkle EYE CREAM,0.12712098778665143,1414,Anti-wrinkle EYE CREAM,True,1414,Anti-wrinkle EYE CREAM,True,HOLD,0.12712098778665143,1,0.0,CORRECT,1414,Anti-wrinkle EYE CREAM,True,HOLD,0.12712098778665143,1,0.0,CORRECT,BOTH_CORRECT,3113,ampoule,False,-6.219464469382553,-5.49289115248259,True,0.2622899719298868,0.0,0.0,,3113,3.2729790597371364,-1.7541537828077316,1.9640999030507944,1.3600805094822772,0.13425111981104165,0.010598170867967337,1.2316094892410674
H593-27e35a9cbecb2ef6b0c1fc10,OUTCOME-0486,1,c88cdb15edcd25a88595edf90f1fc3fef1e374c4e494fb4a4e8accfe55137d0a,Anti-wrinkle EYE CREAM,True,1414,M_FIRST,0.10805376416858387,1,0,True,0.0801392288667198,1414,Anti-wrinkle EYE CREAM,0.10805376416858387,1414,Anti-wrinkle EYE CREAM,True,1414,Anti-wrinkle EYE CREAM,True,HOLD,0.10805376416858387,1,0.0,CORRECT,1414,Anti-wrinkle EYE CREAM,True,HOLD,0.10805376416858387,1,0.0,CORRECT,BOTH_CORRECT,1804,Bottle9,False,-8.6444742248492,-7.916829184155221,True,0.2899598470570268,0.0,0.0,,1804,5.245676239925226,-1.9201151141997264,2.144776232850809,1.7824973688633712,0.1486905596114717,0.011339448556979444,1.2316094892410674
H593-b06f5f90d0a384729c6b93cb,OUTCOME-0487,1,c88cdb15edcd25a88595edf90f1fc3fef1e374c4e494fb4a4e8accfe55137d0a,Anti-wrinkle EYE CREAM,True,1414,M_FIRST,0.11463152650678583,1,0,True,0.08578319795941562,1414,Anti-wrinkle EYE CREAM,0.11463152650678583,1414,Anti-wrinkle EYE CREAM,True,1414,Anti-wrinkle EYE CREAM,True,HOLD,0.11463152650678583,1,0.0,CORRECT,1414,Anti-wrinkle EYE CREAM,True,HOLD,0.11463152650678583,1,0.0,CORRECT,BOTH_CORRECT,4482,fascy moisture bomb hand cream violet carton,False,-8.479812722946573,-7.75738944273189,True,0.1551438980106159,0.0,0.0,,4482,5.093763273310604,-1.9101410220138282,2.1756338058575597,1.7289601770656284,0.1486905596239392,0.011296439861601166,1.2316094892410674
H593-7b06dd98b68f8bb5cfaf5ee9,OUTCOME-0488,1,c88cdb15edcd25a88595edf90f1fc3fef1e374c4e494fb4a4e8accfe55137d0a,Anti-wrinkle EYE CREAM,True,1414,M_RANK_11_128,0.013565672045660712,64,0,False,-0.024752372196903315,4084,collagen lip balm box final-1,0.03831804424256403,1414,Anti-wrinkle EYE CREAM,True,1414,Anti-wrinkle EYE CREAM,True,HOLD,0.013565672045660712,64,0.0,CORRECT,1414,Anti-wrinkle EYE CREAM,True,HOLD,0.013565672045660712,64,0.0,CORRECT,BOTH_CORRECT,1804,Bottle9,False,-4.1628915601795295,-3.4335636326659866,True,0.3334087920281279,0.0,0.0,,1804,3.5005296357391376,0.575496530858088,-0.9943568148761555,-0.004217697050041617,-0.14447003221326182,-0.0016995515193047824,1.2316094892410674
H593-506fbf0965ee584fadc5f5d1,OUTCOME-0489,2,0748babacede700838aa4a895d8d3238fc567929c58d772ed17e063e9856bb96,AntifluDesbx,True,1424,M_FIRST,0.14864994569769152,1,0,True,0.11437708598209992,1424,AntifluDesbx,0.14864994569769152,1424,AntifluDesbx,True,1424,AntifluDesbx,True,HOLD,0.14864994569769152,1,0.0,CORRECT,1424,AntifluDesbx,True,HOLD,0.14864994569769152,1,0.0,CORRECT,BOTH_CORRECT,1417,AntiFlu Tab BX-Engl-txt(j),False,-5.843679895121066,-5.21668641904529,True,0.5430949814311772,0.0,0.0,,1417,2.3968177866761655,-1.3973448384266294,2.3794480257303077,1.023861435061928,0.2056167825103174,-0.010229437414694061,1.2455101409836713
H593-dcf09c09df4f20df9122bf55,OUTCOME-0490,2,0748babacede700838aa4a895d8d3238fc567929c58d772ed17e063e9856bb96,AntifluDesbx,True,1424,M_RANK_11_128,0.09840689876895095,13,0,False,-0.12832441025221641,3229,aspirin-81-mg-enteric-coated-tablets-mia-delisted-1,0.22673130902116737,1424,AntifluDesbx,True,1424,AntifluDesbx,True,HOLD,0.09840689876895095,13,0.0,CORRECT,1424,AntifluDesbx,True,HOLD,0.09840689876895095,13,0.0,CORRECT,BOTH_CORRECT,4605,naoproxen-sodium-220-mg-softgels-pur-1,False,-3.038856618470659,-2.5920528439421497,True,0.11600672359406605,0.0,0.0,,4605,2.224052017766838,0.4239049438400952,-1.249621191120948,0.15524603096462924,0.24999411345058417,-0.010229437414210894,1.2455101409836713
H593-8f781475641ffa2c1fa69d45,OUTCOME-0491,2,0748babacede700838aa4a895d8d3238fc567929c58d772ed17e063e9856bb96,AntifluDesbx,True,1424,M_RANK_11_128,0.02406785820483922,35,0,False,-0.027740803315154557,2293,Cabinet Cought travel carton,0.051808661519993776,1424,AntifluDesbx,True,1424,AntifluDesbx,True,HOLD,0.02406785820483922,35,0.0,CORRECT,1424,AntifluDesbx,True,HOLD,0.02406785820483922,35,0.0,CORRECT,BOTH_CORRECT,2293,Cabinet Cought travel carton,False,-2.7247154941620533,-2.194612100005256,True,0.31344469657504215,0.0,0.0,,2293,2.1240588591695966,0.8166302550647652,-1.3547535583852381,-0.34649487812101004,0.24999411285005557,-0.010229437399786849,1.2455101409836713
H593-7c6edd0dd50c429fa6b1d952,OUTCOME-0492,2,0748babacede700838aa4a895d8d3238fc567929c58d772ed17e063e9856bb96,AntifluDesbx,True,1424,M_RANK_2_5,0.03671414213538441,2,0,False,-0.0023799970646804364,1873,Broncovac 5 Throat Spray 1 Oz. Carton 001,0.03909413920006485,1424,AntifluDesbx,True,1424,AntifluDesbx,True,HOLD,0.03671414213538441,2,0.0,CORRECT,1424,AntifluDesbx,True,HOLD,0.03671414213538441,2,0.0,CORRECT,BOTH_CORRECT,1417,AntiFlu Tab BX-Engl-txt(j),False,-2.8509947436212597,-2.085746452965076,True,0.8707885587539073,0.0,0.0,,1417,0.6080357404070111,-1.2885225706536227,0.6164797039300394,1.4383165600886176,0.24122443741163682,-0.010049268546093811,1.2455101409836713
H593-1e1593a08e4ed18acf833796,OUTCOME-0493,2,0748babacede700838aa4a895d8d3238fc567929c58d772ed17e063e9856bb96,AntifluDesbx,True,1424,M_FIRST,0.14682930389634663,1,0,True,0.11793100779623725,1424,AntifluDesbx,0.14682930389634663,1424,AntifluDesbx,True,1424,AntifluDesbx,True,HOLD,0.14682930389634663,1,0.0,CORRECT,1424,AntifluDesbx,True,HOLD,0.14682930389634663,1,0.0,CORRECT,BOTH_CORRECT,2694,DayTime.nav.carton,False,-5.238361732150624,-4.782778683282382,True,0.13681548763903528,0.0,0.0,,2694,1.1274581222777456,-1.5724733778666558,3.1127544945793937,1.5853118333464207,-0.24999411329056162,-0.01020536787938988,1.2455101409836713
H593-ba2efedd26ed9b4bcecca71f,OUTCOME-0494,2,0748babacede700838aa4a895d8d3238fc567929c58d772ed17e063e9856bb96,AntifluDesbx,True,1424,M_RANK_11_128,0.005953356776544355,116,0,False,-0.01565632223558068,3101,airmitacecart,0.021609679012125033,1424,AntifluDesbx,True,1424,AntifluDesbx,True,HOLD,0.005953356776544355,116,0.0,CORRECT,1424,AntifluDesbx,True,HOLD,0.005953356776544355,116,0.0,CORRECT,BOTH_CORRECT,993,394---naproxen-sodium-220mg-1,False,-0.7263644140810496,-0.1595559673435994,True,0.4004435473743956,0.0,0.0,,993,1.3688002813097253,1.4240902513198983,-1.6315906245794625,-1.4406809647023016,-0.24999410764274443,0.010229437392263127,1.2455101409836713
H593-0576bfe455276d27cc059542,OUTCOME-0495,2,0748babacede700838aa4a895d8d3238fc567929c58d772ed17e063e9856bb96,AntifluDesbx,True,1424,M_RANK_11_128,0.03259606056431361,16,0,False,-0.03761612124285369,1091,62377580-figure-01,0.0702121818071673,1424,AntifluDesbx,True,1424,AntifluDesbx,True,HOLD,0.03259606056431361,16,0.0,CORRECT,1424,AntifluDesbx,True,HOLD,0.03259606056431361,16,0.0,CORRECT,BOTH_CORRECT,3974,circle-k-cold-01,False,-3.0848387035686597,-2.583653893788164,True,0.24490144624311183,0.0,0.0,,3974,1.5360079347620639,-0.3750590322831587,-0.04998772024021414,0.4818908442221991,0.24999411251900355,-0.0035175763949051517,1.2455101409836713
H593-6643faf35f58ab82ab7e712d,OUTCOME-0496,2,0748babacede700838aa4a895d8d3238fc567929c58d772ed17e063e9856bb96,AntifluDesbx,True,1424,M_RANK_2_5,0.07435195026567169,2,0,False,-0.011214798829371986,1091,62377580-figure-01,0.08556674909504368,1424,AntifluDesbx,True,1424,AntifluDesbx,True,HOLD,0.07435195026567169,2,0.0,CORRECT,1424,AntifluDesbx,True,HOLD,0.07435195026567169,2,0.0,CORRECT,BOTH_CORRECT,4325,cvs-44-738-ms-1,False,-3.4821019118322827,-2.9477464505954383,True,0.3235230079648166,0.0,0.0,,4325,1.93622182496123,-0.5985603590988475,0.5661088975835654,0.4575168193958559,-0.12041883530781682,-0.004276576685375775,1.2455101409836713
H593-5f2533f8d63dca3775f00d6e,OUTCOME-0497,2,0748babacede700838aa4a895d8d3238fc567929c58d772ed17e063e9856bb96,AntifluDesbx,True,1424,M_RANK_2_5,0.0959274506681283,2,0,False,-0.013850911962518572,1091,62377580-figure-01,0.10977836263064687,1424,AntifluDesbx,True,1424,AntifluDesbx,True,HOLD,0.0959274506681283,2,0.0,CORRECT,1424,AntifluDesbx,True,HOLD,0.0959274506681283,2,0.0,CORRECT,BOTH_CORRECT,3974,circle-k-cold-01,False,-3.639701635828067,-2.976673850853128,True,0.6285040257769818,0.0,0.0,,3974,1.3723411719388667,-0.9922968725225821,0.9591393172122316,0.8388600719892256,0.22391387514403033,-0.007766068917376229,1.2455101409836713
H593-379bc58daa6ab14d6b6ca05b,OUTCOME-0498,2,0748babacede700838aa4a895d8d3238fc567929c58d772ed17e063e9856bb96,AntifluDesbx,True,1424,M_FIRST,0.061695901217584115,1,0,True,0.0008434903265907845,1424,AntifluDesbx,0.061695901217584115,1424,AntifluDesbx,True,1424,AntifluDesbx,True,HOLD,0.061695901217584115,1,0.0,CORRECT,1424,AntifluDesbx,True,HOLD,0.061695901217584115,1,0.0,CORRECT,BOTH_CORRECT,4757,walgreens-44-738-1,False,-1.9555410179273989,-1.2797165836445616,True,0.6588348305462488,0.0,0.0,,4757,0.3591632401692147,-0.29079723510310457,0.33307309634520926,0.18198728079765455,0.12997256752869382,-0.003368072793940062,1.2455101409836713
H593-f82866c3a45308bd0b16d5ac,OUTCOME-0499,2,0748babacede700838aa4a895d8d3238fc567929c58d772ed17e063e9856bb96,AntifluDesbx,True,1424,M_RANK_2_5,0.058210708995725405,3,0,False,-0.0019353629086808072,2747,F113902TCR_R3,0.06014607190440621,1424,AntifluDesbx,True,1424,AntifluDesbx,True,HOLD,0.058210708995725405,3,0.0,CORRECT,1424,AntifluDesbx,True,HOLD,0.058210708995725405,3,0.0,CORRECT,BOTH_CORRECT,4757,walgreens-44-738-1,False,-1.8140835234508388,-1.0463425581712,True,0.8766967324905015,0.0,0.0,,4757,0.4596445307112449,-0.1588667576114786,0.11758286008869996,0.13211519830582052,0.021006135934609607,-0.002908584961728855,1.2455101409836713
H593-471a2fedf467917f9dc0140d,OUTCOME-0500,2,0748babacede700838aa4a895d8d3238fc567929c58d772ed17e063e9856bb96,AntifluDesbx,True,1424,M_FIRST,0.054623653786629006,1,0,True,0.007758636126764168,1424,AntifluDesbx,0.054623653786629006,1424,AntifluDesbx,True,1424,AntifluDesbx,True,HOLD,0.054623653786629006,1,0.0,CORRECT,1424,AntifluDesbx,True,HOLD,0.054623653786629006,1,0.0,CORRECT,BOTH_CORRECT,964,2ct box,False,-5.033968957254656,-4.481762699760103,True,0.36583322552578057,0.0,0.0,,964,3.0131021210771296,-1.363295881662569,0.2832803738011765,1.617612866725518,0.24701361715943632,-0.009254280829707843,1.2455101409836713
H593-ec2c7b5e62c36bab4a4ce68f,OUTCOME-0501,2,0748babacede700838aa4a895d8d3238fc567929c58d772ed17e063e9856bb96,AntifluDesbx,True,1424,M_RANK_2_5,0.043446818125765826,2,0,False,-0.025111826735470508,2742,F111905QCH_R0_DF012313,0.06855864486123633,1424,AntifluDesbx,True,1424,AntifluDesbx,True,HOLD,0.043446818125765826,2,0.0,CORRECT,1424,AntifluDesbx,True,HOLD,0.043446818125765826,2,0.0,CORRECT,BOTH_CORRECT,2742,F111905QCH_R0_DF012313,False,-2.884635685083609,-2.3693262890534883,True,0.27837974651345165,0.0,0.0,,2742,1.8709740092790381,0.3848841151166992,-0.8307833238669281,-0.03340588425501458,0.24999411273138103,-0.0025374849052381757,1.2455101409836713
H593-1c5e61610edb8626ae77f9f6,OUTCOME-0502,2,0748babacede700838aa4a895d8d3238fc567929c58d772ed17e063e9856bb96,AntifluDesbx,True,1424,M_FIRST,0.08665615437286442,1,0,True,0.05187897515703341,1424,AntifluDesbx,0.08665615437286442,1424,AntifluDesbx,True,1424,AntifluDesbx,True,HOLD,0.08665615437286442,1,0.0,CORRECT,1424,AntifluDesbx,True,HOLD,0.08665615437286442,1,0.0,CORRECT,BOTH_CORRECT,3862,cetirizine-pseudo-fig1,False,-3.657712568692782,-3.19142454742761,True,0.1621885692965339,0.0,0.0,,3862,0.9733330003303073,-1.3067232085661948,2.0973565641782663,0.9072633188596687,-0.24999411328667726,-0.009033133806260264,1.2455101409836713
H593-17128afb252013a8b2a0ee5f,OUTCOME-0507,2,5e70e07c018dad8a49c0f98df36183854e1a11398f9835189e1f22ef07f9c615,Baby spec cream 60 ml_Jun21-Output,True,1641,M_FIRST,0.09111342661341575,1,0,True,0.048919865728868556,1641,Baby spec cream 60 ml_Jun21-Output,0.09111342661341575,1641,Baby spec cream 60 ml_Jun21-Output,True,1641,Baby spec cream 60 ml_Jun21-Output,True,HOLD,0.09111342661341575,1,0.0,CORRECT,1641,Baby spec cream 60 ml_Jun21-Output,True,HOLD,0.09111342661341575,1,0.0,CORRECT,BOTH_CORRECT,2305,CalDiapRashCreamMiniBox,False,-6.17001425762215,-5.538051154583381,True,0.5548740637177891,0.0,0.0,,2305,1.9560443115965116,-1.5698878886865937,2.5429831826229248,1.7555998350441122,0.24999411347595965,-0.010229437414435596,1.2455101409836713
H593-c967c0f887f10151135e81fc,OUTCOME-0508,2,5e70e07c018dad8a49c0f98df36183854e1a11398f9835189e1f22ef07f9c615,Baby spec cream 60 ml_Jun21-Output,True,1641,M_FIRST,0.1134729252874301,1,0,True,0.07896702107208979,1641,Baby spec cream 60 ml_Jun21-Output,0.1134729252874301,1641,Baby spec cream 60 ml_Jun21-Output,True,1641,Baby spec cream 60 ml_Jun21-Output,True,HOLD,0.1134729252874301,1,0.0,CORRECT,1641,Baby spec cream 60 ml_Jun21-Output,True,HOLD,0.1134729252874301,1,0.0,CORRECT,BOTH_CORRECT,1899,Butiezzz Intense Carton,False,-6.500760030726347,-6.0768116664447485,True,0.061834496986849175,0.0,0.0,,1899,2.1343630135825604,-1.5522931148907038,2.9652770365314645,1.4742200178962426,0.24270779952289775,-0.009024862899785041,1.2455101409836713
H593-3ebd3543a8da2ab12dd9b943,OUTCOME-0515,2,5e70e07c018dad8a49c0f98df36183854e1a11398f9835189e1f22ef07f9c615,Baby spec cream 60 ml_Jun21-Output,True,1641,M_FIRST,0.12090826727654176,1,0,True,0.09056084623668649,1641,Baby spec cream 60 ml_Jun21-Output,0.12090826727654176,1641,Baby spec cream 60 ml_Jun21-Output,True,1641,Baby spec cream 60 ml_Jun21-Output,True,HOLD,0.12090826727654176,1,0.0,CORRECT,1641,Baby spec cream 60 ml_Jun21-Output,True,HOLD,0.12090826727654176,1,0.0,CORRECT,BOTH_CORRECT,4749,wal0a-0001-01,False,-5.674809413143935,-5.258639905591474,True,0.04339693734895356,0.0,0.0,,4749,1.9181728584117195,-1.4756206505129699,2.4440401544893935,1.304352058038654,0.2483660144632044,-0.010011162729737887,1.2455101409836713
H593-f99f32ee31f49704d2c9891e,OUTCOME-0518,2,5e70e07c018dad8a49c0f98df36183854e1a11398f9835189e1f22ef07f9c615,Baby spec cream 60 ml_Jun21-Output,True,1641,M_FIRST,0.12646542893832455,1,0,True,0.08164337099655733,1641,Baby spec cream 60 ml_Jun21-Output,0.12646542893832455,1850,Box_15ml,False,1641,Baby spec cream 60 ml_Jun21-Output,True,SWITCH,0.12646542893832455,1,2.1729077973067263,CORRECT,1641,Baby spec cream 60 ml_Jun21-Output,True,SWITCH,0.12646542893832455,1,2.1729077973067263,CORRECT,BOTH_CORRECT,1641,Baby spec cream 60 ml_Jun21-Output,True,2.1729077973067263,3.8037854575090706,False,2.9225159116355464,2.1729077973067263,2.1729077973067263,1,1850,-0.14604904944091204,-1.5844705756300292,3.2398312577304265,1.6706145553197098,0.24866384433514005,-0.010172094023937405,-1.2455101409836713
H593-62a3ef9aed28fe11480a070d,OUTCOME-0528,4,67c564121b4c0847db261d818757e131684626ea0db83097a0e9610c7cf03222,SH230414C (250 ml Carton),True,147,M_RANK_6_10,0.01691039230607647,6,0,False,-0.022224121051375268,90,Doraject injectable solution-100 mL Carton,0.03913451335745174,147,SH230414C (250 ml Carton),True,147,SH230414C (250 ml Carton),True,HOLD,0.01691039230607647,6,0.0,CORRECT,147,SH230414C (250 ml Carton),True,HOLD,0.01691039230607647,6,0.0,CORRECT,BOTH_CORRECT,146,SH230414B (100 ml Carton),False,-0.9699859136630762,-0.053421579460562474,True,2.0080844096270165,0.0,0.0,,146,0.004400873525739657,0.19347681910769438,-0.5450980882269141,0.0007248322565237487,0.012194466840442337,-0.02343555843074675,1.3277225685903369
H593-baaae79e1a5f7793171f450a,OUTCOME-0529,4,67c564121b4c0847db261d818757e131684626ea0db83097a0e9610c7cf03222,SH230414C (250 ml Carton),True,147,M_FIRST,0.09232785158456805,1,0,True,0.01750576569632084,147,SH230414C (250 ml Carton),0.09232785158456805,146,SH230414B (100 ml Carton),False,146,SH230414B (100 ml Carton),False,HOLD,0.07482208588824721,2,0.0,TARGET_TOP_BUT_HOLD,147,SH230414C (250 ml Carton),True,SWITCH,0.09232785158456805,1,0.12108510797713845,CORRECT,RESCUED_BY_492,147,SH230414C (250 ml Carton),True,-1.0200072130312772,0.12108510797713845,True,3.150113449097097,-1.0200072130312772,0.12108510797713845,1,146,-0.06127791563815262,-0.2349328041961919,0.3909068239517133,0.13155630789839515,0.07159010040349674,0.009872843139799026,-1.3277225685903369
H593-74f8620ac02b6e6c2a64a722,OUTCOME-0530,4,67c564121b4c0847db261d818757e131684626ea0db83097a0e9610c7cf03222,SH230414C (250 ml Carton),True,147,M_RANK_11_128,0.01285082474196352,20,0,False,-0.030265194240811984,90,Doraject injectable solution-100 mL Carton,0.043116018982775506,146,SH230414B (100 ml Carton),False,146,SH230414B (100 ml Carton),False,HOLD,0.018239740199554898,6,0.0,TARGET_TOP_BUT_HOLD,146,SH230414B (100 ml Carton),False,HOLD,0.018239740199554898,6,0.0,TARGET_TOP_BUT_HOLD,BOTH_WRONG,147,SH230414C (250 ml Carton),True,-2.01351968846612,-1.4195887384185326,True,0.36705649569505727,-2.01351968846612,-2.01351968846612,1,146,-0.0674281236991595,0.3992655155462419,-0.6469505935407601,-0.24029739070337516,-0.16253231942270763,0.032145791943977466,-1.3277225685903369
H593-3414eabf1d60f67a6dba89f1,OUTCOME-0531,4,67c564121b4c0847db261d818757e131684626ea0db83097a0e9610c7cf03222,SH230414C (250 ml Carton),True,147,M_RANK_11_128,0.012867659843617582,60,0,False,-0.031488199984630455,59,50mg,0.04435585982824804,146,SH230414B (100 ml Carton),False,146,SH230414B (100 ml Carton),False,HOLD,0.01438006161318462,44,0.0,CHALLENGER_RANKING_BLOCKED,372,inc00-0000-02,False,SWITCH,0.025046393129628874,7,0.23989203005664883,CHALLENGER_RANKING_BLOCKED,BOTH_WRONG,372,inc00-0000-02,False,-0.3489434313605849,0.23989203005664883,True,0.34113903182368477,-1.888736527815921,-1.888736527815921,7,146,-0.2958667738061807,0.030920960897978727,-0.2071740445921385,0.05777439299312561,-0.12835486776142077,-0.01831362695694835,-1.3277225685903369
H593-94f0441d80c908de395777ea,OUTCOME-0532,4,67c564121b4c0847db261d818757e131684626ea0db83097a0e9610c7cf03222,SH230414C (250 ml Carton),True,147,M_RANK_11_128,0.0160124060338125,20,0,False,-0.04123952985854083,90,Doraject injectable solution-100 mL Carton,0.057251935892353334,146,SH230414B (100 ml Carton),False,146,SH230414B (100 ml Carton),False,HOLD,0.014996256092496194,28,0.0,TARGET_TOP_BUT_HOLD,146,SH230414B (100 ml Carton),False,HOLD,0.014996256092496194,28,0.0,TARGET_TOP_BUT_HOLD,BOTH_WRONG,147,SH230414C (250 ml Carton),True,-1.4622229545976122,-0.8574270719996949,True,0.42231939926834916,-1.4622229545976122,-1.4622229545976122,1,146,-0.10294912963827905,-0.05488139725964491,0.12231314308053245,0.015316541319748057,-0.08215375170273266,-0.03214579180689919,-1.3277225685903369
H593-b52eb937914c8c593a72c477,OUTCOME-0533,4,67c564121b4c0847db261d818757e131684626ea0db83097a0e9610c7cf03222,SH230414C (250 ml Carton),True,147,M_RANK_11_128,0.014957124135764924,15,0,False,-0.04059295656447943,90,Doraject injectable solution-100 mL Carton,0.05555008070024435,146,SH230414B (100 ml Carton),False,146,SH230414B (100 ml Carton),False,HOLD,0.014405821314720046,16,0.0,TARGET_TOP_BUT_HOLD,146,SH230414B (100 ml Carton),False,HOLD,0.014405821314720046,16,0.0,TARGET_TOP_BUT_HOLD,BOTH_WRONG,147,SH230414C (250 ml Carton),True,-1.4284580274088767,-0.8458521357109944,True,0.30945322897963723,-1.4284580274088767,-1.4284580274088767,1,146,-0.10485842282575951,0.01747816686023442,0.07007917094851293,-0.05715511806537273,-0.00812207653323186,-0.018157179202923143,-1.3277225685903369
H593-a0c47eb239ac25d662c34c18,OUTCOME-0534,4,67c564121b4c0847db261d818757e131684626ea0db83097a0e9610c7cf03222,SH230414C (250 ml Carton),True,147,M_FIRST,0.1597515581725464,1,0,True,0.023675082229082378,147,SH230414C (250 ml Carton),0.1597515581725464,146,SH230414B (100 ml Carton),False,146,SH230414B (100 ml Carton),False,HOLD,0.13607647594346403,2,0.0,TARGET_TOP_BUT_HOLD,146,SH230414B (100 ml Carton),False,HOLD,0.13607647594346403,2,0.0,TARGET_TOP_BUT_HOLD,BOTH_WRONG,147,SH230414C (250 ml Carton),True,-1.162817060885514,-0.39823162333762874,True,1.2350657947304713,-1.162817060885514,-1.162817060885514,1,146,-0.1159742208122939,-0.188086852810108,0.2987105266277552,0.11147064164370078,0.05847898830213815,0.00030642475363069796,-1.3277225685903369
H593-46eb5bc0f271f7e1fa17423b,OUTCOME-0535,4,67c564121b4c0847db261d818757e131684626ea0db83097a0e9610c7cf03222,SH230414C (250 ml Carton),True,147,M_FIRST,0.15678870326205513,1,0,True,0.03943200255499049,147,SH230414C (250 ml Carton),0.15678870326205513,147,SH230414C (250 ml Carton),True,147,SH230414C (250 ml Carton),True,HOLD,0.15678870326205513,1,0.0,CORRECT,147,SH230414C (250 ml Carton),True,HOLD,0.15678870326205513,1,0.0,CORRECT,BOTH_CORRECT,146,SH230414B (100 ml Carton),False,-2.0455470845709716,-1.330746653896881,True,0.9818415780574665,0.0,0.0,,146,0.22046430446026338,-0.3579629701213308,0.5368663981732968,0.2339868420835609,0.07805498354655413,0.006414957838289964,1.3277225685903369
H593-47f8fff9a6390d11ea60c3c3,OUTCOME-0536,4,67c564121b4c0847db261d818757e131684626ea0db83097a0e9610c7cf03222,SH230414C (250 ml Carton),True,147,M_FIRST,0.16073298715034387,1,0,True,0.01377082267072946,147,SH230414C (250 ml Carton),0.16073298715034387,146,SH230414B (100 ml Carton),False,146,SH230414B (100 ml Carton),False,HOLD,0.1469621644796144,2,0.0,TARGET_TOP_BUT_HOLD,146,SH230414B (100 ml Carton),False,HOLD,0.1469621644796144,2,0.0,TARGET_TOP_BUT_HOLD,BOTH_WRONG,147,SH230414C (250 ml Carton),True,-1.2355136930807153,-0.48561080655959443,True,1.1603851284821192,-1.2355136930807153,-1.2355136930807153,1,146,-0.08424410688894393,-0.158040665136689,0.16704658117171767,0.13357865869594715,0.0340578912033181,-0.000189483535728447,-1.3277225685903369
H593-30656f17b4be13cde8124a15,OUTCOME-0537,4,67c564121b4c0847db261d818757e131684626ea0db83097a0e9610c7cf03222,SH230414C (250 ml Carton),True,147,M_FIRST,0.16171276015223132,1,0,True,0.03353900273691243,147,SH230414C (250 ml Carton),0.16171276015223132,138,RESPIRmycin25_250mL_carton,False,147,SH230414C (250 ml Carton),True,SWITCH,0.16171276015223132,1,0.8812995843767035,CORRECT,147,SH230414C (250 ml Carton),True,SWITCH,0.16171276015223132,1,0.8812995843767035,CORRECT,BOTH_CORRECT,147,SH230414C (250 ml Carton),True,0.8812995843767035,1.4771881329308911,False,0.3770135365698448,0.8812995843767035,0.8812995843767035,1,146,0.001104927363695607,-0.054896856107147673,0.3013050954441301,0.059973131978614536,0.008178412081039588,0.06134882580951292,0.0
H593-f5c5e96edf25f0e9889f7a90,OUTCOME-0538,4,67c564121b4c0847db261d818757e131684626ea0db83097a0e9610c7cf03222,SH230414C (250 ml Carton),True,147,M_FIRST,0.07871238614120361,1,0,True,0.004384504448484913,147,SH230414C (250 ml Carton),0.07871238614120361,146,SH230414B (100 ml Carton),False,146,SH230414B (100 ml Carton),False,HOLD,0.0743278816927187,2,0.0,TARGET_TOP_BUT_HOLD,146,SH230414B (100 ml Carton),False,HOLD,0.0743278816927187,2,0.0,TARGET_TOP_BUT_HOLD,BOTH_WRONG,147,SH230414C (250 ml Carton),True,-1.527675696866225,-0.8551541214931463,True,0.7667963126712469,-1.527675696866225,-1.527675696866225,1,146,-0.22392382184760595,-0.08337896209461061,0.10693334613507295,0.061189137338954064,-0.061181766067695605,0.00040893825999696213,-1.3277225685903369
H593-f42264b44984bda93155507c,OUTCOME-0555,2,1007f60c51bf2a9005809d8794f2ee0ba76987b27950ac00057798b1b3be7881,_Pentrexcilina Adult TOTAL RELIEF  Multi_Symptom 6 fl oz (177 ml)_comp,True,3088,M_FIRST,0.10214801858899232,1,0,True,0.0341956909303828,3088,_Pentrexcilina Adult TOTAL RELIEF  Multi_Symptom 6 fl oz (177 ml)_comp,0.10214801858899232,4306,cvs-44-531c-1,False,4306,cvs-44-531c-1,False,HOLD,0.023190149901794868,65,0.0,TARGET_TOP_BUT_HOLD,3088,_Pentrexcilina Adult TOTAL RELIEF  Multi_Symptom 6 fl oz (177 ml)_comp,True,SWITCH,0.10214801858899232,1,0.5686022672848636,CORRECT,RESCUED_BY_492,3088,_Pentrexcilina Adult TOTAL RELIEF  Multi_Symptom 6 fl oz (177 ml)_comp,True,-0.07559381075391469,0.5686022672848636,True,0.5838688394239249,-0.07559381075391469,0.5686022672848636,1,4306,-1.1671650437947092,-1.4293462745436991,2.3343218891839315,1.1718822089262828,0.24999411304628266,0.010229437411667949,-1.2455101409836713
H593-cbd580ca8890e580605311e6,OUTCOME-0557,2,1007f60c51bf2a9005809d8794f2ee0ba76987b27950ac00057798b1b3be7881,_Pentrexcilina Adult TOTAL RELIEF  Multi_Symptom 6 fl oz (177 ml)_comp,True,3088,M_FIRST,0.06903367009356545,1,0,True,0.0002732364054106873,3088,_Pentrexcilina Adult TOTAL RELIEF  Multi_Symptom 6 fl oz (177 ml)_comp,0.06903367009356545,826,-Pentrexcilina AD 4 fl oz (RTE) EN-ES Rev 11.2024 (AKRON)_001,False,826,-Pentrexcilina AD 4 fl oz (RTE) EN-ES Rev 11.2024 (AKRON)_001,False,HOLD,0.05199673682974269,4,0.0,CHALLENGER_RANKING_BLOCKED,826,-Pentrexcilina AD 4 fl oz (RTE) EN-ES Rev 11.2024 (AKRON)_001,False,HOLD,0.05199673682974269,4,0.0,CHALLENGER_RANKING_BLOCKED,BOTH_WRONG,823,-Brosolvan Children 4 fl oz (RTE) EN-ES  Rev 11.2024 (AKRON)_001,False,-1.237182490360922,-0.8003996464942582,True,0.09225496763063568,-1.3294374579915578,-1.3294374579915578,2,826,-0.3154096787284314,-0.2323268848619309,0.5216096273899179,0.008657406917290346,-0.06970119041383387,0.0032434026891014537,-1.2455101409836713
H593-9c93b71a9b46da8e1ed6f3db,OUTCOME-0568,0,1a231675f970ef17d8df9d796fcc4f991f31e3ecab14c9f45454f336dc22786a,alp0b-0002-29,True,4788,M_RANK_2_5,0.05288038670195086,2,0,False,-0.002418071397821131,4787,alp0b-0002-27,0.05529845809977199,4788,alp0b-0002-29,True,4788,alp0b-0002-29,True,HOLD,0.05288038670195086,2,0.0,CORRECT,4788,alp0b-0002-29,True,HOLD,0.05288038670195086,2,0.0,CORRECT,BOTH_CORRECT,4787,alp0b-0002-27,False,-1.0376497518844825,-0.03715350019232344,True,3.673647509907201,0.0,0.0,,4787,0.02367586832458878,0.09348238904645378,-0.0827084082174119,-0.06222359493170417,-0.03669668793349893,0.003970529511159475,1.0981496560848956
H593-d29e3883066f9b27a2a4c21a,OUTCOME-0569,0,1a231675f970ef17d8df9d796fcc4f991f31e3ecab14c9f45454f336dc22786a,alp0b-0002-29,True,4788,M_RANK_2_5,0.08528628598509268,2,0,False,-0.001261646393944979,4787,alp0b-0002-27,0.08654793237903766,4788,alp0b-0002-29,True,4788,alp0b-0002-29,True,HOLD,0.08528628598509268,2,0.0,CORRECT,4788,alp0b-0002-29,True,HOLD,0.08528628598509268,2,0.0,CORRECT,BOTH_CORRECT,4787,alp0b-0002-27,False,-1.2395924510183838,-0.4749843193977127,True,1.640302367600002,0.0,0.0,,4787,0.16345458901256807,-0.019523350735611327,-0.027167575398698383,0.03695672353080796,-0.011066989713154108,-0.001210601762424023,1.0981496560848956
H593-7a2a329a01beb7a806b52b3e,OUTCOME-0576,0,1a231675f970ef17d8df9d796fcc4f991f31e3ecab14c9f45454f336dc22786a,alp0b-0002-29,True,4788,M_RANK_2_5,0.10825259155167198,2,0,False,-0.0007015755524563683,4787,alp0b-0002-27,0.10895416710412835,4787,alp0b-0002-27,False,4787,alp0b-0002-27,False,HOLD,0.10895416710412835,1,0.0,TARGET_TOP_BUT_HOLD,4787,alp0b-0002-27,False,HOLD,0.10895416710412835,1,0.0,TARGET_TOP_BUT_HOLD,BOTH_WRONG,4788,alp0b-0002-29,True,-1.119886576083096,-0.36809512715923975,True,1.529823130688185,-1.119886576083096,-1.119886576083096,1,4787,-0.02101669193262654,-0.003435889297813862,-0.011951543437252693,0.010373544467382057,0.004713690191963639,-0.00042002998985300966,-1.0981496560848956
H593-0091cc1b5a6f73a4ad8d88ae,OUTCOME-0581,4,fa72f98eeda7c16b4963aa2c9a26bb7b6da07062d61f1935ff18b1204cf99a43,anti caries toothpaste carton,True,3144,M_FIRST,0.13697635670066444,1,0,True,0.03317327037323553,3144,anti caries toothpaste carton,0.13697635670066444,3144,anti caries toothpaste carton,True,3144,anti caries toothpaste carton,True,HOLD,0.13697635670066444,1,0.0,CORRECT,3144,anti caries toothpaste carton,True,HOLD,0.13697635670066444,1,0.0,CORRECT,BOTH_CORRECT,4023,cleaner toothpaste carton,False,-2.639284076761962,-1.8760260717447004,True,1.2283140016935539,0.0,0.0,,4023,0.8771986130167032,-0.34681631101260035,0.5142416419647488,0.22898386359421352,0.04556557439005712,-0.007611873781496994,1.3277225685903369
H593-979d4429602e6c4a69aa6724,OUTCOME-0585,4,fa72f98eeda7c16b4963aa2c9a26bb7b6da07062d61f1935ff18b1204cf99a43,anti caries toothpaste carton,True,3144,M_RANK_2_5,0.02070066319986213,4,0,False,-0.004341458834218374,2706,Deep,0.025042122034080506,3144,anti caries toothpaste carton,True,3144,anti caries toothpaste carton,True,HOLD,0.02070066319986213,4,0.0,CORRECT,3144,anti caries toothpaste carton,True,HOLD,0.02070066319986213,4,0.0,CORRECT,BOTH_CORRECT,4023,cleaner toothpaste carton,False,-3.096923577630432,-2.5179221044815794,True,0.2911198768129193,0.0,0.0,,4023,1.1688672246148237,-0.41695810107949005,0.5022927487331221,0.3351664242001483,0.19362844666715495,-0.013795734095664574,1.3277225685903369
H593-1bef63e477961c10e0077a91,OUTCOME-0588,4,fa72f98eeda7c16b4963aa2c9a26bb7b6da07062d61f1935ff18b1204cf99a43,anti caries toothpaste carton,True,3144,M_RANK_11_128,0.023922809565844076,64,0,False,-0.028132177805868373,3783,case-60,0.05205498737171245,4023,cleaner toothpaste carton,False,4023,cleaner toothpaste carton,False,HOLD,0.020091266300578052,80,0.0,TARGET_TOP_BUT_HOLD,4023,cleaner toothpaste carton,False,HOLD,0.020091266300578052,80,0.0,TARGET_TOP_BUT_HOLD,BOTH_WRONG,3144,anti caries toothpaste carton,True,-1.2598226683923095,-0.6029961415589885,True,0.6869657246751464,-1.2598226683923095,-1.2598226683923095,1,4023,-0.13587046205217057,0.42764077920652005,0.32492303794326055,-0.7122251695318756,0.13663779904727297,0.026793915585019947,-1.3277225685903369
H593-14a2dd843bc26150f05949e9,OUTCOME-0593,4,fa72f98eeda7c16b4963aa2c9a26bb7b6da07062d61f1935ff18b1204cf99a43,anti caries toothpaste carton,True,3144,M_FIRST,0.15834864870782017,1,0,True,0.12737600085469514,3144,anti caries toothpaste carton,0.15834864870782017,3144,anti caries toothpaste carton,True,3144,anti caries toothpaste carton,True,HOLD,0.15834864870782017,1,0.0,CORRECT,3144,anti caries toothpaste carton,True,HOLD,0.15834864870782017,1,0.0,CORRECT,BOTH_CORRECT,4023,cleaner toothpaste carton,False,-5.789782186230623,-5.215208459107763,True,0.26859878884959976,0.0,0.0,,4023,1.9386642678464943,-1.2115109595615654,2.5112300427506584,1.108258483619707,0.14602658688821096,-0.03060880390321961,1.3277225685903369
H593-10e669d82eed33568754dbb1,OUTCOME-0596,4,fa72f98eeda7c16b4963aa2c9a26bb7b6da07062d61f1935ff18b1204cf99a43,anti caries toothpaste carton,True,3144,M_FIRST,0.10991312008306324,1,0,True,0.08063621789265611,3144,anti caries toothpaste carton,0.10991312008306324,3144,anti caries toothpaste carton,True,3144,anti caries toothpaste carton,True,HOLD,0.10991312008306324,1,0.0,CORRECT,3144,anti caries toothpaste carton,True,HOLD,0.10991312008306324,1,0.0,CORRECT,BOTH_CORRECT,4023,cleaner toothpaste carton,False,-5.018511682785801,-4.244643641372771,True,1.2822804129466707,0.0,0.0,,4023,1.7683926750344456,-1.0236700564257177,2.1623221859195922,0.6185916485292852,0.18226824260177873,-0.017115581463919047,1.3277225685903369
H593-9c0aaa63096534849ab64b8c,OUTCOME-0597,3,c13e6a469d26dd360022a4ba3af2d2bdbb230082c9e605b822c0f5806f9b9bc9,askindr carton,True,3208,M_FIRST,0.042808937470687085,1,0,True,0.004634738782242374,3208,askindr carton,0.042808937470687085,3208,askindr carton,True,3208,askindr carton,True,HOLD,0.042808937470687085,1,0.0,CORRECT,3208,askindr carton,True,HOLD,0.042808937470687085,1,0.0,CORRECT,BOTH_CORRECT,3293,baoshimianshuang,False,-4.466832640961409,-3.577084777839459,True,1.245392145623586,0.0,0.0,,3293,2.5579289715156683,-0.6998587240999772,0.1849948158438648,1.0461717012890401,0.13770670323478787,-0.06147137906105555,1.3013605522390803
H593-b4135fa9fc83b8c616fa57b7,OUTCOME-0598,3,c13e6a469d26dd360022a4ba3af2d2bdbb230082c9e605b822c0f5806f9b9bc9,askindr carton,True,3208,M_RANK_11_128,0.020507016460199052,37,0,False,-0.023862804002531473,1621,BRIGHTENINGEMULSION,0.044369820462730525,1200,AMPULE ESSENCE,False,1200,AMPULE ESSENCE,False,HOLD,0.024130954052189072,20,0.0,CHALLENGER_RANKING_BLOCKED,4543,label-cleansing,False,SWITCH,0.03857958349594638,4,0.2473787274090885,CHALLENGER_RANKING_BLOCKED,BOTH_WRONG,4543,label-cleansing,False,-0.3956991400989207,0.2473787274090885,True,0.577654816224513,-1.8848659318852383,-1.8848659318852383,11,1200,-0.5225070117348729,-0.06327491078961771,-0.2624249702466443,0.22449122699970792,0.011068222378714498,0.029142063746554536,-1.3013605522390803
H593-9daaa4e49269fe8b0df59c8c,OUTCOME-0599,3,c13e6a469d26dd360022a4ba3af2d2bdbb230082c9e605b822c0f5806f9b9bc9,askindr carton,True,3208,M_FIRST,0.09948716094481003,1,0,True,0.0595466614738122,3208,askindr carton,0.09948716094481003,3208,askindr carton,True,3208,askindr carton,True,HOLD,0.09948716094481003,1,0.0,CORRECT,3208,askindr carton,True,HOLD,0.09948716094481003,1,0.0,CORRECT,BOTH_CORRECT,1231,AQUTOP DRAFT LABEL,False,-4.890475504997576,-4.384766795607985,True,0.20579558561362532,0.0,0.0,,1231,1.0575164025245523,-0.9517302092940608,2.2045072539677624,1.2047915006110053,0.13197803891289786,-0.05794803396366214,1.3013605522390803
H593-2d0dc828facf9c0c8e44c960,OUTCOME-0600,3,c13e6a469d26dd360022a4ba3af2d2bdbb230082c9e605b822c0f5806f9b9bc9,askindr carton,True,3208,M_FIRST,0.08323079392640931,1,0,True,0.02898158359993685,3208,askindr carton,0.08323079392640931,3986,clapiel revital serum carton,False,3208,askindr carton,True,SWITCH,0.08323079392640931,1,0.5488898948883314,CORRECT,3208,askindr carton,True,SWITCH,0.08323079392640931,1,0.5488898948883314,CORRECT,BOTH_CORRECT,3208,askindr carton,True,0.5488898948883314,1.5507020488341023,False,1.5487509310707348,0.5488898948883314,0.5488898948883314,1,3986,-0.4935661524572927,-0.9432195788178573,1.9860622176491431,1.2247386365401927,0.13770670328026857,-0.061471379067042774,-1.3013605522390803
H593-dff5ad1efb50ad282dc69f32,OUTCOME-0601,3,c13e6a469d26dd360022a4ba3af2d2bdbb230082c9e605b822c0f5806f9b9bc9,askindr carton,True,3208,M_FIRST,0.05391194585886426,1,0,True,0.013001544492412156,3208,askindr carton,0.05391194585886426,3208,askindr carton,True,3208,askindr carton,True,HOLD,0.05391194585886426,1,0.0,CORRECT,3208,askindr carton,True,HOLD,0.05391194585886426,1,0.0,CORRECT,BOTH_CORRECT,3293,baoshimianshuang,False,-3.2357529603752884,-2.197515171307184,True,1.6473553691894232,0.0,0.0,,3293,1.1871398635649413,-0.646743569073324,0.4432136553165756,0.8740668462960343,0.13770670332095258,-0.06099109128897138,1.3013605522390803
H593-7e69370b1238d0d64a7652cd,OUTCOME-0602,3,c13e6a469d26dd360022a4ba3af2d2bdbb230082c9e605b822c0f5806f9b9bc9,askindr carton,True,3208,M_FIRST,0.10859879836571282,1,0,True,0.056797667616818245,3208,askindr carton,0.10859879836571282,3208,askindr carton,True,3208,askindr carton,True,HOLD,0.10859879836571282,1,0.0,CORRECT,3208,askindr carton,True,HOLD,0.10859879836571282,1,0.0,CORRECT,BOTH_CORRECT,3293,baoshimianshuang,False,-3.840098672500626,-3.3162593437583143,True,0.2548752935724483,0.0,0.0,,3293,0.37142133737807576,-0.95918373577157,1.6786326384009354,1.3716325559853455,0.13770670333918208,-0.06147137907042284,1.3013605522390803
H593-6eed4a007d0370e035410941,OUTCOME-0603,3,c13e6a469d26dd360022a4ba3af2d2bdbb230082c9e605b822c0f5806f9b9bc9,askindr carton,True,3208,M_FIRST,0.13380173267329565,1,0,True,0.08471970650884586,3208,askindr carton,0.13380173267329565,3439,biowhite resilient massage carton,False,3208,askindr carton,True,SWITCH,0.13380173267329565,1,1.8004296357555092,CORRECT,3208,askindr carton,True,SWITCH,0.13380173267329565,1,1.8004296357555092,CORRECT,BOTH_CORRECT,3208,askindr carton,True,1.8004296357555092,3.084343827981651,False,2.312403037159002,1.8004296357555092,1.8004296357555092,1,3439,-0.13928438258631667,-0.9899123323569368,2.775697567377373,1.3790375358321598,0.13770670333044613,-0.061454903602136145,-1.3013605522390803
H593-a1daf11a61705b1051217902,OUTCOME-0604,3,c13e6a469d26dd360022a4ba3af2d2bdbb230082c9e605b822c0f5806f9b9bc9,askindr carton,True,3208,M_FIRST,0.1365722713229254,1,0,True,0.08757293164185329,3208,askindr carton,0.1365722713229254,3208,askindr carton,True,3208,askindr carton,True,HOLD,0.1365722713229254,1,0.0,CORRECT,3208,askindr carton,True,HOLD,0.1365722713229254,1,0.0,CORRECT,BOTH_CORRECT,3121,an adc sp intensive wrinkle carton,False,-4.952258905057692,-4.4849707043161455,True,0.10179101150664405,0.0,0.0,,3121,1.7042112542667762,-0.8734752312523703,1.7847176101095537,0.9716980364457833,0.12521806231729504,-0.061471379068426424,1.3013605522390803
H593-4504245768770ed0279a4124,OUTCOME-0605,3,c13e6a469d26dd360022a4ba3af2d2bdbb230082c9e605b822c0f5806f9b9bc9,askindr carton,True,3208,M_FIRST,0.11621174577982968,1,0,True,0.0506379519623258,3208,askindr carton,0.11621174577982968,3124,an adc whitening essence carton,False,3208,askindr carton,True,SWITCH,0.11621174577982968,1,0.5352616611559087,CORRECT,3208,askindr carton,True,SWITCH,0.11621174577982968,1,0.5352616611559087,CORRECT,BOTH_CORRECT,3208,askindr carton,True,0.5352616611559087,1.74622857978976,False,2.1149342792169374,0.5352616611559087,0.5352616611559087,1,3124,-0.18799779656970533,-0.8960208618212401,1.857751339776273,1.0371836599266706,0.08280025130801258,-0.05709437922502206,-1.3013605522390803
H593-158f7a5d2bb5969248c9eb5c,OUTCOME-0606,3,c13e6a469d26dd360022a4ba3af2d2bdbb230082c9e605b822c0f5806f9b9bc9,askindr carton,True,3208,M_FIRST,0.10189650909404921,1,0,True,0.049374569231674124,3208,askindr carton,0.10189650909404921,3208,askindr carton,True,3208,askindr carton,True,HOLD,0.10189650909404921,1,0.0,CORRECT,3208,askindr carton,True,HOLD,0.10189650909404921,1,0.0,CORRECT,BOTH_CORRECT,1231,AQUTOP DRAFT LABEL,False,-5.341202873979642,-4.890719583507905,True,0.056300006909896005,0.0,0.0,,1231,2.0235773867571734,-0.9022555751637954,1.7324270261136359,1.1102229730531215,0.13734189004883082,-0.06147137906840424,1.3013605522390803
H593-eed1fdcec6a5fc782b62b0e2,OUTCOME-0607,3,b59977829e4879950db4969ecaf00ca81d1c8111d9b7a12c396ccf0401db452e,aspirin_nsaid-1,True,3234,M_FIRST,0.03520144996499321,1,0,True,0.002448430648468704,3234,aspirin_nsaid-1,0.03520144996499321,3234,aspirin_nsaid-1,True,3234,aspirin_nsaid-1,True,HOLD,0.03520144996499321,1,0.0,CORRECT,3234,aspirin_nsaid-1,True,HOLD,0.03520144996499321,1,0.0,CORRECT,BOTH_CORRECT,3423,best-choice-44-600a-1,False,-2.637776046941002,-2.113492119657228,True,0.2560788248004431,0.0,0.0,,3423,0.9415107232673591,-0.3909772342133467,0.18400494557117109,0.5339483824008995,0.12940005673722735,-0.061471379061389046,1.3013605522390803
H593-f9fdc3eba36a0ac68a3dcb72,OUTCOME-0618,3,b59977829e4879950db4969ecaf00ca81d1c8111d9b7a12c396ccf0401db452e,aspirin_nsaid-1,True,3234,M_RANK_11_128,0.017118070866237917,45,0,False,-0.05922297063558837,1325,ASP PFF Cold_20ct_Ctn1,0.07634104150182629,3234,aspirin_nsaid-1,True,3234,aspirin_nsaid-1,True,HOLD,0.017118070866237917,45,0.0,CORRECT,4659,rite-aid-44-417-1,False,SWITCH,0.05722589296742457,2,0.5079638362755339,RAW_CORRECT_BROKEN,BROKEN_BY_492,4659,rite-aid-44-417-1,False,-0.015816596662727278,0.5079638362755339,True,0.25471586223662057,0.0,0.0,,4659,0.48622545486625696,0.820866502975814,-1.7438625638919578,-0.7906691304668106,-0.1093492510598793,0.05124503200022352,1.3013605522390803
H593-e7f81704d24ad28f3ed69f17,OUTCOME-0623,4,ef7d75f57f11d1174b60813355c0cf7d7dce1009b41f2c7a54cf612906b3dea7,athletes-01,True,3238,M_FIRST,0.16005737721433352,1,0,True,0.12884522619032032,3238,athletes-01,0.16005737721433352,3238,athletes-01,True,3238,athletes-01,True,HOLD,0.16005737721433352,1,0.0,CORRECT,3238,athletes-01,True,HOLD,0.16005737721433352,1,0.0,CORRECT,BOTH_CORRECT,2501,Clotrimazole_carton,False,-5.9263186852266525,-5.382107692177047,True,0.11416314578057474,0.0,0.0,,2501,1.631359591290458,-1.2786694646866774,2.6020558290227775,1.4444606087016485,0.23019168643788865,-0.03080213412977978,1.3277225685903369
H593-02ce6b371f2907428fc96ffe,OUTCOME-0624,4,ef7d75f57f11d1174b60813355c0cf7d7dce1009b41f2c7a54cf612906b3dea7,athletes-01,True,3238,M_RANK_11_128,0.030550880611447607,28,0,False,-0.04836909745779838,4504,hemorrhoidal-cooling-gel,0.07891997806924599,3238,athletes-01,True,3238,athletes-01,True,HOLD,0.030550880611447607,28,0.0,CORRECT,3238,athletes-01,True,HOLD,0.030550880611447607,28,0.0,CORRECT,BOTH_CORRECT,2501,Clotrimazole_carton,False,-0.8843806200989703,-0.3135139135351721,True,0.24974356644020035,0.0,0.0,,2501,0.34246215441831496,0.5321943641378448,-0.711227038173459,-0.4071811304197387,-0.2140621752976601,0.014471876843331505,1.3277225685903369
H593-6a135758a5df59039c4dd3ef,OUTCOME-0625,4,ef7d75f57f11d1174b60813355c0cf7d7dce1009b41f2c7a54cf612906b3dea7,athletes-01,True,3238,M_FIRST,0.14066422377911567,1,0,True,0.11330952548116022,3238,athletes-01,0.14066422377911567,3238,athletes-01,True,3238,athletes-01,True,HOLD,0.14066422377911567,1,0.0,CORRECT,3238,athletes-01,True,HOLD,0.14066422377911567,1,0.0,CORRECT,BOTH_CORRECT,2955,Publix Athlete's Foot 1 oz Carton,False,-5.782355622888927,-5.257662390911328,True,0.014888884933354163,0.0,0.0,,2955,0.8227565959138298,-1.317638104422884,3.115973953644895,1.6353715350396807,0.23031486622983238,-0.03214579210676379,1.3277225685903369
H593-fc81e205bf979fb6adf73655,OUTCOME-0626,4,ef7d75f57f11d1174b60813355c0cf7d7dce1009b41f2c7a54cf612906b3dea7,athletes-01,True,3238,M_FIRST,0.08294969397275333,1,0,True,0.042704509464200784,3238,athletes-01,0.08294969397275333,3238,athletes-01,True,3238,athletes-01,True,HOLD,0.08294969397275333,1,0.0,CORRECT,3238,athletes-01,True,HOLD,0.08294969397275333,1,0.0,CORRECT,BOTH_CORRECT,2501,Clotrimazole_carton,False,-6.62086687497953,-6.076446173063911,True,0.11522979951148837,0.0,0.0,,2501,2.698249252902292,-1.2219045658278904,2.454597570813831,1.1880828591373336,0.20391020784891525,-0.029791018485288832,1.3277225685903369
H593-86dacdfaa7e49eed6c7701bc,OUTCOME-0627,4,ef7d75f57f11d1174b60813355c0cf7d7dce1009b41f2c7a54cf612906b3dea7,athletes-01,True,3238,M_FIRST,0.07985903008230057,1,0,True,0.04676448748114533,3238,athletes-01,0.07985903008230057,3238,athletes-01,True,3238,athletes-01,True,HOLD,0.07985903008230057,1,0.0,CORRECT,3238,athletes-01,True,HOLD,0.07985903008230057,1,0.0,CORRECT,BOTH_CORRECT,4504,hemorrhoidal-cooling-gel,False,-7.06714582258717,-6.506939310107617,True,0.19552203537948643,0.0,0.0,,4504,3.0552379867439936,-1.2387146861537996,2.460383774009214,1.2697902838088808,0.22456608318804544,-0.0318401875995011,1.3277225685903369
H593-610d2220452ac13a29625c81,OUTCOME-0628,4,ef7d75f57f11d1174b60813355c0cf7d7dce1009b41f2c7a54cf612906b3dea7,athletes-01,True,3238,M_FIRST,0.11266233821007753,1,0,True,0.0764336856863367,3238,athletes-01,0.11266233821007753,3238,athletes-01,True,3238,athletes-01,True,HOLD,0.11266233821007753,1,0.0,CORRECT,3238,athletes-01,True,HOLD,0.11266233821007753,1,0.0,CORRECT,BOTH_CORRECT,3705,carton-14-gm,False,-5.230694928911451,-4.705123850172291,True,0.019353925163608565,0.0,0.0,,3705,0.895563153164554,-1.293265093373531,2.5535751727942966,1.5514314477400983,0.2277198615691169,-0.03205218157342075,1.3277225685903369
H593-ea052fca527e8b385b91ced6,OUTCOME-0629,4,ef7d75f57f11d1174b60813355c0cf7d7dce1009b41f2c7a54cf612906b3dea7,athletes-01,True,3238,M_FIRST,0.052787556230352084,1,0,True,0.014612395572737032,3238,athletes-01,0.052787556230352084,3238,athletes-01,True,3238,athletes-01,True,HOLD,0.052787556230352084,1,0.0,CORRECT,3238,athletes-01,True,HOLD,0.052787556230352084,1,0.0,CORRECT,BOTH_CORRECT,889,1231 IN MASTER (R181022-2),False,-3.880598634006528,-3.3104595240024866,True,0.24604275206921145,0.0,0.0,,889,1.314803675633483,-0.974665269710972,1.1243989686349622,0.9939204831503538,0.11619137809264056,-0.0217731703842769,1.3277225685903369
H593-9b0fe03a3633ed99ecc96e21,OUTCOME-0630,4,ef7d75f57f11d1174b60813355c0cf7d7dce1009b41f2c7a54cf612906b3dea7,athletes-01,True,3238,M_FIRST,0.03678510507918411,1,0,True,0.011841415342095526,3238,athletes-01,0.03678510507918411,3238,athletes-01,True,3238,athletes-01,True,HOLD,0.03678510507918411,1,0.0,CORRECT,3238,athletes-01,True,HOLD,0.03678510507918411,1,0.0,CORRECT,BOTH_CORRECT,1061,5437808_RiteAid_Tolnaftate_CARTON,False,-4.095057044817895,-3.5629784311013046,True,0.052453557976950727,0.0,0.0,,1061,0.7997755365992051,-1.2857845328053885,1.3851909202685997,1.6673824630661416,0.23278188196579544,-0.03201179286679544,1.3277225685903369
H593-04953480712cfc6b638e8fb2,OUTCOME-0631,4,ef7d75f57f11d1174b60813355c0cf7d7dce1009b41f2c7a54cf612906b3dea7,athletes-01,True,3238,M_FIRST,0.23806776810267938,1,0,True,0.19856702483225047,3238,athletes-01,0.23806776810267938,3238,athletes-01,True,3238,athletes-01,True,HOLD,0.23806776810267938,1,0.0,CORRECT,3238,athletes-01,True,HOLD,0.23806776810267938,1,0.0,CORRECT,BOTH_CORRECT,4231,cream-02,False,-5.848428225526318,-5.32226679898013,True,0.02235664366033241,0.0,0.0,,4231,0.975321597088262,-1.3099524534672182,3.137209977545139,1.5228042655146532,0.22716355319062548,-0.03184128293548071,1.3277225685903369
H593-928c2091183fb7bc5e8d8c76,OUTCOME-0632,4,ef7d75f57f11d1174b60813355c0cf7d7dce1009b41f2c7a54cf612906b3dea7,athletes-01,True,3238,M_FIRST,0.144437754355915,1,0,True,0.10595590986742454,3238,athletes-01,0.144437754355915,3238,athletes-01,True,3238,athletes-01,True,HOLD,0.144437754355915,1,0.0,CORRECT,3238,athletes-01,True,HOLD,0.144437754355915,1,0.0,CORRECT,BOTH_CORRECT,3536,box25g,False,-6.216220378007207,-5.684101847353443,True,0.052656589688352184,0.0,0.0,,3536,1.672938899822046,-1.3152535616614085,3.240093462598709,1.554563050968257,-0.23278188183844756,-0.03106216047228653,1.3277225685903369
H593-b6cf2130e8541c75b7a0daf3,OUTCOME-0633,4,ef7d75f57f11d1174b60813355c0cf7d7dce1009b41f2c7a54cf612906b3dea7,athletes-01,True,3238,M_FIRST,0.14531791291696985,1,0,True,0.10771009639670692,3238,athletes-01,0.14531791291696985,3238,athletes-01,True,3238,athletes-01,True,HOLD,0.14531791291696985,1,0.0,CORRECT,3238,athletes-01,True,HOLD,0.14531791291696985,1,0.0,CORRECT,BOTH_CORRECT,4504,hemorrhoidal-cooling-gel,False,-6.349966472903401,-5.766314293748888,True,0.314775018374819,0.0,0.0,,4504,2.139538599824637,-1.2655797589380045,2.6430160778633103,1.3457806463490074,0.18709034027839172,-0.027602001064278667,1.3277225685903369
H593-e2472468e840fd9de1c1724f,OUTCOME-0634,4,ef7d75f57f11d1174b60813355c0cf7d7dce1009b41f2c7a54cf612906b3dea7,athletes-01,True,3238,M_FIRST,0.2794171747574656,1,0,True,0.24121875469583676,3238,athletes-01,0.2794171747574656,3238,athletes-01,True,3238,athletes-01,True,HOLD,0.2794171747574656,1,0.0,CORRECT,3238,athletes-01,True,HOLD,0.2794171747574656,1,0.0,CORRECT,BOTH_CORRECT,1930,CANESTEN C2,False,-6.065239036390235,-5.52777754905105,True,0.0798327639291827,0.0,0.0,,1930,1.1779499081968114,-1.3179036128823218,3.0167696246573206,1.6610720242853645,0.2317743156502936,-0.03214579210757009,1.3277225685903369
H593-135d0a301829fc765ac62aca,OUTCOME-0635,4,ef7d75f57f11d1174b60813355c0cf7d7dce1009b41f2c7a54cf612906b3dea7,athletes-01,True,3238,M_RANK_2_5,0.07086417771744946,2,0,False,-0.011823733462500582,4504,hemorrhoidal-cooling-gel,0.08268791117995004,2501,Clotrimazole_carton,False,2501,Clotrimazole_carton,False,HOLD,0.04411569509749695,7,0.0,TARGET_TOP_BUT_HOLD,3238,athletes-01,True,SWITCH,0.07086417771744946,2,0.20236369496842438,CORRECT,RESCUED_BY_492,3238,athletes-01,True,-0.6070386415921639,0.20236369496842438,True,1.4630204513397183,-0.6070386415921639,0.20236369496842438,1,2501,-0.09607322291221576,-0.5265724289372297,0.8683117651660703,0.32295548731346196,0.16276116247066696,-0.010698836102580857,-1.3277225685903369
H593-64732ad8af7e22ab8530b83d,OUTCOME-0636,4,ef7d75f57f11d1174b60813355c0cf7d7dce1009b41f2c7a54cf612906b3dea7,athletes-01,True,3238,M_RANK_2_5,0.06601737489725855,3,0,False,-0.030529132639196932,4504,hemorrhoidal-cooling-gel,0.09654650753645548,1775,Blossom Antifungal,False,3238,athletes-01,True,SWITCH,0.06601737489725855,3,2.1209009540196453,CORRECT,3238,athletes-01,True,SWITCH,0.06601737489725855,3,2.1209009540196453,CORRECT,BOTH_CORRECT,3238,athletes-01,True,2.1209009540196453,2.6689902894118873,False,0.13388977159371218,2.1209009540196453,2.1209009540196453,1,2501,0.006100058136137005,-0.009064301906747785,0.08592063329694355,0.05102853487867032,1.979401365037603e-10,-9.515300923058911e-05,0.0
H593-ad671a6c4a53a334ff1c45da,OUTCOME-0637,4,ef7d75f57f11d1174b60813355c0cf7d7dce1009b41f2c7a54cf612906b3dea7,athletes-01,True,3238,M_FIRST,0.2984141637421536,1,0,True,0.2074191774058493,3238,athletes-01,0.2984141637421536,3238,athletes-01,True,3238,athletes-01,True,HOLD,0.2984141637421536,1,0.0,CORRECT,3238,athletes-01,True,HOLD,0.2984141637421536,1,0.0,CORRECT,BOTH_CORRECT,2501,Clotrimazole_carton,False,-5.113192119624817,-4.537012460171686,True,0.2767671307239672,0.0,0.0,,2501,1.4547766931443122,-1.1453948514634924,2.4805218150809565,0.8287428215703864,0.19280483823599956,-0.02598176553368132,1.3277225685903369
H593-46bebd9352f2e631d6c557fa,OUTCOME-0638,4,ef7d75f57f11d1174b60813355c0cf7d7dce1009b41f2c7a54cf612906b3dea7,athletes-01,True,3238,M_RANK_11_128,0.01327790720937908,83,0,False,-0.03443549365049961,913,151 CF Sleep-Aid image,0.04771340085987869,1829,Box-71870-104-01,False,1829,Box-71870-104-01,False,HOLD,0.0233169078888168,19,0.0,CHALLENGER_RANKING_BLOCKED,1829,Box-71870-104-01,False,HOLD,0.0233169078888168,19,0.0,CHALLENGER_RANKING_BLOCKED,BOTH_WRONG,5404,zavzpret-10,False,-1.30643754375439,-0.7804868022336674,True,0.021285024835946853,-2.5648266811905147,-2.5648266811905147,18,1829,-0.8543038042283443,0.07520530451373651,-1.0239276844102796,0.39592648951133885,0.18261062105004586,-0.012615039036675334,-1.3277225685903369
H593-33f89c84ccc65e07b73a31cb,OUTCOME-0650,4,48c57d44808de17cdd8b52db0f71a5a8fbbf9d2f4ab10a1751ec128aed4a3ff5,bb morning carton,True,3312,M_FIRST,0.08409629289802784,1,0,True,0.05677927111257948,3312,bb morning carton,0.08409629289802784,3312,bb morning carton,True,3312,bb morning carton,True,HOLD,0.08409629289802784,1,0.0,CORRECT,3312,bb morning carton,True,HOLD,0.08409629289802784,1,0.0,CORRECT,BOTH_CORRECT,4569,long wear get over bb carton,False,-6.1520297168405955,-5.553103883457309,True,0.3924622453269011,0.0,0.0,,4569,1.9526924902052867,-1.2816671907564139,2.4552579640464707,1.5044418615084165,0.22572781534740535,-0.03214579210090719,1.3277225685903369
H593-abc0b2f2d75d073d9b32aa3f,OUTCOME-0651,4,48c57d44808de17cdd8b52db0f71a5a8fbbf9d2f4ab10a1751ec128aed4a3ff5,bb morning carton,True,3312,M_RANK_2_5,0.05526936097563469,3,0,False,-0.03273746072375244,3293,baoshimianshuang,0.08800682169938713,1005,3ce matte lip crayon pink leaves carton,False,1005,3ce matte lip crayon pink leaves carton,False,HOLD,0.0380278227581824,14,0.0,CHALLENGER_RANKING_BLOCKED,1005,3ce matte lip crayon pink leaves carton,False,HOLD,0.0380278227581824,14,0.0,CHALLENGER_RANKING_BLOCKED,BOTH_WRONG,998,3ce drawing lip sloe gin carton,False,-1.3349639130480195,-0.6025995114728228,True,1.0711781685770747,-2.416360180799332,-2.416360180799332,4,1005,-2.0259923671528237,-0.8798744189838528,0.6897724331037624,0.9742046686224692,0.18539786430082816,-0.03214579209937798,-1.3277225685903369
H593-846e1664026a641b27c25c21,OUTCOME-0652,4,48c57d44808de17cdd8b52db0f71a5a8fbbf9d2f4ab10a1751ec128aed4a3ff5,bb morning carton,True,3312,M_FIRST,0.1379668392185353,1,0,True,0.08173208618923775,3312,bb morning carton,0.1379668392185353,3312,bb morning carton,True,3312,bb morning carton,True,HOLD,0.1379668392185353,1,0.0,CORRECT,3312,bb morning carton,True,HOLD,0.1379668392185353,1,0.0,CORRECT,BOTH_CORRECT,3332,bbx06-0000-01,False,-6.49109750312656,-5.876503796499441,True,0.4721546101217662,0.0,0.0,,3332,3.5637368863588947,-0.9772328940064507,1.5708624444326091,0.8162686214363458,0.2162818385815256,-0.026541962266701507,1.3277225685903369
H593-a4b2ba6b91cb5aa793db96b5,OUTCOME-0653,4,48c57d44808de17cdd8b52db0f71a5a8fbbf9d2f4ab10a1751ec128aed4a3ff5,bb morning carton,True,3312,M_FIRST,0.10760607436496912,1,0,True,0.03932161929813395,3312,bb morning carton,0.10760607436496912,3312,bb morning carton,True,3312,bb morning carton,True,HOLD,0.10760607436496912,1,0.0,CORRECT,3312,bb morning carton,True,HOLD,0.10760607436496912,1,0.0,CORRECT,BOTH_CORRECT,3334,bbx08-0000-01,False,-6.8795150447316,-6.333830043737317,True,0.12166047340185937,0.0,0.0,,3334,4.506743088818162,-0.8058016567965524,0.8724103087886987,0.777804645427692,0.23278188199939684,-0.03214579209613433,1.3277225685903369
H593-f76526c33a46334ffd03f393,OUTCOME-0654,4,48c57d44808de17cdd8b52db0f71a5a8fbbf9d2f4ab10a1751ec128aed4a3ff5,bb morning carton,True,3312,M_FIRST,0.13645695485286663,1,0,True,0.09647223021009779,3312,bb morning carton,0.13645695485286663,3312,bb morning carton,True,3312,bb morning carton,True,HOLD,0.13645695485286663,1,0.0,CORRECT,3312,bb morning carton,True,HOLD,0.13645695485286663,1,0.0,CORRECT,BOTH_CORRECT,3335,bbx0d-0000-01,False,-6.564192158673228,-5.968304500852593,True,0.3770090059828197,0.0,0.0,,3335,2.3840223986169744,-1.253086761555616,2.598840623722896,1.2885708755504932,0.2327818820021441,-0.014659428254000947,1.3277225685903369
H593-c358c8ad94f489bab50d45b6,OUTCOME-0655,4,48c57d44808de17cdd8b52db0f71a5a8fbbf9d2f4ab10a1751ec128aed4a3ff5,bb morning carton,True,3312,M_FIRST,0.1828891276618334,1,0,True,0.12126119023257884,3312,bb morning carton,0.1828891276618334,3312,bb morning carton,True,3312,bb morning carton,True,HOLD,0.1828891276618334,1,0.0,CORRECT,3312,bb morning carton,True,HOLD,0.1828891276618334,1,0.0,CORRECT,BOTH_CORRECT,2414,Cell Fusion C Laser Sunscreen SPF50 50mL,False,-6.294697578583317,-5.741096685210319,True,0.161923511869424,0.0,0.0,,2414,3.2074193334802006,-0.9982519465622651,1.9895174526954564,0.6523762863185627,0.1231449788943888,-0.007231094833363884,1.3277225685903369
H593-83ae5f0f0c0328c63ca8ba2c,OUTCOME-0656,4,48c57d44808de17cdd8b52db0f71a5a8fbbf9d2f4ab10a1751ec128aed4a3ff5,bb morning carton,True,3312,M_FIRST,0.1506016820924819,1,0,True,0.11435104861157777,3312,bb morning carton,0.1506016820924819,3312,bb morning carton,True,3312,bb morning carton,True,HOLD,0.1506016820924819,1,0.0,CORRECT,3312,bb morning carton,True,HOLD,0.1506016820924819,1,0.0,CORRECT,BOTH_CORRECT,3319,bb-cream-01,False,-7.736475693701786,-7.214709682700478,True,0.0,0.0,0.0,,3319,3.6234631593474984,-1.2516395014154853,2.5404286845740627,1.3055468454136403,0.22309972928998748,-0.03214579209825507,1.3277225685903369
H593-4b6d56a0f3762d25fcace38a,OUTCOME-0657,4,48c57d44808de17cdd8b52db0f71a5a8fbbf9d2f4ab10a1751ec128aed4a3ff5,bb morning carton,True,3312,M_FIRST,0.12596043084540234,1,0,True,0.0851526165334721,3312,bb morning carton,0.12596043084540234,4742,ultra carton,False,3312,bb morning carton,True,SWITCH,0.12596043084540234,1,0.7353515845533656,CORRECT,3312,bb morning carton,True,SWITCH,0.12596043084540234,1,0.7353515845533656,CORRECT,BOTH_CORRECT,3312,bb morning carton,True,0.7353515845533656,1.5700970346392973,False,1.5919245225348577,0.7353515845533656,0.7353515845533656,1,4742,-1.049652357777714,-1.312269723888324,3.1329737969224905,1.5560575127258032,-0.23278188043906553,-0.03125319439948758,-1.3277225685903369
H593-a74031ef721651084ee88e86,OUTCOME-0658,4,48c57d44808de17cdd8b52db0f71a5a8fbbf9d2f4ab10a1751ec128aed4a3ff5,bb morning carton,True,3312,M_FIRST,0.05703797415991727,1,0,True,0.018804355993697647,3312,bb morning carton,0.05703797415991727,3312,bb morning carton,True,3312,bb morning carton,True,HOLD,0.05703797415991727,1,0.0,CORRECT,3312,bb morning carton,True,HOLD,0.05703797415991727,1,0.0,CORRECT,BOTH_CORRECT,4237,creme-03,False,-5.772110143786674,-5.211032652124652,True,0.19995214466476074,0.0,0.0,,4237,3.161509882653635,-1.225543752244353,0.7486119792559134,1.5860756774363234,0.20303182391506608,-0.029298035820247457,1.3277225685903369
H593-ce727d9df349b4a2b09b0569,OUTCOME-0659,4,48c57d44808de17cdd8b52db0f71a5a8fbbf9d2f4ab10a1751ec128aed4a3ff5,bb morning carton,True,3312,M_FIRST,0.1981275172877737,1,0,True,0.1576246793216847,3312,bb morning carton,0.1981275172877737,3312,bb morning carton,True,3312,bb morning carton,True,HOLD,0.1981275172877737,1,0.0,CORRECT,3312,bb morning carton,True,HOLD,0.1981275172877737,1,0.0,CORRECT,BOTH_CORRECT,1553,BBCream.tube,False,-6.967623279573398,-6.436707181854608,True,0.04654058896482827,0.0,0.0,,1553,2.196799054707786,-1.3015865774606514,3.1168328361778914,1.425409570713184,0.23276016730484478,-0.030314340459993122,1.3277225685903369
H593-d2ef20eeb4ce3ad7cf1b74d2,OUTCOME-0661,4,e54a0a27f9b030e92d3186f1b9feb159b51d71cced53115c3612eb3000f84093,bbx08-0000-01,True,3334,M_RANK_11_128,0.02118645456335199,19,0,False,-0.022535766526818754,4092,complexion-01,0.043722221090170744,1553,BBCream.tube,False,1553,BBCream.tube,False,HOLD,0.011459552306304507,81,0.0,TARGET_TOP_BUT_HOLD,3334,bbx08-0000-01,True,SWITCH,0.02118645456335199,19,0.12245371304897124,CORRECT,RESCUED_BY_492,3334,bbx08-0000-01,True,-0.3994817169529322,0.12245371304897124,True,0.0008617251740907772,-0.3994817169529322,0.12245371304897124,1,1553,-0.33209076729637443,-1.013463080085319,1.1120974451057861,1.0773099214950221,0.11653312444595934,-0.03214579202766947,-1.3277225685903369
H593-aee4be696b3cf1e9660a0043,OUTCOME-0666,4,e54a0a27f9b030e92d3186f1b9feb159b51d71cced53115c3612eb3000f84093,bbx08-0000-01,True,3334,M_FIRST,0.05814640684225258,1,0,True,0.0034880806298439107,3334,bbx08-0000-01,0.05814640684225258,3319,bb-cream-01,False,3334,bbx08-0000-01,True,SWITCH,0.05814640684225258,1,1.5202191992138088,CORRECT,3334,bbx08-0000-01,True,SWITCH,0.05814640684225258,1,1.5202191992138088,CORRECT,BOTH_CORRECT,3334,bbx08-0000-01,True,1.5202191992138088,2.063146984442804,False,0.1076362953168104,1.5202191992138088,1.5202191992138088,1,3333,0.01658602003325786,-0.010420382738405287,0.06217885229860265,0.039291805713173256,9.837797243505975e-12,3.4428015993626104e-13,0.0
H593-3344b63a711a49110a6e1d06,OUTCOME-0669,4,e54a0a27f9b030e92d3186f1b9feb159b51d71cced53115c3612eb3000f84093,bbx08-0000-01,True,3334,M_RANK_2_5,0.07759122700500247,3,0,False,-0.0026734473651205543,3333,bbx07-0000-01,0.08026467437012302,3334,bbx08-0000-01,True,3334,bbx08-0000-01,True,HOLD,0.07759122700500247,3,0.0,CORRECT,3334,bbx08-0000-01,True,HOLD,0.07759122700500247,3,0.0,CORRECT,BOTH_CORRECT,3332,bbx06-0000-01,False,-1.3292550940151953,-0.8008608633867632,True,0.0337134777799688,0.0,0.0,,3332,0.024871515922765066,0.056244418117429584,-0.03528836758254684,-0.058898204400686424,-0.009338163294047656,0.02394132666194457,1.3277225685903369
H593-29d505a42ed3f7b9bb256b2b,OUTCOME-0670,4,e54a0a27f9b030e92d3186f1b9feb159b51d71cced53115c3612eb3000f84093,bbx08-0000-01,True,3334,M_RANK_2_5,0.0590018449106941,3,0,False,-0.0002489533733676108,3332,bbx06-0000-01,0.05925079828406171,3334,bbx08-0000-01,True,3334,bbx08-0000-01,True,HOLD,0.0590018449106941,3,0.0,CORRECT,3334,bbx08-0000-01,True,HOLD,0.0590018449106941,3,0.0,CORRECT,BOTH_CORRECT,3333,bbx07-0000-01,False,-1.396507924480337,-0.8027801649988898,True,0.36602299635103264,0.0,0.0,,3333,0.07606064991582505,0.012282668002586875,-0.0067619387377198395,-0.01331023533959258,-0.002270667190235202,0.002784879239135799,1.3277225685903369
H593-174dc7ecf520dfa933141c09,OUTCOME-0676,2,1dc9b4a228de9516b591d58e28a2763e3d2428004318636d1f9e2936718e7999,bravecto-07,True,221,M_FIRST,0.13539147188214068,1,0,True,0.0022338194806373612,221,bravecto-07,0.13539147188214068,219,bravecto-05,False,219,bravecto-05,False,HOLD,0.13276727907649954,4,0.0,TARGET_TOP_BUT_HOLD,219,bravecto-05,False,HOLD,0.13276727907649954,4,0.0,TARGET_TOP_BUT_HOLD,BOTH_WRONG,221,bravecto-07,True,-1.3123082393076122,-0.8951422897784664,True,0.04575871865057102,-1.3123082393076122,-1.3123082393076122,1,219,-0.0786294143195141,-0.016865708241426344,0.036262057005101,0.0014604324229009224,-0.008682902887715187,-0.0003425623032872415,-1.2455101409836713
H593-51f9fd7fedf15c7a3386049d,OUTCOME-0683,2,1dc9b4a228de9516b591d58e28a2763e3d2428004318636d1f9e2936718e7999,bravecto-07,True,221,M_FIRST,0.10593530471797058,1,0,True,0.006309733722362973,221,bravecto-07,0.10593530471797058,221,bravecto-07,True,221,bravecto-07,True,HOLD,0.10593530471797058,1,0.0,CORRECT,221,bravecto-07,True,HOLD,0.10593530471797058,1,0.0,CORRECT,BOTH_CORRECT,222,bravecto-08,False,-1.627257992987984,-1.2250145969907433,True,0.010389064693124395,0.0,0.0,,222,0.2724738643562337,-0.10637891852789111,0.11374157628573152,0.06989645808241388,0.03533920754266702,-0.003324335734842259,1.2455101409836713
H593-13e342e35a49ea7a9a10b5ce,OUTCOME-0687,2,90d7a704ad7bf679580bc4dbadbe13884f491d2e338402f4d4437c2ffd66ab93,carton-1-gram-10-vial-pack-premier,True,5004,M_RANK_6_10,0.021354530894953545,6,0,False,-0.006518394871185676,4850,6e218dfb-0589-445b-9e9a-098a4aef3fa0-04,0.02787292576613922,5004,carton-1-gram-10-vial-pack-premier,True,5004,carton-1-gram-10-vial-pack-premier,True,HOLD,0.021354530894953545,6,0.0,CORRECT,5004,carton-1-gram-10-vial-pack-premier,True,HOLD,0.021354530894953545,6,0.0,CORRECT,BOTH_CORRECT,4812,020,False,-3.641215346446859,-3.2008205510987877,True,0.10081606769540086,0.0,0.0,,4812,1.8910768310158768,-0.08112909454315673,0.9064406240497754,-0.38317512931288333,0.05226253686653916,0.010229437387036295,1.2455101409836713
H593-2226b02dfbc9f44bb2cdb71c,OUTCOME-0688,2,90d7a704ad7bf679580bc4dbadbe13884f491d2e338402f4d4437c2ffd66ab93,carton-1-gram-10-vial-pack-premier,True,5004,M_RANK_2_5,0.02378213070259176,5,0,False,-0.026163378615344457,4811,0186ce28-7aa2-4c47-9c64-afe13fd1ef6e-21,0.04994550931793622,5004,carton-1-gram-10-vial-pack-premier,True,5004,carton-1-gram-10-vial-pack-premier,True,HOLD,0.02378213070259176,5,0.0,CORRECT,5004,carton-1-gram-10-vial-pack-premier,True,HOLD,0.02378213070259176,5,0.0,CORRECT,BOTH_CORRECT,4812,020,False,-3.898679505479258,-3.463964528360988,True,0.0873536797133605,0.0,0.0,,4812,1.7424470886625016,-0.8696864078580716,0.8901219620685585,0.6799187203649106,0.2127412363390735,-0.002373235081386512,1.2455101409836713
H593-bfedff27526023108259df43,OUTCOME-0689,2,90d7a704ad7bf679580bc4dbadbe13884f491d2e338402f4d4437c2ffd66ab93,carton-1-gram-10-vial-pack-premier,True,5004,M_RANK_11_128,0.0101005406258089,76,0,False,-0.023885665475398322,5073,cyclophosphamide-injection-powder-for-solution-7,0.03398620610120722,5004,carton-1-gram-10-vial-pack-premier,True,5004,carton-1-gram-10-vial-pack-premier,True,HOLD,0.0101005406258089,76,0.0,CORRECT,5004,carton-1-gram-10-vial-pack-premier,True,HOLD,0.0101005406258089,76,0.0,CORRECT,BOTH_CORRECT,4812,020,False,-1.2396679452271469,-0.6169705068222069,True,0.5329124503060074,0.0,0.0,,4812,0.9304394560422299,1.2241687524011706,-0.6241453057373539,-1.3352311368136018,-0.21068735580808343,0.0096133941591142,1.2455101409836713
H593-f8f2ba33e85faa63a18e6a66,OUTCOME-0690,2,90d7a704ad7bf679580bc4dbadbe13884f491d2e338402f4d4437c2ffd66ab93,carton-1-gram-10-vial-pack-premier,True,5004,M_RANK_11_128,0.007894806904958125,117,0,False,-0.032676466274985966,4811,0186ce28-7aa2-4c47-9c64-afe13fd1ef6e-21,0.04057127317994409,5004,carton-1-gram-10-vial-pack-premier,True,5004,carton-1-gram-10-vial-pack-premier,True,HOLD,0.007894806904958125,117,0.0,CORRECT,5004,carton-1-gram-10-vial-pack-premier,True,HOLD,0.007894806904958125,117,0.0,CORRECT,BOTH_CORRECT,4812,020,False,-1.4689821363592435,-0.9702798854939423,True,0.2390172489057285,0.0,0.0,,4812,1.3054474914545227,1.068511690856271,-0.9029335808986497,-0.9873300598189206,-0.2499941089071289,-0.010229437310522244,1.2455101409836713
H593-a05ecc9947c81d4eb4b6ee3b,OUTCOME-0691,2,90d7a704ad7bf679580bc4dbadbe13884f491d2e338402f4d4437c2ffd66ab93,carton-1-gram-10-vial-pack-premier,True,5004,M_RANK_11_128,0.008393714329200906,114,0,False,-0.028048786476253765,5345,spl-epoprostenol-carton-1,0.03644250080545467,5004,carton-1-gram-10-vial-pack-premier,True,5004,carton-1-gram-10-vial-pack-premier,True,HOLD,0.008393714329200906,114,0.0,CORRECT,5004,carton-1-gram-10-vial-pack-premier,True,HOLD,0.008393714329200906,114,0.0,CORRECT,BOTH_CORRECT,4812,020,False,-1.1945303149722442,-0.7376303918965108,True,0.1399367620861247,0.0,0.0,,4812,1.248062033149034,1.2752654709653195,-1.0603612673212526,-1.2898431960159709,-0.23433230415494005,0.010229437366382913,1.2455101409836713
H593-b4f7137c5b415a98210ce3e1,OUTCOME-0692,2,90d7a704ad7bf679580bc4dbadbe13884f491d2e338402f4d4437c2ffd66ab93,carton-1-gram-10-vial-pack-premier,True,5004,M_RANK_11_128,0.008567501369342418,91,0,False,-0.028874473169980597,4811,0186ce28-7aa2-4c47-9c64-afe13fd1ef6e-21,0.03744197453932301,5004,carton-1-gram-10-vial-pack-premier,True,5004,carton-1-gram-10-vial-pack-premier,True,HOLD,0.008567501369342418,91,0.0,CORRECT,5004,carton-1-gram-10-vial-pack-premier,True,HOLD,0.008567501369342418,91,0.0,CORRECT,BOTH_CORRECT,5392,verapamil-2ml-carton-label,False,-1.5398092797168377,-0.899414042688869,True,0.5748600306424931,0.0,0.0,,5392,1.646738693792201,1.1205076723448453,-1.6868782450171376,-0.7005283404227586,-0.09511651281813309,0.009575870854149408,1.2455101409836713
H593-2ecb07df64c211f4edf1e8d3,OUTCOME-0693,2,90d7a704ad7bf679580bc4dbadbe13884f491d2e338402f4d4437c2ffd66ab93,carton-1-gram-10-vial-pack-premier,True,5004,M_RANK_2_5,0.03178116515451385,5,0,False,-0.01653659672099967,291,der0k-0003-12,0.048317761875513524,5004,carton-1-gram-10-vial-pack-premier,True,5004,carton-1-gram-10-vial-pack-premier,True,HOLD,0.03178116515451385,5,0.0,CORRECT,5004,carton-1-gram-10-vial-pack-premier,True,HOLD,0.03178116515451385,5,0.0,CORRECT,BOTH_CORRECT,4808,009,False,-2.1704399876348908,-1.364885172588848,True,0.9663236705461782,0.0,0.0,,4808,0.04891644517967026,-1.0810263034580958,1.479168180899166,0.73732347064013,-0.2498360678963378,-0.009615878713313127,1.2455101409836713
H593-7f9909762046898e336e4643,OUTCOME-0694,2,90d7a704ad7bf679580bc4dbadbe13884f491d2e338402f4d4437c2ffd66ab93,carton-1-gram-10-vial-pack-premier,True,5004,M_RANK_6_10,0.030763425261628275,6,0,False,-0.007590491788172175,240,chorulon-01,0.03835391704980045,5004,carton-1-gram-10-vial-pack-premier,True,5004,carton-1-gram-10-vial-pack-premier,True,HOLD,0.030763425261628275,6,0.0,CORRECT,5004,carton-1-gram-10-vial-pack-premier,True,HOLD,0.030763425261628275,6,0.0,CORRECT,BOTH_CORRECT,5393,verapamil-fig3,False,-3.4031556764017394,-2.9423511049365345,True,0.14919161663000846,0.0,0.0,,5393,0.9749838827938758,-1.348084295403534,0.8511661353468747,1.481234783384051,0.2080879441952007,-0.009742914898399858,1.2455101409836713
H593-eed6c85ca855e4ae9630c4d1,OUTCOME-0695,2,90d7a704ad7bf679580bc4dbadbe13884f491d2e338402f4d4437c2ffd66ab93,carton-1-gram-10-vial-pack-premier,True,5004,M_RANK_11_128,0.005467146698090489,123,0,False,-0.03232835578348371,4811,0186ce28-7aa2-4c47-9c64-afe13fd1ef6e-21,0.0377955024815742,5051,cetacaine-01,False,5051,cetacaine-01,False,HOLD,0.013622350308963064,45,0.0,CHALLENGER_RANKING_BLOCKED,5051,cetacaine-01,False,HOLD,0.013622350308963064,45,0.0,CHALLENGER_RANKING_BLOCKED,BOTH_WRONG,428,noc01-0000-15,False,-0.9157918229267563,-0.1319006032416799,True,0.9149763009587089,-3.12157223014042,-3.12157223014042,21,5051,-0.7045151150236963,0.8729113792588229,-1.5830294455190732,-0.3001896828208533,-0.15100978799557985,-0.010229437056368744,-1.2455101409836713
H593-4a5e17cb5c478c7f39d47e05,OUTCOME-0696,2,90d7a704ad7bf679580bc4dbadbe13884f491d2e338402f4d4437c2ffd66ab93,carton-1-gram-10-vial-pack-premier,True,5004,M_FIRST,0.03828190385719659,1,0,True,0.007894382287643227,5004,carton-1-gram-10-vial-pack-premier,0.03828190385719659,5004,carton-1-gram-10-vial-pack-premier,True,5004,carton-1-gram-10-vial-pack-premier,True,HOLD,0.03828190385719659,1,0.0,CORRECT,5004,carton-1-gram-10-vial-pack-premier,True,HOLD,0.03828190385719659,1,0.0,CORRECT,BOTH_CORRECT,4808,009,False,-4.452362213486486,-4.012531626153559,True,0.09947877363155477,0.0,0.0,,4808,1.6346278907444995,-1.1418661453779924,1.7977284903058148,0.680437499555305,0.22569489986598015,0.010229437409207497,1.2455101409836713
H593-94c8aface219e35791ceaea6,OUTCOME-0697,2,90d7a704ad7bf679580bc4dbadbe13884f491d2e338402f4d4437c2ffd66ab93,carton-1-gram-10-vial-pack-premier,True,5004,M_RANK_11_128,0.01957867321935887,87,0,False,-0.02656060398239629,5295,piptazo3c,0.04613927720175516,5004,carton-1-gram-10-vial-pack-premier,True,5004,carton-1-gram-10-vial-pack-premier,True,HOLD,0.01957867321935887,87,0.0,CORRECT,5004,carton-1-gram-10-vial-pack-premier,True,HOLD,0.01957867321935887,87,0.0,CORRECT,BOTH_CORRECT,4808,009,False,-2.0207162237618297,-1.5556536026582548,True,0.15928410796674797,0.0,0.0,,4808,1.2163195825199944,0.3570765548265019,-0.2483367916619764,-0.3090302692567633,-0.24999411071357036,0.009171117063971983,1.2455101409836713
H593-9609a1ade70bc285b43d714c,OUTCOME-0698,2,90d7a704ad7bf679580bc4dbadbe13884f491d2e338402f4d4437c2ffd66ab93,carton-1-gram-10-vial-pack-premier,True,5004,M_RANK_11_128,0.029403125352515696,33,0,False,-0.020009280293974554,5295,piptazo3c,0.04941240564649025,5004,carton-1-gram-10-vial-pack-premier,True,5004,carton-1-gram-10-vial-pack-premier,True,HOLD,0.029403125352515696,33,0.0,CORRECT,5004,carton-1-gram-10-vial-pack-premier,True,HOLD,0.029403125352515696,33,0.0,CORRECT,BOTH_CORRECT,4808,009,False,-3.2811793491503014,-2.8749871555741904,True,0.019748562289432225,0.0,0.0,,4808,1.472727903995939,-0.45869677769250744,0.5481159372946305,0.28237153997722614,0.18734216776642923,0.003808436824912823,1.2455101409836713
H593-8084a71b01d9f785089e6ccd,OUTCOME-0699,2,90d7a704ad7bf679580bc4dbadbe13884f491d2e338402f4d4437c2ffd66ab93,carton-1-gram-10-vial-pack-premier,True,5004,M_RANK_11_128,0.017378436714219386,65,0,False,-0.022491953903916343,4847,65bafc35-2483-4af8-940b-67402c1a2469-03,0.03987039061813573,5004,carton-1-gram-10-vial-pack-premier,True,5004,carton-1-gram-10-vial-pack-premier,True,HOLD,0.017378436714219386,65,0.0,CORRECT,5004,carton-1-gram-10-vial-pack-premier,True,HOLD,0.017378436714219386,65,0.0,CORRECT,BOTH_CORRECT,290,der0k-0003-08,False,-3.2548875099528733,-2.818476396892937,True,0.0913738858525619,0.0,0.0,,290,3.359463463690472,1.1743827272543783,-1.3325721723857793,-0.9909641734953291,-0.21067457782065904,0.009742101726118939,1.2455101409836713
H593-715fe4641e960fade94872da,OUTCOME-0700,2,90d7a704ad7bf679580bc4dbadbe13884f491d2e338402f4d4437c2ffd66ab93,carton-1-gram-10-vial-pack-premier,True,5004,M_FIRST,0.07198307198710316,1,0,True,0.03955936684768768,5004,carton-1-gram-10-vial-pack-premier,0.07198307198710316,5004,carton-1-gram-10-vial-pack-premier,True,5004,carton-1-gram-10-vial-pack-premier,True,HOLD,0.07198307198710316,1,0.0,CORRECT,5004,carton-1-gram-10-vial-pack-premier,True,HOLD,0.07198307198710316,1,0.0,CORRECT,BOTH_CORRECT,4808,009,False,-5.634182209539301,-5.192551239332705,True,0.1037460673689461,0.0,0.0,,4808,1.6964541501661279,-1.4992304968080152,2.6579725400776355,1.302307290554807,0.2413980219778729,-0.010229437412799155,1.2455101409836713
H593-55dca419c3a60e609c284564,OUTCOME-0701,2,90d7a704ad7bf679580bc4dbadbe13884f491d2e338402f4d4437c2ffd66ab93,carton-1-gram-10-vial-pack-premier,True,5004,M_RANK_11_128,0.008635432647862424,101,0,False,-0.02210478666525135,4810,0186ce28-7aa2-4c47-9c64-afe13fd1ef6e-04,0.030740219313113774,5004,carton-1-gram-10-vial-pack-premier,True,5004,carton-1-gram-10-vial-pack-premier,True,HOLD,0.008635432647862424,101,0.0,CORRECT,5004,carton-1-gram-10-vial-pack-premier,True,HOLD,0.008635432647862424,101,0.0,CORRECT,BOTH_CORRECT,5019,carton-label-1ml,False,-1.275717501679296,-0.8161451468203649,True,0.14627099886366368,0.0,0.0,,5019,0.7981723223710495,0.4632182387127735,-1.2385698229075872,0.09703723075748226,-0.09981433564962859,0.010163727411535466,1.2455101409836713
H593-a736a2eceec87049c2d34564,OUTCOME-0702,2,90d7a704ad7bf679580bc4dbadbe13884f491d2e338402f4d4437c2ffd66ab93,carton-1-gram-10-vial-pack-premier,True,5004,M_RANK_11_128,0.015693091015566363,75,0,False,-0.022711614986088233,4987,bylvay-14,0.0384047060016546,5004,carton-1-gram-10-vial-pack-premier,True,5004,carton-1-gram-10-vial-pack-premier,True,HOLD,0.015693091015566363,75,0.0,CORRECT,5004,carton-1-gram-10-vial-pack-premier,True,HOLD,0.015693091015566363,75,0.0,CORRECT,BOTH_CORRECT,4808,009,False,-2.3670096616276313,-1.9165122574873987,True,0.12476141835420318,0.0,0.0,,4808,0.898217402614128,-0.6088213121833815,0.679179548836483,0.4131474247505982,-0.24999410602449265,-0.010229437349375174,1.2455101409836713
H593-978f4b594ec67d209cdfd758,OUTCOME-0704,0,86244889a9cf4aa3df9f971885f8dfcec40ce965b829d12b7deb1eb31c2e4e44,ciprofloxacin-ophthalmic-solution-2pt5ml-carton,True,5053,M_RANK_11_128,0.011852388984660301,24,0,False,-0.013296093196229935,5352,tafluprost-06,0.025148482180890237,5053,ciprofloxacin-ophthalmic-solution-2pt5ml-carton,True,5053,ciprofloxacin-ophthalmic-solution-2pt5ml-carton,True,HOLD,0.011852388984660301,24,0.0,CORRECT,5053,ciprofloxacin-ophthalmic-solution-2pt5ml-carton,True,HOLD,0.011852388984660301,24,0.0,CORRECT,BOTH_CORRECT,5352,tafluprost-06,False,-1.1439452967801622,-0.4710691299462365,True,0.8495768959785548,0.0,0.0,,5352,1.1977774311412828,1.2294764746910851,-1.3296427906938109,-0.9192035362821274,-0.1526945232646885,0.020082585103525577,1.0981496560848956
H593-31aaa7c97fbc81e06383e85f,OUTCOME-0705,0,86244889a9cf4aa3df9f971885f8dfcec40ce965b829d12b7deb1eb31c2e4e44,ciprofloxacin-ophthalmic-solution-2pt5ml-carton,True,5053,M_FIRST,0.08945454445572915,1,0,True,0.03921572000589491,5053,ciprofloxacin-ophthalmic-solution-2pt5ml-carton,0.08945454445572915,5053,ciprofloxacin-ophthalmic-solution-2pt5ml-carton,True,5053,ciprofloxacin-ophthalmic-solution-2pt5ml-carton,True,HOLD,0.08945454445572915,1,0.0,CORRECT,5053,ciprofloxacin-ophthalmic-solution-2pt5ml-carton,True,HOLD,0.08945454445572915,1,0.0,CORRECT,BOTH_CORRECT,5037,cartonlabel10p5mL,False,-5.017603578466833,-4.406593143214477,True,0.31629703114881025,0.0,0.0,,5037,2.2016031473885156,-1.6032180458025889,1.5452275360443668,1.6166587409123092,0.17926512906123426,-0.02008258522190006,1.0981496560848956
H593-05b3ce4ffdc0d30f9d3abac9,OUTCOME-0706,0,86244889a9cf4aa3df9f971885f8dfcec40ce965b829d12b7deb1eb31c2e4e44,ciprofloxacin-ophthalmic-solution-2pt5ml-carton,True,5053,M_FIRST,0.02206056969213327,1,0,True,0.0004692184278581833,5053,ciprofloxacin-ophthalmic-solution-2pt5ml-carton,0.02206056969213327,5053,ciprofloxacin-ophthalmic-solution-2pt5ml-carton,True,5053,ciprofloxacin-ophthalmic-solution-2pt5ml-carton,True,HOLD,0.02206056969213327,1,0.0,CORRECT,5053,ciprofloxacin-ophthalmic-solution-2pt5ml-carton,True,HOLD,0.02206056969213327,1,0.0,CORRECT,BOTH_CORRECT,4828,43d3dd59-36b1-493f-86a3-c5eee9750ee8-05,False,-2.503974421957782,-1.9097362498592036,True,0.17172086597823633,0.0,0.0,,4828,0.9020402186204604,-0.6329308039734172,0.5406911616109135,0.4552870085487833,0.12109600625050779,0.01964117481563883,1.0981496560848956
H593-1b38ef6880169a631e184725,OUTCOME-0707,0,86244889a9cf4aa3df9f971885f8dfcec40ce965b829d12b7deb1eb31c2e4e44,ciprofloxacin-ophthalmic-solution-2pt5ml-carton,True,5053,M_RANK_11_128,0.013006365789021883,72,0,False,-0.03359799541643859,4960,atracurium-04,0.04660436120546047,5053,ciprofloxacin-ophthalmic-solution-2pt5ml-carton,True,5053,ciprofloxacin-ophthalmic-solution-2pt5ml-carton,True,HOLD,0.013006365789021883,72,0.0,CORRECT,5053,ciprofloxacin-ophthalmic-solution-2pt5ml-carton,True,HOLD,0.013006365789021883,72,0.0,CORRECT,BOTH_CORRECT,5038,cartonlabel15mL,False,-1.6144575099502212,-1.015683303368617,True,0.21082128222048957,0.0,0.0,,5038,1.0804262801898539,0.7826035960692407,-1.250586154029579,-0.25816580875552486,0.1821125255729053,-0.02008258518157032,1.0981496560848956
H593-72fa544dc79ae7a09a7d75c3,OUTCOME-0708,0,86244889a9cf4aa3df9f971885f8dfcec40ce965b829d12b7deb1eb31c2e4e44,ciprofloxacin-ophthalmic-solution-2pt5ml-carton,True,5053,M_FIRST,0.023031274703449265,1,0,True,0.002106031646017765,5053,ciprofloxacin-ophthalmic-solution-2pt5ml-carton,0.023031274703449265,5053,ciprofloxacin-ophthalmic-solution-2pt5ml-carton,True,5053,ciprofloxacin-ophthalmic-solution-2pt5ml-carton,True,HOLD,0.023031274703449265,1,0.0,CORRECT,5053,ciprofloxacin-ophthalmic-solution-2pt5ml-carton,True,HOLD,0.023031274703449265,1,0.0,CORRECT,BOTH_CORRECT,5037,cartonlabel10p5mL,False,-2.5452959968025706,-1.9556862357388876,True,0.13182416795226892,0.0,0.0,,5037,1.0911031349930906,-0.13329400886098544,0.3635170472340164,-0.044231881220478726,0.18211252735680997,-0.012060478784777926,1.0981496560848956
H593-2e843bf03a9cb860ec035d26,OUTCOME-0709,0,86244889a9cf4aa3df9f971885f8dfcec40ce965b829d12b7deb1eb31c2e4e44,ciprofloxacin-ophthalmic-solution-2pt5ml-carton,True,5053,M_FIRST,0.16176697679956495,1,0,True,0.12177026327780598,5053,ciprofloxacin-ophthalmic-solution-2pt5ml-carton,0.16176697679956495,5053,ciprofloxacin-ophthalmic-solution-2pt5ml-carton,True,5053,ciprofloxacin-ophthalmic-solution-2pt5ml-carton,True,HOLD,0.16176697679956495,1,0.0,CORRECT,5053,ciprofloxacin-ophthalmic-solution-2pt5ml-carton,True,HOLD,0.16176697679956495,1,0.0,CORRECT,BOTH_CORRECT,4820,10ML,False,-4.675181543941482,-4.080556877076142,True,0.17505243374130863,0.0,0.0,,4820,0.9644282270735184,-1.6636545244962393,2.628889109567686,1.4877406463203562,0.1787256106837009,-0.019097181292435792,1.0981496560848956
H593-2494f10623fb760ff3b647d7,OUTCOME-0710,0,86244889a9cf4aa3df9f971885f8dfcec40ce965b829d12b7deb1eb31c2e4e44,ciprofloxacin-ophthalmic-solution-2pt5ml-carton,True,5053,M_FIRST,0.17850274233272942,1,0,True,0.08594625228914221,5053,ciprofloxacin-ophthalmic-solution-2pt5ml-carton,0.17850274233272942,5053,ciprofloxacin-ophthalmic-solution-2pt5ml-carton,True,5053,ciprofloxacin-ophthalmic-solution-2pt5ml-carton,True,HOLD,0.17850274233272942,1,0.0,CORRECT,5053,ciprofloxacin-ophthalmic-solution-2pt5ml-carton,True,HOLD,0.17850274233272942,1,0.0,CORRECT,BOTH_CORRECT,5121,enalapril-maleate-oral-solution-2,False,-5.53985240591158,-4.928371557958302,True,0.32035196778575425,0.0,0.0,,5121,3.1699641953901567,-1.3344451901162457,1.4769096750519757,1.0460552173226236,0.0970495752408797,-0.013830723062705852,1.0981496560848956
H593-094186f2ba40a8fa08ad355b,OUTCOME-0711,0,86244889a9cf4aa3df9f971885f8dfcec40ce965b829d12b7deb1eb31c2e4e44,ciprofloxacin-ophthalmic-solution-2pt5ml-carton,True,5053,M_FIRST,0.16377520191660402,1,0,True,0.11839042631877875,5053,ciprofloxacin-ophthalmic-solution-2pt5ml-carton,0.16377520191660402,5053,ciprofloxacin-ophthalmic-solution-2pt5ml-carton,True,5053,ciprofloxacin-ophthalmic-solution-2pt5ml-carton,True,HOLD,0.16377520191660402,1,0.0,CORRECT,5053,ciprofloxacin-ophthalmic-solution-2pt5ml-carton,True,HOLD,0.16377520191660402,1,0.0,CORRECT,BOTH_CORRECT,4820,10ML,False,-4.558299376894469,-3.955378217195054,True,0.24656783433562524,0.0,0.0,,4820,0.9392791181460877,-1.6536219308140958,2.5311012873941294,1.4821999040470775,0.1804799033480953,-0.019288561311719524,1.0981496560848956
H593-82accb6320d90d4f40f6aee3,OUTCOME-0712,0,86244889a9cf4aa3df9f971885f8dfcec40ce965b829d12b7deb1eb31c2e4e44,ciprofloxacin-ophthalmic-solution-2pt5ml-carton,True,5053,M_RANK_2_5,0.07203722036645724,4,0,False,-0.008983186689341074,5368,topotecan-1-mg-per-ml-carton,0.08102040705579831,5053,ciprofloxacin-ophthalmic-solution-2pt5ml-carton,True,5053,ciprofloxacin-ophthalmic-solution-2pt5ml-carton,True,HOLD,0.07203722036645724,4,0.0,CORRECT,5053,ciprofloxacin-ophthalmic-solution-2pt5ml-carton,True,HOLD,0.07203722036645724,4,0.0,CORRECT,BOTH_CORRECT,5038,cartonlabel15mL,False,-3.58184211231015,-2.9949163595083945,True,0.1086881356686229,0.0,0.0,,5038,1.4376017091161517,-1.199109066700175,1.1150619719676813,0.9681078993181083,0.18211252770145597,-0.020082585177967634,1.0981496560848956
H593-dee44c3e2310634d9bc6b455,OUTCOME-0713,0,86244889a9cf4aa3df9f971885f8dfcec40ce965b829d12b7deb1eb31c2e4e44,ciprofloxacin-ophthalmic-solution-2pt5ml-carton,True,5053,M_FIRST,0.0474644891831697,1,0,True,0.012922341644051129,5053,ciprofloxacin-ophthalmic-solution-2pt5ml-carton,0.0474644891831697,5053,ciprofloxacin-ophthalmic-solution-2pt5ml-carton,True,5053,ciprofloxacin-ophthalmic-solution-2pt5ml-carton,True,HOLD,0.0474644891831697,1,0.0,CORRECT,5053,ciprofloxacin-ophthalmic-solution-2pt5ml-carton,True,HOLD,0.0474644891831697,1,0.0,CORRECT,BOTH_CORRECT,4820,10ML,False,-2.3906078835767017,-1.714340218469248,True,0.8788114608117987,0.0,0.0,,4820,0.6157099495621933,-1.0715783405881174,0.6033571939950217,0.9982025795422299,0.16684943019957008,-0.02008258521909147,1.0981496560848956
H593-3450f0a1d858a2df9e5e9058,OUTCOME-0714,0,86244889a9cf4aa3df9f971885f8dfcec40ce965b829d12b7deb1eb31c2e4e44,ciprofloxacin-ophthalmic-solution-2pt5ml-carton,True,5053,M_FIRST,0.027893930871533145,1,0,True,0.0004246880031110595,5053,ciprofloxacin-ophthalmic-solution-2pt5ml-carton,0.027893930871533145,5053,ciprofloxacin-ophthalmic-solution-2pt5ml-carton,True,5053,ciprofloxacin-ophthalmic-solution-2pt5ml-carton,True,HOLD,0.027893930871533145,1,0.0,CORRECT,5053,ciprofloxacin-ophthalmic-solution-2pt5ml-carton,True,HOLD,0.027893930871533145,1,0.0,CORRECT,BOTH_CORRECT,4820,10ML,False,-2.2851203012026966,-1.6975500201904663,True,0.11424394028248486,0.0,0.0,,4820,0.8807531850710817,-0.23176144982341246,0.23903261458392788,0.13691635366039598,0.18211252681974366,-0.02008258519393589,1.0981496560848956
H593-a1bceaf731739690029b37c4,OUTCOME-0715,0,86244889a9cf4aa3df9f971885f8dfcec40ce965b829d12b7deb1eb31c2e4e44,ciprofloxacin-ophthalmic-solution-2pt5ml-carton,True,5053,M_RANK_6_10,0.03346407610612162,8,0,False,-0.004355405284646396,5368,topotecan-1-mg-per-ml-carton,0.03781948139076802,5053,ciprofloxacin-ophthalmic-solution-2pt5ml-carton,True,5053,ciprofloxacin-ophthalmic-solution-2pt5ml-carton,True,HOLD,0.03346407610612162,8,0.0,CORRECT,5053,ciprofloxacin-ophthalmic-solution-2pt5ml-carton,True,HOLD,0.03346407610612162,8,0.0,CORRECT,BOTH_CORRECT,5038,cartonlabel15mL,False,-2.501243583868376,-1.9103799533676478,True,0.14263246693795084,0.0,0.0,,5038,1.1345737111842915,-0.2262048932059314,0.15931909500242736,0.17337607501487456,0.1821125249527994,-0.02008258516498098,1.0981496560848956
H593-ad73d224791055826ef7876e,OUTCOME-0716,2,d3d9e86636e760b3c7ab9d0366cce29c32d905942a4e7efc24b4feb559ccafdb,cuvitru-19,True,4791,M_RANK_11_128,0.011408641071397368,33,0,False,-0.008505429641913007,4795,gla00-0016-19,0.019914070713310375,4791,cuvitru-19,True,4791,cuvitru-19,True,HOLD,0.011408641071397368,33,0.0,CORRECT,4791,cuvitru-19,True,HOLD,0.011408641071397368,33,0.0,CORRECT,BOTH_CORRECT,4790,cuvitru-13,False,-1.971412782100856,-1.0632580724618912,True,1.2095074366531873,0.0,0.0,,4790,0.2050302181342672,-0.6533349282953642,0.22493216692644344,0.695007229087147,0.24999410332838107,0.00427385193631042,1.2455101409836713
H593-60d3d272fcf4945ce1b4cfad,OUTCOME-0717,2,d3d9e86636e760b3c7ab9d0366cce29c32d905942a4e7efc24b4feb559ccafdb,cuvitru-19,True,4791,M_RANK_11_128,0.007966815854753355,94,0,False,-0.03622547333273625,90,Doraject injectable solution-100 mL Carton,0.0441922891874896,4791,cuvitru-19,True,4791,cuvitru-19,True,HOLD,0.007966815854753355,94,0.0,CORRECT,4790,cuvitru-13,False,SWITCH,0.011178141231266097,52,0.3104909394286995,RAW_CORRECT_BROKEN,BROKEN_BY_492,4790,cuvitru-13,False,-0.9041775616540577,0.3104909394286995,True,1.9360108942130925,0.0,0.0,,4790,0.21457904700864186,0.0076721004609683055,-0.6215535965926537,0.31819341075051494,-0.24999410368434466,-0.010229437272740186,1.2455101409836713
H593-35b1f3a33258743e93f63965,OUTCOME-0718,2,d3d9e86636e760b3c7ab9d0366cce29c32d905942a4e7efc24b4feb559ccafdb,cuvitru-19,True,4791,M_FIRST,0.06725033624059186,1,0,True,0.04094617724233638,4791,cuvitru-19,0.06725033624059186,4791,cuvitru-19,True,4791,cuvitru-19,True,HOLD,0.06725033624059186,1,0.0,CORRECT,4791,cuvitru-19,True,HOLD,0.06725033624059186,1,0.0,CORRECT,BOTH_CORRECT,4790,cuvitru-13,False,-4.5945093564100965,-3.314914575337148,True,2.0899001096940415,0.0,0.0,,4790,0.5438905207323034,-1.5304158028343935,2.5972116713834783,1.5077096183652503,0.24059561790848383,-0.009992410128697437,1.2455101409836713
H593-2e8ca9e124da2d21f42ee190,OUTCOME-0719,2,d3d9e86636e760b3c7ab9d0366cce29c32d905942a4e7efc24b4feb559ccafdb,cuvitru-19,True,4791,M_FIRST,0.06921688341562274,1,0,True,0.02113494981415035,4791,cuvitru-19,0.06921688341562274,4791,cuvitru-19,True,4791,cuvitru-19,True,HOLD,0.06921688341562274,1,0.0,CORRECT,4791,cuvitru-19,True,HOLD,0.06921688341562274,1,0.0,CORRECT,BOTH_CORRECT,4790,cuvitru-13,False,-4.819241207153566,-4.098293507299433,True,0.7657866525165566,0.0,0.0,,4790,0.0839223570513398,-1.592227408035127,2.989613920562543,1.8532589051646349,0.2493927288410239,-0.010229437414519404,1.2455101409836713
H593-29b067277aef7b28b3547a97,OUTCOME-0720,2,d3d9e86636e760b3c7ab9d0366cce29c32d905942a4e7efc24b4feb559ccafdb,cuvitru-19,True,4791,M_RANK_11_128,0.010797343588376387,49,0,False,-0.0179008500956884,4850,6e218dfb-0589-445b-9e9a-098a4aef3fa0-04,0.028698193684064788,4791,cuvitru-19,True,4791,cuvitru-19,True,HOLD,0.010797343588376387,49,0.0,CORRECT,4791,cuvitru-19,True,HOLD,0.010797343588376387,49,0.0,CORRECT,BOTH_CORRECT,4790,cuvitru-13,False,-1.685002574186993,-0.8881000545027142,True,0.9458158739261888,0.0,0.0,,4790,0.6829620343691559,0.05644666556574698,0.0182231567437143,-0.07837475791060869,-0.24999410273002978,0.010229437165342865,1.2455101409836713
H593-6e81425780a0e9f03a924de4,OUTCOME-0721,2,d3d9e86636e760b3c7ab9d0366cce29c32d905942a4e7efc24b4feb559ccafdb,cuvitru-19,True,4791,M_FIRST,0.1308369225057071,1,0,True,0.03943174826404025,4791,cuvitru-19,0.1308369225057071,4791,cuvitru-19,True,4791,cuvitru-19,True,HOLD,0.1308369225057071,1,0.0,CORRECT,4790,cuvitru-13,False,SWITCH,0.09140517424166686,2,0.18912375067332438,RAW_CORRECT_BROKEN,BROKEN_BY_492,4790,cuvitru-13,False,-2.017507148237239,0.18912375067332438,True,4.287174632708263,0.0,0.0,,4790,0.236424485183794,-0.5423638793954512,0.6574585486034548,0.33492668034336065,0.09211491756761225,-0.006563745049202837,1.2455101409836713
H593-e0504cc23358865e805ab7d8,OUTCOME-0722,2,d3d9e86636e760b3c7ab9d0366cce29c32d905942a4e7efc24b4feb559ccafdb,cuvitru-19,True,4791,M_RANK_2_5,0.0521710665843541,2,0,False,-0.03000467891643794,4790,cuvitru-13,0.08217574550079204,4791,cuvitru-19,True,4791,cuvitru-19,True,HOLD,0.0521710665843541,2,0.0,CORRECT,4790,cuvitru-13,False,SWITCH,0.08217574550079204,1,0.9330236008637309,RAW_CORRECT_BROKEN,BROKEN_BY_492,4790,cuvitru-13,False,-0.9029011161016407,0.9330236008637309,True,3.4085214352341118,0.0,0.0,,4790,0.40351309574418925,0.8074397802541696,-0.8275805743996886,-0.6178622300764279,-0.11239338409026976,0.004274287685996765,1.2455101409836713
H593-f56cf6023f8dcccac4693b08,OUTCOME-0723,2,d3d9e86636e760b3c7ab9d0366cce29c32d905942a4e7efc24b4feb559ccafdb,cuvitru-19,True,4791,M_FIRST,0.15299448754095385,1,0,True,0.05114975741478228,4791,cuvitru-19,0.15299448754095385,4791,cuvitru-19,True,4791,cuvitru-19,True,HOLD,0.15299448754095385,1,0.0,CORRECT,4791,cuvitru-19,True,HOLD,0.15299448754095385,1,0.0,CORRECT,BOTH_CORRECT,4790,cuvitru-13,False,-2.678158196707205,-0.4593381719578477,True,4.316065476493152,0.0,0.0,,4790,0.7601555508219053,-0.7328991254382065,0.7437482982372757,0.5523150323290226,0.11576539036410703,-0.006437090590570508,1.2455101409836713
H593-d436f10dfd701cc9385e8423,OUTCOME-0724,2,d3d9e86636e760b3c7ab9d0366cce29c32d905942a4e7efc24b4feb559ccafdb,cuvitru-19,True,4791,M_FIRST,0.14224286431821662,1,0,True,0.09893016527667656,4791,cuvitru-19,0.14224286431821662,4791,cuvitru-19,True,4791,cuvitru-19,True,HOLD,0.14224286431821662,1,0.0,CORRECT,4791,cuvitru-19,True,HOLD,0.14224286431821662,1,0.0,CORRECT,BOTH_CORRECT,4790,cuvitru-13,False,-3.4720749432971627,-1.5183393772839313,True,3.687758427371327,0.0,0.0,,4790,0.13455788618566727,-1.4138788371134539,1.975620047564158,1.2904014658017517,0.24999411344587774,-0.010129873570509306,1.2455101409836713
H593-2bae4a6fe6f937a87545fde2,OUTCOME-0725,2,d3d9e86636e760b3c7ab9d0366cce29c32d905942a4e7efc24b4feb559ccafdb,cuvitru-19,True,4791,M_RANK_2_5,0.0475763280658269,2,0,False,-0.0013559028920174868,4795,gla00-0016-19,0.04893223095784439,4791,cuvitru-19,True,4791,cuvitru-19,True,HOLD,0.0475763280658269,2,0.0,CORRECT,4791,cuvitru-19,True,HOLD,0.0475763280658269,2,0.0,CORRECT,BOTH_CORRECT,4987,bylvay-14,False,-2.184348111594361,-1.5617271527576295,True,0.5327311773183401,0.0,0.0,,4987,0.6054747198179932,-0.5931333514109803,0.38752708027026245,0.5397167629781816,0.008178363855586939,-0.008925604900354423,1.2455101409836713
H593-4cdc50b55891617da26d2e7a,OUTCOME-0726,2,d3d9e86636e760b3c7ab9d0366cce29c32d905942a4e7efc24b4feb559ccafdb,cuvitru-19,True,4791,M_FIRST,0.1508927124164873,1,0,True,0.05464528136507035,4791,cuvitru-19,0.1508927124164873,4791,cuvitru-19,True,4791,cuvitru-19,True,HOLD,0.1508927124164873,1,0.0,CORRECT,4791,cuvitru-19,True,HOLD,0.1508927124164873,1,0.0,CORRECT,BOTH_CORRECT,4790,cuvitru-13,False,-2.6600329449344837,-0.4649210763381845,True,4.259872059105845,0.0,0.0,,4790,0.6651118638124698,-0.7728545595955475,0.8193284622369591,0.5714598643267204,0.13761053825558786,-0.006133365085377397,1.2455101409836713
H593-02060e3d320616b952a39654,OUTCOME-0727,2,0afd089c456e855f9466067a75179f94b4fb386831d044fd18ff0bcd22e0d3f4,dro0b-0001-04,True,304,M_FIRST,0.11836053374024598,1,0,True,0.07265820388590286,304,dro0b-0001-04,0.11836053374024598,304,dro0b-0001-04,True,304,dro0b-0001-04,True,HOLD,0.11836053374024598,1,0.0,CORRECT,304,dro0b-0001-04,True,HOLD,0.11836053374024598,1,0.0,CORRECT,BOTH_CORRECT,302,dro0b-0001-02,False,-3.7815249176453922,-3.3177802578194737,True,0.15616025693010327,0.0,0.0,,302,0.4489550713268574,-1.3873275714690663,2.1374251412049543,1.1301691579623474,0.21702241505093542,-0.010229437414307053,1.2455101409836713
H593-20c36189f2e4e46a9590ae78,OUTCOME-0728,2,0afd089c456e855f9466067a75179f94b4fb386831d044fd18ff0bcd22e0d3f4,dro0b-0001-04,True,304,M_RANK_6_10,0.020445421622409678,8,0,False,-0.010130672956005338,374,int07-0006-01,0.030576094578415015,304,dro0b-0001-04,True,304,dro0b-0001-04,True,HOLD,0.020445421622409678,8,0.0,CORRECT,304,dro0b-0001-04,True,HOLD,0.020445421622409678,8,0.0,CORRECT,BOTH_CORRECT,2624,DC Sensitive Caixa 90g_Page_1,False,-1.8802750583822045,-1.4697161848009936,True,0.030098530905264154,0.0,0.0,,2624,0.4354357801362341,-0.3616099344896462,0.6627932732074016,0.0955586883672519,-0.18718345245570048,-0.010229437367007703,1.2455101409836713
H593-d4eb99839abe07f70ec9fa06,OUTCOME-0729,2,0afd089c456e855f9466067a75179f94b4fb386831d044fd18ff0bcd22e0d3f4,dro0b-0001-04,True,304,M_FIRST,0.09620055292384305,1,0,True,0.057078181913277314,304,dro0b-0001-04,0.09620055292384305,304,dro0b-0001-04,True,304,dro0b-0001-04,True,HOLD,0.09620055292384305,1,0.0,CORRECT,304,dro0b-0001-04,True,HOLD,0.09620055292384305,1,0.0,CORRECT,BOTH_CORRECT,302,dro0b-0001-02,False,-3.5012695950100317,-3.0253175594935953,True,0.18509435677963681,0.0,0.0,,302,0.36112263258291905,-1.3281753716250722,2.0366556319494866,1.0040551830381828,0.19233081549470132,-0.010229437413857088,1.2455101409836713
H593-d093d4d47fdd62dc2cac68b2,OUTCOME-0730,2,0afd089c456e855f9466067a75179f94b4fb386831d044fd18ff0bcd22e0d3f4,dro0b-0001-04,True,304,M_RANK_2_5,0.0529618341865903,3,0,False,-0.010226955841161789,745,Menstrual cramps carton,0.06318879002775209,471,revalor-xs-04,False,304,dro0b-0001-04,True,SWITCH,0.0529618341865903,3,0.8608323181441686,CORRECT,304,dro0b-0001-04,True,SWITCH,0.0529618341865903,3,0.8608323181441686,CORRECT,BOTH_CORRECT,304,dro0b-0001-04,True,0.8608323181441686,1.8550542793786307,False,1.4135052912758994,0.8608323181441686,0.8608323181441686,1,471,-0.49989942906865537,-1.5673791877862158,2.1304454260423826,1.8034941899440409,0.2498573836797374,-0.0101759236834497,-1.2455101409836713
H593-c2c8b91bd700c1354b6e6ee9,OUTCOME-0731,2,0afd089c456e855f9466067a75179f94b4fb386831d044fd18ff0bcd22e0d3f4,dro0b-0001-04,True,304,M_FIRST,0.08696357902608318,1,0,True,0.03622448052811114,304,dro0b-0001-04,0.08696357902608318,304,dro0b-0001-04,True,304,dro0b-0001-04,True,HOLD,0.08696357902608318,1,0.0,CORRECT,304,dro0b-0001-04,True,HOLD,0.08696357902608318,1,0.0,CORRECT,BOTH_CORRECT,303,dro0b-0001-03,False,-2.324617931897407,-1.7043921743554036,True,0.5270540362866925,0.0,0.0,,303,0.1876979452549666,-0.7974527509689809,0.9747841327167457,0.5277341188946507,0.1948388523476778,-0.008494507331324187,1.2455101409836713
H593-1cf0eabcc44cfc60588f292c,OUTCOME-0732,2,0afd089c456e855f9466067a75179f94b4fb386831d044fd18ff0bcd22e0d3f4,dro0b-0001-04,True,304,M_FIRST,0.20468229386889472,1,0,True,0.08759669054387734,304,dro0b-0001-04,0.20468229386889472,304,dro0b-0001-04,True,304,dro0b-0001-04,True,HOLD,0.20468229386889472,1,0.0,CORRECT,304,dro0b-0001-04,True,HOLD,0.20468229386889472,1,0.0,CORRECT,BOTH_CORRECT,303,dro0b-0001-03,False,-2.362410146018882,-1.9286342994818961,True,0.08512773871674462,0.0,0.0,,303,0.1407983891681373,-0.7813738631973274,1.0499493215940425,0.46350775573449204,0.2499941134583544,-0.0059757117224880875,1.2455101409836713
H593-789352ff1b5b65e23c400aa3,OUTCOME-0733,2,0afd089c456e855f9466067a75179f94b4fb386831d044fd18ff0bcd22e0d3f4,dro0b-0001-04,True,304,M_FIRST,0.11241337558742588,1,0,True,0.010889572577185619,304,dro0b-0001-04,0.11241337558742588,303,dro0b-0001-03,False,303,dro0b-0001-03,False,HOLD,0.10152380301024026,2,0.0,TARGET_TOP_BUT_HOLD,303,dro0b-0001-03,False,HOLD,0.10152380301024026,2,0.0,TARGET_TOP_BUT_HOLD,BOTH_WRONG,304,dro0b-0001-04,True,-1.2403578169763296,-0.5878459731112491,True,0.6035789888322425,-1.2403578169763296,-1.2403578169763296,1,303,-0.06641541735294124,-0.11811389409821274,0.18861370214612927,0.04479880906647046,-0.04312272150423506,-0.0006081542498690454,-1.2455101409836713
H593-5bf76899256100e280a80e1d,OUTCOME-0734,2,0afd089c456e855f9466067a75179f94b4fb386831d044fd18ff0bcd22e0d3f4,dro0b-0001-04,True,304,M_FIRST,0.10341069820393099,1,0,True,0.01083746458172194,304,dro0b-0001-04,0.10341069820393099,304,dro0b-0001-04,True,304,dro0b-0001-04,True,HOLD,0.10341069820393099,1,0.0,CORRECT,304,dro0b-0001-04,True,HOLD,0.10341069820393099,1,0.0,CORRECT,BOTH_CORRECT,303,dro0b-0001-03,False,-1.4762992308322314,-0.987163748146086,True,0.2163419554806194,0.0,0.0,,303,0.1015358811357395,-0.17478311228163235,0.20490657528451556,0.10575367684579207,-0.005130059709349436,-0.001493871426505322,1.2455101409836713
H593-25bb54d111079fe02df38114,OUTCOME-0735,2,0afd089c456e855f9466067a75179f94b4fb386831d044fd18ff0bcd22e0d3f4,dro0b-0001-04,True,304,M_FIRST,0.1685606010505006,1,0,True,0.056167386484039475,304,dro0b-0001-04,0.1685606010505006,304,dro0b-0001-04,True,304,dro0b-0001-04,True,HOLD,0.1685606010505006,1,0.0,CORRECT,304,dro0b-0001-04,True,HOLD,0.1685606010505006,1,0.0,CORRECT,BOTH_CORRECT,303,dro0b-0001-03,False,-2.0903074644640447,-1.6411153306899837,True,0.12166764750099768,0.0,0.0,,303,0.2640763552405529,-0.6221371930528784,0.7407948449502749,0.39914274611270767,0.07315000764361944,-0.010229437413903017,1.2455101409836713
H593-8a536eb4afa1e192028304cb,OUTCOME-0736,2,0afd089c456e855f9466067a75179f94b4fb386831d044fd18ff0bcd22e0d3f4,dro0b-0001-04,True,304,M_RANK_2_5,0.06297392599898655,2,0,False,-0.006408918354331591,303,dro0b-0001-03,0.06938284435331814,304,dro0b-0001-04,True,304,dro0b-0001-04,True,HOLD,0.06297392599898655,2,0.0,CORRECT,304,dro0b-0001-04,True,HOLD,0.06297392599898655,2,0.0,CORRECT,BOTH_CORRECT,303,dro0b-0001-03,False,-1.3719463323356351,-0.7850781611564044,True,0.4479893987242036,0.0,0.0,,303,0.09148775346718668,0.17879161629896242,-0.1794267734421161,-0.12408824662947598,0.16197105189159236,-0.002299210234185505,1.2455101409836713
H593-55896fed273be6f353312f56,OUTCOME-0737,2,0afd089c456e855f9466067a75179f94b4fb386831d044fd18ff0bcd22e0d3f4,dro0b-0001-04,True,304,M_FIRST,0.225495826718164,1,0,True,0.061568539789389976,304,dro0b-0001-04,0.225495826718164,304,dro0b-0001-04,True,304,dro0b-0001-04,True,HOLD,0.225495826718164,1,0.0,CORRECT,304,dro0b-0001-04,True,HOLD,0.225495826718164,1,0.0,CORRECT,BOTH_CORRECT,303,dro0b-0001-03,False,-1.8903817719716076,-1.010987451363748,True,1.1413391432349855,0.0,0.0,,303,0.156042581981056,-0.49157135513614714,0.5858491425274587,0.30542718952030007,0.09087323172629873,-0.0017491596310300686,1.2455101409836713
H593-14386333d65f4c444d23e372,OUTCOME-0738,2,0afd089c456e855f9466067a75179f94b4fb386831d044fd18ff0bcd22e0d3f4,dro0b-0001-04,True,304,M_FIRST,0.28604991924523415,1,0,True,0.05543991094554804,304,dro0b-0001-04,0.28604991924523415,304,dro0b-0001-04,True,304,dro0b-0001-04,True,HOLD,0.28604991924523415,1,0.0,CORRECT,304,dro0b-0001-04,True,HOLD,0.28604991924523415,1,0.0,CORRECT,BOTH_CORRECT,303,dro0b-0001-03,False,-1.8519776418833103,-1.3842443383472973,True,0.16561419840761005,0.0,0.0,,303,0.23044147975575444,-0.32339939943948776,0.3976183466557423,0.1888552799341461,0.11628479505372097,-0.003333001060237036,1.2455101409836713
H593-e8352d4faef37224ec8d3c87,OUTCOME-0742,3,30a739efc9fa2fbc6556b4a23a5b909fd205591b6158bb099a4dd09818a8f35e,int07-0006-04,True,377,M_RANK_11_128,0.023891876100695642,30,0,False,-0.025125509966085226,380,int07-0006-07,0.04901738606678087,376,int07-0006-03,False,376,int07-0006-03,False,HOLD,0.029979649504609428,6,0.0,CHALLENGER_RANKING_BLOCKED,376,int07-0006-03,False,HOLD,0.029979649504609428,6,0.0,CHALLENGER_RANKING_BLOCKED,BOTH_WRONG,380,int07-0006-07,False,-0.7586978202256729,-0.15597967360002885,True,0.46840078161764076,-1.6019632060165203,-1.6019632060165203,5,376,-0.07882586619582738,0.22087891951082708,-0.3652818484755317,-0.1730099713201904,0.13770669021057516,-0.04207057750729269,-1.3013605522390803
H593-3937b8534db594248fbab03f,OUTCOME-0747,3,30a739efc9fa2fbc6556b4a23a5b909fd205591b6158bb099a4dd09818a8f35e,int07-0006-04,True,377,M_RANK_11_128,0.031532937876868956,30,0,False,-0.017290794384420556,380,int07-0006-07,0.04882373226128951,376,int07-0006-03,False,376,int07-0006-03,False,HOLD,0.037220015851061106,10,0.0,CHALLENGER_RANKING_BLOCKED,376,int07-0006-03,False,HOLD,0.037220015851061106,10,0.0,CHALLENGER_RANKING_BLOCKED,BOTH_WRONG,380,int07-0006-07,False,-1.055066367034467,-0.5964527615032836,True,0.07830882420222607,-1.1333751912366932,-1.1333751912366932,2,376,-0.03383813683868995,-0.5474109402061399,-0.2673786397262771,0.9418751655826607,0.12852802949047598,-0.05379011729964263,-1.3013605522390803
H593-8471180120a9a4d1308aa35b,OUTCOME-0748,3,30a739efc9fa2fbc6556b4a23a5b909fd205591b6158bb099a4dd09818a8f35e,int07-0006-04,True,377,M_RANK_2_5,0.2866802070097126,3,0,False,-0.002539057828479907,379,int07-0006-06,0.2892192648381925,379,int07-0006-06,False,379,int07-0006-06,False,HOLD,0.2892192648381925,1,0.0,CHALLENGER_RANKING_BLOCKED,379,int07-0006-06,False,HOLD,0.2892192648381925,1,0.0,CHALLENGER_RANKING_BLOCKED,BOTH_WRONG,381,int07-0006-08,False,-1.3606897726456237,-0.9263720708594053,True,0.012539650121602852,-1.3732294227672266,-1.3732294227672266,2,379,-0.05865276092837821,0.023137662114978832,-0.014251310409073348,-0.02927364919139853,-0.00015165299840261092,0.007322840884127542,-1.3013605522390803
H593-b186925ccb62a97d1f49a9a6,OUTCOME-0751,1,a5cc6cd71cb98a23641d9032f2abdbe55a284b95eedc14e13d1ab9d93b7adc76,kedbumin-02,True,4798,M_RANK_2_5,0.021403284235366585,4,0,False,-0.013882804685088495,90,Doraject injectable solution-100 mL Carton,0.03528608892045508,4798,kedbumin-02,True,4798,kedbumin-02,True,HOLD,0.021403284235366585,4,0.0,CORRECT,4798,kedbumin-02,True,HOLD,0.021403284235366585,4,0.0,CORRECT,BOTH_CORRECT,4778,76125-792-carton,False,-4.654859105639378,-3.9259335260734343,True,0.3230209313406238,0.0,0.0,,4778,1.452367870091062,-1.9282008044307561,1.8297295629737231,1.9466899325024116,0.13294036736066178,-0.010277312098792034,1.2316094892410674
H593-147ee84e2fed004258fe44bc,OUTCOME-0752,1,a5cc6cd71cb98a23641d9032f2abdbe55a284b95eedc14e13d1ab9d93b7adc76,kedbumin-02,True,4798,M_FIRST,0.04790779965794538,1,0,True,0.015811219997601572,4798,kedbumin-02,0.04790779965794538,4798,kedbumin-02,True,4798,kedbumin-02,True,HOLD,0.04790779965794538,1,0.0,CORRECT,4798,kedbumin-02,True,HOLD,0.04790779965794538,1,0.0,CORRECT,BOTH_CORRECT,4778,76125-792-carton,False,-5.613654626770636,-4.869535971256209,True,0.7152773285940661,0.0,0.0,,4778,1.2078655748472304,-2.0742920346988702,2.753302323700566,2.3351949527094136,0.14846837126109969,0.011505949710129533,1.2316094892410674
H593-7c5d7856df1eaee4c5e9743d,OUTCOME-0753,1,a5cc6cd71cb98a23641d9032f2abdbe55a284b95eedc14e13d1ab9d93b7adc76,kedbumin-02,True,4798,M_FIRST,0.031084039525537236,1,0,True,0.004142450029058192,4798,kedbumin-02,0.031084039525537236,4798,kedbumin-02,True,4798,kedbumin-02,True,HOLD,0.031084039525537236,1,0.0,CORRECT,4798,kedbumin-02,True,HOLD,0.031084039525537236,1,0.0,CORRECT,BOTH_CORRECT,4778,76125-792-carton,False,-4.548541325850724,-3.781023258028343,True,1.3194057618941422,0.0,0.0,,4778,1.466556898354102,-1.983599432846463,1.4743608227725589,2.200270556813144,0.1481978300734774,0.011145161442837634,1.2316094892410674
H593-31a7078fc5358b3fbdc70c42,OUTCOME-0754,1,a5cc6cd71cb98a23641d9032f2abdbe55a284b95eedc14e13d1ab9d93b7adc76,kedbumin-02,True,4798,M_RANK_6_10,0.01748338088072163,6,0,False,-0.005221533538738998,5037,cartonlabel10p5mL,0.02270491441946063,4798,kedbumin-02,True,4798,kedbumin-02,True,HOLD,0.01748338088072163,6,0.0,CORRECT,4798,kedbumin-02,True,HOLD,0.01748338088072163,6,0.0,CORRECT,BOTH_CORRECT,4778,76125-792-carton,False,-3.1729597359937616,-2.398999133440746,True,1.4857397861027808,0.0,0.0,,4778,1.2323081235678606,-1.4175736455376622,0.5517676722102562,1.464229136726057,0.09911301015754104,0.0115059496286414,1.2316094892410674
H593-297ba148574e09f5723aa6b7,OUTCOME-0755,1,a5cc6cd71cb98a23641d9032f2abdbe55a284b95eedc14e13d1ab9d93b7adc76,kedbumin-02,True,4798,M_RANK_6_10,0.017617813207075925,8,0,False,-0.008190520735131272,4139,convenience-valet-44-329-1,0.025808333942207197,2603,D3312W,False,2603,D3312W,False,HOLD,0.015974581871689764,11,0.0,CHALLENGER_RANKING_BLOCKED,2603,D3312W,False,HOLD,0.015974581871689764,11,0.0,CHALLENGER_RANKING_BLOCKED,BOTH_WRONG,4245,cur03-0000-01,False,-1.2883760874565051,-0.5441804854692448,True,0.7172639405426469,-2.005640027999152,-2.005640027999152,2,2603,-0.8354241528280604,-0.12247688075953143,0.17800501329693588,0.024003965796782562,-0.02964443372283281,0.011505949458621894,-1.2316094892410674
H593-1aee8f8c27c19ea85c3d7d4b,OUTCOME-0756,1,a5cc6cd71cb98a23641d9032f2abdbe55a284b95eedc14e13d1ab9d93b7adc76,kedbumin-02,True,4798,M_RANK_11_128,0.011720323281329619,28,0,False,-0.010983779944227832,4811,0186ce28-7aa2-4c47-9c64-afe13fd1ef6e-21,0.02270410322555745,4798,kedbumin-02,True,4798,kedbumin-02,True,HOLD,0.011720323281329619,28,0.0,CORRECT,4798,kedbumin-02,True,HOLD,0.011720323281329619,28,0.0,CORRECT,BOTH_CORRECT,4778,76125-792-carton,False,-3.099098974331814,-2.329048655743796,True,1.3847836725712783,0.0,0.0,,4778,1.1871086348609097,-1.2620873282616907,1.0000766312661589,0.9828546289779971,-0.03678117797611148,-0.0036819037765168333,1.2316094892410674
H593-e074e8a735231d914b14563a,OUTCOME-0757,1,a5cc6cd71cb98a23641d9032f2abdbe55a284b95eedc14e13d1ab9d93b7adc76,kedbumin-02,True,4798,M_FIRST,0.1173086656546677,1,0,True,0.07888535178580848,4798,kedbumin-02,0.1173086656546677,4798,kedbumin-02,True,4798,kedbumin-02,True,HOLD,0.1173086656546677,1,0.0,CORRECT,4798,kedbumin-02,True,HOLD,0.1173086656546677,1,0.0,CORRECT,BOTH_CORRECT,4778,76125-792-carton,False,-5.4567657797231846,-4.675159604426387,True,1.68313396945209,0.0,0.0,,4778,1.4503077908156166,-2.0396865647040405,2.477475944984841,2.1768626100311206,0.14869055964228717,0.011505949712292591,1.2316094892410674
H593-7b7e5008423565e7dabb7046,OUTCOME-0758,1,a5cc6cd71cb98a23641d9032f2abdbe55a284b95eedc14e13d1ab9d93b7adc76,kedbumin-02,True,4798,M_RANK_2_5,0.02840339842541862,5,0,False,-0.02516949232290243,4930,ac0a7dcc-4cd8-412b-8238-bbc23aa5cdc6-03,0.05357289074832105,4798,kedbumin-02,True,4798,kedbumin-02,True,HOLD,0.02840339842541862,5,0.0,CORRECT,4798,kedbumin-02,True,HOLD,0.02840339842541862,5,0.0,CORRECT,BOTH_CORRECT,4778,76125-792-carton,False,-3.7263138619605694,-2.988564130767366,True,0.5508437855054837,0.0,0.0,,4778,2.016302301604392,-0.6138948943750768,0.6470751755701551,0.30434319348833533,0.14869055922412064,-0.007811962792424869,1.2316094892410674
H593-c46f21293cefba88bf549fbf,OUTCOME-0759,1,a5cc6cd71cb98a23641d9032f2abdbe55a284b95eedc14e13d1ab9d93b7adc76,kedbumin-02,True,4798,M_RANK_2_5,0.04426695532526669,2,0,False,-0.0016046205151011364,4929,abrilada-36,0.04587157584036783,4798,kedbumin-02,True,4798,kedbumin-02,True,HOLD,0.04426695532526669,2,0.0,CORRECT,4798,kedbumin-02,True,HOLD,0.04426695532526669,2,0.0,CORRECT,BOTH_CORRECT,4778,76125-792-carton,False,-4.212819843592127,-3.4740328246072796,True,0.5776245883820721,0.0,0.0,,4778,2.0401412864251363,-1.2132820092976722,1.3625158198017306,0.6546506476271635,0.1486905594855624,-0.011505949690860369,1.2316094892410674
H593-0188e7f7150a7aaf05c23614,OUTCOME-0760,1,a5cc6cd71cb98a23641d9032f2abdbe55a284b95eedc14e13d1ab9d93b7adc76,kedbumin-02,True,4798,M_FIRST,0.07765543486411347,1,0,True,0.02958660713858282,4798,kedbumin-02,0.07765543486411347,4798,kedbumin-02,True,4798,kedbumin-02,True,HOLD,0.07765543486411347,1,0.0,CORRECT,4798,kedbumin-02,True,HOLD,0.07765543486411347,1,0.0,CORRECT,BOTH_CORRECT,4778,76125-792-carton,False,-5.1119265228148425,-4.37263738609599,True,0.5905883156750686,0.0,0.0,,4778,1.9997480603873612,-1.8224145487636878,2.01428815826634,1.5284988543769862,0.14869055959769817,0.011505949709076977,1.2316094892410674
H593-7d0da05ef415f738c2552977,OUTCOME-0761,1,a5cc6cd71cb98a23641d9032f2abdbe55a284b95eedc14e13d1ab9d93b7adc76,kedbumin-02,True,4798,M_FIRST,0.1098168098857073,1,0,True,0.07126059554666858,4798,kedbumin-02,0.1098168098857073,4798,kedbumin-02,True,4798,kedbumin-02,True,HOLD,0.1098168098857073,1,0.0,CORRECT,4798,kedbumin-02,True,HOLD,0.1098168098857073,1,0.0,CORRECT,BOTH_CORRECT,4778,76125-792-carton,False,-4.295847120461295,-3.5062833936623496,True,1.8885828524679846,0.0,0.0,,4778,1.3918348838439492,-1.773563335654129,1.747708481910136,1.545894585175704,0.14282066588282685,0.009542350061740217,1.2316094892410674
H593-46428f82969f19c1f035978b,OUTCOME-0762,1,a5cc6cd71cb98a23641d9032f2abdbe55a284b95eedc14e13d1ab9d93b7adc76,kedbumin-02,True,4798,M_FIRST,0.11056245869388921,1,0,True,0.0677262761725658,4798,kedbumin-02,0.11056245869388921,4798,kedbumin-02,True,4798,kedbumin-02,True,HOLD,0.11056245869388921,1,0.0,CORRECT,4798,kedbumin-02,True,HOLD,0.11056245869388921,1,0.0,CORRECT,BOTH_CORRECT,4778,76125-792-carton,False,-4.936561985909066,-4.14971433552157,True,1.818458912363102,0.0,0.0,,4778,1.0911616262032584,-2.014591679425852,2.397090327438823,2.0710957131095666,0.14869055963047528,0.011505949711726525,1.2316094892410674
H593-ffa09c9771998a865907952c,OUTCOME-0763,1,a5cc6cd71cb98a23641d9032f2abdbe55a284b95eedc14e13d1ab9d93b7adc76,kedbumin-02,True,4798,M_FIRST,0.04830255232252406,1,0,True,0.028553322112123483,4798,kedbumin-02,0.04830255232252406,4798,kedbumin-02,True,4798,kedbumin-02,True,HOLD,0.04830255232252406,1,0.0,CORRECT,4798,kedbumin-02,True,HOLD,0.04830255232252406,1,0.0,CORRECT,BOTH_CORRECT,4778,76125-792-carton,False,-5.912822395202189,-5.159806052277923,True,0.9449987371558031,0.0,0.0,,4778,1.8630543408240894,-2.0485535065118152,2.484081258189034,2.2256001506589165,0.14590863388040765,0.011122028920489562,1.2316094892410674
H593-8266ebf78426769d3bbbec9c,OUTCOME-0764,1,a5cc6cd71cb98a23641d9032f2abdbe55a284b95eedc14e13d1ab9d93b7adc76,kedbumin-02,True,4798,M_FIRST,0.0623981968811261,1,0,True,0.024389966523474457,4798,kedbumin-02,0.0623981968811261,4798,kedbumin-02,True,4798,kedbumin-02,True,HOLD,0.0623981968811261,1,0.0,CORRECT,4798,kedbumin-02,True,HOLD,0.0623981968811261,1,0.0,CORRECT,BOTH_CORRECT,4778,76125-792-carton,False,-4.487386525824224,-3.7332101856968265,True,0.974947664237261,0.0,0.0,,4778,1.3914521838358151,-1.8747389529714056,1.7682241843158524,1.812130117450973,0.14869055961138677,0.010018944340534325,1.2316094892410674
H593-1fb1391bf43d4e4f4cfc1fa5,OUTCOME-0765,1,2aa1e6c4bb63c1bf91f9200ac8983a2fdb8a3d86fcbc58c5f88c921023045af6,lox01-0004-14,True,409,M_FIRST,0.07538919498960193,1,0,True,0.03861324578698362,409,lox01-0004-14,0.07538919498960193,409,lox01-0004-14,True,409,lox01-0004-14,True,HOLD,0.07538919498960193,1,0.0,CORRECT,409,lox01-0004-14,True,HOLD,0.07538919498960193,1,0.0,CORRECT,BOTH_CORRECT,444,ost01-0006-12,False,-4.237785761671473,-3.4940289829312716,True,0.7059343568226666,0.0,0.0,,444,0.887957579071536,-1.8772712249140415,2.3351870170905222,1.5001063919732307,0.14869055951486954,0.011505949694288102,1.2316094892410674
H593-8a0c8f3872f6604400a4f5a3,OUTCOME-0766,1,2aa1e6c4bb63c1bf91f9200ac8983a2fdb8a3d86fcbc58c5f88c921023045af6,lox01-0004-14,True,409,M_RANK_11_128,0.013830854197549978,83,0,False,-0.049602105685538106,327,ent03-0003-03,0.06343295988308809,409,lox01-0004-14,True,409,lox01-0004-14,True,HOLD,0.013830854197549978,83,0.0,CORRECT,409,lox01-0004-14,True,HOLD,0.013830854197549978,83,0.0,CORRECT,BOTH_CORRECT,444,ost01-0006-12,False,-1.8704402254451582,-1.1403561233890276,True,0.35293178413163573,0.0,0.0,,444,1.017074028616753,0.780183935095498,-0.44636000494551853,-0.6550003629219416,-0.04556091002786956,-0.011505949612830418,1.2316094892410674
H593-dc202d508f99c4a7bcb3f66b,OUTCOME-0767,1,2aa1e6c4bb63c1bf91f9200ac8983a2fdb8a3d86fcbc58c5f88c921023045af6,lox01-0004-14,True,409,M_RANK_11_128,0.013526013094270373,86,0,False,-0.04204706377492211,327,ent03-0003-03,0.05557307686919248,409,lox01-0004-14,True,409,lox01-0004-14,True,HOLD,0.013526013094270373,86,0.0,CORRECT,409,lox01-0004-14,True,HOLD,0.013526013094270373,86,0.0,CORRECT,BOTH_CORRECT,411,meloxidyl-10,False,-2.277240536753787,-1.5587785535487275,True,0.05287072444690999,0.0,0.0,,411,1.569295084516727,1.1232545420776983,-1.028347556855562,-0.7482159106522835,0.1346635256977948,-0.005018637271654535,1.2316094892410674
H593-55ba8ad94b75fd7b8b1484d7,OUTCOME-0768,1,2aa1e6c4bb63c1bf91f9200ac8983a2fdb8a3d86fcbc58c5f88c921023045af6,lox01-0004-14,True,409,M_FIRST,0.1733243725723904,1,0,True,0.14043824823740958,409,lox01-0004-14,0.1733243725723904,409,lox01-0004-14,True,409,lox01-0004-14,True,HOLD,0.1733243725723904,1,0.0,CORRECT,409,lox01-0004-14,True,HOLD,0.1733243725723904,1,0.0,CORRECT,BOTH_CORRECT,444,ost01-0006-12,False,-5.307486619733702,-4.572298962877454,True,0.4846958867970397,0.0,0.0,,444,0.7765258012303112,-2.064755739208643,3.144586476877905,2.0593240822429313,0.14869055963862884,0.01150594971150039,1.2316094892410674
H593-3e371fe7d77d82719a05830d,OUTCOME-0769,1,2aa1e6c4bb63c1bf91f9200ac8983a2fdb8a3d86fcbc58c5f88c921023045af6,lox01-0004-14,True,409,M_RANK_6_10,0.025698569852716895,6,0,False,-0.015712643155858963,329,ent03-0003-07,0.04141121300857586,411,meloxidyl-10,False,411,meloxidyl-10,False,HOLD,0.01625418347557928,26,0.0,TARGET_TOP_BUT_HOLD,409,lox01-0004-14,True,SWITCH,0.025698569852716895,6,0.0049709257893169045,CORRECT,RESCUED_BY_492,409,lox01-0004-14,True,-0.7783480879179081,0.0049709257893169045,True,1.727356207676255,-0.7783480879179081,0.0049709257893169045,1,411,-0.15577419624702593,-0.8007196621632279,0.8191959051352145,0.43036284575021755,0.14869055916952023,0.011505949678460794,-1.2316094892410674
H593-118dee9f38aacba8f825b966,OUTCOME-0770,1,2aa1e6c4bb63c1bf91f9200ac8983a2fdb8a3d86fcbc58c5f88c921023045af6,lox01-0004-14,True,409,M_FIRST,0.07118956883261285,1,0,True,0.0549707548079144,409,lox01-0004-14,0.07118956883261285,409,lox01-0004-14,True,409,lox01-0004-14,True,HOLD,0.07118956883261285,1,0.0,CORRECT,409,lox01-0004-14,True,HOLD,0.07118956883261285,1,0.0,CORRECT,BOTH_CORRECT,444,ost01-0006-12,False,-5.498965893243286,-4.755845666267858,True,0.6894997978984669,0.0,0.0,,444,1.311991959444805,-2.048329420626722,2.6830613551862705,2.1604360006547174,0.1486905596317494,0.011505949711398388,1.2316094892410674
H593-56dd45ec2e7deff86e812509,OUTCOME-0771,1,2aa1e6c4bb63c1bf91f9200ac8983a2fdb8a3d86fcbc58c5f88c921023045af6,lox01-0004-14,True,409,M_FIRST,0.043976393689464176,1,0,True,0.014936320748149115,409,lox01-0004-14,0.043976393689464176,409,lox01-0004-14,True,409,lox01-0004-14,True,HOLD,0.043976393689464176,1,0.0,CORRECT,409,lox01-0004-14,True,HOLD,0.043976393689464176,1,0.0,CORRECT,BOTH_CORRECT,444,ost01-0006-12,False,-3.44512669528041,-2.6680404090581002,True,1.5664390085135973,0.0,0.0,,444,0.2836096156306676,-1.9086636019201453,1.7731683583590447,1.908610398253125,0.14528648600822483,0.011505949708425672,1.2316094892410674
H593-ae9be56a1902c7848b38571b,OUTCOME-0772,1,2aa1e6c4bb63c1bf91f9200ac8983a2fdb8a3d86fcbc58c5f88c921023045af6,lox01-0004-14,True,409,M_FIRST,0.07213046441661061,1,0,True,0.052656546522676116,409,lox01-0004-14,0.07213046441661061,409,lox01-0004-14,True,409,lox01-0004-14,True,HOLD,0.07213046441661061,1,0.0,CORRECT,409,lox01-0004-14,True,HOLD,0.07213046441661061,1,0.0,CORRECT,BOTH_CORRECT,444,ost01-0006-12,False,-5.777526887899395,-5.0504217157321305,True,0.2760214659156617,0.0,0.0,,444,1.3272537848127874,-2.0724753041201156,2.829033607122543,2.3019671153855104,0.14863224574593462,0.011505949711667645,1.2316094892410674
H593-596fedd7ad0dd56b9b06d758,OUTCOME-0773,1,2aa1e6c4bb63c1bf91f9200ac8983a2fdb8a3d86fcbc58c5f88c921023045af6,lox01-0004-14,True,409,M_FIRST,0.07267141423982655,1,0,True,0.021113306651674532,409,lox01-0004-14,0.07267141423982655,409,lox01-0004-14,True,409,lox01-0004-14,True,HOLD,0.07267141423982655,1,0.0,CORRECT,409,lox01-0004-14,True,HOLD,0.07267141423982655,1,0.0,CORRECT,BOTH_CORRECT,444,ost01-0006-12,False,-2.163971925878906,-1.3384241970623796,True,2.8176215170569012,0.0,0.0,,444,0.5269898445425061,-0.5418218620540878,0.6184519128232528,0.23228028651243385,0.10099069372905323,-0.004528438915319643,1.2316094892410674
H593-0ee088c09f80add39585ed84,OUTCOME-0774,1,2aa1e6c4bb63c1bf91f9200ac8983a2fdb8a3d86fcbc58c5f88c921023045af6,lox01-0004-14,True,409,M_FIRST,0.07696940733873799,1,0,True,0.052417164831354474,409,lox01-0004-14,0.07696940733873799,409,lox01-0004-14,True,409,lox01-0004-14,True,HOLD,0.07696940733873799,1,0.0,CORRECT,409,lox01-0004-14,True,HOLD,0.07696940733873799,1,0.0,CORRECT,BOTH_CORRECT,444,ost01-0006-12,False,-5.977032810591679,-5.25441755662371,True,0.16010029611499732,0.0,0.0,,444,1.2912500294802547,-2.0819757266664207,3.0288370730105902,2.34711543618225,0.1486905596322176,0.011505949711720177,1.2316094892410674
H593-8d6854acb79630102d79485a,OUTCOME-0779,2,b769c5976cb5ff7ce3b894e9be1b36db00c2256a127a7bbb82bac0dfb917368d,mirataz-06,True,418,M_FIRST,0.05586454512335374,1,0,True,0.01401239130155909,418,mirataz-06,0.05586454512335374,418,mirataz-06,True,418,mirataz-06,True,HOLD,0.05586454512335374,1,0.0,CORRECT,418,mirataz-06,True,HOLD,0.05586454512335374,1,0.0,CORRECT,BOTH_CORRECT,481,simplera-04,False,-6.936919785216916,-6.418347042062967,True,0.2861145794471085,0.0,0.0,,481,4.955524878589176,-0.9335518968022885,0.5313640143186356,0.9362239898540515,0.21067313111829586,-0.008824472844626164,1.2455101409836713
H593-772d4e717709ffb1faaa4751,OUTCOME-0781,2,b769c5976cb5ff7ce3b894e9be1b36db00c2256a127a7bbb82bac0dfb917368d,mirataz-06,True,418,M_RANK_2_5,0.03278100045678873,3,0,False,-0.0008925276995352394,1415,Anti2_label,0.03367352815632397,418,mirataz-06,True,418,mirataz-06,True,HOLD,0.03278100045678873,3,0.0,CORRECT,418,mirataz-06,True,HOLD,0.03278100045678873,3,0.0,CORRECT,BOTH_CORRECT,814,(BUX0ABS1)-Back-card,False,-2.5181647685705317,-1.933616761171341,True,0.4424901127039411,0.0,0.0,,814,0.4435721210621845,-1.144511399311657,0.4479945493196276,1.2685805661872698,0.24999410829075913,0.0070246820386762,1.2455101409836713
H593-856f6cccd12a19abbefd0068,OUTCOME-0791,2,b769c5976cb5ff7ce3b894e9be1b36db00c2256a127a7bbb82bac0dfb917368d,mirataz-06,True,418,M_RANK_11_128,0.018050504648104426,48,0,False,-0.023554094370098422,2932,PKG triple antibiotic ointment,0.04160459901820285,418,mirataz-06,True,418,mirataz-06,True,HOLD,0.018050504648104426,48,0.0,CORRECT,418,mirataz-06,True,HOLD,0.018050504648104426,48,0.0,CORRECT,BOTH_CORRECT,3279,bacitracin.carton,False,-5.163440613834676,-4.755866306325637,True,0.02302446888497034,0.0,0.0,,3279,4.449665436643032,0.638590083604847,-0.778713074847451,-0.4019088376226078,0.020526302422467627,-0.010229437349283789,1.2455101409836713
H593-49f22736fa0dc6e88308fe6e,OUTCOME-0792,2,b769c5976cb5ff7ce3b894e9be1b36db00c2256a127a7bbb82bac0dfb917368d,mirataz-06,True,418,M_FIRST,0.16413067560484043,1,0,True,0.11721645198259152,418,mirataz-06,0.16413067560484043,418,mirataz-06,True,418,mirataz-06,True,HOLD,0.16413067560484043,1,0.0,CORRECT,418,mirataz-06,True,HOLD,0.16413067560484043,1,0.0,CORRECT,BOTH_CORRECT,4547,lanozem,False,-8.417134216526959,-7.988780221528214,True,0.07227678714828834,0.0,0.0,,4547,4.930530317750285,-1.457143339110152,2.05808061168103,1.3996700920084344,0.24999411346316033,-0.00950772024947075,1.2455101409836713
H593-3871dee39d9099c42505f688,OUTCOME-0793,3,d03ec6170d58ac2d6198068ac9aa233411e9b70ad6019840f643fdabcc4a9adf,tul01-0001-02,True,499,M_FIRST,0.08200927879917475,1,0,True,0.041593936031409706,499,tul01-0001-02,0.08200927879917475,499,tul01-0001-02,True,499,tul01-0001-02,True,HOLD,0.08200927879917475,1,0.0,CORRECT,499,tul01-0001-02,True,HOLD,0.08200927879917475,1,0.0,CORRECT,BOTH_CORRECT,179,arovyn-03,False,-4.063060684748122,-3.580481927394725,True,0.1431826506138245,0.0,0.0,,179,0.6298346588379653,-0.8841228774148773,2.0595178200178523,0.8861858297658394,0.1309393862598289,-0.06065468495756639,1.3013605522390803
H593-61dd525ce4c64a94855321cf,OUTCOME-0794,3,d03ec6170d58ac2d6198068ac9aa233411e9b70ad6019840f643fdabcc4a9adf,tul01-0001-02,True,499,M_RANK_11_128,0.01645911105436277,40,0,False,-0.039969350130908,90,Doraject injectable solution-100 mL Carton,0.05642846118527077,499,tul01-0001-02,True,499,tul01-0001-02,True,HOLD,0.01645911105436277,40,0.0,CORRECT,90,Doraject injectable solution-100 mL Carton,False,SWITCH,0.05642846118527077,1,0.29411611238582525,RAW_CORRECT_BROKEN,BROKEN_BY_492,90,Doraject injectable solution-100 mL Carton,False,-0.24751066131638444,0.29411611238582525,True,0.30302602615260554,0.0,0.0,,90,1.1504951775360897,0.9149276021569236,-1.7725663060061796,-1.1515523562711454,-0.13770670228497248,-0.05744730605341171,1.3013605522390803
H593-ddead65d98e659c927cda92c,OUTCOME-0795,3,d03ec6170d58ac2d6198068ac9aa233411e9b70ad6019840f643fdabcc4a9adf,tul01-0001-02,True,499,M_RANK_11_128,0.01684444207920613,37,0,False,-0.031324515620038886,90,Doraject injectable solution-100 mL Carton,0.048168957699245014,499,tul01-0001-02,True,499,tul01-0001-02,True,HOLD,0.01684444207920613,37,0.0,CORRECT,499,tul01-0001-02,True,HOLD,0.01684444207920613,37,0.0,CORRECT,BOTH_CORRECT,92,Doraject injectable solution-500 mL Carton,False,-0.744286670540276,-0.29182385240116404,True,0.06165860155694247,0.0,0.0,,92,1.027245088667115,0.8076647163365837,-1.4888575171329914,-0.8647590937368412,-0.09983845477818297,0.06147137894551272,1.3013605522390803
H593-3bd92d539d92b456362d66d2,OUTCOME-0796,3,d03ec6170d58ac2d6198068ac9aa233411e9b70ad6019840f643fdabcc4a9adf,tul01-0001-02,True,499,M_FIRST,0.06980451494834027,1,0,True,0.020156802999196775,499,tul01-0001-02,0.06980451494834027,499,tul01-0001-02,True,499,tul01-0001-02,True,HOLD,0.06980451494834027,1,0.0,CORRECT,499,tul01-0001-02,True,HOLD,0.06980451494834027,1,0.0,CORRECT,BOTH_CORRECT,138,RESPIRmycin25_250mL_carton,False,-3.530347810304219,-3.035460724076365,True,0.17650137927208398,0.0,0.0,,138,1.3864121842617918,-0.5112274455781879,0.829868686234244,0.4581303336172831,0.09643554489974249,-0.030632045369735163,1.3013605522390803
H593-00f945a36392a04124513f2c,OUTCOME-0797,3,d03ec6170d58ac2d6198068ac9aa233411e9b70ad6019840f643fdabcc4a9adf,tul01-0001-02,True,499,M_RANK_2_5,0.02280255781868821,4,0,False,-0.009099306209021198,1042,50 & 100 Caplets_Page_2,0.031901864027709406,1403,Ampigrin_Ultra_Forte,False,1403,Ampigrin_Ultra_Forte,False,HOLD,0.017102263511754267,10,0.0,CHALLENGER_RANKING_BLOCKED,1042,50 & 100 Caplets_Page_2,False,SWITCH,0.031901864027709406,1,0.3578062804882952,CHALLENGER_RANKING_BLOCKED,BOTH_WRONG,1042,50 & 100 Caplets_Page_2,False,-0.315688793143968,0.3578062804882952,True,0.6599943968234376,-1.357338062182433,-1.357338062182433,3,1403,-0.5319863197152422,-0.06984130166407146,0.4617435055999564,-0.11507147480523794,0.13770670169400495,0.06147137894723781,-1.3013605522390803
H593-de5f802ba95b660402a7eb35,OUTCOME-0798,3,d03ec6170d58ac2d6198068ac9aa233411e9b70ad6019840f643fdabcc4a9adf,tul01-0001-02,True,499,M_RANK_11_128,0.01969690942060717,15,0,False,-0.01639030641681549,5201,ketorolac-tromethamine-07,0.03608721583742266,499,tul01-0001-02,True,499,tul01-0001-02,True,HOLD,0.01969690942060717,15,0.0,CORRECT,499,tul01-0001-02,True,HOLD,0.01969690942060717,15,0.0,CORRECT,BOTH_CORRECT,179,arovyn-03,False,-0.7544170074536896,-0.15404030406951497,True,0.4620624790887624,0.0,0.0,,179,0.03302907200052291,0.446360343724255,-0.21559873032439253,-0.611556148338417,-0.13770670295238777,-0.06147137889497137,1.3013605522390803
H593-497d7b354503fb6abfe8e638,OUTCOME-0799,3,d03ec6170d58ac2d6198068ac9aa233411e9b70ad6019840f643fdabcc4a9adf,tul01-0001-02,True,499,M_RANK_2_5,0.019159733185761755,5,0,False,-0.02338224347360753,90,Doraject injectable solution-100 mL Carton,0.042541976659369284,499,tul01-0001-02,True,499,tul01-0001-02,True,HOLD,0.019159733185761755,5,0.0,CORRECT,499,tul01-0001-02,True,HOLD,0.019159733185761755,5,0.0,CORRECT,BOTH_CORRECT,90,Doraject injectable solution-100 mL Carton,False,-2.16528188981014,-1.6858042315145507,True,0.1347879547047861,0.0,0.0,,90,1.9726251307517075,0.48863121387464276,-1.2249486031752623,-0.21087057299257483,-0.1377067026482637,-0.02380912823918958,1.3013605522390803
H593-dcd3ccb47c9158d5e5bf7f4f,OUTCOME-0800,3,d03ec6170d58ac2d6198068ac9aa233411e9b70ad6019840f643fdabcc4a9adf,tul01-0001-02,True,499,M_FIRST,0.1431811164390223,1,0,True,0.11728821194338175,499,tul01-0001-02,0.1431811164390223,499,tul01-0001-02,True,499,tul01-0001-02,True,HOLD,0.1431811164390223,1,0.0,CORRECT,499,tul01-0001-02,True,HOLD,0.1431811164390223,1,0.0,CORRECT,BOTH_CORRECT,36,250mLcarton,False,-4.651317211313751,-4.132334663645926,True,0.24172795469127717,0.0,0.0,,36,0.8588200388685994,-0.9362286639006607,2.299244934501649,1.055947411536224,0.13364431713920494,-0.06147137907034506,1.3013605522390803
H593-9d9064b348467a8bd0f8b9e3,OUTCOME-0801,3,d03ec6170d58ac2d6198068ac9aa233411e9b70ad6019840f643fdabcc4a9adf,tul01-0001-02,True,499,M_FIRST,0.11720291670304343,1,0,True,0.07155443625903835,499,tul01-0001-02,0.11720291670304343,499,tul01-0001-02,True,499,tul01-0001-02,True,HOLD,0.11720291670304343,1,0.0,CORRECT,499,tul01-0001-02,True,HOLD,0.11720291670304343,1,0.0,CORRECT,BOTH_CORRECT,147,SH230414C (250 ml Carton),False,-3.2288033336565967,-2.7179418238839723,True,0.21974425074466097,0.0,0.0,,147,0.5041077800503326,-0.7354990878445061,1.4202799728731006,0.6845858842468808,0.11308558744864275,-0.05911735535693406,1.3013605522390803
H593-439c6d740783fc06dffdae7a,OUTCOME-0802,3,d03ec6170d58ac2d6198068ac9aa233411e9b70ad6019840f643fdabcc4a9adf,tul01-0001-02,True,499,M_FIRST,0.14547610426126784,1,0,True,0.053280453388264495,499,tul01-0001-02,0.14547610426126784,499,tul01-0001-02,True,499,tul01-0001-02,True,HOLD,0.14547610426126784,1,0.0,CORRECT,499,tul01-0001-02,True,HOLD,0.14547610426126784,1,0.0,CORRECT,BOTH_CORRECT,179,arovyn-03,False,-2.5331969304349595,-2.038646235890955,True,0.17559076473201118,0.0,0.0,,179,0.658952555120239,-0.3474982874125768,0.7246348653627709,0.20926355517375303,-0.00014886042380143246,-0.013367449624505373,1.3013605522390803
H593-acbecf04ad7226d889b6b827,OUTCOME-0804,3,d03ec6170d58ac2d6198068ac9aa233411e9b70ad6019840f643fdabcc4a9adf,tul01-0001-02,True,499,M_FIRST,0.1373910386440854,1,0,True,0.06614299713218873,499,tul01-0001-02,0.1373910386440854,499,tul01-0001-02,True,499,tul01-0001-02,True,HOLD,0.1373910386440854,1,0.0,CORRECT,499,tul01-0001-02,True,HOLD,0.1373910386440854,1,0.0,CORRECT,BOTH_CORRECT,138,RESPIRmycin25_250mL_carton,False,-3.2293441481795844,-2.7219102299549607,True,0.21046573747904684,0.0,0.0,,138,1.0542973320475122,-0.5759029773414613,1.0247480448155837,0.4953885147980508,-0.03668353720521392,-0.03386378117396736,1.3013605522390803
H593-45a4b48fd7d584ff912c32cd,OUTCOME-0805,3,d03ec6170d58ac2d6198068ac9aa233411e9b70ad6019840f643fdabcc4a9adf,tul01-0001-02,True,499,M_FIRST,0.15393836332084246,1,0,True,0.12473039209327161,499,tul01-0001-02,0.15393836332084246,499,tul01-0001-02,True,499,tul01-0001-02,True,HOLD,0.15393836332084246,1,0.0,CORRECT,499,tul01-0001-02,True,HOLD,0.15393836332084246,1,0.0,CORRECT,BOTH_CORRECT,373,inc00-0000-04,False,-5.157289891561319,-4.726864401017204,True,0.0020034082337678782,0.0,0.0,,373,0.4734345656901821,-0.9951990192173904,2.834877192176971,1.4665812764007216,0.1377067033422619,-0.061471379070507856,1.3013605522390803
H593-4a83dc5dd057d6229c12ae0e,OUTCOME-0806,3,d03ec6170d58ac2d6198068ac9aa233411e9b70ad6019840f643fdabcc4a9adf,tul01-0001-02,True,499,M_RANK_11_128,0.01147422182786527,42,0,False,-0.015861224633916128,4937,adalimumab-aaty-44,0.0273354464617814,499,tul01-0001-02,True,499,tul01-0001-02,True,HOLD,0.01147422182786527,42,0.0,CORRECT,499,tul01-0001-02,True,HOLD,0.01147422182786527,42,0.0,CORRECT,BOTH_CORRECT,146,SH230414B (100 ml Carton),False,-2.4451319017277107,-1.7664206083116336,True,0.6741147386969328,0.0,0.0,,146,1.350418197286293,-0.043292822218374806,-0.43854405974941124,0.27786678131157727,0.058794631772052394,-0.06147137891350644,1.3013605522390803
H593-276677dccfa68da5f45534b2,OUTCOME-0807,3,d03ec6170d58ac2d6198068ac9aa233411e9b70ad6019840f643fdabcc4a9adf,tul01-0001-02,False,,TARGET_ABSENT,,,,False,,195,ato02-0002-13,0.058356789075592316,1243,ART-SP10764,False,1243,ART-SP10764,False,HOLD,0.023092700806915153,73,0.0,TARGET_ABSENT,1243,ART-SP10764,False,HOLD,0.023092700806915153,73,0.0,TARGET_ABSENT,BOTH_WRONG,1261,ART_12708455,False,-0.6907808507692992,-0.12794622172624348,True,0.3604358325310917,,,,,,,,,,,
H593-ff10afe9bea632bb497326c1,OUTCOME-0808,2,7abc0d7c0e302804a40dcf309dece25b925a424ae8a43fd70cd693d41ebfc54f,vetoryl-09,True,512,M_RANK_2_5,0.11750312851493881,2,0,False,-0.0023773035241646256,507,vetoryl-04,0.11988043203910344,512,vetoryl-09,True,512,vetoryl-09,True,HOLD,0.11750312851493881,2,0.0,CORRECT,512,vetoryl-09,True,HOLD,0.11750312851493881,2,0.0,CORRECT,BOTH_CORRECT,507,vetoryl-04,False,-1.2839189442258019,-0.8788202461029946,True,0.017156743422460652,0.0,0.0,,507,0.06140390680797931,0.009772306071195933,-0.03710929164091937,0.007631179919172539,-0.0031652453053849358,-0.00012405260991283498,1.2455101409836713
H593-17e5724183278e475c4a304d,OUTCOME-0809,2,7abc0d7c0e302804a40dcf309dece25b925a424ae8a43fd70cd693d41ebfc54f,vetoryl-09,True,512,M_RANK_2_5,0.023567902019544385,3,0,False,-0.005577705901561925,5005,carton-100mg-100-unit-dose,0.02914560792110631,508,vetoryl-05,False,508,vetoryl-05,False,HOLD,0.013620083376711924,33,0.0,TARGET_TOP_BUT_HOLD,512,vetoryl-09,True,SWITCH,0.023567902019544385,3,0.021901036589105027,CORRECT,RESCUED_BY_492,512,vetoryl-09,True,-0.7005115399484397,0.021901036589105027,True,0.7692587245899999,-0.7005115399484397,0.021901036589105027,1,508,-0.10157439861918588,-0.4014510603655828,0.9912287208170666,-0.03503920005211374,0.08462353558636646,0.007211003668680939,-1.2455101409836713
H593-0923651f03329ad9587b7927,OUTCOME-0810,2,7abc0d7c0e302804a40dcf309dece25b925a424ae8a43fd70cd693d41ebfc54f,vetoryl-09,True,512,M_RANK_6_10,0.02231057943766387,8,0,False,-0.016349721155212955,426,noc01-0000-12,0.038660300592876826,508,vetoryl-05,False,508,vetoryl-05,False,HOLD,0.019658792327087823,16,0.0,CHALLENGER_RANKING_BLOCKED,508,vetoryl-05,False,HOLD,0.019658792327087823,16,0.0,CHALLENGER_RANKING_BLOCKED,BOTH_WRONG,510,vetoryl-07,False,-1.64624049704425,-1.2113822451774372,True,0.0876932716113541,-2.6278640997752163,-2.6278640997752163,15,508,-1.5036845920827238,-0.5196955168487837,0.2341288094945206,0.520760202879037,-0.11188110321887852,-0.001981759014717078,-1.2455101409836713
H593-19cc2c81ca081e39a7d72b99,OUTCOME-0811,2,7abc0d7c0e302804a40dcf309dece25b925a424ae8a43fd70cd693d41ebfc54f,vetoryl-09,True,512,M_RANK_6_10,0.02205479793010359,7,0,False,-0.017521061339699644,426,noc01-0000-12,0.03957585926980323,337,felimazole-03,False,337,felimazole-03,False,HOLD,0.014236254125865155,36,0.0,CHALLENGER_RANKING_BLOCKED,337,felimazole-03,False,HOLD,0.014236254125865155,36,0.0,CHALLENGER_RANKING_BLOCKED,BOTH_WRONG,508,vetoryl-05,False,-0.8856472588490647,-0.16915079737825128,True,0.7552362623997768,-2.5693569434196517,-2.5693569434196517,11,337,-1.6640961576727176,-0.01138128299896015,0.798316278745682,-0.4071175754248903,-0.04979750240024619,0.010229437315151678,-1.2455101409836713
H593-53f1fabaea0e77a8ad271caf,OUTCOME-0812,2,7abc0d7c0e302804a40dcf309dece25b925a424ae8a43fd70cd693d41ebfc54f,vetoryl-09,True,512,M_RANK_2_5,0.047133042792670346,3,0,False,-0.00570546455882065,291,der0k-0003-12,0.052838507351490996,507,vetoryl-04,False,507,vetoryl-04,False,HOLD,0.042587915221357166,4,0.0,TARGET_TOP_BUT_HOLD,507,vetoryl-04,False,HOLD,0.042587915221357166,4,0.0,TARGET_TOP_BUT_HOLD,BOTH_WRONG,512,vetoryl-09,True,-1.2903387858053046,-0.8380886556125826,True,0.12891575519918086,-1.2903387858053046,-1.2903387858053046,1,507,-0.21726810234644237,-0.17303409215472063,0.18771580708381022,0.11265250989069076,0.04607016391564431,-0.000964931210615544,-1.2455101409836713
H593-04bd54f85fedc55966f9ee04,OUTCOME-0813,2,7abc0d7c0e302804a40dcf309dece25b925a424ae8a43fd70cd693d41ebfc54f,vetoryl-09,True,512,M_RANK_11_128,0.013976071946035406,50,0,False,-0.019209928434411144,290,der0k-0003-08,0.03318600038044655,512,vetoryl-09,True,512,vetoryl-09,True,HOLD,0.013976071946035406,50,0.0,CORRECT,512,vetoryl-09,True,HOLD,0.013976071946035406,50,0.0,CORRECT,BOTH_CORRECT,510,vetoryl-07,False,-0.9777745739522954,-0.47435565379486305,True,0.2501967672326495,0.0,0.0,,510,0.07818676232353783,0.15208745901814003,-0.413401281661026,0.03267651587128406,-0.11643840414790406,-0.0008466184354077353,1.2455101409836713
H593-56ea0b6924407c2819a6f9f9,OUTCOME-0814,2,7abc0d7c0e302804a40dcf309dece25b925a424ae8a43fd70cd693d41ebfc54f,vetoryl-09,True,512,M_RANK_6_10,0.023414264746626876,10,0,False,-0.009077330154011735,209,bd18d5b3-7e0b-420f-94d9-0fa8470e9a50-04,0.03249159490063861,508,vetoryl-05,False,508,vetoryl-05,False,HOLD,0.021307415034361826,16,0.0,CHALLENGER_RANKING_BLOCKED,508,vetoryl-05,False,HOLD,0.021307415034361826,16,0.0,CHALLENGER_RANKING_BLOCKED,BOTH_WRONG,337,felimazole-03,False,-1.492749371750346,-1.056090772536381,True,0.09196048114327748,-2.490615882535424,-2.490615882535424,12,508,-1.2307535616316783,-0.3436998036599337,0.17456779224847693,0.3302931413015674,-0.17100364261895698,-0.0045096671912281845,-1.2455101409836713
H593-d95db08b3f39be7256ba6c14,OUTCOME-0815,2,7abc0d7c0e302804a40dcf309dece25b925a424ae8a43fd70cd693d41ebfc54f,vetoryl-09,True,512,M_RANK_2_5,0.18857266481877544,2,0,False,-0.0009952795049949226,510,vetoryl-07,0.18956794432377036,337,felimazole-03,False,508,vetoryl-05,False,SWITCH,0.16647623674058354,6,0.9596945772561991,CHALLENGER_RANKING_BLOCKED,508,vetoryl-05,False,SWITCH,0.16647623674058354,6,0.9596945772561991,CHALLENGER_RANKING_BLOCKED,BOTH_WRONG,508,vetoryl-05,False,0.9596945772561991,1.5094464753619021,False,0.36001586711689826,-0.2578673462610769,-0.2578673462610769,6,508,-1.3424336394900034,-0.013388202082487366,0.07620095584589803,0.06205896227382146,-3.852138052984344e-11,-2.598335088754844e-11,0.0
H593-bb070f8673390afcb71bba1f,OUTCOME-0816,2,7abc0d7c0e302804a40dcf309dece25b925a424ae8a43fd70cd693d41ebfc54f,vetoryl-09,True,512,M_FIRST,0.1494443408479459,1,0,True,0.0006513971649619588,512,vetoryl-09,0.1494443408479459,512,vetoryl-09,True,512,vetoryl-09,True,HOLD,0.1494443408479459,1,0.0,CORRECT,512,vetoryl-09,True,HOLD,0.1494443408479459,1,0.0,CORRECT,BOTH_CORRECT,511,vetoryl-08,False,-1.3035828970754861,-0.9002234201059374,True,0.01303441608654543,0.0,0.0,,511,0.04239272283871355,-0.01787956287681935,0.020908966593305423,0.010780952017858841,0.002484338654214734,-0.0006146611354582992,1.2455101409836713
H593-264b94be0b6f4ab3ec07cfb5,OUTCOME-0817,2,7abc0d7c0e302804a40dcf309dece25b925a424ae8a43fd70cd693d41ebfc54f,vetoryl-09,True,512,M_RANK_11_128,0.019355525036519685,21,0,False,-0.00718647687789644,5079,dabigartanblistercartonlabel110mg,0.026542001914416125,512,vetoryl-09,True,512,vetoryl-09,True,HOLD,0.019355525036519685,21,0.0,CORRECT,512,vetoryl-09,True,HOLD,0.019355525036519685,21,0.0,CORRECT,BOTH_CORRECT,508,vetoryl-05,False,-1.3201316065496624,-0.8982346896597329,True,0.056972126468283424,0.0,0.0,,508,0.12553149840891212,-0.021929583344846643,0.20888194458661272,-0.083328041257721,-0.1647637901823175,0.010229437355351445,1.2455101409836713
H593-8bb2544752c9d69209d15c50,OUTCOME-0818,2,7abc0d7c0e302804a40dcf309dece25b925a424ae8a43fd70cd693d41ebfc54f,vetoryl-09,True,512,M_FIRST,0.1557434682122843,1,0,True,0.00031765589216944945,512,vetoryl-09,0.1557434682122843,511,vetoryl-08,False,511,vetoryl-08,False,HOLD,0.15387646208684283,3,0.0,TARGET_TOP_BUT_HOLD,511,vetoryl-08,False,HOLD,0.15387646208684283,3,0.0,TARGET_TOP_BUT_HOLD,BOTH_WRONG,512,vetoryl-09,True,-1.252775622541084,-0.8418829897643887,True,0.03088961181672878,-1.252775622541084,-1.252775622541084,1,511,-0.011180129415924374,-0.010118249945669091,0.022344235711979007,0.0005656647805223459,-0.008419789917344002,-0.0004572127709764688,-1.2455101409836713
H593-820e5167c392828d4e579768,OUTCOME-0819,2,7abc0d7c0e302804a40dcf309dece25b925a424ae8a43fd70cd693d41ebfc54f,vetoryl-09,True,512,M_FIRST,0.07972710733233733,1,0,True,0.00269966268582926,512,vetoryl-09,0.07972710733233733,507,vetoryl-04,False,507,vetoryl-04,False,HOLD,0.07344700479715086,5,0.0,CHALLENGER_RANKING_BLOCKED,507,vetoryl-04,False,HOLD,0.07344700479715086,5,0.0,CHALLENGER_RANKING_BLOCKED,BOTH_WRONG,511,vetoryl-08,False,-1.177746464521498,-0.75572967746047,True,0.05725624449557021,-1.235002709017068,-1.235002709017068,2,507,-0.11187381461141747,-0.08870935842464527,0.15192527555999125,0.028177500974354515,0.031022544594669445,-3.4716126349217856e-05,-1.2455101409836713
H593-c311ba2ac614da95fb3ed97e,OUTCOME-0820,2,7abc0d7c0e302804a40dcf309dece25b925a424ae8a43fd70cd693d41ebfc54f,vetoryl-09,True,512,M_RANK_11_128,0.01758542207514334,47,0,False,-0.03530395262552775,516,zycosan-03,0.05288937470067109,72,80mgCarton,False,72,80mgCarton,False,HOLD,0.014732439211177357,55,0.0,CHALLENGER_RANKING_BLOCKED,72,80mgCarton,False,HOLD,0.014732439211177357,55,0.0,CHALLENGER_RANKING_BLOCKED,BOTH_WRONG,27,20mgCarton,False,-0.9368477285849863,-0.514513655223201,True,0.05800828111177214,-2.676341728862073,-2.676341728862073,31,72,-1.351686480055043,0.5525411049825885,0.32711858611617745,-0.8206396867630822,-0.14509235681270002,0.006927244653657462,-1.2455101409836713
H593-600a237ce0d7753df38cf902,OUTCOME-0821,2,7abc0d7c0e302804a40dcf309dece25b925a424ae8a43fd70cd693d41ebfc54f,vetoryl-09,True,512,M_FIRST,0.08049304508412283,1,0,True,0.0018811134149828157,512,vetoryl-09,0.08049304508412283,507,vetoryl-04,False,507,vetoryl-04,False,HOLD,0.07720483064904216,4,0.0,TARGET_TOP_BUT_HOLD,507,vetoryl-04,False,HOLD,0.07720483064904216,4,0.0,TARGET_TOP_BUT_HOLD,BOTH_WRONG,512,vetoryl-09,True,-1.2343588725724344,-0.806119797205564,True,0.07200440296124899,-1.2343588725724344,-1.2343588725724344,1,507,-0.054589918375477484,-0.04759499556587095,0.07726502655151275,0.01733073519435047,0.01864106491210137,9.935569462072555e-05,-1.2455101409836713
