query_id,display_id,fold,component,raw_correct,cost1_correct,target_in_C128,raw_physical,final_physical,target_physical,max_M_physical,max_M_correct,max_M_tie_count,action,best_challenger_correct,max_logit,target_logit,target_M,raw_M,final_M,target_minus_final_M,target_minus_strongest_wrong_M,M_strict_rank,M_ties_with_wrong,M_unique_first,M_above_final,head_challenger_rank
H593-0091cc1b5a6f73a4ad8d88ae,OUTCOME-0581,4,fa72f98eeda7c16b4963aa2c9a26bb7b6da07062d61f1935ff18b1204cf99a43,True,True,True,3144,3144,3144,3144,True,1,HOLD,False,-2.639284076761962,0.0,0.13697635670066444,0.13697635670066444,0.13697635670066444,0.0,0.03317327037323553,1,0,True,False,
H593-00db0e83284b1620da33639a,NDV2-010-P01,0,5993f2caf420c9a99c193d33f748eea45f5c55ab4832c947913f7c005ada8f7b,True,True,True,64,64,64,15,False,1,HOLD,False,-1.2355836746985418,0.0,0.21165204830458573,0.21165204830458573,0.21165204830458573,0.0,-0.0043550952590317715,4,0,False,False,
H593-00f945a36392a04124513f2c,OUTCOME-0797,3,d03ec6170d58ac2d6198068ac9aa233411e9b70ad6019840f643fdabcc4a9adf,False,False,True,1403,1403,499,1042,False,1,HOLD,False,-0.315688793143968,-1.357338062182433,0.02280255781868821,0.017102263511754267,0.017102263511754267,0.005700294306933942,-0.009099306209021198,4,0,False,True,3
H593-01371ddf81e97f382dca84d8,NDV2-010-P04,0,5993f2caf420c9a99c193d33f748eea45f5c55ab4832c947913f7c005ada8f7b,True,True,True,64,64,64,15,False,1,HOLD,False,-1.180453303050814,0.0,0.17815869017818908,0.17815869017818908,0.17815869017818908,0.0,-0.01566040346087988,3,0,False,False,
H593-01539eca5c5afd1c6d5ccda2,OUTCOME-0325,0,27398dad6e577a6cdc7867303a9c586cdf14f835803381e1ac3586b1bec33c43,True,True,True,4855,4855,4855,4855,True,1,HOLD,False,-6.052040487861493,0.0,0.15300134658978834,0.15300134658978834,0.15300134658978834,0.0,0.09684493253163978,1,0,True,False,
H593-0188e7f7150a7aaf05c23614,OUTCOME-0760,1,a5cc6cd71cb98a23641d9032f2abdbe55a284b95eedc14e13d1ab9d93b7adc76,True,True,True,4798,4798,4798,4798,True,1,HOLD,False,-5.1119265228148425,0.0,0.07765543486411347,0.07765543486411347,0.07765543486411347,0.0,0.02958660713858282,1,0,True,False,
H593-02060e3d320616b952a39654,OUTCOME-0727,2,0afd089c456e855f9466067a75179f94b4fb386831d044fd18ff0bcd22e0d3f4,True,True,True,304,304,304,304,True,1,HOLD,False,-3.7815249176453922,0.0,0.11836053374024598,0.11836053374024598,0.11836053374024598,0.0,0.07265820388590286,1,0,True,False,
H593-021e62b31ffbd6d351d13e91,OUTCOME-0282,4,c36d84d6c8d54c84a5f0b431f53eb8775569f16793018d5e6c57459cf8e20e49,False,False,False,3128,3128,,2991,False,1,HOLD,False,-0.06850896848116816,,,,,,,,,,,
H593-02543adf69ee9391380f4ee6,NDV2-007-P03,0,e5b4f86a4d49af3ede0ecdd200dfae35f36ef1fb29c77d00e2fc254648085e0e,True,True,True,4830,4830,4830,4830,True,1,HOLD,False,-4.015932280154733,0.0,0.12747592099063648,0.12747592099063648,0.12747592099063648,0.0,0.061593171162339935,1,0,True,False,
H593-028ab5aaff186d9fc48a7f19,DIFFICULT-0014,4,7309194c945cf747ac938c081c8e1c7587ee93c9427836b98aa713829ad9307b,False,True,True,1787,996,996,996,True,1,SWITCH,True,1.7881448617299547,1.7881448617299547,0.09928390778189192,0.008960596766489208,0.09928390778189192,0.0,0.03746626292317254,1,0,True,False,1
H593-02ce6b371f2907428fc96ffe,OUTCOME-0624,4,ef7d75f57f11d1174b60813355c0cf7d7dce1009b41f2c7a54cf612906b3dea7,True,True,True,3238,3238,3238,4504,False,1,HOLD,False,-0.8843806200989703,0.0,0.030550880611447607,0.030550880611447607,0.030550880611447607,0.0,-0.04836909745779838,28,0,False,False,
H593-03168677fa508c139372f0ed,OUTCOME-0249,2,4d5d4731b2c45171a86a8690a5b3a1819d26c3dd6226f61b0f9104c2f6f56484,True,True,True,1032,1032,1032,1032,True,1,HOLD,False,-5.455490827916023,0.0,0.15614557364221765,0.15614557364221765,0.15614557364221765,0.0,0.1101380157528298,1,0,True,False,
H593-04953480712cfc6b638e8fb2,OUTCOME-0631,4,ef7d75f57f11d1174b60813355c0cf7d7dce1009b41f2c7a54cf612906b3dea7,True,True,True,3238,3238,3238,3238,True,1,HOLD,False,-5.848428225526318,0.0,0.23806776810267938,0.23806776810267938,0.23806776810267938,0.0,0.19856702483225047,1,0,True,False,
H593-04bd54f85fedc55966f9ee04,OUTCOME-0813,2,7abc0d7c0e302804a40dcf309dece25b925a424ae8a43fd70cd693d41ebfc54f,True,True,True,512,512,512,290,False,1,HOLD,False,-0.9777745739522954,0.0,0.013976071946035406,0.013976071946035406,0.013976071946035406,0.0,-0.019209928434411144,50,0,False,False,
H593-0576bfe455276d27cc059542,OUTCOME-0495,2,0748babacede700838aa4a895d8d3238fc567929c58d772ed17e063e9856bb96,True,True,True,1424,1424,1424,1091,False,1,HOLD,False,-3.0848387035686597,0.0,0.03259606056431361,0.03259606056431361,0.03259606056431361,0.0,-0.03761612124285369,16,0,False,False,
H593-059423d2642d803097a5e092,NDV2-003-P04,0,5993f2caf420c9a99c193d33f748eea45f5c55ab4832c947913f7c005ada8f7b,True,True,True,19,19,19,19,True,1,HOLD,False,-1.205504157448755,0.0,0.23111286462995043,0.23111286462995043,0.23111286462995043,0.0,0.004090740514956448,1,0,True,False,
H593-059b70b913c381ca4c02e851,OUTCOME-0002,1,1c37c8c6064f3ee8446595a55b1d8fb0394f2b039c86eb060704e75d998d0d11,True,True,True,518,518,518,518,True,1,HOLD,False,-3.8049749815935723,0.0,0.14143646456533238,0.14143646456533238,0.14143646456533238,0.0,0.0562741402986366,1,0,True,False,
H593-05b3ce4ffdc0d30f9d3abac9,OUTCOME-0706,0,86244889a9cf4aa3df9f971885f8dfcec40ce965b829d12b7deb1eb31c2e4e44,True,True,True,5053,5053,5053,5053,True,1,HOLD,False,-2.503974421957782,0.0,0.02206056969213327,0.02206056969213327,0.02206056969213327,0.0,0.0004692184278581833,1,0,True,False,
H593-064aa36809b4f00051cb821a,OUTCOME-0058,4,caadf690e51b6ae8aa69d3ebfb189f9ae43f3e3bde9aadd83d79e71a9ed27df7,True,True,True,0,0,0,5201,False,1,HOLD,False,-3.7878296238188875,0.0,0.02280896206203937,0.02280896206203937,0.02280896206203937,0.0,-0.014791700062451493,5,0,False,False,
H593-068d4310663d131f8027b587,DIFFICULT-0060,1,f16447b66992689bdb8350dadcb85602511b1bd2c18265a511e90bf7d2910d9c,True,True,True,3368,3368,3368,3368,True,1,HOLD,False,-3.9368949401717197,0.0,0.1061468623066336,0.1061468623066336,0.1061468623066336,0.0,0.06048325031529112,1,0,True,False,
H593-07197c3f4badd640f6859f5e,OUTCOME-0047,4,caadf690e51b6ae8aa69d3ebfb189f9ae43f3e3bde9aadd83d79e71a9ed27df7,True,True,True,0,0,0,4811,False,1,HOLD,False,-2.68304523055207,0.0,0.007662753969332456,0.007662753969332456,0.007662753969332456,0.0,-0.03733772001432151,82,0,False,False,
H593-0745854000292039c9c10f33,DIFFICULT-0044,1,a7e2eb3376d106cbd8cfa0ddaf20047219e210af69c8abeada87a180f2a8e2a9,False,True,True,4367,1130,1130,1008,False,1,SWITCH,True,0.4575468409013739,0.4575468409013739,0.03171990017193316,0.01145959401955925,0.03171990017193316,0.0,-0.0011120123082406785,3,0,False,False,1
H593-08297e272b0164e6fdd42e9f,DIFFICULT-0050,1,a7e2eb3376d106cbd8cfa0ddaf20047219e210af69c8abeada87a180f2a8e2a9,False,False,True,3368,3368,1130,1130,True,1,HOLD,True,-1.8590935447762154,-1.8590935447762154,0.07120252006121276,0.04878928150149028,0.04878928150149028,0.022413238559722486,0.01723142813086389,1,0,True,True,1
H593-082cd2a46d9b304893a3587c,OUTCOME-0366,0,f15f4acea549124570f8e5b5e20c5575b2b6e0d49386891fe5a7552afc90436f,True,True,True,4865,4865,4865,4865,True,1,HOLD,False,-4.533595823893483,0.0,0.07339869332815051,0.07339869332815051,0.07339869332815051,0.0,0.0346857930590092,1,0,True,False,
H593-0923651f03329ad9587b7927,OUTCOME-0810,2,7abc0d7c0e302804a40dcf309dece25b925a424ae8a43fd70cd693d41ebfc54f,False,False,True,508,508,512,426,False,1,HOLD,False,-1.64624049704425,-2.6278640997752163,0.02231057943766387,0.019658792327087823,0.019658792327087823,0.0026517871105760475,-0.016349721155212955,8,0,False,True,15
H593-094186f2ba40a8fa08ad355b,OUTCOME-0711,0,86244889a9cf4aa3df9f971885f8dfcec40ce965b829d12b7deb1eb31c2e4e44,True,True,True,5053,5053,5053,5053,True,1,HOLD,False,-4.558299376894469,0.0,0.16377520191660402,0.16377520191660402,0.16377520191660402,0.0,0.11839042631877875,1,0,True,False,
H593-097dd2637a0f46ccbfb61ff4,OUTCOME-0254,2,4d5d4731b2c45171a86a8690a5b3a1819d26c3dd6226f61b0f9104c2f6f56484,True,True,True,1032,1032,1032,1032,True,1,HOLD,False,-3.247547799045098,0.0,0.0895803666639705,0.0895803666639705,0.0895803666639705,0.0,0.0470801235752122,1,0,True,False,
H593-09ce47090a8b579fa3833638,OUTCOME-0392,0,dabd4e44228b0c3fe4d6e936d82cc48dbee71a26baad248be0f99f22cd2424cf,True,True,True,1145,1145,1145,1145,True,1,HOLD,False,-2.8567078756427478,0.0,0.04090971989711675,0.04090971989711675,0.04090971989711675,0.0,0.0040753918713136925,1,0,True,False,
H593-0a87021a30d8b6a9de32f2b3,OUTCOME-0310,0,69e8433234f6613d539957d8cd900a9503c3e7bceb31e12adec7cfa0adc6368b,True,True,True,1114,1114,1114,1114,True,1,HOLD,False,-4.162493761340471,0.0,0.031572267799416985,0.031572267799416985,0.031572267799416985,0.0,0.0009183674066317628,1,0,True,False,
H593-0ac0e839567fe775450fa642,OUTCOME-0262,3,d39c757e2a4c76e8e9403fd84708b3c233de7ca0b40197f435ceb3a48272b73f,True,True,True,608,608,608,608,True,1,HOLD,False,-6.874483069044401,0.0,0.18430714092883943,0.18430714092883943,0.18430714092883943,0.0,0.13216831065025253,1,0,True,False,
H593-0c19fd5a9f5839f926c4ae57,OUTCOME-0352,1,f4cb26eef9646d6dfd71a5bdba8092d2e0f934cd5f8e9ffe627d7c9ba8444f36,True,True,True,4861,4861,4861,4861,True,1,HOLD,False,-7.581122558275597,0.0,0.13706514268314482,0.13706514268314482,0.13706514268314482,0.0,0.08834969765037279,1,0,True,False,
H593-0c251f2d0b52c9cde036edc1,OUTCOME-0437,1,055e3d0a2ba828c5df95354fc5d80825fa129f679641c7a5ba585b5c8911a1f9,True,True,True,1322,1322,1322,1322,True,1,HOLD,False,-1.804257080331552,0.0,0.06804696638407255,0.06804696638407255,0.06804696638407255,0.0,0.010601172653439045,1,0,True,False,
H593-0c93295a4efc661bc7464f47,OUTCOME-0159,3,162fd69cd74c8e3f1f06ce6bb5fec631f657a623f060862dbcc70a39fc026e96,False,True,True,1873,567,567,567,True,1,SWITCH,True,1.3457833369640164,1.3457833369640164,0.0750279011477708,0.012238124910842363,0.0750279011477708,0.0,0.035204611430295636,1,0,True,False,1
H593-0d8db033f048bf0a40089770,DIFFICULT-0128,2,c04b390c7ae86a0d21958115ce19bd1ed22c76ff1b8fb240f01405c8bf9231ec,True,True,True,480,480,480,2088,False,1,HOLD,False,-2.313289115969113,0.0,0.014039401298726542,0.014039401298726542,0.014039401298726542,0.0,-0.02076766270437952,70,0,False,False,
H593-0dc7d62664f27ce00d40a1ab,OUTCOME-0471,1,1efff5d5855cab66509977a0b8d496f45b9a66147726f1323cdd42a873075386,True,True,True,1402,1402,1402,1402,True,1,HOLD,False,-3.079446391620674,0.0,0.1341726333167842,0.1341726333167842,0.1341726333167842,0.0,0.07725596644564899,1,0,True,False,
H593-0dd4951a9b49124b8f24958f,OUTCOME-0342,0,8ad47f26cd065ca57d3a68d2c5f31cd9eeb977294c710ac87f6e9c84b24866ea,True,True,True,1134,1134,1134,1134,True,1,HOLD,False,-1.6665120517846908,0.0,0.1219205378502541,0.1219205378502541,0.1219205378502541,0.0,0.030373587783249792,1,0,True,False,
H593-0de8c65af51ef20333889d71,OUTCOME-0253,2,4d5d4731b2c45171a86a8690a5b3a1819d26c3dd6226f61b0f9104c2f6f56484,True,True,True,1032,1032,1032,4030,False,1,HOLD,False,-2.4568191302018496,0.0,0.06354679574318235,0.06354679574318235,0.06354679574318235,0.0,-0.03418610916567806,5,0,False,False,
H593-0e5d73ab749914eaaeb680ae,OUTCOME-0338,0,8ad47f26cd065ca57d3a68d2c5f31cd9eeb977294c710ac87f6e9c84b24866ea,False,False,False,4075,4075,,4326,False,1,HOLD,False,-1.40760623577573,,,,,,,,,,,
H593-0e8e2230acf18be9984a101b,OUTCOME-0332,0,8ad47f26cd065ca57d3a68d2c5f31cd9eeb977294c710ac87f6e9c84b24866ea,True,True,True,1134,1134,1134,1134,True,1,HOLD,False,-1.8130269144918978,0.0,0.07856866724012024,0.07856866724012024,0.07856866724012024,0.0,0.026031606627997403,1,0,True,False,
H593-0ee088c09f80add39585ed84,OUTCOME-0774,1,2aa1e6c4bb63c1bf91f9200ac8983a2fdb8a3d86fcbc58c5f88c921023045af6,True,True,True,409,409,409,409,True,1,HOLD,False,-5.977032810591679,0.0,0.07696940733873799,0.07696940733873799,0.07696940733873799,0.0,0.052417164831354474,1,0,True,False,
H593-102e05de4bdefbe546c83578,OUTCOME-0406,0,1f59b78808c09c6bf68702306ba72c84cbbb75e1dfc61bab3c7f1b99aee3b17d,False,False,False,2728,1800,,1800,False,1,SWITCH,False,0.1869243239645244,,,,,,,,,,,
H593-106aa1a451e3f1c3a21d37fe,OUTCOME-0476,1,1efff5d5855cab66509977a0b8d496f45b9a66147726f1323cdd42a873075386,False,True,True,1022,1402,1402,1402,True,1,SWITCH,True,1.323790041087625,1.323790041087625,0.13293725116340283,0.007924146074631332,0.13293725116340283,0.0,0.09180019232897402,1,0,True,False,1
H593-10e669d82eed33568754dbb1,OUTCOME-0596,4,fa72f98eeda7c16b4963aa2c9a26bb7b6da07062d61f1935ff18b1204cf99a43,True,True,True,3144,3144,3144,3144,True,1,HOLD,False,-5.018511682785801,0.0,0.10991312008306324,0.10991312008306324,0.10991312008306324,0.0,0.08063621789265611,1,0,True,False,
H593-118dee9f38aacba8f825b966,OUTCOME-0770,1,2aa1e6c4bb63c1bf91f9200ac8983a2fdb8a3d86fcbc58c5f88c921023045af6,True,True,True,409,409,409,409,True,1,HOLD,False,-5.498965893243286,0.0,0.07118956883261285,0.07118956883261285,0.07118956883261285,0.0,0.0549707548079144,1,0,True,False,
H593-12c93384cd26eac2b57b065b,DIFFICULT-0017,4,7309194c945cf747ac938c081c8e1c7587ee93c9427836b98aa713829ad9307b,False,True,True,3407,996,996,996,True,1,SWITCH,True,1.729417157180421,1.729417157180421,0.10027645911898343,0.014808307013883346,0.10027645911898343,0.0,0.06306608835800766,1,0,True,False,1
H593-135d0a301829fc765ac62aca,OUTCOME-0635,4,ef7d75f57f11d1174b60813355c0cf7d7dce1009b41f2c7a54cf612906b3dea7,False,False,True,2501,2501,3238,4504,False,1,HOLD,True,-0.6070386415921639,-0.6070386415921639,0.07086417771744946,0.04411569509749695,0.04411569509749695,0.02674848261995251,-0.011823733462500582,2,0,False,True,1
H593-13e342e35a49ea7a9a10b5ce,OUTCOME-0687,2,90d7a704ad7bf679580bc4dbadbe13884f491d2e338402f4d4437c2ffd66ab93,True,True,True,5004,5004,5004,4850,False,1,HOLD,False,-3.641215346446859,0.0,0.021354530894953545,0.021354530894953545,0.021354530894953545,0.0,-0.006518394871185676,6,0,False,False,
H593-14386333d65f4c444d23e372,OUTCOME-0738,2,0afd089c456e855f9466067a75179f94b4fb386831d044fd18ff0bcd22e0d3f4,True,True,True,304,304,304,304,True,1,HOLD,False,-1.8519776418833103,0.0,0.28604991924523415,0.28604991924523415,0.28604991924523415,0.0,0.05543991094554804,1,0,True,False,
H593-14742ff288bf8a71f7d5208d,OUTCOME-0046,4,caadf690e51b6ae8aa69d3ebfb189f9ae43f3e3bde9aadd83d79e71a9ed27df7,True,True,True,0,0,0,90,False,1,HOLD,False,-2.116595263486036,0.0,0.016424829055381333,0.016424829055381333,0.016424829055381333,0.0,-0.03661365640562974,10,0,False,False,
H593-147ee84e2fed004258fe44bc,OUTCOME-0752,1,a5cc6cd71cb98a23641d9032f2abdbe55a284b95eedc14e13d1ab9d93b7adc76,True,True,True,4798,4798,4798,4798,True,1,HOLD,False,-5.613654626770636,0.0,0.04790779965794538,0.04790779965794538,0.04790779965794538,0.0,0.015811219997601572,1,0,True,False,
H593-148a11f5ffffec76fd85b3c8,DIFFICULT-0011,4,7309194c945cf747ac938c081c8e1c7587ee93c9427836b98aa713829ad9307b,False,False,True,3681,3681,996,1998,False,1,HOLD,False,-0.010416104214814537,-0.6564909891807811,0.027506362938296246,0.01661828493175081,0.01661828493175081,0.010888078006545437,-0.027550914875996278,19,0,False,True,6
H593-14a2dd843bc26150f05949e9,OUTCOME-0593,4,fa72f98eeda7c16b4963aa2c9a26bb7b6da07062d61f1935ff18b1204cf99a43,True,True,True,3144,3144,3144,3144,True,1,HOLD,False,-5.789782186230623,0.0,0.15834864870782017,0.15834864870782017,0.15834864870782017,0.0,0.12737600085469514,1,0,True,False,
H593-1533c32a07d745928239de77,OUTCOME-0278,4,c36d84d6c8d54c84a5f0b431f53eb8775569f16793018d5e6c57459cf8e20e49,False,False,True,4794,4794,4776,374,False,1,HOLD,True,-0.9637361607688747,-0.9637361607688747,0.017917772663750272,0.0135637137293736,0.0135637137293736,0.0043540589343766724,-0.025548992279822835,48,0,False,True,1
H593-156bfb4a63653eec1f65ecda,OUTCOME-0245,2,4d5d4731b2c45171a86a8690a5b3a1819d26c3dd6226f61b0f9104c2f6f56484,True,True,True,1032,1032,1032,4034,False,1,HOLD,False,-2.514513550999416,0.0,0.07800896646406705,0.07800896646406705,0.07800896646406705,0.0,-0.012776348484079048,2,0,False,False,
H593-158f7a5d2bb5969248c9eb5c,OUTCOME-0606,3,c13e6a469d26dd360022a4ba3af2d2bdbb230082c9e605b822c0f5806f9b9bc9,True,True,True,3208,3208,3208,3208,True,1,HOLD,False,-5.341202873979642,0.0,0.10189650909404921,0.10189650909404921,0.10189650909404921,0.0,0.049374569231674124,1,0,True,False,
H593-1608d9630ec3a84e25e593bc,OUTCOME-0307,0,69e8433234f6613d539957d8cd900a9503c3e7bceb31e12adec7cfa0adc6368b,False,True,True,693,1114,1114,1114,True,1,SWITCH,True,1.2173082781028497,1.2173082781028497,0.06705325839034511,0.012067014624690878,0.06705325839034511,0.0,0.02911946573878474,1,0,True,False,1
H593-163df34acba78d2b4f94a0d0,OUTCOME-0356,1,f4cb26eef9646d6dfd71a5bdba8092d2e0f934cd5f8e9ffe627d7c9ba8444f36,True,True,True,4861,4861,4861,5201,False,1,HOLD,False,-4.57878501520139,0.0,0.017477080895648207,0.017477080895648207,0.017477080895648207,0.0,-0.013471283449448666,21,0,False,False,
H593-1652082eb7bdd4e18f2fa4e2,DIFFICULT-0097,1,bf0eaa86ddfc9a7fbdb09ac2f6f0fd91e32036da44a8971649ba96ecb8aa1b71,True,True,True,265,265,265,265,True,1,HOLD,False,-1.3352366493830992,0.0,0.22573884253077678,0.22573884253077678,0.22573884253077678,0.0,0.00020315137707532793,1,0,True,False,
H593-17128afb252013a8b2a0ee5f,OUTCOME-0507,2,5e70e07c018dad8a49c0f98df36183854e1a11398f9835189e1f22ef07f9c615,True,True,True,1641,1641,1641,1641,True,1,HOLD,False,-6.17001425762215,0.0,0.09111342661341575,0.09111342661341575,0.09111342661341575,0.0,0.048919865728868556,1,0,True,False,
H593-1720428a3a7802dc9dfc49e4,OUTCOME-0209,3,f90fb756794a5ae5c68d05c56cb486456e64d83f751a66bbf1ddae3fcb43bb13,False,False,False,892,892,,4491,False,1,HOLD,False,-1.38368695914597,,,,,,,,,,,
H593-172289962b84290bc00b6b57,OUTCOME-0395,0,dabd4e44228b0c3fe4d6e936d82cc48dbee71a26baad248be0f99f22cd2424cf,True,True,True,1145,1145,1145,1145,True,1,HOLD,False,-2.2887449036843948,0.0,0.030511104974285722,0.030511104974285722,0.030511104974285722,0.0,2.1080581029106482e-05,1,0,True,False,
H593-174dc7ecf520dfa933141c09,OUTCOME-0676,2,1dc9b4a228de9516b591d58e28a2763e3d2428004318636d1f9e2936718e7999,False,False,True,219,219,221,221,True,1,HOLD,True,-1.3123082393076122,-1.3123082393076122,0.13539147188214068,0.13276727907649954,0.13276727907649954,0.0026241928056411346,0.0022338194806373612,1,0,True,True,1
H593-178d10ad3076a41e89d549dd,NDV2-012-P01,4,f136ca0b9c716fcae1884f370b2cc9c1a38f30e5a477d50097f50ecb3c76d60b,True,True,True,1652,1652,1652,1652,True,1,HOLD,False,-1.4686761962928225,0.0,0.1561831436558611,0.1561831436558611,0.1561831436558611,0.0,0.00735504922224503,1,0,True,False,
H593-17e5724183278e475c4a304d,OUTCOME-0809,2,7abc0d7c0e302804a40dcf309dece25b925a424ae8a43fd70cd693d41ebfc54f,False,False,True,508,508,512,5005,False,1,HOLD,True,-0.7005115399484397,-0.7005115399484397,0.023567902019544385,0.013620083376711924,0.013620083376711924,0.009947818642832462,-0.005577705901561925,3,0,False,True,1
H593-19cc2c81ca081e39a7d72b99,OUTCOME-0811,2,7abc0d7c0e302804a40dcf309dece25b925a424ae8a43fd70cd693d41ebfc54f,False,False,True,337,337,512,426,False,1,HOLD,False,-0.8856472588490647,-2.5693569434196517,0.02205479793010359,0.014236254125865155,0.014236254125865155,0.007818543804238434,-0.017521061339699644,7,0,False,True,11
H593-1a93fb96ae91549c4629e69e,OUTCOME-0303,0,69e8433234f6613d539957d8cd900a9503c3e7bceb31e12adec7cfa0adc6368b,True,True,True,1114,1114,1114,3293,False,1,HOLD,False,-4.223963019035181,0.0,0.04345544285751455,0.04345544285751455,0.04345544285751455,0.0,-0.009126557842567287,2,0,False,False,
H593-1ab5d06d095c1ab6749b227c,OUTCOME-0398,0,dabd4e44228b0c3fe4d6e936d82cc48dbee71a26baad248be0f99f22cd2424cf,True,True,True,1145,1145,1145,1145,True,1,HOLD,False,-2.832259174691826,0.0,0.05779477376352784,0.05779477376352784,0.05779477376352784,0.0,0.012977855702544755,1,0,True,False,
H593-1aee8f8c27c19ea85c3d7d4b,OUTCOME-0756,1,a5cc6cd71cb98a23641d9032f2abdbe55a284b95eedc14e13d1ab9d93b7adc76,True,True,True,4798,4798,4798,4811,False,1,HOLD,False,-3.099098974331814,0.0,0.011720323281329619,0.011720323281329619,0.011720323281329619,0.0,-0.010983779944227832,28,0,False,False,
H593-1af45e7f0d56a52adeb60b07,OUTCOME-0407,0,1f59b78808c09c6bf68702306ba72c84cbbb75e1dfc61bab3c7f1b99aee3b17d,False,False,True,3250,1980,1183,1183,True,1,SWITCH,False,1.202013330245875,0.16103537223278663,0.08939441108352275,0.011403668653971804,0.05005952017929511,0.03933489090422764,0.03933489090422764,1,0,True,True,2
H593-1b38ef6880169a631e184725,OUTCOME-0707,0,86244889a9cf4aa3df9f971885f8dfcec40ce965b829d12b7deb1eb31c2e4e44,True,True,True,5053,5053,5053,4960,False,1,HOLD,False,-1.6144575099502212,0.0,0.013006365789021883,0.013006365789021883,0.013006365789021883,0.0,-0.03359799541643859,72,0,False,False,
H593-1bab76bb2cce8605543067d4,OUTCOME-0410,0,1f59b78808c09c6bf68702306ba72c84cbbb75e1dfc61bab3c7f1b99aee3b17d,True,True,True,1183,1183,1183,1183,True,1,HOLD,False,-4.392484275619701,0.0,0.07107034240715686,0.07107034240715686,0.07107034240715686,0.0,0.04073336708966468,1,0,True,False,
H593-1bdb2bfae2aae669afa4627f,OUTCOME-0408,0,1f59b78808c09c6bf68702306ba72c84cbbb75e1dfc61bab3c7f1b99aee3b17d,True,True,True,1183,1183,1183,1183,True,1,HOLD,False,-3.326466996221362,0.0,0.038576385016721386,0.038576385016721386,0.038576385016721386,0.0,0.01364157695873151,1,0,True,False,
H593-1bef63e477961c10e0077a91,OUTCOME-0588,4,fa72f98eeda7c16b4963aa2c9a26bb7b6da07062d61f1935ff18b1204cf99a43,False,False,True,4023,4023,3144,3783,False,1,HOLD,True,-1.2598226683923095,-1.2598226683923095,0.023922809565844076,0.020091266300578052,0.020091266300578052,0.003831543265266024,-0.028132177805868373,64,0,False,True,1
H593-1c5e61610edb8626ae77f9f6,OUTCOME-0502,2,0748babacede700838aa4a895d8d3238fc567929c58d772ed17e063e9856bb96,True,True,True,1424,1424,1424,1424,True,1,HOLD,False,-3.657712568692782,0.0,0.08665615437286442,0.08665615437286442,0.08665615437286442,0.0,0.05187897515703341,1,0,True,False,
H593-1cf0eabcc44cfc60588f292c,OUTCOME-0732,2,0afd089c456e855f9466067a75179f94b4fb386831d044fd18ff0bcd22e0d3f4,True,True,True,304,304,304,304,True,1,HOLD,False,-2.362410146018882,0.0,0.20468229386889472,0.20468229386889472,0.20468229386889472,0.0,0.08759669054387734,1,0,True,False,
H593-1dd405f920b439879fc89b2c,OUTCOME-0346,1,f4cb26eef9646d6dfd71a5bdba8092d2e0f934cd5f8e9ffe627d7c9ba8444f36,True,True,True,4861,4861,4861,4861,True,1,HOLD,False,-4.955041718258029,0.0,0.045070050143115645,0.045070050143115645,0.045070050143115645,0.0,0.016233669866214925,1,0,True,False,
H593-1e1593a08e4ed18acf833796,OUTCOME-0493,2,0748babacede700838aa4a895d8d3238fc567929c58d772ed17e063e9856bb96,True,True,True,1424,1424,1424,1424,True,1,HOLD,False,-5.238361732150624,0.0,0.14682930389634663,0.14682930389634663,0.14682930389634663,0.0,0.11793100779623725,1,0,True,False,
H593-1e203e93f22affa5c8c93e7b,OUTCOME-0468,1,1efff5d5855cab66509977a0b8d496f45b9a66147726f1323cdd42a873075386,False,False,True,3234,1685,1402,1402,True,1,SWITCH,False,0.5008536420192944,0.1715071678510809,0.16431851394285468,0.016361336777122953,0.14030649172292928,0.024012022219925405,0.024012022219925405,1,0,True,True,2
H593-1e69202f59c1e38274747acc,OUTCOME-0134,4,5e1903b41967d7091402cde6aa7a4b83e5df5f58a2bef1439e218f802ca6cf53,False,False,True,1219,1966,935,935,True,1,SWITCH,False,0.9159587756637062,-0.08588495390106465,0.1138834809976484,0.021252796223868737,0.0978977762440122,0.0159857047536362,0.0159857047536362,1,0,True,True,2
H593-1ef966932ba70ca899b49b6f,OUTCOME-0322,0,27398dad6e577a6cdc7867303a9c586cdf14f835803381e1ac3586b1bec33c43,True,True,True,4855,4855,4855,4855,True,1,HOLD,False,-4.571468696228312,0.0,0.1302919231218836,0.1302919231218836,0.1302919231218836,0.0,0.08461814059314698,1,0,True,False,
H593-1f65d77d8ddd265c0d00b1f2,OUTCOME-0053,4,caadf690e51b6ae8aa69d3ebfb189f9ae43f3e3bde9aadd83d79e71a9ed27df7,True,True,True,0,0,0,0,True,1,HOLD,False,-4.071591716416889,0.0,0.11936492141699442,0.11936492141699442,0.11936492141699442,0.0,0.04954320432598015,1,0,True,False,
H593-1fb1391bf43d4e4f4cfc1fa5,OUTCOME-0765,1,2aa1e6c4bb63c1bf91f9200ac8983a2fdb8a3d86fcbc58c5f88c921023045af6,True,True,True,409,409,409,409,True,1,HOLD,False,-4.237785761671473,0.0,0.07538919498960193,0.07538919498960193,0.07538919498960193,0.0,0.03861324578698362,1,0,True,False,
H593-202d17a8fea9c8283f65d42d,OUTCOME-0378,3,4a5e078a9d0335a17e0b19c90cc91b4eaf583fcc72663cf7441019d2f00d652a,False,True,True,4310,1140,1140,1140,True,1,SWITCH,True,1.725006691871531,1.725006691871531,0.12169591158661465,0.009889124088059408,0.12169591158661465,0.0,0.08042414084954251,1,0,True,False,1
H593-20c36189f2e4e46a9590ae78,OUTCOME-0728,2,0afd089c456e855f9466067a75179f94b4fb386831d044fd18ff0bcd22e0d3f4,True,True,True,304,304,304,374,False,1,HOLD,False,-1.8802750583822045,0.0,0.020445421622409678,0.020445421622409678,0.020445421622409678,0.0,-0.010130672956005338,8,0,False,False,
H593-20fdadbf18ce1e0e1a0746a9,OUTCOME-0334,0,8ad47f26cd065ca57d3a68d2c5f31cd9eeb977294c710ac87f6e9c84b24866ea,True,False,True,1134,3887,1134,3887,False,1,SWITCH,False,1.263035070502624,0.0,0.00628845616649012,0.00628845616649012,0.04413638055953372,-0.0378479243930436,-0.0378479243930436,105,0,False,False,
H593-2226b02dfbc9f44bb2cdb71c,OUTCOME-0688,2,90d7a704ad7bf679580bc4dbadbe13884f491d2e338402f4d4437c2ffd66ab93,True,True,True,5004,5004,5004,4811,False,1,HOLD,False,-3.898679505479258,0.0,0.02378213070259176,0.02378213070259176,0.02378213070259176,0.0,-0.026163378615344457,5,0,False,False,
H593-22df23c2ff5577aea691a22b,OUTCOME-0174,3,162fd69cd74c8e3f1f06ce6bb5fec631f657a623f060862dbcc70a39fc026e96,True,True,True,567,567,567,567,True,1,HOLD,False,-3.9875802045830477,0.0,0.1382145389927296,0.1382145389927296,0.1382145389927296,0.0,0.06371343706820988,1,0,True,False,
H593-24402f98b4c6d27775ea51b8,OUTCOME-0050,4,caadf690e51b6ae8aa69d3ebfb189f9ae43f3e3bde9aadd83d79e71a9ed27df7,True,True,True,0,0,0,4811,False,1,HOLD,False,-2.8681925393867296,0.0,0.009302977647275125,0.009302977647275125,0.009302977647275125,0.0,-0.03774669707064138,71,0,False,False,
H593-2446df0fcadbf0831876d7dc,OUTCOME-0403,0,dabd4e44228b0c3fe4d6e936d82cc48dbee71a26baad248be0f99f22cd2424cf,True,True,True,1145,1145,1145,1892,False,1,HOLD,False,-1.139099026992375,0.0,0.023229355206486883,0.023229355206486883,0.023229355206486883,0.0,-0.0120478767475928,19,0,False,False,
H593-2494f10623fb760ff3b647d7,OUTCOME-0710,0,86244889a9cf4aa3df9f971885f8dfcec40ce965b829d12b7deb1eb31c2e4e44,True,True,True,5053,5053,5053,5053,True,1,HOLD,False,-5.53985240591158,0.0,0.17850274233272942,0.17850274233272942,0.17850274233272942,0.0,0.08594625228914221,1,0,True,False,
H593-257581a6d8113bc829cc4f7d,OUTCOME-0339,0,8ad47f26cd065ca57d3a68d2c5f31cd9eeb977294c710ac87f6e9c84b24866ea,True,True,True,1134,1134,1134,1134,True,1,HOLD,False,-4.741644577028958,0.0,0.16369023243409275,0.16369023243409275,0.16369023243409275,0.0,0.0966412002764498,1,0,True,False,
H593-25bb54d111079fe02df38114,OUTCOME-0735,2,0afd089c456e855f9466067a75179f94b4fb386831d044fd18ff0bcd22e0d3f4,True,True,True,304,304,304,304,True,1,HOLD,False,-2.0903074644640447,0.0,0.1685606010505006,0.1685606010505006,0.1685606010505006,0.0,0.056167386484039475,1,0,True,False,
H593-264b94be0b6f4ab3ec07cfb5,OUTCOME-0817,2,7abc0d7c0e302804a40dcf309dece25b925a424ae8a43fd70cd693d41ebfc54f,True,True,True,512,512,512,5079,False,1,HOLD,False,-1.3201316065496624,0.0,0.019355525036519685,0.019355525036519685,0.019355525036519685,0.0,-0.00718647687789644,21,0,False,False,
H593-272a6668246b45626dea5ed4,DIFFICULT-0002,3,ff5ec2587aa3b0cdf9f678e20f8a78ed21590c17b5931d4adc290fe15bf09b84,True,True,True,599,599,599,2087,False,1,HOLD,False,-1.010265044466898,0.0,0.012867797341218814,0.012867797341218814,0.012867797341218814,0.0,-0.05655962493044127,89,0,False,False,
H593-276677dccfa68da5f45534b2,OUTCOME-0807,3,d03ec6170d58ac2d6198068ac9aa233411e9b70ad6019840f643fdabcc4a9adf,False,False,False,1243,1243,,195,False,1,HOLD,False,-0.6907808507692992,,,,,,,,,,,
H593-2799023fa51eeb3333651a78,OUTCOME-0302,0,69e8433234f6613d539957d8cd900a9503c3e7bceb31e12adec7cfa0adc6368b,True,True,True,1114,1114,1114,3293,False,1,HOLD,False,-2.7477140095946835,0.0,0.0195524271030244,0.0195524271030244,0.0195524271030244,0.0,-0.020298938642009184,3,0,False,False,
H593-27e35a9cbecb2ef6b0c1fc10,OUTCOME-0486,1,c88cdb15edcd25a88595edf90f1fc3fef1e374c4e494fb4a4e8accfe55137d0a,True,True,True,1414,1414,1414,1414,True,1,HOLD,False,-8.6444742248492,0.0,0.10805376416858387,0.10805376416858387,0.10805376416858387,0.0,0.0801392288667198,1,0,True,False,
H593-2822f2513c87ee22a59ce51b,OUTCOME-0267,3,d39c757e2a4c76e8e9403fd84708b3c233de7ca0b40197f435ceb3a48272b73f,True,True,True,608,608,608,608,True,1,HOLD,False,-6.149812469498921,0.0,0.184250593824449,0.184250593824449,0.184250593824449,0.0,0.099330086683229,1,0,True,False,
H593-2848a70ea80c7f1dc1cfd651,OUTCOME-0048,4,caadf690e51b6ae8aa69d3ebfb189f9ae43f3e3bde9aadd83d79e71a9ed27df7,True,True,True,0,0,0,90,False,1,HOLD,False,-2.7511521562656283,0.0,0.013345493012487457,0.013345493012487457,0.013345493012487457,0.0,-0.045985856154280684,24,0,False,False,
H593-297ba148574e09f5723aa6b7,OUTCOME-0755,1,a5cc6cd71cb98a23641d9032f2abdbe55a284b95eedc14e13d1ab9d93b7adc76,False,False,True,2603,2603,4798,4139,False,1,HOLD,False,-1.2883760874565051,-2.005640027999152,0.017617813207075925,0.015974581871689764,0.015974581871689764,0.0016432313353861618,-0.008190520735131272,8,0,False,True,2
H593-29b067277aef7b28b3547a97,OUTCOME-0720,2,d3d9e86636e760b3c7ab9d0366cce29c32d905942a4e7efc24b4feb559ccafdb,True,True,True,4791,4791,4791,4850,False,1,HOLD,False,-1.685002574186993,0.0,0.010797343588376387,0.010797343588376387,0.010797343588376387,0.0,-0.0179008500956884,49,0,False,False,
H593-29d505a42ed3f7b9bb256b2b,OUTCOME-0670,4,e54a0a27f9b030e92d3186f1b9feb159b51d71cced53115c3612eb3000f84093,True,True,True,3334,3334,3334,3332,False,1,HOLD,False,-1.396507924480337,0.0,0.0590018449106941,0.0590018449106941,0.0590018449106941,0.0,-0.0002489533733676108,3,0,False,False,
H593-2a09bc7ee67cc38fba44400e,OUTCOME-0311,0,69e8433234f6613d539957d8cd900a9503c3e7bceb31e12adec7cfa0adc6368b,True,True,True,1114,1114,1114,1114,True,1,HOLD,False,-5.177782890838834,0.0,0.0859627411651401,0.0859627411651401,0.0859627411651401,0.0,0.04750406848951815,1,0,True,False,
H593-2acfe07e77226545b2ae0e10,OUTCOME-0348,1,f4cb26eef9646d6dfd71a5bdba8092d2e0f934cd5f8e9ffe627d7c9ba8444f36,False,False,True,4984,4984,4861,291,False,1,HOLD,False,-1.2966947801524762,-1.9044553256085588,0.014975665115517232,0.016932300799745625,0.016932300799745625,-0.0019566356842283927,-0.028773324506571323,70,0,False,False,4
H593-2ad687a1c029e9f33146503b,DIFFICULT-0100,0,dca95ffa60d30d6597de3bfed4a27b53d657ea2e90a8d6ee6aa513316eee9848,False,False,True,396,396,395,395,True,1,HOLD,True,-0.5281083223188652,-0.5281083223188652,0.1782808416166166,0.11090560722942315,0.11090560722942315,0.06737523438719344,0.028728582544458647,1,0,True,True,1
H593-2b13d777bd87f808044a7852,OUTCOME-0276,4,c36d84d6c8d54c84a5f0b431f53eb8775569f16793018d5e6c57459cf8e20e49,True,True,True,4776,4776,4776,4776,True,1,HOLD,False,-3.1520025771824134,0.0,0.08877204965104922,0.08877204965104922,0.08877204965104922,0.0,0.04102063667051579,1,0,True,False,
H593-2b74b8c201be8b599627fefc,OUTCOME-0198,3,f90fb756794a5ae5c68d05c56cb486456e64d83f751a66bbf1ddae3fcb43bb13,False,False,False,2733,2733,,2424,False,1,HOLD,False,-1.7237721501905496,,,,,,,,,,,
H593-2bae4a6fe6f937a87545fde2,OUTCOME-0725,2,d3d9e86636e760b3c7ab9d0366cce29c32d905942a4e7efc24b4feb559ccafdb,True,True,True,4791,4791,4791,4795,False,1,HOLD,False,-2.184348111594361,0.0,0.0475763280658269,0.0475763280658269,0.0475763280658269,0.0,-0.0013559028920174868,2,0,False,False,
H593-2bcc3d446a9293adfd81509f,OUTCOME-0072,3,3cce9049697a8e2b65ce5904772f00a613b585ff8ca6e50e5a9c4c63a4391645,True,True,True,7,7,7,92,False,1,HOLD,False,-1.812779693243085,0.0,0.009402464415967687,0.009402464415967687,0.009402464415967687,0.0,-0.027340719464406273,54,0,False,False,
H593-2c2942af21039bf61875bcba,OUTCOME-0465,1,1efff5d5855cab66509977a0b8d496f45b9a66147726f1323cdd42a873075386,False,False,False,2588,2588,,3293,False,1,HOLD,False,-1.4993255574590445,,,,,,,,,,,
H593-2d0dc828facf9c0c8e44c960,OUTCOME-0600,3,c13e6a469d26dd360022a4ba3af2d2bdbb230082c9e605b822c0f5806f9b9bc9,False,True,True,3986,3208,3208,3208,True,1,SWITCH,True,0.5488898948883314,0.5488898948883314,0.08323079392640931,0.01987855150003047,0.08323079392640931,0.0,0.02898158359993685,1,0,True,False,1
H593-2e44547e6a7fb1f39cc27d3a,OUTCOME-0264,3,d39c757e2a4c76e8e9403fd84708b3c233de7ca0b40197f435ceb3a48272b73f,True,True,True,608,608,608,608,True,1,HOLD,False,-7.129570124007258,0.0,0.22742948181630412,0.22742948181630412,0.22742948181630412,0.0,0.16666126325604416,1,0,True,False,
H593-2e5153cd0e9bd1dddbb75dea,OUTCOME-0138,4,5e1903b41967d7091402cde6aa7a4b83e5df5f58a2bef1439e218f802ca6cf53,False,False,True,1219,1966,935,935,True,1,SWITCH,False,0.5879080390271789,-0.3523774865210878,0.12049446262986406,0.02077325935570051,0.09905803688044061,0.02143642574942345,0.02143642574942345,1,0,True,True,2
H593-2e843bf03a9cb860ec035d26,OUTCOME-0709,0,86244889a9cf4aa3df9f971885f8dfcec40ce965b829d12b7deb1eb31c2e4e44,True,True,True,5053,5053,5053,5053,True,1,HOLD,False,-4.675181543941482,0.0,0.16176697679956495,0.16176697679956495,0.16176697679956495,0.0,0.12177026327780598,1,0,True,False,
H593-2e8ca9e124da2d21f42ee190,OUTCOME-0719,2,d3d9e86636e760b3c7ab9d0366cce29c32d905942a4e7efc24b4feb559ccafdb,True,True,True,4791,4791,4791,4791,True,1,HOLD,False,-4.819241207153566,0.0,0.06921688341562274,0.06921688341562274,0.06921688341562274,0.0,0.02113494981415035,1,0,True,False,
H593-2ecb07df64c211f4edf1e8d3,OUTCOME-0693,2,90d7a704ad7bf679580bc4dbadbe13884f491d2e338402f4d4437c2ffd66ab93,True,True,True,5004,5004,5004,291,False,1,HOLD,False,-2.1704399876348908,0.0,0.03178116515451385,0.03178116515451385,0.03178116515451385,0.0,-0.01653659672099967,5,0,False,False,
H593-2f5a93c328b7e7c9e25412f0,DIFFICULT-0013,4,7309194c945cf747ac938c081c8e1c7587ee93c9427836b98aa713829ad9307b,False,True,True,853,996,996,996,True,1,SWITCH,True,1.4789366406139905,1.4789366406139905,0.07213816181708282,0.014277787101520622,0.07213816181708282,0.0,0.010241317353755552,1,0,True,False,1
H593-2fa24ad21b4ed56f150b2b7a,OUTCOME-0166,3,162fd69cd74c8e3f1f06ce6bb5fec631f657a623f060862dbcc70a39fc026e96,True,True,True,567,567,567,567,True,1,HOLD,False,-4.888046401921986,0.0,0.1834983733020586,0.1834983733020586,0.1834983733020586,0.0,0.14886641015787014,1,0,True,False,
H593-30656f17b4be13cde8124a15,OUTCOME-0537,4,67c564121b4c0847db261d818757e131684626ea0db83097a0e9610c7cf03222,False,True,True,138,147,147,147,True,1,SWITCH,True,0.8812995843767035,0.8812995843767035,0.16171276015223132,0.035726830184977534,0.16171276015223132,0.0,0.03353900273691243,1,0,True,False,1
H593-30d56e7ebdd8d445dd0c0837,OUTCOME-0329,0,8ad47f26cd065ca57d3a68d2c5f31cd9eeb977294c710ac87f6e9c84b24866ea,True,True,True,1134,1134,1134,1134,True,1,HOLD,False,-4.612742387043083,0.0,0.12465612647986328,0.12465612647986328,0.12465612647986328,0.0,0.10951456831658171,1,0,True,False,
H593-30df437866a92249e15d556f,OUTCOME-0336,0,8ad47f26cd065ca57d3a68d2c5f31cd9eeb977294c710ac87f6e9c84b24866ea,True,True,True,1134,1134,1134,1134,True,1,HOLD,False,-2.5330624665058687,0.0,0.039107409038010445,0.039107409038010445,0.039107409038010445,0.0,0.013728036804210683,1,0,True,False,
H593-3138eb9150d5fc2ff0b21e85,NDV2-002-P01,0,5993f2caf420c9a99c193d33f748eea45f5c55ab4832c947913f7c005ada8f7b,True,True,True,16,16,16,32,False,1,HOLD,False,-1.2276651284504265,0.0,0.19109477429237753,0.19109477429237753,0.19109477429237753,0.0,-0.001911848788673648,3,0,False,False,
H593-315859149cbadcf0a035cb5b,OUTCOME-0335,0,8ad47f26cd065ca57d3a68d2c5f31cd9eeb977294c710ac87f6e9c84b24866ea,True,True,True,1134,1134,1134,1134,True,1,HOLD,False,-3.5655648928659542,0.0,0.05241962741521146,0.05241962741521146,0.05241962741521146,0.0,0.027825204310526663,1,0,True,False,
H593-31a7078fc5358b3fbdc70c42,OUTCOME-0754,1,a5cc6cd71cb98a23641d9032f2abdbe55a284b95eedc14e13d1ab9d93b7adc76,True,True,True,4798,4798,4798,5037,False,1,HOLD,False,-3.1729597359937616,0.0,0.01748338088072163,0.01748338088072163,0.01748338088072163,0.0,-0.005221533538738998,6,0,False,False,
H593-31aaa7c97fbc81e06383e85f,OUTCOME-0705,0,86244889a9cf4aa3df9f971885f8dfcec40ce965b829d12b7deb1eb31c2e4e44,True,True,True,5053,5053,5053,5053,True,1,HOLD,False,-5.017603578466833,0.0,0.08945454445572915,0.08945454445572915,0.08945454445572915,0.0,0.03921572000589491,1,0,True,False,
H593-31b015a7052d7ca5255413c3,OUTCOME-0208,3,f90fb756794a5ae5c68d05c56cb486456e64d83f751a66bbf1ddae3fcb43bb13,False,False,False,3769,806,,1257,False,1,SWITCH,False,0.2567804388342154,,,,,,,,,,,
H593-3202e8cf83300e822008d3d1,OUTCOME-0269,4,c36d84d6c8d54c84a5f0b431f53eb8775569f16793018d5e6c57459cf8e20e49,True,True,True,4776,4776,4776,4776,True,1,HOLD,False,-2.044849325835532,0.0,0.1413536962887677,0.1413536962887677,0.1413536962887677,0.0,0.02393371285949844,1,0,True,False,
H593-327f0627e7abd208ae771d92,NDV2-010-P02,0,5993f2caf420c9a99c193d33f748eea45f5c55ab4832c947913f7c005ada8f7b,True,True,True,64,64,64,64,True,1,HOLD,False,-1.1583636705906049,0.0,0.2570946245997314,0.2570946245997314,0.2570946245997314,0.0,0.0177830826816123,1,0,True,False,
H593-3344b63a711a49110a6e1d06,OUTCOME-0669,4,e54a0a27f9b030e92d3186f1b9feb159b51d71cced53115c3612eb3000f84093,True,True,True,3334,3334,3334,3333,False,1,HOLD,False,-1.3292550940151953,0.0,0.07759122700500247,0.07759122700500247,0.07759122700500247,0.0,-0.0026734473651205543,3,0,False,False,
H593-335401c2797674933672eb63,OUTCOME-0257,2,4d5d4731b2c45171a86a8690a5b3a1819d26c3dd6226f61b0f9104c2f6f56484,True,True,True,1032,1032,1032,1032,True,1,HOLD,False,-5.295336473418178,0.0,0.2031121232320863,0.2031121232320863,0.2031121232320863,0.0,0.15109807228639677,1,0,True,False,
H593-3378917e44506cb2c9f3e74d,OUTCOME-0109,3,c7abd98eade15d0ac417dcdde657be6a64e3cb837a808045d084fee49bf7d2a4,True,True,True,930,930,930,930,True,1,HOLD,False,-2.0397044856614617,0.0,0.205561385851494,0.205561385851494,0.205561385851494,0.0,0.05825284861197122,1,0,True,False,
H593-339a688dea829493403d97e9,OUTCOME-0152,1,da19e4e6b83d15ea83c05ab2e67a7e30bde059231ecd7dfb7f93382fc5e60b98,False,True,True,4386,937,937,937,True,1,SWITCH,True,1.4067685277045907,1.4067685277045907,0.25972773371492514,0.02869579847532699,0.25972773371492514,0.0,0.1609612250683557,1,0,True,False,1
H593-33b3b0aa0a8612273130dcd4,NDV2-011-P02,4,f136ca0b9c716fcae1884f370b2cc9c1a38f30e5a477d50097f50ecb3c76d60b,True,True,True,1645,1645,1645,1645,True,1,HOLD,False,-2.344896766272077,0.0,0.18711289098437142,0.18711289098437142,0.18711289098437142,0.0,0.063062091815451,1,0,True,False,
H593-33f89c84ccc65e07b73a31cb,OUTCOME-0650,4,48c57d44808de17cdd8b52db0f71a5a8fbbf9d2f4ab10a1751ec128aed4a3ff5,True,True,True,3312,3312,3312,3312,True,1,HOLD,False,-6.1520297168405955,0.0,0.08409629289802784,0.08409629289802784,0.08409629289802784,0.0,0.05677927111257948,1,0,True,False,
H593-340a6e18c21c149dc46968d4,OUTCOME-0380,3,4a5e078a9d0335a17e0b19c90cc91b4eaf583fcc72663cf7441019d2f00d652a,True,True,True,1140,1140,1140,4446,False,1,HOLD,False,-1.8166401069614144,0.0,0.012775861842793201,0.012775861842793201,0.012775861842793201,0.0,-0.0048335675226553,7,0,False,False,
H593-34133bc85696e399819d4944,DIFFICULT-0095,1,bf0eaa86ddfc9a7fbdb09ac2f6f0fd91e32036da44a8971649ba96ecb8aa1b71,True,True,True,265,265,265,2120,False,1,HOLD,False,-1.7321634977838025,0.0,0.046710260937944545,0.046710260937944545,0.046710260937944545,0.0,-0.002379404788918696,2,0,False,False,
H593-3414eabf1d60f67a6dba89f1,OUTCOME-0531,4,67c564121b4c0847db261d818757e131684626ea0db83097a0e9610c7cf03222,False,False,True,146,146,147,59,False,1,HOLD,False,-0.3489434313605849,-1.888736527815921,0.012867659843617582,0.01438006161318462,0.01438006161318462,-0.0015124017695670386,-0.031488199984630455,60,0,False,False,7
H593-343c0fdac394c330c78c814c,OUTCOME-0098,3,c7abd98eade15d0ac417dcdde657be6a64e3cb837a808045d084fee49bf7d2a4,False,False,True,2208,2208,930,930,True,1,HOLD,True,-0.034729073439465186,-0.034729073439465186,0.047672503310358494,0.017054940203700283,0.017054940203700283,0.03061756310665821,0.020735429824949338,1,0,True,True,1
H593-3450f0a1d858a2df9e5e9058,OUTCOME-0714,0,86244889a9cf4aa3df9f971885f8dfcec40ce965b829d12b7deb1eb31c2e4e44,True,True,True,5053,5053,5053,5053,True,1,HOLD,False,-2.2851203012026966,0.0,0.027893930871533145,0.027893930871533145,0.027893930871533145,0.0,0.0004246880031110595,1,0,True,False,
H593-34d45edf8c0dc44243949bd9,OUTCOME-0163,3,162fd69cd74c8e3f1f06ce6bb5fec631f657a623f060862dbcc70a39fc026e96,True,True,True,567,567,567,567,True,1,HOLD,False,-3.4599916569898603,0.0,0.07643753142004626,0.07643753142004626,0.07643753142004626,0.0,0.05361523014193689,1,0,True,False,
H593-35070730f195ea5ef15d78a4,OUTCOME-0103,3,c7abd98eade15d0ac417dcdde657be6a64e3cb837a808045d084fee49bf7d2a4,True,True,True,930,930,930,930,True,1,HOLD,False,-2.1426538301776135,0.0,0.12360502687017162,0.12360502687017162,0.12360502687017162,0.0,0.05568826055706812,1,0,True,False,
H593-35b1f3a33258743e93f63965,OUTCOME-0718,2,d3d9e86636e760b3c7ab9d0366cce29c32d905942a4e7efc24b4feb559ccafdb,True,True,True,4791,4791,4791,4791,True,1,HOLD,False,-4.5945093564100965,0.0,0.06725033624059186,0.06725033624059186,0.06725033624059186,0.0,0.04094617724233638,1,0,True,False,
H593-35e2c26e209782269ad40fed,OUTCOME-0052,4,caadf690e51b6ae8aa69d3ebfb189f9ae43f3e3bde9aadd83d79e71a9ed27df7,True,True,True,0,0,0,0,True,1,HOLD,False,-6.397818619923466,0.0,0.12436320228649403,0.12436320228649403,0.12436320228649403,0.0,0.09610442587781408,1,0,True,False,
H593-36177667d1799f89d767d878,OUTCOME-0337,0,8ad47f26cd065ca57d3a68d2c5f31cd9eeb977294c710ac87f6e9c84b24866ea,True,False,True,1134,1436,1134,1436,False,1,SWITCH,False,0.859952898680705,0.0,0.00468560820042649,0.00468560820042649,0.04667623618066845,-0.04199062798024196,-0.04199062798024196,127,0,False,False,
H593-3692187ae0c3b3b59b4c632b,OUTCOME-0100,3,c7abd98eade15d0ac417dcdde657be6a64e3cb837a808045d084fee49bf7d2a4,False,False,False,1897,1897,,1875,False,1,HOLD,False,-1.715227268824104,,,,,,,,,,,
H593-36d9c0f4cf68321ee5636b42,OUTCOME-0252,2,4d5d4731b2c45171a86a8690a5b3a1819d26c3dd6226f61b0f9104c2f6f56484,False,True,True,4083,1032,1032,1032,True,1,SWITCH,True,2.095375778504996,2.095375778504996,0.19420894301065036,0.013332082353659902,0.19420894301065036,0.0,0.05194349125523265,1,0,True,False,1
H593-36f0d9d88cf08e835a02f26d,NDV2-002-P04,0,5993f2caf420c9a99c193d33f748eea45f5c55ab4832c947913f7c005ada8f7b,True,True,True,16,16,16,16,True,1,HOLD,False,-1.347472646096046,0.0,0.2067308388862025,0.2067308388862025,0.2067308388862025,0.0,0.0164337915297601,1,0,True,False,
H593-379bc58daa6ab14d6b6ca05b,OUTCOME-0498,2,0748babacede700838aa4a895d8d3238fc567929c58d772ed17e063e9856bb96,True,True,True,1424,1424,1424,1424,True,1,HOLD,False,-1.9555410179273989,0.0,0.061695901217584115,0.061695901217584115,0.061695901217584115,0.0,0.0008434903265907845,1,0,True,False,
H593-37c29058d6ea3f6600852bd1,DIFFICULT-0023,3,876e9a6c8b596c741810be05ef83bc4037f224102f15277c78e9afa9a641a3ab,False,True,True,2224,1013,1013,1013,True,1,SWITCH,True,0.38337466009795595,0.38337466009795595,0.14846623529594344,0.046283975872898044,0.14846623529594344,0.0,0.05250986998456232,1,0,True,False,1
H593-381647ec4c00fbc41b7f9a82,OUTCOME-0442,1,055e3d0a2ba828c5df95354fc5d80825fa129f679641c7a5ba585b5c8911a1f9,True,True,True,1322,1322,1322,1322,True,1,HOLD,False,-1.5597609862178619,0.0,0.056127666322980295,0.056127666322980295,0.056127666322980295,0.0,0.005584282356005381,1,0,True,False,
H593-381b6429e5e3137c9e41b0d5,DIFFICULT-0015,4,7309194c945cf747ac938c081c8e1c7587ee93c9427836b98aa713829ad9307b,False,True,True,3681,996,996,996,True,1,SWITCH,True,1.3296831520796457,1.3296831520796457,0.09672769478241292,0.01789839479001806,0.09672769478241292,0.0,0.04075269817569018,1,0,True,False,1
H593-3871dee39d9099c42505f688,OUTCOME-0793,3,d03ec6170d58ac2d6198068ac9aa233411e9b70ad6019840f643fdabcc4a9adf,True,True,True,499,499,499,499,True,1,HOLD,False,-4.063060684748122,0.0,0.08200927879917475,0.08200927879917475,0.08200927879917475,0.0,0.041593936031409706,1,0,True,False,
H593-3893e4ce6f5507593e0f76e9,DIFFICULT-0064,1,f16447b66992689bdb8350dadcb85602511b1bd2c18265a511e90bf7d2910d9c,True,True,True,3368,3368,3368,3368,True,1,HOLD,False,-3.690770136941597,0.0,0.07149242830521987,0.07149242830521987,0.07149242830521987,0.0,0.01520931984623377,1,0,True,False,
H593-38b8b30a470de2510a233942,OUTCOME-0045,4,caadf690e51b6ae8aa69d3ebfb189f9ae43f3e3bde9aadd83d79e71a9ed27df7,True,True,True,0,0,0,90,False,1,HOLD,False,-2.9565774027140557,0.0,0.0181115818597489,0.0181115818597489,0.0181115818597489,0.0,-0.03299308718793029,10,0,False,False,
H593-3907fe8991331013322a278a,OUTCOME-0240,2,4d5d4731b2c45171a86a8690a5b3a1819d26c3dd6226f61b0f9104c2f6f56484,True,True,True,1032,1032,1032,1032,True,1,HOLD,False,-5.353343739657874,0.0,0.13133991924869462,0.13133991924869462,0.13133991924869462,0.0,0.10566009723096553,1,0,True,False,
H593-3919c7418b8dc52330d7b0cd,DIFFICULT-0026,3,876e9a6c8b596c741810be05ef83bc4037f224102f15277c78e9afa9a641a3ab,True,True,True,1013,1013,1013,1013,True,1,HOLD,False,-3.8940599719757936,0.0,0.15511539684039372,0.15511539684039372,0.15511539684039372,0.0,0.10553754474801388,1,0,True,False,
H593-3937b8534db594248fbab03f,OUTCOME-0747,3,30a739efc9fa2fbc6556b4a23a5b909fd205591b6158bb099a4dd09818a8f35e,False,False,True,376,376,377,380,False,1,HOLD,False,-1.055066367034467,-1.1333751912366932,0.031532937876868956,0.037220015851061106,0.037220015851061106,-0.005687077974192149,-0.017290794384420556,30,0,False,False,2
H593-3a88599950984808ec05d372,OUTCOME-0015,1,1c37c8c6064f3ee8446595a55b1d8fb0394f2b039c86eb060704e75d998d0d11,False,True,True,926,518,518,518,True,1,SWITCH,True,1.1823492282995156,1.1823492282995156,0.2298368494529824,0.03361475321346681,0.2298368494529824,0.0,0.12326670692180772,1,0,True,False,1
H593-3a8e211c97e4e3dda358a315,OUTCOME-0484,1,c88cdb15edcd25a88595edf90f1fc3fef1e374c4e494fb4a4e8accfe55137d0a,True,True,True,1414,1414,1414,1414,True,1,HOLD,False,-7.682844192232194,0.0,0.10843690166495862,0.10843690166495862,0.10843690166495862,0.0,0.07145964586660788,1,0,True,False,
H593-3b68986a5abcc6bf1b6ba1b9,OUTCOME-0204,3,f90fb756794a5ae5c68d05c56cb486456e64d83f751a66bbf1ddae3fcb43bb13,True,True,True,977,977,977,977,True,1,HOLD,False,-4.143917740949439,0.0,0.14534218482119327,0.14534218482119327,0.14534218482119327,0.0,0.1062081651200382,1,0,True,False,
H593-3bd92d539d92b456362d66d2,OUTCOME-0796,3,d03ec6170d58ac2d6198068ac9aa233411e9b70ad6019840f643fdabcc4a9adf,True,True,True,499,499,499,499,True,1,HOLD,False,-3.530347810304219,0.0,0.06980451494834027,0.06980451494834027,0.06980451494834027,0.0,0.020156802999196775,1,0,True,False,
H593-3c05a04b6502fb7cd73c680e,OUTCOME-0480,1,c88cdb15edcd25a88595edf90f1fc3fef1e374c4e494fb4a4e8accfe55137d0a,True,True,True,1414,1414,1414,1414,True,1,HOLD,False,-5.789614736082836,0.0,0.10150423716621529,0.10150423716621529,0.10150423716621529,0.0,0.04554968219327353,1,0,True,False,
H593-3c3b32e44f324367dbd542c8,OUTCOME-0470,1,1efff5d5855cab66509977a0b8d496f45b9a66147726f1323cdd42a873075386,True,True,True,1402,1402,1402,1402,True,1,HOLD,False,-2.037848854779705,0.0,0.13029700587924495,0.13029700587924495,0.13029700587924495,0.0,0.048213580703189624,1,0,True,False,
H593-3c6e9826d4aaa5c8c18ee68d,OUTCOME-0271,4,c36d84d6c8d54c84a5f0b431f53eb8775569f16793018d5e6c57459cf8e20e49,False,False,True,4777,4777,4776,5014,False,1,HOLD,True,-1.2507207638694247,-1.2507207638694247,0.010299106580231338,0.010615563156382846,0.010615563156382846,-0.00031645657615150813,-0.025034632868485833,61,0,False,False,1
H593-3c7deb83919ca9175820857d,DIFFICULT-0016,4,7309194c945cf747ac938c081c8e1c7587ee93c9427836b98aa713829ad9307b,False,True,True,3681,996,996,996,True,1,SWITCH,True,1.6412207598030915,1.6412207598030915,0.15074243694722217,0.020152344120446312,0.15074243694722217,0.0,0.05549461934824729,1,0,True,False,1
H593-3da112eebd7cc0e1a48f3fbd,OUTCOME-0243,2,4d5d4731b2c45171a86a8690a5b3a1819d26c3dd6226f61b0f9104c2f6f56484,True,True,True,1032,1032,1032,3195,False,1,HOLD,False,-1.8681622358179426,0.0,0.016057258497962627,0.016057258497962627,0.016057258497962627,0.0,-0.017466559878821612,25,0,False,False,
H593-3e371fe7d77d82719a05830d,OUTCOME-0769,1,2aa1e6c4bb63c1bf91f9200ac8983a2fdb8a3d86fcbc58c5f88c921023045af6,False,False,True,411,411,409,329,False,1,HOLD,True,-0.7783480879179081,-0.7783480879179081,0.025698569852716895,0.01625418347557928,0.01625418347557928,0.009444386377137615,-0.015712643155858963,6,0,False,True,1
H593-3ebd3543a8da2ab12dd9b943,OUTCOME-0515,2,5e70e07c018dad8a49c0f98df36183854e1a11398f9835189e1f22ef07f9c615,True,True,True,1641,1641,1641,1641,True,1,HOLD,False,-5.674809413143935,0.0,0.12090826727654176,0.12090826727654176,0.12090826727654176,0.0,0.09056084623668649,1,0,True,False,
H593-3f7b7d3d52a024fd546a40d6,OUTCOME-0260,3,d39c757e2a4c76e8e9403fd84708b3c233de7ca0b40197f435ceb3a48272b73f,True,True,True,608,608,608,608,True,1,HOLD,False,-5.69978980709857,0.0,0.15342081421225584,0.15342081421225584,0.15342081421225584,0.0,0.10524313833908193,1,0,True,False,
H593-42420c983790bf340313f47b,NDV2-002-P02,0,5993f2caf420c9a99c193d33f748eea45f5c55ab4832c947913f7c005ada8f7b,True,True,True,16,16,16,15,False,1,HOLD,False,-1.3605499010077524,0.0,0.256068490491316,0.256068490491316,0.256068490491316,0.0,-0.0033875450234223115,2,0,False,False,
H593-42c4620dc4ec12b555d472a7,NDV2-010-P03,0,5993f2caf420c9a99c193d33f748eea45f5c55ab4832c947913f7c005ada8f7b,True,True,True,64,64,64,64,True,1,HOLD,False,-1.4315794970473694,0.0,0.1899330274755237,0.1899330274755237,0.1899330274755237,0.0,0.006677443984226622,1,0,True,False,
H593-4324194c82636eb2bd4e0523,OUTCOME-0462,1,1efff5d5855cab66509977a0b8d496f45b9a66147726f1323cdd42a873075386,False,True,True,4759,1402,1402,1402,True,1,SWITCH,True,0.308554397381533,0.308554397381533,0.10513586597559015,0.01696086981708806,0.10513586597559015,0.0,0.03068280744716731,1,0,True,False,1
H593-439c6d740783fc06dffdae7a,OUTCOME-0802,3,d03ec6170d58ac2d6198068ac9aa233411e9b70ad6019840f643fdabcc4a9adf,True,True,True,499,499,499,499,True,1,HOLD,False,-2.5331969304349595,0.0,0.14547610426126784,0.14547610426126784,0.14547610426126784,0.0,0.053280453388264495,1,0,True,False,
H593-4465eb39dafa16f3ace74e3b,OUTCOME-0467,1,1efff5d5855cab66509977a0b8d496f45b9a66147726f1323cdd42a873075386,False,True,True,1021,1402,1402,1402,True,1,SWITCH,True,1.6285616340552544,1.6285616340552544,0.12749504830902653,0.009430433959798179,0.12749504830902653,0.0,0.06746464002375535,1,0,True,False,1
H593-4504245768770ed0279a4124,OUTCOME-0605,3,c13e6a469d26dd360022a4ba3af2d2bdbb230082c9e605b822c0f5806f9b9bc9,False,True,True,3124,3208,3208,3208,True,1,SWITCH,True,0.5352616611559087,0.5352616611559087,0.11621174577982968,0.03138466864375741,0.11621174577982968,0.0,0.0506379519623258,1,0,True,False,1
H593-455aee3db8f97d77c87d9bcc,DIFFICULT-0025,3,876e9a6c8b596c741810be05ef83bc4037f224102f15277c78e9afa9a641a3ab,True,True,True,1013,1013,1013,1013,True,1,HOLD,False,-4.40129498047707,0.0,0.1074171572205514,0.1074171572205514,0.1074171572205514,0.0,0.07986812400751979,1,0,True,False,
H593-45a4b48fd7d584ff912c32cd,OUTCOME-0805,3,d03ec6170d58ac2d6198068ac9aa233411e9b70ad6019840f643fdabcc4a9adf,True,True,True,499,499,499,499,True,1,HOLD,False,-5.157289891561319,0.0,0.15393836332084246,0.15393836332084246,0.15393836332084246,0.0,0.12473039209327161,1,0,True,False,
H593-45b44a0e21c38fc764d3bda3,OUTCOME-0180,0,90ac003cd2a364358615609849057610d2455409fc699f86928b73f0f88a0f8c,True,True,True,944,944,944,944,True,1,HOLD,False,-3.431460202474286,0.0,0.34664784597845655,0.34664784597845655,0.34664784597845655,0.0,0.07025247408969365,1,0,True,False,
H593-46428f82969f19c1f035978b,OUTCOME-0762,1,a5cc6cd71cb98a23641d9032f2abdbe55a284b95eedc14e13d1ab9d93b7adc76,True,True,True,4798,4798,4798,4798,True,1,HOLD,False,-4.936561985909066,0.0,0.11056245869388921,0.11056245869388921,0.11056245869388921,0.0,0.0677262761725658,1,0,True,False,
H593-46bebd9352f2e631d6c557fa,OUTCOME-0638,4,ef7d75f57f11d1174b60813355c0cf7d7dce1009b41f2c7a54cf612906b3dea7,False,False,True,1829,1829,3238,913,False,1,HOLD,False,-1.30643754375439,-2.5648266811905147,0.01327790720937908,0.0233169078888168,0.0233169078888168,-0.010039000679437719,-0.03443549365049961,83,0,False,False,18
H593-46eb5bc0f271f7e1fa17423b,OUTCOME-0535,4,67c564121b4c0847db261d818757e131684626ea0db83097a0e9610c7cf03222,True,True,True,147,147,147,147,True,1,HOLD,False,-2.0455470845709716,0.0,0.15678870326205513,0.15678870326205513,0.15678870326205513,0.0,0.03943200255499049,1,0,True,False,
H593-471a2fedf467917f9dc0140d,OUTCOME-0500,2,0748babacede700838aa4a895d8d3238fc567929c58d772ed17e063e9856bb96,True,True,True,1424,1424,1424,1424,True,1,HOLD,False,-5.033968957254656,0.0,0.054623653786629006,0.054623653786629006,0.054623653786629006,0.0,0.007758636126764168,1,0,True,False,
H593-47f8fff9a6390d11ea60c3c3,OUTCOME-0536,4,67c564121b4c0847db261d818757e131684626ea0db83097a0e9610c7cf03222,False,False,True,146,146,147,147,True,1,HOLD,True,-1.2355136930807153,-1.2355136930807153,0.16073298715034387,0.1469621644796144,0.1469621644796144,0.01377082267072946,0.01377082267072946,1,0,True,True,1
H593-490d4ed0a2cc29258e504a6a,OUTCOME-0469,1,1efff5d5855cab66509977a0b8d496f45b9a66147726f1323cdd42a873075386,False,True,True,3234,1402,1402,1402,True,1,SWITCH,True,0.3067881955908893,0.3067881955908893,0.16326850294022283,0.01604759461591817,0.16326850294022283,0.0,0.025554487683062926,1,0,True,False,1
H593-497c8c89496ddb929f1943e7,DIFFICULT-0020,3,876e9a6c8b596c741810be05ef83bc4037f224102f15277c78e9afa9a641a3ab,True,True,True,1013,1013,1013,1013,True,1,HOLD,False,-4.397796255834271,0.0,0.1489721542744329,0.1489721542744329,0.1489721542744329,0.0,0.11771034418505287,1,0,True,False,
H593-497d7b354503fb6abfe8e638,OUTCOME-0799,3,d03ec6170d58ac2d6198068ac9aa233411e9b70ad6019840f643fdabcc4a9adf,True,True,True,499,499,499,90,False,1,HOLD,False,-2.16528188981014,0.0,0.019159733185761755,0.019159733185761755,0.019159733185761755,0.0,-0.02338224347360753,5,0,False,False,
H593-49e398ee5fa1770f2f4b4804,OUTCOME-0399,0,dabd4e44228b0c3fe4d6e936d82cc48dbee71a26baad248be0f99f22cd2424cf,True,True,True,1145,1145,1145,1145,True,1,HOLD,False,-4.204230627551772,0.0,0.12183260777579408,0.12183260777579408,0.12183260777579408,0.0,0.08718891824499397,1,0,True,False,
H593-49f22736fa0dc6e88308fe6e,OUTCOME-0792,2,b769c5976cb5ff7ce3b894e9be1b36db00c2256a127a7bbb82bac0dfb917368d,True,True,True,418,418,418,418,True,1,HOLD,False,-8.417134216526959,0.0,0.16413067560484043,0.16413067560484043,0.16413067560484043,0.0,0.11721645198259152,1,0,True,False,
H593-49f8cacecc7b076432f500a5,OUTCOME-0241,2,4d5d4731b2c45171a86a8690a5b3a1819d26c3dd6226f61b0f9104c2f6f56484,True,True,True,1032,1032,1032,1032,True,1,HOLD,False,-4.125126062710757,0.0,0.06447716880576901,0.06447716880576901,0.06447716880576901,0.0,0.041292301165189504,1,0,True,False,
H593-4a5e17cb5c478c7f39d47e05,OUTCOME-0696,2,90d7a704ad7bf679580bc4dbadbe13884f491d2e338402f4d4437c2ffd66ab93,True,True,True,5004,5004,5004,5004,True,1,HOLD,False,-4.452362213486486,0.0,0.03828190385719659,0.03828190385719659,0.03828190385719659,0.0,0.007894382287643227,1,0,True,False,
H593-4a83dc5dd057d6229c12ae0e,OUTCOME-0806,3,d03ec6170d58ac2d6198068ac9aa233411e9b70ad6019840f643fdabcc4a9adf,True,True,True,499,499,499,4937,False,1,HOLD,False,-2.4451319017277107,0.0,0.01147422182786527,0.01147422182786527,0.01147422182786527,0.0,-0.015861224633916128,42,0,False,False,
H593-4b21f0164b2aae1b748917d5,OUTCOME-0266,3,d39c757e2a4c76e8e9403fd84708b3c233de7ca0b40197f435ceb3a48272b73f,True,True,True,608,608,608,608,True,1,HOLD,False,-6.225721708209461,0.0,0.09494258218882246,0.09494258218882246,0.09494258218882246,0.0,0.057781987255878936,1,0,True,False,
H593-4b694eed8bda537b0b21e8ff,OUTCOME-0150,1,da19e4e6b83d15ea83c05ab2e67a7e30bde059231ecd7dfb7f93382fc5e60b98,False,False,True,4366,4366,937,937,True,1,HOLD,True,-0.8301375654619232,-0.8301375654619232,0.07108730625226503,0.04178166888822738,0.04178166888822738,0.02930563736403765,0.02930563736403765,1,0,True,True,1
H593-4b6d56a0f3762d25fcace38a,OUTCOME-0657,4,48c57d44808de17cdd8b52db0f71a5a8fbbf9d2f4ab10a1751ec128aed4a3ff5,False,True,True,4742,3312,3312,3312,True,1,SWITCH,True,0.7353515845533656,0.7353515845533656,0.12596043084540234,0.010999261092840763,0.12596043084540234,0.0,0.0851526165334721,1,0,True,False,1
H593-4b977198186c9a205795518f,OUTCOME-0446,1,055e3d0a2ba828c5df95354fc5d80825fa129f679641c7a5ba585b5c8911a1f9,False,False,True,1318,1318,1322,1318,False,1,HOLD,True,-1.6767014932576498,-1.6767014932576498,0.03733873849867895,0.0430705635366701,0.0430705635366701,-0.005731825037991155,-0.005731825037991155,3,0,False,False,1
H593-4b9c8b2d75262b752ef8d7bd,OUTCOME-0247,2,4d5d4731b2c45171a86a8690a5b3a1819d26c3dd6226f61b0f9104c2f6f56484,True,True,True,1032,1032,1032,1032,True,1,HOLD,False,-5.499465561573416,0.0,0.21707656523263258,0.21707656523263258,0.21707656523263258,0.0,0.1737063786394826,1,0,True,False,
H593-4c47eaead5712c9295001ec4,OUTCOME-0164,3,162fd69cd74c8e3f1f06ce6bb5fec631f657a623f060862dbcc70a39fc026e96,True,True,True,567,567,567,1873,False,1,HOLD,False,-3.0535582455768617,0.0,0.025929635124152084,0.025929635124152084,0.025929635124152084,0.0,-0.00886689480314088,2,0,False,False,
H593-4c7da12e23a000c6fce488e2,OUTCOME-0447,1,055e3d0a2ba828c5df95354fc5d80825fa129f679641c7a5ba585b5c8911a1f9,True,True,True,1322,1322,1322,1322,True,1,HOLD,False,-1.976634704945792,0.0,0.08003189351325536,0.08003189351325536,0.08003189351325536,0.0,0.002980693293147957,1,0,True,False,
H593-4c89e7fdea0f3bfc34d4091a,OUTCOME-0143,1,da19e4e6b83d15ea83c05ab2e67a7e30bde059231ecd7dfb7f93382fc5e60b98,False,True,True,4366,937,937,937,True,1,SWITCH,True,0.9636266362861057,0.9636266362861057,0.05130235892422887,0.015128303069728115,0.05130235892422887,0.0,0.01924245759200103,1,0,True,False,1
H593-4c8af79cf3ec012acced486e,OUTCOME-0044,4,caadf690e51b6ae8aa69d3ebfb189f9ae43f3e3bde9aadd83d79e71a9ed27df7,True,True,True,0,0,0,90,False,1,HOLD,False,-2.4684255045640198,0.0,0.01597744431639541,0.01597744431639541,0.01597744431639541,0.0,-0.02812647472071586,6,0,False,False,
H593-4c9f0e3ae6ac7d842dede29d,OUTCOME-0284,4,c36d84d6c8d54c84a5f0b431f53eb8775569f16793018d5e6c57459cf8e20e49,True,True,True,4776,4776,4776,4776,True,1,HOLD,False,-2.0965495531760485,0.0,0.15559862590136386,0.15559862590136386,0.15559862590136386,0.0,0.03528884468917938,1,0,True,False,
H593-4cdc50b55891617da26d2e7a,OUTCOME-0726,2,d3d9e86636e760b3c7ab9d0366cce29c32d905942a4e7efc24b4feb559ccafdb,True,True,True,4791,4791,4791,4791,True,1,HOLD,False,-2.6600329449344837,0.0,0.1508927124164873,0.1508927124164873,0.1508927124164873,0.0,0.05464528136507035,1,0,True,False,
H593-4e4f8bc110d32982909421ec,DIFFICULT-0021,3,876e9a6c8b596c741810be05ef83bc4037f224102f15277c78e9afa9a641a3ab,True,True,True,1013,1013,1013,1013,True,1,HOLD,False,-5.161961022855694,0.0,0.14597087306361398,0.14597087306361398,0.14597087306361398,0.0,0.09642523968425745,1,0,True,False,
H593-4e6b9dc0dba15fcec5bea111,OUTCOME-0130,4,5e1903b41967d7091402cde6aa7a4b83e5df5f58a2bef1439e218f802ca6cf53,True,True,True,935,935,935,3234,False,1,HOLD,False,-0.6642678304989752,0.0,0.004956291440556199,0.004956291440556199,0.004956291440556199,0.0,-0.02891116009515006,112,0,False,False,
H593-4edbbd8a5f9a75ce2559d49d,OUTCOME-0316,0,69e8433234f6613d539957d8cd900a9503c3e7bceb31e12adec7cfa0adc6368b,False,True,True,2620,1114,1114,1114,True,1,SWITCH,True,0.5034884398865542,0.5034884398865542,0.1204375060916879,0.025960511149391706,0.1204375060916879,0.0,0.05668865534099682,1,0,True,False,1
H593-4ef2d085267e3a655f22c017,OUTCOME-0319,0,27398dad6e577a6cdc7867303a9c586cdf14f835803381e1ac3586b1bec33c43,True,True,True,4855,4855,4855,4855,True,1,HOLD,False,-7.54717220701138,0.0,0.10032737717426103,0.10032737717426103,0.10032737717426103,0.0,0.0751910857261794,1,0,True,False,
H593-500972ee89029bc55f7ce4da,DIFFICULT-0022,3,876e9a6c8b596c741810be05ef83bc4037f224102f15277c78e9afa9a641a3ab,True,True,True,1013,1013,1013,1013,True,1,HOLD,False,-5.043218014503005,0.0,0.16464228065781594,0.16464228065781594,0.16464228065781594,0.0,0.12623265510881215,1,0,True,False,
H593-5013811bdfa12b1550e11683,OUTCOME-0436,1,055e3d0a2ba828c5df95354fc5d80825fa129f679641c7a5ba585b5c8911a1f9,False,True,True,868,1322,1322,1322,True,1,SWITCH,True,0.6588421857144224,0.6588421857144224,0.048121143165784974,0.016798714484858573,0.048121143165784974,0.0,0.007354156567508541,1,0,True,False,1
H593-50257d3fc942087a47f7ed9b,DIFFICULT-0059,1,f16447b66992689bdb8350dadcb85602511b1bd2c18265a511e90bf7d2910d9c,True,True,True,3368,3368,3368,2385,False,1,HOLD,False,-1.922555331449339,0.0,0.018845483588572565,0.018845483588572565,0.018845483588572565,0.0,-0.03358231774268018,93,0,False,False,
H593-505241b0686c5828ac2cea63,OUTCOME-0261,3,d39c757e2a4c76e8e9403fd84708b3c233de7ca0b40197f435ceb3a48272b73f,True,True,True,608,608,608,608,True,1,HOLD,False,-5.2850168829527275,0.0,0.05126028399870921,0.05126028399870921,0.05126028399870921,0.0,0.0225143748126582,1,0,True,False,
H593-506fbf0965ee584fadc5f5d1,OUTCOME-0489,2,0748babacede700838aa4a895d8d3238fc567929c58d772ed17e063e9856bb96,True,True,True,1424,1424,1424,1424,True,1,HOLD,False,-5.843679895121066,0.0,0.14864994569769152,0.14864994569769152,0.14864994569769152,0.0,0.11437708598209992,1,0,True,False,
H593-50e98a4949f2bb0bae2a8cc5,OUTCOME-0350,1,f4cb26eef9646d6dfd71a5bdba8092d2e0f934cd5f8e9ffe627d7c9ba8444f36,True,True,True,4861,4861,4861,4861,True,1,HOLD,False,-5.685937998569106,0.0,0.03557627923634546,0.03557627923634546,0.03557627923634546,0.0,0.005470328194701217,1,0,True,False,
H593-5143094db93c7c74aac3b66d,DIFFICULT-0093,1,bf0eaa86ddfc9a7fbdb09ac2f6f0fd91e32036da44a8971649ba96ecb8aa1b71,True,True,True,265,265,265,265,True,1,HOLD,False,-1.5733609864125715,0.0,0.23658230300608404,0.23658230300608404,0.23658230300608404,0.0,0.03117901351340302,1,0,True,False,
H593-514ffff2eed103b274b1a789,OUTCOME-0273,4,c36d84d6c8d54c84a5f0b431f53eb8775569f16793018d5e6c57459cf8e20e49,False,False,False,1243,4246,,3051,False,1,SWITCH,False,0.43488655635776086,,,,,,,,,,,
H593-51f9fd7fedf15c7a3386049d,OUTCOME-0683,2,1dc9b4a228de9516b591d58e28a2763e3d2428004318636d1f9e2936718e7999,True,True,True,221,221,221,221,True,1,HOLD,False,-1.627257992987984,0.0,0.10593530471797058,0.10593530471797058,0.10593530471797058,0.0,0.006309733722362973,1,0,True,False,
H593-5215365f1c24c67d099c6773,OUTCOME-0349,1,f4cb26eef9646d6dfd71a5bdba8092d2e0f934cd5f8e9ffe627d7c9ba8444f36,True,True,True,4861,4861,4861,5070,False,1,HOLD,False,-2.677571211041407,0.0,0.02655162051713062,0.02655162051713062,0.02655162051713062,0.0,-0.013823874957146258,8,0,False,False,
H593-526854f7b33d3ad6e1521409,OUTCOME-0441,1,055e3d0a2ba828c5df95354fc5d80825fa129f679641c7a5ba585b5c8911a1f9,False,False,True,1327,1339,1322,1322,True,1,SWITCH,False,0.45519454577270313,0.3190780674472251,0.05659457284848937,0.019604346815558178,0.05324390686891759,0.0033506659795717805,0.00019234128978077442,1,0,True,True,3
H593-5332c0cc3d7929c09d5c01f3,DIFFICULT-0035,2,da3eaa29e19bcc9bd6181db13c258df73a34d84bc20cb67ca147824a6fc4abe5,True,True,True,4840,4840,4840,4840,True,1,HOLD,False,-6.607215223073307,0.0,0.15562260931336339,0.15562260931336339,0.15562260931336339,0.0,0.11189781479163627,1,0,True,False,
H593-53e0bb3f0f95aa31e37ff328,OUTCOME-0320,0,27398dad6e577a6cdc7867303a9c586cdf14f835803381e1ac3586b1bec33c43,True,True,True,4855,4855,4855,4855,True,1,HOLD,False,-4.641715371017586,0.0,0.06415585924726767,0.06415585924726767,0.06415585924726767,0.0,0.04277158923128596,1,0,True,False,
H593-53f1fabaea0e77a8ad271caf,OUTCOME-0812,2,7abc0d7c0e302804a40dcf309dece25b925a424ae8a43fd70cd693d41ebfc54f,False,False,True,507,507,512,291,False,1,HOLD,True,-1.2903387858053046,-1.2903387858053046,0.047133042792670346,0.042587915221357166,0.042587915221357166,0.00454512757131318,-0.00570546455882065,3,0,False,True,1
H593-542a9d20e3accf68eed2f111,DIFFICULT-0051,1,f16447b66992689bdb8350dadcb85602511b1bd2c18265a511e90bf7d2910d9c,True,True,True,3368,3368,3368,3368,True,1,HOLD,False,-3.470830534554721,0.0,0.05675798980650027,0.05675798980650027,0.05675798980650027,0.0,0.023278835364485558,1,0,True,False,
H593-55896fed273be6f353312f56,OUTCOME-0737,2,0afd089c456e855f9466067a75179f94b4fb386831d044fd18ff0bcd22e0d3f4,True,True,True,304,304,304,304,True,1,HOLD,False,-1.8903817719716076,0.0,0.225495826718164,0.225495826718164,0.225495826718164,0.0,0.061568539789389976,1,0,True,False,
H593-55ba8ad94b75fd7b8b1484d7,OUTCOME-0768,1,2aa1e6c4bb63c1bf91f9200ac8983a2fdb8a3d86fcbc58c5f88c921023045af6,True,True,True,409,409,409,409,True,1,HOLD,False,-5.307486619733702,0.0,0.1733243725723904,0.1733243725723904,0.1733243725723904,0.0,0.14043824823740958,1,0,True,False,
H593-55dca419c3a60e609c284564,OUTCOME-0701,2,90d7a704ad7bf679580bc4dbadbe13884f491d2e338402f4d4437c2ffd66ab93,True,True,True,5004,5004,5004,4810,False,1,HOLD,False,-1.275717501679296,0.0,0.008635432647862424,0.008635432647862424,0.008635432647862424,0.0,-0.02210478666525135,101,0,False,False,
H593-56dd45ec2e7deff86e812509,OUTCOME-0771,1,2aa1e6c4bb63c1bf91f9200ac8983a2fdb8a3d86fcbc58c5f88c921023045af6,True,True,True,409,409,409,409,True,1,HOLD,False,-3.44512669528041,0.0,0.043976393689464176,0.043976393689464176,0.043976393689464176,0.0,0.014936320748149115,1,0,True,False,
H593-56ea0b6924407c2819a6f9f9,OUTCOME-0814,2,7abc0d7c0e302804a40dcf309dece25b925a424ae8a43fd70cd693d41ebfc54f,False,False,True,508,508,512,209,False,1,HOLD,False,-1.492749371750346,-2.490615882535424,0.023414264746626876,0.021307415034361826,0.021307415034361826,0.00210684971226505,-0.009077330154011735,10,0,False,True,12
H593-575d6db6bfc93ebe863516ea,OUTCOME-0343,0,8ad47f26cd065ca57d3a68d2c5f31cd9eeb977294c710ac87f6e9c84b24866ea,True,True,True,1134,1134,1134,1134,True,1,HOLD,False,-2.9643507829331552,0.0,0.06554409123621875,0.06554409123621875,0.06554409123621875,0.0,0.02633361375968618,1,0,True,False,
H593-57dba7774ff1e1399e0d181e,OUTCOME-0197,3,f90fb756794a5ae5c68d05c56cb486456e64d83f751a66bbf1ddae3fcb43bb13,True,True,True,977,977,977,977,True,1,HOLD,False,-3.5397588154725925,0.0,0.13772079093612924,0.13772079093612924,0.13772079093612924,0.0,0.06710526467784941,1,0,True,False,
H593-596fedd7ad0dd56b9b06d758,OUTCOME-0773,1,2aa1e6c4bb63c1bf91f9200ac8983a2fdb8a3d86fcbc58c5f88c921023045af6,True,True,True,409,409,409,409,True,1,HOLD,False,-2.163971925878906,0.0,0.07267141423982655,0.07267141423982655,0.07267141423982655,0.0,0.021113306651674532,1,0,True,False,
H593-59fdea3ddfa2a7c762aa0a19,DIFFICULT-0087,0,b290b929d9999bcd5494b609bbacdaa3be248ff840ce6785cb1cb2438d245c13,False,True,True,5164,5043,5043,5043,True,1,SWITCH,True,0.68810929068932,0.68810929068932,0.16802881471720085,0.03441589230185403,0.16802881471720085,0.0,0.08798140688523416,1,0,True,False,1
H593-5b9e6dcf1a92193abe8b39b2,DIFFICULT-0062,1,f16447b66992689bdb8350dadcb85602511b1bd2c18265a511e90bf7d2910d9c,False,True,True,4608,3368,3368,3368,True,1,SWITCH,True,0.18156555175504918,0.18156555175504918,0.16402814169689395,0.04892746695247222,0.16402814169689395,0.0,0.07561721056785431,1,0,True,False,1
H593-5bf76899256100e280a80e1d,OUTCOME-0734,2,0afd089c456e855f9466067a75179f94b4fb386831d044fd18ff0bcd22e0d3f4,True,True,True,304,304,304,304,True,1,HOLD,False,-1.4762992308322314,0.0,0.10341069820393099,0.10341069820393099,0.10341069820393099,0.0,0.01083746458172194,1,0,True,False,
H593-5c99ac9c05994bb4d60da476,OUTCOME-0078,3,3cce9049697a8e2b65ce5904772f00a613b585ff8ca6e50e5a9c4c63a4391645,True,True,True,7,7,7,7,True,1,HOLD,False,-2.7927983727398233,0.0,0.08013273786320543,0.08013273786320543,0.08013273786320543,0.0,0.01645310021010686,1,0,True,False,
H593-5ca1f16c2917448ec0557e02,DIFFICULT-0125,2,c04b390c7ae86a0d21958115ce19bd1ed22c76ff1b8fb240f01405c8bf9231ec,True,True,True,480,480,480,4482,False,1,HOLD,False,-3.851592780421277,0.0,0.026676169335203948,0.026676169335203948,0.026676169335203948,0.0,-0.013863074990219486,11,0,False,False,
H593-5cde50d3890df26e13611884,OUTCOME-0087,4,fae9abd9dccd97b0f46477e2b8de584b47f0991da74eb5dfbedf3526f4bba6a5,False,True,True,51,9,9,9,True,1,SWITCH,True,0.34474806481229225,0.34474806481229225,0.13847681525875424,0.048377722051239934,0.13847681525875424,0.0,0.0900990932075143,1,0,True,False,1
H593-5ce80bead003f31b6617b817,NDV2-007-P01,0,e5b4f86a4d49af3ede0ecdd200dfae35f36ef1fb29c77d00e2fc254648085e0e,True,True,True,4830,4830,4830,5019,False,1,HOLD,False,-3.6638774257996674,0.0,0.04485713647304006,0.04485713647304006,0.04485713647304006,0.0,-0.021531305549931448,6,0,False,False,
H593-5cf549d352c47628697f6f37,OUTCOME-0137,4,5e1903b41967d7091402cde6aa7a4b83e5df5f58a2bef1439e218f802ca6cf53,False,True,True,1219,935,935,935,True,1,SWITCH,True,0.09797936046495304,0.09797936046495304,0.12748307264114836,0.021994224775789384,0.12748307264114836,0.0,0.05731568133190555,1,0,True,False,1
H593-5d3f5a51f35755fb8b50d72a,OUTCOME-0291,1,4a0922400b8dd80a6d357c67cf3585d8c5a63b87415f063eab4e2dd7a5643fae,True,True,True,4846,4846,4846,5345,False,1,HOLD,False,-2.945195550016797,0.0,0.022827443826407032,0.022827443826407032,0.022827443826407032,0.0,-0.008176353438664376,3,0,False,False,
H593-5deb30c18beda44d1e9a98af,OUTCOME-0475,1,1efff5d5855cab66509977a0b8d496f45b9a66147726f1323cdd42a873075386,False,False,True,2468,2468,1402,1804,False,1,HOLD,False,-1.5786593596088916,-1.9284604542153048,0.05114560133663883,0.04071664026541662,0.04071664026541662,0.01042896107122221,-0.02481265649471584,11,0,False,True,4
H593-5e3baff5983fb5e1280953d4,OUTCOME-0373,0,f15f4acea549124570f8e5b5e20c5575b2b6e0d49386891fe5a7552afc90436f,False,False,True,5340,5165,4865,5165,False,1,SWITCH,False,0.8922106551010738,0.03880034342354621,0.03597559520922009,0.01410099049278732,0.06782513470736162,-0.03184953949814153,-0.03184953949814153,8,0,False,False,4
H593-5ead089e93e3fef6a60f6016,OUTCOME-0256,2,4d5d4731b2c45171a86a8690a5b3a1819d26c3dd6226f61b0f9104c2f6f56484,True,True,True,1032,1032,1032,1032,True,1,HOLD,False,-4.4408862974678325,0.0,0.2065603712663786,0.2065603712663786,0.2065603712663786,0.0,0.11541341976834277,1,0,True,False,
H593-5ec7687ad1569b8195a9fcd1,OUTCOME-0242,2,4d5d4731b2c45171a86a8690a5b3a1819d26c3dd6226f61b0f9104c2f6f56484,False,True,True,4083,1032,1032,1032,True,1,SWITCH,True,1.0054722245979564,1.0054722245979564,0.08390124810402182,0.011504560108470315,0.08390124810402182,0.0,0.00992754367544009,1,0,True,False,1
H593-5f0b1cc082bf69f4270e53f3,OUTCOME-0203,3,f90fb756794a5ae5c68d05c56cb486456e64d83f751a66bbf1ddae3fcb43bb13,False,False,False,2872,2872,,2774,False,1,HOLD,False,-0.4351283755113532,,,,,,,,,,,
H593-5f1d8e99507134bf9261aa26,OUTCOME-0331,0,8ad47f26cd065ca57d3a68d2c5f31cd9eeb977294c710ac87f6e9c84b24866ea,False,False,True,3671,3671,1134,1134,True,1,HOLD,True,-0.9042654692290205,-0.9042654692290205,0.12074878616519409,0.1016113321473101,0.1016113321473101,0.019137454017883998,0.019137454017883998,1,0,True,True,1
H593-5f2533f8d63dca3775f00d6e,OUTCOME-0497,2,0748babacede700838aa4a895d8d3238fc567929c58d772ed17e063e9856bb96,True,True,True,1424,1424,1424,1091,False,1,HOLD,False,-3.639701635828067,0.0,0.0959274506681283,0.0959274506681283,0.0959274506681283,0.0,-0.013850911962518572,2,0,False,False,
H593-5fe59cce1a8be38a02275a23,OUTCOME-0213,2,4307e640e3e4b993a792a0030fe96b8501fe6e1375f37fcb8115bccccdf67258,False,False,True,2461,2461,1024,2704,False,1,HOLD,False,-0.2207855004362147,-1.3497090870781019,0.014481127612176108,0.009152579135450542,0.009152579135450542,0.005328548476725566,-0.01679737105109418,29,0,False,True,10
H593-600a237ce0d7753df38cf902,OUTCOME-0821,2,7abc0d7c0e302804a40dcf309dece25b925a424ae8a43fd70cd693d41ebfc54f,False,False,True,507,507,512,512,True,1,HOLD,True,-1.2343588725724344,-1.2343588725724344,0.08049304508412283,0.07720483064904216,0.07720483064904216,0.0032882144350806775,0.0018811134149828157,1,0,True,True,1
H593-60917368d9020829ad933264,DIFFICULT-0008,4,7309194c945cf747ac938c081c8e1c7587ee93c9427836b98aa713829ad9307b,True,True,True,996,996,996,996,True,1,HOLD,False,-4.302100788727979,0.0,0.1417371648875225,0.1417371648875225,0.1417371648875225,0.0,0.09439269759318411,1,0,True,False,
H593-60d3d272fcf4945ce1b4cfad,OUTCOME-0717,2,d3d9e86636e760b3c7ab9d0366cce29c32d905942a4e7efc24b4feb559ccafdb,True,True,True,4791,4791,4791,90,False,1,HOLD,False,-0.9041775616540577,0.0,0.007966815854753355,0.007966815854753355,0.007966815854753355,0.0,-0.03622547333273625,94,0,False,False,
H593-610d2220452ac13a29625c81,OUTCOME-0628,4,ef7d75f57f11d1174b60813355c0cf7d7dce1009b41f2c7a54cf612906b3dea7,True,True,True,3238,3238,3238,3238,True,1,HOLD,False,-5.230694928911451,0.0,0.11266233821007753,0.11266233821007753,0.11266233821007753,0.0,0.0764336856863367,1,0,True,False,
H593-613164a8ed07b8331901f9c7,NDV2-007-P04,0,e5b4f86a4d49af3ede0ecdd200dfae35f36ef1fb29c77d00e2fc254648085e0e,True,True,True,4830,4830,4830,4830,True,1,HOLD,False,-5.211125465019785,0.0,0.19566033636616997,0.19566033636616997,0.19566033636616997,0.0,0.1344103812825234,1,0,True,False,
H593-619260cce074655fc8b3b2ce,OUTCOME-0272,4,c36d84d6c8d54c84a5f0b431f53eb8775569f16793018d5e6c57459cf8e20e49,True,True,True,4776,4776,4776,4776,True,1,HOLD,False,-2.884813598866793,0.0,0.04847803455575312,0.04847803455575312,0.04847803455575312,0.0,0.015260732879890694,1,0,True,False,
H593-61dd525ce4c64a94855321cf,OUTCOME-0794,3,d03ec6170d58ac2d6198068ac9aa233411e9b70ad6019840f643fdabcc4a9adf,True,True,True,499,499,499,90,False,1,HOLD,False,-0.24751066131638444,0.0,0.01645911105436277,0.01645911105436277,0.01645911105436277,0.0,-0.039969350130908,40,0,False,False,
H593-62a3ef9aed28fe11480a070d,OUTCOME-0528,4,67c564121b4c0847db261d818757e131684626ea0db83097a0e9610c7cf03222,True,True,True,147,147,147,90,False,1,HOLD,False,-0.9699859136630762,0.0,0.01691039230607647,0.01691039230607647,0.01691039230607647,0.0,-0.022224121051375268,6,0,False,False,
H593-6383fcb3c30d23a881c0d351,OUTCOME-0056,4,caadf690e51b6ae8aa69d3ebfb189f9ae43f3e3bde9aadd83d79e71a9ed27df7,True,True,True,0,0,0,0,True,1,HOLD,False,-3.931494210368487,0.0,0.14008858607199534,0.14008858607199534,0.14008858607199534,0.0,0.04279694855975276,1,0,True,False,
H593-63f9178f5a1ac8c911f30671,OUTCOME-0129,4,5e1903b41967d7091402cde6aa7a4b83e5df5f58a2bef1439e218f802ca6cf53,True,True,True,935,935,935,935,True,1,HOLD,False,-5.687465847399925,0.0,0.0502638119907853,0.0502638119907853,0.0502638119907853,0.0,0.028815419662364467,1,0,True,False,
H593-64732ad8af7e22ab8530b83d,OUTCOME-0636,4,ef7d75f57f11d1174b60813355c0cf7d7dce1009b41f2c7a54cf612906b3dea7,False,True,True,1775,3238,3238,4504,False,1,SWITCH,True,2.1209009540196453,2.1209009540196453,0.06601737489725855,0.00533348383975229,0.06601737489725855,0.0,-0.030529132639196932,3,0,False,False,1
H593-648cf256a0655f0b4baede6a,NDV2-012-P02,4,f136ca0b9c716fcae1884f370b2cc9c1a38f30e5a477d50097f50ecb3c76d60b,True,True,True,1652,1652,1652,1653,False,1,HOLD,False,-1.3606334501706496,0.0,0.2029319728886435,0.2029319728886435,0.2029319728886435,0.0,-0.0026088517060416094,2,0,False,False,
H593-64d4b96748545637c220ac9d,NDV2-012-P04,4,f136ca0b9c716fcae1884f370b2cc9c1a38f30e5a477d50097f50ecb3c76d60b,True,True,True,1652,1652,1652,1652,True,1,HOLD,False,-1.5782456862382035,0.0,0.19084082239424383,0.19084082239424383,0.19084082239424383,0.0,0.01677479053587408,1,0,True,False,
H593-64e146b0abb950dce567767c,DIFFICULT-0058,1,f16447b66992689bdb8350dadcb85602511b1bd2c18265a511e90bf7d2910d9c,False,False,True,4297,4297,3368,4326,False,1,HOLD,False,-1.9565835226938222,-2.0193423882848673,0.028616750478878128,0.032558879796099865,0.032558879796099865,-0.0039421293172217375,-0.013741211505059303,25,0,False,False,2
H593-657b8fd68285cbf2a58e2cd2,OUTCOME-0263,3,d39c757e2a4c76e8e9403fd84708b3c233de7ca0b40197f435ceb3a48272b73f,True,True,True,608,608,608,608,True,1,HOLD,False,-7.302315458537604,0.0,0.08549383079320927,0.08549383079320927,0.08549383079320927,0.0,0.06341232323304628,1,0,True,False,
H593-6643faf35f58ab82ab7e712d,OUTCOME-0496,2,0748babacede700838aa4a895d8d3238fc567929c58d772ed17e063e9856bb96,True,True,True,1424,1424,1424,1091,False,1,HOLD,False,-3.4821019118322827,0.0,0.07435195026567169,0.07435195026567169,0.07435195026567169,0.0,-0.011214798829371986,2,0,False,False,
H593-671d0f11f416b72cd6df22b5,OUTCOME-0324,0,27398dad6e577a6cdc7867303a9c586cdf14f835803381e1ac3586b1bec33c43,True,True,True,4855,4855,4855,4855,True,1,HOLD,False,-6.628367736196775,0.0,0.15497147518787807,0.15497147518787807,0.15497147518787807,0.0,0.09770772491269061,1,0,True,False,
H593-6829310800010539ea1d94b5,OUTCOME-0237,4,131b059227e8e198d5556d3c77a12b94efae9837ff4f020b91f223056c73465a,True,True,True,4829,4829,4829,4872,False,1,HOLD,False,-2.375267133649425,0.0,0.020809936153245008,0.020809936153245008,0.020809936153245008,0.0,-0.020438628568897513,38,0,False,False,
H593-68c0678826661b7d2a038ac8,OUTCOME-0309,0,69e8433234f6613d539957d8cd900a9503c3e7bceb31e12adec7cfa0adc6368b,True,True,True,1114,1114,1114,1114,True,1,HOLD,False,-3.5999335464100133,0.0,0.10095815953899263,0.10095815953899263,0.10095815953899263,0.0,0.05448640814124196,1,0,True,False,
H593-6a135758a5df59039c4dd3ef,OUTCOME-0625,4,ef7d75f57f11d1174b60813355c0cf7d7dce1009b41f2c7a54cf612906b3dea7,True,True,True,3238,3238,3238,3238,True,1,HOLD,False,-5.782355622888927,0.0,0.14066422377911567,0.14066422377911567,0.14066422377911567,0.0,0.11330952548116022,1,0,True,False,
H593-6a176cd4811e16620c134360,DIFFICULT-0105,0,dca95ffa60d30d6597de3bfed4a27b53d657ea2e90a8d6ee6aa513316eee9848,True,True,True,395,395,395,391,False,1,HOLD,False,-1.1215049333164648,0.0,0.24623559834288108,0.24623559834288108,0.24623559834288108,0.0,-0.0006539318184910214,3,0,False,False,
H593-6a23b1a27c51bbde9c38b5ce,OUTCOME-0389,3,4a5e078a9d0335a17e0b19c90cc91b4eaf583fcc72663cf7441019d2f00d652a,False,False,True,1804,1804,1140,1140,True,1,HOLD,True,-0.3041128488911121,-0.3041128488911121,0.060783095452300394,0.03148902550248243,0.03148902550248243,0.029294069949817966,0.023074359968015767,1,0,True,True,1
H593-6a41937f82d722c1bd11db83,OUTCOME-0275,4,c36d84d6c8d54c84a5f0b431f53eb8775569f16793018d5e6c57459cf8e20e49,True,True,True,4776,4776,4776,91,False,1,HOLD,False,-1.4230431525508627,0.0,0.020278834907990564,0.020278834907990564,0.020278834907990564,0.0,-0.022528679083087543,26,0,False,False,
H593-6a4848172c5de649fc0145cb,OUTCOME-0207,3,f90fb756794a5ae5c68d05c56cb486456e64d83f751a66bbf1ddae3fcb43bb13,False,False,False,4068,4068,,2056,False,1,HOLD,False,-1.9418237644993843,,,,,,,,,,,
H593-6b6f28c3059152ad0505c08d,OUTCOME-0285,4,c36d84d6c8d54c84a5f0b431f53eb8775569f16793018d5e6c57459cf8e20e49,True,True,True,4776,4776,4776,4776,True,1,HOLD,False,-3.3984592734709347,0.0,0.1294142228700359,0.1294142228700359,0.1294142228700359,0.0,0.08894832719273345,1,0,True,False,
H593-6c4ba020c70c5827dd7c5229,DIFFICULT-0024,3,876e9a6c8b596c741810be05ef83bc4037f224102f15277c78e9afa9a641a3ab,True,True,True,1013,1013,1013,1013,True,1,HOLD,False,-4.736202101882037,0.0,0.06588493955763292,0.06588493955763292,0.06588493955763292,0.0,0.02782061527705043,1,0,True,False,
H593-6d972ef4236570a35bc4adf0,DIFFICULT-0086,0,b290b929d9999bcd5494b609bbacdaa3be248ff840ce6785cb1cb2438d245c13,False,True,True,5315,5043,5043,5043,True,1,SWITCH,True,0.5547433817514498,0.5547433817514498,0.1739322015573028,0.046091035713539126,0.1739322015573028,0.0,0.08105767839354315,1,0,True,False,1
H593-6e81425780a0e9f03a924de4,OUTCOME-0721,2,d3d9e86636e760b3c7ab9d0366cce29c32d905942a4e7efc24b4feb559ccafdb,True,True,True,4791,4791,4791,4791,True,1,HOLD,False,-2.017507148237239,0.0,0.1308369225057071,0.1308369225057071,0.1308369225057071,0.0,0.03943174826404025,1,0,True,False,
H593-6eed4a007d0370e035410941,OUTCOME-0603,3,c13e6a469d26dd360022a4ba3af2d2bdbb230082c9e605b822c0f5806f9b9bc9,False,True,True,3439,3208,3208,3208,True,1,SWITCH,True,1.8004296357555092,1.8004296357555092,0.13380173267329565,0.01017144995538855,0.13380173267329565,0.0,0.08471970650884586,1,0,True,False,1
H593-6f38112fbf3474ccf845534e,OUTCOME-0379,3,4a5e078a9d0335a17e0b19c90cc91b4eaf583fcc72663cf7441019d2f00d652a,False,False,True,2439,2439,1140,1140,True,1,HOLD,True,-0.07392239185379368,-0.07392239185379368,0.09376521066368391,0.014526322373631991,0.014526322373631991,0.07923888829005192,0.044840823159686925,1,0,True,True,1
H593-6fbc0bd5cc7a6fdd5e33f290,OUTCOME-0357,1,f4cb26eef9646d6dfd71a5bdba8092d2e0f934cd5f8e9ffe627d7c9ba8444f36,True,True,True,4861,4861,4861,3165,False,1,HOLD,False,-3.5630958561803006,0.0,0.02166628924887125,0.02166628924887125,0.02166628924887125,0.0,-0.0114493075944481,4,0,False,False,
H593-6fd71aa96c47c72dff2bd2f2,DIFFICULT-0027,3,876e9a6c8b596c741810be05ef83bc4037f224102f15277c78e9afa9a641a3ab,False,True,True,3688,1013,1013,1013,True,1,SWITCH,True,1.175283696262224,1.175283696262224,0.1252544214322787,0.019121238599304986,0.1252544214322787,0.0,0.08505920786138245,1,0,True,False,1
H593-7090a1ee7fe6811f7fd655ec,DIFFICULT-0098,1,bf0eaa86ddfc9a7fbdb09ac2f6f0fd91e32036da44a8971649ba96ecb8aa1b71,False,False,True,3311,3311,265,262,False,1,HOLD,False,-1.4367556452269166,-2.776798214817463,0.03770580117625413,0.010297872741386447,0.010297872741386447,0.02740792843486769,-0.009641974717638176,2,0,False,True,3
H593-70d36e5f24cab2ddc78b38ea,OUTCOME-0330,0,8ad47f26cd065ca57d3a68d2c5f31cd9eeb977294c710ac87f6e9c84b24866ea,True,True,True,1134,1134,1134,1134,True,1,HOLD,False,-2.694492331498646,0.0,0.05263859593433667,0.05263859593433667,0.05263859593433667,0.0,0.001723141768299019,1,0,True,False,
H593-715fe4641e960fade94872da,OUTCOME-0700,2,90d7a704ad7bf679580bc4dbadbe13884f491d2e338402f4d4437c2ffd66ab93,True,True,True,5004,5004,5004,5004,True,1,HOLD,False,-5.634182209539301,0.0,0.07198307198710316,0.07198307198710316,0.07198307198710316,0.0,0.03955936684768768,1,0,True,False,
H593-71a8e729bc95ecbd6e4dbc1e,OUTCOME-0234,4,131b059227e8e198d5556d3c77a12b94efae9837ff4f020b91f223056c73465a,True,True,True,4829,4829,4829,5345,False,1,HOLD,False,-4.170807362698791,0.0,0.022835725997910866,0.022835725997910866,0.022835725997910866,0.0,-0.0014792807730739169,3,0,False,False,
H593-71b6e21207e212b1665f9cc6,NDV2-005-P03,0,5993f2caf420c9a99c193d33f748eea45f5c55ab4832c947913f7c005ada8f7b,True,True,True,32,32,32,16,False,1,HOLD,False,-0.9586671345833692,0.0,0.0868926226485709,0.0868926226485709,0.0868926226485709,0.0,-0.020047895630185747,4,0,False,False,
H593-71bb9528a8ed1a01bbcf03c2,OUTCOME-0409,0,1f59b78808c09c6bf68702306ba72c84cbbb75e1dfc61bab3c7f1b99aee3b17d,True,True,True,1183,1183,1183,4075,False,1,HOLD,False,-2.503318766760573,0.0,0.014056487378814576,0.014056487378814576,0.014056487378814576,0.0,-0.015064213280106788,21,0,False,False,
H593-72fa544dc79ae7a09a7d75c3,OUTCOME-0708,0,86244889a9cf4aa3df9f971885f8dfcec40ce965b829d12b7deb1eb31c2e4e44,True,True,True,5053,5053,5053,5053,True,1,HOLD,False,-2.5452959968025706,0.0,0.023031274703449265,0.023031274703449265,0.023031274703449265,0.0,0.002106031646017765,1,0,True,False,
H593-73779fe9c390b8d75b07f9fc,OUTCOME-0472,1,1efff5d5855cab66509977a0b8d496f45b9a66147726f1323cdd42a873075386,True,True,True,1402,1402,1402,1402,True,1,HOLD,False,-4.42194839008281,0.0,0.11290290145537214,0.11290290145537214,0.11290290145537214,0.0,0.08009847717131996,1,0,True,False,
H593-74f8620ac02b6e6c2a64a722,OUTCOME-0530,4,67c564121b4c0847db261d818757e131684626ea0db83097a0e9610c7cf03222,False,False,True,146,146,147,90,False,1,HOLD,True,-2.01351968846612,-2.01351968846612,0.01285082474196352,0.018239740199554898,0.018239740199554898,-0.005388915457591377,-0.030265194240811984,20,0,False,False,1
H593-75bb4e011323af524bb6c0a8,OUTCOME-0321,0,27398dad6e577a6cdc7867303a9c586cdf14f835803381e1ac3586b1bec33c43,True,True,True,4855,4855,4855,5042,False,1,HOLD,False,-3.1210499697889986,0.0,0.024194767716970197,0.024194767716970197,0.024194767716970197,0.0,-0.0014768595455258784,2,0,False,False,
H593-764058385070ed8371885b31,OUTCOME-0274,4,c36d84d6c8d54c84a5f0b431f53eb8775569f16793018d5e6c57459cf8e20e49,False,False,False,3128,3128,,2120,False,1,HOLD,False,-1.007923376119654,,,,,,,,,,,
H593-772d4e717709ffb1faaa4751,OUTCOME-0781,2,b769c5976cb5ff7ce3b894e9be1b36db00c2256a127a7bbb82bac0dfb917368d,True,True,True,418,418,418,1415,False,1,HOLD,False,-2.5181647685705317,0.0,0.03278100045678873,0.03278100045678873,0.03278100045678873,0.0,-0.0008925276995352394,3,0,False,False,
H593-781e579d26df1fa016a3b3b2,OUTCOME-0055,4,caadf690e51b6ae8aa69d3ebfb189f9ae43f3e3bde9aadd83d79e71a9ed27df7,True,True,True,0,0,0,0,True,1,HOLD,False,-4.153140288162194,0.0,0.10130168898341413,0.10130168898341413,0.10130168898341413,0.0,0.041062512778188946,1,0,True,False,
H593-78606a2dd4349afc3e93a5d4,DIFFICULT-0096,1,bf0eaa86ddfc9a7fbdb09ac2f6f0fd91e32036da44a8971649ba96ecb8aa1b71,True,True,True,265,265,265,265,True,1,HOLD,False,-1.5823362313304072,0.0,0.2642625553163491,0.2642625553163491,0.2642625553163491,0.0,0.03389662522059933,1,0,True,False,
H593-78915e402bcb9f1d844cc49f,OUTCOME-0279,4,c36d84d6c8d54c84a5f0b431f53eb8775569f16793018d5e6c57459cf8e20e49,True,True,True,4776,4776,4776,516,False,1,HOLD,False,-1.1940692134360722,0.0,0.023829585411443883,0.023829585411443883,0.023829585411443883,0.0,-0.03576768331896586,57,0,False,False,
H593-789352ff1b5b65e23c400aa3,OUTCOME-0733,2,0afd089c456e855f9466067a75179f94b4fb386831d044fd18ff0bcd22e0d3f4,False,False,True,303,303,304,304,True,1,HOLD,True,-1.2403578169763296,-1.2403578169763296,0.11241337558742588,0.10152380301024026,0.10152380301024026,0.010889572577185619,0.010889572577185619,1,0,True,True,1
H593-79ce3b4b2a924821dc8dc21a,OUTCOME-0094,3,c7abd98eade15d0ac417dcdde657be6a64e3cb837a808045d084fee49bf7d2a4,True,True,True,930,930,930,930,True,1,HOLD,False,-1.837630135952871,0.0,0.1596531965257448,0.1596531965257448,0.1596531965257448,0.0,0.039342293203005904,1,0,True,False,
H593-7a2a329a01beb7a806b52b3e,OUTCOME-0576,0,1a231675f970ef17d8df9d796fcc4f991f31e3ecab14c9f45454f336dc22786a,False,False,True,4787,4787,4788,4787,False,1,HOLD,True,-1.119886576083096,-1.119886576083096,0.10825259155167198,0.10895416710412835,0.10895416710412835,-0.0007015755524563683,-0.0007015755524563683,2,0,False,False,1
H593-7b06dd98b68f8bb5cfaf5ee9,OUTCOME-0488,1,c88cdb15edcd25a88595edf90f1fc3fef1e374c4e494fb4a4e8accfe55137d0a,True,True,True,1414,1414,1414,4084,False,1,HOLD,False,-4.1628915601795295,0.0,0.013565672045660712,0.013565672045660712,0.013565672045660712,0.0,-0.024752372196903315,64,0,False,False,
H593-7b7e5008423565e7dabb7046,OUTCOME-0758,1,a5cc6cd71cb98a23641d9032f2abdbe55a284b95eedc14e13d1ab9d93b7adc76,True,True,True,4798,4798,4798,4930,False,1,HOLD,False,-3.7263138619605694,0.0,0.02840339842541862,0.02840339842541862,0.02840339842541862,0.0,-0.02516949232290243,5,0,False,False,
H593-7bb65212a753515cfe27d488,OUTCOME-0473,1,1efff5d5855cab66509977a0b8d496f45b9a66147726f1323cdd42a873075386,False,False,False,3261,3261,,1897,False,1,HOLD,False,-1.7341032474542803,,,,,,,,,,,
H593-7bec97dabbf6cdb58e99fd1c,OUTCOME-0438,1,055e3d0a2ba828c5df95354fc5d80825fa129f679641c7a5ba585b5c8911a1f9,False,True,True,1321,1322,1322,1322,True,1,SWITCH,True,0.31370655097614164,0.31370655097614164,0.0958323703332282,0.028303983832752476,0.0958323703332282,0.0,0.013324022978929928,1,0,True,False,1
H593-7c514d458a3698754aa405bc,OUTCOME-0435,1,055e3d0a2ba828c5df95354fc5d80825fa129f679641c7a5ba585b5c8911a1f9,False,False,True,1339,1339,1322,1322,True,1,HOLD,True,-1.2870591112635321,-1.2870591112635321,0.19508778913926084,0.16435289623622631,0.16435289623622631,0.030734892903034522,0.030734892903034522,1,0,True,True,1
H593-7c5d7856df1eaee4c5e9743d,OUTCOME-0753,1,a5cc6cd71cb98a23641d9032f2abdbe55a284b95eedc14e13d1ab9d93b7adc76,True,True,True,4798,4798,4798,4798,True,1,HOLD,False,-4.548541325850724,0.0,0.031084039525537236,0.031084039525537236,0.031084039525537236,0.0,0.004142450029058192,1,0,True,False,
H593-7c6edd0dd50c429fa6b1d952,OUTCOME-0492,2,0748babacede700838aa4a895d8d3238fc567929c58d772ed17e063e9856bb96,True,True,True,1424,1424,1424,1873,False,1,HOLD,False,-2.8509947436212597,0.0,0.03671414213538441,0.03671414213538441,0.03671414213538441,0.0,-0.0023799970646804364,2,0,False,False,
H593-7d06b1868b0027825f88ef1c,OUTCOME-0202,3,f90fb756794a5ae5c68d05c56cb486456e64d83f751a66bbf1ddae3fcb43bb13,False,True,True,4485,977,977,977,True,1,SWITCH,True,0.33705838755723305,0.33705838755723305,0.04852434341803522,0.014227025408075229,0.04852434341803522,0.0,0.007707091506755477,1,0,True,False,1
H593-7d0da05ef415f738c2552977,OUTCOME-0761,1,a5cc6cd71cb98a23641d9032f2abdbe55a284b95eedc14e13d1ab9d93b7adc76,True,True,True,4798,4798,4798,4798,True,1,HOLD,False,-4.295847120461295,0.0,0.1098168098857073,0.1098168098857073,0.1098168098857073,0.0,0.07126059554666858,1,0,True,False,
H593-7d8b07a3d2656655a4aca7bb,OUTCOME-0246,2,4d5d4731b2c45171a86a8690a5b3a1819d26c3dd6226f61b0f9104c2f6f56484,True,True,True,1032,1032,1032,803,False,1,HOLD,False,-3.0266459532410455,0.0,0.027612732419982664,0.027612732419982664,0.027612732419982664,0.0,-0.008614167635175331,2,0,False,False,
H593-7d98c429f6f7e1e10918800b,OUTCOME-0054,4,caadf690e51b6ae8aa69d3ebfb189f9ae43f3e3bde9aadd83d79e71a9ed27df7,True,True,True,0,0,0,0,True,1,HOLD,False,-4.083199737864516,0.0,0.13583988002651146,0.13583988002651146,0.13583988002651146,0.0,0.04042853320585714,1,0,True,False,
H593-7dacd3aadc7a3c0857f02206,OUTCOME-0327,0,27398dad6e577a6cdc7867303a9c586cdf14f835803381e1ac3586b1bec33c43,True,True,True,4855,4855,4855,5008,False,1,HOLD,False,-1.867624127594303,0.0,0.01360060993387628,0.01360060993387628,0.01360060993387628,0.0,-0.01357888583026144,23,0,False,False,
H593-7e69370b1238d0d64a7652cd,OUTCOME-0602,3,c13e6a469d26dd360022a4ba3af2d2bdbb230082c9e605b822c0f5806f9b9bc9,True,True,True,3208,3208,3208,3208,True,1,HOLD,False,-3.840098672500626,0.0,0.10859879836571282,0.10859879836571282,0.10859879836571282,0.0,0.056797667616818245,1,0,True,False,
H593-7e8b411c2369c244ad7087b2,OUTCOME-0402,0,dabd4e44228b0c3fe4d6e936d82cc48dbee71a26baad248be0f99f22cd2424cf,True,True,True,1145,1145,1145,1145,True,1,HOLD,False,-4.536800123770782,0.0,0.10271446721782608,0.10271446721782608,0.10271446721782608,0.0,0.04623314490021478,1,0,True,False,
H593-7ee5e502bef1035c68e37c1a,OUTCOME-0323,0,27398dad6e577a6cdc7867303a9c586cdf14f835803381e1ac3586b1bec33c43,True,True,True,4855,4855,4855,4855,True,1,HOLD,False,-5.840605580581364,0.0,0.1615006653530498,0.1615006653530498,0.1615006653530498,0.0,0.09135745379013113,1,0,True,False,
H593-7ef48aba809a41bdbf3bca77,OUTCOME-0097,3,c7abd98eade15d0ac417dcdde657be6a64e3cb837a808045d084fee49bf7d2a4,False,False,True,931,931,930,930,True,1,HOLD,True,-1.2332685276100297,-1.2332685276100297,0.13687662707595555,0.1217286827231766,0.1217286827231766,0.015147944352778941,3.7220376449959014e-05,1,0,True,True,1
H593-7ef565e4b6b34418380c35a3,DIFFICULT-0057,1,f16447b66992689bdb8350dadcb85602511b1bd2c18265a511e90bf7d2910d9c,False,False,True,4608,4608,3368,3368,True,1,HOLD,True,-0.3708234453303598,-0.3708234453303598,0.20601918630431937,0.08267953136073565,0.08267953136073565,0.12333965494358372,0.09805413019370182,1,0,True,True,1
H593-7f0d1bb3ad1b26bad23006b9,OUTCOME-0439,1,055e3d0a2ba828c5df95354fc5d80825fa129f679641c7a5ba585b5c8911a1f9,False,False,True,1313,1313,1322,1322,True,1,HOLD,True,-0.3984363001006809,-0.3984363001006809,0.036128000491671954,0.020333121103335256,0.020333121103335256,0.015794879388336697,0.0007445243841350951,1,0,True,True,1
H593-7f0f41ced5016535e6387661,OUTCOME-0106,3,c7abd98eade15d0ac417dcdde657be6a64e3cb837a808045d084fee49bf7d2a4,False,False,True,4335,4335,930,930,True,1,HOLD,True,-1.0588588966652779,-1.0588588966652779,0.2950840920710706,0.24217413842138227,0.24217413842138227,0.05290995364968834,0.051024321812550066,1,0,True,True,1
H593-7f2d9238a94e1a0d377e3c3d,NDV2-003-P02,0,5993f2caf420c9a99c193d33f748eea45f5c55ab4832c947913f7c005ada8f7b,True,True,True,19,19,19,19,True,1,HOLD,False,-1.189019242587257,0.0,0.23614477150166435,0.23614477150166435,0.23614477150166435,0.0,0.0014927088961685653,1,0,True,False,
H593-7f660327bc71c144559f7752,OUTCOME-0444,1,055e3d0a2ba828c5df95354fc5d80825fa129f679641c7a5ba585b5c8911a1f9,False,True,True,4430,1322,1322,1322,True,1,SWITCH,True,0.6341669345138512,0.6341669345138512,0.2817035507216898,0.06074278596912046,0.2817035507216898,0.0,0.0737921531692389,1,0,True,False,1
H593-7f9909762046898e336e4643,OUTCOME-0694,2,90d7a704ad7bf679580bc4dbadbe13884f491d2e338402f4d4437c2ffd66ab93,True,True,True,5004,5004,5004,240,False,1,HOLD,False,-3.4031556764017394,0.0,0.030763425261628275,0.030763425261628275,0.030763425261628275,0.0,-0.007590491788172175,6,0,False,False,
H593-80833abd79f8f663bae6168f,OUTCOME-0400,0,dabd4e44228b0c3fe4d6e936d82cc48dbee71a26baad248be0f99f22cd2424cf,True,True,True,1145,1145,1145,1145,True,1,HOLD,False,-2.799635381014557,0.0,0.16368799947002824,0.16368799947002824,0.16368799947002824,0.0,0.07228556881609491,1,0,True,False,
H593-8084a71b01d9f785089e6ccd,OUTCOME-0699,2,90d7a704ad7bf679580bc4dbadbe13884f491d2e338402f4d4437c2ffd66ab93,True,True,True,5004,5004,5004,4847,False,1,HOLD,False,-3.2548875099528733,0.0,0.017378436714219386,0.017378436714219386,0.017378436714219386,0.0,-0.022491953903916343,65,0,False,False,
H593-80c5e47b3fd61cde75299862,NDV2-011-P03,4,f136ca0b9c716fcae1884f370b2cc9c1a38f30e5a477d50097f50ecb3c76d60b,True,True,True,1645,1645,1645,1645,True,1,HOLD,False,-2.4377803818571167,0.0,0.1332020773799203,0.1332020773799203,0.1332020773799203,0.0,0.050624495232713784,1,0,True,False,
H593-81dbdb08652482bd8788ce02,OUTCOME-0135,4,5e1903b41967d7091402cde6aa7a4b83e5df5f58a2bef1439e218f802ca6cf53,False,True,True,3663,935,935,935,True,1,SWITCH,True,1.6631343776543297,1.6631343776543297,0.1143867330410681,0.014349990383404777,0.1143867330410681,0.0,0.08477063282481569,1,0,True,False,1
H593-820e5167c392828d4e579768,OUTCOME-0819,2,7abc0d7c0e302804a40dcf309dece25b925a424ae8a43fd70cd693d41ebfc54f,False,False,True,507,507,512,512,True,1,HOLD,False,-1.177746464521498,-1.235002709017068,0.07972710733233733,0.07344700479715086,0.07344700479715086,0.006280102535186474,0.00269966268582926,1,0,True,True,2
H593-8266ebf78426769d3bbbec9c,OUTCOME-0764,1,a5cc6cd71cb98a23641d9032f2abdbe55a284b95eedc14e13d1ab9d93b7adc76,True,True,True,4798,4798,4798,4798,True,1,HOLD,False,-4.487386525824224,0.0,0.0623981968811261,0.0623981968811261,0.0623981968811261,0.0,0.024389966523474457,1,0,True,False,
H593-8285fd5984e94e029faac844,OUTCOME-0201,3,f90fb756794a5ae5c68d05c56cb486456e64d83f751a66bbf1ddae3fcb43bb13,True,True,True,977,977,977,2430,False,1,HOLD,False,-1.6200487329739834,0.0,0.01638667583487006,0.01638667583487006,0.01638667583487006,0.0,-0.02810761616378641,27,0,False,False,
H593-82accb6320d90d4f40f6aee3,OUTCOME-0712,0,86244889a9cf4aa3df9f971885f8dfcec40ce965b829d12b7deb1eb31c2e4e44,True,True,True,5053,5053,5053,5368,False,1,HOLD,False,-3.58184211231015,0.0,0.07203722036645724,0.07203722036645724,0.07203722036645724,0.0,-0.008983186689341074,4,0,False,False,
H593-83ae5f0f0c0328c63ca8ba2c,OUTCOME-0656,4,48c57d44808de17cdd8b52db0f71a5a8fbbf9d2f4ab10a1751ec128aed4a3ff5,True,True,True,3312,3312,3312,3312,True,1,HOLD,False,-7.736475693701786,0.0,0.1506016820924819,0.1506016820924819,0.1506016820924819,0.0,0.11435104861157777,1,0,True,False,
H593-83c5074ae46b2bcd08002e11,OUTCOME-0313,0,69e8433234f6613d539957d8cd900a9503c3e7bceb31e12adec7cfa0adc6368b,True,True,True,1114,1114,1114,1114,True,1,HOLD,False,-6.8490283063693,0.0,0.08482240119301963,0.08482240119301963,0.08482240119301963,0.0,0.041319209463442044,1,0,True,False,
H593-846e1664026a641b27c25c21,OUTCOME-0652,4,48c57d44808de17cdd8b52db0f71a5a8fbbf9d2f4ab10a1751ec128aed4a3ff5,True,True,True,3312,3312,3312,3312,True,1,HOLD,False,-6.49109750312656,0.0,0.1379668392185353,0.1379668392185353,0.1379668392185353,0.0,0.08173208618923775,1,0,True,False,
H593-8471180120a9a4d1308aa35b,OUTCOME-0748,3,30a739efc9fa2fbc6556b4a23a5b909fd205591b6158bb099a4dd09818a8f35e,False,False,True,379,379,377,379,False,1,HOLD,False,-1.3606897726456237,-1.3732294227672266,0.2866802070097126,0.2892192648381925,0.2892192648381925,-0.002539057828479907,-0.002539057828479907,3,0,False,False,2
H593-856f6cccd12a19abbefd0068,OUTCOME-0791,2,b769c5976cb5ff7ce3b894e9be1b36db00c2256a127a7bbb82bac0dfb917368d,True,True,True,418,418,418,2932,False,1,HOLD,False,-5.163440613834676,0.0,0.018050504648104426,0.018050504648104426,0.018050504648104426,0.0,-0.023554094370098422,48,0,False,False,
H593-85ad4b95b4f6fc8b44843023,OUTCOME-0312,0,69e8433234f6613d539957d8cd900a9503c3e7bceb31e12adec7cfa0adc6368b,True,True,True,1114,1114,1114,1114,True,1,HOLD,False,-5.592145431015599,0.0,0.10157895641942022,0.10157895641942022,0.10157895641942022,0.0,0.060658328071127574,1,0,True,False,
H593-86dacdfaa7e49eed6c7701bc,OUTCOME-0627,4,ef7d75f57f11d1174b60813355c0cf7d7dce1009b41f2c7a54cf612906b3dea7,True,True,True,3238,3238,3238,3238,True,1,HOLD,False,-7.06714582258717,0.0,0.07985903008230057,0.07985903008230057,0.07985903008230057,0.0,0.04676448748114533,1,0,True,False,
H593-873815a4220226b46cf86099,OUTCOME-0347,1,f4cb26eef9646d6dfd71a5bdba8092d2e0f934cd5f8e9ffe627d7c9ba8444f36,False,False,True,4802,4802,4861,4861,True,1,HOLD,True,-0.730610154563479,-0.730610154563479,0.10235882684252837,0.050697784812596326,0.050697784812596326,0.05166104202993204,0.05166104202993204,1,0,True,True,1
H593-87ac2a4b8bc60542af7bf709,OUTCOME-0244,2,4d5d4731b2c45171a86a8690a5b3a1819d26c3dd6226f61b0f9104c2f6f56484,True,True,True,1032,1032,1032,1032,True,1,HOLD,False,-3.403188439046721,0.0,0.04073250141621217,0.04073250141621217,0.04073250141621217,0.0,0.009377484522102776,1,0,True,False,
H593-89f858095a471767364e3a86,OUTCOME-0096,3,c7abd98eade15d0ac417dcdde657be6a64e3cb837a808045d084fee49bf7d2a4,False,False,True,2390,4335,930,4335,False,1,SWITCH,False,0.8126795630937085,0.39669680603274293,0.08378539111080131,0.020920049827267143,0.12383896427504654,-0.040053573164245224,-0.040053573164245224,4,0,False,False,4
H593-8a0c8f3872f6604400a4f5a3,OUTCOME-0766,1,2aa1e6c4bb63c1bf91f9200ac8983a2fdb8a3d86fcbc58c5f88c921023045af6,True,True,True,409,409,409,327,False,1,HOLD,False,-1.8704402254451582,0.0,0.013830854197549978,0.013830854197549978,0.013830854197549978,0.0,-0.049602105685538106,83,0,False,False,
H593-8a536eb4afa1e192028304cb,OUTCOME-0736,2,0afd089c456e855f9466067a75179f94b4fb386831d044fd18ff0bcd22e0d3f4,True,True,True,304,304,304,303,False,1,HOLD,False,-1.3719463323356351,0.0,0.06297392599898655,0.06297392599898655,0.06297392599898655,0.0,-0.006408918354331591,2,0,False,False,
H593-8b7ecf77a17bdcf3073f645c,OUTCOME-0376,3,4a5e078a9d0335a17e0b19c90cc91b4eaf583fcc72663cf7441019d2f00d652a,False,True,True,3660,1140,1140,1140,True,1,SWITCH,True,1.2826904885666301,1.2826904885666301,0.11940759138795635,0.009292084545817042,0.11940759138795635,0.0,0.08115299091140404,1,0,True,False,1
H593-8bb2544752c9d69209d15c50,OUTCOME-0818,2,7abc0d7c0e302804a40dcf309dece25b925a424ae8a43fd70cd693d41ebfc54f,False,False,True,511,511,512,512,True,1,HOLD,True,-1.252775622541084,-1.252775622541084,0.1557434682122843,0.15387646208684283,0.15387646208684283,0.0018670061254414672,0.00031765589216944945,1,0,True,True,1
H593-8cfc3f4dd768e6bfd60f2810,OUTCOME-0107,3,c7abd98eade15d0ac417dcdde657be6a64e3cb837a808045d084fee49bf7d2a4,False,False,True,931,931,930,930,True,1,HOLD,True,-1.3674298379637972,-1.3674298379637972,0.21525397815656355,0.20703328151797046,0.20703328151797046,0.008220696638593095,0.008220696638593095,1,0,True,True,1
H593-8d6854acb79630102d79485a,OUTCOME-0779,2,b769c5976cb5ff7ce3b894e9be1b36db00c2256a127a7bbb82bac0dfb917368d,True,True,True,418,418,418,418,True,1,HOLD,False,-6.936919785216916,0.0,0.05586454512335374,0.05586454512335374,0.05586454512335374,0.0,0.01401239130155909,1,0,True,False,
H593-8de398eccd35d2516c677aaa,OUTCOME-0287,1,4a0922400b8dd80a6d357c67cf3585d8c5a63b87415f063eab4e2dd7a5643fae,True,True,True,4846,4846,4846,291,False,1,HOLD,False,-2.7778828065123387,0.0,0.02453618852737858,0.02453618852737858,0.02453618852737858,0.0,-0.014807851854132192,10,0,False,False,
H593-8dfa0524053f87e724996a9e,DIFFICULT-0000,3,ff5ec2587aa3b0cdf9f678e20f8a78ed21590c17b5931d4adc290fe15bf09b84,True,True,True,599,599,599,599,True,1,HOLD,False,-4.7021521668645425,0.0,0.08421330150087533,0.08421330150087533,0.08421330150087533,0.0,0.050536566867880134,1,0,True,False,
H593-8f096c4d02544b0511563036,OUTCOME-0292,1,4a0922400b8dd80a6d357c67cf3585d8c5a63b87415f063eab4e2dd7a5643fae,True,True,True,4846,4846,4846,4846,True,1,HOLD,False,-4.25957026365225,0.0,0.05362438645372574,0.05362438645372574,0.05362438645372574,0.0,0.021177942277138692,1,0,True,False,
H593-8f781475641ffa2c1fa69d45,OUTCOME-0491,2,0748babacede700838aa4a895d8d3238fc567929c58d772ed17e063e9856bb96,True,True,True,1424,1424,1424,2293,False,1,HOLD,False,-2.7247154941620533,0.0,0.02406785820483922,0.02406785820483922,0.02406785820483922,0.0,-0.027740803315154557,35,0,False,False,
H593-8f8d5f7b173a9997dbb55c20,OUTCOME-0199,3,f90fb756794a5ae5c68d05c56cb486456e64d83f751a66bbf1ddae3fcb43bb13,False,False,False,3029,3029,,4802,False,1,HOLD,False,-0.9839895788205972,,,,,,,,,,,
H593-901d8e16d1938d576207e589,DIFFICULT-0031,2,da3eaa29e19bcc9bd6181db13c258df73a34d84bc20cb67ca147824a6fc4abe5,True,True,True,4840,4840,4840,4840,True,1,HOLD,False,-4.376558549887419,0.0,0.0730595604819521,0.0730595604819521,0.0730595604819521,0.0,0.021344970017869815,1,0,True,False,
H593-90acde9b0567a472f4232120,DIFFICULT-0083,0,b290b929d9999bcd5494b609bbacdaa3be248ff840ce6785cb1cb2438d245c13,False,True,True,5164,5043,5043,5043,True,1,SWITCH,True,1.18908266579066,1.18908266579066,0.14329098420403902,0.034289546086745136,0.14329098420403902,0.0,0.09065447418452574,1,0,True,False,1
H593-913ec852ccd620d36cfbe8d5,DIFFICULT-0040,1,a7e2eb3376d106cbd8cfa0ddaf20047219e210af69c8abeada87a180f2a8e2a9,True,True,True,1130,1130,1130,1130,True,1,HOLD,False,-2.998516711134566,0.0,0.048257555681713936,0.048257555681713936,0.048257555681713936,0.0,0.005695158772882791,1,0,True,False,
H593-928c2091183fb7bc5e8d8c76,OUTCOME-0632,4,ef7d75f57f11d1174b60813355c0cf7d7dce1009b41f2c7a54cf612906b3dea7,True,True,True,3238,3238,3238,3238,True,1,HOLD,False,-6.216220378007207,0.0,0.144437754355915,0.144437754355915,0.144437754355915,0.0,0.10595590986742454,1,0,True,False,
H593-93bb466d99aefd144ec856ee,OUTCOME-0318,0,27398dad6e577a6cdc7867303a9c586cdf14f835803381e1ac3586b1bec33c43,True,True,True,4855,4855,4855,5098,False,1,HOLD,False,-3.5735990453092152,0.0,0.01919414245771865,0.01919414245771865,0.01919414245771865,0.0,-0.02546663105931198,25,0,False,False,
H593-94c8aface219e35791ceaea6,OUTCOME-0697,2,90d7a704ad7bf679580bc4dbadbe13884f491d2e338402f4d4437c2ffd66ab93,True,True,True,5004,5004,5004,5295,False,1,HOLD,False,-2.0207162237618297,0.0,0.01957867321935887,0.01957867321935887,0.01957867321935887,0.0,-0.02656060398239629,87,0,False,False,
H593-94f0441d80c908de395777ea,OUTCOME-0532,4,67c564121b4c0847db261d818757e131684626ea0db83097a0e9610c7cf03222,False,False,True,146,146,147,90,False,1,HOLD,True,-1.4622229545976122,-1.4622229545976122,0.0160124060338125,0.014996256092496194,0.014996256092496194,0.001016149941316307,-0.04123952985854083,20,0,False,True,1
H593-9567a5b390df83a314dbfab1,OUTCOME-0365,0,f15f4acea549124570f8e5b5e20c5575b2b6e0d49386891fe5a7552afc90436f,True,True,True,4865,4865,4865,4865,True,1,HOLD,False,-4.221227501634747,0.0,0.14010102941539254,0.14010102941539254,0.14010102941539254,0.0,0.0960212259936711,1,0,True,False,
H593-95b957426a8c934b0bb6e8c5,OUTCOME-0102,3,c7abd98eade15d0ac417dcdde657be6a64e3cb837a808045d084fee49bf7d2a4,True,True,True,930,930,930,930,True,1,HOLD,False,-2.007116758021494,0.0,0.23971574094073986,0.23971574094073986,0.23971574094073986,0.0,0.0637885323521431,1,0,True,False,
H593-9609a1ade70bc285b43d714c,OUTCOME-0698,2,90d7a704ad7bf679580bc4dbadbe13884f491d2e338402f4d4437c2ffd66ab93,True,True,True,5004,5004,5004,5295,False,1,HOLD,False,-3.2811793491503014,0.0,0.029403125352515696,0.029403125352515696,0.029403125352515696,0.0,-0.020009280293974554,33,0,False,False,
H593-960ffe9ce8453f803f0d7069,NDV2-003-P03,0,5993f2caf420c9a99c193d33f748eea45f5c55ab4832c947913f7c005ada8f7b,True,True,True,19,19,19,19,True,1,HOLD,False,-1.216316558305861,0.0,0.1450779811461871,0.1450779811461871,0.1450779811461871,0.0,0.003778945791077598,1,0,True,False,
H593-96b120672ad18ee05520c1c2,NDV2-007-P02,0,e5b4f86a4d49af3ede0ecdd200dfae35f36ef1fb29c77d00e2fc254648085e0e,True,True,True,4830,4830,4830,4830,True,1,HOLD,False,-5.121201221574182,0.0,0.054526456586685444,0.054526456586685444,0.054526456586685444,0.0,0.02964159440574925,1,0,True,False,
H593-9758eb12de9aee217daf447c,DIFFICULT-0090,0,b290b929d9999bcd5494b609bbacdaa3be248ff840ce6785cb1cb2438d245c13,True,True,True,5043,5043,5043,5043,True,1,HOLD,False,-3.1467081984456335,0.0,0.1070511052568875,0.1070511052568875,0.1070511052568875,0.0,0.06480165649634301,1,0,True,False,
H593-978cc9932e208401b21a7478,OUTCOME-0355,1,f4cb26eef9646d6dfd71a5bdba8092d2e0f934cd5f8e9ffe627d7c9ba8444f36,True,True,True,4861,4861,4861,1044,False,1,HOLD,False,-3.5749340700930152,0.0,0.014936100767642643,0.014936100767642643,0.014936100767642643,0.0,-0.01057320571489183,11,0,False,False,
H593-978f4b594ec67d209cdfd758,OUTCOME-0704,0,86244889a9cf4aa3df9f971885f8dfcec40ce965b829d12b7deb1eb31c2e4e44,True,True,True,5053,5053,5053,5352,False,1,HOLD,False,-1.1439452967801622,0.0,0.011852388984660301,0.011852388984660301,0.011852388984660301,0.0,-0.013296093196229935,24,0,False,False,
H593-979d4429602e6c4a69aa6724,OUTCOME-0585,4,fa72f98eeda7c16b4963aa2c9a26bb7b6da07062d61f1935ff18b1204cf99a43,True,True,True,3144,3144,3144,2706,False,1,HOLD,False,-3.096923577630432,0.0,0.02070066319986213,0.02070066319986213,0.02070066319986213,0.0,-0.004341458834218374,4,0,False,False,
H593-999f83e11a6c2a0fac269ff5,DIFFICULT-0033,2,da3eaa29e19bcc9bd6181db13c258df73a34d84bc20cb67ca147824a6fc4abe5,True,True,True,4840,4840,4840,4840,True,1,HOLD,False,-5.868664433031478,0.0,0.07615753675633165,0.07615753675633165,0.07615753675633165,0.0,0.03660381914141336,1,0,True,False,
H593-9a4d47022d3146e0af92e33f,OUTCOME-0404,0,1f59b78808c09c6bf68702306ba72c84cbbb75e1dfc61bab3c7f1b99aee3b17d,True,True,True,1183,1183,1183,1183,True,1,HOLD,False,-4.474711732648171,0.0,0.11582692658676183,0.11582692658676183,0.11582692658676183,0.0,0.07724633155535143,1,0,True,False,
H593-9adc04030a70fadc516c205a,OUTCOME-0412,0,1f59b78808c09c6bf68702306ba72c84cbbb75e1dfc61bab3c7f1b99aee3b17d,False,False,False,3252,3252,,1325,False,1,HOLD,False,-1.5561332892079522,,,,,,,,,,,
H593-9b0fe03a3633ed99ecc96e21,OUTCOME-0630,4,ef7d75f57f11d1174b60813355c0cf7d7dce1009b41f2c7a54cf612906b3dea7,True,True,True,3238,3238,3238,3238,True,1,HOLD,False,-4.095057044817895,0.0,0.03678510507918411,0.03678510507918411,0.03678510507918411,0.0,0.011841415342095526,1,0,True,False,
H593-9b681db8e5117d318b40d460,DIFFICULT-0032,2,da3eaa29e19bcc9bd6181db13c258df73a34d84bc20cb67ca147824a6fc4abe5,True,True,True,4840,4840,4840,2981,False,1,HOLD,False,-4.083034847822653,0.0,0.021501557258839822,0.021501557258839822,0.021501557258839822,0.0,-0.014405051127191322,16,0,False,False,
H593-9bb742601df8e97873473bfd,OUTCOME-0308,0,69e8433234f6613d539957d8cd900a9503c3e7bceb31e12adec7cfa0adc6368b,True,True,True,1114,1114,1114,1114,True,1,HOLD,False,-4.269648993021953,0.0,0.1044413531877426,0.1044413531877426,0.1044413531877426,0.0,0.0549949073844736,1,0,True,False,
H593-9bea68f2367dffd8339109ca,OUTCOME-0405,0,1f59b78808c09c6bf68702306ba72c84cbbb75e1dfc61bab3c7f1b99aee3b17d,False,False,False,2509,2293,,3234,False,1,SWITCH,False,1.0323331283585908,,,,,,,,,,,
H593-9c0aaa63096534849ab64b8c,OUTCOME-0597,3,c13e6a469d26dd360022a4ba3af2d2bdbb230082c9e605b822c0f5806f9b9bc9,True,True,True,3208,3208,3208,3208,True,1,HOLD,False,-4.466832640961409,0.0,0.042808937470687085,0.042808937470687085,0.042808937470687085,0.0,0.004634738782242374,1,0,True,False,
H593-9c93b71a9b46da8e1ed6f3db,OUTCOME-0568,0,1a231675f970ef17d8df9d796fcc4f991f31e3ecab14c9f45454f336dc22786a,True,True,True,4788,4788,4788,4787,False,1,HOLD,False,-1.0376497518844825,0.0,0.05288038670195086,0.05288038670195086,0.05288038670195086,0.0,-0.002418071397821131,2,0,False,False,
H593-9ca7dde32b05ab798ccbfa8f,NDV2-002-P03,0,5993f2caf420c9a99c193d33f748eea45f5c55ab4832c947913f7c005ada8f7b,True,True,True,16,16,16,16,True,1,HOLD,False,-1.4324520209656026,0.0,0.13343001639697455,0.13343001639697455,0.13343001639697455,0.0,0.008115895279772939,1,0,True,False,
H593-9d32a43e7529d136a5b58964,OUTCOME-0432,3,6041aa5f85f4424e5ea88d82fcb2c3a2efe067770270d57d823d934e313867bf,True,True,True,1191,1191,1191,1191,True,1,HOLD,False,-3.6647949168238068,0.0,0.06122646277462461,0.06122646277462461,0.06122646277462461,0.0,0.030889820586076144,1,0,True,False,
H593-9d9064b348467a8bd0f8b9e3,OUTCOME-0801,3,d03ec6170d58ac2d6198068ac9aa233411e9b70ad6019840f643fdabcc4a9adf,True,True,True,499,499,499,499,True,1,HOLD,False,-3.2288033336565967,0.0,0.11720291670304343,0.11720291670304343,0.11720291670304343,0.0,0.07155443625903835,1,0,True,False,
H593-9daaa4e49269fe8b0df59c8c,OUTCOME-0599,3,c13e6a469d26dd360022a4ba3af2d2bdbb230082c9e605b822c0f5806f9b9bc9,True,True,True,3208,3208,3208,3208,True,1,HOLD,False,-4.890475504997576,0.0,0.09948716094481003,0.09948716094481003,0.09948716094481003,0.0,0.0595466614738122,1,0,True,False,
H593-9ed31ed09c4b3cb0fa797e4b,DIFFICULT-0004,3,ff5ec2587aa3b0cdf9f678e20f8a78ed21590c17b5931d4adc290fe15bf09b84,True,True,True,599,599,599,1331,False,1,HOLD,False,-0.8230341161085444,0.0,0.01102049317249013,0.01102049317249013,0.01102049317249013,0.0,-0.02340532175850362,124,0,False,False,
H593-9ed878a775d721d5d77a491d,DIFFICULT-0054,1,f16447b66992689bdb8350dadcb85602511b1bd2c18265a511e90bf7d2910d9c,True,True,True,3368,3368,3368,3368,True,1,HOLD,False,-5.1896389897681665,0.0,0.13285745343800487,0.13285745343800487,0.13285745343800487,0.0,0.10812761560590983,1,0,True,False,
H593-9ef1d8c2590d6487518c2d18,OUTCOME-0161,3,162fd69cd74c8e3f1f06ce6bb5fec631f657a623f060862dbcc70a39fc026e96,True,True,True,567,567,567,567,True,1,HOLD,False,-4.404585005185129,0.0,0.050509790513560957,0.050509790513560957,0.050509790513560957,0.0,0.012041373828576445,1,0,True,False,
H593-9f8dd01155f74649239042a7,OUTCOME-0171,3,162fd69cd74c8e3f1f06ce6bb5fec631f657a623f060862dbcc70a39fc026e96,True,True,True,567,567,567,567,True,1,HOLD,False,-3.151526294658483,0.0,0.05623955500985711,0.05623955500985711,0.05623955500985711,0.0,0.011142046680136422,1,0,True,False,
H593-9f91daf2068d31d6a3605a12,OUTCOME-0167,3,162fd69cd74c8e3f1f06ce6bb5fec631f657a623f060862dbcc70a39fc026e96,True,True,True,567,567,567,567,True,1,HOLD,False,-3.826357480446574,0.0,0.12657274576616323,0.12657274576616323,0.12657274576616323,0.0,0.05310386898779823,1,0,True,False,
H593-a04fed19b50c1df3dfaa07e3,OUTCOME-0196,3,f90fb756794a5ae5c68d05c56cb486456e64d83f751a66bbf1ddae3fcb43bb13,True,True,True,977,977,977,977,True,1,HOLD,False,-4.969979987402209,0.0,0.1389363615303763,0.1389363615303763,0.1389363615303763,0.0,0.11599939652056558,1,0,True,False,
H593-a05ecc9947c81d4eb4b6ee3b,OUTCOME-0691,2,90d7a704ad7bf679580bc4dbadbe13884f491d2e338402f4d4437c2ffd66ab93,True,True,True,5004,5004,5004,5345,False,1,HOLD,False,-1.1945303149722442,0.0,0.008393714329200906,0.008393714329200906,0.008393714329200906,0.0,-0.028048786476253765,114,0,False,False,
H593-a0c47eb239ac25d662c34c18,OUTCOME-0534,4,67c564121b4c0847db261d818757e131684626ea0db83097a0e9610c7cf03222,False,False,True,146,146,147,147,True,1,HOLD,True,-1.162817060885514,-1.162817060885514,0.1597515581725464,0.13607647594346403,0.13607647594346403,0.023675082229082378,0.023675082229082378,1,0,True,True,1
H593-a0d714dbbee06d9907f4d20e,OUTCOME-0306,0,69e8433234f6613d539957d8cd900a9503c3e7bceb31e12adec7cfa0adc6368b,True,True,True,1114,1114,1114,3293,False,1,HOLD,False,-2.690186788140208,0.0,0.019820027610134933,0.019820027610134933,0.019820027610134933,0.0,-0.02385247418178476,4,0,False,False,
H593-a114ff1f00cbc465a5ace6d8,OUTCOME-0160,3,162fd69cd74c8e3f1f06ce6bb5fec631f657a623f060862dbcc70a39fc026e96,True,True,True,567,567,567,567,True,1,HOLD,False,-4.740667004836084,0.0,0.07957771898854232,0.07957771898854232,0.07957771898854232,0.0,0.05690841723599738,1,0,True,False,
H593-a1bceaf731739690029b37c4,OUTCOME-0715,0,86244889a9cf4aa3df9f971885f8dfcec40ce965b829d12b7deb1eb31c2e4e44,True,True,True,5053,5053,5053,5368,False,1,HOLD,False,-2.501243583868376,0.0,0.03346407610612162,0.03346407610612162,0.03346407610612162,0.0,-0.004355405284646396,8,0,False,False,
H593-a1daf11a61705b1051217902,OUTCOME-0604,3,c13e6a469d26dd360022a4ba3af2d2bdbb230082c9e605b822c0f5806f9b9bc9,True,True,True,3208,3208,3208,3208,True,1,HOLD,False,-4.952258905057692,0.0,0.1365722713229254,0.1365722713229254,0.1365722713229254,0.0,0.08757293164185329,1,0,True,False,
H593-a20c04fa7e2500016ce114e2,DIFFICULT-0052,1,f16447b66992689bdb8350dadcb85602511b1bd2c18265a511e90bf7d2910d9c,True,True,True,3368,3368,3368,3368,True,1,HOLD,False,-5.078625188123018,0.0,0.1254691941814789,0.1254691941814789,0.1254691941814789,0.0,0.09440092630977442,1,0,True,False,
H593-a2c507612d213253be128e81,OUTCOME-0474,1,1efff5d5855cab66509977a0b8d496f45b9a66147726f1323cdd42a873075386,False,False,True,2468,2468,1402,1804,False,1,HOLD,False,-1.5315649575944854,-1.6588557559596266,0.05264329241628344,0.03513603149163892,0.03513603149163892,0.017507260924644517,-0.02849027159750605,6,0,False,True,2
H593-a2df01b6d16cae1702ebe6de,OUTCOME-0172,3,162fd69cd74c8e3f1f06ce6bb5fec631f657a623f060862dbcc70a39fc026e96,False,False,False,1829,1829,,2120,False,1,HOLD,False,-1.1594438833610743,,,,,,,,,,,
H593-a31a10e1b469032cc39968ef,OUTCOME-0105,3,c7abd98eade15d0ac417dcdde657be6a64e3cb837a808045d084fee49bf7d2a4,False,False,True,931,931,930,930,True,1,HOLD,True,-1.3217166385301966,-1.3217166385301966,0.21746224189084726,0.21277178306334735,0.21277178306334735,0.00469045882749991,0.00469045882749991,1,0,True,True,1
H593-a37be078955ca99fb50d7a4f,DIFFICULT-0036,2,da3eaa29e19bcc9bd6181db13c258df73a34d84bc20cb67ca147824a6fc4abe5,True,True,True,4840,4840,4840,4840,True,1,HOLD,False,-6.533311429352703,0.0,0.10409670598338694,0.10409670598338694,0.10409670598338694,0.0,0.06994657525620937,1,0,True,False,
H593-a3e7d6500b6b7e33262f9143,OUTCOME-0305,0,69e8433234f6613d539957d8cd900a9503c3e7bceb31e12adec7cfa0adc6368b,True,True,True,1114,1114,1114,1114,True,1,HOLD,False,-6.147832413736754,0.0,0.05016579496039868,0.05016579496039868,0.05016579496039868,0.0,0.02231687872149165,1,0,True,False,
H593-a487586dad789825a5e5de7e,OUTCOME-0170,3,162fd69cd74c8e3f1f06ce6bb5fec631f657a623f060862dbcc70a39fc026e96,False,True,True,3777,567,567,567,True,1,SWITCH,True,0.052963306521890186,0.052963306521890186,0.10659298954177068,0.01962350328387188,0.10659298954177068,0.0,0.03475837819524759,1,0,True,False,1
H593-a4a42f963cbb49a2c59b3c36,NDV2-005-P01,0,5993f2caf420c9a99c193d33f748eea45f5c55ab4832c947913f7c005ada8f7b,True,True,True,32,32,32,15,False,1,HOLD,False,-1.1968113768494488,0.0,0.24001136479656926,0.24001136479656926,0.24001136479656926,0.0,-0.003310831650662094,2,0,False,False,
H593-a4ae311047750421b6705cb8,DIFFICULT-0063,1,f16447b66992689bdb8350dadcb85602511b1bd2c18265a511e90bf7d2910d9c,True,True,True,3368,3368,3368,3368,True,1,HOLD,False,-4.752875104837591,0.0,0.13943976872864614,0.13943976872864614,0.13943976872864614,0.0,0.10619371852723208,1,0,True,False,
H593-a4b2ba6b91cb5aa793db96b5,OUTCOME-0653,4,48c57d44808de17cdd8b52db0f71a5a8fbbf9d2f4ab10a1751ec128aed4a3ff5,True,True,True,3312,3312,3312,3312,True,1,HOLD,False,-6.8795150447316,0.0,0.10760607436496912,0.10760607436496912,0.10760607436496912,0.0,0.03932161929813395,1,0,True,False,
H593-a4df16d733beef6694520349,OUTCOME-0354,1,f4cb26eef9646d6dfd71a5bdba8092d2e0f934cd5f8e9ffe627d7c9ba8444f36,True,True,True,4861,4861,4861,290,False,1,HOLD,False,-1.7772886274100754,0.0,0.026091765892748545,0.026091765892748545,0.026091765892748545,0.0,-0.019527686751757332,19,0,False,False,
H593-a68241215d96a54614534d61,OUTCOME-0419,3,6041aa5f85f4424e5ea88d82fcb2c3a2efe067770270d57d823d934e313867bf,True,True,True,1191,1191,1191,3293,False,1,HOLD,False,-1.336040071501538,0.0,0.00911132544503676,0.00911132544503676,0.00911132544503676,0.0,-0.04273489866355539,96,0,False,False,
H593-a736a2eceec87049c2d34564,OUTCOME-0702,2,90d7a704ad7bf679580bc4dbadbe13884f491d2e338402f4d4437c2ffd66ab93,True,True,True,5004,5004,5004,4987,False,1,HOLD,False,-2.3670096616276313,0.0,0.015693091015566363,0.015693091015566363,0.015693091015566363,0.0,-0.022711614986088233,75,0,False,False,
H593-a74031ef721651084ee88e86,OUTCOME-0658,4,48c57d44808de17cdd8b52db0f71a5a8fbbf9d2f4ab10a1751ec128aed4a3ff5,True,True,True,3312,3312,3312,3312,True,1,HOLD,False,-5.772110143786674,0.0,0.05703797415991727,0.05703797415991727,0.05703797415991727,0.0,0.018804355993697647,1,0,True,False,
H593-a75c121cbde1aeaa4aa8433f,DIFFICULT-0107,0,dca95ffa60d30d6597de3bfed4a27b53d657ea2e90a8d6ee6aa513316eee9848,True,True,True,395,395,395,378,False,1,HOLD,False,-0.8053834901950182,0.0,0.035903224864459425,0.035903224864459425,0.035903224864459425,0.0,-0.07031678785901616,89,0,False,False,
H593-a786f0738bcc2b9cbef1d792,DIFFICULT-0132,2,c04b390c7ae86a0d21958115ce19bd1ed22c76ff1b8fb240f01405c8bf9231ec,True,True,True,480,480,480,1428,False,1,HOLD,False,-1.6652095036526986,0.0,0.02514367727514818,0.02514367727514818,0.02514367727514818,0.0,-0.03662851879030324,59,0,False,False,
H593-a799aea032ae5a38c8fbd30e,OUTCOME-0413,0,1f59b78808c09c6bf68702306ba72c84cbbb75e1dfc61bab3c7f1b99aee3b17d,False,False,False,3250,3250,,1980,False,1,HOLD,False,-0.1305852111298872,,,,,,,,,,,
H593-a865a52b11a3d828fa6bc1d1,OUTCOME-0344,0,8ad47f26cd065ca57d3a68d2c5f31cd9eeb977294c710ac87f6e9c84b24866ea,True,True,True,1134,1134,1134,1134,True,1,HOLD,False,-2.055856958908379,0.0,0.0873588280034858,0.0873588280034858,0.0873588280034858,0.0,0.030409739011707945,1,0,True,False,
H593-a99579cf97417982073affd5,DIFFICULT-0010,4,7309194c945cf747ac938c081c8e1c7587ee93c9427836b98aa713829ad9307b,True,True,True,996,996,996,3834,False,1,HOLD,False,-1.4330350285166589,0.0,0.01580020063641293,0.01580020063641293,0.01580020063641293,0.0,-0.015118354895149694,45,0,False,False,
H593-aa931c1f4d8700ae037fbb00,OUTCOME-0394,0,dabd4e44228b0c3fe4d6e936d82cc48dbee71a26baad248be0f99f22cd2424cf,True,True,True,1145,1145,1145,1145,True,1,HOLD,False,-3.5109745293196726,0.0,0.10485151749888105,0.10485151749888105,0.10485151749888105,0.0,0.03034811349471289,1,0,True,False,
H593-aad869bc4c329c79b3b3098f,OUTCOME-0351,1,f4cb26eef9646d6dfd71a5bdba8092d2e0f934cd5f8e9ffe627d7c9ba8444f36,True,True,True,4861,4861,4861,4861,True,1,HOLD,False,-6.222176233426552,0.0,0.10699864749655134,0.10699864749655134,0.10699864749655134,0.0,0.08166176058870818,1,0,True,False,
H593-ab800bcb6b260c64833c792c,OUTCOME-0265,3,d39c757e2a4c76e8e9403fd84708b3c233de7ca0b40197f435ceb3a48272b73f,True,True,True,608,608,608,608,True,1,HOLD,False,-6.902126995462263,0.0,0.22970302333903855,0.22970302333903855,0.22970302333903855,0.0,0.14412597148399414,1,0,True,False,
H593-abc0b2f2d75d073d9b32aa3f,OUTCOME-0651,4,48c57d44808de17cdd8b52db0f71a5a8fbbf9d2f4ab10a1751ec128aed4a3ff5,False,False,True,1005,1005,3312,3293,False,1,HOLD,False,-1.3349639130480195,-2.416360180799332,0.05526936097563469,0.0380278227581824,0.0380278227581824,0.017241538217452286,-0.03273746072375244,3,0,False,True,4
H593-abe538f97b9ba7aa92d41895,OUTCOME-0110,3,c7abd98eade15d0ac417dcdde657be6a64e3cb837a808045d084fee49bf7d2a4,False,False,True,3108,3108,930,2461,False,1,HOLD,False,-1.4019399434736288,-1.7463259999749874,0.010733278468528869,0.013818337892768966,0.013818337892768966,-0.0030850594242400973,-0.021445595981963175,73,0,False,False,3
H593-acb88ad9ae6dc89a74d597a0,DIFFICULT-0130,2,c04b390c7ae86a0d21958115ce19bd1ed22c76ff1b8fb240f01405c8bf9231ec,True,True,True,480,480,480,381,False,1,HOLD,False,-2.8629048188366157,0.0,0.03349692017067936,0.03349692017067936,0.03349692017067936,0.0,-0.012401856874015599,21,0,False,False,
H593-acbecf04ad7226d889b6b827,OUTCOME-0804,3,d03ec6170d58ac2d6198068ac9aa233411e9b70ad6019840f643fdabcc4a9adf,True,True,True,499,499,499,499,True,1,HOLD,False,-3.2293441481795844,0.0,0.1373910386440854,0.1373910386440854,0.1373910386440854,0.0,0.06614299713218873,1,0,True,False,
H593-ad671a6c4a53a334ff1c45da,OUTCOME-0637,4,ef7d75f57f11d1174b60813355c0cf7d7dce1009b41f2c7a54cf612906b3dea7,True,True,True,3238,3238,3238,3238,True,1,HOLD,False,-5.113192119624817,0.0,0.2984141637421536,0.2984141637421536,0.2984141637421536,0.0,0.2074191774058493,1,0,True,False,
H593-ad73d224791055826ef7876e,OUTCOME-0716,2,d3d9e86636e760b3c7ab9d0366cce29c32d905942a4e7efc24b4feb559ccafdb,True,True,True,4791,4791,4791,4795,False,1,HOLD,False,-1.971412782100856,0.0,0.011408641071397368,0.011408641071397368,0.011408641071397368,0.0,-0.008505429641913007,33,0,False,False,
H593-ad9f49fe8ff6e9e1c8b4c03c,DIFFICULT-0018,4,7309194c945cf747ac938c081c8e1c7587ee93c9427836b98aa713829ad9307b,False,False,False,3688,3688,,396,False,1,HOLD,False,-0.7545605443726732,,,,,,,,,,,
H593-ae2c238f2914e4ef8f249622,OUTCOME-0382,3,4a5e078a9d0335a17e0b19c90cc91b4eaf583fcc72663cf7441019d2f00d652a,False,False,True,1243,3051,1140,2120,False,1,SWITCH,False,0.3001381896789168,-0.22583929983009088,0.028100175830248354,0.002488126867460819,0.022680306533683425,0.00541986929656493,-0.005188627542117873,2,0,False,True,14
H593-ae4130a111482f755df6181a,OUTCOME-0206,3,f90fb756794a5ae5c68d05c56cb486456e64d83f751a66bbf1ddae3fcb43bb13,True,True,True,977,977,977,3851,False,1,HOLD,False,-1.1549519647585003,0.0,0.008258188560357486,0.008258188560357486,0.008258188560357486,0.0,-0.025002088097262436,69,0,False,False,
H593-ae9be56a1902c7848b38571b,OUTCOME-0772,1,2aa1e6c4bb63c1bf91f9200ac8983a2fdb8a3d86fcbc58c5f88c921023045af6,True,True,True,409,409,409,409,True,1,HOLD,False,-5.777526887899395,0.0,0.07213046441661061,0.07213046441661061,0.07213046441661061,0.0,0.052656546522676116,1,0,True,False,
H593-aee4be696b3cf1e9660a0043,OUTCOME-0666,4,e54a0a27f9b030e92d3186f1b9feb159b51d71cced53115c3612eb3000f84093,False,True,True,3319,3334,3334,3334,True,1,SWITCH,True,1.5202191992138088,1.5202191992138088,0.05814640684225258,0.010766369839939104,0.05814640684225258,0.0,0.0034880806298439107,1,0,True,False,1
H593-af21217245b2cc0821f79503,OUTCOME-0466,1,1efff5d5855cab66509977a0b8d496f45b9a66147726f1323cdd42a873075386,True,True,True,1402,1402,1402,1402,True,1,HOLD,False,-3.025356285513107,0.0,0.13608178827656187,0.13608178827656187,0.13608178827656187,0.0,0.08663046985457408,1,0,True,False,
H593-afcb436616416abae565da10,DIFFICULT-0101,0,dca95ffa60d30d6597de3bfed4a27b53d657ea2e90a8d6ee6aa513316eee9848,True,True,True,395,395,395,361,False,1,HOLD,False,-0.6570224691364184,0.0,0.03090507799602956,0.03090507799602956,0.03090507799602956,0.0,-0.017786827241631595,28,0,False,False,
H593-b04f465b15526e9607fd9b70,DIFFICULT-0001,3,ff5ec2587aa3b0cdf9f678e20f8a78ed21590c17b5931d4adc290fe15bf09b84,True,True,True,599,599,599,599,True,1,HOLD,False,-6.597363795862404,0.0,0.27846596406309904,0.27846596406309904,0.27846596406309904,0.0,0.22391523304735436,1,0,True,False,
H593-b06273e75d64a6537f0ba426,DIFFICULT-0129,2,c04b390c7ae86a0d21958115ce19bd1ed22c76ff1b8fb240f01405c8bf9231ec,True,True,True,480,480,480,480,True,1,HOLD,False,-5.9107636565724695,0.0,0.21745370159287525,0.21745370159287525,0.21745370159287525,0.0,0.1765427311790623,1,0,True,False,
H593-b06f5f90d0a384729c6b93cb,OUTCOME-0487,1,c88cdb15edcd25a88595edf90f1fc3fef1e374c4e494fb4a4e8accfe55137d0a,True,True,True,1414,1414,1414,1414,True,1,HOLD,False,-8.479812722946573,0.0,0.11463152650678583,0.11463152650678583,0.11463152650678583,0.0,0.08578319795941562,1,0,True,False,
H593-b09f7b0a786d03912dd97806,OUTCOME-0433,1,055e3d0a2ba828c5df95354fc5d80825fa129f679641c7a5ba585b5c8911a1f9,True,True,True,1322,1322,1322,1322,True,1,HOLD,False,-2.4422647971529337,0.0,0.0958686883587463,0.0958686883587463,0.0958686883587463,0.0,0.052884843808712,1,0,True,False,
H593-b186925ccb62a97d1f49a9a6,OUTCOME-0751,1,a5cc6cd71cb98a23641d9032f2abdbe55a284b95eedc14e13d1ab9d93b7adc76,True,True,True,4798,4798,4798,90,False,1,HOLD,False,-4.654859105639378,0.0,0.021403284235366585,0.021403284235366585,0.021403284235366585,0.0,-0.013882804685088495,4,0,False,False,
H593-b2399473327834cc8a1530cb,OUTCOME-0169,3,162fd69cd74c8e3f1f06ce6bb5fec631f657a623f060862dbcc70a39fc026e96,True,True,True,567,567,567,567,True,1,HOLD,False,-5.48546076925655,0.0,0.1298171592486211,0.1298171592486211,0.1298171592486211,0.0,0.08871869679031699,1,0,True,False,
H593-b268a4269d5d61a6e2bbec90,OUTCOME-0248,2,4d5d4731b2c45171a86a8690a5b3a1819d26c3dd6226f61b0f9104c2f6f56484,True,True,True,1032,1032,1032,1032,True,1,HOLD,False,-5.740677403702583,0.0,0.17411956177342094,0.17411956177342094,0.17411956177342094,0.0,0.13285567398207587,1,0,True,False,
H593-b290cd29a15546cc773cf283,OUTCOME-0482,1,c88cdb15edcd25a88595edf90f1fc3fef1e374c4e494fb4a4e8accfe55137d0a,True,True,True,1414,1414,1414,3294,False,1,HOLD,False,-5.617152226099513,0.0,0.02811376859181631,0.02811376859181631,0.02811376859181631,0.0,-0.0074235951505587094,4,0,False,False,
H593-b4135fa9fc83b8c616fa57b7,OUTCOME-0598,3,c13e6a469d26dd360022a4ba3af2d2bdbb230082c9e605b822c0f5806f9b9bc9,False,False,True,1200,1200,3208,1621,False,1,HOLD,False,-0.3956991400989207,-1.8848659318852383,0.020507016460199052,0.024130954052189072,0.024130954052189072,-0.00362393759199002,-0.023862804002531473,37,0,False,False,11
H593-b4f7137c5b415a98210ce3e1,OUTCOME-0692,2,90d7a704ad7bf679580bc4dbadbe13884f491d2e338402f4d4437c2ffd66ab93,True,True,True,5004,5004,5004,4811,False,1,HOLD,False,-1.5398092797168377,0.0,0.008567501369342418,0.008567501369342418,0.008567501369342418,0.0,-0.028874473169980597,91,0,False,False,
H593-b5088f4d9100c24150c49220,DIFFICULT-0102,0,dca95ffa60d30d6597de3bfed4a27b53d657ea2e90a8d6ee6aa513316eee9848,False,True,True,396,395,395,391,False,1,SWITCH,True,0.7909640756053209,0.7909640756053209,0.16597960383612473,0.04257072153101919,0.16597960383612473,0.0,-0.0025739770094733994,3,0,False,False,1
H593-b52eb937914c8c593a72c477,OUTCOME-0533,4,67c564121b4c0847db261d818757e131684626ea0db83097a0e9610c7cf03222,False,False,True,146,146,147,90,False,1,HOLD,True,-1.4284580274088767,-1.4284580274088767,0.014957124135764924,0.014405821314720046,0.014405821314720046,0.000551302821044878,-0.04059295656447943,15,0,False,True,1
H593-b6cf2130e8541c75b7a0daf3,OUTCOME-0633,4,ef7d75f57f11d1174b60813355c0cf7d7dce1009b41f2c7a54cf612906b3dea7,True,True,True,3238,3238,3238,3238,True,1,HOLD,False,-6.349966472903401,0.0,0.14531791291696985,0.14531791291696985,0.14531791291696985,0.0,0.10771009639670692,1,0,True,False,
H593-b87cff1766e4fd6e130f4f0d,OUTCOME-0090,4,fae9abd9dccd97b0f46477e2b8de584b47f0991da74eb5dfbedf3526f4bba6a5,False,False,True,51,51,9,9,True,1,HOLD,True,-1.4113437254616528,-1.4113437254616528,0.2530637487387277,0.2432503741632972,0.2432503741632972,0.009813374575430522,0.009813374575430522,1,0,True,True,1
H593-b890a8f09b0dc93ce3a6ec7c,OUTCOME-0268,3,d39c757e2a4c76e8e9403fd84708b3c233de7ca0b40197f435ceb3a48272b73f,True,True,True,608,608,608,608,True,1,HOLD,False,-4.710114005452785,0.0,0.06291518560759524,0.06291518560759524,0.06291518560759524,0.0,0.009096904996610061,1,0,True,False,
H593-b8b81f9ea25a51448f92c735,DIFFICULT-0012,4,7309194c945cf747ac938c081c8e1c7587ee93c9427836b98aa713829ad9307b,True,True,True,996,996,996,996,True,1,HOLD,False,-2.64650000075477,0.0,0.11895140509248703,0.11895140509248703,0.11895140509248703,0.0,0.040957670569916116,1,0,True,False,
H593-b90eeadf731ed28d7b01ab84,DIFFICULT-0005,3,ff5ec2587aa3b0cdf9f678e20f8a78ed21590c17b5931d4adc290fe15bf09b84,True,True,True,599,599,599,599,True,1,HOLD,False,-4.521488878404558,0.0,0.2587164998967832,0.2587164998967832,0.2587164998967832,0.0,0.17055782494655786,1,0,True,False,
H593-b934ce8694d521ecce42de7b,DIFFICULT-0019,4,7309194c945cf747ac938c081c8e1c7587ee93c9427836b98aa713829ad9307b,True,True,True,996,996,996,996,True,1,HOLD,False,-5.653117478044227,0.0,0.13743531406711437,0.13743531406711437,0.13743531406711437,0.0,0.08025802803303227,1,0,True,False,
H593-b98760533d5b5968acf3d2d8,OUTCOME-0396,0,dabd4e44228b0c3fe4d6e936d82cc48dbee71a26baad248be0f99f22cd2424cf,True,True,True,1145,1145,1145,1145,True,1,HOLD,False,-4.310175412337756,0.0,0.07020966560528688,0.07020966560528688,0.07020966560528688,0.0,0.0444642283716206,1,0,True,False,
H593-b9b3b47180519cbd55260c38,OUTCOME-0477,1,1efff5d5855cab66509977a0b8d496f45b9a66147726f1323cdd42a873075386,False,False,True,3234,1685,1402,1402,True,1,SWITCH,False,0.11725190542334696,0.09377033250999878,0.1691412139699739,0.01527448040360112,0.14263195119863392,0.02650926277133997,0.02650926277133997,1,0,True,True,2
H593-ba2efedd26ed9b4bcecca71f,OUTCOME-0494,2,0748babacede700838aa4a895d8d3238fc567929c58d772ed17e063e9856bb96,True,True,True,1424,1424,1424,3101,False,1,HOLD,False,-0.7263644140810496,0.0,0.005953356776544355,0.005953356776544355,0.005953356776544355,0.0,-0.01565632223558068,116,0,False,False,
H593-baaae79e1a5f7793171f450a,OUTCOME-0529,4,67c564121b4c0847db261d818757e131684626ea0db83097a0e9610c7cf03222,False,False,True,146,146,147,147,True,1,HOLD,True,-1.0200072130312772,-1.0200072130312772,0.09232785158456805,0.07482208588824721,0.07482208588824721,0.01750576569632084,0.01750576569632084,1,0,True,True,1
H593-bb070f8673390afcb71bba1f,OUTCOME-0816,2,7abc0d7c0e302804a40dcf309dece25b925a424ae8a43fd70cd693d41ebfc54f,True,True,True,512,512,512,512,True,1,HOLD,False,-1.3035828970754861,0.0,0.1494443408479459,0.1494443408479459,0.1494443408479459,0.0,0.0006513971649619588,1,0,True,False,
H593-bb0e26bf00988704e7674f59,DIFFICULT-0003,3,ff5ec2587aa3b0cdf9f678e20f8a78ed21590c17b5931d4adc290fe15bf09b84,True,True,True,599,599,599,599,True,1,HOLD,False,-3.911310716054664,0.0,0.21327830263595648,0.21327830263595648,0.21327830263595648,0.0,0.12276095322545984,1,0,True,False,
H593-bb4431f14238909d56f4f6f2,OUTCOME-0304,0,69e8433234f6613d539957d8cd900a9503c3e7bceb31e12adec7cfa0adc6368b,True,True,True,1114,1114,1114,3293,False,1,HOLD,False,-4.721644994148951,0.0,0.04090838637194585,0.04090838637194585,0.04090838637194585,0.0,-0.006904911935620456,3,0,False,False,
H593-bb5dd42b437a1e0b7185f2fb,OUTCOME-0093,4,fae9abd9dccd97b0f46477e2b8de584b47f0991da74eb5dfbedf3526f4bba6a5,False,False,True,1683,51,9,9,True,1,SWITCH,False,0.13346458507979242,-0.44256765628861927,0.06835398613537383,0.020297311924135322,0.0649919415862703,0.003362044549103535,0.0028153384379228236,1,0,True,True,4
H593-bbff6f2a0463d1430b70d8f7,DIFFICULT-0131,2,c04b390c7ae86a0d21958115ce19bd1ed22c76ff1b8fb240f01405c8bf9231ec,True,True,True,480,480,480,480,True,1,HOLD,False,-4.3241986622761655,0.0,0.21274516171081678,0.21274516171081678,0.21274516171081678,0.0,0.14541682105378445,1,0,True,False,
H593-bcb46b28e3f68f1997c73b22,NDV2-009-P01,4,4a53569c90360cdca78170a677dcff1a34efc65cfe94b9dad6b19b65db6d25ac,True,True,True,673,673,673,673,True,1,HOLD,False,-2.7899120884533137,0.0,0.09339516877228086,0.09339516877228086,0.09339516877228086,0.0,0.006604346065735761,1,0,True,False,
H593-bcc28cdb9788352cc4129ed5,OUTCOME-0277,4,c36d84d6c8d54c84a5f0b431f53eb8775569f16793018d5e6c57459cf8e20e49,True,True,True,4776,4776,4776,4776,True,1,HOLD,False,-2.205344926484391,0.0,0.1708671828296361,0.1708671828296361,0.1708671828296361,0.0,0.03820337421537634,1,0,True,False,
H593-bcee23f88378066e9f5f0e2a,OUTCOME-0463,1,1efff5d5855cab66509977a0b8d496f45b9a66147726f1323cdd42a873075386,True,True,True,1402,1402,1402,1402,True,1,HOLD,False,-3.1954273768772197,0.0,0.07503010336525864,0.07503010336525864,0.07503010336525864,0.0,0.05008296792972812,1,0,True,False,
H593-bd50369106a00a7162abcff8,OUTCOME-0168,3,162fd69cd74c8e3f1f06ce6bb5fec631f657a623f060862dbcc70a39fc026e96,True,True,True,567,567,567,567,True,1,HOLD,False,-5.521772076407689,0.0,0.12901369330076157,0.12901369330076157,0.12901369330076157,0.0,0.09067656726162797,1,0,True,False,
H593-bebe2833da2edf94d7d8c25b,DIFFICULT-0034,2,da3eaa29e19bcc9bd6181db13c258df73a34d84bc20cb67ca147824a6fc4abe5,True,True,True,4840,4840,4840,4894,False,1,HOLD,False,-5.341022147992909,0.0,0.03202295410360294,0.03202295410360294,0.03202295410360294,0.0,-0.00017384065004352744,2,0,False,False,
H593-bfedff27526023108259df43,OUTCOME-0689,2,90d7a704ad7bf679580bc4dbadbe13884f491d2e338402f4d4437c2ffd66ab93,True,True,True,5004,5004,5004,5073,False,1,HOLD,False,-1.2396679452271469,0.0,0.0101005406258089,0.0101005406258089,0.0101005406258089,0.0,-0.023885665475398322,76,0,False,False,
H593-c0907e99c1c23fe8e8a6b1a3,OUTCOME-0251,2,4d5d4731b2c45171a86a8690a5b3a1819d26c3dd6226f61b0f9104c2f6f56484,True,True,True,1032,1032,1032,1032,True,1,HOLD,False,-4.047278864030707,0.0,0.21141289578701186,0.21141289578701186,0.21141289578701186,0.0,0.15983493584583636,1,0,True,False,
H593-c1e87208ec64f28d13f80f11,OUTCOME-0258,3,d39c757e2a4c76e8e9403fd84708b3c233de7ca0b40197f435ceb3a48272b73f,True,True,True,608,608,608,608,True,1,HOLD,False,-7.748360416732817,0.0,0.11587803932996413,0.11587803932996413,0.11587803932996413,0.0,0.09227581067589495,1,0,True,False,
H593-c22c8e1044a8088c5a3d3f0e,OUTCOME-0057,4,caadf690e51b6ae8aa69d3ebfb189f9ae43f3e3bde9aadd83d79e71a9ed27df7,True,True,True,0,0,0,0,True,1,HOLD,False,-5.747288699069999,0.0,0.09890436281332739,0.09890436281332739,0.09890436281332739,0.0,0.05784769077237216,1,0,True,False,
H593-c27cc5698d114b2e38e732d1,OUTCOME-0270,4,c36d84d6c8d54c84a5f0b431f53eb8775569f16793018d5e6c57459cf8e20e49,False,False,True,4777,4777,4776,4811,False,1,HOLD,True,-1.5385152684713754,-1.5385152684713754,0.017118854405031872,0.022322926823935742,0.022322926823935742,-0.0052040724189038705,-0.01850957430353807,44,0,False,False,1
H593-c2c8b91bd700c1354b6e6ee9,OUTCOME-0731,2,0afd089c456e855f9466067a75179f94b4fb386831d044fd18ff0bcd22e0d3f4,True,True,True,304,304,304,304,True,1,HOLD,False,-2.324617931897407,0.0,0.08696357902608318,0.08696357902608318,0.08696357902608318,0.0,0.03622448052811114,1,0,True,False,
H593-c30cdabf5993a0c426ba0205,OUTCOME-0461,1,1efff5d5855cab66509977a0b8d496f45b9a66147726f1323cdd42a873075386,True,True,True,1402,1402,1402,1402,True,1,HOLD,False,-2.8226313933761116,0.0,0.06873657909956131,0.06873657909956131,0.06873657909956131,0.0,0.016170276074183386,1,0,True,False,
H593-c311ba2ac614da95fb3ed97e,OUTCOME-0820,2,7abc0d7c0e302804a40dcf309dece25b925a424ae8a43fd70cd693d41ebfc54f,False,False,True,72,72,512,516,False,1,HOLD,False,-0.9368477285849863,-2.676341728862073,0.01758542207514334,0.014732439211177357,0.014732439211177357,0.0028529828639659825,-0.03530395262552775,47,0,False,True,31
H593-c317503b769e0f3acf782e33,DIFFICULT-0043,1,a7e2eb3376d106cbd8cfa0ddaf20047219e210af69c8abeada87a180f2a8e2a9,False,True,True,3476,1130,1130,1130,True,1,SWITCH,True,1.1694269776622939,1.1694269776622939,0.04695500104096659,0.012485819417469513,0.04695500104096659,0.0,0.006916836283566659,1,0,True,False,1
H593-c358c8ad94f489bab50d45b6,OUTCOME-0655,4,48c57d44808de17cdd8b52db0f71a5a8fbbf9d2f4ab10a1751ec128aed4a3ff5,True,True,True,3312,3312,3312,3312,True,1,HOLD,False,-6.294697578583317,0.0,0.1828891276618334,0.1828891276618334,0.1828891276618334,0.0,0.12126119023257884,1,0,True,False,
H593-c46f21293cefba88bf549fbf,OUTCOME-0759,1,a5cc6cd71cb98a23641d9032f2abdbe55a284b95eedc14e13d1ab9d93b7adc76,True,True,True,4798,4798,4798,4929,False,1,HOLD,False,-4.212819843592127,0.0,0.04426695532526669,0.04426695532526669,0.04426695532526669,0.0,-0.0016046205151011364,2,0,False,False,
H593-c69e2282252382010960c43a,OUTCOME-0397,0,dabd4e44228b0c3fe4d6e936d82cc48dbee71a26baad248be0f99f22cd2424cf,True,True,True,1145,1145,1145,1145,True,1,HOLD,False,-3.800322587001793,0.0,0.10171450357194523,0.10171450357194523,0.10171450357194523,0.0,0.04778608899507437,1,0,True,False,
H593-c6ad63874f6fdf348e0906bf,OUTCOME-0341,0,8ad47f26cd065ca57d3a68d2c5f31cd9eeb977294c710ac87f6e9c84b24866ea,False,False,True,3671,3671,1134,1134,True,1,HOLD,True,-1.1176147932219556,-1.1176147932219556,0.1754496547978123,0.15251702310532753,0.15251702310532753,0.022932631692484773,0.022932631692484773,1,0,True,True,1
H593-c76764b05b53a550caa7d193,DIFFICULT-0055,1,f16447b66992689bdb8350dadcb85602511b1bd2c18265a511e90bf7d2910d9c,True,True,True,3368,3368,3368,3368,True,1,HOLD,False,-4.403677566260523,0.0,0.08735935776950537,0.08735935776950537,0.08735935776950537,0.0,0.028431649220898088,1,0,True,False,
H593-c7de10914b97438ea391ef69,OUTCOME-0328,0,8ad47f26cd065ca57d3a68d2c5f31cd9eeb977294c710ac87f6e9c84b24866ea,True,True,True,1134,1134,1134,1134,True,1,HOLD,False,-4.68278836965271,0.0,0.10766103705007093,0.10766103705007093,0.10766103705007093,0.0,0.08653559490539894,1,0,True,False,
H593-c80f563bd4cc8c240f4ce0e4,OUTCOME-0145,1,da19e4e6b83d15ea83c05ab2e67a7e30bde059231ecd7dfb7f93382fc5e60b98,False,True,True,4366,937,937,937,True,1,SWITCH,True,0.9364439401133109,0.9364439401133109,0.046099603963213824,0.015020171326210701,0.046099603963213824,0.0,0.01727411691395415,1,0,True,False,1
H593-c8379d139262cf23abe8cf3f,NDV2-012-P03,4,f136ca0b9c716fcae1884f370b2cc9c1a38f30e5a477d50097f50ecb3c76d60b,True,False,True,1652,1653,1652,2321,False,1,SWITCH,False,0.07590547080330023,0.0,0.017689080189161873,0.017689080189161873,0.03476169673722582,-0.017072616548063944,-0.05473663083532784,96,0,False,False,
H593-c87f01c7404926ac2f3d5404,DIFFICULT-0030,3,876e9a6c8b596c741810be05ef83bc4037f224102f15277c78e9afa9a641a3ab,True,True,True,1013,1013,1013,1013,True,1,HOLD,False,-2.892090114929249,0.0,0.12337540783717445,0.12337540783717445,0.12337540783717445,0.0,0.05769512830659709,1,0,True,False,
H593-c967c0f887f10151135e81fc,OUTCOME-0508,2,5e70e07c018dad8a49c0f98df36183854e1a11398f9835189e1f22ef07f9c615,True,True,True,1641,1641,1641,1641,True,1,HOLD,False,-6.500760030726347,0.0,0.1134729252874301,0.1134729252874301,0.1134729252874301,0.0,0.07896702107208979,1,0,True,False,
H593-c9ae3eb9e9fe146ef01e07f9,OUTCOME-0448,1,055e3d0a2ba828c5df95354fc5d80825fa129f679641c7a5ba585b5c8911a1f9,True,True,True,1322,1322,1322,1322,True,1,HOLD,False,-1.7138062289343001,0.0,0.28541140158568706,0.28541140158568706,0.28541140158568706,0.0,0.07293248734758434,1,0,True,False,
H593-c9d897c86e0a07349f3816a5,OUTCOME-0393,0,dabd4e44228b0c3fe4d6e936d82cc48dbee71a26baad248be0f99f22cd2424cf,True,True,True,1145,1145,1145,1145,True,1,HOLD,False,-3.4738193524999454,0.0,0.06874577997246652,0.06874577997246652,0.06874577997246652,0.0,0.029801754198669525,1,0,True,False,
H593-ca02c70f0bad8aaf62caa00a,DIFFICULT-0006,3,ff5ec2587aa3b0cdf9f678e20f8a78ed21590c17b5931d4adc290fe15bf09b84,True,True,True,599,599,599,599,True,1,HOLD,False,-3.7831804830012414,0.0,0.10245345216020861,0.10245345216020861,0.10245345216020861,0.0,0.058989907707402714,1,0,True,False,
H593-ca8b26b506e727e2c826a0a9,DIFFICULT-0103,0,dca95ffa60d30d6597de3bfed4a27b53d657ea2e90a8d6ee6aa513316eee9848,True,True,True,395,395,395,395,True,1,HOLD,False,-1.2666391068754022,0.0,0.2265522124788107,0.2265522124788107,0.2265522124788107,0.0,0.02039884486683821,1,0,True,False,
H593-cb08e284452bbeca09345c1d,OUTCOME-0095,3,c7abd98eade15d0ac417dcdde657be6a64e3cb837a808045d084fee49bf7d2a4,True,True,True,930,930,930,930,True,1,HOLD,False,-1.7140432419909177,0.0,0.07964597110126492,0.07964597110126492,0.07964597110126492,0.0,0.023643202429713225,1,0,True,False,
H593-cb7de2ed70a969859718b4c8,DIFFICULT-0056,1,f16447b66992689bdb8350dadcb85602511b1bd2c18265a511e90bf7d2910d9c,True,True,True,3368,3368,3368,3368,True,1,HOLD,False,-4.736802279733242,0.0,0.1601728874843628,0.1601728874843628,0.1601728874843628,0.0,0.1011300341165785,1,0,True,False,
H593-cbd580ca8890e580605311e6,OUTCOME-0557,2,1007f60c51bf2a9005809d8794f2ee0ba76987b27950ac00057798b1b3be7881,False,False,True,826,826,3088,3088,True,1,HOLD,False,-1.237182490360922,-1.3294374579915578,0.06903367009356545,0.05199673682974269,0.05199673682974269,0.01703693326382276,0.0002732364054106873,1,0,True,True,2
H593-cd810ce4f68ec2e45cc2c736,OUTCOME-0212,2,4307e640e3e4b993a792a0030fe96b8501fe6e1375f37fcb8115bccccdf67258,False,True,True,2715,1024,1024,1024,True,1,SWITCH,True,0.967226949113206,0.967226949113206,0.06354623605371466,0.0028508940946093686,0.06354623605371466,0.0,0.01963859616831213,1,0,True,False,1
H593-cd9b8334e2d223c7319b1ab1,OUTCOME-0411,0,1f59b78808c09c6bf68702306ba72c84cbbb75e1dfc61bab3c7f1b99aee3b17d,False,False,False,1220,4703,,4703,False,1,SWITCH,False,0.2562249360177422,,,,,,,,,,,
H593-ce6c88b1a0e4cf5238d2af56,OUTCOME-0255,2,4d5d4731b2c45171a86a8690a5b3a1819d26c3dd6226f61b0f9104c2f6f56484,True,True,True,1032,1032,1032,2248,False,1,HOLD,False,-1.8539187889348328,0.0,0.013974608756875475,0.013974608756875475,0.013974608756875475,0.0,-0.021256549334754526,64,0,False,False,
H593-ce727d9df349b4a2b09b0569,OUTCOME-0659,4,48c57d44808de17cdd8b52db0f71a5a8fbbf9d2f4ab10a1751ec128aed4a3ff5,True,True,True,3312,3312,3312,3312,True,1,HOLD,False,-6.967623279573398,0.0,0.1981275172877737,0.1981275172877737,0.1981275172877737,0.0,0.1576246793216847,1,0,True,False,
H593-cf3d303c6942b97f41b6fc64,OUTCOME-0372,0,f15f4acea549124570f8e5b5e20c5575b2b6e0d49386891fe5a7552afc90436f,True,True,True,4865,4865,4865,4865,True,1,HOLD,False,-5.003251916630362,0.0,0.20666596388413172,0.20666596388413172,0.20666596388413172,0.0,0.1707153261567426,1,0,True,False,
H593-cf4370c2b7c1a87bc4ed328c,DIFFICULT-0028,3,876e9a6c8b596c741810be05ef83bc4037f224102f15277c78e9afa9a641a3ab,False,False,True,2224,2224,1013,1013,True,1,HOLD,True,-0.4705075453146258,-0.4705075453146258,0.15829677710473544,0.08667724669524711,0.08667724669524711,0.07161953040948833,0.07107575867716795,1,0,True,True,1
H593-d093d4d47fdd62dc2cac68b2,OUTCOME-0730,2,0afd089c456e855f9466067a75179f94b4fb386831d044fd18ff0bcd22e0d3f4,False,True,True,471,304,304,745,False,1,SWITCH,True,0.8608323181441686,0.8608323181441686,0.0529618341865903,0.014293894852002876,0.0529618341865903,0.0,-0.010226955841161789,3,0,False,False,1
H593-d1ddd31574e73913b670ac2f,OUTCOME-0445,1,055e3d0a2ba828c5df95354fc5d80825fa129f679641c7a5ba585b5c8911a1f9,False,False,True,1312,1312,1322,1322,True,1,HOLD,False,-0.17934142109065032,-0.3327025518042034,0.070365684959197,0.025256411343824215,0.025256411343824215,0.045109273615372786,0.004170067972059779,1,0,True,True,3
H593-d26d0257a133ee3b7d65501b,OUTCOME-0220,2,4307e640e3e4b993a792a0030fe96b8501fe6e1375f37fcb8115bccccdf67258,False,True,True,1311,1024,1024,1024,True,1,SWITCH,True,0.003073584319106759,0.003073584319106759,0.08587823197082577,0.03135945300049644,0.08587823197082577,0.0,0.04298274544775083,1,0,True,False,1
H593-d29e3883066f9b27a2a4c21a,OUTCOME-0569,0,1a231675f970ef17d8df9d796fcc4f991f31e3ecab14c9f45454f336dc22786a,True,True,True,4788,4788,4788,4787,False,1,HOLD,False,-1.2395924510183838,0.0,0.08528628598509268,0.08528628598509268,0.08528628598509268,0.0,-0.001261646393944979,2,0,False,False,
H593-d2bb8fcad397d4f761848233,OUTCOME-0133,4,5e1903b41967d7091402cde6aa7a4b83e5df5f58a2bef1439e218f802ca6cf53,False,False,True,4358,4358,935,1022,False,1,HOLD,False,-0.5573814605410119,-1.2832467760562762,0.01020497323786209,0.005997065392930359,0.005997065392930359,0.004207907844931732,-0.017158225426943025,50,0,False,True,8
H593-d2ef20eeb4ce3ad7cf1b74d2,OUTCOME-0661,4,e54a0a27f9b030e92d3186f1b9feb159b51d71cced53115c3612eb3000f84093,False,False,True,1553,1553,3334,4092,False,1,HOLD,True,-0.3994817169529322,-0.3994817169529322,0.02118645456335199,0.011459552306304507,0.011459552306304507,0.009726902257047483,-0.022535766526818754,19,0,False,True,1
H593-d34d6636f26c3f3a95c899cd,OUTCOME-0481,1,c88cdb15edcd25a88595edf90f1fc3fef1e374c4e494fb4a4e8accfe55137d0a,True,True,True,1414,1414,1414,1414,True,1,HOLD,False,-7.36273795880912,0.0,0.06435179247507117,0.06435179247507117,0.06435179247507117,0.0,0.02389951238707335,1,0,True,False,
H593-d35facd3bcef8508d52b6098,DIFFICULT-0104,0,dca95ffa60d30d6597de3bfed4a27b53d657ea2e90a8d6ee6aa513316eee9848,True,True,True,395,395,395,395,True,1,HOLD,False,-1.323495934481862,0.0,0.08105683731974543,0.08105683731974543,0.08105683731974543,0.0,0.008495800023079148,1,0,True,False,
H593-d404e46663a91ac00c5f1973,OUTCOME-0340,0,8ad47f26cd065ca57d3a68d2c5f31cd9eeb977294c710ac87f6e9c84b24866ea,True,True,True,1134,1134,1134,1134,True,1,HOLD,False,-2.3127384397376565,0.0,0.12997710126677214,0.12997710126677214,0.12997710126677214,0.0,0.04951798672979045,1,0,True,False,
H593-d436f10dfd701cc9385e8423,OUTCOME-0724,2,d3d9e86636e760b3c7ab9d0366cce29c32d905942a4e7efc24b4feb559ccafdb,True,True,True,4791,4791,4791,4791,True,1,HOLD,False,-3.4720749432971627,0.0,0.14224286431821662,0.14224286431821662,0.14224286431821662,0.0,0.09893016527667656,1,0,True,False,
H593-d49db6c43ed93ffbd53c56b2,DIFFICULT-0007,3,ff5ec2587aa3b0cdf9f678e20f8a78ed21590c17b5931d4adc290fe15bf09b84,True,True,True,599,599,599,599,True,1,HOLD,False,-4.241927944119505,0.0,0.07913519018493399,0.07913519018493399,0.07913519018493399,0.0,0.005008260073120385,1,0,True,False,
H593-d4eb99839abe07f70ec9fa06,OUTCOME-0729,2,0afd089c456e855f9466067a75179f94b4fb386831d044fd18ff0bcd22e0d3f4,True,True,True,304,304,304,304,True,1,HOLD,False,-3.5012695950100317,0.0,0.09620055292384305,0.09620055292384305,0.09620055292384305,0.0,0.057078181913277314,1,0,True,False,
H593-d4fd56aea7e4dc41f9436c8f,OUTCOME-0108,3,c7abd98eade15d0ac417dcdde657be6a64e3cb837a808045d084fee49bf7d2a4,False,True,True,2208,930,930,930,True,1,SWITCH,True,0.24255209632199626,0.24255209632199626,0.10745895515986098,0.01881001636112267,0.10745895515986098,0.0,0.05438231188423493,1,0,True,False,1
H593-d67beb79b7f0a02cac2b3621,OUTCOME-0205,3,f90fb756794a5ae5c68d05c56cb486456e64d83f751a66bbf1ddae3fcb43bb13,False,False,False,2512,2512,,3722,False,1,HOLD,False,-0.09889984685319475,,,,,,,,,,,
H593-d738b62fe4ce9ca980d24764,OUTCOME-0281,4,c36d84d6c8d54c84a5f0b431f53eb8775569f16793018d5e6c57459cf8e20e49,False,False,False,1243,1243,,829,False,1,HOLD,False,-0.4719098801564473,,,,,,,,,,,
H593-d847127af2275cebc7d0a855,OUTCOME-0049,4,caadf690e51b6ae8aa69d3ebfb189f9ae43f3e3bde9aadd83d79e71a9ed27df7,True,True,True,0,0,0,4811,False,1,HOLD,False,-2.7181378465348245,0.0,0.03462267396487163,0.03462267396487163,0.03462267396487163,0.0,-0.0032389859767800316,2,0,False,False,
H593-d89ee18850bb49f7986e065b,OUTCOME-0101,3,c7abd98eade15d0ac417dcdde657be6a64e3cb837a808045d084fee49bf7d2a4,True,True,True,930,930,930,930,True,1,HOLD,False,-2.0546536673365265,0.0,0.09675245211150754,0.09675245211150754,0.09675245211150754,0.0,0.031713935026503104,1,0,True,False,
H593-d95db08b3f39be7256ba6c14,OUTCOME-0815,2,7abc0d7c0e302804a40dcf309dece25b925a424ae8a43fd70cd693d41ebfc54f,False,False,True,337,508,512,510,False,1,SWITCH,False,0.9596945772561991,-0.2578673462610769,0.18857266481877544,0.01767320651224463,0.16647623674058354,0.0220964280781919,-0.0009952795049949226,2,0,False,True,6
H593-da02d3441b2c6b4597eeecd4,OUTCOME-0211,2,4307e640e3e4b993a792a0030fe96b8501fe6e1375f37fcb8115bccccdf67258,True,True,True,1024,1024,1024,1324,False,1,HOLD,False,-2.4515008563196146,0.0,0.01772587035756827,0.01772587035756827,0.01772587035756827,0.0,-0.005362850820431742,5,0,False,False,
H593-db15ccfd642dc2496260750d,OUTCOME-0414,0,1f59b78808c09c6bf68702306ba72c84cbbb75e1dfc61bab3c7f1b99aee3b17d,True,True,True,1183,1183,1183,1183,True,1,HOLD,False,-4.181217308400167,0.0,0.09206877600214913,0.09206877600214913,0.09206877600214913,0.0,0.058890576872100336,1,0,True,False,
H593-dc202d508f99c4a7bcb3f66b,OUTCOME-0767,1,2aa1e6c4bb63c1bf91f9200ac8983a2fdb8a3d86fcbc58c5f88c921023045af6,True,True,True,409,409,409,327,False,1,HOLD,False,-2.277240536753787,0.0,0.013526013094270373,0.013526013094270373,0.013526013094270373,0.0,-0.04204706377492211,86,0,False,False,
H593-dc49d87eddb7dcd54a502ee3,NDV2-005-P04,0,5993f2caf420c9a99c193d33f748eea45f5c55ab4832c947913f7c005ada8f7b,True,True,True,32,32,32,64,False,1,HOLD,False,-1.2497475562131344,0.0,0.19812842790211374,0.19812842790211374,0.19812842790211374,0.0,-0.007077616323231811,2,0,False,False,
H593-dcd3ccb47c9158d5e5bf7f4f,OUTCOME-0800,3,d03ec6170d58ac2d6198068ac9aa233411e9b70ad6019840f643fdabcc4a9adf,True,True,True,499,499,499,499,True,1,HOLD,False,-4.651317211313751,0.0,0.1431811164390223,0.1431811164390223,0.1431811164390223,0.0,0.11728821194338175,1,0,True,False,
H593-dcefc56c2ddbfcd758644177,OUTCOME-0259,3,d39c757e2a4c76e8e9403fd84708b3c233de7ca0b40197f435ceb3a48272b73f,True,True,True,608,608,608,559,False,1,HOLD,False,-1.685196856092188,0.0,0.005543701252320731,0.005543701252320731,0.005543701252320731,0.0,-0.03001533805765281,115,0,False,False,
H593-dcf09c09df4f20df9122bf55,OUTCOME-0490,2,0748babacede700838aa4a895d8d3238fc567929c58d772ed17e063e9856bb96,True,True,True,1424,1424,1424,3229,False,1,HOLD,False,-3.038856618470659,0.0,0.09840689876895095,0.09840689876895095,0.09840689876895095,0.0,-0.12832441025221641,13,0,False,False,
H593-dd30b52d4199a64c81b4976c,OUTCOME-0228,4,131b059227e8e198d5556d3c77a12b94efae9837ff4f020b91f223056c73465a,True,True,True,4829,4829,4829,4929,False,1,HOLD,False,-4.621919352904622,0.0,0.01794502718813669,0.01794502718813669,0.01794502718813669,0.0,-0.002642984729732241,3,0,False,False,
H593-dd91c965c4987a6f11b4d08b,OUTCOME-0104,3,c7abd98eade15d0ac417dcdde657be6a64e3cb837a808045d084fee49bf7d2a4,False,False,True,4335,4335,930,930,True,1,HOLD,True,-0.5242772074868735,-0.5242772074868735,0.12142118850430457,0.07021754637148026,0.07021754637148026,0.051203642132824315,0.051203642132824315,1,0,True,True,1
H593-dda20b76d5b7af6159053c31,OUTCOME-0479,1,c88cdb15edcd25a88595edf90f1fc3fef1e374c4e494fb4a4e8accfe55137d0a,True,True,True,1414,1414,1414,1414,True,1,HOLD,False,-8.084158428674732,0.0,0.07038569449346832,0.07038569449346832,0.07038569449346832,0.0,0.04661818325286965,1,0,True,False,
H593-ddd029aad5773c59147bd25d,OUTCOME-0460,1,1efff5d5855cab66509977a0b8d496f45b9a66147726f1323cdd42a873075386,True,True,True,1402,1402,1402,1402,True,1,HOLD,False,-2.0091368706349293,0.0,0.03950303402322248,0.03950303402322248,0.03950303402322248,0.0,0.0028874484814426157,1,0,True,False,
H593-ddead65d98e659c927cda92c,OUTCOME-0795,3,d03ec6170d58ac2d6198068ac9aa233411e9b70ad6019840f643fdabcc4a9adf,True,True,True,499,499,499,90,False,1,HOLD,False,-0.744286670540276,0.0,0.01684444207920613,0.01684444207920613,0.01684444207920613,0.0,-0.031324515620038886,37,0,False,False,
H593-de1e1f6f272fc318dc3c5875,OUTCOME-0416,3,6041aa5f85f4424e5ea88d82fcb2c3a2efe067770270d57d823d934e313867bf,False,False,True,1631,814,1191,1457,False,1,SWITCH,False,0.17357772552848738,-2.068168369857891,0.006110421985580145,0.008244402246643953,0.03820893421583328,-0.03209851223025314,-0.04769935359222864,110,0,False,False,32
H593-de48d9ea86e26c33436d5659,OUTCOME-0421,3,6041aa5f85f4424e5ea88d82fcb2c3a2efe067770270d57d823d934e313867bf,True,True,True,1191,1191,1191,1191,True,1,HOLD,False,-4.390796754779921,0.0,0.04598857826620315,0.04598857826620315,0.04598857826620315,0.0,0.025131699818705073,1,0,True,False,
H593-de5f802ba95b660402a7eb35,OUTCOME-0798,3,d03ec6170d58ac2d6198068ac9aa233411e9b70ad6019840f643fdabcc4a9adf,True,True,True,499,499,499,5201,False,1,HOLD,False,-0.7544170074536896,0.0,0.01969690942060717,0.01969690942060717,0.01969690942060717,0.0,-0.01639030641681549,15,0,False,False,
H593-dee44c3e2310634d9bc6b455,OUTCOME-0713,0,86244889a9cf4aa3df9f971885f8dfcec40ce965b829d12b7deb1eb31c2e4e44,True,True,True,5053,5053,5053,5053,True,1,HOLD,False,-2.3906078835767017,0.0,0.0474644891831697,0.0474644891831697,0.0474644891831697,0.0,0.012922341644051129,1,0,True,False,
H593-deeedb839c4275fee269e4b1,OUTCOME-0326,0,27398dad6e577a6cdc7867303a9c586cdf14f835803381e1ac3586b1bec33c43,True,True,True,4855,4855,4855,4855,True,1,HOLD,False,-7.3155184039983325,0.0,0.15165628840113451,0.15165628840113451,0.15165628840113451,0.0,0.1127832768170532,1,0,True,False,
H593-df2b460cafbe7908b36c9f41,DIFFICULT-0009,4,7309194c945cf747ac938c081c8e1c7587ee93c9427836b98aa713829ad9307b,True,True,True,996,996,996,996,True,1,HOLD,False,-3.6121066979030996,0.0,0.09359863719307682,0.09359863719307682,0.09359863719307682,0.0,0.04653307848233841,1,0,True,False,
H593-dff5ad1efb50ad282dc69f32,OUTCOME-0601,3,c13e6a469d26dd360022a4ba3af2d2bdbb230082c9e605b822c0f5806f9b9bc9,True,True,True,3208,3208,3208,3208,True,1,HOLD,False,-3.2357529603752884,0.0,0.05391194585886426,0.05391194585886426,0.05391194585886426,0.0,0.013001544492412156,1,0,True,False,
H593-e0504cc23358865e805ab7d8,OUTCOME-0722,2,d3d9e86636e760b3c7ab9d0366cce29c32d905942a4e7efc24b4feb559ccafdb,True,True,True,4791,4791,4791,4790,False,1,HOLD,False,-0.9029011161016407,0.0,0.0521710665843541,0.0521710665843541,0.0521710665843541,0.0,-0.03000467891643794,2,0,False,False,
H593-e074e8a735231d914b14563a,OUTCOME-0757,1,a5cc6cd71cb98a23641d9032f2abdbe55a284b95eedc14e13d1ab9d93b7adc76,True,True,True,4798,4798,4798,4798,True,1,HOLD,False,-5.4567657797231846,0.0,0.1173086656546677,0.1173086656546677,0.1173086656546677,0.0,0.07888535178580848,1,0,True,False,
H593-e144503cb73837b393fd64a7,NDV2-003-P01,0,5993f2caf420c9a99c193d33f748eea45f5c55ab4832c947913f7c005ada8f7b,True,True,True,19,19,19,19,True,1,HOLD,False,-1.142466306850335,0.0,0.22825461798174132,0.22825461798174132,0.22825461798174132,0.0,0.0014846693821670975,1,0,True,False,
H593-e145bcae800e8d359e4d9bc7,OUTCOME-0401,0,dabd4e44228b0c3fe4d6e936d82cc48dbee71a26baad248be0f99f22cd2424cf,True,True,True,1145,1145,1145,1145,True,1,HOLD,False,-2.623353230269891,0.0,0.18156414381821936,0.18156414381821936,0.18156414381821936,0.0,0.07454063304534414,1,0,True,False,
H593-e1d2c7ca3a91606fdef2a012,OUTCOME-0464,1,1efff5d5855cab66509977a0b8d496f45b9a66147726f1323cdd42a873075386,True,True,True,1402,1402,1402,1309,False,1,HOLD,False,-1.7171920226933535,0.0,0.02066357545102078,0.02066357545102078,0.02066357545102078,0.0,-0.0029593662724846925,3,0,False,False,
H593-e1fc157329d8b0eed6101eee,OUTCOME-0158,3,162fd69cd74c8e3f1f06ce6bb5fec631f657a623f060862dbcc70a39fc026e96,True,True,True,567,567,567,567,True,1,HOLD,False,-4.326386154194267,0.0,0.07571798361010144,0.07571798361010144,0.07571798361010144,0.0,0.05519257210124824,1,0,True,False,
H593-e231dadc5ef7695b0c738e54,OUTCOME-0141,4,5e1903b41967d7091402cde6aa7a4b83e5df5f58a2bef1439e218f802ca6cf53,False,False,True,1981,1981,935,5236,False,1,HOLD,False,-0.6897272288476978,-1.0352959312549812,0.015267472788124231,0.010728146673269918,0.010728146673269918,0.004539326114854313,-0.009902709548271887,38,0,False,True,4
H593-e2472468e840fd9de1c1724f,OUTCOME-0634,4,ef7d75f57f11d1174b60813355c0cf7d7dce1009b41f2c7a54cf612906b3dea7,True,True,True,3238,3238,3238,3238,True,1,HOLD,False,-6.065239036390235,0.0,0.2794171747574656,0.2794171747574656,0.2794171747574656,0.0,0.24121875469583676,1,0,True,False,
H593-e2df8b1f9a0066d722f177e2,OUTCOME-0153,1,da19e4e6b83d15ea83c05ab2e67a7e30bde059231ecd7dfb7f93382fc5e60b98,False,True,True,4366,937,937,937,True,1,SWITCH,True,0.48547770217150243,0.48547770217150243,0.0914005150741881,0.029368008233313276,0.0914005150741881,0.0,0.041060168852296734,1,0,True,False,1
H593-e3a1eef1c2822562c67fe0fa,OUTCOME-0051,4,caadf690e51b6ae8aa69d3ebfb189f9ae43f3e3bde9aadd83d79e71a9ed27df7,True,True,True,0,0,0,4843,False,1,HOLD,False,-5.2135655547086195,0.0,0.048320914139944236,0.048320914139944236,0.048320914139944236,0.0,-0.0008009773711233209,2,0,False,False,
H593-e439fefab23845c41029c64b,OUTCOME-0148,1,da19e4e6b83d15ea83c05ab2e67a7e30bde059231ecd7dfb7f93382fc5e60b98,False,True,True,4366,937,937,937,True,1,SWITCH,True,1.8350808915307426,1.8350808915307426,0.08120904161332974,0.009358709964431538,0.08120904161332974,0.0,0.05076561614154687,1,0,True,False,1
H593-e5866ba677990acd1f32d391,OUTCOME-0478,1,c88cdb15edcd25a88595edf90f1fc3fef1e374c4e494fb4a4e8accfe55137d0a,True,True,True,1414,1414,1414,1414,True,1,HOLD,False,-6.210270263044642,0.0,0.08494296516957885,0.08494296516957885,0.08494296516957885,0.0,0.036541978351659544,1,0,True,False,
H593-e5e24ebb2040c92eaea0764e,OUTCOME-0483,1,c88cdb15edcd25a88595edf90f1fc3fef1e374c4e494fb4a4e8accfe55137d0a,True,True,True,1414,1414,1414,1414,True,1,HOLD,False,-6.19035537771598,0.0,0.12180704338127736,0.12180704338127736,0.12180704338127736,0.0,0.0934239998725421,1,0,True,False,
H593-e5e96cde696cb0a0236052a9,OUTCOME-0440,1,055e3d0a2ba828c5df95354fc5d80825fa129f679641c7a5ba585b5c8911a1f9,True,True,True,1322,1322,1322,1322,True,1,HOLD,False,-1.7801578198680765,0.0,0.22664925757355553,0.22664925757355553,0.22664925757355553,0.0,0.03723544792031741,1,0,True,False,
H593-e692515f387c7a5fc759c07c,NDV2-005-P02,0,5993f2caf420c9a99c193d33f748eea45f5c55ab4832c947913f7c005ada8f7b,True,True,True,32,32,32,32,True,1,HOLD,False,-1.0623436193906002,0.0,0.2481774925004873,0.2481774925004873,0.2481774925004873,0.0,0.01572440587642876,1,0,True,False,
H593-e69eb7b78aae86a02db13aa6,DIFFICULT-0061,1,f16447b66992689bdb8350dadcb85602511b1bd2c18265a511e90bf7d2910d9c,False,True,True,4346,3368,3368,3368,True,1,SWITCH,True,0.26102209107270213,0.26102209107270213,0.05964101941108489,0.018205904211175027,0.05964101941108489,0.0,0.02619684106070188,1,0,True,False,1
H593-e745d1315c4f8a09abbb528a,OUTCOME-0200,3,f90fb756794a5ae5c68d05c56cb486456e64d83f751a66bbf1ddae3fcb43bb13,True,True,True,977,977,977,977,True,1,HOLD,False,-4.492071761203323,0.0,0.14969240053523705,0.14969240053523705,0.14969240053523705,0.0,0.11644849381283687,1,0,True,False,
H593-e7f81704d24ad28f3ed69f17,OUTCOME-0623,4,ef7d75f57f11d1174b60813355c0cf7d7dce1009b41f2c7a54cf612906b3dea7,True,True,True,3238,3238,3238,3238,True,1,HOLD,False,-5.9263186852266525,0.0,0.16005737721433352,0.16005737721433352,0.16005737721433352,0.0,0.12884522619032032,1,0,True,False,
H593-e8352d4faef37224ec8d3c87,OUTCOME-0742,3,30a739efc9fa2fbc6556b4a23a5b909fd205591b6158bb099a4dd09818a8f35e,False,False,True,376,376,377,380,False,1,HOLD,False,-0.7586978202256729,-1.6019632060165203,0.023891876100695642,0.029979649504609428,0.029979649504609428,-0.0060877734039137855,-0.025125509966085226,30,0,False,False,5
H593-e8c8ae988bf96315bca9637e,OUTCOME-0131,4,5e1903b41967d7091402cde6aa7a4b83e5df5f58a2bef1439e218f802ca6cf53,False,True,True,4424,935,935,935,True,1,SWITCH,True,0.5142781189027392,0.5142781189027392,0.042018332629443,0.005917191501505361,0.042018332629443,0.0,0.002370598817990406,1,0,True,False,1
H593-e92fe753ade85e2fd385e8fd,OUTCOME-0162,3,162fd69cd74c8e3f1f06ce6bb5fec631f657a623f060862dbcc70a39fc026e96,True,True,True,567,567,567,567,True,1,HOLD,False,-3.305536733992657,0.0,0.07417970019462487,0.07417970019462487,0.07417970019462487,0.0,0.04760773281176403,1,0,True,False,
H593-e99d58a3d13a742bf663ba50,OUTCOME-0283,4,c36d84d6c8d54c84a5f0b431f53eb8775569f16793018d5e6c57459cf8e20e49,True,True,True,4776,4776,4776,4937,False,1,HOLD,False,-1.6682142311522083,0.0,0.014549908075887918,0.014549908075887918,0.014549908075887918,0.0,-0.01364797827254633,18,0,False,False,
H593-ea052fca527e8b385b91ced6,OUTCOME-0629,4,ef7d75f57f11d1174b60813355c0cf7d7dce1009b41f2c7a54cf612906b3dea7,True,True,True,3238,3238,3238,3238,True,1,HOLD,False,-3.880598634006528,0.0,0.052787556230352084,0.052787556230352084,0.052787556230352084,0.0,0.014612395572737032,1,0,True,False,
H593-ea6da1ea39a3b6c4df654b68,OUTCOME-0317,0,27398dad6e577a6cdc7867303a9c586cdf14f835803381e1ac3586b1bec33c43,True,True,True,4855,4855,4855,5141,False,1,HOLD,False,-3.196249508669721,0.0,0.02968147877401052,0.02968147877401052,0.02968147877401052,0.0,-0.005260083199142687,4,0,False,False,
H593-eadfceaa5ec693edd8fe4318,DIFFICULT-0038,2,da3eaa29e19bcc9bd6181db13c258df73a34d84bc20cb67ca147824a6fc4abe5,True,True,True,4840,4840,4840,4840,True,1,HOLD,False,-2.9648094481355862,0.0,0.04863516339837656,0.04863516339837656,0.04863516339837656,0.0,0.00807866827875741,1,0,True,False,
H593-eaf3edda1f071e309b8a2a43,OUTCOME-0140,4,5e1903b41967d7091402cde6aa7a4b83e5df5f58a2bef1439e218f802ca6cf53,False,False,True,4358,4358,935,3199,False,1,HOLD,False,-0.04222891771210757,-0.2810854506570195,0.01584380442818451,0.004720888362777721,0.004720888362777721,0.011122916065406791,-0.011023222197049487,14,0,False,True,5
H593-ebb0e74799ca19a69c13cbe6,OUTCOME-0314,0,69e8433234f6613d539957d8cd900a9503c3e7bceb31e12adec7cfa0adc6368b,False,True,True,693,1114,1114,3965,False,1,SWITCH,True,0.3616662103681185,0.3616662103681185,0.05176795209442902,0.010649973736039086,0.05176795209442902,0.0,-0.008695159729522527,2,0,False,False,1
H593-ebcc7ec67efc54601b0acdc3,DIFFICULT-0029,3,876e9a6c8b596c741810be05ef83bc4037f224102f15277c78e9afa9a641a3ab,True,True,True,1013,1013,1013,1013,True,1,HOLD,False,-3.958582511094379,0.0,0.14318142693853023,0.14318142693853023,0.14318142693853023,0.0,0.09212995926318933,1,0,True,False,
H593-ebe004fac3a869155a17eaca,OUTCOME-0250,2,4d5d4731b2c45171a86a8690a5b3a1819d26c3dd6226f61b0f9104c2f6f56484,True,True,True,1032,1032,1032,1032,True,1,HOLD,False,-4.554103643902543,0.0,0.11028332959343559,0.11028332959343559,0.11028332959343559,0.0,0.08479748797028169,1,0,True,False,
H593-ec2c7b5e62c36bab4a4ce68f,OUTCOME-0501,2,0748babacede700838aa4a895d8d3238fc567929c58d772ed17e063e9856bb96,True,True,True,1424,1424,1424,2742,False,1,HOLD,False,-2.884635685083609,0.0,0.043446818125765826,0.043446818125765826,0.043446818125765826,0.0,-0.025111826735470508,2,0,False,False,
H593-ec3836db486607fb464da173,NDV2-011-P01,4,f136ca0b9c716fcae1884f370b2cc9c1a38f30e5a477d50097f50ecb3c76d60b,True,True,True,1645,1645,1645,1645,True,1,HOLD,False,-1.7478330501512707,0.0,0.14121337796406505,0.14121337796406505,0.14121337796406505,0.0,0.007074912352947438,1,0,True,False,
H593-ec3b4c5b9e5c85d7f1c77e04,DIFFICULT-0126,2,c04b390c7ae86a0d21958115ce19bd1ed22c76ff1b8fb240f01405c8bf9231ec,True,True,True,480,480,480,816,False,1,HOLD,False,-2.7711235178786375,0.0,0.020210964770653216,0.020210964770653216,0.020210964770653216,0.0,-0.012734659653341269,27,0,False,False,
H593-edaf6d7ae2f6b07a0947ebe4,OUTCOME-0099,3,c7abd98eade15d0ac417dcdde657be6a64e3cb837a808045d084fee49bf7d2a4,True,True,True,930,930,930,930,True,1,HOLD,False,-2.270142599091112,0.0,0.08490714717191236,0.08490714717191236,0.08490714717191236,0.0,0.03168461262778594,1,0,True,False,
H593-edb743470b7490b0360aa942,DIFFICULT-0133,2,c04b390c7ae86a0d21958115ce19bd1ed22c76ff1b8fb240f01405c8bf9231ec,True,True,True,480,480,480,4982,False,1,HOLD,False,-2.9981594424438924,0.0,0.040225811089701635,0.040225811089701635,0.040225811089701635,0.0,-0.01283754788509691,7,0,False,False,
H593-eed1fdcec6a5fc782b62b0e2,OUTCOME-0607,3,b59977829e4879950db4969ecaf00ca81d1c8111d9b7a12c396ccf0401db452e,True,True,True,3234,3234,3234,3234,True,1,HOLD,False,-2.637776046941002,0.0,0.03520144996499321,0.03520144996499321,0.03520144996499321,0.0,0.002448430648468704,1,0,True,False,
H593-eed6c85ca855e4ae9630c4d1,OUTCOME-0695,2,90d7a704ad7bf679580bc4dbadbe13884f491d2e338402f4d4437c2ffd66ab93,False,False,True,5051,5051,5004,4811,False,1,HOLD,False,-0.9157918229267563,-3.12157223014042,0.005467146698090489,0.013622350308963064,0.013622350308963064,-0.008155203610872575,-0.03232835578348371,123,0,False,False,21
H593-efa7a88b273f82ecd4fef43c,DIFFICULT-0039,2,da3eaa29e19bcc9bd6181db13c258df73a34d84bc20cb67ca147824a6fc4abe5,True,True,True,4840,4840,4840,865,False,1,HOLD,False,-1.9018426802417385,0.0,0.03298661038044916,0.03298661038044916,0.03298661038044916,0.0,-0.0276380275075643,34,0,False,False,
H593-f01b0d9567d81975a69f9aef,DIFFICULT-0053,1,f16447b66992689bdb8350dadcb85602511b1bd2c18265a511e90bf7d2910d9c,True,True,True,3368,3368,3368,3368,True,1,HOLD,False,-2.7197013822040654,0.0,0.1808649580135098,0.1808649580135098,0.1808649580135098,0.0,0.10235326237327617,1,0,True,False,
H593-f063b9949afaac7650b24e97,NDV2-011-P04,4,f136ca0b9c716fcae1884f370b2cc9c1a38f30e5a477d50097f50ecb3c76d60b,False,True,True,1644,1645,1645,1645,True,1,SWITCH,True,1.2511775211947358,1.2511775211947358,0.1981652135178679,0.05151189630516963,0.1981652135178679,0.0,0.08067809858355961,1,0,True,False,1
H593-f20e682caad635857fd5f8dd,OUTCOME-0345,0,8ad47f26cd065ca57d3a68d2c5f31cd9eeb977294c710ac87f6e9c84b24866ea,False,True,True,2030,1134,1134,1134,True,1,SWITCH,True,0.5276070576354339,0.5276070576354339,0.07164274101322675,0.018090465814332553,0.07164274101322675,0.0,0.026914622060650505,1,0,True,False,1
H593-f35a8c51ab813d80801658e6,OUTCOME-0139,4,5e1903b41967d7091402cde6aa7a4b83e5df5f58a2bef1439e218f802ca6cf53,True,True,True,935,935,935,935,True,1,HOLD,False,-4.386132371695367,0.0,0.10766758553719491,0.10766758553719491,0.10766758553719491,0.0,0.06940574685604414,1,0,True,False,
H593-f3c20abac3dd184a86c429a0,OUTCOME-0173,3,162fd69cd74c8e3f1f06ce6bb5fec631f657a623f060862dbcc70a39fc026e96,True,True,True,567,567,567,567,True,1,HOLD,False,-5.002109710477795,0.0,0.11589163583814031,0.11589163583814031,0.11589163583814031,0.0,0.076561938356147,1,0,True,False,
H593-f42264b44984bda93155507c,OUTCOME-0555,2,1007f60c51bf2a9005809d8794f2ee0ba76987b27950ac00057798b1b3be7881,False,False,True,4306,4306,3088,3088,True,1,HOLD,True,-0.07559381075391469,-0.07559381075391469,0.10214801858899232,0.023190149901794868,0.023190149901794868,0.07895786868719745,0.0341956909303828,1,0,True,True,1
H593-f522efe671aecfa850b10989,OUTCOME-0333,0,8ad47f26cd065ca57d3a68d2c5f31cd9eeb977294c710ac87f6e9c84b24866ea,False,True,True,1245,1134,1134,3671,False,1,SWITCH,True,1.8595418811360251,1.8595418811360251,0.073647978721388,0.004939282673002261,0.073647978721388,0.0,-0.03343576971117848,4,0,False,False,1
H593-f56cf6023f8dcccac4693b08,OUTCOME-0723,2,d3d9e86636e760b3c7ab9d0366cce29c32d905942a4e7efc24b4feb559ccafdb,True,True,True,4791,4791,4791,4791,True,1,HOLD,False,-2.678158196707205,0.0,0.15299448754095385,0.15299448754095385,0.15299448754095385,0.0,0.05114975741478228,1,0,True,False,
H593-f5c5e96edf25f0e9889f7a90,OUTCOME-0538,4,67c564121b4c0847db261d818757e131684626ea0db83097a0e9610c7cf03222,False,False,True,146,146,147,147,True,1,HOLD,True,-1.527675696866225,-1.527675696866225,0.07871238614120361,0.0743278816927187,0.0743278816927187,0.004384504448484913,0.004384504448484913,1,0,True,True,1
H593-f76526c33a46334ffd03f393,OUTCOME-0654,4,48c57d44808de17cdd8b52db0f71a5a8fbbf9d2f4ab10a1751ec128aed4a3ff5,True,True,True,3312,3312,3312,3312,True,1,HOLD,False,-6.564192158673228,0.0,0.13645695485286663,0.13645695485286663,0.13645695485286663,0.0,0.09647223021009779,1,0,True,False,
H593-f82866c3a45308bd0b16d5ac,OUTCOME-0499,2,0748babacede700838aa4a895d8d3238fc567929c58d772ed17e063e9856bb96,True,True,True,1424,1424,1424,2747,False,1,HOLD,False,-1.8140835234508388,0.0,0.058210708995725405,0.058210708995725405,0.058210708995725405,0.0,-0.0019353629086808072,3,0,False,False,
H593-f84d26c893d33050fff89605,OUTCOME-0353,1,f4cb26eef9646d6dfd71a5bdba8092d2e0f934cd5f8e9ffe627d7c9ba8444f36,True,True,True,4861,4861,4861,4861,True,1,HOLD,False,-3.804329824723036,0.0,0.029638835322450627,0.029638835322450627,0.029638835322450627,0.0,0.0026090182547843788,1,0,True,False,
H593-f8eff39159581996e9ea4e6c,OUTCOME-0165,3,162fd69cd74c8e3f1f06ce6bb5fec631f657a623f060862dbcc70a39fc026e96,True,True,True,567,567,567,567,True,1,HOLD,False,-5.010366512601273,0.0,0.12193062965105451,0.12193062965105451,0.12193062965105451,0.0,0.08281414837688506,1,0,True,False,
H593-f8f2ba33e85faa63a18e6a66,OUTCOME-0690,2,90d7a704ad7bf679580bc4dbadbe13884f491d2e338402f4d4437c2ffd66ab93,True,True,True,5004,5004,5004,4811,False,1,HOLD,False,-1.4689821363592435,0.0,0.007894806904958125,0.007894806904958125,0.007894806904958125,0.0,-0.032676466274985966,117,0,False,False,
H593-f90239a05b957482e11280a4,OUTCOME-0443,1,055e3d0a2ba828c5df95354fc5d80825fa129f679641c7a5ba585b5c8911a1f9,True,True,True,1322,1322,1322,1322,True,1,HOLD,False,-1.7064260318981863,0.0,0.2771771672015254,0.2771771672015254,0.2771771672015254,0.0,0.07396561660732512,1,0,True,False,
H593-f99f32ee31f49704d2c9891e,OUTCOME-0518,2,5e70e07c018dad8a49c0f98df36183854e1a11398f9835189e1f22ef07f9c615,False,True,True,1850,1641,1641,1641,True,1,SWITCH,True,2.1729077973067263,2.1729077973067263,0.12646542893832455,0.00847948926847841,0.12646542893832455,0.0,0.08164337099655733,1,0,True,False,1
H593-f9fdc3eba36a0ac68a3dcb72,OUTCOME-0618,3,b59977829e4879950db4969ecaf00ca81d1c8111d9b7a12c396ccf0401db452e,True,True,True,3234,3234,3234,1325,False,1,HOLD,False,-0.015816596662727278,0.0,0.017118070866237917,0.017118070866237917,0.017118070866237917,0.0,-0.05922297063558837,45,0,False,False,
H593-fa11ede2797c8a575ecf38a9,DIFFICULT-0037,2,da3eaa29e19bcc9bd6181db13c258df73a34d84bc20cb67ca147824a6fc4abe5,True,True,True,4840,4840,4840,4840,True,1,HOLD,False,-5.555390012156079,0.0,0.13938129592011025,0.13938129592011025,0.13938129592011025,0.0,0.10032683523576894,1,0,True,False,
H593-fa12d24ad164c3ae3b3f0ff6,OUTCOME-0132,4,5e1903b41967d7091402cde6aa7a4b83e5df5f58a2bef1439e218f802ca6cf53,False,False,True,1875,1875,935,935,True,1,HOLD,True,-1.2753291088458565,-1.2753291088458565,0.03997217714369634,0.01069994446436927,0.01069994446436927,0.02927223267932707,0.0016171288364751901,1,0,True,True,1
H593-fa40eb493bb915b96a07206e,OUTCOME-0485,1,c88cdb15edcd25a88595edf90f1fc3fef1e374c4e494fb4a4e8accfe55137d0a,True,True,True,1414,1414,1414,1414,True,1,HOLD,False,-6.219464469382553,0.0,0.12712098778665143,0.12712098778665143,0.12712098778665143,0.0,0.08456588653115314,1,0,True,False,
H593-faa6074c9997f968c1272a9e,OUTCOME-0434,1,055e3d0a2ba828c5df95354fc5d80825fa129f679641c7a5ba585b5c8911a1f9,False,False,True,1318,1318,1322,1317,False,1,HOLD,True,-0.8974529035282546,-0.8974529035282546,0.05275701162761532,0.031749893707275524,0.031749893707275524,0.021007117920339796,-0.0020982189728133774,2,0,False,True,1
H593-fad260b269d3d417a7731657,OUTCOME-0136,4,5e1903b41967d7091402cde6aa7a4b83e5df5f58a2bef1439e218f802ca6cf53,False,True,True,2763,935,935,935,True,1,SWITCH,True,1.1562103990264727,1.1562103990264727,0.10966762124748665,0.015695331073038936,0.10966762124748665,0.0,0.06339037298500744,1,0,True,False,1
H593-fb2b078bd866460d51bf7395,DIFFICULT-0127,2,c04b390c7ae86a0d21958115ce19bd1ed22c76ff1b8fb240f01405c8bf9231ec,True,True,True,480,480,480,265,False,1,HOLD,False,-3.1475085543360715,0.0,0.03455284389117672,0.03455284389117672,0.03455284389117672,0.0,-0.0003198615465009394,2,0,False,False,
H593-fc24d3c5a9feecb49bf1edfa,DIFFICULT-0106,0,dca95ffa60d30d6597de3bfed4a27b53d657ea2e90a8d6ee6aa513316eee9848,True,True,True,395,395,395,364,False,1,HOLD,False,-1.3042341691500903,0.0,0.06693575576911591,0.06693575576911591,0.06693575576911591,0.0,-0.007798868468126413,6,0,False,False,
H593-fc81e205bf979fb6adf73655,OUTCOME-0626,4,ef7d75f57f11d1174b60813355c0cf7d7dce1009b41f2c7a54cf612906b3dea7,True,True,True,3238,3238,3238,3238,True,1,HOLD,False,-6.62086687497953,0.0,0.08294969397275333,0.08294969397275333,0.08294969397275333,0.0,0.042704509464200784,1,0,True,False,
H593-fe03d26ba43ce31225a4cc40,DIFFICULT-0094,1,bf0eaa86ddfc9a7fbdb09ac2f6f0fd91e32036da44a8971649ba96ecb8aa1b71,True,True,True,265,265,265,265,True,1,HOLD,False,-1.5926692905177207,0.0,0.18242408405006447,0.18242408405006447,0.18242408405006447,0.0,0.044901226981520825,1,0,True,False,
H593-feb9948db167fc67715b216a,OUTCOME-0001,1,1c37c8c6064f3ee8446595a55b1d8fb0394f2b039c86eb060704e75d998d0d11,False,False,True,4072,4072,518,518,True,1,HOLD,True,-0.3184291492775453,-0.3184291492775453,0.05906878492268078,0.009021520609913087,0.009021520609913087,0.050047264312767695,0.019168039937704953,1,0,True,True,1
H593-fec0fed3cd6dbb3b7fa3bdce,DIFFICULT-0099,1,bf0eaa86ddfc9a7fbdb09ac2f6f0fd91e32036da44a8971649ba96ecb8aa1b71,False,False,True,3311,3311,265,868,False,1,HOLD,True,-3.410249132742251,-3.410249132742251,0.03425938035395334,0.011536700484300305,0.011536700484300305,0.022722679869653033,-0.0009089241074731261,2,0,False,True,1
H593-ff10afe9bea632bb497326c1,OUTCOME-0808,2,7abc0d7c0e302804a40dcf309dece25b925a424ae8a43fd70cd693d41ebfc54f,True,True,True,512,512,512,507,False,1,HOLD,False,-1.2839189442258019,0.0,0.11750312851493881,0.11750312851493881,0.11750312851493881,0.0,-0.0023773035241646256,2,0,False,False,
H593-ff4f96d84bf1c9b62000723b,OUTCOME-0315,0,69e8433234f6613d539957d8cd900a9503c3e7bceb31e12adec7cfa0adc6368b,True,True,True,1114,1114,1114,1114,True,1,HOLD,False,-3.1238210884076576,0.0,0.11757828937997135,0.11757828937997135,0.11757828937997135,0.0,0.05444167466830244,1,0,True,False,
H593-ffa09c9771998a865907952c,OUTCOME-0763,1,a5cc6cd71cb98a23641d9032f2abdbe55a284b95eedc14e13d1ab9d93b7adc76,True,True,True,4798,4798,4798,4798,True,1,HOLD,False,-5.912822395202189,0.0,0.04830255232252406,0.04830255232252406,0.04830255232252406,0.0,0.028553322112123483,1,0,True,False,
H593-ffb122cdce092c8a0ed03d4b,OUTCOME-0280,4,c36d84d6c8d54c84a5f0b431f53eb8775569f16793018d5e6c57459cf8e20e49,True,True,True,4776,4776,4776,516,False,1,HOLD,False,-1.0214784380667339,0.0,0.025528806165360154,0.025528806165360154,0.025528806165360154,0.0,-0.04256355732356873,61,0,False,False,
