query_id,original_query_id,track,identity,outer_fold,original_path,source_image_sha256,worker_reuse_source_query_id,worker_missing
H593-0091cc1b5a6f73a4ad8d88ae,OUTCOME-0581,outcome,anti caries toothpaste carton,4,/hkfs/work/workspace/scratch/ap7811-benchmark/1/outcome/anti caries toothpaste carton_00000000000000000003.png,da4c6e66c28b635628233719623d25c134b1fcbe705aa8ba3e7a58915ae9a147,T128-b091fd0902b36f9718f0a96c,False
H593-00db0e83284b1620da33639a,NDV2-010-P01,new_difficult_train,60 mg Comfor-trate Tab,0,/hkfs/work/workspace/scratch/ap7811-benchmark/1/new_difficult/60 mg Comfor-trate Tab_01.jpg,4ea87e6ce069ffe8bac5e7679653aaf77662507e67f2872c73758a064d0d3b9c,,True
H593-00f945a36392a04124513f2c,OUTCOME-0797,outcome,tul01-0001-02,3,/hkfs/work/workspace/scratch/ap7811-benchmark/1/outcome/tul01-0001-02_00000000000000000005.png,83e26dc4ad62b93bcd83ee756aba227ca294c8c66bfe48a6e077937ef22b0f25,,True
H593-01371ddf81e97f382dca84d8,NDV2-010-P04,new_difficult_train,60 mg Comfor-trate Tab,0,/hkfs/work/workspace/scratch/ap7811-benchmark/1/new_difficult/60 mg Comfor-trate Tab_04.jpg,a67883cbdcb4c9fee988d597151822571a4a1a34eadff469293a0d75bb4f0109,E128-75ba9817a5a7e117bc3e34ca,False
H593-01539eca5c5afd1c6d5ccda2,OUTCOME-0325,outcome,75 100s carton,0,/hkfs/work/workspace/scratch/ap7811-benchmark/1/outcome/75 100s carton_00000000000000000009.png,f04951558af142e0da7b31ebdac4e1a8190a20b1131e5afd829dfe1603074783,E128-0f7c21137a64b0ea6f30fafc,False
H593-0188e7f7150a7aaf05c23614,OUTCOME-0760,outcome,kedbumin-02,1,/hkfs/work/workspace/scratch/ap7811-benchmark/1/outcome/kedbumin-02_00000000000000000010.png,29bb904ae806237fb64e8517cb84946b577fc628b3aaf10f3de889f95fe723e7,,True
H593-02060e3d320616b952a39654,OUTCOME-0727,outcome,dro0b-0001-04,2,/hkfs/work/workspace/scratch/ap7811-benchmark/1/outcome/dro0b-0001-04_00000000000000000001.png,b6324b229474d3b350bfea3d305d03bf9d39556e1d7538bfbe41f4d0bcbdb873,,True
H593-021e62b31ffbd6d351d13e91,OUTCOME-0282,outcome,5fe0ce14-bc11-4b43-b002-7efdca0d3003-04,4,/hkfs/work/workspace/scratch/ap7811-benchmark/1/outcome/5fe0ce14-bc11-4b43-b002-7efdca0d3003-04_00000000000000000014.png,faba7fde8d04e89af733f0b802735f6caf9ca6e4b7a646edba1d2a76ea9bf2cb,,True
H593-02543adf69ee9391380f4ee6,NDV2-007-P03,new_difficult_train,45mg PFS CArton,0,/hkfs/work/workspace/scratch/ap7811-benchmark/1/new_difficult/45mg PFS CArton_03.jpg,83546d962679b727560fba1be0891f14c446fec4c2d69409a6b41e947af67883,T128-a293d0991606816717840ab3,False
H593-028ab5aaff186d9fc48a7f19,DIFFICULT-0014,difficult,3T3-bn-lansoprazole,4,/hkfs/work/workspace/scratch/ap7811-benchmark/1/difficult/3T3-bn-lansoprazole_0000002.JPG,b8aaaa8b5f65ec7d91018d0bbadfb18bfa0e6ea6bd9bb8b878a2a475b22fbec8,E128-dd5b017670893becfe7b6e3f,False
H593-02ce6b371f2907428fc96ffe,OUTCOME-0624,outcome,athletes-01,4,/hkfs/work/workspace/scratch/ap7811-benchmark/1/outcome/athletes-01_00000000000000000003.png,17a54dbad33610ec35479ee2bf92b2f3880a7db0024b10af1d575c524947d184,,True
H593-03168677fa508c139372f0ed,OUTCOME-0249,outcome,469584,2,/hkfs/work/workspace/scratch/ap7811-benchmark/1/outcome/469584_00000000000000000010.png,31969ca7270b80eca48c52eb2548e62474c3d7042b98516375d8320ee0483330,,True
H593-04953480712cfc6b638e8fb2,OUTCOME-0631,outcome,athletes-01,4,/hkfs/work/workspace/scratch/ap7811-benchmark/1/outcome/athletes-01_00000000000000000010.png,277c3761a76b6e376f05f1edbe615418fc8b441edd806dccb3c96bae9371cfe5,T128-1d9c487d352df6e46072758e,False
H593-04bd54f85fedc55966f9ee04,OUTCOME-0813,outcome,vetoryl-09,2,/hkfs/work/workspace/scratch/ap7811-benchmark/1/outcome/vetoryl-09_00000000000000000006.png,07885cc4f318c4be1b8e82ef9d951c4b0cdeacfa01f516406b498c4a89f1b9b5,,True
H593-0576bfe455276d27cc059542,OUTCOME-0495,outcome,AntifluDesbx,2,/hkfs/work/workspace/scratch/ap7811-benchmark/1/outcome/AntifluDesbx_00000000000000000007.png,38c2a4cad30c6c542f900b415d90a34fe804e1e2e03e7059aa815f12b7f82d52,,True
H593-059423d2642d803097a5e092,NDV2-003-P04,new_difficult_train,160mgcarton,0,/hkfs/work/workspace/scratch/ap7811-benchmark/1/new_difficult/160mgcarton_04.jpg,b2822c86c26714a411dc3d8bd8266f1a0de4d713b3efd8e24cf263751393defa,,True
H593-059b70b913c381ca4c02e851,OUTCOME-0002,outcome,0003,1,/hkfs/work/workspace/scratch/ap7811-benchmark/1/outcome/0003_00000000000000000003.png,bdfbb3dfe7bec269c4de8a7e05b9eed5aec419e2d048278eb40a8728d15f628d,T128-3059cb2714ebb5c12a97a0c7,False
H593-05b3ce4ffdc0d30f9d3abac9,OUTCOME-0706,outcome,ciprofloxacin-ophthalmic-solution-2pt5ml-carton,0,/hkfs/work/workspace/scratch/ap7811-benchmark/1/outcome/ciprofloxacin-ophthalmic-solution-2pt5ml-carton_00000000000000000003.png,e7d495c0203b89b6e967835b31d23d1493cce6c9173e12c945b29e8c335083f0,,True
H593-064aa36809b4f00051cb821a,OUTCOME-0058,outcome,10 mL carton,4,/hkfs/work/workspace/scratch/ap7811-benchmark/1/outcome/10 mL carton_00000000000000000016.png,e047ff64027dce37a2fcb463b051b07b02f7955aed47e8ffc53ad4ba82833d5b,,True
H593-068d4310663d131f8027b587,DIFFICULT-0060,difficult,bef4f237-ccb8-4d28-bfc2-41c511a17d7f-01,1,/hkfs/work/workspace/scratch/ap7811-benchmark/1/difficult/bef4f237-ccb8-4d28-bfc2-41c511a17d7f-01_0000001.JPG,c5f95805eb96a37624bf0c36ccf94499d9384ec4a696714311d6dab8b587b7dc,T128-f8807e68c7cfd546f79ec249,False
H593-07197c3f4badd640f6859f5e,OUTCOME-0047,outcome,10 mL carton,4,/hkfs/work/workspace/scratch/ap7811-benchmark/1/outcome/10 mL carton_00000000000000000004.png,1f6009544cbe171b05727c0aa4988326065ae7c6efeb9e8468d6d4e80832012e,,True
H593-0745854000292039c9c10f33,DIFFICULT-0044,difficult,734-uw-mint-mini-nicotine-lozenge,1,/hkfs/work/workspace/scratch/ap7811-benchmark/1/difficult/734-uw-mint-mini-nicotine-lozenge_00000005.jpg,a6097a19f3058ac075aa8ede52c1d8ef6d5f87aa55c93723c9a347c6392263e8,,True
H593-08297e272b0164e6fdd42e9f,DIFFICULT-0050,difficult,734-uw-mint-mini-nicotine-lozenge,1,/hkfs/work/workspace/scratch/ap7811-benchmark/1/difficult/734-uw-mint-mini-nicotine-lozenge_000005.JPG,aabee66f53cb53e85d9b7f80222c7ab55f10bae941bec86d0a146cdc297d40c9,,True
H593-082cd2a46d9b304893a3587c,OUTCOME-0366,outcome,80mg-cart-np,0,/hkfs/work/workspace/scratch/ap7811-benchmark/1/outcome/80mg-cart-np_00000000000000000009.png,afb4c70d16950e2bed98362ba5bd4760f910bc0f61b7b1958d288eaef43f3183,,True
H593-0923651f03329ad9587b7927,OUTCOME-0810,outcome,vetoryl-09,2,/hkfs/work/workspace/scratch/ap7811-benchmark/1/outcome/vetoryl-09_00000000000000000003.png,739b8642f0cbda774340bfd097a62ecc9f3e468efe4ab0c53fbadbefbf07693b,,True
H593-094186f2ba40a8fa08ad355b,OUTCOME-0711,outcome,ciprofloxacin-ophthalmic-solution-2pt5ml-carton,0,/hkfs/work/workspace/scratch/ap7811-benchmark/1/outcome/ciprofloxacin-ophthalmic-solution-2pt5ml-carton_00000000000000000008.png,2977af30b3b504d604a0efa15b818ca8dbfc687e696deb14a621af1e7e0f3c13,E128-a2f49a8823f3a60305f38308,False
H593-097dd2637a0f46ccbfb61ff4,OUTCOME-0254,outcome,469584,2,/hkfs/work/workspace/scratch/ap7811-benchmark/1/outcome/469584_00000000000000000015.png,021a44c1354a36dac433383d348ca34cade4b4fe34deea2a4aaeddd9708a5a4a,T128-b31115edcb17ca503285e891,False
H593-09ce47090a8b579fa3833638,OUTCOME-0392,outcome,83324304-60,0,/hkfs/work/workspace/scratch/ap7811-benchmark/1/outcome/83324304-60_00000000000000000001.png,78d1f4bf0b11650e57558932a627a02c2867e6a6c83b5734f04ef2389c4ae0a7,E128-a61637fdd66d8ba8246c66ef,False
H593-0a87021a30d8b6a9de32f2b3,OUTCOME-0310,outcome,6941714017-1,0,/hkfs/work/workspace/scratch/ap7811-benchmark/1/outcome/6941714017-1_00000000000000000010.png,05830d5c8cc79035cbc6248a4f771811ec618a5090a79c4d67c1676c53fc5d49,T128-06f0fa56a4fb0b5aa58d91d9,False
H593-0ac0e839567fe775450fa642,OUTCOME-0262,outcome,4_Kids_Oral_Pain_Relief,3,/hkfs/work/workspace/scratch/ap7811-benchmark/1/outcome/4_Kids_Oral_Pain_Relief_00000000000000000005.png,6f4c58f6f61a5b240e00333c214a29df03d306002acaa1cdaaefb707eec12042,,True
H593-0c19fd5a9f5839f926c4ae57,OUTCOME-0352,outcome,77l96n1c1,1,/hkfs/work/workspace/scratch/ap7811-benchmark/1/outcome/77l96n1c1_00000000000000000007.png,34673a28828ce844e7994ce20b6fe3d13062249cffb42235131a58d67deba5e5,,True
H593-0c251f2d0b52c9cde036edc1,OUTCOME-0437,outcome,ASP Cough Mucus Congestion PMG 24ct,1,/hkfs/work/workspace/scratch/ap7811-benchmark/1/outcome/ASP Cough Mucus Congestion PMG 24ct_00000000000000000005.png,1ba61c7d4c7edb4be5a7338fa2726a98f15447319e34332b3a9b9e8ea8e4bcc8,,True
H593-0c93295a4efc661bc7464f47,OUTCOME-0159,outcome,2021 Lice Freee!_6ozPOP R2a,3,/hkfs/work/workspace/scratch/ap7811-benchmark/1/outcome/2021 Lice Freee!_6ozPOP R2a_00000000000000000002.png,dd59c46a21632fad1bb194bc2cfc3bb3ee4fc1225e48ddf9572e779e81286c42,T128-a8003d206aee2991b8bfff9a,False
H593-0d8db033f048bf0a40089770,DIFFICULT-0128,difficult,sevospire-02,2,/hkfs/work/workspace/scratch/ap7811-benchmark/1/difficult/sevospire-02_00000004.jpg,dbc8365c5e5cc3f57aa9f5e75a026d4194b5261e63bc073950a6dcce922b1d55,T128-af6bfe8dab688c707f953563,False
H593-0dc7d62664f27ce00d40a1ab,OUTCOME-0471,outcome,AlkaSeltzer_36,1,/hkfs/work/workspace/scratch/ap7811-benchmark/1/outcome/AlkaSeltzer_36_00000000000000000012.png,de239a39fb79e449230901aac5e85ecd0c4a02e4d0c7284e4ca571cd7081b266,,True
H593-0dd4951a9b49124b8f24958f,OUTCOME-0342,outcome,766-e9-infants-pain-and-fever,0,/hkfs/work/workspace/scratch/ap7811-benchmark/1/outcome/766-e9-infants-pain-and-fever_00000000000000000016.png,907d765404363d97cd20d2d98ddf3a31eff028d9a8b8d553e52ef7990e89b8ed,E128-80af768da0ffc3310f9a2d5d,False
H593-0de8c65af51ef20333889d71,OUTCOME-0253,outcome,469584,2,/hkfs/work/workspace/scratch/ap7811-benchmark/1/outcome/469584_00000000000000000014.png,519a92da367dee346a6f1eda025b423a386f772a4eb4d6079e23587dbb42c3c9,T128-ead745c8a54735b79c15c7ff,False
H593-0e5d73ab749914eaaeb680ae,OUTCOME-0338,outcome,766-e9-infants-pain-and-fever,0,/hkfs/work/workspace/scratch/ap7811-benchmark/1/outcome/766-e9-infants-pain-and-fever_00000000000000000012.png,b9713874b6c6dd20f413ba0000873aa3178b00a93a150c40b19fb183d109beb2,,True
H593-0e8e2230acf18be9984a101b,OUTCOME-0332,outcome,766-e9-infants-pain-and-fever,0,/hkfs/work/workspace/scratch/ap7811-benchmark/1/outcome/766-e9-infants-pain-and-fever_00000000000000000005.png,300d7319d51c157f16625ae5358feda3778e95abcd48f2f705ed6b7252f26273,,True
H593-0ee088c09f80add39585ed84,OUTCOME-0774,outcome,lox01-0004-14,1,/hkfs/work/workspace/scratch/ap7811-benchmark/1/outcome/lox01-0004-14_00000000000000000010.png,e0325bad1887769d30fdcb7e8301fd5d1eb59338a8b03e8eb97bc14b9f2baccb,E128-5fbb6bfd524fddf3e6dc87f3,False
H593-102e05de4bdefbe546c83578,OUTCOME-0406,outcome,964901_LR,0,/hkfs/work/workspace/scratch/ap7811-benchmark/1/outcome/964901_LR_00000000000000000003.png,37c9ab8958ab73bc9beb49baccd739da3528e1ffdfa595b74bf21280bded99c6,E128-2892d746572ef231ce33fe07,False
H593-106aa1a451e3f1c3a21d37fe,OUTCOME-0476,outcome,AlkaSeltzer_36,1,/hkfs/work/workspace/scratch/ap7811-benchmark/1/outcome/AlkaSeltzer_36_00000000000000000017.png,b64001331fe6182d7a63b91d79e90004806ecfe31fa5469067535465aeaf6c85,T128-438ed31142f74010b80f9273,False
H593-10e669d82eed33568754dbb1,OUTCOME-0596,outcome,anti caries toothpaste carton,4,/hkfs/work/workspace/scratch/ap7811-benchmark/1/outcome/anti caries toothpaste carton_00000000000000000018.png,da4bb78ca75a91b8b39b1448e975e3df55030357e2d00b3b102e6d252f94221a,T128-9c401b38deef9e58eb9f5303,False
H593-118dee9f38aacba8f825b966,OUTCOME-0770,outcome,lox01-0004-14,1,/hkfs/work/workspace/scratch/ap7811-benchmark/1/outcome/lox01-0004-14_00000000000000000006.png,0b8a44c44206b57a460f0be187fc5e3cda8a24cc2637fbf9adab08269c72c089,,True
H593-12c93384cd26eac2b57b065b,DIFFICULT-0017,difficult,3T3-bn-lansoprazole,4,/hkfs/work/workspace/scratch/ap7811-benchmark/1/difficult/3T3-bn-lansoprazole_0000005.JPG,63d8b363d3a72f0f172aedf380ba520f6dcaf36767417beadd7577ec632a9cd9,E128-f0f9bfc90478add060cdc48f,False
H593-135d0a301829fc765ac62aca,OUTCOME-0635,outcome,athletes-01,4,/hkfs/work/workspace/scratch/ap7811-benchmark/1/outcome/athletes-01_00000000000000000014.png,c375a340c1cfd6956be6ed0df1a90251c0df101174f5f02461ad58cf7d3acfb8,,True
H593-13e342e35a49ea7a9a10b5ce,OUTCOME-0687,outcome,carton-1-gram-10-vial-pack-premier,2,/hkfs/work/workspace/scratch/ap7811-benchmark/1/outcome/carton-1-gram-10-vial-pack-premier_00000000000000000001.png,843b7cffe80b74523ae144f37b0f8f0e702bc2cfd651fb9273b86a4c689d9ec6,,True
H593-14386333d65f4c444d23e372,OUTCOME-0738,outcome,dro0b-0001-04,2,/hkfs/work/workspace/scratch/ap7811-benchmark/1/outcome/dro0b-0001-04_00000000000000000012.png,fa22218c101589d872428c91f07aefef986a15d7cf3aa86dc87f4fa29ea52e69,,True
H593-14742ff288bf8a71f7d5208d,OUTCOME-0046,outcome,10 mL carton,4,/hkfs/work/workspace/scratch/ap7811-benchmark/1/outcome/10 mL carton_00000000000000000003.png,f3c96430f4b56c26fcb74c6178d7e99f0a4b9008945a9b8aa7187085071bfb41,,True
H593-147ee84e2fed004258fe44bc,OUTCOME-0752,outcome,kedbumin-02,1,/hkfs/work/workspace/scratch/ap7811-benchmark/1/outcome/kedbumin-02_00000000000000000002.png,26a6aec8d98e13fdbcc9e4323edceed287b722d942f89ea83d31b46a9f5cfb9f,T128-849663577e9799a567224934,False
H593-148a11f5ffffec76fd85b3c8,DIFFICULT-0011,difficult,3T3-bn-lansoprazole,4,/hkfs/work/workspace/scratch/ap7811-benchmark/1/difficult/3T3-bn-lansoprazole_00000003.jpg,e9b72b6eb5d6248b0570815f510ba872c33060c9c5baf0128571f9130fc200ed,E128-d313972300b2dc1fb597ec72,False
H593-14a2dd843bc26150f05949e9,OUTCOME-0593,outcome,anti caries toothpaste carton,4,/hkfs/work/workspace/scratch/ap7811-benchmark/1/outcome/anti caries toothpaste carton_00000000000000000015.png,533c90dfdd66f45a086fec993b6ce35cea7ed968732dd8dd4176d5ae00df0d2a,T128-4c83f5d9f129efa145edaeab,False
H593-1533c32a07d745928239de77,OUTCOME-0278,outcome,5fe0ce14-bc11-4b43-b002-7efdca0d3003-04,4,/hkfs/work/workspace/scratch/ap7811-benchmark/1/outcome/5fe0ce14-bc11-4b43-b002-7efdca0d3003-04_00000000000000000010.png,9f799473a3f5aacca0686ea7d814e84f6545bbf265efc9ab65daa867881f254e,E128-65ec29bf46c7f0d0c86873ae,False
H593-156bfb4a63653eec1f65ecda,OUTCOME-0245,outcome,469584,2,/hkfs/work/workspace/scratch/ap7811-benchmark/1/outcome/469584_00000000000000000006.png,3f61e3e16c427164a132aa0a41ea0df323b781957f14e09077a8c286d278ef34,,True
H593-158f7a5d2bb5969248c9eb5c,OUTCOME-0606,outcome,askindr carton,3,/hkfs/work/workspace/scratch/ap7811-benchmark/1/outcome/askindr carton_00000000000000000010.png,911614da309a8c2dc5391afd037a6be6841d3a1d9a72d081d9d4ad720551f252,E128-6576e6a2421a512d93306f00,False
H593-1608d9630ec3a84e25e593bc,OUTCOME-0307,outcome,6941714017-1,0,/hkfs/work/workspace/scratch/ap7811-benchmark/1/outcome/6941714017-1_00000000000000000006.png,8a0c0b4d485452766ba7b725dd7f73cca3633aef7935c079de66ecb707fea39c,T128-1d1ed4610f27ce2b55e3cd97,False
H593-163df34acba78d2b4f94a0d0,OUTCOME-0356,outcome,77l96n1c1,1,/hkfs/work/workspace/scratch/ap7811-benchmark/1/outcome/77l96n1c1_00000000000000000012.png,f6ed51c0161d657160787d5b3accb78747d98d61c856538eaa40eff6d879fb9d,,True
H593-1652082eb7bdd4e18f2fa4e2,DIFFICULT-0097,difficult,com0n-0000-04,1,/hkfs/work/workspace/scratch/ap7811-benchmark/1/difficult/com0n-0000-04_0000002.JPG,158994dd04faec8baa51847703296f0102d1764858a658f667d49bbbc9cf314a,,True
H593-17128afb252013a8b2a0ee5f,OUTCOME-0507,outcome,Baby spec cream 60 ml_Jun21-Output,2,/hkfs/work/workspace/scratch/ap7811-benchmark/1/outcome/Baby spec cream 60 ml_Jun21-Output_00000000000000000005.png,37bb64e344277b6aa3069a6b6993bc2b70fa3b603ae42b205ae502d6067b3a43,T128-2d38d42e914ae9dd2b23a16d,False
H593-1720428a3a7802dc9dfc49e4,OUTCOME-0209,outcome,300000538_R-00_Final,3,/hkfs/work/workspace/scratch/ap7811-benchmark/1/outcome/300000538_R-00_Final_00000000000000000014.png,140ec98de5514fc3159c127975525000517ce22a31c63c20febbb8b76938de4f,E128-f35549eb3bfe4769158cd9c8,False
H593-172289962b84290bc00b6b57,OUTCOME-0395,outcome,83324304-60,0,/hkfs/work/workspace/scratch/ap7811-benchmark/1/outcome/83324304-60_00000000000000000005.png,9e52704f30c24abce9add5ee2a7e59b76a7a4c9cfa2524c0e03891baafff8a1f,E128-ccb3afc8ef3a2ac5a53ec769,False
H593-174dc7ecf520dfa933141c09,OUTCOME-0676,outcome,bravecto-07,2,/hkfs/work/workspace/scratch/ap7811-benchmark/1/outcome/bravecto-07_00000000000000000003.png,2d06e466a2c40697c1ac4357d7a3cd2e4d9cbb5d6273f0220b2605fc142f8f38,,True
H593-178d10ad3076a41e89d549dd,NDV2-012-P01,new_difficult_train,Bacitracin Zinc Ointment USP Carton 0.5oz(14.2g) Rev 02-22,4,/hkfs/work/workspace/scratch/ap7811-benchmark/1/new_difficult/Bacitracin Zinc Ointment USP Carton 0.5oz(14.2g) Rev 02-22_01.jpg,b7955d6f374737457856076043a83412e376a89374d1db9ef4416491dfe36163,T128-fc20cd66a4e1941d31432b40,False
H593-17e5724183278e475c4a304d,OUTCOME-0809,outcome,vetoryl-09,2,/hkfs/work/workspace/scratch/ap7811-benchmark/1/outcome/vetoryl-09_00000000000000000002.png,5901c8902f9ff4f18193379c05c4a4f5ca79b39f43a68ee13a565b4d3e9134d4,E128-c31b4b38b73db17828a17a41,False
H593-19cc2c81ca081e39a7d72b99,OUTCOME-0811,outcome,vetoryl-09,2,/hkfs/work/workspace/scratch/ap7811-benchmark/1/outcome/vetoryl-09_00000000000000000004.png,85e10feb92319a7b8dabf0d004879dc465ccc9d1c889e0731faf5cb57621af74,,True
H593-1a93fb96ae91549c4629e69e,OUTCOME-0303,outcome,6941714017-1,0,/hkfs/work/workspace/scratch/ap7811-benchmark/1/outcome/6941714017-1_00000000000000000002.png,3f63c9d3d60be6a005abe6b744a985539eec4f4050c1d44606040b3db466db74,,True
H593-1ab5d06d095c1ab6749b227c,OUTCOME-0398,outcome,83324304-60,0,/hkfs/work/workspace/scratch/ap7811-benchmark/1/outcome/83324304-60_00000000000000000008.png,e7bfe6b13dc035122535d123fbe96aab499ab119ff3de53c8ad68bf77ba56e1f,,True
H593-1aee8f8c27c19ea85c3d7d4b,OUTCOME-0756,outcome,kedbumin-02,1,/hkfs/work/workspace/scratch/ap7811-benchmark/1/outcome/kedbumin-02_00000000000000000006.png,fe593d968595a67b827c9553cd7af55572f14ef5da4a67927df0fd2a09a676dc,T128-972191d1201c6965f0c37fd7,False
H593-1af45e7f0d56a52adeb60b07,OUTCOME-0407,outcome,964901_LR,0,/hkfs/work/workspace/scratch/ap7811-benchmark/1/outcome/964901_LR_00000000000000000004.png,c793f93fe5a60b87c44c4cf06fac4137fda3cd72ca7f79e48529fc8eb0c87c53,E128-0b05aa81f387bac735d77d37,False
H593-1b38ef6880169a631e184725,OUTCOME-0707,outcome,ciprofloxacin-ophthalmic-solution-2pt5ml-carton,0,/hkfs/work/workspace/scratch/ap7811-benchmark/1/outcome/ciprofloxacin-ophthalmic-solution-2pt5ml-carton_00000000000000000004.png,07b6f1beeb6d0dcbcf05847fd06d7450dcf5aad8324f65d74accc245ab391714,,True
H593-1bab76bb2cce8605543067d4,OUTCOME-0410,outcome,964901_LR,0,/hkfs/work/workspace/scratch/ap7811-benchmark/1/outcome/964901_LR_00000000000000000007.png,5a96a9f2ee7ae995e38d31b3d6f1ad203cf607ed179618435eb0a94595f49e4c,E128-755bc48f8f5323e99b43c686,False
H593-1bdb2bfae2aae669afa4627f,OUTCOME-0408,outcome,964901_LR,0,/hkfs/work/workspace/scratch/ap7811-benchmark/1/outcome/964901_LR_00000000000000000005.png,2f79c62c80a10cb013de9d6cd327f1c21655f4ad033287d516d4b72027f56284,E128-9e02188dfa88126b1e1a2036,False
H593-1bef63e477961c10e0077a91,OUTCOME-0588,outcome,anti caries toothpaste carton,4,/hkfs/work/workspace/scratch/ap7811-benchmark/1/outcome/anti caries toothpaste carton_00000000000000000010.png,527d8bc5deabf857ff3c78875887941fb9ffddec5e8f7ead74bb24829ecd8ae8,T128-3cc1438914ded52ca694d969,False
H593-1c5e61610edb8626ae77f9f6,OUTCOME-0502,outcome,AntifluDesbx,2,/hkfs/work/workspace/scratch/ap7811-benchmark/1/outcome/AntifluDesbx_00000000000000000015.png,ef3729793d7f7395104e95149ed522c620c6fde89f46c68ff4daf91751dcc5ed,,True
H593-1cf0eabcc44cfc60588f292c,OUTCOME-0732,outcome,dro0b-0001-04,2,/hkfs/work/workspace/scratch/ap7811-benchmark/1/outcome/dro0b-0001-04_00000000000000000006.png,1c6afe5dcab45082f5ffd68dff18acbfb169400431a9c7c73acda3a9716f67b0,,True
H593-1dd405f920b439879fc89b2c,OUTCOME-0346,outcome,77l96n1c1,1,/hkfs/work/workspace/scratch/ap7811-benchmark/1/outcome/77l96n1c1_00000000000000000001.png,f4737bca555a3974bf1c81b5bb62f6d7c09ef7898c112a05465914711d467155,,True
H593-1e1593a08e4ed18acf833796,OUTCOME-0493,outcome,AntifluDesbx,2,/hkfs/work/workspace/scratch/ap7811-benchmark/1/outcome/AntifluDesbx_00000000000000000005.png,4c78dffba79364898ea408902523ec9af90f15e6f0ec1e6ab11402ddf9bfae54,,True
H593-1e203e93f22affa5c8c93e7b,OUTCOME-0468,outcome,AlkaSeltzer_36,1,/hkfs/work/workspace/scratch/ap7811-benchmark/1/outcome/AlkaSeltzer_36_00000000000000000009.png,59d5e8c638df29f0fd246bda07efb0477ed4d445adbe34e23a13d15009385b7e,,True
H593-1e69202f59c1e38274747acc,OUTCOME-0134,outcome,200000002710_Final,4,/hkfs/work/workspace/scratch/ap7811-benchmark/1/outcome/200000002710_Final_00000000000000000006.png,007eccaeb41273df407c2465fa59e973991e635ad8f9a581147469fe72b5386f,,True
H593-1ef966932ba70ca899b49b6f,OUTCOME-0322,outcome,75 100s carton,0,/hkfs/work/workspace/scratch/ap7811-benchmark/1/outcome/75 100s carton_00000000000000000006.png,5eb3f4d1072b034eb5e7505edd4d513235ba873e99932dbb7a50ba3010c10333,E128-30f530a05f26cd1ebf9c4896,False
H593-1f65d77d8ddd265c0d00b1f2,OUTCOME-0053,outcome,10 mL carton,4,/hkfs/work/workspace/scratch/ap7811-benchmark/1/outcome/10 mL carton_00000000000000000010.png,5f4331b2bbf976a8ec6e06fe69864153049a2571e16d52c2ba9905b1eacc9ead,,True
H593-1fb1391bf43d4e4f4cfc1fa5,OUTCOME-0765,outcome,lox01-0004-14,1,/hkfs/work/workspace/scratch/ap7811-benchmark/1/outcome/lox01-0004-14_00000000000000000001.png,97eb0660ea7d913a4f43464ca6857b49e267e671c7224c03daa9fb7a3ff3b213,E128-4c7ca4a9c251224025570168,False
H593-202d17a8fea9c8283f65d42d,OUTCOME-0378,outcome,812-6e-mucus-dm,3,/hkfs/work/workspace/scratch/ap7811-benchmark/1/outcome/812-6e-mucus-dm_00000000000000000005.png,c0ed1211516e6abd06fe1d12084eb61d9a06bb474f38b04d34c29f1ec902069d,T128-6e4a1ed575061ee5aab535c4,False
H593-20c36189f2e4e46a9590ae78,OUTCOME-0728,outcome,dro0b-0001-04,2,/hkfs/work/workspace/scratch/ap7811-benchmark/1/outcome/dro0b-0001-04_00000000000000000002.png,f0ed0b2bc867b9df25075523e02fe8691d268a6fcb771159f242ecdd4f936d8e,T128-3709e0acc64e625d915b0c1f,False
H593-20fdadbf18ce1e0e1a0746a9,OUTCOME-0334,outcome,766-e9-infants-pain-and-fever,0,/hkfs/work/workspace/scratch/ap7811-benchmark/1/outcome/766-e9-infants-pain-and-fever_00000000000000000007.png,9e3d26618e836f81c27f53d27cc8f77f196bafaf7623bbded00bf61bb9e58d3a,,True
H593-2226b02dfbc9f44bb2cdb71c,OUTCOME-0688,outcome,carton-1-gram-10-vial-pack-premier,2,/hkfs/work/workspace/scratch/ap7811-benchmark/1/outcome/carton-1-gram-10-vial-pack-premier_00000000000000000002.png,fb5dbe047bf611e570283101530a081cd3f43bd95ccd95e577dad3e444e90772,,True
H593-22df23c2ff5577aea691a22b,OUTCOME-0174,outcome,2021 Lice Freee!_6ozPOP R2a,3,/hkfs/work/workspace/scratch/ap7811-benchmark/1/outcome/2021 Lice Freee!_6ozPOP R2a_00000000000000000017.png,35bc1500612fefd11c99640a02abc7e1a0155a85032c93fea63959578ffe9a59,,True
H593-24402f98b4c6d27775ea51b8,OUTCOME-0050,outcome,10 mL carton,4,/hkfs/work/workspace/scratch/ap7811-benchmark/1/outcome/10 mL carton_00000000000000000007.png,22afbd64c8c1c97a91e37165289e61dbf032d5a81078102d6f344413ca59aa9c,,True
H593-2446df0fcadbf0831876d7dc,OUTCOME-0403,outcome,83324304-60,0,/hkfs/work/workspace/scratch/ap7811-benchmark/1/outcome/83324304-60_00000000000000000014.png,423dd2b26155876d6034f3689b3b156862b79f4ecf1eec80fd6b21173a413a68,E128-83d952d5be8803d8392f40b0,False
H593-2494f10623fb760ff3b647d7,OUTCOME-0710,outcome,ciprofloxacin-ophthalmic-solution-2pt5ml-carton,0,/hkfs/work/workspace/scratch/ap7811-benchmark/1/outcome/ciprofloxacin-ophthalmic-solution-2pt5ml-carton_00000000000000000007.png,79295f9c38051bd23f0bca0cc6c73951532de6721feb2b2d98ed3c93754a79c4,E128-ec00094456fc95fdd52a31ee,False
H593-257581a6d8113bc829cc4f7d,OUTCOME-0339,outcome,766-e9-infants-pain-and-fever,0,/hkfs/work/workspace/scratch/ap7811-benchmark/1/outcome/766-e9-infants-pain-and-fever_00000000000000000013.png,3cfb7f3d355174a87f265266fa1ca21580c4db3f9f0a867a2c3f4fabb8fc9335,,True
H593-25bb54d111079fe02df38114,OUTCOME-0735,outcome,dro0b-0001-04,2,/hkfs/work/workspace/scratch/ap7811-benchmark/1/outcome/dro0b-0001-04_00000000000000000009.png,b5676c878b915199168b4b87435fdfc338e592bcbab29857f014e5522509e3df,,True
H593-264b94be0b6f4ab3ec07cfb5,OUTCOME-0817,outcome,vetoryl-09,2,/hkfs/work/workspace/scratch/ap7811-benchmark/1/outcome/vetoryl-09_00000000000000000010.png,1b6a28535da238b9fb0b56ac3b3710859c7b41a38115328791389d1ca8a867ea,,True
H593-272a6668246b45626dea5ed4,DIFFICULT-0002,difficult,350 label,3,/hkfs/work/workspace/scratch/ap7811-benchmark/1/difficult/350 label_00000003.jpg,45f70a4343d3777923050efed08d9b1f6a11b04d9ff6ff1f931a373d5fcbc3ce,,True
H593-276677dccfa68da5f45534b2,OUTCOME-0807,outcome,tul01-0001-02,3,/hkfs/work/workspace/scratch/ap7811-benchmark/1/outcome/tul01-0001-02_00000000000000000017.png,eecf79f118c50de9d4fba468380b320d13f6ecc5cbbe0c7d95e7d0c14a1c9c65,,True
H593-2799023fa51eeb3333651a78,OUTCOME-0302,outcome,6941714017-1,0,/hkfs/work/workspace/scratch/ap7811-benchmark/1/outcome/6941714017-1_00000000000000000001.png,b6201483deee4cc61665580401c5e7fa546ff4aa4c388fdab92364a1ccf4b1ec,T128-9e136bf28e91e75d945b95e6,False
H593-27e35a9cbecb2ef6b0c1fc10,OUTCOME-0486,outcome,Anti-wrinkle EYE CREAM,1,/hkfs/work/workspace/scratch/ap7811-benchmark/1/outcome/Anti-wrinkle EYE CREAM_00000000000000000009.jpg,73b0d91571deca848632775635367cbf447235615ddec8d83b162055bc4ef8ac,E128-a3b34c64ad71d6f8bd9c978e,False
H593-2822f2513c87ee22a59ce51b,OUTCOME-0267,outcome,4_Kids_Oral_Pain_Relief,3,/hkfs/work/workspace/scratch/ap7811-benchmark/1/outcome/4_Kids_Oral_Pain_Relief_00000000000000000010.png,a6e29d78f1d930614cb693a1db3bfb6c058a899cba6cae92ac76356a10a04efa,,True
H593-2848a70ea80c7f1dc1cfd651,OUTCOME-0048,outcome,10 mL carton,4,/hkfs/work/workspace/scratch/ap7811-benchmark/1/outcome/10 mL carton_00000000000000000005.png,11328bde32b9fb99927d192133395cb806fd8fa6e708bf5d2a2ca8229ea61b8d,,True
H593-297ba148574e09f5723aa6b7,OUTCOME-0755,outcome,kedbumin-02,1,/hkfs/work/workspace/scratch/ap7811-benchmark/1/outcome/kedbumin-02_00000000000000000005.png,3b065aea3dabd5cd5ade07e4f1e1aa913a94b86814ccac6c3b665f4aa5a27ea2,,True
H593-29b067277aef7b28b3547a97,OUTCOME-0720,outcome,cuvitru-19,2,/hkfs/work/workspace/scratch/ap7811-benchmark/1/outcome/cuvitru-19_00000000000000000005.png,67c2fa827661c011b4ba692606d2c345eb21e49d642a2b50ef220ab0d4cc04fc,,True
H593-29d505a42ed3f7b9bb256b2b,OUTCOME-0670,outcome,bbx08-0000-01,4,/hkfs/work/workspace/scratch/ap7811-benchmark/1/outcome/bbx08-0000-01_00000000000000000011.png,fe64007650c77789cf9c6907cc1cc251e8f241d0e3d2b1198e6a14bfec4765f3,,True
H593-2a09bc7ee67cc38fba44400e,OUTCOME-0311,outcome,6941714017-1,0,/hkfs/work/workspace/scratch/ap7811-benchmark/1/outcome/6941714017-1_00000000000000000011.png,b987ba3061c9f389eedd462c9a7f75300f4f4748791216a29e260aa9d50ff9a0,,True
H593-2acfe07e77226545b2ae0e10,OUTCOME-0348,outcome,77l96n1c1,1,/hkfs/work/workspace/scratch/ap7811-benchmark/1/outcome/77l96n1c1_00000000000000000003.png,e8489caa72c025322c0dad87090739c67210c3dc1a54fbbcbfe13abce0ff5b9e,,True
H593-2ad687a1c029e9f33146503b,DIFFICULT-0100,difficult,int08-0008-17,0,/hkfs/work/workspace/scratch/ap7811-benchmark/1/difficult/int08-0008-17_00000001.jpg,8ae269507838f1985d091cc8f542321992d6853e551bc4e7d8fba95979c0f8fa,T128-38aa9413a10be0fa0927479e,False
H593-2b13d777bd87f808044a7852,OUTCOME-0276,outcome,5fe0ce14-bc11-4b43-b002-7efdca0d3003-04,4,/hkfs/work/workspace/scratch/ap7811-benchmark/1/outcome/5fe0ce14-bc11-4b43-b002-7efdca0d3003-04_00000000000000000008.png,109240742ff003252a9290cb0be18eb1180cde0ffdf96b4215e349a918b0d049,,True
H593-2b74b8c201be8b599627fefc,OUTCOME-0198,outcome,300000538_R-00_Final,3,/hkfs/work/workspace/scratch/ap7811-benchmark/1/outcome/300000538_R-00_Final_00000000000000000003.png,fde389ec0d74a099696dfe25af3ae9d39e75b3f193397218baaab6f0a06381be,,True
H593-2bae4a6fe6f937a87545fde2,OUTCOME-0725,outcome,cuvitru-19,2,/hkfs/work/workspace/scratch/ap7811-benchmark/1/outcome/cuvitru-19_00000000000000000010.png,6007e8a13a179f83a19e411c229bce66b4ce22d585bfbe700fd17bef0cc25809,T128-02efc1e6e18e1ebab7dacd12,False
H593-2bcc3d446a9293adfd81509f,OUTCOME-0072,outcome,10ml carton,3,/hkfs/work/workspace/scratch/ap7811-benchmark/1/outcome/10ml carton_00000000000000000003.png,5756fada520e454a340c8853ce96d8c39790b4803c5b81c2c26708158b6d7ca1,T128-9e3dd48eed73793f77170739,False
H593-2c2942af21039bf61875bcba,OUTCOME-0465,outcome,AlkaSeltzer_36,1,/hkfs/work/workspace/scratch/ap7811-benchmark/1/outcome/AlkaSeltzer_36_00000000000000000006.png,5669a2d467960d0fa1db2d9b41cef386f627626d4e917f9564f96a7aba81ffc3,,True
H593-2d0dc828facf9c0c8e44c960,OUTCOME-0600,outcome,askindr carton,3,/hkfs/work/workspace/scratch/ap7811-benchmark/1/outcome/askindr carton_00000000000000000004.png,5e312e599a65ec796e7e75cd14ee4c24a3e053886d12ca8570921ef4ebef1096,E128-e58f15b92b709d939b85e826,False
H593-2e44547e6a7fb1f39cc27d3a,OUTCOME-0264,outcome,4_Kids_Oral_Pain_Relief,3,/hkfs/work/workspace/scratch/ap7811-benchmark/1/outcome/4_Kids_Oral_Pain_Relief_00000000000000000007.png,65363a275cc55509a4c12d7f86c8b63e36421db9a65b5e4551a904a7b6386ad0,,True
H593-2e5153cd0e9bd1dddbb75dea,OUTCOME-0138,outcome,200000002710_Final,4,/hkfs/work/workspace/scratch/ap7811-benchmark/1/outcome/200000002710_Final_00000000000000000010.png,07e672752201c89823659d7af166457dea3144ed701dc1c681ead404431bc3ab,E128-4cf7308375bf2a6dbe0e5e94,False
H593-2e843bf03a9cb860ec035d26,OUTCOME-0709,outcome,ciprofloxacin-ophthalmic-solution-2pt5ml-carton,0,/hkfs/work/workspace/scratch/ap7811-benchmark/1/outcome/ciprofloxacin-ophthalmic-solution-2pt5ml-carton_00000000000000000006.png,9adedfba2e3bb3e8acac175f008bf6b642fcde25a91979c0487dcf361351af7c,,True
H593-2e8ca9e124da2d21f42ee190,OUTCOME-0719,outcome,cuvitru-19,2,/hkfs/work/workspace/scratch/ap7811-benchmark/1/outcome/cuvitru-19_00000000000000000004.png,1b45dc2bb5eb8507eaf6d2e76daccd821ed72c591e86047313d3ad1628403eed,,True
H593-2ecb07df64c211f4edf1e8d3,OUTCOME-0693,outcome,carton-1-gram-10-vial-pack-premier,2,/hkfs/work/workspace/scratch/ap7811-benchmark/1/outcome/carton-1-gram-10-vial-pack-premier_00000000000000000007.png,d2b0f95b7350e1f7b0a1fa741388cf93af170b0861cb3026d0fa99ecd192a0a4,,True
H593-2f5a93c328b7e7c9e25412f0,DIFFICULT-0013,difficult,3T3-bn-lansoprazole,4,/hkfs/work/workspace/scratch/ap7811-benchmark/1/difficult/3T3-bn-lansoprazole_00000005.jpg,3fa448ba98849bb767004c611ca561b8e05884ab81fbd1976310d49afb617605,,True
H593-2fa24ad21b4ed56f150b2b7a,OUTCOME-0166,outcome,2021 Lice Freee!_6ozPOP R2a,3,/hkfs/work/workspace/scratch/ap7811-benchmark/1/outcome/2021 Lice Freee!_6ozPOP R2a_00000000000000000009.png,3aae562658c5afdc3344d5f1ebe85c609bd362127e0712d854cb2e73fc2feec2,,True
H593-30656f17b4be13cde8124a15,OUTCOME-0537,outcome,SH230414C (250 ml Carton),4,/hkfs/work/workspace/scratch/ap7811-benchmark/1/outcome/SH230414C (250 ml Carton)_00000000000000000010.png,6c1be6707e17adb6a0f023265725bb69e1440b9e7817ace6a03ce2ada025afc6,T128-d097e7c7c9d4b6bc76950aab,False
H593-30d56e7ebdd8d445dd0c0837,OUTCOME-0329,outcome,766-e9-infants-pain-and-fever,0,/hkfs/work/workspace/scratch/ap7811-benchmark/1/outcome/766-e9-infants-pain-and-fever_00000000000000000002.png,e156cd0eb0edd234b3b7d9dffcb2fa82d54ff48fadb938305a3812e93639a127,E128-21c6afe755b9c9b5bc36e1a0,False
H593-30df437866a92249e15d556f,OUTCOME-0336,outcome,766-e9-infants-pain-and-fever,0,/hkfs/work/workspace/scratch/ap7811-benchmark/1/outcome/766-e9-infants-pain-and-fever_00000000000000000010.png,06f1991876e8e9a89801e2b048be158b6063c9209dc393cb9582c00bbcf43bfa,E128-f0ff2107aa6366e063bfe7eb,False
H593-3138eb9150d5fc2ff0b21e85,NDV2-002-P01,new_difficult_train,160 mg Comfor-trate Tab,0,/hkfs/work/workspace/scratch/ap7811-benchmark/1/new_difficult/160 mg Comfor-trate Tab_01.jpg,d97cc476411d3cefc8ecec3018fdad3d2769ea12947bbfae4bf2e21d1bbef5f7,,True
H593-315859149cbadcf0a035cb5b,OUTCOME-0335,outcome,766-e9-infants-pain-and-fever,0,/hkfs/work/workspace/scratch/ap7811-benchmark/1/outcome/766-e9-infants-pain-and-fever_00000000000000000008.png,1f51b5831778cd755027ac92de75a445b75dc3183e480ece572cc530470c9dd9,,True
H593-31a7078fc5358b3fbdc70c42,OUTCOME-0754,outcome,kedbumin-02,1,/hkfs/work/workspace/scratch/ap7811-benchmark/1/outcome/kedbumin-02_00000000000000000004.png,5a7e7eea2a26e8d57bcec77b16867bf02173d3677bda5f74cc167307b5f15ea3,,True
H593-31aaa7c97fbc81e06383e85f,OUTCOME-0705,outcome,ciprofloxacin-ophthalmic-solution-2pt5ml-carton,0,/hkfs/work/workspace/scratch/ap7811-benchmark/1/outcome/ciprofloxacin-ophthalmic-solution-2pt5ml-carton_00000000000000000002.png,002246f5f205397aa10f33265334b2bc7705b1c957a8375b268e9fe27eb3c7a3,,True
H593-31b015a7052d7ca5255413c3,OUTCOME-0208,outcome,300000538_R-00_Final,3,/hkfs/work/workspace/scratch/ap7811-benchmark/1/outcome/300000538_R-00_Final_00000000000000000013.png,eda8149b7c7961fa54180b312aa8e9636ef7d5b51c59538996bc4174767b3ddc,E128-3249d821543a40e1bbae8026,False
H593-3202e8cf83300e822008d3d1,OUTCOME-0269,outcome,5fe0ce14-bc11-4b43-b002-7efdca0d3003-04,4,/hkfs/work/workspace/scratch/ap7811-benchmark/1/outcome/5fe0ce14-bc11-4b43-b002-7efdca0d3003-04_00000000000000000001.png,3c8abd32bcea6cfa86d019bd1d6099fae4cafb431d7d760b08f6da2385bb9531,,True
H593-327f0627e7abd208ae771d92,NDV2-010-P02,new_difficult_train,60 mg Comfor-trate Tab,0,/hkfs/work/workspace/scratch/ap7811-benchmark/1/new_difficult/60 mg Comfor-trate Tab_02.jpg,0134597d15d94b6848d4e15a8e15c268d8e8c3ee422c97df9616e09e32fd6ed1,,True
H593-3344b63a711a49110a6e1d06,OUTCOME-0669,outcome,bbx08-0000-01,4,/hkfs/work/workspace/scratch/ap7811-benchmark/1/outcome/bbx08-0000-01_00000000000000000010.png,924631eab77ee9f5846b8c7a8e7eb728f89f129ea011f75c2b37aa5a756c20aa,,True
H593-335401c2797674933672eb63,OUTCOME-0257,outcome,469584,2,/hkfs/work/workspace/scratch/ap7811-benchmark/1/outcome/469584_00000000000000000018.png,10be7709fc3baa01deb6b085dfe0ef09c9b6867e34d68d335a6ef1afa321c0a7,,True
H593-3378917e44506cb2c9f3e74d,OUTCOME-0109,outcome,1g7-17-allergy-nasal-spray,3,/hkfs/work/workspace/scratch/ap7811-benchmark/1/outcome/1g7-17-allergy-nasal-spray_00000000000000000016.png,25c3ee503d04d64373ef99a2933d755fa0277ac7ec712b50e4725ff88c2ac71e,,True
H593-339a688dea829493403d97e9,OUTCOME-0152,outcome,200000003252_R-00_28ct,1,/hkfs/work/workspace/scratch/ap7811-benchmark/1/outcome/200000003252_R-00_28ct_00000000000000000011.png,368eda8ed55ea25de718ff3ae08293811378f4fb25e5ebb98c8f89eb303e67c6,T128-085d2f96a29916fcbcd487ed,False
H593-33b3b0aa0a8612273130dcd4,NDV2-011-P02,new_difficult_train,Bacitracin  14.2g 0.5oz carton label rev 09 2021,4,/hkfs/work/workspace/scratch/ap7811-benchmark/1/new_difficult/Bacitracin  14.2g 0.5oz carton label rev 09 2021_02.jpg,d626691df6c297962c121195a4e10281507866e5ff2f507214f8290e5b7a2e9d,,True
H593-33f89c84ccc65e07b73a31cb,OUTCOME-0650,outcome,bb morning carton,4,/hkfs/work/workspace/scratch/ap7811-benchmark/1/outcome/bb morning carton_00000000000000000001.png,1c55513a40ac276692805f95ba227d7a5c7dc937715e0b462d385602b6ed9fa1,T128-8390e61e577260c688bbe0d7,False
H593-340a6e18c21c149dc46968d4,OUTCOME-0380,outcome,812-6e-mucus-dm,3,/hkfs/work/workspace/scratch/ap7811-benchmark/1/outcome/812-6e-mucus-dm_00000000000000000007.png,321b1f9c3a519900d3e237a14e935586003741f6418b548f51c92bb4f35b3334,T128-efe0fe5a01055e176fb9e50e,False
H593-34133bc85696e399819d4944,DIFFICULT-0095,difficult,com0n-0000-04,1,/hkfs/work/workspace/scratch/ap7811-benchmark/1/difficult/com0n-0000-04_00000003.jpg,d5bb794066061e6045521627c1862bf6e024631c7a915f1a3b97d7bdb25e3fa2,E128-589027c592dec501c61b99e5,False
H593-3414eabf1d60f67a6dba89f1,OUTCOME-0531,outcome,SH230414C (250 ml Carton),4,/hkfs/work/workspace/scratch/ap7811-benchmark/1/outcome/SH230414C (250 ml Carton)_00000000000000000004.png,2d1d66f5ae3b249eac7b15ceea96cee4ccbbeb882f4b13e58ba7b7b360cc39e7,,True
H593-343c0fdac394c330c78c814c,OUTCOME-0098,outcome,1g7-17-allergy-nasal-spray,3,/hkfs/work/workspace/scratch/ap7811-benchmark/1/outcome/1g7-17-allergy-nasal-spray_00000000000000000005.png,e089a874db163f198132443548fe5339ef10f6d76a2780d430d8160940399cc1,,True
H593-3450f0a1d858a2df9e5e9058,OUTCOME-0714,outcome,ciprofloxacin-ophthalmic-solution-2pt5ml-carton,0,/hkfs/work/workspace/scratch/ap7811-benchmark/1/outcome/ciprofloxacin-ophthalmic-solution-2pt5ml-carton_00000000000000000011.png,4d8aeb7513feb5c054aa56612197a9aed6d257c45ff0af1b378a6f1250c649f9,E128-fe6317cbe363fb94d509e13d,False
H593-34d45edf8c0dc44243949bd9,OUTCOME-0163,outcome,2021 Lice Freee!_6ozPOP R2a,3,/hkfs/work/workspace/scratch/ap7811-benchmark/1/outcome/2021 Lice Freee!_6ozPOP R2a_00000000000000000006.png,fd2c1b3ae69b260a91d98ad83a6bbdcc20d3c43a709797e9031e31f3cda08353,,True
H593-35070730f195ea5ef15d78a4,OUTCOME-0103,outcome,1g7-17-allergy-nasal-spray,3,/hkfs/work/workspace/scratch/ap7811-benchmark/1/outcome/1g7-17-allergy-nasal-spray_00000000000000000010.png,f84e3829e250a9c52aa90b7129d04e6ead5846aa96ae84a48230f6d689373814,,True
H593-35b1f3a33258743e93f63965,OUTCOME-0718,outcome,cuvitru-19,2,/hkfs/work/workspace/scratch/ap7811-benchmark/1/outcome/cuvitru-19_00000000000000000003.png,c4117fb893482ef55c1141fd7114b3ff5341d3d9f873856a2271f4a8188bbaae,,True
H593-35e2c26e209782269ad40fed,OUTCOME-0052,outcome,10 mL carton,4,/hkfs/work/workspace/scratch/ap7811-benchmark/1/outcome/10 mL carton_00000000000000000009.png,c2cc07087587c5662841ac590f89cda5e58f31228c35a589a19b14c110eaa9d9,,True
H593-36177667d1799f89d767d878,OUTCOME-0337,outcome,766-e9-infants-pain-and-fever,0,/hkfs/work/workspace/scratch/ap7811-benchmark/1/outcome/766-e9-infants-pain-and-fever_00000000000000000011.png,509bcc826382f75e06b5c588c21bc2c2047b84135e76cc4999dfa32d704f0f5e,E128-2c09646865d5f430ec81f977,False
H593-3692187ae0c3b3b59b4c632b,OUTCOME-0100,outcome,1g7-17-allergy-nasal-spray,3,/hkfs/work/workspace/scratch/ap7811-benchmark/1/outcome/1g7-17-allergy-nasal-spray_00000000000000000007.png,38ab72e39bb675159475af121093343b31818bb973c130b5cf8b8cfbbade12a5,,True
H593-36d9c0f4cf68321ee5636b42,OUTCOME-0252,outcome,469584,2,/hkfs/work/workspace/scratch/ap7811-benchmark/1/outcome/469584_00000000000000000013.png,ab435a0418e86576cec24c1a6de9166077f677e7ba987a5c75e203991f8d1e5e,T128-8b4651f70dba7971d130ae31,False
H593-36f0d9d88cf08e835a02f26d,NDV2-002-P04,new_difficult_train,160 mg Comfor-trate Tab,0,/hkfs/work/workspace/scratch/ap7811-benchmark/1/new_difficult/160 mg Comfor-trate Tab_04.jpg,ab56f0c29eaf229f1f1f3cd7ad53fdcd26c91982e8dba9bcdb93430972d4bf01,,True
H593-379bc58daa6ab14d6b6ca05b,OUTCOME-0498,outcome,AntifluDesbx,2,/hkfs/work/workspace/scratch/ap7811-benchmark/1/outcome/AntifluDesbx_00000000000000000010.png,2e6f3516b39325be2295acefc460542416d7a955d74fff799385404ab43e4601,T128-fb92cb8dc9f50fe125ce2dd8,False
H593-37c29058d6ea3f6600852bd1,DIFFICULT-0023,difficult,406heb,3,/hkfs/work/workspace/scratch/ap7811-benchmark/1/difficult/406heb_00000004.jpg,49ba6964d9f9636e0515194e03a0aeeb2a95bfda1a844ca3fbfb33b0574bb299,,True
H593-381647ec4c00fbc41b7f9a82,OUTCOME-0442,outcome,ASP Cough Mucus Congestion PMG 24ct,1,/hkfs/work/workspace/scratch/ap7811-benchmark/1/outcome/ASP Cough Mucus Congestion PMG 24ct_00000000000000000010.png,47430c79b3238e4afe165b1d9e1058dfe784c78b3c10e564e0bd730d538eb6e5,E128-636ab1ef1e1b6642d1cae56c,False
H593-381b6429e5e3137c9e41b0d5,DIFFICULT-0015,difficult,3T3-bn-lansoprazole,4,/hkfs/work/workspace/scratch/ap7811-benchmark/1/difficult/3T3-bn-lansoprazole_0000003.JPG,7f3f0a27f2d5c4c3906704625a2f17daf9d5240a770ce8507b7d94599469639f,,True
H593-3871dee39d9099c42505f688,OUTCOME-0793,outcome,tul01-0001-02,3,/hkfs/work/workspace/scratch/ap7811-benchmark/1/outcome/tul01-0001-02_00000000000000000001.png,b41ce703f11e96177d1846a64e0572440ab1a43eda528ce38c88e04d70ddd7ec,E128-776d6aeb7cc46e0c0aac6fea,False
H593-3893e4ce6f5507593e0f76e9,DIFFICULT-0064,difficult,bef4f237-ccb8-4d28-bfc2-41c511a17d7f-01,1,/hkfs/work/workspace/scratch/ap7811-benchmark/1/difficult/bef4f237-ccb8-4d28-bfc2-41c511a17d7f-01_0000005.JPG,4bb7f7b3b6587e4eb5bca21401d9bf103785037896a144f51be55f970789a37d,,True
H593-38b8b30a470de2510a233942,OUTCOME-0045,outcome,10 mL carton,4,/hkfs/work/workspace/scratch/ap7811-benchmark/1/outcome/10 mL carton_00000000000000000002.png,10646996f0e2c3a52c8ebe028963b5e6081596f22a704e0e8cc9ff98b395a042,,True
H593-3907fe8991331013322a278a,OUTCOME-0240,outcome,469584,2,/hkfs/work/workspace/scratch/ap7811-benchmark/1/outcome/469584_00000000000000000001.png,5f6650e1c0fbe34f8d1ddbbb6cd1b2d8f9955d1638a9bb986146bceb309cec48,,True
H593-3919c7418b8dc52330d7b0cd,DIFFICULT-0026,difficult,406heb,3,/hkfs/work/workspace/scratch/ap7811-benchmark/1/difficult/406heb_0000001.JPG,b5df0dce47884a73710f889f8386837c218fd240e823e6b6737141eb22a45b51,,True
H593-3937b8534db594248fbab03f,OUTCOME-0747,outcome,int07-0006-04,3,/hkfs/work/workspace/scratch/ap7811-benchmark/1/outcome/int07-0006-04_00000000000000000009.png,a67c57011d4945e818a0577a604387638cdf5c0fec712fb0cb5e45630f188b59,T128-3979f0023678614406a477b9,False
H593-3a88599950984808ec05d372,OUTCOME-0015,outcome,0003,1,/hkfs/work/workspace/scratch/ap7811-benchmark/1/outcome/0003_00000000000000000016.png,c39ad1fcc338848588e57b581d5605a66428985f3ae9fde7553ab739454a358c,T128-49514d3db81bfb8902a6f827,False
H593-3a8e211c97e4e3dda358a315,OUTCOME-0484,outcome,Anti-wrinkle EYE CREAM,1,/hkfs/work/workspace/scratch/ap7811-benchmark/1/outcome/Anti-wrinkle EYE CREAM_00000000000000000007.jpg,71b4d80ebd34cbd3f51ea5b8da3374e80d42fe9ebd0df346a0ffd1fc2f5b78c2,E128-93834d58d862bb5baffe95dd,False
H593-3b68986a5abcc6bf1b6ba1b9,OUTCOME-0204,outcome,300000538_R-00_Final,3,/hkfs/work/workspace/scratch/ap7811-benchmark/1/outcome/300000538_R-00_Final_00000000000000000009.png,1d7f3a9eaf659041616ec21c420584a44d1855d2f6021483a1bbd9b62f271b8d,,True
H593-3bd92d539d92b456362d66d2,OUTCOME-0796,outcome,tul01-0001-02,3,/hkfs/work/workspace/scratch/ap7811-benchmark/1/outcome/tul01-0001-02_00000000000000000004.png,2468fed7f8f5799aad8921c6eb5cc9809e8d05d64a8ccb1a6de6ec045fc040eb,,True
H593-3c05a04b6502fb7cd73c680e,OUTCOME-0480,outcome,Anti-wrinkle EYE CREAM,1,/hkfs/work/workspace/scratch/ap7811-benchmark/1/outcome/Anti-wrinkle EYE CREAM_00000000000000000003.jpg,d760f2354fb63c7559dc34c5afa99bdb0e62106f5ac3e01f280ad8df79b1fef2,E128-f14ebb73482b1d94204f5958,False
H593-3c3b32e44f324367dbd542c8,OUTCOME-0470,outcome,AlkaSeltzer_36,1,/hkfs/work/workspace/scratch/ap7811-benchmark/1/outcome/AlkaSeltzer_36_00000000000000000011.png,3431544b3be0914a6342fd05a0ed331ecac74c9a409756309a78f8355647dbec,,True
H593-3c6e9826d4aaa5c8c18ee68d,OUTCOME-0271,outcome,5fe0ce14-bc11-4b43-b002-7efdca0d3003-04,4,/hkfs/work/workspace/scratch/ap7811-benchmark/1/outcome/5fe0ce14-bc11-4b43-b002-7efdca0d3003-04_00000000000000000003.png,5956b454b359f3e79da362ff402439efc78e91e762f881b35212b125aa4ea5b2,,True
H593-3c7deb83919ca9175820857d,DIFFICULT-0016,difficult,3T3-bn-lansoprazole,4,/hkfs/work/workspace/scratch/ap7811-benchmark/1/difficult/3T3-bn-lansoprazole_0000004.JPG,cc01a8280f094648a7c0a2248cdfcca35d894505d3a290264ae6aea22f1377aa,E128-81b5dc3ca5ec179e971838f0,False
H593-3da112eebd7cc0e1a48f3fbd,OUTCOME-0243,outcome,469584,2,/hkfs/work/workspace/scratch/ap7811-benchmark/1/outcome/469584_00000000000000000004.png,8c4b3a147b3ae2ba09a0563e55fc3fe01330454d10ccd04e8a9a2657fea1a9b5,,True
H593-3e371fe7d77d82719a05830d,OUTCOME-0769,outcome,lox01-0004-14,1,/hkfs/work/workspace/scratch/ap7811-benchmark/1/outcome/lox01-0004-14_00000000000000000005.png,a0a282b24735a4d568bd3c4d38f4633a63f8828a37b72cc3d9728ea2f9c32e08,E128-94eb0935373cb378f75e9074,False
H593-3ebd3543a8da2ab12dd9b943,OUTCOME-0515,outcome,Baby spec cream 60 ml_Jun21-Output,2,/hkfs/work/workspace/scratch/ap7811-benchmark/1/outcome/Baby spec cream 60 ml_Jun21-Output_00000000000000000013.png,304b8455e3dc075f93ad9b953ded3c7192cb74efaa53f98012d96085e9aad5f3,T128-1865cece949c08bb4662bec4,False
H593-3f7b7d3d52a024fd546a40d6,OUTCOME-0260,outcome,4_Kids_Oral_Pain_Relief,3,/hkfs/work/workspace/scratch/ap7811-benchmark/1/outcome/4_Kids_Oral_Pain_Relief_00000000000000000003.png,7ea499f1a07feb0f83c4b617f0ed11cc504c2bf39ab4b5fe6da24b633b4c7001,E128-889d0cdb5820db7ca0b2125b,False
H593-42420c983790bf340313f47b,NDV2-002-P02,new_difficult_train,160 mg Comfor-trate Tab,0,/hkfs/work/workspace/scratch/ap7811-benchmark/1/new_difficult/160 mg Comfor-trate Tab_02.jpg,b17bff3e42d95de79083905356eaf878fe4590cb6184bc6a3837f38b807c7b8d,E128-97ab99e87edf62f8860b0048,False
H593-42c4620dc4ec12b555d472a7,NDV2-010-P03,new_difficult_train,60 mg Comfor-trate Tab,0,/hkfs/work/workspace/scratch/ap7811-benchmark/1/new_difficult/60 mg Comfor-trate Tab_03.jpg,e81de2bc239e5db48d7422e5f76fce5cc765d459ec102444d5400236746d77b6,E128-d1900c8dfa4fe79eb4d8971a,False
H593-4324194c82636eb2bd4e0523,OUTCOME-0462,outcome,AlkaSeltzer_36,1,/hkfs/work/workspace/scratch/ap7811-benchmark/1/outcome/AlkaSeltzer_36_00000000000000000003.png,390d64929b6faaa997b4fbeea5a5fcb9022d5ff5f127d31d3e1cccee150a0449,,True
H593-439c6d740783fc06dffdae7a,OUTCOME-0802,outcome,tul01-0001-02,3,/hkfs/work/workspace/scratch/ap7811-benchmark/1/outcome/tul01-0001-02_00000000000000000011.png,52bec594589242ae96c8d8ed498deb25afccd5ca3bd3e8d8a1f7e5793bccf0af,E128-57adf22cdedc9a4c1e8d4f47,False
H593-4465eb39dafa16f3ace74e3b,OUTCOME-0467,outcome,AlkaSeltzer_36,1,/hkfs/work/workspace/scratch/ap7811-benchmark/1/outcome/AlkaSeltzer_36_00000000000000000008.png,f0139505e4583c55467fe7267db1470d9e0c2f9f8e2c31f789f884375d53f315,,True
H593-4504245768770ed0279a4124,OUTCOME-0605,outcome,askindr carton,3,/hkfs/work/workspace/scratch/ap7811-benchmark/1/outcome/askindr carton_00000000000000000009.png,ee67048e97d1234486e08703b07ae02944a2e3140e2a8084928ceea5677bbf8e,E128-1070ed7406ca699d110c9885,False
H593-455aee3db8f97d77c87d9bcc,DIFFICULT-0025,difficult,406heb,3,/hkfs/work/workspace/scratch/ap7811-benchmark/1/difficult/406heb_00000006.jpg,de10796f8a025836a5a73c05e9953d99f57e9a4ad0f4626f8520e6845828bf96,E128-d3d04828a3eec99608f73ab5,False
H593-45a4b48fd7d584ff912c32cd,OUTCOME-0805,outcome,tul01-0001-02,3,/hkfs/work/workspace/scratch/ap7811-benchmark/1/outcome/tul01-0001-02_00000000000000000015.png,349e8921c9fc6f35cdea8acceecbf0dabe89cf58ec9c97532d2341ee54abddde,,True
H593-45b44a0e21c38fc764d3bda3,OUTCOME-0180,outcome,20230531134258,0,/hkfs/work/workspace/scratch/ap7811-benchmark/1/outcome/20230531134258_00000000000000000006.png,d91552ca7548e2d82b0002c4266f589b3e6d91710aedaab2d293f5bc426d5510,T128-674e1eab6b8b2fe36bfadfeb,False
H593-46428f82969f19c1f035978b,OUTCOME-0762,outcome,kedbumin-02,1,/hkfs/work/workspace/scratch/ap7811-benchmark/1/outcome/kedbumin-02_00000000000000000012.png,94179a86d9d2357fee5126d6cbd42ef2e398681b1057e3aca70ce5e1ceaf1621,T128-6060bf54fe5b454d1474a24a,False
H593-46bebd9352f2e631d6c557fa,OUTCOME-0638,outcome,athletes-01,4,/hkfs/work/workspace/scratch/ap7811-benchmark/1/outcome/athletes-01_00000000000000000017.png,c88cc2a30a61a0bd0e048468f42ee6c90b9a7516345f6cbd47ce9e8c928db23d,,True
H593-46eb5bc0f271f7e1fa17423b,OUTCOME-0535,outcome,SH230414C (250 ml Carton),4,/hkfs/work/workspace/scratch/ap7811-benchmark/1/outcome/SH230414C (250 ml Carton)_00000000000000000008.png,72ad5f2e7435bc376da672efcd0db9313c27c263b1afba61960227223cb0b145,T128-36856c39eee42a328b4bc5a3,False
H593-471a2fedf467917f9dc0140d,OUTCOME-0500,outcome,AntifluDesbx,2,/hkfs/work/workspace/scratch/ap7811-benchmark/1/outcome/AntifluDesbx_00000000000000000013.png,27fc7967cd41f417d0c84e162a5a54101c23818d4d17e73542c638bfef7e9ab6,,True
H593-47f8fff9a6390d11ea60c3c3,OUTCOME-0536,outcome,SH230414C (250 ml Carton),4,/hkfs/work/workspace/scratch/ap7811-benchmark/1/outcome/SH230414C (250 ml Carton)_00000000000000000009.png,3ae9218d84c7a2d5a04c4d4351943f78f166acfa53c107ee85b02614db7a6caa,,True
H593-490d4ed0a2cc29258e504a6a,OUTCOME-0469,outcome,AlkaSeltzer_36,1,/hkfs/work/workspace/scratch/ap7811-benchmark/1/outcome/AlkaSeltzer_36_00000000000000000010.png,bb655238d9b230b11a1c2771716ae6c5208e0cd42b9560393a6153549e0e5307,,True
H593-497c8c89496ddb929f1943e7,DIFFICULT-0020,difficult,406heb,3,/hkfs/work/workspace/scratch/ap7811-benchmark/1/difficult/406heb_00000001.jpg,8bb650c168745e2b69d6c5a86b0c901798eb982735eaa6e23d7c44fc7b62c791,,True
H593-497d7b354503fb6abfe8e638,OUTCOME-0799,outcome,tul01-0001-02,3,/hkfs/work/workspace/scratch/ap7811-benchmark/1/outcome/tul01-0001-02_00000000000000000007.png,36b32f195bc757a9c1e8262fc707eeb8a7e242a703494ed1184b3f4ae996c13b,,True
H593-49e398ee5fa1770f2f4b4804,OUTCOME-0399,outcome,83324304-60,0,/hkfs/work/workspace/scratch/ap7811-benchmark/1/outcome/83324304-60_00000000000000000009.png,9c2a7b0b95011c871d5120496924ff5e27e75d46066023a7fd90bb2509dca8e5,E128-6a0d74f5853479e01f07269b,False
H593-49f22736fa0dc6e88308fe6e,OUTCOME-0792,outcome,mirataz-06,2,/hkfs/work/workspace/scratch/ap7811-benchmark/1/outcome/mirataz-06_00000000000000000018.png,8a2ba737fcde9ccb5b983aa0c6bb55b15566a722afe0be4827b9bee7a6fc505e,,True
H593-49f8cacecc7b076432f500a5,OUTCOME-0241,outcome,469584,2,/hkfs/work/workspace/scratch/ap7811-benchmark/1/outcome/469584_00000000000000000002.png,a3536eef20d210a6f3e83e24e9fc6db4e601a3526092e999298535f252be07b0,,True
H593-4a5e17cb5c478c7f39d47e05,OUTCOME-0696,outcome,carton-1-gram-10-vial-pack-premier,2,/hkfs/work/workspace/scratch/ap7811-benchmark/1/outcome/carton-1-gram-10-vial-pack-premier_00000000000000000010.png,3c3fd1de143723b5cc4ea4ae9bb5105016990caac6c8ec79fad323434381c298,,True
H593-4a83dc5dd057d6229c12ae0e,OUTCOME-0806,outcome,tul01-0001-02,3,/hkfs/work/workspace/scratch/ap7811-benchmark/1/outcome/tul01-0001-02_00000000000000000016.png,f74baa8e17b7087b9f61483a71301887d7c6e7d905562397daa5242f133c790c,E128-473ff8f90b954fdf84e1f0c4,False
H593-4b21f0164b2aae1b748917d5,OUTCOME-0266,outcome,4_Kids_Oral_Pain_Relief,3,/hkfs/work/workspace/scratch/ap7811-benchmark/1/outcome/4_Kids_Oral_Pain_Relief_00000000000000000009.png,cd5cbe7b08785dd337f3b64965c3f8a595771fd3a02105bc3a60f90ea683489b,E128-587337dced5c3fe4aeddde9d,False
H593-4b694eed8bda537b0b21e8ff,OUTCOME-0150,outcome,200000003252_R-00_28ct,1,/hkfs/work/workspace/scratch/ap7811-benchmark/1/outcome/200000003252_R-00_28ct_00000000000000000009.png,dafccb2d8eb1463b5a904eb7153d13b605bc32fbb5cbb6ee7723d5a11970b7d0,T128-d1a4ce3d52e7adbdd6086231,False
H593-4b6d56a0f3762d25fcace38a,OUTCOME-0657,outcome,bb morning carton,4,/hkfs/work/workspace/scratch/ap7811-benchmark/1/outcome/bb morning carton_00000000000000000008.png,9b57495c8cae1f4b88846e07e94163497dfe941bc4b6d3ad75fda284f533f502,T128-9a1e748e63ee9a224af32eec,False
H593-4b977198186c9a205795518f,OUTCOME-0446,outcome,ASP Cough Mucus Congestion PMG 24ct,1,/hkfs/work/workspace/scratch/ap7811-benchmark/1/outcome/ASP Cough Mucus Congestion PMG 24ct_00000000000000000014.png,b89f98207c30d8b39afdfe737861e3d98eedc0f1df399dacec9649f308b80999,E128-0224c5c80703197272450651,False
H593-4b9c8b2d75262b752ef8d7bd,OUTCOME-0247,outcome,469584,2,/hkfs/work/workspace/scratch/ap7811-benchmark/1/outcome/469584_00000000000000000008.png,382026665eea09c7fac3e6cbb68e28c6081db59243e13526707582c65381c6d9,,True
H593-4c47eaead5712c9295001ec4,OUTCOME-0164,outcome,2021 Lice Freee!_6ozPOP R2a,3,/hkfs/work/workspace/scratch/ap7811-benchmark/1/outcome/2021 Lice Freee!_6ozPOP R2a_00000000000000000007.png,078f7a2203d8d9400283c459660575a7fd93f7209c64849609c17cc612544c7a,T128-dbe67efc4d7e88c27fe81a23,False
H593-4c7da12e23a000c6fce488e2,OUTCOME-0447,outcome,ASP Cough Mucus Congestion PMG 24ct,1,/hkfs/work/workspace/scratch/ap7811-benchmark/1/outcome/ASP Cough Mucus Congestion PMG 24ct_00000000000000000015.png,45a3da8e4498856ff2baec4a65a16e4d2add0a2f3d7dcc22bb59f501141076f9,,True
H593-4c89e7fdea0f3bfc34d4091a,OUTCOME-0143,outcome,200000003252_R-00_28ct,1,/hkfs/work/workspace/scratch/ap7811-benchmark/1/outcome/200000003252_R-00_28ct_00000000000000000002.png,702e94e6ac75536262bb74be107a73c29f6bf2154383445b209c3c19706ca23e,T128-66c9ad201e1b1dd05a873a37,False
H593-4c8af79cf3ec012acced486e,OUTCOME-0044,outcome,10 mL carton,4,/hkfs/work/workspace/scratch/ap7811-benchmark/1/outcome/10 mL carton_00000000000000000001.png,ff1103da55b37a69900e78288bde5d7c11f24096d6c1341dc4d560b58ed29a97,,True
H593-4c9f0e3ae6ac7d842dede29d,OUTCOME-0284,outcome,5fe0ce14-bc11-4b43-b002-7efdca0d3003-04,4,/hkfs/work/workspace/scratch/ap7811-benchmark/1/outcome/5fe0ce14-bc11-4b43-b002-7efdca0d3003-04_00000000000000000016.png,e8915c414773a8db5244c941d63be633fcc845b3d5a794a916190754bbd67764,,True
H593-4cdc50b55891617da26d2e7a,OUTCOME-0726,outcome,cuvitru-19,2,/hkfs/work/workspace/scratch/ap7811-benchmark/1/outcome/cuvitru-19_00000000000000000011.png,4d1e07a45493cd2543cc4cae8abb616549259926b6e9de008b26e4134dbbf9e5,,True
H593-4e4f8bc110d32982909421ec,DIFFICULT-0021,difficult,406heb,3,/hkfs/work/workspace/scratch/ap7811-benchmark/1/difficult/406heb_00000002.jpg,9b51c24858a11648baec5c489b7b53eed67827e8e032a7a4d528db422a44ab89,,True
H593-4e6b9dc0dba15fcec5bea111,OUTCOME-0130,outcome,200000002710_Final,4,/hkfs/work/workspace/scratch/ap7811-benchmark/1/outcome/200000002710_Final_00000000000000000002.png,2d4c795a9a3bf27fc0070cf5acc3a7deea8ef3ed039bc2e781fb3e1ddae939bd,E128-e696a2ac41aae4822c9eefcf,False
H593-4edbbd8a5f9a75ce2559d49d,OUTCOME-0316,outcome,6941714017-1,0,/hkfs/work/workspace/scratch/ap7811-benchmark/1/outcome/6941714017-1_00000000000000000017.png,cd94bcd2bced5975daa4bfa02f1e08eb2fa4e05ace33c25cdb88c38d4b8583b8,,True
H593-4ef2d085267e3a655f22c017,OUTCOME-0319,outcome,75 100s carton,0,/hkfs/work/workspace/scratch/ap7811-benchmark/1/outcome/75 100s carton_00000000000000000003.png,d33d2601b6b9bf2048fe3418918a406de8d8b2212d61fb33ce06188743c05887,E128-d613b21818f47f688f389281,False
H593-500972ee89029bc55f7ce4da,DIFFICULT-0022,difficult,406heb,3,/hkfs/work/workspace/scratch/ap7811-benchmark/1/difficult/406heb_00000003.jpg,72d5cd8032402cc6b1c09d21fd134c9b629b79bee02505c3943e01d6c3e5e9a9,E128-c161b5bed5927823e304e2c1,False
H593-5013811bdfa12b1550e11683,OUTCOME-0436,outcome,ASP Cough Mucus Congestion PMG 24ct,1,/hkfs/work/workspace/scratch/ap7811-benchmark/1/outcome/ASP Cough Mucus Congestion PMG 24ct_00000000000000000004.png,9e0c7038dd6543a7c1e3dcd0232489507accd8bb97a33eeda43ba456666a3ba1,,True
H593-50257d3fc942087a47f7ed9b,DIFFICULT-0059,difficult,bef4f237-ccb8-4d28-bfc2-41c511a17d7f-01,1,/hkfs/work/workspace/scratch/ap7811-benchmark/1/difficult/bef4f237-ccb8-4d28-bfc2-41c511a17d7f-01_00000009.jpg,e22130b401a7868d9d4ad8f806bb54aad4033f87d90bcb4b7d3e6e8e44a2f6f0,,True
H593-505241b0686c5828ac2cea63,OUTCOME-0261,outcome,4_Kids_Oral_Pain_Relief,3,/hkfs/work/workspace/scratch/ap7811-benchmark/1/outcome/4_Kids_Oral_Pain_Relief_00000000000000000004.png,1e15b5cc42806d7038d3a09300cf727ec71c984cb1b353241de93d8a4075c2aa,,True
H593-506fbf0965ee584fadc5f5d1,OUTCOME-0489,outcome,AntifluDesbx,2,/hkfs/work/workspace/scratch/ap7811-benchmark/1/outcome/AntifluDesbx_00000000000000000001.png,9bcc89bdb67d7129e1190182c48707171574617ff1c9d8a9efd9a9843565ba1f,T128-5aee577b4eb6780130eb4bc7,False
H593-50e98a4949f2bb0bae2a8cc5,OUTCOME-0350,outcome,77l96n1c1,1,/hkfs/work/workspace/scratch/ap7811-benchmark/1/outcome/77l96n1c1_00000000000000000005.png,9d71019e60419497a5a9c6b04ea1d9c34eb797875449f75b9ce835c844530b67,T128-d498f91fd52bd2c8fdee9bb7,False
H593-5143094db93c7c74aac3b66d,DIFFICULT-0093,difficult,com0n-0000-04,1,/hkfs/work/workspace/scratch/ap7811-benchmark/1/difficult/com0n-0000-04_00000001.jpg,23fa2813c323b58c4dcd505a9e9a69fb8f400762504ac9b1486e4295e3be32b2,E128-a492825d69564d34a1abc1f6,False
H593-514ffff2eed103b274b1a789,OUTCOME-0273,outcome,5fe0ce14-bc11-4b43-b002-7efdca0d3003-04,4,/hkfs/work/workspace/scratch/ap7811-benchmark/1/outcome/5fe0ce14-bc11-4b43-b002-7efdca0d3003-04_00000000000000000005.png,582634c8ef4e0507f38ce8fe192ea503f7fb28b0add804d1464dda52b8283a7f,,True
H593-51f9fd7fedf15c7a3386049d,OUTCOME-0683,outcome,bravecto-07,2,/hkfs/work/workspace/scratch/ap7811-benchmark/1/outcome/bravecto-07_00000000000000000010.png,504ee2de48c68c349d3a1f9db22b1d5095950e61afa00408ebb9a975898242fa,,True
H593-5215365f1c24c67d099c6773,OUTCOME-0349,outcome,77l96n1c1,1,/hkfs/work/workspace/scratch/ap7811-benchmark/1/outcome/77l96n1c1_00000000000000000004.png,e96b3f54227d2e316278f38e660278a0baf4e3365da917500642715e07b3105e,,True
H593-526854f7b33d3ad6e1521409,OUTCOME-0441,outcome,ASP Cough Mucus Congestion PMG 24ct,1,/hkfs/work/workspace/scratch/ap7811-benchmark/1/outcome/ASP Cough Mucus Congestion PMG 24ct_00000000000000000009.png,a2020c21aa08ba7b56f838bf7d64b5ae099ee158632e9d5c812b954dc8d8b64c,,True
H593-5332c0cc3d7929c09d5c01f3,DIFFICULT-0035,difficult,5377c041-b6fc-4dde-ac96-bd9e4e94e456-10,2,/hkfs/work/workspace/scratch/ap7811-benchmark/1/difficult/5377c041-b6fc-4dde-ac96-bd9e4e94e456-10_0000001.JPG,672ad9234e4c885bdc84429df5108fa37828e39a65c81c6794c336265dd321b0,E128-6895093c9751ce47b36528e1,False
H593-53e0bb3f0f95aa31e37ff328,OUTCOME-0320,outcome,75 100s carton,0,/hkfs/work/workspace/scratch/ap7811-benchmark/1/outcome/75 100s carton_00000000000000000004.png,c8b3e70bdb87374c739eb33f5c7a606518ef68bf975312fd304812250bcd8a0b,,True
H593-53f1fabaea0e77a8ad271caf,OUTCOME-0812,outcome,vetoryl-09,2,/hkfs/work/workspace/scratch/ap7811-benchmark/1/outcome/vetoryl-09_00000000000000000005.png,529463f18e2d5fa937ae2f1a86adcd4e2e06f9ec35b67961db4c2e828a260602,,True
H593-542a9d20e3accf68eed2f111,DIFFICULT-0051,difficult,bef4f237-ccb8-4d28-bfc2-41c511a17d7f-01,1,/hkfs/work/workspace/scratch/ap7811-benchmark/1/difficult/bef4f237-ccb8-4d28-bfc2-41c511a17d7f-01_00000001.jpg,2ca178db0c45c5f25f5e5802faed07f741956ccaa08f6b5e75dc184f0accb647,T128-6d473f8fdc2e2ceac6d82de0,False
H593-55896fed273be6f353312f56,OUTCOME-0737,outcome,dro0b-0001-04,2,/hkfs/work/workspace/scratch/ap7811-benchmark/1/outcome/dro0b-0001-04_00000000000000000011.png,6d2a05a15eae863dcf7aee51c5907a2c2a9ea29e771f9bf87b0f3eb6b25abd70,,True
H593-55ba8ad94b75fd7b8b1484d7,OUTCOME-0768,outcome,lox01-0004-14,1,/hkfs/work/workspace/scratch/ap7811-benchmark/1/outcome/lox01-0004-14_00000000000000000004.png,423230d1ced3cabbab471175683e6ca41dd442c5162244a407b468e87e5485c6,E128-d770ed8cd8f461ebc2d9b709,False
H593-55dca419c3a60e609c284564,OUTCOME-0701,outcome,carton-1-gram-10-vial-pack-premier,2,/hkfs/work/workspace/scratch/ap7811-benchmark/1/outcome/carton-1-gram-10-vial-pack-premier_00000000000000000016.png,3e47e6ed23ab4a63fa240bb3946f0a7277a86925ca927fa96c1f115427dc39dc,T128-cb8e05fd8c09ac7609925809,False
H593-56dd45ec2e7deff86e812509,OUTCOME-0771,outcome,lox01-0004-14,1,/hkfs/work/workspace/scratch/ap7811-benchmark/1/outcome/lox01-0004-14_00000000000000000007.png,f4ba78797a763465ef750a66108c26da32a7ea1eb0002c3eb998eeff2aa08f33,E128-e64c690576168537ca52c5a0,False
H593-56ea0b6924407c2819a6f9f9,OUTCOME-0814,outcome,vetoryl-09,2,/hkfs/work/workspace/scratch/ap7811-benchmark/1/outcome/vetoryl-09_00000000000000000007.png,d6d5055413a93e827b263a3ba7a5958f550843ed443d5352c08f80f46ff1a9ce,,True
H593-575d6db6bfc93ebe863516ea,OUTCOME-0343,outcome,766-e9-infants-pain-and-fever,0,/hkfs/work/workspace/scratch/ap7811-benchmark/1/outcome/766-e9-infants-pain-and-fever_00000000000000000017.png,efcce5600c8aa4cf519a9f39e6c6aaca412d1085968b0a2e4f1078e62fa9e0c7,,True
H593-57dba7774ff1e1399e0d181e,OUTCOME-0197,outcome,300000538_R-00_Final,3,/hkfs/work/workspace/scratch/ap7811-benchmark/1/outcome/300000538_R-00_Final_00000000000000000002.png,365e33fb8e138065aff8efabda998c7b977825fb8f4a00f546eba7aa6feb6b1e,E128-40ebd12219d3b35fb6c0b560,False
H593-596fedd7ad0dd56b9b06d758,OUTCOME-0773,outcome,lox01-0004-14,1,/hkfs/work/workspace/scratch/ap7811-benchmark/1/outcome/lox01-0004-14_00000000000000000009.png,f90bb9fb9fea2904c8aa767c65b9151d17273cdb4192d752e1ac8722776f6366,E128-bccc38c1e1fbe6ced54d40e5,False
H593-59fdea3ddfa2a7c762aa0a19,DIFFICULT-0087,difficult,cefdinir-fig2,0,/hkfs/work/workspace/scratch/ap7811-benchmark/1/difficult/cefdinir-fig2_00000008.jpg,d4a7acac2ecbd0c99296130af40badb6f938416e820048a372bebd687b1b8268,T128-ca5ddea47d6c7078915fa0a0,False
H593-5b9e6dcf1a92193abe8b39b2,DIFFICULT-0062,difficult,bef4f237-ccb8-4d28-bfc2-41c511a17d7f-01,1,/hkfs/work/workspace/scratch/ap7811-benchmark/1/difficult/bef4f237-ccb8-4d28-bfc2-41c511a17d7f-01_0000003.JPG,dce2ba688bc88c078c45d209328ead7498b54c051e1b10429e3d3d117ce54a2c,,True
H593-5bf76899256100e280a80e1d,OUTCOME-0734,outcome,dro0b-0001-04,2,/hkfs/work/workspace/scratch/ap7811-benchmark/1/outcome/dro0b-0001-04_00000000000000000008.png,e564c98bb10f3824afc0ce6e2f84bf4b6c172e415c1c905cb48192e813cbaf08,,True
H593-5c99ac9c05994bb4d60da476,OUTCOME-0078,outcome,10ml carton,3,/hkfs/work/workspace/scratch/ap7811-benchmark/1/outcome/10ml carton_00000000000000000009.png,bc21027da2b7fd23305c4745983a4f6981b13ee58dd73e1794fb4897f4f8c43f,T128-eb1fbb58982eb7f2a7bef73d,False
H593-5ca1f16c2917448ec0557e02,DIFFICULT-0125,difficult,sevospire-02,2,/hkfs/work/workspace/scratch/ap7811-benchmark/1/difficult/sevospire-02_00000001.jpg,d4164a23d5046021cdffb58340adc84ceb27aa89ccc12628c2faa7cd0350c2b4,T128-8be490b01abe719909efb93c,False
H593-5cde50d3890df26e13611884,OUTCOME-0087,outcome,11-5BlisterCarton,4,/hkfs/work/workspace/scratch/ap7811-benchmark/1/outcome/11-5BlisterCarton_00000000000000000007.png,8c185778643e720d67f46aaf4e73ce222edcd02675fb42462489bac679d07257,T128-ccefd5dccce120adc413ebc4,False
H593-5ce80bead003f31b6617b817,NDV2-007-P01,new_difficult_train,45mg PFS CArton,0,/hkfs/work/workspace/scratch/ap7811-benchmark/1/new_difficult/45mg PFS CArton_01.jpg,8b8d89c20f2b671971f600c84eb9b4c360988cdab4b1446caba54b3414fd6358,T128-dde130c48da67cb04004a029,False
H593-5cf549d352c47628697f6f37,OUTCOME-0137,outcome,200000002710_Final,4,/hkfs/work/workspace/scratch/ap7811-benchmark/1/outcome/200000002710_Final_00000000000000000009.png,b8def4518f0c7464b0ebe6c1d56198d844067a45586f33a4f3f6183f79840fb5,,True
H593-5d3f5a51f35755fb8b50d72a,OUTCOME-0291,outcome,60mg carton,1,/hkfs/work/workspace/scratch/ap7811-benchmark/1/outcome/60mg carton_00000000000000000006.png,01340abaa6725c789c050b0117aafdb78db8abd4544dd7f97da9de17e37d77ff,T128-dc2de0fbd71506b481f28047,False
H593-5deb30c18beda44d1e9a98af,OUTCOME-0475,outcome,AlkaSeltzer_36,1,/hkfs/work/workspace/scratch/ap7811-benchmark/1/outcome/AlkaSeltzer_36_00000000000000000016.png,158a6ee07e2c41dd39c11061d481737872293009af8d62408ca83025eeb1bff7,T128-7575f708dd46be84feb6e407,False
H593-5e3baff5983fb5e1280953d4,OUTCOME-0373,outcome,80mg-cart-np,0,/hkfs/work/workspace/scratch/ap7811-benchmark/1/outcome/80mg-cart-np_00000000000000000016.png,fc0ee05b6b185ffad411dd679b2bd3ec0290b7872149ee9b8f73d541f96195e4,,True
H593-5ead089e93e3fef6a60f6016,OUTCOME-0256,outcome,469584,2,/hkfs/work/workspace/scratch/ap7811-benchmark/1/outcome/469584_00000000000000000017.png,040c03e694d031b23f3a920f6515b52889603d377cde1fb9540ee5d2fa783ef0,,True
H593-5ec7687ad1569b8195a9fcd1,OUTCOME-0242,outcome,469584,2,/hkfs/work/workspace/scratch/ap7811-benchmark/1/outcome/469584_00000000000000000003.png,d82d30bab9d77a25278d215a60722b43b48bf10c3a1cf054f1b0e1a1b4eb254a,T128-12d45b07e02978a51430d111,False
H593-5f0b1cc082bf69f4270e53f3,OUTCOME-0203,outcome,300000538_R-00_Final,3,/hkfs/work/workspace/scratch/ap7811-benchmark/1/outcome/300000538_R-00_Final_00000000000000000008.png,33a640e14227b65131ac5240baea6c8c2e70dc057e53ca704735f42a1668a898,,True
H593-5f1d8e99507134bf9261aa26,OUTCOME-0331,outcome,766-e9-infants-pain-and-fever,0,/hkfs/work/workspace/scratch/ap7811-benchmark/1/outcome/766-e9-infants-pain-and-fever_00000000000000000004.png,ffb5a5926024c48b9ae3359064ac46de1273b10a009e08f4a2571b23b9ab1116,,True
H593-5f2533f8d63dca3775f00d6e,OUTCOME-0497,outcome,AntifluDesbx,2,/hkfs/work/workspace/scratch/ap7811-benchmark/1/outcome/AntifluDesbx_00000000000000000009.png,ff8588664aa6e815c815e1cfceccc554bc6a3eefaaf13752afa71af46b558e7a,,True
H593-5fe59cce1a8be38a02275a23,OUTCOME-0213,outcome,430984_86324016_ASP_Severe_Cld_Flu_Eff_20ct_Crtn_FDA1,2,/hkfs/work/workspace/scratch/ap7811-benchmark/1/outcome/430984_86324016_ASP_Severe_Cld_Flu_Eff_20ct_Crtn_FDA1_00000000000000000004.png,1a3a7ee95f631a62cd89fe396d8ae357b8c9dceb4f2cf88cd172e30527667657,,True
H593-600a237ce0d7753df38cf902,OUTCOME-0821,outcome,vetoryl-09,2,/hkfs/work/workspace/scratch/ap7811-benchmark/1/outcome/vetoryl-09_00000000000000000014.png,7c0c3a5cb514ea44d711272ef3e93e623569ac6380e8ecb1456c9622a4b9ec5d,E128-4c34b3382360d0c3c6cd25c8,False
H593-60917368d9020829ad933264,DIFFICULT-0008,difficult,3T3-bn-lansoprazole,4,/hkfs/work/workspace/scratch/ap7811-benchmark/1/difficult/3T3-bn-lansoprazole_000000001.JPG,ab6fd7a33337ccee4e97e9a8ec8f69ac9665ae0f54def73e8437c03bdb8daaf0,,True
H593-60d3d272fcf4945ce1b4cfad,OUTCOME-0717,outcome,cuvitru-19,2,/hkfs/work/workspace/scratch/ap7811-benchmark/1/outcome/cuvitru-19_00000000000000000002.png,71ad964780a0d0cfc904cf419abcbb714c5ab1eaf46bcb894492560896612ee4,,True
H593-610d2220452ac13a29625c81,OUTCOME-0628,outcome,athletes-01,4,/hkfs/work/workspace/scratch/ap7811-benchmark/1/outcome/athletes-01_00000000000000000007.png,5f9f08db8f3021bc02b899c6bf00700dbc714228c60d742c982bafb406126baa,T128-9f08b9de93747712333a5c98,False
H593-613164a8ed07b8331901f9c7,NDV2-007-P04,new_difficult_train,45mg PFS CArton,0,/hkfs/work/workspace/scratch/ap7811-benchmark/1/new_difficult/45mg PFS CArton_04.jpg,d492c8c27fcba9822ca0be06be3674cb24217b07f68c033e29b3959d4b38cbcd,T128-8ce0735db647d2040023bc1c,False
H593-619260cce074655fc8b3b2ce,OUTCOME-0272,outcome,5fe0ce14-bc11-4b43-b002-7efdca0d3003-04,4,/hkfs/work/workspace/scratch/ap7811-benchmark/1/outcome/5fe0ce14-bc11-4b43-b002-7efdca0d3003-04_00000000000000000004.png,8db8e7f6d5c8895d195ba3a12a1d6740fc2a4986c6c4ed6fe76e35a4e135d448,E128-a5b8d69f5596208ed95a98ed,False
H593-61dd525ce4c64a94855321cf,OUTCOME-0794,outcome,tul01-0001-02,3,/hkfs/work/workspace/scratch/ap7811-benchmark/1/outcome/tul01-0001-02_00000000000000000002.png,56fe332461e298138f6cab67df39d35a22605b2a7933452a4ee7a0fc3b2c7ab0,,True
H593-62a3ef9aed28fe11480a070d,OUTCOME-0528,outcome,SH230414C (250 ml Carton),4,/hkfs/work/workspace/scratch/ap7811-benchmark/1/outcome/SH230414C (250 ml Carton)_00000000000000000001.png,827cbed58ef8303dc9ce935e888aab5d76e5ec48207b0d006fa388bd119471da,,True
H593-6383fcb3c30d23a881c0d351,OUTCOME-0056,outcome,10 mL carton,4,/hkfs/work/workspace/scratch/ap7811-benchmark/1/outcome/10 mL carton_00000000000000000014.png,bb61b5450f0bfd5f3d64fbbf7cbddc703856324fdd7e8c1507d8d32df6f1403d,,True
H593-63f9178f5a1ac8c911f30671,OUTCOME-0129,outcome,200000002710_Final,4,/hkfs/work/workspace/scratch/ap7811-benchmark/1/outcome/200000002710_Final_00000000000000000001.png,4917ad5f3fac9f55bc999eedb110a0bbc5d7f552cf5350c11f670f9e74eaf115,E128-df07248ddb8b0b9d9201b239,False
H593-64732ad8af7e22ab8530b83d,OUTCOME-0636,outcome,athletes-01,4,/hkfs/work/workspace/scratch/ap7811-benchmark/1/outcome/athletes-01_00000000000000000015.png,9fdef8e03dff8fa7bc214188f15e45cb6b11e04db82894613c8e9130d4dd2bfa,,True
H593-648cf256a0655f0b4baede6a,NDV2-012-P02,new_difficult_train,Bacitracin Zinc Ointment USP Carton 0.5oz(14.2g) Rev 02-22,4,/hkfs/work/workspace/scratch/ap7811-benchmark/1/new_difficult/Bacitracin Zinc Ointment USP Carton 0.5oz(14.2g) Rev 02-22_02.jpg,9594a7708d297bc72c5e0e14fef1f6447dfeb100d11e5d5a2724be33133229ca,T128-a33e585516e1d812a5817e8e,False
H593-64d4b96748545637c220ac9d,NDV2-012-P04,new_difficult_train,Bacitracin Zinc Ointment USP Carton 0.5oz(14.2g) Rev 02-22,4,/hkfs/work/workspace/scratch/ap7811-benchmark/1/new_difficult/Bacitracin Zinc Ointment USP Carton 0.5oz(14.2g) Rev 02-22_04.jpg,c082e8649a3fe64318fac15ff79d1b28d43d869baa901d055e1f691d64b82d70,T128-e53c199e2638d8e4a8ac1f76,False
H593-64e146b0abb950dce567767c,DIFFICULT-0058,difficult,bef4f237-ccb8-4d28-bfc2-41c511a17d7f-01,1,/hkfs/work/workspace/scratch/ap7811-benchmark/1/difficult/bef4f237-ccb8-4d28-bfc2-41c511a17d7f-01_00000008.jpg,158cee75554e9c49fe8de9c29f7290fc4bd70c36996776992ccde74186207b84,,True
H593-657b8fd68285cbf2a58e2cd2,OUTCOME-0263,outcome,4_Kids_Oral_Pain_Relief,3,/hkfs/work/workspace/scratch/ap7811-benchmark/1/outcome/4_Kids_Oral_Pain_Relief_00000000000000000006.png,e68d7a28591ac32f41a468fc94829a3eed607c0003318f8c2c5b1257de548b97,E128-d43b5fdc27d1645e6c4a3019,False
H593-6643faf35f58ab82ab7e712d,OUTCOME-0496,outcome,AntifluDesbx,2,/hkfs/work/workspace/scratch/ap7811-benchmark/1/outcome/AntifluDesbx_00000000000000000008.png,ba13d9f0b24c45a8d86af48eed79f552a0c61c112e1231e2db46cea7eaa0913f,,True
H593-671d0f11f416b72cd6df22b5,OUTCOME-0324,outcome,75 100s carton,0,/hkfs/work/workspace/scratch/ap7811-benchmark/1/outcome/75 100s carton_00000000000000000008.png,1b8f096ca6e229e4fe32462958e8a8d000fbd6967b82cb50c384d87e1bf09e49,E128-7f6cdc59064e112b9d826dec,False
H593-6829310800010539ea1d94b5,OUTCOME-0237,outcome,45-carton-ai,4,/hkfs/work/workspace/scratch/ap7811-benchmark/1/outcome/45-carton-ai_00000000000000000016.png,eb42f5dc434c51cfb5e3129f3dd0732c91588ef2a839ce70e468e802f2120ddc,T128-ea86731a5e1935d41ad02168,False
H593-68c0678826661b7d2a038ac8,OUTCOME-0309,outcome,6941714017-1,0,/hkfs/work/workspace/scratch/ap7811-benchmark/1/outcome/6941714017-1_00000000000000000009.png,9973d77d6b942d88c49c73a4d2c73d6d7a05d53f17d710b5b8262c8ea5ed732d,,True
H593-6a135758a5df59039c4dd3ef,OUTCOME-0625,outcome,athletes-01,4,/hkfs/work/workspace/scratch/ap7811-benchmark/1/outcome/athletes-01_00000000000000000004.png,55ae2437bb35828f4b445a9ab60b5874535ac043e8fefb1103319d3ff84f3f7b,T128-cfd1ef91e115bd7eba51f7ca,False
H593-6a176cd4811e16620c134360,DIFFICULT-0105,difficult,int08-0008-17,0,/hkfs/work/workspace/scratch/ap7811-benchmark/1/difficult/int08-0008-17_0000003.JPG,3fa0e51f2f450f8431dd2e57ee161b291f18d8fbd9b167756fe8c684228031ad,,True
H593-6a23b1a27c51bbde9c38b5ce,OUTCOME-0389,outcome,812-6e-mucus-dm,3,/hkfs/work/workspace/scratch/ap7811-benchmark/1/outcome/812-6e-mucus-dm_00000000000000000016.png,518888b98e9ac193a152bcabfa550df391d85a4c2bee1828e0c0b7173b885755,T128-a8d8cc99981897dd06f702e8,False
H593-6a41937f82d722c1bd11db83,OUTCOME-0275,outcome,5fe0ce14-bc11-4b43-b002-7efdca0d3003-04,4,/hkfs/work/workspace/scratch/ap7811-benchmark/1/outcome/5fe0ce14-bc11-4b43-b002-7efdca0d3003-04_00000000000000000007.png,09c56f438b411fb13ab814a5c06d9d340a699a52841c05ecc08082e51e7bb43d,,True
H593-6a4848172c5de649fc0145cb,OUTCOME-0207,outcome,300000538_R-00_Final,3,/hkfs/work/workspace/scratch/ap7811-benchmark/1/outcome/300000538_R-00_Final_00000000000000000012.png,b05f3285c039c3be6c611981dce1a9792e8f37242bd3b93e89fd7316981d0692,,True
H593-6b6f28c3059152ad0505c08d,OUTCOME-0285,outcome,5fe0ce14-bc11-4b43-b002-7efdca0d3003-04,4,/hkfs/work/workspace/scratch/ap7811-benchmark/1/outcome/5fe0ce14-bc11-4b43-b002-7efdca0d3003-04_00000000000000000017.png,113aae27aa068c6569edc42e74a1dab3d8ee2b71deff1de0fa010fcecc20bfef,,True
H593-6c4ba020c70c5827dd7c5229,DIFFICULT-0024,difficult,406heb,3,/hkfs/work/workspace/scratch/ap7811-benchmark/1/difficult/406heb_00000005.jpg,509f9bcfa066739efbb06d9dc08c850cf02e8c8eb919665b77ed636eefe93b19,E128-eeaa64dc4c0389037a18dc67,False
H593-6d972ef4236570a35bc4adf0,DIFFICULT-0086,difficult,cefdinir-fig2,0,/hkfs/work/workspace/scratch/ap7811-benchmark/1/difficult/cefdinir-fig2_00000007.jpg,30d3202a83a5da96aa0f95bce411fd76e9d81935585692c5d88976d964c645a2,T128-c33adb2551318ea465d2c1f5,False
H593-6e81425780a0e9f03a924de4,OUTCOME-0721,outcome,cuvitru-19,2,/hkfs/work/workspace/scratch/ap7811-benchmark/1/outcome/cuvitru-19_00000000000000000006.png,02af8763dcf715450af38df952a9872ca10288b49a16e5c3f38b26d2c9359ceb,T128-fb13b771b168024d171708a5,False
H593-6eed4a007d0370e035410941,OUTCOME-0603,outcome,askindr carton,3,/hkfs/work/workspace/scratch/ap7811-benchmark/1/outcome/askindr carton_00000000000000000007.png,b8f2292878596880f9bf1c39716588626e0a618f3a5723c0bd38c6b7d37a1099,E128-bfa6374a6ed51d8836c7a923,False
H593-6f38112fbf3474ccf845534e,OUTCOME-0379,outcome,812-6e-mucus-dm,3,/hkfs/work/workspace/scratch/ap7811-benchmark/1/outcome/812-6e-mucus-dm_00000000000000000006.png,15ce8c42c548e678b551c215770893cefc1f82d2a9bc59897074701b28f5fa66,T128-e789ab37e23c9fc9c1b9bd03,False
H593-6fbc0bd5cc7a6fdd5e33f290,OUTCOME-0357,outcome,77l96n1c1,1,/hkfs/work/workspace/scratch/ap7811-benchmark/1/outcome/77l96n1c1_00000000000000000013.png,3871f8bf941c8faf606b745a0dbae3d5b925b3e5d5fbe45753a8b973369ab18d,,True
H593-6fd71aa96c47c72dff2bd2f2,DIFFICULT-0027,difficult,406heb,3,/hkfs/work/workspace/scratch/ap7811-benchmark/1/difficult/406heb_0000002.JPG,fd5974ccf5d29b5ada6124e62a0ea90950c42f6c1d7c9a1c152afed60a666a73,,True
H593-7090a1ee7fe6811f7fd655ec,DIFFICULT-0098,difficult,com0n-0000-04,1,/hkfs/work/workspace/scratch/ap7811-benchmark/1/difficult/com0n-0000-04_0000003.JPG,0779d2970f72e32879fe6f617bd892042386edce290de2456dac19a5ebf3b2f5,E128-09d6d749a8d072227624403e,False
H593-70d36e5f24cab2ddc78b38ea,OUTCOME-0330,outcome,766-e9-infants-pain-and-fever,0,/hkfs/work/workspace/scratch/ap7811-benchmark/1/outcome/766-e9-infants-pain-and-fever_00000000000000000003.png,4ccc135fd5a123570a399ee2d8e9408ae2049dbb17d4b0f016254ea605526d3d,,True
H593-715fe4641e960fade94872da,OUTCOME-0700,outcome,carton-1-gram-10-vial-pack-premier,2,/hkfs/work/workspace/scratch/ap7811-benchmark/1/outcome/carton-1-gram-10-vial-pack-premier_00000000000000000014.png,dbe0cf17c96cb5ec783dc331530061e384861b40538d856025efbebd48255111,T128-019d499f0e1f1bd8824ace69,False
H593-71a8e729bc95ecbd6e4dbc1e,OUTCOME-0234,outcome,45-carton-ai,4,/hkfs/work/workspace/scratch/ap7811-benchmark/1/outcome/45-carton-ai_00000000000000000013.png,cd659ea385df1263b4d6575204c10b9db68d9da3ad319b65e747e83d7c167532,T128-67be8912f2ad1743ec351cb0,False
H593-71b6e21207e212b1665f9cc6,NDV2-005-P03,new_difficult_train,24 mg Comfor-trate Tab,0,/hkfs/work/workspace/scratch/ap7811-benchmark/1/new_difficult/24 mg Comfor-trate Tab_03.jpg,ff46f9ad48e9f3df99337d776dfdfc7b2456eee665285783c1a3a14423177a36,E128-298650bcfba740e36f46f75c,False
H593-71bb9528a8ed1a01bbcf03c2,OUTCOME-0409,outcome,964901_LR,0,/hkfs/work/workspace/scratch/ap7811-benchmark/1/outcome/964901_LR_00000000000000000006.png,375b67daeeeeff5f299f0f859b1ad04a284ccfbba4c3bd07046b2c35d9ed04e8,,True
H593-72fa544dc79ae7a09a7d75c3,OUTCOME-0708,outcome,ciprofloxacin-ophthalmic-solution-2pt5ml-carton,0,/hkfs/work/workspace/scratch/ap7811-benchmark/1/outcome/ciprofloxacin-ophthalmic-solution-2pt5ml-carton_00000000000000000005.png,50b0c7880d8a43e85eb6029c91fcd1a2a9ca67430b900455e196ebe6b4d8a9ce,E128-55f9d3dc9f32f6887ad61a35,False
H593-73779fe9c390b8d75b07f9fc,OUTCOME-0472,outcome,AlkaSeltzer_36,1,/hkfs/work/workspace/scratch/ap7811-benchmark/1/outcome/AlkaSeltzer_36_00000000000000000013.png,c7250686099523310ec781f851cd8c150e1c92c3d3a606a35119f56c8feb5139,,True
H593-74f8620ac02b6e6c2a64a722,OUTCOME-0530,outcome,SH230414C (250 ml Carton),4,/hkfs/work/workspace/scratch/ap7811-benchmark/1/outcome/SH230414C (250 ml Carton)_00000000000000000003.png,0e87e0717ab1c2152d748b7157f5e8eb5d778bdfa3c3d4f631cf4a33e84e4913,,True
H593-75bb4e011323af524bb6c0a8,OUTCOME-0321,outcome,75 100s carton,0,/hkfs/work/workspace/scratch/ap7811-benchmark/1/outcome/75 100s carton_00000000000000000005.png,00b35d183d4df1d7a011f516f25a03274b0586fb32fbf5ef02b5e9b1e50ac201,E128-b67982d44a49abf70609c023,False
H593-764058385070ed8371885b31,OUTCOME-0274,outcome,5fe0ce14-bc11-4b43-b002-7efdca0d3003-04,4,/hkfs/work/workspace/scratch/ap7811-benchmark/1/outcome/5fe0ce14-bc11-4b43-b002-7efdca0d3003-04_00000000000000000006.png,06908bc9a7ed5913ee84d6f8edfa000466266efdaf126d60c81d6abdff9a4ce3,,True
H593-772d4e717709ffb1faaa4751,OUTCOME-0781,outcome,mirataz-06,2,/hkfs/work/workspace/scratch/ap7811-benchmark/1/outcome/mirataz-06_00000000000000000007.png,6c658f27d8cc5fbd3bb7f01ee6b9c8c4c845c695c083cf561a697a8642a83178,,True
H593-781e579d26df1fa016a3b3b2,OUTCOME-0055,outcome,10 mL carton,4,/hkfs/work/workspace/scratch/ap7811-benchmark/1/outcome/10 mL carton_00000000000000000013.png,9aa076b2c8c8ac1dd4f2d32e14d33ae6e5dd1deae5553bcc2fb45b2d8d5fe576,,True
H593-78606a2dd4349afc3e93a5d4,DIFFICULT-0096,difficult,com0n-0000-04,1,/hkfs/work/workspace/scratch/ap7811-benchmark/1/difficult/com0n-0000-04_0000001.JPG,d68d74e6a16e45bf9d0bbca7d49c74b2b7fc0f4a63b0634c6744794e9d0b9762,E128-cc01306449f1790d2bdb82a5,False
H593-78915e402bcb9f1d844cc49f,OUTCOME-0279,outcome,5fe0ce14-bc11-4b43-b002-7efdca0d3003-04,4,/hkfs/work/workspace/scratch/ap7811-benchmark/1/outcome/5fe0ce14-bc11-4b43-b002-7efdca0d3003-04_00000000000000000011.png,0049501792dca38ea937dee4de94e439530db318e2e37372d02011901930fcd6,,True
H593-789352ff1b5b65e23c400aa3,OUTCOME-0733,outcome,dro0b-0001-04,2,/hkfs/work/workspace/scratch/ap7811-benchmark/1/outcome/dro0b-0001-04_00000000000000000007.png,3409192d1c80c20fcee54f3869b4dc4898046b747278bdfd5f91d3cedb567dff,,True
H593-79ce3b4b2a924821dc8dc21a,OUTCOME-0094,outcome,1g7-17-allergy-nasal-spray,3,/hkfs/work/workspace/scratch/ap7811-benchmark/1/outcome/1g7-17-allergy-nasal-spray_00000000000000000001.png,cdd1aa422a4f6dc0afce473c03a6e2eebbe192ceeba78dcf49fe64f2aadd4942,E128-cd804946d3fffb5a017f25f5,False
H593-7a2a329a01beb7a806b52b3e,OUTCOME-0576,outcome,alp0b-0002-29,0,/hkfs/work/workspace/scratch/ap7811-benchmark/1/outcome/alp0b-0002-29_00000000000000000009.png,f2049cd8617674da8f3bb543d2791f147a06d27a1ca1d6e9860094d1f10cac3b,,True
H593-7b06dd98b68f8bb5cfaf5ee9,OUTCOME-0488,outcome,Anti-wrinkle EYE CREAM,1,/hkfs/work/workspace/scratch/ap7811-benchmark/1/outcome/Anti-wrinkle EYE CREAM_00000000000000000011.jpg,13dfb5e13db21e7971025cab58e97cf54f8984586cbbf3f9f1b507f01198f283,,True
H593-7b7e5008423565e7dabb7046,OUTCOME-0758,outcome,kedbumin-02,1,/hkfs/work/workspace/scratch/ap7811-benchmark/1/outcome/kedbumin-02_00000000000000000008.png,2c49fe0ba458ed86f49c5d5371768254adb1f70b4cf4c5d12cc4ae491d1a5843,,True
H593-7bb65212a753515cfe27d488,OUTCOME-0473,outcome,AlkaSeltzer_36,1,/hkfs/work/workspace/scratch/ap7811-benchmark/1/outcome/AlkaSeltzer_36_00000000000000000014.png,8ed1e59a8e3f7643fd9f66ab63a813c98730072d36e37f62d37c57761de926b4,,True
H593-7bec97dabbf6cdb58e99fd1c,OUTCOME-0438,outcome,ASP Cough Mucus Congestion PMG 24ct,1,/hkfs/work/workspace/scratch/ap7811-benchmark/1/outcome/ASP Cough Mucus Congestion PMG 24ct_00000000000000000006.png,58545c26f42820eb9df006653d90e92c320cccd9f04c2f73c8eaf434e7102023,E128-292f25b074b7be82436a67ca,False
H593-7c514d458a3698754aa405bc,OUTCOME-0435,outcome,ASP Cough Mucus Congestion PMG 24ct,1,/hkfs/work/workspace/scratch/ap7811-benchmark/1/outcome/ASP Cough Mucus Congestion PMG 24ct_00000000000000000003.png,268216a578a8bed1b9d8387079d984833586798d9392042166d5c5ee836403e0,E128-c1fa9b6dbde35d3c4d6d5bf8,False
H593-7c5d7856df1eaee4c5e9743d,OUTCOME-0753,outcome,kedbumin-02,1,/hkfs/work/workspace/scratch/ap7811-benchmark/1/outcome/kedbumin-02_00000000000000000003.png,c1ca1268a6478e314e30a7927df5211508b8c07806ce194b869ea4aba57a4cbf,T128-7a972fedee4f4f893f337399,False
H593-7c6edd0dd50c429fa6b1d952,OUTCOME-0492,outcome,AntifluDesbx,2,/hkfs/work/workspace/scratch/ap7811-benchmark/1/outcome/AntifluDesbx_00000000000000000004.png,1af76bc6cdc13cf6a41fb766ca11ed9563cf5982bbd481c3f461478cedcf00f8,,True
H593-7d06b1868b0027825f88ef1c,OUTCOME-0202,outcome,300000538_R-00_Final,3,/hkfs/work/workspace/scratch/ap7811-benchmark/1/outcome/300000538_R-00_Final_00000000000000000007.png,55d8e19cf3a845b1481ae15ace377d2bd3e7baf3b8db0dcc6f2f4acb6f8313a6,,True
H593-7d0da05ef415f738c2552977,OUTCOME-0761,outcome,kedbumin-02,1,/hkfs/work/workspace/scratch/ap7811-benchmark/1/outcome/kedbumin-02_00000000000000000011.png,0b3c6931625e3a27cb0c9d5b05d5e8d796cd74898058aaf1c5ffff0ee82cc5dd,,True
H593-7d8b07a3d2656655a4aca7bb,OUTCOME-0246,outcome,469584,2,/hkfs/work/workspace/scratch/ap7811-benchmark/1/outcome/469584_00000000000000000007.png,c05d12636f1b5bfffab4182ce183458a328367dfa556df3d1bcfa8fc722e6559,,True
H593-7d98c429f6f7e1e10918800b,OUTCOME-0054,outcome,10 mL carton,4,/hkfs/work/workspace/scratch/ap7811-benchmark/1/outcome/10 mL carton_00000000000000000012.png,1c13d3f45270f1ca1d02f2e6cfd072f1ed62e3ddb79230be0137686a8c00d840,,True
H593-7dacd3aadc7a3c0857f02206,OUTCOME-0327,outcome,75 100s carton,0,/hkfs/work/workspace/scratch/ap7811-benchmark/1/outcome/75 100s carton_00000000000000000011.png,0b4de43cdf902a02e9d0227390019fa128f7a79cbe9893fc9dd2729a6697477e,E128-c8e00bdba2825679d7aaaf6e,False
H593-7e69370b1238d0d64a7652cd,OUTCOME-0602,outcome,askindr carton,3,/hkfs/work/workspace/scratch/ap7811-benchmark/1/outcome/askindr carton_00000000000000000006.png,7465641a16fed94d2afced636342cb054d526970586148fc6d0e3bf8deb88b87,E128-8612aa1d3f22611774a6327c,False
H593-7e8b411c2369c244ad7087b2,OUTCOME-0402,outcome,83324304-60,0,/hkfs/work/workspace/scratch/ap7811-benchmark/1/outcome/83324304-60_00000000000000000013.png,7e82db4d268e6916e596b2b6b2ccd3d064b49841a040eb3be1f5cfe59d33dfc9,,True
H593-7ee5e502bef1035c68e37c1a,OUTCOME-0323,outcome,75 100s carton,0,/hkfs/work/workspace/scratch/ap7811-benchmark/1/outcome/75 100s carton_00000000000000000007.png,b3f53b6c22befb8496bf9c2699f15230aba2908027b90d0f1b9d9f894d44b8b7,,True
H593-7ef48aba809a41bdbf3bca77,OUTCOME-0097,outcome,1g7-17-allergy-nasal-spray,3,/hkfs/work/workspace/scratch/ap7811-benchmark/1/outcome/1g7-17-allergy-nasal-spray_00000000000000000004.png,0a612f53747b255485815439c8ddb3e8e8cf3d3cc72ed19e549e5ab82f426c78,,True
H593-7ef565e4b6b34418380c35a3,DIFFICULT-0057,difficult,bef4f237-ccb8-4d28-bfc2-41c511a17d7f-01,1,/hkfs/work/workspace/scratch/ap7811-benchmark/1/difficult/bef4f237-ccb8-4d28-bfc2-41c511a17d7f-01_00000007.jpg,e1cecb781eaf3b03b8e6d686e4a6979de25e2dd10a2c166056ea3e3ed5159500,T128-796735f988d0a756b630d0af,False
H593-7f0d1bb3ad1b26bad23006b9,OUTCOME-0439,outcome,ASP Cough Mucus Congestion PMG 24ct,1,/hkfs/work/workspace/scratch/ap7811-benchmark/1/outcome/ASP Cough Mucus Congestion PMG 24ct_00000000000000000007.png,5885af0890eb68782671bd1baa5ad3eeaf7af7bacf812063514f3b5f749127bb,E128-b239134c33d79454bda0e739,False
H593-7f0f41ced5016535e6387661,OUTCOME-0106,outcome,1g7-17-allergy-nasal-spray,3,/hkfs/work/workspace/scratch/ap7811-benchmark/1/outcome/1g7-17-allergy-nasal-spray_00000000000000000013.png,ad3d3083f9b08e8756199ff5c0dde47e75a8bbd7c042431262d285c162da19e2,E128-5dbeabd0136f7d2f40fd4b18,False
H593-7f2d9238a94e1a0d377e3c3d,NDV2-003-P02,new_difficult_train,160mgcarton,0,/hkfs/work/workspace/scratch/ap7811-benchmark/1/new_difficult/160mgcarton_02.jpg,7485415f980fba7a6fb96517853917ec6b99f9046e1f80f650faaf631adf3d3d,,True
H593-7f660327bc71c144559f7752,OUTCOME-0444,outcome,ASP Cough Mucus Congestion PMG 24ct,1,/hkfs/work/workspace/scratch/ap7811-benchmark/1/outcome/ASP Cough Mucus Congestion PMG 24ct_00000000000000000012.png,1328677cd2f338813e521c1d9e968a44eb9e55c5311563081305db87a4d452e5,E128-163993eb93be695f2f9cf3df,False
H593-7f9909762046898e336e4643,OUTCOME-0694,outcome,carton-1-gram-10-vial-pack-premier,2,/hkfs/work/workspace/scratch/ap7811-benchmark/1/outcome/carton-1-gram-10-vial-pack-premier_00000000000000000008.png,80a6f3721da69b962e6caf26c81733c9c621f5c6b52448cdc41fba772e8b32f2,,True
H593-80833abd79f8f663bae6168f,OUTCOME-0400,outcome,83324304-60,0,/hkfs/work/workspace/scratch/ap7811-benchmark/1/outcome/83324304-60_00000000000000000010.png,8505b86c6d83ac0ccff8df56e40d3879a45b5e6a2e21dcd3c6c4730416f96e3b,,True
H593-8084a71b01d9f785089e6ccd,OUTCOME-0699,outcome,carton-1-gram-10-vial-pack-premier,2,/hkfs/work/workspace/scratch/ap7811-benchmark/1/outcome/carton-1-gram-10-vial-pack-premier_00000000000000000013.png,996887356f2c2d042ed8188c7cbef3a9ff88518b36a872b2773b5e27fdec3f8d,T128-310c350c693e874f3d4a86e2,False
H593-80c5e47b3fd61cde75299862,NDV2-011-P03,new_difficult_train,Bacitracin  14.2g 0.5oz carton label rev 09 2021,4,/hkfs/work/workspace/scratch/ap7811-benchmark/1/new_difficult/Bacitracin  14.2g 0.5oz carton label rev 09 2021_03.jpg,909015ff3aeeb8488109a1037f3bb2af99af9dc6216064c4546f8b76772d644d,,True
H593-81dbdb08652482bd8788ce02,OUTCOME-0135,outcome,200000002710_Final,4,/hkfs/work/workspace/scratch/ap7811-benchmark/1/outcome/200000002710_Final_00000000000000000007.png,cd9c6c61f36c956069cdd41808add04c11dc4ff497b48388e108298ec8204b15,,True
H593-820e5167c392828d4e579768,OUTCOME-0819,outcome,vetoryl-09,2,/hkfs/work/workspace/scratch/ap7811-benchmark/1/outcome/vetoryl-09_00000000000000000012.png,d580c45ed2c14a862c16a10a58497f50710e2783c24280552657d7560172f00e,E128-492de8863c6f90999c1337e5,False
H593-8266ebf78426769d3bbbec9c,OUTCOME-0764,outcome,kedbumin-02,1,/hkfs/work/workspace/scratch/ap7811-benchmark/1/outcome/kedbumin-02_00000000000000000014.png,bbae9a2379e570ada94c648025acd4f9cc460e3db47d4fd816dc4724f112a311,,True
H593-8285fd5984e94e029faac844,OUTCOME-0201,outcome,300000538_R-00_Final,3,/hkfs/work/workspace/scratch/ap7811-benchmark/1/outcome/300000538_R-00_Final_00000000000000000006.png,55c20b252663370c4b81876d63a6075b2e6db10b29323b3feeee899411c61bb1,E128-f31856996e474d82a2d8ef25,False
H593-82accb6320d90d4f40f6aee3,OUTCOME-0712,outcome,ciprofloxacin-ophthalmic-solution-2pt5ml-carton,0,/hkfs/work/workspace/scratch/ap7811-benchmark/1/outcome/ciprofloxacin-ophthalmic-solution-2pt5ml-carton_00000000000000000009.png,b9bf14921d2b8316fa34232ca45a69a484004d174ba4b5577e080770f111c448,E128-d080365f6d65b5883b602988,False
H593-83ae5f0f0c0328c63ca8ba2c,OUTCOME-0656,outcome,bb morning carton,4,/hkfs/work/workspace/scratch/ap7811-benchmark/1/outcome/bb morning carton_00000000000000000007.png,08acb7e0f1a5f5b96bc6f4f91992b2f73064b4e2105de75fe64fadb8f81f028c,T128-f61385e9df53d419294832a6,False
H593-83c5074ae46b2bcd08002e11,OUTCOME-0313,outcome,6941714017-1,0,/hkfs/work/workspace/scratch/ap7811-benchmark/1/outcome/6941714017-1_00000000000000000013.png,207ea334b38ab32db36fffd7c469aa058ebefcdac0f515b8b9360738066eef1e,,True
H593-846e1664026a641b27c25c21,OUTCOME-0652,outcome,bb morning carton,4,/hkfs/work/workspace/scratch/ap7811-benchmark/1/outcome/bb morning carton_00000000000000000003.png,6e3ed6cfb297f29c04bf8988000305f6824f1aad96ac1b433b4060210272a124,,True
H593-8471180120a9a4d1308aa35b,OUTCOME-0748,outcome,int07-0006-04,3,/hkfs/work/workspace/scratch/ap7811-benchmark/1/outcome/int07-0006-04_00000000000000000010.png,24aba52659f86e92e68b58123b111f69923e563ba1313075d9ccc7367bbd4a25,T128-5735f6689896f740421eab0b,False
H593-856f6cccd12a19abbefd0068,OUTCOME-0791,outcome,mirataz-06,2,/hkfs/work/workspace/scratch/ap7811-benchmark/1/outcome/mirataz-06_00000000000000000017.png,7ba92014161fad416cd37c023e7bd162a9bc5d9ce781dfe28db53f35a196bdca,,True
H593-85ad4b95b4f6fc8b44843023,OUTCOME-0312,outcome,6941714017-1,0,/hkfs/work/workspace/scratch/ap7811-benchmark/1/outcome/6941714017-1_00000000000000000012.png,d5655529f8b245c7a721bf3d6a82d2eacc209cb666a803de4817dbc1242442cd,,True
H593-86dacdfaa7e49eed6c7701bc,OUTCOME-0627,outcome,athletes-01,4,/hkfs/work/workspace/scratch/ap7811-benchmark/1/outcome/athletes-01_00000000000000000006.png,387545c1c69bae8ecf24e72389ab56e6c12d4a9d996f19ddd1f4600b1a9b27ec,,True
H593-873815a4220226b46cf86099,OUTCOME-0347,outcome,77l96n1c1,1,/hkfs/work/workspace/scratch/ap7811-benchmark/1/outcome/77l96n1c1_00000000000000000002.png,158d2a9a0ee0d55444471fa787db0d053d4d141a7221e79d79c7c04101eb3486,,True
H593-87ac2a4b8bc60542af7bf709,OUTCOME-0244,outcome,469584,2,/hkfs/work/workspace/scratch/ap7811-benchmark/1/outcome/469584_00000000000000000005.png,531bd1eecba8e4734b5a788c3e92b530f0bba65d0f63d0bf27bb82376fdceb2c,T128-c82c816f2618b258af418973,False
H593-89f858095a471767364e3a86,OUTCOME-0096,outcome,1g7-17-allergy-nasal-spray,3,/hkfs/work/workspace/scratch/ap7811-benchmark/1/outcome/1g7-17-allergy-nasal-spray_00000000000000000003.png,9f0e676320b153e9bc2708075a36c4d54c34be58aa4159df8ab0fb88bd3ae75a,E128-307ef9f2c6c020ce324c79f4,False
H593-8a0c8f3872f6604400a4f5a3,OUTCOME-0766,outcome,lox01-0004-14,1,/hkfs/work/workspace/scratch/ap7811-benchmark/1/outcome/lox01-0004-14_00000000000000000002.png,09dce22db0318403ae1314760ef46760442deafb0b25c2e4e86e2f4a55770832,,True
H593-8a536eb4afa1e192028304cb,OUTCOME-0736,outcome,dro0b-0001-04,2,/hkfs/work/workspace/scratch/ap7811-benchmark/1/outcome/dro0b-0001-04_00000000000000000010.png,d6d0b29bb285766bccd163b8ba3bd995371579f8bd580357c62b086bf1a069b8,,True
H593-8b7ecf77a17bdcf3073f645c,OUTCOME-0376,outcome,812-6e-mucus-dm,3,/hkfs/work/workspace/scratch/ap7811-benchmark/1/outcome/812-6e-mucus-dm_00000000000000000003.png,3487dd8994f438f3e3e6c731a9e8d98ef57f6fe1fd5b094cdc82080aa7ee5ee8,T128-89549dfc75157ded0c997d91,False
H593-8bb2544752c9d69209d15c50,OUTCOME-0818,outcome,vetoryl-09,2,/hkfs/work/workspace/scratch/ap7811-benchmark/1/outcome/vetoryl-09_00000000000000000011.png,b111a943691a2aa71b25cb477da8455e33ed883ea51ff429732cbdc270f48cec,E128-d061012f4ce2533c2a321105,False
H593-8cfc3f4dd768e6bfd60f2810,OUTCOME-0107,outcome,1g7-17-allergy-nasal-spray,3,/hkfs/work/workspace/scratch/ap7811-benchmark/1/outcome/1g7-17-allergy-nasal-spray_00000000000000000014.png,40d4735eb62e06cfc45fc49c3a7c9dabb023c1932141385c3aee7aa12fed045c,,True
H593-8d6854acb79630102d79485a,OUTCOME-0779,outcome,mirataz-06,2,/hkfs/work/workspace/scratch/ap7811-benchmark/1/outcome/mirataz-06_00000000000000000005.png,b15c372ac6b42cf883c4a85c6c7160c190005e43631c27edaa4ef518dbe01407,,True
H593-8de398eccd35d2516c677aaa,OUTCOME-0287,outcome,60mg carton,1,/hkfs/work/workspace/scratch/ap7811-benchmark/1/outcome/60mg carton_00000000000000000002.png,fd92f4442fd3703ebac835e6056d8cf4fef1d207bb071342b63ddf308e214d41,T128-98bc7f2f5d5527390a6cdaf2,False
H593-8dfa0524053f87e724996a9e,DIFFICULT-0000,difficult,350 label,3,/hkfs/work/workspace/scratch/ap7811-benchmark/1/difficult/350 label_00000001.jpg,2c8905d62e33b510e7febc56e10a0d62e01a9e063b81d92cb6cdb6a28783387d,,True
H593-8f096c4d02544b0511563036,OUTCOME-0292,outcome,60mg carton,1,/hkfs/work/workspace/scratch/ap7811-benchmark/1/outcome/60mg carton_00000000000000000007.png,b4c0a81001ac59d53fdf6ce857907302294807a6112f380fa7e56f20ce126e8c,T128-3bd418e1ff6cd4b3eee71d50,False
H593-8f781475641ffa2c1fa69d45,OUTCOME-0491,outcome,AntifluDesbx,2,/hkfs/work/workspace/scratch/ap7811-benchmark/1/outcome/AntifluDesbx_00000000000000000003.png,174462a382936f21f06aa1d5064daefca4fee7b86432c742da63652b60f47e33,T128-9ce553d4fc70c3b8d45e3e9f,False
H593-8f8d5f7b173a9997dbb55c20,OUTCOME-0199,outcome,300000538_R-00_Final,3,/hkfs/work/workspace/scratch/ap7811-benchmark/1/outcome/300000538_R-00_Final_00000000000000000004.png,59a7eb3428f3f657fac967ee9735eb47a40ba8ff3d7676c336a24c90c3e2557a,,True
H593-901d8e16d1938d576207e589,DIFFICULT-0031,difficult,5377c041-b6fc-4dde-ac96-bd9e4e94e456-10,2,/hkfs/work/workspace/scratch/ap7811-benchmark/1/difficult/5377c041-b6fc-4dde-ac96-bd9e4e94e456-10_00000001.jpg,45a1eefe5570d8932d259caa647c23c29c46013a62143eb79c923c63da7ab761,,True
H593-90acde9b0567a472f4232120,DIFFICULT-0083,difficult,cefdinir-fig2,0,/hkfs/work/workspace/scratch/ap7811-benchmark/1/difficult/cefdinir-fig2_00000004.jpg,c926b33d2d03db03f963a8a01e116bad41940354059d8c594b0e5129fcd3501e,T128-74afd5bc3f859cb302229118,False
H593-913ec852ccd620d36cfbe8d5,DIFFICULT-0040,difficult,734-uw-mint-mini-nicotine-lozenge,1,/hkfs/work/workspace/scratch/ap7811-benchmark/1/difficult/734-uw-mint-mini-nicotine-lozenge_00000001.jpg,d2377339b5c178d49571519827585ff3aed2b583fa23f6f3080e15e51e3393e2,,True
H593-928c2091183fb7bc5e8d8c76,OUTCOME-0632,outcome,athletes-01,4,/hkfs/work/workspace/scratch/ap7811-benchmark/1/outcome/athletes-01_00000000000000000011.png,ded2b7f811fcd0377dd52b6e3460a7803ff4c5b79327924726568dfbcbdfcf29,,True
H593-93bb466d99aefd144ec856ee,OUTCOME-0318,outcome,75 100s carton,0,/hkfs/work/workspace/scratch/ap7811-benchmark/1/outcome/75 100s carton_00000000000000000002.png,87d7e1331b3038a62fcd0f31c7e711114a92d976dbb67d3310ee31c1155f18fb,,True
H593-94c8aface219e35791ceaea6,OUTCOME-0697,outcome,carton-1-gram-10-vial-pack-premier,2,/hkfs/work/workspace/scratch/ap7811-benchmark/1/outcome/carton-1-gram-10-vial-pack-premier_00000000000000000011.png,d37782150bea3e952258d83353827ad6d42776cba920462352fe869c3e0d3bde,,True
H593-94f0441d80c908de395777ea,OUTCOME-0532,outcome,SH230414C (250 ml Carton),4,/hkfs/work/workspace/scratch/ap7811-benchmark/1/outcome/SH230414C (250 ml Carton)_00000000000000000005.png,5b21aa76cc4c1a3797002844f31d3213987f44e449ec5afee2ba1f48ca4ee3f6,,True
H593-9567a5b390df83a314dbfab1,OUTCOME-0365,outcome,80mg-cart-np,0,/hkfs/work/workspace/scratch/ap7811-benchmark/1/outcome/80mg-cart-np_00000000000000000008.png,18ffb6e797f94e3c99a4c0fcf7218aa1d1822276bdca6be50d6584a3be3ea813,,True
H593-95b957426a8c934b0bb6e8c5,OUTCOME-0102,outcome,1g7-17-allergy-nasal-spray,3,/hkfs/work/workspace/scratch/ap7811-benchmark/1/outcome/1g7-17-allergy-nasal-spray_00000000000000000009.png,7247f008f2067eb2fa079469f4108a1319c15744c5f5fac9b41ce2cb73b69e8f,,True
H593-9609a1ade70bc285b43d714c,OUTCOME-0698,outcome,carton-1-gram-10-vial-pack-premier,2,/hkfs/work/workspace/scratch/ap7811-benchmark/1/outcome/carton-1-gram-10-vial-pack-premier_00000000000000000012.png,bc0d79316fec0b2d3729e9ca7064eb719a437682e8854fb79c16a9f383636052,T128-dc1d69b92a60ef09d2cc2dbd,False
H593-960ffe9ce8453f803f0d7069,NDV2-003-P03,new_difficult_train,160mgcarton,0,/hkfs/work/workspace/scratch/ap7811-benchmark/1/new_difficult/160mgcarton_03.jpg,4f97f6db51d22acd01f53734c1de14beed4b84264e3cac971d89b41fde34991b,E128-a7a87832531b877b74769850,False
H593-96b120672ad18ee05520c1c2,NDV2-007-P02,new_difficult_train,45mg PFS CArton,0,/hkfs/work/workspace/scratch/ap7811-benchmark/1/new_difficult/45mg PFS CArton_02.jpg,749b72e4c825c1dd7b558ac7dbc2bf8a02b6ccaf6d05ad19ca65d94fe1903e56,T128-218d52d6ce5f82d286c2c83c,False
H593-9758eb12de9aee217daf447c,DIFFICULT-0090,difficult,cefdinir-fig2,0,/hkfs/work/workspace/scratch/ap7811-benchmark/1/difficult/cefdinir-fig2_002.JPG,d4b8067813323602eda1cb395ef673d85c40b22625b9d000a4175ff948485178,T128-e509f2f6bfed76ce8839f822,False
H593-978cc9932e208401b21a7478,OUTCOME-0355,outcome,77l96n1c1,1,/hkfs/work/workspace/scratch/ap7811-benchmark/1/outcome/77l96n1c1_00000000000000000011.png,ab2e7aaaffec073001b73745065ea0fefcdbe88b5ac0020261edf6c0e95772d3,,True
H593-978f4b594ec67d209cdfd758,OUTCOME-0704,outcome,ciprofloxacin-ophthalmic-solution-2pt5ml-carton,0,/hkfs/work/workspace/scratch/ap7811-benchmark/1/outcome/ciprofloxacin-ophthalmic-solution-2pt5ml-carton_00000000000000000001.png,3767a20f3f71e6c684a622a977b2757819873145678171f8fc6e371b8a3f6e23,E128-44f6003c4fc9b1ceebbdf42c,False
H593-979d4429602e6c4a69aa6724,OUTCOME-0585,outcome,anti caries toothpaste carton,4,/hkfs/work/workspace/scratch/ap7811-benchmark/1/outcome/anti caries toothpaste carton_00000000000000000007.png,a394ca47a15ff544832ec8174fe9e4f7a47358fb31209e20a30b45ec065dcced,T128-bb178782ac8196d93babc087,False
H593-999f83e11a6c2a0fac269ff5,DIFFICULT-0033,difficult,5377c041-b6fc-4dde-ac96-bd9e4e94e456-10,2,/hkfs/work/workspace/scratch/ap7811-benchmark/1/difficult/5377c041-b6fc-4dde-ac96-bd9e4e94e456-10_00000003.jpg,e8d9d0fa88506f47f3c58ec58318e640895f1fba3c4ff7e31da99be7a76bf4d3,E128-c5575bf2a84da044f4635ed0,False
H593-9a4d47022d3146e0af92e33f,OUTCOME-0404,outcome,964901_LR,0,/hkfs/work/workspace/scratch/ap7811-benchmark/1/outcome/964901_LR_00000000000000000001.png,403d56643a0b66973499f4bcf2806164d3482549fd52825f64695865b8820572,,True
H593-9adc04030a70fadc516c205a,OUTCOME-0412,outcome,964901_LR,0,/hkfs/work/workspace/scratch/ap7811-benchmark/1/outcome/964901_LR_00000000000000000009.png,8bc3a7a3577518f033de4a93b7295b84b4d27d09313fc7226ecbd6ccd2f82e2d,,True
H593-9b0fe03a3633ed99ecc96e21,OUTCOME-0630,outcome,athletes-01,4,/hkfs/work/workspace/scratch/ap7811-benchmark/1/outcome/athletes-01_00000000000000000009.png,435319f3a70d5a364d9ac7180255af090dc56f94dda0c01552b3174d96f008bf,,True
H593-9b681db8e5117d318b40d460,DIFFICULT-0032,difficult,5377c041-b6fc-4dde-ac96-bd9e4e94e456-10,2,/hkfs/work/workspace/scratch/ap7811-benchmark/1/difficult/5377c041-b6fc-4dde-ac96-bd9e4e94e456-10_00000002.jpg,6951c949b831af49ada92f22eea6c628775e738f6765ccd2d2727b59bd75c34e,,True
H593-9bb742601df8e97873473bfd,OUTCOME-0308,outcome,6941714017-1,0,/hkfs/work/workspace/scratch/ap7811-benchmark/1/outcome/6941714017-1_00000000000000000007.png,03df1f5abf1d6a3dee02e993b181abac5026db50bd04cf4cea2df83d9da49437,T128-b3c45d803aa1b899e5e20708,False
H593-9bea68f2367dffd8339109ca,OUTCOME-0405,outcome,964901_LR,0,/hkfs/work/workspace/scratch/ap7811-benchmark/1/outcome/964901_LR_00000000000000000002.png,a2635073f4550a08194d0589a3d3017baa7aa4a7a0273275941b175c3fa92b80,E128-92b1055869d269823230a828,False
H593-9c0aaa63096534849ab64b8c,OUTCOME-0597,outcome,askindr carton,3,/hkfs/work/workspace/scratch/ap7811-benchmark/1/outcome/askindr carton_00000000000000000001.png,a018168fa8c88d4c9154c12e5ad80983d2acd393c25c56eea2653b4164d5acb4,,True
H593-9c93b71a9b46da8e1ed6f3db,OUTCOME-0568,outcome,alp0b-0002-29,0,/hkfs/work/workspace/scratch/ap7811-benchmark/1/outcome/alp0b-0002-29_00000000000000000001.png,6144899fdfeb5e690877ffca36b902c23574d8b664ab869be0099838e8103fa3,,True
H593-9ca7dde32b05ab798ccbfa8f,NDV2-002-P03,new_difficult_train,160 mg Comfor-trate Tab,0,/hkfs/work/workspace/scratch/ap7811-benchmark/1/new_difficult/160 mg Comfor-trate Tab_03.jpg,07dc942ccf24fd430aa2309d93a469566394d73fe63d4001df4c71ad57ada59a,,True
H593-9d32a43e7529d136a5b58964,OUTCOME-0432,outcome,A41(1),3,/hkfs/work/workspace/scratch/ap7811-benchmark/1/outcome/A41(1)_00000000000000000019.png,1a510aba547e1d648d2d58c6a26c0b616b23e9172d2500fe93af071b6bf27f5e,,True
H593-9d9064b348467a8bd0f8b9e3,OUTCOME-0801,outcome,tul01-0001-02,3,/hkfs/work/workspace/scratch/ap7811-benchmark/1/outcome/tul01-0001-02_00000000000000000010.png,9c2213949d7e0e69aec83c2bd6ff424d19b072ac330a9d0ee16289b0c555af5e,E128-7eb77716689e1e94feb3aca1,False
H593-9daaa4e49269fe8b0df59c8c,OUTCOME-0599,outcome,askindr carton,3,/hkfs/work/workspace/scratch/ap7811-benchmark/1/outcome/askindr carton_00000000000000000003.png,efa759a25a9c5dbefc422e6e57712e915a8d08d80b5c3c46186cffd2e9648d86,,True
H593-9ed31ed09c4b3cb0fa797e4b,DIFFICULT-0004,difficult,350 label,3,/hkfs/work/workspace/scratch/ap7811-benchmark/1/difficult/350 label_0000002.JPG,c90aadd703ee36ef5739b18a014d864cbba1a9ee41ee397d44add41cffb20b22,,True
H593-9ed878a775d721d5d77a491d,DIFFICULT-0054,difficult,bef4f237-ccb8-4d28-bfc2-41c511a17d7f-01,1,/hkfs/work/workspace/scratch/ap7811-benchmark/1/difficult/bef4f237-ccb8-4d28-bfc2-41c511a17d7f-01_00000004.jpg,48f1d2b35715ace682bd590db6aae3007a4ab2c9061ff1ca8bcbad1e93e092cc,,True
H593-9ef1d8c2590d6487518c2d18,OUTCOME-0161,outcome,2021 Lice Freee!_6ozPOP R2a,3,/hkfs/work/workspace/scratch/ap7811-benchmark/1/outcome/2021 Lice Freee!_6ozPOP R2a_00000000000000000004.png,ee393f2c2b50def6eb491cf4b826e1c12c3a933d493647dca4e058987e29d14b,,True
H593-9f8dd01155f74649239042a7,OUTCOME-0171,outcome,2021 Lice Freee!_6ozPOP R2a,3,/hkfs/work/workspace/scratch/ap7811-benchmark/1/outcome/2021 Lice Freee!_6ozPOP R2a_00000000000000000014.png,71a0dab1e3a6a114ca4a08b13a1775041598ca398d442529e942bde39f960a07,,True
H593-9f91daf2068d31d6a3605a12,OUTCOME-0167,outcome,2021 Lice Freee!_6ozPOP R2a,3,/hkfs/work/workspace/scratch/ap7811-benchmark/1/outcome/2021 Lice Freee!_6ozPOP R2a_00000000000000000010.png,63e1c26170a99a04dffc5ea96f0674cec15cceb008a434e955117085ad3adee0,T128-8f1794d245a835c16a547a74,False
H593-a04fed19b50c1df3dfaa07e3,OUTCOME-0196,outcome,300000538_R-00_Final,3,/hkfs/work/workspace/scratch/ap7811-benchmark/1/outcome/300000538_R-00_Final_00000000000000000001.png,4dfba78901c38dc4a4e3924e2b8a2beb71d6475dae7c5a703e0dec3d5f5fcb41,E128-37552aee33da6c6b6e4a810d,False
H593-a05ecc9947c81d4eb4b6ee3b,OUTCOME-0691,outcome,carton-1-gram-10-vial-pack-premier,2,/hkfs/work/workspace/scratch/ap7811-benchmark/1/outcome/carton-1-gram-10-vial-pack-premier_00000000000000000005.png,7e27ddaf2ec7b7c55d06894f3259329397dce3a274402bde61d069cffe9e3c27,,True
H593-a0c47eb239ac25d662c34c18,OUTCOME-0534,outcome,SH230414C (250 ml Carton),4,/hkfs/work/workspace/scratch/ap7811-benchmark/1/outcome/SH230414C (250 ml Carton)_00000000000000000007.png,f3a74231b9fc902e720212bd73b063a8b06949c2e7d7a57d70c6d8b17d5141a8,,True
H593-a0d714dbbee06d9907f4d20e,OUTCOME-0306,outcome,6941714017-1,0,/hkfs/work/workspace/scratch/ap7811-benchmark/1/outcome/6941714017-1_00000000000000000005.png,7978ae35db7b710db9bb13efd8f28bcb80a383a5b384bb058fa203590aeaa424,,True
H593-a114ff1f00cbc465a5ace6d8,OUTCOME-0160,outcome,2021 Lice Freee!_6ozPOP R2a,3,/hkfs/work/workspace/scratch/ap7811-benchmark/1/outcome/2021 Lice Freee!_6ozPOP R2a_00000000000000000003.png,8919b554bbd555e66bce8a3e5611a929c470538500124db81597f86f58395a87,,True
H593-a1bceaf731739690029b37c4,OUTCOME-0715,outcome,ciprofloxacin-ophthalmic-solution-2pt5ml-carton,0,/hkfs/work/workspace/scratch/ap7811-benchmark/1/outcome/ciprofloxacin-ophthalmic-solution-2pt5ml-carton_00000000000000000012.png,30ebda886fe6c96907c09635cfd8d60f4091eef7d08058c6e1c68660b0e7078a,,True
H593-a1daf11a61705b1051217902,OUTCOME-0604,outcome,askindr carton,3,/hkfs/work/workspace/scratch/ap7811-benchmark/1/outcome/askindr carton_00000000000000000008.png,43eca55aded800ef66b716ad5a5533e7f4791eaaa3254d3a713c377b11bfb605,,True
H593-a20c04fa7e2500016ce114e2,DIFFICULT-0052,difficult,bef4f237-ccb8-4d28-bfc2-41c511a17d7f-01,1,/hkfs/work/workspace/scratch/ap7811-benchmark/1/difficult/bef4f237-ccb8-4d28-bfc2-41c511a17d7f-01_00000002.jpg,f1c7447a6c351d22811a024cc58173e3645a943e98cb1ac6fbe3b1f36b6b2b6f,,True
H593-a2c507612d213253be128e81,OUTCOME-0474,outcome,AlkaSeltzer_36,1,/hkfs/work/workspace/scratch/ap7811-benchmark/1/outcome/AlkaSeltzer_36_00000000000000000015.png,6aad1dd27ca35e062d8e87f6027b1b2018647c3df405ae0422ce8064b64b452f,,True
H593-a2df01b6d16cae1702ebe6de,OUTCOME-0172,outcome,2021 Lice Freee!_6ozPOP R2a,3,/hkfs/work/workspace/scratch/ap7811-benchmark/1/outcome/2021 Lice Freee!_6ozPOP R2a_00000000000000000015.png,324805558f8eab410df4ce619c374b1f5b8b564ee31bcb45e4705f6ba3afc138,,True
H593-a31a10e1b469032cc39968ef,OUTCOME-0105,outcome,1g7-17-allergy-nasal-spray,3,/hkfs/work/workspace/scratch/ap7811-benchmark/1/outcome/1g7-17-allergy-nasal-spray_00000000000000000012.png,8de5bb008b6a1fe7eeb2e5bc9832f067e081f6a62ae7bd17faa678fcf7e8c4ce,E128-a44c9ce373a2087d04d7357b,False
H593-a37be078955ca99fb50d7a4f,DIFFICULT-0036,difficult,5377c041-b6fc-4dde-ac96-bd9e4e94e456-10,2,/hkfs/work/workspace/scratch/ap7811-benchmark/1/difficult/5377c041-b6fc-4dde-ac96-bd9e4e94e456-10_0000002.JPG,62c21c98082774b90fefa69fd91183e3c3ffee45876b3aa716d36043fdd4b2a0,,True
H593-a3e7d6500b6b7e33262f9143,OUTCOME-0305,outcome,6941714017-1,0,/hkfs/work/workspace/scratch/ap7811-benchmark/1/outcome/6941714017-1_00000000000000000004.png,b3265ad4eb1059800402b146e2d7a63b7a90a815ee3e728608d02d2a865e88d7,,True
H593-a487586dad789825a5e5de7e,OUTCOME-0170,outcome,2021 Lice Freee!_6ozPOP R2a,3,/hkfs/work/workspace/scratch/ap7811-benchmark/1/outcome/2021 Lice Freee!_6ozPOP R2a_00000000000000000013.png,9a25a7a6eee9e979a51d543d815784513469bb53ce7d3e2b3c3bd33cc52692dd,,True
H593-a4a42f963cbb49a2c59b3c36,NDV2-005-P01,new_difficult_train,24 mg Comfor-trate Tab,0,/hkfs/work/workspace/scratch/ap7811-benchmark/1/new_difficult/24 mg Comfor-trate Tab_01.jpg,91e2d5fa2e1a8244e3a0934bdc4d0d8460c1b21faf73ea955356cdf964e5b263,,True
H593-a4ae311047750421b6705cb8,DIFFICULT-0063,difficult,bef4f237-ccb8-4d28-bfc2-41c511a17d7f-01,1,/hkfs/work/workspace/scratch/ap7811-benchmark/1/difficult/bef4f237-ccb8-4d28-bfc2-41c511a17d7f-01_0000004.JPG,174967c2577c6dc9d99c7ee22b6629cca36d00be38ae61de3b0e5ba22085ca42,,True
H593-a4b2ba6b91cb5aa793db96b5,OUTCOME-0653,outcome,bb morning carton,4,/hkfs/work/workspace/scratch/ap7811-benchmark/1/outcome/bb morning carton_00000000000000000004.png,ed44d9fbc38915e59d1769816906cbd5702a6614f77e0891b645b96edb4f577e,,True
H593-a4df16d733beef6694520349,OUTCOME-0354,outcome,77l96n1c1,1,/hkfs/work/workspace/scratch/ap7811-benchmark/1/outcome/77l96n1c1_00000000000000000009.png,98db655b3a82d75862c62342733dcc2ab8d3b65100fcf5d90eded8cbd814bd77,T128-10ee8665fedab7b80075d9a9,False
H593-a68241215d96a54614534d61,OUTCOME-0419,outcome,A41(1),3,/hkfs/work/workspace/scratch/ap7811-benchmark/1/outcome/A41(1)_00000000000000000005.png,5eea23ec17c516309f4b8594ddf0cf8e11298a9b14088ce7b38916d057b96714,,True
H593-a736a2eceec87049c2d34564,OUTCOME-0702,outcome,carton-1-gram-10-vial-pack-premier,2,/hkfs/work/workspace/scratch/ap7811-benchmark/1/outcome/carton-1-gram-10-vial-pack-premier_00000000000000000017.png,f267e3b1f486fc6d2f427f22ac3ff6c1e499c0b329ed05bb1dff4c616a9f9b92,,True
H593-a74031ef721651084ee88e86,OUTCOME-0658,outcome,bb morning carton,4,/hkfs/work/workspace/scratch/ap7811-benchmark/1/outcome/bb morning carton_00000000000000000009.png,c0e38dc00c526be20aec8091a82a4ca123213cb1213e6325030125cf5887ac92,,True
H593-a75c121cbde1aeaa4aa8433f,DIFFICULT-0107,difficult,int08-0008-17,0,/hkfs/work/workspace/scratch/ap7811-benchmark/1/difficult/int08-0008-17_0000005.JPG,c8a330b5025d96f5e2f9e7595d534829f329f204c17efa8ec9140b5851c0dc0e,T128-f7ebe22058f4148deb438068,False
H593-a786f0738bcc2b9cbef1d792,DIFFICULT-0132,difficult,sevospire-02,2,/hkfs/work/workspace/scratch/ap7811-benchmark/1/difficult/sevospire-02_004.JPG,d61e8e0610298d5ee302380b9769e0d2e06755c7e62dd5b6f707ba6e053abea7,T128-e139408483a13f7b44b39827,False
H593-a799aea032ae5a38c8fbd30e,OUTCOME-0413,outcome,964901_LR,0,/hkfs/work/workspace/scratch/ap7811-benchmark/1/outcome/964901_LR_00000000000000000010.png,7ee8dcc5521c64c9c77ee1f8e905e6b821793261ede9405a13191dd3858e0acd,,True
H593-a865a52b11a3d828fa6bc1d1,OUTCOME-0344,outcome,766-e9-infants-pain-and-fever,0,/hkfs/work/workspace/scratch/ap7811-benchmark/1/outcome/766-e9-infants-pain-and-fever_00000000000000000018.png,ac19137c1310e439c56e8725a3866cbcf196f8f8c504d1c4844b89f84af0540d,,True
H593-a99579cf97417982073affd5,DIFFICULT-0010,difficult,3T3-bn-lansoprazole,4,/hkfs/work/workspace/scratch/ap7811-benchmark/1/difficult/3T3-bn-lansoprazole_00000002.jpg,cf724bd3f6c03346f6c201039cfd70fd712e0f4d23ae9dd6340549082108a341,,True
H593-aa931c1f4d8700ae037fbb00,OUTCOME-0394,outcome,83324304-60,0,/hkfs/work/workspace/scratch/ap7811-benchmark/1/outcome/83324304-60_00000000000000000004.png,36486d69fd26217a5846dd12125e3de21711f1a8d85fb6d1d0b034c3ddd0dcc8,E128-63ee71b2dcd7deada25de3cd,False
H593-aad869bc4c329c79b3b3098f,OUTCOME-0351,outcome,77l96n1c1,1,/hkfs/work/workspace/scratch/ap7811-benchmark/1/outcome/77l96n1c1_00000000000000000006.png,6b705a478e0918b9daeab92ceb473a23cfb038eb735a690e1801a92f930cf2a5,T128-12c37a9314c5f14876389ebf,False
H593-ab800bcb6b260c64833c792c,OUTCOME-0265,outcome,4_Kids_Oral_Pain_Relief,3,/hkfs/work/workspace/scratch/ap7811-benchmark/1/outcome/4_Kids_Oral_Pain_Relief_00000000000000000008.png,6a8a77b80b0e7ef08a31f92ce96aacff82dece759c45707ab30469daae441740,E128-e39f5612c1f6208f40f478d5,False
H593-abc0b2f2d75d073d9b32aa3f,OUTCOME-0651,outcome,bb morning carton,4,/hkfs/work/workspace/scratch/ap7811-benchmark/1/outcome/bb morning carton_00000000000000000002.png,acbddc48df8f77fd95ed427ce0af75773480cacc0b91bf0bcd38eed3b6e27bdf,,True
H593-abe538f97b9ba7aa92d41895,OUTCOME-0110,outcome,1g7-17-allergy-nasal-spray,3,/hkfs/work/workspace/scratch/ap7811-benchmark/1/outcome/1g7-17-allergy-nasal-spray_00000000000000000017.png,6e50537e868b2f3ebd0b50c5c06c4e45a2e9d740675ba68cde703342fc9080a9,,True
H593-acb88ad9ae6dc89a74d597a0,DIFFICULT-0130,difficult,sevospire-02,2,/hkfs/work/workspace/scratch/ap7811-benchmark/1/difficult/sevospire-02_002.JPG,eba7bd6c17741f922c82c577dd0ae6e65989df48618559843c12d13cc04aa0ee,T128-e613b94ebc9f038aab799d50,False
H593-acbecf04ad7226d889b6b827,OUTCOME-0804,outcome,tul01-0001-02,3,/hkfs/work/workspace/scratch/ap7811-benchmark/1/outcome/tul01-0001-02_00000000000000000014.png,79acd9365ad89e790ae484c1970bb45ce6cf1e8923015401ce5f1a37a02f5f14,E128-b2b5a31c3e9baddbbae2f1a4,False
H593-ad671a6c4a53a334ff1c45da,OUTCOME-0637,outcome,athletes-01,4,/hkfs/work/workspace/scratch/ap7811-benchmark/1/outcome/athletes-01_00000000000000000016.png,9d024e5a497d82cd9ac9a85fea84e3f3d7276fc3c290bb9ad4198a31e06986d7,,True
H593-ad73d224791055826ef7876e,OUTCOME-0716,outcome,cuvitru-19,2,/hkfs/work/workspace/scratch/ap7811-benchmark/1/outcome/cuvitru-19_00000000000000000001.png,08d71a41c719cac60ee451e2ee45443e9620e86b58437d2d240b743093ee53f6,T128-c53f693a764411500d838e47,False
H593-ad9f49fe8ff6e9e1c8b4c03c,DIFFICULT-0018,difficult,3T3-bn-lansoprazole,4,/hkfs/work/workspace/scratch/ap7811-benchmark/1/difficult/3T3-bn-lansoprazole_0000006.JPG,83941d6fe68296bd8123f0091a062272d09ab5f6535ecc8638f89361ecdf37f3,E128-1137d40eb61a8d17ee1bd205,False
H593-ae2c238f2914e4ef8f249622,OUTCOME-0382,outcome,812-6e-mucus-dm,3,/hkfs/work/workspace/scratch/ap7811-benchmark/1/outcome/812-6e-mucus-dm_00000000000000000009.png,76125f3f5a5762a527b031703da719d4d4c68b4129808c7e5c6a82d1d93cbc4c,T128-9dccbad2351514b4e8215663,False
H593-ae4130a111482f755df6181a,OUTCOME-0206,outcome,300000538_R-00_Final,3,/hkfs/work/workspace/scratch/ap7811-benchmark/1/outcome/300000538_R-00_Final_00000000000000000011.png,0cf112e57c488bf5cd3583504d9a783291ba47839d41cfdc50eb62c4dbd27a6c,,True
H593-ae9be56a1902c7848b38571b,OUTCOME-0772,outcome,lox01-0004-14,1,/hkfs/work/workspace/scratch/ap7811-benchmark/1/outcome/lox01-0004-14_00000000000000000008.png,beb03d488871d0210d75158794c02ac8c818855376900b4b5180a38441086f39,,True
H593-aee4be696b3cf1e9660a0043,OUTCOME-0666,outcome,bbx08-0000-01,4,/hkfs/work/workspace/scratch/ap7811-benchmark/1/outcome/bbx08-0000-01_00000000000000000007.png,b91498eae9c3ff761a1e0b16cf2abf51148e778c5be3b0fcf50d86c77ec9a503,,True
H593-af21217245b2cc0821f79503,OUTCOME-0466,outcome,AlkaSeltzer_36,1,/hkfs/work/workspace/scratch/ap7811-benchmark/1/outcome/AlkaSeltzer_36_00000000000000000007.png,4f2addadc59376957bd42899aad1b44fdcfe8524be548c26912301a39710df54,,True
H593-afcb436616416abae565da10,DIFFICULT-0101,difficult,int08-0008-17,0,/hkfs/work/workspace/scratch/ap7811-benchmark/1/difficult/int08-0008-17_00000002.jpg,dc89013e88c49cda63a618503cba45b239b2d5e432e2d9b1b687a3ee66d48bda,T128-e92641577a47fafcd7df2b32,False
H593-b04f465b15526e9607fd9b70,DIFFICULT-0001,difficult,350 label,3,/hkfs/work/workspace/scratch/ap7811-benchmark/1/difficult/350 label_00000002.jpg,400a241517890de3653e5c557a8e677b7a8bdd06cb1ca6495bedd39a8d8a41d4,,True
H593-b06273e75d64a6537f0ba426,DIFFICULT-0129,difficult,sevospire-02,2,/hkfs/work/workspace/scratch/ap7811-benchmark/1/difficult/sevospire-02_001.JPG,391a468f0f4740973020192f78f06174d759fba5cc05237b9c2a71fa7302dc69,,True
H593-b06f5f90d0a384729c6b93cb,OUTCOME-0487,outcome,Anti-wrinkle EYE CREAM,1,/hkfs/work/workspace/scratch/ap7811-benchmark/1/outcome/Anti-wrinkle EYE CREAM_00000000000000000010.jpg,51976ba47e8cd12514a4dac871f46fc81acdc16193f6f80abc76606acad48d6e,E128-d8ef01b902e940348f93033c,False
H593-b09f7b0a786d03912dd97806,OUTCOME-0433,outcome,ASP Cough Mucus Congestion PMG 24ct,1,/hkfs/work/workspace/scratch/ap7811-benchmark/1/outcome/ASP Cough Mucus Congestion PMG 24ct_00000000000000000001.png,1d2280603a42552a9838415e1d92ed1b88fb5b69d1f5d49e62e99f11e413fd32,E128-708e17829be2ae604b8997e1,False
H593-b186925ccb62a97d1f49a9a6,OUTCOME-0751,outcome,kedbumin-02,1,/hkfs/work/workspace/scratch/ap7811-benchmark/1/outcome/kedbumin-02_00000000000000000001.png,f4ef824c09ed4f537ac98309711bce9fabeb7906680ca8728ec629b859be365b,,True
H593-b2399473327834cc8a1530cb,OUTCOME-0169,outcome,2021 Lice Freee!_6ozPOP R2a,3,/hkfs/work/workspace/scratch/ap7811-benchmark/1/outcome/2021 Lice Freee!_6ozPOP R2a_00000000000000000012.png,925efd6c6213cd17dcb6e02bcbaa59012834c30f1c7cae7d40eded97f5d50a34,,True
H593-b268a4269d5d61a6e2bbec90,OUTCOME-0248,outcome,469584,2,/hkfs/work/workspace/scratch/ap7811-benchmark/1/outcome/469584_00000000000000000009.png,254b4082623027191346419dcecb816bb79fb87f27380ee2cfe5792dacf8ac50,,True
H593-b290cd29a15546cc773cf283,OUTCOME-0482,outcome,Anti-wrinkle EYE CREAM,1,/hkfs/work/workspace/scratch/ap7811-benchmark/1/outcome/Anti-wrinkle EYE CREAM_00000000000000000005.jpg,f6732b1eaca8cb5c14df5a55cf08eea2e66460a3bab2fb8d1f05649c910bdca0,E128-a27c19b29bea43b216598792,False
H593-b4135fa9fc83b8c616fa57b7,OUTCOME-0598,outcome,askindr carton,3,/hkfs/work/workspace/scratch/ap7811-benchmark/1/outcome/askindr carton_00000000000000000002.png,a7b92b4cabf1396a9fce8cf7e42488fb2ffe4549ef2a9093815cf15b4f2dffba,,True
H593-b4f7137c5b415a98210ce3e1,OUTCOME-0692,outcome,carton-1-gram-10-vial-pack-premier,2,/hkfs/work/workspace/scratch/ap7811-benchmark/1/outcome/carton-1-gram-10-vial-pack-premier_00000000000000000006.png,fc477739bb841a0ad248086a0d72db1d3333b301515df7b30859b48ad5bdae61,T128-68ba2e000b6e1c8205bb306e,False
H593-b5088f4d9100c24150c49220,DIFFICULT-0102,difficult,int08-0008-17,0,/hkfs/work/workspace/scratch/ap7811-benchmark/1/difficult/int08-0008-17_00000003.jpg,2f4051894f10c596deb2cb887de64c5d4669277319453697db9abecf8f573516,T128-3dc2ff96eb5bd19b389ba994,False
H593-b52eb937914c8c593a72c477,OUTCOME-0533,outcome,SH230414C (250 ml Carton),4,/hkfs/work/workspace/scratch/ap7811-benchmark/1/outcome/SH230414C (250 ml Carton)_00000000000000000006.png,860b01602dcfe7dafb313623b52e3015eb518b884416e614c633a11c6b1aea6c,T128-2f262debf0e3087fcb90b10a,False
H593-b6cf2130e8541c75b7a0daf3,OUTCOME-0633,outcome,athletes-01,4,/hkfs/work/workspace/scratch/ap7811-benchmark/1/outcome/athletes-01_00000000000000000012.png,c8d48440bc924f6a2c4b5199457a65c05ad5e7c4d288d2ab87b05071d907f21e,,True
H593-b87cff1766e4fd6e130f4f0d,OUTCOME-0090,outcome,11-5BlisterCarton,4,/hkfs/work/workspace/scratch/ap7811-benchmark/1/outcome/11-5BlisterCarton_00000000000000000010.png,01a2f5c5bef357c2f1ee5f0765dbdccc0caa560bc0b5cc35c218d370b45fa40f,T128-9b71cc7a5d44ae0be936e51f,False
H593-b890a8f09b0dc93ce3a6ec7c,OUTCOME-0268,outcome,4_Kids_Oral_Pain_Relief,3,/hkfs/work/workspace/scratch/ap7811-benchmark/1/outcome/4_Kids_Oral_Pain_Relief_00000000000000000011.png,b659168195204b90945ea67efa4ece3581dd741650da2a52ac90bba946216bc9,E128-c277faccdbd1aaa0a94733ae,False
H593-b8b81f9ea25a51448f92c735,DIFFICULT-0012,difficult,3T3-bn-lansoprazole,4,/hkfs/work/workspace/scratch/ap7811-benchmark/1/difficult/3T3-bn-lansoprazole_00000004.jpg,b43c83ea1488ebc737b53c25f4ed2e5c1f57c6cea2ce23df534d4dfb02af0c0b,E128-1ea290b020ed0ecf2fa3700b,False
H593-b90eeadf731ed28d7b01ab84,DIFFICULT-0005,difficult,350 label,3,/hkfs/work/workspace/scratch/ap7811-benchmark/1/difficult/350 label_0000003.JPG,eaba603549342e01772ee7e78484a422a926dd95a11caf8fc7ba5d1d4f2174eb,,True
H593-b934ce8694d521ecce42de7b,DIFFICULT-0019,difficult,3T3-bn-lansoprazole,4,/hkfs/work/workspace/scratch/ap7811-benchmark/1/difficult/3T3-bn-lansoprazole_0000007.JPG,ddf032eb47e86576c7c57156000716980a41ed2420c3be1bca69384088f4a5c7,,True
H593-b98760533d5b5968acf3d2d8,OUTCOME-0396,outcome,83324304-60,0,/hkfs/work/workspace/scratch/ap7811-benchmark/1/outcome/83324304-60_00000000000000000006.png,509b5ef152f76c776ab9da683bc7b0924db1f55ee5c6fa6521b1a4bbe56cf79f,,True
H593-b9b3b47180519cbd55260c38,OUTCOME-0477,outcome,AlkaSeltzer_36,1,/hkfs/work/workspace/scratch/ap7811-benchmark/1/outcome/AlkaSeltzer_36_00000000000000000018.png,8157e4119ad958d2ef5992f1f580f51513222ba42b3f2a5809ba7893fa6ea372,T128-f6afcdf5ac6503e1230446f7,False
H593-ba2efedd26ed9b4bcecca71f,OUTCOME-0494,outcome,AntifluDesbx,2,/hkfs/work/workspace/scratch/ap7811-benchmark/1/outcome/AntifluDesbx_00000000000000000006.png,39784e9b97dafa0fd1046f5b0385d5ae0ffafb9d5e55a9ed4a1ae85713e09c76,T128-5fda2ddaa028c40e92ecf129,False
H593-baaae79e1a5f7793171f450a,OUTCOME-0529,outcome,SH230414C (250 ml Carton),4,/hkfs/work/workspace/scratch/ap7811-benchmark/1/outcome/SH230414C (250 ml Carton)_00000000000000000002.png,e6160ef7ce3f2f34791be15bac19f73e76da3fec24140a648583a87ebea390dc,,True
H593-bb070f8673390afcb71bba1f,OUTCOME-0816,outcome,vetoryl-09,2,/hkfs/work/workspace/scratch/ap7811-benchmark/1/outcome/vetoryl-09_00000000000000000009.png,36f32c9368292cccc8bb3b72e2298b5ca81821e969c91543728077bca53c78c7,,True
H593-bb0e26bf00988704e7674f59,DIFFICULT-0003,difficult,350 label,3,/hkfs/work/workspace/scratch/ap7811-benchmark/1/difficult/350 label_0000001.JPG,377d5b363c960975d5bdf04289ef3753364e7cde0f6bc9ef22dfaeec197ca42d,,True
H593-bb4431f14238909d56f4f6f2,OUTCOME-0304,outcome,6941714017-1,0,/hkfs/work/workspace/scratch/ap7811-benchmark/1/outcome/6941714017-1_00000000000000000003.png,c05b8b249459b4aa7317bc184d64f88b1d740d56f98246488c3db4e84bbabfab,,True
H593-bb5dd42b437a1e0b7185f2fb,OUTCOME-0093,outcome,11-5BlisterCarton,4,/hkfs/work/workspace/scratch/ap7811-benchmark/1/outcome/11-5BlisterCarton_00000000000000000013.png,31ff4c6250aab6d541df331490e73d34deddc7077586b4d55ac811106bf854cc,T128-c2ec75f19a1e4f83aa7f1689,False
H593-bbff6f2a0463d1430b70d8f7,DIFFICULT-0131,difficult,sevospire-02,2,/hkfs/work/workspace/scratch/ap7811-benchmark/1/difficult/sevospire-02_003.JPG,e208dd7f9fe11a8e5b642c15fcc0163ccafe7007008ed1e3362f91b4aa69091e,,True
H593-bcb46b28e3f68f1997c73b22,NDV2-009-P01,new_difficult_train,5USSTP-2,4,/hkfs/work/workspace/scratch/ap7811-benchmark/1/new_difficult/5USSTP-2_01.jpg,fab07efb286fd19a51f44bca33b9b3d0e5dc0e440cc30b08b17dd322abbae721,T128-c31ed449827ce7fba5d83b3b,False
H593-bcc28cdb9788352cc4129ed5,OUTCOME-0277,outcome,5fe0ce14-bc11-4b43-b002-7efdca0d3003-04,4,/hkfs/work/workspace/scratch/ap7811-benchmark/1/outcome/5fe0ce14-bc11-4b43-b002-7efdca0d3003-04_00000000000000000009.png,01c0053a53cb384975c47c6acd3f68da347294c8be89797768c41c57e8fa8f55,E128-434167a4dc2f5b3a9ae5a72b,False
H593-bcee23f88378066e9f5f0e2a,OUTCOME-0463,outcome,AlkaSeltzer_36,1,/hkfs/work/workspace/scratch/ap7811-benchmark/1/outcome/AlkaSeltzer_36_00000000000000000004.png,a4ecf7ddd03990e9512b96561a9209ee96ce4148ceeb479ee787186ff210c59d,T128-8b285e21f3736f70bc36edde,False
H593-bd50369106a00a7162abcff8,OUTCOME-0168,outcome,2021 Lice Freee!_6ozPOP R2a,3,/hkfs/work/workspace/scratch/ap7811-benchmark/1/outcome/2021 Lice Freee!_6ozPOP R2a_00000000000000000011.png,cd0c60c559009fd52b184f8b37455b69b6da3710dedf8b8a415235c9e20de2df,,True
H593-bebe2833da2edf94d7d8c25b,DIFFICULT-0034,difficult,5377c041-b6fc-4dde-ac96-bd9e4e94e456-10,2,/hkfs/work/workspace/scratch/ap7811-benchmark/1/difficult/5377c041-b6fc-4dde-ac96-bd9e4e94e456-10_00000004.jpg,3dd5eb982033ad0d6c6e611b7c8a59485b77eeb8052ef59de0d50b03a41a83b0,E128-5d7f8e06e32a04afa84a1a49,False
H593-bfedff27526023108259df43,OUTCOME-0689,outcome,carton-1-gram-10-vial-pack-premier,2,/hkfs/work/workspace/scratch/ap7811-benchmark/1/outcome/carton-1-gram-10-vial-pack-premier_00000000000000000003.png,04b470d016f304cfaea0e35198126ee487c721c1bc3864fe2b6dc029c54067f3,,True
H593-c0907e99c1c23fe8e8a6b1a3,OUTCOME-0251,outcome,469584,2,/hkfs/work/workspace/scratch/ap7811-benchmark/1/outcome/469584_00000000000000000012.png,4459d0c0ea90728cd0ba2a075f7f309db4dd8de453668611ba330fdbb930d227,,True
H593-c1e87208ec64f28d13f80f11,OUTCOME-0258,outcome,4_Kids_Oral_Pain_Relief,3,/hkfs/work/workspace/scratch/ap7811-benchmark/1/outcome/4_Kids_Oral_Pain_Relief_00000000000000000001.png,37affa8741b9f7065ec1f60e3738133e74e78938e0bf9dd3601c0e96d7842e7f,E128-71a884fc949241569260eec8,False
H593-c22c8e1044a8088c5a3d3f0e,OUTCOME-0057,outcome,10 mL carton,4,/hkfs/work/workspace/scratch/ap7811-benchmark/1/outcome/10 mL carton_00000000000000000015.png,9fa0747975d28a0169a515b663f194af35a250db3b6b9a577595b2edeaeed00c,,True
H593-c27cc5698d114b2e38e732d1,OUTCOME-0270,outcome,5fe0ce14-bc11-4b43-b002-7efdca0d3003-04,4,/hkfs/work/workspace/scratch/ap7811-benchmark/1/outcome/5fe0ce14-bc11-4b43-b002-7efdca0d3003-04_00000000000000000002.png,fb6b4915947444a210b6b0c23dd6c808b0c7e347c8fd09d40b22e36c4c5f06ff,E128-493b72e7dfd6aaab5b5438a9,False
H593-c2c8b91bd700c1354b6e6ee9,OUTCOME-0731,outcome,dro0b-0001-04,2,/hkfs/work/workspace/scratch/ap7811-benchmark/1/outcome/dro0b-0001-04_00000000000000000005.png,d8c1380d8f1d2e38be8528b5287d16d0d675a94151dbc870ca8147487172dcf6,T128-57126632285ab284546b6801,False
H593-c30cdabf5993a0c426ba0205,OUTCOME-0461,outcome,AlkaSeltzer_36,1,/hkfs/work/workspace/scratch/ap7811-benchmark/1/outcome/AlkaSeltzer_36_00000000000000000002.png,5fe4d6cbc4683e82b8bd9fdafad03d78b2108b7df2b46048e1950d7160939baf,,True
H593-c311ba2ac614da95fb3ed97e,OUTCOME-0820,outcome,vetoryl-09,2,/hkfs/work/workspace/scratch/ap7811-benchmark/1/outcome/vetoryl-09_00000000000000000013.png,3e4b9f9fe7aed12d360e81ba5f4c26454b1fd897b7a5ee6cba8172f8c3d0b768,,True
H593-c317503b769e0f3acf782e33,DIFFICULT-0043,difficult,734-uw-mint-mini-nicotine-lozenge,1,/hkfs/work/workspace/scratch/ap7811-benchmark/1/difficult/734-uw-mint-mini-nicotine-lozenge_00000004.jpg,3ff837bd4edbded546d46712a458d75726d9a501f0ddd0213223c16cd948e6ee,,True
H593-c358c8ad94f489bab50d45b6,OUTCOME-0655,outcome,bb morning carton,4,/hkfs/work/workspace/scratch/ap7811-benchmark/1/outcome/bb morning carton_00000000000000000006.png,d442a79c184e431231c4a1c8fdb5a1aa669a8f051bf78beb956a93210ee94bda,T128-174fc4aa016d7df643e87d2b,False
H593-c46f21293cefba88bf549fbf,OUTCOME-0759,outcome,kedbumin-02,1,/hkfs/work/workspace/scratch/ap7811-benchmark/1/outcome/kedbumin-02_00000000000000000009.png,5a21804ab5f71b6194fa2dff63a7d9ffd416a0b905dbf9e2ed610707a1a50f83,,True
H593-c69e2282252382010960c43a,OUTCOME-0397,outcome,83324304-60,0,/hkfs/work/workspace/scratch/ap7811-benchmark/1/outcome/83324304-60_00000000000000000007.png,60daf97a8117ae7f080940b0432b7b9529ca613a2eaa0760eb734f8c362d5297,,True
H593-c6ad63874f6fdf348e0906bf,OUTCOME-0341,outcome,766-e9-infants-pain-and-fever,0,/hkfs/work/workspace/scratch/ap7811-benchmark/1/outcome/766-e9-infants-pain-and-fever_00000000000000000015.png,e5b4dba01622bfafd8012f1f1ce3648d5f61975d2566bbfea70d58ba3a3ed891,,True
H593-c76764b05b53a550caa7d193,DIFFICULT-0055,difficult,bef4f237-ccb8-4d28-bfc2-41c511a17d7f-01,1,/hkfs/work/workspace/scratch/ap7811-benchmark/1/difficult/bef4f237-ccb8-4d28-bfc2-41c511a17d7f-01_00000005.jpg,b8a143bb52aa403311307be7c5e368615dc5572a61c1fb805723bb0d2754e776,,True
H593-c7de10914b97438ea391ef69,OUTCOME-0328,outcome,766-e9-infants-pain-and-fever,0,/hkfs/work/workspace/scratch/ap7811-benchmark/1/outcome/766-e9-infants-pain-and-fever_00000000000000000001.png,2228b5a9ef03986910161c535988d667872617d80dd969e6b172184e2b777a03,,True
H593-c80f563bd4cc8c240f4ce0e4,OUTCOME-0145,outcome,200000003252_R-00_28ct,1,/hkfs/work/workspace/scratch/ap7811-benchmark/1/outcome/200000003252_R-00_28ct_00000000000000000004.png,aacaea5db0539f64ce906a5524cdb9defa2312ca929c8b23d63e5dc860d4d7c9,T128-37440624d368c2d16ff20e98,False
H593-c8379d139262cf23abe8cf3f,NDV2-012-P03,new_difficult_train,Bacitracin Zinc Ointment USP Carton 0.5oz(14.2g) Rev 02-22,4,/hkfs/work/workspace/scratch/ap7811-benchmark/1/new_difficult/Bacitracin Zinc Ointment USP Carton 0.5oz(14.2g) Rev 02-22_03.jpg,f00710fc86e49898e7a71be81bac5456686cd8f1bc12443875c6620b301e4fac,T128-1d650f97377e5f2ea6f4bf87,False
H593-c87f01c7404926ac2f3d5404,DIFFICULT-0030,difficult,406heb,3,/hkfs/work/workspace/scratch/ap7811-benchmark/1/difficult/406heb_0000005.JPG,b35bafd0e0a8761be3c066c67db9fb392477c5f79d840c24da31ef6565301031,E128-903c1b39524f781b37d3f848,False
H593-c967c0f887f10151135e81fc,OUTCOME-0508,outcome,Baby spec cream 60 ml_Jun21-Output,2,/hkfs/work/workspace/scratch/ap7811-benchmark/1/outcome/Baby spec cream 60 ml_Jun21-Output_00000000000000000006.png,dbb268b4ae0d8b0f5342f7fb578ef4f90ca0f8a41e8cdc51e29a044bd3586265,T128-15953b375eeba3a4170ca3fd,False
H593-c9ae3eb9e9fe146ef01e07f9,OUTCOME-0448,outcome,ASP Cough Mucus Congestion PMG 24ct,1,/hkfs/work/workspace/scratch/ap7811-benchmark/1/outcome/ASP Cough Mucus Congestion PMG 24ct_00000000000000000016.png,4bcbe27e3aff2a95a61686c3d99017942131bb7472bc1f7b6731bdce6351510c,,True
H593-c9d897c86e0a07349f3816a5,OUTCOME-0393,outcome,83324304-60,0,/hkfs/work/workspace/scratch/ap7811-benchmark/1/outcome/83324304-60_00000000000000000003.png,660d253e09c30bd7cdca44db93422e92e0f5d021fc5b4de3fd66793d413215dd,,True
H593-ca02c70f0bad8aaf62caa00a,DIFFICULT-0006,difficult,350 label,3,/hkfs/work/workspace/scratch/ap7811-benchmark/1/difficult/350 label_0000004.JPG,97b88c7af192344843e95cd1472026ddcc0857d57e102ee0c112c5e139190716,,True
H593-ca8b26b506e727e2c826a0a9,DIFFICULT-0103,difficult,int08-0008-17,0,/hkfs/work/workspace/scratch/ap7811-benchmark/1/difficult/int08-0008-17_0000001.JPG,51f740065ab2be479118c8e3f8861ed7eadf53409eec8af92455e5ffd4196498,,True
H593-cb08e284452bbeca09345c1d,OUTCOME-0095,outcome,1g7-17-allergy-nasal-spray,3,/hkfs/work/workspace/scratch/ap7811-benchmark/1/outcome/1g7-17-allergy-nasal-spray_00000000000000000002.png,12e8218ba5b8d471f66a8d1b3b91f9c4905c4305bff53b9ee09b505696a319bf,,True
H593-cb7de2ed70a969859718b4c8,DIFFICULT-0056,difficult,bef4f237-ccb8-4d28-bfc2-41c511a17d7f-01,1,/hkfs/work/workspace/scratch/ap7811-benchmark/1/difficult/bef4f237-ccb8-4d28-bfc2-41c511a17d7f-01_00000006.jpg,587142eeed6488be50c298f98fe8aebe698b93a53e5e54d2a6784cce64694d16,,True
H593-cbd580ca8890e580605311e6,OUTCOME-0557,outcome,_Pentrexcilina Adult TOTAL RELIEF  Multi_Symptom 6 fl oz (177 ml)_comp,2,/hkfs/work/workspace/scratch/ap7811-benchmark/1/outcome/_Pentrexcilina Adult TOTAL RELIEF  Multi_Symptom 6 fl oz (177 ml)_comp_00000000000000000004.png,b96e040e473298cbf7286dd98ff97bc28e23f0e336bb7464974a452d3015d6f6,T128-a98f2c750fefdbf61947931b,False
H593-cd810ce4f68ec2e45cc2c736,OUTCOME-0212,outcome,430984_86324016_ASP_Severe_Cld_Flu_Eff_20ct_Crtn_FDA1,2,/hkfs/work/workspace/scratch/ap7811-benchmark/1/outcome/430984_86324016_ASP_Severe_Cld_Flu_Eff_20ct_Crtn_FDA1_00000000000000000003.png,ea963143596a1a319773bf8ff37e3090d516af494464fd2c1f395864da22f253,,True
H593-cd9b8334e2d223c7319b1ab1,OUTCOME-0411,outcome,964901_LR,0,/hkfs/work/workspace/scratch/ap7811-benchmark/1/outcome/964901_LR_00000000000000000008.png,f30f6769bf236e529334e034d1ebd1167344b9e642db12a910d8eebfb6469328,,True
H593-ce6c88b1a0e4cf5238d2af56,OUTCOME-0255,outcome,469584,2,/hkfs/work/workspace/scratch/ap7811-benchmark/1/outcome/469584_00000000000000000016.png,8902a679c2364df451a92ee96d2e19079a6da11810724e9feb0093a218316946,,True
H593-ce727d9df349b4a2b09b0569,OUTCOME-0659,outcome,bb morning carton,4,/hkfs/work/workspace/scratch/ap7811-benchmark/1/outcome/bb morning carton_00000000000000000010.png,21a876bfeb0391ec2967bcb0e5116af6df9963351f6a0c4ebe82faa216bfe42c,,True
H593-cf3d303c6942b97f41b6fc64,OUTCOME-0372,outcome,80mg-cart-np,0,/hkfs/work/workspace/scratch/ap7811-benchmark/1/outcome/80mg-cart-np_00000000000000000015.png,6c03f95f1a9333feed57dffc4f8b62962a1cfc7f1bdbdb1d74e859a1a0713bd4,,True
H593-cf4370c2b7c1a87bc4ed328c,DIFFICULT-0028,difficult,406heb,3,/hkfs/work/workspace/scratch/ap7811-benchmark/1/difficult/406heb_0000003.JPG,c798e089f34805e9559e7e36f6f0c8657572e7f121635940d5cf184ac03d87f2,E128-23f42e6b9cddc264d134ecd2,False
H593-d093d4d47fdd62dc2cac68b2,OUTCOME-0730,outcome,dro0b-0001-04,2,/hkfs/work/workspace/scratch/ap7811-benchmark/1/outcome/dro0b-0001-04_00000000000000000004.png,85e17d28180026cd957fe24b4934e14402cafb17160449a4c79465c8fc90ebc4,T128-3edaf49068741e3a8bcaf888,False
H593-d1ddd31574e73913b670ac2f,OUTCOME-0445,outcome,ASP Cough Mucus Congestion PMG 24ct,1,/hkfs/work/workspace/scratch/ap7811-benchmark/1/outcome/ASP Cough Mucus Congestion PMG 24ct_00000000000000000013.png,0be06814ec4048e3c21e19be56d86c1cfc1b90f7fa314814a2f52bf4a0ca6234,,True
H593-d26d0257a133ee3b7d65501b,OUTCOME-0220,outcome,430984_86324016_ASP_Severe_Cld_Flu_Eff_20ct_Crtn_FDA1,2,/hkfs/work/workspace/scratch/ap7811-benchmark/1/outcome/430984_86324016_ASP_Severe_Cld_Flu_Eff_20ct_Crtn_FDA1_00000000000000000011.png,8a62e5cd6902b0aecb0c56095428280201f5ba0b9d7b4f5f589ab563947f57f6,,True
H593-d29e3883066f9b27a2a4c21a,OUTCOME-0569,outcome,alp0b-0002-29,0,/hkfs/work/workspace/scratch/ap7811-benchmark/1/outcome/alp0b-0002-29_00000000000000000002.png,7285ef08c9354b79d2ebca28ed5d7293801d1d32fb70f2877974e72d4db0a4ae,,True
H593-d2bb8fcad397d4f761848233,OUTCOME-0133,outcome,200000002710_Final,4,/hkfs/work/workspace/scratch/ap7811-benchmark/1/outcome/200000002710_Final_00000000000000000005.png,f3f437a6e3a6779681aea46bfc6085d8b7eaac91e8c82da623dc7dbb51613a21,E128-a272b8458a945ae9bfd0f83f,False
H593-d2ef20eeb4ce3ad7cf1b74d2,OUTCOME-0661,outcome,bbx08-0000-01,4,/hkfs/work/workspace/scratch/ap7811-benchmark/1/outcome/bbx08-0000-01_00000000000000000002.png,8788bcb16ad7b8048be5bf0c85b19d815ad611c5891e0866ae6431fe18cb20c3,,True
H593-d34d6636f26c3f3a95c899cd,OUTCOME-0481,outcome,Anti-wrinkle EYE CREAM,1,/hkfs/work/workspace/scratch/ap7811-benchmark/1/outcome/Anti-wrinkle EYE CREAM_00000000000000000004.jpg,1eb0225ed033a6f401f6ece15e8eeb77d33951d80c9c41638a52639d04e8d607,E128-10c7bd80859c75d288ab9167,False
H593-d35facd3bcef8508d52b6098,DIFFICULT-0104,difficult,int08-0008-17,0,/hkfs/work/workspace/scratch/ap7811-benchmark/1/difficult/int08-0008-17_0000002.JPG,14cba850f9cdac40a551dec462c6a440b06490567634f62280a4d593d9ff25c5,,True
H593-d404e46663a91ac00c5f1973,OUTCOME-0340,outcome,766-e9-infants-pain-and-fever,0,/hkfs/work/workspace/scratch/ap7811-benchmark/1/outcome/766-e9-infants-pain-and-fever_00000000000000000014.png,100dc07bf4e58d07cafdd25810792f766f8a4979d407756d6b72ba7aab9304fd,,True
H593-d436f10dfd701cc9385e8423,OUTCOME-0724,outcome,cuvitru-19,2,/hkfs/work/workspace/scratch/ap7811-benchmark/1/outcome/cuvitru-19_00000000000000000009.png,5599fe34908f121b241b32b95b36b6af1099f9c20033772de2e91ac32f57ee9d,T128-75116f1275abec74f14bed9c,False
H593-d49db6c43ed93ffbd53c56b2,DIFFICULT-0007,difficult,350 label,3,/hkfs/work/workspace/scratch/ap7811-benchmark/1/difficult/350 label_0000005.JPG,d1348f6b31b826fabb29526b1393ac9f9e37ccec323e001b1066b686d9fb5da3,,True
H593-d4eb99839abe07f70ec9fa06,OUTCOME-0729,outcome,dro0b-0001-04,2,/hkfs/work/workspace/scratch/ap7811-benchmark/1/outcome/dro0b-0001-04_00000000000000000003.png,31a2813f2f7a5c3bd179d214a9189093a1f550c5e3eb6caf3b984983f48ce119,T128-e95cc95338a21d548ab68463,False
H593-d4fd56aea7e4dc41f9436c8f,OUTCOME-0108,outcome,1g7-17-allergy-nasal-spray,3,/hkfs/work/workspace/scratch/ap7811-benchmark/1/outcome/1g7-17-allergy-nasal-spray_00000000000000000015.png,900c769d86302c639f387954308ad6ad7cb3c9c9c0bc8001ca3d3302fe596e64,,True
H593-d67beb79b7f0a02cac2b3621,OUTCOME-0205,outcome,300000538_R-00_Final,3,/hkfs/work/workspace/scratch/ap7811-benchmark/1/outcome/300000538_R-00_Final_00000000000000000010.png,5f2ae9df66c280c5a51779f6bad0f637e2bae853021eb0d9a6c173377de8b7d7,E128-2c284c201f9358c5b184ff40,False
H593-d738b62fe4ce9ca980d24764,OUTCOME-0281,outcome,5fe0ce14-bc11-4b43-b002-7efdca0d3003-04,4,/hkfs/work/workspace/scratch/ap7811-benchmark/1/outcome/5fe0ce14-bc11-4b43-b002-7efdca0d3003-04_00000000000000000013.png,6df2442272ecdb72f22e6fb0d9151fe97a2db7bd5c3556f4b5cc23d439ba1eb5,E128-426e886b0f0c08a234c89a57,False
H593-d847127af2275cebc7d0a855,OUTCOME-0049,outcome,10 mL carton,4,/hkfs/work/workspace/scratch/ap7811-benchmark/1/outcome/10 mL carton_00000000000000000006.png,97b3d8afefcd5a76da24800ba710697a853ae42330f2c17de8fc6e8d3d45468a,,True
H593-d89ee18850bb49f7986e065b,OUTCOME-0101,outcome,1g7-17-allergy-nasal-spray,3,/hkfs/work/workspace/scratch/ap7811-benchmark/1/outcome/1g7-17-allergy-nasal-spray_00000000000000000008.png,2faaf9077f68ad57d29c7692c24cbd3770f1c13bbfa5abe5d5afe89e096e2d7e,E128-1ed7384a8aca277f7af17a3c,False
H593-d95db08b3f39be7256ba6c14,OUTCOME-0815,outcome,vetoryl-09,2,/hkfs/work/workspace/scratch/ap7811-benchmark/1/outcome/vetoryl-09_00000000000000000008.png,578a5c367aa237fe1a7f83e9524e5f77916f79036fea15f5c1769999f7fefd5b,E128-925af62ad620ac90969b034e,False
H593-da02d3441b2c6b4597eeecd4,OUTCOME-0211,outcome,430984_86324016_ASP_Severe_Cld_Flu_Eff_20ct_Crtn_FDA1,2,/hkfs/work/workspace/scratch/ap7811-benchmark/1/outcome/430984_86324016_ASP_Severe_Cld_Flu_Eff_20ct_Crtn_FDA1_00000000000000000002.png,bc13fbd48065accd7a286aeb725f658f912211d810adb28995b57ae781c51159,,True
H593-db15ccfd642dc2496260750d,OUTCOME-0414,outcome,964901_LR,0,/hkfs/work/workspace/scratch/ap7811-benchmark/1/outcome/964901_LR_00000000000000000011.png,441c254874dcdd8d586b6bda208c393766f8b2eb3c40c5ccee5cc0adb8b6be34,E128-fe242258a06f963b63b374ce,False
H593-dc202d508f99c4a7bcb3f66b,OUTCOME-0767,outcome,lox01-0004-14,1,/hkfs/work/workspace/scratch/ap7811-benchmark/1/outcome/lox01-0004-14_00000000000000000003.png,add4d3fb17dace03f13e4cb4f25d343b97efb3bad0f9591500fea15530fabce1,E128-00048fd50c16a3585348f4ac,False
H593-dc49d87eddb7dcd54a502ee3,NDV2-005-P04,new_difficult_train,24 mg Comfor-trate Tab,0,/hkfs/work/workspace/scratch/ap7811-benchmark/1/new_difficult/24 mg Comfor-trate Tab_04.jpg,354ba583da7e5d3f5843d333e5b23ef37d4105b226ceab05bb54a256e57284f3,E128-f792c1504cecd0310237bf60,False
H593-dcd3ccb47c9158d5e5bf7f4f,OUTCOME-0800,outcome,tul01-0001-02,3,/hkfs/work/workspace/scratch/ap7811-benchmark/1/outcome/tul01-0001-02_00000000000000000008.png,6a1a1da7b7a76aad4c64114af80b4564811b3dad97afd06f7ed4f9f243cfff10,,True
H593-dcefc56c2ddbfcd758644177,OUTCOME-0259,outcome,4_Kids_Oral_Pain_Relief,3,/hkfs/work/workspace/scratch/ap7811-benchmark/1/outcome/4_Kids_Oral_Pain_Relief_00000000000000000002.png,aabaae9068e7439876b01f9a31049033947864ecab454c7a0ab0051675cc3ada,,True
H593-dcf09c09df4f20df9122bf55,OUTCOME-0490,outcome,AntifluDesbx,2,/hkfs/work/workspace/scratch/ap7811-benchmark/1/outcome/AntifluDesbx_00000000000000000002.png,a28ed34dbabcfcc8cc543d3379bed5aa3a0ead9ff19404c36aa2821ac623de7a,,True
H593-dd30b52d4199a64c81b4976c,OUTCOME-0228,outcome,45-carton-ai,4,/hkfs/work/workspace/scratch/ap7811-benchmark/1/outcome/45-carton-ai_00000000000000000007.png,97efb2edeb6eb7621a2f8214c396c66fc59d94cc5472f93a0e57f7e870be473f,T128-cd076b439adbacf32b780705,False
H593-dd91c965c4987a6f11b4d08b,OUTCOME-0104,outcome,1g7-17-allergy-nasal-spray,3,/hkfs/work/workspace/scratch/ap7811-benchmark/1/outcome/1g7-17-allergy-nasal-spray_00000000000000000011.png,b81d1f98eea3452ff6ff170b36b91e00b9f61fa4c5b85978a240c7f5bd00b9bc,,True
H593-dda20b76d5b7af6159053c31,OUTCOME-0479,outcome,Anti-wrinkle EYE CREAM,1,/hkfs/work/workspace/scratch/ap7811-benchmark/1/outcome/Anti-wrinkle EYE CREAM_00000000000000000002.jpg,e6932679c7f1e10d0a1f0e66da05e793c3a9809369361127f20af048dfd755e8,,True
H593-ddd029aad5773c59147bd25d,OUTCOME-0460,outcome,AlkaSeltzer_36,1,/hkfs/work/workspace/scratch/ap7811-benchmark/1/outcome/AlkaSeltzer_36_00000000000000000001.png,60a129173d7c77942021ed9f505798fe31cf5e2f39653f189a6dadf231955321,T128-4c93e5745471b9862b4bb588,False
H593-ddead65d98e659c927cda92c,OUTCOME-0795,outcome,tul01-0001-02,3,/hkfs/work/workspace/scratch/ap7811-benchmark/1/outcome/tul01-0001-02_00000000000000000003.png,35afdd9001b18c5fffb39c2aed0b3a9fec71648ddb233fa02c52d9d3f5d8502d,E128-33940b34bf5e29b447756149,False
H593-de1e1f6f272fc318dc3c5875,OUTCOME-0416,outcome,A41(1),3,/hkfs/work/workspace/scratch/ap7811-benchmark/1/outcome/A41(1)_00000000000000000002.png,3ed4da0dca991608301d9481d9e8e051df6f24cef3559bf31c275c96a2d22634,,True
H593-de48d9ea86e26c33436d5659,OUTCOME-0421,outcome,A41(1),3,/hkfs/work/workspace/scratch/ap7811-benchmark/1/outcome/A41(1)_00000000000000000007.png,71d5b07614115583f2b8f95bf46b30f453163755a74aa1343e6196f746ad2e14,,True
H593-de5f802ba95b660402a7eb35,OUTCOME-0798,outcome,tul01-0001-02,3,/hkfs/work/workspace/scratch/ap7811-benchmark/1/outcome/tul01-0001-02_00000000000000000006.png,555d2ff500d56c70dbbab8b6272263a91c7a17581bf5e7cfed14658c2b4d04a8,,True
H593-dee44c3e2310634d9bc6b455,OUTCOME-0713,outcome,ciprofloxacin-ophthalmic-solution-2pt5ml-carton,0,/hkfs/work/workspace/scratch/ap7811-benchmark/1/outcome/ciprofloxacin-ophthalmic-solution-2pt5ml-carton_00000000000000000010.png,dcbe53fe170346649f53fbc33c700724d433d185c45817d67c40005fbecbed06,,True
H593-deeedb839c4275fee269e4b1,OUTCOME-0326,outcome,75 100s carton,0,/hkfs/work/workspace/scratch/ap7811-benchmark/1/outcome/75 100s carton_00000000000000000010.png,98deecc2c6f2e6623ea7e39406a75b272f493696deb1d8d001bcb2b7471fdadd,,True
H593-df2b460cafbe7908b36c9f41,DIFFICULT-0009,difficult,3T3-bn-lansoprazole,4,/hkfs/work/workspace/scratch/ap7811-benchmark/1/difficult/3T3-bn-lansoprazole_00000001.jpg,311f1f8b882aea749ea0b0c310de8e442966ded0dc56cad493d4a590c92922e7,,True
H593-dff5ad1efb50ad282dc69f32,OUTCOME-0601,outcome,askindr carton,3,/hkfs/work/workspace/scratch/ap7811-benchmark/1/outcome/askindr carton_00000000000000000005.png,db6a702ef5f8328525bf8d4f656c8ff66ca75da23e9c1402411acb52aba6070b,E128-3ca6a75f9b17cc5df6067ec0,False
H593-e0504cc23358865e805ab7d8,OUTCOME-0722,outcome,cuvitru-19,2,/hkfs/work/workspace/scratch/ap7811-benchmark/1/outcome/cuvitru-19_00000000000000000007.png,c63bed07c12c1022eeeb5085b9e0d67feb37c288c015de1cb5081f4d51979b45,,True
H593-e074e8a735231d914b14563a,OUTCOME-0757,outcome,kedbumin-02,1,/hkfs/work/workspace/scratch/ap7811-benchmark/1/outcome/kedbumin-02_00000000000000000007.png,f45e380cbe85ff1fa8ab63ea69dfda42df02ee81f1ed21a605820a38ea8c20f7,,True
H593-e144503cb73837b393fd64a7,NDV2-003-P01,new_difficult_train,160mgcarton,0,/hkfs/work/workspace/scratch/ap7811-benchmark/1/new_difficult/160mgcarton_01.jpg,f827f1d05afd8240bdd5822a27c671430e290e2d60694d81f83ab170de65060b,,True
H593-e145bcae800e8d359e4d9bc7,OUTCOME-0401,outcome,83324304-60,0,/hkfs/work/workspace/scratch/ap7811-benchmark/1/outcome/83324304-60_00000000000000000012.png,2e6b8ff5e0a7e6c4ef5f8ccd9356ded87311664fb72d767aa219d1a1c3c033f4,E128-6c3a1ee0f0d3cdad2eeb00b4,False
H593-e1d2c7ca3a91606fdef2a012,OUTCOME-0464,outcome,AlkaSeltzer_36,1,/hkfs/work/workspace/scratch/ap7811-benchmark/1/outcome/AlkaSeltzer_36_00000000000000000005.png,c5b11b4b198c67d38f4ce5059be28d1a73475c93239ea23a352be2691027cd26,T128-a2052ea7204c39304cc7e106,False
H593-e1fc157329d8b0eed6101eee,OUTCOME-0158,outcome,2021 Lice Freee!_6ozPOP R2a,3,/hkfs/work/workspace/scratch/ap7811-benchmark/1/outcome/2021 Lice Freee!_6ozPOP R2a_00000000000000000001.png,a10b2bc2763512119b5356228eea13ab0613c1b8ecec231a739a3bbab9670be2,,True
H593-e231dadc5ef7695b0c738e54,OUTCOME-0141,outcome,200000002710_Final,4,/hkfs/work/workspace/scratch/ap7811-benchmark/1/outcome/200000002710_Final_00000000000000000013.png,614a8f00f4c9b15332fb3c0377a8560c5dfb758596cb2a4efc238f0ac5cc03ff,E128-f6ad84bf0e367bba9cd0afc5,False
H593-e2472468e840fd9de1c1724f,OUTCOME-0634,outcome,athletes-01,4,/hkfs/work/workspace/scratch/ap7811-benchmark/1/outcome/athletes-01_00000000000000000013.png,04f1a5fef236789dd0bc2ac7b12a9a572195cc34c6c3e80ed7f6f1170f09b238,,True
H593-e2df8b1f9a0066d722f177e2,OUTCOME-0153,outcome,200000003252_R-00_28ct,1,/hkfs/work/workspace/scratch/ap7811-benchmark/1/outcome/200000003252_R-00_28ct_00000000000000000012.png,da9d9887ba9c878ff90fad04e46dbbc67161827f6538e5315ab4b0608af7d0fd,T128-a1e98e66a291643f0f1aa456,False
H593-e3a1eef1c2822562c67fe0fa,OUTCOME-0051,outcome,10 mL carton,4,/hkfs/work/workspace/scratch/ap7811-benchmark/1/outcome/10 mL carton_00000000000000000008.png,36e07b6cd90bd060c6cd277f606899fb4f1ade163e8abb5824dd98f0061d7633,,True
H593-e439fefab23845c41029c64b,OUTCOME-0148,outcome,200000003252_R-00_28ct,1,/hkfs/work/workspace/scratch/ap7811-benchmark/1/outcome/200000003252_R-00_28ct_00000000000000000007.png,591ada8ecfa071bc78cb8e4460ca6cfc1104170e95e966c7411a80c6401c61ec,T128-0260ab3c5b04e97d071afd39,False
H593-e5866ba677990acd1f32d391,OUTCOME-0478,outcome,Anti-wrinkle EYE CREAM,1,/hkfs/work/workspace/scratch/ap7811-benchmark/1/outcome/Anti-wrinkle EYE CREAM_00000000000000000001.jpg,2c4fa29c87b2a0abc2d2d825dc1deda162751b9dd2f380a595dac88e42d54a14,,True
H593-e5e24ebb2040c92eaea0764e,OUTCOME-0483,outcome,Anti-wrinkle EYE CREAM,1,/hkfs/work/workspace/scratch/ap7811-benchmark/1/outcome/Anti-wrinkle EYE CREAM_00000000000000000006.jpg,5d34030ded4e34543317aa0025e4849f779f76ddd6a35e24845d51e4fea4365e,,True
H593-e5e96cde696cb0a0236052a9,OUTCOME-0440,outcome,ASP Cough Mucus Congestion PMG 24ct,1,/hkfs/work/workspace/scratch/ap7811-benchmark/1/outcome/ASP Cough Mucus Congestion PMG 24ct_00000000000000000008.png,947ad8edf5859d81cf67f45110b938a3d9dadc83b736dac16ee16152a638b15b,,True
H593-e692515f387c7a5fc759c07c,NDV2-005-P02,new_difficult_train,24 mg Comfor-trate Tab,0,/hkfs/work/workspace/scratch/ap7811-benchmark/1/new_difficult/24 mg Comfor-trate Tab_02.jpg,a530c04ba69c66bde7d2ea002d651b1e3efe30a047e3a944f72b8ace2cafd1a2,,True
H593-e69eb7b78aae86a02db13aa6,DIFFICULT-0061,difficult,bef4f237-ccb8-4d28-bfc2-41c511a17d7f-01,1,/hkfs/work/workspace/scratch/ap7811-benchmark/1/difficult/bef4f237-ccb8-4d28-bfc2-41c511a17d7f-01_0000002.JPG,1caebee07e99d06492de6a291688cacc056510c220a83eb621381cfff1edc83e,T128-e8b5bddae9742995609b7b9b,False
H593-e745d1315c4f8a09abbb528a,OUTCOME-0200,outcome,300000538_R-00_Final,3,/hkfs/work/workspace/scratch/ap7811-benchmark/1/outcome/300000538_R-00_Final_00000000000000000005.png,da5cbfcef57f849e7cdc8c9b2615b1b4d710d0137a98c4da3356fd39b2bddb65,,True
H593-e7f81704d24ad28f3ed69f17,OUTCOME-0623,outcome,athletes-01,4,/hkfs/work/workspace/scratch/ap7811-benchmark/1/outcome/athletes-01_00000000000000000001.png,39fee73d1afb0bd163f43b6dbf7f005fa40f8af5a31936e048373af665c54328,,True
H593-e8352d4faef37224ec8d3c87,OUTCOME-0742,outcome,int07-0006-04,3,/hkfs/work/workspace/scratch/ap7811-benchmark/1/outcome/int07-0006-04_00000000000000000004.png,5ebb86bf9ef59cc4474becd6d87735a0fe8f0595cdc8842b5cf592e6bb96f102,T128-13d59eb441a7e7f57aae8c5c,False
H593-e8c8ae988bf96315bca9637e,OUTCOME-0131,outcome,200000002710_Final,4,/hkfs/work/workspace/scratch/ap7811-benchmark/1/outcome/200000002710_Final_00000000000000000003.png,a0c829b7849000b2ace8ba09771fb3af43a235e4609587f57d288594250404c4,,True
H593-e92fe753ade85e2fd385e8fd,OUTCOME-0162,outcome,2021 Lice Freee!_6ozPOP R2a,3,/hkfs/work/workspace/scratch/ap7811-benchmark/1/outcome/2021 Lice Freee!_6ozPOP R2a_00000000000000000005.png,7f0bc3d006ea68dba73efcaebe0cfd59d462aa7b2fb14d92ed5dc72f7be3d69d,,True
H593-e99d58a3d13a742bf663ba50,OUTCOME-0283,outcome,5fe0ce14-bc11-4b43-b002-7efdca0d3003-04,4,/hkfs/work/workspace/scratch/ap7811-benchmark/1/outcome/5fe0ce14-bc11-4b43-b002-7efdca0d3003-04_00000000000000000015.png,9fbc291d90193703a93b438e8b65c2a4022ffc261d7f3c535b0afed92692d180,,True
H593-ea052fca527e8b385b91ced6,OUTCOME-0629,outcome,athletes-01,4,/hkfs/work/workspace/scratch/ap7811-benchmark/1/outcome/athletes-01_00000000000000000008.png,b32377d2f8fae08284454becb69fe997926774d9503cc90e92a3831fc1ab340c,T128-195dd4a9149325d6adf20730,False
H593-ea6da1ea39a3b6c4df654b68,OUTCOME-0317,outcome,75 100s carton,0,/hkfs/work/workspace/scratch/ap7811-benchmark/1/outcome/75 100s carton_00000000000000000001.png,c033517874864c3559519951c6cc7ca35554c1df53ba7bc27447c3bbe4aaa20c,,True
H593-eadfceaa5ec693edd8fe4318,DIFFICULT-0038,difficult,5377c041-b6fc-4dde-ac96-bd9e4e94e456-10,2,/hkfs/work/workspace/scratch/ap7811-benchmark/1/difficult/5377c041-b6fc-4dde-ac96-bd9e4e94e456-10_0000004.JPG,3510dfe9c6b36d4d8b005a8cba5441229b5351e5e4a3ab662c925302b8d51ed0,E128-e9413af0f973c489a6a32925,False
H593-eaf3edda1f071e309b8a2a43,OUTCOME-0140,outcome,200000002710_Final,4,/hkfs/work/workspace/scratch/ap7811-benchmark/1/outcome/200000002710_Final_00000000000000000012.png,817005ee11887c2a2ef6e914b5106cc4ffc6d58a29320ccb35d621d4e19ac7c1,E128-d3b95bbd58a3c965bbccae55,False
H593-ebb0e74799ca19a69c13cbe6,OUTCOME-0314,outcome,6941714017-1,0,/hkfs/work/workspace/scratch/ap7811-benchmark/1/outcome/6941714017-1_00000000000000000014.png,ec1e6c42595e479ea6918850f758a2e82f0f582b71512191bf69e3018524c6e5,,True
H593-ebcc7ec67efc54601b0acdc3,DIFFICULT-0029,difficult,406heb,3,/hkfs/work/workspace/scratch/ap7811-benchmark/1/difficult/406heb_0000004.JPG,d6ee294e71add87fcecd4fe3e401bc87eec4fe12ee9580c8f09d74c67e81eb9e,E128-d91a1a5a9cb04508006b7223,False
H593-ebe004fac3a869155a17eaca,OUTCOME-0250,outcome,469584,2,/hkfs/work/workspace/scratch/ap7811-benchmark/1/outcome/469584_00000000000000000011.png,ba1cbe9e19563280ce55dea0a78430084ff709432dd7120c12b2b0ba93a14db8,T128-4badef25d9d1f422a2e6c188,False
H593-ec2c7b5e62c36bab4a4ce68f,OUTCOME-0501,outcome,AntifluDesbx,2,/hkfs/work/workspace/scratch/ap7811-benchmark/1/outcome/AntifluDesbx_00000000000000000014.png,d75d6dac4eaa3410ea4ffa467becb92d3e24c546ae3e64e134779cbcf8d512ff,T128-589bc76544875a66131fd7b0,False
H593-ec3836db486607fb464da173,NDV2-011-P01,new_difficult_train,Bacitracin  14.2g 0.5oz carton label rev 09 2021,4,/hkfs/work/workspace/scratch/ap7811-benchmark/1/new_difficult/Bacitracin  14.2g 0.5oz carton label rev 09 2021_01.jpg,65fa10852c465cb18fed69f978ced83fd2482a2ca8ed33182c0797b14c7c5e71,,True
H593-ec3b4c5b9e5c85d7f1c77e04,DIFFICULT-0126,difficult,sevospire-02,2,/hkfs/work/workspace/scratch/ap7811-benchmark/1/difficult/sevospire-02_00000002.jpg,603fb0150732282c9ab2ab6c966d4ca89a2659474a32e418c1b9ad09a79da5ff,T128-925f6d59e87aff61bd6b4c18,False
H593-edaf6d7ae2f6b07a0947ebe4,OUTCOME-0099,outcome,1g7-17-allergy-nasal-spray,3,/hkfs/work/workspace/scratch/ap7811-benchmark/1/outcome/1g7-17-allergy-nasal-spray_00000000000000000006.png,5c5b650f71630c00bc7b244634ff4ec6eb38a69542cd2da338af147eb78bb414,E128-243655ecf4dc2934df660d16,False
H593-edb743470b7490b0360aa942,DIFFICULT-0133,difficult,sevospire-02,2,/hkfs/work/workspace/scratch/ap7811-benchmark/1/difficult/sevospire-02_005.JPG,0fbf4142ddf02243cc3b93554ece5f1fbeb0ae821d4f943622151d4d08f53e04,,True
H593-eed1fdcec6a5fc782b62b0e2,OUTCOME-0607,outcome,aspirin_nsaid-1,3,/hkfs/work/workspace/scratch/ap7811-benchmark/1/outcome/aspirin_nsaid-1_00000000000000000001.png,9b8e46d610866065ba82520941b4561791cefbfdd06d8569f218288f8b948be7,,True
H593-eed6c85ca855e4ae9630c4d1,OUTCOME-0695,outcome,carton-1-gram-10-vial-pack-premier,2,/hkfs/work/workspace/scratch/ap7811-benchmark/1/outcome/carton-1-gram-10-vial-pack-premier_00000000000000000009.png,4bb2cadff5e2a61c3d0cb7a6d8a27c2dfc1059cb5fc47f16e5ca691321ed9f45,,True
H593-efa7a88b273f82ecd4fef43c,DIFFICULT-0039,difficult,5377c041-b6fc-4dde-ac96-bd9e4e94e456-10,2,/hkfs/work/workspace/scratch/ap7811-benchmark/1/difficult/5377c041-b6fc-4dde-ac96-bd9e4e94e456-10_0000005.JPG,8e1f9e88b9b6df2095c5fcd013e2533e30863dc8ab5500e58f576d6ab9574a14,E128-26c4644325ce4499e6313923,False
H593-f01b0d9567d81975a69f9aef,DIFFICULT-0053,difficult,bef4f237-ccb8-4d28-bfc2-41c511a17d7f-01,1,/hkfs/work/workspace/scratch/ap7811-benchmark/1/difficult/bef4f237-ccb8-4d28-bfc2-41c511a17d7f-01_00000003.jpg,9f3e240127ccd100c6b691004a190570f620f29426d499a3cd6f24309491074c,,True
H593-f063b9949afaac7650b24e97,NDV2-011-P04,new_difficult_train,Bacitracin  14.2g 0.5oz carton label rev 09 2021,4,/hkfs/work/workspace/scratch/ap7811-benchmark/1/new_difficult/Bacitracin  14.2g 0.5oz carton label rev 09 2021_04.jpg,4060facca326e13d0cb9d133557593bfd7b6bebcbd073b1ca0d16e590e4cb1e4,,True
H593-f20e682caad635857fd5f8dd,OUTCOME-0345,outcome,766-e9-infants-pain-and-fever,0,/hkfs/work/workspace/scratch/ap7811-benchmark/1/outcome/766-e9-infants-pain-and-fever_00000000000000000019.png,08e485d58f7a448420edab71129a0c70e886f6dbfa7f0c751019c425be88ac7b,E128-b494b576b8bc7435aaf43937,False
H593-f35a8c51ab813d80801658e6,OUTCOME-0139,outcome,200000002710_Final,4,/hkfs/work/workspace/scratch/ap7811-benchmark/1/outcome/200000002710_Final_00000000000000000011.png,113b3e31228bc0980f6f08727685940a918075011180eab82126f2f64bb83f9f,,True
H593-f3c20abac3dd184a86c429a0,OUTCOME-0173,outcome,2021 Lice Freee!_6ozPOP R2a,3,/hkfs/work/workspace/scratch/ap7811-benchmark/1/outcome/2021 Lice Freee!_6ozPOP R2a_00000000000000000016.png,b4298d7e62c9fff8c893d001dc55c66dbe4da26af070ff6bbba48221a4ef661e,,True
H593-f42264b44984bda93155507c,OUTCOME-0555,outcome,_Pentrexcilina Adult TOTAL RELIEF  Multi_Symptom 6 fl oz (177 ml)_comp,2,/hkfs/work/workspace/scratch/ap7811-benchmark/1/outcome/_Pentrexcilina Adult TOTAL RELIEF  Multi_Symptom 6 fl oz (177 ml)_comp_00000000000000000002.png,2db3d27da013553c3a76c54dafe1f58d37c55cc9a88f3e137319f1e498defbae,T128-dc91ab0171e3b681f8401da5,False
H593-f522efe671aecfa850b10989,OUTCOME-0333,outcome,766-e9-infants-pain-and-fever,0,/hkfs/work/workspace/scratch/ap7811-benchmark/1/outcome/766-e9-infants-pain-and-fever_00000000000000000006.png,86a37b0da0dd5eceb5f4bbf53220e8d4edecef9da51f764b0e3ce40989a288a2,E128-b3aaae93335101e1ac665bc5,False
H593-f56cf6023f8dcccac4693b08,OUTCOME-0723,outcome,cuvitru-19,2,/hkfs/work/workspace/scratch/ap7811-benchmark/1/outcome/cuvitru-19_00000000000000000008.png,131e9016c1a074f5dda8111c233e9a59a9095af88699e8b0a8b500334244c7e9,T128-6d104a3f6166da6524df3614,False
H593-f5c5e96edf25f0e9889f7a90,OUTCOME-0538,outcome,SH230414C (250 ml Carton),4,/hkfs/work/workspace/scratch/ap7811-benchmark/1/outcome/SH230414C (250 ml Carton)_00000000000000000011.png,226e28640d388e0440fe167db7895d9ced8b94f7494a17ae4a0b179b8436eeea,T128-1d9a7d5965b8218d161c143e,False
H593-f76526c33a46334ffd03f393,OUTCOME-0654,outcome,bb morning carton,4,/hkfs/work/workspace/scratch/ap7811-benchmark/1/outcome/bb morning carton_00000000000000000005.png,787107d3b3b60d0b5a166403ec77eb6611ca8a3edf73771499169bf693354dbb,,True
H593-f82866c3a45308bd0b16d5ac,OUTCOME-0499,outcome,AntifluDesbx,2,/hkfs/work/workspace/scratch/ap7811-benchmark/1/outcome/AntifluDesbx_00000000000000000011.png,a286e4a1082fe176f9cb273f39e723e6dc90871a56112f33a48392d37547c16d,,True
H593-f84d26c893d33050fff89605,OUTCOME-0353,outcome,77l96n1c1,1,/hkfs/work/workspace/scratch/ap7811-benchmark/1/outcome/77l96n1c1_00000000000000000008.png,6a718e797b067a29932b4ec47d8232c68349642477bc72d6d70fd328e6221f46,T128-e18bb8d1aaa27d41737c8972,False
H593-f8eff39159581996e9ea4e6c,OUTCOME-0165,outcome,2021 Lice Freee!_6ozPOP R2a,3,/hkfs/work/workspace/scratch/ap7811-benchmark/1/outcome/2021 Lice Freee!_6ozPOP R2a_00000000000000000008.png,adba6c2a359856243de98f1eea8203ea2d10a6ac7bc1c83b72975aee6a4af602,T128-0fbb52c6c787084ab2dc9a98,False
H593-f8f2ba33e85faa63a18e6a66,OUTCOME-0690,outcome,carton-1-gram-10-vial-pack-premier,2,/hkfs/work/workspace/scratch/ap7811-benchmark/1/outcome/carton-1-gram-10-vial-pack-premier_00000000000000000004.png,60258955de39a64a70281afe6115f226ded03a7b5c79f916831896bd96c2c83d,,True
H593-f90239a05b957482e11280a4,OUTCOME-0443,outcome,ASP Cough Mucus Congestion PMG 24ct,1,/hkfs/work/workspace/scratch/ap7811-benchmark/1/outcome/ASP Cough Mucus Congestion PMG 24ct_00000000000000000011.png,9912a61de2eec50cfef6418ff908d3d0b61ff1492b4d1d89630fe9f74176d65c,,True
H593-f99f32ee31f49704d2c9891e,OUTCOME-0518,outcome,Baby spec cream 60 ml_Jun21-Output,2,/hkfs/work/workspace/scratch/ap7811-benchmark/1/outcome/Baby spec cream 60 ml_Jun21-Output_00000000000000000016.png,34a99820aa8a556f6cfc06499cda1cc24f8d35ba31a9638215307ba8b8332159,T128-073499b3dc1f2410b75ae53a,False
H593-f9fdc3eba36a0ac68a3dcb72,OUTCOME-0618,outcome,aspirin_nsaid-1,3,/hkfs/work/workspace/scratch/ap7811-benchmark/1/outcome/aspirin_nsaid-1_00000000000000000012.png,08c9535791d08d6941a33b23eccd6a839ffde93bca1229125e7ee218a6c84986,,True
H593-fa11ede2797c8a575ecf38a9,DIFFICULT-0037,difficult,5377c041-b6fc-4dde-ac96-bd9e4e94e456-10,2,/hkfs/work/workspace/scratch/ap7811-benchmark/1/difficult/5377c041-b6fc-4dde-ac96-bd9e4e94e456-10_0000003.JPG,f605bf063c60c12873e705c7d599488e32e019895d8d46a143acff34690cf98e,E128-0105a6df7f41c378affb645f,False
H593-fa12d24ad164c3ae3b3f0ff6,OUTCOME-0132,outcome,200000002710_Final,4,/hkfs/work/workspace/scratch/ap7811-benchmark/1/outcome/200000002710_Final_00000000000000000004.png,8ea0b2b192997a9170ff4b2e99809e4d22e6d2ee4476c6f8824578f65337a406,,True
H593-fa40eb493bb915b96a07206e,OUTCOME-0485,outcome,Anti-wrinkle EYE CREAM,1,/hkfs/work/workspace/scratch/ap7811-benchmark/1/outcome/Anti-wrinkle EYE CREAM_00000000000000000008.jpg,f420252314853508a656a2ac77dd41e0da1234bd5d736e73f128339cf7333442,,True
H593-faa6074c9997f968c1272a9e,OUTCOME-0434,outcome,ASP Cough Mucus Congestion PMG 24ct,1,/hkfs/work/workspace/scratch/ap7811-benchmark/1/outcome/ASP Cough Mucus Congestion PMG 24ct_00000000000000000002.png,a5e63c90602a29fdb42c02cf2d70d96fe5cfe006bfc7dd6ecb6979756fafcac0,,True
H593-fad260b269d3d417a7731657,OUTCOME-0136,outcome,200000002710_Final,4,/hkfs/work/workspace/scratch/ap7811-benchmark/1/outcome/200000002710_Final_00000000000000000008.png,bd7ba38f8275e85ad7ff9550f78a76179d7582c2aaeb5962f6ca167ea22b0c4f,,True
H593-fb2b078bd866460d51bf7395,DIFFICULT-0127,difficult,sevospire-02,2,/hkfs/work/workspace/scratch/ap7811-benchmark/1/difficult/sevospire-02_00000003.jpg,fd32b76cbece263faa6a218020ab1bdc4cd58c500f48f5b41c43be5f4f2f9f89,,True
H593-fc24d3c5a9feecb49bf1edfa,DIFFICULT-0106,difficult,int08-0008-17,0,/hkfs/work/workspace/scratch/ap7811-benchmark/1/difficult/int08-0008-17_0000004.JPG,0d77b404d327bb1ba0cffa24ce8629dd94042dd2959f392b30e032e1728941c1,T128-2019e13612caed89bf9cfe97,False
H593-fc81e205bf979fb6adf73655,OUTCOME-0626,outcome,athletes-01,4,/hkfs/work/workspace/scratch/ap7811-benchmark/1/outcome/athletes-01_00000000000000000005.png,4d8140319e059e49ea13d19844987db51d1223ac46794a13abe34f8a393ab636,,True
H593-fe03d26ba43ce31225a4cc40,DIFFICULT-0094,difficult,com0n-0000-04,1,/hkfs/work/workspace/scratch/ap7811-benchmark/1/difficult/com0n-0000-04_00000002.jpg,7d401182f8389bc4c4a2bf58c9c321f8f1c025adf2dae61bdaa261f0ede40e7c,E128-3e6000e3e30e0f5d1b581c2b,False
H593-feb9948db167fc67715b216a,OUTCOME-0001,outcome,0003,1,/hkfs/work/workspace/scratch/ap7811-benchmark/1/outcome/0003_00000000000000000002.png,150831452fc1ee457b803d81c3de5fab665d1041e2436a228043341ad7835f4a,T128-e076178564f6bc12fa3730c7,False
H593-fec0fed3cd6dbb3b7fa3bdce,DIFFICULT-0099,difficult,com0n-0000-04,1,/hkfs/work/workspace/scratch/ap7811-benchmark/1/difficult/com0n-0000-04_0000004.JPG,fd3bb2cdcb3bd3a72508649bf0ebae58560c0f411197b6fa393db26c152b9a83,E128-0c8059907df9e693338c483c,False
H593-ff10afe9bea632bb497326c1,OUTCOME-0808,outcome,vetoryl-09,2,/hkfs/work/workspace/scratch/ap7811-benchmark/1/outcome/vetoryl-09_00000000000000000001.png,bbc160decd610aa323ccd884aa1286dbe6c2dcbc826924d69864b738be78fd63,E128-2aa1eb9190c25975f76387c4,False
H593-ff4f96d84bf1c9b62000723b,OUTCOME-0315,outcome,6941714017-1,0,/hkfs/work/workspace/scratch/ap7811-benchmark/1/outcome/6941714017-1_00000000000000000015.png,907a25ccce0275281cee898f3f00dbae97c5d88d36e136733742ec3088df736e,,True
H593-ffa09c9771998a865907952c,OUTCOME-0763,outcome,kedbumin-02,1,/hkfs/work/workspace/scratch/ap7811-benchmark/1/outcome/kedbumin-02_00000000000000000013.png,ead0e43428c66a9ab9e0d7c908eed3aedd0977abba4b71d1b2b8fe6569a69aa8,T128-2986244aafd531624af6e33c,False
H593-ffb122cdce092c8a0ed03d4b,OUTCOME-0280,outcome,5fe0ce14-bc11-4b43-b002-7efdca0d3003-04,4,/hkfs/work/workspace/scratch/ap7811-benchmark/1/outcome/5fe0ce14-bc11-4b43-b002-7efdca0d3003-04_00000000000000000012.png,26b39e58f59cef49bacd9fea3b72bd48425c7309bbc703c1fd60adf56446c7af,E128-97219877bc53ce710b6d47c3,False
