query_id,display_id,candidate_position,reference_physical_row,reference_image_path,raw_rank,raw_score,raw_score_hex,is_target,is_raw_winner,is_selected,action_kind,challenger_index,head_logit,head_logit_hex,policy_score,policy_score_hex,local_score_S,visibility_mass_M,normalized_similarity_L,query_control_score,reference_control_score,query_robustness_Q,reference_robustness_R,bias_contribution,fp64_sum_residual,plot_raw_component,plot_other_component,plot_is_hold_anchor,policy_rank,feature_RAW,feature_RAW_hex,contribution_RAW,contribution_RAW_hex,weight_RAW,feature_S,feature_S_hex,contribution_S,contribution_S_hex,weight_S,feature_M,feature_M_hex,contribution_M,contribution_M_hex,weight_M,feature_L,feature_L_hex,contribution_L,contribution_L_hex,weight_L,feature_Q,feature_Q_hex,contribution_Q,contribution_Q_hex,weight_Q,feature_R,feature_R_hex,contribution_R,contribution_R_hex,weight_R,head_bias
H593-7bec97dabbf6cdb58e99fd1c,OUTCOME-0438,0,586,/hkfs/work/workspace/scratch/ap7811-benchmark/dailymed/data/box_flat_20000_images/data/raw_images/homeopathic/30003_DT_mucus cold_box.jpg,55,438.5576171875,0x1.b68ec00000000p+8,False,False,False,CHALLENGER,0,-4.4812158914484375,-0x1.1ecc3dbd0589ap+2,-4.4812158914484375,-0x1.1ecc3dbd0589ap+2,0.0002202823661348486,0.009426930616745008,0.023367347771029754,0.00021607143721634144,0.0002088750170919533,4.210928918507153e-06,1.1407349042895289e-05,-1.2316094892410674,0.0,-1.856589369743363,-2.6246265217050744,False,117,-3.8602899648658395,-0x1.ee1dfb48167fap+1,-1.856589369743363,-0x1.db4970e12624ap+0,0.4809455731670372,-0.8418641671820909,-0x1.af08d1f37155bp-1,1.7629716933873711,0x1.c3521ce6df5c1p+0,-2.0941284379503107,-0.5003073339442631,-0x1.0028486a7aa7bp-1,-1.8205866943882167,-0x1.d211f837ee1d8p+0,3.638936651268518,-0.5901026515588982,-0x1.2e21ef4b74ea7p-1,-1.4760326156048054,-0x1.79dd4603da1b4p+0,2.501315002916035,0.9999999941135573,0x1.ffffffcd6f936p-1,0.14869055877954213,0x1.3084acf974f06p-3,0.14869055965480057,-0.700504942142891,-0x1.66a8957261536p-1,-0.008059974637897913,-0x1.081bf7bcf9658p-7,0.011505949712848443,-1.2316094892410674
H593-7bec97dabbf6cdb58e99fd1c,OUTCOME-0438,1,587,/hkfs/work/workspace/scratch/ap7811-benchmark/dailymed/data/box_flat_20000_images/data/raw_images/homeopathic/30004_DT_cough_box.jpg,62,437.84814453125,0x1.b5d9200000000p+8,False,False,False,CHALLENGER,1,-4.543375192084326,-0x1.22c6a8bddd6f0p+2,-4.543375192084326,-0x1.22c6a8bddd6f0p+2,0.00022934700725434607,0.008429821247298727,0.027206627581556203,0.0002219479587694725,0.00019724573971111254,7.399048484873588e-06,3.2101267543233536e-05,-1.2316094892410674,0.0,-1.891792495848747,-2.6515826962355793,False,119,-3.9334856195707384,-0x1.f77c74efabdafp+1,-1.891792495848747,-0x1.e44c83547d13ep+0,0.4809455731670372,-0.8358908163260936,-0x1.abf9e18e4b6cep-1,1.7504627294899726,0x1.c01e535006bd6p+0,-2.0941284379503107,-0.5410319606586483,-0x1.150224223d433p-1,-1.9687810311484224,-0x1.f802089dc4838p+0,3.638936651268518,-0.5383029417450531,-0x1.139c7174456cep-1,-1.3464652243007378,-0x1.58b1f1e792ae6p+0,2.501315002916035,0.9999999942219915,0x1.ffffffce5e066p-1,0.14869055879566526,0x1.3084acfa02c27p-3,0.14869055965480057,-0.33723768379208285,-0x1.5954d5db76906p-2,-0.00388023983098919,-0x1.fc973e5976e25p-9,0.011505949712848443,-1.2316094892410674
H593-7bec97dabbf6cdb58e99fd1c,OUTCOME-0438,2,656,/hkfs/work/workspace/scratch/ap7811-benchmark/dailymed/data/box_flat_20000_images/data/raw_images/homeopathic/5USOMT.jpg,58,438.4184875488281,0x1.b66b220000000p+8,False,False,False,CHALLENGER,2,-3.7469170465082584,-0x1.df9afa4fc9f80p+1,-3.7469170465082584,-0x1.df9afa4fc9f80p+1,0.0005209968257079222,0.016090993275850493,0.03237816440392396,0.0005116960915449251,0.00047477400126880913,9.300734162997061e-06,4.622282443911307e-05,-1.2316094892410674,4.440892098500626e-16,-1.8634928045297725,-1.883424241978486,False,99,-3.8746438443307243,-0x1.eff45459862aap+1,-1.8634928045297725,-0x1.dd0ddd4bc964cp+0,0.4809455731670372,-0.6624251162229248,-0x1.5329628473f2bp-1,1.3872032738949664,0x1.631fc0f648737p+0,-2.0941284379503107,-0.27509847627019546,-0x1.19b36a3b0a28ep-2,-1.001065928007737,-0x1.0045db4deee10p+0,3.638936651268518,-0.4736388640204755,-0x1.e501961c5483ap-2,-1.1847199965385231,-0x1.2f49cf480cd94p+0,2.501315002916035,0.9999999942847899,0x1.ffffffcee81ecp-1,0.1486905588050028,0x1.3084acfa54e4bp-3,0.14869055965480057,-0.16710145091117767,-0x1.5639491638a48p-3,-0.001922660891128023,-0x1.f803969842ff6p-10,0.011505949712848443,-1.2316094892410674
H593-7bec97dabbf6cdb58e99fd1c,OUTCOME-0438,3,685,/hkfs/work/workspace/scratch/ap7811-benchmark/dailymed/data/box_flat_20000_images/data/raw_images/homeopathic/71179-343 label.jpg,76,436.312255859375,0x1.b44ff00000000p+8,False,False,False,CHALLENGER,3,-3.6846962502399783,-0x1.d7a420713cbdbp+1,-3.6846962502399783,-0x1.d7a420713cbdbp+1,0.0005323963547623249,0.02017087879856994,0.026394306370036306,0.0005399411739789721,0.0006531602531534326,-7.544819216647272e-06,-0.00012076389839110779,-1.2316094892410674,0.0,-1.9680013280335276,-1.7166949222064507,False,94,-4.091941870000373,-0x1.05e2602732385p+2,-1.9680013280335276,-0x1.f7ceef5e63794p+0,0.4809455731670372,-0.6563081918219373,-0x1.5007a097f1b92p-1,1.3743936485540664,0x1.5fd8431c5ead6p+0,-2.0941284379503107,-0.16777984696669335,-0x1.579cf5dd32db8p-3,-0.6105402344713236,-0x1.3898bac7e49c8p-1,3.638936651268518,-0.5489793660743362,-0x1.1913d2ceefa8fp-1,-1.373170324653071,-0x1.5f88172438ff2p+0,2.501315002916035,0.9128853073853891,0x1.d365b3f87034ep-1,0.13573742725577814,0x1.15fd811741042p-3,0.14869055965480057,-0.9999999946101454,-0x1.ffffffd1b395ap-1,-0.011505949650833047,-0x1.7906e6bad91b3p-7,0.011505949712848443,-1.2316094892410674
H593-7bec97dabbf6cdb58e99fd1c,OUTCOME-0438,4,822,/hkfs/work/workspace/scratch/ap7811-benchmark/dailymed/data/box_flat_20000_images/data/raw_images/otc/-Brosolvan AD 4 fl oz RTE EN-ES (RTE) Rev 11.2024 (AKRON)_001.jpg,56,438.53790283203125,0x1.b689b40000000p+8,False,False,False,CHALLENGER,4,-5.4604795714427485,-0x1.5d787f4ef4a72p+2,-5.4604795714427485,-0x1.5d787f4ef4a72p+2,5.0208057295049006e-05,0.0052831870732248515,0.009503365411666572,5.1030549167466545e-05,5.139845075881369e-05,-8.224918724175384e-07,-1.1903934637646829e-06,-1.2316094892410674,0.0,-1.8575675708558923,-3.6029120005868562,False,127,-3.8623238771567623,-0x1.ee60a0f9795f2p+1,-1.8575675708558923,-0x1.db898c5eefac2p+0,0.4809455731670372,-0.9616133868567145,-0x1.ec5896ffe4098p-1,2.0137419397303593,0x1.01c24bbedcdd1p+1,-2.0941284379503107,-0.685404460628309,-0x1.5eed555ddcba0p-1,-2.4941434127232833,-0x1.3f40176297152p+1,3.638936651268518,-0.8102204468817736,-0x1.9ed536e3d0c11p-1,-2.0266165594547147,-0x1.03682be231ecdp+1,2.501315002916035,0.990119823222467,0x1.faf0fc47b93d8p-1,0.14722147064026084,0x1.2d82734d59ff9p-3,0.14869055965480057,-0.9999999848393559,-0x1.ffffff7dc5642p-1,-0.011505949538410835,-0x1.7906e67d0b162p-7,0.011505949712848443,-1.2316094892410674
H593-7bec97dabbf6cdb58e99fd1c,OUTCOME-0438,5,823,/hkfs/work/workspace/scratch/ap7811-benchmark/dailymed/data/box_flat_20000_images/data/raw_images/otc/-Brosolvan Children 4 fl oz (RTE) EN-ES  Rev 11.2024 (AKRON)_001.jpg,114,432.2095642089844,0x1.b035a60000000p+8,False,False,False,CHALLENGER,5,-5.557446000618171,-0x1.63ad31fd7c3a0p+2,-5.557446000618171,-0x1.63ad31fd7c3a0p+2,7.908263306456397e-05,0.0056839567165782616,0.013913306699522452,8.216540429862547e-05,7.09662721401025e-05,-3.0827712340614997e-06,8.116360924461475e-06,-1.2316094892410674,8.881784197001252e-16,-2.171571642220963,-3.3858743583972077,False,128,-4.515212871013899,-0x1.20f93f67dee8ep+2,-2.171571642220963,-0x1.15f60f4021495p+1,0.4809455731670372,-0.9401974089119489,-0x1.e1618e061f1bep-1,1.968894131289709,0x1.f809721f2cf62p+0,-2.0941284379503107,-0.6655309721598915,-0x1.54c079bfcdbb7p-1,-2.421825047146997,-0x1.35fe5cf710a43p+1,3.638936651268518,-0.7338734094692915,-0x1.77be416a26351p-1,-1.8356485693466813,-0x1.d5ed108c4b0e2p+0,2.501315002916035,0.9634642541333628,0x1.ed4b2fccbc53bp-1,0.14325803915448473,0x1.2564788875f6bp-3,0.14869055965480057,-0.7772868237612203,-0x1.8df889df55128p-1,-0.00894342310665629,-0x1.250edee0f1cfap-7,0.011505949712848443,-1.2316094892410674
H593-7bec97dabbf6cdb58e99fd1c,OUTCOME-0438,6,826,/hkfs/work/workspace/scratch/ap7811-benchmark/dailymed/data/box_flat_20000_images/data/raw_images/otc/-Pentrexcilina AD 4 fl oz (RTE) EN-ES Rev 11.2024 (AKRON)_001.jpg,60,438.2720031738281,0x1.b645a20000000p+8,False,False,False,CHALLENGER,6,-5.1121763721036295,-0x1.472de5ce646acp+2,-5.1121763721036295,-0x1.472de5ce646acp+2,7.626513167360215e-05,0.007409249532418447,0.010293232983976518,7.266312969470271e-05,8.502388530283065e-05,3.602001978899436e-06,-8.758753629228508e-06,-1.2316094892410674,0.0,-1.87076117192937,-3.2414152001742593,False,126,-3.889756505315906,-0x1.f1e38a89de16bp+1,-1.87076117192937,-0x1.deea34441032fp+0,0.4809455731670372,-0.9422665106385973,-0x1.e270c18e9e1c9p-1,1.9732270960564957,0x1.f925693524c98p+0,-2.0941284379503107,-0.5850697999281802,-0x1.2b8e44d123396p-1,-2.129031938508994,-0x1.10841e5a048efp+1,3.638936651268518,-0.7960554649771804,-0x1.979494f7c2149p-1,-1.9911854777007214,-0x1.fdbe54dafea70p+0,2.501315002916035,0.999999994092382,0x1.ffffffcd4102cp-1,0.14869055877639356,0x1.3084acf9593e7p-3,0.14869055965480057,-0.9999999863998533,-0x1.ffffff8b2cf61p-1,-0.01150594955636584,-0x1.7906e686ea076p-7,0.011505949712848443,-1.2316094892410674
H593-7bec97dabbf6cdb58e99fd1c,OUTCOME-0438,7,951,/hkfs/work/workspace/scratch/ap7811-benchmark/dailymed/data/box_flat_20000_images/data/raw_images/otc/219-el-mucus-dm.jpg,108,432.8202209472656,0x1.b0d1fa0000000p+8,False,False,False,CHALLENGER,7,-4.206734437932187,-0x1.0d3b2314780b4p+2,-4.206734437932187,-0x1.0d3b2314780b4p+2,0.0004030186686154298,0.01570028207144087,0.02566951770557861,0.0004423147375020033,0.0004381688977777759,-3.92960688865735e-05,-3.515022916234612e-05,-1.2316094892410674,0.0,-2.1412716356238914,-2.065462802308296,False,111,-4.452211965531922,-0x1.1cf10a74b4727p+2,-2.1412716356238914,-0x1.1215305f6db39p+1,0.4809455731670372,-0.7284904519355431,-0x1.74fcb35505d88p-1,1.5255525721734946,0x1.868a9d05d057cp+0,-2.0941284379503107,-0.28641999819895025,-0x1.254b48b4bd4eap-2,-1.042264229102423,-0x1.0ad1d419c91a5p+0,3.638936651268518,-0.5586312241357496,-0x1.1e04e96c5ffecp-1,-1.3973126620281007,-0x1.65b64859b2886p+0,2.501315002916035,0.6165620446942605,0x1.3bae0533d55edp-1,0.09167695548749775,0x1.77824159d9b47p-4,0.14869055965480057,-0.999999989992003,-0x1.ffffffaa082e9p-1,-0.011505949597696933,-0x1.7906e69da2dcfp-7,0.011505949712848443,-1.2316094892410674
H593-7bec97dabbf6cdb58e99fd1c,OUTCOME-0438,8,1020,/hkfs/work/workspace/scratch/ap7811-benchmark/dailymed/data/box_flat_20000_images/data/raw_images/otc/418-nighttime-cold-and-flu-relief-1.jpg,88,435.0889892578125,0x1.b316c80000000p+8,False,False,False,CHALLENGER,8,-2.15595752489633,-0x1.13f66a8a7f570p+1,-2.15595752489633,-0x1.13f66a8a7f570p+1,0.013720742159016787,0.05925620579453555,0.2315494550324732,0.012715911474629988,0.012923419760266423,0.001004830684386799,0.0007973223987503639,-1.2316094892410674,0.0,-2.0286982527929998,-0.1272592721033301,False,12,-4.218145183110798,-0x1.0df61736cf697p+2,-2.0286982527929998,-0x1.03ac626499611p+1,0.4809455731670372,0.6849274028257651,0x1.5eaecdf68ab0bp-1,-1.4343259521888827,-0x1.6f2ffc50748f4p+0,-2.0941284379503107,0.35349651586162567,0x1.69fafd9b80a48p-2,1.2863514276645927,0x1.494e53c0fb7a5p+0,3.638936651268518,0.43731282882897066,0x1.bfceef27c4467p-2,1.0938571397175563,0x1.18070581953ffp+0,2.501315002916035,0.9999999991456654,0x1.fffffff8a94c6p-1,0.14869055952776908,0x1.3084ad132a69bp-3,0.14869055965480057,0.8497379756304809,0x1.b310db1f011b3p-1,0.009777042416701949,0x1.405fc6b736237p-7,0.011505949712848443,-1.2316094892410674
H593-7bec97dabbf6cdb58e99fd1c,OUTCOME-0438,9,1024,/hkfs/work/workspace/scratch/ap7811-benchmark/dailymed/data/box_flat_20000_images/data/raw_images/otc/430984_86324016_ASP_Severe_Cld_Flu_Eff_20ct_Crtn_FDA1.jpg,20,450.272216796875,0x1.c245b00000000p+8,False,False,False,CHALLENGER,9,-3.448541777692081,-0x1.b969d12509e16p+1,-3.448541777692081,-0x1.b969d12509e16p+1,0.0003707678782184884,0.013998541633359262,0.026486178912732524,0.0003990679813826137,0.00046698914284109237,-2.8300103164125283e-05,-9.622126462260395e-05,-1.2316094892410674,-4.440892098500626e-16,-1.2753259148518823,-2.1732158628401987,False,78,-2.651705278112517,-0x1.536b141c0fda3p+1,-1.2753259148518823,-0x1.467bc25807b5ap+0,0.4809455731670372,-0.7474741611191653,-0x1.7eb4eee939446p-1,1.5653068974326965,0x1.90b7f3ecad397p+0,-2.0941284379503107,-0.3381699329160628,-0x1.5a49380975c38p-2,-1.2305789632452768,-0x1.3b07391248b78p+0,3.638936651268518,-0.5477644486378908,-0x1.187494f19f574p-1,-1.370131433441986,-0x1.5ec0ef01dadccp+0,2.501315002916035,0.7082028310424385,0x1.6a998fbc86161p-1,0.10530307529681436,0x1.af52470916b47p-4,0.14869055965480057,-0.9999999937884777,-0x1.ffffffcaa4b7dp-1,-0.011505949641378979,-0x1.7906e6b5a6908p-7,0.011505949712848443,-1.2316094892410674
H593-7bec97dabbf6cdb58e99fd1c,OUTCOME-0438,10,1040,/hkfs/work/workspace/scratch/ap7811-benchmark/dailymed/data/box_flat_20000_images/data/raw_images/otc/4oz-crt.jpg,71,436.6400146484375,0x1.b4a3d80000000p+8,False,False,False,CHALLENGER,10,-4.623340420978753,-0x1.27e4cf38983b4p+2,-4.623340420978753,-0x1.27e4cf38983b4p+2,0.00020091647415656957,0.009465793583805074,0.02122552878189901,0.00019855147717001703,0.0002212196886688908,2.364996986552539e-06,-2.0303214512321235e-05,-1.2316094892410674,-8.881784197001252e-16,-1.951738355976928,-2.6716020650018253,False,120,-4.058127291046028,-0x1.03b85b87830e9p+2,-1.951738355976928,-0x1.f3a51ff9450bdp+0,0.4809455731670372,-0.8547569023469138,-0x1.b5a2b25b38741p-1,1.7899707367389888,0x1.ca3b85af174aap+0,-2.0941284379503107,-0.49876360246143087,-0x1.febbe2c407289p-2,-1.8149691533156216,-0x1.d0a1d184bd49ap+0,3.638936651268518,-0.6205450999042181,-0x1.3db8165b90370p-1,-1.5521787683764505,-0x1.8d5b9677b8f02p+0,2.501315002916035,0.9999999940488928,0x1.ffffffcce1608p-1,0.14869055876992712,0x1.3084acf9205d5p-3,0.14869055965480057,-0.9999999882454003,-0x1.ffffff9b075cap-1,-0.01150594957760061,-0x1.7906e692968e9p-7,0.011505949712848443,-1.2316094892410674
H593-7bec97dabbf6cdb58e99fd1c,OUTCOME-0438,11,1092,/hkfs/work/workspace/scratch/ap7811-benchmark/dailymed/data/box_flat_20000_images/data/raw_images/otc/63004CVS New item2.jpg,25,449.54583740234375,0x1.c18bbc0000000p+8,False,False,False,CHALLENGER,11,-2.49826567687661,-0x1.3fc72b7173c18p+1,-2.49826567687661,-0x1.3fc72b7173c18p+1,0.0015830960057099026,0.02834273968599012,0.05585543328729193,0.0015087545211488254,0.001573044399651393,7.434148456107715e-05,1.0051606058509655e-05,-1.2316094892410674,0.0,-1.3113679316946367,-1.186897745181973,False,18,-2.726645185772789,-0x1.5d02b59e58511p+1,-1.3113679316946367,-0x1.4fb5cf0ba6d10p+0,0.4809455731670372,-0.23684202835916177,-0x1.e50d6ef0f79cbp-3,0.49597762688875463,0x1.fbe18f1c23ba9p-2,-2.0941284379503107,0.0006841676063424554,0x1.66b36bf42b6c5p-11,0.002489642578330212,0x1.46528ae7c2b54p-9,3.638936651268518,-0.23748771359649565,-0x1.e65ff558ca447p-3,-0.5940315810271409,-0x1.3024e84a9b015p-1,2.501315002916035,0.9999999958335494,0x1.ffffffdc35e0dp-1,0.1486905590352887,0x1.3084ad023e827p-3,0.14869055965480057,-0.7313175901283565,-0x1.766f42592e807p-1,-0.00841450341613838,-0x1.13b9f87e00a49p-7,0.011505949712848443,-1.2316094892410674
H593-7bec97dabbf6cdb58e99fd1c,OUTCOME-0438,12,1097,/hkfs/work/workspace/scratch/ap7811-benchmark/dailymed/data/box_flat_20000_images/data/raw_images/otc/6386846724-3.jpg,98,434.10638427734375,0x1.b21b3c0000000p+8,False,False,False,CHALLENGER,12,-2.8693289571115117,-0x1.6f462bd8213edp+1,-2.8693289571115117,-0x1.6f462bd8213edp+1,0.004514773543089285,0.03873907051048235,0.11654315613658409,0.0043061399761396444,0.0050717878679764385,0.00020863356694964062,-0.0005570143248871534,-1.2316094892410674,0.0,-2.077453855612217,-0.7918751014992949,False,31,-4.3195196536109846,-0x1.1473028fac0f3p+2,-2.077453855612217,-0x1.09ea020866dbap+1,0.4809455731670372,0.27527321855413367,0x1.19e138fc9e606p-2,-0.5764574751803224,-0x1.27256f26de51ap-1,-2.0941284379503107,0.15564754290803295,0x1.3ec42393f12b4p-3,0.5663915485679304,0x1.21fe12b3a8fd3p-1,3.638936651268518,0.12498054200550707,0x1.ffeb98c8ccd44p-4,0.3126157047909525,0x1.401e54d12c2abp-2,2.501315002916035,0.9999999973283785,0x1.ffffffe90d0adp-1,0.14869055925755567,0x1.3084ad09e1973p-3,0.14869055965480057,-0.9999999983917249,-0x1.fffffff22f5dap-1,-0.01150594969434371,-0x1.7906e6d2c4b01p-7,0.011505949712848443,-1.2316094892410674
H593-7bec97dabbf6cdb58e99fd1c,OUTCOME-0438,13,1110,/hkfs/work/workspace/scratch/ap7811-benchmark/dailymed/data/box_flat_20000_images/data/raw_images/otc/675R Kroger Daytime Cold and Flu.jpg,80,436.0318908691406,0x1.b4082a0000000p+8,False,False,False,CHALLENGER,13,-3.138296834030329,-0x1.91b3b5eda67a3p+1,-3.138296834030329,-0x1.91b3b5eda67a3p+1,0.0027073316729686746,0.028253364493891084,0.09582333720127567,0.002777590011435182,0.0025366141686817994,-7.025833846650755e-05,0.0001707175042868752,-1.2316094892410674,0.0,-1.9819126803877152,-1.156384153642614,False,51,-4.120866873431804,-0x1.07bc486923ccbp+2,-1.9819126803877152,-0x1.fb5ea121cafdfp+0,0.4809455731670372,0.026858284668633464,0x1.b80bcf91d1f18p-6,-0.05624469771915017,-0x1.ccc1ae28de75dp-5,-2.0941284379503107,-0.0008950090546704583,-0x1.d53e14f4998c4p-11,-0.0032568812522575192,-0x1.aae2ccee491d6p-9,3.638936651268518,0.027752626599303862,0x1.c6b2f3e7d0a59p-6,0.06941806128316537,0x1.1c561cef681ddp-4,2.501315002916035,0.40441192186790087,0x1.9e1e28aa23fc2p-2,0.060132234993611665,0x1.ec9a6fd774513p-5,0.14869055965480057,0.44990795390870514,0x1.ccb4abb0fe1ebp-2,0.005176618293084096,0x1.53413e45cdcd4p-8,0.011505949712848443,-1.2316094892410674
H593-7bec97dabbf6cdb58e99fd1c,OUTCOME-0438,14,1140,/hkfs/work/workspace/scratch/ap7811-benchmark/dailymed/data/box_flat_20000_images/data/raw_images/otc/812-6e-mucus-dm.jpg,32,444.3041687011719,0x1.bc4dde0000000p+8,False,False,False,CHALLENGER,14,-3.3972479808408425,-0x1.b2d905970e85ap+1,-3.3972479808408425,-0x1.b2d905970e85ap+1,0.0005166079806429335,0.01861532155811235,0.02775176238724716,0.0005448827310633323,0.0005325706956939164,-2.8274750420398788e-05,-1.596271505098295e-05,-1.2316094892410674,0.0,-1.5714528309003601,-1.8257951499404823,False,70,-3.267423422888184,-0x1.a23aee43be9bcp+1,-1.5714528309003601,-0x1.924abb93ec755p+0,0.4809455731670372,-0.664792209314668,-0x1.545fa4fb48bf7p-1,1.3921602708536616,0x1.64649d921b62fp+0,-2.0941284379503107,-0.20649628535037973,-0x1.a6e786429a58ep-3,-0.7514269011122992,-0x1.80bb06db3951ap-1,3.638936651268518,-0.5312203208616939,-0x1.0ffc1c2224a90p-1,-1.3287493584252248,-0x1.5428eaff046f4p+0,2.501315002916035,0.7084261287288521,0x1.6ab6d45d0b6bbp-1,0.10533627755477681,0x1.af7517b2e1e00p-4,0.14869055965480057,-0.999999987613427,-0x1.ffffff9599a35p-1,-0.011505949570329157,-0x1.7906e68e9730ep-7,0.011505949712848443,-1.2316094892410674
H593-7bec97dabbf6cdb58e99fd1c,OUTCOME-0438,15,1163,/hkfs/work/workspace/scratch/ap7811-benchmark/dailymed/data/box_flat_20000_images/data/raw_images/otc/87h-km-mucus-relief-d.jpg,107,433.06219482421875,0x1.b10fec0000000p+8,False,False,False,CHALLENGER,15,-4.499018257871128,-0x1.1fefea466a750p+2,-4.499018257871128,-0x1.1fefea466a750p+2,0.00033857598453537817,0.009810476658275577,0.03451167525583725,0.0003132943307025582,0.0003139612772456472,2.5281653832819962e-05,2.4614707289730966e-05,-1.2316094892410674,8.881784197001252e-16,-2.129265201225681,-2.369753056645447,False,118,-4.427247738667024,-0x1.1b5806e637594p+2,-2.129265201225681,-0x1.108bc319e3387p+1,0.4809455731670372,-0.7668436594051053,-0x1.889fbb6c946c8p-1,1.6058691146221133,0x1.9b1a3d00f55d2p+0,-2.0941284379503107,-0.4852097323624708,-0x1.f0dad1f0ca786p-2,-1.7656474786459833,-0x1.c40179210ca2ap+0,3.638936651268518,-0.44851880873082245,-0x1.cb4883bc8f1dbp-2,-1.1218868253684338,-0x1.1f33f998c54bbp+0,2.501315002916035,0.9999999947630988,0x1.ffffffd303eebp-1,0.14869055887612279,0x1.3084acfcc678bp-3,0.14869055965480057,-0.44924035105313825,-0x1.cc05a99f44641p-2,-0.00516893688819979,-0x1.52c05ee3d0e2fp-8,0.011505949712848443,-1.2316094892410674
H593-7bec97dabbf6cdb58e99fd1c,OUTCOME-0438,16,1312,/hkfs/work/workspace/scratch/ap7811-benchmark/dailymed/data/box_flat_20000_images/data/raw_images/otc/ASP Cold Cough LG 10ct.jpg,7,464.1844482421875,0x1.d02f380000000p+8,False,False,False,CHALLENGER,16,-1.0615485960147533,-0x1.0fc1a616ff824p+0,-1.0615485960147533,-0x1.0fc1a616ff824p+0,0.007210731176945488,0.051627569250332905,0.13966822923585526,0.006848616818525755,0.006932102148958227,0.0003621143584197333,0.00027862902798726167,-1.2316094892410674,0.0,-0.5850187780479396,-0.4765298179668137,False,8,-1.216392894929,-0x1.37658656ce8bbp+0,-0.5850187780479396,-0x1.2b8794ce86087p-1,0.4809455731670372,0.4751243998284959,0x1.e68702bb2e193p-2,-0.994971517244927,-0x1.fd6ce81e0973dp-1,-2.0941284379503107,0.29179447311682755,0x1.2acc2b9cc2e4bp-2,1.0618216028624101,0x1.0fd38a627af85p+0,3.638936651268518,0.21283742513959925,0x1.b3e41ba2b7258p-3,0.5323734446836981,0x1.1093408c59c74p-1,2.501315002916035,0.9999999981052903,0x1.ffffffefb97d4p-1,0.14869055937307513,0x1.3084ad0dd9b5ep-3,0.14869055965480057,0.6227718509838206,0x1.3edbf3b9b0961p-1,0.007165581599997384,0x1.d59a82a0f991ap-8,0.011505949712848443,-1.2316094892410674
H593-7bec97dabbf6cdb58e99fd1c,OUTCOME-0438,17,1313,/hkfs/work/workspace/scratch/ap7811-benchmark/dailymed/data/box_flat_20000_images/data/raw_images/otc/ASP Cold Cough PMG 24ct.jpg,5,464.4606628417969,0x1.d075ee0000000p+8,False,False,False,CHALLENGER,17,-0.8887540665961644,-0x1.c70ac5e46f606p-1,-0.8887540665961644,-0x1.c70ac5e46f606p-1,0.010547967428406208,0.05399528067170268,0.19534980274552188,0.009816453201294888,0.011057081787065251,0.0007315142271113202,-0.0005091143586590432,-1.2316094892410674,0.0,-0.5713133627700734,-0.317440703826091,False,5,-1.187896083558816,-0x1.3019f52dee7d3p+0,-0.5713133627700734,-0x1.24832f61bb01fp-1,0.4809455731670372,0.608697480580324,0x1.37a73238800b6p-1,-1.2746907041919635,-0x1.46522147050aap+0,-2.0941284379503107,0.3121692155249731,0x1.3fa9496dfdae4p-2,1.135963999771566,0x1.22ce896473c53p+0,3.638936651268518,0.36609178730850217,0x1.76e0c3f74bfc5p-2,0.9157108800391025,0x1.d4d80e74b7f96p-1,2.501315002916035,0.9999999988854029,0x1.fffffff66cf9ap-1,0.1486905594890705,0x1.3084ad11d6044p-3,0.14869055965480057,-0.9999999982574883,-0x1.fffffff1082d2p-1,-0.011505949692799191,-0x1.7906e6d1eb50ep-7,0.011505949712848443,-1.2316094892410674
H593-7bec97dabbf6cdb58e99fd1c,OUTCOME-0438,18,1314,/hkfs/work/workspace/scratch/ap7811-benchmark/dailymed/data/box_flat_20000_images/data/raw_images/otc/ASP Cold Flu Day Night PMG 16ct.jpg,14,454.89971923828125,0x1.c6e6540000000p+8,False,False,False,CHALLENGER,18,-2.2864301277594006,-0x1.24a9be0fa869cp+1,-2.2864301277594006,-0x1.24a9be0fa869cp+1,0.0013654242471067071,0.026716576095898274,0.05110775580694029,0.0012514523156323585,0.0011821492879734643,0.00011397193147434865,0.00018327495913324286,-1.2316094892410674,0.0,-1.0457151602121797,-1.2407149675472209,False,15,-2.174290020648537,-0x1.164f22a95a316p+1,-1.0457151602121797,-0x1.0bb3fd1e0aef3p+0,0.4809455731670372,-0.3053275530488016,-0x1.38a7c93ba6341p-2,0.6393951117292775,0x1.475ecbcc32f36p-1,-2.0941284379503107,-0.028851173795465916,-0x1.d8b297f9c676ep-6,-0.10498759375643876,-0x1.ae07789ab6d6ap-4,3.638936651268518,-0.27893352097662527,-0x1.1da0bfb969338p-2,-0.6977006008350273,-0x1.6539035df8d40p-1,2.501315002916035,0.9999999964240107,0x1.ffffffe148510p-1,0.14869055912308474,0x1.3084ad0542c59p-3,0.14869055965480057,0.4777567754195886,0x1.e93912777a6b4p-2,0.005497045432950414,0x1.68411e5bf122cp-8,0.011505949712848443,-1.2316094892410674
H593-7bec97dabbf6cdb58e99fd1c,OUTCOME-0438,19,1315,/hkfs/work/workspace/scratch/ap7811-benchmark/dailymed/data/box_flat_20000_images/data/raw_images/otc/ASP Cold Flu Day Night PMG 24ct.jpg,12,456.0621337890625,0x1.c80fe80000000p+8,False,False,False,CHALLENGER,19,-2.2277103053905094,-0x1.1d259c7d4ea50p+1,-2.2277103053905094,-0x1.1d259c7d4ea50p+1,0.0017105675551998337,0.025322458900410662,0.06755140019882086,0.0016443144064652627,0.0016989952817021339,6.625314873457094e-05,1.1572273497699806e-05,-1.2316094892410674,4.440892098500626e-16,-0.9880376364099568,-1.2396726689805526,False,14,-2.0543647587890397,-0x1.06f56ca686e4bp+1,-0.9880376364099568,-0x1.f9e011af32206p-1,0.4809455731670372,-0.1999729799908755,-0x1.998b6f0927e14p-3,0.4187691042205608,0x1.acd1cedccf628p-2,-2.0941284379503107,-0.05559803672083606,-0x1.c77588ae0270ep-5,-0.20231773356202326,-0x1.9e58c28865d9ap-3,3.638936651268518,-0.14599816627002804,-0x1.2b01162b3ef50p-3,-0.36518740368945096,-0x1.75f3afcf07849p-2,2.501315002916035,0.9999999956882447,0x1.ffffffdaf6599p-1,0.14869055901368328,0x1.3084ad0180776p-3,0.14869055965480057,-0.6968312848875167,-0x1.64c711f6d7d48p-1,-0.008017705722255334,-0x1.06b963eeda5b5p-7,0.011505949712848443,-1.2316094892410674
H593-7bec97dabbf6cdb58e99fd1c,OUTCOME-0438,20,1316,/hkfs/work/workspace/scratch/ap7811-benchmark/dailymed/data/box_flat_20000_images/data/raw_images/otc/ASP Cold Flu Day Night PMG 36ct.jpg,9,459.52264404296875,0x1.cb85cc0000000p+8,False,False,False,CHALLENGER,20,-2.149561072022557,-0x1.1324d1348bb90p+1,-2.149561072022557,-0x1.1324d1348bb90p+1,0.0016351000801493871,0.024948697267346418,0.06553849536221892,0.0016873574518000126,0.002089894119382834,-5.225737165062542e-05,-0.0004547940392334469,-1.2316094892410674,4.440892098500626e-16,-0.8163315420537145,-1.3332295299688426,False,11,-1.6973470338403436,-0x1.b28555d04e8fcp+0,-0.8163315420537145,-0x1.a1f63537a0be6p-1,0.4809455731670372,-0.2215304881781282,-0x1.c5b1c6ce55f72p-3,0.4639132951668334,0x1.db0c163baf407p-2,-2.0941284379503107,-0.06300690399110853,-0x1.02138701063d0p-4,-0.2292781322162015,-0x1.d58fc5fc73d03p-3,3.638936651268518,-0.16076756997355762,-0x1.494081fa59bf2p-3,-0.40213033475721316,-0x1.9bc80df20c0b8p-2,2.501315002916035,0.520416904403053,0x1.0a7415a164b21p-1,0.0773810807695088,0x1.3cf3f1b3bf2e1p-4,0.14869055965480057,-0.9999999980753089,-0x1.ffffffef778f4p-1,-0.011505949690703045,-0x1.7906e6d0c44f4p-7,0.011505949712848443,-1.2316094892410674
H593-7bec97dabbf6cdb58e99fd1c,OUTCOME-0438,21,1317,/hkfs/work/workspace/scratch/ap7811-benchmark/dailymed/data/box_flat_20000_images/data/raw_images/otc/ASP Cold Flu Day PMG 24ct.jpg,8,459.6539001464844,0x1.cba7660000000p+8,False,False,False,CHALLENGER,21,-1.0068647000906932,-0x1.01c1e28e62e98p+0,-1.0068647000906932,-0x1.01c1e28e62e98p+0,0.012365051250584277,0.05916421940332791,0.2089954262100644,0.011747459551408932,0.012652087683361278,0.000617591699175345,-0.00028703643277700093,-1.2316094892410674,-2.220446049250313e-16,-0.8098187820150334,-0.19704591807565974,False,6,-1.6838054599034127,-0x1.af0ddfe71c848p+0,-0.8098187820150334,-0x1.9ea09140e1dabp-1,0.4809455731670372,0.6563192738147395,0x1.50091471899cfp-1,-1.3744168556703427,-0x1.5fd9c8762cdecp+0,-2.0941284379503107,0.35281661710747086,0x1.6948c25fd9073p-2,1.283877319168947,0x1.48ac2f19e822dp+0,3.638936651268518,0.39495964991624993,0x1.94704d6e85053p-2,0.9879184978819808,0x1.f9d0740f0879ap-1,2.501315002916035,0.999999998723289,0x1.fffffff5087bap-1,0.1486905594649657,0x1.3084ad1101fd1p-3,0.14869055965480057,-0.9999999971575267,-0x1.ffffffe79555dp-1,-0.011505949680143089,-0x1.7906e6caf620cp-7,0.011505949712848443,-1.2316094892410674
H593-7bec97dabbf6cdb58e99fd1c,OUTCOME-0438,22,1318,/hkfs/work/workspace/scratch/ap7811-benchmark/dailymed/data/box_flat_20000_images/data/raw_images/otc/ASP Cold Flu Night PMG 24ct.jpg,13,455.61273193359375,0x1.c79cdc0000000p+8,False,False,False,CHALLENGER,22,-0.7967224548866086,-0x1.97ec016f7421bp-1,-0.7967224548866086,-0x1.97ec016f7421bp-1,0.020221262751824003,0.08250834735429827,0.24508141782300016,0.019838709986042,0.0206882443175035,0.0003825527657820016,-0.00046698156567949803,-1.2316094892410674,0.0,-1.0103363818946387,0.21361392700803006,False,4,-2.100729143303163,-0x1.0ce4b14c1edf1p+1,-1.0103363818946387,-0x1.02a567b63249ep+0,0.4809455731670372,0.7748092930990491,0x1.8cb3cdbcfe9d6p-1,-1.6225501746668962,-0x1.9f5f72c0503b7p+0,-2.0941284379503107,0.4891546179058348,0x1.f4e4f2ba5f2acp-2,1.78000266723479,0x1.c7ae413a90f21p+0,3.638936651268518,0.4599925689677157,0x1.d7084ac07a3a6p-2,1.1505863139888362,0x1.268cd31dcea73p+0,2.501315002916035,0.9999999981759272,0x1.fffffff054d25p-1,0.14869055938357817,0x1.3084ad0e3618ap-3,0.14869055965480057,-0.9999999981194221,-0x1.ffffffefd890cp-1,-0.011505949691210608,-0x1.7906e6d10bbe2p-7,0.011505949712848443,-1.2316094892410674
H593-7bec97dabbf6cdb58e99fd1c,OUTCOME-0438,23,1319,/hkfs/work/workspace/scratch/ap7811-benchmark/dailymed/data/box_flat_20000_images/data/raw_images/otc/ASP Cold and Flu FizzyChews 24ct.jpg,26,448.1353759765625,0x1.c022a80000000p+8,False,False,False,CHALLENGER,23,-3.195542443275826,-0x1.990788e76cbffp+1,-3.195542443275826,-0x1.990788e76cbffp+1,0.0005826035289063378,0.018304595039506173,0.031828266489858134,0.0006217843772278485,0.0006847192315654598,-3.918084832151068e-05,-0.00010211570265912203,-1.2316094892410674,0.0,-1.3813532242935112,-1.8141892189823148,False,56,-2.872161220233861,-0x1.6fa2fa96df37bp+1,-1.3813532242935112,-0x1.61a05d6a9095ap+0,0.4809455731670372,-0.6298944833817995,-0x1.4281879c1c7d7p-1,1.3190799505578459,0x1.51af3940748afp+0,-2.0941284379503107,-0.21453966276116998,-0x1.b760921a08628p-3,-0.780696241972409,-0x1.8fb76af6c3610p-1,3.638936651268518,-0.48025524151592763,-0x1.ebc807b02c88dp-2,-1.2012696408328536,-0x1.3386683d0e059p+0,2.501315002916035,0.6174712931555535,0x1.3c253284a4d42p-1,0.09181215215007268,0x1.781004edc24eap-4,0.14869055965480057,-0.9999999940078701,-0x1.ffffffcc872acp-1,-0.011505949643903298,-0x1.7906e6b709d4bp-7,0.011505949712848443,-1.2316094892410674
H593-7bec97dabbf6cdb58e99fd1c,OUTCOME-0438,24,1320,/hkfs/work/workspace/scratch/ap7811-benchmark/dailymed/data/box_flat_20000_images/data/raw_images/otc/ASP Cough Mucus COngestion Day Night PMG 16ct.jpg,3,472.95977783203125,0x1.d8f5b40000000p+8,False,False,False,CHALLENGER,24,-1.3435021805110765,-0x1.57efc2476656dp+0,-1.3435021805110765,-0x1.57efc2476656dp+0,0.0017918999241269362,0.026505956186100455,0.06760367034284152,0.0017859303625177337,0.0017179328545719318,5.969561609202485e-06,7.396706955500442e-05,-1.2316094892410674,0.0,-0.14959814351579975,-1.1939040369952767,False,9,-0.31105004778543377,-0x1.3e83e75aa175ap-2,-0.14959814351579975,-0x1.326082ef8a98ep-3,0.4809455731670372,-0.17757613489062546,-0x1.6bad095f3e18ep-3,0.37186723397575916,0x1.7ccac3a184fb8p-2,-2.0941284379503107,-0.032804773112336004,-0x1.0cbc987572243p-5,-0.1193744912150275,-0x1.e8f539fbec446p-4,3.638936651268518,-0.1456196464703018,-0x1.2a3aa219f5d14p-3,-0.3642406064354949,-0x1.74fb7d5210089p-2,2.501315002916035,0.99999999417387,0x1.ffffffcdf4346p-1,0.14869055878851004,0x1.3084acf9c3d25p-3,0.14869055965480057,0.06629240967323155,0x1.0f88a1385021ep-4,0.0007627571320437499,0x1.8fe7877ecf35dp-11,0.011505949712848443,-1.2316094892410674
H593-7bec97dabbf6cdb58e99fd1c,OUTCOME-0438,25,1321,/hkfs/work/workspace/scratch/ap7811-benchmark/dailymed/data/box_flat_20000_images/data/raw_images/otc/ASP Cough Mucus COngestion Day Night PMG 24ct.jpg,1,475.9747314453125,0x1.dbf9880000000p+8,False,True,False,HOLD,,,,0.0,0x0.0p+0,0.002565706901831157,0.028303983832752476,0.0906482605767391,0.002731377861644292,0.002500937037969322,-0.00016567095981313493,6.476986386183504e-05,,,0.0,0.0,True,2,,,,,0.4809455731670372,,,,,-2.0941284379503107,,,,,3.638936651268518,,,,,2.501315002916035,,,,,0.14869055965480057,,,,,0.011505949712848443,-1.2316094892410674
H593-7bec97dabbf6cdb58e99fd1c,OUTCOME-0438,26,1322,/hkfs/work/workspace/scratch/ap7811-benchmark/dailymed/data/box_flat_20000_images/data/raw_images/otc/ASP Cough Mucus Congestion PMG 24ct.jpg,2,474.0279235839844,0x1.da07260000000p+8,True,False,True,CHALLENGER,25,0.31370655097614164,0x1.413c4a43ef16cp-2,0.31370655097614164,0x1.413c4a43ef16cp-2,0.025770195767915997,0.0958323703332282,0.2689090928076589,0.02350333933759405,0.026829907578054545,0.002266856430321946,-0.001059711810138548,-1.2316094892410674,-5.551115123125783e-17,-0.09659811698385948,0.4103046679600011,False,1,-0.2008504129641089,-0x1.9b5776188d319p-3,-0.09659811698385948,-0x1.8baa7794d0512p-4,0.4809455731670372,0.8189076993845065,0x1.a347deb6991dbp-1,-1.7148979013375591,-0x1.b7038c82394e5p+0,-2.0941284379503107,0.543985579032236,0x1.1685471ee0cebp-1,1.9795290613019305,0x1.fac26aa3c5fbap+0,3.638936651268518,0.49577857482961213,0x1.fbad60f3cd7d3p-2,1.2400983873456388,0x1.3d77168178cbcp+0,2.501315002916035,0.999999999588905,0x1.fffffffc77fe1p-1,0.1486905595936746,0x1.3084ad156e1fcp-3,0.14869055965480057,-0.9999999991107014,-0x1.fffffff85c696p-1,-0.011505949702616218,-0x1.7906e6d750f09p-7,0.011505949712848443,-1.2316094892410674
H593-7bec97dabbf6cdb58e99fd1c,OUTCOME-0438,27,1323,/hkfs/work/workspace/scratch/ap7811-benchmark/dailymed/data/box_flat_20000_images/data/raw_images/otc/ASP Cough and Chest Congestion Cool Blueberry Pomegranate PFF 24ct.jpg,4,464.7906799316406,0x1.d0ca6a0000000p+8,False,False,False,CHALLENGER,26,-1.4495360890240352,-0x1.7314cc10badfbp+0,-1.4495360890240352,-0x1.7314cc10badfbp+0,0.003692319898528464,0.034183002415608635,0.10801625479341972,0.0034706808179239845,0.0035507949237589976,0.00022163908060447973,0.0001415249747694666,-1.2316094892410674,0.0,-0.5549383367160635,-0.8945977523079717,False,10,-1.153848517747616,-0x1.27629dd0439b3p+0,-0.5549383367160635,-0x1.1c20e0aefbf85p-1,0.4809455731670372,0.18002687307963247,0x1.70b1ede239ae3p-3,-0.3769993945113296,-0x1.820c211826dfap-2,-2.0941284379503107,0.09408388747371006,0x1.815e1b3c7b685p-4,0.34236530642190655,0x1.5e9502c977eb0p-2,3.638936651268518,0.08742373636395276,0x1.66166e893ca22p-4,0.21867430337813115,0x1.bfd8502be0932p-3,2.501315002916035,0.9999999974180892,0x1.ffffffe9d2517p-1,0.1486905592708948,0x1.3084ad0a56ec4p-3,0.14869055965480057,0.3720651037360477,0x1.7cfea2721ddf5p-2,0.004280962373492704,0x1.188ea163ba0dbp-8,0.011505949712848443,-1.2316094892410674
H593-7bec97dabbf6cdb58e99fd1c,OUTCOME-0438,28,1324,/hkfs/work/workspace/scratch/ap7811-benchmark/dailymed/data/box_flat_20000_images/data/raw_images/otc/ASP Cough and Sore Throat FizzyChews 24ct.jpg,65,437.6617736816406,0x1.b5a96a0000000p+8,False,False,False,CHALLENGER,27,-3.562560001841715,-0x1.c801f754f953bp+1,-3.562560001841715,-0x1.c801f754f953bp+1,0.000881881313187756,0.019788920067892554,0.04456439816635598,0.0009573624015145525,0.0009649667724054756,-7.548108832679647e-05,-8.308545921771951e-05,-1.2316094892410674,-4.440892098500626e-16,-1.9010399791215267,-1.6615200227201885,False,87,-3.952713332203344,-0x1.f9f282ae2365ep+1,-1.9010399791215267,-0x1.e6aa8e5ab729bp+0,0.4809455731670372,-0.4884068175020598,-0x1.f420eab142579p-2,1.022786605819871,0x1.05d557cec87f1p+0,-2.0941284379503107,-0.1770544731978362,-0x1.6a9b891ff6335p-3,-0.6442900117906457,-0x1.49e061638f809p-1,3.638936651268518,-0.3408250591211428,-0x1.5d013e8a548e8p-2,-0.8525108337494591,-0x1.b47c4ccce115ep-1,2.501315002916035,0.373995874420311,0x1.7ef8c645e589ep-2,0.05560965587614256,0x1.c78de6aa8e1a5p-5,0.14869055965480057,-0.9999999932366318,-0x1.ffffffc5e7323p-1,-0.011505949635029468,-0x1.7906e6b228f34p-7,0.011505949712848443,-1.2316094892410674
H593-7bec97dabbf6cdb58e99fd1c,OUTCOME-0438,29,1326,/hkfs/work/workspace/scratch/ap7811-benchmark/dailymed/data/box_flat_20000_images/data/raw_images/otc/ASP PFF Cold_20ct_Ctn2.jpg,53,438.74932861328125,0x1.b6bfd40000000p+8,False,False,False,CHALLENGER,28,-3.1527799852399294,-0x1.938e4b680b5fcp+1,-3.1527799852399294,-0x1.938e4b680b5fcp+1,0.0025131543749004246,0.024099241034961125,0.10428354865012365,0.00265278614350655,0.002069670697980862,-0.00013963176860612523,0.00044348367691956266,-1.2316094892410674,-4.440892098500626e-16,-1.8470768939091398,-1.3057030913307897,False,54,-3.8405112698014827,-0x1.eb95df8fdbc02p+1,-1.8470768939091398,-0x1.d8da08048979fp+0,0.4809455731670372,-0.010347305046733733,-0x1.530f7c6383b72p-7,0.021668585754511877,0x1.6304a2caa3055p-6,-2.0941284379503107,-0.0802382450378873,-0x1.48a7e5e537f3dp-4,-0.2919818907018324,-0x1.2afd4cfe5abe5p-2,3.638936651268518,0.0699490151319828,0x1.1e82dbc61182fp-4,0.17496452098882934,0x1.6653cc7cdbce9p-3,2.501315002916035,0.08528974259922553,0x1.5d58c6f25dedap-4,0.01268177955989273,0x1.9f8e7a3b7f3d6p-7,0.14869055965480057,0.7451277402423184,0x1.7d8162175dc4ap-1,0.008573402308876514,0x1.18eee9441b0cfp-7,0.011505949712848443,-1.2316094892410674
H593-7bec97dabbf6cdb58e99fd1c,OUTCOME-0438,30,1328,/hkfs/work/workspace/scratch/ap7811-benchmark/dailymed/data/box_flat_20000_images/data/raw_images/otc/ASP PFF_Night_20ct_Ctnreduced.jpg,39,441.2421875,0x1.b93e000000000p+8,False,False,False,CHALLENGER,29,-3.4825858115057713,-0x1.bdc55f32f7280p+1,-3.4825858115057713,-0x1.bdc55f32f7280p+1,0.0008090707262000802,0.015296762140819467,0.052891632801236536,0.0008255741098025118,0.0006710509681196733,-1.650338360243168e-05,0.0001380197580804069,-1.2316094892410674,0.0,-1.7233844232000723,-1.759201388305699,False,82,-3.5833252645440687,-0x1.caaa66fb12db8p+1,-1.7233844232000723,-0x1.b92fb8b81483bp+0,0.4809455731670372,-0.5205190885822414,-0x1.0a817a5ccf149p-1,1.0900338258960485,0x1.170c74f1c1dd8p+0,-2.0941284379503107,-0.29832566854518616,-0x1.317c48b7d5ecap-2,-1.0855882092832616,-0x1.15e91bdfcb78dp+0,3.638936651268518,-0.2630392630696547,-0x1.0d5a2a21cadcbp-2,-0.657944055072105,-0x1.50de0b0e43beap-1,2.501315002916035,0.8188176918613191,0x1.a33c128fdc73dp-1,0.12175046085811159,0x1.f2b09c7a89498p-4,0.14869055965480057,0.36121125507213314,0x1.71e15cfded7e0p-2,0.004156078536574836,0x1.105f6d64ea0f3p-8,0.011505949712848443,-1.2316094892410674
H593-7bec97dabbf6cdb58e99fd1c,OUTCOME-0438,31,1331,/hkfs/work/workspace/scratch/ap7811-benchmark/dailymed/data/box_flat_20000_images/data/raw_images/otc/ASP Severe Cold Orange Zest PFF 24s.jpg,77,436.273681640625,0x1.b446100000000p+8,False,False,False,CHALLENGER,30,-4.471757307640939,-0x1.1e31458ffde0cp+2,-4.471757307640939,-0x1.1e31458ffde0cp+2,0.00020192276670219324,0.011892407678963454,0.016979132582157903,0.00019566860258285693,0.00019624476256932337,6.25416411933631e-06,5.678004132869864e-06,-1.2316094892410674,8.881784197001252e-16,-1.9699153314487547,-2.5018419761921837,False,116,-4.095921537393138,-0x1.062394168579fp+2,-1.9699153314487547,-0x1.f84c5f04761e7p+0,0.4809455731670372,-0.8540825245335374,-0x1.b54a4dfde9cf7p-1,1.7885585029820745,0x1.c9def8554a6d3p+0,-2.0941284379503107,-0.4082848120482979,-0x1.a21569eccdc4ep-2,-1.4857225667188294,-0x1.7c58506afc8e9p+0,3.638936651268518,-0.68448306543237,-0x1.5e749079654d9p-1,-1.7121077608079451,-0x1.b64cb1b7e5ddcp+0,2.501315002916035,0.9999999941835145,0x1.ffffffce0969cp-1,0.14869055878994408,0x1.3084acf9d06f8p-3,0.14869055965480057,-0.8388026575141219,-0x1.ad778abba45fap-1,-0.009651221196361122,-0x1.3c404fb3d1917p-7,0.011505949712848443,-1.2316094892410674
H593-7bec97dabbf6cdb58e99fd1c,OUTCOME-0438,32,1332,/hkfs/work/workspace/scratch/ap7811-benchmark/dailymed/data/box_flat_20000_images/data/raw_images/otc/ASP Severe Cold Sparkling Original PFF 24CT.jpg,105,433.38970947265625,0x1.b163c40000000p+8,False,False,False,CHALLENGER,31,-4.1644804756806675,-0x1.0a86d91df8416p+2,-4.1644804756806675,-0x1.0a86d91df8416p+2,0.0004823667250209273,0.01286558990850686,0.03749277945677264,0.0004741227733929957,0.0003850892466813014,8.24395162793163e-06,9.727747833962594e-05,-1.2316094892410674,0.0,-2.113014343114748,-2.0514661325659196,False,109,-4.393458347480988,-0x1.192e6bebb1381p+2,-2.113014343114748,-0x1.0e774105d410ep+1,0.4809455731670372,-0.6834940461324478,-0x1.5df2ee7e4c959p-1,1.4313243191756806,0x1.6e6b4544d43a4p+0,-2.0941284379503107,-0.37499523363776216,-0x1.7ffec02285307p-2,-1.3645838997354538,-0x1.5d555ed6030d0p+0,3.638936651268518,-0.41482011622233045,-0x1.a8c69ac397605p-2,-1.0375957802182885,-0x1.099fe0868151bp+0,2.501315002916035,0.9999999942500618,0x1.ffffffce9bc09p-1,0.14869055879983906,0x1.3084acfa27790p-3,0.14869055965480057,0.20060566150335882,0x1.9ad7241c651d5p-3,0.0023081586533703433,0x1.2e88f3dc43d54p-9,0.011505949712848443,-1.2316094892410674
H593-7bec97dabbf6cdb58e99fd1c,OUTCOME-0438,33,1333,/hkfs/work/workspace/scratch/ap7811-benchmark/dailymed/data/box_flat_20000_images/data/raw_images/otc/ASP Severe Cold and Cough Citrus PFF 24ct.jpg,16,452.5948791503906,0x1.c4984a0000000p+8,False,False,False,CHALLENGER,32,-3.2032203104440047,-0x1.9a031f859eb74p+1,-3.2032203104440047,-0x1.9a031f859eb74p+1,0.0003978483341651083,0.01496108310114447,0.026592214713029323,0.00037650441990979503,0.0003613792792167096,2.1343914255313276e-05,3.6469054948398715e-05,-1.2316094892410674,4.440892098500626e-16,-1.1600783785152222,-2.0431419319287825,False,57,-2.412078295837262,-0x1.34befb4a01981p+1,-1.1600783785152222,-0x1.28fae5888503cp+0,0.4809455731670372,-0.7315060440254518,-0x1.7687f5cfd4d05p-1,1.5318676093262307,0x1.882879c3db9d1p+0,-2.0941284379503107,-0.30839893884102204,-0x1.3bccee71c5eedp-2,-1.1222442017609133,-0x1.1f4b6560b051dp+0,3.638936651268518,-0.5463646040741834,-0x1.17bd19f461972p-1,-1.3666299812330343,-0x1.5ddb766321049p+0,2.501315002916035,0.9999999946528317,0x1.ffffffd21173ep-1,0.14869055885972712,0x1.3084acfc3640fp-3,0.14869055965480057,-0.27954475380105287,-0x1.1e40fadd6025bp-2,-0.003216427879725513,-0x1.a595691b527cap-9,0.011505949712848443,-1.2316094892410674
H593-7bec97dabbf6cdb58e99fd1c,OUTCOME-0438,34,1334,/hkfs/work/workspace/scratch/ap7811-benchmark/dailymed/data/box_flat_20000_images/data/raw_images/otc/ASP Severe Cold and Flu Citrus PFF 24ct.jpg,22,450.045654296875,0x1.c20bb00000000p+8,False,False,False,CHALLENGER,33,-3.1465220021385027,-0x1.92c13ba3aa26ep+1,-3.1465220021385027,-0x1.92c13ba3aa26ep+1,0.0005207042811801028,0.016838440214735784,0.030923546037501748,0.0004830665085471142,0.0006042281565656738,3.7637772632988654e-05,-8.352387538557095e-05,-1.2316094892410674,-4.440892098500626e-16,-1.2865676564299264,-1.8599543457085763,False,52,-2.675079527102932,-0x1.566901858d994p+1,-1.2865676564299264,-0x1.495c7f787538dp+0,0.4809455731670372,-0.6625826886724998,-0x1.533e09c57cff7p-1,1.387533250842659,0x1.6335610e7b564p+0,-2.0941284379503107,-0.2539859978653639,-0x1.0414e7c9e5082p-2,-0.9242389565412803,-0x1.d935d9381163cp-1,3.638936651268518,-0.4912710948539113,-0x1.f70fc517787cap-2,-1.2288237600570748,-0x1.3a9431a5fe2dep+0,2.501315002916035,0.9999999950813722,0x1.ffffffd5bfd2bp-1,0.14869055892344704,0x1.3084acfe66bd7p-3,0.14869055965480057,-0.999999993256627,-0x1.ffffffc6132a8p-1,-0.011505949635259532,-0x1.7906e6b249543p-7,0.011505949712848443,-1.2316094892410674
H593-7bec97dabbf6cdb58e99fd1c,OUTCOME-0438,35,1335,/hkfs/work/workspace/scratch/ap7811-benchmark/dailymed/data/box_flat_20000_images/data/raw_images/otc/ASP Severe Cold and Flu Strawberry Honey PFF 24ct.jpg,18,452.0026550292969,0x1.c400ae0000000p+8,False,False,False,CHALLENGER,34,-2.708034673034617,-0x1.5aa0e1528f11ep+1,-2.708034673034617,-0x1.5aa0e1528f11ep+1,0.0009351794271773889,0.02077911799995703,0.0450057325426095,0.0008843437216733969,0.0010421046143982142,5.0835705503991975e-05,-0.00010692518722082533,-1.2316094892410674,4.440892098500626e-16,-1.1894637822145118,-1.5185708908201052,False,22,-2.4731775248119376,-0x1.3c9114c5227f0p+1,-1.1894637822145118,-0x1.3080b2cc63468p+0,0.4809455731670372,-0.4657470483052753,-0x1.dceccb52b8009p-2,0.9753341387474941,0x1.f35eff092f854p-1,-2.0941284379503107,-0.15330868571202413,-0x1.39f9e77a9b6a3p-3,-0.5578805953952908,-0x1.1da286809770cp-1,3.638936651268518,-0.33646284185410424,-0x1.5889b71854948p-2,-0.8415995542534361,-0x1.aee62303b180dp-1,2.501315002916035,0.9999999953812045,0x1.ffffffd853295p-1,0.1486905589680293,0x1.3084acffeee3cp-3,0.14869055965480057,-0.9999999941757204,-0x1.ffffffcdf8461p-1,-0.011505949645834575,-0x1.7906e6b819a24p-7,0.011505949712848443,-1.2316094892410674
H593-7bec97dabbf6cdb58e99fd1c,OUTCOME-0438,36,1336,/hkfs/work/workspace/scratch/ap7811-benchmark/dailymed/data/box_flat_20000_images/data/raw_images/otc/ASP Sinus Allergy Cough PMG 24ct.jpg,6,464.33514404296875,0x1.d055cc0000000p+8,False,False,False,CHALLENGER,35,-0.5138254584643149,-0x1.07142167e9b26p-1,-0.5138254584643149,-0x1.07142167e9b26p-1,0.01657187555918944,0.07165803841978838,0.2312633156675011,0.01593142382610388,0.01615259589820959,0.0006404517330855612,0.0004192796609798523,-1.2316094892410674,0.0,-0.5775414450856036,0.06371598662128863,False,3,-1.200845744940494,-0x1.336aa0720f67ep+0,-0.5775414450856036,-0x1.27b383257459cp-1,0.4809455731670372,0.7318671877785067,0x1.76b74bc90c60fp-1,-1.532623890729691,-0x1.885a0a0fc096cp+0,-2.0941284379503107,0.4337052573533766,0x1.bc1d3b21be7b0p-2,1.578225956831047,0x1.94069dc649a3cp+0,3.638936651268518,0.43681266989801565,0x1.bf4bd20ec2fdbp-2,1.092606084679716,0x1.17b508491c282p+0,2.501315002916035,0.9999999987594941,0x1.fffffff558194p-1,0.14869055947034907,0x1.3084ad1131575p-3,0.14869055965480057,0.7323833165657574,0x1.76faf23192672p-1,0.008426765610934767,0x1.1420d55ae202ap-7,0.011505949712848443,-1.2316094892410674
H593-7bec97dabbf6cdb58e99fd1c,OUTCOME-0438,37,1337,/hkfs/work/workspace/scratch/ap7811-benchmark/dailymed/data/box_flat_20000_images/data/raw_images/otc/ASP Sinus Congestion Pain Day Night PMG 16ct.jpg,17,452.25347900390625,0x1.c440e40000000p+8,False,False,False,CHALLENGER,36,-2.34385500082068,-0x1.2c0370cf8ba1cp+1,-2.34385500082068,-0x1.2c0370cf8ba1cp+1,0.001948929123264667,0.02688422468662238,0.07249341001953671,0.001878679593911872,0.001857637008950217,7.024952935279498e-05,9.129211431445003e-05,-1.2316094892410674,0.0,-1.1770182172859092,-1.1668367835347708,False,16,-2.447300241345852,-0x1.3941226209634p+1,-1.1770182172859092,-0x1.2d5110de0a092p+0,0.4809455731670372,-0.13661738731568765,-0x1.17cadb54afcedp-3,0.28609435589625354,0x1.24f5eb3894106p-2,-2.0941284379503107,-0.02572576976485726,-0x1.a57db2f37cb95p-6,-0.09361444647943457,-0x1.7f71dca0ff3ccp-4,3.638936651268518,-0.11128273046816241,-0x1.c7d0667f86839p-4,-0.278353163285476,-0x1.1d089c9432732p-2,2.501315002916035,0.9999999957612838,0x1.ffffffdb96f6fp-1,0.1486905590245435,0x1.3084ad01dffe7p-3,0.14869055965480057,0.16994690566275522,0x1.5c0d1f8f0600ap-3,0.00195540055040986,0x1.004c5ad4453d1p-9,0.011505949712848443,-1.2316094892410674
H593-7bec97dabbf6cdb58e99fd1c,OUTCOME-0438,38,1338,/hkfs/work/workspace/scratch/ap7811-benchmark/dailymed/data/box_flat_20000_images/data/raw_images/otc/ASP Sinus Congestion Pain Day Night PMG 24ct.jpg,11,456.7934265136719,0x1.c8cb1e0000000p+8,False,False,False,CHALLENGER,37,-2.1844653461311694,-0x1.179c8f7a70790p+1,-2.1844653461311694,-0x1.179c8f7a70790p+1,0.0020608880313744042,0.025735698767970893,0.08007896152170003,0.0020991068390247077,0.0018874985560460625,-3.8218807650303426e-05,0.0001733894753283417,-1.2316094892410674,4.440892098500626e-16,-0.9517518264106744,-1.232713519720495,False,13,-1.9789179472915566,-0x1.fa9a5dd915ae1p+0,-0.9517518264106744,-0x1.e74c03f0af29cp-1,0.4809455731670372,-0.10911239856433119,-0x1.beeca476c02f0p-4,0.2284953767665346,0x1.d3f56253fee73p-3,-2.0941284379503107,-0.04752590950080226,-0x1.85550e609861fp-5,-0.17294377396734,-0x1.62305869e46fep-3,3.638936651268518,-0.06190752081049518,-0x1.fb257b283d92ap-5,-0.15485021059662823,-0x1.3d221b725470ep-3,2.501315002916035,0.6251032267256035,0x1.400d87b6d2325p-1,0.09294694862385167,0x1.7cb5f089a3930p-4,0.14869055965480057,0.45607957840230384,0x1.d306866672092p-2,0.005247628694154027,0x1.57e8999f792ccp-8,0.011505949712848443,-1.2316094892410674
H593-7bec97dabbf6cdb58e99fd1c,OUTCOME-0438,39,1339,/hkfs/work/workspace/scratch/ap7811-benchmark/dailymed/data/box_flat_20000_images/data/raw_images/otc/ASP Sinus Congestion Pain PMG 24ct.jpg,10,458.1401062011719,0x1.ca23de0000000p+8,False,False,False,CHALLENGER,38,-1.0348071018510923,-0x1.08e91e441e75ap+0,-1.0348071018510923,-0x1.08e91e441e75ap+0,0.012494706683969747,0.06161431194182677,0.2027890321288768,0.011274126493986621,0.011734664098086675,0.0012205801899831253,0.0007600425858830719,-1.2316094892410674,0.0,-0.884931302117041,-0.1498757997340513,False,7,-1.8399822173011156,-0x1.d709131887a4bp+0,-0.884931302117041,-0x1.c515b73399493p-1,0.4809455731670372,0.6592780287813916,0x1.518ce3c92cc2dp-1,-1.3806128685869357,-0x1.616fd84f0483bp+0,-2.0941284379503107,0.37045106139701756,0x1.7b5785e5dfed4p-2,1.3480479448189313,0x1.5919ab8c6ff46p+0,3.638936651268518,0.382162643738191,0x1.8755a4e26f082p-2,0.9559091543363928,0x1.e96cecb7a4c61p-1,2.501315002916035,0.99999999927863,0x1.fffffff9cdb0dp-1,0.14869055954753968,0x1.3084ad13d8512p-3,0.14869055965480057,0.8429464436349381,0x1.af96ad1f62150p-1,0.009698899391088032,0x1.3dd043d890bffp-7,0.011505949712848443,-1.2316094892410674
H593-7bec97dabbf6cdb58e99fd1c,OUTCOME-0438,40,1340,/hkfs/work/workspace/scratch/ap7811-benchmark/dailymed/data/box_flat_20000_images/data/raw_images/otc/ASP Sinus Congestion and Pain Berry PFF 24ct.jpg,15,454.43511962890625,0x1.c66f640000000p+8,False,False,False,CHALLENGER,39,-3.0033316357096345,-0x1.806d2bc93520ep+1,-3.0033316357096345,-0x1.806d2bc93520ep+1,0.0004925162341483672,0.01564929073611444,0.03147211221603606,0.0004799504381593321,0.0005755738725660675,1.2565795989035074e-05,-8.305763841770031e-05,-1.2316094892410674,0.0,-1.06876799881457,-1.9345636368950645,False,41,-2.222222343739873,-0x1.1c71c82166d01p+1,-1.06876799881457,-0x1.119ac791eb818p+0,0.4809455731670372,-0.6779069331515134,-0x1.5b169e173c1cfp-1,1.4196241869962645,0x1.6b6c7d9fc2718p+0,-2.0941284379503107,-0.28791240744810687,-0x1.26d2829868b32p-2,-1.0476950118178712,-0x1.0c35bd83f0a9cp+0,3.638936651268518,-0.4845722872188892,-0x1.f033b7b89cb89p-2,-1.2120679320179455,-0x1.364a15808c243p+0,2.501315002916035,0.9999999943894851,0x1.ffffffcfce58ep-1,0.14869055882056997,0x1.3084acfaddd2ep-3,0.14869055965480057,-0.9999999932353589,-0x1.ffffffc5e465ap-1,-0.011505949635014823,-0x1.7906e6b226e3ap-7,0.011505949712848443,-1.2316094892410674
H593-7bec97dabbf6cdb58e99fd1c,OUTCOME-0438,41,1341,/hkfs/work/workspace/scratch/ap7811-benchmark/dailymed/data/box_flat_20000_images/data/raw_images/otc/ASPC PF-100.jpg,28,445.1425476074219,0x1.bd247e0000000p+8,False,False,False,CHALLENGER,40,-3.1358970408699385,-0x1.91651301146c8p+1,-3.1358970408699385,-0x1.91651301146c8p+1,0.0009662436308460808,0.017178389001789068,0.05624762780406532,0.000918170806701903,0.0008201464303026379,4.807282414417773e-05,0.00014609720054344283,-1.2316094892410674,0.0,-1.52985354148333,-1.6060434993866084,False,50,-3.180928626516325,-0x1.9728ab52e61ecp+1,-1.52985354148333,-0x1.87a47b505736fp+0,0.4809455731670372,-0.4528555130470128,-0x1.cfb95b0966a07p-2,0.9483376081543275,0x1.e58c81c92ded2p-1,-2.0941284379503107,-0.24461333341582991,-0x1.f4f7d5d97e054p-3,-0.8901324243558296,-0x1.c7bf6fe76f59dp-1,3.638936651268518,-0.23418376886942793,-0x1.df9bbd6462bf0p-3,-0.5857673745125211,-0x1.2be9b38930ac0p-1,2.501315002916035,0.9999999953215014,0x1.ffffffd7cfdf7p-1,0.148690558959152,0x1.3084acffa0cdep-3,0.14869055965480057,0.38568060178245467,0x1.8aefdb0d6dd0ep-2,0.004437621609330049,0x1.22d2efaf20e12p-8,0.011505949712848443,-1.2316094892410674
H593-7bec97dabbf6cdb58e99fd1c,OUTCOME-0438,42,1386,/hkfs/work/workspace/scratch/ap7811-benchmark/dailymed/data/box_flat_20000_images/data/raw_images/otc/AXIV Sinus Severe.jpg,33,443.6178283691406,0x1.bb9e2a0000000p+8,False,False,False,CHALLENGER,41,-2.9639250853106915,-0x1.7b61e5ae9a0a0p+1,-2.9639250853106915,-0x1.7b61e5ae9a0a0p+1,0.001405623153920581,0.02403644051813329,0.05847883977913316,0.0014380013365556507,0.0013626577194958698,-3.237818263506962e-05,4.2965434424711325e-05,-1.2316094892410674,0.0,-1.605508160653891,-1.3584169246568005,False,36,-3.3382325365458394,-0x1.ab4b342974292p+1,-1.605508160653891,-0x1.9b02953378362p+0,0.4809455731670372,-0.29211466469232245,-0x1.2b201b4e24623p-2,0.611725626474512,0x1.393419efaa917p-1,-2.0941284379503107,-0.08153436597931275,-0x1.4df6fab619929p-4,-0.29669839270006215,-0x1.2fd1b415b0ac4p-2,3.638936651268518,-0.21571814057017213,-0x1.b9ca6eb738f9cp-3,-0.5395790214093218,-0x1.1443b3951f16dp-1,2.501315002916035,0.6730287991016994,0x1.58973b12d0df4p-1,0.10007302880223003,0x1.99e62d1ead081p-4,0.14869055965480057,-0.20238890671413007,-0x1.9e7e133b48772p-3,-0.0023286765830911552,-0x1.31396b88e0774p-9,0.011505949712848443,-1.2316094892410674
H593-7bec97dabbf6cdb58e99fd1c,OUTCOME-0438,43,1403,/hkfs/work/workspace/scratch/ap7811-benchmark/dailymed/data/box_flat_20000_images/data/raw_images/otc/Ampigrin_Ultra_Forte.jpg,125,431.0119934082031,0x1.af03120000000p+8,False,False,False,CHALLENGER,42,-4.270732677576306,-0x1.1153af2709851p+2,-4.270732677576306,-0x1.1153af2709851p+2,0.00040369988048649755,0.016203848058813804,0.024913827815542366,0.0004437794812802428,0.00043408527726331443,-4.007960079374526e-05,-3.0385396776816875e-05,-1.2316094892410674,0.0,-2.23099357419909,-2.039739103377216,False,113,-4.63876517150984,-0x1.28e187505d59ap+2,-2.23099357419909,-0x1.1d91328b62b80p+1,0.4809455731670372,-0.7280939187890908,-0x1.74c8b9e33b333p-1,1.5247221808349192,0x1.8654315e2bf98p+0,-2.0941284379503107,-0.27186531582006007,-0x1.1663dc81749a3p-2,-0.9893006619463074,-0x1.fa859dc9f0eaep-1,3.638936651268518,-0.5688235101592226,-0x1.233cd5caa8d99p-1,-1.4228067799726252,-0x1.6c3d10ac826e2p+0,2.501315002916035,0.6104059111116903,0x1.38871fa305039p-1,0.09076159653979568,0x1.73c26e8df04f2p-4,0.14869055965480057,-0.9999999894908597,-0x1.ffffffa5ba27fp-1,-0.011505949591930803,-0x1.7906e69a775a3p-7,0.011505949712848443,-1.2316094892410674
H593-7bec97dabbf6cdb58e99fd1c,OUTCOME-0438,44,1810,/hkfs/work/workspace/scratch/ap7811-benchmark/dailymed/data/box_flat_20000_images/data/raw_images/otc/Box Axiv Sinus Severe x 50 softgels_001.jpg,92,434.7924499511719,0x1.b2cade0000000p+8,False,False,False,CHALLENGER,43,-3.5946714880712056,-0x1.cc1e32009092ep+1,-3.5946714880712056,-0x1.cc1e32009092ep+1,0.0012326424910247343,0.02144896584729998,0.0574686210887832,0.0013614750633138956,0.0012953526508205449,-0.00012883257228916132,-6.271015979581059e-05,-1.2316094892410674,4.440892098500626e-16,-2.04341215404756,-1.5512593340236456,False,91,-4.248738876192676,-0x1.0feb56769f721p+2,-2.04341215404756,-0x1.058e878af10c3p+1,0.4809455731670372,-0.35095886991406117,-0x1.6761c312168a1p-2,0.7349529500379391,0x1.784bc0c905f9bp-1,-2.0941284379503107,-0.13778113718678894,-0x1.1a2cff31c898fp-3,-0.501376829962462,-0x1.00b476bf52651p-1,3.638936651268518,-0.2240098435413877,-0x1.cac5ac3ff04e6p-3,-0.5603191824509467,-0x1.1ee227e7e5841p-1,2.501315002916035,0.1250864026516712,0x1.002d4cc481772p-3,0.01859916721548272,0x1.30ba8fbb17e62p-6,0.14869055965480057,-0.9999999921556338,-0x1.ffffffbc9e0e7p-1,-0.011505949622591561,-0x1.7906e6ab52787p-7,0.011505949712848443,-1.2316094892410674
H593-7bec97dabbf6cdb58e99fd1c,OUTCOME-0438,45,1866,/hkfs/work/workspace/scratch/ap7811-benchmark/dailymed/data/box_flat_20000_images/data/raw_images/otc/Broncochem Kids Maximum Cough-Box-01.jpg,117,432.033447265625,0x1.b008900000000p+8,False,False,False,CHALLENGER,44,-5.052872115392354,-0x1.436241b99ec08p+2,-5.052872115392354,-0x1.436241b99ec08p+2,0.00011053718381234234,0.009969769833792715,0.01108723527775682,0.00010533274743978885,0.00013284619756351407,5.2044363725534885e-06,-2.230901375117173e-05,-1.2316094892410674,0.0,-2.1803103397757715,-2.8725617756165827,False,125,-4.533382697377543,-0x1.2222f12e5f48bp+2,-2.1803103397757715,-0x1.171468c23bd9ep+1,0.4809455731670372,-0.9173937946362909,-0x1.d5b4a3b3084cap-1,1.921140434147004,0x1.ebcfdc07af438p+0,-2.0941284379503107,-0.4790283743323179,-0x1.ea866a0674125p-2,-1.7431539083554468,-0x1.be3f55a447fe6p+0,3.638936651268518,-0.7820380156399882,-0x1.9067496ace12ap-1,-1.9561234213709873,-0x1.f4c48129ba5f6p+0,2.501315002916035,0.9999999941477825,0x1.ffffffcdbad67p-1,0.14869055878463108,0x1.3084acf9a1b3bp-3,0.14869055965480057,-0.999999988516159,-0x1.ffffff9d5ac44p-1,-0.011505949580715946,-0x1.7906e6944d006p-7,0.011505949712848443,-1.2316094892410674
H593-7bec97dabbf6cdb58e99fd1c,OUTCOME-0438,46,1869,/hkfs/work/workspace/scratch/ap7811-benchmark/dailymed/data/box_flat_20000_images/data/raw_images/otc/BroncomarDM.jpg,118,432.022216796875,0x1.b005b00000000p+8,False,False,False,CHALLENGER,45,-3.4571971517084625,-0x1.ba856faf34c2ep+1,-3.4571971517084625,-0x1.ba856faf34c2ep+1,0.0029075435666548453,0.021814924477567582,0.13328231182485595,0.0029461425698760904,0.0032513163265958066,-3.859900322124516e-05,-0.0003437727599409613,-1.2316094892410674,0.0,-2.180867581276407,-1.2763295704320554,False,80,-4.53454133471974,-0x1.2235ecdbbed07p+2,-2.180867581276407,-0x1.1726ab3d3e90bp+1,0.4809455731670372,0.062455878226196054,0x1.ffa3784d95434p-5,-0.13079063071063876,-0x1.0bdbf54c34087p-3,-2.0941284379503107,-0.12947327812643614,-0x1.0929493a12573p-3,-0.471145057134171,-0x1.e273d99040d5ep-2,3.638936651268518,0.19038959616227366,0x1.85eafb081ff97p-3,0.47622435327982027,0x1.e7a75b5b95128p-2,2.501315002916035,0.6220785184575773,0x1.3e811358a38bfp-1,0.09249720305868636,0x1.7ade58e1bc890p-4,0.14869055965480057,-0.999999997552275,-0x1.ffffffeaf9655p-1,-0.011505949684685043,-0x1.7906e6cd7559ep-7,0.011505949712848443,-1.2316094892410674
H593-7bec97dabbf6cdb58e99fd1c,OUTCOME-0438,47,1870,/hkfs/work/workspace/scratch/ap7811-benchmark/dailymed/data/box_flat_20000_images/data/raw_images/otc/BroncomarMax.jpg,70,436.77532958984375,0x1.b4c67c0000000p+8,False,False,False,CHALLENGER,46,-4.0946446574435305,-0x1.060ea8771d827p+2,-4.0946446574435305,-0x1.060ea8771d827p+2,0.00048327542651706724,0.01052564092795452,0.0459141091573398,0.00045469363827431534,0.0004916445793593601,2.8581788242751903e-05,-8.3691528422929e-06,-1.2316094892410674,0.0,-1.9450242015915498,-2.1496204558519807,False,107,-4.044166970460966,-0x1.02d3a1b36c5e3p+2,-1.9450242015915498,-0x1.f1ed1b27c3a3cp+0,0.4809455731670372,-0.6829923070624182,-0x1.5db12aec815ecp-1,1.4302736131207008,0x1.6e266958af671p+0,-2.0941284379503107,-0.45785513030068226,-0x1.d4d7f9abc9fbap-2,-1.6661058146224756,-0x1.aa85e9217a9dep+0,3.638936651268518,-0.32757304597291553,-0x1.4f6f4efe04e43p-2,-0.8193633744429577,-0x1.a38398a18ba01p-1,2.501315002916035,0.9999999948520677,0x1.ffffffd3c793cp-1,0.14869055888935165,0x1.3084acfd3ad57p-3,0.14869055965480057,-0.9999999863274074,-0x1.ffffff8a8da6ap-1,-0.01150594955553228,-0x1.7906e68674b73p-7,0.011505949712848443,-1.2316094892410674
H593-7bec97dabbf6cdb58e99fd1c,OUTCOME-0438,48,1872,/hkfs/work/workspace/scratch/ap7811-benchmark/dailymed/data/box_flat_20000_images/data/raw_images/otc/Broncovac 1 Original Carton 6 Oz 001.jpg,64,437.6939697265625,0x1.b5b1a80000000p+8,False,False,False,CHALLENGER,47,-4.199786223438606,-0x1.0cc94c27f70cep+2,-4.199786223438606,-0x1.0cc94c27f70cep+2,0.0003818971797932792,0.00963638896604827,0.039630735241054635,0.00034780403175556574,0.00030409760151880533,3.409314803771345e-05,7.779957827447386e-05,-1.2316094892410674,8.881784197001252e-16,-1.8994424525368234,-2.300343770901782,False,110,-3.9493916952576424,-0x1.f985aac51cdf9p+1,-1.8994424525368234,-0x1.e641dc4e4799bp+0,0.4809455731670372,-0.7408762034599625,-0x1.7b5420307d886p-1,1.551489926666168,0x1.8d2e719f1ac90p+0,-2.0941284379503107,-0.4920245503439608,-0x1.f7d548a239c57p-2,-1.7904461695705511,-0x1.ca5aae1f8dd22p+0,3.638936651268518,-0.39160207687389004,-0x1.91002284e04aep-2,-0.9795201500577396,-0x1.f583aa448ac11p-1,2.501315002916035,0.9999999949940958,0x1.ffffffd4ffe67p-1,0.14869055891046987,0x1.3084acfdf4977p-3,0.14869055965480057,0.09139205516978323,0x1.76578401185b9p-4,0.0010515523909373965,0x1.13a87c84348dap-10,0.011505949712848443,-1.2316094892410674
H593-7bec97dabbf6cdb58e99fd1c,OUTCOME-0438,49,2074,/hkfs/work/workspace/scratch/ap7811-benchmark/dailymed/data/box_flat_20000_images/data/raw_images/otc/CMB66 Front.jpg,101,433.788330078125,0x1.b1c9d00000000p+8,False,False,False,CHALLENGER,48,-3.3999720421376436,-0x1.b33248ac25d36p+1,-3.3999720421376436,-0x1.b33248ac25d36p+1,0.0021940833562762033,0.026910707473113426,0.08153198344816164,0.0023662583968397538,0.0025072163404099854,-0.00017217504056355045,-0.0003131329841337821,-1.2316094892410674,0.0,-2.0932352983285925,-1.3067367438090511,False,73,-4.35233301877506,-0x1.168c9fca3c265p+2,-2.0932352983285925,-0x1.0bef225e93b9dp+1,0.4809455731670372,-0.07807561369829082,-0x1.3fcc36f730495p-4,0.1635003629560136,0x1.4ed9473e3dddep-3,-2.0941284379503107,-0.0252337978654206,-0x1.9d6e38257eaa8p-6,-0.09182419190318031,-0x1.781ca4d34ae7cp-4,3.638936651268518,-0.05294612735713231,-0x1.b1bc13ae5c07dp-5,-0.13243494270469816,-0x1.0f3a0d1e1d4fdp-3,2.501315002916035,-0.01925161382378987,-0x1.3b6b1ef12d730p-6,-0.0028625332337174113,-0x1.7732ad3ebc2cap-9,0.14869055965480057,-0.9999999973538173,-0x1.ffffffe944fb9p-1,-0.011505949682401598,-0x1.7906e6cc33fc2p-7,0.011505949712848443,-1.2316094892410674
H593-7bec97dabbf6cdb58e99fd1c,OUTCOME-0438,50,2184,/hkfs/work/workspace/scratch/ap7811-benchmark/dailymed/data/box_flat_20000_images/data/raw_images/otc/CVS Daytime Softgels 24CT.jpg,30,445.0317687988281,0x1.bd08220000000p+8,False,False,False,CHALLENGER,49,-3.094468171921111,-0x1.8c17887675008p+1,-3.094468171921111,-0x1.8c17887675008p+1,0.0009295678168822217,0.02066227102509837,0.04498865665604133,0.0009516954847393446,0.0010997698360140275,-2.2127667857122944e-05,-0.0001702020191318059,-1.2316094892410674,4.440892098500626e-16,-1.5353502443292757,-1.5591179275918354,False,49,-3.1923575763863687,-0x1.989f2c4ddbcfbp+1,-1.5353502443292757,-0x1.890cb6af4cc2ep+0,0.4809455731670372,-0.4681002828536187,-0x1.df55ae386b274p-2,0.9802621141363471,0x1.f5e4ea7372657p-1,-2.0941284379503107,-0.15606079798591815,-0x1.3f9ccdbc4c25ap-3,-0.5678953576171697,-0x1.22c32e29082d0p-1,3.638936651268518,-0.33663109463038005,-0x1.58b5d25904437p-2,-0.8420204074470171,-0x1.af1d4c81195c7p-1,2.501315002916035,0.7643468590393668,0x1.875878b4bfb1bp-1,0.11365116224095242,0x1.d183e18fa2f12p-4,0.14869055965480057,-0.9999999957441716,-0x1.ffffffdb7155ap-1,-0.011505949663881096,-0x1.7906e6c20574bp-7,0.011505949712848443,-1.2316094892410674
H593-7bec97dabbf6cdb58e99fd1c,OUTCOME-0438,51,2232,/hkfs/work/workspace/scratch/ap7811-benchmark/dailymed/data/box_flat_20000_images/data/raw_images/otc/CVS-GuaDM-70s.jpg,47,440.2991943359375,0x1.b84c980000000p+8,False,False,False,CHALLENGER,50,-2.377745292799918,-0x1.3059f52f65947p+1,-2.377745292799918,-0x1.3059f52f65947p+1,0.005741128003644066,0.046429705222590475,0.12365204508881325,0.005698207923196071,0.005372940735660333,4.292008044799473e-05,0.00036818726798373315,-1.2316094892410674,0.0,-1.7701745383349814,-0.6075707544649367,False,17,-3.6806130196361786,-0x1.d71e53d248db5p+1,-1.7701745383349814,-0x1.c52a28965c532p+0,0.4809455731670372,0.3822660661448382,0x1.8770c171d9c1bp-2,-0.8005142399773002,-0x1.99dd00a15e9e2p-1,-2.0941284379503107,0.24253749037027628,0x1.f0b77ee98dd3cp-3,0.8825785630150835,0x1.c3e1566099d5cp-1,3.638936651268518,0.15400717422880153,0x1.3b681d054beedp-3,0.385220455455205,0x1.8a773b27b8a88p-2,2.501315002916035,0.9999999952059303,0x1.ffffffd6d1babp-1,0.14869055894196767,0x1.3084acff09a63p-3,0.14869055965480057,0.7008024146125439,0x1.66cf92f76ffa9p-1,0.008063397341174694,0x1.0838adeffff4dp-7,0.011505949712848443,-1.2316094892410674
H593-7bec97dabbf6cdb58e99fd1c,OUTCOME-0438,52,2257,/hkfs/work/workspace/scratch/ap7811-benchmark/dailymed/data/box_flat_20000_images/data/raw_images/otc/CVSRCCVSv1.jpg,106,433.0932922363281,0x1.b117e20000000p+8,False,False,False,CHALLENGER,51,-3.9929040672286775,-0x1.ff177b006801dp+1,-3.9929040672286775,-0x1.ff177b006801dp+1,0.0005743459883220608,0.01585526295970178,0.03622431174946995,0.0005481676890626198,0.000716638999923376,2.6178299259440978e-05,-0.00014229301160131522,-1.2316094892410674,0.0,-2.1277221873964747,-1.8651818798322028,False,103,-4.424039446678711,-0x1.1b237658ecbc7p+2,-2.1277221873964747,-0x1.1059335cebb46p+1,0.4809455731670372,-0.6341806913888471,-0x1.44b354e28a1efp-1,1.3280558206363744,0x1.53fb775ce54aap+0,-2.0941284379503107,-0.28190519035066464,-0x1.20abc11483d98p-2,-1.0258351293498618,-0x1.069d218ba5452p+0,3.638936651268518,-0.4289654401181981,-0x1.b742b761b0087p-2,-1.072977691100129,-0x1.12aeaa7c9cd64p+0,2.501315002916035,0.9999999947875744,0x1.ffffffd339c14p-1,0.1486905588797621,0x1.3084acfce67bbp-3,0.14869055965480057,-0.999999995170549,-0x1.ffffffd683ecdp-1,-0.011505949657281023,-0x1.7906e6be64940p-7,0.011505949712848443,-1.2316094892410674
H593-7bec97dabbf6cdb58e99fd1c,OUTCOME-0438,53,2264,/hkfs/work/workspace/scratch/ap7811-benchmark/dailymed/data/box_flat_20000_images/data/raw_images/otc/CVS_625T_24ct.jpg,19,451.4299621582031,0x1.c36e120000000p+8,False,False,False,CHALLENGER,52,-3.0102251847501527,-0x1.814f0f110c79bp+1,-3.0102251847501527,-0x1.814f0f110c79bp+1,0.0006394845662146466,0.01630359316204866,0.039223535564125354,0.0006203996855505064,0.0005560051284290414,1.9084880664140187e-05,8.34794377856052e-05,-1.2316094892410674,0.0,-1.2178800702605217,-1.792345114489631,False,42,-2.5322617323219228,-0x1.442127069e135p+1,-1.2178800702605217,-0x1.37c6fd0038187p+0,0.4809455731670372,-0.6009695065705243,-0x1.33b246713a318p-1,1.258507334050301,0x1.422d896185ae4p+0,-2.0941284379503107,-0.2690213519517861,-0x1.137a55523c08cp-2,-0.978951657591162,-0x1.f53926d37024dp-1,3.638936651268518,-0.39596530224653503,-0x1.9577ed9dff9d4p-2,-0.9904339511434405,-0x1.fb1a28aa04addp-1,2.501315002916035,0.9999999945874513,0x1.ffffffd181adfp-1,0.14869055885000568,0x1.3084acfbe0be3p-3,0.14869055965480057,0.12620345316742854,0x1.0276f4bff8928p-3,0.0014520905857322564,0x1.7ca8264e62ffbp-10,0.011505949712848443,-1.2316094892410674
H593-7bec97dabbf6cdb58e99fd1c,OUTCOME-0438,54,2265,/hkfs/work/workspace/scratch/ap7811-benchmark/dailymed/data/box_flat_20000_images/data/raw_images/otc/CVS_626T_24ct.jpg,36,442.5461730957031,0x1.ba8bd20000000p+8,False,False,False,CHALLENGER,53,-2.7205892198421004,-0x1.5c3c447e89368p+1,-2.7205892198421004,-0x1.5c3c447e89368p+1,0.0020259635357384544,0.032398866890550944,0.06253192565599638,0.0019407813051706751,0.0020635716004570714,8.518223056777933e-05,-3.760806471861692e-05,-1.2316094892410674,0.0,-1.65868232515478,-1.0619068946873205,False,24,-3.4487942455366007,-0x1.b97216ff9b399p+1,-1.65868232515478,-0x1.a89f67a4fe367p+0,0.4809455731670372,-0.1175483679226862,-0x1.e17a65bed15b9p-4,0.24616138010154326,0x1.f82375289846ap-3,-2.0941284379503107,0.06745783779408257,0x1.144eab72f389ap-4,0.2454747983642137,0x1.f6bb7db7bb604p-3,3.638936651268518,-0.1835507294516563,-0x1.77e971e136e70p-3,-0.45911819337361,-0x1.d6231466272d5p-2,2.501315002916035,0.9999999960136047,0x1.ffffffddc1d2fp-1,0.14869055906206122,0x1.3084ad032a00dp-3,0.14869055965480057,-0.9999999902322698,-0x1.ffffffac1888cp-1,-0.01150594960046143,-0x1.7906e69f27ee7p-7,0.011505949712848443,-1.2316094892410674
H593-7bec97dabbf6cdb58e99fd1c,OUTCOME-0438,55,2282,/hkfs/work/workspace/scratch/ap7811-benchmark/dailymed/data/box_flat_20000_images/data/raw_images/otc/CVSdaytimecartonlabel.jpg,69,436.9757080078125,0x1.b4f9c80000000p+8,False,False,False,CHALLENGER,54,-3.3989139197182716,-0x1.b30f9c7f8df88p+1,-3.3989139197182716,-0x1.b30f9c7f8df88p+1,0.0014041303406015957,0.018559680739690648,0.0756548757651205,0.001377458590589883,0.0014953686269620194,2.6671750011712705e-05,-9.123828636042365e-05,-1.2316094892410674,-4.440892098500626e-16,-1.9350816806861837,-1.463832239032088,False,72,-4.0234941096216525,-0x1.0180ed701e501p+2,-1.9350816806861837,-0x1.ef618355a2c8ap+0,0.4809455731670372,-0.2926005500984055,-0x1.2b9f7a85db675p-2,0.6127431329209756,0x1.39b977c97d040p-1,-2.0941284379503107,-0.2079287478210521,-0x1.a9d68c1e51341p-3,-0.7566395412983955,-0x1.83664209795eap-1,3.638936651268518,-0.09015695759764512,-0x1.71486c06384c3p-4,-0.22551095065625454,-0x1.cdd8af6faaf92p-3,2.501315002916035,0.9999999948009467,0x1.ffffffd357293p-1,0.14869055888175042,0x1.3084acfcf7f90p-3,0.14869055965480057,-0.9999999935900785,-0x1.ffffffc8f06f0p-1,-0.01150594963909621,-0x1.7906e6b4654b1p-7,0.011505949712848443,-1.2316094892410674
H593-7bec97dabbf6cdb58e99fd1c,OUTCOME-0438,56,2284,/hkfs/work/workspace/scratch/ap7811-benchmark/dailymed/data/box_flat_20000_images/data/raw_images/otc/CVSnighttimecartonlabel.jpg,68,437.12908935546875,0x1.b5210c0000000p+8,False,False,False,CHALLENGER,55,-2.9821647798858755,-0x1.7db793547249bp+1,-2.9821647798858755,-0x1.7db793547249bp+1,0.0029760466034880525,0.0287796489502367,0.10340802310111485,0.0028801514899792647,0.003068282193549562,9.58951135087878e-05,-9.223559006150961e-05,-1.2316094892410674,0.0,-1.9274710943215214,-1.054693685564354,False,40,-4.007669894181751,-0x1.007da9de2b296p+2,-1.9274710943215214,-0x1.ed6ebee218a4ep+0,0.4809455731670372,0.07404510164318727,0x1.2f49ea9fc8a4bp-4,-0.15505995304191975,-0x1.3d901299dfee3p-3,-2.0941284379503107,0.008332775863866156,0x1.110c63e8fc6bep-7,0.03032244349782824,0x1.f0cd8bca1c58cp-6,3.638936651268518,0.0657528954099319,0x1.0d52e876728c8p-4,0.16446870377403155,0x1.50d4f7bf665a8p-3,2.501315002916035,0.9999999961768743,0x1.ffffffdf28db9p-1,0.14869055908633788,0x1.3084ad03ff8b0p-3,0.14869055965480057,-0.9999999936307946,-0x1.ffffffc949f82p-1,-0.011505949639564686,-0x1.7906e6b4a739bp-7,0.011505949712848443,-1.2316094892410674
H593-7bec97dabbf6cdb58e99fd1c,OUTCOME-0438,57,2293,/hkfs/work/workspace/scratch/ap7811-benchmark/dailymed/data/box_flat_20000_images/data/raw_images/otc/Cabinet Cought travel carton.jpg,86,435.61651611328125,0x1.b39dd40000000p+8,False,False,False,CHALLENGER,56,-3.401776871207922,-0x1.b36d6cad10491p+1,-3.401776871207922,-0x1.b36d6cad10491p+1,0.0015906110598315742,0.019726047308325067,0.08063506261390146,0.0015395796534968713,0.0016028769810888903,5.103140633470286e-05,-1.2265921257316112e-05,-1.2316094892410674,0.0,-2.002523044695199,-1.399253826512723,False,74,-4.163720712737911,-0x1.0a7a6670b8c6ep+2,-2.002523044695199,-0x1.0052acd539e29p+1,0.4809455731670372,-0.23460568964143708,-0x1.e078f2a3b9572p-3,0.491294446383078,0x1.f715e42fafde1p-2,-2.0941284379503107,-0.17859527300852737,-0x1.6dc35bc655a3fp-3,-0.6498968846940373,-0x1.4cbf48d310fc1p-1,3.638936651268518,-0.058459853395268095,-0x1.dee732cec5ae7p-5,-0.146226508365856,-0x1.2b78cdb9eabeep-3,2.501315002916035,0.9999999953853758,0x1.ffffffd85c558p-1,0.14869055896864952,0x1.3084acfff4586p-3,0.14869055965480057,-0.99999998701902,-0x1.ffffff907e85fp-1,-0.01150594956348994,-0x1.7906e68ad4a82p-7,0.011505949712848443,-1.2316094892410674
H593-7bec97dabbf6cdb58e99fd1c,OUTCOME-0438,58,2435,/hkfs/work/workspace/scratch/ap7811-benchmark/dailymed/data/box_flat_20000_images/data/raw_images/otc/Cheracol D Carton 4oz.jpg,42,440.9768371582031,0x1.b8fa120000000p+8,False,False,False,CHALLENGER,57,-3.9952035791313802,-0x1.ff62d4b49d9f6p+1,-3.9952035791313802,-0x1.ff62d4b49d9f6p+1,0.0004531449283636641,0.009946236623041886,0.04555943574817924,0.0005000333523404273,0.0003997649740768479,-4.688842397676323e-05,5.337995428681617e-05,-1.2316094892410674,0.0,-1.7365507678958014,-2.258652811235579,False,104,-3.6107012202245183,-0x1.ce2b75243eeccp+1,-1.7365507678958014,-0x1.bc8e9753f4c68p+0,0.4809455731670372,-0.6997898842326983,-0x1.664adc15b3bedp-1,1.4654498971616492,0x1.7727b9763c607p+0,-2.0941284379503107,-0.4799383373606077,-0x1.eb74f49c3de01p-2,-1.74646520617039,-0x1.bf1858001a8d9p+0,3.638936651268518,-0.3310299347598621,-0x1.52f982df2998ap-2,-0.8280101422291593,-0x1.a7f0f20342d72p-1,2.501315002916035,0.5588204724706975,0x1.1e1db78b319ecp-1,0.0830913287982281,0x1.545792bc502b7p-4,0.14869055965480057,-0.09640225991957344,-0x1.8add1899d748ap-4,-0.0011091995548395568,-0x1.22c51f4047bcbp-10,0.011505949712848443,-1.2316094892410674
H593-7bec97dabbf6cdb58e99fd1c,OUTCOME-0438,59,2436,/hkfs/work/workspace/scratch/ap7811-benchmark/dailymed/data/box_flat_20000_images/data/raw_images/otc/Cheracol D Carton 6oz.jpg,50,439.7246398925781,0x1.b7b9820000000p+8,False,False,False,CHALLENGER,58,-4.042801469654402,-0x1.02bd426018babp+2,-4.042801469654402,-0x1.02bd426018babp+2,0.00043253061053939604,0.009320638514820614,0.04640568453026424,0.0004382439769059414,0.00033620450954750087,-5.713366366545355e-06,9.632610099189517e-05,-1.2316094892410674,0.0,-1.7986831952166946,-2.2441182744377075,False,105,-3.739889283879517,-0x1.deb4b12a76318p+1,-1.7986831952166946,-0x1.cc76807b520b7p+0,0.4809455731670372,-0.711476753185471,-0x1.6c46ae55977b3p-1,1.489923701786249,0x1.7d6ba3c4b50adp+0,-2.0941284379503107,-0.5045458035979942,-0x1.0253d3db93294p-1,-1.8360102169564683,-0x1.d604c3fcf32c6p+0,3.638936651268518,-0.32281140109910844,-0x1.4a8f1269fc872p-2,-0.8074530006815458,-0x1.9d6a7acdf7f6dp-1,2.501315002916035,0.93332684545238,0x1.dddd042b64c56p-1,0.13877689099116394,0x1.1c370f01fb18fp-3,0.14869055965480057,0.19588471357943343,0x1.912c0134e1446p-3,0.0022538396639606817,0x1.276a4f4b55c57p-9,0.011505949712848443,-1.2316094892410674
H593-7bec97dabbf6cdb58e99fd1c,OUTCOME-0438,60,2521,/hkfs/work/workspace/scratch/ap7811-benchmark/dailymed/data/box_flat_20000_images/data/raw_images/otc/Coltalin-DM_Unit Box_24s_reduced size.jpg,126,431.007080078125,0x1.af01d00000000p+8,False,False,False,CHALLENGER,59,-4.821583221234807,-0x1.3494d1ca89554p+2,-4.821583221234807,-0x1.3494d1ca89554p+2,0.00018059404481170322,0.011414730161133266,0.01582114007623406,0.0001859691945399812,0.00019971767630759405,-5.375149728277989e-06,-1.912363149589083e-05,-1.2316094892410674,0.0,-2.231237367355618,-2.590345853879189,False,123,-4.639272075347052,-0x1.28e9d56c37251p+2,-2.231237367355618,-0x1.1d992fa133e80p+1,0.4809455731670372,-0.8684819699263431,-0x1.bca9ab33ffa42p-1,1.8187127910698615,0x1.d197295676417p+0,-2.0941284379503107,-0.4252215636637658,-0x1.b36d4815f59cdp-2,-1.5473543329257868,-0x1.8c1f69df3d7a8p+0,3.638936651268518,-0.7028039985281225,-0x1.67d5ecfa5a466p-1,-1.7579341856277717,-0x1.c207f98bcaab1p+0,2.501315002916035,0.9371496935970773,0x1.dfd215aae9678p-1,0.13934531242127432,0x1.1d61133d9a2a3p-3,0.14869055965480057,-0.9999999880801249,-0x1.ffffff999beaep-1,-0.01150594957569896,-0x1.7906e6918aec7p-7,0.011505949712848443,-1.2316094892410674
H593-7bec97dabbf6cdb58e99fd1c,OUTCOME-0438,61,2555,/hkfs/work/workspace/scratch/ap7811-benchmark/dailymed/data/box_flat_20000_images/data/raw_images/otc/Cough-and-Chest-Congestion_Kids.jpg,119,431.9734802246094,0x1.aff9360000000p+8,False,False,False,CHALLENGER,60,-3.720150248282898,-0x1.dc2de2224a68fp+1,-3.720150248282898,-0x1.dc2de2224a68fp+1,0.0011591096595463457,0.017551013755770492,0.06604231958767903,0.0011133232567180377,0.0010767609731761488,4.5786402828307954e-05,8.234868637019689e-05,-1.2316094892410674,4.440892098500626e-16,-2.183285827679981,-1.536864420602917,False,96,-4.539569442968351,-0x1.22884e45de149p+2,-2.183285827679981,-0x1.1775e8f5da580p+1,0.4809455731670372,-0.3776285942486785,-0x1.82b111f954823p-2,0.7908027781993568,0x1.94e41a0be7841p-1,-2.0941284379503107,-0.23449941428933457,-0x1.e0413a9a6e476p-3,-0.85332851335846,-0x1.b4e779933cde8p-1,3.638936651268518,-0.1570352280467887,-0x1.419baf863f334p-3,-0.3927945718997735,-0x1.9238bd816c636p-2,2.501315002916035,0.9999999952709143,0x1.ffffffd760a17p-1,0.1486905589516302,0x1.3084acff5ea44p-3,0.14869055965480057,0.1194874634174241,0x1.e96bafba8eacfp-4,0.0013748167453966997,0x1.686663d67fd2ep-10,0.011505949712848443,-1.2316094892410674
H593-7bec97dabbf6cdb58e99fd1c,OUTCOME-0438,62,2557,/hkfs/work/workspace/scratch/ap7811-benchmark/dailymed/data/box_flat_20000_images/data/raw_images/otc/CoughRelief Page 1.jpg,111,432.384033203125,0x1.b062500000000p+8,False,False,False,CHALLENGER,61,-4.72196473398919,-0x1.2e34ab9256549p+2,-4.72196473398919,-0x1.2e34ab9256549p+2,0.00022875218656099366,0.01026847264308566,0.022277138432561863,0.0002179363376720456,0.0002958915741613001,1.0815848888948051e-05,-6.713938760030645e-05,-1.2316094892410674,0.0,-2.162914713799401,-2.559050020189789,False,122,-4.49721306208634,-0x1.1fd256bc3382ap+2,-2.162914713799401,-0x1.14da63abe71edp+1,0.4809455731670372,-0.8362815988759015,-0x1.ac2d1a0ad6511p-1,1.7512810783405799,0x1.c053f4ed938f4p+0,-2.0941284379503107,-0.4675748665500918,-0x1.decbf2210e8cbp-2,-1.7014753191011152,-0x1.b393e2f27d8e6p+0,3.638936651268518,-0.6054538902974386,-0x1.35fe0d64207f3p-1,-1.5144308993748623,-0x1.83b1be50dded3p+0,2.501315002916035,0.9999999943338542,0x1.ffffffcf54038p-1,0.1486905588122982,0x1.3084acfa95108p-3,0.14869055965480057,-0.9999999924190307,-0x1.ffffffbee145bp-1,-0.011505949625622191,-0x1.7906e6acfcfe6p-7,0.011505949712848443,-1.2316094892410674
H593-7bec97dabbf6cdb58e99fd1c,OUTCOME-0438,63,2646,/hkfs/work/workspace/scratch/ap7811-benchmark/dailymed/data/box_flat_20000_images/data/raw_images/otc/DDM Tussin DM Cough and Chest Congestion 20ct.jpg,82,435.87823486328125,0x1.b3e0d40000000p+8,False,False,False,CHALLENGER,62,-3.8145073716087845,-0x1.e841c70db4902p+1,-3.8145073716087845,-0x1.e841c70db4902p+1,0.0008143593874760791,0.013694950359757775,0.0594642087837756,0.000843764135027515,0.0007014157494798052,-2.940474755143592e-05,0.00011294363799627387,-1.2316094892410674,-4.440892098500626e-16,-1.9895368949412515,-1.824970476667533,False,102,-4.136719425111052,-0x1.08c002d4e51cfp+2,-1.9895368949412515,-0x1.fd524a39f543ap+0,0.4809455731670372,-0.5181399901467277,-0x1.0949a510dc237p-1,1.0850516882055563,0x1.15c5f28b4ffcfp+0,-2.0941284379503107,-0.34784295729228565,-0x1.6430f1b6db6f4p-2,-1.265778486176528,-0x1.440a0f121bcbap+0,3.638936651268518,-0.20773791761338084,-0x1.a9727f524f146p-3,-0.5196179700008847,-0x1.0a0b5dd722aacp-1,2.501315002916035,0.6985298856741065,0x1.65a5b58c7f70ap-1,0.10386479963648675,0x1.a96e22da4f10fp-4,0.14869055965480057,0.271075485878538,0x1.1594cfea61ed0p-2,0.003118980908904417,0x1.98cfa2004db3fp-9,0.011505949712848443,-1.2316094892410674
H593-7bec97dabbf6cdb58e99fd1c,OUTCOME-0438,64,2684,/hkfs/work/workspace/scratch/ap7811-benchmark/dailymed/data/box_flat_20000_images/data/raw_images/otc/Day and Night minis.jpg,72,436.52496337890625,0x1.b486640000000p+8,False,False,False,CHALLENGER,63,-4.139692450597289,-0x1.08f0b89ab40fap+2,-4.139692450597289,-0x1.08f0b89ab40fap+2,0.0003444224532116479,0.013839137561841363,0.024887566271566193,0.0003523376008645326,0.0003883563092310757,-7.915147652884705e-06,-4.393385601942783e-05,-1.2316094892410674,-8.881784197001252e-16,-1.9574470528720282,-2.182245397725261,False,108,-4.069997026861473,-0x1.047ad4cf4bfc1p+2,-1.9574470528720282,-0x1.f51b4003bca86p+0,0.4809455731670372,-0.76329405907922,-0x1.86ce7a99f3e31p-1,1.598435795636319,0x1.9933169b0383dp+0,-2.0941284379503107,-0.34323148812663523,-0x1.5f781341d861dp-2,-1.248997642013448,-0x1.3fbe4f393a979p+0,3.638936651268518,-0.5691801071449926,-0x1.236b9333716afp-1,-1.4236987413631261,-0x1.6c77854d82d03p+0,2.501315002916035,0.9088043597171356,0x1.d14ece16e506cp-1,0.1351306288630636,0x1.14bf5dfd3cf90p-3,0.14869055965480057,-0.9999999908006829,-0x1.ffffffb0fa7cep-1,-0.011505949607001563,-0x1.7906e6a2c05f9p-7,0.011505949712848443,-1.2316094892410674
H593-7bec97dabbf6cdb58e99fd1c,OUTCOME-0438,65,2700,/hkfs/work/workspace/scratch/ap7811-benchmark/dailymed/data/box_flat_20000_images/data/raw_images/otc/Daytime Cold Flu AlkaSeltzer.jpg,27,445.346435546875,0x1.bd58b00000000p+8,False,False,False,CHALLENGER,64,-3.412022406535213,-0x1.b4bd2674a4dbcp+1,-3.412022406535213,-0x1.b4bd2674a4dbcp+1,0.0005787007389065435,0.014890967402167036,0.03886253480229411,0.0005804197113074138,0.0005079156958215135,-1.7189724008702736e-06,7.078504308502998e-05,-1.2316094892410674,-4.440892098500626e-16,-1.5197368826090154,-1.8922855239261975,False,76,-3.1598936915075746,-0x1.9477657fee4dbp+1,-1.5197368826090154,-0x1.850d79f154a99p+0,0.4809455731670372,-0.6319174831373103,-0x1.438ab037b0d59p-1,1.3233163718758274,0x1.52c4dc9b77d25p+0,-2.0941284379503107,-0.31052278210309947,-0x1.3df9af272ed82p-2,-1.1299727328488365,-0x1.2145e49cf51e9p+0,3.638936651268518,-0.39985644148417326,-0x1.9973f78d13eddp-2,-1.0001669160969802,-0x1.000af0632d7e2p+0,2.501315002916035,0.9794614542479971,0x1.f57bf8c360208p-1,0.14563667179243955,0x1.2a438f3393130p-3,0.14869055965480057,0.04437448495448629,0x1.6b840a3500ec4p-5,0.000510570592419869,0x1.0baf9ff9543a5p-11,0.011505949712848443,-1.2316094892410674
H593-7bec97dabbf6cdb58e99fd1c,OUTCOME-0438,66,2741,/hkfs/work/workspace/scratch/ap7811-benchmark/dailymed/data/box_flat_20000_images/data/raw_images/otc/F111905MAR_R1.jpg,116,432.0630798339844,0x1.b010260000000p+8,False,False,False,CHALLENGER,65,-3.155818641098049,-0x1.93f1dd7fcfc7bp+1,-3.155818641098049,-0x1.93f1dd7fcfc7bp+1,0.0032199769541149887,0.031037528080436916,0.10374463281257741,0.0029005113072103155,0.002980194721793844,0.00031946564690467317,0.00023978223232114454,-1.2316094892410674,4.440892098500626e-16,-2.178840009620561,-0.976978631477488,False,55,-4.530325531999082,-0x1.21f0da800adefp+2,-2.178840009620561,-0x1.16e43abc44b07p+1,0.4809455731670372,0.11308430748395135,0x1.cf317da5599dep-4,-0.23681306418805967,-0x1.e4fe3f6fa0497p-3,-2.0941284379503107,0.04606462086165369,0x1.795c83034f658p-5,0.16762623718026,0x1.574c6cb52044bp-3,3.638936651268518,0.06737063278101657,0x1.13f33a8815accp-4,0.16851517453110357,0x1.591e7bdbed341p-3,2.501315002916035,0.999999997938725,0x1.ffffffee4b355p-1,0.14869055934830844,0x1.3084ad0cffdc4p-3,0.14869055965480057,0.5746549443531147,0x1.26392c40f6709p-1,0.006611950891966659,0x1.b15220d800510p-8,0.011505949712848443,-1.2316094892410674
H593-7bec97dabbf6cdb58e99fd1c,OUTCOME-0438,67,2743,/hkfs/work/workspace/scratch/ap7811-benchmark/dailymed/data/box_flat_20000_images/data/raw_images/otc/F111905TCR_R2.jpg,73,436.51141357421875,0x1.b482ec0000000p+8,False,False,False,CHALLENGER,66,-3.048633153518388,-0x1.86399c75ee710p+1,-3.048633153518388,-0x1.86399c75ee710p+1,0.0031875119025421123,0.025637167542837118,0.12433167186726465,0.002941768972641714,0.002939936955495693,0.0002457429299003982,0.0002475749470464191,-1.2316094892410674,0.0,-1.958119376856491,-1.0905137766618969,False,44,-4.071394948002602,-0x1.0491bc1db154cp+2,-1.958119376856491,-0x1.f5474fbd43351p+0,0.4809455731670372,0.1080794980594541,0x1.bab191588903cp-4,-0.22633235044569824,-0x1.cf8755d987579p-3,-2.0941284379503107,-0.049439365342741896,-0x1.9501dd2906bc7p-5,-0.17990671856115803,-0x1.7072ef0468240p-3,3.638936651268518,0.15668165352662608,0x1.40e24f8e3d913p-3,0.3919101706478419,0x1.9150e6579bea1p-2,2.501315002916035,0.9999999975693578,0x1.ffffffeb1ef61p-1,0.148690559293387,0x1.3084ad0b1cc43p-3,0.14869055965480057,0.5852669108468492,0x1.2ba81ac3094cfp-1,0.006734051644798,0x1.b952a3957fdf3p-8,0.011505949712848443,-1.2316094892410674
H593-7bec97dabbf6cdb58e99fd1c,OUTCOME-0438,68,2745,/hkfs/work/workspace/scratch/ap7811-benchmark/dailymed/data/box_flat_20000_images/data/raw_images/otc/F113805CAR_R2.jpg,78,436.2531433105469,0x1.b440ce0000000p+8,False,False,False,CHALLENGER,67,-2.8551530289822713,-0x1.6d75a78a46efep+1,-2.8551530289822713,-0x1.6d75a78a46efep+1,0.003935431394910512,0.03433106611989736,0.11463178513496969,0.003719100704569766,0.0038936515278288853,0.00021633069034074576,4.1779867081626586e-05,-1.2316094892410674,0.0,-1.9709344171279064,-0.8842186118543649,False,29,-4.098040458402101,-0x1.06464b7ca1666p+2,-1.9709344171279064,-0x1.f88f2870200bdp+0,0.4809455731670372,0.21068994849027628,0x1.af7e3632e4aeap-3,-0.4412118127237737,-0x1.c3cd078907aa1p-2,-2.0941284379503107,0.09622539283683734,0x1.8a23a33476a84p-4,0.3501581087766785,0x1.668fd8e6800bcp-2,3.638936651268518,0.11683319961744235,0x1.de8c7d371a702p-4,0.2922366350417925,0x1.2b401498ca541p-2,2.501315002916035,0.9999999973822102,0x1.ffffffe9836b6p-1,0.14869055926555996,0x1.3084ad0a27ff4p-3,0.14869055965480057,-0.21576775803065948,-0x1.b9e472422ef2bp-3,-0.0024826129735548187,-0x1.4566ab0f61d48p-9,0.011505949712848443,-1.2316094892410674
H593-7bec97dabbf6cdb58e99fd1c,OUTCOME-0438,69,2746,/hkfs/work/workspace/scratch/ap7811-benchmark/dailymed/data/box_flat_20000_images/data/raw_images/otc/F113902MAR_R3.jpg,94,434.726806640625,0x1.b2ba100000000p+8,False,False,False,CHALLENGER,68,-2.972426335193466,-0x1.7c787755b668bp+1,-2.972426335193466,-0x1.7c787755b668bp+1,0.004569947589019274,0.02974913833255367,0.1536161329425298,0.003969965706515402,0.0036677766154346266,0.0005999818825038715,0.0009021709735846472,-1.2316094892410674,0.0,-2.0466692911885045,-0.9257570440049614,False,38,-4.255511237396661,-0x1.105a4bce18440p+2,-2.0466692911885045,-0x1.05f94263b0e99p+1,0.4809455731670372,0.2808769243910481,0x1.1f9e3351d7abdp-2,-0.588192354931313,-0x1.2d278c605fda8p-1,-2.0941284379503107,0.024893656807315652,0x1.97db9077608f2p-6,0.09058644014024096,0x1.730ac45dd078fp-4,3.638936651268518,0.25778571922954324,0x1.07f8fac5dded9p-2,0.6448032870463571,0x1.4a23a80c6f4fap-1,2.501315002916035,0.9999999986939251,0x1.fffffff4c7e93p-1,0.14869055946059956,0x1.3084ad10db956p-3,0.14869055965480057,0.8660313810596802,0x1.bb687715ec0d8p-1,0.009964513520221369,0x1.468465d84ea9dp-7,0.011505949712848443,-1.2316094892410674
H593-7bec97dabbf6cdb58e99fd1c,OUTCOME-0438,70,2747,/hkfs/work/workspace/scratch/ap7811-benchmark/dailymed/data/box_flat_20000_images/data/raw_images/otc/F113902TCR_R3.jpg,35,442.57159423828125,0x1.ba92540000000p+8,False,False,False,CHALLENGER,69,-2.832633014295296,-0x1.6a93b7f6fbedep+1,-2.832633014295296,-0x1.6a93b7f6fbedep+1,0.0029722643127739865,0.02265695196890123,0.13118553267243074,0.0027479807940333184,0.0026560729804966797,0.00022428351874066808,0.00031619133227730675,-1.2316094892410674,-4.440892098500626e-16,-1.657420960562308,-1.175212053732988,False,27,-3.446171569161464,-0x1.b91c2664fa0bfp+1,-1.657420960562308,-0x1.a84cbd7551eccp+0,0.4809455731670372,0.07341269846206741,0x1.2cb2cb30174d6p-4,-0.1537356195560864,-0x1.3ad9bd91ca1d8p-3,-2.0941284379503107,-0.1108109922808204,-0x1.c5e1bf3e2289bp-4,-0.4032341811741102,-0x1.9ce96bd316ac7p-2,3.638936651268518,0.18273713622151483,0x1.763ee33eb056ep-3,0.45708314042078624,0x1.d40d9a4ea4194p-2,2.501315002916035,0.9999999974355981,0x1.ffffffe9f8d21p-1,0.14869055927349822,0x1.3084ad0a6dd2ap-3,0.14869055965480057,0.6599660813320125,0x1.51e712ff949e4p-1,0.007593536543991782,0x1.f1a6671e0f9a2p-8,0.011505949712848443,-1.2316094892410674
H593-7bec97dabbf6cdb58e99fd1c,OUTCOME-0438,71,2752,/hkfs/work/workspace/scratch/ap7811-benchmark/dailymed/data/box_flat_20000_images/data/raw_images/otc/F117302QCH_R2.jpg,41,441.0903015136719,0x1.b9171e0000000p+8,False,False,False,CHALLENGER,70,-2.967491878037454,-0x1.7bd6c61ba882ap+1,-2.967491878037454,-0x1.7bd6c61ba882ap+1,0.0023821655894328843,0.021807223151555012,0.1092374564554781,0.002151741275989039,0.0020422612555804675,0.00023042431344384544,0.0003399043338524169,-1.2316094892410674,4.440892098500626e-16,-1.7309208116475299,-1.2365710663899243,False,37,-3.5989952049030793,-0x1.ccabdff7c2807p+1,-1.7309208116475299,-0x1.bb1da055fdee4p+0,0.4809455731670372,-0.03709499642224777,-0x1.2fe1d88f5241ep-5,0.07768168691349409,0x1.3e2f270caa438p-4,-2.0941284379503107,-0.1296468608928598,-0x1.09844b1c82dafp-3,-0.4717767138249386,-0x1.e3196f5391e1ap-2,3.638936651268518,0.09299912047067291,0x1.7ceca54fa7226p-4,0.23262009529128988,0x1.dc67ecad59133p-3,2.501315002916035,0.9999999974753548,0x1.ffffffea503f2p-1,0.14869055927940966,0x1.3084ad0aa1d20p-3,0.14869055965480057,0.6798913072905334,0x1.5c1ab6a34b88bp-1,0.007822795191887666,0x1.00565cc198680p-7,0.011505949712848443,-1.2316094892410674
H593-7bec97dabbf6cdb58e99fd1c,OUTCOME-0438,72,2754,/hkfs/work/workspace/scratch/ap7811-benchmark/dailymed/data/box_flat_20000_images/data/raw_images/otc/F117402QCH_R2.jpg,52,438.9156799316406,0x1.b6ea6a0000000p+8,False,False,False,CHALLENGER,71,-2.9321840675593434,-0x1.7751ceba02836p+1,-2.9321840675593434,-0x1.7751ceba02836p+1,0.0029398773042621095,0.026241714432700913,0.11203068731662608,0.0026323493404633133,0.002753393482728985,0.00030752796379879613,0.0001864838215331244,-1.2316094892410674,0.0,-1.8388227541809719,-1.0933613133783715,False,35,-3.8233489541701853,-0x1.e9637f9fada9fp+1,-1.8388227541809719,-0x1.d6bd168859116p+0,0.4809455731670372,0.06796197975664052,0x1.165f4d06d1a77p-4,-0.14232111450778426,-0x1.237940a2bac97p-3,-2.0941284379503107,-0.03780810339941871,-0x1.35b956f3fa2e9p-5,-0.1375812931750946,-0x1.19c43895d3cd8p-3,3.638936651268518,0.10549900205240532,0x1.b01fb8b93623dp-4,0.263886236626351,0x1.0e383190b2e34p-2,2.501315002916035,0.9999999978867239,0x1.ffffffedd8db5p-1,0.14869055934057637,0x1.3084ad0cbbd93p-3,0.14869055965480057,0.48442655476091406,0x1.f00d83c80c5e7p-2,0.0055737875786475,0x1.6d48a35d79f2ep-8,0.011505949712848443,-1.2316094892410674
H593-7bec97dabbf6cdb58e99fd1c,OUTCOME-0438,73,2761,/hkfs/work/workspace/scratch/ap7811-benchmark/dailymed/data/box_flat_20000_images/data/raw_images/otc/F119804QCH_R1.jpg,81,436.02923583984375,0x1.b4077c0000000p+8,False,False,False,CHALLENGER,72,-2.7855417103389213,-0x1.648ca179c6586p+1,-2.7855417103389213,-0x1.648ca179c6586p+1,0.004195466399728957,0.03784401464207424,0.11086208583865514,0.003683811271585196,0.0037681293521432103,0.0005116551281437605,0.0004273370475857464,-1.2316094892410674,-4.440892098500626e-16,-1.982044419546833,-0.8034972907920883,False,25,-4.12114079041216,-0x1.07c0c54d42095p+2,-1.982044419546833,-0x1.fb6743592c468p+0,0.4809455731670372,0.2410468457125174,0x1.eda9f7f91d1f6p-3,-0.5047830544848035,-0x1.0272ecad2ca7cp-1,-2.0941284379503107,0.1442225166164037,0x1.275e2281b6d37p-3,0.5248166016536143,0x1.0cb4c2f900117p-1,3.638936651268518,0.1003115999818038,0x1.9ae056154cedep-4,0.2509109100009977,0x1.00eeca22a7d15p-2,2.501315002916035,0.9999999985236062,0x1.fffffff351603p-1,0.14869055943527476,0x1.3084ad0ffcd30p-3,0.14869055965480057,0.736765069851628,0x1.7939456fb21fbp-1,0.008477181843896103,0x1.15c7c16411536p-7,0.011505949712848443,-1.2316094892410674
H593-7bec97dabbf6cdb58e99fd1c,OUTCOME-0438,74,2762,/hkfs/work/workspace/scratch/ap7811-benchmark/dailymed/data/box_flat_20000_images/data/raw_images/otc/F119902WNC_R0.jpg,24,449.8167724609375,0x1.c1d1180000000p+8,False,False,False,CHALLENGER,73,-2.860628432630828,-0x1.6e29128e141d6p+1,-2.860628432630828,-0x1.6e29128e141d6p+1,0.0007472884373273913,0.021341498508630378,0.03501574348329815,0.0007234559158111177,0.0008788147725339625,2.3832521516273632e-05,-0.00013152633520657113,-1.2316094892410674,0.0,-1.2979244804917975,-1.5627039521390307,False,30,-2.698693059892279,-0x1.596ec63116fa2p+1,-1.2979244804917975,-0x1.4c44c75c63db0p+0,0.4809455731670372,-0.5488744407400049,-0x1.190612192d5e7p-1,1.1494135752177168,0x1.263ff7d32376bp+0,-2.0941284379503107,-0.1402440865838492,-0x1.1f384aaaae217p-3,-0.5103393467936443,-0x1.054b32e8ae70ep-1,3.638936651268518,-0.44270845505145,-0x1.c5555d806f459p-2,-1.107353300537971,-0x1.1b7b8182eda17p+0,2.501315002916035,0.9999999947230521,0x1.ffffffd2abde7p-1,0.14869055887016824,0x1.3084acfc92184p-3,0.14869055965480057,-0.9999999949056579,-0x1.ffffffd43d6c6p-1,-0.0115059496542332,-0x1.7906e6bcb7a2ap-7,0.011505949712848443,-1.2316094892410674
H593-7bec97dabbf6cdb58e99fd1c,OUTCOME-0438,75,2765,/hkfs/work/workspace/scratch/ap7811-benchmark/dailymed/data/box_flat_20000_images/data/raw_images/otc/F1204A02QCH_R0.jpg,99,434.07489013671875,0x1.b2132c0000000p+8,False,False,False,CHALLENGER,74,-3.398356622863401,-0x1.b2fd598dabf1bp+1,-3.398356622863401,-0x1.b2fd598dabf1bp+1,0.001977770602172201,0.020817503254647457,0.09500517799754246,0.0018695662053878383,0.0021260552411579746,0.00010820439678436294,-0.0001482846389857734,-1.2316094892410674,0.0,-2.0790165546031303,-1.3193400682602707,False,71,-4.322768875722798,-0x1.14a83ec95959dp+2,-2.0790165546031303,-0x1.0a1d36e6ee783p+1,0.4809455731670372,-0.12940226929956403,-0x1.09040e955bc69p-3,0.27098497207552147,0x1.157d15a3165cbp-2,-2.0941284379503107,-0.15240744981177404,-0x1.382165a4dddc9p-3,-0.5546010550464318,-0x1.1bf4ab6380c74p-1,3.638936651268518,0.023468013596939962,0x1.807ffbb9a9023p-6,0.058700894498663427,0x1.e0e0b2c3c43edp-5,2.501315002916035,0.999999996348704,0x1.ffffffe0a2b71p-1,0.14869055911188733,0x1.3084ad04e0474p-3,0.14869055965480057,-0.9999999953063654,-0x1.ffffffd7ae96ap-1,-0.011505949658843719,-0x1.7906e6bf40821p-7,0.011505949712848443,-1.2316094892410674
H593-7bec97dabbf6cdb58e99fd1c,OUTCOME-0438,76,2868,/hkfs/work/workspace/scratch/ap7811-benchmark/dailymed/data/box_flat_20000_images/data/raw_images/otc/Medique Decorel Forte 43580 8-12-22 Final_Label.jpg,51,439.29864501953125,0x1.b74c740000000p+8,False,False,False,CHALLENGER,75,-4.425383263742999,-0x1.1b397ab982aeep+2,-4.425383263742999,-0x1.1b397ab982aeep+2,0.0002440479071177893,0.008803267732952057,0.027722422459591733,0.00022091398371333298,0.00024243697019771569,2.313392340445633e-05,1.6109369200736218e-06,-1.2316094892410674,-8.881784197001252e-16,-1.8198205161606489,-2.60556274758235,False,114,-3.7838387911070495,-0x1.e454d45a920acp+1,-1.8198205161606489,-0x1.d1dfc1e17ff4ap+0,0.4809455731670372,-0.8262852639286177,-0x1.a70edcb37af3dp-1,1.7303474690521963,0x1.baf80d3e4ba98p+0,-2.0941284379503107,-0.5255230521383577,-0x1.0d115b8474ea3p-1,-1.912345095512766,-0x1.e98f72bbe4b11p+0,3.638936651268518,-0.5315998565058739,-0x1.102ddb3c8085ep-1,-1.329698696626154,-0x1.5467223f8b0c5p+0,2.501315002916035,0.9999999947035269,0x1.ffffffd280eebp-1,0.148690558867265,0x1.3084acfc788ecp-3,0.14869055965480057,-0.9514637552777296,-0x1.e72641e07e908p-1,-0.010947494121823494,-0x1.66ba3c9cfa27ep-7,0.011505949712848443,-1.2316094892410674
H593-7bec97dabbf6cdb58e99fd1c,OUTCOME-0438,77,2869,/hkfs/work/workspace/scratch/ap7811-benchmark/dailymed/data/box_flat_20000_images/data/raw_images/otc/Meijer Nighttime Cold Flu 24ct.jpg,43,440.90325927734375,0x1.b8e73c0000000p+8,False,False,False,CHALLENGER,76,-3.1486171279164594,-0x1.9305e2d403690p+1,-3.1486171279164594,-0x1.9305e2d403690p+1,0.0013266805289170894,0.023915336383062393,0.05547404843766643,0.0013802458580561474,0.0015216217840331031,-5.3565329139058015e-05,-0.00019494125511601373,-1.2316094892410674,4.440892098500626e-16,-1.740201608270891,-1.4084155196455683,False,53,-3.618292183898534,-0x1.cf2432c29bba4p+1,-1.740201608270891,-0x1.bd7dda43f8573p+0,0.4809455731670372,-0.31832041250774595,-0x1.45f5c9457ae0dp-2,0.6666038282125446,0x1.554d18d31f604p-1,-2.0941284379503107,-0.08404260016155703,-0x1.583d0db2a293dp-4,-0.30582569799579534,-0x1.392a5f2cac5a7p-2,3.638936651268518,-0.24071760415012522,-0x1.ecfd59eb2b8b4p-3,-0.6021105547267114,-0x1.3447d5aa415a8p-1,2.501315002916035,0.5113461402695825,0x1.05cf294ac9912p-1,0.07603234377400638,0x1.376db0df29509p-4,0.14869055965480057,-0.999999996149568,-0x1.ffffffdeeccf8p-1,-0.011505949668545566,-0x1.7906e6c495ebfp-7,0.011505949712848443,-1.2316094892410674
H593-7bec97dabbf6cdb58e99fd1c,OUTCOME-0438,78,2958,/hkfs/work/workspace/scratch/ap7811-benchmark/dailymed/data/box_flat_20000_images/data/raw_images/otc/QualityChoicenighttimecartonlabel.jpg,96,434.47332763671875,0x1.b2792c0000000p+8,False,False,False,CHALLENGER,77,-3.3815461549876833,-0x1.b0d68120cb174p+1,-3.3815461549876833,-0x1.b0d68120cb174p+1,0.001518590892467001,0.023180546467406308,0.06551143626412174,0.0014744402431966475,0.001571952558690684,4.415064927035337e-05,-5.3361666223683026e-05,-1.2316094892410674,0.0,-2.0592465952762247,-1.3222995597114586,False,68,-4.281662437843103,-0x1.1206c1e3c30e8p+2,-2.0592465952762247,-0x1.079564768e2c8p+1,0.4809455731670372,-0.25637601904777746,-0x1.06876f6527cf7p-2,0.5368843122964413,0x1.12e2802618eacp-1,-2.0941284379503107,-0.09951411298455319,-0x1.979c1c4c254b3p-4,-0.36212555305796695,-0x1.72d10a7db832bp-2,3.638936651268518,-0.16096870588877235,-0x1.49a9f5fbc6151p-3,-0.402633439039565,-0x1.9c4bf0b3cdc39p-2,2.501315002916035,0.9999999952340467,0x1.ffffffd70f8edp-1,0.1486905589461483,0x1.3084acff2e6c2p-3,0.14869055965480057,-0.9999999915348596,-0x1.ffffffb748f5ap-1,-0.011505949615448964,-0x1.7906e6a7653d4p-7,0.011505949712848443,-1.2316094892410674
H593-7bec97dabbf6cdb58e99fd1c,OUTCOME-0438,79,3007,/hkfs/work/workspace/scratch/ap7811-benchmark/dailymed/data/box_flat_20000_images/data/raw_images/otc/Sudafed_2.jpg,123,431.2180480957031,0x1.af37d20000000p+8,False,False,False,CHALLENGER,78,-3.69095991963936,-0x1.d8715fe8d952dp+1,-3.69095991963936,-0x1.d8715fe8d952dp+1,0.0013443128895938832,0.018784338772669704,0.0715656220782066,0.0013335143140261224,0.0013858595661365852,1.0798575567760784e-05,-4.154667654270201e-05,-1.2316094892410674,0.0,-2.220769404056989,-1.4701905155823711,False,95,-4.617506695057351,-0x1.27853acd15458p+2,-2.220769404056989,-0x1.1c422bfd30eb3p+1,0.4809455731670372,-0.3123754039822266,-0x1.3fdf5680b6bbfp-2,0.6541542167953974,0x1.4eed4d2f5a7bdp-1,-2.0941284379503107,-0.20216572885066897,-0x1.9e0910ce48f6cp-3,-0.7356682803451126,-0x1.78a9834992d9dp-1,3.638936651268518,-0.11763875067959881,-0x1.e1d92bae942bep-4,-0.2942515719991794,-0x1.2d5048ba21dbcp-2,2.501315002916035,0.9999999943332996,0x1.ffffffcf52cb4p-1,0.1486905588122157,0x1.3084acfa9456cp-3,0.14869055965480057,-0.9999999905941259,-0x1.ffffffaf3443ap-1,-0.01150594960462493,-0x1.7906e6a171e45p-7,0.011505949712848443,-1.2316094892410674
H593-7bec97dabbf6cdb58e99fd1c,OUTCOME-0438,80,3036,/hkfs/work/workspace/scratch/ap7811-benchmark/dailymed/data/box_flat_20000_images/data/raw_images/otc/Thompson 435 Cough and Cold CS93580 80ct Rev 7-22-22 Label.jpg,45,440.4408874511719,0x1.b870de0000000p+8,False,False,False,CHALLENGER,79,-3.2408918410136693,-0x1.9ed58b398372dp+1,-3.2408918410136693,-0x1.9ed58b398372dp+1,0.0016159619553789849,0.01661472542309421,0.09726082822487231,0.0014601905156809006,0.0020602189829299067,0.00015577143969808423,-0.0004442570275509218,-1.2316094892410674,0.0,-1.763143907119079,-1.4777479338945902,False,58,-3.6659946686040534,-0x1.d53f50347b7d8p+1,-1.763143907119079,-0x1.c35d662b37d5dp+0,0.4809455731670372,-0.22712103197446548,-0x1.d124d4e48346ap-3,0.47562061191434996,0x1.e70916f5e70e7p-2,-2.0941284379503107,-0.26023139584930405,-0x1.0a7a195a42c17p-2,-0.9469655641667986,-0x1.e4d8aba111b5bp-1,3.638936651268518,0.03519024912669002,0x1.20474d2464283p-5,0.08802189809694264,0x1.6889a65a880aap-4,2.501315002916035,0.9999999968890227,0x1.ffffffe546e38p-1,0.14869055919222762,0x1.3084ad07a2f58p-3,0.14869055965480057,-0.9999999980354672,-0x1.ffffffef1ff26p-1,-0.011505949690244629,-0x1.7906e6d083cb1p-7,0.011505949712848443,-1.2316094892410674
H593-7bec97dabbf6cdb58e99fd1c,OUTCOME-0438,81,3088,/hkfs/work/workspace/scratch/ap7811-benchmark/dailymed/data/box_flat_20000_images/data/raw_images/otc/_Pentrexcilina Adult TOTAL RELIEF  Multi_Symptom 6 fl oz (177 ml)_comp.jpg,44,440.53778076171875,0x1.b889ac0000000p+8,False,False,False,CHALLENGER,80,-3.266782133454323,-0x1.a225eabd2bf55p+1,-3.266782133454323,-0x1.a225eabd2bf55p+1,0.0015324727370156367,0.019199841866641722,0.07981694576756866,0.001615481678086972,0.0014387177848969115,-8.300894107133531e-05,9.375495211872515e-05,-1.2316094892410674,0.0,-1.758336184932887,-1.5084459485214359,False,59,-3.6559982730565634,-0x1.d3f7c05c81556p+1,-1.758336184932887,-0x1.c22251f9a9001p+0,0.4809455731670372,-0.25212027183223884,-0x1.022bd108b65ecp-2,0.527972231027654,0x1.0e526052eb7c0p-1,-2.0941284379503107,-0.191650710903379,-0x1.88802afcae6a3p-3,-0.6974047961479729,-0x1.65123dcf0ee4fp-1,3.638936651268518,-0.06353973952449668,-0x1.04423ef410adap-4,-0.15893290375400052,-0x1.457e9d3f0dd1dp-3,2.501315002916035,0.33240329481954717,0x1.5461878154957p-2,0.04942523193781814,0x1.94e43958a5044p-5,0.14869055965480057,0.18284259088874733,0x1.76762d2176f14p-3,0.0021037776561328475,0x1.13bf107658c89p-9,0.011505949712848443,-1.2316094892410674
H593-7bec97dabbf6cdb58e99fd1c,OUTCOME-0438,82,3419,/hkfs/work/workspace/scratch/ap7811-benchmark/dailymed/data/box_flat_20000_images/data/raw_images/otc/best-choice-44-470c-1.jpg,57,438.42431640625,0x1.b66ca00000000p+8,False,False,False,CHALLENGER,81,-2.790711022485366,-0x1.653604cf14a7bp+1,-2.790711022485366,-0x1.653604cf14a7bp+1,0.004077369352186353,0.031928014071248935,0.127705072513671,0.003867711678133362,0.00429878352737954,0.00020965767405299075,-0.00022141417519318685,-1.2316094892410674,0.0,-1.863203584076997,-0.927507438408369,False,26,-3.8740424863623555,-0x1.efe09fcb1ed3fp+1,-1.863203584076997,-0x1.dcfae8fb66938p+0,0.4809455731670372,0.2275545834978845,0x1.d20823316d308p-3,-0.4765285244888584,-0x1.e7f717f129c2cp-2,-2.0941284379503107,0.060167857028623234,0x1.ece52446aab9cp-5,0.21894702016974119,0x1.c0674b997c4b7p-3,3.638936651268518,0.1697103104051023,0x1.5b911447df12fp-3,0.42449894556581963,0x1.b2afda0191147p-2,2.501315002916035,0.9999999973356682,0x1.ffffffe91d129p-1,0.14869055925863958,0x1.3084ad09eb1ffp-3,0.14869055965480057,-0.999999996505745,-0x1.ffffffe1fc0d5p-1,-0.011505949672643722,-0x1.7906e6c6d6af9p-7,0.011505949712848443,-1.2316094892410674
H593-7bec97dabbf6cdb58e99fd1c,OUTCOME-0438,83,3420,/hkfs/work/workspace/scratch/ap7811-benchmark/dailymed/data/box_flat_20000_images/data/raw_images/otc/best-choice-44-473c-1.jpg,46,440.359619140625,0x1.b85c100000000p+8,False,False,False,CHALLENGER,82,-2.9131070773965724,-0x1.74e0b155950bbp+1,-2.9131070773965724,-0x1.74e0b155950bbp+1,0.002591121484036139,0.03126723548656887,0.08287018163627478,0.002688480440144278,0.0031696243460251827,-9.735895610813892e-05,-0.0005785028619890438,-1.2316094892410674,0.0,-1.7671763367826474,-1.145930740613925,False,32,-3.6743790469797912,-0x1.d6520d77f1639p+1,-1.7671763367826474,-0x1.c465ab1cbf1e1p+0,0.4809455731670372,0.004928335848775608,0x1.42fbc14b5067cp-8,-0.010320568252690981,-0x1.522f338f8b770p-7,-2.0941284379503107,0.04974300824501593,0x1.977ea633be7a8p-5,0.18101165584714055,0x1.72b63d3077595p-3,3.638936651268518,-0.04482566141800073,-0x1.6f3639b9faf03p-5,-0.11212309942047968,-0x1.cb41975231a16p-4,2.501315002916035,0.25971191606102406,0x1.09f1eba774526p-2,0.03861671014813426,0x1.3c591c654a87dp-5,0.14869055965480057,-0.9999999984454494,-0x1.fffffff2a581dp-1,-0.011505949694961862,-0x1.7906e6d31baf5p-7,0.011505949712848443,-1.2316094892410674
H593-7bec97dabbf6cdb58e99fd1c,OUTCOME-0438,84,3421,/hkfs/work/workspace/scratch/ap7811-benchmark/dailymed/data/box_flat_20000_images/data/raw_images/otc/best-choice-44-503a-severe-1.jpg,49,439.90045166015625,0x1.b7e6840000000p+8,False,False,False,CHALLENGER,83,-2.915452320579587,-0x1.752d8aa8f7e3ap+1,-2.915452320579587,-0x1.752d8aa8f7e3ap+1,0.002904937045580419,0.02567160189068293,0.11315760730282735,0.0028360306204943367,0.002955905216692415,6.890642508608231e-05,-5.096817111199586e-05,-1.2316094892410674,4.440892098500626e-16,-1.7899596400939692,-1.1254926804856178,False,34,-3.72175094222626,-0x1.dc6255ba5c074p+1,-1.7899596400939692,-0x1.ca3acb835d103p+0,0.4809455731670372,0.06200917971416486,0x1.fbfaacdd926dfp-5,-0.12985518665340415,-0x1.09f1841f23869p-3,-2.0941284379503107,-0.04876986338802871,-0x1.8f85d10905e83p-5,-0.1774704433600563,-0x1.6b759fb1e78d2p-3,3.638936651268518,0.11044503752600049,0x1.c4620402dfe84p-4,0.2762578293614095,0x1.1ae355197c1c8p-2,2.501315002916035,0.9999999957370145,0x1.ffffffdb61988p-1,0.14869055902093486,0x1.3084ad01c0408p-3,0.14869055965480057,-0.9999999913597981,-0x1.ffffffb5c7fecp-1,-0.011505949613434714,-0x1.7906e6a649c24p-7,0.011505949712848443,-1.2316094892410674
H593-7bec97dabbf6cdb58e99fd1c,OUTCOME-0438,85,3424,/hkfs/work/workspace/scratch/ap7811-benchmark/dailymed/data/box_flat_20000_images/data/raw_images/otc/best-choice-44-689-cough-cold-hbp-1.jpg,112,432.3804626464844,0x1.b061660000000p+8,False,False,False,CHALLENGER,84,-3.3328168930930784,-0x1.aa99be73b20f9p+1,-3.3328168930930784,-0x1.aa99be73b20f9p+1,0.002787765416412787,0.030922592109974452,0.09015303136613699,0.0029401424540035407,0.002976426475789598,-0.00015237703759075384,-0.00018866105937681132,-1.2316094892410674,-4.440892098500626e-16,-2.1630918802547665,-1.1697250128383119,False,66,-4.497581433197854,-0x1.1fd85fcbab9f3p+2,-2.1630918802547665,-0x1.14e031d9f7fbcp+1,0.4809455731670372,0.04147934300199957,0x1.53cc7cb4e6a48p-5,-0.08686307176798251,-0x1.63ca884793cebp-4,-2.0941284379503107,0.0442133997364629,0x1.6a32383d37fa3p-5,0.16088976077820066,0x1.498092266dd86p-3,3.638936651268518,-0.00273908004349788,-0x1.6704466a78607p-9,-0.006851302006989152,-0x1.c101c60e16f14p-8,2.501315002916035,0.04179847786842271,0x1.5669c2eef564ep-5,0.006215039066974569,0x1.974f0d89387bep-8,0.14869055965480057,-0.9999999960541517,-0x1.ffffffde1afcep-1,-0.011505949667447711,-0x1.7906e6c3fb699p-7,0.011505949712848443,-1.2316094892410674
H593-7bec97dabbf6cdb58e99fd1c,OUTCOME-0438,86,3889,/hkfs/work/workspace/scratch/ap7811-benchmark/dailymed/data/box_flat_20000_images/data/raw_images/otc/children-cough-chest-fig1.jpg,100,433.86932373046875,0x1.b1de8c0000000p+8,False,False,False,CHALLENGER,85,-3.5310589576859934,-0x1.c3f9bd6bc12d2p+1,-3.5310589576859934,-0x1.c3f9bd6bc12d2p+1,0.0013270425137962073,0.019683260718007974,0.06741985145693428,0.0012094670792567148,0.001295545018174259,0.00011757543453949247,3.1497495621948335e-05,-1.2316094892410674,0.0,-2.089216496853899,-1.4418424608320946,False,85,-4.343976976638671,-0x1.1603b8024f5cfp+2,-2.089216496853899,-0x1.0b6b72382026cp+1,0.4809455731670372,-0.31819782253236206,-0x1.45d5a665bd584p-2,0.6663471090588855,0x1.552b72c262558p-1,-2.0941284379503107,-0.17964613711974936,-0x1.6fea505e41a62p-3,-0.6537209126238658,-0x1.4eb481e8dc8edp-1,3.638936651268518,-0.14695189827224286,-0x1.2cf51de950b20p-3,-0.36757298785535203,-0x1.78650da6ed4ddp-2,2.501315002916035,0.999999996469505,0x1.ffffffe1ac5c0p-1,0.1486905591298493,0x1.3084ad057e460p-3,0.14869055965480057,-0.3456246029046529,-0x1.61eb6a78ac83ap-2,-0.0039767393005441486,-0x1.049e9d3d9503cp-8,0.011505949712848443,-1.2316094892410674
H593-7bec97dabbf6cdb58e99fd1c,OUTCOME-0438,87,3937,/hkfs/work/workspace/scratch/ap7811-benchmark/dailymed/data/box_flat_20000_images/data/raw_images/otc/childrens-mucinex-01.jpg,87,435.3116455078125,0x1.b34fc80000000p+8,False,False,False,CHALLENGER,86,-5.027542491041727,-0x1.41c341949192ep+2,-5.027542491041727,-0x1.41c341949192ep+2,0.00011586845732199045,0.008418105890093983,0.0137641957507732,0.00012542135039002552,0.00015312575186515742,-9.552893068035071e-06,-3.725729454316697e-05,-1.2316094892410674,-8.881784197001252e-16,-2.0176503343456114,-3.0098921566961154,False,124,-4.195173938413321,-0x1.0c7dbad4a1122p+2,-2.0176503343456114,-0x1.02425dbc63912p+1,0.4809455731670372,-0.9135818000540002,-0x1.d3c0fe62e7cddp-1,1.9131576278869167,0x1.e9c4b2c3de03cp+0,-2.0941284379503107,-0.5415235922629172,-0x1.1542948d9036dp-1,-1.9705700474121184,-0x1.f87747541cba5p+0,3.638936651268518,-0.736349546112257,-0x1.7902cec5f4035p-1,-1.841842167081001,-0x1.d782f7e001b4fp+0,2.501315002916035,0.8909635491237001,0x1.c82c5fd2d429dp-1,0.13247786875123038,0x1.0f508e8dd7af5p-3,0.14869055965480057,-0.9999999901986882,-0x1.ffffffabceb00p-1,-0.011505949600075043,-0x1.7906e69ef18d6p-7,0.011505949712848443,-1.2316094892410674
H593-7bec97dabbf6cdb58e99fd1c,OUTCOME-0438,88,3938,/hkfs/work/workspace/scratch/ap7811-benchmark/dailymed/data/box_flat_20000_images/data/raw_images/otc/childrens-mucus-congestion-and-cough-berry-liquid-1.jpg,110,432.77301025390625,0x1.b0c5e40000000p+8,False,False,False,CHALLENGER,87,-3.449881211598725,-0x1.b995b52173607p+1,-3.449881211598725,-0x1.b995b52173607p+1,0.0025149424119382765,0.01953354210028787,0.12874994197295192,0.0022152381601584473,0.0025939079834102724,0.0002997042517798292,-7.896557147199588e-05,-1.2316094892410674,0.0,-2.143614169867053,-1.306267041731672,False,79,-4.457082650228604,-0x1.1d40d79693415p+2,-2.143614169867053,-0x1.1261f2f9691c8p+1,0.4809455731670372,-0.009991732699461934,-0x1.4768ba965812fp-7,0.02092397159034126,0x1.56d17f6bb56f0p-6,-2.0941284379503107,-0.1833381129399862,-0x1.7779f8f98031ep-3,-0.6671557787517227,-0x1.5595713626f17p-1,3.638936651268518,0.1736645102523554,0x1.63aa380013e9cp-3,0.43438964496828214,0x1.bcd0a39b70756p-2,2.501315002916035,0.9999999978511963,0x1.ffffffed8abb1p-1,0.14869055933529376,0x1.3084ad0c8d61dp-3,0.14869055965480057,-0.9999999930427734,-0x1.ffffffc43ce5ap-1,-0.011505949632798945,-0x1.7906e6b0ef083p-7,0.011505949712848443,-1.2316094892410674
H593-7bec97dabbf6cdb58e99fd1c,OUTCOME-0438,89,3972,/hkfs/work/workspace/scratch/ap7811-benchmark/dailymed/data/box_flat_20000_images/data/raw_images/otc/circle-01.jpg,122,431.457763671875,0x1.af75300000000p+8,False,False,False,CHALLENGER,88,-3.564041011614714,-0x1.c8327ef13e754p+1,-3.564041011614714,-0x1.c8327ef13e754p+1,0.001686382076393253,0.020638911801769463,0.08170886588355265,0.0015867289241927782,0.001664395480117526,9.965315220047477e-05,2.1986596275727025e-05,-1.2316094892410674,4.440892098500626e-16,-2.2088750236561894,-1.3551659879585247,False,88,-4.592775455049308,-0x1.25f0087653bb2p+2,-2.2088750236561894,-0x1.1abc6ab1c6fbdp+1,0.4809455731670372,-0.20679831248458366,-0x1.a785dfa7ea093p-3,0.4330622270941014,0x1.bb74aa1a02241p-2,-2.0941284379503107,-0.15661255696975623,-0x1.40be15929fd36p-3,-0.5699031736061247,-0x1.23ca59490cc1dp-1,3.638936651268518,-0.05186553568583697,-0x1.a8e1e971ed151p-5,-0.129732042545261,-0x1.09b0f3ffcd296p-3,2.501315002916035,0.9999999962310249,0x1.ffffffdf9fefap-1,0.14869055909438955,0x1.3084ad04465dcp-3,0.14869055965480057,-0.49314214785997745,-0x1.f8fa415559e82p-2,-0.005674068754562972,-0x1.73db13bc71460p-8,0.011505949712848443,-1.2316094892410674
H593-7bec97dabbf6cdb58e99fd1c,OUTCOME-0438,90,3974,/hkfs/work/workspace/scratch/ap7811-benchmark/dailymed/data/box_flat_20000_images/data/raw_images/otc/circle-k-cold-01.jpg,79,436.22357177734375,0x1.b4393c0000000p+8,False,False,False,CHALLENGER,89,-3.079147948829525,-0x1.8a21851de2576p+1,-3.079147948829525,-0x1.8a21851de2576p+1,0.0019710439325693737,0.03032366252805321,0.06500019352035427,0.001929576967470143,0.001994150554586446,4.146696509923077e-05,-2.3106622017072132e-05,-1.2316094892410674,0.0,-1.9724017187967005,-1.1067462300328246,False,47,-4.101091326838485,-0x1.067847c1ab8e0p+2,-1.9724017187967005,-0x1.f8ef51acce572p+0,0.4809455731670372,-0.1310768412983128,-0x1.0c7203d51d279p-3,0.2744917409194965,0x1.19145ce915dadp-2,-2.0941284379503107,0.034449254244947825,0x1.1a35528b51050p-5,0.12535865388080822,0x1.00bc09b5825d7p-3,3.638936651268518,-0.16478202244283646,-0x1.51793caae2c18p-3,-0.4121717449471136,-0x1.a6105993884d0p-2,2.501315002916035,0.9999999951722989,0x1.ffffffd687c5ep-1,0.148690558936967,0x1.3084acfedda9bp-3,0.14869055965480057,-0.9999999886203917,-0x1.ffffff9e3ffa1p-1,-0.011505949581915243,-0x1.7906e694f5c9ap-7,0.011505949712848443,-1.2316094892410674
H593-7bec97dabbf6cdb58e99fd1c,OUTCOME-0438,91,3977,/hkfs/work/workspace/scratch/ap7811-benchmark/dailymed/data/box_flat_20000_images/data/raw_images/otc/circlek-01.jpg,104,433.409423828125,0x1.b168d00000000p+8,False,False,False,CHALLENGER,90,-4.210207950988684,-0x1.0d740c0cb6c1ap+2,-4.210207950988684,-0x1.0d740c0cb6c1ap+2,0.0004697409917964922,0.012374052074125768,0.03796177589867462,0.0004369492571390386,0.00047937108769433235,3.279173465745364e-05,-9.630095897840126e-06,-1.2316094892410674,-8.881784197001252e-16,-2.1120361420022182,-2.0981718089864656,False,112,-4.391424435190065,-0x1.190d1912ffc85p+2,-2.1120361420022182,-0x1.0e573346ef4d1p+1,0.4809455731670372,-0.6904964218770658,-0x1.6188bf3bef1cdp-1,1.4459881933556986,0x1.722c4840dd66dp+0,-2.0941284379503107,-0.391610150369662,-0x1.910240527a347p-2,-1.4250445291889386,-0x1.6ccfb7e035d04p+0,3.638936651268518,-0.4096607552687138,-0x1.a37e1be955cbep-2,-1.024690593259548,-0x1.06521f6a918f9p+0,2.501315002916035,0.9999999949612697,0x1.ffffffd4b7b70p-1,0.14869055890558894,0x1.3084acfdc9a89p-3,0.14869055965480057,-0.9999999865591328,-0x1.ffffff8c8b387p-1,-0.011505949558198501,-0x1.7906e687ebf3fp-7,0.011505949712848443,-1.2316094892410674
H593-7bec97dabbf6cdb58e99fd1c,OUTCOME-0438,92,4068,/hkfs/work/workspace/scratch/ap7811-benchmark/dailymed/data/box_flat_20000_images/data/raw_images/otc/cold-01.jpg,38,441.9887390136719,0x1.b9fd1e0000000p+8,False,False,False,CHALLENGER,91,-2.687053339510523,-0x1.57f15d23e7137p+1,-2.687053339510523,-0x1.57f15d23e7137p+1,0.0044701552458964585,0.030529561266888067,0.14642055307701804,0.004535286383585571,0.004214762434618653,-6.513113768911224e-05,0.00025539281127780547,-1.2316094892410674,0.0,-1.686341491596665,-1.000711847913858,False,21,-3.506304217527296,-0x1.c0ce939c0da54p+1,-1.686341491596665,-0x1.afb413744ba83p+0,0.4809455731670372,0.27067732479802875,0x1.152c6fc71aef4p-2,-0.5668330833678649,-0x1.2237f226b62e3p-1,-2.0941284379503107,0.03782837546723596,0x1.35e3da6fc3463p-5,0.13765506194567179,0x1.19eae5a97bef0p-3,3.638936651268518,0.23525782088528954,0x1.e1ceda36a4f47p-3,0.5884539169337081,0x1.2d49d4f0dde39p-1,2.501315002916035,0.43561051990627286,0x1.be10af2329fbap-2,0.06477117199638235,0x1.094d7f172b39ep-4,0.14869055965480057,0.5953940344152712,0x1.30d77ca4181bfp-1,0.006850573819312066,0x1.c0f58e83457e5p-8,0.011505949712848443,-1.2316094892410674
H593-7bec97dabbf6cdb58e99fd1c,OUTCOME-0438,93,4074,/hkfs/work/workspace/scratch/ap7811-benchmark/dailymed/data/box_flat_20000_images/data/raw_images/otc/cold-relief-02.jpg,103,433.42816162109375,0x1.b16d9c0000000p+8,False,False,False,CHALLENGER,92,-3.5025489768680504,-0x1.c053865e24ad4p+1,-3.5025489768680504,-0x1.c053865e24ad4p+1,0.0014272206937439478,0.020769186879641563,0.06871817861790933,0.0013292181188698131,0.0013869442018054812,9.800257487413465e-05,4.027649193846664e-05,-1.2316094892410674,0.0,-2.1111063966723536,-1.3914425801956969,False,84,-4.389491273972378,-0x1.18ed6ccef27abp+2,-2.1111063966723536,-0x1.0e38bc020ac5dp+1,0.4809455731670372,-0.28512568298602126,-0x1.23f7fcaeb2d0ep-2,0.5970898011310322,0x1.31b5c121440f0p-1,-2.0941284379503107,-0.15354208508590142,-0x1.3a7445d0075d5p-3,-0.5587299209312759,-0x1.1e11d923649b2p-1,3.638936651268518,-0.13760790583961657,-0x1.19d22c7a0481cp-3,-0.34420071939649,-0x1.6076274445384p-2,2.501315002916035,0.9999999962074313,0x1.ffffffdf6c0dap-1,0.1486905590908814,0x1.3084ad0427822p-3,0.14869055965480057,-0.2331672669993831,-0x1.dd86ccd214955p-3,-0.002682810848777208,-0x1.5fa431b6b551ep-9,0.011505949712848443,-1.2316094892410674
H593-7bec97dabbf6cdb58e99fd1c,OUTCOME-0438,94,4211,/hkfs/work/workspace/scratch/ap7811-benchmark/dailymed/data/box_flat_20000_images/data/raw_images/otc/covideze-01.jpg,102,433.6974182128906,0x1.b1b28a0000000p+8,False,False,False,CHALLENGER,93,-3.042039399911157,-0x1.85618c0be1857p+1,-3.042039399911157,-0x1.85618c0be1857p+1,0.003320722407519948,0.04797135657459979,0.06922302483474539,0.0035908938296287086,0.004300004649964462,-0.00027017142210876074,-0.0009792822424445143,-1.2316094892410674,0.0,-2.097746228845968,-0.9442931710651892,False,43,-4.361712313998989,-0x1.17264b67cbe9cp+2,-2.097746228845968,-0x1.0c82f2cc19b2ap+1,0.4809455731670372,0.12826375139868224,0x1.06af254c282bap-3,-0.2686007693621694,-0x1.130c14805d23bp-2,-2.0941284379503107,0.25784706612326974,0x1.08090fb179d95p-2,0.9382891393380233,0x1.e0676f1f4c2f2p-1,3.638936651268518,-0.13401553435136507,-0x1.1276bc898f84dp-3,-0.33521506669687867,-0x1.57429e525bb3bp-2,2.501315002916035,-0.23976663672553533,-0x1.eb0ac53b43c30p-3,-0.03565103540126911,-0x1.240da3e3be5fep-5,0.14869055965480057,-0.9999999990421934,-0x1.fffffff7c5c2dp-1,-0.011505949701827969,-0x1.7906e6d6e200ep-7,0.011505949712848443,-1.2316094892410674
H593-7bec97dabbf6cdb58e99fd1c,OUTCOME-0438,95,4268,/hkfs/work/workspace/scratch/ap7811-benchmark/dailymed/data/box_flat_20000_images/data/raw_images/otc/cvs-44-030-1.jpg,40,441.13873291015625,0x1.b923840000000p+8,False,False,False,CHALLENGER,94,-2.977990783201625,-0x1.7d2ecd4ed1f8dp+1,-2.977990783201625,-0x1.7d2ecd4ed1f8dp+1,0.001700201003736234,0.025109455215598007,0.06771158470535307,0.0016559422258548206,0.0020229081072868416,4.425877788141329e-05,-0.00032270710355060774,-1.2316094892410674,0.0,-1.728517707676038,-1.249473075525587,False,39,-3.5939985813648536,-0x1.cc0825406a8d7p+1,-1.728517707676038,-0x1.ba8022f106855p+0,0.4809455731670372,-0.20288902551376498,-0x1.9f84480a64358p-3,0.42487567807640136,0x1.b3129c18d0dd0p-2,-2.0941284379503107,-0.05980758165005881,-0x1.e9f196e7acdecp-5,-0.21763600089013346,-0x1.bdb7f1920af50p-3,3.638936651268518,-0.14483896362984722,-0x1.28a1549fd0566p-3,-0.36228787273414675,-0x1.72fb979485b44p-2,2.501315002916035,0.9999999952365015,0x1.ffffffd714f4cp-1,0.1486905589465133,0x1.3084acff31a21p-3,0.14869055965480057,-0.9999999974192014,-0x1.ffffffe9d4c39p-1,-0.011505949683153905,-0x1.7906e6cc9ddcdp-7,0.011505949712848443,-1.2316094892410674
H593-7bec97dabbf6cdb58e99fd1c,OUTCOME-0438,96,4269,/hkfs/work/workspace/scratch/ap7811-benchmark/dailymed/data/box_flat_20000_images/data/raw_images/otc/cvs-44-030-cc-1.jpg,23,449.88995361328125,0x1.c1e3d40000000p+8,False,False,False,CHALLENGER,95,-2.718555777859204,-0x1.5bf9a2bf20e96p+1,-2.718555777859204,-0x1.5bf9a2bf20e96p+1,0.0012594010054769187,0.021614755495095773,0.05826579929449895,0.0012672454242289221,0.0018972086424796561,-7.844418752003465e-06,-0.0006378076370027375,-1.2316094892410674,0.0,-1.2942933252784155,-1.4242624525807885,False,23,-2.6911430263417655,-0x1.58775feb7f886p+1,-1.2942933252784155,-0x1.4b56ceaf807b8p+0,0.4809455731670372,-0.3415082470005518,-0x1.5db45680ba052p-2,0.7151621318384145,0x1.6e29bb1f2ad1ap-1,-2.0941284379503107,-0.13400234916972292,-0x1.126fd2da2b47ap-3,-0.4876260597497862,-0x1.f3543eed35f01p-2,3.638936651268518,-0.2174573798472953,-0x1.bd5a4b75be6dcp-3,-0.5439294067068507,-0x1.167dea4a46f78p-1,2.501315002916035,0.9095824327311731,0x1.d1b4c9e331699p-1,0.13524632097497313,0x1.14fc05ebef43cp-3,0.14869055965480057,-0.9999999985766694,-0x1.fffffff3c6102p-1,-0.011505949696471673,-0x1.7906e6d3f02c0p-7,0.011505949712848443,-1.2316094892410674
H593-7bec97dabbf6cdb58e99fd1c,OUTCOME-0438,97,4270,/hkfs/work/workspace/scratch/ap7811-benchmark/dailymed/data/box_flat_20000_images/data/raw_images/otc/cvs-44-030043-1.jpg,67,437.3766784667969,0x1.b5606e0000000p+8,False,False,False,CHALLENGER,96,-3.2762946205631596,-0x1.a35d9f43b0937p+1,-3.2762946205631596,-0x1.a35d9f43b0937p+1,0.0013718987017606586,0.02196494612436997,0.06245855072863328,0.0013238635536101985,0.0011489385513965059,4.803514815046009e-05,0.00022296015036415268,-1.2316094892410674,4.440892098500626e-16,-1.9151860391729936,-1.361108581390166,False,61,-3.982126348645755,-0x1.fdb650f1fc98cp+1,-1.9151860391729936,-0x1.ea49a1dc00f7ep+0,0.4809455731670372,-0.30318125275887103,-0x1.36752575704afp-2,0.6349004832557529,0x1.4511ad17989a9p-1,-2.0941284379503107,-0.12610249937015514,-0x1.024206f5e8cf7p-3,-0.45887900677462273,-0x1.d5e460dbabff9p-2,3.638936651268518,-0.1841179344509838,-0x1.7912d2d897a60p-3,-0.46053695174815684,-0x1.d796ffa96e73dp-2,2.501315002916035,0.9999999953206766,0x1.ffffffd7ce0f2p-1,0.14869055895902936,0x1.3084acff9fb9bp-3,0.14869055965480057,0.5497872245899423,0x1.197db60abeac7p-1,0.00632582415889839,0x1.9e91b7e1f9a12p-8,0.011505949712848443,-1.2316094892410674
H593-7bec97dabbf6cdb58e99fd1c,OUTCOME-0438,98,4271,/hkfs/work/workspace/scratch/ap7811-benchmark/dailymed/data/box_flat_20000_images/data/raw_images/otc/cvs-44-031a-1.jpg,115,432.14697265625,0x1.b025a00000000p+8,False,False,False,CHALLENGER,97,-4.64363222968052,-0x1.2931453c48480p+2,-4.64363222968052,-0x1.2931453c48480p+2,0.00020213172030982953,0.01237017767350919,0.016340243903100585,0.00019847045212341427,0.0002271595595071049,3.661268186415259e-06,-2.5027839197275367e-05,-1.2316094892410674,-8.881784197001252e-16,-2.174677355041083,-2.468954874639437,False,121,-4.521670385114026,-0x1.21630c2ed6d06p+2,-2.174677355041083,-0x1.165bd3dba069fp+1,0.4809455731670372,-0.8539425535001407,-0x1.b537f557e4447p-1,1.7882653856605493,0x1.c9cbc2a3fb1b6p+0,-2.0941284379503107,-0.3917427076252963,-0x1.91250016c9de6p-2,-1.4255268966448578,-0x1.6cef54a8a8751p+0,3.638936651268518,-0.6945420635068897,-0x1.639b0470eab98p-1,-1.7372684836060448,-0x1.bcbda09975a02p+0,2.501315002916035,0.9999999940944497,0x1.ffffffcd458ecp-1,0.148690558776701,0x1.3084acf95bf2cp-3,0.14869055965480057,-0.9999999888638579,-0x1.ffffffa0575d5p-1,-0.011505949584716553,-0x1.7906e69680097p-7,0.011505949712848443,-1.2316094892410674
H593-7bec97dabbf6cdb58e99fd1c,OUTCOME-0438,99,4272,/hkfs/work/workspace/scratch/ap7811-benchmark/dailymed/data/box_flat_20000_images/data/raw_images/otc/cvs-44-043-1.jpg,34,443.5431823730469,0x1.bb8b0e0000000p+8,False,False,False,CHALLENGER,98,-3.319087075862164,-0x1.a8d7d865b3befp+1,-3.319087075862164,-0x1.a8d7d865b3befp+1,0.0005415054995818497,0.020360842532983023,0.026595436741119714,0.0005529397197079945,0.0005517886400135348,-1.1434220126144796e-05,-1.028314043168509e-05,-1.2316094892410674,4.440892098500626e-16,-1.6092119995412693,-1.7098750763208945,False,64,-3.3459336967062048,-0x1.ac478e2cf8011p+1,-1.6092119995412693,-0x1.9bf5514e5c4afp+0,0.4809455731670372,-0.6514525369032861,-0x1.4d8b2fd9caac7p-1,1.3642252835040456,0x1.5d3dde4106b55p+0,-2.0941284379503107,-0.16322140430360052,-0x1.4e47060bede43p-3,-0.593952350391889,-0x1.301a85c0a188bp-1,3.638936651268518,-0.5463221077156905,-0x1.17b7880370fcfp-1,-1.3665236844539665,-0x1.5dd47f05f0701p+0,2.501315002916035,0.8708764976213202,0x1.bde3863846f59p-1,0.1294911138215267,0x1.0932a317e3791p-3,0.14869055965480057,-0.9999999866760833,-0x1.ffffff8d8c65bp-1,-0.011505949559544128,-0x1.7906e688a9554p-7,0.011505949712848443,-1.2316094892410674
H593-7bec97dabbf6cdb58e99fd1c,OUTCOME-0438,100,4273,/hkfs/work/workspace/scratch/ap7811-benchmark/dailymed/data/box_flat_20000_images/data/raw_images/otc/cvs-44-056-1.jpg,61,438.0082702636719,0x1.b6021e0000000p+8,False,False,False,CHALLENGER,99,-3.5679755475305948,-0x1.c8b36c38c92a2p+1,-3.5679755475305948,-0x1.c8b36c38c92a2p+1,0.0007742640017590905,0.0176674240672769,0.04382438542317894,0.0007669736957017971,0.0009371852501179569,7.290306057293407e-06,-0.00016292124835886647,-1.2316094892410674,4.440892098500626e-16,-1.8838472617350621,-1.6841282857955326,False,89,-3.9169655920313113,-0x1.f55f20e6aa772p+1,-1.8838472617350621,-0x1.e243d06bcfadbp+0,0.4809455731670372,-0.5363648221036954,-0x1.129e68f35209ap-1,1.123216827083508,0x1.1f8b2352a3fb5p+0,-2.0941284379503107,-0.2313733742585118,-0x1.d9da489cd8040p-3,-0.8419530517169664,-0x1.af14786bc895cp-1,3.638936651268518,-0.3482037168603085,-0x1.648f83e10aeccp-2,-0.8709671810538168,-0x1.bdef690d07e99p-1,2.501315002916035,0.9999999942183587,0x1.ffffffce56095p-1,0.1486905587951251,0x1.3084acf9fe022p-3,0.14869055965480057,-0.9999999956080851,-0x1.ffffffda4613bp-1,-0.01150594966231529,-0x1.7906e6c12916ap-7,0.011505949712848443,-1.2316094892410674
H593-7bec97dabbf6cdb58e99fd1c,OUTCOME-0438,101,4305,/hkfs/work/workspace/scratch/ap7811-benchmark/dailymed/data/box_flat_20000_images/data/raw_images/otc/cvs-44-527-1.jpg,120,431.83258056640625,0x1.afd5240000000p+8,False,False,False,CHALLENGER,100,-3.601455905301474,-0x1.ccfc81d1a0c17p+1,-3.601455905301474,-0x1.ccfc81d1a0c17p+1,0.0013894397271337052,0.020265613033065923,0.0685614456797659,0.001333601596345361,0.001342223138169372,5.583813078834424e-05,4.721658896433313e-05,-1.2316094892410674,0.0,-2.1902770885724694,-1.4111788167290045,False,92,-4.5541059337534735,-0x1.237678bbff67dp+2,-2.1902770885724694,-0x1.185affe84c65ap+1,0.4809455731670372,-0.29740166035460025,-0x1.308a0f93ff162p-2,0.6227972744422079,0x1.3edf48cb88d10p-1,-2.0941284379503107,-0.16550211074900187,-0x1.52f2c548affdbp-3,-0.6022516966668442,-0x1.345a559a4a0a1p-1,3.638936651268518,-0.13872781638859438,-0x1.1c1d545379de2p-3,-0.3470019684545721,-0x1.63547be8a3d9ep-2,2.501315002916035,0.9999999954855127,0x1.ffffffd938899p-1,0.14869055898353892,0x1.3084ad0077505p-3,0.14869055965480057,-0.1567446266737682,-0x1.410353ab19bb0p-3,-0.0018034957922675797,-0x1.d8c68dc8f921ep-10,0.011505949712848443,-1.2316094892410674
H593-7bec97dabbf6cdb58e99fd1c,OUTCOME-0438,102,4312,/hkfs/work/workspace/scratch/ap7811-benchmark/dailymed/data/box_flat_20000_images/data/raw_images/otc/cvs-44-615-1.jpg,85,435.7217712402344,0x1.b3b8c60000000p+8,False,False,False,CHALLENGER,101,-3.4082479867133713,-0x1.b4417853cbbf3p+1,-3.4082479867133713,-0x1.b4417853cbbf3p+1,0.0014328393455931415,0.024718127510665787,0.057967147591373024,0.0015511502146093406,0.0013811770513649532,-0.000118310869016199,5.1662294228188316e-05,-1.2316094892410674,4.440892098500626e-16,-1.9973004198699464,-1.4109475668434248,False,75,-4.1528616361258495,-0x1.09c87c2bfe4f1p+2,-1.9973004198699464,-0x1.ff4f148fa0e4ap+0,0.4809455731670372,-0.283319858232087,-0x1.221e99d5a81c3p-2,0.5933081721598638,0x1.2fc616b7c0971p-1,-2.0941284379503107,-0.06762945177331531,-0x1.15029eb9ce05cp-4,-0.24609929076311374,-0x1.f802e7ab2bc33p-3,3.638936651268518,-0.2199039345111353,-0x1.c25cfe77e57b7p-3,-0.550049010592968,-0x1.19a0061f634e1p-1,2.501315002916035,0.16677155304407387,0x1.558c52f1d1c50p-3,0.024797355556623605,0x1.9647a5c9269f1p-6,0.14869055965480057,-0.11257688370712232,-0x1.cd1d6b1cec47cp-4,-0.0012953039627633368,-0x1.538e60a2401f6p-10,0.011505949712848443,-1.2316094892410674
H593-7bec97dabbf6cdb58e99fd1c,OUTCOME-0438,103,4313,/hkfs/work/workspace/scratch/ap7811-benchmark/dailymed/data/box_flat_20000_images/data/raw_images/otc/cvs-44-615-sm-1.jpg,37,442.12847900390625,0x1.ba20e40000000p+8,False,False,False,CHALLENGER,102,-3.0917441474401146,-0x1.8bbe45b06d66ap+1,-3.0917441474401146,-0x1.8bbe45b06d66ap+1,0.0014033417320479346,0.02118831486851103,0.06623187076257339,0.0014144667532481343,0.0014053230122430319,-1.1125021200199649e-05,-1.9812801950972337e-06,-1.2316094892410674,0.0,-1.6794077719460907,-1.412336375494024,False,48,-3.4918873686416396,-0x1.bef62a50d0cfbp+1,-1.6794077719460907,-0x1.adedaaf1281c9p+0,0.4809455731670372,-0.29285737634168124,-0x1.2be2cdd71e9a3p-2,0.6132809600606312,0x1.39fff6457095dp-1,-2.0941284379503107,-0.14377325666459728,-0x1.267297db4f958p-3,-0.5231817731490388,-0x1.0bde7b3b13aadp-1,3.638936651268518,-0.15563723465529491,-0x1.3ebebc0713305p-3,-0.3892977500556526,-0x1.8ea411c394e66p-2,2.501315002916035,0.8741484781100901,0x1.bf9063aaa97a0p-1,0.12997762643158148,0x1.0a31b5b5e1fdfp-3,0.14869055965480057,-0.9999999850189837,-0x1.ffffff7f50659p-1,-0.011505949540477622,-0x1.7906e67e2df60p-7,0.011505949712848443,-1.2316094892410674
H593-7bec97dabbf6cdb58e99fd1c,OUTCOME-0438,104,4314,/hkfs/work/workspace/scratch/ap7811-benchmark/dailymed/data/box_flat_20000_images/data/raw_images/otc/cvs-44-615694-09-1.jpg,95,434.61761474609375,0x1.b29e1c0000000p+8,False,False,False,CHALLENGER,103,-3.4819853030735386,-0x1.bdb1b1c4ed3f6p+1,-3.4819853030735386,-0x1.bdb1b1c4ed3f6p+1,0.0009156454115497602,0.02371452656911675,0.038611161343705604,0.0008735790115033013,0.0009944080113444423,4.206640004645885e-05,-7.876259979468214e-05,-1.2316094892410674,-4.440892098500626e-16,-2.0520872533876213,-1.4298980496859173,False,81,-4.266776466772699,-0x1.1112dd9a08652p+2,-2.0520872533876213,-0x1.06aacb8ceb4d6p+1,0.4809455731670372,-0.4739714172177442,-0x1.e558c360c184bp-2,0.9925570235712897,0x1.fc306f274ebdap-1,-2.0941284379503107,-0.08822738729140121,-0x1.69611ef07312fp-4,-0.3210538732603421,-0x1.48c258b7a112dp-2,3.638936651268518,-0.4025787711216764,-0x1.9c3d9c0020398p-2,-1.0069763200621498,-0x1.01c9333a836bbp+0,2.501315002916035,0.9999999951862294,0x1.ffffffd6a6681p-1,0.14869055893903832,0x1.3084acfeefe1ep-3,0.14869055965480057,-0.9999999930329351,-0x1.ffffffc427432p-1,-0.011505949632685744,-0x1.7906e6b0df19bp-7,0.011505949712848443,-1.2316094892410674
H593-7bec97dabbf6cdb58e99fd1c,OUTCOME-0438,105,4315,/hkfs/work/workspace/scratch/ap7811-benchmark/dailymed/data/box_flat_20000_images/data/raw_images/otc/cvs-44-617-1.jpg,21,450.18963623046875,0x1.c2308c0000000p+8,False,False,False,CHALLENGER,104,-2.5009683986080464,-0x1.401fbb842cef4p+1,-2.5009683986080464,-0x1.401fbb842cef4p+1,0.0021275385668735255,0.024204220876496763,0.08789948570248952,0.002042651814309458,0.0023322292565434942,8.488675256406765e-05,-0.0002046906896699687,-1.2316094892410674,-4.440892098500626e-16,-1.2794234569734053,-1.2215449416346411,False,19,-2.6602250407429135,-0x1.5482410efedbcp+1,-1.2794234569734053,-0x1.47884bb16fa04p+0,0.4809455731670372,-0.09336147827469224,-0x1.7e689afe5616ap-4,0.19551092666411313,0x1.9068086043a02p-3,-2.0941284379503107,-0.07807852084981813,-0x1.3fcf43591ed07p-4,-0.2841227911972363,-0x1.22f115c0f622bp-2,3.638936651268518,-0.015395181017493218,-0x1.f878237e399e5p-7,-0.038508197251663934,-0x1.3b758afa5cae8p-5,2.501315002916035,0.9999999960089035,0x1.ffffffddb77c7p-1,0.14869055906136222,0x1.3084ad0323dadp-3,0.14869055965480057,-0.9999999962888817,-0x1.ffffffe01f2a2p-1,-0.011505949670148502,-0x1.7906e6c57783dp-7,0.011505949712848443,-1.2316094892410674
H593-7bec97dabbf6cdb58e99fd1c,OUTCOME-0438,106,4323,/hkfs/work/workspace/scratch/ap7811-benchmark/dailymed/data/box_flat_20000_images/data/raw_images/otc/cvs-44-689-1.jpg,91,434.8181457519531,0x1.b2d1720000000p+8,False,False,False,CHALLENGER,105,-3.2981503128078073,-0x1.a629ca19669e3p+1,-3.2981503128078073,-0x1.a629ca19669e3p+1,0.0018009421823400845,0.02428564105715839,0.07415666640635134,0.0017991003168379566,0.0019247628464685365,1.841865502127905e-06,-0.00012382066412845207,-1.2316094892410674,0.0,-2.042137161266214,-1.2560131515415933,False,63,-4.246087863578192,-0x1.0fbfe74f80b1bp+2,-2.042137161266214,-0x1.0564c020cad66p+1,0.4809455731670372,-0.17513766381826895,-0x1.66ae93532dafap-3,0.3667607623580182,0x1.7790221f22867p-2,-2.0941284379503107,-0.07640942075417963,-0x1.38f915b3ed96dp-4,-0.2780490416845816,-0x1.1cb8e352e0af5p-2,3.638936651268518,-0.10006736128695828,-0x1.99e03bc1fdf62p-4,-0.250299992089288,-0x1.004ea420d9a6ep-2,2.501315002916035,0.9999999940303079,0x1.ffffffccb8822p-1,0.14869055876716372,0x1.3084acf9080ebp-3,0.14869055965480057,-0.9999999946975068,-0x1.ffffffd273b1bp-1,-0.011505949651838222,-0x1.7906e6bb66927p-7,0.011505949712848443,-1.2316094892410674
H593-7bec97dabbf6cdb58e99fd1c,OUTCOME-0438,107,4325,/hkfs/work/workspace/scratch/ap7811-benchmark/dailymed/data/box_flat_20000_images/data/raw_images/otc/cvs-44-738-ms-1.jpg,74,436.3913879394531,0x1.b464320000000p+8,False,False,False,CHALLENGER,106,-3.535592918158375,-0x1.c48e4f09bace7p+1,-3.535592918158375,-0x1.c48e4f09bace7p+1,0.0011206751462561942,0.021248069158749865,0.052742446284570046,0.0012305483926827615,0.001245229218081271,-0.00010987324642656722,-0.00012455407182507673,-1.2316094892410674,0.0,-1.9640748953945364,-1.5715180227638386,False,86,-4.083777884597336,-0x1.055c9dea9e4fdp+2,-1.9640748953945364,-0x1.f6cd9cc29d394p+0,0.4809455731670372,-0.3919918598596458,-0x1.9166506994e22p-2,0.8208813011771171,0x1.a44a8dcce8441p-1,-2.0941284379503107,-0.1423939927387112,-0x1.239f762fad507p-3,-0.5181627190973594,-0x1.094c9fb90f26ep-1,3.638936651268518,-0.26435335400478976,-0x1.0eb2a54827680p-2,-0.6612310104433543,-0x1.528cdef9e9156p-1,2.501315002916035,0.20250004144717154,0x1.9eb8577ba24bep-3,0.03010984449290025,0x1.ed51d7589e249p-6,0.14869055965480057,-0.9999999947180478,-0x1.ffffffd2a0dd4p-1,-0.011505949652074566,-0x1.7906e6bb87d5ap-7,0.011505949712848443,-1.2316094892410674
H593-7bec97dabbf6cdb58e99fd1c,OUTCOME-0438,108,4342,/hkfs/work/workspace/scratch/ap7811-benchmark/dailymed/data/box_flat_20000_images/data/raw_images/otc/cvs-mucus-relief-dm-carton-image.jpg,124,431.195068359375,0x1.af31f00000000p+8,False,False,False,CHALLENGER,107,-3.4866343198010488,-0x1.be4a088c540f1p+1,-3.4866343198010488,-0x1.be4a088c540f1p+1,0.0019763593832826318,0.022569702607772888,0.0875669217990486,0.001938899668106754,0.0019128303381256318,3.7459715175877824e-05,6.352904515699999e-05,-1.2316094892410674,4.440892098500626e-16,-2.221909629192801,-1.2647246906082477,False,83,-4.619877493749401,-0x1.27ac12a6cb872p+2,-2.221909629192801,-0x1.1c6788e406790p+1,0.4809455731670372,-0.12975317430974206,-0x1.09bc0841b342bp-3,0.27171981223635455,0x1.163db7ecebeeep-2,-2.0941284379503107,-0.11271605472449137,-0x1.cdaf598c69d3cp-4,-0.4101665827233396,-0x1.a402b56ad5d58p-2,3.638936651268518,-0.017289990317299917,-0x1.1b4779bd805d9p-6,-0.04324771218093526,-0x1.624906ae34bd0p-5,2.501315002916035,0.9999999950770606,0x1.ffffffd5b6578p-1,0.14869055892280597,0x1.3084acfe6119ep-3,0.14869055965480057,-0.009671311351381667,-0x1.3ce8d6fb57d43p-7,-0.00011127762206629778,-0x1.d2bb6fd7e1d07p-14,0.011505949712848443,-1.2316094892410674
H593-7bec97dabbf6cdb58e99fd1c,OUTCOME-0438,109,4366,/hkfs/work/workspace/scratch/ap7811-benchmark/dailymed/data/box_flat_20000_images/data/raw_images/otc/cvshealth-mucus-extended-release-carton-image.jpg,97,434.2777099609375,0x1.b247180000000p+8,False,False,False,CHALLENGER,108,-3.2936073271900126,-0x1.a594ecc612d36p+1,-3.2936073271900126,-0x1.a594ecc612d36p+1,0.0018102297062942334,0.02501714824360359,0.07235955468094069,0.001798304266027828,0.0017233923275365576,1.192544026640545e-05,8.683737875767581e-05,-1.2316094892410674,0.0,-2.068952894241104,-1.2246544329489084,False,62,-4.301844137200399,-0x1.13516a1270f69p+2,-2.068952894241104,-0x1.08d372ccdd739p+1,0.4809455731670372,-0.1726435419474505,-0x1.6192eff43d3e5p-3,0.36153775082062345,0x1.7236f3c02d07cp-2,-2.0941284379503107,-0.06164226941731996,-0x1.f8f935665b03dp-5,-0.2243123134500541,-0x1.cb644112dd5acp-3,3.638936651268518,-0.1121952703112778,-0x1.cb8d448c0b8acp-4,-0.2806357128858191,-0x1.1f5ef7e3bca92p-2,2.501315002916035,0.9999999943692552,0x1.ffffffcfa1dc8p-1,0.148690558817562,0x1.3084acfac35d8p-3,0.14869055965480057,0.14555712754216202,0x1.2a19daf3f2405p-3,0.0016747729898467833,0x1.b7081ce0e3094p-10,0.011505949712848443,-1.2316094892410674
H593-7bec97dabbf6cdb58e99fd1c,OUTCOME-0438,110,4416,/hkfs/work/workspace/scratch/ap7811-benchmark/dailymed/data/box_flat_20000_images/data/raw_images/otc/dayny-1.jpg,59,438.384765625,0x1.b662800000000p+8,False,False,False,CHALLENGER,109,-4.04686345355769,-0x1.02ffcf921a1afp+2,-4.04686345355769,-0x1.02ffcf921a1afp+2,0.00024649490130470523,0.015560903215876852,0.015840655126831294,0.0002448649353422448,0.0003118982056288248,1.629965962460418e-06,-6.540330432411957e-05,-1.2316094892410674,0.0,-1.8651660432748882,-2.181697410282802,False,106,-3.8781229048283548,-0x1.f06654d30d9b6p+1,-1.8651660432748882,-0x1.dd7b859579b19p+0,0.4809455731670372,-0.824696149869338,-0x1.a63e92e1a6df3p-1,1.7270196601095122,0x1.ba1df5dfb82a0p+0,-2.0941284379503107,-0.29050754427927583,-0x1.297acf47aedc2p-2,-1.0571385503478687,-0x1.0ea0a1cd15bf0p+0,3.638936651268518,-0.7024919443958348,-0x1.67ad062dc4622p-1,-1.7571536399449588,-0x1.c1d4d2299c67bp+0,2.501315002916035,0.9999999940227469,0x1.ffffffcca7e1ap-1,0.14869055876603945,0x1.3084acf8fe2b1p-3,0.14869055965480057,-0.9999999923179254,-0x1.ffffffbe02f07p-1,-0.011505949624458878,-0x1.7906e6ac5945ap-7,0.011505949712848443,-1.2316094892410674
H593-7bec97dabbf6cdb58e99fd1c,OUTCOME-0438,111,4417,/hkfs/work/workspace/scratch/ap7811-benchmark/dailymed/data/box_flat_20000_images/data/raw_images/otc/daytime-01.jpg,83,435.8649597167969,0x1.b3dd6e0000000p+8,False,False,False,CHALLENGER,110,-3.3751281693963,-0x1.b0043329aec74p+1,-3.3751281693963,-0x1.b0043329aec74p+1,0.0016680008919488555,0.019564154977399745,0.08525800853017716,0.0015649102553993083,0.0016424653210635701,0.00010309063654954714,2.5535570885285366e-05,-1.2316094892410674,4.440892098500626e-16,-1.9901955907368398,-1.38493257865946,False,67,-4.138089010012834,-0x1.08d673497c4c0p+2,-1.9901955907368398,-0x1.fd7d754edbae4p+0,0.4809455731670372,-0.21203778186797304,-0x1.b240dd551d56fp-3,0.44403434892962707,0x1.c6b0f0bbd0485p-2,-2.0941284379503107,-0.18258133849391578,-0x1.75ed346d87bacp-3,-0.6644019244831736,-0x1.542c7d321c00ap-1,3.638936651268518,-0.030642751244158797,-0x1.f60d039d00017p-6,-0.0766471734176384,-0x1.39f262f28db61p-4,2.501315002916035,0.9999999962792303,0x1.ffffffe009f0ep-1,0.14869055910155723,0x1.3084ad048569fp-3,0.14869055965480057,-0.4344621411984134,-0x1.bce3a4bf3074ap-2,-0.004998899548765405,-0x1.479b9e13f3a6bp-8,0.011505949712848443,-1.2316094892410674
H593-7bec97dabbf6cdb58e99fd1c,OUTCOME-0438,112,4420,/hkfs/work/workspace/scratch/ap7811-benchmark/dailymed/data/box_flat_20000_images/data/raw_images/otc/daytime-24s-carton.jpg,113,432.33154296875,0x1.b054e00000000p+8,False,False,False,CHALLENGER,111,-4.469030392296933,-0x1.1e04980cefb44p+2,-4.469030392296933,-0x1.1e04980cefb44p+2,0.00030512913394175023,0.012346936473236515,0.024712942729004452,0.0003015899981680876,0.00038522961947177033,3.5391357736626523e-06,-8.01004855300201e-05,-1.2316094892410674,0.0,-2.1655192121175904,-2.3035111801793424,False,115,-4.502628432272697,-0x1.202b1071a9a9cp+2,-2.1655192121175904,-0x1.152fbbc973ce7p+1,0.4809455731670372,-0.7874283793756857,-0x1.9329d002b8c17p-1,1.6489761620997492,0x1.a6234d401a1ddp+0,-2.0941284379503107,-0.392538403534557,-0x1.91f596566b7e1p-2,-1.4284223836523309,-0x1.6dad16dea93f9p+0,3.638936651268518,-0.5715553926081518,-0x1.24a2e88e357acp-1,-1.4296400785283347,-0x1.6dfce466547f7p+0,2.501315002916035,0.9999999940901871,0x1.ffffffcd3c2f2p-1,0.14869055877606718,0x1.3084acf9565f8p-3,0.14869055965480057,-0.9999999930972764,-0x1.ffffffc4b4c01p-1,-0.011505949633426053,-0x1.7906e6b1474a2p-7,0.011505949712848443,-1.2316094892410674
H593-7bec97dabbf6cdb58e99fd1c,OUTCOME-0438,113,4423,/hkfs/work/workspace/scratch/ap7811-benchmark/dailymed/data/box_flat_20000_images/data/raw_images/otc/daytime-cold-flu-48s-ifc.jpg,84,435.72210693359375,0x1.b3b8dc0000000p+8,False,False,False,CHALLENGER,112,-3.4129603761017226,-0x1.b4dbe2b6f34c1p+1,-3.4129603761017226,-0x1.b4dbe2b6f34c1p+1,0.0014854153338375758,0.019783574108162796,0.07508326481940826,0.0014538395486138496,0.001513775414492743,3.157578522372615e-05,-2.8360080655167284e-05,-1.2316094892410674,0.0,-1.9972837631946558,-1.4156766129070668,False,77,-4.152827002944425,-0x1.09c7eae8e5e36p+2,-1.9972837631946558,-0x1.ff4dfd1bc0bb2p+0,0.4809455731670372,-0.26666476716385457,-0x1.11109197db59ep-2,0.5584302723172261,0x1.1dea929965d10p-1,-2.0941284379503107,-0.17718532795700379,-0x1.6ae02427403cbp-3,-0.6447661839697735,-0x1.4a1ecb136f0d1p-1,3.638936651268518,-0.09391692811631326,-0x1.80af096cce3a1p-4,-0.23491582132512115,-0x1.e11b8bcf3c28dp-3,2.501315002916035,0.9999999949302079,0x1.ffffffd47368cp-1,0.14869055890097035,0x1.3084acfda1087p-3,0.14869055965480057,-0.9999999892623153,-0x1.ffffffa3c394ep-1,-0.011505949589301182,-0x1.7906e69905442p-7,0.011505949712848443,-1.2316094892410674
H593-7bec97dabbf6cdb58e99fd1c,OUTCOME-0438,114,4431,/hkfs/work/workspace/scratch/ap7811-benchmark/dailymed/data/box_flat_20000_images/data/raw_images/otc/daytime-severe-24s.jpg,66,437.4342956542969,0x1.b56f2e0000000p+8,False,False,False,CHALLENGER,113,-3.3953041627939493,-0x1.b29953a9961a2p+1,-3.3953041627939493,-0x1.b29953a9961a2p+1,0.0010146404842575876,0.021534618004680484,0.047116716165434586,0.001022718462161542,0.001006032897786499,-8.077977903954425e-06,8.607586471088592e-06,-1.2316094892410674,-4.440892098500626e-16,-1.9123271479958184,-1.482977014798131,False,69,-3.9761820353249164,-0x1.fcf3886e54e4dp+1,-1.9123271479958184,-0x1.e98e459fe51e3p+0,0.4809455731670372,-0.43321673845586645,-0x1.bb9d2b2efdad7p-2,0.9072114917965118,0x1.d07e064fa48d5p-1,-2.0941284379503107,-0.13582575711126404,-0x1.162bd085fa822p-3,-0.49426132573847426,-0x1.fa1fa416e5bc0p-2,3.638936651268518,-0.3159841161404726,-0x1.4391571383e30p-2,-0.790375810385327,-0x1.94ac23624f179p-1,2.501315002916035,0.907015507966842,0x1.d064562f5d656p-1,0.13486464349517296,0x1.1433ea099675ep-3,0.14869055965480057,-0.7653887723073188,-0x1.87e1098392305p-1,-0.008806524724946817,-0x1.20927bd7b01c6p-7,0.011505949712848443,-1.2316094892410674
H593-7bec97dabbf6cdb58e99fd1c,OUTCOME-0438,115,4446,/hkfs/work/workspace/scratch/ap7811-benchmark/dailymed/data/box_flat_20000_images/data/raw_images/otc/dollar-general-44-617-sppc-1.jpg,93,434.7436828613281,0x1.b2be620000000p+8,False,False,False,CHALLENGER,114,-3.5945421305022798,-0x1.cc19f4df4cfc8p+1,-3.5945421305022798,-0x1.cc19f4df4cfc8p+1,0.0010142192346917593,0.022821233833775503,0.044441910638096674,0.0011202511503697313,0.0013479082001613455,-0.00010603191567797195,-0.0003336889654695862,-1.2316094892410674,0.0,-2.0458319146943427,-1.548710215807937,False,90,-4.253770132912326,-0x1.103dc51563d74p+2,-2.0458319146943427,-0x1.05ddd1f75cd57p+1,0.4809455731670372,-0.4333853849322516,-0x1.bbc960db64c0dp-2,0.9075646591786701,0x1.d0ac50a45b054p-1,-2.0941284379503107,-0.10724159718266245,-0x1.b742f70ab9b77p-4,-0.390245378528565,-0x1.8f9c7c08c803ep-2,3.638936651268518,-0.3420407978076938,-0x1.5e3ff161ed5b4p-2,-0.8555517791657545,-0x1.b60ae1ff1a622p-1,2.501315002916035,0.21950096703195934,0x1.c189b916bdb9dp-3,0.03263772163275196,0x1.0b5e4360ea777p-5,0.14869055965480057,-0.9999999974903304,-0x1.ffffffea712dap-1,-0.01150594968397231,-0x1.7906e6cd110b0p-7,0.011505949712848443,-1.2316094892410674
H593-7bec97dabbf6cdb58e99fd1c,OUTCOME-0438,116,4495,/hkfs/work/workspace/scratch/ap7811-benchmark/dailymed/data/box_flat_20000_images/data/raw_images/otc/guaifedextro-fig3.jpg,89,435.08416748046875,0x1.b3158c0000000p+8,False,False,False,CHALLENGER,115,-3.3278396512004087,-0x1.a9f6a6521e705p+1,-3.3278396512004087,-0x1.a9f6a6521e705p+1,0.0020019659442973756,0.021525242048553186,0.09300550208827674,0.0018820556596417719,0.002053614621126286,0.00011991028465560376,-5.164867682891025e-05,-1.2316094892410674,4.440892098500626e-16,-2.028937503219903,-1.2989021479805056,False,65,-4.218642641534894,-0x1.0dfe3db4b9d1ap+2,-2.028937503219903,-0x1.03b4395efa8b6p+1,0.4809455731670372,-0.12341973175425144,-0x1.f986f7f90cb56p-4,0.25845677007077694,0x1.08a8e43b88fd4p-2,-2.0941284379503107,-0.13603947611408548,-0x1.169bdd66fff07p-3,-0.4950390356509138,-0x1.faeb835174ca4p-2,3.638936651268518,0.012835247573034543,0x1.a495dc47f7b37p-7,0.032104997320572926,0x1.07010f30f5fe0p-5,2.501315002916035,0.9999999964983695,0x1.ffffffe1ebd54p-1,0.14869055913414117,0x1.3084ad05a4067p-3,0.14869055965480057,-0.999999991410303,-0x1.ffffffb6370e8p-1,-0.011505949614015822,-0x1.7906e6a69b8aep-7,0.011505949712848443,-1.2316094892410674
H593-7bec97dabbf6cdb58e99fd1c,OUTCOME-0438,117,4496,/hkfs/work/workspace/scratch/ap7811-benchmark/dailymed/data/box_flat_20000_images/data/raw_images/otc/guaifenesin-1200mg-14s.jpg,127,430.9978332519531,0x1.aeff720000000p+8,False,False,False,CHALLENGER,116,-3.7801765753171477,-0x1.e3dcd3760bd4cp+1,-3.7801765753171477,-0x1.e3dcd3760bd4cp+1,0.0009911708044678745,0.02042767065541578,0.04852099004274359,0.0010206443520306345,0.0009483965744042184,-2.947354756276002e-05,4.277423006365604e-05,-1.2316094892410674,-4.440892098500626e-16,-2.2316961830477178,-1.54848039226943,False,101,-4.640226062071742,-0x1.28f976bba947ap+2,-2.2316961830477178,-0x1.1da8387466242p+1,0.4809455731670372,-0.44267366688829185,-0x1.c54c3ee857aa9p-2,0.9270155145625147,0x1.daa1c70bdc794p-1,-2.0941284379503107,-0.1616262213934762,-0x1.4b02b0387d006p-3,-0.5881475808347604,-0x1.2d21ae01d049bp-1,3.638936651268518,-0.3027053055626304,-0x1.35f8612ede65ap-2,-0.7571613222660901,-0x1.83aaa619dba27p-1,2.501315002916035,0.6979310531661294,0x1.655738106c37cp-1,0.10377575889573615,0x1.a910c529323fcp-4,0.14869055965480057,-0.20452665312231286,-0x1.a2dedeb290bb7p-3,-0.0023532733857625286,-0x1.3472c075f6a0fp-9,0.011505949712848443,-1.2316094892410674
H593-7bec97dabbf6cdb58e99fd1c,OUTCOME-0438,118,4550,/hkfs/work/workspace/scratch/ap7811-benchmark/dailymed/data/box_flat_20000_images/data/raw_images/otc/ldsp-01.jpg,75,436.3241882324219,0x1.b452fe0000000p+8,False,False,False,CHALLENGER,117,-3.053945320476455,-0x1.86e7ae259bfb8p+1,-3.053945320476455,-0x1.86e7ae259bfb8p+1,0.0018789765604051547,0.031073418242577616,0.06046893668848223,0.0017893913228469232,0.0017757139229237452,8.958523755823143e-05,0.00010326263748140947,-1.2316094892410674,0.0,-1.9674092589391015,-1.0865360615373534,False,45,-4.090710817824288,-0x1.05ce34befcb80p+2,-1.9674092589391015,-0x1.f7a82218fdb49p+0,0.4809455731670372,-0.15450601760647603,-0x1.3c6da6a53d786p-3,0.32355544530417285,0x1.4b521e6018b7fp-2,-2.0941284379503107,0.04664121893148865,0x1.7e15b9be9a2c0p-5,0.1697244410296331,0x1.5b987cdc6ee8bp-3,3.638936651268518,-0.1997080705188723,-0x1.99008b7d01ad0p-3,-0.49953279299226877,-0x1.ff858644b9af3p-2,2.501315002916035,0.9999999960823674,0x1.ffffffde5908fp-1,0.1486905590722856,0x1.3084ad0383f01p-3,0.14869055965480057,0.22907933335982944,0x1.d5278ba7c274cp-3,0.0026357752898910425,0x1.5979f156e1352p-9,0.011505949712848443,-1.2316094892410674
H593-7bec97dabbf6cdb58e99fd1c,OUTCOME-0438,119,4552,/hkfs/work/workspace/scratch/ap7811-benchmark/dailymed/data/box_flat_20000_images/data/raw_images/otc/leader-44-030-1.jpg,48,440.0137023925781,0x1.b803820000000p+8,False,False,False,CHALLENGER,118,-3.0653991177139037,-0x1.885eff8fe25d4p+1,-3.0653991177139037,-0x1.885eff8fe25d4p+1,0.0022001513242146144,0.021155560624410517,0.10399872465095308,0.0020703602058583024,0.002171145467520851,0.00012979111835631192,2.9005856693763588e-05,-1.2316094892410674,0.0,-1.7843402835481554,-1.2810588341657483,False,46,-3.710066966202091,-0x1.dae3796ee769ep+1,-1.7843402835481554,-0x1.c8ca865ac6526p+0,0.4809455731670372,-0.07670299035377325,-0x1.3a2cea31329ffp-4,0.16062591337566492,0x1.48f63d26b5791p-3,-2.0941284379503107,-0.14453071265928644,-0x1.27ffb7e11d195p-3,-0.5259381075298362,-0x1.0d47c2771f1e4p-1,3.638936651268518,0.06858808554639789,0x1.18efd205128d4p-4,0.1715604073984935,0x1.5f5b1018850cep-3,2.501315002916035,0.9999999966154709,0x1.ffffffe2ed578p-1,0.14869055915155305,0x1.3084ad063d2e8p-3,0.14869055965480057,-0.38137810698547764,-0x1.8687fb83a6ed9p-2,-0.004388117320556239,-0x1.1f946461ff319p-8,0.011505949712848443,-1.2316094892410674
H593-7bec97dabbf6cdb58e99fd1c,OUTCOME-0438,120,4580,/hkfs/work/workspace/scratch/ap7811-benchmark/dailymed/data/box_flat_20000_images/data/raw_images/otc/major-44-689-1.jpg,90,434.8938903808594,0x1.b2e4d60000000p+8,False,False,False,CHALLENGER,119,-2.5321500862479045,-0x1.441d7e787fc94p+1,-2.5321500862479045,-0x1.441d7e787fc94p+1,0.007166971336795848,0.05044891288034731,0.14206394008517448,0.006547148771543647,0.00705048703833737,0.0006198225652522009,0.00011648429845847758,-1.2316094892410674,0.0,-2.038378809623339,-0.49377127662456566,False,20,-4.238273358460438,-0x1.0f3fdee6861f6p+2,-2.038378809623339,-0x1.04e998ca18880p+1,0.4809455731670372,0.472764466437455,0x1.e41c5e483d317p-2,-0.9900295136190798,-0x1.fae525fe23312p-1,-2.0941284379503107,0.28119510483517285,0x1.1ff19c0c3fdb0p-2,1.0232511731420038,0x1.05f3c9f43d10fp+0,3.638936651268518,0.22094105664408897,0x1.c47cbea50a556p-3,0.5526431797439812,0x1.1af40bfeb7380p-1,2.501315002916035,0.999999998726915,0x1.fffffff51074ep-1,0.14869055946550486,0x1.3084ad1106bb2p-3,0.14869055965480057,0.2853144647786805,0x1.2429799d33618p-2,0.0032828138840917663,0x1.ae48f48ac44bdp-9,0.011505949712848443,-1.2316094892410674
H593-7bec97dabbf6cdb58e99fd1c,OUTCOME-0438,121,4591,/hkfs/work/workspace/scratch/ap7811-benchmark/dailymed/data/box_flat_20000_images/data/raw_images/otc/meijer-44-527c-hc-1.jpg,63,437.7585144042969,0x1.b5c22e0000000p+8,False,False,False,CHALLENGER,120,-2.914268798464521,-0x1.7506c28e94444p+1,-2.914268798464521,-0x1.7506c28e94444p+1,0.0031079159794638765,0.030430904954599002,0.10213025160114994,0.0031103058995907737,0.003531292632050679,-2.3899201268971944e-06,-0.00042337665258680235,-1.2316094892410674,-4.440892098500626e-16,-1.896239828151376,-1.018028970313145,False,33,-3.942732679011047,-0x1.f8ab76e49c886p+1,-1.896239828151376,-0x1.e56ff92f4866ep+0,0.4809455731670372,0.0955666403780067,0x1.8770e2b031b13p-4,-0.20012881933495427,-0x1.99dd23703eeabp-3,-2.0941284379503107,0.03621222693569389,0x1.28a68b4ceeadbp-5,0.13177399982034954,0x1.0ddf86dd88370p-3,3.638936651268518,0.05956053345694523,0x1.e7eb7dea8e7d0p-5,0.14897965591753956,0x1.311c3eef7b37fp-3,2.501315002916035,0.9715588706481912,0x1.f1702a0f2535cp-1,0.14446163221426556,0x1.27db800f18ae0p-3,0.14869055965480057,-0.9999999979514348,-0x1.ffffffee67285p-1,-0.011505949689277754,-0x1.7906e6cffbb7cp-7,0.011505949712848443,-1.2316094892410674
H593-7bec97dabbf6cdb58e99fd1c,OUTCOME-0438,122,4592,/hkfs/work/workspace/scratch/ap7811-benchmark/dailymed/data/box_flat_20000_images/data/raw_images/otc/meijer-44-533-delisted-1.jpg,109,432.77374267578125,0x1.b0c6140000000p+8,False,False,False,CHALLENGER,121,-3.761172032019706,-0x1.e16e15cc13c6cp+1,-3.761172032019706,-0x1.e16e15cc13c6cp+1,0.0009875886755445612,0.016668620606815357,0.05924837446601685,0.0009734366862202905,0.0009144127324402961,1.4151989324270734e-05,7.317594310426512e-05,-1.2316094892410674,0.0,-2.1435778280300553,-1.617594203989651,False,100,-4.457007086923679,-0x1.1d3f9aa71827dp+2,-2.1435778280300553,-0x1.1260c21de8ef3p+1,0.4809455731670372,-0.4441280471826059,-0x1.c6c980b78ae48p-2,0.9300611736964324,0x1.dc30fa689c716p-1,-2.0941284379503107,-0.258721134136527,-0x1.08ee31679a05cp-2,-0.9414698174671665,-0x1.e20854f862988p-1,3.638936651268518,-0.20947692455908956,-0x1.ad023ce1fbccap-3,-0.5239677741643611,-0x1.0c45810c633fap-1,2.501315002916035,0.9999999944389746,0x1.ffffffd03b2d0p-1,0.1486905588279286,0x1.3084acfb1e8d0p-3,0.14869055965480057,0.060937547623744065,0x1.f3334cc48ebb4p-5,0.0007011443585831064,0x1.6f9a00b817e6dp-11,0.011505949712848443,-1.2316094892410674
H593-7bec97dabbf6cdb58e99fd1c,OUTCOME-0438,123,4593,/hkfs/work/workspace/scratch/ap7811-benchmark/dailymed/data/box_flat_20000_images/data/raw_images/otc/meijer-44-533-reserved-79481-5330-1.jpg,121,431.5118408203125,0x1.af83080000000p+8,False,False,False,CHALLENGER,122,-3.6614726066013246,-0x1.d4ab226646ba6p+1,-3.6614726066013246,-0x1.d4ab226646ba6p+1,0.0013781306819994307,0.018462048150347306,0.07464668441857061,0.001256459385846575,0.0012134920925023814,0.00012167129615285556,0.0001646385894970492,-1.2316094892410674,0.0,-2.2061917846911716,-1.455280821910153,False,93,-4.587196364368945,-0x1.2594a00f52dcbp+2,-2.2061917846911716,-0x1.1a647e0df9ea1p+1,0.4809455731670372,-0.30112198950574687,-0x1.345952a422720p-2,0.6305881215161595,0x1.42dc723e50e2ap-1,-2.0941284379503107,-0.2104505185676514,-0x1.af00ae7564f94p-3,-0.7658161052942924,-0x1.88190c6dfa688p-1,3.638936651268518,-0.09680620395575752,-0x1.8c84a980a35ddp-4,-0.2421428103298859,-0x1.efe891daa08b7p-3,2.501315002916035,0.9999999965198296,0x1.ffffffe21b064p-1,0.1486905591373321,0x1.3084ad05c017cp-3,0.14869055965480057,0.4353314960179303,0x1.bdc78a294357ep-2,0.005008902301601389,0x1.48436f930133cp-8,0.011505949712848443,-1.2316094892410674
H593-7bec97dabbf6cdb58e99fd1c,OUTCOME-0438,124,4643,/hkfs/work/workspace/scratch/ap7811-benchmark/dailymed/data/box_flat_20000_images/data/raw_images/otc/quality-choice-44-689-delisted-1.jpg,128,430.7226257324219,0x1.aeb8fe0000000p+8,False,False,False,CHALLENGER,123,-3.2735364710464245,-0x1.a3033e3ab42dbp+1,-3.2735364710464245,-0x1.a3033e3ab42dbp+1,0.003263531843823725,0.03258687128183796,0.10014867078210817,0.0033085759204974363,0.0035886459943027887,-4.504407667371138e-05,-0.0003251141504790637,-1.2316094892410674,0.0,-2.2453516282997117,-1.0281848427467128,False,60,-4.668618973897653,-0x1.2acaa73c98082p+2,-2.2453516282997117,-0x1.1f67aea1c8a77p+1,0.4809455731670372,0.11971116166635236,0x1.ea5640452ba1bp-4,-0.25069054798557555,-0x1.00b505e40eb5ep-2,-2.0941284379503107,0.07033712108255312,0x1.2019d12be8e3bp-4,0.2559523278520141,0x1.06185df5d67f7p-2,3.638936651268518,0.04979330714418611,0x1.97e82237ce8a7p-5,0.1245487462045589,0x1.fe26d37b4d59fp-4,2.501315002916035,0.5724645216502575,0x1.251a11dd375e2p-1,0.08512007010669449,0x1.5ca6dcd576b3dp-4,0.14869055965480057,-0.9999999974351347,-0x1.ffffffe9f7cd3p-1,-0.011505949683337232,-0x1.7906e6ccb7a9ep-7,0.011505949712848443,-1.2316094892410674
H593-7bec97dabbf6cdb58e99fd1c,OUTCOME-0438,125,4662,/hkfs/work/workspace/scratch/ap7811-benchmark/dailymed/data/box_flat_20000_images/data/raw_images/otc/robitussin-01.jpg,54,438.59954833984375,0x1.b6997c0000000p+8,False,False,False,CHALLENGER,124,-3.7444765683893158,-0x1.df4b0218ef69ep+1,-3.7444765683893158,-0x1.df4b0218ef69ep+1,0.00040835898903632766,0.017842515469287612,0.02288685077724817,0.00041373913656486314,0.00033032635100422523,-5.380147528535482e-06,7.803263803210243e-05,-1.2316094892410674,-4.440892098500626e-16,-1.8545087995752283,-1.8899677688140875,False,98,-3.855963965658831,-0x1.ed903a2b87922p+1,-1.8545087995752283,-0x1.dac116b451e00p+0,0.4809455731670372,-0.7253867235067144,-0x1.7365e37cd3ef0p-1,1.5190529662070098,0x1.84e0a7bac03b0p+0,-2.0941284379503107,-0.22670123457827868,-0x1.d048bca3cfefap-3,-0.8249514313947202,-0x1.a66008b541e66p-1,3.638936651268518,-0.5968321957039624,-0x1.3193fd537f2d0p-1,-1.4928653253376403,-0x1.7e2c6c05a8563p+0,2.501315002916035,0.9370930936292003,0x1.dfcaaa7ce3c78p-1,0.13933689654037423,0x1.1d5ca9ae22e76p-3,0.14869055965480057,0.0928749419757575,0x1.7c6a6f6675ddfp-4,0.001068614411956783,0x1.18217fce38d3dp-10,0.011505949712848443,-1.2316094892410674
H593-7bec97dabbf6cdb58e99fd1c,OUTCOME-0438,126,4673,/hkfs/work/workspace/scratch/ap7811-benchmark/dailymed/data/box_flat_20000_images/data/raw_images/otc/selectcorp-01.jpg,29,445.0855712890625,0x1.bd15e80000000p+8,False,False,False,CHALLENGER,125,-2.8540731247146534,-0x1.6d5244a5855f2p+1,-2.8540731247146534,-0x1.6d5244a5855f2p+1,0.0009884289520987657,0.026717228209134497,0.03699593926292198,0.0009741605968679644,0.001275239857296705,1.426835523080127e-05,-0.00028681090519793936,-1.2316094892410674,-4.440892098500626e-16,-1.532680633553132,-1.3213924911615214,False,28,-3.186806821945353,-0x1.97e949337665fp+1,-1.532680633553132,-0x1.885dc20c52c15p+0,0.4809455731670372,-0.44378662327849894,-0x1.c670002588a0ap-2,0.9293461881894459,0x1.dbd34379df327p-1,-2.0941284379503107,-0.028838979817114214,-0x1.d87f72ca87535p-6,-0.10494322064168997,-0x1.add8f1497ccebp-4,3.638936651268518,-0.42032713888129336,-0x1.ae6a3ccc7732ep-2,-1.0513705786165508,-0x1.0d269f4b227a9p+0,2.501315002916035,0.9999999944425709,0x1.ffffffd043159p-1,0.14869055882846333,0x1.3084acfb23412p-3,0.14869055965480057,-0.9999999971557034,-0x1.ffffffe791536p-1,-0.01150594968012211,-0x1.7906e6caf32cep-7,0.011505949712848443,-1.2316094892410674
H593-7bec97dabbf6cdb58e99fd1c,OUTCOME-0438,127,4750,/hkfs/work/workspace/scratch/ap7811-benchmark/dailymed/data/box_flat_20000_images/data/raw_images/otc/walgreens-44-005-1.jpg,31,444.7098388671875,0x1.bcb5b80000000p+8,False,False,False,CHALLENGER,126,-3.723291693632119,-0x1.dc94d27ccf27dp+1,-3.723291693632119,-0x1.dc94d27ccf27dp+1,0.000479826142053817,0.009884600177755255,0.0485427972224551,0.0004524326078974949,0.0005305470843979076,2.7393534156322107e-05,-5.072094234409065e-05,-1.2316094892410674,-4.440892098500626e-16,-1.5513239959330998,-2.171967697699019,False,97,-3.2255707973723453,-0x1.9cdf80fed2cc8p+1,-1.5513239959330998,-0x1.8d2391c4085f1p+0,0.4809455731670372,-0.6848984164793789,-0x1.5eab0157b8e4bp-1,1.434265251056603,0x1.6f2c01eb13cc8p+0,-2.0941284379503107,-0.4823269605766669,-0x1.ede71e669f9b4p-2,-1.7551572547373788,-0x1.c151fc606f26ap+0,3.638936651268518,-0.3025012096303305,-0x1.35c2e089736a3p-2,-0.7566508140485942,-0x1.8367bc49a935fp-1,2.501315002916035,0.9999999948203837,0x1.ffffffd381e74p-1,0.14869055888464053,0x1.3084acfd1164fp-3,0.14869055965480057,-0.9999999913413022,-0x1.ffffffb59f528p-1,-0.011505949613221902,-0x1.7906e6a62bceep-7,0.011505949712848443,-1.2316094892410674
