query_id,display_id,candidate_position,reference_physical_row,reference_image_path,raw_rank,raw_score,raw_score_hex,is_target,is_raw_winner,is_selected,action_kind,challenger_index,head_logit,head_logit_hex,policy_score,policy_score_hex,local_score_S,visibility_mass_M,normalized_similarity_L,query_control_score,reference_control_score,query_robustness_Q,reference_robustness_R,bias_contribution,fp64_sum_residual,plot_raw_component,plot_other_component,plot_is_hold_anchor,policy_rank,feature_RAW,feature_RAW_hex,contribution_RAW,contribution_RAW_hex,weight_RAW,feature_S,feature_S_hex,contribution_S,contribution_S_hex,weight_S,feature_M,feature_M_hex,contribution_M,contribution_M_hex,weight_M,feature_L,feature_L_hex,contribution_L,contribution_L_hex,weight_L,feature_Q,feature_Q_hex,contribution_Q,contribution_Q_hex,weight_Q,feature_R,feature_R_hex,contribution_R,contribution_R_hex,weight_R,head_bias
H593-2f5a93c328b7e7c9e25412f0,DIFFICULT-0013,0,525,/hkfs/work/workspace/scratch/ap7811-benchmark/dailymed/data/box_flat_20000_images/data/raw_images/homeopathic/10-outer.jpg,98,363.4949951171875,0x1.6b7eb80000000p+8,False,False,False,CHALLENGER,0,-1.6440107177305332,-0x1.a4dde2eaed16bp+0,-1.6440107177305332,-0x1.a4dde2eaed16bp+0,0.0028645770103667787,0.03278018713001905,0.08738745142011377,0.003017906141289706,0.003304541043646548,-0.00015332913092292724,-0.0004399640332797693,-1.3277225685903369,0.0,-1.36842831576307,-0.2755824019674633,False,40,-2.8709633395769703,-0x1.6f7bba09bfbf7p+1,-1.36842831576307,-0x1.5e51516f1f6c5p+0,0.4766443015481711,0.679397534106965,0x1.5bd9fe5bf1e63p-1,-0.9025194593361779,-0x1.ce1707d3b4791p-1,-1.3284114440045707,0.3931830966005413,0x1.929e96f4f513ep-2,1.4675509829898625,0x1.77b16bd52773ep+0,3.7324874738469167,0.3905378999021237,0x1.8fe92acfb66b1p-2,0.699182524660103,0x1.65fb407ab3205p-1,1.7903064589514401,-0.9999999939237276,-0x1.ffffffcbce22cp-1,-0.23278188061576408,-0x1.dcbcbf22c4c73p-3,0.2327818820302102,-0.6441900343994262,-0x1.49d346b44f2e6p-1,0.020707998924850125,0x1.5347a489761eap-6,-0.03214579210955358,-1.3277225685903369
H593-2f5a93c328b7e7c9e25412f0,DIFFICULT-0013,1,531,/hkfs/work/workspace/scratch/ap7811-benchmark/dailymed/data/box_flat_20000_images/data/raw_images/homeopathic/10outer_updated.jpg,71,370.82037353515625,0x1.72d2040000000p+8,False,False,False,CHALLENGER,1,-1.1905217043485448,-0x1.30c607c95aed2p+0,-1.1905217043485448,-0x1.30c607c95aed2p+0,0.006161054008451086,0.03604873585931372,0.17090901696236005,0.00621842770247908,0.007180137798117444,-5.737369402799338e-05,-0.001019083789666358,-1.3277225685903369,0.0,-1.294289443099157,0.10376773875061218,False,26,-2.7154199450097742,-0x1.5b92e1795c8e8p+1,-1.294289443099157,-0x1.4b568d8dab3f2p+0,0.4766443015481711,0.836951598000946,0x1.ac84eb7b7f7d3p-1,-1.1118160808623696,-0x1.1c9ffa8a78845p+0,-1.3284114440045707,0.43259393807721097,0x1.baf9e7c1f537bp-2,1.6146514551352986,0x1.9d59cc3a3eb30p+0,3.7324874738469167,0.6338492320403203,0x1.4487e2f46a70bp-1,1.1347843741231955,0x1.22813a8edef6dp+0,1.7903064589514401,-0.9999999854268081,-0x1.ffffff82d1365p-1,-0.23278187863783517,-0x1.dcbcbedecebb4p-3,0.2327818820302102,-0.8291112408064999,-0x1.a88144c005115p-1,0.026652437582659762,0x1.b4ac6cf1ad57ap-6,-0.03214579210955358,-1.3277225685903369
H593-2f5a93c328b7e7c9e25412f0,DIFFICULT-0013,2,551,/hkfs/work/workspace/scratch/ap7811-benchmark/dailymed/data/box_flat_20000_images/data/raw_images/homeopathic/185050-30U-BOX.jpg,124,360.28106689453125,0x1.6847f40000000p+8,False,False,False,CHALLENGER,2,-2.873976104794152,-0x1.6fde72f1c9c5ep+1,-2.873976104794152,-0x1.6fde72f1c9c5ep+1,0.0003731355474640495,0.015623999764787051,0.023882203858259926,0.00036940893109512835,0.00035670629031802725,3.7266163689211374e-06,1.6429257146022237e-05,-1.3277225685903369,4.440892098500626e-16,-1.4009559207078173,-1.4730201840863346,False,107,-2.9392062721770156,-0x1.7837e93f9963cp+1,-1.4009559207078173,-0x1.66a50c1693e08p+0,0.4766443015481711,-0.18882927674369188,-0x1.82b8ec8121c58p-3,0.2508429721894264,0x1.00dcfae7f0aa2p-2,-1.3284114440045707,0.045021144363057285,0x1.70d02ed55ed43p-5,0.16804085739336505,0x1.5825ce172ba0cp-3,3.7324874738469167,-0.23187914478544203,-0x1.dae373fbd2c90p-3,-0.41513473060551304,-0x1.a919142d89acfp-2,1.7903064589514401,-0.5021908132716905,-0x1.011f277eb504fp-1,-0.11690092265166596,-0x1.ded3807a93fe0p-4,0.2327818820302102,0.99999999104259,0x1.ffffffb30e727p-1,-0.03214579182161054,-0x1.07569c927dad9p-5,-0.03214579210955358,-1.3277225685903369
H593-2f5a93c328b7e7c9e25412f0,DIFFICULT-0013,3,582,/hkfs/work/workspace/scratch/ap7811-benchmark/dailymed/data/box_flat_20000_images/data/raw_images/homeopathic/30000_DT_gas colic_box.jpg,108,361.8223876953125,0x1.69d2880000000p+8,False,False,False,CHALLENGER,3,-2.486585602192427,-0x1.3e486fe00f7afp+1,-2.486585602192427,-0x1.3e486fe00f7afp+1,0.0008756522909719702,0.02040323528976898,0.04291732553861487,0.0008885320796874706,0.001008688114721568,-1.2879788715500391e-05,-0.0001330358237495977,-1.3277225685903369,0.0,-1.385356482690655,-1.1012291195017718,False,79,-2.9064786428599456,-0x1.74077dfecd8f2p+1,-1.385356482690655,-0x1.62a6b8f2753c7p+0,0.4766443015481711,0.23113745477636424,0x1.d95e9809294b7p-3,-0.30704564006301116,-0x1.3a6a2c19ccd22p-2,-1.3284114440045707,0.17662248012648515,0x1.69b90bff0da5bp-3,0.6592411946718818,0x1.51880fd69559fp-1,3.7324874738469167,0.05683521983025542,0x1.d198184dd2451p-5,0.10175246115803126,0x1.a0c7304f614c7p-4,1.7903064589514401,-0.9999999585496383,-0x1.fffffe9bf1b0dp-1,-0.23278187238131698,-0x1.dcbcbe07d5d0cp-3,0.2327818820302102,-0.16572326744428878,-0x1.5366b86ee0380p-3,0.005327305702980056,0x1.5d215bc524db3p-8,-0.03214579210955358,-1.3277225685903369
H593-2f5a93c328b7e7c9e25412f0,DIFFICULT-0013,4,647,/hkfs/work/workspace/scratch/ap7811-benchmark/dailymed/data/box_flat_20000_images/data/raw_images/homeopathic/5USLIV-Guna-Liver-rev3-100718.jpg,122,360.61248779296875,0x1.689ccc0000000p+8,False,False,False,CHALLENGER,4,-3.338328722603194,-0x1.ab4e5b0770680p+1,-3.338328722603194,-0x1.ab4e5b0770680p+1,0.00023510881083398108,0.011969595207320912,0.019642168908952116,0.00023575599429804243,0.0003043761457487265,-6.471834640613486e-07,-6.92673349147454e-05,-1.3277225685903369,4.440892098500626e-16,-1.3976016678098173,-1.9407270547933766,False,123,-2.9321690478000426,-0x1.775150bb5283bp+1,-1.3976016678098173,-0x1.65c9391014065p+0,0.4766443015481711,-0.39867247397050937,-0x1.983d98d61332fp-2,0.5296010768320389,0x1.0f27df51d7090p-1,-1.3284114440045707,-0.08793988927933002,-0x1.6833a8477f516p-4,-0.3282345351865841,-0x1.501cb6c82d330p-2,3.7324874738469167,-0.322022438541517,-0x1.49c0400874b8ap-2,-0.5765188516481711,-0x1.272d7a9ab6763p-1,1.7903064589514401,-0.9999999159143566,-0x1.fffffd2db5b6fp-1,-0.23278186245659585,-0x1.dcbcbcb2d30b9p-3,0.2327818820302102,0.15772869203061682,0x1.430742af4c80dp-3,-0.005070313743728009,-0x1.4c49bfb5b38f7p-8,-0.03214579210955358,-1.3277225685903369
H593-2f5a93c328b7e7c9e25412f0,DIFFICULT-0013,5,670,/hkfs/work/workspace/scratch/ap7811-benchmark/dailymed/data/box_flat_20000_images/data/raw_images/homeopathic/5USSP1.jpg,76,368.83868408203125,0x1.70d6b40000000p+8,False,False,False,CHALLENGER,5,-3.13140037731673,-0x1.90d1ba41a0f30p+1,-3.13140037731673,-0x1.90d1ba41a0f30p+1,0.00022589743256577267,0.013559486868741899,0.01665973312651855,0.00022735079927912734,0.0002869210602586526,-1.4533667133546707e-06,-6.1023627692879934e-05,-1.3277225685903369,4.440892098500626e-16,-1.3143457751603467,-1.8170546021563834,False,121,-2.7574981404188987,-0x1.60f5b2f5f0a36p+1,-1.3143457751603467,-0x1.5078f6f7f30fbp+0,0.4766443015481711,-0.415344911073335,-0x1.a9502d267ae1dp-2,0.551748933078879,0x1.1a7ed60e5a758p-1,-1.3284114440045707,-0.025803540731763174,-0x1.a6c3e4e417603p-6,-0.09631139256220475,-0x1.8a7dd0949716ep-4,3.7324874738469167,-0.3937614578485793,-0x1.9336341f8a2b4p-2,-0.7049536812724467,-0x1.68efb05c851a5p-1,1.7903064589514401,-0.9999999212525249,-0x1.fffffd5b90789p-1,-0.23278186369922474,-0x1.dcbcbcdd85531p-3,0.2327818820302102,0.21881648108335652,0x1.c022daf0a16bdp-3,-0.007034029111049642,-0x1.ccfb6cfdb6c64p-8,-0.03214579210955358,-1.3277225685903369
H593-2f5a93c328b7e7c9e25412f0,DIFFICULT-0013,6,672,/hkfs/work/workspace/scratch/ap7811-benchmark/dailymed/data/box_flat_20000_images/data/raw_images/homeopathic/5USSTO-Rev07-15-05-18.jpg,65,374.2071533203125,0x1.7635080000000p+8,False,False,False,CHALLENGER,6,-2.893123085867562,-0x1.7251db768d48ap+1,-2.893123085867562,-0x1.7251db768d48ap+1,0.0003866893120342051,0.014085579579603366,0.027452850615685767,0.00038561060436931,0.0004075209743500038,1.0787076648951133e-06,-2.0831662315798686e-05,-1.3277225685903369,-4.440892098500626e-16,-1.260012437747939,-1.6331106481196231,False,109,-2.64350676941975,-0x1.525e6e08b4cadp+1,-1.260012437747939,-0x1.42902cd4ae3e0p+0,0.4766443015481711,-0.17156916836956326,-0x1.5f5fa7f9318b8p-3,0.22791444670047484,0x1.d2c4cf36ea71ap-3,-1.3284114440045707,-0.006776611679120396,-0x1.bc1cad8a1d92bp-8,-0.0252936182074416,-0x1.9e691fbfe6f65p-6,3.7324874738469167,-0.16498437721671866,-0x1.51e35443f94fcp-3,-0.29537259615717226,-0x1.2e76276284c84p-2,1.7903064589514401,-0.8249441591383406,-0x1.a65f14b10d004p-1,-0.19203205393405215,-0x1.894819fb71962p-3,0.2327818820302102,0.640962831492067,0x1.482c47be6b836p-1,-0.02060425793109481,-0x1.5194857e3bd0bp-6,-0.03214579210955358,-1.3277225685903369
H593-2f5a93c328b7e7c9e25412f0,DIFFICULT-0013,7,673,/hkfs/work/workspace/scratch/ap7811-benchmark/dailymed/data/box_flat_20000_images/data/raw_images/homeopathic/5USSTP-2.jpg,60,377.60162353515625,0x1.799a040000000p+8,False,False,False,CHALLENGER,7,-3.0061386624867024,-0x1.80c926d54f8f9p+1,-3.0061386624867024,-0x1.80c926d54f8f9p+1,0.00032328454402599636,0.012231747597522477,0.026429955445735096,0.00032110615711820466,0.00034448387940454097,2.178386907791699e-06,-2.119933537854461e-05,-1.3277225685903369,0.0,-1.22565759890406,-1.7804810635826425,False,116,-2.5714302991204256,-0x1.4924a0c755368p+1,-1.22565759890406,-0x1.39c4b2476306dp+0,0.4766443015481711,-0.2569381107646637,-0x1.071ac8bb522ebp-2,0.34131952674069327,0x1.5d82ddb359931p-2,-1.3284114440045707,-0.07718126806634665,-0x1.3c226ce3571d2p-4,-0.2880781162732599,-0x1.26fdf3205905fp-2,3.7324874738469167,-0.18339368823267635,-0x1.77971c2a046f1p-3,-0.3283309045738872,-0x1.5035fa05a4ce1p-2,1.7903064589514401,-0.6754449691511578,-0x1.59d3ec4980ffdp-1,-0.15723135112684378,-0x1.420282b7f72aap-3,0.2327818820302102,0.6357799393885191,0x1.4584f2be40cb6p-1,-0.02043764975900791,-0x1.4ed9b7549c52fp-6,-0.03214579210955358,-1.3277225685903369
H593-2f5a93c328b7e7c9e25412f0,DIFFICULT-0013,8,704,/hkfs/work/workspace/scratch/ap7811-benchmark/dailymed/data/box_flat_20000_images/data/raw_images/homeopathic/85631-009-01-0906.jpg,97,363.7934265136719,0x1.6bcb1e0000000p+8,False,False,False,CHALLENGER,8,-2.1771796122161797,-0x1.16add24ffe442p+1,-2.1771796122161797,-0x1.16add24ffe442p+1,0.00177577175173881,0.0219183469407272,0.08101759482779197,0.0017848078925520269,0.0023346197676751427,-9.0361408132168e-06,-0.0005588480159363326,-1.3277225685903369,-4.440892098500626e-16,-1.3654079438395395,-0.8117716683766403,False,66,-2.864626597663304,-0x1.6eac15981b9a2p+1,-1.3654079438395395,-0x1.5d8b60007d4b1p+0,0.4766443015481711,0.5291050534486148,0x1.0ee6db896b968p-1,-0.70286920808179,-0x1.67de790c27462p-1,-1.3284114440045707,0.2110877319129577,0x1.b04ec3c93947cp-3,0.7878823152478707,0x1.93654f922c384p-1,3.7324874738469167,0.3580016632046598,0x1.6e97fced82aefp-2,0.6409326899506606,0x1.4828545c8d009p-1,1.7903064589514401,-0.9999999506942105,-0x1.fffffe58776c2p-1,-0.23278187055271574,-0x1.dcbcbdc90144dp-3,0.2327818820302102,-0.708863342735896,-0x1.6af022d4c4903p-1,0.022786973649671343,0x1.75577ea668e4bp-6,-0.03214579210955358,-1.3277225685903369
H593-2f5a93c328b7e7c9e25412f0,DIFFICULT-0013,9,772,/hkfs/work/workspace/scratch/ap7811-benchmark/dailymed/data/box_flat_20000_images/data/raw_images/homeopathic/Walgreens Cherry Zinc 18ct 320205 9-27-2018.jpg,117,360.80743408203125,0x1.68ceb40000000p+8,False,False,False,CHALLENGER,9,-1.8614991106752086,-0x1.dc8b34a9e2133p+0,-1.8614991106752086,-0x1.dc8b34a9e2133p+0,0.0012786346503291428,0.024151800734916844,0.05294158660727064,0.001190249945267489,0.001224454732633958,8.838470506165375e-05,5.417991769518472e-05,-1.3277225685903369,0.0,-1.39562865054348,-0.4658704601317285,False,48,-2.9280296565182655,-0x1.76c9ad003b667p+1,-1.39562865054348,-0x1.6547eb5371e25p+0,0.4766443015481711,0.40086599151168323,0x1.9a7c9d4e7c344p-2,-0.5325149706363591,-0x1.10a5cd5f06f1bp-1,-1.3284114440045707,0.25693779686539137,0x1.071ab3aa92953p-2,0.9590171083578969,0x1.eb044a59673f6p-1,3.7324874738469167,0.16045464184922714,0x1.489c7179dedeep-3,0.2872629816714114,0x1.2628445e85488p-2,1.7903064589514401,0.7742560520094174,0x1.8c6b4a0c38967p-1,0.18023278096003248,0x1.711de25f1faf4p-3,0.2327818820302102,0.9999999933061148,0x1.ffffffc67ffdap-1,-0.03214579189437334,-0x1.07569c9c7dca9p-5,-0.03214579210955358,-1.3277225685903369
H593-2f5a93c328b7e7c9e25412f0,DIFFICULT-0013,10,853,/hkfs/work/workspace/scratch/ap7811-benchmark/dailymed/data/box_flat_20000_images/data/raw_images/otc/0227294C7-image-1.jpg,1,498.70416259765625,0x1.f2b4440000000p+8,False,True,False,HOLD,,,,0.0,0x0.0p+0,0.0005468570924590838,0.014277787101520622,0.038301249946558036,0.0005356116403352214,0.0006420672467766503,1.1245452123862334e-05,-9.521015431756652e-05,,,0.0,0.0,True,7,,,,,0.4766443015481711,,,,,-1.3284114440045707,,,,,3.7324874738469167,,,,,1.7903064589514401,,,,,0.2327818820302102,,,,,-0.03214579210955358,-1.3277225685903369
H593-2f5a93c328b7e7c9e25412f0,DIFFICULT-0013,11,859,/hkfs/work/workspace/scratch/ap7811-benchmark/dailymed/data/box_flat_20000_images/data/raw_images/otc/046---pep-tum-1.jpg,73,370.071533203125,0x1.7212500000000p+8,False,False,False,CHALLENGER,10,-2.4774843716339454,-0x1.3d1e3538426b8p+1,-2.4774843716339454,-0x1.3d1e3538426b8p+1,0.0008725868930648614,0.019622703271115954,0.0444682305495229,0.0008892086755307584,0.0008315271339258168,-1.6621782465897064e-05,4.105975913904457e-05,-1.3277225685903369,0.0,-1.3018683250154663,-1.175616046618479,False,78,-2.7313204433304143,-0x1.5d9be885800b8p+1,-1.3018683250154663,-0x1.4d473e17a3c52p+0,0.4766443015481711,0.22947703727531535,0x1.d5f80e923e5ddp-3,-0.30483992245279234,-0x1.3827f4e5ccb7ap-2,-1.3284114440045707,0.15766486297649304,0x1.42e5cbb1b2e93p-3,0.5884821261255507,0x1.2d4d877bfac57p-1,3.7324874738469167,0.07450790515934619,0x1.312f337f3eebcp-4,0.13339198384971881,0x1.112fd10176fe7p-3,1.7903064589514401,-0.9999999641155651,-0x1.fffffecbc14b1p-1,-0.2327818736769639,-0x1.dcbcbe345a724p-3,0.2327818820302102,0.9999999926616231,0x1.ffffffc0f6bd1p-1,-0.03214579187365564,-0x1.07569c99a4da2p-5,-0.03214579210955358,-1.3277225685903369
H593-2f5a93c328b7e7c9e25412f0,DIFFICULT-0013,12,891,/hkfs/work/workspace/scratch/ap7811-benchmark/dailymed/data/box_flat_20000_images/data/raw_images/otc/124 1J nicotine lozenge image.jpg,113,361.3157958984375,0x1.6950d80000000p+8,False,False,False,CHALLENGER,11,-0.9687011332408109,-0x1.eff9984dbc1eap-1,-0.9687011332408109,-0x1.eff9984dbc1eap-1,0.009474553216384308,0.04624874998997368,0.20486074149978772,0.009564995085667629,0.009063072931156308,-9.04418692833208e-05,0.00041148028522799973,-1.3277225685903369,1.1102230246251565e-16,-1.39048360958815,0.42178247634733923,False,21,-2.9172353578376384,-0x1.7567f7dc52e1cp+1,-1.39048360958815,-0x1.63f6bbdcce1d7p+0,0.4766443015481711,0.8908622487152451,0x1.c81f18bef22c8p-1,-1.1834316062249777,-0x1.2ef55fadc9fddp+0,-1.3284114440045707,0.5282139772773762,0x1.0e720ffb6490ep-1,1.9715520536986664,0x1.f8b7a2a8ff562p+0,3.7324874738469167,0.684973381579236,0x1.5eb4d4c106d58p-1,1.2263122692511157,0x1.39ef99d31df98p+0,1.7903064589514401,-0.9999999901659324,-0x1.ffffffab86a82p-1,-0.23278187974101744,-0x1.dcbcbf04b66cep-3,0.2327818820302102,0.9999999980264084,0x1.ffffffef0c06bp-1,-0.03214579204611091,-0x1.07569cb158952p-5,-0.03214579210955358,-1.3277225685903369
H593-2f5a93c328b7e7c9e25412f0,DIFFICULT-0013,13,902,/hkfs/work/workspace/scratch/ap7811-benchmark/dailymed/data/box_flat_20000_images/data/raw_images/otc/14-mg-step-2.jpg,125,360.1431884765625,0x1.6824a80000000p+8,False,False,False,CHALLENGER,12,-2.6838536839194926,-0x1.5788847bd777cp+1,-2.6838536839194926,-0x1.5788847bd777cp+1,0.0005422711896789058,0.0197616610942693,0.027440567222163297,0.0005502430810103399,0.0005046803799154237,-7.971891331434071e-06,3.759080976348207e-05,-1.3277225685903369,0.0,-1.4023513640405212,-1.2815023198789715,False,94,-2.942133913036607,-0x1.7897d81478ed1p+1,-1.4023513640405212,-0x1.67007fbe0e166p+0,0.4766443015481711,-0.0042106176574214825,-0x1.13f2712274305p-8,0.005593432682446414,0x1.6e923a71883a0p-8,-1.3284114440045707,0.1611034926607839,0x1.49f0a0c1fedbep-3,0.6013167683493645,0x1.33dfca9d31a0ap-1,3.7324874738469167,-0.165202046307245,-0x1.52557350f9a40p-3,-0.2957622905358556,-0x1.2edc4f54f758fp-2,1.7903064589514401,-0.9999999479636741,-0x1.fffffe4102e8cp-1,-0.23278186991709632,-0x1.dcbcbdb32a4d2p-3,0.2327818820302102,0.9999999924699343,0x1.ffffffbf5135ep-1,-0.03214579186749365,-0x1.07569c98cc0bep-5,-0.03214579210955358,-1.3277225685903369
H593-2f5a93c328b7e7c9e25412f0,DIFFICULT-0013,14,925,/hkfs/work/workspace/scratch/ap7811-benchmark/dailymed/data/box_flat_20000_images/data/raw_images/otc/194-6e-heartburn-relief.jpg,7,481.10064697265625,0x1.e119c40000000p+8,False,False,False,CHALLENGER,13,-1.6511390801175647,-0x1.a6b10cfe40a18p+0,-1.6511390801175647,-0x1.a6b10cfe40a18p+0,0.0004067149885023453,0.01576675652357344,0.02579572963496019,0.0004040660156024608,0.0003718263579082448,2.6489728998845214e-06,3.4888630594100546e-05,-1.3277225685903369,0.0,-0.17816210015276784,-1.472976979964797,False,41,-0.3737841815670217,-0x1.7ec147ce5eb43p-2,-0.17816210015276784,-0x1.6ce0404c57af2p-3,0.4766443015481711,-0.14696540157559587,-0x1.2cfc324b49187p-3,0.19523052132574892,0x1.8fd5050233734p-3,-1.3284114440045707,0.04955872988397237,0x1.95fc3082a79a1p-5,0.18497733851168974,0x1.7ad5661b45480p-3,3.7324874738469167,-0.19510311395404029,-0x1.8f9238ae3e2fap-3,-0.3492943650734572,-0x1.65ad6c0aab9afp-2,1.7903064589514401,-0.6186998447640542,-0x1.3cc639de9a914p-1,-0.14402211427597542,-0x1.26f510f5ba8cfp-3,0.2327818820302102,0.9999999923135332,0x1.ffffffbdf947ep-1,-0.032145791862466015,-0x1.07569c981b26fp-5,-0.03214579210955358,-1.3277225685903369
H593-2f5a93c328b7e7c9e25412f0,DIFFICULT-0013,15,927,/hkfs/work/workspace/scratch/ap7811-benchmark/dailymed/data/box_flat_20000_images/data/raw_images/otc/1Y95517C4_image_2.jpg,25,462.03448486328125,0x1.ce08d40000000p+8,False,False,False,CHALLENGER,14,-2.071258610700198,-0x1.091f008d4203fp+1,-2.071258610700198,-0x1.091f008d4203fp+1,0.0004379125532377096,0.013264412288291602,0.03301409393194538,0.0004383614632529776,0.0004684632790308118,-4.489100152680085e-07,-3.0550725793102224e-05,-1.3277225685903369,0.0,-0.3711273893382555,-1.7001312213619424,False,59,-0.7786254616551799,-0x1.8ea7ff1b48a71p-1,-0.3711273893382555,-0x1.7c08d17f6e402p-2,0.4766443015481711,-0.11062946505998249,-0x1.c52366e6816e7p-4,0.14696144742978454,0x1.2cfa1f93deb73p-3,-1.3284114440045707,-0.03679353267506554,-0x1.2d69a171661abp-5,-0.13733139982825937,-0x1.19413477cf68cp-3,3.7324874738469167,-0.0741377062353649,-0x1.2fab04fae6ccbp-4,-0.13272921432501825,-0x1.0fd45595ff717p-3,1.7903064589514401,-0.9999999144887167,-0x1.fffffd2176b31p-1,-0.23278186212473273,-0x1.dcbcbca76bf24p-3,0.2327818820302102,0.5141457975915772,0x1.073e1e341035bp-1,-0.016527623923379454,-0x1.0ec9e10ed0edap-6,-0.03214579210955358,-1.3277225685903369
H593-2f5a93c328b7e7c9e25412f0,DIFFICULT-0013,16,953,/hkfs/work/workspace/scratch/ap7811-benchmark/dailymed/data/box_flat_20000_images/data/raw_images/otc/22H-c2-esomeprazole-magnesium.jpg,5,489.498291015625,0x1.e97f900000000p+8,False,False,False,CHALLENGER,15,-1.8377797720798268,-0x1.d678bc32554bfp+0,-1.8377797720798268,-0x1.d678bc32554bfp+0,0.0003597677656071374,0.013494520529178922,0.026660285174950754,0.00037939151503550445,0.00029278491535426567,-1.9623749428367046e-05,6.698285025287173e-05,-1.3277225685903369,0.0,-0.09317101479786773,-1.744608757281959,False,46,-0.19547283896029455,-0x1.90541054b9d5cp-3,-0.09317101479786773,-0x1.7da0e3d7df201p-4,0.4766443015481711,-0.20635803770551708,-0x1.a69f0af9b208cp-3,0.2741283788503356,0x1.18b51c1845506p-2,-1.3284114440045707,-0.028203150517016187,-0x1.ce14964758107p-6,-0.1052679060277821,-0x1.af2d665b52d7ep-4,3.7324874738469167,-0.1791978091289557,-0x1.6eff42cdca2b1p-3,-0.32081899511351675,-0x1.4884c64fcae4cp-2,1.7903064589514401,-0.9999999676052531,-0x1.fffffee9bb32cp-1,-0.23278187448930004,-0x1.dcbcbe5043d4ap-3,0.2327818820302102,0.999999993834506,0x1.ffffffcb09ef7p-1,-0.03214579191135889,-0x1.07569c9ed36adp-5,-0.03214579210955358,-1.3277225685903369
H593-2f5a93c328b7e7c9e25412f0,DIFFICULT-0013,17,974,/hkfs/work/workspace/scratch/ap7811-benchmark/dailymed/data/box_flat_20000_images/data/raw_images/otc/300000365_R-01_Final.jpg,88,365.4832763671875,0x1.6d7bb80000000p+8,False,False,False,CHALLENGER,16,-1.027504011512534,-0x1.070a80bdf4842p+0,-1.027504011512534,-0x1.070a80bdf4842p+0,0.005638660902340984,0.049345316166195266,0.11426942495109256,0.005645234171250435,0.006562706466998987,-6.573268909450432e-06,-0.0009240455646580027,-1.3277225685903369,0.0,-1.3483052692795994,0.32080125776706536,False,22,-2.82874517727416,-0x1.6a14526c8e1c5p+1,-1.3483052692795994,-0x1.592a88bc94920p+0,0.4766443015481711,0.8231814721643693,0x1.a5780abb3cfacp-1,-1.0935236881156782,-0x1.17f12b1ddbaf3p+0,-1.3284114440045707,0.5511760235360554,0x1.1a33be66da766p-1,2.0572576037330803,0x1.07543797bd8e6p+1,3.7324874738469167,0.4979212096623322,0x1.fddf0ebdf01a8p-2,0.8914315577073876,0x1.c869b795f37d7p-1,1.7903064589514401,-0.9999999438792525,-0x1.fffffe1ded2bdp-1,-0.23278186896631697,-0x1.dcbcbd927f286p-3,0.2327818820302102,-0.8131770998158369,-0x1.a058bfb3215afp-1,0.026140221998929593,0x1.ac4809a61e057p-6,-0.03214579210955358,-1.3277225685903369
H593-2f5a93c328b7e7c9e25412f0,DIFFICULT-0013,18,990,/hkfs/work/workspace/scratch/ap7811-benchmark/dailymed/data/box_flat_20000_images/data/raw_images/otc/370R_WALG_24CT_IFC.jpg,74,370.00128173828125,0x1.7200540000000p+8,False,False,False,CHALLENGER,17,-1.746971285155662,-0x1.bf398298cb6ecp+0,-1.746971285155662,-0x1.bf398298cb6ecp+0,0.0017242479040743258,0.023886255392705908,0.07218577695526338,0.0016908997503637853,0.0016117165472928896,3.334815371054049e-05,0.00011253135678143612,-1.3277225685903369,-2.220446049250313e-16,-1.3025793277936613,-0.44439195736200077,False,44,-2.7328121275399715,-0x1.5dccc9acf2bbep+1,-1.3025793277936613,-0x1.4d75d6bd51c6cp+0,0.4766443015481711,0.518422007302162,0x1.096e9bfdc7673p-1,-0.6886777273240131,-0x1.609a5df8ae343p-1,-1.3284114440045707,0.2517675713307124,0x1.01cf5bb43c2adp-2,0.9397193063127443,0x1.e122e39010eb0p-1,3.7324874738469167,0.30668330896901036,0x1.3a0b307900fc7p-2,0.5490571088998194,0x1.191e036cb8d99p-1,1.7903064589514401,0.49564731708641446,0x1.fb8af864f1f69p-2,0.11537771529459992,0x1.d8964d9e0a436p-4,0.2327818820302102,0.9999999951863257,0x1.ffffffd6a69e4p-1,-0.03214579195481421,-0x1.07569ca4cc5d8p-5,-0.03214579210955358,-1.3277225685903369
H593-2f5a93c328b7e7c9e25412f0,DIFFICULT-0013,19,993,/hkfs/work/workspace/scratch/ap7811-benchmark/dailymed/data/box_flat_20000_images/data/raw_images/otc/394---naproxen-sodium-220mg-1.jpg,110,361.69134521484375,0x1.69b0fc0000000p+8,False,False,False,CHALLENGER,18,-2.888831728995342,-0x1.71c53cf3d7500p+1,-2.888831728995342,-0x1.71c53cf3d7500p+1,0.00033566186294324736,0.01685978247833218,0.0199090269032019,0.00034057353269107137,0.0004127369863260192,-4.911669747824008e-06,-7.707512338277184e-05,-1.3277225685903369,0.0,-1.3866827406965492,-1.5021489882987928,False,108,-2.909261132866826,-0x1.7462ab3697ed4p+1,-1.3866827406965492,-0x1.62fda3dd3825dp+0,0.4766443015481711,-0.23930956721518254,-0x1.ea1b226679156p-3,0.3179015677484295,0x1.4587fd134e78ep-2,-1.3284114440045707,0.08292218729875711,0x1.53a63728f9a50p-4,0.3095060253965988,0x1.3cef25c3f92d7p-2,3.7324874738469167,-0.3159617861036857,-0x1.438b7c886780dp-2,-0.5656684264432619,-0x1.219f4abfe83d2p-1,1.7903064589514401,-0.9999999381077926,-0x1.fffffdec5998cp-1,-0.23278186762282568,-0x1.dcbcbd6455aefp-3,0.2327818820302102,0.10526163971523968,0x1.af26d4419ac8dp-4,-0.0033837187873968235,-0x1.bb82c30fbbdc3p-9,-0.03214579210955358,-1.3277225685903369
H593-2f5a93c328b7e7c9e25412f0,DIFFICULT-0013,20,996,/hkfs/work/workspace/scratch/ap7811-benchmark/dailymed/data/box_flat_20000_images/data/raw_images/otc/3T3-bn-lansoprazole.jpg,4,489.8419189453125,0x1.e9d7880000000p+8,True,False,True,CHALLENGER,19,1.4789366406139905,0x1.7a9b97784b0edp+0,1.4789366406139905,0x1.7a9b97784b0edp+0,0.030399925748327998,0.07213816181708282,0.421412536479812,0.030035023708693157,0.018598990968127456,0.00036490203963484083,0.011800934780200542,-1.3277225685903369,-2.220446049250313e-16,-0.0896932166734222,1.5686298572874127,False,1,-0.18817641663205226,-0x1.8162a31a814cep-3,-0.0896932166734222,-0x1.6f62278490f56p-4,0.4766443015481711,0.9646582266237596,0x1.ede7aede5532ep-1,-1.2814630278001569,-0x1.480df6036f4fep+0,-1.3284114440045707,0.6695566667837235,0x1.56d021a54f4a1p-1,2.4991118718009417,0x1.3fe2e5d737170p+1,3.7324874738469167,0.8333691480313731,0x1.aaaf5c68948bfp-1,1.491986168411426,0x1.7df2ce3769530p+0,1.7903064589514401,0.9402072174327838,0x1.e162d724ac870p-1,0.21886320557239045,0x1.c03b5a31d960fp-3,0.2327818820302102,0.9999999999159391,0x1.ffffffff4725fp-1,-0.032145792106851374,-0x1.07569cb9b1b29p-5,-0.03214579210955358,-1.3277225685903369
H593-2f5a93c328b7e7c9e25412f0,DIFFICULT-0013,21,1021,/hkfs/work/workspace/scratch/ap7811-benchmark/dailymed/data/box_flat_20000_images/data/raw_images/otc/42168 DH C2 DG Health Pain 36_APPRVL.jpg,61,377.5936584472656,0x1.7997fa0000000p+8,False,False,False,CHALLENGER,20,-2.115649486826506,-0x1.0ecd9a35dc091p+1,-2.115649486826506,-0x1.0ecd9a35dc091p+1,0.0014491993924099491,0.01802590933147698,0.08039535569389257,0.001439438821759053,0.0014890149764385915,9.760570650896045e-06,-3.981558402864241e-05,-1.3277225685903369,0.0,-1.2257382121643159,-0.8899112746621902,False,60,-2.571599425783629,-0x1.492a2b841397bp+1,-1.2257382121643159,-0x1.39c9fabeb407fp+0,0.4766443015481711,0.45206250741847526,0x1.cee9795470c05p-2,-0.6005250082601037,-0x1.3378038dd0866p-1,-1.3284114440045707,0.11602765762780315,0x1.db3fd12f161dcp-4,0.4330717787155739,0x1.bb772b199da22p-2,3.7324874738469167,0.35463613740134325,0x1.6b25bc5079606p-2,0.6349073673672152,0x1.45129415a9cdap-1,1.7903064589514401,-0.07068836486563335,-0x1.218a1f74e3c80p-4,-0.016454970611060316,-0x1.0d99262864aedp-6,0.2327818820302102,0.4102519309069749,0x1.a41915097719bp-2,-0.013187873283478556,-0x1.b023e63a691acp-7,-0.03214579210955358,-1.3277225685903369
H593-2f5a93c328b7e7c9e25412f0,DIFFICULT-0013,22,1022,/hkfs/work/workspace/scratch/ap7811-benchmark/dailymed/data/box_flat_20000_images/data/raw_images/otc/42168 KG C2 Kroger Pain 36_9-13-2019.jpg,57,380.9652099609375,0x1.7cf7180000000p+8,False,False,False,CHALLENGER,21,-1.2014046769904718,-0x1.338f41c4ef7e4p+0,-1.2014046769904718,-0x1.338f41c4ef7e4p+0,0.004670483760586009,0.035538487479632896,0.13142044278791162,0.00474931525709459,0.005486104825712027,-7.883149650858134e-05,-0.0008156210651260182,-1.3277225685903369,0.0,-1.1916153294830885,-0.009789347507383361,False,27,-2.5000095996378136,-0x1.4000508710b30p+1,-1.1916153294830885,-0x1.310db3c58ac90p+0,0.4766443015481711,0.7903694206464981,0x1.94ab4cfadecf7p-1,-1.0499357833780705,-0x1.0cc8976c824acp+0,-1.3284114440045707,0.42678222240506186,0x1.b506661ef9cb3p-2,1.5929592991874424,0x1.97cc2e3dde804p+0,3.7324874738469167,0.5486581670293044,0x1.18e9b92825f95p-1,0.9822662601890216,0x1.f6eb9a6ef3c01p-1,1.7903064589514401,-0.9999999888983808,-0x1.ffffffa0a3480p-1,-0.23278187944595438,-0x1.dcbcbefa9305fp-3,0.2327818820302102,-0.7909378759081224,-0x1.94f5cf2c62dcfp-1,0.02542532453051439,0x1.a0918a5651da2p-6,-0.03214579210955358,-1.3277225685903369
H593-2f5a93c328b7e7c9e25412f0,DIFFICULT-0013,23,1024,/hkfs/work/workspace/scratch/ap7811-benchmark/dailymed/data/box_flat_20000_images/data/raw_images/otc/430984_86324016_ASP_Severe_Cld_Flu_Eff_20ct_Crtn_FDA1.jpg,120,360.6539611816406,0x1.68a76a0000000p+8,False,False,False,CHALLENGER,22,-2.5372604887475765,-0x1.44c4f3a24d49ep+1,-2.5372604887475765,-0x1.44c4f3a24d49ep+1,0.0004271108452124441,0.018627882328508583,0.02292857758494549,0.00041691010698890275,0.0004832896697759306,1.0200738223541356e-05,-5.617882456348649e-05,-1.3277225685903369,4.440892098500626e-16,-1.3971819229029683,-1.1400785658446082,False,83,-2.931288422760604,-0x1.77347583733a5p+1,-1.3971819229029683,-0x1.65adb6e96e3e9p+0,0.4766443015481711,-0.12294680604165581,-0x1.f79711f18b89cp-4,0.16332394414954587,0x1.4e7cc8b6354f4p-3,-1.3284114440045707,0.13219895848360808,0x1.0ebe53da04d48p-3,0.4934309565956757,0x1.f945f6f5a6522p-2,3.7324874738469167,-0.25106509329055426,-0x1.011735336685cp-2,-0.4494834581353252,-0x1.cc45644323072p-2,1.7903064589514401,-0.048713260242707536,-0x1.8f0f1c73f7875p-5,-0.011339564399124874,-0x1.7393291f60543p-7,0.2327818820302102,0.2578214727699937,0x1.08025a2703c40p-2,-0.008287875465043146,-0x1.0f93bd09afeb2p-7,-0.03214579210955358,-1.3277225685903369
H593-2f5a93c328b7e7c9e25412f0,DIFFICULT-0013,24,1072,/hkfs/work/workspace/scratch/ap7811-benchmark/dailymed/data/box_flat_20000_images/data/raw_images/otc/577-4-cvs.jpg,80,367.45635986328125,0x1.6f74d40000000p+8,False,False,False,CHALLENGER,23,-2.4272372691879855,-0x1.36afb5f965ba4p+1,-2.4272372691879855,-0x1.36afb5f965ba4p+1,0.0012681753555075467,0.018392183264143644,0.06895186597993014,0.0013617994897825224,0.0014247897436582737,-9.362413427497574e-05,-0.00015661438815072707,-1.3277225685903369,4.440892098500626e-16,-1.328336036603054,-1.0989012325849314,False,76,-2.7868497164206807,-0x1.64b77dd37264bp+1,-1.328336036603054,-0x1.540dd49b4ef1cp+0,0.4766443015481711,0.3974134255611451,0x1.96f38b871b156p-2,-0.5279285425164837,-0x1.0e4ca661776bap-1,-1.3284114440045707,0.1259381663480559,0x1.01ebde8e43ce1p-3,0.470062628373368,0x1.e15818ffbdde0p-2,3.7324874738469167,0.2857783269820749,0x1.24a312e12ca71p-2,0.5116307846243453,0x1.05f4785f2d408p-1,1.7903064589514401,-0.999999990464347,-0x1.ffffffae16e09p-1,-0.23278187981048293,-0x1.dcbcbf0719734p-3,0.2327818820302102,-0.24383736782547474,-0x1.f3610182d3395p-3,0.00783834533465846,0x1.00d8ce6efd88ep-7,-0.03214579210955358,-1.3277225685903369
H593-2f5a93c328b7e7c9e25412f0,DIFFICULT-0013,25,1105,/hkfs/work/workspace/scratch/ap7811-benchmark/dailymed/data/box_flat_20000_images/data/raw_images/otc/666-carton-1122.jpg,24,464.08575439453125,0x1.d015f40000000p+8,False,False,False,CHALLENGER,24,-1.8189239741603775,-0x1.d1a50066edde2p+0,-1.8189239741603775,-0x1.d1a50066edde2p+0,0.00026899898348776465,0.015732285190117913,0.017098532110054413,0.0002630315364842247,0.00029686457971763347,5.967447003539929e-06,-2.7865596229868827e-05,-1.3277225685903369,0.0,-0.35036684948632557,-1.468557124674052,False,45,-0.735069837923818,-0x1.785b12e45150bp-1,-0.35036684948632557,-0x1.66c6914095d5ap-2,0.4766443015481711,-0.34057245735196146,-0x1.5cbf06b8fae8fp-2,0.4524203498591042,0x1.cf4747bac248cp-2,-1.3284114440045707,0.04846699716061928,0x1.8d0aa8f7af97cp-5,0.18090245979698555,0x1.727cfd24c0872p-3,3.7324874738469167,-0.3827220441851932,-0x1.87e8499cef47ap-2,-0.6851897476878498,-0x1.5ed130cbbf639p-1,1.7903064589514401,-0.306630787447609,-0x1.39fd6bd023077p-2,-0.07137809179045979,-0x1.245d5a9e412bcp-4,0.2327818820302102,0.5471797428898253,0x1.1827f1797db0ap-1,-0.017589526261495302,-0x1.202fd202e5773p-6,-0.03214579210955358,-1.3277225685903369
H593-2f5a93c328b7e7c9e25412f0,DIFFICULT-0013,26,1123,/hkfs/work/workspace/scratch/ap7811-benchmark/dailymed/data/box_flat_20000_images/data/raw_images/otc/719R_Kroger_41226-719_Famotidine Tablets USP 10 mg.jpg,53,384.0679931640625,0x1.8011680000000p+8,False,False,False,CHALLENGER,25,-2.6390678298509993,-0x1.51ccf982915fcp+1,-2.6390678298509993,-0x1.51ccf982915fcp+1,0.0006319930925334315,0.015508889969195567,0.04075037567412779,0.0006648625421289335,0.0004978038707483493,-3.2869449595502036e-05,0.00013418922178508221,-1.3277225685903369,0.0,-1.1602126038251288,-1.4788552260258705,False,92,-2.434126664384079,-0x1.37917668ecf3bp+1,-1.1602126038251288,-0x1.2903b175d5ffbp+0,0.4766443015481711,0.07221952465712915,0x1.27cfa9088f813p-4,-0.09593724303510064,-0x1.88f57d94ddd7fp-4,-1.3284114440045707,0.04133065479948866,0x1.5294aa55f4477p-5,0.15426615132498236,0x1.3befe456908f9p-3,3.7324874738469167,0.0309813455233727,0x1.fb992e73c6078p-6,0.05546610299750043,0x1.c660d94d25890p-5,1.7903064589514401,-0.9999999773319233,-0x1.ffffff3d485f4p-1,-0.23278187675349263,-0x1.dcbcbe9e0fe11p-3,0.2327818820302102,0.9999999956407902,0x1.ffffffda8dff1p-1,-0.03214579196942333,-0x1.07569ca6ce60dp-5,-0.03214579210955358,-1.3277225685903369
H593-2f5a93c328b7e7c9e25412f0,DIFFICULT-0013,27,1129,/hkfs/work/workspace/scratch/ap7811-benchmark/dailymed/data/box_flat_20000_images/data/raw_images/otc/732D517C4.jpg,13,475.61456298828125,0x1.db9d540000000p+8,False,False,False,CHALLENGER,26,0.8280478587230216,0x1.a7f5e39179f62p-1,0.8280478587230216,0x1.a7f5e39179f62p-1,0.010161346092652441,0.05221913021868981,0.19459048915785238,0.009721019170665314,0.012793212086754125,0.00044032692198712683,-0.0026318659941016835,-1.3277225685903369,1.1102230246251565e-16,-0.2336857958219796,1.0617336545450011,False,2,-0.4902729248266542,-0x1.f60a1b08fa9ecp-2,-0.2336857958219796,-0x1.de96a894c2d69p-3,0.4766443015481711,0.897862025317496,0x1.cbb492461e314p-1,-1.1927301895688833,-0x1.3156c4052675cp+0,-1.3284114440045707,0.5705729625614854,0x1.242223ac5de83p-1,2.12965643567647,0x1.1098950379228p+1,3.7324874738469167,0.6710810774638744,0x1.5797f06157f3fp-1,1.201440787463666,0x1.33919f9a3ca79p+0,1.7903064589514401,0.9501942401986021,0x1.e67fdc05004a0p-1,0.22118800352769621,0x1.c4fe374b5a165p-3,0.2327818820302102,-0.9301741868573473,-0x1.dc3fca80457a7p-1,0.029901186036389332,0x1.e9e6aa08d36b8p-6,-0.03214579210955358,-1.3277225685903369
H593-2f5a93c328b7e7c9e25412f0,DIFFICULT-0013,28,1167,/hkfs/work/workspace/scratch/ap7811-benchmark/dailymed/data/box_flat_20000_images/data/raw_images/otc/898-of-esomeprazole-magnesium.jpg,38,442.7490234375,0x1.babfc00000000p+8,False,False,False,CHALLENGER,27,-2.1370388691209348,-0x1.118a7d5a93deep+1,-2.1370388691209348,-0x1.118a7d5a93deep+1,0.0004914775795036084,0.014184471223879426,0.034648988442812764,0.0004900347181097579,0.00038689284140159077,1.4428613938504992e-06,0.00010458473810201767,-1.3277225685903369,0.0,-0.5663121685168395,-1.5707267006040952,False,63,-1.1881232329378983,-0x1.3028d81d16084p+0,-0.5663121685168395,-0x1.21f3ab26369d0p-1,0.4766443015481711,-0.053334935640221216,-0x1.b4eb7789e3735p-5,0.0708507388697171,0x1.223462657c664p-4,-1.3284114440045707,-0.003278583047454149,-0x1.adbafdee9c376p-9,-0.012237270156589462,-0x1.90fda98eb4032p-7,3.7324874738469167,-0.05006510717896925,-0x1.9a2223c0241bbp-5,-0.08963188475060475,-0x1.6f21d7daec4adp-4,1.7903064589514401,-0.7725683908865484,-0x1.8b8e15898fe86p-1,-0.17983992402762183,-0x1.704fea01b5c80p-3,0.2327818820302102,0.9999999949948671,0x1.ffffffd50198bp-1,-0.03214579194865962,-0x1.07569ca3f3d1fp-5,-0.03214579210955358,-1.3277225685903369
H593-2f5a93c328b7e7c9e25412f0,DIFFICULT-0013,29,1170,/hkfs/work/workspace/scratch/ap7811-benchmark/dailymed/data/box_flat_20000_images/data/raw_images/otc/904-250 RC Antacid 420mg 100ct.jpg,85,365.883056640625,0x1.6de2100000000p+8,False,False,False,CHALLENGER,28,-2.6076331264135595,-0x1.4dc6ec1af4cbep+1,-2.6076331264135595,-0x1.4dc6ec1af4cbep+1,0.0007253009722207989,0.01838016486668412,0.0394610699893927,0.0007336237110567435,0.0007684383299021547,-8.322738835944633e-06,-4.313735768135584e-05,-1.3277225685903369,0.0,-1.3442591631135037,-1.2633739633000558,False,90,-2.820256444370077,-0x1.68fe29c5738c7p+1,-1.3442591631135037,-0x1.58215e56ebbb6p+0,0.4766443015481711,0.14026863844655096,0x1.1f4529f64252ep-3,-0.1863344645473378,-0x1.7d9cec7ac9b3bp-3,-1.3284114440045707,0.12561650433658217,0x1.014339cfb52bep-3,0.46886202894472984,0x1.e01d5e229d830p-2,3.7324874738469167,0.014914936228433527,0x1.e8bb8da9599f9p-7,0.026702306664613377,0x1.b57d97768bb61p-6,1.7903064589514401,-0.9999999488966583,-0x1.fffffe4906903p-1,-0.23278187013427815,-0x1.dcbcbdbaa0a72p-3,0.2327818820302102,0.37639127373844655,0x1.816cb6ccd35d9p-2,-0.012099395637446176,-0x1.8c79164837967p-7,-0.03214579210955358,-1.3277225685903369
H593-2f5a93c328b7e7c9e25412f0,DIFFICULT-0013,30,1199,/hkfs/work/workspace/scratch/ap7811-benchmark/dailymed/data/box_flat_20000_images/data/raw_images/otc/AH_ComfortFlow & 50 packets_MONO_V08208E.jpg,100,362.76812744140625,0x1.6ac4a40000000p+8,False,False,False,CHALLENGER,29,-3.010420232277175,-0x1.8155733e6c70cp+1,-3.010420232277175,-0x1.8155733e6c70cp+1,0.00033370893707722175,0.015252126585318538,0.02187950219338232,0.00034171636034832864,0.0003365082334236218,-8.007423271106891e-06,-2.799296346400054e-06,-1.3277225685903369,0.0,-1.375784816271777,-1.6346354160053982,False,117,-2.886397281585325,-0x1.71757753d60d1p+1,-1.375784816271777,-0x1.60336f08387c9p+0,0.4766443015481711,-0.2420581171545363,-0x1.efbc2a8747d2cp-3,0.32155277294228507,0x1.4945214ee6a23p-2,-1.3284114440045707,0.03299499937919436,0x1.0e4b87687c5afp-5,0.12315342188242974,0x1.f86fb8f602281p-4,3.7324874738469167,-0.27287375396566654,-0x1.176c37a4e08d1p-2,-0.48852764420305894,-0x1.f440973c2d1eap-2,1.7903064589514401,-0.9999999480597092,-0x1.fffffe41d617bp-1,-0.23278186993945155,-0x1.dcbcbdb3eef0ap-3,0.2327818820302102,0.9428770021895915,0x1.e2c0c6411c10dp-1,-0.030309528097265705,-0x1.f0975ffbd635ap-6,-0.03214579210955358,-1.3277225685903369
H593-2f5a93c328b7e7c9e25412f0,DIFFICULT-0013,31,1223,/hkfs/work/workspace/scratch/ap7811-benchmark/dailymed/data/box_flat_20000_images/data/raw_images/otc/APAP PM 15 ct carton.jpg,127,360.1153564453125,0x1.681d880000000p+8,False,False,False,CHALLENGER,30,-2.3792749642919118,-0x1.308c14ffe9a46p+1,-2.3792749642919118,-0x1.308c14ffe9a46p+1,0.001101635422460376,0.02275228555346696,0.04841867072525865,0.0012037792903036599,0.0010444198161919504,-0.00010214386784328385,5.7215606268425654e-05,-1.3277225685903369,0.0,-1.4026330471568171,-0.9766419171350946,False,74,-2.942724884365502,-0x1.78ab3581bcd3cp+1,-1.4026330471568171,-0x1.6712f599d3cd9p+0,0.4766443015481711,0.33653675988444526,0x1.589d17a66c077p-2,-0.4470592831587154,-0x1.c9c9e8a228d7fp-2,-1.3284114440045707,0.22885449160943122,0x1.d4b1a9e80aad6p-3,0.8541965232658063,0x1.b5593f27912c5p-1,3.7324874738469167,0.11666778175308028,0x1.dddf09320582bp-4,0.2088710832240766,0x1.abc49a3c3853ap-3,1.7903064589514401,-0.9999999911808274,-0x1.ffffffb43e6f3p-1,-0.2327818799772666,-0x1.dcbcbf0cd47ebp-3,0.2327818820302102,0.9999999934394292,0x1.ffffffc7a5270p-1,-0.032145791898658835,-0x1.07569c9d1492ep-5,-0.03214579210955358,-1.3277225685903369
H593-2f5a93c328b7e7c9e25412f0,DIFFICULT-0013,32,1309,/hkfs/work/workspace/scratch/ap7811-benchmark/dailymed/data/box_flat_20000_images/data/raw_images/otc/AS Original 12 count carton.jpg,55,382.7100830078125,0x1.7eb5c80000000p+8,False,False,False,CHALLENGER,31,-0.9382248633156602,-0x1.e05f0260783bcp-1,-0.9382248633156602,-0x1.e05f0260783bcp-1,0.0035381149380683836,0.031971720968024746,0.11066388767770398,0.003281969158656893,0.004344809036962305,0.00025614577941149037,-0.000806694098893921,-1.3277225685903369,0.0,-1.173955774814945,0.2357309114992847,False,20,-2.4629598444833216,-0x1.3b4244a7b563fp+1,-1.173955774814945,-0x1.2c885d9bc7d0cp+0,0.4766443015481711,0.7322590760776392,0x1.76eaa95fe7bffp-1,-0.9727413366377494,-0x1.f20b2708a725dp-1,-1.3284114440045707,0.3825756122533279,0x1.87c1e6bb8039cp-2,1.4279586805348614,0x1.6d8eb338efc13p+0,3.7324874738469167,0.4857689449002627,0x1.f16d6a0f09458p-2,0.8696752796129665,0x1.bd461408279a0p-1,1.7903064589514401,0.915887648841474,0x1.d4ef39d52b3ecp-1,0.21320205062554257,0x1.b4a346d703c59p-3,0.2327818820302102,-0.7888685980291635,-0x1.93e695bac0d55p-1,0.02535880595400048,0x1.9f7a8a8f3c152p-6,-0.03214579210955358,-1.3277225685903369
H593-2f5a93c328b7e7c9e25412f0,DIFFICULT-0013,33,1331,/hkfs/work/workspace/scratch/ap7811-benchmark/dailymed/data/box_flat_20000_images/data/raw_images/otc/ASP Severe Cold Orange Zest PFF 24s.jpg,118,360.7225036621094,0x1.68b8f60000000p+8,False,False,False,CHALLENGER,32,-2.8703749053520142,-0x1.6f6871e4df7cdp+1,-2.8703749053520142,-0x1.6f6871e4df7cdp+1,0.00021241895070515484,0.01737771659586168,0.012223639943336409,0.0002096432679756141,0.00021190585188995663,2.7756827295407347e-06,5.130988151982115e-07,-1.3277225685903369,0.0,-1.3964882164564758,-1.4738866888955384,False,106,-2.9298330262642245,-0x1.7704c4c345d4bp+1,-1.3964882164564758,-0x1.65804072ee101p+0,0.4766443015481711,-0.4404697663312381,-0x1.c30a81a513e55p-2,0.5851250783324358,0x1.2b9583a703b64p-1,-1.3284114440045707,0.09792703107420385,0x1.911bef3dbab37p-4,0.36551141683548366,0x1.76489ff67dfa9p-2,3.7324874738469167,-0.5161339304159733,-0x1.0842b4defc2eep-1,-0.9240379093077102,-0x1.d91b7f317b4e0p-1,1.7903064589514401,-0.6040715590289286,-0x1.3548de0cf22abp-1,-0.1406169143916772,-0x1.1ffbc2c49d0d3p-3,0.2327818820302102,0.9999999895532177,0x1.ffffffa643486p-1,-0.03214579177373349,-0x1.07569c8be9276p-5,-0.03214579210955358,-1.3277225685903369
H593-2f5a93c328b7e7c9e25412f0,DIFFICULT-0013,34,1332,/hkfs/work/workspace/scratch/ap7811-benchmark/dailymed/data/box_flat_20000_images/data/raw_images/otc/ASP Severe Cold Sparkling Original PFF 24CT.jpg,109,361.6998291015625,0x1.69b3280000000p+8,False,False,False,CHALLENGER,33,-2.861723603422419,-0x1.6e4cf58371fe0p+1,-2.861723603422419,-0x1.6e4cf58371fe0p+1,0.0002593425406838095,0.017393483373974835,0.014910327914640331,0.00025805142475150895,0.0002899151129059496,1.2911159323005417e-06,-3.057257222214009e-05,-1.3277225685903369,-4.440892098500626e-16,-1.3865968767641694,-1.4751267266582497,False,105,-2.9090809902906933,-0x1.745cc4115b5e8p+1,-1.3865968767641694,-0x1.62f8034e7016fp+0,0.4766443015481711,-0.35662947438687914,-0x1.6d3046e520113p-2,0.4737506750448652,0x1.e51ee59f1a3bfp-2,-1.3284114440045707,0.09837610634428129,0x1.92f2d2f74dd98p-4,0.3671875846558621,0x1.780005ae606b4p-2,3.7324874738469167,-0.439583319489097,-0x1.c22221344a89cp-2,-0.7869888561286449,-0x1.92f0340ec7284p-1,1.7903064589514401,-0.7940239587854638,-0x1.968a4eee72b2ap-1,-0.1848343915031583,-0x1.7a8a741574fe1p-3,0.2327818820302102,0.5138828149121022,0x1.071ba5f80c3cap-1,-0.01651917013683664,-0x1.0ea66bdfaa5d4p-6,-0.03214579210955358,-1.3277225685903369
H593-2f5a93c328b7e7c9e25412f0,DIFFICULT-0013,35,1342,/hkfs/work/workspace/scratch/ap7811-benchmark/dailymed/data/box_flat_20000_images/data/raw_images/otc/ASPIRIN_RapidReliefPowder.jpg,79,367.8393859863281,0x1.6fd6e20000000p+8,False,False,False,CHALLENGER,34,-2.4975766259952126,-0x1.3fb09743f3a4ap+1,-2.4975766259952126,-0x1.3fb09743f3a4ap+1,0.0005157961589959725,0.016013169693358673,0.032210747083376914,0.000495663982943372,0.0005681033752216144,2.013217605260052e-05,-5.230721622564191e-05,-1.3277225685903369,0.0,-1.3244594962602552,-1.1731171297349574,False,81,-2.7787167327047153,-0x1.63acfd69e848fp+1,-1.3244594962602552,-0x1.530fc70d507e8p+0,0.4766443015481711,-0.02922960372195815,-0x1.dee5d803e4f7fp-6,0.0388289400879678,0x1.3e16307a1e063p-5,-1.3284114440045707,0.057290451520967754,0x1.d552c8f4faebbp-5,0.21383589267304617,0x1.b5ef97adef001p-3,3.7324874738469167,-0.08637541297417944,-0x1.61cb2f5e71074p-4,-0.15463845974227147,-0x1.3cb316ba5ffcap-3,1.7903064589514401,0.2832184636627786,0x1.2204055c38518p-2,0.0659281269971263,0x1.0e0aa6d56d54cp-4,0.2327818820302102,0.2908331245541354,0x1.29d0289a36ca5p-2,-0.00934906116048914,-0x1.32599bf75f96fp-7,-0.03214579210955358,-1.3277225685903369
H593-2f5a93c328b7e7c9e25412f0,DIFFICULT-0013,36,1343,/hkfs/work/workspace/scratch/ap7811-benchmark/dailymed/data/box_flat_20000_images/data/raw_images/otc/AS_HR_LemonLime_Tablet_36ct_Ctn_r4 (002).jpg,64,374.51019287109375,0x1.76829c0000000p+8,False,False,False,CHALLENGER,35,-1.9772634120810872,-0x1.fa2def5a77344p+0,-1.9772634120810872,-0x1.fa2def5a77344p+0,0.001002414678534005,0.02548132082846752,0.03933919616184557,0.0009948485494860218,0.0008594240572349872,7.56612904798332e-06,0.00014299062129901794,-1.3277225685903369,-2.220446049250313e-16,-1.2569454275014251,-0.7203179845796621,False,52,-2.637072180279479,-0x1.518b94c9bef2ap+1,-1.2569454275014251,-0x1.41c72ceff9b13p+0,0.4766443015481711,0.29404627019626195,0x1.2d1a772803d06p-2,-0.3906144303955745,-0x1.8ffd3aaf9421fp-2,-1.3284114440045707,0.28178533950996654,0x1.208c5606c0108p-2,1.0517602500346508,0x1.0d4028e521b11p+0,3.7324874738469167,0.01336862765864276,0x1.b6102d4b0af38p-7,0.023933940444585,0x1.882238de5472ap-6,1.7903064589514401,-0.19558817765927586,-0x1.909088d43f229p-3,-0.04552938409838535,-0x1.74fa09f6b4f0ep-5,0.2327818820302102,0.9999999958018609,0x1.ffffffdbf031dp-1,-0.03214579197460107,-0x1.07569ca7848dcp-5,-0.03214579210955358,-1.3277225685903369
H593-2f5a93c328b7e7c9e25412f0,DIFFICULT-0013,37,1402,/hkfs/work/workspace/scratch/ap7811-benchmark/dailymed/data/box_flat_20000_images/data/raw_images/otc/AlkaSeltzer_36.jpg,58,380.6572570800781,0x1.7ca8420000000p+8,False,False,False,CHALLENGER,36,-2.848611806267642,-0x1.6c9f4fc975a22p+1,-2.848611806267642,-0x1.6c9f4fc975a22p+1,0.0003666809305642842,0.014707056303063992,0.024932312966524223,0.0003730797466278599,0.00034405320247553784,-6.398816063575726e-06,2.2627728088746356e-05,-1.3277225685903369,0.0,-1.1947320666832466,-1.6538797395843954,False,103,-2.50654851595347,-0x1.40d694eeedc23p+1,-1.1947320666832466,-0x1.31d9f5f1e314cp+0,0.4766443015481711,-0.19722896820569644,-0x1.93ecc8022368fp-3,0.26200121845366076,0x1.0c4a0c23151eap-2,-1.3284114440045707,0.014810126642280262,0x1.e54c58ca02d9fp-7,0.05527861217839757,0x1.c4d7a6ef2efafp-5,3.7324874738469167,-0.21142153571511813,-0x1.b0fdc62c88400p-3,-0.37850934095220856,-0x1.8397f3e27b22ap-2,1.7903064589514401,-0.9999999433243741,-0x1.fffffe1928fb1p-1,-0.23278186883715135,-0x1.dcbcbd8e0f014p-3,0.2327818820302102,0.9999999915137647,0x1.ffffffb71a924p-1,-0.032145791836756824,-0x1.07569c9492972p-5,-0.03214579210955358,-1.3277225685903369
H593-2f5a93c328b7e7c9e25412f0,DIFFICULT-0013,38,1409,/hkfs/work/workspace/scratch/ap7811-benchmark/dailymed/data/box_flat_20000_images/data/raw_images/otc/Antacid WG.jpg,72,370.79168701171875,0x1.72caac0000000p+8,False,False,False,CHALLENGER,37,-1.8974480238770526,-0x1.e5bf27586969ap+0,-1.8974480238770526,-0x1.e5bf27586969ap+0,0.0011829339511675435,0.022481335426535857,0.05261849123834818,0.0011429527859079202,0.0011804464109803658,3.998116525962339e-05,2.4875401871777766e-06,-1.3277225685903369,0.0,-1.2945797743813043,-0.6028682494957482,False,49,-2.716029060195258,-0x1.5ba6d71a431a9p+1,-1.2945797743813043,-0x1.4b69948107dffp+0,0.4766443015481711,0.36771889916088446,0x1.788b4d9811881p-2,-0.48848199382208163,-0x1.f4349fb09a54fp-2,-1.3284114440045707,0.22317040670736057,0x1.c90d90f1f1ef9p-3,0.8329807475685452,0x1.aa7c73da02523p-1,3.7324874738469167,0.15747120597841635,0x1.4280437de96d4p-3,0.2819217171620314,0x1.20b0162cf8ebcp-2,1.7903064589514401,0.5609527632810677,0x1.1f353359c9395p-1,0.13057963996661393,0x1.0b6d569970c40p-3,0.2327818820302102,0.9999999897643441,0x1.ffffffa8138e0p-1,-0.032145791780520315,-0x1.07569c8cd7f1bp-5,-0.03214579210955358,-1.3277225685903369
H593-2f5a93c328b7e7c9e25412f0,DIFFICULT-0013,39,1411,/hkfs/work/workspace/scratch/ap7811-benchmark/dailymed/data/box_flat_20000_images/data/raw_images/otc/Antacid_Box-81632.jpg,94,364.06207275390625,0x1.6c0fe40000000p+8,False,False,False,CHALLENGER,38,-4.049167659261132,-0x1.0325901c23092p+2,-4.049167659261132,-0x1.0325901c23092p+2,0.00010742499801648641,0.007433633208100927,0.014451210465888766,0.00010801541354431734,9.391909196883918e-05,-5.90415527830927e-07,1.3505906047647228e-05,-1.3277225685903369,0.0,-1.3626890222685364,-2.6864786369925953,False,127,-2.858922298750736,-0x1.6df12a7778434p+1,-1.3626890222685364,-0x1.5cd9301142f6ep+0,0.4766443015481711,-0.6716248238608639,-0x1.57df357b540e3p-1,0.8921941020943256,0x1.c8cdaa545bc1ep-1,-1.3284114440045707,-0.3152328956605125,-0x1.42cc6985f0edap-2,-1.176602834397355,-0x1.2d35d7e61e175p+0,3.7324874738469167,-0.4521123620347727,-0x1.cef68b043a054p-2,-0.8094196819226454,-0x1.9e6c41ad31666p-1,1.7903064589514401,-0.9999999155110597,-0x1.fffffd2a3edb0p-1,-0.23278186236271567,-0x1.dcbcbcaf99443p-3,0.2327818820302102,0.9999999908017272,0x1.ffffffb0fcc8cp-1,-0.03214579181386781,-0x1.07569c916d414p-5,-0.03214579210955358,-1.3277225685903369
H593-2f5a93c328b7e7c9e25412f0,DIFFICULT-0013,40,1681,/hkfs/work/workspace/scratch/ap7811-benchmark/dailymed/data/box_flat_20000_images/data/raw_images/otc/Bayer Aspirin Headache 50ct Final Artwork.jpg,126,360.1282043457031,0x1.6820d20000000p+8,False,False,False,CHALLENGER,39,-2.8081585898029644,-0x1.6771bd9c97b50p+1,-2.8081585898029644,-0x1.6771bd9c97b50p+1,0.0004413131986859098,0.01810490176615202,0.024375343450411088,0.000467735418590231,0.0004440127402558866,-2.642221990432122e-05,-2.699541569976848e-06,-1.3277225685903369,0.0,-1.402503015805983,-1.4056555739969814,False,100,-2.9424520785217902,-0x1.78a2450ba62f2p+1,-1.402503015805983,-0x1.670a70096d95ep+0,0.4766443015481711,-0.10680739404143878,-0x1.b57bab86103d7p-4,0.14188416454895286,0x1.22942a3476db2p-3,-1.3284114440045707,0.11818396798833433,0x1.e414df56be152p-4,0.44112018012598286,0x1.c3b5022cfca5ap-2,3.7324874738469167,-0.22218671662200104,-0x1.c709d44bfa16fp-3,-0.39778231386158175,-0x1.97543f33d9ce5p-2,1.7903064589514401,-0.9999999734520366,-0x1.ffffff1bf4694p-1,-0.2327818758503253,-0x1.dcbcbe7f07891p-3,0.2327818820302102,0.9448564921393338,0x1.e3c43aea4dae3p-1,-0.03037316036967307,-0x1.f1a2449db0afdp-6,-0.03214579210955358,-1.3277225685903369
H593-2f5a93c328b7e7c9e25412f0,DIFFICULT-0013,41,1761,/hkfs/work/workspace/scratch/ap7811-benchmark/dailymed/data/box_flat_20000_images/data/raw_images/otc/Bismuth Carton.jpg,82,366.82159423828125,0x1.6ed2540000000p+8,False,False,False,CHALLENGER,40,-2.7758620784479335,-0x1.634f72d691faap+1,-2.7758620784479335,-0x1.634f72d691faap+1,0.0005858852772239473,0.015735248267939428,0.03723393919482597,0.0006054701594165479,0.0007576359057847845,-1.9584882192600554e-05,-0.0001717506285608372,-1.3277225685903369,0.0,-1.3347603883782289,-1.4411016900697047,False,99,-2.8003280098867056,-0x1.667125f244a11p+1,-1.3347603883782289,-0x1.55b2db5814ac2p+0,0.4766443015481711,0.03445459954087352,0x1.1a40884731cb5p-5,-0.045769884328691016,-0x1.76f2678aab772p-5,-1.3284114440045707,0.0485609385531626,0x1.8dcfab5e5d614p-5,0.1812530948679292,0x1.7334d2960d659p-3,3.7324874738469167,-0.01412998052762116,-0x1.cf02de212f183p-7,-0.02529699540345824,-0x1.9e7749fc797ecp-6,1.7903064589514401,-0.9999999675644137,-0x1.fffffee961643p-1,-0.23278187447979337,-0x1.dcbcbe4ff0358p-3,0.2327818820302102,-0.2867105540045673,-0x1.25977393787b7p-2,0.009216537864645755,0x1.2e01ec5b02058p-7,-0.03214579210955358,-1.3277225685903369
H593-2f5a93c328b7e7c9e25412f0,DIFFICULT-0013,42,1903,/hkfs/work/workspace/scratch/ap7811-benchmark/dailymed/data/box_flat_20000_images/data/raw_images/otc/C00009373_AS_16ct_Ctn_R (1) - proof report_Page_1.jpg,96,363.8542785644531,0x1.6bdab20000000p+8,False,False,False,CHALLENGER,41,-3.060510420602294,-0x1.87bece32c6eb6p+1,-3.060510420602294,-0x1.87bece32c6eb6p+1,0.00021939047261379798,0.015502105897769779,0.014152301246075267,0.0002203515930211797,0.00018902251779992442,-9.61120407381717e-07,3.0367954813873558e-05,-1.3277225685903369,-4.440892098500626e-16,-1.3647920708857078,-1.6957183497165864,False,119,-2.8633344958762246,-0x1.6e81bea8a6052p+1,-1.3647920708857078,-0x1.5d63035e4b529p+0,0.4766443015481711,-0.4273639934983346,-0x1.b59ee81e40d2bp-2,0.5677152197186827,0x1.22ab91bc44325p-1,-1.3284114440045707,0.04111226310441136,0x1.50caaa2fef919p-5,0.15345100705871415,0x1.3a448586d7f23p-3,3.7324874738469167,-0.46038729792262223,-0x1.d76fc490492fcp-2,-0.8242343530900715,-0x1.a6020b8d85ed0p-1,1.7903064589514401,-0.9999999180769282,-0x1.fffffd4049429p-1,-0.23278186296000336,-0x1.dcbcbcc41f108p-3,0.2327818820302102,0.9999999920368288,0x1.ffffffbb98cd2p-1,-0.03214579185357114,-0x1.07569c96e2310p-5,-0.03214579210955358,-1.3277225685903369
H593-2f5a93c328b7e7c9e25412f0,DIFFICULT-0013,43,1911,/hkfs/work/workspace/scratch/ap7811-benchmark/dailymed/data/box_flat_20000_images/data/raw_images/otc/C7281_Zegerid_Capsule_42ct_Crtn_.jpg,35,449.96240234375,0x1.c1f6600000000p+8,False,False,False,CHALLENGER,42,-2.0054555636546354,-0x1.00b2c495bd2c0p+1,-2.0054555636546354,-0x1.00b2c495bd2c0p+1,0.00038414815147180494,0.015366286424956398,0.024999413706613564,0.00038154560916619324,0.00034500244912990987,2.602542305611699e-06,3.914570234189507e-05,-1.3277225685903369,4.440892098500626e-16,-0.4933068233055659,-1.5121487403490694,False,53,-1.0349579795736021,-0x1.08f3019300bb4p+0,-0.4933068233055659,-0x1.f9256c83f6d77p-2,0.4766443015481711,-0.17476694344440263,-0x1.65ec36141fee2p-3,0.23216240770524404,0x1.db77f6e3a31b2p-3,-1.3284114440045707,0.03671895235406324,0x1.2ccd397021747p-5,0.13705302971432282,0x1.18af4243869eep-3,3.7324874738469167,-0.21013738991135933,-0x1.ae5c830ab04f4p-3,-0.3762103264255038,-0x1.813d47a1a8fbep-2,1.7903064589514401,-0.6241271426083151,-0x1.3f8d97c418e79p-1,-0.14528549088250098,-0x1.298b707f63a18p-3,0.2327818820302102,0.9999999925570793,0x1.ffffffc010d82p-1,-0.032145791870294996,-0x1.07569c992e9c2p-5,-0.03214579210955358,-1.3277225685903369
H593-2f5a93c328b7e7c9e25412f0,DIFFICULT-0013,44,1939,/hkfs/work/workspace/scratch/ap7811-benchmark/dailymed/data/box_flat_20000_images/data/raw_images/otc/CARTON IMAGE 2 OF 2.jpg,22,467.622802734375,0x1.d39f700000000p+8,False,False,False,CHALLENGER,43,-3.460245184203411,-0x1.bae9506f25c76p+1,-3.460245184203411,-0x1.bae9506f25c76p+1,4.990666210622714e-05,0.005621872039161188,0.008877231953801898,4.757545567727239e-05,5.130078325838727e-05,2.331206428954749e-06,-1.3941211521601295e-06,-1.3277225685903369,0.0,-0.3145690023975613,-3.14567618180585,False,124,-0.6599659355536636,-0x1.51e70e1b5aa38p-1,-0.3145690023975613,-0x1.421e6066880f7p-2,0.4766443015481711,-0.8327423133834567,-0x1.aa5d3353f4649p-1,1.1062244190054245,0x1.1b318605aa36dp+0,-1.3284114440045707,-0.43497805669589396,-0x1.bd6ae33ff22cap-2,-1.6235501480156982,-0x1.9fa0fb8524b4cp+0,3.7324874738469167,-0.6236745398945951,-0x1.3f5244f063e88p-1,-1.1165685570568613,-0x1.1dd76fdc4d16dp+0,1.7903064589514401,-0.65658608144578,-0x1.502c0d05a307ap-1,-0.15284134375378955,-0x1.3904e1e7319a4p-3,0.2327818820302102,0.9711374754181403,0x1.f138ee61ae8cap-1,-0.03121798339458824,-0x1.ff79b66e8457bp-6,-0.03214579210955358,-1.3277225685903369
H593-2f5a93c328b7e7c9e25412f0,DIFFICULT-0013,45,1965,/hkfs/work/workspace/scratch/ap7811-benchmark/dailymed/data/box_flat_20000_images/data/raw_images/otc/CDC Omeprazole caps 14ct carton label.jpg,34,450.1661376953125,0x1.c22a880000000p+8,False,False,False,CHALLENGER,44,-0.5632243289188757,-0x1.205ef0720946dp-1,-0.5632243289188757,-0x1.205ef0720946dp-1,0.0029449466504186893,0.030855309977321096,0.095443755145654,0.0029251086078745043,0.0026418240479282678,1.9838042544185076e-05,0.00030312260249042156,-1.3277225685903369,0.0,-0.4912448534761877,-0.07197947544268807,False,14,-1.0306319657669105,-0x1.07d77f1b2e5acp+0,-0.4912448534761877,-0x1.f708e41008be3p-2,0.4766443015481711,0.6867767302684776,0x1.5fa1331850587p-1,-0.912322067964686,-0x1.d31be0caa7a30p-1,-1.3284114440045707,0.3673030203638445,0x1.781e4870bd2afp-2,1.3709539226141885,0x1.5ef6d615f36b3p+0,3.7324874738469167,0.42724963941099064,0x1.b580edf1fdf31p-2,0.7649077890221703,0x1.87a1fe649c9d8p-1,1.7903064589514401,0.2764357816149868,0x1.1b11fb45ec199p-2,0.0643492415048288,0x1.079311fc92011p-4,0.2327818820302102,0.9999999974895362,0x1.ffffffea6f6e8p-1,-0.03214579202885273,-0x1.07569caef95d4p-5,-0.03214579210955358,-1.3277225685903369
H593-2f5a93c328b7e7c9e25412f0,DIFFICULT-0013,46,1970,/hkfs/work/workspace/scratch/ap7811-benchmark/dailymed/data/box_flat_20000_images/data/raw_images/otc/CDER Famo 20mg.jpg,44,433.39910888671875,0x1.b1662c0000000p+8,False,False,False,CHALLENGER,45,-2.7317252108091896,-0x1.5da92bf50ac64p+1,-2.7317252108091896,-0x1.5da92bf50ac64p+1,0.00020642610883296288,0.011194307525187292,0.018440274967299435,0.00020733364121830976,0.00019338490648938546,-9.075323853468772e-07,1.3041202343577426e-05,-1.3277225685903369,0.0,-0.6609410169867661,-2.0707841938224236,False,97,-1.3866546077231754,-0x1.62fbcbdf04ccap+0,-0.6609410169867661,-0x1.5266dc6916169p-1,0.4766443015481711,-0.45192960972749313,-0x1.cec6a2b77e97fp-2,0.6003484654465212,0x1.3360dfc297db4p-1,-1.3284114440045707,-0.12105323968839207,-0x1.efd585989579ep-4,-0.4518297008055118,-0x1.ceac71f148d87p-2,3.7324874738469167,-0.35002540042870983,-0x1.666d0efe71449p-2,-0.6266527351845834,-0x1.40d8a097222b0p-1,1.7903064589514401,-0.9999999177156923,-0x1.fffffd3d2ee4dp-1,-0.23278186287591418,-0x1.dcbcbcc13b688p-3,0.2327818820302102,0.9999999907622406,0x1.ffffffb0a5f3cp-1,-0.03214579181259849,-0x1.07569c9140983p-5,-0.03214579210955358,-1.3277225685903369
H593-2f5a93c328b7e7c9e25412f0,DIFFICULT-0013,47,1973,/hkfs/work/workspace/scratch/ap7811-benchmark/dailymed/data/box_flat_20000_images/data/raw_images/otc/CDER portal 15ct.jpg,75,368.9773254394531,0x1.70fa320000000p+8,False,False,False,CHALLENGER,46,-0.5390654930227179,-0x1.1400646dde8fap-1,-0.5390654930227179,-0x1.1400646dde8fap-1,0.011500582757615228,0.06189684446332727,0.18580240814100157,0.011571466923281978,0.015254218934595705,-7.088416566674964e-05,-0.0037536361769804766,-1.3277225685903369,0.0,-1.31294261025099,0.7738771172282721,False,13,-2.754554299687353,-0x1.60953c3c1b4f8p+1,-1.31294261025099,-0x1.501d01c48d895p+0,0.4766443015481711,0.909216049265385,0x1.d184c4192fb1dp-1,-1.207813004916761,-0x1.35333babcd0ccp+0,-1.3284114440045707,0.6251301303721192,0x1.40110e73628b3p-1,2.333290381138225,0x1.2aa9425b87afcp+1,3.7324874738469167,0.6581827331714287,0x1.50fd53c386bfap-1,1.178348798367121,0x1.2da844504486ep+0,1.7903064589514401,-0.9999999878241247,-0x1.ffffff9768f79p-1,-0.23278187919588703,-0x1.dcbcbef1fb685p-3,0.2327818820302102,-0.950525354042535,-0x1.e6ab425b43553p-1,0.030555390425911145,0x1.f49e98a62195dp-6,-0.03214579210955358,-1.3277225685903369
H593-2f5a93c328b7e7c9e25412f0,DIFFICULT-0013,48,1993,/hkfs/work/workspace/scratch/ap7811-benchmark/dailymed/data/box_flat_20000_images/data/raw_images/otc/CDMA Esomeprazole Caps 42ct carton.jpg,37,446.92291259765625,0x1.beec440000000p+8,False,False,False,CHALLENGER,47,-2.1475569717681564,-0x1.12e3259805406p+1,-2.1475569717681564,-0x1.12e3259805406p+1,0.00031715364678270067,0.015593398161562962,0.02033896931872556,0.00032472776601319306,0.00030908391014534167,-7.574119230492388e-06,8.069736637359001e-06,-1.3277225685903369,0.0,-0.5240689669644049,-1.6234880048037517,False,65,-1.0994969734500033,-0x1.1978a23704cc7p+0,-0.5240689669644049,-0x1.0c52c483ebd6dp-1,0.4766443015481711,-0.2658571647061968,-0x1.103cdc4f48172p-2,0.35316770006631987,0x1.69a4cb27274d5p-2,-1.3284114440045707,0.04404281411706152,0x1.68cc79c835f49p-5,0.16438925200490026,0x1.50ab4fe9664bbp-3,3.7324874738469167,-0.306313326460569,-0x1.39aa335de890fp-2,-0.5483947268252578,-0x1.18c7319206d40p-1,1.7903064589514401,-0.9999999468638299,-0x1.fffffe3790538p-1,-0.2327818696610725,-0x1.dcbcbdaa5e4acp-3,0.2327818820302102,0.9999999903175731,0x1.ffffffacd41e4p-1,-0.0321457917983043,-0x1.07569c8f49a99p-5,-0.03214579210955358,-1.3277225685903369
H593-2f5a93c328b7e7c9e25412f0,DIFFICULT-0013,49,1994,/hkfs/work/workspace/scratch/ap7811-benchmark/dailymed/data/box_flat_20000_images/data/raw_images/otc/CDMA Esomeprazole Caps(crystalline) 42ct carton.jpg,29,457.05352783203125,0x1.c90db40000000p+8,False,False,False,CHALLENGER,48,-2.1383109277136247,-0x1.11b42c279aceep+1,-2.1383109277136247,-0x1.11b42c279aceep+1,0.00025158173053895026,0.014443358301088461,0.01741850650620437,0.0002604554100966021,0.00035889914312112924,-8.873679557651858e-06,-0.00010731741258217898,-1.3277225685903369,0.0,-0.4215387835371456,-1.7167721441764792,False,64,-0.8843885936912719,-0x1.c4ce94edb8092p-1,-0.4215387835371456,-0x1.afa7dce526914p-2,0.4766443015481711,-0.3698158870100993,-0x1.7ab10410ff993p-2,0.4912676564789172,0x1.f70ede58a3571p-2,-1.3284114440045707,0.005764784002905187,0x1.79cd06c2cfb32p-8,0.021516984080276698,0x1.6088c5bbbbdc2p-6,3.7324874738469167,-0.37478167115971994,-0x1.7fc6c43315bbap-2,-0.6709740465738613,-0x1.5789e904ffc07p-1,1.7903064589514401,-0.9999999502960681,-0x1.fffffe550be5ep-1,-0.2327818704600354,-0x1.dcbcbdc5d20b4p-3,0.2327818820302102,-0.05978079127778674,-0x1.e9b967eef2738p-5,0.0019217008885603465,0x1.f7c329e0517b6p-10,-0.03214579210955358,-1.3277225685903369
H593-2f5a93c328b7e7c9e25412f0,DIFFICULT-0013,50,1995,/hkfs/work/workspace/scratch/ap7811-benchmark/dailymed/data/box_flat_20000_images/data/raw_images/otc/CDMA Famotidine 20mg 25ct carton.jpg,36,449.84442138671875,0x1.c1d82c0000000p+8,False,False,False,CHALLENGER,49,-2.2008695705318937,-0x1.19b6181619182p+1,-2.2008695705318937,-0x1.19b6181619182p+1,0.0003417116927244046,0.014178844295098017,0.024100108980147483,0.000344184359619711,0.0003298937155890924,-2.472666895306393e-06,1.1817977135312183e-05,-1.3277225685903369,0.0,-0.4945008879191633,-1.7063686826127304,False,68,-1.0374631277726238,-0x1.09972efc96dbap+0,-0.4945008879191633,-0x1.fa5e70d5d2b4dp-2,0.4766443015481711,-0.23087171519472763,-0x1.d8d34512a9895p-3,0.3066926285616401,0x1.3a0da1e662d61p-2,-1.3284114440045707,-0.0034769683396498273,-0x1.c7bbb29db53f3p-9,-0.012977740774705293,-0x1.a9412e1a068d3p-7,3.7324874738469167,-0.22757743117202214,-0x1.d2141dc1883edp-3,-0.40743334493884803,-0x1.a13634ef3fbbbp-2,1.7903064589514401,-0.9999999271037141,-0x1.fffffd8dd35f4p-1,-0.23278186506127557,-0x1.dcbcbd0c520cep-3,0.2327818820302102,0.9999999906566622,0x1.ffffffafbdc87p-1,-0.032145791809204585,-0x1.07569c90c92eap-5,-0.03214579210955358,-1.3277225685903369
H593-2f5a93c328b7e7c9e25412f0,DIFFICULT-0013,51,1996,/hkfs/work/workspace/scratch/ap7811-benchmark/dailymed/data/box_flat_20000_images/data/raw_images/otc/CDMA Lanso Caps 14ct Carton Label.jpg,31,454.1547546386719,0x1.c6279e0000000p+8,False,False,False,CHALLENGER,50,0.44898836419723853,0x1.cbc39b120bf50p-2,0.44898836419723853,0x1.cbc39b120bf50p-2,0.009746446841163303,0.051047042137897236,0.19093068732238175,0.009720737977719286,0.014214216374137731,2.570886344401696e-05,-0.004467769532974428,-1.3277225685903369,5.551115123125783e-17,-0.45087675959813206,0.8998651237953705,False,6,-0.9459396831844115,-0x1.e45234c688031p-1,-0.45087675959813206,-0x1.cdb2a32400711p-2,0.4766443015481711,0.8937450800185383,0x1.c998f48347f2ep-1,-1.187261192319407,-0x1.2ff05978d262cp+0,-1.3284114440045707,0.5628679854799634,0x1.20303b8b34252p-1,2.1008977052334115,0x1.0cea374c1c069p+1,3.7324874738469167,0.6658297233517237,0x1.54e7a22d0031fp-1,1.1920392542784415,0x1.31297c0cac941p+0,1.7903064589514401,0.3913862483043788,0x1.90c78e8249283p-2,0.09110762748103646,0x1.752d458727bdcp-4,0.2327818820302102,-0.9582684292626313,-0x1.eaa228d8f1d02p-1,0.030804297712225,0x1.f8b296d004295p-6,-0.03214579210955358,-1.3277225685903369
H593-2f5a93c328b7e7c9e25412f0,DIFFICULT-0013,52,1998,/hkfs/work/workspace/scratch/ap7811-benchmark/dailymed/data/box_flat_20000_images/data/raw_images/otc/CDMA Omeprazole Caps 14ct Carton.jpg,26,460.9239196777344,0x1.ccec860000000p+8,False,False,False,CHALLENGER,51,0.7592154421760344,0x1.84b7e2ed874b6p-1,0.7592154421760344,0x1.84b7e2ed874b6p-1,0.011819300664777451,0.05384219452303642,0.2195174392403444,0.011128133102080795,0.01348878328975104,0.0006911675626966561,-0.0016694826249735884,-1.3277225685903369,-1.1102230246251565e-16,-0.38236722517721616,1.1415826673532505,False,3,-0.8022066432668198,-0x1.9abad442ee0b4p-1,-0.38236722517721616,-0x1.878b461ccb2c5p-2,0.4766443015481711,0.9115558601709012,0x1.d2b7731fd284dp-1,-1.2109212365004554,-0x1.35feef24cd247p+0,-1.3284114440045707,0.5808047283247086,0x1.295f3cc308988p-1,2.1678463732230364,0x1.157bfd6ddf612p+1,3.7324874738469167,0.7028822846962545,0x1.67e02fd36a95dp-1,1.2583746941742493,0x1.4224d80d97a7bp+0,1.7903064589514401,0.9679805118339784,0x1.ef9b2442fc0bep-1,0.22532832531327962,0x1.cd78efe0a9f40p-3,0.2327818820302102,-0.8920943567277949,-0x1.c8c0976e2f1f7p-1,0.028677079733477627,0x1.d5d863e6678f6p-6,-0.03214579210955358,-1.3277225685903369
H593-2f5a93c328b7e7c9e25412f0,DIFFICULT-0013,53,1999,/hkfs/work/workspace/scratch/ap7811-benchmark/dailymed/data/box_flat_20000_images/data/raw_images/otc/CDMA Omeprazole Caps 42ct Carton.jpg,39,440.64105224609375,0x1.b8a41c0000000p+8,False,False,False,CHALLENGER,52,-2.7385010865747335,-0x1.5e87341f7310ap+1,-2.7385010865747335,-0x1.5e87341f7310ap+1,0.0001657153231563907,0.010666922868366752,0.015535438401624434,0.00016833542402217244,0.00024206330430582028,-2.620100865781736e-06,-7.634798114942957e-05,-1.3277225685903369,0.0,-0.5876465759456097,-2.1508545106291237,False,98,-1.232882831152908,-0x1.3b9e358f9a047p+0,-0.5876465759456097,-0x1.2ce0031295e67p-1,0.4766443015481711,-0.5348814526290716,-0x1.11dbfb548ec39p-1,0.7105426428582474,0x1.6bcc3ecafaaa5p-1,-1.3284114440045707,-0.14475470900916704,-0x1.287528291748ap-3,-0.5402951381570714,-0x1.14a190792514bp-1,3.7324874738469167,-0.42286797800926235,-0x1.b1044da04d3d4p-2,-0.757063272313718,-0x1.839dcc172e299p-1,1.7903064589514401,-0.9999999278788283,-0x1.fffffd947bddcp-1,-0.2327818652417081,-0x1.dcbcbd128526dp-3,0.2327818820302102,0.10994624654112865,0x1.c256fed364c3bp-4,-0.003534309184536846,-0x1.cf3fbcb91b886p-9,-0.03214579210955358,-1.3277225685903369
H593-2f5a93c328b7e7c9e25412f0,DIFFICULT-0013,54,2000,/hkfs/work/workspace/scratch/ap7811-benchmark/dailymed/data/box_flat_20000_images/data/raw_images/otc/CDMA Omeprazole DR Tablets 14ct Bottle label.jpg,89,364.8743591308594,0x1.6cdfd60000000p+8,False,False,False,CHALLENGER,53,-2.5423759651320106,-0x1.456c935c30702p+1,-2.5423759651320106,-0x1.456c935c30702p+1,0.0012792526361724574,0.016896800825706788,0.07570975413441595,0.0012884153273749724,0.0014045579643724685,-9.162691202514988e-06,-0.00012530532820001104,-1.3277225685903369,0.0,-1.3544680140377754,-1.1879079510942352,False,84,-2.841674619078371,-0x1.6bbbfe71684d6p+1,-1.3544680140377754,-0x1.5abe6a6fc5335p+0,0.4766443015481711,0.4010687484049225,0x1.9ab1c417631e1p-2,-0.532784315213689,-0x1.10c91b13543fdp-1,-1.3284114440045707,0.08401117378731246,0x1.581c19bea42a6p-4,0.3135706538243202,0x1.4118aa5ca4a6dp-2,3.7324874738469167,0.3281131017928864,0x1.4ffce1865bb73p-2,0.5874230054063958,0x1.2cc2b54a46e9ap-1,1.7903064589514401,-0.9999999509999545,-0x1.fffffe5b17c2bp-1,-0.2327818706238874,-0x1.dcbcbdcb734d2p-3,0.2327818820302102,-0.13647646597135935,-0x1.1780f9302a481p-3,0.004387144102961881,0x1.1f841071ef7ccp-8,-0.03214579210955358,-1.3277225685903369
H593-2f5a93c328b7e7c9e25412f0,DIFFICULT-0013,55,2001,/hkfs/work/workspace/scratch/ap7811-benchmark/dailymed/data/box_flat_20000_images/data/raw_images/otc/CDMA Omeprazole DR Tablets 14ct Carton.jpg,17,471.72607421875,0x1.d7b9e00000000p+8,False,False,False,CHALLENGER,54,0.49898289947005336,0x1.fef55f89f2d38p-2,0.49898289947005336,0x1.fef55f89f2d38p-2,0.007815262181197909,0.044583727025718715,0.1752940523947128,0.0077537267342934445,0.008434655441652344,6.153544690446454e-05,-0.0006193932604544351,-1.3277225685903369,-1.1102230246251565e-16,-0.2730405099801147,0.7720234094501681,False,5,-0.5728391362138636,-0x1.254b2bd7d09b2p-1,-0.2730405099801147,-0x1.1797ee736419bp-2,0.4766443015481711,0.8692061007509331,0x1.bd0895006afa0p-1,-1.1546633314361294,-0x1.2798041e68990p+0,-1.3284114440045707,0.514868507428669,0x1.079cd8524afdap-1,1.9217402546557651,0x1.ebf72b592739ap+0,3.7324874738469167,0.6413661768114817,0x1.486125c454ec9p-1,1.148242008898587,0x1.25f330341cdeap+0,1.7903064589514401,0.6909779181217732,0x1.61c7db912eaf6p-1,0.16084714022170285,0x1.496a39b7423b7p-3,0.2327818820302102,-0.7335300875529431,-0x1.7791417158044p-1,0.023579905700579547,0x1.82554af4e985fp-6,-0.03214579210955358,-1.3277225685903369
H593-2f5a93c328b7e7c9e25412f0,DIFFICULT-0013,56,2002,/hkfs/work/workspace/scratch/ap7811-benchmark/dailymed/data/box_flat_20000_images/data/raw_images/otc/CDMA QC Omeprazole DR Tablets 14ct carton label.jpg,15,472.24273681640625,0x1.d83e240000000p+8,False,False,False,CHALLENGER,55,0.5085427648735488,0x1.045fb79f7fa58p-1,0.5085427648735488,0x1.045fb79f7fa58p-1,0.008220623424564586,0.04380221101198758,0.1876759924816308,0.008163256615081212,0.010438104938351218,5.7366809483374095e-05,-0.0022174815137866316,-1.3277225685903369,1.1102230246251565e-16,-0.2678114582708018,0.7763542231443505,False,4,-0.5618685829263732,-0x1.1fad3d28a3246p-1,-0.2678114582708018,-0x1.123d2abb11931p-2,0.4766443015481711,0.8752533086706297,0x1.c02133a0e98c3p-1,-1.1626965116409294,-0x1.29a67a84abcb9p+0,-1.3284114440045707,0.5083406485698878,0x1.044539b9ab91ep-1,1.8973751032343238,0x1.e5ba5ff0a2d3dp+0,3.7324874738469167,0.6610167507548028,0x1.5270c99d333b4p-1,1.1834225583514177,0x1.2ef4c7e177ce4p+0,1.7903064589514401,0.6722028338218279,0x1.582af8471627fp-1,0.15647664076308573,0x1.4076d33552b9fp-3,0.2327818820302102,-0.9176629067423886,-0x1.d5d7e99a6bf57p-1,0.029499001026789477,0x1.e34fc72b2ecbep-6,-0.03214579210955358,-1.3277225685903369
H593-2f5a93c328b7e7c9e25412f0,DIFFICULT-0013,57,2115,/hkfs/work/workspace/scratch/ap7811-benchmark/dailymed/data/box_flat_20000_images/data/raw_images/otc/CS 2016 Globe Antacid 50pk 031124 CDER.jpg,92,364.438720703125,0x1.6c70500000000p+8,False,False,False,CHALLENGER,56,-2.0463879335393114,-0x1.05f00a30bd7c9p+1,-2.0463879335393114,-0x1.05f00a30bd7c9p+1,0.0008205229215102231,0.025157429081366853,0.032615531533703224,0.0008028052534580734,0.000674426667753514,1.7717668052149725e-05,0.00014609625375670908,-1.3277225685903369,0.0,-1.3588770343065553,-0.6875108992327561,False,57,-2.850924745964309,-0x1.6ceb1a21a30c6p+1,-1.3588770343065553,-0x1.5bdf5d85a1d2fp+0,0.4766443015481711,0.20013882465386348,0x1.99e2625462c25p-3,-0.26586670505981636,-0x1.103f5c8d4f0aap-2,-1.3284114440045707,0.2758864546123994,0x1.1a81fa8fe0ea5p-2,1.0297427360448168,0x1.079d384e9b260p+0,3.7324874738469167,-0.0801745129163424,-0x1.486511ef2cbaap-4,-0.14353694831741345,-0x1.25f6b31653d4bp-3,1.7903064589514401,0.2234640351416212,0x1.c9a783161fa85p-3,0.05201837866633161,0x1.aa22726535f8dp-5,0.2327818820302102,0.9999999958558913,0x1.ffffffdc67023p-1,-0.03214579197633792,-0x1.07569ca7c1a9ep-5,-0.03214579210955358,-1.3277225685903369
H593-2f5a93c328b7e7c9e25412f0,DIFFICULT-0013,58,2160,/hkfs/work/workspace/scratch/ap7811-benchmark/dailymed/data/box_flat_20000_images/data/raw_images/otc/CVS 172.jpg,91,364.5981140136719,0x1.6c991e0000000p+8,False,False,False,CHALLENGER,57,-2.5607969360061986,-0x1.47c831a9ebfc0p+1,-2.5607969360061986,-0x1.47c831a9ebfc0p+1,0.0006510741909393651,0.02003295696962888,0.03250015421719475,0.0006518263848803251,0.0007128480131366615,-7.521939409599939e-07,-6.177382219729646e-05,-1.3277225685903369,0.0,-1.357263842512241,-1.2035330934939577,False,87,-2.847540268715605,-0x1.6c7c3314169a0p+1,-1.357263842512241,-0x1.5b75a4a7a2248p+0,0.4766443015481711,0.08699755974117897,0x1.64578d9eb9041p-4,-0.11556855396065345,-0x1.d95e697b4ff1fp-4,-1.3284114440045707,0.16773666744172444,0x1.5786526804938p-3,0.6260750101310624,0x1.408ce75ab6290p-1,3.7324874738469167,-0.0819347553597144,-0x1.4f9ad16acfce8p-4,-0.1466883217331028,-0x1.2c6aed4463f2ap-3,1.7903064589514401,-0.9999999166503237,-0x1.fffffd34081fap-1,-0.23278186262791567,-0x1.dcbcbcb8b5fd8p-3,0.2327818820302102,0.21299200497773324,0x1.b43526fd82bb2p-3,-0.006846796713011214,-0x1.c0b62ff6f96d7p-8,-0.03214579210955358,-1.3277225685903369
H593-2f5a93c328b7e7c9e25412f0,DIFFICULT-0013,59,2170,/hkfs/work/workspace/scratch/ap7811-benchmark/dailymed/data/box_flat_20000_images/data/raw_images/otc/CVS BISMUTH 12 CT.jpg,114,361.267822265625,0x1.6944900000000p+8,False,False,False,CHALLENGER,58,-2.9171517515320975,-0x1.75653a8526554p+1,-2.9171517515320975,-0x1.75653a8526554p+1,0.0005206349449787779,0.014949198077588736,0.03482694805946105,0.000521747469036293,0.0006219814910818977,-1.1125240575151013e-06,-0.00010134654610311974,-1.3277225685903369,0.0,-1.3909691423280817,-1.5261826092040158,False,113,-2.9182540057861286,-0x1.758958e622de9p+1,-1.3909691423280817,-0x1.64168dc00b55fp+0,0.4766443015481711,-0.02456425578468822,-0x1.9275f4cfbb6dbp-6,0.032631438497835306,0x1.0b5116256dacbp-5,-1.3284114440045707,0.022972296729566483,0x1.7860cbcab8405p-6,0.08574380978860138,0x1.5f34e6ae0617ep-4,3.7324874738469167,-0.04750974291426558,-0x1.85332701dc451p-5,-0.08505699960253209,-0x1.5c64ba796b8ffp-4,1.7903064589514401,-0.999999919080608,-0x1.fffffd48e8601p-1,-0.23278186319364183,-0x1.dcbcbccc262b9p-3,0.2327818820302102,-0.031219448338317583,-0x1.ff7fdb672ede1p-6,0.001003573896058505,0x1.0714b44031f5cp-10,-0.03214579210955358,-1.3277225685903369
H593-2f5a93c328b7e7c9e25412f0,DIFFICULT-0013,60,2204,/hkfs/work/workspace/scratch/ap7811-benchmark/dailymed/data/box_flat_20000_images/data/raw_images/otc/CVS Lanso Caps 14ct Carton Label.jpg,3,490.54864501953125,0x1.ea8c740000000p+8,False,False,False,CHALLENGER,59,-1.4414355286966205,-0x1.7101eb370b616p+0,-1.4414355286966205,-0x1.7101eb370b616p+0,0.0005115706344843759,0.017849622471438214,0.028660025460087876,0.0005158239159632171,0.000607534381336288,-4.253281478841173e-06,-9.596374685191214e-05,-1.3277225685903369,0.0,-0.0825405657883503,-1.3588949629082703,False,34,-0.17317015124329246,-0x1.62a70841ddd43p-3,-0.0825405657883503,-0x1.52160e6a78045p-4,0.4766443015481711,-0.03333856156930997,-0x1.111c07f459097p-5,0.044287326715322345,0x1.6acd417bd3924p-5,-1.3284114440045707,0.11117719782838563,0x1.c761bdcbbdcd7p-4,0.41496749827185,0x1.a8ed3d67ec10ap-2,3.7324874738469167,-0.143982091556298,-0x1.26e015338d442p-3,-0.2577720684865779,-0x1.07f566afe3749p-2,1.7903064589514401,-0.9999999354786036,-0x1.fffffdd5c3f2ep-1,-0.2327818670107981,-0x1.dcbcbd4f4e3b5p-3,0.2327818820302102,-0.003941921600143715,-0x1.0256785b23af2p-8,0.00012671619227037868,0x1.09be3cda855f0p-13,-0.03214579210955358,-1.3277225685903369
H593-2f5a93c328b7e7c9e25412f0,DIFFICULT-0013,61,2219,/hkfs/work/workspace/scratch/ap7811-benchmark/dailymed/data/box_flat_20000_images/data/raw_images/otc/CVS Omep caps 14ct carton.jpg,11,478.134765625,0x1.de22800000000p+8,False,False,False,CHALLENGER,60,-0.4744714562131789,-0x1.e5dbd86d48ce4p-2,-0.4744714562131789,-0x1.e5dbd86d48ce4p-2,0.003784894456958239,0.029382383886887745,0.1288150910943375,0.003862729036856997,0.004730096497511354,-7.783457989875807e-05,-0.0009452020405531147,-1.3277225685903369,-5.551115123125783e-17,-0.20817926609613938,-0.26629219011703953,False,10,-0.4367602117972665,-0x1.bf3e11a774031p-2,-0.20817926609613938,-0x1.aa59e41cb4a25p-3,0.4766443015481711,0.7475122538334872,0x1.7eb9ed1725ed9p-1,-0.9930038325260538,-0x1.fc6aff93010e5p-1,-1.3284114440045707,0.34595825996722246,0x1.6242e1d15c741p-2,1.291284871801533,0x1.4a91a5363506fp+0,3.7324874738469167,0.5416217264180523,0x1.154f716389852p-1,0.9696688751146688,0x1.f0787055221adp-1,1.7903064589514401,-0.9999999887741399,-0x1.ffffff9f92129p-1,-0.23278187941703335,-0x1.dcbcbef994a19p-3,0.2327818820302102,-0.8169760885244356,-0x1.a24ab09ba724bp-1,0.02626234350018275,0x1.ae48409cc64c0p-6,-0.03214579210955358,-1.3277225685903369
H593-2f5a93c328b7e7c9e25412f0,DIFFICULT-0013,62,2308,/hkfs/work/workspace/scratch/ap7811-benchmark/dailymed/data/box_flat_20000_images/data/raw_images/otc/Calmicid Box.jpg,27,458.3675537109375,0x1.ca5e180000000p+8,False,False,False,CHALLENGER,61,-2.043625835995321,-0x1.059588096e26fp+1,-2.043625835995321,-0x1.059588096e26fp+1,0.0003011262355287163,0.015493114640429588,0.019436132922099565,0.0003125644246589631,0.0003089958822029918,-1.1438189130246791e-05,-7.869646674275518e-06,-1.3277225685903369,0.0,-0.4082397576364017,-1.6353860783589194,False,56,-0.856487230226844,-0x1.b6857e8688266p-1,-0.4082397576364017,-0x1.a2099a5fe6b81p-2,0.4766443015481711,-0.2897826508260315,-0x1.28bcc880fbe58p-2,0.3849505896312808,0x1.8a307cc42b484p-2,-1.3284114440045707,0.040822664674467164,0x1.4e6b5536cc121p-5,0.15237008454650172,0x1.380dce9020ba1p-3,3.7324874738469167,-0.3267400787293487,-0x1.4e94f381bd755p-2,-0.584964873347455,-0x1.2b808410ac157p-1,1.7903064589514401,-0.9999999559153689,-0x1.fffffe8550df0p-1,-0.2327818717681068,-0x1.dcbcbdf2c3f63p-3,0.2327818820302102,0.8473096179424493,0x1.b1d290f54c538p-1,-0.027237438830803245,-0x1.be4219405390bp-6,-0.03214579210955358,-1.3277225685903369
H593-2f5a93c328b7e7c9e25412f0,DIFFICULT-0013,63,2316,/hkfs/work/workspace/scratch/ap7811-benchmark/dailymed/data/box_flat_20000_images/data/raw_images/otc/Cardinal Esomeprazole Crystalline 42ct carton.jpg,46,431.01019287109375,0x1.af029c0000000p+8,False,False,False,CHALLENGER,62,-2.4566158671271277,-0x1.3a72638412a62p+1,-2.4566158671271277,-0x1.3a72638412a62p+1,0.00024659306438766694,0.013803135864594734,0.01786500305486249,0.0002509026063482032,0.00034664420776487953,-4.309541960536266e-06,-0.00010005114337721259,-1.3277225685903369,0.0,-0.6851188178021833,-1.7714970493249442,False,77,-1.4373796467866575,-0x1.6ff81ccee27d6p+0,-0.6851188178021833,-0x1.5ec7e4c8ab4b7p-1,0.4766443015481711,-0.37842834247618956,-0x1.8382b82b42467p-2,0.5027085408810512,0x1.0163038d020b8p-1,-1.3284114440045707,-0.016902978491189078,-0x1.14f03af4c70a9p-6,-0.06309015548906709,-0x1.026ad2a866cd3p-4,3.7324874738469167,-0.3638527727818131,-0x1.7495d23ea091dp-2,-0.6514079692186707,-0x1.4d8558684bc22p-1,1.7903064589514401,-0.9999999357119694,-0x1.fffffdd7c5203p-1,-0.23278186706512144,-0x1.dcbcbd512c10ap-3,0.2327818820302102,-0.02479236332035885,-0x1.9632b569b2084p-6,0.0007969701572007771,0x1.a1d78616a969ap-11,-0.03214579210955358,-1.3277225685903369
H593-2f5a93c328b7e7c9e25412f0,DIFFICULT-0013,64,2318,/hkfs/work/workspace/scratch/ap7811-benchmark/dailymed/data/box_flat_20000_images/data/raw_images/otc/Cardinal Lanso Caps 14ct Carton Label.jpg,43,437.5560302734375,0x1.b58e580000000p+8,False,False,False,CHALLENGER,63,-2.3452938593236636,-0x1.2c3296d4a7026p+1,-2.3452938593236636,-0x1.2c3296d4a7026p+1,0.0002859709488867089,0.014425550943699995,0.019823918684478366,0.0002885717014298895,0.00025051572439698314,-2.600752543180612e-06,3.545522448972574e-05,-1.3277225685903369,0.0,-0.6188695432990908,-1.726424316024573,False,73,-1.2983886333875452,-0x1.4c63328de5cbcp+0,-0.6188695432990908,-0x1.3cdc7801eb8bdp-1,0.4766443015481711,-0.3132533131780092,-0x1.40c579fdda4fep-2,0.4161292860980152,0x1.aa1dcbaacb92fp-2,-1.3284114440045707,0.005147967178640732,0x1.51608eac531f2p-8,0.019214723010051584,0x1.3ad063bb82fe7p-6,3.7324874738469167,-0.3178886478429185,-0x1.45849a09051dap-2,-0.5691180994605167,-0x1.236372917d3b8p-1,1.7903064589514401,-0.9999999277780481,-0x1.fffffd939e3f9p-1,-0.2327818652182483,-0x1.dcbcbd11b6cc1p-3,0.2327818820302102,0.9999999923468634,0x1.ffffffbe42932p-1,-0.03214579186353744,-0x1.07569c9840d98p-5,-0.03214579210955358,-1.3277225685903369
H593-2f5a93c328b7e7c9e25412f0,DIFFICULT-0013,65,2320,/hkfs/work/workspace/scratch/ap7811-benchmark/dailymed/data/box_flat_20000_images/data/raw_images/otc/Cardinal Omep caps 14ct carton.jpg,42,437.6534423828125,0x1.b5a7480000000p+8,False,False,False,CHALLENGER,64,-2.723017698575699,-0x1.5c8bd80ce7e98p+1,-2.723017698575699,-0x1.5c8bd80ce7e98p+1,0.00012835340720046,0.011771850574976487,0.01090341797858884,0.00013089166966528127,0.00017158802881105098,-2.5382624648212612e-06,-4.3234621610590976e-05,-1.3277225685903369,-4.440892098500626e-16,-0.6178836523920546,-2.1051340461836445,False,95,-1.296320233736413,-0x1.4bdba4910a7d0p+0,-0.6178836523920546,-0x1.3c5b3eff83894p-1,0.4766443015481711,-0.6198121694639384,-0x1.3d58054b05567p-1,0.823365579049196,0x1.a5902c5556388p-1,-1.3284114440045707,-0.09619851752137343,-0x1.8a0774ead9038p-4,-0.3590597616511695,-0x1.6fad5cb667c28p-2,3.7324874738469167,-0.5568136748548252,-0x1.1d16ae96ef217p-1,-0.9968671185250807,-0x1.fe655df10bc3bp-1,1.7903064589514401,-0.9999999274506215,-0x1.fffffd90ce3acp-1,-0.2327818651420293,-0x1.dcbcbd0f185e2p-3,0.2327818820302102,0.3754242945109223,0x1.806f39ec31714p-2,-0.012068311324223925,-0x1.8b74553a4d701p-7,-0.03214579210955358,-1.3277225685903369
H593-2f5a93c328b7e7c9e25412f0,DIFFICULT-0013,66,2372,/hkfs/work/workspace/scratch/ap7811-benchmark/dailymed/data/box_flat_20000_images/data/raw_images/otc/Carton Image 1 of 2.jpg,90,364.6888122558594,0x1.6cb0560000000p+8,False,False,False,CHALLENGER,65,-2.518145952264744,-0x1.42529b47c413cp+1,-2.518145952264744,-0x1.42529b47c413cp+1,0.0017512069560116938,0.011542444307225416,0.15171890020863793,0.0013150573696766065,0.0011988383244561109,0.0004361495863350873,0.0005523686315555829,-1.3277225685903369,0.0,-1.3563459014797496,-1.1618000507849944,False,82,-2.845614427937671,-0x1.6c3d17f4824f5p+1,-1.3563459014797496,-0x1.5b397c28eb4e4p+0,0.4766443015481711,0.5240714956704363,0x1.0c53195d57357p-1,-0.6961825723251994,-0x1.64720ac85d203p-1,-1.3284114440045707,-0.10593796588758422,-0x1.b1ec022e4560ap-4,-0.39541213068023007,-0x1.94e6eae6da628p-2,3.7324874738469167,0.5968717010740753,0x1.31992ae80ac5fp-1,1.0685832615982502,0x1.118eac319e145p+0,1.7903064589514401,0.9497292029099749,0x1.e642e7f51be62p-1,0.22107975127243532,0x1.c4c575ec2ef2dp-3,0.2327818820302102,0.9999999984557864,0x1.fffffff2bc3d0p-1,-0.03214579205991361,-0x1.07569cb33e38cp-5,-0.03214579210955358,-1.3277225685903369
H593-2f5a93c328b7e7c9e25412f0,DIFFICULT-0013,67,2382,/hkfs/work/workspace/scratch/ap7811-benchmark/dailymed/data/box_flat_20000_images/data/raw_images/otc/Carton- 10 mg -300s.jpg,47,427.00421142578125,0x1.ab01140000000p+8,False,False,False,CHALLENGER,66,-1.2265271245175144,-0x1.39fdae7f75ab4p+0,-1.2265271245175144,-0x1.39fdae7f75ab4p+0,0.0028291619204028414,0.027209586741206677,0.10397665893684113,0.0030044771508912892,0.0024020714441167225,-0.00017531523048844788,0.0004270904762861188,-1.3277225685903369,0.0,-0.7256626547648579,-0.5008644697526565,False,29,-1.522440638454838,-0x1.85beab7043cfcp+0,-0.7256626547648579,-0x1.738a0e3449866p-1,0.4766443015481711,0.6760343524644322,0x1.5a212cb59d52fp-1,-0.8980517703539713,-0x1.cbcd710f9206fp-1,-1.3284114440045707,0.31170446431237014,0x1.3f2f7480f48f9p-2,1.1634330085880848,0x1.29d6bee2f903ap+0,3.7324874738469167,0.461599481642961,0x1.d8ad88d6073d5p-2,0.8264045334340298,0x1.a71e7eb8bb082p-1,1.7903064589514401,-0.9999999946398138,-0x1.ffffffd1f4d37p-1,-0.23278188078245596,-0x1.dcbcbf287f03fp-3,0.2327818820302102,0.9999999980853939,0x1.ffffffef8dbc9p-1,-0.03214579204800705,-0x1.07569cb19b4c0p-5,-0.03214579210955358,-1.3277225685903369
H593-2f5a93c328b7e7c9e25412f0,DIFFICULT-0013,68,2383,/hkfs/work/workspace/scratch/ap7811-benchmark/dailymed/data/box_flat_20000_images/data/raw_images/otc/Carton- 20 mg -300s.jpg,49,402.923828125,0x1.92ec800000000p+8,False,False,False,CHALLENGER,67,-1.238590394490695,-0x1.3d1442957a2eap+0,-1.238590394490695,-0x1.3d1442957a2eap+0,0.0035469758643444354,0.03188774463662699,0.11123319961206345,0.0037154426282916004,0.0035379886101890266,-0.000168466763947165,8.987254155408755e-06,-1.3277225685903369,0.0,-0.9693759988913001,-0.269214395599395,False,30,-2.033751364996298,-0x1.0451f6f86d5efp+1,-0.9693759988913001,-0x1.f0520d0987eb3p-1,0.4766443015481711,0.7328385898517504,0x1.77369ea151eeep-1,-0.9735111693672371,-0x1.f2700e55722d2p-1,-1.3284114440045707,0.38145250085299925,0x1.869b7c00906ddp-2,1.4237666813014,0x1.6c7bf92552ef9p+0,3.7324874738469167,0.4877267404286422,0x1.f36ea37e1a50fp-2,0.8731803335927306,0x1.bf117e2095116p-1,1.7903064589514401,-0.9999999944355481,-0x1.ffffffd033a41p-1,-0.2327818807349066,-0x1.dcbcbf26dcc45p-3,0.2327818820302102,0.9999999904028325,0x1.ffffffad8f9b0p-1,-0.03214579180104503,-0x1.07569c8faa17ep-5,-0.03214579210955358,-1.3277225685903369
H593-2f5a93c328b7e7c9e25412f0,DIFFICULT-0013,69,2440,/hkfs/work/workspace/scratch/ap7811-benchmark/dailymed/data/box_flat_20000_images/data/raw_images/otc/Chest Rub.jpg,104,362.01153564453125,0x1.6a02f40000000p+8,False,False,False,CHALLENGER,68,-2.9925020399204074,-0x1.7f0a4e8d55f1ap+1,-2.9925020399204074,-0x1.7f0a4e8d55f1ap+1,0.00027365004635113995,0.014573708055907065,0.018776967762862737,0.00026994496416849986,0.0002701117631605574,3.7050821826400938e-06,3.538283190582562e-06,-1.3277225685903369,-4.440892098500626e-16,-1.3834421494068796,-1.6090598905135278,False,115,-2.9024623706050217,-0x1.7383e30fcf41fp+1,-1.3834421494068796,-0x1.622943c39c495p+0,0.4766443015481711,-0.3329733927374895,-0x1.54f6fa20fb93ep-2,0.4423256654615094,0x1.c4f104ed5abf2p-2,-1.3284114440045707,0.010256693899622835,0x1.5017626e96552p-7,0.03828298150342432,0x1.399d3b319e5abp-5,3.7324874738469167,-0.34206187521042286,-0x1.5e4577dcf2e46p-2,-0.6123955845502616,-0x1.398be9ffb762ep-1,1.7903064589514401,-0.5043545121720633,-0x1.023ac12ebcf39p-1,-0.11740459255384145,-0x1.e0e3a356b4094p-4,0.2327818820302102,0.9999999898732577,0x1.ffffffa9030eep-1,-0.032145791784021424,-0x1.07569c8d5320ep-5,-0.03214579210955358,-1.3277225685903369
H593-2f5a93c328b7e7c9e25412f0,DIFFICULT-0013,70,2557,/hkfs/work/workspace/scratch/ap7811-benchmark/dailymed/data/box_flat_20000_images/data/raw_images/otc/CoughRelief Page 1.jpg,105,361.9383544921875,0x1.69f0380000000p+8,False,False,False,CHALLENGER,69,-2.133692179325303,-0x1.111cd348f7714p+1,-2.133692179325303,-0x1.111cd348f7714p+1,0.0011616473990376062,0.021913970985555586,0.05300944314489129,0.0011523325392672344,0.0012707249210513027,9.314859770371718e-06,-0.00010907752201369655,-1.3277225685903369,0.0,-1.3841828030394212,-0.7495093762858818,False,62,-2.9040162623228833,-0x1.73b6ce0cdd4dfp+1,-1.3841828030394212,-0x1.6259cddebd6bap+0,0.4766443015481711,0.3598411998789131,0x1.707a3624eeee5p-2,-0.4780171679434843,-0x1.e97d551cf9a7fp-2,-1.3284114440045707,0.21099234431915573,0x1.b01cc11475089p-3,0.7875262822488444,0x1.9336a515ff9dfp-1,3.7324874738469167,0.16107854075142822,0x1.49e38bc4eb15bp-3,0.2883799519057547,0x1.274d12f90771ap-2,1.7903064589514401,-0.09389897728803694,-0x1.809c36c94789dp-4,-0.0218579806538212,-0x1.661f04042512bp-6,0.2327818820302102,-0.0678815671962601,-0x1.160afb71bf224p-4,0.002182106747161669,0x1.1e035a3b1afe0p-9,-0.03214579210955358,-1.3277225685903369
H593-2f5a93c328b7e7c9e25412f0,DIFFICULT-0013,71,2567,/hkfs/work/workspace/scratch/ap7811-benchmark/dailymed/data/box_flat_20000_images/data/raw_images/otc/Cradinal Esomeprazole Caps 42ct carton.jpg,40,440.52069091796875,0x1.b8854c0000000p+8,False,False,False,CHALLENGER,70,-2.5774588481887672,-0x1.49ea2be9e0d7cp+1,-2.5774588481887672,-0x1.49ea2be9e0d7cp+1,0.00022557818788845673,0.011686859178490152,0.019301865834375494,0.0002355219859893481,0.00025326605935649995,-9.94379810089136e-06,-2.7687871468043217e-05,-1.3277225685903369,0.0,-0.588864731878364,-1.9885941163104033,False,88,-1.2354385229524274,-0x1.3c45b2f44c99cp+0,-0.588864731878364,-0x1.2d7fad9a5eea6p-1,0.4766443015481711,-0.41592986794977144,-0x1.a9e984f118709p-2,0.5525259964877862,0x1.1ae4affa35af4p-1,-1.3284114440045707,-0.09978675984988647,-0x1.98ba006210a9ep-4,-0.3724528311954717,-0x1.7d644665260d2p-2,3.7324874738469167,-0.3298325768367803,-0x1.51bfa18aad719p-2,-0.5905013926834849,-0x1.2e5632d3a2d3bp-1,1.7903064589514401,-0.9999999528062606,-0x1.fffffe6a9bdeap-1,-0.2327818710443627,-0x1.dcbcbdd9e5d76p-3,0.2327818820302102,0.5494171437537642,0x1.194d3430917bdp-1,-0.01766144928453322,-0x1.215d7cc4ee1aep-6,-0.03214579210955358,-1.3277225685903369
H593-2f5a93c328b7e7c9e25412f0,DIFFICULT-0013,72,2773,/hkfs/work/workspace/scratch/ap7811-benchmark/dailymed/data/box_flat_20000_images/data/raw_images/otc/Famotidine 10 mg 50 ct Carton.jpg,51,392.69415283203125,0x1.88b1b40000000p+8,False,False,False,CHALLENGER,71,-3.1001719997214363,-0x1.8cd26fa363a59p+1,-3.1001719997214363,-0x1.8cd26fa363a59p+1,0.0001957696664483893,0.011801064325234442,0.01658915340625432,0.00020009142508544368,0.00019341580586427844,-4.3217586370543825e-06,2.3538605841108594e-06,-1.3277225685903369,0.0,-1.072908751831166,-2.0272632478902706,False,120,-2.250963136129583,-0x1.201f8f5f16cddp+1,-1.072908751831166,-0x1.12aa25e0b5007p+0,0.4766443015481711,-0.47276430767784067,-0x1.e41c53a0c5067p-2,0.6280255166361415,0x1.418c8f7e02ef4p-1,-1.3284114440045707,-0.09497054665721462,-0x1.84ffd5ff9d9c1p-4,-0.35447637578244773,-0x1.6afbdae4c2c8ep-2,3.7324874738469167,-0.39555359796414624,-0x1.950c009c48d90p-2,-0.7081621612966923,-0x1.6a943b1611649p-1,1.7903064589514401,-0.9999999357624207,-0x1.fffffdd83411cp-1,-0.2327818670768656,-0x1.dcbcbd51935e2p-3,0.2327818820302102,0.9999999897503195,0x1.ffffffa7f4b6dp-1,-0.03214579178006948,-0x1.07569c8cc814fp-5,-0.03214579210955358,-1.3277225685903369
H593-2f5a93c328b7e7c9e25412f0,DIFFICULT-0013,73,2829,/hkfs/work/workspace/scratch/ap7811-benchmark/dailymed/data/box_flat_20000_images/data/raw_images/otc/Kroger Lanso Caps 14ct Carton Label.jpg,14,474.3055725097656,0x1.da4e3a0000000p+8,False,False,False,CHALLENGER,72,-2.280967537551219,-0x1.23f6be888293ep+1,-2.280967537551219,-0x1.23f6be888293ep+1,0.00020029685761872772,0.0116684922215292,0.017165616072414715,0.00020377672524393944,0.0001926373896824389,-3.4798676252117185e-06,7.659467936288814e-06,-1.3277225685903369,0.0,-0.2469338593168146,-2.0340336782344046,False,70,-0.5180673691361832,-0x1.0940204f211c0p-1,-0.2469338593168146,-0x1.f9b8759053866p-3,0.4766443015481711,-0.46384046332141243,-0x1.daf8fe921b99dp-2,0.6161709796685466,0x1.3b7ac33cd7648p-1,-1.3284114440045707,-0.1005652813416236,-0x1.9bea57279ae12p-4,-0.3753586529115011,-0x1.805e04ca1a1ffp-2,3.7324874738469167,-0.38104972194630055,-0x1.8631e5f7a3139p-2,-0.6821957783821122,-0x1.5d48c3db3da9cp-1,1.7903064589514401,-0.9999999320897646,-0x1.fffffdb8a7d02p-1,-0.23278186622193778,-0x1.dcbcbd343357dp-3,0.2327818820302102,0.9999999902789574,0x1.ffffffac7f338p-1,-0.032145791797062964,-0x1.07569c8f1dfcap-5,-0.03214579210955358,-1.3277225685903369
H593-2f5a93c328b7e7c9e25412f0,DIFFICULT-0013,74,2867,/hkfs/work/workspace/scratch/ap7811-benchmark/dailymed/data/box_flat_20000_images/data/raw_images/otc/Medique Alcalak Label 4-13-21.jpg,102,362.492919921875,0x1.6a7e300000000p+8,False,False,False,CHALLENGER,73,-1.9331709705858935,-0x1.eee44af03e34ap+0,-1.9331709705858935,-0x1.eee44af03e34ap+0,0.0021601613903063175,0.026984404607404366,0.08005221614982684,0.0021707380605587947,0.0024594121323574594,-1.0576670252477206e-05,-0.0002992507420511419,-1.3277225685903369,0.0,-1.3785701434019946,-0.5546008271838989,False,51,-2.8922408993967004,-0x1.7234f32587fe8p+1,-1.3785701434019946,-0x1.60e9f91127522p+0,0.4766443015481711,0.5959709205986522,0x1.312319baad2bbp-1,-0.7916945912171889,-0x1.9558fe5365552p-1,-1.3284114440045707,0.3079481961407145,0x1.3b56c59d25709p-2,1.1494127846889703,0x1.263fea8fd7ea3p+0,3.7324874738469167,0.352765048460134,0x1.693b3da93b86ap-2,0.6315575447504957,0x1.435b82b07da9cp-1,1.7903064589514401,-0.9999999541749452,-0x1.fffffe765da39p-1,-0.2327818713629677,-0x1.dcbcbde4d8521p-3,0.2327818820302102,-0.5172644211242455,-0x1.08d6e1d839dbfp-1,0.016627874547128572,0x1.106e5c58712e6p-6,-0.03214579210955358,-1.3277225685903369
H593-2f5a93c328b7e7c9e25412f0,DIFFICULT-0013,75,3020,/hkfs/work/workspace/scratch/ap7811-benchmark/dailymed/data/box_flat_20000_images/data/raw_images/otc/TF Antacid.jpg,68,372.77740478515625,0x1.74c7040000000p+8,False,False,False,CHALLENGER,74,-2.5915668445533484,-0x1.4bb8765d60950p+1,-2.5915668445533484,-0x1.4bb8765d60950p+1,0.0005828727216950503,0.01776422805630985,0.032811598671635724,0.0006184063055126047,0.000915812016752429,-3.553358381755444e-05,-0.0003329392950573787,-1.3277225685903369,-4.440892098500626e-16,-1.2744826723953877,-1.3170841721579607,False,89,-2.6738653294622146,-0x1.56413817f967bp+1,-1.2744826723953877,-0x1.46447f1541c26p+0,0.4766443015481711,0.03187986078870792,0x1.0528e9efa2109p-5,-0.04234957190499218,-0x1.5aed7d4a9bfdap-5,-1.3284114440045707,0.10880841724551765,0x1.bdade5199596cp-4,0.4061260544180035,0x1.9fdf82271d889p-2,3.7324874738469167,-0.07719633486093573,-0x1.3c323959949e3p-4,-0.13820509690891147,-0x1.1b0b461aea0e8p-3,1.7903064589514401,-0.9999999786229031,-0x1.ffffff485f445p-1,-0.23278187705400935,-0x1.dcbcbea863409p-3,0.2327818820302102,-0.5552480343759044,-0x1.1c497869a0267p-1,0.017848887882286085,0x1.246fa96e5c658p-6,-0.03214579210955358,-1.3277225685903369
H593-2f5a93c328b7e7c9e25412f0,DIFFICULT-0013,76,3102,/hkfs/work/workspace/scratch/ap7811-benchmark/dailymed/data/box_flat_20000_images/data/raw_images/otc/alb-20s-ifc.jpg,103,362.3810729980469,0x1.6a618e0000000p+8,False,False,False,CHALLENGER,75,-2.6178956995017097,-0x1.4f1734ced9752p+1,-2.6178956995017097,-0x1.4f1734ced9752p+1,0.001111120337485689,0.017242535384361733,0.06444065868024428,0.0011531013844934149,0.0009288395225792658,-4.19810470077258e-05,0.00018228081490642332,-1.3277225685903369,0.0,-1.379702126539303,-1.2381935729624067,False,91,-2.894615800625209,-0x1.7282c54315c6dp+1,-1.379702126539303,-0x1.61342897b53cep+0,0.4766443015481711,0.3403322834769039,0x1.5c8010ed39a7ap-2,-0.45210130013492683,-0x1.cef3a4aa3bff5p-2,-1.3284114440045707,0.09405831060500525,0x1.8143497f72b80p-4,0.35107146614438467,0x1.677f4746987a2p-2,3.7324874738469167,0.2544181734873166,0x1.0486329a8b585p-2,0.45548649926897095,0x1.d26b0d8884df5p-2,1.7903064589514401,-0.999999981212366,-0x1.ffffff5e9d8e5p-1,-0.2327818776567894,-0x1.dcbcbebd195c9p-3,0.2327818820302102,0.9999999963962791,0x1.ffffffe10b558p-1,-0.03214579199370912,-0x1.07569caa24dbcp-5,-0.03214579210955358,-1.3277225685903369
H593-2f5a93c328b7e7c9e25412f0,DIFFICULT-0013,77,3228,/hkfs/work/workspace/scratch/ap7811-benchmark/dailymed/data/box_flat_20000_images/data/raw_images/otc/aspirin-730s-ifc.jpg,115,361.19342041015625,0x1.6931840000000p+8,False,False,False,CHALLENGER,76,-2.9530042197037574,-0x1.79fc0ad249f00p+1,-2.9530042197037574,-0x1.79fc0ad249f00p+1,0.0008391701923403482,0.013011299020774709,0.06449549664491401,0.0008444043532230082,0.0009152540643205774,-5.23416088266007e-06,-7.608387198022924e-05,-1.3277225685903369,0.0,-1.391722150483268,-1.5612820692204894,False,114,-2.9198338172991174,-0x1.75bd1d5186fb7p+1,-1.391722150483268,-0x1.6447e72171c5fp+0,0.4766443015481711,0.21089996053913485,0x1.afec5189f23a0p-3,-0.2801619211202991,-0x1.1ee2c4432f535p-2,-1.3284114440045707,-0.04641005840297362,-0x1.7c30f2617aa5ep-5,-0.17322496164960285,-0x1.62c3c4c91651fp-3,3.7324874738469167,0.2548159116572101,0x1.04ee765c45c73p-2,0.4561985724835029,0x1.d325b7f531b1fp-2,1.7903064589514401,-0.9999999393189671,-0x1.fffffdf6c0ff6p-1,-0.23278186790476516,-0x1.dcbcbd6e05a63p-3,0.2327818820302102,0.1116576137478869,0x1.c9597e76585e3p-4,-0.003589322438988404,-0x1.d675acfb02979p-9,-0.03214579210955358,-1.3277225685903369
H593-2f5a93c328b7e7c9e25412f0,DIFFICULT-0013,78,3400,/hkfs/work/workspace/scratch/ap7811-benchmark/dailymed/data/box_flat_20000_images/data/raw_images/otc/berkley-jensen-nicotine-lozenge-mint-carton-image.jpg,78,367.9329528808594,0x1.6feed60000000p+8,False,False,False,CHALLENGER,77,-1.5727802605392796,-0x1.92a1ba26cf813p+0,-1.5727802605392796,-0x1.92a1ba26cf813p+0,0.0033341555207312902,0.03351870994451694,0.09947147507318367,0.0033773898869372283,0.0032498622034705413,-4.323436620593804e-05,8.429331726074896e-05,-1.3277225685903369,0.0,-1.323512522099549,-0.2492677384397306,False,39,-2.776729980408233,-0x1.636be353d689dp+1,-1.323512522099549,-0x1.52d1b77643982p+0,0.4766443015481711,0.7181884485716031,0x1.6fb66575f5c45p-1,-0.9540497540344056,-0x1.e8793598ab52dp-1,-1.3284114440045707,0.4025592675559657,0x1.9c387f236b18cp-2,1.5025474236336316,0x1.80a6f2ad320cap+0,3.7324874738469167,0.4439937231220218,0x1.c6a64a61c0e22p-2,0.7948848302392529,0x1.96fb24fbed9efp-1,1.7903064589514401,-0.9999999816445793,-0x1.ffffff625400cp-1,-0.2327818777574008,-0x1.dcbcbec08e595p-3,0.2327818820302102,0.9999999944290772,0x1.ffffffd025694p-1,-0.03214579193047185,-0x1.07569ca173e51p-5,-0.03214579210955358,-1.3277225685903369
H593-2f5a93c328b7e7c9e25412f0,DIFFICULT-0013,79,3407,/hkfs/work/workspace/scratch/ap7811-benchmark/dailymed/data/box_flat_20000_images/data/raw_images/otc/berry1carton.jpg,2,490.7276306152344,0x1.eaba460000000p+8,False,False,False,CHALLENGER,78,-0.5116491204776493,-0x1.05f6df9ef513fp-1,-0.5116491204776493,-0x1.05f6df9ef513fp-1,0.0023677609468027096,0.029714554019833233,0.07968354312914565,0.0024087669625164573,0.002867288027560757,-4.100601571374769e-05,-0.0004995270807580474,-1.3277225685903369,1.1102230246251565e-16,-0.08072908390559069,-0.43092003657205863,False,11,-0.16936966128280034,-0x1.5ade7b21275f6p-3,-0.08072908390559069,-0x1.4aaa94735e6bcp-4,0.4766443015481711,0.6247487077861053,0x1.3fdf100851b4dp-1,-0.8299233330501297,-0x1.a8ebb60b46768p-1,-1.3284114440045707,0.3508966907530347,0x1.6751764c3c52dp-2,1.3097175028500372,0x1.4f49a571bd5ccp+0,3.7324874738469167,0.3507426008340275,0x1.6729117f95a33p-2,0.6279367437025861,0x1.4180ecc451953p-1,1.7903064589514401,-0.999999980861782,-0x1.ffffff5b9a9d1p-1,-0.2327818775751798,-0x1.dcbcbeba4b841p-3,0.2327818820302102,-0.6798244702288604,-0x1.5c11f3f54e951p-1,0.021853496090964344,0x1.660c34c0e4a67p-6,-0.03214579210955358,-1.3277225685903369
H593-2f5a93c328b7e7c9e25412f0,DIFFICULT-0013,80,3408,/hkfs/work/workspace/scratch/ap7811-benchmark/dailymed/data/box_flat_20000_images/data/raw_images/otc/berry28carton.jpg,20,468.8803405761719,0x1.d4e15e0000000p+8,False,False,False,CHALLENGER,79,-2.291643316617657,-0x1.255491757c22cp+1,-2.291643316617657,-0x1.255491757c22cp+1,0.00018366807657137706,0.011584380351671994,0.01585480370945071,0.00018202131710940637,0.00020946369290402282,1.6467594619706924e-06,-2.579561633264576e-05,-1.3277225685903369,4.440892098500626e-16,-0.30184168203219475,-1.9898016345854623,False,71,-0.6332640106087363,-0x1.443b2e2e98bd5p-1,-0.30184168203219475,-0x1.3515fc6397750p-2,0.4766443015481711,-0.49716153636781985,-0x1.fd17e9ee1d983p-2,0.6604350744299065,0x1.52248bcb9d949p-1,-1.3284114440045707,-0.10414466438743865,-0x1.aa9398798d161p-4,-0.3887186552941058,-0x1.8e0c435f5547dp-2,3.7324874738469167,-0.4144771400676527,-0x1.a86cb2061ee76p-2,-0.7420411009508393,-0x1.7beccfa9be4e1p-1,1.7903064589514401,-0.7445341595157559,-0x1.7d3394d3c0027p-1,-0.1733140628878584,-0x1.62f27bc05268ep-3,0.2327818820302102,0.5736465049417251,0x1.25b4fea460fa9p-1,-0.018440321292228695,-0x1.2e2050382ec58p-6,-0.03214579210955358,-1.3277225685903369
H593-2f5a93c328b7e7c9e25412f0,DIFFICULT-0013,81,3409,/hkfs/work/workspace/scratch/ap7811-benchmark/dailymed/data/box_flat_20000_images/data/raw_images/otc/berry42carton.jpg,23,465.33001708984375,0x1.d1547c0000000p+8,False,False,False,CHALLENGER,80,-2.0431397413842602,-0x1.05859a61339f3p+1,-2.0431397413842602,-0x1.05859a61339f3p+1,0.0002663854457395145,0.013873548024549414,0.01920096036487149,0.00026544415355635794,0.00043924448636876816,9.412921831565384e-07,-0.00017285904062925368,-1.3277225685903369,0.0,-0.33777388455471874,-1.7053658568295416,False,55,-0.7086497907508966,-0x1.6ad425372f47cp-1,-0.33777388455471874,-0x1.59e165ae6bed1p-2,0.4766443015481711,-0.34488068835646163,-0x1.612867360d483p-2,0.4581434532288975,0x1.d5238eb1fa7dcp-2,-1.3284114440045707,-0.014359499297157517,-0x1.d68835ef220bfp-7,-0.053596651257354036,-0x1.b710530a6a1c2p-5,3.7324874738469167,-0.33216618070693327,-0x1.54235f0be4de6p-2,-0.5946792587648538,-0x1.3079ccc00256dp-1,1.7903064589514401,-0.8455218912937473,-0x1.b0e83ece5142bp-1,-0.1968221771531013,-0x1.93178170002e6p-3,0.2327818820302102,-0.28965986202715815,-0x1.289c98497b68bp-2,0.009311345707207,0x1.311d3aa5a87a8p-7,-0.03214579210955358,-1.3277225685903369
H593-2f5a93c328b7e7c9e25412f0,DIFFICULT-0013,82,3610,/hkfs/work/workspace/scratch/ap7811-benchmark/dailymed/data/box_flat_20000_images/data/raw_images/otc/c6797c0e-e52d-e596-e053-2995a90ade19.jpg,128,359.9096984863281,0x1.67e8e20000000p+8,False,False,False,CHALLENGER,81,-0.6531780867089202,-0x1.4e6d5bb1c1e05p-1,-0.6531780867089202,-0x1.4e6d5bb1c1e05p-1,0.007211405419961348,0.043116561225710795,0.16725372374226177,0.007081865816681925,0.008150008262119672,0.0001295396032794235,-0.0009386028421583233,-1.3277225685903369,0.0,-1.4047144753593606,0.7515363886504404,False,15,-2.9470917218495183,-0x1.793a4d31d3f82p+1,-1.4047144753593606,-0x1.679b5e2be2e16p+0,0.4766443015481711,0.8590258857538998,0x1.b7d23dab75fb3p-1,-1.1411398173316434,-0x1.2421bd339a529p+0,-1.3284114440045707,0.50246714117677,0x1.01435f8556728p-1,1.8754523104619645,0x1.e01da482a44b7p+0,3.7324874738469167,0.627338134811039,0x1.413276c918172p-1,1.1231275146987523,0x1.1f8548e8de704p+0,1.7903064589514401,0.8402465018496115,0x1.ae34ca1c0b832p-1,0.19559416206985306,0x1.9093ac0b07415p-3,0.2327818820302102,-0.8158077813878771,-0x1.a1b18eb9c4395p-1,0.026224787341850832,0x1.adaabafe9457ap-6,-0.03214579210955358,-1.3277225685903369
H593-2f5a93c328b7e7c9e25412f0,DIFFICULT-0013,83,3661,/hkfs/work/workspace/scratch/ap7811-benchmark/dailymed/data/box_flat_20000_images/data/raw_images/otc/careone-acid-relief-carton-image.jpg,19,470.1148681640625,0x1.d61d680000000p+8,False,False,False,CHALLENGER,82,-1.7326521350094772,-0x1.bb8f171f35d50p+0,-1.7326521350094772,-0x1.bb8f171f35d50p+0,0.0007249225792390469,0.014880254602623265,0.04871708170310803,0.0007309665593781232,0.0009302574230543445,-6.043980139076302e-06,-0.00020533484381529753,-1.3277225685903369,-2.220446049250313e-16,-0.28934724441867826,-1.443304890590799,False,43,-0.6070506738019524,-0x1.36cf588dfd013p-1,-0.28934724441867826,-0x1.284aa4dfdd1fdp-2,0.4766443015481711,0.14001284232054928,0x1.1ebf0d964b4aep-3,-0.18599466204622514,-0x1.7ceac4f5c0bc7p-3,-1.3284114440045707,0.020662138671554166,0x1.52874a7706037p-6,0.0771211737744639,0x1.3be369730c1aep-4,3.7324874738469167,0.11969698291118948,0x1.ea47623088ed9p-4,0.21429428162290268,0x1.b6dfeb9a524a5p-3,1.7903064589514401,-0.9999999421612042,-0x1.fffffe0f2b24ap-1,-0.23278186856638647,-0x1.dcbcbd84c154fp-3,0.2327818820302102,-0.36641664248436695,-0x1.7735eca0b8cfdp-2,0.011778753214783078,0x1.81f757ec2dd0dp-7,-0.03214579210955358,-1.3277225685903369
H593-2f5a93c328b7e7c9e25412f0,DIFFICULT-0013,84,3668,/hkfs/work/workspace/scratch/ap7811-benchmark/dailymed/data/box_flat_20000_images/data/raw_images/otc/careone-ibuprofen-bubblegum-carton-image.jpg,123,360.3810119628906,0x1.68618a0000000p+8,False,False,False,CHALLENGER,83,-0.5285812322761904,-0x1.0ea23303cfad1p-1,-0.5285812322761904,-0x1.0ea23303cfad1p-1,0.00787859486644636,0.048930807540064486,0.16101501819677463,0.0077941237127411855,0.009441725628114291,8.447115370517448e-05,-0.0015631307616679312,-1.3277225685903369,0.0,-1.3999443941662932,0.8713631618901029,False,12,-2.9370840889509946,-0x1.77f25f15d2bfcp+1,-1.3999443941662932,-0x1.6662c17d29aadp+0,0.4766443015481711,0.8701892561819982,0x1.bd89723943b60p-1,-1.1559693663619914,-0x1.27ed9bbfb3dd5p+0,-1.3284114440045707,0.5482327306039693,0x1.18b1f5e114e73p-1,2.0462717997322066,0x1.05ec3bfd49d78p+1,3.7324874738469167,0.6156736195830979,0x1.3b39929a3d1b8p-1,1.1022444577456318,0x1.1a2cb15a36f96p+0,1.7903064589514401,0.765026091157864,0x1.87b17ff4382ffp-1,0.17808421330194274,0x1.6cb76a80869eap-3,0.2327818820302102,-0.8851742077369255,-0x1.c5358dc2fc50fp-1,0.02845462606265,0x1.d2335a16f9b56p-6,-0.03214579210955358,-1.3277225685903369
H593-2f5a93c328b7e7c9e25412f0,DIFFICULT-0013,85,3678,/hkfs/work/workspace/scratch/ap7811-benchmark/dailymed/data/box_flat_20000_images/data/raw_images/otc/careone-omeprazole-carton-image-2.jpg,18,470.5214538574219,0x1.d6857e0000000p+8,False,False,False,CHALLENGER,84,-1.9218747258832798,-0x1.ebfffb66ad7a9p+0,-1.9218747258832798,-0x1.ebfffb66ad7a9p+0,0.00047087748121008325,0.014139318432338404,0.03330270008864975,0.00047751375062004306,0.00041129557638201124,-6.636269409959804e-06,5.958190482807202e-05,-1.3277225685903369,0.0,-0.28523226178883926,-1.6366424640944406,False,50,-0.5984174380400367,-0x1.3263c53b79e38p-1,-0.28523226178883926,-0x1.2413ed1096b51p-2,0.4766443015481711,-0.07465562548437452,-0x1.31ca18deaf5c6p-4,0.09917338725276238,0x1.9636d56e25829p-4,-1.3284114440045707,-0.004872722487952167,-0x1.3f56b7ba6dd37p-8,-0.018187375649813646,-0x1.29fb61e76ccfep-6,3.7324874738469167,-0.06980829766207981,-0x1.1def4e372b475p-4,-0.1249782461928262,-0x1.ffe93081c1063p-4,1.7903064589514401,-0.9999999440769759,-0x1.fffffe1f9ff83p-1,-0.23278186901234338,-0x1.dcbcbd941402ap-3,0.2327818820302102,0.9999999935397204,0x1.ffffffc881b1ep-1,-0.03214579190188278,-0x1.07569c9d86019p-5,-0.03214579210955358,-1.3277225685903369
H593-2f5a93c328b7e7c9e25412f0,DIFFICULT-0013,86,3679,/hkfs/work/workspace/scratch/ap7811-benchmark/dailymed/data/box_flat_20000_images/data/raw_images/otc/careone-omeprazole-strawberry-carton-image.jpg,28,458.02398681640625,0x1.ca06240000000p+8,False,False,False,CHALLENGER,85,-2.228119012361242,-0x1.1d3300f8d7fb4p+1,-2.228119012361242,-0x1.1d3300f8d7fb4p+1,0.00027281242726510783,0.013117726610576478,0.020797233801560275,0.00028685498867132267,0.00031714277492153956,-1.4042561406214836e-05,-4.433034765643172e-05,-1.3277225685903369,0.0,-0.411716938034715,-1.8164020743265272,False,69,-0.86378235656533,-0x1.ba41ae589eabap-1,-0.411716938034715,-0x1.a599200046000p-2,0.4766443015481711,-0.33433555630060874,-0x1.565c0f60cde84p-2,0.4441351791273631,0x1.c6cb5f556ba64p-2,-1.3284114440045707,-0.04234490738494707,-0x1.5ae3b50bdb1b9p-5,-0.15805183639552273,-0x1.43b0ae6321d16p-3,3.7324874738469167,-0.2961838449071699,-0x1.2f4ad15deb58dp-2,-0.530259850574378,-0x1.0f7e38193295fp-1,1.7903064589514401,-0.9999999604555748,-0x1.fffffeac50e3bp-1,-0.23278187282498447,-0x1.dcbcbe17145b2p-3,0.2327818820302102,0.3646239305201276,0x1.755ff9c3b1131p-2,-0.01172112506866833,-0x1.8013ec6bcf0d6p-7,-0.03214579210955358,-1.3277225685903369
H593-2f5a93c328b7e7c9e25412f0,DIFFICULT-0013,87,3680,/hkfs/work/workspace/scratch/ap7811-benchmark/dailymed/data/box_flat_20000_images/data/raw_images/otc/careone-omeprazole-wildberry-mint-carton-image-1.jpg,12,477.86468505859375,0x1.dddd5c0000000p+8,False,False,False,CHALLENGER,86,-1.2788026999093396,-0x1.475f9d1e25a96p+0,-1.2788026999093396,-0x1.475f9d1e25a96p+0,0.0013197880274901372,0.012549250813137488,0.10516867079495178,0.0011188264021570007,0.0014766786279562655,0.00020096162533313655,-0.00015689060046612823,-1.3277225685903369,0.0,-0.21091270423124975,-1.0678899956780898,False,31,-0.4424949664691088,-0x1.c51d6686848bap-2,-0.21091270423124975,-0x1.aff2fff7df840p-3,0.4766443015481711,0.41407492316375855,0x1.a80341b454067p-2,-0.5500618666060502,-0x1.19a1b57fb30bep-1,-1.3284114440045707,-0.0644326180854369,-0x1.07ea7f378fcf2p-4,-0.24049393991105555,-0x1.ec8816366ef22p-3,3.7324874738469167,0.4660727524092168,0x1.dd422cf49dfe9p-2,0.8344130589794962,0x1.ab38303f5831ep-1,1.7903064589514401,0.8940143495152912,0x1.c9bc3fb2a551cp-1,0.20811034284218363,0x1.aa35c163bb723p-3,0.2327818820302102,-0.24466585178143704,-0x1.f5135ebecb467p-3,0.007864977607672925,0x1.01b836cdeac8ap-7,-0.03214579210955358,-1.3277225685903369
H593-2f5a93c328b7e7c9e25412f0,DIFFICULT-0013,88,3681,/hkfs/work/workspace/scratch/ap7811-benchmark/dailymed/data/box_flat_20000_images/data/raw_images/otc/careone-omeprazole-wildberry-mint-carton-image-2.jpg,54,383.4140319824219,0x1.7f69fe0000000p+8,False,False,False,CHALLENGER,87,-2.914307976214003,-0x1.75080b3427d1cp+1,-2.914307976214003,-0x1.75080b3427d1cp+1,0.0003687575241512522,0.012980263190353593,0.028409094541726847,0.00037891921396137306,0.0004516738977592396,-1.0161689810120876e-05,-8.291637360798742e-05,-1.3277225685903369,-4.440892098500626e-16,-1.1668312304688895,-1.7474767457451135,False,112,-2.4480125466284757,-0x1.395879a1fbc5fp+1,-1.1668312304688895,-0x1.2ab57396d0b8cp+0,0.4766443015481711,-0.1945136795354512,-0x1.8e5d3021d5c91p-3,0.258394197910331,0x1.08987d16010c4p-2,-1.3284114440045707,-0.04760149376884183,-0x1.85f3915f4b262p-5,-0.1776719792286042,-0x1.6bdf49619e9c3p-3,3.7324874738469167,-0.14828517946598344,-0x1.2fb023e24d991p-3,-0.2654759145647236,-0x1.0fd8eb0bb986bp-2,1.7903064589514401,-0.9999999532866202,-0x1.fffffe6ebc310p-1,-0.2327818711561817,-0x1.dcbcbdddbd696p-3,0.2327818820302102,0.0690171238598443,0x1.1ab1b31d78e23p-4,-0.0022186101155978652,-0x1.22cc33c733debp-9,-0.03214579210955358,-1.3277225685903369
H593-2f5a93c328b7e7c9e25412f0,DIFFICULT-0013,89,3727,/hkfs/work/workspace/scratch/ap7811-benchmark/dailymed/data/box_flat_20000_images/data/raw_images/otc/carton10mg.jpg,8,480.59527587890625,0x1.e098640000000p+8,False,False,False,CHALLENGER,88,-1.3674599277710724,-0x1.5e11da945e05fp+0,-1.3674599277710724,-0x1.5e11da945e05fp+0,0.0011775901251936522,0.01707908348813074,0.06894925749452709,0.0011938528600835727,0.0014907246862555746,-1.626273488992058e-05,-0.00031313456106192247,-1.3277225685903369,0.0,-0.18327687252761846,-1.184183055243454,False,32,-0.3845149767495876,-0x1.89be4b47d8c27p-2,-0.18327687252761846,-0x1.7759dd6cf44a3p-3,0.4766443015481711,0.3657595465446273,0x1.7689abaa6f944p-2,-0.4858791673838053,-0x1.f18a4ef6e2762p-2,-1.3284114440045707,0.08933596796630869,0x1.6deb8d4c594a6p-4,0.3334453813982366,0x1.5572b4c06e41dp-2,3.7324874738469167,0.285760956091689,0x1.249e85238ccbdp-2,0.5115996854070897,0x1.05f064daef470p-1,1.7903064589514401,-0.9999999636471876,-0x1.fffffec7bb51fp-1,-0.2327818735679341,-0x1.dcbcbe309b68fp-3,0.2327818820302102,-0.5336775474323298,-0x1.113e2ef9a9a61p-1,0.017155487493296092,0x1.1913546ec2ddfp-6,-0.03214579210955358,-1.3277225685903369
H593-2f5a93c328b7e7c9e25412f0,DIFFICULT-0013,90,3730,/hkfs/work/workspace/scratch/ap7811-benchmark/dailymed/data/box_flat_20000_images/data/raw_images/otc/carton10mg60.jpg,63,375.11773681640625,0x1.771e240000000p+8,False,False,False,CHALLENGER,89,-4.036242265889904,-0x1.0251cb14aeb99p+2,-4.036242265889904,-0x1.0251cb14aeb99p+2,8.347034697184463e-05,0.00729397334072533,0.01144374171287335,8.874658743446284e-05,9.255136973759171e-05,-5.2762404626182095e-06,-9.081022765747082e-06,-1.3277225685903369,0.0,-1.2507965815812245,-2.78544568430868,False,126,-2.624171898244786,-0x1.4fe4dd6105949p+1,-1.2507965815812245,-0x1.4034346bd7075p+0,0.4766443015481711,-0.7351524235886685,-0x1.7865e601c6e59p-1,0.976584892582883,0x1.f402ef5ed282fp-1,-1.3284114440045707,-0.3237479750050674,-0x1.4b8496d32c059p-2,-1.2083852613897188,-0x1.3558bc8aa3231p+0,3.7324874738469167,-0.5399037639209804,-0x1.146e44220e4afp-1,-0.9665931957599248,-0x1.eee54da8a666cp-1,1.7903064589514401,-0.9999999394735174,-0x1.fffffdf814db7p-1,-0.23278186794074165,-0x1.dcbcbd6f421a1p-3,0.2327818820302102,0.8258525134601001,0x1.a6d6240142d4dp-1,-0.02654768321084068,-0x1.b2f50dcb35504p-6,-0.03214579210955358,-1.3277225685903369
H593-2f5a93c328b7e7c9e25412f0,DIFFICULT-0013,91,3731,/hkfs/work/workspace/scratch/ap7811-benchmark/dailymed/data/box_flat_20000_images/data/raw_images/otc/carton10mg90.jpg,30,455.23480224609375,0x1.c73c1c0000000p+8,False,False,False,CHALLENGER,90,-2.83863018927021,-0x1.6b583bea2d4abp+1,-2.83863018927021,-0x1.6b583bea2d4abp+1,0.0001476295581962448,0.008940378184495203,0.016512674872330397,0.00016127320460844173,0.0001301176178198521,-1.364364641219694e-05,1.7511940376392697e-05,-1.3277225685903369,0.0,-0.4399457868252855,-2.3986844024449243,False,102,-0.9230064964509458,-0x1.d8944eb881345p-1,-0.4399457868252855,-0x1.c28125f9b5d9ep-2,0.4766443015481711,-0.5748527107198804,-0x1.265318311e1fap-1,0.7636409195373381,0x1.86fbf14e99b86p-1,-1.3284114440045707,-0.229880735667354,-0x1.d6cbb60d5fa78p-3,-0.858026966357113,-0x1.b74f4f7f2e066p-1,3.7324874738469167,-0.3975007289812237,-0x1.970a6e5c712aep-2,-0.7116481225329907,-0x1.6c5d248913f74p-1,1.7903064589514401,-0.9999999598217686,-0x1.fffffea6df228p-1,-0.23278187267744588,-0x1.dcbcbe120297cp-3,0.2327818820302102,0.9999999911286249,0x1.ffffffb3cba3dp-1,-0.0321457918243762,-0x1.07569c92defc6p-5,-0.03214579210955358,-1.3277225685903369
H593-2f5a93c328b7e7c9e25412f0,DIFFICULT-0013,92,3743,/hkfs/work/workspace/scratch/ap7811-benchmark/dailymed/data/box_flat_20000_images/data/raw_images/otc/carton20mg.jpg,9,479.48236083984375,0x1.df7b7c0000000p+8,False,False,False,CHALLENGER,91,-0.43191240440790457,-0x1.ba473eceacb98p-2,-0.43191240440790457,-0x1.ba473eceacb98p-2,0.0027779703203097807,0.02379643624024967,0.11673892225975743,0.002741781585982687,0.00320783029024459,3.6188734327093856e-05,-0.00042985996993480944,-1.3277225685903369,5.551115123125783e-17,-0.19454049082266994,-0.23737191358523463,False,9,-0.408146053966847,-0x1.a1f10a071dc1ap-2,-0.19454049082266994,-0x1.8e6b3eaea634ep-3,0.4766443015481711,0.6710463281826753,0x1.579362634a7b8p-1,-0.8914256218151128,-0x1.c868f0690655dp-1,-1.3284114440045707,0.25000245055652576,0x1.0000a4743d941p-2,0.9331310151332656,0x1.ddc35931c2e57p-1,3.7324874738469167,0.5059183771307652,0x1.0307bbc871ae0p-1,0.9057489382794394,0x1.cfbe532898053p-1,1.7903064589514401,0.5258503105807646,0x1.0d3c407d1257ep-1,0.12240842496316093,0x1.f562895f8bdcep-4,0.2327818820302102,-0.6373430890900389,-0x1.4651d557f2588p-1,0.020487898444349076,0x1.4fac7972105c4p-6,-0.03214579210955358,-1.3277225685903369
H593-2f5a93c328b7e7c9e25412f0,DIFFICULT-0013,93,3744,/hkfs/work/workspace/scratch/ap7811-benchmark/dailymed/data/box_flat_20000_images/data/raw_images/otc/carton20mg100.jpg,41,440.06536865234375,0x1.b810bc0000000p+8,False,False,False,CHALLENGER,92,-2.6524277173335804,-0x1.5382c05e79d00p+1,-2.6524277173335804,-0x1.5382c05e79d00p+1,0.00024032485272607133,0.010892457857409516,0.022063418180919753,0.000270170778320946,0.00021908467266027907,-2.9845925594874695e-05,2.1240180065792253e-05,-1.3277225685903369,0.0,-0.5934729688247873,-2.058954748508793,False,93,-1.2451066065347876,-0x1.3ebf4e7b19b74p+0,-0.5934729688247873,-0x1.2fdbb0605331cp-1,0.4766443015481711,-0.3894045604304449,-0x1.8ec011afd91aep-2,0.5172894744233725,0x1.08da2a7e6d448p-1,-1.3284114440045707,-0.13449727046758556,-0x1.13734e1079f39p-3,-0.5020093772868639,-0x1.01075f8376fdep-1,3.7324874738469167,-0.26899562722813813,-0x1.137396f6d8f1fp-2,-0.48158460885622956,-0x1.ed2484052d866p-2,1.7903064589514401,-0.9999999756639949,-0x1.ffffff2ef48f1p-1,-0.23278187636522912,-0x1.dcbcbe90b8ad6p-3,0.2327818820302102,0.9999999914126482,0x1.ffffffb63c36bp-1,-0.032145791833506354,-0x1.07569c9420398p-5,-0.03214579210955358,-1.3277225685903369
H593-2f5a93c328b7e7c9e25412f0,DIFFICULT-0013,94,3745,/hkfs/work/workspace/scratch/ap7811-benchmark/dailymed/data/box_flat_20000_images/data/raw_images/otc/carton20mg85.jpg,32,452.66888427734375,0x1.c4ab3c0000000p+8,False,False,False,CHALLENGER,93,-2.489109220020653,-0x1.3e9b218414943p+1,-2.489109220020653,-0x1.3e9b218414943p+1,0.00024845038844516134,0.011188984060954865,0.022204910391476474,0.0002779435794089608,0.00018604443336720492,-2.949319096379947e-05,6.240595507795642e-05,-1.3277225685903369,0.0,-0.46591499342416476,-2.023194226596488,False,80,-0.9774899058078386,-0x1.f4798e933ac56p-1,-0.46591499342416476,-0x1.dd18d1ede430ep-2,0.4766443015481711,-0.3752092251155894,-0x1.8036d8dc1da74p-2,0.49843222853963615,0x1.fe6504a36689dp-2,-1.3284114440045707,-0.1212875798324888,-0x1.f0cb3eccaa19ep-4,-0.4527043724579724,-0x1.cf91bc29da4fbp-2,3.7324874738469167,-0.26602811126815606,-0x1.1069ac56da802p-2,-0.4762718458660322,-0x1.e7b3ce88002a4p-2,1.7903064589514401,-0.9999999754532821,-0x1.ffffff2d25325p-1,-0.232781876316179,-0x1.dcbcbe8f093a5p-3,0.2327818820302102,0.9999999936554709,0x1.ffffffc9803bap-1,-0.03214579190560367,-0x1.07569c9e08ec6p-5,-0.03214579210955358,-1.3277225685903369
H593-2f5a93c328b7e7c9e25412f0,DIFFICULT-0013,95,3776,/hkfs/work/workspace/scratch/ap7811-benchmark/dailymed/data/box_flat_20000_images/data/raw_images/otc/cartonlabel80.jpg,48,403.754638671875,0x1.93c1300000000p+8,False,False,False,CHALLENGER,94,-0.8042564127250349,-0x1.9bc77f1c812dep-1,-0.8042564127250349,-0x1.9bc77f1c812dep-1,0.0028705305372623675,0.03313491240628249,0.0866316018001033,0.0027540538264896335,0.0032349023622159118,0.00011647671077273398,-0.00036437182495354433,-1.3277225685903369,0.0,-0.9609675107794079,0.156711098054373,False,19,-2.0161103524328814,-0x1.020fe76e69c2ep+1,-0.9609675107794079,-0x1.ec03eefea1d5dp-1,0.4766443015481711,0.6799560646600481,0x1.5c233388dd10bp-1,-0.9032614177147197,-0x1.ce7847d1a589bp-1,-1.3284114440045707,0.39772308896397407,0x1.9744b8afdb831p-2,1.484496447617736,0x1.7c07f58d8bdddp+0,3.7324874738469167,0.3868506255757504,0x1.8c22920523d43p-2,0.6925811736176711,0x1.6299ffe506c19p-1,1.7903064589514401,0.8239075774981915,0x1.a5d736c89008fp-1,0.19179075650898028,0x1.88c997970ca29p-3,0.2327818820302102,-0.5856662841245371,-0x1.2bdc73815e951p-1,0.018826706615042113,0x1.3474ee4cfdd54p-6,-0.03214579210955358,-1.3277225685903369
H593-2f5a93c328b7e7c9e25412f0,DIFFICULT-0013,96,3798,/hkfs/work/workspace/scratch/ap7811-benchmark/dailymed/data/box_flat_20000_images/data/raw_images/otc/cd6b21e6-4d3f-40b5-89ee-52a1c83d8700-02.jpg,66,373.74090576171875,0x1.75bdac0000000p+8,False,False,False,CHALLENGER,95,-2.129488826415735,-0x1.1093170153959p+1,-2.129488826415735,-0x1.1093170153959p+1,0.000907604769162646,0.020482295420726552,0.044311672618695744,0.0008932702207939568,0.0007539772938679182,1.4334548368689177e-05,0.00015362747529472777,-1.3277225685903369,0.0,-1.2647312476720312,-0.8647575787437036,False,61,-2.6534068351684965,-0x1.53a2d5ce040a0p+1,-1.2647312476720312,-0x1.43c56d52fb0bep+0,0.4766443015481711,0.24802828178203248,0x1.fbf64075e52cfp-3,-0.3294836079560423,-0x1.516426a2f507bp-2,-1.3284114440045707,0.17849521257771528,0x1.6d8ee5e41c600p-3,0.6662311450879649,0x1.551c3fa775793p-1,3.7324874738469167,0.07275402546517439,0x1.2a0020006786fp-4,0.13025200170501924,0x1.0ac18fbc7e24fp-3,1.7903064589514401,0.12076216046063715,0x1.eea44d9c5d258p-4,0.02811124299006135,0x1.cc931952b3c71p-6,0.2327818820302102,0.9999999959813153,0x1.ffffffdd7ad1ap-1,-0.03214579198036978,-0x1.07569ca84f85ap-5,-0.03214579210955358,-1.3277225685903369
H593-2f5a93c328b7e7c9e25412f0,DIFFICULT-0013,97,3799,/hkfs/work/workspace/scratch/ap7811-benchmark/dailymed/data/box_flat_20000_images/data/raw_images/otc/cd6b21e6-4d3f-40b5-89ee-52a1c83d8700-03.jpg,101,362.70892333984375,0x1.6ab57c0000000p+8,False,False,False,CHALLENGER,96,-2.9134611662215066,-0x1.74ec4ba58b2fap+1,-2.9134611662215066,-0x1.74ec4ba58b2fap+1,0.0004438033936970803,0.015433138212624521,0.028756522982088178,0.0004549557449153325,0.0005130313642833904,-1.1152351218252185e-05,-6.92279705863101e-05,-1.3277225685903369,0.0,-1.3763840106200385,-1.5370771556014682,False,111,-2.887654391648983,-0x1.719ea8bb243e8p+1,-1.3763840106200385,-0x1.605ab3d859b2ap+0,0.4766443015481711,-0.10402524386314649,-0x1.aa165fc59c378p-4,0.13818832441317003,0x1.1b027af0594cep-3,-1.3284114440045707,0.038886406224277345,0x1.3e8eb45fc0726p-5,0.14514302413503796,0x1.2940beef385ffp-3,3.7324874738469167,-0.1423358776690023,-0x1.2380fe1d1629ap-3,-0.25482484113133685,-0x1.04f0cd9b784eap-2,1.7903064589514401,-0.9999999553527665,-0x1.fffffe807bb20p-1,-0.23278187163714315,-0x1.dcbcbdee43fe4p-3,0.2327818820302102,0.15800583707968352,0x1.43989076acbd0p-3,-0.005079222790859499,-0x1.4cdf37c69d692p-8,-0.03214579210955358,-1.3277225685903369
H593-2f5a93c328b7e7c9e25412f0,DIFFICULT-0013,98,3834,/hkfs/work/workspace/scratch/ap7811-benchmark/dailymed/data/box_flat_20000_images/data/raw_images/otc/cetirizine-hcl-10-mg-softgel-cat-1.jpg,107,361.8338317871094,0x1.69d5760000000p+8,False,False,False,CHALLENGER,97,-1.0297908063545804,-0x1.07a05ecb03af3p+0,-1.0297908063545804,-0x1.07a05ecb03af3p+0,0.003898988741821287,0.03578851282035033,0.1089452574180231,0.003720200503122469,0.004207358398140798,0.00017878823869881813,-0.00030836965631951064,-1.3277225685903369,0.0,-1.3852406590408624,0.35544985268628193,False,23,-2.9062356447806303,-0x1.73ff879466b12p+1,-1.3852406590408624,-0x1.629f21bfab848p+0,0.4766443015481711,0.7539918777122432,0x1.820b3930728aep-1,-1.0016114390394386,-0x1.00699b75f950ap+0,-1.3284114440045707,0.4296448060265649,0x1.b7f4cedb1f16bp-2,1.6036438566975417,0x1.9a88675ef27f2p+0,3.7324874738469167,0.4797669481970891,0x1.eb4806e0d538ap-2,0.8589298661486696,0x1.b7c5a7c955175p-1,1.7903064589514401,0.8816478013345611,0x1.c3675732a4fd5p-1,0.205231634482456,0x1.a4507bb1a7795p-3,0.2327818820302102,-0.5281718655283723,-0x1.0e6c8af2392cap-1,0.016978502987390145,0x1.162d00c4375c7p-6,-0.03214579210955358,-1.3277225685903369
H593-2f5a93c328b7e7c9e25412f0,DIFFICULT-0013,99,3835,/hkfs/work/workspace/scratch/ap7811-benchmark/dailymed/data/box_flat_20000_images/data/raw_images/otc/cetirizine-hcl-10-mg-softgel-str-1.jpg,77,368.5706787109375,0x1.7092180000000p+8,False,False,False,CHALLENGER,98,-1.1410879681365322,-0x1.241e575101683p+0,-1.1410879681365322,-0x1.241e575101683p+0,0.0047208550410788,0.02853054600454149,0.16546669104500608,0.003522622272185059,0.0033946498780080612,0.0011982327688937404,0.0013262051630707383,-1.3277225685903369,0.0,-1.3170582106069613,0.17597024247042903,False,25,-2.763188831439025,-0x1.61b02befd9fe3p+1,-1.3170582106069613,-0x1.512aba157c34bp+0,0.4766443015481711,0.7923739646388034,0x1.95b20a50a6aabp-1,-1.0525986425574594,-0x1.0d771ac999290p+0,-1.3284114440045707,0.3329435618849075,0x1.54ef2836d674cp-2,1.242707674233393,0x1.3e2217135215cp+0,3.7324874738469167,0.6240699124652221,0x1.3f861770e9531p-1,1.117276395123747,0x1.1e05d369a6366p+0,1.7903064589514401,0.9814044562040927,0x1.f67aa517172a0p-1,0.22845317634802367,0x1.d3df4248a81adp-3,0.2327818820302102,0.9999999992964759,0x1.fffffff9f4ef2p-1,-0.03214579208693824,-0x1.07569cb6f5110p-5,-0.03214579210955358,-1.3277225685903369
H593-2f5a93c328b7e7c9e25412f0,DIFFICULT-0013,100,3978,/hkfs/work/workspace/scratch/ap7811-benchmark/dailymed/data/box_flat_20000_images/data/raw_images/otc/citrus mini nicotine lozenge.jpg,106,361.8390197753906,0x1.69d6ca0000000p+8,False,False,False,CHALLENGER,99,-2.8174015481784105,-0x1.68a09d2a90222p+1,-2.8174015481784105,-0x1.68a09d2a90222p+1,0.0006366950062360418,0.015610449552685639,0.04078646192008635,0.0006490196510137634,0.0007796292169467885,-1.2324644777721638e-05,-0.00014293421071074675,-1.3277225685903369,-4.440892098500626e-16,-1.3851881523196228,-1.4322133958587877,False,101,-2.9061254856513408,-0x1.73fbeb7f78e98p+1,-1.3851881523196228,-0x1.629bb0d504fa7p+0,0.4766443015481711,0.07590533091031618,0x1.36e8821da13e2p-4,-0.10083351024221789,-0x1.9d03994d4c9f9p-4,-1.3284114440045707,0.04458819255678234,0x1.6d44379a3651cp-5,0.16642487019966443,0x1.54d68ff5fd23fp-3,3.7324874738469167,0.03142349063894262,0x1.016bd613da7c8p-5,0.05625767825369909,0x1.ccdce707f3f0fp-5,1.7903064589514401,-0.9999999575733625,-0x1.fffffe938ed66p-1,-0.23278187215405766,-0x1.dcbcbe0006d24p-3,0.2327818820302102,-0.20039968691724694,-0x1.9a6b26ab8176bp-3,0.006442006674461444,0x1.a62eeffcc7ecfp-8,-0.03214579210955358,-1.3277225685903369
H593-2f5a93c328b7e7c9e25412f0,DIFFICULT-0013,101,4122,/hkfs/work/workspace/scratch/ap7811-benchmark/dailymed/data/box_flat_20000_images/data/raw_images/otc/conrx_ar-01.jpg,62,376.03228759765625,0x1.7808440000000p+8,False,False,False,CHALLENGER,100,-3.547707446903707,-0x1.c61b47121d10ep+1,-3.547707446903707,-0x1.c61b47121d10ep+1,0.0001921878029380015,0.008829256876030332,0.021767154998033073,0.00019349013613903258,0.00024126626026945545,-1.3023332010310656e-06,-4.9078457331453937e-05,-1.3277225685903369,0.0,-1.241540573215915,-2.3061668736877916,False,125,-2.6047527877356593,-0x1.4d688a12bea78p+1,-1.241540573215915,-0x1.3dd59a5e9e943p+0,0.4766443015481711,-0.4799022241410895,-0x1.eb6b7d17dac4cp-2,0.6375076065522699,0x1.466765a22fbc7p-1,-1.3284114440045707,-0.23579520732067122,-0x1.e2e898fff771ep-3,-0.8801026577175421,-0x1.c29cd0c809ff4p-1,3.7324874738469167,-0.275254436396326,-0x1.19dc4c899ac27p-2,-0.49278979533538086,-0x1.f89de35b126d1p-2,1.7903064589514401,-0.9999999203046678,-0x1.fffffd536c1c7p-1,-0.23278186347858076,-0x1.dcbcbcd5f0850p-3,0.2327818820302102,0.3197182101842446,0x1.476435e2b53b8p-2,-0.010277595118221284,-0x1.50c6b7750771ap-7,-0.03214579210955358,-1.3277225685903369
H593-2f5a93c328b7e7c9e25412f0,DIFFICULT-0013,102,4124,/hkfs/work/workspace/scratch/ap7811-benchmark/dailymed/data/box_flat_20000_images/data/raw_images/otc/container image.jpg,33,450.991943359375,0x1.c2fdf00000000p+8,False,False,False,CHALLENGER,101,-0.40491738823181145,-0x1.9ea2a9f026432p-2,-0.40491738823181145,-0x1.9ea2a9f026432p-2,0.0033116671667152795,0.03146149646084127,0.10526095511181945,0.003257758339134605,0.003104259946451274,5.390882758067464e-05,0.00020740722026400555,-1.3277225685903369,-5.551115123125783e-17,-0.4828870189071383,0.07796963067532686,False,8,-1.0130972243635148,-0x1.035a56f64f469p+0,-0.4828870189071383,-0x1.ee79ef4779f37p-2,0.4766443015481711,0.716545986970484,0x1.6edf1d983c8e0p-1,-0.9518678892471409,-0x1.e75b3a5cdba89p-1,-1.3284114440045707,0.37568820542447573,0x1.80b468af2a09dp-2,1.4022515208188828,0x1.66f9f4a6aef10p+0,3.7324874738469167,0.46641597025879344,0x1.dd9c25ea5fdfap-2,0.8350275241124208,0x1.ab88ba46a538cp-1,1.7903064589514401,0.6548054094907915,0x1.4f42a79603803p-1,0.1524268355848289,0x1.382b8f8ef4f5ap-3,0.2327818820302102,0.9999999966954971,0x1.ffffffe39d524p-1,-0.03214579200332772,-0x1.07569cab77486p-5,-0.03214579210955358,-1.3277225685903369
H593-2f5a93c328b7e7c9e25412f0,DIFFICULT-0013,103,4126,/hkfs/work/workspace/scratch/ap7811-benchmark/dailymed/data/box_flat_20000_images/data/raw_images/otc/containercarton.jpg,86,365.6276550292969,0x1.6da0ae0000000p+8,False,False,False,CHALLENGER,102,-1.4557432276238456,-0x1.74ab969204952p+0,-1.4557432276238456,-0x1.74ab969204952p+0,0.005209269421904857,0.03197564796148179,0.162913646915928,0.005491655849048799,0.005261807324806737,-0.00028238642714394167,-5.253790290188007e-05,-1.3277225685903369,0.0,-1.3468440381138131,-0.10889918951003241,False,36,-2.8256795135055173,-0x1.69afddc5bddfap+1,-1.3468440381138131,-0x1.58cac55882eb7p+0,0.4766443015481711,0.8099912878914519,0x1.9eb72d9713d16p-1,-1.0760016963790056,-0x1.1374d8e0636afp+0,-1.3284114440045707,0.3826280326092981,0x1.87cfa49a5be94p-2,1.428154338856895,0x1.6d9b85d307e6dp+0,3.7324874738469167,0.6193000563666669,0x1.3d14e5a102f70p-1,1.1087368909422346,0x1.1bd62e4e7732ap+0,1.7903064589514401,-0.9999999965943752,-0x1.ffffffe2bef3bp-1,-0.23278188123744245,-0x1.dcbcbf38211e7p-3,0.2327818820302102,0.2888176801099233,0x1.27bfd26a50997p-2,-0.009284273102377142,-0x1.303a20abc17cfp-7,-0.03214579210955358,-1.3277225685903369
H593-2f5a93c328b7e7c9e25412f0,DIFFICULT-0013,104,4259,/hkfs/work/workspace/scratch/ap7811-benchmark/dailymed/data/box_flat_20000_images/data/raw_images/otc/cvs es hrt.jpg,99,363.2341613769531,0x1.6b3bf20000000p+8,False,False,False,CHALLENGER,103,-1.8611373204726678,-0x1.dc737ed4cb90ep+0,-1.8611373204726678,-0x1.dc737ed4cb90ep+0,0.0018458331643016852,0.020585424984249534,0.08966699330783708,0.0017104975786662068,0.001576719126843573,0.00013533558563547836,0.0002691140374581121,-1.3277225685903369,0.0,-1.3710681683891475,-0.4900691520835203,False,47,-2.8765017518007254,-0x1.7031359b6f773p+1,-1.3710681683891475,-0x1.5efe52cfd1691p+0,0.4766443015481711,0.5428935348523821,0x1.15f62432cd37fp-1,-0.7211859845739986,-0x1.713f4a1428639p-1,-1.3284114440045707,0.18092532228613914,0x1.7288f9b1e5d79p-3,0.6753014991347307,0x1.59c11e3b7266dp-1,3.7324874738469167,0.4013944558007635,0x1.9b0725f1d7096p-2,0.7186190868074053,0x1.6feed7483d069p-1,1.7903064589514401,0.8465633383547607,0x1.b170bff873dafp-1,0.19706460715999882,0x1.93969bd79c39fp-3,0.2327818820302102,0.999999997255192,0x1.ffffffe86c1a7p-1,-0.03214579202131955,-0x1.07569cadf0506p-5,-0.03214579210955358,-1.3277225685903369
H593-2f5a93c328b7e7c9e25412f0,DIFFICULT-0013,105,4293,/hkfs/work/workspace/scratch/ap7811-benchmark/dailymed/data/box_flat_20000_images/data/raw_images/otc/cvs-44-417backandmuscle-1.jpg,81,367.1003112792969,0x1.6f19ae0000000p+8,False,False,False,CHALLENGER,104,-2.8495043260843795,-0x1.6cbc8ec92be52p+1,-2.8495043260843795,-0x1.6cbc8ec92be52p+1,0.00036854720312149336,0.016795822003380905,0.021942790477733502,0.0003710170706311867,0.0003679754082797252,-2.469867509693319e-06,5.717948417681331e-07,-1.3277225685903369,-4.440892098500626e-16,-1.331939541995408,-1.5175647840889714,False,104,-2.79440987266434,-0x1.65af39035b3f2p+1,-1.331939541995408,-0x1.54f9fd651e975p+0,0.4766443015481711,-0.19478812804752327,-0x1.8eed13fce7c72p-3,0.2587587784545576,0x1.08f80fac0f999p-2,-1.3284114440045707,0.08103451688790331,0x1.4bead97e175d8p-4,0.30246031923333555,0x1.35b8286dc792dp-2,3.7324874738469167,-0.27153655952260725,-0x1.160dae0b45962p-2,-0.48613365635477596,-0x1.f1cd056e1d5a7p-2,1.7903064589514401,-0.9999999270888354,-0x1.fffffd8db2a75p-1,-0.2327818650578121,-0x1.dcbcbd0c3395dp-3,0.2327818820302102,0.9999999895596196,0x1.ffffffa6515c5p-1,-0.03214579177393928,-0x1.07569c8bf0650p-5,-0.03214579210955358,-1.3277225685903369
H593-2f5a93c328b7e7c9e25412f0,DIFFICULT-0013,106,4297,/hkfs/work/workspace/scratch/ap7811-benchmark/dailymed/data/box_flat_20000_images/data/raw_images/otc/cvs-44-453485-1.jpg,121,360.6322937011719,0x1.68a1de0000000p+8,False,False,False,CHALLENGER,105,-2.022933653881145,-0x1.02ef7d6eb2dacp+1,-2.022933653881145,-0x1.02ef7d6eb2dacp+1,0.0012775065152538633,0.033446071187553474,0.03819601136677814,0.0012787051461107253,0.0012812788715475146,-1.1986308568619729e-06,-3.7723562936512432e-06,-1.3277225685903369,0.0,-1.3974012156799092,-0.6255324382012357,False,54,-2.9317484991241076,-0x1.774388e9eae57p+1,-1.3974012156799092,-0x1.65bc1608bc60dp+0,0.4766443015481711,0.4004955039145066,0x1.9a1b7e4e0808cp-2,-0.5320228106724079,-0x1.10654b3920c38p-1,-1.3284114440045707,0.40164992464617205,0x1.9b4a1e2b2f481p-2,1.4991533126133951,0x1.7fc882f15d563p+0,3.7324874738469167,-0.0013757169599505092,-0x1.68a2cd67fa18ap-10,-0.002462954959088436,-0x1.42d30e00699fep-9,1.7903064589514401,-0.9999999196405295,-0x1.fffffd4db7a7dp-1,-0.2327818633239814,-0x1.dcbcbcd0a0a63p-3,0.2327818820302102,0.9237773070768651,0x1.d8f956d55d3a4p-1,-0.029695553268816146,-0x1.e6882d8813847p-6,-0.03214579210955358,-1.3277225685903369
H593-2f5a93c328b7e7c9e25412f0,DIFFICULT-0013,107,4306,/hkfs/work/workspace/scratch/ap7811-benchmark/dailymed/data/box_flat_20000_images/data/raw_images/otc/cvs-44-531c-1.jpg,95,363.97705078125,0x1.6bfa200000000p+8,False,False,False,CHALLENGER,106,-1.3980816920051289,-0x1.65e8ae884c623p+0,-1.3980816920051289,-0x1.65e8ae884c623p+0,0.0055928964241161415,0.034377617645491715,0.1626900526322421,0.0058067598075850135,0.004725934189744864,-0.000213863383468872,0.0008669622343712774,-1.3277225685903369,0.0,-1.3635495147707304,-0.0345321772343985,False,33,-2.8607276124813295,-0x1.6e2c52892f8c6p+1,-1.3635495147707304,-0x1.5d1194bc6abdap+0,0.4766443015481711,0.8218635026980516,0x1.a4cb4b03ba708p-1,-1.0917728823937731,-0x1.177e6d788a791p+0,-1.3284114440045707,0.4131058131787961,0x1.a70535d58fc8fp-2,1.5419122730632009,0x1.8abac3421b832p+0,3.7324874738469167,0.6188765438559095,0x1.3cdd62e83ecadp-1,1.107978673758779,0x1.1ba47d88759bdp+0,1.7903064589514401,-0.9999999955577044,-0x1.ffffffd9d749ep-1,-0.23278188099612426,-0x1.dcbcbf2fd6763p-3,0.2327818820302102,0.9999999989606853,0x1.fffffff71285dp-1,-0.032145792076143986,-0x1.07569cb579470p-5,-0.03214579210955358,-1.3277225685903369
H593-2f5a93c328b7e7c9e25412f0,DIFFICULT-0013,108,4310,/hkfs/work/workspace/scratch/ap7811-benchmark/dailymed/data/box_flat_20000_images/data/raw_images/otc/cvs-44-596a-1.jpg,56,381.2796630859375,0x1.7d47980000000p+8,False,False,False,CHALLENGER,107,-1.44908137377178,-0x1.72f6ff3597b13p+0,-1.44908137377178,-0x1.72f6ff3597b13p+0,0.004049293840972728,0.03060639695136109,0.13230220621550987,0.004062073005747585,0.0040153761256038,-1.2779164774857042e-05,3.3917715368927785e-05,-1.3277225685903369,0.0,-1.1884328044498482,-0.2606485693219318,False,35,-2.493332660413106,-0x1.3f25864d42f08p+1,-1.1884328044498482,-0x1.303d21dc9b0cap+0,0.4766443015481711,0.7620369301354601,0x1.8629b45a8d54ep-1,-1.0122985787460568,-0x1.0325ffe980688p+0,-1.3284114440045707,0.36379428954837656,0x1.74867d8053cbcp-2,1.3578576287963537,0x1.5b9c8ebc4df04p+0,3.7324874738469167,0.5509909258761023,0x1.1a1b7b8e0fad6p-1,0.9864426134196201,0x1.f90f0198093c7p-1,1.7903064589514401,-0.999999958376029,-0x1.fffffe9a73eb7p-1,-0.23278187234090386,-0x1.dcbcbe0672568p-3,0.2327818820302102,0.9999999922557385,0x1.ffffffbd7a306p-1,-0.03214579186060816,-0x1.07569c97d9c8ep-5,-0.03214579210955358,-1.3277225685903369
H593-2f5a93c328b7e7c9e25412f0,DIFFICULT-0013,109,4329,/hkfs/work/workspace/scratch/ap7811-benchmark/dailymed/data/box_flat_20000_images/data/raw_images/otc/cvs-apap-muscle-24s-ifc.jpg,112,361.5169677734375,0x1.6984580000000p+8,False,False,False,CHALLENGER,108,-3.043568279814712,-0x1.8593a538793cbp+1,-3.043568279814712,-0x1.8593a538793cbp+1,0.0003334126121772466,0.014756199595796526,0.0225947480591292,0.000334413014230532,0.00036412466420913454,-1.0004020532853827e-06,-3.0712052031887926e-05,-1.3277225685903369,0.0,-1.3884475842563258,-1.6551206955583861,False,118,-2.912963775600714,-0x1.74dbff3b51a1cp+1,-1.3884475842563258,-0x1.63714d069753ep+0,0.4766443015481711,-0.24247623076786698,-0x1.f09760c9a4881p-3,0.3221081998511277,0x1.49d6bb60893e0p-2,-1.3284114440045707,0.016477671469885796,0x1.0df85d04f3fc8p-6,0.061502702359513446,0x1.f7d483e7fdce9p-5,3.7324874738469167,-0.2579233841557871,-0x1.081d114f4a7f0p-2,-0.46176190056871913,-0x1.d8d81c95ed01ep-2,1.7903064589514401,-0.999999918339717,-0x1.fffffd428b238p-1,-0.23278186302117584,-0x1.dcbcbcc63924bp-3,0.2327818820302102,0.5122059376443898,0x1.063fdb4dffd4bp-1,-0.01646526558879552,-0x1.0dc4544e533f0p-6,-0.03214579210955358,-1.3277225685903369
H593-2f5a93c328b7e7c9e25412f0,DIFFICULT-0013,110,4330,/hkfs/work/workspace/scratch/ap7811-benchmark/dailymed/data/box_flat_20000_images/data/raw_images/otc/cvs-chewable-aspirin-carton-image.jpg,119,360.68194580078125,0x1.68ae940000000p+8,False,False,False,CHALLENGER,109,-0.7115616754267274,-0x1.6c51cfda16eafp-1,-0.7115616754267274,-0x1.6c51cfda16eafp-1,0.010963516951618443,0.06121913039099281,0.1790864535578491,0.011198399635763695,0.01051740311705598,-0.00023488268414525136,0.000446113834562464,-1.3277225685903369,0.0,-1.3968986954713416,0.6853370200446142,False,17,-2.9306942114573182,-0x1.7720fce864918p+1,-1.3968986954713416,-0x1.659b2724dfddap+0,0.4766443015481711,0.9049801351689436,0x1.cf598e6829197p-1,-1.2021859681552278,-0x1.33c275a8efd23p+0,-1.3284114440045707,0.6217650315790086,0x1.3e57fc78db438p-1,2.3207301920446826,0x1.290dafdad5faap+1,3.7324874738469167,0.6476226637528708,0x1.4b9532a1ef18ap-1,1.1594430378801013,0x1.28d142494519cp+0,1.7903064589514401,-0.9999999959370757,-0x1.ffffffdd1988fp-1,-0.232781881084435,-0x1.dcbcbf32df405p-3,0.2327818820302102,0.9999999981526775,0x1.fffffff021b1ep-1,-0.03214579205016994,-0x1.07569cb1e7659p-5,-0.03214579210955358,-1.3277225685903369
H593-2f5a93c328b7e7c9e25412f0,DIFFICULT-0013,111,4340,/hkfs/work/workspace/scratch/ap7811-benchmark/dailymed/data/box_flat_20000_images/data/raw_images/otc/cvs-lasoprazole-strawberry-carton-image-2.jpg,10,478.9336242675781,0x1.deef020000000p+8,False,False,False,CHALLENGER,110,-1.0659523169977552,-0x1.10e2404499ccfp+0,-1.0659523169977552,-0x1.10e2404499ccfp+0,0.0009463671729361539,0.017951607730109436,0.05271768340552887,0.000915738910053668,0.0010445640262576271,3.0628262882485954e-05,-9.819685332147321e-05,-1.3277225685903369,0.0,-0.2000941576144688,-0.8658581593832864,False,24,-0.4197976498712986,-0x1.addf6f648a1f9p-2,-0.2000941576144688,-0x1.99caf73899378p-3,0.4766443015481711,0.2675486124006807,0x1.11f843716787bp-2,-0.3554146385406074,-0x1.6bf1d0a434cecp-2,-1.3284114440045707,0.11398974903709089,0x1.d2e6ea4318caep-4,0.42546531042789537,0x1.b3ad2da77b2f8p-2,3.7324874738469167,0.15838939139228989,0x1.4461a840817e3p-3,0.2835655504390042,0x1.225f01f5a18c4p-2,1.7903064589514401,0.4628872860408443,0x1.d9ff1fed1e55ap-2,0.10775177361244398,0x1.b959ec7c05e8cp-4,0.2327818820302102,-0.015442558286400275,-0x1.fa05916740bb9p-7,0.0004964132683142873,0x1.044376058cff4p-11,-0.03214579210955358,-1.3277225685903369
H593-2f5a93c328b7e7c9e25412f0,DIFFICULT-0013,112,4343,/hkfs/work/workspace/scratch/ap7811-benchmark/dailymed/data/box_flat_20000_images/data/raw_images/otc/cvs-nicotine-lozenge-mint-carton-image.jpg,70,371.4093322753906,0x1.7368ca0000000p+8,False,False,False,CHALLENGER,111,-1.6846551677379598,-0x1.af458fa278d08p+0,-1.6846551677379598,-0x1.af458fa278d08p+0,0.0017404829789528055,0.023242599515582045,0.07488331835627811,0.0016390681829540788,0.0015784120473380384,0.00010141479599872676,0.00016207093161476715,-1.3277225685903369,0.0,-1.2883286947862198,-0.39632647295173995,False,42,-2.702914291855889,-0x1.59f91873b4bddp+1,-1.2883286947862198,-0x1.49cfe8ca9aed1p+0,0.4766443015481711,0.521840150002313,0x1.0b2ea1d3ffd49p-1,-0.6932184272041344,-0x1.62ed8693a712ap-1,-1.3284114440045707,0.2389317707546255,0x1.e9550f6aee901p-3,0.8918098414457027,0x1.c89b4cae853e0p-1,3.7324874738469167,0.3232072088795536,0x1.4af6d49fe061fp-2,0.5786399536367322,0x1.28437efa0eb48p-1,1.7903064589514401,0.8003652093539078,0x1.99c977fe0ffd0p-1,0.18631051974490584,0x1.7d905ea9a41cbp-3,0.2327818820302102,0.9999999961132006,0x1.ffffffde9cd67p-1,-0.03214579198460933,-0x1.07569ca8e4b02p-5,-0.03214579210955358,-1.3277225685903369
H593-2f5a93c328b7e7c9e25412f0,DIFFICULT-0013,113,4368,/hkfs/work/workspace/scratch/ap7811-benchmark/dailymed/data/box_flat_20000_images/data/raw_images/otc/cvshealth-nicotine-lozenge-mint-carton-image-2.jpg,87,365.6246337890625,0x1.6d9fe80000000p+8,False,False,False,CHALLENGER,112,-1.5106531225101372,-0x1.82ba29bcc804ap+0,-1.5106531225101372,-0x1.82ba29bcc804ap+0,0.0025396250465571793,0.02597606333513482,0.09776789553489124,0.0024374049860843732,0.002437278025300823,0.0001022200604728061,0.00010234702125635651,-1.3277225685903369,2.220446049250313e-16,-1.3468746155573588,-0.1637785069527784,False,38,-2.825743664998457,-0x1.69b1f7ea06163p+1,-1.3468746155573588,-0x1.58ccc659a1a55p+0,0.4766443015481711,0.645643766494497,0x1.4a91d1dbeb958p-1,-0.8576805681615045,-0x1.b721e84d56336p-1,-1.3284114440045707,0.2906126024324633,0x1.2996599d02f2fp-2,1.0847078983212233,0x1.15af6ab500a6fp+0,3.7324874738469167,0.4370325497193884,0x1.bf8575f1543ddp-2,0.7824221965346374,0x1.9099a4638fbecp-1,1.7903064589514401,0.8017820169776675,0x1.9a832c2ae1478p-1,0.18664032689003937,0x1.7e3d48a0dc187p-3,0.2327818820302102,0.9999999949381743,0x1.ffffffd484ed7p-1,-0.032145791946837185,-0x1.07569ca3b3b2ep-5,-0.03214579210955358,-1.3277225685903369
H593-2f5a93c328b7e7c9e25412f0,DIFFICULT-0013,114,4370,/hkfs/work/workspace/scratch/ap7811-benchmark/dailymed/data/box_flat_20000_images/data/raw_images/otc/cvshealth-omeprazole-carton-image.jpg,16,472.2424621582031,0x1.d83e120000000p+8,False,False,False,CHALLENGER,113,-2.049740154480989,-0x1.065de2a8659c6p+1,-2.049740154480989,-0x1.065de2a8659c6p+1,0.0004098499925362563,0.012592360082861055,0.032547512129524184,0.00042498222947771094,0.0002498118242917419,-1.5132236941454633e-05,0.0001600381682445144,-1.3277225685903369,0.0,-0.2678142380383968,-1.781925916442592,False,58,-0.5618744148802768,-0x1.1fae00d8bd66cp-1,-0.2678142380383968,-0x1.123de5471cbf5p-2,0.4766443015481711,-0.1432069459172949,-0x1.2549aeea32d61p-3,0.19023774581747818,0x1.859b5e0601b2fp-3,-1.3284114440045707,-0.06272488970869872,-0x1.00ebd05f1ae70p-4,-0.23411986513614733,-0x1.df7a3c60d457fp-3,3.7324874738469167,-0.08121155046821969,-0x1.4ca47b9518667p-4,-0.14539356334471457,-0x1.29c419bcea669p-3,1.7903064589514401,-0.9999999620891747,-0x1.fffffeba5936bp-1,-0.23278187320525695,-0x1.dcbcbe242544ap-3,0.2327818820302102,0.9999999960822465,0x1.ffffffde58c4ep-1,-0.032145791983614294,-0x1.07569ca8c1adap-5,-0.03214579210955358,-1.3277225685903369
H593-2f5a93c328b7e7c9e25412f0,DIFFICULT-0013,115,4371,/hkfs/work/workspace/scratch/ap7811-benchmark/dailymed/data/box_flat_20000_images/data/raw_images/otc/cvsrani150.jpg,59,379.75372314453125,0x1.7bc0f40000000p+8,False,False,False,CHALLENGER,114,-0.6930806211419779,-0x1.62db769297a27p-1,-0.6930806211419779,-0x1.62db769297a27p-1,0.005352101451065393,0.03918796321113226,0.13657513717234998,0.005154663412921507,0.0050946638212020535,0.00019743803814388592,0.00025743762986333955,-1.3277225685903369,0.0,-1.203876575481689,0.510795954339711,False,16,-2.525733700311576,-0x1.434b3dec9f23fp+1,-1.203876575481689,-0x1.343141581d44bp+0,0.4766443015481711,0.8145919864221841,0x1.a112336a88ae9p-1,-1.0821133169576451,-0x1.150560dae62fep+0,-1.3284114440045707,0.4659090345403913,0x1.dd1742090c337p-2,1.7389996353741208,0x1.bd2f1481b011fp+0,3.7324874738469167,0.5619620169669229,0x1.1fb97c48ef2bdp-1,1.006084228661261,0x1.018ebc6b1f1acp+0,1.7903064589514401,0.8922247988516349,0x1.c8d1b0577ef35p-1,0.20769376787070928,0x1.a95b59a4b3a25p-3,0.2327818820302102,0.9999999971643094,0x1.ffffffe7a4402p-1,-0.03214579201839806,-0x1.07569cad8985fp-5,-0.03214579210955358,-1.3277225685903369
H593-2f5a93c328b7e7c9e25412f0,DIFFICULT-0013,116,4460,/hkfs/work/workspace/scratch/ap7811-benchmark/dailymed/data/box_flat_20000_images/data/raw_images/otc/equate-nicotine-gum-fruit-carton-image.jpg,84,365.98193359375,0x1.6dfb600000000p+8,False,False,False,CHALLENGER,115,-3.233969054295671,-0x1.9df2b2ae3cec2p+1,-3.233969054295671,-0x1.9df2b2ae3cec2p+1,0.00021133765067588868,0.013144321222035934,0.01607824756455202,0.00021254595280661694,0.00020043025690352767,-1.2083021307282516e-06,1.0907393772361014e-05,-1.3277225685903369,0.0,-1.343258446779294,-1.890710607516377,False,122,-2.8181569409647924,-0x1.68b95ddc38374p+1,-1.343258446779294,-0x1.57dfc91afe29cp+0,0.4766443015481711,-0.442524093418757,-0x1.c5250933b3d32p-2,0.5878540699452245,0x1.2cfb356a7870dp-1,-1.3284114440045707,-0.04133401655589214,-0x1.529bb72a3c738p-5,-0.1542786990386485,-0x1.3bf67876b92f2p-3,3.7324874738469167,-0.4086650925205232,-0x1.a2791a1d91e16p-2,-0.7316357546874805,-0x1.7698f62def1bap-1,1.7903064589514401,-0.9999999197029347,-0x1.fffffd4e40e2dp-1,-0.2327818633385082,-0x1.dcbcbcd1206dap-3,0.2327818820302102,0.999999990576488,0x1.ffffffaf0d7a6p-1,-0.03214579180662733,-0x1.07569c906e80cp-5,-0.03214579210955358,-1.3277225685903369
H593-2f5a93c328b7e7c9e25412f0,DIFFICULT-0013,117,4467,/hkfs/work/workspace/scratch/ap7811-benchmark/dailymed/data/box_flat_20000_images/data/raw_images/otc/esomeprazole-fig3.jpg,50,395.2983093261719,0x1.8b4c5e0000000p+8,False,False,False,CHALLENGER,116,-2.7248968665852606,-0x1.5cc96ba77a70ep+1,-2.7248968665852606,-0x1.5cc96ba77a70ep+1,0.0006751458003253175,0.012460631684000408,0.054182309328042515,0.0006796247098920117,0.0006702173841894299,-4.478909566694241e-06,4.92841613588754e-06,-1.3277225685903369,4.440892098500626e-16,-1.0465525398104456,-1.678344326774815,False,96,-2.195667789190338,-0x1.190ba461b9fffp+1,-1.0465525398104456,-0x1.0beade0408171p+0,0.4766443015481711,0.1049823273895354,0x1.ae01f2ecbc7f1p-4,-0.13945972512249333,-0x1.1d9d0f7415026p-3,-1.3284114440045707,-0.06796046662401184,-0x1.165db6d922f0cp-4,-0.2536615903909156,-0x1.03bfdd2bebdbcp-2,3.7324874738469167,0.1717176491246298,0x1.5fad80b9171e3p-3,0.30742721634378184,0x1.3ace3340632f3p-2,1.7903064589514401,-0.9999999364044179,-0x1.fffffdddb7d60p-1,-0.2327818672263109,-0x1.dcbcbd56b5e70p-3,0.2327818820302102,0.999999990013838,0x1.ffffffaa38329p-1,-0.03214579178854049,-0x1.07569c8df2210p-5,-0.03214579210955358,-1.3277225685903369
H593-2f5a93c328b7e7c9e25412f0,DIFFICULT-0013,118,4481,/hkfs/work/workspace/scratch/ap7811-benchmark/dailymed/data/box_flat_20000_images/data/raw_images/otc/famo-10mg-3x10s-blister-ifc.jpg,67,372.9016418457031,0x1.74e6d20000000p+8,False,False,False,CHALLENGER,117,-2.3960568032700005,-0x1.32b1fd44b3942p+1,-2.3960568032700005,-0x1.32b1fd44b3942p+1,0.0006002958113369836,0.017699860876854157,0.033915284165989205,0.0005899138056951068,0.0006359432682285386,1.03820056418768e-05,-3.564745689155495e-05,-1.3277225685903369,-4.440892098500626e-16,-1.2732252908532369,-1.1228315124167636,False,75,-2.671227342313167,-0x1.55eac70db5412p+1,-1.2732252908532369,-0x1.45f217b8a79d1p+0,0.4766443015481711,0.04658378029160796,0x1.7d9d449c0c555p-5,-0.06188242684436659,-0x1.faf0daefcc1ebp-5,-1.3284114440045707,0.10701455521496557,0x1.b654e4ed821a5p-4,0.3994304868591582,0x1.99044e38577e3p-2,3.7324874738469167,-0.060733540239866726,-0x1.f18777233785ap-5,-0.1087316493664206,-0x1.bd5d65e11a474p-4,1.7903064589514401,-0.039923621694905334,-0x1.470de7308f50ap-5,-0.009293495795602194,-0x1.30877e40f9da8p-7,0.2327818820302102,0.4551718193575576,0x1.d2188fb8ce5ddp-2,-0.014631858679195324,-0x1.df74ed40e00e9p-7,-0.03214579210955358,-1.3277225685903369
H593-2f5a93c328b7e7c9e25412f0,DIFFICULT-0013,119,4534,/hkfs/work/workspace/scratch/ap7811-benchmark/dailymed/data/box_flat_20000_images/data/raw_images/otc/kirkland-signature-lansoprazole-stretch-card-image-2.jpg,21,468.84075927734375,0x1.d4d73c0000000p+8,False,False,False,CHALLENGER,118,-1.2239014317661185,-0x1.39519aaef68acp+0,-1.2239014317661185,-0x1.39519aaef68acp+0,0.0008291776954773045,0.01592181394791029,0.052078092244391076,0.0007242467841845669,0.0010868949140033864,0.0001049309112927376,-0.00025771721852608186,-1.3277225685903369,0.0,-0.30224227742894477,-0.9216591543371737,False,28,-0.6341044599657283,-0x1.44a956fb99e0fp-1,-0.30224227742894477,-0x1.357effe41a7f7p-2,0.4766443015481711,0.20516966961020044,0x1.a42ffee8db014p-3,-0.27254973707282704,-0x1.1717473d0b75ap-2,-1.3284114440045707,0.054438694194809845,0x1.bdf6376684540p-5,0.20319174417471061,0x1.a022fe406171fp-3,3.7324874738469167,0.15243353142108024,0x1.382f1242237cep-3,0.27290273586393726,0x1.1773d09619203p-2,1.7903064589514401,0.8064072209466469,0x1.9ce1684272bc8p-1,0.187716990574712,0x1.8071c3fb601bfp-3,0.2327818820302102,-0.46045468912963433,-0x1.d7816f1c6810bp-2,0.014801680712630346,0x1.e5057f4b1518bp-7,-0.03214579210955358,-1.3277225685903369
H593-2f5a93c328b7e7c9e25412f0,DIFFICULT-0013,120,4594,/hkfs/work/workspace/scratch/ap7811-benchmark/dailymed/data/box_flat_20000_images/data/raw_images/otc/meijer-naproxen-sodium-carton-image.jpg,69,371.6253662109375,0x1.73a0180000000p+8,False,False,False,CHALLENGER,119,-0.8023815023858305,-0x1.9ad1bf8f5331ap-1,-0.8023815023858305,-0x1.9ad1bf8f5331ap-1,0.00896939392031239,0.047425286049058636,0.18912682806033232,0.009070828913755706,0.010214147954459898,-0.0001014349934433164,-0.0012447540341475084,-1.3277225685903369,0.0,-1.2861422531411977,0.4837607507553672,False,18,-2.6983271361132934,-0x1.5962c899c20a3p+1,-1.2861422531411977,-0x1.49409e633ec54p+0,0.4766443015481711,0.88506879606944,0x1.c527bcbba81bfp-1,-1.1757355174299917,-0x1.2cfd00bc1b820p+0,-1.3284114440045707,0.5372098544607032,0x1.130d2b87fecabp-1,2.0051290526017,0x1.00a8119c9785ap+1,3.7324874738469167,0.6631792320231522,0x1.538c3a71da070p-1,1.1872940625335051,0x1.2ff280f150fe8p+0,1.7903064589514401,-0.9999999911253458,-0x1.ffffffb3c46ddp-1,-0.23278187996435148,-0x1.dcbcbf0c62e47p-3,0.2327818820302102,-0.8578914935695777,-0x1.b73d8dc8cbbd9p-1,0.02757760160484207,0x1.c3d4d83facaafp-6,-0.03214579210955358,-1.3277225685903369
H593-2f5a93c328b7e7c9e25412f0,DIFFICULT-0013,121,4602,/hkfs/work/workspace/scratch/ap7811-benchmark/dailymed/data/box_flat_20000_images/data/raw_images/otc/mint42carton.jpg,6,487.04840087890625,0x1.e70c640000000p+8,False,False,False,CHALLENGER,120,-2.560504022471049,-0x1.47be9886e511cp+1,-2.560504022471049,-0x1.47be9886e511cp+1,0.00014841103248623686,0.008261149758221826,0.017964936701278446,0.00015105551423394176,0.0002442978686278532,-2.644481747704903e-06,-9.588683614161636e-05,-1.3277225685903369,0.0,-0.11796592401938091,-2.442538098451668,False,86,-0.24749257179036876,-0x1.fadd62aebd934p-3,-0.11796592401938091,-0x1.e3303c9b4a642p-4,0.4766443015481711,-0.5730825923180357,-0x1.256b14dfd362fp-1,0.7612894739950845,0x1.85c7bbe33223fp-1,-1.3284114440045707,-0.26694415004899236,-0x1.1159cea94697fp-2,-0.9963656962745757,-0x1.fe23a500b60d8p-1,3.7324874738469167,-0.3614304515107942,-0x1.721ad30411cacp-2,-0.6470712718015103,-0x1.4b4cecfd23215p-1,1.7903064589514401,-0.999999928005422,-0x1.fffffd95923fbp-1,-0.23278186527117684,-0x1.dcbcbd13885c8p-3,0.2327818820302102,-0.0035410386049661217,-0x1.d0218a0120befp-9,0.00011382949084714457,0x1.dd6f7c314be4fp-14,-0.03214579210955358,-1.3277225685903369
H593-2f5a93c328b7e7c9e25412f0,DIFFICULT-0013,122,4613,/hkfs/work/workspace/scratch/ap7811-benchmark/dailymed/data/box_flat_20000_images/data/raw_images/otc/newequaterani150.jpg,52,384.5597839355469,0x1.808f4e0000000p+8,False,False,False,CHALLENGER,121,-2.555609804072089,-0x1.471e38d8e9cdbp+1,-2.555609804072089,-0x1.471e38d8e9cdbp+1,0.0004352813455105055,0.016948921240602717,0.025681949861667216,0.00043311557401218964,0.0003447343829354964,2.165771498315852e-06,9.054696257500912e-05,-1.3277225685903369,0.0,-1.155235275514699,-1.4003745285573899,False,85,-2.4236842269223007,-0x1.363b48e53b2d7p+1,-1.155235275514699,-0x1.27bd7fbf856c3p+0,0.4766443015481711,-0.1136049079451956,-0x1.d1536144a2a26p-4,0.1509140598094836,0x1.35126e3b1b479p-3,-1.3284114440045707,0.08554004827314196,0x1.5e5f3ddd4d706p-4,0.31927715869176293,0x1.46f0976bc3819p-2,3.7324874738469167,-0.19722833685275204,-0x1.93ec7345042e6p-3,-0.3530991653557323,-0x1.6992d3ddca835p-2,1.7903064589514401,-0.6770209940806886,-0x1.5aa27ee8905e0p-1,-0.15759822117606648,-0x1.42c2db2edf310p-3,0.2327818820302102,0.9999999946166263,0x1.ffffffd1c1d60p-1,-0.032145791936500766,-0x1.07569ca24804bp-5,-0.03214579210955358,-1.3277225685903369
H593-2f5a93c328b7e7c9e25412f0,DIFFICULT-0013,123,4661,/hkfs/work/workspace/scratch/ap7811-benchmark/dailymed/data/box_flat_20000_images/data/raw_images/otc/rite-aid-nicotine-gum-mint-carton-image.jpg,116,360.9161682128906,0x1.68ea8a0000000p+8,False,False,False,CHALLENGER,122,-2.8963872040096827,-0x1.72bcd0dee321cp+1,-2.8963872040096827,-0x1.72bcd0dee321cp+1,0.00042712264175516,0.01628850810194844,0.026222330435779283,0.0004433760606688822,0.0004616278778539724,-1.625341891372216e-05,-3.450523609881237e-05,-1.3277225685903369,-4.440892098500626e-16,-1.3945281714389153,-1.5018590325707675,False,110,-2.9257208507673305,-0x1.767e0555a2af8p+1,-1.3945281714389153,-0x1.64ffcc59ae4a6p+0,0.4766443015481711,-0.12293320525563715,-0x1.f788cf02a58c3p-4,0.16330587670975122,0x1.4e734fbdb433ep-3,-1.3284114440045707,0.06578229343717888,0x1.0d71bbef7f377p-4,0.24553158625519242,0x1.f6d943a8cef5bp-3,3.7324874738469167,-0.18720163138836035,-0x1.7f6391a4911c5p-3,-0.33514828980082817,-0x1.57311d0005013p-2,1.7903064589514401,-0.9999999636348721,-0x1.fffffec7a03cfp-1,-0.23278187356506727,-0x1.dcbcbe3082317p-3,0.2327818820302102,0.4679854684622188,0x1.df37952831a1ep-2,-0.01504376357947853,-0x1.ecf43c4a932acp-7,-0.03214579210955358,-1.3277225685903369
H593-2f5a93c328b7e7c9e25412f0,DIFFICULT-0013,124,4697,/hkfs/work/workspace/scratch/ap7811-benchmark/dailymed/data/box_flat_20000_images/data/raw_images/otc/spl-innovus-carton.jpg,45,431.1276550292969,0x1.af20ae0000000p+8,False,False,False,CHALLENGER,123,-1.4584991975902488,-0x1.75603412e471cp+0,-1.4584991975902488,-0x1.75603412e471cp+0,0.0008608455296285644,0.020910443257712324,0.04116821049745379,0.0008399805671683976,0.0010634653243313727,2.086496246016679e-05,-0.00020261979470280835,-1.3277225685903369,2.220446049250313e-16,-0.6839300038607099,-0.7745691937295389,False,37,-1.4348855145005648,-0x1.6f54a83648b82p+0,-0.6839300038607099,-0x1.5e2c12ceab786p-1,0.4766443015481711,0.22305026077225024,0x1.c8ce933b0c771p-3,-0.296302518998061,-0x1.2f69ed7346bfbp-2,-1.3284114440045707,0.18849075637766155,0x1.82077111ec41cp-3,0.7035393871155525,0x1.6836508637e6bp-1,3.7324874738469167,0.03607625539221475,0x1.278964224b6a6p-5,0.06458755304346378,0x1.088cf540ce33ap-4,1.7903064589514401,0.29957601486444,0x1.32c40e0a08fd9p-2,0.06973586855125458,0x1.1da35bac929c0p-4,0.2327818820302102,-0.36064083003705244,-0x1.714bd46a721bfp-2,0.011593085148587935,0x1.7be1d8c955b87p-7,-0.03214579210955358,-1.3277225685903369
H593-2f5a93c328b7e7c9e25412f0,DIFFICULT-0013,125,4732,/hkfs/work/workspace/scratch/ap7811-benchmark/dailymed/data/box_flat_20000_images/data/raw_images/otc/treda-ultra-44-749-1.jpg,83,366.3401184082031,0x1.6e57120000000p+8,False,False,False,CHALLENGER,124,-2.1846190902655573,-0x1.17a1992d74342p+1,-2.1846190902655573,-0x1.17a1992d74342p+1,0.0007143307970201026,0.022960494969108396,0.031111297817454742,0.0007024456036373401,0.0006408980099152981,1.1885193382762493e-05,7.343278710480452e-05,-1.3277225685903369,4.440892098500626e-16,-1.339633320972312,-0.8449857692932454,False,67,-2.810551425079661,-0x1.67c0262b38bf5p+1,-1.339633320972312,-0x1.56f23596353c4p+0,0.4766443015481711,0.13279044766072676,0x1.0ff4702f64653p-3,-0.17640035032699938,-0x1.6944963d425dbp-3,-1.3284114440045707,0.23316617697041744,0x1.dd863a84f8679p-3,0.8702898348668565,0x1.bd96a11596ba3p-1,3.7324874738469167,-0.10358288754137002,-0x1.a84687a6a59a0p-4,-0.1854451126021554,-0x1.7bcaa5aea2656p-3,1.7903064589514401,0.027657733592397926,0x1.c524f150b16f0p-6,0.006438219278328556,0x1.a5ef653eb1a07p-8,0.2327818820302102,0.9999999940703123,0x1.ffffffcd107a9p-1,-0.03214579191893907,-0x1.07569c9fde1f0p-5,-0.03214579210955358,-1.3277225685903369
H593-2f5a93c328b7e7c9e25412f0,DIFFICULT-0013,126,4753,/hkfs/work/workspace/scratch/ap7811-benchmark/dailymed/data/box_flat_20000_images/data/raw_images/otc/walgreens-44-235-1.jpg,93,364.3062744140625,0x1.6c4e680000000p+8,False,False,False,CHALLENGER,125,-2.312386263111166,-0x1.27fc45e7e41c2p+1,-2.312386263111166,-0x1.27fc45e7e41c2p+1,0.0010416876945692102,0.023845121253964676,0.04368556919776665,0.0010570032326906553,0.000974089185805342,-1.5315538121445094e-05,6.759850876386826e-05,-1.3277225685903369,0.0,-1.3602175000134906,-0.9521687630976752,False,72,-2.853737043735585,-0x1.6d4741651d311p+1,-1.3602175000134906,-0x1.5c3736ce013c0p+0,0.4766443015481711,0.31149930794479613,0x1.3ef9acb165ebdp-2,-0.41379924547337105,-0x1.a7bafd49aba09p-2,-1.3284114440045707,0.25096023794880545,0x1.00fbb87a5892dp-2,0.936705944577558,0x1.df97ebebdbda5p-1,3.7324874738469167,0.06567298630850295,0x1.0cff1e06cf919p-4,0.11757477156674233,0x1.e196156b6bd7fp-4,1.7903064589514401,-0.9999999623508027,-0x1.fffffebc988a2p-1,-0.23278187326615918,-0x1.dcbcbe263cf84p-3,0.2327818820302102,0.9999999938578208,0x1.ffffffcb3d348p-1,-0.03214579191210837,-0x1.07569c9eedc98p-5,-0.03214579210955358,-1.3277225685903369
H593-2f5a93c328b7e7c9e25412f0,DIFFICULT-0013,127,4915,/hkfs/work/workspace/scratch/ap7811-benchmark/dailymed/data/box_flat_20000_images/data/raw_images/prescription/Pediatric Carton.jpg,111,361.6678466796875,0x1.69aaf80000000p+8,False,False,False,CHALLENGER,126,-4.068766783919985,-0x1.0466accbff322p+2,-4.068766783919985,-0x1.0466accbff322p+2,9.030293675297119e-05,0.007784503583010152,0.01160034622503859,9.076239895065148e-05,0.00012031443836112554,-4.594621976802924e-07,-3.0011501608154354e-05,-1.3277225685903369,0.0,-1.3869205652574572,-2.681846218662528,False,128,-2.90976008892302,-0x1.747304c290b1bp+1,-1.3869205652574572,-0x1.630d39e5ee3cap+0,0.4766443015481711,-0.7165455051443913,-0x1.6edf0d6d61c59p-1,0.9518672491838454,0x1.e75b24e2c1962p-1,-1.3284114440045707,-0.29431592625914377,-0x1.2d612777e65e9p-2,-1.098530508115907,-0x1.19394b9e041e0p+0,3.7324874738469167,-0.535071135383485,-0x1.11f4d80702e57p-1,-0.9579413096755337,-0x1.ea77488916705p-1,1.7903064589514401,-0.9999999145658066,-0x1.fffffd222038dp-1,-0.23278186214267788,-0x1.dcbcbca809cb2p-3,0.2327818820302102,0.5206659479684634,0x1.0a94ba2554adcp-1,-0.01673721932191787,-0x1.1238fc67457e5p-6,-0.03214579210955358,-1.3277225685903369
