query_id,display_id,candidate_position,reference_physical_row,reference_image_path,raw_rank,raw_score,raw_score_hex,is_target,is_raw_winner,is_selected,action_kind,challenger_index,head_logit,head_logit_hex,policy_score,policy_score_hex,local_score_S,visibility_mass_M,normalized_similarity_L,query_control_score,reference_control_score,query_robustness_Q,reference_robustness_R,bias_contribution,fp64_sum_residual,plot_raw_component,plot_other_component,plot_is_hold_anchor,policy_rank,feature_RAW,feature_RAW_hex,contribution_RAW,contribution_RAW_hex,weight_RAW,feature_S,feature_S_hex,contribution_S,contribution_S_hex,weight_S,feature_M,feature_M_hex,contribution_M,contribution_M_hex,weight_M,feature_L,feature_L_hex,contribution_L,contribution_L_hex,weight_L,feature_Q,feature_Q_hex,contribution_Q,contribution_Q_hex,weight_Q,feature_R,feature_R_hex,contribution_R,contribution_R_hex,weight_R,head_bias
H593-37c29058d6ea3f6600852bd1,DIFFICULT-0023,0,573,/hkfs/work/workspace/scratch/ap7811-benchmark/dailymed/data/box_flat_20000_images/data/raw_images/homeopathic/21812798 Sciaticaide_4.jpg,114,404.798095703125,0x1.94cc500000000p+8,False,False,False,CHALLENGER,0,-4.707025870934898,-0x1.2d3fe97045d7fp+2,-4.707025870934898,-0x1.2d3fe97045d7fp+2,0.00028510527643389657,0.016853003694867037,0.016917178776904428,0.00027864143907528556,0.0002841670507237559,6.463837358611007e-06,9.382257101406516e-07,-1.3013605522390803,0.0,-1.5384428297336608,-3.1685830412012375,False,105,-3.7320599480277976,-0x1.ddb423efbed43p+1,-1.5384428297336608,-0x1.89d763a878c5ep+0,0.41222350421960635,-0.9070037562850373,-0x1.d062cbdd2fd0cp-1,0.9063651533675811,0x1.d00f17e7e5441p-1,-0.999295920316723,-0.46614475983882825,-0x1.dd550d4ad6921p-2,-1.5067794691022156,-0x1.81bc4c9e1408cp+0,3.232428204541421,-0.7637824229083772,-0x1.870e7d5f4d5fcp-1,-1.1926533487474555,-0x1.3151bad855cffp+0,1.561509289787002,-0.9836823870304123,-0x1.f7a537c3e4c7ap-1,-0.13545965866592327,-0x1.156bdf9f2e015p-3,0.13770670335458116,-0.9972906921969918,-0x1.fe9ce2b72ebc9p-1,0.061304834185856354,0x1.f6358e3d47517p-5,-0.061471379072840074,-1.3013605522390803
H593-37c29058d6ea3f6600852bd1,DIFFICULT-0023,1,574,/hkfs/work/workspace/scratch/ap7811-benchmark/dailymed/data/box_flat_20000_images/data/raw_images/homeopathic/21812798 Sciaticaide_6.jpg,115,404.798095703125,0x1.94cc500000000p+8,False,False,False,CHALLENGER,1,-4.707025870934898,-0x1.2d3fe97045d7fp+2,-4.707025870934898,-0x1.2d3fe97045d7fp+2,0.00028510527643389657,0.016853003694867037,0.016917178776904428,0.00027864143907528556,0.0002841670507237559,6.463837358611007e-06,9.382257101406516e-07,-1.3013605522390803,0.0,-1.5384428297336608,-3.1685830412012375,False,106,-3.7320599480277976,-0x1.ddb423efbed43p+1,-1.5384428297336608,-0x1.89d763a878c5ep+0,0.41222350421960635,-0.9070037562850373,-0x1.d062cbdd2fd0cp-1,0.9063651533675811,0x1.d00f17e7e5441p-1,-0.999295920316723,-0.46614475983882825,-0x1.dd550d4ad6921p-2,-1.5067794691022156,-0x1.81bc4c9e1408cp+0,3.232428204541421,-0.7637824229083772,-0x1.870e7d5f4d5fcp-1,-1.1926533487474555,-0x1.3151bad855cffp+0,1.561509289787002,-0.9836823870304123,-0x1.f7a537c3e4c7ap-1,-0.13545965866592327,-0x1.156bdf9f2e015p-3,0.13770670335458116,-0.9972906921969918,-0x1.fe9ce2b72ebc9p-1,0.061304834185856354,0x1.f6358e3d47517p-5,-0.061471379072840074,-1.3013605522390803
H593-37c29058d6ea3f6600852bd1,DIFFICULT-0023,2,781,/hkfs/work/workspace/scratch/ap7811-benchmark/dailymed/data/box_flat_20000_images/data/raw_images/homeopathic/c6d67ab3-1dfb-47b9-ab30-98b3daa41391.jpg,122,404.56793212890625,0x1.9491640000000p+8,False,False,False,CHALLENGER,2,-3.9962526751641763,-0x1.ff85352930faap+1,-3.9962526751641763,-0x1.ff85352930faap+1,0.000988360439946461,0.025279591998694218,0.03909716739089433,0.0010047140661076097,0.0009094687336765236,-1.635362616114874e-05,7.889170626993738e-05,-1.3013605522390803,4.440892098500626e-16,-1.5442619937222757,-2.4519906814419006,False,61,-3.746176474448656,-0x1.df82b5f166997p+1,-1.5442619937222757,-0x1.8b54c1077e30cp+0,0.41222350421960635,-0.710785810495417,-0x1.6bec1e2513cc8p-1,0.7102853606470856,0x1.6baa85d59d14ap-1,-0.999295920316723,-0.2935066612609204,-0x1.2c8d029d185fep-2,-0.948739210080584,-0x1.e5c1254f753d2p-1,3.232428204541421,-0.5272806294086413,-0x1.0df7ba063fb2bp-1,-0.8233536011463308,-0x1.a58e9a6bef447p-1,1.561509289787002,-0.999999998753339,-0x1.fffffff54a904p-1,-0.1377067031829076,-0x1.1a05f8d4e2711p-3,0.13770670335458116,-0.7952322739008586,-0x1.9728af42417c6p-1,0.048884024559916264,0x1.90753ad903b22p-5,-0.061471379072840074,-1.3013605522390803
H593-37c29058d6ea3f6600852bd1,DIFFICULT-0023,3,822,/hkfs/work/workspace/scratch/ap7811-benchmark/dailymed/data/box_flat_20000_images/data/raw_images/otc/-Brosolvan AD 4 fl oz RTE EN-ES (RTE) Rev 11.2024 (AKRON)_001.jpg,59,410.21484375,0x1.9a37000000000p+8,False,False,False,CHALLENGER,3,-4.5548841797614745,-0x1.238338ef492c2p+2,-4.5548841797614745,-0x1.238338ef492c2p+2,0.0002913526791926259,0.01714783703219218,0.01699063728245494,0.0003273321933559102,0.00026671899827683407,-3.5979514163284325e-05,2.463368091579183e-05,-1.3013605522390803,0.0,-1.4014926399533358,-3.1533915398081387,False,96,-3.399836801170634,-0x1.b32dda3061efbp+1,-1.4014926399533358,-0x1.66c838be2f2d0p+0,0.41222350421960635,-0.9050626964024593,-0x1.cf6460b3c19b8p-1,0.9044254601458304,0x1.cf10da99fdffep-1,-0.999295920316723,-0.4593300665052951,-0x1.d65a9ef6d6c81p-2,-1.4847514621656026,-0x1.7c18abfcb07f7p+0,3.232428204541421,-0.7628783182619477,-0x1.8697fca7866c5p-1,-1.1912415809431165,-0x1.30f5354fc938cp+0,1.561509289787002,-0.9999999987831123,-0x1.fffffff58c092p-1,-0.13770670318700756,-0x1.1a05f8d506816p-3,0.13770670335458116,-0.9312187142085755,-0x1.dcc8b305e5e3ap-1,0.05724329858083807,0x1.d4efe5ea3c50cp-5,-0.061471379072840074,-1.3013605522390803
H593-37c29058d6ea3f6600852bd1,DIFFICULT-0023,4,823,/hkfs/work/workspace/scratch/ap7811-benchmark/dailymed/data/box_flat_20000_images/data/raw_images/otc/-Brosolvan Children 4 fl oz (RTE) EN-ES  Rev 11.2024 (AKRON)_001.jpg,81,408.0159912109375,0x1.9804180000000p+8,False,False,False,CHALLENGER,4,-4.745976760301389,-0x1.2fbe154f44830p+2,-4.745976760301389,-0x1.2fbe154f44830p+2,0.00019670225820961516,0.016157657247775615,0.012173934326815522,0.0001924582593630584,0.00019399181527415094,4.243998846556755e-06,2.710442935464219e-06,-1.3013605522390803,0.0,-1.4570856396493963,-3.2888911206519924,False,108,-3.5346981060865326,-0x1.c470fccf6ff95p+1,-1.4570856396493963,-0x1.75039081c3f12p+0,0.41222350421960635,-0.9349006546397958,-0x1.deab4c715fb32p-1,0.9342424100829815,0x1.de55056baf6cbp-1,-0.999295920316723,-0.4824716638403473,-0x1.ee0d0d45c394dp-2,-1.559555014089566,-0x1.8f3eff55d3d76p+0,3.232428204541421,-0.8241912137555187,-0x1.a5fc64097603ep-1,-1.2869822368400672,-0x1.4977aaf9c2d1ep+0,1.561509289787002,-0.9892561470876695,-0x1.fa7fc81e378e2p-1,-0.1362272027886976,-0x1.16fe49a66c93cp-3,0.13770670335458116,-0.9921930521546537,-0x1.fc00ba4ca533bp-1,0.0609914752224369,0x1.f3a464ed48ff5p-5,-0.061471379072840074,-1.3013605522390803
H593-37c29058d6ea3f6600852bd1,DIFFICULT-0023,5,826,/hkfs/work/workspace/scratch/ap7811-benchmark/dailymed/data/box_flat_20000_images/data/raw_images/otc/-Pentrexcilina AD 4 fl oz (RTE) EN-ES Rev 11.2024 (AKRON)_001.jpg,49,413.2605895996094,0x1.9d42b60000000p+8,False,False,False,CHALLENGER,5,-4.358879892976754,-0x1.16f7e35ee1bcap+2,-4.358879892976754,-0x1.16f7e35ee1bcap+2,0.00043429437799023015,0.01732128503507494,0.025072872890827706,0.00044546581762845445,0.00042444101570676365,-1.1171439638224295e-05,9.853362283466507e-06,-1.3013605522390803,0.0,-1.3244878635603705,-3.0343920294163835,False,83,-3.2130333423558692,-0x1.9b44ad333021cp+1,-1.3244878635603705,-0x1.5311a2f9f0d1dp+0,0.41222350421960635,-0.8617058307824463,-0x1.b93181b3f75b2p-1,0.8610991212140311,0x1.b8e1fbe8750b8p-1,-0.999295920316723,-0.455350554717043,-0x1.d2476a72e68fep-2,-1.4718879760209516,-0x1.78cda68062b7fp+0,3.232428204541421,-0.6687635219758052,-0x1.56682c1f49a82p-1,-1.0442804522358937,-0x1.0b55f6b6348b8p+0,1.561509289787002,-0.9999999987452326,-0x1.fffffff538bccp-1,-0.13770670318179126,-0x1.1a05f8d4d89f5p-3,0.13770670335458116,-0.9719081294159428,-0x1.f19df13d1db38p-1,0.05974453304730233,0x1.e96d5df1b1ce2p-5,-0.061471379072840074,-1.3013605522390803
H593-37c29058d6ea3f6600852bd1,DIFFICULT-0023,6,983,/hkfs/work/workspace/scratch/ap7811-benchmark/dailymed/data/box_flat_20000_images/data/raw_images/otc/311d7647-figure-01.jpg,52,412.4202880859375,0x1.9c6b980000000p+8,False,False,False,CHALLENGER,6,-4.645679672504374,-0x1.2952d0d5464a3p+2,-4.645679672504374,-0x1.2952d0d5464a3p+2,0.00034569693646351464,0.013453714746529715,0.025695277696643936,0.000351813757481668,0.00037962696883496943,-6.116821018153386e-06,-3.3930032371454796e-05,-1.3013605522390803,0.0,-1.3457329816227563,-3.299946690881618,False,102,-3.264571204328601,-0x1.a1dd781f06ff9p+1,-1.3457329816227563,-0x1.5881f4e937e30p+0,0.41222350421960635,-0.8883432276911475,-0x1.c6d4ec6d1cf57p-1,0.8877177632727534,0x1.c682f152ab63dp-1,-0.999295920316723,-0.5495736575250496,-0x1.1961b7eba05acp-1,-1.776457391056958,-0x1.c6c5e95d53be0p+0,3.232428204541421,-0.6619308597304309,-0x1.52e89a0582bf1p-1,-1.0336111866657647,-0x1.089abe23825bap+0,1.561509289787002,-0.9999999987372237,-0x1.fffffff527202p-1,-0.1377067031806884,-0x1.1a05f8d4ceebep-3,0.13770670335458116,-0.9999999986218048,-0x1.fffffff429511p-1,0.061471378988120516,0x1.f792d34c9ba43p-5,-0.061471379072840074,-1.3013605522390803
H593-37c29058d6ea3f6600852bd1,DIFFICULT-0023,7,1013,/hkfs/work/workspace/scratch/ap7811-benchmark/dailymed/data/box_flat_20000_images/data/raw_images/otc/406heb.jpg,3,459.80206298828125,0x1.cbcd540000000p+8,True,False,True,CHALLENGER,7,0.38337466009795595,0x1.88935decf17f4p-2,0.38337466009795595,0x1.88935decf17f4p-2,0.07086975901876114,0.14846623529594344,0.4773459694555717,0.05476377680491283,0.06451718502524566,0.016105982213848305,0.0063525739935154785,-1.3013605522390803,1.6653345369377348e-16,-0.14779225983707617,0.5311669199350322,False,1,-0.3585245827184611,-0x1.6f21117659f20p-2,-0.14779225983707617,-0x1.2eadb554d141ep-3,0.41222350421960635,0.847582679212826,0x1.b1f65b5fc0134p-1,-0.8469859134684948,-0x1.b1a8233d0a2c9p-1,-0.999295920316723,0.5246836899906226,0x1.0ca3573282372p-1,1.696002357988556,0x1.b22d35e57fee7p+0,3.232428204541421,0.581499075997341,0x1.29ba3f3420271p-1,0.9080162091724058,0x1.d0e78025444a2p-1,1.561509289787002,0.9069619140243546,0x1.d05d4fdee7826p-1,0.12489473524845493,0x1.ff919f355ae66p-4,0.13770670335458116,0.8036246707312914,0x1.9b74b15e196dbp-1,-0.0493999167668095,-0x1.94af225e08c19p-5,-0.061471379072840074,-1.3013605522390803
H593-37c29058d6ea3f6600852bd1,DIFFICULT-0023,8,1034,/hkfs/work/workspace/scratch/ap7811-benchmark/dailymed/data/box_flat_20000_images/data/raw_images/otc/4719 IN MASTER (R220420-2).jpg,40,420.75335693359375,0x1.a4c0dc0000000p+8,False,False,False,CHALLENGER,8,-3.6378524962945145,-0x1.d1a5268da0e22p+1,-3.6378524962945145,-0x1.d1a5268da0e22p+1,0.0006584106643966515,0.026614740809180516,0.024738571347256506,0.0006596661672058027,0.0006938450529385049,-1.255502809151222e-06,-3.543438854185341e-05,-1.3013605522390803,0.0,-1.1350502342874025,-2.502802262007112,False,41,-2.75348257115082,-0x1.60721dec99712p+1,-1.1350502342874025,-0x1.2292a6f394df4p+0,0.41222350421960635,-0.7975631309841738,-0x1.985a31d825106p-1,0.797001582987517,0x1.9810976b954eap-1,-0.999295920316723,-0.2698159303575669,-0x1.144aa0934d608p-2,-0.8721606233223831,-0x1.be8bd6540ea60p-1,3.232428204541421,-0.6724566751601451,-0x1.584c3dc794560p-1,-1.0500473452418468,-0x1.0ccfe71f10bb0p+0,1.561509289787002,-0.9999999987294239,-0x1.fffffff515f94p-1,-0.1377067031796143,-0x1.1a05f8d4c5794p-3,0.13770670335458116,-0.9999999986246563,-0x1.fffffff42f965p-1,0.0614713789882958,0x1.f792d34ca1cf0p-5,-0.061471379072840074,-1.3013605522390803
H593-37c29058d6ea3f6600852bd1,DIFFICULT-0023,9,1091,/hkfs/work/workspace/scratch/ap7811-benchmark/dailymed/data/box_flat_20000_images/data/raw_images/otc/62377580-figure-01.jpg,105,405.2627868652344,0x1.9543460000000p+8,False,False,False,CHALLENGER,9,-4.382649625802766,-0x1.187d54db2991bp+2,-4.382649625802766,-0x1.187d54db2991bp+2,0.0006712357725026894,0.017793239760054605,0.03772420208767138,0.0006278803310803873,0.0006377649735911134,4.335544142230205e-05,3.347079891157596e-05,-1.3013605522390803,0.0,-1.5266941675678372,-2.855955458234929,False,86,-3.703559238957204,-0x1.da0e3aa90f56fp+1,-1.5266941675678372,-0x1.86d56dd0b2a35p+0,0.41222350421960635,-0.7940259887510005,-0x1.968a930bb81efp-1,0.793466931184327,0x1.96414c2fc9d04p-1,-0.999295920316723,-0.444631306634788,-0x1.c74d6de318be0p-2,-1.4372387761883938,-0x1.6feee16445afep+0,3.232428204541421,-0.5400634378874308,-0x1.148331e6fbd2dp-1,-0.8433140753355288,-0x1.afc6dccba528cp-1,1.561509289787002,-0.895421260721638,-0x1.ca74a7cde2929p-1,-0.12330550992757967,-0x1.f90f32c8e390dp-4,0.13770670335458116,-0.9076829756041644,-0x1.d0bbd2aeb6324p-1,0.055796524271327044,0x1.c915cadf39eaap-5,-0.061471379072840074,-1.3013605522390803
H593-37c29058d6ea3f6600852bd1,DIFFICULT-0023,10,1119,/hkfs/work/workspace/scratch/ap7811-benchmark/dailymed/data/box_flat_20000_images/data/raw_images/otc/70692-167.jpg,29,434.3818359375,0x1.b261c00000000p+8,False,False,False,CHALLENGER,10,-4.44639870886508,-0x1.1c91cbe3e3565p+2,-4.44639870886508,-0x1.1c91cbe3e3565p+2,0.0002635370232321298,0.008023820575045793,0.032844331545963786,0.0002319870091917883,0.0002171251975631395,3.1550014040341516e-05,4.641182566899032e-05,-1.3013605522390803,0.0,-0.7904850505552738,-3.6559136583098057,False,90,-1.9176127573117565,-0x1.eae8ab6f0bdf8p+0,-0.7904850505552738,-0x1.94ba74e0393eep-1,0.41222350421960635,-0.9137354917342732,-0x1.d3d5236c62e8bp-1,0.9130921491386539,0x1.d380d06d91daep-1,-0.999295920316723,-0.7045057579130762,-0x1.68b4fa8c29246p-1,-2.277264282140058,-0x1.237d656011fadp+1,3.232428204541421,-0.5872817210257804,-0x1.2cb03092b04b0p-1,-0.9170458631038545,-0x1.d587090ded21cp-1,1.561509289787002,-0.9227982202892403,-0x1.d8790221e6097p-1,-0.12707550077750585,-0x1.044028ffb29b4p-3,0.13770670335458116,-0.874234344870639,-0x1.bf9ba4e084cd7p-1,0.05374039081203905,0x1.b83dc4a06207dp-5,-0.061471379072840074,-1.3013605522390803
H593-37c29058d6ea3f6600852bd1,DIFFICULT-0023,11,1219,/hkfs/work/workspace/scratch/ap7811-benchmark/dailymed/data/box_flat_20000_images/data/raw_images/otc/APAP 25 CT (TP).jpg,43,417.46954345703125,0x1.a178340000000p+8,False,False,False,CHALLENGER,11,-3.578425844990564,-0x1.ca09dbabb2a44p+1,-3.578425844990564,-0x1.ca09dbabb2a44p+1,0.001493816946793546,0.024562558622409376,0.06081682978379454,0.0015194965269609737,0.0011878370814827272,-2.5679580167427794e-05,0.0003059798653108187,-1.3013605522390803,0.0,-1.2180740107168548,-2.3603518342737093,False,36,-2.9548873323534286,-0x1.7a39bf83e94cep+1,-1.2180740107168548,-0x1.37d3b2c822ee1p+0,0.41222350421960635,-0.5929795832251937,-0x1.2f9b051a4bbbdp-1,0.5925620783480468,0x1.2f644bf6b594cp-1,-0.999295920316723,-0.3065981618567497,-0x1.39f4de58c0fa4p-2,-0.9910565458463135,-0x1.fb6bc379cb149p-1,3.232428204541421,-0.3500167185812466,-0x1.666ac85d70528p-2,-0.5465543576453793,-0x1.17d5f90725796p-1,1.561509289787002,-0.9999999987676664,-0x1.fffffff56a11ep-1,-0.13770670318488057,-0x1.1a05f8d4f3cbdp-3,0.13770670335458116,-0.38659042065314103,-0x1.8bde5bf69bc65p-2,0.023764246293897933,0x1.855a79295e4dbp-6,-0.061471379072840074,-1.3013605522390803
H593-37c29058d6ea3f6600852bd1,DIFFICULT-0023,12,1220,/hkfs/work/workspace/scratch/ap7811-benchmark/dailymed/data/box_flat_20000_images/data/raw_images/otc/APAP 50.jpg,125,404.36395263671875,0x1.945d2c0000000p+8,False,False,False,CHALLENGER,12,-5.104211849440938,-0x1.46ab682d4d16ap+2,-5.104211849440938,-0x1.46ab682d4d16ap+2,0.0001983812546546228,0.011846370556105011,0.016746163199528423,0.00020555589868989903,0.000203872402339454,-7.1746440352762366e-06,-5.491147684831207e-06,-1.3013605522390803,8.881784197001252e-16,-1.54941915257933,-3.5547926968616084,False,122,-3.758687063496259,-0x1.e11ca85eceaecp+1,-1.54941915257933,-0x1.8ca6bbcc1fcf4p+0,0.41222350421960635,-0.9343632207097984,-0x1.de64db2711501p-1,0.9337053545492954,0x1.de0ea0d3c7537p-1,-0.999295920316723,-0.5924204384066531,-0x1.2f51bb50e08aap-1,-1.9149565340524595,-0x1.ea3a9767044e9p+0,3.232428204541421,-0.7658908267438114,-0x1.8822d7aa5796cp-1,-1.1959456409231086,-0x1.32297e578efa9p+0,1.561509289787002,-0.9999999987389082,-0x1.fffffff52ad47p-1,-0.13770670318092038,-0x1.1a05f8d4d0f64p-3,0.13770670335458116,-0.9999999985655837,-0x1.fffffff3adaf7p-1,0.06147137898466453,0x1.f792d34c220b7p-5,-0.061471379072840074,-1.3013605522390803
H593-37c29058d6ea3f6600852bd1,DIFFICULT-0023,13,1309,/hkfs/work/workspace/scratch/ap7811-benchmark/dailymed/data/box_flat_20000_images/data/raw_images/otc/AS Original 12 count carton.jpg,118,404.7646484375,0x1.94c3c00000000p+8,False,False,False,CHALLENGER,13,-3.7550671157109035,-0x1.e0a60a0c21b66p+1,-3.7550671157109035,-0x1.e0a60a0c21b66p+1,0.0016627211916615079,0.026788815796516343,0.06206773768169814,0.0016986928499676515,0.0020286794334890986,-3.597165830614363e-05,-0.0003659582418275907,-1.3013605522390803,0.0,-1.5392884679902932,-2.2157786477206103,False,47,-3.7341113552085536,-0x1.ddf75c631f19ep+1,-1.5392884679902932,-0x1.8a0ecf1d20d52p+0,0.41222350421960635,-0.5571485423282639,-0x1.1d4292e0a0c01p-1,0.5567562653590432,0x1.1d0f283f1ed10p-1,-0.999295920316723,-0.2667909577659515,-0x1.1131a619e4a34p-2,-0.8623826165992808,-0x1.b98a36dddd9a5p-1,3.232428204541421,-0.34105235463674205,-0x1.5d3cd4158ded7p-2,-0.5325564200690038,-0x1.10ab3c2ef1426p-1,1.561509289787002,-0.9999999987831008,-0x1.fffffff58c02ap-1,-0.13770670318700598,-0x1.1a05f8d5067ddp-3,0.13770670335458116,-0.9999999990544761,-0x1.fffffff7e0c56p-1,0.061471379014717414,0x1.f792d350436fcp-5,-0.061471379072840074,-1.3013605522390803
H593-37c29058d6ea3f6600852bd1,DIFFICULT-0023,14,1563,/hkfs/work/workspace/scratch/ap7811-benchmark/dailymed/data/box_flat_20000_images/data/raw_images/otc/BC489-14.jpg,15,442.3085632324219,0x1.ba4efe0000000p+8,False,False,False,CHALLENGER,14,-2.738080245514669,-0x1.5e7969da27926p+1,-2.738080245514669,-0x1.5e7969da27926p+1,0.002091073771930096,0.02557751693659654,0.08175436955485577,0.0018867136880612817,0.001824480259604485,0.00020436008386881424,0.00026659351232561105,-1.3013605522390803,0.0,-0.5900757278431512,-2.148004517671518,False,16,-1.4314461009695278,-0x1.6e73406da69d3p+0,-0.5900757278431512,-0x1.2e1e67e27fdccp-1,0.41222350421960635,-0.47311609487779127,-0x1.e4788baad86b4p-2,0.4727829834475565,0x1.e42138f00cddbp-2,-0.999295920316723,-0.2881440132465151,-0x1.270f3965ba573p-2,-0.9314048353877924,-0x1.dce11836a7568p-1,3.232428204541421,-0.21416876004581395,-0x1.b69e1c61c5ec7p-3,-0.3344265083937018,-0x1.5673e711dd9cep-2,1.561509289787002,-0.5872135200078534,-0x1.2ca7402067d1cp-1,-0.08086323800552088,-0x1.4b37402aeb039p-4,0.13770670335458116,-0.4435825797028274,-0x1.c63a830398883p-2,0.0272676329070208,0x1.bec0bde4cc996p-6,-0.061471379072840074,-1.3013605522390803
H593-37c29058d6ea3f6600852bd1,DIFFICULT-0023,15,1627,/hkfs/work/workspace/scratch/ap7811-benchmark/dailymed/data/box_flat_20000_images/data/raw_images/otc/BS10-100.jpg,35,423.41851806640625,0x1.a76b240000000p+8,False,False,False,CHALLENGER,15,-4.0476426412684114,-0x1.030c93b889251p+2,-4.0476426412684114,-0x1.030c93b889251p+2,0.0003435833391278971,0.019535744899986333,0.01758741941435453,0.0003335904914786617,0.00033928413367940595,9.992847649235425e-06,4.2992054484911535e-06,-1.3013605522390803,0.0,-1.0676676793346414,-2.9799749619337703,False,63,-2.5900213559046747,-0x1.4b85d1ddc6ad0p+1,-1.0676676793346414,-0x1.1152ab45bd0e5p+0,0.41222350421960635,-0.8889880068564028,-0x1.c7296f9ff80cfp-1,0.8883620884620983,0x1.c6d76549e6e5bp-1,-0.999295920316723,-0.40638627235752023,-0x1.a023b915468d4p-2,-1.3136144487069001,-0x1.50490958bfcbfp+0,3.232428204541421,-0.7555675174670411,-0x1.82d9bee2e1b72p-1,-1.1798256975860875,-0x1.2e090e921cd57p+0,1.561509289787002,-0.9748854594741649,-0x1.f3242fdb932f8p-1,-0.13424826277250337,-0x1.12f0c0d138c35p-3,0.13770670335458116,-0.9876451744601744,-0x1.f9aca0d8b7a2cp-1,0.06071191090870265,0x1.f15a1afa93d00p-5,-0.061471379072840074,-1.3013605522390803
H593-37c29058d6ea3f6600852bd1,DIFFICULT-0023,16,1682,/hkfs/work/workspace/scratch/ap7811-benchmark/dailymed/data/box_flat_20000_images/data/raw_images/otc/Bayer Aspirin Regimen 325mg.jpg,75,408.23382568359375,0x1.983bdc0000000p+8,False,False,False,CHALLENGER,16,-4.375604484293791,-0x1.1809e76411753p+2,-4.375604484293791,-0x1.1809e76411753p+2,0.0006948301778228723,0.01598175975026413,0.04347644994546917,0.0006905131869877384,0.0007566667207508472,4.3169908351339695e-06,-6.183654292797483e-05,-1.3013605522390803,0.0,-1.4515781890327517,-2.924026295261039,False,85,-3.5213377553052956,-0x1.c2bb32109a67ep+1,-1.4515781890327517,-0x1.739aa0d17b8a0p+0,0.41222350421960635,-0.7875549236701431,-0x1.933a6621ef200p-1,0.7870004222489222,0x1.92f1b826fe9fap-1,-0.999295920316723,-0.4866595699686098,-0x1.f256e2e533d14p-2,-1.5730921199765335,-0x1.92b62a48e4ff4p+0,3.232428204541421,-0.48788920641415556,-0x1.f3993a667b138p-2,-0.7618435282025121,-0x1.86105adc991c3p-1,1.561509289787002,-0.9890723745843187,-0x1.fa67b1bc6ef4bp-1,-0.13620189608309397,-0x1.16f1050aa4008p-3,0.13770670335458116,-0.9999999986728478,-0x1.fffffff4998fcp-1,0.0614713789912582,0x1.f792d34d0a09fp-5,-0.061471379072840074,-1.3013605522390803
H593-37c29058d6ea3f6600852bd1,DIFFICULT-0023,17,1758,/hkfs/work/workspace/scratch/ap7811-benchmark/dailymed/data/box_flat_20000_images/data/raw_images/otc/Bisacodyl Suppositories.jpg,23,440.12176513671875,0x1.b81f2c0000000p+8,False,False,False,CHALLENGER,17,-3.832512775937995,-0x1.ea8fc75513f36p+1,-3.832512775937995,-0x1.ea8fc75513f36p+1,0.00031971989886597026,0.016021847645630055,0.019955245233727683,0.00031906526360606904,0.00035374114954234885,6.546352599012123e-07,-3.40212506763786e-05,-1.3013605522390803,0.0,-0.6453639582770131,-3.187148817660982,False,55,-1.565568075742727,-0x1.90c911c4fa06ap+0,-0.6453639582770131,-0x1.4a6d250da23e1p-1,0.41222350421960635,-0.8962985150208836,-0x1.cae7a392efa59p-1,0.895667449446306,0x1.ca94ec86ed5f5p-1,-0.999295920316723,-0.4857030453627362,-0x1.f15c239d9a2b7p-2,-1.5700002228621697,-0x1.91eb88dbe7ddfp+0,3.232428204541421,-0.7271486818575349,-0x1.744cd4ffd0b3bp-1,-1.135449421776914,-0x1.22acd034cb40bp+0,1.561509289787002,-0.9983351998723273,-0x1.ff25ca93cb66ep-1,-0.13747744921725508,-0x1.198dc6e29ada2p-3,0.13770670335458116,-0.999999998621978,-0x1.fffffff429b29p-1,0.06147137898813116,0x1.f792d34c9c041p-5,-0.061471379072840074,-1.3013605522390803
H593-37c29058d6ea3f6600852bd1,DIFFICULT-0023,18,1760,/hkfs/work/workspace/scratch/ap7811-benchmark/dailymed/data/box_flat_20000_images/data/raw_images/otc/Bisc-supp-01.jpg,12,445.7928466796875,0x1.bdcaf80000000p+8,False,False,False,CHALLENGER,18,-2.6598642355490125,-0x1.54766e67bdd49p+1,-2.6598642355490125,-0x1.54766e67bdd49p+1,0.0021856928691336543,0.023194436992767055,0.0942334952909286,0.0017844901972931626,0.001986940393450754,0.0004012026718404917,0.00019875247568290014,-1.3013605522390803,0.0,-0.5019835228481708,-2.157880712700842,False,14,-1.2177459987355455,-0x1.37be33a7676e3p+0,-0.5019835228481708,-0x1.0103fbfb870bep-1,0.41222350421960635,-0.45576267946853327,-0x1.d2b373ac37fe5p-2,0.45544178622552356,0x1.d25f54e448234p-2,-0.999295920316723,-0.3323268037864041,-0x1.544d7a4763236p-2,-1.0742225336842754,-0x1.13003f7accdb5p+0,3.232428204541421,-0.14546891031306988,-0x1.29eb9aa308fedp-3,-0.22715105482905085,-0x1.d134927df1004p-3,1.561509289787002,-0.3240008828911415,-0x1.4bc6e32f92002p-2,-0.04461709346691281,-0x1.6d80d3a90e0e4p-5,0.13770670335458116,-0.5535703900937725,-0x1.1b6d9402f932cp-1,0.03402873529295424,0x1.16c36e26a3abfp-5,-0.061471379072840074,-1.3013605522390803
H593-37c29058d6ea3f6600852bd1,DIFFICULT-0023,19,1761,/hkfs/work/workspace/scratch/ap7811-benchmark/dailymed/data/box_flat_20000_images/data/raw_images/otc/Bismuth Carton.jpg,42,419.5112609863281,0x1.a382e20000000p+8,False,False,False,CHALLENGER,19,-4.103794267783491,-0x1.06a490b6691c7p+2,-4.103794267783491,-0x1.06a490b6691c7p+2,0.0004972119641205641,0.01840799525700907,0.027010652554967634,0.0004919850771444754,0.0005199859760675453,5.226886976088707e-06,-2.27740119469812e-05,-1.3013605522390803,-8.881784197001252e-16,-1.1664538133779119,-2.9373404544055792,False,66,-2.8296635233989464,-0x1.6a326a11d75fap+1,-1.1664538133779119,-0x1.2a9cb794c0abap+0,0.41222350421960635,-0.8432410627842827,-0x1.afbd4ae69b059p-1,0.8426473538838714,0x1.af6f7955fbfd3p-1,-0.999295920316723,-0.43090325010318004,-0x1.b93eb39bbbaa5p-2,-1.3928638190620852,-0x1.6492b926a73fdp+0,3.232428204541421,-0.6476733761935674,-0x1.4b9bd8427b88ap-1,-1.011347993673967,-0x1.02e7b3bdb4749p+0,1.561509289787002,-0.9867843684502393,-0x1.f93bccfd65450p-1,-0.13588682230111482,-0x1.164bd48decdacp-3,0.13770670335458116,-0.9999999986002839,-0x1.fffffff3f9fdep-1,0.061471378986797595,0x1.f792d34c6d186p-5,-0.061471379072840074,-1.3013605522390803
H593-37c29058d6ea3f6600852bd1,DIFFICULT-0023,20,1800,/hkfs/work/workspace/scratch/ap7811-benchmark/dailymed/data/box_flat_20000_images/data/raw_images/otc/Bottle6A.jpg,82,407.860107421875,0x1.97dc300000000p+8,False,False,False,CHALLENGER,20,-3.752021835186051,-0x1.e042406200414p+1,-3.752021835186051,-0x1.e042406200414p+1,0.0015304660258904494,0.024589808601417507,0.06223985109840277,0.0013534115199807103,0.001320598559024093,0.00017705450590973907,0.00020986746686635642,-1.3013605522390803,4.440892098500626e-16,-1.461026807728665,-2.2909950274573863,False,46,-3.5442588614508583,-0x1.c5aa463d3eac4p+1,-1.461026807728665,-0x1.7605da55c61e1p+0,0.41222350421960635,-0.5850655274979252,-0x1.2b8db5753dbc5p-1,0.5846535947466281,0x1.2b57b749d9e8fp-1,-0.999295920316723,-0.30609579313542007,-0x1.39712cf3d6d89p-2,-0.9894326750224082,-0x1.fa96eb69a14cdp-1,3.232428204541421,-0.3398282491201872,-0x1.5bfbefc0e99edp-2,-0.5306449679332239,-0x1.0fb0b27e1ece0p-1,1.561509289787002,-0.6322257995153614,-0x1.43b31999363c7p-1,-0.08706173062697477,-0x1.649ad75c6a921p-4,0.13770670335458116,-0.5344162456278364,-0x1.119f0192d866fp-1,0.032851303617672745,0x1.0d1e2d5567640p-5,-0.061471379072840074,-1.3013605522390803
H593-37c29058d6ea3f6600852bd1,DIFFICULT-0023,21,1802,/hkfs/work/workspace/scratch/ap7811-benchmark/dailymed/data/box_flat_20000_images/data/raw_images/otc/Bottle7A.jpg,56,410.88543701171875,0x1.9ae2ac0000000p+8,False,False,False,CHALLENGER,21,-3.986763389750106,-0x1.fe4e4343eef38p+1,-3.986763389750106,-0x1.fe4e4343eef38p+1,0.0007483618943419576,0.023456619894305822,0.03190408071214153,0.0007523095407294756,0.000704556173877184,-3.947646387517968e-06,4.380572046477362e-05,-1.3013605522390803,0.0,-1.3845382101620567,-2.602225179588049,False,60,-3.358707584573982,-0x1.adea21504944ap+1,-1.3845382101620567,-0x1.6271189cb55a4p+0,0.41222350421960635,-0.7730448740167613,-0x1.8bcc89a87c1fcp-1,0.7725005888267046,0x1.8b85327a4d897p-1,-0.999295920316723,-0.3273180523788939,-0x1.4f2c76a96e59cp-2,-1.0580321043651029,-0x1.0edb31265dbdbp+0,3.232428204541421,-0.5967143824292166,-0x1.31848c2b2c327p-1,-0.9317750515127355,-0x1.dd119e9af3ab1p-1,1.561509289787002,-0.9999999987337551,-0x1.fffffff51f7f8p-1,-0.13770670318021075,-0x1.1a05f8d4cab85p-3,0.13770670335458116,-0.8808756806677881,-0x1.c30223209ea9dp-1,0.05414864288237563,0x1.bb95ef49aec9ep-5,-0.061471379072840074,-1.3013605522390803
H593-37c29058d6ea3f6600852bd1,DIFFICULT-0023,22,1979,/hkfs/work/workspace/scratch/ap7811-benchmark/dailymed/data/box_flat_20000_images/data/raw_images/otc/CDER portal 90ct.jpg,95,405.8739318847656,0x1.95dfba0000000p+8,False,False,False,CHALLENGER,22,-4.822389586597289,-0x1.34a207eec0678p+2,-4.822389586597289,-0x1.34a207eec0678p+2,0.00027543111817795074,0.014510223172372525,0.018981866433479242,0.00028377670484854093,0.00029526069528461687,-8.34558667059019e-06,-1.982957710666613e-05,-1.3013605522390803,-8.881784197001252e-16,-1.511242751758237,-3.311146834839052,False,112,-3.666076136583283,-0x1.d541fb9ba2b7ap+1,-1.511242751758237,-0x1.82e0ce131e617p+0,0.41222350421960635,-0.91001732188088,-0x1.d1edca588b348p-1,0.9093765971731136,0x1.d199cf31366b8p-1,-0.999295920316723,-0.5226444825162094,-0x1.0b980ebfaf15dp-1,-1.689410766233351,-0x1.b07d39567b880p+0,3.232428204541421,-0.738719133398396,-0x1.7a3964edc04b0p-1,-1.153516789344999,-0x1.274ce0559faa4p+0,1.561509289787002,-0.9999999987407676,-0x1.fffffff52eeb3p-1,-0.13770670318117642,-0x1.1a05f8d4d336dp-3,0.13770670335458116,-0.9999999985944912,-0x1.fffffff3ed40ep-1,0.061471378986441505,0x1.f792d34c60910p-5,-0.061471379072840074,-1.3013605522390803
H593-37c29058d6ea3f6600852bd1,DIFFICULT-0023,23,1980,/hkfs/work/workspace/scratch/ap7811-benchmark/dailymed/data/box_flat_20000_images/data/raw_images/otc/CDER portal.jpg,62,409.7452697753906,0x1.99beca0000000p+8,False,False,False,CHALLENGER,23,-4.658009869347663,-0x1.2a1cd56d52c7dp+2,-4.658009869347663,-0x1.2a1cd56d52c7dp+2,0.000311122669971725,0.015246730537877977,0.020405861387711437,0.00032492122090611555,0.000264919595043653,-1.3798550934390535e-05,4.6203074928072025e-05,-1.3013605522390803,0.0,-1.4133647529595437,-3.2446451163881194,False,103,-3.4286369857420675,-0x1.b6dd93a5cf212p+1,-1.4133647529595437,-0x1.69d245bf47c5ap+0,0.41222350421960635,-0.8989461398715383,-0x1.cc42ab1f3a36bp-1,0.8983132101580944,0x1.cbefb58663388p-1,-0.999295920316723,-0.5044188039596441,-0x1.02432e74fcfb9p-1,-1.6304975688202035,-0x1.a16849e64a500p+0,3.232428204541421,-0.7218442410170761,-0x1.7195917ff2d55p-1,-1.127166488127412,-0x1.208dfba3a7873p+0,1.561509289787002,-0.9999999987493553,-0x1.fffffff541cdap-1,-0.137706703182359,-0x1.1a05f8d4dd9dcp-3,0.13770670335458116,-0.8747645918130931,-0x1.bfe125031271cp-1,0.05377298582284086,0x1.b8821ff08e522p-5,-0.061471379072840074,-1.3013605522390803
H593-37c29058d6ea3f6600852bd1,DIFFICULT-0023,24,1990,/hkfs/work/workspace/scratch/ap7811-benchmark/dailymed/data/box_flat_20000_images/data/raw_images/otc/CDER_50ct.jpg,85,407.32916259765625,0x1.9754440000000p+8,False,False,False,CHALLENGER,24,-4.4053733250682505,-0x1.19f1a2f575b0cp+2,-4.4053733250682505,-0x1.19f1a2f575b0cp+2,0.0005151636299884762,0.0184483584814664,0.027924632454753098,0.0005469646913419852,0.00048770392665588763,-3.1801061353509e-05,2.745970333258859e-05,-1.3013605522390803,0.0,-1.4744505434849533,-2.9309227815832974,False,88,-3.5768230787234785,-0x1.c9d556b159020p+1,-1.4744505434849533,-0x1.7975973fd6595p+0,0.41222350421960635,-0.8380396612840317,-0x1.ad1388d3ee81cp-1,0.8374496145847413,0x1.acc6322560e7dp-1,-0.999295920316723,-0.43001102414476533,-0x1.b854cf567c24ap-2,-1.3899797627092816,-0x1.63d5b6b6f02e3p+0,3.232428204541421,-0.6379098425403436,-0x1.469c1e6f03baep-1,-0.9961021451733101,-0x1.fe0119b1fd57ep-1,1.561509289787002,-0.9999999987768932,-0x1.fffffff57e5c1p-1,-0.13770670318615114,-0x1.1a05f8d4fef8ep-3,0.13770670335458116,-0.9236293051520363,-0x1.d8e5f0b682a9ap-1,0.0567767671397847,0x1.d11d82c13727ap-5,-0.061471379072840074,-1.3013605522390803
H593-37c29058d6ea3f6600852bd1,DIFFICULT-0023,25,2002,/hkfs/work/workspace/scratch/ap7811-benchmark/dailymed/data/box_flat_20000_images/data/raw_images/otc/CDMA QC Omeprazole DR Tablets 14ct carton label.jpg,110,405.11395263671875,0x1.951d2c0000000p+8,False,False,False,CHALLENGER,25,-3.143167560197219,-0x1.9253508a7294dp+1,-3.143167560197219,-0x1.9253508a7294dp+1,0.00537924554640477,0.03306636955749227,0.16268025847385248,0.00466877515754568,0.004589965175753679,0.0007104703888590903,0.0007892803706510913,-1.3013605522390803,0.0,-1.5304571034963013,-1.6127104567009176,False,24,-3.712687626567192,-0x1.db3959202f5a9p+1,-1.5304571034963013,-0x1.87cc0967728f7p+0,0.41222350421960635,-0.04161823011822988,-0x1.54efc128ce6f5p-5,0.04158892756794969,0x1.54b24d78f6399p-5,-0.999295920316723,-0.1665727634019473,-0x1.552419d9b9c5dp-3,-0.5384344985288595,-0x1.13adafc47070fp-1,3.232428204541421,0.12582682315301283,0x1.01b17e5336d0fp-3,0.19647975325781575,0x1.9263fa148c390p-3,1.561509289787002,-0.05033795765098074,-0x1.9c5e593b77f95p-5,-0.006931874201719073,-0x1.c6498cff1212cp-8,0.13770670335458116,0.06592031313015813,0x1.0e02755093e69p-4,-0.004052212557024267,-0x1.0990d868ab089p-8,-0.061471379072840074,-1.3013605522390803
H593-37c29058d6ea3f6600852bd1,DIFFICULT-0023,26,2018,/hkfs/work/workspace/scratch/ap7811-benchmark/dailymed/data/box_flat_20000_images/data/raw_images/otc/CEO-TWO 2ct Box - C2B 547 1023.jpg,34,426.23248291015625,0x1.aa3b840000000p+8,False,False,False,CHALLENGER,26,-3.952254501373919,-0x1.f9e379ba6f54ap+1,-3.952254501373919,-0x1.f9e379ba6f54ap+1,0.0004357258546390065,0.018863134030503097,0.023099335133515208,0.0004344748408666492,0.00044966990038553835,1.251013772357297e-06,-1.3944045746531835e-05,-1.3013605522390803,0.0,-0.9965229600211684,-2.9557315413527507,False,58,-2.417433624770422,-0x1.356e770b51e1ap+1,-0.9965229600211684,-0x1.fe3841e60210bp-1,0.41222350421960635,-0.8612816157815112,-0x1.b8f9e768daf21p-1,0.8606752048942594,0x1.b8aa6ba2ff758p-1,-0.999295920316723,-0.4209064973508898,-0x1.af021ce32f160p-2,-1.3605500335117553,-0x1.5c4d01ca81339p+0,3.232428204541421,-0.6908051189529947,-0x1.61b13563a0004p-1,-1.078698610677516,-0x1.1425979719bedp+0,1.561509289787002,-0.9968209641249307,-0x1.fe5f5141c47d1p-1,-0.1372689288043794,-0x1.192073bfc62b2p-3,0.13770670335458116,-0.9999999985827677,-0x1.fffffff3d3792p-1,0.061471378985720845,0x1.f792d34c4735ep-5,-0.061471379072840074,-1.3013605522390803
H593-37c29058d6ea3f6600852bd1,DIFFICULT-0023,27,2019,/hkfs/work/workspace/scratch/ap7811-benchmark/dailymed/data/box_flat_20000_images/data/raw_images/otc/CEO-TWO Box - 54 ct. - C2BP 567 1023.jpg,32,426.5177001953125,0x1.aa84880000000p+8,False,False,False,CHALLENGER,27,-3.337318466602188,-0x1.ab2d406332568p+1,-3.337318466602188,-0x1.ab2d406332568p+1,0.0014940479989965381,0.023778488623985065,0.06283191596498318,0.0014286323804346397,0.0013460451062925081,6.541561856189841e-05,0.00014800289270403,-1.3013605522390803,0.0,-0.9893118878072203,-2.3480065787949673,False,31,-2.399940512077589,-0x1.3331402ddbffap+1,-0.9893118878072203,-0x1.fa8716775a20fp-1,0.41222350421960635,-0.5929294419390179,-0x1.2f9472a3ed5eap-1,0.5925119723653318,0x1.2f5dbaaf98594p-1,-0.999295920316723,-0.3212203197561365,-0x1.48edfac0a7300p-2,-1.0383216214515496,-0x1.09cf721edd358p+0,3.232428204541421,-0.33563437612033314,-0x1.57b089b366995p-2,-0.5240961962837649,-0x1.0c56562dfe584p-1,1.561509289787002,-0.8462987275271735,-0x1.b14e111ac051fp-1,-0.11654100782094398,-0x1.dd5a1a93bdc96p-4,0.13770670335458116,-0.6474692325981146,-0x1.4b81165659a94p-1,0.03980082663503957,0x1.460c62180a53dp-5,-0.061471379072840074,-1.3013605522390803
H593-37c29058d6ea3f6600852bd1,DIFFICULT-0023,28,2020,/hkfs/work/workspace/scratch/ap7811-benchmark/dailymed/data/box_flat_20000_images/data/raw_images/otc/CEO-TWO Box - 6ct  CT6B 480 1023.jpg,30,433.42242431640625,0x1.b16c240000000p+8,False,False,False,CHALLENGER,28,-3.0057410022583744,-0x1.80bc1f047915ep+1,-3.0057410022583744,-0x1.80bc1f047915ep+1,0.002120641233564261,0.025949199234742114,0.08172280055274454,0.0023007121288134047,0.0018339163196137043,-0.00018007089524914354,0.00028672491395055687,-1.3013605522390803,4.440892098500626e-16,-0.8147415975552843,-2.1909994047030903,False,21,-1.976455949783111,-0x1.f9f904624d96ap+0,-0.8147415975552843,-0x1.a125cf8861a8ap-1,0.41222350421960635,-0.4676490600013988,-0x1.dedf652ad8379p-2,0.4673197977993482,0x1.de8914c149400p-2,-0.999295920316723,-0.2815157523890098,-0x1.2045aa57474d5p-2,-0.9099794580449342,-0x1.d1e8d3d8ab6a7p-1,3.232428204541421,-0.21435300437345495,-0x1.b6feb53caaab0p-3,-0.33471420762290377,-0x1.56bf523cfcda1p-2,1.561509289787002,-0.9999999989646532,-0x1.fffffff71b3f9p-1,-0.13770670321200695,-0x1.1a05f8d5e2670p-3,0.13770670335458116,-0.4138790930058616,-0x1.a7cfebc3d5515p-2,0.02544171861648655,0x1.a0d64d5a5ba76p-6,-0.061471379072840074,-1.3013605522390803
H593-37c29058d6ea3f6600852bd1,DIFFICULT-0023,29,2081,/hkfs/work/workspace/scratch/ap7811-benchmark/dailymed/data/box_flat_20000_images/data/raw_images/otc/COLON DETOX.jpg,27,435.9378662109375,0x1.b3f0180000000p+8,False,False,False,CHALLENGER,29,-4.129004720687895,-0x1.08419d0418958p+2,-4.129004720687895,-0x1.08419d0418958p+2,0.00026183550039732625,0.01357896580967708,0.019282433144557194,0.00026666701435911367,0.0003337231605845558,-4.8315139617874175e-06,-7.188766018722956e-05,-1.3013605522390803,0.0,-0.7511443539958066,-3.377860366692089,False,67,-1.8221774020814807,-0x1.d27a37dd73407p+0,-0.7511443539958066,-0x1.8095fe25f95cdp-1,0.41222350421960635,-0.9142685825150259,-0x1.d41b02fb531acp-1,0.9136248645810185,0x1.d3c6a3646034ep-1,-0.999295920316723,-0.5463314889551174,-0x1.17b8c2cbaca76p-1,-1.7659773139276314,-0x1.c41716d8cc0eep+0,3.232428204541421,-0.7351298185839822,-0x1.7862ef8243e65p-1,-1.1479120409183217,-0x1.25dd90426dc63p+0,1.561509289787002,-0.9999999987351708,-0x1.fffffff5229c7p-1,-0.1377067031804057,-0x1.1a05f8d4cc6f5p-3,0.13770670335458116,-0.9999999986903182,-0x1.fffffff4bffabp-1,0.061471378992332126,0x1.f792d34d2fd30p-5,-0.061471379072840074,-1.3013605522390803
H593-37c29058d6ea3f6600852bd1,DIFFICULT-0023,30,2117,/hkfs/work/workspace/scratch/ap7811-benchmark/dailymed/data/box_flat_20000_images/data/raw_images/otc/CS FC009409.jpg,127,404.1047668457031,0x1.941ad20000000p+8,False,False,False,CHALLENGER,30,-2.342108615647634,-0x1.2bca3711f1764p+1,-2.342108615647634,-0x1.2bca3711f1764p+1,0.013962848695334167,0.06124721912377744,0.22797522720363805,0.011595107975387469,0.010226364764644962,0.002367740719946698,0.003736483930689205,-1.3013605522390803,-4.440892098500626e-16,-1.555972077500479,-0.7861365381471548,False,11,-3.774583597425237,-0x1.e3258e297ace6p+1,-1.555972077500479,-0x1.8e542fa25a8e6p+0,0.41222350421960635,0.4097275129949812,0x1.a38f9bf256e56p-2,-0.40943903217740185,-0x1.a343fc53a19eep-2,-0.999295920316723,0.13915258033915512,0x1.1cfc072daf7b0p-3,0.44980072542300104,0x1.cc988fb5a2ad9p-2,3.232428204541421,0.28693439404769266,0x1.25d2213a2131fp-2,0.4480507218648763,0x1.cacdcef56f72bp-2,1.561509289787002,0.5016447636300793,0x1.00d7951c006e3p-1,0.0690798466545863,0x1.1af378231b35ep-4,0.13770670335458116,0.6876085799710199,0x1.600e3b56d95c2p-1,-0.042268247673135834,-0x1.5a42f0ad4a84cp-5,-0.061471379072840074,-1.3013605522390803
H593-37c29058d6ea3f6600852bd1,DIFFICULT-0023,31,2150,/hkfs/work/workspace/scratch/ap7811-benchmark/dailymed/data/box_flat_20000_images/data/raw_images/otc/CTGS24.jpg,60,410.201171875,0x1.9a33800000000p+8,False,False,False,CHALLENGER,31,-2.187137101102489,-0x1.17f41bc88d3d6p+1,-2.187137101102489,-0x1.17f41bc88d3d6p+1,0.01089765411669755,0.06836489515282101,0.1594042394468277,0.010513867256086128,0.01221181085750259,0.00038378686061142295,-0.0013141567408050392,-1.3013605522390803,0.0,-1.4018383023064118,-0.7852987987960771,False,8,-3.4006753325729866,-0x1.b349544cdb81ep+1,-1.4018383023064118,-0x1.66dedffeafaadp+0,0.41222350421960635,0.3016714927809929,0x1.34e95f2e84fb4p-2,-0.30145909201190196,-0x1.34b1b13517867p-2,-0.999295920316723,0.19259604636470415,0x1.8a6fcbc3cd6c3p-3,0.6225528923524369,0x1.3ebf40b15e2b7p-1,3.232428204541421,0.11580372837680636,0x1.da5502a221cb4p-4,0.1808285976523538,0x1.72564388c986fp-3,1.561509289787002,-0.3437161912895691,-0x1.5ff72322c70b6p-2,-0.047332023592079164,-0x1.83be72ac35168p-5,0.13770670335458116,-0.9999999995014491,-0x1.fffffffbb7acdp-1,0.061471379042193464,0x1.f792d3540a2a0p-5,-0.061471379072840074,-1.3013605522390803
H593-37c29058d6ea3f6600852bd1,DIFFICULT-0023,32,2173,/hkfs/work/workspace/scratch/ap7811-benchmark/dailymed/data/box_flat_20000_images/data/raw_images/otc/CVS Citrate Cherry 5-23.jpg,11,445.89349365234375,0x1.bde4bc0000000p+8,False,False,False,CHALLENGER,32,-2.7157496523040403,-0x1.5b9daf426275fp+1,-2.7157496523040403,-0x1.5b9daf426275fp+1,0.0020583832242318588,0.022769945453235442,0.09039912846780129,0.0019173516941124538,0.0021817097133717766,0.00014103153011940498,-0.0001233264891399178,-1.3013605522390803,0.0,-0.49943889240074946,-2.216310759903291,False,15,-1.2115730599744752,-0x1.3629a6ed4e15ap+0,-0.49943889240074946,-0x1.ff6ce8b4d8c32p-2,0.41222350421960635,-0.47920819571139806,-0x1.eab58da238f50p-2,0.47887079495673784,0x1.ea5d1b0d65147p-2,-0.999295920316723,-0.3405169462899595,-0x1.5cb0797032583p-2,-1.1006965813119813,-0x1.19c7404b8dd0ap+0,3.232428204541421,-0.16573576488707195,-0x1.536d45cfbd7abp-3,-0.25879793652111727,-0x1.09025386859d4p-2,1.561509289787002,-0.6956659440070494,-0x1.642e539ce7098p-1,-0.09579786378526342,-0x1.8863573fbff9ep-4,0.13770670335458116,-0.9999999987729806,-0x1.fffffff575c18p-1,0.0614713789974135,0x1.f792d34de29bfp-5,-0.061471379072840074,-1.3013605522390803
H593-37c29058d6ea3f6600852bd1,DIFFICULT-0023,33,2174,/hkfs/work/workspace/scratch/ap7811-benchmark/dailymed/data/box_flat_20000_images/data/raw_images/otc/CVS Citrate Grape 5-23.jpg,21,440.52032470703125,0x1.b885340000000p+8,False,False,False,CHALLENGER,33,-2.9864776793011334,-0x1.7e44e68d6a8a4p+1,-2.9864776793011334,-0x1.7e44e68d6a8a4p+1,0.0015200379836782304,0.022544281260821145,0.06742454842948783,0.0013870801854558325,0.0014535162940429247,0.00013295779822239786,6.652168963530562e-05,-1.3013605522390803,0.0,-0.6352872834306444,-2.351190395870489,False,20,-1.5411233879866393,-0x1.8a870ff680da9p+0,-0.6352872834306444,-0x1.45445ff3cc712p-1,0.41222350421960635,-0.5873093587131599,-0x1.2cb3cff09d920p-1,0.5868958461258915,0x1.2c7d9cc289b42p-1,-0.999295920316723,-0.34491204049538293,-0x1.61309f37b27b0p-2,-1.1149034077832085,-0x1.1d6a4f4aa0b9ap+0,3.232428204541421,-0.30397318808000373,-0x1.3744bf56a86bap-2,-0.4746569570330974,-0x1.e60c792d1aa7cp-2,1.561509289787002,-0.71056705903601,-0x1.6bcf721059608p-1,-0.09784984721220899,-0x1.90cb005b1edc6p-4,0.13770670335458116,-0.8245222904655609,-0x1.a627c920bec50p-1,0.050684522271214845,0x1.9f3525b22f1d9p-5,-0.061471379072840074,-1.3013605522390803
H593-37c29058d6ea3f6600852bd1,DIFFICULT-0023,34,2175,/hkfs/work/workspace/scratch/ap7811-benchmark/dailymed/data/box_flat_20000_images/data/raw_images/otc/CVS Citrate Lemon 5-23.jpg,25,439.0509033203125,0x1.b70d080000000p+8,False,False,False,CHALLENGER,34,-4.203597519704537,-0x1.0d07bde42b5f8p+2,-4.203597519704537,-0x1.0d07bde42b5f8p+2,0.0002688318091039076,0.010668234702559471,0.02519927772487146,0.0002458263794393133,0.0002122975283659492,2.300542966459431e-05,5.653428073795839e-05,-1.3013605522390803,0.0,-0.6724382707087951,-3.5311592489957424,False,73,-1.6312467965207607,-0x1.a19963dac2ed5p+0,-0.6724382707087951,-0x1.5849d43a8bcfdp-1,0.41222350421960635,-0.9120785217437936,-0x1.d2fbf4bc8c17bp-1,0.9114363457870804,0x1.d2a7c8e3151fcp-1,-0.999295920316723,-0.6253618746286407,-0x1.402f6e7f63f9ap-1,-2.0214373615945145,-0x1.02be759f7b00fp+1,3.232428204541421,-0.6673713269580521,-0x1.55b1b1cf255aap-1,-1.0421065267824772,-0x1.0ac77e4b7a986p+0,1.561509289787002,-0.9431118010361497,-0x1.e2df8ccbd8062p-1,-0.12987281701548983,-0x1.09fac26dc4725p-3,0.13770670335458116,-0.8488773740850456,-0x1.b2a00e2004ee1p-1,0.05218166284873891,0x1.ab78e0ec5c02dp-5,-0.061471379072840074,-1.3013605522390803
H593-37c29058d6ea3f6600852bd1,DIFFICULT-0023,35,2185,/hkfs/work/workspace/scratch/ap7811-benchmark/dailymed/data/box_flat_20000_images/data/raw_images/otc/CVS Docusate Clear 30CT.jpg,4,458.9508056640625,0x1.caf3680000000p+8,False,False,False,CHALLENGER,35,-2.0974420203762922,-0x1.0c78fae962dc1p+1,-2.0974420203762922,-0x1.0c78fae962dc1p+1,0.0030428598697610394,0.030567770972532927,0.09954470911520638,0.0030566617668168912,0.002911877437496096,-1.3801897055851827e-05,0.00013098243226494343,-1.3013605522390803,0.0,-0.16931437072257433,-1.9281276496537179,False,7,-0.4107343928462033,-0x1.a4978e8277aa0p-2,-0.16931437072257433,-0x1.5ac17e27f85fep-3,0.41222350421960635,-0.3153880789303599,-0x1.42f517b237766p-2,0.3151660205916373,0x1.42bae19d0194fp-2,-0.999295920316723,-0.20450029498704858,-0x1.a2d10cf7ef0e4p-3,-0.6610325213531765,-0x1.5272dac99bcf2p-1,3.232428204541421,-0.11853278788369746,-0x1.e582a2f76d4dfp-4,-0.18509004942474577,-0x1.7b107de8c123ep-3,1.561509289787002,-0.9999999987493605,-0x1.fffffff541d09p-1,-0.13770670318235972,-0x1.1a05f8d4dd9f6p-3,0.13770670335458116,-0.6815554911231559,-0x1.5cf4d76190fc1p-1,0.041896155954007204,0x1.57369b74d1861p-5,-0.061471379072840074,-1.3013605522390803
H593-37c29058d6ea3f6600852bd1,DIFFICULT-0023,36,2204,/hkfs/work/workspace/scratch/ap7811-benchmark/dailymed/data/box_flat_20000_images/data/raw_images/otc/CVS Lanso Caps 14ct Carton Label.jpg,102,405.4900817871094,0x1.957d760000000p+8,False,False,False,CHALLENGER,36,-4.605613284216722,-0x1.26c25e386ef97p+2,-4.605613284216722,-0x1.26c25e386ef97p+2,0.0003718539366970567,0.017252386038338625,0.021553768613263975,0.00038071540950200143,0.0003511920517424128,-8.861472804944754e-06,2.066188495464385e-05,-1.3013605522390803,0.0,-1.5209475309479479,-3.0846657532687742,False,100,-3.6896186543930893,-0x1.d8456c8faa386p+1,-1.5209475309479479,-0x1.855cd1405a776p+0,0.41222350421960635,-0.880399987080759,-0x1.c2c3c97fd244fp-1,0.8797801153366981,0x1.c2728a0e159ebp-1,-0.999295920316723,-0.4569287406581605,-0x1.d3e520b6eac47p-2,-1.4769893487690304,-0x1.7a1bf95580d9dp+0,3.232428204541421,-0.7084776939895263,-0x1.6abd969b42d26p-1,-1.1062945007715181,-0x1.1b361dcc8eedep+0,1.561509289787002,-0.9999999987415852,-0x1.fffffff530b77p-1,-0.137706703181289,-0x1.1a05f8d4d4345p-3,0.13770670335458116,-0.9419869413834279,-0x1.e24c1cc50074ep-1,0.05790523635544588,0x1.da5c150d3dc52p-5,-0.061471379072840074,-1.3013605522390803
H593-37c29058d6ea3f6600852bd1,DIFFICULT-0023,37,2222,/hkfs/work/workspace/scratch/ap7811-benchmark/dailymed/data/box_flat_20000_images/data/raw_images/otc/CVS SS+SL 60 CT.jpg,106,405.25457763671875,0x1.95412c0000000p+8,False,False,False,CHALLENGER,37,-3.315012952821186,-0x1.a852582d17792p+1,-3.315012952821186,-0x1.a852582d17792p+1,0.0029673447736410343,0.036827525556787796,0.08057410126741772,0.002987064147892056,0.002800315868023606,-1.971937425102174e-05,0.00016702890561742833,-1.3013605522390803,4.440892098500626e-16,-1.5269017192932333,-1.7881112335279525,False,29,-3.704062732142992,-0x1.da1eba44717acp+1,-1.5269017192932333,-0x1.86e307f492137p+0,0.41222350421960635,-0.3266581150063684,-0x1.4e7f7703b3915p-2,0.3264281216642148,0x1.4e432c6c2b883p-2,-0.999295920316723,-0.11378028495847631,-0x1.d20b46ad382ecp-4,-0.3677866022205388,-0x1.789d0d11c6d5ep-2,3.232428204541421,-0.22109533648226573,-0x1.c4cda1bbea633p-3,-0.34524242184564097,-0x1.61873abc13511p-2,1.561509289787002,-0.9999999987585481,-0x1.fffffff55604bp-1,-0.1377067031836249,-0x1.1a05f8d4e8c05p-3,0.13770670335458116,-0.6109660278194583,-0x1.38d08a08e7381p-1,0.037556924296717274,0x1.33aa9432f7cbbp-5,-0.061471379072840074,-1.3013605522390803
H593-37c29058d6ea3f6600852bd1,DIFFICULT-0023,38,2224,/hkfs/work/workspace/scratch/ap7811-benchmark/dailymed/data/box_flat_20000_images/data/raw_images/otc/CVS Stool Softner 100CT.jpg,1,465.64764404296875,0x1.d1a5cc0000000p+8,False,True,False,HOLD,,,,0.0,0x0.0p+0,0.00584643865476526,0.046283975872898044,0.126316690485285,0.005060649622479354,0.0051547821094092856,0.000785789032285906,0.0006916565453559745,,,0.0,0.0,True,2,,,,,0.41222350421960635,,,,,-0.999295920316723,,,,,3.232428204541421,,,,,1.561509289787002,,,,,0.13770670335458116,,,,,-0.061471379072840074,-1.3013605522390803
H593-37c29058d6ea3f6600852bd1,DIFFICULT-0023,39,2230,/hkfs/work/workspace/scratch/ap7811-benchmark/dailymed/data/box_flat_20000_images/data/raw_images/otc/CVS stool softener 50 mg 100ct carton.jpg,9,446.94976806640625,0x1.bef3240000000p+8,False,False,False,CHALLENGER,38,-3.648300986069189,-0x1.d2fb86d690dc2p+1,-3.648300986069189,-0x1.d2fb86d690dc2p+1,0.0003110443237005423,0.01632090810360241,0.019058028004697084,0.0002863951289707745,0.00027845562290937023,2.4649194729767807e-05,3.258870079117206e-05,-1.3013605522390803,4.440892098500626e-16,-0.4727333893546154,-3.1755675967145733,False,43,-1.1467890222552017,-0x1.2593f721ff76ep+0,-0.4727333893546154,-0x1.e41438bc056f6p-2,0.41222350421960635,-0.8989703015865983,-0x1.cc45d5dac7865p-1,0.8983373548613818,0x1.cbf2dfafcf3f8p-1,-0.999295920316723,-0.4786059148366771,-0x1.ea17ab3f952f9p-2,-1.5470592579784244,-0x1.8c0c1355fdc9cp+0,3.232428204541421,-0.7378082213603145,-0x1.79c1ffcaecca2p-1,-1.1520943917353559,-0x1.26efa876688abp+0,1.561509289787002,-0.9391706995606061,-0x1.e0dafb5ff2d03p-1,-0.12933010092370684,-0x1.08de384ed8796p-3,0.13770670335458116,-0.9100064476238089,-0x1.d1ec5d776304dp-1,0.05593935130061174,0x1.ca41528ca89cap-5,-0.061471379072840074,-1.3013605522390803
H593-37c29058d6ea3f6600852bd1,DIFFICULT-0023,40,2231,/hkfs/work/workspace/scratch/ap7811-benchmark/dailymed/data/box_flat_20000_images/data/raw_images/otc/CVS stool softener 50 mg 30ct carton.jpg,10,446.3971862792969,0x1.be65ae0000000p+8,False,False,False,CHALLENGER,39,-3.737155365217113,-0x1.de5b1b64d6d70p+1,-3.737155365217113,-0x1.de5b1b64d6d70p+1,0.00037778121506918923,0.013905430932311518,0.027167889791272378,0.0003581346426272093,0.0003166373231719097,1.9646572441979948e-05,6.114389189727955e-05,-1.3013605522390803,4.440892098500626e-16,-0.48670416664735633,-3.2504511985697566,False,45,-1.1806802903409201,-0x1.2e4110420bc91p+0,-0.48670416664735633,-0x1.f26293ba4f2f7p-2,0.41222350421960635,-0.8786092961338328,-0x1.c1d913e1b678ep-1,0.8779906851788866,0x1.c187febe12680p-1,-0.999295920316723,-0.5379442439902254,-0x1.136d6d8e04d85p-1,-1.7388661467447166,-0x1.bd2654f063dd4p+0,3.232428204541421,-0.6459854176537773,-0x1.4abe99c50820bp-1,-1.0087122307333096,-0x1.023af6fa13243p+0,1.561509289787002,-0.9512150374225757,-0x1.e705a84a63029p-1,-0.13098868698476746,-0x1.0c43cbf5f6e6ap-3,0.13770670335458116,-0.8375561721532637,-0x1.acd4299fec243p-1,0.051485732953230175,0x1.a5c56867d4b09p-5,-0.061471379072840074,-1.3013605522390803
H593-37c29058d6ea3f6600852bd1,DIFFICULT-0023,41,2235,/hkfs/work/workspace/scratch/ap7811-benchmark/dailymed/data/box_flat_20000_images/data/raw_images/otc/CVS02-03.jpg,18,441.6708679199219,0x1.b9abbe0000000p+8,False,False,False,CHALLENGER,40,-3.8297857198773873,-0x1.ea366b20c7d54p+1,-3.8297857198773873,-0x1.ea366b20c7d54p+1,0.00044432057917116204,0.013293064167907681,0.0334249931813199,0.00046791994786841214,0.00040805424042885996,-2.35993686972501e-05,3.626633874230208e-05,-1.3013605522390803,4.440892098500626e-16,-0.606198407597341,-3.2235873122800465,False,54,-1.4705576013792683,-0x1.78767684cee3bp+0,-0.606198407597341,-0x1.365fa33f0924ap-1,0.41222350421960635,-0.8587386472514862,-0x1.b7ac978b8348ap-1,0.8581340268167116,0x1.b75d57d9866ebp-1,-0.999295920316723,-0.553752111246889,-0x1.1b85658fcaed5p-1,-1.7899639427188025,-0x1.ca3b13b2ff18fp+0,3.232428204541421,-0.5815119458566421,-0x1.29bbef0b600d3p-1,-0.9080363055772628,-0x1.d0ea227811ec5p-1,1.561509289787002,-0.9999999987644992,-0x1.fffffff5631aep-1,-0.13770670318444442,-0x1.1a05f8d4eff5bp-3,0.13770670335458116,-0.9003566449558574,-0x1.ccfb8bd1a4b4bp-1,0.055346164622832,0x1.c56551e07378ap-5,-0.061471379072840074,-1.3013605522390803
H593-37c29058d6ea3f6600852bd1,DIFFICULT-0023,42,2236,/hkfs/work/workspace/scratch/ap7811-benchmark/dailymed/data/box_flat_20000_images/data/raw_images/otc/CVS04-03.jpg,17,442.16571044921875,0x1.ba2a6c0000000p+8,False,False,False,CHALLENGER,41,-3.8287430120786645,-0x1.ea144042d54c8p+1,-3.8287430120786645,-0x1.ea144042d54c8p+1,0.0002484989861618006,0.01623335385138694,0.015307926411064429,0.00024150155578588962,0.000252589576277238,6.997430375910976e-06,-4.090590115437415e-06,-1.3013605522390803,-4.440892098500626e-16,-0.5936874364921444,-3.2350555755865202,False,53,-1.4402076310909862,-0x1.70b17282fc446p+0,-0.5936874364921444,-0x1.2ff7ccb78f46dp-1,0.41222350421960635,-0.9184572505049513,-0x1.d640075b62bcap-1,0.9178105834149123,0x1.d5eb44cf61241p-1,-0.999295920316723,-0.4806766724292321,-0x1.ec3681702276fp-2,-1.5537528332253676,-0x1.8dc2bee4c5322p+0,3.232428204541421,-0.7838239319276008,-0x1.91515ed2e7008p-1,-1.2239483512623233,-0x1.3954addcaa304p+0,1.561509289787002,-0.9823472493624816,-0x1.f6f637faa7a30p-1,-0.135275801259148,-0x1.150b7ab2c9302p-3,0.13770670335458116,-0.9999999985626962,-0x1.fffffff3a755ep-1,0.06147137898448703,0x1.f792d34c1bccap-5,-0.061471379072840074,-1.3013605522390803
H593-37c29058d6ea3f6600852bd1,DIFFICULT-0023,43,2247,/hkfs/work/workspace/scratch/ap7811-benchmark/dailymed/data/box_flat_20000_images/data/raw_images/otc/CVSBS16.jpg,71,408.45196533203125,0x1.9873b40000000p+8,False,False,False,CHALLENGER,42,-3.810910243537359,-0x1.e7cbe827fdff4p+1,-3.810910243537359,-0x1.e7cbe827fdff4p+1,0.0009173867352277373,0.027868768128856105,0.03291809422598228,0.0009075326111961004,0.0009160190598939909,9.854124031636853e-06,1.3676753337463383e-06,-1.3013605522390803,4.440892098500626e-16,-1.4460630227385831,-2.364847220798776,False,52,-3.507958687305256,-0x1.c104ca4ed8fb3p+1,-1.4460630227385831,-0x1.72312fae9dfb8p+0,0.41222350421960635,-0.7287373098219332,-0x1.751d0e821ed58p-1,0.7282242206876416,0x1.74d9ce18045b1p-1,-0.999295920316723,-0.24834155487702475,-0x1.fc9a7f437a152p-3,-0.8027462463441659,-0x1.9b018e5611e54p-1,3.232428204541421,-0.5865464410183447,-0x1.2c4fd0ab84998p-1,-0.9158977165416492,-0x1.d4f08ba60e0f7p-1,1.561509289787002,-0.9752297887790317,-0x1.f35151a1c827dp-1,-0.13429567922594496,-0x1.13099cf22804bp-3,0.13770670335458116,-0.9960530215512188,-0x1.fdfaa96149f7bp-1,0.06122875286442271,0x1.f596006414fcap-5,-0.061471379072840074,-1.3013605522390803
H593-37c29058d6ea3f6600852bd1,DIFFICULT-0023,44,2256,/hkfs/work/workspace/scratch/ap7811-benchmark/dailymed/data/box_flat_20000_images/data/raw_images/otc/CVSMotCart.jpg,69,408.5411376953125,0x1.988a880000000p+8,False,False,False,CHALLENGER,43,-4.4187893259684135,-0x1.1acd71bebcafap+2,-4.4187893259684135,-0x1.1acd71bebcafap+2,0.000582145752876501,0.01640355148298706,0.03548900696780654,0.0005775655967178734,0.000674482750148435,4.580156158627601e-06,-9.233699727193402e-05,-1.3013605522390803,0.0,-1.4438085017660647,-2.9749808242023486,False,89,-3.5024895159711606,-0x1.c0519392d6e9ap+1,-1.4438085017660647,-0x1.719d6f18c5a23p+0,0.41222350421960635,-0.8188883535249412,-0x1.a3455592ee088p-1,0.8183117908723521,0x1.a2f9c35774b50p-1,-0.999295920316723,-0.47665661176583557,-0x1.e818abbbd3631p-2,-1.5407582757530371,-0x1.8a6f22656690ap+0,3.232428204541421,-0.561337980964784,-0x1.1f67b11c7e2a8p-1,-0.8765344719867896,-0x1.c0c92055fff18p-1,1.561509289787002,-0.9884100829845189,-0x1.fa10e2eae90a1p-1,-0.13611069409022608,-0x1.16c1341e06ecep-3,0.13770670335458116,-0.9999999987244793,-0x1.fffffff50b19bp-1,0.06147137899443206,0x1.f792d34d79b58p-5,-0.061471379072840074,-1.3013605522390803
H593-37c29058d6ea3f6600852bd1,DIFFICULT-0023,45,2293,/hkfs/work/workspace/scratch/ap7811-benchmark/dailymed/data/box_flat_20000_images/data/raw_images/otc/Cabinet Cought travel carton.jpg,44,416.35064697265625,0x1.a059c40000000p+8,False,False,False,CHALLENGER,44,-3.6549098429751137,-0x1.d3d415f2b40bcp+1,-3.6549098429751137,-0x1.d3d415f2b40bcp+1,0.0011317078206234089,0.024977410039232886,0.04530925419592328,0.0010666378020498452,0.0009667194608770345,6.507001857356367e-05,0.00016498835974637443,-1.3013605522390803,-8.881784197001252e-16,-1.2463627707909177,-2.408547072184196,False,44,-3.023512143370979,-0x1.830272276b29fp+1,-1.2463627707909177,-0x1.3f11a16b7fba4p+0,0.41222350421960635,-0.6756422855402455,-0x1.59edc920614e0p-1,0.6751665795338337,0x1.59af6f14e6664p-1,-0.999295920316723,-0.2989917409077377,-0x1.322ae413e42fep-2,-0.9664693362351124,-0x1.eed5119f6eeaep-1,3.232428204541421,-0.4719999440606687,-0x1.e353f40dd14eap-2,-0.7370322974296795,-0x1.795c4c1b1cc8ap-1,1.561509289787002,-0.8470486529317413,-0x1.b1b05c6cece4dp-1,-0.11664427757616887,-0x1.ddc663d74876dp-4,0.13770670335458116,-0.6148033821923825,-0x1.3ac78247f912dp-1,0.03779281176201212,0x1.3599455155d23p-5,-0.061471379072840074,-1.3013605522390803
H593-37c29058d6ea3f6600852bd1,DIFFICULT-0023,46,2295,/hkfs/work/workspace/scratch/ap7811-benchmark/dailymed/data/box_flat_20000_images/data/raw_images/otc/Cabinet Ibuprofen 25ct carton.jpg,55,411.28497314453125,0x1.9b48f40000000p+8,False,False,False,CHALLENGER,45,-3.80821766442763,-0x1.e773ad2a62120p+1,-3.80821766442763,-0x1.e773ad2a62120p+1,0.0009549243595127342,0.025749270626690066,0.037085491599242425,0.0009215726706292095,0.0008808196160155477,3.33516888835247e-05,7.410474349718642e-05,-1.3013605522390803,-4.440892098500626e-16,-1.3744368451476114,-2.4337808192800185,False,51,-3.3342030017177264,-0x1.aac729f94d243p+1,-1.3744368451476114,-0x1.5fdb17d4538f7p+0,0.41222350421960635,-0.7191961793929614,-0x1.703a7b4bcd453p-1,0.7186898079747603,0x1.6ff81c4a70b30p-1,-0.999295920316723,-0.285072605273182,-0x1.23ea12b2890bcp-2,-0.921476729627137,-0x1.d7cbcc438c13bp-1,3.232428204541421,-0.5460832759218446,-0x1.17983a25f427ep-1,-0.852714108349279,-0x1.b496f190655a3p-1,1.561509289787002,-0.9185690846984256,-0x1.d64eafe3caf3ep-1,-0.12649312045725522,-0x1.030ed33c4360fp-3,0.13770670335458116,-0.8064547138145455,-0x1.9ce7a1db13b7ep-1,0.04957388341797268,0x1.961bf80082546p-5,-0.061471379072840074,-1.3013605522390803
H593-37c29058d6ea3f6600852bd1,DIFFICULT-0023,47,2315,/hkfs/work/workspace/scratch/ap7811-benchmark/dailymed/data/box_flat_20000_images/data/raw_images/otc/Cardiaspirin Protect.jpg,120,404.638916015625,0x1.94a3900000000p+8,False,False,False,CHALLENGER,46,-3.320908505459279,-0x1.a91387a7fa590p+1,-3.320908505459279,-0x1.a91387a7fa590p+1,0.001731018678654745,0.04252060164809611,0.040710117250475276,0.0017456567523330309,0.0016938567686457728,-1.4638073678285889e-05,3.716191000897222e-05,-1.3013605522390803,0.0,-1.542467327130189,-1.77844117832909,False,30,-3.7418228493551906,-0x1.def40d16b3fa6p+1,-1.542467327130189,-0x1.8adf23852c35cp+0,0.41222350421960635,-0.5431135794610868,-0x1.1612fbab9904ep-1,0.5427311842240764,0x1.15e0dc9d86055p-1,-0.999295920316723,-0.042378155831774116,-0x1.5b296f2b97a57p-5,-0.13698434616707816,-0x1.188b3fb6cff62p-3,3.232428204541421,-0.5125319366082149,-0x1.066a9603c6917p-1,-0.8003233803262504,-0x1.99c3fc717369ap-1,1.561509289787002,-0.999999998750667,-0x1.fffffff544b01p-1,-0.13770670318253964,-0x1.1a05f8d4df348p-3,0.13770670335458116,-0.8980214889334146,-0x1.cbc978fc26030p-1,0.05520261936178219,0x1.c4384899ff1b3p-5,-0.061471379072840074,-1.3013605522390803
H593-37c29058d6ea3f6600852bd1,DIFFICULT-0023,48,2388,/hkfs/work/workspace/scratch/ap7811-benchmark/dailymed/data/box_flat_20000_images/data/raw_images/otc/Carton-30pkt.jpg,80,408.026611328125,0x1.9806d00000000p+8,False,False,False,CHALLENGER,47,-4.5025104004575995,-0x1.20292161f7605p+2,-4.5025104004575995,-0x1.20292161f7605p+2,0.0005171776721372654,0.015850604870650077,0.03262826096276631,0.0005192709505589839,0.0005097010989880239,-2.0932784217185096e-06,7.4765731492414675e-06,-1.3013605522390803,8.881784197001252e-16,-1.4568171340715605,-3.045693266386039,False,93,-3.534046746872205,-0x1.c45ba4d02cf7cp+1,-1.4568171340715605,-0x1.74f1f7bb16fd2p+0,0.41222350421960635,-0.8374579339833551,-0x1.acc7494c77edfp-1,0.8368682968664383,0x1.ac7a005c337e2p-1,-0.999295920316723,-0.48979763985803165,-0x1.f58d83336496fp-2,-1.5832357055949229,-0x1.954eef6963c1fp+0,3.232428204541421,-0.5894394799481874,-0x1.2dcb02f2b28a7p-1,-0.9204152237063138,-0x1.d740aa091e47dp-1,1.561509289787002,-0.9999999987307749,-0x1.fffffff518f1dp-1,-0.13770670317980035,-0x1.1a05f8d4c71c3p-3,0.13770670335458116,-0.9786118739317264,-0x1.f50c9d9407304p-1,0.06015662146763954,0x1.eccd943aec72dp-5,-0.061471379072840074,-1.3013605522390803
H593-37c29058d6ea3f6600852bd1,DIFFICULT-0023,49,2445,/hkfs/work/workspace/scratch/ap7811-benchmark/dailymed/data/box_flat_20000_images/data/raw_images/otc/Children Acetaminophen Elixir - Cherry.jpg,94,405.95501708984375,0x1.95f47c0000000p+8,False,False,False,CHALLENGER,48,-2.877832668485909,-0x1.705cd22540f22p+1,-2.877832668485909,-0x1.705cd22540f22p+1,0.007204425695968825,0.040233439786805957,0.1790656164162087,0.006087007350824442,0.0051093536341107375,0.001117418345144383,0.002095072061858087,-1.3013605522390803,0.0,-1.5091926962401052,-1.3686399722458038,False,18,-3.661102971547454,-0x1.d49f05ad0ad89p+1,-1.5091926962401052,-0x1.825a73d9b69bcp+0,0.41222350421960635,0.10405341781237096,0x1.aa33eaa8a8946p-4,-0.10398015591491373,-0x1.a9e71891668b9p-4,-0.999295920316723,-0.06993431368570369,-0x1.1e7371625f728p-4,-0.2260576480229157,-0x1.cef74fea271efp-3,3.232428204541421,0.17273078609549586,0x1.61c0adaa57180p-3,0.2697207271203283,0x1.1431ab9823fe7p-2,1.561509289787002,0.17424759730176925,0x1.64dbec9e8a9a2p-3,0.023995062191883253,0x1.892295d84bc53p-6,0.13770670335458116,0.5036068142285026,0x1.01d8c09a4eeeep-1,-0.030957405381105634,-0x1.fb34c4eb9342ep-6,-0.061471379072840074,-1.3013605522390803
H593-37c29058d6ea3f6600852bd1,DIFFICULT-0023,50,2477,/hkfs/work/workspace/scratch/ap7811-benchmark/dailymed/data/box_flat_20000_images/data/raw_images/otc/Clean Copy Mineral Oil Enema  Chipboard BOX.jpg,76,408.2100830078125,0x1.9835c80000000p+8,False,False,False,CHALLENGER,49,-4.734817228476921,-0x1.2f073ed736209p+2,-4.734817228476921,-0x1.2f073ed736209p+2,0.00033374367094995993,0.014006719260358529,0.02382739774720216,0.00033847422449278695,0.00035538585093502237,-4.730553542827017e-06,-2.1642179985062438e-05,-1.3013605522390803,-8.881784197001252e-16,-1.4521784687441204,-3.282638759732801,False,107,-3.5227939549281317,-0x1.c2eae98d7b3ddp+1,-1.4521784687441204,-0x1.73c1f7d7361b6p+0,0.41222350421960635,-0.8919955257606954,-0x1.c8b3a336a41a3p-1,0.8913674898334333,0x1.c86151d31abb1p-1,-0.999295920316723,-0.5353604986750252,-0x1.121ac572c24bdp-1,-1.7305143755145116,-0x1.bb02fd7817ba9p+0,3.232428204541421,-0.6826062480642131,-0x1.5d7e90eef64d5p-1,-1.0658959976189195,-0x1.10de8f62b5e6dp+0,1.561509289787002,-0.9999999987350092,-0x1.fffffff522418p-1,-0.13770670318038344,-0x1.1a05f8d4cc3d3p-3,0.13770670335458116,-0.9999999985980629,-0x1.fffffff3f51b9p-1,0.061471378986661065,0x1.f792d34c684aap-5,-0.061471379072840074,-1.3013605522390803
H593-37c29058d6ea3f6600852bd1,DIFFICULT-0023,51,2485,/hkfs/work/workspace/scratch/ap7811-benchmark/dailymed/data/box_flat_20000_images/data/raw_images/otc/Clear Stool Softener.jpg,39,421.16162109375,0x1.a529600000000p+8,False,False,False,CHALLENGER,50,-1.262066036578637,-0x1.4316c2807f61cp+0,-1.262066036578637,-0x1.4316c2807f61cp+0,0.028989143296734125,0.09595636531138112,0.302107559020848,0.023132332886230542,0.023900919008280758,0.005856810410503583,0.005088224288453368,-1.3013605522390803,0.0,-1.1247282008957702,-0.13733783568286673,False,3,-2.728442675836812,-0x1.5d3d9c0edd6b5p+1,-1.1247282008957702,-0x1.1fee2ff7bc7afp+0,0.41222350421960635,0.6643409796777753,0x1.5424803a37a06p-1,-0.6638732306912158,-0x1.53e7312d046bep-1,-0.999295920316723,0.3492144986757372,0x1.65987c4c67c22p-2,1.1288107949542456,0x1.20f9be87b3436p+0,3.232428204541421,0.41031960431230496,0x1.a42ad285b74e8p-2,0.640717873915391,0x1.480c2c54dbc77p-1,1.561509289787002,0.7634091775560602,0x1.86dd9156239a3p-1,0.10512656115187716,0x1.ae993061697fap-4,0.13770670335458116,0.7606675412093371,0x1.857637493ee44p-1,-0.04675928277408436,-0x1.7f0d52c9924bfp-5,-0.061471379072840074,-1.3013605522390803
H593-37c29058d6ea3f6600852bd1,DIFFICULT-0023,52,2506,/hkfs/work/workspace/scratch/ap7811-benchmark/dailymed/data/box_flat_20000_images/data/raw_images/otc/Colace Clear 60ct Drug Listing.jpg,6,452.16705322265625,0x1.c42ac40000000p+8,False,False,False,CHALLENGER,51,-1.7130116651224856,-0x1.b687eeb75e19bp+0,-1.7130116651224856,-0x1.b687eeb75e19bp+0,0.005505222390628647,0.042972897066195,0.12810917500275723,0.004543562976537641,0.004669101099929839,0.0009616594140910064,0.0008361212906988083,-1.3013605522390803,0.0,-0.3408261664039892,-1.3721854987184963,False,4,-0.8267994496073635,-0x1.a75241e8d42fbp-1,-0.3408261664039892,-0x1.5d0188d94e042p-2,0.41222350421960635,-0.030058707949618294,-0x1.ec7b5be6a1ce1p-6,0.03003754422404541,0x1.ec2297860b1edp-6,-0.999295920316723,-0.03709606552007887,-0x1.2fe4168702257p-5,-0.11991036846461947,-0x1.eb2722701c0f2p-4,3.232428204541421,0.007045213402445682,0x1.cdb7112826fffp-8,0.011001166176450824,0x1.687c78790d46bp-7,1.561509289787002,0.10064410316029564,0x1.9c3cfdb9bd513p-4,0.013859367658282695,0x1.c624cd6af3c53p-7,0.13770670335458116,0.0945587387373873,0x1.83500626d9718p-4,-0.005812656073575582,-0x1.7cf02fbd28bd7p-8,-0.061471379072840074,-1.3013605522390803
H593-37c29058d6ea3f6600852bd1,DIFFICULT-0023,53,2554,/hkfs/work/workspace/scratch/ap7811-benchmark/dailymed/data/box_flat_20000_images/data/raw_images/otc/Cough Relief Carton.jpg,98,405.77484130859375,0x1.95c65c0000000p+8,False,False,False,CHALLENGER,52,-4.563180410788718,-0x1.240b25d985770p+2,-4.563180410788718,-0x1.240b25d985770p+2,0.00043120911758256185,0.017200190314028932,0.025070020139885095,0.0004259236659100823,0.0003666272542613261,5.2854516724795296e-06,6.458186332123576e-05,-1.3013605522390803,0.0,-1.5137480322502859,-3.049432378538432,False,97,-3.67215361752846,-0x1.d6092136961f4p+1,-1.5137480322502859,-0x1.8384fdb4e63a9p+0,0.41222350421960635,-0.8626207988561291,-0x1.b9a96eefdf78dp-1,0.8620134450772823,0x1.b959d386a370cp-1,-0.999295920316723,-0.45812660550309126,-0x1.d51f241040ca0p-2,-1.4808613608790133,-0x1.7b19baeae2aaap+0,3.232428204541421,-0.6687949683735149,-0x1.566c4b49c9861p-1,-1.0443295560780477,-0x1.0b592e8999f63p+0,1.561509289787002,-0.986637283156067,-0x1.f92885a056d5cp-1,-0.1358665676701424,-0x1.164136061ab0dp-3,0.13770670335458116,-0.8292023705889215,-0x1.a88d368ee3e2ep-1,0.050972213250569214,0x1.a1907a9d4f51fp-5,-0.061471379072840074,-1.3013605522390803
H593-37c29058d6ea3f6600852bd1,DIFFICULT-0023,54,2644,/hkfs/work/workspace/scratch/ap7811-benchmark/dailymed/data/box_flat_20000_images/data/raw_images/otc/DDM Stool Softener 100mg 100ct Carton.jpg,53,411.7045593261719,0x1.9bb45e0000000p+8,False,False,False,CHALLENGER,53,-3.4060740005631187,-0x1.b3fa3b9c16556p+1,-3.4060740005631187,-0x1.b3fa3b9c16556p+1,0.0020622231833961517,0.028622451066194363,0.07204914696602693,0.001684469317835761,0.0016917145600203235,0.0003777538655603907,0.00037050862337582825,-1.3013605522390803,4.440892098500626e-16,-1.3638285601198379,-2.042245440443281,False,32,-3.3084686975861453,-0x1.a77be6fbfc715p+1,-1.3638285601198379,-0x1.5d23de5710c2ep+0,0.41222350421960635,-0.4784899833029609,-0x1.e9f94736ffcc6p-2,0.4781530882270657,0x1.e9a0f691aaa64p-2,-0.999295920316723,-0.23578116762702833,-0x1.e2e13c9fc428ap-3,-0.7621456963373151,-0x1.8637f5f11ca0fp-1,3.232428204541421,-0.2735730316078454,-0x1.1823875f4b076p-2,-0.42718683029084376,-0x1.b57076e58638dp-2,1.561509289787002,-0.35068338875180266,-0x1.67198bd7c1fe5p-2,-0.04829145338622375,-0x1.8b9a849f0b61fp-5,0.13770670335458116,-0.3023521493001284,-0x1.359bcd447a39bp-2,0.01858600358311613,0x1.3083596361720p-6,-0.061471379072840074,-1.3013605522390803
H593-37c29058d6ea3f6600852bd1,DIFFICULT-0023,55,2728,/hkfs/work/workspace/scratch/ap7811-benchmark/dailymed/data/box_flat_20000_images/data/raw_images/otc/Excinol Night 30 Cap NewBox.jpg,84,407.541259765625,0x1.978a900000000p+8,False,False,False,CHALLENGER,54,-4.971713903085245,-0x1.3e308f82b4750p+2,-4.971713903085245,-0x1.3e308f82b4750p+2,0.00020688570644429677,0.012481570252570684,0.01657529479527521,0.0001962357054972107,0.00020040543935734818,1.0650000947086066e-05,6.480267086948592e-06,-1.3013605522390803,8.881784197001252e-16,-1.4690881476057602,-3.502625755479485,False,116,-3.563814611655729,-0x1.c82b13c308bdfp+1,-1.4690881476057602,-0x1.7816292ce8702p+0,0.41222350421960635,-0.9316455902360467,-0x1.dd00a69b0d893p-1,0.9309896375039468,0x1.dcaaac7bfd1b0p-1,-0.999295920316723,-0.57520788707692,-0x1.2681a5eecb137p-1,-1.8593181976621131,-0x1.dbfc4703d1023p+0,3.232428204541421,-0.7680024563573028,-0x1.89379e329ac4dp-1,-1.1992429701811649,-0x1.33019658e2d15p+0,1.561509289787002,-0.9732559530878784,-0x1.f24e9ab24cabcp-1,-0.13402386881995262,-0x1.127b1b2bb8817p-3,0.13770670335458116,-0.9814355368112144,-0x1.f67eb7fb79058p-1,0.06033019591887845,0x1.ee39974dd9f40p-5,-0.061471379072840074,-1.3013605522390803
H593-37c29058d6ea3f6600852bd1,DIFFICULT-0023,56,2773,/hkfs/work/workspace/scratch/ap7811-benchmark/dailymed/data/box_flat_20000_images/data/raw_images/otc/Famotidine 10 mg 50 ct Carton.jpg,107,405.22216796875,0x1.9538e00000000p+8,False,False,False,CHALLENGER,55,-4.273663321044353,-0x1.1183b32980040p+2,-4.273663321044353,-0x1.1183b32980040p+2,0.0005869361187562954,0.02179147157100559,0.026934212168453875,0.0005804206194146199,0.0005123998657056815,6.515499341675553e-06,7.453625305061393e-05,-1.3013605522390803,0.0,-1.527721124246284,-2.745942196798069,False,79,-3.7060505007798192,-0x1.da5fdce1163d5p+1,-1.527721124246284,-0x1.8718bb4a0bd00p+0,0.41222350421960635,-0.8175339880459722,-0x1.a293d09c0d438p-1,0.8169583789746007,0x1.a2485e5fc7360p-1,-0.999295920316723,-0.35978469802516216,-0x1.706b665e7a2bbp-2,-1.1629782054589524,-0x1.29b8f08e682f2p+0,3.232428204541421,-0.6484952231617931,-0x1.4c0790de2f2acp-1,-1.012631315349635,-0x1.033bce4e55077p+0,1.561509289787002,-0.9835530416061923,-0x1.f79443a728ebbp-1,-0.13544184693395994,-0x1.156288f8bac4ep-3,0.13770670335458116,-0.8054373426418473,-0x1.9c62488b3f6d4p-1,0.049511344208957975,0x1.9598d08512370p-5,-0.061471379072840074,-1.3013605522390803
H593-37c29058d6ea3f6600852bd1,DIFFICULT-0023,57,2806,/hkfs/work/workspace/scratch/ap7811-benchmark/dailymed/data/box_flat_20000_images/data/raw_images/otc/IBU Carton.jpg,46,414.7926025390625,0x1.9ecae80000000p+8,False,False,False,CHALLENGER,56,-4.08916737192537,-0x1.05b4eb10928b0p+2,-4.08916737192537,-0x1.05b4eb10928b0p+2,0.0006011313743152377,0.020070237911486617,0.02995138258780668,0.0005978383778131921,0.0006365596904893894,3.2929965020456024e-06,-3.542831617415164e-05,-1.3013605522390803,0.0,-1.2857543908220435,-2.803412981103327,False,65,-3.119071032245351,-0x1.8f3db836b2870p+1,-1.2857543908220435,-0x1.4927332344e26p+0,0.41222350421960635,-0.8135324247706595,-0x1.a087526d4049cp-1,0.8129596331186913,0x1.a03c3eba6d063p-1,-0.999295920316723,-0.3950576228089575,-0x1.9489fc47fff9cp-2,-1.2769954023867605,-0x1.46e92bb264bc3p+0,3.232428204541421,-0.6166666421476154,-0x1.3bbbbae91dc4fp-1,-0.9629306904152581,-0x1.ed05405f4be56p-1,1.561509289787002,-0.9916536003159759,-0x1.fbba054ca2b30p-1,-0.13655734816921447,-0x1.17ab61035274bp-3,0.13770670335458116,-0.9999999986246447,-0x1.fffffff42f8fdp-1,0.06147137898829509,0x1.f792d34ca1c8ap-5,-0.061471379072840074,-1.3013605522390803
H593-37c29058d6ea3f6600852bd1,DIFFICULT-0023,58,2829,/hkfs/work/workspace/scratch/ap7811-benchmark/dailymed/data/box_flat_20000_images/data/raw_images/otc/Kroger Lanso Caps 14ct Carton Label.jpg,66,409.1687316894531,0x1.992b320000000p+8,False,False,False,CHALLENGER,57,-4.195103364899277,-0x1.0c7c92d2e53eap+2,-4.195103364899277,-0x1.0c7c92d2e53eap+2,0.0007855150305093399,0.018500563280820125,0.042458979144905165,0.0007560198003269788,0.0007932990703136241,2.949523018236117e-05,-7.784039804284155e-06,-1.3013605522390803,0.0,-1.42794121093792,-2.7671621539613565,False,72,-3.4639975555037834,-0x1.bb64459b28066p+1,-1.42794121093792,-0x1.6d8d8e2196c8fp+0,0.41222350421960635,-0.7631120275658645,-0x1.86b69ea328c66p-1,0.7625747358911911,0x1.8670321ed1275p-1,-0.999295920316723,-0.42885868996807536,-0x1.b726bb8012b9dp-2,-1.3862549252154919,-0x1.62e19a4fb82ecp+0,3.232428204541421,-0.4968590053508679,-0x1.fcc89b6ad1fd0p-2,-0.77584995256971,-0x1.8d3c3479c7b56p-1,1.561509289787002,-0.9276443027199207,-0x1.daf431ad016cdp-1,-0.1277428388132194,-0x1.059e099802002p-3,0.13770670335458116,-0.999999998570286,-0x1.fffffff3b8069p-1,0.061471378984953584,0x1.f792d34c2c370p-5,-0.061471379072840074,-1.3013605522390803
H593-37c29058d6ea3f6600852bd1,DIFFICULT-0023,59,2831,/hkfs/work/workspace/scratch/ap7811-benchmark/dailymed/data/box_flat_20000_images/data/raw_images/otc/LB1189.jpg,123,404.4910583496094,0x1.947db60000000p+8,False,False,False,CHALLENGER,58,-4.2367531745348925,-0x1.0f26f6c9767fbp+2,-4.2367531745348925,-0x1.0f26f6c9767fbp+2,0.0007546323181874265,0.0208722518675595,0.036154810845316916,0.0007256351194676623,0.0007320574419287475,2.8997198719764175e-05,2.257487625867893e-05,-1.3013605522390803,0.0,-1.546205572890576,-2.6905476016443166,False,75,-3.7508913418650103,-0x1.e01d351e14738p+1,-1.546205572890576,-0x1.8bd420e0753d6p+0,0.41222350421960635,-0.771360640821725,-0x1.8aefc82b80777p-1,0.7708175414660429,0x1.8aa898c78f3f1p-1,-0.999295920316723,-0.37839713247697987,-0x1.837a89b38e23bp-2,-1.2231415635361864,-0x1.391fce35c4277p+0,3.232428204541421,-0.5549396595772759,-0x1.1c210d12468a3p-1,-0.8665434337011527,-0x1.bbab94b89eb7bp-1,1.561509289787002,-0.9288225596341142,-0x1.db8ea16ad4c06p-1,-0.12790509268857772,-0x1.05f31af0b6ddbp-3,0.13770670335458116,-0.9367855402495819,-0x1.dfa25ab579accp-1,0.057585499054637335,0x1.d7bd8b653b718p-5,-0.061471379072840074,-1.3013605522390803
H593-37c29058d6ea3f6600852bd1,DIFFICULT-0023,60,2893,/hkfs/work/workspace/scratch/ap7811-benchmark/dailymed/data/box_flat_20000_images/data/raw_images/otc/NOTTS 24-01.jpg,73,408.3209228515625,0x1.9852280000000p+8,False,False,False,CHALLENGER,59,-5.115772287319423,-0x1.4768d02af47b8p+2,-5.115772287319423,-0x1.4768d02af47b8p+2,0.0001847320410933552,0.010252828845596768,0.018017665551170414,0.00016878601776662675,0.00018097799473246616,1.594602332672846e-05,3.7540463608890504e-06,-1.3013605522390803,-8.881784197001252e-16,-1.4493761346673968,-3.6663961526520263,False,123,-3.515995861059057,-0x1.c20c27020f5c8p+1,-1.4493761346673968,-0x1.730a5079ffd62p+0,0.41222350421960635,-0.9387409009366707,-0x1.e0a2a5b9e1934p-1,0.9380799525404601,0x1.e04c03fa63969p-1,-0.999295920316723,-0.6373042694235803,-0x1.464cbec58d07dp-1,-2.060040295359446,-0x1.07af668081688p+1,3.232428204541421,-0.7503343480190572,-0x1.802bd2db9d5acp-1,-1.1716540548780312,-0x1.2bf18527ed4b8p+0,1.561509289787002,-0.9602212134913968,-0x1.eba21d69bdf18p-1,-0.13222889780103572,-0x1.0ece063d21f1fp-3,0.13770670335458116,-0.9892033658957581,-0x1.fa78dd133b161p-1,0.060807695085107465,0x1.f222fab78aa97p-5,-0.061471379072840074,-1.3013605522390803
H593-37c29058d6ea3f6600852bd1,DIFFICULT-0023,61,2929,/hkfs/work/workspace/scratch/ap7811-benchmark/dailymed/data/box_flat_20000_images/data/raw_images/otc/PHILLIPS_StoolSoftener_DS_LiquidGel_30ct_Tab_Crtn.jpg,33,426.48773193359375,0x1.aa7cdc0000000p+8,False,False,False,CHALLENGER,60,-4.584901268191642,-0x1.256f05ba9168ep+2,-4.584901268191642,-0x1.256f05ba9168ep+2,0.00015854314860416652,0.012051915166993945,0.013155016975091373,0.00016002832806182618,0.00015967678025668135,-1.48517945765966e-06,-1.1336316525148297e-06,-1.3013605522390803,0.0,-0.9900695673400789,-3.5948317008515627,False,99,-2.401778542963996,-0x1.336d7ab321e81p+1,-0.9900695673400789,-0x1.faea65f8fb23fp-1,0.41222350421960635,-0.9471961267263772,-0x1.e4f6e40660153p-1,0.9465292251774705,0x1.e49f7a85b0df9p-1,-0.999295920316723,-0.5868095968896454,-0x1.2c724eb73d6ccp-1,-1.8968198916816716,-0x1.e595fd092ccf9p+0,3.232428204541421,-0.8113593471387828,-0x1.9f6a7e0a87abep-1,-1.2669451579127262,-0x1.445684930f8b0p+0,1.561509289787002,-0.9999999987297945,-0x1.fffffff516c9ep-1,-0.13770670317966535,-0x1.1a05f8d4c5ec3p-3,0.13770670335458116,-0.9999999985565615,-0x1.fffffff399d86p-1,0.06147137898410992,0x1.f792d34c0e87fp-5,-0.061471379072840074,-1.3013605522390803
H593-37c29058d6ea3f6600852bd1,DIFFICULT-0023,62,2985,/hkfs/work/workspace/scratch/ap7811-benchmark/dailymed/data/box_flat_20000_images/data/raw_images/otc/SHOHemOintment.jpg,92,406.3127136230469,0x1.96500e0000000p+8,False,False,False,CHALLENGER,61,-4.777315896567272,-0x1.31bf8b2c9ab5ep+2,-4.777315896567272,-0x1.31bf8b2c9ab5ep+2,0.0003199613897729685,0.014317922229727558,0.022346914911204736,0.000310163282963334,0.0003116142930176342,9.798106809634532e-06,8.347096755334342e-06,-1.3013605522390803,0.0,-1.5001491506142028,-3.277166745953069,False,110,-3.6391645193890234,-0x1.d1d02499c50b8p+1,-1.5001491506142028,-0x1.8009c655029b2p+0,0.41222350421960635,-0.896224251456251,-0x1.cadde7b3c5fabp-1,0.8955932381691405,0x1.ca8b3268e90fap-1,-0.999295920316723,-0.5274761128522815,-0x1.0e11595c3e569p-1,-1.7050286644055883,-0x1.b47cc2305d53ep+0,3.232428204541421,-0.699362667117421,-0x1.6612dd0ea014bp-1,-1.0920613016340677,-0x1.17915457bed9ep+0,1.561509289787002,-0.9753688645383133,-0x1.f3638c3d75197p-1,-0.13431483089027216,-0x1.1313a77054f87p-3,0.13770670335458116,-0.9761512748184168,-0x1.f3ca1992966e1p-1,0.060005365046798986,0x1.eb905f0ebcc50p-5,-0.061471379072840074,-1.3013605522390803
H593-37c29058d6ea3f6600852bd1,DIFFICULT-0023,63,3102,/hkfs/work/workspace/scratch/ap7811-benchmark/dailymed/data/box_flat_20000_images/data/raw_images/otc/alb-20s-ifc.jpg,101,405.5614929199219,0x1.958fbe0000000p+8,False,False,False,CHALLENGER,62,-4.7823186081043,-0x1.32118211370dbp+2,-4.7823186081043,-0x1.32118211370dbp+2,0.00033136614958464874,0.014462868053828962,0.022911510244810775,0.00033137514541726565,0.0003175571905543629,-8.995832616906334e-09,1.3808959030285823e-05,-1.3013605522390803,0.0,-1.5191420624073275,-3.2631765456969726,False,111,-3.6852388251933004,-0x1.d7b5e7e413cccp+1,-1.5191420624073275,-0x1.84e67e8404787p+0,0.41222350421960635,-0.892723658151941,-0x1.c913134841927p-1,0.8920951095614554,0x1.c8c0b0b0f9d99p-1,-0.999295920316723,-0.5238314579260767,-0x1.0c33a308d126dp-1,-1.693247579026303,-0x1.b178ac5ff2fb5p+0,3.232428204541421,-0.6929332373765391,-0x1.62c82531aff1ap-1,-1.0820216873656476,-0x1.14ff5f90cc566p+0,1.561509289787002,-0.9999999987274084,-0x1.fffffff5118aap-1,-0.13770670317933675,-0x1.1a05f8d4c3084p-3,0.13770670335458116,-0.9608514961401972,-0x1.ebf4ba307839fp-1,0.05906486655193959,0x1.e3dc00c5dca67p-5,-0.061471379072840074,-1.3013605522390803
H593-37c29058d6ea3f6600852bd1,DIFFICULT-0023,64,3158,/hkfs/work/workspace/scratch/ap7811-benchmark/dailymed/data/box_flat_20000_images/data/raw_images/otc/anti-diarrheal-01.jpg,37,422.35479736328125,0x1.a65ad40000000p+8,False,False,False,CHALLENGER,63,-2.639146503866173,-0x1.51cf8d79ba9e2p+1,-2.639146503866173,-0x1.51cf8d79ba9e2p+1,0.0057637509946808305,0.03466593050523832,0.1662655786438468,0.00484388619731496,0.004788757487491278,0.0009198647973658707,0.0009749935071895529,-1.3013605522390803,-4.440892098500626e-16,-1.0945614449123613,-1.5445850589538117,False,13,-2.6552620937627296,-0x1.53dfa0d7827c0p+1,-1.0945614449123613,-0x1.18352dc95c70ep+0,0.41222350421960635,-0.007121990473364271,-0x1.d2bf2c2a5fb8ep-8,0.007116976024567483,0x1.d26b0b459d6dfp-8,-0.999295920316723,-0.14352141821196843,-0x1.25ee8eabf7b11p-3,-0.46392268018415156,-0x1.db0e8c0d0decbp-2,3.232428204541421,0.1365389921861388,0x1.17a1c1508bceep-3,0.2132069047168106,0x1.b4a5d258521a9p-3,1.561509289787002,0.07860666840511868,0x1.41f910e0c290ap-4,0.010824665167755605,0x1.62b3df715d544p-7,0.13770670335458116,0.17000387167709563,0x1.5c2afd685f3ecp-3,-0.010450372439713206,-0x1.567013ee06fa6p-7,-0.061471379072840074,-1.3013605522390803
H593-37c29058d6ea3f6600852bd1,DIFFICULT-0023,65,3178,/hkfs/work/workspace/scratch/ap7811-benchmark/dailymed/data/box_flat_20000_images/data/raw_images/otc/apap-50s-ifc.jpg,86,407.2525329589844,0x1.9740a60000000p+8,False,False,False,CHALLENGER,64,-5.3287681155766276,-0x1.550a896c17a06p+2,-5.3287681155766276,-0x1.550a896c17a06p+2,9.809989046358806e-05,0.009712795229120927,0.01010006781255562,9.733230726081875e-05,0.00010072382816256255,7.675832027693091e-07,-2.62393769897449e-06,-1.3013605522390803,0.0,-1.4763879501112342,-3.8523801654653935,False,126,-3.5815229723647906,-0x1.ca6f584216f97p+1,-1.4763879501112342,-0x1.79f48f89efacdp+0,0.41222350421960635,-0.96699495168525,-0x1.ef19f659c53f5p-1,0.9663141101859369,0x1.eec0b919d2e9cp-1,-0.999295920316723,-0.6530944539015652,-0x1.4e62657169935p-1,-2.1110809330209963,-0x1.0e37e66744657p+1,3.232428204541421,-0.851923356939329,-0x1.b42f4c5981830p-1,-1.3302862360472902,-0x1.548da386245d4p+0,1.561509289787002,-0.9980482429702366,-0x1.ff002de6c65d0p-1,-0.13743793332826332,-0x1.19790f26ff6cep-3,0.13770670335458116,-0.9999999985596599,-0x1.fffffff3a0a8ap-1,0.061471378984300384,0x1.f792d34c153b8p-5,-0.061471379072840074,-1.3013605522390803
H593-37c29058d6ea3f6600852bd1,DIFFICULT-0023,66,3250,/hkfs/work/workspace/scratch/ap7811-benchmark/dailymed/data/box_flat_20000_images/data/raw_images/otc/aurophen-fig2.jpg,88,407.19549560546875,0x1.97320c0000000p+8,False,False,False,CHALLENGER,65,-4.0628528667445005,-0x1.0405c807c8289p+2,-4.0628528667445005,-0x1.0405c807c8289p+2,0.0008141761898390567,0.02304551840771229,0.03532904643041525,0.0008491300100624339,0.0009432983031842806,-3.4953820223377176e-05,-0.0001291221133452239,-1.3013605522390803,-8.881784197001252e-16,-1.4778300102404736,-2.585022856504027,False,64,-3.585021220558981,-0x1.cae1f9b0e2276p+1,-1.4778300102404736,-0x1.7a53114b07b9dp+0,0.41222350421960635,-0.7555252152505489,-0x1.82d433759be34p-1,0.7549932652962875,0x1.828e7a2e4bad5p-1,-0.999295920316723,-0.33518861930238775,-0x1.573baf7794a22p-2,-1.0834731468743353,-0x1.155e7f03eb62bp+0,3.232428204541421,-0.5628830415846833,-0x1.203234be288fep-1,-0.8789470984980463,-0x1.c2055aa5ed288p-1,1.561509289787002,-0.9999999987815916,-0x1.fffffff588b11p-1,-0.13770670318679815,-0x1.1a05f8d504a9dp-3,0.13770670335458116,-0.9999999987816447,-0x1.fffffff588cefp-1,0.061471378997946094,0x1.f792d34df5592p-5,-0.061471379072840074,-1.3013605522390803
H593-37c29058d6ea3f6600852bd1,DIFFICULT-0023,67,3411,/hkfs/work/workspace/scratch/ap7811-benchmark/dailymed/data/box_flat_20000_images/data/raw_images/otc/bes01-0002-01.jpg,87,407.21478271484375,0x1.9736fc0000000p+8,False,False,False,CHALLENGER,66,-3.7861054135324776,-0x1.e49f1a292a4f6p+1,-3.7861054135324776,-0x1.e49f1a292a4f6p+1,0.0014314284494772297,0.025340253496624065,0.056488323988863436,0.0014189876791556655,0.0017044301195526898,1.2440770321564196e-05,-0.0002730016700754601,-1.3013605522390803,-4.440892098500626e-16,-1.4773423794209555,-2.3087630341115224,False,50,-3.583838292330662,-0x1.cabb3691db392p+1,-1.4773423794209555,-0x1.7a331c349b9a9p+0,0.41222350421960635,-0.6066351777855014,-0x1.3698e2d2623d5p-1,0.6062080582816615,0x1.3660e711c8655p-1,-0.999295920316723,-0.2924111374089512,-0x1.2b6dd340a163ep-2,-0.9451980078827309,-0x1.e3f0fe48338c4p-1,3.232428204541421,-0.3819827738145247,-0x1.87267e04accc8p-2,-0.5964696498499875,-0x1.3164784e5314cp-1,1.561509289787002,-0.9688290996769598,-0x1.f00a5e250d243p-1,-0.13341426143050106,-0x1.113b7f0d4fdd4p-3,0.13770670335458116,-0.9999999989633634,-0x1.fffffff718698p-1,0.061471379009116596,0x1.f792d34f7e601p-5,-0.061471379072840074,-1.3013605522390803
H593-37c29058d6ea3f6600852bd1,DIFFICULT-0023,68,3425,/hkfs/work/workspace/scratch/ap7811-benchmark/dailymed/data/box_flat_20000_images/data/raw_images/otc/best-choice-44-773-1.jpg,65,409.2120361328125,0x1.9936480000000p+8,False,False,False,CHALLENGER,67,-3.6298976504176634,-0x1.d0a07c782f806p+1,-3.6298976504176634,-0x1.d0a07c782f806p+1,0.0020040045350876168,0.025056926378391874,0.07997806693544796,0.0019506748122906155,0.0018733959154562788,5.332972279700125e-05,0.00013060861963133793,-1.3013605522390803,0.0,-1.4268463562972618,-2.2030512941204017,False,39,-3.4613415821557063,-0x1.bb0d3dafd2635p+1,-1.4268463562972618,-0x1.6d45cd84b6a82p+0,0.41222350421960635,-0.48945442012175094,-0x1.f5338a1d38e5fp-2,0.4891098052086531,0x1.f4d9336618ac8p-2,-0.999295920316723,-0.29754388891016326,-0x1.30af585ff9a8ep-2,-0.9617892586021511,-0x1.ec6fa446ae3f3p-1,3.232428204541421,-0.22462336963370308,-0x1.cc075653f3dd3p-3,-0.3507514783862869,-0x1.672b6542c5611p-2,1.561509289787002,-0.8728911184253588,-0x1.beeb95ad3628bp-1,-0.12020295830584946,-0x1.ec59efece5aeep-4,0.13770670335458116,-0.682319948518035,-0x1.5d590a509633dp-1,0.04194314820431285,0x1.5799283a8591bp-5,-0.061471379072840074,-1.3013605522390803
H593-37c29058d6ea3f6600852bd1,DIFFICULT-0023,69,3446,/hkfs/work/workspace/scratch/ap7811-benchmark/dailymed/data/box_flat_20000_images/data/raw_images/otc/bisacodyl-5-mg-orange-tablet-1.jpg,14,443.7816162109375,0x1.bbc8180000000p+8,False,False,False,CHALLENGER,68,-2.81064721159254,-0x1.67c349af31183p+1,-2.81064721159254,-0x1.67c349af31183p+1,0.0013688080432645822,0.02671838722189057,0.05123093815120352,0.001274880067164833,0.0013511319615348509,9.392797609974915e-05,1.767608172973138e-05,-1.3013605522390803,0.0,-0.5528329240024646,-2.257814287590075,False,17,-1.3410999575316562,-0x1.575253aa43f4bp+0,-0.5528329240024646,-0x1.1b0ceac17c3b3p-1,0.41222350421960635,-0.6205790041943732,-0x1.3dbc87ff32ba9p-1,0.6201420671256517,0x1.3d8342d25b65cp-1,-0.999295920316723,-0.2680130864439946,-0x1.127205c4b539ap-2,-0.8663330598077661,-0x1.bb9001bea2ccap-1,3.232428204541421,-0.4229048448030209,-0x1.b10df7b6fee79p-2,-0.6603698438558474,-0x1.521bff0540406p-1,1.561509289787002,-0.7864586552319974,-0x1.92aab577c150ap-1,-0.10830062873667548,-0x1.bb9970a8f6d22p-4,0.13770670335458116,-0.9501613727330314,-0x1.e67b8d2b9f25ep-1,0.05840772992364226,0x1.de79e33b616fbp-5,-0.061471379072840074,-1.3013605522390803
H593-37c29058d6ea3f6600852bd1,DIFFICULT-0023,70,3447,/hkfs/work/workspace/scratch/ap7811-benchmark/dailymed/data/box_flat_20000_images/data/raw_images/otc/bismuth-48ct-ifc.jpg,48,413.3408508300781,0x1.9d57420000000p+8,False,False,False,CHALLENGER,69,-3.5887150780996446,-0x1.cb5b04038ccecp+1,-3.5887150780996446,-0x1.cb5b04038ccecp+1,0.0013110353348674021,0.027032602015703667,0.04849830342287439,0.0012428374285911488,0.0013117003781807812,6.819790627625335e-05,-6.650433133790958e-07,-1.3013605522390803,0.0,-1.3224586403715535,-2.2662564377280914,False,37,-3.208110713810807,-0x1.9aa35f32e1df7p+1,-1.3224586403715535,-0x1.528ca642b55cdp+0,0.41222350421960635,-0.6336597696105585,-0x1.446f0da689573p-1,0.6332136226406657,0x1.443493713f270p-1,-0.999295920316723,-0.2625787292770622,-0x1.0ce1703b7b1afp-2,-0.8487668904278222,-0x1.b29192e8a1565p-1,3.232428204541421,-0.4451470970667884,-0x1.c7d4a3ff3ea99p-2,-0.6951013273915064,-0x1.63e452391afcbp-1,1.561509289787002,-0.840283490023352,-0x1.ae39a33a09bf8p-1,-0.11571266929439789,-0x1.d9f58725a307cp-4,0.13770670335458116,-0.9999999985555845,-0x1.fffffff397b26p-1,0.06147137898404986,0x1.f792d34c0c6b0p-5,-0.061471379072840074,-1.3013605522390803
H593-37c29058d6ea3f6600852bd1,DIFFICULT-0023,71,3666,/hkfs/work/workspace/scratch/ap7811-benchmark/dailymed/data/box_flat_20000_images/data/raw_images/otc/careone-diarrhea-control-mint-container-image.jpg,126,404.31396484375,0x1.9450600000000p+8,False,False,False,CHALLENGER,70,-3.2670372765089493,-0x1.a22e4708b59ccp+1,-3.2670372765089493,-0x1.a22e4708b59ccp+1,0.0048613726833309735,0.030652572534279204,0.15859591157950714,0.004115215839820453,0.003311716822846998,0.0007461568435105205,0.0015496558604839753,-1.3013605522390803,4.440892098500626e-16,-1.550682980557764,-1.7163542959511853,False,27,-3.761752943936111,-0x1.e1811ed6eb2d4p+1,-1.550682980557764,-0x1.8cf98f4ff59b4p+0,0.41222350421960635,-0.0919950809963961,-0x1.78cfd5845bb81p-4,0.09193030912890511,0x1.788bea73845f9p-4,-0.999295920316723,-0.20317266191470382,-0x1.a018fd12eb59fp-3,-0.6567410427648472,-0x1.50405ca93b5eap-1,3.232428204541421,0.11329516792229578,0x1.d00e981056611p-4,0.1769114571986432,0x1.6a508dd7a5a28p-3,1.561509289787002,-0.025870488883238795,-0x1.a7dcb1ebd7bb3p-6,-0.003562539738282154,-0x1.d2f2ff554f830p-9,0.13770670335458116,0.3828111210688845,0x1.87ffa37624d18p-2,-0.023531927536524274,-0x1.818c0ecb9900fp-6,-0.061471379072840074,-1.3013605522390803
H593-37c29058d6ea3f6600852bd1,DIFFICULT-0023,72,3673,/hkfs/work/workspace/scratch/ap7811-benchmark/dailymed/data/box_flat_20000_images/data/raw_images/otc/careone-naproxen-sodium-carton-image.jpg,121,404.574462890625,0x1.9493100000000p+8,False,False,False,CHALLENGER,71,-4.230874804385057,-0x1.0ec6a71d93785p+2,-4.230874804385057,-0x1.0ec6a71d93785p+2,0.0009300576744062864,0.019272129080022952,0.048259207404871676,0.0008928584605399403,0.0008225583669956057,3.7199213866346095e-05,0.00010749930741068073,-1.3013605522390803,0.0,-1.5440968782232618,-2.6867779261617954,False,74,-3.7457759259662824,-0x1.df7595e615abap+1,-1.5440968782232618,-0x1.8b49eed9d3194p+0,0.41222350421960635,-0.7255048539566633,-0x1.73755f49aa8f6p-1,0.7249940407288735,0x1.73326b3d73682p-1,-0.999295920316723,-0.4120416673910318,-0x1.a5ee4038229a3p-2,-1.3318951071210465,-0x1.54f713e6c98d4p+0,3.232428204541421,-0.4471263446061726,-0x1.c9db7d0d0ddccp-2,-0.698191940811043,-0x1.65796a003a781p-1,1.561509289787002,-0.9095996461794812,-0x1.d1b70b79968cdp-1,-0.12525796864786978,-0x1.00873ff73f79dp-3,0.13770670335458116,-0.7309678521304572,-0x1.76416b16a7c56p-1,0.04493360192837104,0x1.701897d8c3441p-5,-0.061471379072840074,-1.3013605522390803
H593-37c29058d6ea3f6600852bd1,DIFFICULT-0023,73,3681,/hkfs/work/workspace/scratch/ap7811-benchmark/dailymed/data/box_flat_20000_images/data/raw_images/otc/careone-omeprazole-wildberry-mint-carton-image-2.jpg,97,405.824951171875,0x1.95d3300000000p+8,False,False,False,CHALLENGER,72,-3.9408614890468865,-0x1.f86e2636c2d8cp+1,-3.9408614890468865,-0x1.f86e2636c2d8cp+1,0.001238258083332171,0.023392842227173295,0.05293320372561661,0.001167275017042404,0.0010845249851750233,7.098306628976702e-05,0.00015373309815714764,-1.3013605522390803,0.0,-1.5124811180008422,-2.4283803710460443,False,57,-3.669080250201087,-0x1.d5a46bf081af7p+1,-1.5124811180008422,-0x1.8331f669a1920p+0,0.41222350421960635,-0.6504414714044848,-0x1.4d06aa1f49ec6p-1,0.6499835087793081,0x1.4ccaa3724afc7p-1,-0.999295920316723,-0.3285329937500802,-0x1.506af3ff4117bp-2,-1.0619593151201898,-0x1.0fdc90d01fafap+0,3.232428204541421,-0.4093920784852322,-0x1.a337ad5157972p-2,-0.6392695337198995,-0x1.474e56194ff14p-1,1.561509289787002,-0.8343011710467176,-0x1.ab2985e951ffcp-1,-0.11488886386971002,-0x1.d695b48feb85bp-4,0.13770670335458116,-0.6363023851665801,-0x1.45c96d1d50840p-1,0.039114385123527134,0x1.406ccf9d140dcp-5,-0.061471379072840074,-1.3013605522390803
H593-37c29058d6ea3f6600852bd1,DIFFICULT-0023,74,3724,/hkfs/work/workspace/scratch/ap7811-benchmark/dailymed/data/box_flat_20000_images/data/raw_images/otc/carton100.jpg,31,432.8730163574219,0x1.b0df7e0000000p+8,False,False,False,CHALLENGER,73,-3.456137818267469,-0x1.ba62b959f6baap+1,-3.456137818267469,-0x1.ba62b959f6baap+1,0.000887228561459549,0.0202565658424993,0.04379955459173137,0.0007351902513160567,0.0008344151692062611,0.00015203831014349233,5.281339225328787e-05,-1.3013605522390803,0.0,-0.8286321318017754,-2.6275056864656934,False,34,-2.010152558793283,-0x1.014cadd5fe727p+1,-0.8286321318017754,-0x1.a842788501bbfp-1,0.41222350421960635,-0.7364798308743244,-0x1.7913e26789a4bp-1,0.7359612903882625,0x1.78cfeb12add91p-1,-0.999295920316723,-0.3911511592636298,-0x1.9089edf351b13p-2,-1.2643680394428305,-0x1.43ad9fb383bc8p+0,3.232428204541421,-0.48506323341260404,-0x1.f0b46a8fff20ep-2,-0.7574307451079021,-0x1.83cdf66e725b2p-1,1.561509289787002,-0.6757648159680938,-0x1.59fdd890bda7ep-1,-0.09305734504998142,-0x1.7d29b2da46b00p-4,0.13770670335458116,-0.8581181320713954,-0x1.b75b4282b3d75p-1,0.05274970498583819,0x1.b020263935d8fp-5,-0.061471379072840074,-1.3013605522390803
H593-37c29058d6ea3f6600852bd1,DIFFICULT-0023,75,3730,/hkfs/work/workspace/scratch/ap7811-benchmark/dailymed/data/box_flat_20000_images/data/raw_images/otc/carton10mg60.jpg,111,405.10369873046875,0x1.951a8c0000000p+8,False,False,False,CHALLENGER,74,-5.509853403738007,-0x1.60a1702bb3c71p+2,-5.509853403738007,-0x1.60a1702bb3c71p+2,0.000116674615402352,0.007311283579204252,0.01595815757088315,0.00011839423793261489,0.0001193787538510946,-1.7196225302628824e-06,-2.7041384487425893e-06,-1.3013605522390803,-8.881784197001252e-16,-1.5307163502611083,-3.979137053476899,False,128,-3.7133165251189566,-0x1.db4df4b58a883p+1,-1.5307163502611083,-0x1.87dd06d7d2eddp+0,0.41222350421960635,-0.9608678854159995,-0x1.ebf6e01f46db8p-1,0.9601913578595648,0x1.eb9e339fd13c5p-1,-0.999295920316723,-0.7271667810060002,-0x1.744f344e51153p-1,-2.35051441232939,-0x1.2cdda800dd9e3p+1,3.232428204541421,-0.7756714164267331,-0x1.8d24cdcbfd588p-1,-1.2112181225725858,-0x1.36126410c5931p+0,1.561509289787002,-0.9999999987301726,-0x1.fffffff5179ecp-1,-0.13770670317971742,-0x1.1a05f8d4c6617p-3,0.13770670335458116,-0.9999999985598264,-0x1.fffffff3a1065p-1,0.06147137898431061,0x1.f792d34c1597ap-5,-0.061471379072840074,-1.3013605522390803
H593-37c29058d6ea3f6600852bd1,DIFFICULT-0023,76,3732,/hkfs/work/workspace/scratch/ap7811-benchmark/dailymed/data/box_flat_20000_images/data/raw_images/otc/carton12.jpg,7,449.9228210449219,0x1.c1ec3e0000000p+8,False,False,False,CHALLENGER,75,-3.1095722161406227,-0x1.8e06765e6fe66p+1,-3.1095722161406227,-0x1.8e06765e6fe66p+1,0.0008007015177508753,0.019412095154539146,0.04124755784352554,0.0007326197038796025,0.0009338840423424922,6.808181387127279e-05,-0.00013318252459161692,-1.3013605522390803,0.0,-0.3975664873478714,-2.7120057287927515,False,22,-0.9644440049591966,-0x1.edcb9ac83efb5p-1,-0.3975664873478714,-0x1.971bab54942dbp-2,0.41222350421960635,-0.7590839075604062,-0x1.84a6a55bc89e3p-1,0.7585494520031905,0x1.84609801813ddp-1,-0.999295920316723,-0.40903329982590797,-0x1.a2d9a016e8b0ep-2,-1.3221707749539124,-0x1.5279c8ae276e8p+0,3.232428204541421,-0.5076806866004078,-0x1.03eeb91384e74p-1,-0.7927481083719803,-0x1.95e3147ed8d78p-1,1.561509289787002,-0.8405336952351989,-0x1.ae5a6eb871428p-1,-0.11574712422928346,-0x1.da19a812bbaf8p-4,0.13770670335458116,-0.9999999987876423,-0x1.fffffff595ff5p-1,0.06147137899831478,0x1.f792d34e0251fp-5,-0.061471379072840074,-1.3013605522390803
H593-37c29058d6ea3f6600852bd1,DIFFICULT-0023,77,3743,/hkfs/work/workspace/scratch/ap7811-benchmark/dailymed/data/box_flat_20000_images/data/raw_images/otc/carton20mg.jpg,113,404.88555908203125,0x1.94e2b40000000p+8,False,False,False,CHALLENGER,76,-2.0122585291581565,-0x1.0191affeea698p+1,-2.0122585291581565,-0x1.0191affeea698p+1,0.015369759914994553,0.07690342110133425,0.19985794773345777,0.01347743319860613,0.015840334736578143,0.0018923267163884223,-0.00047057482158359074,-1.3013605522390803,0.0,-1.536231516555277,-0.4760270126028796,False,5,-3.726695593118996,-0x1.dd045c774bf4ep+1,-1.536231516555277,-0x1.894677fab07c5p+0,0.41222350421960635,0.44887029259588207,0x1.cba4a76b618d0p-2,-0.4485542521424387,-0x1.cb51ce4dbbeaap-2,-0.999295920316723,0.24855988502291726,0x1.fd0cf70a2ae7cp-3,0.8034519828656506,0x1.9b5e0eeca0eecp-1,3.232428204541421,0.22546589658092392,0x1.cdc110616d55ep-3,0.3520670920412681,0x1.6884469942a15p-2,1.561509289787002,0.41317769190412196,0x1.a7180d88a8ed5p-2,0.05689733785177145,0x1.d21a5da9b0b64p-5,0.13770670335458116,-0.9999999991395861,-0x1.fffffff89bee1p-1,0.06147137901994925,0x1.f792d350fb83fp-5,-0.061471379072840074,-1.3013605522390803
H593-37c29058d6ea3f6600852bd1,DIFFICULT-0023,78,3760,/hkfs/work/workspace/scratch/ap7811-benchmark/dailymed/data/box_flat_20000_images/data/raw_images/otc/carton60.jpg,8,448.2689208984375,0x1.c044d80000000p+8,False,False,False,CHALLENGER,77,-3.6400274894488867,-0x1.d1ec6bb7dcaa8p+1,-3.6400274894488867,-0x1.d1ec6bb7dcaa8p+1,0.00045087369236092805,0.013667044572647079,0.03298984575372621,0.0004190997961317561,0.00034336361274997274,3.177389622917195e-05,0.00010751007961095531,-1.3013605522390803,-4.440892098500626e-16,-0.4393816016892916,-3.200645887759595,False,42,-1.06588197225944,-0x1.10dda4144011fp+0,-0.4393816016892916,-0x1.c1ed4026e0e05p-2,0.41222350421960635,-0.8568044054555785,-0x1.b6af11290038dp-1,0.8562011468811549,0x1.b65fff294df41p-1,-0.999295920316723,-0.5440596516506939,-0x1.168efc95d3656p-1,-1.7586337629486837,-0x1.c235d281818a1p+0,3.232428204541421,-0.5858318618575233,-0x1.2bf2275f44054p-1,-0.9147818945437384,-0x1.d45e4ae013991p-1,1.561509289787002,-0.9222716794460873,-0x1.d833fe5a7ef21p-1,-0.1270029925738137,-0x1.041a251cca0eap-3,0.13770670335458116,-0.7309445199094083,-0x1.763e5c306714bp-1,0.04493216766456634,0x1.701595d50be34p-5,-0.061471379072840074,-1.3013605522390803
H593-37c29058d6ea3f6600852bd1,DIFFICULT-0023,79,3774,/hkfs/work/workspace/scratch/ap7811-benchmark/dailymed/data/box_flat_20000_images/data/raw_images/otc/cartonlabel.jpg,99,405.6039733886719,0x1.959a9e0000000p+8,False,False,False,CHALLENGER,78,-4.456057711185364,-0x1.1d300caea84dep+2,-4.456057711185364,-0x1.1d300caea84dep+2,0.00034344325993204976,0.020394485677535462,0.01684000593897559,0.0003422826544113506,0.0003481335419123868,1.1606055206991699e-06,-4.69028198033704e-06,-1.3013605522390803,0.0,-1.518068040095984,-2.9379896710893805,False,91,-3.6826333883359896,-0x1.d76087e707c67p+1,-1.518068040095984,-0x1.84a01b6950a85p+0,0.41222350421960635,-0.8890307553166433,-0x1.c72f0a0672423p-1,0.8884048068240165,0x1.c6dcfeadd631cp-1,-0.999295920316723,-0.3882736582845767,-0x1.8d979c20ec11cp-2,-1.2550667241195437,-0x1.414c0d86642bep+0,3.232428204541421,-0.7647332418254366,-0x1.878b1d8f9bce7p-1,-1.194138061319349,-0x1.31b308304683bp+0,1.561509289787002,-0.9970503677402808,-0x1.fe7d62c3d18d1p-1,-0.1373005192199869,-0x1.193103be30765p-3,0.13770670335458116,-0.9999999985639341,-0x1.fffffff3aa0ecp-1,0.06147137898456312,0x1.f792d34c1e7a0p-5,-0.061471379072840074,-1.3013605522390803
H593-37c29058d6ea3f6600852bd1,DIFFICULT-0023,80,3819,/hkfs/work/workspace/scratch/ap7811-benchmark/dailymed/data/box_flat_20000_images/data/raw_images/otc/cetirizine-fig1.jpg,104,405.28564453125,0x1.9549200000000p+8,False,False,False,CHALLENGER,79,-4.274847865033332,-0x1.11971b7fec63bp+2,-4.274847865033332,-0x1.11971b7fec63bp+2,0.0008905174415902521,0.01821699625269364,0.04888387905654734,0.0008396092545808339,0.000702183278417781,5.090818700941816e-05,0.00018833416317247105,-1.3013605522390803,0.0,-1.5261162633212884,-2.748731601712044,False,80,-3.702157319268896,-0x1.d9e04a8174169p+1,-1.5261162633212884,-0x1.86af8e30dbd10p+0,0.41222350421960635,-0.7356321076695718,-0x1.78a4c588a81f0p-1,0.7351141640481954,0x1.7860e23ad3a65p-1,-0.999295920316723,-0.4351404125370273,-0x1.bd9572c40ed40p-2,-1.4065601424204766,-0x1.681453538d94ap+0,3.232428204541421,-0.44196666501022525,-0x1.c492e8d0907ddp-2,-0.6901350531896466,-0x1.615961b68ba64p-1,1.561509289787002,-0.8783115653439141,-0x1.c1b20db1b38c1p-1,-0.1209493901817122,-0x1.ef68a0b4d357dp-4,0.13770670335458116,-0.5719632909002134,-0x1.24d85f59db9f7p-1,0.035159372270676115,0x1.20068c419d3b0p-5,-0.061471379072840074,-1.3013605522390803
H593-37c29058d6ea3f6600852bd1,DIFFICULT-0023,81,3825,/hkfs/work/workspace/scratch/ap7811-benchmark/dailymed/data/box_flat_20000_images/data/raw_images/otc/cetirizine-hci-10-mg-tablets-grn-1.jpg,54,411.4898376464844,0x1.9b7d660000000p+8,False,False,False,CHALLENGER,80,-5.06184333480208,-0x1.43f53dbf1cd53p+2,-5.06184333480208,-0x1.43f53dbf1cd53p+2,0.0001829298872374695,0.009943466346494657,0.018396993650203006,0.0001925246393542339,0.00018612428203769308,-9.594752116764407e-06,-3.1943948002235837e-06,-1.3013605522390803,0.0,-1.3692573108257375,-3.692586023976342,False,121,-3.3216381327355964,-0x1.a92b70369f797p+1,-1.3692573108257375,-0x1.5e87a5a9ce31fp+0,0.41222350421960635,-0.9393203827456308,-0x1.e0ee99e8b7a5dp-1,0.9386590263480517,0x1.e097ea788529cp-1,-0.999295920316723,-0.646312691656163,-0x1.4ae97f434e4fcp-1,-2.089159373462464,-0x1.0b6993089399ep+1,3.232428204541421,-0.7457463161071662,-0x1.7dd2760d95e44p-1,-1.1644898004257742,-0x1.2a1c00e95ab14p+0,1.561509289787002,-0.9999999987427453,-0x1.fffffff533448p-1,-0.13770670318144876,-0x1.1a05f8d4d59c1p-3,0.13770670335458116,-0.9999999985608424,-0x1.fffffff3a3425p-1,0.061471378984373076,0x1.f792d34c17ca4p-5,-0.061471379072840074,-1.3013605522390803
H593-37c29058d6ea3f6600852bd1,DIFFICULT-0023,82,3837,/hkfs/work/workspace/scratch/ap7811-benchmark/dailymed/data/box_flat_20000_images/data/raw_images/otc/cetirizine-hcl-10-mg-softgels-cat-delisted-1.jpg,103,405.423583984375,0x1.956c700000000p+8,False,False,False,CHALLENGER,81,-4.933196915915631,-0x1.3bb97f8ea57c1p+2,-4.933196915915631,-0x1.3bb97f8ea57c1p+2,0.00019468230166039814,0.014180815212889058,0.013728569108174389,0.0001839095634419288,0.0001975295611354067,1.077273821846933e-05,-2.8472594750085587e-06,-1.3013605522390803,0.0,-1.5226287770804317,-3.4105681388351994,False,115,-3.6936971363701576,-0x1.d8cb115904f37p+1,-1.5226287770804317,-0x1.85caffe182492p+0,0.41222350421960635,-0.9355476231870188,-0x1.df00191ae0a76p-1,0.9348889231127947,0x1.dea9c2cc53005p-1,-0.999295920316723,-0.5309397433281504,-0x1.0fd755837b69ap-1,-1.7162246012458964,-0x1.b75a7ed6f1179p+0,3.232428204541421,-0.8039409666784961,-0x1.9b9e267f98f7fp-1,-1.2553612879088143,-0x1.415f5b7c3b98ap+0,1.561509289787002,-0.9729519062956684,-0x1.f226c0943dd34p-1,-0.13398199953853185,-0x1.126527922a5b0p-3,0.13770670335458116,-0.9999999985601231,-0x1.fffffff3a1ad6p-1,0.061471378984328855,0x1.f792d34c163bfp-5,-0.061471379072840074,-1.3013605522390803
H593-37c29058d6ea3f6600852bd1,DIFFICULT-0023,83,3838,/hkfs/work/workspace/scratch/ap7811-benchmark/dailymed/data/box_flat_20000_images/data/raw_images/otc/cetirizine-hcl-10-mg-softgels-cat-dt-delisted-1.jpg,116,404.7736511230469,0x1.94c60e0000000p+8,False,False,False,CHALLENGER,82,-4.53748463749849,-0x1.226625f70a23bp+2,-4.53748463749849,-0x1.226625f70a23bp+2,0.0006355200803913717,0.015074294349115079,0.04215919270733089,0.0006622023058030015,0.0006357695509355495,-2.6682225411629778e-05,-2.4947054417774964e-07,-1.3013605522390803,0.0,-1.5390608555033345,-2.998423781995155,False,95,-3.733559197253879,-0x1.dde5448cf1559p+1,-1.5390608555033345,-0x1.89ffe468f0cb6p+0,0.41222350421960635,-0.8039110994809593,-0x1.9b9a3c525301cp-1,0.8033450820086538,0x1.9b500bed425bcp-1,-0.999295920316723,-0.5086466976716925,-0x1.046d57076fc77p-1,-1.6441639317008319,-0x1.a4e7ed6beaf84p+0,3.232428204541421,-0.49952252027216615,-0x1.ff82d4e0bce0ap-2,-0.7800090558628034,-0x1.8f5d58d30776cp-1,1.561509289787002,-0.9999999987691872,-0x1.fffffff56d6a0p-1,-0.13770670318508998,-0x1.1a05f8d4f5a36p-3,0.13770670335458116,-0.999999998554717,-0x1.fffffff395ca0p-1,0.06147137898399654,0x1.f792d34c0a8abp-5,-0.061471379072840074,-1.3013605522390803
H593-37c29058d6ea3f6600852bd1,DIFFICULT-0023,84,3839,/hkfs/work/workspace/scratch/ap7811-benchmark/dailymed/data/box_flat_20000_images/data/raw_images/otc/cetirizine-hcl-10-mg-softgels-cat-wb-delisted-1.jpg,89,406.5838623046875,0x1.9695780000000p+8,False,False,False,CHALLENGER,83,-4.698992276756729,-0x1.2cbc4a1a34e93p+2,-4.698992276756729,-0x1.2cbc4a1a34e93p+2,0.00039808921580016,0.014381912803890569,0.02767985185478733,0.00040865534488616207,0.0005845311702987673,-1.056612908600208e-05,-0.0001864419544986073,-1.3013605522390803,0.0,-1.493293771134112,-3.205698505622617,False,104,-3.6225342704829866,-0x1.cfaf33f62e8bfp+1,-1.493293771134112,-0x1.7e488026576dep+0,0.41222350421960635,-0.8724998192055905,-0x1.beb84bda82025p-1,0.871885509809225,0x1.be67c70cf94c1p-1,-0.999295920316723,-0.5258649261440337,-0x1.0d3e2ae7cddd7p-1,-1.699820619047066,-0x1.b32771afdfa5cp+0,3.232428204541421,-0.6405133331632621,-0x1.47f15d152d23bp-1,-1.0001675199668707,-0x1.000afa84c7758p+0,1.561509289787002,-0.9999999987442789,-0x1.fffffff536a3ep-1,-0.13770670318165995,-0x1.1a05f8d4d777ap-3,0.13770670335458116,-0.9999999988611756,-0x1.fffffff637b2ep-1,0.06147137900283497,0x1.f792d34ea15c3p-5,-0.061471379072840074,-1.3013605522390803
H593-37c29058d6ea3f6600852bd1,DIFFICULT-0023,85,3842,/hkfs/work/workspace/scratch/ap7811-benchmark/dailymed/data/box_flat_20000_images/data/raw_images/otc/cetirizine-hcl-10-mg-tablet-aml-dg-delisted-1.jpg,124,404.4837646484375,0x1.947bd80000000p+8,False,False,False,CHALLENGER,84,-5.016225397720423,-0x1.4109d64024b95p+2,-5.016225397720423,-0x1.4109d64024b95p+2,0.000304257054896997,0.010976484262041562,0.027718989763340394,0.0003100744783898624,0.0003117106157248297,-5.817423492865425e-06,-7.453560827832726e-06,-1.3013605522390803,0.0,-1.5463899775834,-3.469835420137023,False,119,-3.7513386833943905,-0x1.e02bddb0b3058p+1,-1.5463899775834,-0x1.8be036ac95376p+0,0.41222350421960635,-0.9010658079314291,-0x1.cd587f6137f6ep-1,0.9004313858027689,0x1.cd0557b4a1343p-1,-0.999295920316723,-0.6166120832252217,-0x1.3bb494378aa0bp-1,-1.9931542890782485,-0x1.fe3f5c0779242p+0,3.232428204541421,-0.6400965059664115,-0x1.47babaaed1b7fp-1,-0.9995166404267528,-0x1.ffc0a524e1a2cp-1,1.561509289787002,-0.999999998736746,-0x1.fffffff526134p-1,-0.1377067031806226,-0x1.1a05f8d4ce57cp-3,0.13770670335458116,-0.9999999985696102,-0x1.fffffff3b68a2p-1,0.06147137898491204,0x1.f792d34c2ac0dp-5,-0.061471379072840074,-1.3013605522390803
H593-37c29058d6ea3f6600852bd1,DIFFICULT-0023,86,3844,/hkfs/work/workspace/scratch/ap7811-benchmark/dailymed/data/box_flat_20000_images/data/raw_images/otc/cetirizine-hcl-10-mg-tablet-mia-delisted-1.jpg,70,408.46624755859375,0x1.98775c0000000p+8,False,False,False,CHALLENGER,85,-5.239738970095503,-0x1.4f57e21f08c31p+2,-5.239738970095503,-0x1.4f57e21f08c31p+2,0.00015045053511061486,0.009227548781725948,0.016304496315268913,0.00015532461333052122,0.00013124932376623458,-4.874078219906363e-06,1.9201211344380278e-05,-1.3013605522390803,0.0,-1.445701929030459,-3.7940370410650437,False,124,-3.507082721465298,-0x1.c0e8162c87b27p+1,-1.445701929030459,-0x1.72198588f32eep+0,0.41222350421960635,-0.9498238067031415,-0x1.e64f4e558122cp-1,0.949155055058149,0x1.e5f7a6c09d9bdp-1,-0.999295920316723,-0.6675447543741321,-0x1.55c86d114e76dp-1,-2.15779049183262,-0x1.14327a95053adp+1,3.232428204541421,-0.7713594076530111,-0x1.8aef9ecaa9c97p-1,-1.204484880814776,-0x1.34591f03a03c5p+0,1.561509289787002,-0.9999999987352388,-0x1.fffffff522c2cp-1,-0.13770670318041506,-0x1.1a05f8d4cc846p-3,0.13770670335458116,-0.9459773445914221,-0x1.e457247b8ddd8p-1,0.05815053194369797,0x1.dc5e811e2e94ap-5,-0.061471379072840074,-1.3013605522390803
H593-37c29058d6ea3f6600852bd1,DIFFICULT-0023,87,3964,/hkfs/work/workspace/scratch/ap7811-benchmark/dailymed/data/box_flat_20000_images/data/raw_images/otc/cho02-0003-01.jpg,77,408.10137939453125,0x1.9819f40000000p+8,False,False,False,CHALLENGER,86,-4.47385193919643,-0x1.1e5397157fab9p+2,-4.47385193919643,-0x1.1e5397157fab9p+2,0.00042609748335359766,0.017735037013927327,0.024025745366022255,0.0004354841413804898,0.00042073589448810987,-9.386658026892152e-06,5.3615888654877895e-06,-1.3013605522390803,0.0,-1.4549267930781757,-3.018925146118254,False,92,-3.529461028265588,-0x1.c3c5610474203p+1,-1.4549267930781757,-0x1.74761512584cfp+0,0.41222350421960635,-0.8641386914628587,-0x1.ba7062f61519dp-1,0.8635302689666662,0x1.ba20a3b0a2c5cp-1,-0.999295920316723,-0.4459446900406664,-0x1.c8a5b98e32b52p-2,-1.441484193752932,-0x1.71051baddea94p+0,3.232428204541421,-0.6803863762041934,-0x1.5c5b9a64e1c5fp-1,-1.062429647087362,-0x1.0ffb63ac8a81bp+0,1.561509289787002,-0.9999999987424163,-0x1.fffffff5328b5p-1,-0.13770670318140346,-0x1.1a05f8d4d5361p-3,0.13770670335458116,-0.9846156388347507,-0x1.f81f8a7fd9ce4p-1,0.060525681175857556,0x1.efd38da6fd631p-5,-0.061471379072840074,-1.3013605522390803
H593-37c29058d6ea3f6600852bd1,DIFFICULT-0023,88,3965,/hkfs/work/workspace/scratch/ap7811-benchmark/dailymed/data/box_flat_20000_images/data/raw_images/otc/cho05-0002-01.jpg,67,409.05340576171875,0x1.990dac0000000p+8,False,False,False,CHALLENGER,87,-3.21835890778551,-0x1.9bf32f47dd516p+1,-3.21835890778551,-0x1.9bf32f47dd516p+1,0.0028652229740650285,0.034337308977538054,0.08344343396098193,0.0027065341104870497,0.0029197275579677293,0.0001586888635779788,-5.4504583902700854e-05,-1.3013605522390803,0.0,-1.4308569654742467,-1.7875019423112635,False,25,-3.4710707924892548,-0x1.bc4c0c37ebcbap+1,-1.4308569654742467,-0x1.6e4ca45ff7378p+0,0.41222350421960635,-0.3422097651832591,-0x1.5e6c3c9755f3ap-2,0.34196882224017455,0x1.5e2d132f17be6p-2,-0.999295920316723,-0.14818254158780234,-0x1.2f7a540fa983dp-3,-0.4789894268490444,-0x1.ea7c344dc924fp-2,3.232428204541421,-0.20439183394497495,-0x1.a2982f92e7b0cp-3,-0.3191597474616807,-0x1.46d1d01630adbp-2,1.561509289787002,-0.6639648961507703,-0x1.53f334f551b66p-1,-0.0914324169920894,-0x1.7681d68c6775ap-4,0.13770670335458116,-0.9999999986598069,-0x1.fffffff47ce26p-1,0.06147137899045656,0x1.f792d34cedd56p-5,-0.061471379072840074,-1.3013605522390803
H593-37c29058d6ea3f6600852bd1,DIFFICULT-0023,89,3966,/hkfs/work/workspace/scratch/ap7811-benchmark/dailymed/data/box_flat_20000_images/data/raw_images/otc/cho07-0002-01.jpg,26,438.85198974609375,0x1.b6da1c0000000p+8,False,False,False,CHALLENGER,88,-3.4178410767439953,-0x1.b57bd0ffc53bcp+1,-3.4178410767439953,-0x1.b57bd0ffc53bcp+1,0.0008115687371803799,0.01899044549998119,0.042735634463192756,0.000744708378929155,0.0007048187143523503,6.686035825122488e-05,0.00010675002282802958,-1.3013605522390803,-8.881784197001252e-16,-0.6774673493189507,-2.7403737274250446,False,33,-1.6434466797362417,-0x1.a4b8ebee2fdb9p+0,-0.6774673493189507,-0x1.5add001add8b0p-1,0.41222350421960635,-0.7562127255850567,-0x1.832e507a69e71p-1,0.7556802915687367,0x1.82e886f509f7dp-1,-0.999295920316723,-0.41813515613696217,-0x1.ac2b9f53aa17cp-2,-1.3515918720074473,-0x1.5a01ecc7cfb83p+0,3.232428204541421,-0.4944093850650732,-0x1.fa46742ec284fp-2,-0.7720248477369909,-0x1.8b46d74175a28p-1,1.561509289787002,-0.843170336096315,-0x1.afb405b4fb648p-1,-0.11611020735019774,-0x1.db966074d0659p-4,0.13770670335458116,-0.732592322137,-0x1.77165741c21afp-1,0.045033460339935695,0x1.70ea02ec57f4dp-5,-0.061471379072840074,-1.3013605522390803
H593-37c29058d6ea3f6600852bd1,DIFFICULT-0023,90,3972,/hkfs/work/workspace/scratch/ap7811-benchmark/dailymed/data/box_flat_20000_images/data/raw_images/otc/circle-01.jpg,79,408.0685729980469,0x1.98118e0000000p+8,False,False,False,CHALLENGER,89,-4.2683357596768365,-0x1.112c69c00a327p+2,-4.2683357596768365,-0x1.112c69c00a327p+2,0.0007883857547485985,0.017171469605303812,0.04591253823173568,0.0007425503411645336,0.0008327556196570696,4.583541358406493e-05,-4.4369864908471064e-05,-1.3013605522390803,8.881784197001252e-16,-1.455756228412008,-2.8125795312648285,False,78,-3.531473129286859,-0x1.c4074fbe7eb31p+1,-1.455756228412008,-0x1.74ac70affa566p+0,0.41222350421960635,-0.7623491726474976,-0x1.8652a1794eac8p-1,0.7618124180834734,0x1.860c46fab5dc7p-1,-0.999295920316723,-0.45878657139261814,-0x1.d5cc259fe6abap-2,-1.4829946532343552,-0x1.7ba5899fc8cf8p+0,3.232428204541421,-0.46684382698589216,-0x1.de0c4ee4f9be1p-2,-0.7289809727181865,-0x1.753cfe7a7635dp-1,1.561509289787002,-0.8897689593984927,-0x1.c78fcc0b3996bp-1,-0.12252715014600259,-0x1.f5df076bfc921p-4,0.13770670335458116,-0.9999999986413531,-0x1.fffffff4544ddp-1,0.06147137898932218,0x1.f792d34cc5ebdp-5,-0.061471379072840074,-1.3013605522390803
H593-37c29058d6ea3f6600852bd1,DIFFICULT-0023,91,4126,/hkfs/work/workspace/scratch/ap7811-benchmark/dailymed/data/box_flat_20000_images/data/raw_images/otc/containercarton.jpg,100,405.5653076171875,0x1.9590b80000000p+8,False,False,False,CHALLENGER,90,-2.332314662153662,-0x1.2a89496ef733cp+1,-2.332314662153662,-0x1.2a89496ef733cp+1,0.01375545532336025,0.058200583552458406,0.23634565984998987,0.0112610847447916,0.012245243938722568,0.0024943705785686505,0.001510211384637682,-1.3013605522390803,4.440892098500626e-16,-1.5190456164382773,-0.8132690457153846,False,10,-3.6850048599582688,-0x1.d7ae3d3f8f97fp+1,-1.5190456164382773,-0x1.84e02c6bbc0c3p+0,0.41222350421960635,0.40348226946934196,0x1.9d2a74bf8bf6ap-2,-0.4031981858008461,-0x1.9cdffc3748dfap-2,-0.999295920316723,0.11405137510255292,0x1.d32788e211960p-4,0.3686628816482253,0x1.7982c32fb6863p-2,3.232428204541421,0.3033923131603865,0x1.36ac797b86cf6p-2,0.47374991544991085,0x1.e51eb2a55c4bap-2,1.561509289787002,0.5208836606937967,0x1.0ab1435f66b75p-1,0.07172917174540897,0x1.25cd7ced0d1a2p-4,0.13770670335458116,0.3717547395825466,0x1.7cad46428f653p-2,-0.022852276519003668,-0x1.766965127301dp-6,-0.061471379072840074,-1.3013605522390803
H593-37c29058d6ea3f6600852bd1,DIFFICULT-0023,92,4130,/hkfs/work/workspace/scratch/ap7811-benchmark/dailymed/data/box_flat_20000_images/data/raw_images/otc/containerlabel.jpg,61,409.9790954589844,0x1.99faa60000000p+8,False,False,False,CHALLENGER,91,-4.19341865526271,-0x1.0c60f8a3b2897p+2,-4.19341865526271,-0x1.0c60f8a3b2897p+2,0.00045635343758034083,0.02229916448098874,0.02046504648052653,0.0005016256279082265,0.0004181544178446309,-4.527219032788568e-05,3.819901973570991e-05,-1.3013605522390803,0.0,-1.4074530008406403,-2.78596565442207,False,71,-3.4142958526955787,-0x1.b507a5811914bp+1,-1.4074530008406403,-0x1.684ed70144822p+0,0.41222350421960635,-0.855190070901386,-0x1.b5db7914c54fcp-1,0.8545879489471241,0x1.b58c8d3891361p-1,-0.999295920316723,-0.34971876860404366,-0x1.661cad47ce99fp-2,-1.1304408112932056,-0x1.216491aa916a2p+0,3.232428204541421,-0.7211499617877689,-0x1.713a915ac7bd7p-1,-1.1260823646611426,-0x1.2046ef10d26b9p+0,1.561509289787002,-0.9999999987967192,-0x1.fffffff5a9f52p-1,-0.1377067031888813,-0x1.1a05f8d516fcbp-3,0.13770670335458116,-0.8953244394907819,-0x1.ca67f705d849fp-1,0.05503682801311592,0x1.c2dc980c8a85ep-5,-0.061471379072840074,-1.3013605522390803
H593-37c29058d6ea3f6600852bd1,DIFFICULT-0023,93,4136,/hkfs/work/workspace/scratch/ap7811-benchmark/dailymed/data/box_flat_20000_images/data/raw_images/otc/convenience-valet-44-175-1.jpg,51,412.45416259765625,0x1.9c74440000000p+8,False,False,False,CHALLENGER,92,-4.504679365169328,-0x1.204caaae17925p+2,-4.504679365169328,-0x1.204caaae17925p+2,0.0004452844844289895,0.014519708538376148,0.03066759110570887,0.0004659376165820268,0.00047892034434614484,-2.06531321530373e-05,-3.3635859917155344e-05,-1.3013605522390803,8.881784197001252e-16,-1.3448765414175903,-3.159802823751738,False,94,-3.2624935930415213,-0x1.a19963dac2ed5p+1,-1.3448765414175903,-0x1.5849d43a8bcfdp+0,0.41222350421960635,-0.8584538845696118,-0x1.b787447eb3875p-1,0.8578494646304561,0x1.b7380b86f534bp-1,-0.999295920316723,-0.5224069501964221,-0x1.0b78ec7c97ed8p-1,-1.6886429600633805,-0x1.b04ae7b017c54p+0,3.232428204541421,-0.609290932885692,-0x1.37f4fb2cfc9c1p-1,-0.9514134518839968,-0x1.e71fa9f9a1e9bp-1,1.561509289787002,-0.9999999987599855,-0x1.fffffff5592dep-1,-0.13770670318382283,-0x1.1a05f8d4ea7e0p-3,0.13770670335458116,-0.9999999986212458,-0x1.fffffff428166p-1,0.06147137898808615,0x1.f792d34c9a6eap-5,-0.061471379072840074,-1.3013605522390803
H593-37c29058d6ea3f6600852bd1,DIFFICULT-0023,94,4260,/hkfs/work/workspace/scratch/ap7811-benchmark/dailymed/data/box_flat_20000_images/data/raw_images/otc/cvs mom chry 12.jpg,19,441.0010070800781,0x1.b900420000000p+8,False,False,False,CHALLENGER,93,-2.6215302638659037,-0x1.4f8e4dbe639f9p+1,-2.6215302638659037,-0x1.4f8e4dbe639f9p+1,0.002388505347809498,0.028229280276931824,0.08461091903080922,0.0020271887788257115,0.0021111332574823677,0.0003613165689837867,0.00027737209032713045,-1.3013605522390803,0.0,-0.6231343197625624,-1.9983959441033412,False,12,-1.511641896650794,-0x1.82faf69d60ea2p+0,-0.6231343197625624,-0x1.3f0b7628ca737p-1,0.41222350421960635,-0.4199097535398767,-0x1.adfcd28ae6986p-2,0.4196141036135994,0x1.adaf51cfd7d2cp-2,-0.999295920316723,-0.2423017933804942,-0x1.f03bec32a6a65p-3,-0.7832231509340774,-0x1.91029ff576c01p-1,3.232428204541421,-0.19772552085503914,-0x1.94f11e2d4173cp-3,-0.3087502376431172,-0x1.3c2905b53cd7bp-2,1.561509289787002,-0.37003782603994534,-0x1.7aeb32247f7d9p-2,-0.05095668914045686,-0x1.a16fec2bdcc77p-5,0.13770670335458116,-0.42752550270021045,-0x1.b5c93ed136a4fp-2,0.02628058223979115,0x1.ae94c04f57ec6p-6,-0.061471379072840074,-1.3013605522390803
H593-37c29058d6ea3f6600852bd1,DIFFICULT-0023,95,4261,/hkfs/work/workspace/scratch/ap7811-benchmark/dailymed/data/box_flat_20000_images/data/raw_images/otc/cvs mom cry 26.jpg,13,445.54742431640625,0x1.bd8c240000000p+8,False,False,False,CHALLENGER,94,-3.765744288406868,-0x1.e203e8a9e7348p+1,-3.765744288406868,-0x1.e203e8a9e7348p+1,0.0004091181521289894,0.013026187732382916,0.03140735881703344,0.00039858252147280875,0.0004396474739147427,1.0535630656180646e-05,-3.052932178575332e-05,-1.3013605522390803,0.0,-0.5081884707129868,-3.257555817693881,False,48,-1.23279838609653,-0x1.3b98acced89f1p+0,-0.5081884707129868,-0x1.0431477bd543bp-1,0.41222350421960635,-0.8691984853809658,-0x1.bd079578e351ap-1,0.8685865003866738,0x1.bcb75ea9d0d27p-1,-0.999295920316723,-0.5607434901257483,-0x1.1f19c54f11e9fp-1,-1.8125630729954627,-0x1.d004223073e8fp+0,3.232428204541421,-0.6017429306911328,-0x1.3417a63fd5d10p-1,-0.93962717633786,-0x1.e116d0319b9d3p-1,1.561509289787002,-0.9735393574172988,-0x1.f273c02af3ca6p-1,-0.13406289549587352,-0x1.128f913e1840ep-3,0.13770670335458116,-0.999999998615315,-0x1.fffffff41b0bap-1,0.06147137898772158,0x1.f792d34c8d9aep-5,-0.061471379072840074,-1.3013605522390803
H593-37c29058d6ea3f6600852bd1,DIFFICULT-0023,96,4262,/hkfs/work/workspace/scratch/ap7811-benchmark/dailymed/data/box_flat_20000_images/data/raw_images/otc/cvs mom org.jpg,24,439.32177734375,0x1.b752600000000p+8,False,False,False,CHALLENGER,95,-2.267530838802357,-0x1.223e7355a9edep+1,-2.267530838802357,-0x1.223e7355a9edep+1,0.0054110374629716415,0.032894812026019155,0.16449516290567692,0.0042876331392015425,0.003949720885669565,0.001123404323770099,0.0014613165773020766,-1.3013605522390803,4.440892098500626e-16,-0.665589835338476,-1.6019410034638812,False,9,-1.6146333931116463,-0x1.9d589d3271ac2p+0,-0.665589835338476,-0x1.54c830dea855dp-1,0.41222350421960635,-0.03867662584413022,-0x1.3cd6c363d869fp-5,0.038649394417655664,0x1.3c9da7a116d2cp-5,-0.999295920316723,-0.16910038915729464,-0x1.5a514e095f230p-3,-0.5466048673109696,-0x1.17dc97d9debccp-1,3.232428204541421,0.1312823806013651,0x1.0cddc6d9ca85cp-3,0.2049986568943845,0x1.a3d655f8aeb52p-3,1.561509289787002,0.17683661544098347,0x1.6a2950c06f507p-3,0.024351587344759656,0x1.8ef9f5d0176ebp-6,0.13770670335458116,0.35748705986556684,0x1.6e11167b76954p-2,-0.021975222570631333,-0x1.680ac390d7fbfp-6,-0.061471379072840074,-1.3013605522390803
H593-37c29058d6ea3f6600852bd1,DIFFICULT-0023,97,4272,/hkfs/work/workspace/scratch/ap7811-benchmark/dailymed/data/box_flat_20000_images/data/raw_images/otc/cvs-44-043-1.jpg,72,408.44049072265625,0x1.9870c40000000p+8,False,False,False,CHALLENGER,96,-4.156932146864751,-0x1.0a0b2d219e694p+2,-4.156932146864751,-0x1.0a0b2d219e694p+2,0.0009531459865964358,0.01784562210100194,0.05341063377907804,0.0008945870057070875,0.0009276219530319352,5.8558980889348265e-05,2.5524033564500647e-05,-1.3013605522390803,8.881784197001252e-16,-1.4463531322134862,-2.7105790146512647,False,68,-3.5086624547322307,-0x1.c11bd9efe395ep+1,-1.4463531322134862,-0x1.724432e952f76p+0,0.41222350421960635,-0.7196458203760575,-0x1.70756abe6fbf7p-1,0.7191391323747756,0x1.7033011da59eap-1,-0.999295920316723,-0.44345130282941636,-0x1.c618192c15702p-2,-1.4334244986064444,-0x1.6ef4e86eccc4bp+0,3.232428204541421,-0.40564815063158083,-0x1.9f623a9295039p-2,-0.6334233555961306,-0x1.445010e99dacep-1,1.561509289787002,-0.8612918360528206,-0x1.b8fb3e58513bap-1,-0.11860565936904831,-0x1.e5cf0c41c4edfp-4,0.13770670335458116,-0.928821178991403,-0x1.db8e731733527p-1,0.057095918784662775,0x1.d3bad1fd494ecp-5,-0.061471379072840074,-1.3013605522390803
H593-37c29058d6ea3f6600852bd1,DIFFICULT-0023,98,4277,/hkfs/work/workspace/scratch/ap7811-benchmark/dailymed/data/box_flat_20000_images/data/raw_images/otc/cvs-44-075-1.jpg,109,405.1520690917969,0x1.9526ee0000000p+8,False,False,False,CHALLENGER,97,-4.889748403594915,-0x1.38f1a349c6ef8p+2,-4.889748403594915,-0x1.38f1a349c6ef8p+2,0.00025336544345529513,0.01401410268230922,0.018079319753745802,0.0002491964192508194,0.00027590775606422255,4.169024204475711e-06,-2.254231260892742e-05,-1.3013605522390803,-8.881784197001252e-16,-1.5294934153735513,-3.3602549882213637,False,114,-3.7103498459387576,-0x1.daecbe668346fp+1,-1.5294934153735513,-0x1.878ce1667a0c1p+0,0.41222350421960635,-0.9169266947482229,-0x1.d5776a6d8bc5ap-1,0.9162811052913963,0x1.d522cc0a56abdp-1,-0.999295920316723,-0.5351724957621701,-0x1.1202211e08d0fp-1,-1.7299066695964627,-0x1.badb29db0c90dp+0,3.232428204541421,-0.7495869903303785,-0x1.7fc9ddb1f3bc0p-1,-1.1704870489043655,-0x1.2ba50a0b6f90cp+0,1.561509289787002,-0.9894449466906629,-0x1.fa98872e752d3p-1,-0.13625320175962047,-0x1.170beb2c434bep-3,0.13770670335458116,-0.9999999985998298,-0x1.fffffff3f8fe4p-1,0.06147137898676968,0x1.f792d34c6c1cfp-5,-0.061471379072840074,-1.3013605522390803
H593-37c29058d6ea3f6600852bd1,DIFFICULT-0023,99,4284,/hkfs/work/workspace/scratch/ap7811-benchmark/dailymed/data/box_flat_20000_images/data/raw_images/otc/cvs-44-327-1.jpg,16,442.2236633300781,0x1.ba39420000000p+8,False,False,False,CHALLENGER,98,-3.999629599228923,-0x1.fff3dcda66a1cp+1,-3.999629599228923,-0x1.fff3dcda66a1cp+1,0.0003457914924561573,0.011284424102998866,0.030643255632714327,0.00033804789867789215,0.0003274090457448607,7.74359377826516e-06,1.838244671129659e-05,-1.3013605522390803,-8.881784197001252e-16,-0.5922222293303332,-3.40740736989859,False,62,-1.4366532312403881,-0x1.6fc88193dec4fp+0,-0.5922222293303332,-0x1.2f37c085e040ap-1,0.41222350421960635,-0.8883143924954151,-0x1.c6d124e0aaf70p-1,0.8876889483792966,0x1.c67f2a749e927p-1,-0.999295920316723,-0.607964643518754,-0x1.3747244a131f2p-1,-1.9652020610739913,-0x1.f7177b765836ep+0,3.232428204541421,-0.6095404414833052,-0x1.3815af4b8538ap-1,-0.9518030618770515,-0x1.e752bb1dfd3c5p-1,1.561509289787002,-0.9804832365698329,-0x1.f601e616aff4bp-1,-0.1350191142024616,-0x1.1484e6beacfa4p-3,0.13770670335458116,-0.9482213022361294,-0x1.e57d4334f30cep-1,0.05828847111469917,0x1.dd7fc8a57cb63p-5,-0.061471379072840074,-1.3013605522390803
H593-37c29058d6ea3f6600852bd1,DIFFICULT-0023,100,4286,/hkfs/work/workspace/scratch/ap7811-benchmark/dailymed/data/box_flat_20000_images/data/raw_images/otc/cvs-44-347-1.jpg,36,423.239990234375,0x1.a73d700000000p+8,False,False,False,CHALLENGER,99,-4.6410197685263945,-0x1.290677c77a434p+2,-4.6410197685263945,-0x1.290677c77a434p+2,0.0002451762406700361,0.01058466890299931,0.023163335850832526,0.0002429802063257239,0.00022107047068493997,2.1960343443121883e-06,2.4105769985096123e-05,-1.3013605522390803,0.0,-1.0721813506861924,-3.568838417840202,False,101,-2.6009709289041476,-0x1.4cec9d8abeba2p+1,-1.0721813506861924,-0x1.127a7a1c940bbp+0,0.41222350421960635,-0.9195036963635017,-0x1.d6c93040dd5d8p-1,0.918856292492194,0x1.d67454fbf4a01p-1,-0.999295920316723,-0.6277502674795834,-0x1.41687ba9c297ap-1,-2.0291576700094267,-0x1.03bb70438f1c3p+1,3.232428204541421,-0.69008119119416,-0x1.6152526786fbep-1,-1.0775681907569612,-0x1.13db824a82d36p+0,1.561509289787002,-0.9944262018798997,-0x1.fd256e5eb825cp-1,-0.13693915399029818,-0x1.18738e1f7120fp-3,0.13770670335458116,-0.9326430857429789,-0x1.dd8365003696bp-1,0.05733085666336995,0x1.d5a7854d77807p-5,-0.061471379072840074,-1.3013605522390803
H593-37c29058d6ea3f6600852bd1,DIFFICULT-0023,101,4289,/hkfs/work/workspace/scratch/ap7811-benchmark/dailymed/data/box_flat_20000_images/data/raw_images/otc/cvs-44-390-1.jpg,128,403.9639892578125,0x1.93f6c80000000p+8,False,False,False,CHALLENGER,100,-3.5999998490166325,-0x1.cccccb8890d0ep+1,-3.5999998490166325,-0x1.cccccb8890d0ep+1,0.002124864060978172,0.02888304185156465,0.07356787667650261,0.0020253499047074765,0.003040079391674236,9.951415627069537e-05,-0.0009152153306960639,-1.3013605522390803,-4.440892098500626e-16,-1.5595313195423088,-2.0404685294743237,False,38,-3.783217850458838,-0x1.e4407b86ae9bcp+1,-1.5595313195423088,-0x1.8f3d71ce859e0p+0,0.41222350421960635,-0.46687156742524094,-0x1.de139486183cap-2,0.4665428526399171,0x1.ddbd68d9157ecp-2,-0.999295920316723,-0.2314969324030912,-0x1.da1b104e5d633p-3,-0.7482972135645708,-0x1.7f20cff7e540bp-1,3.232428204541421,-0.26389638058361614,-0x1.0e3ada508ebf1p-2,-0.4120766498224828,-0x1.a5f76bd9bb320p-2,1.561509289787002,-0.7751862685131939,-0x1.8ce536ef25173p-1,-0.1067483455226911,-0x1.b53dc0cec0c89p-4,0.13770670335458116,-0.9999999993776728,-0x1.fffffffaa77cfp-1,0.061471379034584765,0x1.f792d352fe74fp-5,-0.061471379072840074,-1.3013605522390803
H593-37c29058d6ea3f6600852bd1,DIFFICULT-0023,102,4293,/hkfs/work/workspace/scratch/ap7811-benchmark/dailymed/data/box_flat_20000_images/data/raw_images/otc/cvs-44-417backandmuscle-1.jpg,68,408.6995849609375,0x1.98b3180000000p+8,False,False,False,CHALLENGER,101,-4.402791366573744,-0x1.19c75570a2e78p+2,-4.402791366573744,-0x1.19c75570a2e78p+2,0.0006095675238115061,0.01600100598113057,0.038095575023867116,0.0005690499263579291,0.0006204845799143518,4.051759745357696e-05,-1.0917056102845721e-05,-1.3013605522390803,0.0,-1.439802521995594,-2.9629888445781503,False,87,-3.4927715359688936,-0x1.bf13233fb16b4p+1,-1.439802521995594,-0x1.7096e5e8ab5dap+0,0.41222350421960635,-0.811162657731078,-0x1.9f50b63d62020p-1,0.8105915345839365,0x1.9f05da86e7a8ep-1,-0.999295920316723,-0.48620018806865173,-0x1.f1de764c41714p-2,-1.5716072009664532,-0x1.9254d97a4f1bbp+0,3.232428204541421,-0.5365847565428165,-0x1.12bb3cb9c45c9p-1,-0.8378820820997047,-0x1.acfee1590b94bp-1,1.561509289787002,-0.9019308415392558,-0x1.cdc9e1175468dp-1,-0.12420192284219404,-0x1.fcbb27cb52143p-4,0.13770670335458116,-0.9999999985766616,-0x1.fffffff3c60bbp-1,0.0614713789853455,0x1.f792d34c3a011p-5,-0.061471379072840074,-1.3013605522390803
H593-37c29058d6ea3f6600852bd1,DIFFICULT-0023,103,4294,/hkfs/work/workspace/scratch/ap7811-benchmark/dailymed/data/box_flat_20000_images/data/raw_images/otc/cvs-44-449-childrens-1.jpg,108,405.1563720703125,0x1.9528080000000p+8,False,False,False,CHALLENGER,102,-4.996588530930322,-0x1.3fc81b42fa85dp+2,-4.996588530930322,-0x1.3fc81b42fa85dp+2,0.0002517610186244024,0.01213801799506595,0.020741526229961275,0.00024048355007752955,0.0002909400321288157,1.1277468546872844e-05,-3.9179013504413325e-05,-1.3013605522390803,0.0,-1.5293846243204625,-3.4672039066098597,False,118,-3.710085933153642,-0x1.dae4188a1f4cfp+1,-1.5293846243204625,-0x1.8785c030762d9p+0,0.41222350421960635,-0.9174310345455851,-0x1.d5b985436adf3p-1,0.9167850899933537,0x1.d564daf5f6b7dp-1,-0.999295920316723,-0.5844709435014975,-0x1.2b3fc6879a365p-1,-1.8892603625091762,-0x1.e3a6912e9b23ep+0,3.232428204541421,-0.7179140792862632,-0x1.6f926f27beb1fp-1,-1.1210295040743823,-0x1.1efbca21d9bf0p+0,1.561509289787002,-0.9717025642880704,-0x1.f182ff9e1cfabp-1,-0.13380995676930313,-0x1.120af461a06bep-3,0.13770670335458116,-0.9999999986317032,-0x1.fffffff43f156p-1,0.06147137898872898,0x1.f792d34cb10ccp-5,-0.061471379072840074,-1.3013605522390803
H593-37c29058d6ea3f6600852bd1,DIFFICULT-0023,104,4306,/hkfs/work/workspace/scratch/ap7811-benchmark/dailymed/data/box_flat_20000_images/data/raw_images/otc/cvs-44-531c-1.jpg,74,408.318603515625,0x1.9851900000000p+8,False,False,False,CHALLENGER,103,-4.767517653266081,-0x1.311f025cf859ep+2,-4.767517653266081,-0x1.311f025cf859ep+2,0.0003786702620915286,0.012435350315124275,0.030451113357938746,0.0004217925369550524,0.0003977064159789275,-4.31222748635238e-05,-1.9036153887398916e-05,-1.3013605522390803,0.0,-1.4494347738165794,-3.3180828794495016,False,109,-3.5161381119219564,-0x1.c210d04b76455p+1,-1.4494347738165794,-0x1.730e28473a34ap+0,0.41222350421960635,-0.8783410001051358,-0x1.c1b5e95c5ffedp-1,0.8777225780519726,0x1.c164da8f6357ep-1,-0.999295920316723,-0.5764477856713183,-0x1.27242a069eaf1p-1,-1.8633260808494172,-0x1.dd02f0230837ap+0,3.232428204541421,-0.6115131728362124,-0x1.3918412ccf388p-1,-0.9548835002108702,-0x1.e8e67d79ca98cp-1,1.561509289787002,-0.9999999987935984,-0x1.fffffff5a3184p-1,-0.13770670318845157,-0x1.1a05f8d513350p-3,0.13770670335458116,-0.9999999985929221,-0x1.fffffff3e9cd9p-1,0.061471378986345054,0x1.f792d34c5d2c4p-5,-0.061471379072840074,-1.3013605522390803
H593-37c29058d6ea3f6600852bd1,DIFFICULT-0023,105,4329,/hkfs/work/workspace/scratch/ap7811-benchmark/dailymed/data/box_flat_20000_images/data/raw_images/otc/cvs-apap-muscle-24s-ifc.jpg,78,408.0731201171875,0x1.9812b80000000p+8,False,False,False,CHALLENGER,104,-4.367524359288149,-0x1.178584e3e80fap+2,-4.367524359288149,-0x1.178584e3e80fap+2,0.0006323538974903207,0.01734277916553093,0.036462085543194536,0.0006603087400142392,0.0005952815106868634,-2.7954842523918535e-05,3.707238680345729e-05,-1.3013605522390803,0.0,-1.4556412648169001,-2.911883094471249,False,84,-3.5311942427267016,-0x1.c3fe2c462ad67p+1,-1.4556412648169001,-0x1.74a4e7eb18bedp+0,0.41222350421960635,-0.8047926699944841,-0x1.9c0dc8eb5fa82p-1,0.8042260318262907,0x1.9bc383b29250fp-1,-0.999295920316723,-0.4548589141381246,-0x1.d1c6890211bbap-2,-1.4702987831471586,-0x1.78658044f7345p+0,3.232428204541421,-0.5520044267062042,-0x1.1aa052ffe697bp-1,-0.8619600403052861,-0x1.b952d38f23dd0p-1,1.561509289787002,-0.9999999987711121,-0x1.fffffff571a5ap-1,-0.13770670318535505,-0x1.1a05f8d4f7f84p-3,0.13770670335458116,-0.898254657893907,-0x1.cbe808d6449b8p-1,0.05521695257934064,0x1.c45657b06ae9bp-5,-0.061471379072840074,-1.3013605522390803
H593-37c29058d6ea3f6600852bd1,DIFFICULT-0023,106,4449,/hkfs/work/workspace/scratch/ap7811-benchmark/dailymed/data/box_flat_20000_images/data/raw_images/otc/dulcolax-stimulant-laxative-cmp-cha-01.jpg,93,406.19268798828125,0x1.9631540000000p+8,False,False,False,CHALLENGER,105,-5.371112923029919,-0x1.57c0506ae2558p+2,-5.371112923029919,-0x1.57c0506ae2558p+2,8.865008053967313e-05,0.009739396829094762,0.009102214654078613,8.746136929129444e-05,8.834300647222664e-05,1.188711248378691e-06,3.07074067446494e-07,-1.3013605522390803,0.0,-1.5031837265843995,-3.8679291964455196,False,127,-3.6465260015440535,-0x1.d2c15d30529b0p+1,-1.5031837265843995,-0x1.80d0a6118f34fp+0,0.41222350421960635,-0.970126788333458,-0x1.f0b47559bb3f3p-1,0.9694437417715897,0x1.f05aee1c7112dp-1,-0.999295920316723,-0.6523095144154191,-0x1.4dfb833e9156dp-1,-2.1085436724871194,-0x1.0de4c251c28c8p+1,3.232428204541421,-0.8655695134273307,-0x1.bb2bed612b878p-1,-1.351594836173192,-0x1.5a021e82ce6c2p+0,1.561509289787002,-0.9969790460870475,-0x1.fe74099b7b777p-1,-0.13729069775024233,-0x1.192bdd870ef96p-3,0.13770670335458116,-0.9991124545904347,-0x1.ff8baaeafc01fp-1,0.061416820432524326,0x1.f7206865d2ea7p-5,-0.061471379072840074,-1.3013605522390803
H593-37c29058d6ea3f6600852bd1,DIFFICULT-0023,107,4458,/hkfs/work/workspace/scratch/ap7811-benchmark/dailymed/data/box_flat_20000_images/data/raw_images/otc/equate-44-773-1.jpg,5,452.224853515625,0x1.c439900000000p+8,False,False,False,CHALLENGER,106,-3.9790439976907903,-0x1.fd51504fb6a96p+1,-3.9790439976907903,-0x1.fd51504fb6a96p+1,0.0001763846850529886,0.010955458732094943,0.016100164252935822,0.0001744432227727328,0.00018179985571377676,1.941462280255783e-06,-5.415170660788169e-06,-1.3013605522390803,-4.440892098500626e-16,-0.3393648170809401,-3.6396791806098503,False,59,-0.8232544083661667,-0x1.a5819a1070e75p-1,-0.3393648170809401,-0x1.5b82735b1a469p-2,0.41222350421960635,-0.9414279066239306,-0x1.e202d6acfba90p-1,0.9407650663616067,0x1.e1abf5727c180p-1,-0.999295920316723,-0.6172059068016056,-0x1.3c0269a138ca8p-1,-1.9950737811550736,-0x1.febd27c32b08cp+0,3.232428204541421,-0.7739008590954097,-0x1.8c3cbbc0527a4p-1,-1.208453380851624,-0x1.355d33657f946p+0,1.561509289787002,-0.9950707436333021,-0x1.fd79e99a390dbp-1,-0.1370279117103336,-0x1.18a216fb7affdp-3,0.13770670335458116,-0.9999999985654274,-0x1.fffffff3ad577p-1,0.06147137898465492,0x1.f792d34c21b4ep-5,-0.061471379072840074,-1.3013605522390803
H593-37c29058d6ea3f6600852bd1,DIFFICULT-0023,108,4511,/hkfs/work/workspace/scratch/ap7811-benchmark/dailymed/data/box_flat_20000_images/data/raw_images/otc/ibboxlnk.jpg,96,405.844482421875,0x1.95d8300000000p+8,False,False,False,CHALLENGER,107,-4.572988395988416,-0x1.24abd785707eep+2,-4.572988395988416,-0x1.24abd785707eep+2,0.0004455045760706407,0.016621621669501593,0.026802714255497753,0.0004269968514202078,0.00039430282639368007,1.8507724650432885e-05,5.1201749676960606e-05,-1.3013605522390803,0.0,-1.5119873146393048,-3.061001081349111,False,98,-3.667882348197726,-0x1.d57d2b358ade9p+1,-1.5119873146393048,-0x1.831199c457b9ap+0,0.41222350421960635,-0.8583888760100433,-0x1.b77ebf2b6d3a4p-1,0.8577845018420936,0x1.b72f87bcdad9fp-1,-0.999295920316723,-0.4715375954092462,-0x1.e2dac05c78014p-2,-1.5242114229024888,-0x1.8632b8458e49ep+0,3.232428204541421,-0.6499109397506179,-0x1.4cc1206f15437p-1,-1.0148419699547904,-0x1.03ccaeef9064ep+0,1.561509289787002,-0.9539778695666513,-0x1.e86fc98dcb04dp-1,-0.13136914749125017,-0x1.0d0b44816d330p-3,0.13770670335458116,-0.8621493481316913,-0x1.b96ba3acfc962p-1,0.052997509396405164,0x1.b227d534107d5p-5,-0.061471379072840074,-1.3013605522390803
H593-37c29058d6ea3f6600852bd1,DIFFICULT-0023,109,4516,/hkfs/work/workspace/scratch/ap7811-benchmark/dailymed/data/box_flat_20000_images/data/raw_images/otc/ibuprofen-200-mg-softgels-auh-1.jpg,83,407.6448974609375,0x1.97a5180000000p+8,False,False,False,CHALLENGER,108,-5.041598243463675,-0x1.42a98badcfd78p+2,-5.041598243463675,-0x1.42a98badcfd78p+2,0.00023841937839175578,0.010575949432577012,0.022543543717914772,0.00025978248780420086,0.00025322686786399736,-2.136310941244508e-05,-1.4807489472241583e-05,-1.3013605522390803,0.0,-1.4664679035186032,-3.5751303399450713,False,120,-3.5574582441503937,-0x1.c75acaafc179ap+1,-1.4664679035186032,-0x1.776a70c63eff6p+0,0.41222350421960635,-0.9216351876893752,-0x1.d7e0913beff7fp-1,0.92098628307833,0x1.d78b839bc5a52p-1,-0.999295920316723,-0.6279998830081949,-0x1.4189335ed2f4bp-1,-2.0299645342844017,-0x1.03d5e0bb654bdp+1,3.232428204541421,-0.6971179866949483,-0x1.64eca6149dc7fp-1,-1.0885562123017734,-0x1.16ab9eb3b1999p+0,1.561509289787002,-0.9999999987610763,-0x1.fffffff55b93fp-1,-0.13770670318397304,-0x1.1a05f8d4ebd04p-3,0.13770670335458116,-0.9999999985844998,-0x1.fffffff3d7484p-1,0.06147137898582733,0x1.f792d34c4af50p-5,-0.061471379072840074,-1.3013605522390803
H593-37c29058d6ea3f6600852bd1,DIFFICULT-0023,110,4534,/hkfs/work/workspace/scratch/ap7811-benchmark/dailymed/data/box_flat_20000_images/data/raw_images/otc/kirkland-signature-lansoprazole-stretch-card-image-2.jpg,91,406.3568115234375,0x1.965b580000000p+8,False,False,False,CHALLENGER,109,-3.2538610234787884,-0x1.a07e849cc905ap+1,-3.2538610234787884,-0x1.a07e849cc905ap+1,0.0036841592847940987,0.0313152737235048,0.11764736011324789,0.003183842736826975,0.0034400332879614935,0.0005003165479671237,0.00024412599683260516,-1.3013605522390803,-4.440892098500626e-16,-1.499034235211982,-1.7548267882668063,False,26,-3.6364598812720597,-0x1.d1778473a3c7fp+1,-1.499034235211982,-0x1.7fc0b527d1e0bp+0,0.41222350421960635,-0.2268776191648113,-0x1.d0a536940ec2cp-3,0.22671787924256712,0x1.d05176a61f573p-3,-0.999295920316723,-0.19289751160034702,-0x1.8b0dd9be6d196p-3,-0.6235273570828177,-0x1.3f3efa4da9fe0p-1,3.232428204541421,-0.03553527804909178,-0x1.231ae12267597p-5,-0.05548866678882095,-0x1.c6902b2503175p-5,1.561509289787002,-0.22196660093851045,-0x1.c6966cdeae75ap-3,-0.030566288870064153,-0x1.f4cc4ec3a61f7p-6,0.13770670335458116,-0.4782420358029511,-0x1.e9b847bd62718p-2,0.02939819747140996,0x1.e1a8fa2cde18ap-6,-0.061471379072840074,-1.3013605522390803
H593-37c29058d6ea3f6600852bd1,DIFFICULT-0023,111,4554,/hkfs/work/workspace/scratch/ap7811-benchmark/dailymed/data/box_flat_20000_images/data/raw_images/otc/leader-44-327-1.jpg,20,440.75018310546875,0x1.b8c00c0000000p+8,False,False,False,CHALLENGER,110,-3.548192488641928,-0x1.c62b2be550a1ap+1,-3.548192488641928,-0x1.c62b2be550a1ap+1,0.0005788419172149398,0.017751100227082237,0.032608790993801096,0.000575412374355568,0.0005758305705154373,3.4295428593718183e-06,3.0113466995024697e-06,-1.3013605522390803,0.0,-0.6294758351195534,-2.9187166535223747,False,35,-1.527025578784583,-0x1.86eb25f909068p+0,-0.6294758351195534,-0x1.424aa81aebea1p-1,0.41222350421960635,-0.8198236135713343,-0x1.a3bfebb18e0a5p-1,0.8192463924211479,0x1.a374435da12f2p-1,-0.999295920316723,-0.44558197449193016,-0x1.c846a4208510ap-2,-1.4403117417829712,-0x1.70b8453300ae3p+0,3.232428204541421,-0.5896342022611762,-0x1.2de488bea12dap-1,-0.9207192844069748,-0x1.d768849ea6223p-1,1.561509289787002,-0.9913090151118275,-0x1.fb8cdaf04541fp-1,-0.13650989647672643,-0x1.1792802795451p-3,0.13770670335458116,-0.9913301097413408,-0x1.fb8f9ec1c21ffp-1,0.06093842896223011,0x1.f33525eecbf5fp-5,-0.061471379072840074,-1.3013605522390803
H593-37c29058d6ea3f6600852bd1,DIFFICULT-0023,112,4566,/hkfs/work/workspace/scratch/ap7811-benchmark/dailymed/data/box_flat_20000_images/data/raw_images/otc/little-remedies-little-tummys-laxative-drops-01.jpg,63,409.45697021484375,0x1.9974fc0000000p+8,False,False,False,CHALLENGER,111,-4.34924938102925,-0x1.165a1a136acedp+2,-4.34924938102925,-0x1.165a1a136acedp+2,0.0005296836813237324,0.018043367248842056,0.02935614367422052,0.0005079933270595689,0.0005789076962493085,2.1690354264163568e-05,-4.922401492557602e-05,-1.3013605522390803,0.0,-1.420653753516484,-2.9285956275127663,False,82,-3.4463191423448056,-0x1.b920fc53f9901p+1,-1.420653753516484,-0x1.6baff6e24afe6p+0,0.41222350421960635,-0.833853977756155,-0x1.aaeee89834533p-1,0.8332668781115972,0x1.aaa1f4cca89dbp-1,-0.999295920316723,-0.4390140685613481,-0x1.c18ce76bd1cf3p-2,-1.419081457408183,-0x1.6b48ec21ed9c1p+0,3.232428204541421,-0.6228482145516404,-0x1.3ee5f60fbe195p-1,-0.9725832731496342,-0x1.f1f66f4da0edcp-1,1.561509289787002,-0.9462763877354861,-0x1.e47e56b49a134p-1,-0.1303086018173352,-0x1.0adf3c798b249p-3,0.13770670335458116,-0.9999999986502548,-0x1.fffffff467e10p-1,0.061471378989869374,0x1.f792d34cd92c8p-5,-0.061471379072840074,-1.3013605522390803
H593-37c29058d6ea3f6600852bd1,DIFFICULT-0023,113,4593,/hkfs/work/workspace/scratch/ap7811-benchmark/dailymed/data/box_flat_20000_images/data/raw_images/otc/meijer-44-533-reserved-79481-5330-1.jpg,90,406.3915100097656,0x1.96643a0000000p+8,False,False,False,CHALLENGER,112,-3.2715404331254776,-0x1.a2c1d63fe865ap+1,-3.2715404331254776,-0x1.a2c1d63fe865ap+1,0.002798172920540153,0.03465878592785028,0.08073487993391205,0.0025013155609333363,0.0026971666736880892,0.00029685735960681674,0.0001010062468520638,-1.3013605522390803,-4.440892098500626e-16,-1.498156962677501,-1.7733834704479765,False,28,-3.6343317334942133,-0x1.d131c8411618ep+1,-1.498156962677501,-0x1.7f8736f6f97ccp+0,0.41222350421960635,-0.35262032392297415,-0x1.69154d5c9dcc8p-2,0.35237205111698944,0x1.68d4380e49a2cp-2,-0.999295920316723,-0.14362235345417462,-0x1.262379f87b5b4p-3,-0.4642489461078911,-0x1.db641362f184fp-2,3.232428204541421,-0.22014713754098922,-0x1.c2dc80a05f5c3p-3,-0.34376180039027154,-0x1.600317e929437p-2,1.561509289787002,-0.4516079080748727,-0x1.ce724daf2fab8p-2,-0.06218943622984945,-0x1.fd74b35871b67p-5,0.13770670335458116,-0.7451469951219113,-0x1.7d83e82d85c69p-1,0.045805213402126725,0x1.773c7eb18cc7fp-5,-0.061471379072840074,-1.3013605522390803
H593-37c29058d6ea3f6600852bd1,DIFFICULT-0023,114,4594,/hkfs/work/workspace/scratch/ap7811-benchmark/dailymed/data/box_flat_20000_images/data/raw_images/otc/meijer-naproxen-sodium-carton-image.jpg,117,404.7681884765625,0x1.94c4a80000000p+8,False,False,False,CHALLENGER,113,-3.9405170852816216,-0x1.f862dd254e914p+1,-3.9405170852816216,-0x1.f862dd254e914p+1,0.001544162306526915,0.021236841888974567,0.07271148481491453,0.0014595828248058391,0.0014655138041701377,8.457948172107578e-05,7.864850235677723e-05,-1.3013605522390803,4.440892098500626e-16,-1.5391989661310146,-2.401318119150607,False,56,-3.7338942354704443,-0x1.ddf03f0e08c40p+1,-1.5391989661310146,-0x1.8a08f18591d92p+0,0.41222350421960635,-0.5821280800017655,-0x1.2a0cb11361b7bp-1,0.5817182154475712,0x1.29d6f84dab6afp-1,-0.999295920316723,-0.37095424513202563,-0x1.7bdb6dfc9e1f9p-2,-1.1990829645591319,-0x1.32f719e5f8e20p+0,3.232428204541421,-0.2693347592080717,-0x1.13cc7db9e6188p-2,-0.42056872856594923,-0x1.aea9919ba4eb1p-2,1.561509289787002,-0.805646732934963,-0x1.9c7dba842b79ap-1,-0.11094295566086242,-0x1.c66c1ee48f497p-4,0.13770670335458116,-0.795799072099538,-0x1.9772f9d9b5964p-1,0.04891886642684509,0x1.90be4c6ebdfd4p-5,-0.061471379072840074,-1.3013605522390803
H593-37c29058d6ea3f6600852bd1,DIFFICULT-0023,115,4605,/hkfs/work/workspace/scratch/ap7811-benchmark/dailymed/data/box_flat_20000_images/data/raw_images/otc/naoproxen-sodium-220-mg-softgels-pur-1.jpg,112,405.08489990234375,0x1.9515bc0000000p+8,False,False,False,CHALLENGER,114,-5.267975615718727,-0x1.5126833268cb2p+2,-5.267975615718727,-0x1.5126833268cb2p+2,0.00024521652039042707,0.00547752474954906,0.04476776127951127,0.00020130101852138763,0.0003287824689343106,4.391550186903944e-05,-8.356594854388354e-05,-1.3013605522390803,0.0,-1.5311916359965876,-3.73678397972214,False,125,-3.7144695057971915,-0x1.db73bc9cb1b13p+1,-1.5311916359965876,-0x1.87fc2cd0839acp+0,0.41222350421960635,-0.9194910040705296,-0x1.d6c7865ee5f41p-1,0.9188436091356076,0x1.d672ab66c0888p-1,-0.999295920316723,-0.7883552569351967,-0x1.93a34cdc552b7p-1,-2.5483017677158286,-0x1.462ec09856d83p+1,3.232428204541421,-0.47665891531399374,-0x1.e81946527b53cp-2,-0.744307324322597,-0x1.7d15d98047136p-1,1.561509289787002,-0.89414182878767,-0x1.c9ccf53141e19p-1,-0.12312932357378636,-0x1.f856741ed9258p-4,0.13770670335458116,-0.9999999987100477,-0x1.fffffff4eb5d7p-1,0.06147137899354493,0x1.f792d34d5a7efp-5,-0.061471379072840074,-1.3013605522390803
H593-37c29058d6ea3f6600852bd1,DIFFICULT-0023,116,4606,/hkfs/work/workspace/scratch/ap7811-benchmark/dailymed/data/box_flat_20000_images/data/raw_images/otc/naproxen-sodium-220-mg-softgels-pur-1.jpg,64,409.41680908203125,0x1.996ab40000000p+8,False,False,False,CHALLENGER,115,-4.2369774238707745,-0x1.0f2aa35b5a946p+2,-4.2369774238707745,-0x1.0f2aa35b5a946p+2,0.0006686326508158529,0.01900131479758955,0.03518875709067636,0.0006734549093965755,0.000773730174169602,-4.822258580722619e-06,-0.00010509752335374908,-1.3013605522390803,0.0,-1.4216691366786451,-2.8153082871921296,False,76,-3.448782328339217,-0x1.b971b3079ead9p+1,-1.4216691366786451,-0x1.6bf2822fc4701p+0,0.41222350421960635,-0.7947427987041545,-0x1.96e8873254eafp-1,0.7941832364461562,0x1.969f2f6722a67p-1,-0.999295920316723,-0.41789905191038385,-0x1.abedbaa3f0221p-2,-1.3508286820462443,-0x1.59cfe893e32ccp+0,3.232428204541421,-0.5642406170304806,-0x1.20e4256a71096p-1,-0.8810669651682455,-0x1.c31b3591f7988p-1,1.561509289787002,-0.999999998735156,-0x1.fffffff522942p-1,-0.13770670318040365,-0x1.1a05f8d4cc6abp-3,0.13770670335458116,-0.9999999987449075,-0x1.fffffff53805cp-1,0.06147137899568781,0x1.f792d34da5e45p-5,-0.061471379072840074,-1.3013605522390803
H593-37c29058d6ea3f6600852bd1,DIFFICULT-0023,117,4650,/hkfs/work/workspace/scratch/ap7811-benchmark/dailymed/data/box_flat_20000_images/data/raw_images/otc/rear.jpg,38,421.4222412109375,0x1.a56c180000000p+8,False,False,False,CHALLENGER,116,-3.6310484780348853,-0x1.d0c6324facda2p+1,-3.6310484780348853,-0x1.d0c6324facda2p+1,0.0009995162449359474,0.02310269238979403,0.04326405892749968,0.0009938172515692241,0.000998807274894319,5.6989933667232415e-06,7.089700416282752e-07,-1.3013605522390803,0.0,-1.1181390122902581,-2.5129094657446274,False,40,-2.7124581709794624,-0x1.5b31d4500ff86p+1,-1.1181390122902581,-0x1.1e3e5bba2b1c5p+0,0.41222350421960635,-0.7079980046805244,-0x1.6a7eb6e778e31p-1,0.7074995176696282,0x1.6a3d6074a755ep-1,-0.999295920316723,-0.3340884360524062,-0x1.561b476b447a1p-2,-1.0799168835069308,-0x1.14756ed10f7d9p+0,3.232428204541421,-0.48975270981456237,-0x1.f581bbff1faa7p-2,-0.7647534060737969,-0x1.878dc2292ee1bp-1,1.561509289787002,-0.9855992922828524,-0x1.f8a0786ea195dp-1,-0.13572362936887988,-0x1.15f6452b78596p-3,0.13770670335458116,-0.997952033933414,-0x1.fef391a970ff0p-1,0.061345487774432654,0x1.f68acff7f2887p-5,-0.061471379072840074,-1.3013605522390803
H593-37c29058d6ea3f6600852bd1,DIFFICULT-0023,118,4658,/hkfs/work/workspace/scratch/ap7811-benchmark/dailymed/data/box_flat_20000_images/data/raw_images/otc/rite-aid-44-298-1.jpg,41,420.3661193847656,0x1.a45dba0000000p+8,False,False,False,CHALLENGER,117,-4.9857747845696965,-0x1.3f16ef1f3cb0dp+2,-4.9857747845696965,-0x1.3f16ef1f3cb0dp+2,0.000143802682284436,0.008569125970017374,0.01678148772553806,0.0001159749606759801,0.00010632567024782745,2.7827721608455908e-05,3.747701203660856e-05,-1.3013605522390803,0.0,-1.1448406574976302,-3.8409341270720665,False,117,-2.7772328500893346,-0x1.637c5db4415a2p+1,-1.1448406574976302,-0x1.251446ff155d9p+0,0.41222350421960635,-0.9519876830768039,-0x1.e76aedfa04f58p-1,0.9513174078904196,0x1.e7131346027b0p-1,-0.999295920316723,-0.6875609333852866,-0x1.6007fc95cb48ep-1,-2.2224913534154256,-0x1.1c7a98bf47f0ap+1,3.232428204541421,-0.765454907452462,-0x1.87e9b4a4245e3p-1,-1.1952649489000693,-0x1.31fce23994b67p+0,1.561509289787002,-0.9315950121699029,-0x1.dcfa057cc5dd7p-1,-0.12828687798748825,-0x1.06bb454bb2983p-3,0.13770670335458116,-0.8972012408282818,-0x1.cb5df60693809p-1,0.05515219757957779,0x1.c3ce8a9d04a50p-5,-0.061471379072840074,-1.3013605522390803
H593-37c29058d6ea3f6600852bd1,DIFFICULT-0023,119,4659,/hkfs/work/workspace/scratch/ap7811-benchmark/dailymed/data/box_flat_20000_images/data/raw_images/otc/rite-aid-44-417-1.jpg,119,404.71661376953125,0x1.94b7740000000p+8,False,False,False,CHALLENGER,118,-4.176555804544852,-0x1.0b4cb0b79c1a5p+2,-4.176555804544852,-0x1.0b4cb0b79c1a5p+2,0.0008352932419574098,0.021260782269796663,0.03928798250965761,0.0008050353091963131,0.0009042079227647806,3.0257932761096665e-05,-6.891468080737076e-05,-1.3013605522390803,0.0,-1.5405029156325736,-2.6360528889122783,False,69,-3.7370574454480696,-0x1.de57e5fbbc838p+1,-1.5405029156325736,-0x1.8a5e662a08d85p+0,0.41222350421960635,-0.7499770253451497,-0x1.7ffcfd1937b22p-1,0.7494489817586796,0x1.7fb7c6e5591a6p-1,-0.999295920316723,-0.37046832782889005,-0x1.7b5c0ca0ea620p-2,-1.1975122717634017,-0x1.32902a0bc8504p+0,3.232428204541421,-0.5255208467321428,-0x1.0d111184295c4p-1,-0.8206056841489723,-0x1.a4266da0a9bfdp-1,1.561509289787002,-0.9258426671012122,-0x1.da080cd0e1dabp-1,-0.12749474151152088,-0x1.051bf689a1b39p-3,0.13770670335458116,-0.9999999986851987,-0x1.fffffff4b4b8bp-1,0.06147137899201743,0x1.f792d34d24c07p-5,-0.061471379072840074,-1.3013605522390803
H593-37c29058d6ea3f6600852bd1,DIFFICULT-0023,120,4674,/hkfs/work/workspace/scratch/ap7811-benchmark/dailymed/data/box_flat_20000_images/data/raw_images/otc/sennosides-100s-ifc.jpg,28,435.1131591796875,0x1.b31cf80000000p+8,False,False,False,CHALLENGER,119,-4.238145115352628,-0x1.0f3dc50289116p+2,-4.238145115352628,-0x1.0f3dc50289116p+2,0.00025486534581697397,0.012154153093425421,0.020969403944306,0.00025383360106755355,0.0003209206988925803,1.0317447494204157e-06,-6.605535307560633e-05,-1.3013605522390803,-8.881784197001252e-16,-0.771995200936715,-3.4661499144159134,False,77,-1.8727588141734037,-0x1.df6d1f242ba69p+0,-0.771995200936715,-0x1.8b42f47962602p-1,0.41222350421960635,-0.916455450752534,-0x1.d539a61a72368p-1,0.9158101930890307,0x1.d4e512d952589p-1,-0.999295920316723,-0.5840334621006914,-0x1.2b066f16fbf7dp-1,-1.887846235290248,-0x1.e349e41072c63p+0,3.232428204541421,-0.7152561614743898,-0x1.6e360e3b970a2p-1,-1.1168791407196514,-0x1.1debca96f9b96p+0,1.561509289787002,-0.9973774326295839,-0x1.fea8413dd3340p-1,-0.13734555824767586,-0x1.1948a0c765a4ep-3,0.13770670335458116,-0.9999999986802371,-0x1.fffffff4a9cf9p-1,0.061471378991712435,0x1.f792d34d1a055p-5,-0.061471379072840074,-1.3013605522390803
H593-37c29058d6ea3f6600852bd1,DIFFICULT-0023,121,4675,/hkfs/work/workspace/scratch/ap7811-benchmark/dailymed/data/box_flat_20000_images/data/raw_images/otc/sennosides-25-mg-extra-strength-blue-tablets-delis-1.jpg,57,410.8548889160156,0x1.9adada0000000p+8,False,False,False,CHALLENGER,120,-2.9212387157619233,-0x1.75eb267600d50p+1,-2.9212387157619233,-0x1.75eb267600d50p+1,0.004058847802006779,0.041663669000345786,0.09741935598550124,0.003952529427032557,0.004481258589946172,0.00010631837497422202,-0.0004224107879393932,-1.3013605522390803,0.0,-1.385310549482211,-1.5359281662797122,False,19,-3.360581178176114,-0x1.ae278627e8e75p+1,-1.385310549482211,-0x1.62a3b650d4737p+0,0.41222350421960635,-0.1804683650876017,-0x1.719965f01c56dp-3,0.1803413009782693,0x1.7156c7ae8ede1p-3,-0.999295920316723,-0.052534742449997666,-0x1.ae5d57173facfp-5,-0.16981478321369195,-0x1.5bc7da623db85p-3,3.232428204541421,-0.12915815290151644,-0x1.088411d5ca4d8p-3,-0.20168165560744794,-0x1.9d0b45984c07ap-3,1.561509289787002,-0.7616466930107124,-0x1.85f68e2b2cd4ep-1,-0.10488385521542391,-0x1.ad9ab18075543p-4,0.13770670335458116,-0.9999999991023882,-0x1.fffffff84a218p-1,0.06147137901766264,0x1.f792d350ab100p-5,-0.061471379072840074,-1.3013605522390803
H593-37c29058d6ea3f6600852bd1,DIFFICULT-0023,122,4703,/hkfs/work/workspace/scratch/ap7811-benchmark/dailymed/data/box_flat_20000_images/data/raw_images/otc/stool-with-laxative-8-6-red-tablets-tcl-1.jpg,2,460.6417236328125,0x1.cca4480000000p+8,False,False,False,CHALLENGER,121,-2.0234354217661314,-0x1.02ffee9106d92p+1,-2.0234354217661314,-0x1.02ffee9106d92p+1,0.0028131515870524287,0.02976630782206611,0.0945079115578791,0.002604977340618295,0.0030656368737790596,0.00020817424643413372,-0.00025248528672663093,-1.3013605522390803,-4.440892098500626e-16,-0.12656334469749073,-1.8968720770686407,False,6,-0.30702602690521463,-0x1.3a6507e2509a2p-2,-0.12656334469749073,-0x1.0333a492c8e77p-3,0.41222350421960635,-0.35028066948417746,-0x1.66aff9cf6c0f6p-2,0.35003404398134896,0x1.666f530d8bcbcp-2,-0.999295920316723,-0.2171940359468836,-0x1.bcd03a0a39939p-3,-0.7020641276528898,-0x1.6774f307ed886p-1,3.232428204541421,-0.1440454488899939,-0x1.27014ce0f6183p-3,-0.22492830659326427,-0x1.cca736461a12dp-3,1.561509289787002,-0.5811228620180653,-0x1.2988ef8ea6a96p-1,-0.08002451357248691,-0x1.47c7c8cac1154p-4,0.13770670335458116,-0.9999999989408371,-0x1.fffffff6e6e05p-1,0.06147137900773187,0x1.f792d34f4da79p-5,-0.061471379072840074,-1.3013605522390803
H593-37c29058d6ea3f6600852bd1,DIFFICULT-0023,123,4724,/hkfs/work/workspace/scratch/ap7811-benchmark/dailymed/data/box_flat_20000_images/data/raw_images/otc/top0g-0002-01.jpg,22,440.35430908203125,0x1.b85ab40000000p+8,False,False,False,CHALLENGER,122,-3.7804118229768386,-0x1.e3e488dc8c732p+1,-3.7804118229768386,-0x1.e3e488dc8c732p+1,0.0005284334858098396,0.013288507476855213,0.03976620299384411,0.0005075286995032738,0.0006143556336828101,2.090478630656584e-05,-8.592214787297048e-05,-1.3013605522390803,4.440892098500626e-16,-0.6394846120037108,-3.140927210973128,False,49,-1.5513055550152088,-0x1.8d225c60e4b93p+0,-0.6394846120037108,-0x1.476a86edb3cecp-1,0.41222350421960635,-0.8342136204227385,-0x1.ab1e0c332fd4bp-1,0.8336262675610859,0x1.aad10fe885d78p-1,-0.999295920316723,-0.5538709575320335,-0x1.1b94f9619bcbcp-1,-1.7903481048029088,-0x1.ca5440de9585ep+0,3.232428204541421,-0.5211282491402172,-0x1.0ad15266286f2p-1,-0.8137466022028843,-0x1.a0a365076290ap-1,1.561509289787002,-0.948171694640907,-0x1.e576c2a6f3811p-1,-0.1305695982831259,-0x1.0b6812d3d2b49p-3,0.13770670335458116,-0.9999999987139565,-0x1.fffffff4f3f5ep-1,0.06147137899378521,0x1.f792d34d62f33p-5,-0.061471379072840074,-1.3013605522390803
H593-37c29058d6ea3f6600852bd1,DIFFICULT-0023,124,4726,/hkfs/work/workspace/scratch/ap7811-benchmark/dailymed/data/box_flat_20000_images/data/raw_images/otc/topcare-44-773-1.jpg,50,413.1860046386719,0x1.9d2f9e0000000p+8,False,False,False,CHALLENGER,123,-4.192298127337409,-0x1.0c4e9ccdffc20p+2,-4.192298127337409,-0x1.0c4e9ccdffc20p+2,0.0007836430803358212,0.016242732598029573,0.04824576625923682,0.000815631551336042,0.0008159378057754859,-3.198847100022075e-05,-3.2294725439664706e-05,-1.3013605522390803,0.0,-1.3263735751472407,-2.8659245521901684,False,70,-3.2176078306312044,-0x1.9bda92c9f50f5p+1,-1.3263735751472407,-0x1.538d37f789372p+0,0.41222350421960635,-0.7636098280451504,-0x1.86f7de0cb7598p-1,0.7630721858792732,0x1.86b165c5ad6b9p-1,-0.999295920316723,-0.480454577076546,-0x1.ebfc48df07737p-2,-1.5530349259432474,-0x1.8d93b26878d6fp+0,3.232428204541421,-0.44723777197900244,-0x1.c9f8b2d0be2d9p-2,-0.6983659356888532,-0x1.6590384cd91eep-1,1.561509289787002,-0.9999999987771735,-0x1.fffffff57ef9ep-1,-0.13770670318618974,-0x1.1a05f8d4ff4fdp-3,0.13770670335458116,-0.9999999986186916,-0x1.fffffff422788p-1,0.06147137898792914,0x1.f792d34c94e87p-5,-0.061471379072840074,-1.3013605522390803
H593-37c29058d6ea3f6600852bd1,DIFFICULT-0023,125,4732,/hkfs/work/workspace/scratch/ap7811-benchmark/dailymed/data/box_flat_20000_images/data/raw_images/otc/treda-ultra-44-749-1.jpg,47,413.40655517578125,0x1.9d68140000000p+8,False,False,False,CHALLENGER,124,-4.837582214023771,-0x1.359af26e3c603p+2,-4.837582214023771,-0x1.359af26e3c603p+2,0.00022008512523135338,0.01201629200790914,0.018315560664345795,0.00023273206755578107,0.0002241065574845241,-1.264694232442769e-05,-4.021432253170724e-06,-1.3013605522390803,-8.881784197001252e-16,-1.3207974550006323,-3.516784759023139,False,113,-3.204080896602625,-0x1.9a1f52a452c4dp+1,-1.3207974550006323,-0x1.521fc831de24bp+0,0.41222350421960635,-0.9274427551340786,-0x1.dad9c6dc6d0edp-1,0.9267897615327862,0x1.da8430081a16ep-1,-0.999295920316723,-0.5877791836987813,-0x1.2cf164a682fdcp-1,-1.899954011430274,-0x1.e66362d6ff3ddp+0,3.232428204541421,-0.7467292319778579,-0x1.7e534b3c9fcb3p-1,-1.1660246326889383,-0x1.2a80971fbaba2p+0,1.561509289787002,-0.9999999987475514,-0x1.fffffff53dd62p-1,-0.1377067031821106,-0x1.1a05f8d4db6e6p-3,0.13770670335458116,-0.9999999985625533,-0x1.fffffff3a7057p-1,0.06147137898447824,0x1.f792d34c1b7d8p-5,-0.061471379072840074,-1.3013605522390803
H593-37c29058d6ea3f6600852bd1,DIFFICULT-0023,126,4766,/hkfs/work/workspace/scratch/ap7811-benchmark/dailymed/data/box_flat_20000_images/data/raw_images/otc/winco-44-676a-1.jpg,58,410.6156005859375,0x1.9a9d980000000p+8,False,False,False,CHALLENGER,125,-3.1337151429201198,-0x1.911d93eae9336p+1,-3.1337151429201198,-0x1.911d93eae9336p+1,0.0029278126832866587,0.038637336798762974,0.07577677256938674,0.002894330855533622,0.0027345504033394513,3.348182775303682e-05,0.00019326227994720738,-1.3013605522390803,0.0,-1.3913604122287944,-1.7423547306913254,False,23,-3.375257349439168,-0x1.b0086ecdb6623p+1,-1.3913604122287944,-0x1.6430322b78c4ap+0,0.41222350421960635,-0.3326353279269028,-0x1.549e5afbc2d99p-2,0.33240112615056927,0x1.5460f5f7e18d4p-2,-0.999295920316723,-0.09004381625152122,-0x1.70d1c8e01df86p-4,-0.2910601712959624,-0x1.2a0bad73898a4p-2,3.232428204541421,-0.2500819034506611,-0x1.00157872916d7p-2,-0.39050521544582345,-0x1.8fe09965076b7p-2,1.561509289787002,-0.9182643254013027,-0x1.d626bddd5d3bdp-1,-0.12645115305913177,-0x1.02f8d2777195bp-3,0.13770670335458116,-0.5632090205277341,-0x1.205ceec7f526bp-1,0.03462123519810331,0x1.1b9dfe1d8908cp-5,-0.061471379072840074,-1.3013605522390803
H593-37c29058d6ea3f6600852bd1,DIFFICULT-0023,127,4767,/hkfs/work/workspace/scratch/ap7811-benchmark/dailymed/data/box_flat_20000_images/data/raw_images/otc/winco-44-676a-womens-delisted-1.jpg,45,414.92987060546875,0x1.9eee0c0000000p+8,False,False,False,CHALLENGER,126,-4.282205512091743,-0x1.120fa7b54bd68p+2,-4.282205512091743,-0x1.120fa7b54bd68p+2,0.0006123426327705218,0.015593120181158965,0.03927005151351365,0.0006235851487365341,0.0005641955220620185,-1.1242515966012278e-05,4.814711070850336e-05,-1.3013605522390803,0.0,-1.28228387907174,-2.9999216330200027,False,81,-3.110652027227979,-0x1.8e29d87b17132p+1,-1.28228387907174,-0x1.4843c19ccd17ap+0,0.41222350421960635,-0.8103844654540574,-0x1.9eeab6709f8c7p-1,0.8098138902162879,0x1.9e9fed1ca6a6cp-1,-0.999295920316723,-0.49599702714605365,-0x1.fbe6a50a05a84p-2,-1.6032747799156009,-0x1.9a70374a3d35ep+0,3.232428204541421,-0.5256860417718539,-0x1.0d26b88abf630p-1,-0.8208636377381078,-0x1.a4483d1d1f1c8p-1,1.561509289787002,-0.9999999987453445,-0x1.fffffff538fbcp-1,-0.1377067031818067,-0x1.1a05f8d4d8c21p-3,0.13770670335458116,-0.869838136784698,-0x1.bd5b6c9c9b929p-1,0.05347014983830509,0x1.b607081bc486cp-5,-0.061471379072840074,-1.3013605522390803
