query_id,display_id,candidate_position,reference_physical_row,reference_image_path,raw_rank,raw_score,raw_score_hex,is_target,is_raw_winner,is_selected,action_kind,challenger_index,head_logit,head_logit_hex,policy_score,policy_score_hex,local_score_S,visibility_mass_M,normalized_similarity_L,query_control_score,reference_control_score,query_robustness_Q,reference_robustness_R,bias_contribution,fp64_sum_residual,plot_raw_component,plot_other_component,plot_is_hold_anchor,policy_rank,feature_RAW,feature_RAW_hex,contribution_RAW,contribution_RAW_hex,weight_RAW,feature_S,feature_S_hex,contribution_S,contribution_S_hex,weight_S,feature_M,feature_M_hex,contribution_M,contribution_M_hex,weight_M,feature_L,feature_L_hex,contribution_L,contribution_L_hex,weight_L,feature_Q,feature_Q_hex,contribution_Q,contribution_Q_hex,weight_Q,feature_R,feature_R_hex,contribution_R,contribution_R_hex,weight_R,head_bias
H593-c317503b769e0f3acf782e33,DIFFICULT-0043,0,48,/hkfs/work/workspace/scratch/ap7811-benchmark/dailymed/data/box_flat_20000_images/data/raw_images/animal/400gramcarton.jpg,124,388.029296875,0x1.8407800000000p+8,False,False,False,CHALLENGER,0,-2.8566705441177414,-0x1.6da7616137532p+1,-2.8566705441177414,-0x1.6da7616137532p+1,0.0005391709117891865,0.016646216757695967,0.032389997056833604,0.0005340741714337241,0.0005469135893691641,5.0967403554623815e-06,-7.742677579977621e-06,-1.2316094892410674,0.0,-2.1732411559097815,-0.6834293882079598,False,70,-4.518684186235338,-0x1.21321f2835525p+2,-2.1732411559097815,-0x1.162cc4257a147p+1,0.4809455731670372,0.5878330658197006,0x1.2cf874a267f38p-1,-1.2309979399005517,-0x1.3b22ae5550f55p+0,-2.0941284379503107,0.14281175936580445,0x1.247a7ddfaeccfp-3,0.5196829453883659,0x1.0a13e20d76c6dp-1,3.638936651268518,0.4858043250907884,0x1.f176b06214c68p-2,1.2151496468310878,0x1.37140c18e2ae5p+0,2.501315002916035,0.375621680603426,0x1.80a2f84770eb3p-2,0.05585139790740016,0x1.c988deee57615p-5,0.14869055965480057,-0.9999999548360801,-0x1.fffffe7c0b7d6p-1,-0.011505949193194651,-0x1.7906e5bf423a5p-7,0.011505949712848443,-1.2316094892410674
H593-c317503b769e0f3acf782e33,DIFFICULT-0043,1,642,/hkfs/work/workspace/scratch/ap7811-benchmark/dailymed/data/box_flat_20000_images/data/raw_images/homeopathic/5USK2F-Rev04-04-07-018.jpg,122,388.096435546875,0x1.8418b00000000p+8,False,False,False,CHALLENGER,1,-3.4005640662852614,-0x1.b345aeee52f0dp+1,-3.4005640662852614,-0x1.b345aeee52f0dp+1,0.00014940132846104603,0.01613461287623051,0.009259678531311022,0.00015136246500624742,0.00014912868236126891,-1.961136545201392e-06,2.7264609977711396e-07,-1.2316094892410674,0.0,-2.1665188149750607,-1.2340452513102007,False,108,-4.504706843871099,-0x1.204d1def1f999p+2,-2.1665188149750607,-0x1.15507d103e47ap+1,0.4809455731670372,0.03263871401272533,0x1.0b60582894b3fp-5,-0.06834965919217541,-0x1.17f5cfeec52d9p-4,-2.0941284379503107,0.12748911061824486,0x1.051902c59ca5cp-3,0.4639247972663576,0x1.db0f1a203fef4p-2,3.638936651268518,-0.09524672579888181,-0x1.86216e45b767fp-4,-0.23824206421937283,-0x1.e7eb7492d474ap-3,2.501315002916035,-0.9999997660538033,-0x1.fffff8266adf7p-1,-0.14869052486920964,-0x1.3084a86c4e800p-3,0.14869055965480057,-0.9628332585498903,-0x1.ecf87b19f21edp-1,-0.011078311054733041,-0x1.6b039bd666316p-7,0.011505949712848443,-1.2316094892410674
H593-c317503b769e0f3acf782e33,DIFFICULT-0043,2,658,/hkfs/work/workspace/scratch/ap7811-benchmark/dailymed/data/box_flat_20000_images/data/raw_images/homeopathic/5USOST-REV05-03-04-18.jpg,120,388.17266845703125,0x1.842c340000000p+8,False,False,False,CHALLENGER,2,-3.002830797418472,-0x1.805cc2732abe8p+1,-3.002830797418472,-0x1.805cc2732abe8p+1,0.0003887796154964315,0.020742101554972657,0.01874350168742793,0.00039115738160798804,0.00045372469216477224,-2.3777661115565395e-06,-6.494507666834074e-05,-1.2316094892410674,0.0,-2.1588859024046365,-0.8439448950138355,False,78,-4.488836206950249,-0x1.1f4917a87cedbp+2,-2.1588859024046365,-0x1.14565f8d4fca5p+1,0.4809455731670372,0.4705982980509614,0x1.e1e4852eba82ep-2,-0.9854932787995346,-0x1.f8929335be5e1p-1,-2.0941284379503107,0.24847423177941472,0x1.fce00edb21673p-3,0.9041819889179009,0x1.cef0f11011b99p-1,3.638936651268518,0.2515366360901422,0x1.0192d1e703162p-2,0.6291723616353037,0x1.4222e1398a9b1p-1,2.501315002916035,-0.9999997868311382,-0x1.fffff8d8e4b73p-1,-0.1486905279586032,-0x1.3084a8d67517ep-3,0.14869055965480057,-0.9999999873966473,-0x1.ffffff93bcef3p-1,-0.0115059495678349,-0x1.7906e68d3827dp-7,0.011505949712848443,-1.2316094892410674
H593-c317503b769e0f3acf782e33,DIFFICULT-0043,3,676,/hkfs/work/workspace/scratch/ap7811-benchmark/dailymed/data/box_flat_20000_images/data/raw_images/homeopathic/5USTRE GUNA ALLERGY T 090718 REV 3.jpg,104,388.8223571777344,0x1.84d2860000000p+8,False,False,False,CHALLENGER,3,-3.2160119600808734,-0x1.9ba647a80bcd8p+1,-3.2160119600808734,-0x1.9ba647a80bcd8p+1,0.0001773199684781812,0.01814911835924639,0.009770169821381016,0.00017982356824213305,0.00014979609683524466,-2.5035997639518543e-06,2.752387164293654e-05,-1.2316094892410674,4.440892098500626e-16,-2.0938350314231493,-1.1221769286577241,False,94,-4.353580006226483,-0x1.16a10e08d0c84p+2,-2.0938350314231493,-0x1.0c02c94b973d5p+1,0.4809455731670372,0.11776121083251323,0x1.e259945435450p-4,-0.24660710049182813,-0x1.f90d24bc971ddp-3,-2.0941284379503107,0.1848640589012851,0x1.7a9a01f97ea48p-3,0.6727085994381484,0x1.586d42f4a64dbp-1,3.638936651268518,-0.068596173745867,-0x1.18f84d2de8607p-4,-0.17158063853317215,-0x1.5f65ab7903a0fp-3,2.501315002916035,-0.9999997923997687,-0x1.fffff908ba437p-1,-0.148690528786606,-0x1.3084a8f2e8486p-3,0.14869055965480057,0.313075325957518,0x1.4096d178b035bp-2,0.003602228956800837,0x1.d826bf1fd3eecp-9,0.011505949712848443,-1.2316094892410674
H593-c317503b769e0f3acf782e33,DIFFICULT-0043,4,693,/hkfs/work/workspace/scratch/ap7811-benchmark/dailymed/data/box_flat_20000_images/data/raw_images/homeopathic/81488002-04.jpg,97,389.28997802734375,0x1.854a3c0000000p+8,False,False,False,CHALLENGER,4,-3.05208891618709,-0x1.86aad97fc0fa4p+1,-3.05208891618709,-0x1.86aad97fc0fa4p+1,0.0003792664154381799,0.01618021763127666,0.02344013066332624,0.00038836980240893314,0.00042269872839999185,-9.103386970753236e-06,-4.343231296181194e-05,-1.2316094892410674,0.0,-2.0470139268128187,-1.0050749893742714,False,81,-4.256227816659559,-0x1.1066095b3835ep+2,-2.0470139268128187,-0x1.06048d670f0d5p+1,0.4809455731670372,0.46089861247724395,0x1.d7f5ce4d7237ap-2,-0.9651808914004364,-0x1.ee2c309693f81p-1,-2.0941284379503107,0.12887718687434893,0x1.07f0c3369b41dp-3,0.4689759188294503,0x1.e03b3927efa81p-2,3.638936651268518,0.35298871495722717,0x1.6975dfaa64b7ap-2,0.8829359685825641,0x1.c4102eeb0c637p-1,2.501315002916035,-0.9999999124093029,-0x1.fffffd0f9a052p-1,-0.1486905466308908,-0x1.3084ab5808459p-3,0.14869055965480057,-0.9999999827082968,-0x1.ffffff6b77248p-1,-0.011505949513890976,-0x1.7906e66f90392p-7,0.011505949712848443,-1.2316094892410674
H593-c317503b769e0f3acf782e33,DIFFICULT-0043,5,825,/hkfs/work/workspace/scratch/ap7811-benchmark/dailymed/data/box_flat_20000_images/data/raw_images/otc/-Coldtac Ultra w12 (Tablets 6-2 pouches) NUEVA PRESENTACION REV 01.2023 (002)_001-min.jpg,53,392.0372314453125,0x1.8809880000000p+8,False,False,False,CHALLENGER,5,-2.511733486193646,-0x1.41807b9dbc21ap+1,-2.511733486193646,-0x1.41807b9dbc21ap+1,0.00044197689995918005,0.015698691306838514,0.028153741692254965,0.0004305527798591539,0.0005494970545859171,1.1424120100026174e-05,-0.00010752015462673703,-1.2316094892410674,-4.440892098500626e-16,-1.7719418469830723,-0.7397916392105734,False,53,-3.6842876737897727,-0x1.d796bd0dfdd2ap+1,-1.7719418469830723,-0x1.c59dfb1b34c51p+0,0.4809455731670372,0.5189933662750477,0x1.09b97f9dfc0c0p-1,-1.086838767424139,-0x1.163b10c21c93ap+0,-2.0941284379503107,0.11399424033584632,0x1.d2eb9fe2cc144p-4,0.41481781919162325,0x1.a8c6009ce77d1p-2,3.638936651268518,0.43046649521713237,0x1.b8cc357bece03p-2,1.0767323027392968,0x1.13a4ba6acfe29p+0,2.501315002916035,0.6632058240356772,0x1.538fb6b97ffb5p-1,0.09861244514218803,0x1.93eaa4add4238p-4,0.14869055965480057,-0.999999991797836,-0x1.ffffffb98b403p-1,-0.011505949618474757,-0x1.7906e6a90f14fp-7,0.011505949712848443,-1.2316094892410674
H593-c317503b769e0f3acf782e33,DIFFICULT-0043,6,831,/hkfs/work/workspace/scratch/ap7811-benchmark/dailymed/data/box_flat_20000_images/data/raw_images/otc/-artwork-P1G5011117.jpg,76,390.2349853515625,0x1.863c280000000p+8,False,False,False,CHALLENGER,6,-3.4767772396576118,-0x1.bd07095de73e9p+1,-3.4767772396576118,-0x1.bd07095de73e9p+1,9.542040148649023e-05,0.010224235759606667,0.009332766157786752,9.49365727632424e-05,8.306845501622275e-05,4.838287232478372e-07,1.235194647026748e-05,-1.2316094892410674,0.0,-1.9523939225471063,-1.5243833171105055,False,114,-4.059490369545455,-0x1.03ceb0b1e7fadp+2,-1.9523939225471063,-0x1.f3d0168e3fbd1p+0,0.4809455731670372,-0.18921371864309924,-0x1.83827b6c3697dp-3,0.396237829060843,0x1.95bf5e950476bp-2,-2.0941284379503107,-0.09958512386381745,-0x1.97e692229c7cfp-4,-0.36238395714916044,-0x1.7314c7b233ed3p-2,3.638936651268518,-0.09134988982719705,-0x1.762b4d54d0f48p-4,-0.22849484993949487,-0x1.d3f51b9e5b414p-3,2.501315002916035,-0.6540591966309912,-0x1.4ee0d8d65b354p-1,-0.09725242799443133,-0x1.8e588fdb1534fp-4,0.14869055965480057,-0.07651883322688716,-0x1.396bcfe3cd0a2p-4,-0.0008804218471944002,-0x1.cd983852b4c5bp-11,0.011505949712848443,-1.2316094892410674
H593-c317503b769e0f3acf782e33,DIFFICULT-0043,7,842,/hkfs/work/workspace/scratch/ap7811-benchmark/dailymed/data/box_flat_20000_images/data/raw_images/otc/01 24 17 4326229C7.jpg,68,390.65521240234375,0x1.86a7bc0000000p+8,False,False,False,CHALLENGER,7,-3.6236006763310655,-0x1.cfd2259f4d7e0p+1,-3.6236006763310655,-0x1.cfd2259f4d7e0p+1,8.016218828375669e-05,0.008665388755912143,0.009250847312426041,8.030981966609529e-05,7.465681421275702e-05,-1.4763138233859358e-07,5.505374070999676e-06,-1.2316094892410674,0.0,-1.9103181795147857,-1.7132824968162799,False,123,-3.9720049130201955,-0x1.fc6aa8307c8d6p+1,-1.9103181795147857,-0x1.e90a9cb9f8631p+0,0.4809455731670372,-0.2716475716547402,-0x1.162ac7f12e010p-2,0.5688649049023361,0x1.234242c4cb9d3p-1,-2.0941284379503107,-0.1806247014383167,-0x1.71eb5d0c37fb1p-3,-0.657281846188324,-0x1.50873f034446fp-1,3.638936651268518,-0.09571946790447267,-0x1.88112303d7fd4p-4,-0.23942454114059736,-0x1.ea5769f078292p-3,2.501315002916035,-0.999999593658131,-0x1.fffff25d8cc7cp-1,-0.14869049923560065,-0x1.3084a4fb8ae41p-3,0.14869055965480057,-0.4468145647539131,-0x1.c989c1dbfa666p-2,-0.005141025913026789,-0x1.50ec1a2a12183p-8,0.011505949712848443,-1.2316094892410674
H593-c317503b769e0f3acf782e33,DIFFICULT-0043,8,888,/hkfs/work/workspace/scratch/ap7811-benchmark/dailymed/data/box_flat_20000_images/data/raw_images/otc/120ct 180mg Equate Allergy Relief CTN-.jpg,51,392.243896484375,0x1.883e700000000p+8,False,False,False,CHALLENGER,8,-2.6049205836186697,-0x1.4d6e09a5a8e2cp+1,-2.6049205836186697,-0x1.4d6e09a5a8e2cp+1,0.0002618487410214215,0.018214749785740628,0.014375643042124528,0.0002580514694671731,0.00028556419490234077,3.7972715542483712e-06,-2.3715453880919285e-05,-1.2316094892410674,-4.440892098500626e-16,-1.751249259342195,-0.8536713242764746,False,60,-3.6412628726576695,-0x1.d214e6dd1a12fp+1,-1.751249259342195,-0x1.c051df1804d9fp+0,0.4809455731670372,0.3033597379451754,0x1.36a3ef659733dp-2,-0.6352742541601457,-0x1.4542aac3379ccp-1,-2.0941284379503107,0.18660664986906741,0x1.7e2ba0933aea5p-3,0.679049777578981,0x1.5bac69961d97ap-1,3.638936651268518,0.12375895249955562,0x1.faeaaad92a39ap-4,0.3095601246323114,0x1.3cfd544dc40e8p-2,2.501315002916035,0.24284303191974152,0x1.f157b0014112bp-3,0.036108466324414966,0x1.27ccf13f1b46bp-5,0.14869055965480057,-0.9999999737631586,-0x1.ffffff1ea0936p-1,-0.011505949410968665,-0x1.7906e636fb321p-7,0.011505949712848443,-1.2316094892410674
H593-c317503b769e0f3acf782e33,DIFFICULT-0043,9,891,/hkfs/work/workspace/scratch/ap7811-benchmark/dailymed/data/box_flat_20000_images/data/raw_images/otc/124 1J nicotine lozenge image.jpg,7,403.21832275390625,0x1.9337e40000000p+8,False,False,False,CHALLENGER,9,-1.3120659810300126,-0x1.4fe38e5eb7d2dp+0,-1.3120659810300126,-0x1.4fe38e5eb7d2dp+0,0.0006702941642946708,0.01981381215462543,0.03382964161887415,0.000680558886029886,0.0005205171244079251,-1.0264721735215167e-05,0.00014977703988674573,-1.2316094892410674,0.0,-0.6524215213717545,-0.6596444596582581,False,10,-1.35653919647403,-0x1.5b46271c991bap+0,-0.6524215213717545,-0x1.4e0a3192ff1abp-1,0.4809455731670372,0.6545341930906128,0x1.4f1f1b12e0388p-1,-1.370678667361912,-0x1.5ee4cc11a4ef3p+0,-2.0941284379503107,0.22687542799280766,0x1.d0a4107bf5fd3p-3,0.8255853101952593,0x1.a6b31e26b17cap-1,3.638936651268518,0.5022403094349591,0x1.0125a44f831b9p-1,1.256261221058855,0x1.419a55dbae498p+0,2.501315002916035,-0.9999999204965613,-0x1.fffffd551216ep-1,-0.14869054783338978,-0x1.3084ab8159909p-3,0.14869055965480057,0.8245919511886911,0x1.a630ea8dccee7p-1,0.009487713523996659,0x1.36e4b5a6522afp-7,0.011505949712848443,-1.2316094892410674
H593-c317503b769e0f3acf782e33,DIFFICULT-0043,10,902,/hkfs/work/workspace/scratch/ap7811-benchmark/dailymed/data/box_flat_20000_images/data/raw_images/otc/14-mg-step-2.jpg,64,390.921630859375,0x1.86ebf00000000p+8,False,False,False,CHALLENGER,10,-2.776071073589309,-0x1.63564c0438064p+1,-2.776071073589309,-0x1.63564c0438064p+1,0.00024179451918905843,0.0166357504715647,0.01453463248335896,0.00023561719761434443,0.00026607378883091587,6.177321574713993e-06,-2.4279269641857442e-05,-1.2316094892410674,0.0,-1.8836427084420069,-0.892428365147302,False,67,-3.9165402771839197,-0x1.f5513119fc610p+1,-1.8836427084420069,-0x1.e23668961b76ep+0,0.4809455731670372,0.26676374282877563,0x1.112a83bcd5243p-2,-0.5586375400718023,-0x1.1e05bd59da417p-1,-2.0941284379503107,0.14250368609129657,0x1.23d8f8fa9292bp-3,0.5185618862584829,0x1.0980f18cdd50ap-1,3.638936651268518,0.12917044835270974,0x1.088a841a46bfcp-3,0.32309598039802373,0x1.4ad9ac351d413p-2,2.501315002916035,0.45508435156559557,0x1.d201a1db95180p-2,0.06766674692443042,0x1.1529ba1112fe8p-4,0.14869055965480057,-0.9999999741456159,-0x1.ffffff21e99bbp-1,-0.0115059494153692,-0x1.7906e63966841p-7,0.011505949712848443,-1.2316094892410674
H593-c317503b769e0f3acf782e33,DIFFICULT-0043,11,936,/hkfs/work/workspace/scratch/ap7811-benchmark/dailymed/data/box_flat_20000_images/data/raw_images/otc/200000002740_R-00_Final.jpg,94,389.3310546875,0x1.8554c00000000p+8,False,False,False,CHALLENGER,11,-2.972059090880734,-0x1.7c6c6eaa8e5e0p+1,-2.972059090880734,-0x1.7c6c6eaa8e5e0p+1,0.0001872115913834355,0.01775105153802804,0.010546507117190919,0.00018219091821398473,0.00018411197661848903,5.020673169450768e-06,3.0996147649464743e-06,-1.2316094892410674,4.440892098500626e-16,-2.0429010764045756,-0.9291580144761582,False,75,-4.247676224467619,-0x1.0fd9ed6105739p+2,-2.0429010764045756,-0x1.057dc8500f780p+1,0.4809455731670372,0.1444348355734138,0x1.27cd73798710ap-3,-0.302465096604963,-0x1.35b9690866312p-2,-2.0941284379503107,0.17413283696364387,0x1.649fc1bf5930fp-3,0.633658362616369,0x1.446ede708c65cp-1,3.638936651268518,-0.030464201445614465,-0x1.f3201f3a17442p-6,-0.07620056412777182,-0x1.381e152dd936cp-4,2.501315002916035,0.36914574003503847,0x1.7a015743a2015p-2,0.054888486679995394,0x1.c1a57fe6f5db6p-5,0.14869055965480057,-0.6457279915298192,-0x1.4a9cdbfb76f51p-1,-0.007429713798720725,-0x1.e6e9e9c8bdc17p-8,0.011505949712848443,-1.2316094892410674
H593-c317503b769e0f3acf782e33,DIFFICULT-0043,12,972,/hkfs/work/workspace/scratch/ap7811-benchmark/dailymed/data/box_flat_20000_images/data/raw_images/otc/300000165_R-03-Final.jpg,70,390.5382385253906,0x1.8689ca0000000p+8,False,False,False,CHALLENGER,12,-2.886384526413188,-0x1.71750c5450030p+1,-2.886384526413188,-0x1.71750c5450030p+1,0.0002507959716608244,0.013520789788742747,0.018548914344458947,0.0002403990190257441,0.00021463826889889275,1.0396952635080304e-05,3.615770276193164e-05,-1.2316094892410674,4.440892098500626e-16,-1.922030330788779,-0.9643541956244093,False,71,-3.996357255421163,-0x1.ff88a27195468p+1,-1.922030330788779,-0x1.ec0a2e04a86a0p+0,0.4809455731670372,0.2836546970892651,0x1.2276607d6bb45p-2,-0.5940093677328113,-0x1.3021feefdc312p-1,-2.0941284379503107,0.039796436476086695,0x1.46032d2530335p-5,0.14481671128271123,0x1.2895a9f6fcf78p-3,3.638936651268518,0.2466424715914857,0x1.f91fb02a52009p-3,0.6169305145480751,0x1.3bde50ffc6e0fp-1,2.501315002916035,0.6359882183833879,0x1.45a03f6d32277p-1,0.09456544412528547,0x1.83570e1d98d92p-4,0.14869055965480057,0.4303852803969275,0x1.b8b6eb3ff0395p-2,0.004951991393397225,0x1.4488a115afda5p-8,0.011505949712848443,-1.2316094892410674
H593-c317503b769e0f3acf782e33,DIFFICULT-0043,13,1008,/hkfs/work/workspace/scratch/ap7811-benchmark/dailymed/data/box_flat_20000_images/data/raw_images/otc/4 mg Carton.jpg,24,397.0028076171875,0x1.8d00b80000000p+8,False,False,False,CHALLENGER,13,-0.9823290746461458,-0x1.f6f3d62307c05p-1,-0.9823290746461458,-0x1.f6f3d62307c05p-1,0.0012755558265971716,0.035310822086039195,0.03612365136923524,0.0012043901732809125,0.000997278777555896,7.116565331625915e-05,0.00027827704904127555,-1.2316094892410674,0.0,-1.2747575114511174,0.29242843680497155,False,7,-2.6505234325306524,-0x1.53445a12001abp+1,-1.2747575114511174,-0x1.4656821e034d1p+0,0.4809455731670372,0.8022525309876205,0x1.9ac0d7ff733aap-1,-1.6800198395587889,-0x1.ae15c7bb89422p+0,-2.0941284379503107,0.47754406899942076,0x1.e9014ffb014f7p-2,1.7377526152778942,0x1.bcdd5afb2832dp+0,3.638936651268518,0.5263644351852407,0x1.0d7fa3a5cbd67p-1,1.3166032587302674,0x1.510ce9420db3dp+0,2.501315002916035,0.9370337121465241,0x1.dfc2e1f9d66cdp-1,0.13932806707448198,0x1.1d58089bff944p-3,0.14869055965480057,0.9016052373842757,0x1.cd9f33a0ef80fp-1,0.01037382452218426,0x1.53edf287531f9p-7,0.011505949712848443,-1.2316094892410674
H593-c317503b769e0f3acf782e33,DIFFICULT-0043,14,1030,/hkfs/work/workspace/scratch/ap7811-benchmark/dailymed/data/box_flat_20000_images/data/raw_images/otc/46122011203.jpg,32,394.4541015625,0x1.8a74400000000p+8,False,False,False,CHALLENGER,14,-2.336799333022096,-0x1.2b1c3d94527f8p+1,-2.336799333022096,-0x1.2b1c3d94527f8p+1,0.0007191108118595958,0.016757107834518274,0.04291377837757219,0.0007213727929410032,0.0008881234191352299,-2.2619810814073415e-06,-0.00016901260727563404,-1.2316094892410674,0.0,-1.5299497957711845,-0.8068495372509117,False,39,-3.18112876202692,-0x1.972f3a2ea2a2ap+1,-1.5299497957711845,-0x1.87aaca315bef1p+0,0.4809455731670372,0.6741653344736681,0x1.592c32df5296bp-1,-1.4117887988015914,-0x1.696afd9fb642fp+0,-2.0941284379503107,0.14606227277101197,0x1.2b22b265d8f0ap-3,0.5315113577540151,0x1.102241b603192p-1,3.638936651268518,0.5857854241213778,0x1.2bec112e264d2p-1,1.4652338698443348,0x1.7719911ff9128p+0,2.501315002916035,-0.9999997814366084,-0x1.fffff8aa8e04ep-1,-0.14869052715648756,-0x1.3084a8bae59c0p-3,0.14869055965480057,-0.9999999945477791,-0x1.ffffffd12a708p-1,-0.011505949650115463,-0x1.7906e6ba741d8p-7,0.011505949712848443,-1.2316094892410674
H593-c317503b769e0f3acf782e33,DIFFICULT-0043,15,1065,/hkfs/work/workspace/scratch/ap7811-benchmark/dailymed/data/box_flat_20000_images/data/raw_images/otc/5528754006.jpg,121,388.148193359375,0x1.8425f00000000p+8,False,False,False,CHALLENGER,15,-3.613017053514433,-0x1.ce7757c25e0d0p+1,-3.613017053514433,-0x1.ce7757c25e0d0p+1,0.00014401002852515798,0.011019540525461786,0.01306860555505086,0.00014445265226225012,0.00013954179377942793,-4.4262373709213414e-07,4.468234745730055e-06,-1.2316094892410674,-4.440892098500626e-16,-2.161336501236294,-1.4516805522781389,False,121,-4.493931583575758,-0x1.1f9c93377ad70p+2,-2.161336501236294,-0x1.14a6acaa3b005p+1,0.4809455731670372,0.014272729578339255,0x1.d3b05561be443p-7,-0.02988892889717478,-0x1.e9b341080dae6p-6,-2.0941284379503107,-0.06238061852723491,-0x1.ff05a38f51b86p-5,-0.22699911908755507,-0x1.d0e4ea059d67fp-3,3.638936651268518,0.07658516119254229,0x1.39b15caae4cadp-4,0.19156361269164893,0x1.885280dce9f81p-3,2.501315002916035,-0.9999996371519129,-0x1.fffff3d3289e4p-1,-0.14869050570271544,-0x1.3084a5d9c03bfp-3,0.14869055965480057,-0.5263469937220404,-0x1.0d7d5a68c4a64p-1,-0.006056122041274752,-0x1.8ce4de1b9cb39p-8,0.011505949712848443,-1.2316094892410674
H593-c317503b769e0f3acf782e33,DIFFICULT-0043,16,1092,/hkfs/work/workspace/scratch/ap7811-benchmark/dailymed/data/box_flat_20000_images/data/raw_images/otc/63004CVS New item2.jpg,74,390.3296813964844,0x1.8654660000000p+8,False,False,False,CHALLENGER,16,-3.6259644958579083,-0x1.d01f9ac7155b2p+1,-3.6259644958579083,-0x1.d01f9ac7155b2p+1,5.995897527173678e-05,0.008712877576480019,0.006881650148923595,5.8469132471087606e-05,5.977711420847039e-05,1.4898428006491745e-06,1.8186106326638742e-07,-1.2316094892410674,4.440892098500626e-16,-1.9429123662196346,-1.6830521296382737,False,124,-4.03977596347444,-0x1.028bb07b92890p+2,-1.9429123662196346,-0x1.f162b46fe8453p+0,0.4809455731670372,-0.40015836745401173,-0x1.99c31d75be305p-2,0.8379830169692161,0x1.ad0c1c28f8eebp-1,-2.0941284379503107,-0.17797989385330504,-0x1.6c80b8fb90608p-3,-0.6476575589316721,-0x1.4b99c5853cc97p-1,3.638936651268518,-0.2392154332115769,-0x1.e9e9c7f2bcd0cp-3,-0.598353152021176,-0x1.325b5826c7684p-1,2.501315002916035,-0.21653034093063986,-0x1.bb7442671c521p-3,-0.032196017575221614,-0x1.07bff151812c0p-5,0.14869055965480057,-0.9750545690135395,-0x1.f33a5a3b75018p-1,-0.011218928838352897,-0x1.6f9f323a7af1cp-7,0.011505949712848443,-1.2316094892410674
H593-c317503b769e0f3acf782e33,DIFFICULT-0043,17,1130,/hkfs/work/workspace/scratch/ap7811-benchmark/dailymed/data/box_flat_20000_images/data/raw_images/otc/734-uw-mint-mini-nicotine-lozenge.jpg,2,408.55755615234375,0x1.988ebc0000000p+8,True,False,True,CHALLENGER,17,1.1694269776622939,0x1.2b5f91001ea30p+0,1.1694269776622939,0x1.2b5f91001ea30p+0,0.012278310741443142,0.04695500104096659,0.261491012016606,0.008751550867902065,0.008342130390022047,0.003526759873541077,0.0039361803514210945,-1.2316094892410674,0.0,-0.11782430292856205,1.2872512805908558,False,1,-0.24498469162048092,-0x1.f5ba88b43eb0ep-3,-0.11782430292856205,-0x1.e29bbc7c08e48p-4,0.4809455731670372,0.977459490131689,0x1.f47591fe8f95bp-1,-2.046925715229181,-0x1.0601a96e20185p+1,-2.0941284379503107,0.5798907443920581,0x1.28e7708cd57f1p-1,2.110185683499644,0x1.0e1a90818f270p+1,3.638936651268518,0.9177904818631116,0x1.d5e8a2505d423p-1,2.295683101817738,0x1.25d8f1a224bd3p+1,2.501315002916035,0.9986889758825857,0x1.ff54295495376p-1,0.14849562274506128,0x1.301e791a5043ep-3,0.14869055965480057,0.9927104918515528,0x1.fc448cb1cc076p-1,0.011422076998661011,0x1.76475394b0b6cp-7,0.011505949712848443,-1.2316094892410674
H593-c317503b769e0f3acf782e33,DIFFICULT-0043,18,1140,/hkfs/work/workspace/scratch/ap7811-benchmark/dailymed/data/box_flat_20000_images/data/raw_images/otc/812-6e-mucus-dm.jpg,83,389.6842956542969,0x1.85af2e0000000p+8,False,False,False,CHALLENGER,18,-2.1126568295306734,-0x1.0e6b89fb40ad5p+1,-2.1126568295306734,-0x1.0e6b89fb40ad5p+1,0.001120552556441336,0.022981931634568676,0.04875797971463101,0.001095006852472093,0.0012889433310960376,2.5545703969243007e-05,-0.00016839077465470153,-1.2316094892410674,0.0,-2.0075323962593967,-0.10512443327127663,False,34,-4.174136343619407,-0x1.0b250cc338fbep+2,-2.0075323962593967,-0x1.00f6d251cc1c9p+1,0.4809455731670372,0.7779357750150538,0x1.8e4d991027f8dp-1,-1.629097429357939,-0x1.a10c8775170b7p+0,-2.0941284379503107,0.2959339655171077,0x1.2f09503eafafep-2,1.076884953475437,0x1.13aebb78bb428p+0,3.638936651268518,0.6261533415157259,0x1.40972bb82eaccp-1,1.5662067472592929,0x1.90f2ece640d1cp+0,2.501315002916035,0.833924726161313,0x1.aaf82e84608f8p-1,0.12399673424290195,0x1.fbe3ffe62523ap-4,0.14869055965480057,-0.9999999945292312,-0x1.ffffffd101a6fp-1,-0.011505949649902052,-0x1.7906e6ba56149p-7,0.011505949712848443,-1.2316094892410674
H593-c317503b769e0f3acf782e33,DIFFICULT-0043,19,1159,/hkfs/work/workspace/scratch/ap7811-benchmark/dailymed/data/box_flat_20000_images/data/raw_images/otc/854-6e-nicotine-2.jpg,37,393.98565673828125,0x1.89fc540000000p+8,False,False,False,CHALLENGER,19,-3.3290276955671234,-0x1.aa1d945bf8327p+1,-3.3290276955671234,-0x1.aa1d945bf8327p+1,0.00010581073518471304,0.007030359927098269,0.015050543113286331,0.00010864054221329857,0.00011348304282923149,-2.8298070285855294e-06,-7.672307644518452e-06,-1.2316094892410674,0.0,-1.5768534018384415,-1.752174293728682,False,103,-3.278652491704679,-0x1.a3aae28569066p+1,-1.5768534018384415,-0x1.93acaa1f7b820p+0,0.4809455731670372,-0.13893728532939056,-0x1.1c8b26c57a5fdp-3,0.29095252029989327,0x1.29ef751d81dc8p-2,-2.0941284379503107,-0.27953522017669946,-0x1.1e3e7b12f4d25p-2,-1.0172109580214066,-0x1.0467eff5d5b38p+0,3.638936651268518,0.14627910228952284,0x1.2b9460c35fb8ep-3,0.3658901131698728,0x1.76abe5d7fa34fp-2,2.501315002916035,-0.999999805566914,-0x1.fffff979d51f5p-1,-0.1486905307444362,-0x1.3084a9362d8a1p-3,0.14869055965480057,-0.9999999546920832,-0x1.fffffe7aced66p-1,-0.011505949191537832,-0x1.7906e5be590d2p-7,0.011505949712848443,-1.2316094892410674
H593-c317503b769e0f3acf782e33,DIFFICULT-0043,20,1183,/hkfs/work/workspace/scratch/ap7811-benchmark/dailymed/data/box_flat_20000_images/data/raw_images/otc/964901_LR.jpg,63,391.2747497558594,0x1.8746560000000p+8,False,False,False,CHALLENGER,20,-3.053222186398699,-0x1.86cffc0f00840p+1,-3.053222186398699,-0x1.86cffc0f00840p+1,0.00021023668044960835,0.014581385422274717,0.014418155364609457,0.00021283606001545882,0.00019395873157341807,-2.5993795658504773e-06,1.6277948876190274e-05,-1.2316094892410674,-4.440892098500626e-16,-1.848286250734891,-1.204935935663808,False,82,-3.8430258096854604,-0x1.ebe8450d24387p+1,-1.848286250734891,-0x1.d92949a88d852p+0,0.4809455731670372,0.20068788273387464,0x1.9b023fa85d21dp-3,-0.42026620238504403,-0x1.ae5a436b6e787p-2,-2.0941284379503107,0.07742084995975469,0x1.3d1da529b0d25p-4,0.28172956849091213,0x1.207db74bf04aap-2,3.638936651268518,0.1252125135662964,0x1.006f6b16899fdp-3,0.3131959387362047,0x1.40b66fa872b51p-2,2.501315002916035,-0.9999997964471942,-0x1.fffff92b7ea57p-1,-0.14869052938841995,-0x1.3084a90795e4fp-3,0.14869055965480057,0.06125336379837406,0x1.f5c99d491695bp-5,0.0007047781236069032,0x1.7181b7ef4376ap-11,0.011505949712848443,-1.2316094892410674
H593-c317503b769e0f3acf782e33,DIFFICULT-0043,21,1250,/hkfs/work/workspace/scratch/ap7811-benchmark/dailymed/data/box_flat_20000_images/data/raw_images/otc/ART_050-UNI-1148-pd.jpg,96,389.3161926269531,0x1.8550f20000000p+8,False,False,False,CHALLENGER,21,-2.7125347232832553,-0x1.5b34567ae20c0p+1,-2.7125347232832553,-0x1.5b34567ae20c0p+1,0.0003568228270098327,0.02004428746148267,0.017801721697291936,0.0003515451287004953,0.00031452842237648097,5.2776983093374215e-06,4.229440463335174e-05,-1.2316094892410674,-4.440892098500626e-16,-2.0443891582387614,-0.6681455650444938,False,66,-4.250770299800067,-0x1.100c9edf1cc30p+2,-2.0443891582387614,-0x1.05ae8b3f775a8p+1,0.4809455731670372,0.4365430168466151,0x1.bf0521f29d120p-2,-0.9141771459671183,-0x1.d40f06e15bd93p-1,-2.0941284379503107,0.23235300369305975,0x1.dbdbe43fe997bp-3,0.8455178611710045,0x1.b0e7b793d3a05p-1,3.638936651268518,0.22723937700688468,0x1.d162e0e4dd26cp-3,0.5683972629606137,0x1.2304f74f1a7ebp-1,2.501315002916035,0.39050581916573435,0x1.8fe0c1e8dbaaep-2,0.05806452880020939,0x1.dbaa24882544ep-5,0.14869055965480057,0.49204258432859044,0x1.f7da02dfb8f3fp-2,0.005661417231864751,0x1.7306d1dc206ffp-8,0.011505949712848443,-1.2316094892410674
H593-c317503b769e0f3acf782e33,DIFFICULT-0043,22,1262,/hkfs/work/workspace/scratch/ap7811-benchmark/dailymed/data/box_flat_20000_images/data/raw_images/otc/ART_ASP00019_Page_1.jpg,86,389.54595947265625,0x1.858bc40000000p+8,False,False,False,CHALLENGER,22,-3.0994042716171126,-0x1.8cb94777d6cf4p+1,-3.0994042716171126,-0x1.8cb94777d6cf4p+1,0.0002534518956211734,0.01720263439893325,0.014733318731513016,0.00025696124935163704,0.00027118611848046093,-3.5093537304636585e-06,-1.7734222859287546e-05,-1.2316094892410674,0.0,-2.021383474194437,-1.0780207974226754,False,83,-4.202936022227178,-0x1.0cfce75ea9590p+2,-2.021383474194437,-0x1.02bcb1952b841p+1,0.4809455731670372,0.28849078102354,0x1.276a2096c63f8p-2,-0.6041367486278909,-0x1.35516973564e1p-1,-2.0941284379503107,0.15887708435320524,0x1.4561594b0bfb0p-3,0.5781436452995585,0x1.280271a1e7560p-1,3.638936651268518,0.13583985952342972,0x1.163335512bc15p-3,0.3397782786199614,0x1.5beed64a4171bp-2,2.501315002916035,-0.9999998282584944,-0x1.fffffa3cc06f7p-1,-0.14869053411846,-0x1.3084a9aa1bc44p-3,0.14869055965480057,-0.9999999688794547,-0x1.fffffef4ad328p-1,-0.011505949354777015,-0x1.7906e61816ec8p-7,0.011505949712848443,-1.2316094892410674
H593-c317503b769e0f3acf782e33,DIFFICULT-0043,23,1381,/hkfs/work/workspace/scratch/ap7811-benchmark/dailymed/data/box_flat_20000_images/data/raw_images/otc/AWGAS Hydrocortisone Cream 1 percent  1oz 081023 CDER.jpg,60,391.3536376953125,0x1.875a880000000p+8,False,False,False,CHALLENGER,23,-3.2954750845904583,-0x1.a5d220a88ca73p+1,-3.2954750845904583,-0x1.a5d220a88ca73p+1,0.00012387894978274736,0.011671921818327437,0.010613414972351054,0.0001247708235623019,0.00012525864522836905,-8.918737795545319e-07,-1.3796954456216917e-06,-1.2316094892410674,0.0,-1.840387500136594,-1.4550875844538644,False,100,-3.8266024324074794,-0x1.e9ce1bc6fdf97p+1,-1.840387500136594,-0x1.d723a29d0dca3p+0,0.4809455731670372,-0.06093972719602419,-0x1.f337deeab0d47p-5,0.1276156157221282,0x1.055b55ffe2308p-3,-2.0941284379503107,-0.03369096436476233,-0x1.13ff12c3c1609p-5,-0.1225992850435152,-0x1.f62aaafc65e84p-4,3.638936651268518,-0.027304823088421637,-0x1.bf5cba8c05840p-6,-0.06829796364303718,-0x1.17bf9b03af11fp-4,2.501315002916035,-0.9999996880093573,-0x1.fffff58805524p-1,-0.1486905132647373,-0x1.3084a6dd947b6p-3,0.14869055965480057,-0.9999999366229638,-0x1.fffffddf986c7p-1,-0.011505948983635453,-0x1.7906e54c0d648p-7,0.011505949712848443,-1.2316094892410674
H593-c317503b769e0f3acf782e33,DIFFICULT-0043,24,1452,/hkfs/work/workspace/scratch/ap7811-benchmark/dailymed/data/box_flat_20000_images/data/raw_images/otc/Artemic Box V5-3 MECH 9.14.22-page-001.jpg,55,391.642822265625,0x1.87a4900000000p+8,False,False,False,CHALLENGER,24,-3.0360288878964594,-0x1.849c98379cff6p+1,-3.0360288878964594,-0x1.849c98379cff6p+1,0.0002130760164680006,0.013904694345169865,0.015324034543917736,0.000214607550244529,0.0001685226354585269,-1.5315337765283853e-06,4.455338100947372e-05,-1.2316094892410674,0.0,-1.8114325443650416,-1.2245963435314178,False,79,-3.766398206842239,-0x1.e21956210cdbep+1,-1.8114325443650416,-0x1.cfba0b10f53a7p+0,0.4809455731670372,0.20711650355382094,0x1.a82cb289cde20p-3,-0.433728560060893,-0x1.bc2356f335f8ep-2,-2.0941284379503107,0.05376458148591508,0x1.b8707fe548c3ap-5,0.19564590610920918,0x1.90aecd02aec6cp-3,3.638936651268518,0.15507880769789714,0x1.3d99f53aebcf3p-3,0.3879009483290808,0x1.8d35e7fca4a59p-2,2.501315002916035,-0.9999997399141524,-0x1.fffff745e12c3p-1,-0.14869052098249033,-0x1.3084a7e6c28e3p-3,0.14869055965480057,0.5115068691957798,0x1.05e43a75c01d6p-1,0.005885372314743189,0x1.81b4299dd9e0fp-8,0.011505949712848443,-1.2316094892410674
H593-c317503b769e0f3acf782e33,DIFFICULT-0043,25,1594,/hkfs/work/workspace/scratch/ap7811-benchmark/dailymed/data/box_flat_20000_images/data/raw_images/otc/BN2295_L_01_Herb-Street_BackMuscles.jpg,125,387.952392578125,0x1.83f3d00000000p+8,False,False,False,CHALLENGER,25,-3.3969084722929748,-0x1.b2cde59600779p+1,-3.3969084722929748,-0x1.b2cde59600779p+1,0.0002279358164806513,0.014166071975614935,0.016090262485819174,0.00022940916065983014,0.0002556295762802056,-1.4733441791788275e-06,-2.7693759799554267e-05,-1.2316094892410674,0.0,-2.1809412918895528,-1.215967180403422,False,107,-4.53469459657983,-0x1.22386faf6a215p+2,-2.1809412918895528,-0x1.1729159194affp+1,0.4809455731670372,0.2391423769724461,0x1.e9c37a8179918p-3,-0.5007948523370329,-0x1.00682ed195dd8p-1,-2.0941284379503107,0.06304440211392895,0x1.023ad8d467362p-4,0.2294145855096865,0x1.d5d7506fea7e7p-3,3.638936651268518,0.1787935725693654,0x1.6e2b53175d08ep-3,0.4472190454927105,0x1.c9f3ca1a287a0p-2,2.501315002916035,-0.9999997359174504,-0x1.fffff7238c550p-1,-0.14869052038821848,-0x1.3084a7d25748fp-3,0.14869055965480057,-0.9999999762428833,-0x1.ffffff33ed8c4p-1,-0.011505949439500254,-0x1.7906e646aaa8ep-7,0.011505949712848443,-1.2316094892410674
H593-c317503b769e0f3acf782e33,DIFFICULT-0043,26,1614,/hkfs/work/workspace/scratch/ap7811-benchmark/dailymed/data/box_flat_20000_images/data/raw_images/otc/BP Mobility box 2024.jpg,4,404.76971435546875,0x1.94c50c0000000p+8,False,False,False,CHALLENGER,26,-2.002750470419695,-0x1.005a209e40278p+1,-2.002750470419695,-0x1.005a209e40278p+1,0.00011971042596459304,0.010806379262782198,0.011077755375186835,0.00012610393368362412,0.0001479603191432048,-6.393507719031075e-06,-2.8249893178611753e-05,-1.2316094892410674,-4.440892098500626e-16,-0.49708655602745,-1.505663914392245,False,26,-1.0335609344610952,-0x1.0897730bef00ap+0,-0.49708655602745,-0x1.fd044215ad3acp-2,0.4809455731670372,-0.0779713273351506,-0x1.3f5edccee2073p-4,0.16328197391727128,0x1.4e66c790020f0p-3,-2.0941284379503107,-0.07210311820150858,-0x1.27559969d774ep-4,-0.2623786794942158,-0x1.0cacff1e619c4p-2,3.638936651268518,-0.0059013868851246895,-0x1.82c0d7ac330afp-8,-0.014761227553774313,-0x1.e3b226cbcfa8cp-7,2.501315002916035,-0.99999988514801,-0x1.fffffc256dcd9p-1,-0.1486905425773939,-0x1.3084aaccc1560p-3,0.14869055965480057,-0.9999999765526723,-0x1.ffffff3696c7fp-1,-0.01150594944306467,-0x1.7906e648a04e8p-7,0.011505949712848443,-1.2316094892410674
H593-c317503b769e0f3acf782e33,DIFFICULT-0043,27,1615,/hkfs/work/workspace/scratch/ap7811-benchmark/dailymed/data/box_flat_20000_images/data/raw_images/otc/BP Relief box 2024.jpg,18,397.8958740234375,0x1.8de5580000000p+8,False,False,False,CHALLENGER,27,-2.5624706182763894,-0x1.47ff09873a9f8p+1,-2.5624706182763894,-0x1.47ff09873a9f8p+1,0.00012233461904111853,0.01340750448276344,0.009124339223484188,0.0001223274141885845,0.0001443549235093265,7.2048525340262515e-09,-2.2020304468207952e-05,-1.2316094892410674,4.440892098500626e-16,-1.1853381545812667,-1.3771324636951228,False,58,-2.4645993657365195,-0x1.3b77fdf4ca543p+1,-1.1853381545812667,-0x1.2f725240a0a60p+0,0.4809455731670372,-0.06718636811073038,-0x1.1332035c5c965p-4,0.14069688410327838,0x1.2025b01efb413p-3,-2.0941284379503107,0.035595471203681166,0x1.23991d16939f7p-5,0.1295296647822485,0x1.0946d950d013dp-3,3.638936651268518,-0.10253662011859553,-0x1.a3fd7060d3f0fp-4,-0.25647638625094515,-0x1.06a1beec93880p-2,2.501315002916035,-0.9937899758718752,-0x1.fcd20a2aecb6fp-1,-0.1477671876917199,-0x1.2ea09034766ffp-3,0.14869055965480057,-0.9999999725419518,-0x1.ffffff14231d1p-1,-0.011505949396917521,-0x1.7906e62f41ac4p-7,0.011505949712848443,-1.2316094892410674
H593-c317503b769e0f3acf782e33,DIFFICULT-0043,28,1631,/hkfs/work/workspace/scratch/ap7811-benchmark/dailymed/data/box_flat_20000_images/data/raw_images/otc/BUX0ABS6-Back-card.jpg,95,389.3236083984375,0x1.8552d80000000p+8,False,False,False,CHALLENGER,28,-1.7665534998663213,-0x1.c43cd9a48f68ap+0,-1.7665534998663213,-0x1.c43cd9a48f68ap+0,0.0021635096515447466,0.03647248523808781,0.05931895338147721,0.0022576653250930656,0.0020846748948006055,-9.415567354831896e-05,7.883475674414116e-05,-1.2316094892410674,2.220446049250313e-16,-2.043646645126427,0.27709314526010553,False,17,-4.2492264388025625,-0x1.0ff35372fd27cp+2,-2.043646645126427,-0x1.05963698b2f5ap+1,0.4809455731670372,0.8784813828312693,0x1.c1c84fd2cf70dp-1,-1.8396528459968748,-0x1.d6f37d298cc66p+0,-2.0941284379503107,0.48994069522800765,0x1.f5b3037bef684p-2,1.7828631528131758,0x1.c869b83693776p+0,3.638936651268518,0.6821335431735537,0x1.5d409b96deba9p-1,1.7062308655322826,0x1.b4cb8bc6e30dbp+0,2.501315002916035,-0.9999999896339783,-0x1.ffffffa6f4e09p-1,-0.148690558113471,-0x1.3084ace2921d9p-3,0.14869055965480057,0.6911224596419366,0x1.61dacd9362eadp-1,0.00795202026606025,0x1.0492617d6bfcap-7,0.011505949712848443,-1.2316094892410674
H593-c317503b769e0f3acf782e33,DIFFICULT-0043,29,1787,/hkfs/work/workspace/scratch/ap7811-benchmark/dailymed/data/box_flat_20000_images/data/raw_images/otc/Bottle Carton.jpg,34,394.3348388671875,0x1.8a55b80000000p+8,False,False,False,CHALLENGER,29,-3.3594013679078154,-0x1.ae00dd30a69f2p+1,-3.3594013679078154,-0x1.ae00dd30a69f2p+1,9.374088961220092e-05,0.006322255831639219,0.014827126916168467,0.00010261560719556399,8.963678835333851e-05,-8.874717583363075e-06,4.104101258862406e-06,-1.2316094892410674,4.440892098500626e-16,-1.5418911177588612,-1.8175102501489542,False,106,-3.205957604735759,-0x1.9a5cd19c59ee2p+1,-1.5418911177588612,-0x1.8ab96054c466dp+0,0.4809455731670372,-0.19776021508923722,-0x1.95034ec210cafp-3,0.4141352903135418,0x1.a81314e01083cp-2,-2.0941284379503107,-0.3277083648309341,-0x1.4f92c8164c495p-2,-1.192509979710561,-0x1.3148558302af0p+0,3.638936651268518,0.13895339569355028,0x1.1c93991160251p-3,0.3475662133544057,0x1.63e865be34f8fp-2,2.501315002916035,-0.9999999106190642,-0x1.fffffd00393e6p-1,-0.14869054636469922,-0x1.3084ab4ee2d37p-3,0.14869055965480057,-0.5563850581952157,-0x1.1cde8099dceeap-1,-0.006401738500574406,-0x1.a38b597f5ce41p-8,0.011505949712848443,-1.2316094892410674
H593-c317503b769e0f3acf782e33,DIFFICULT-0043,30,1804,/hkfs/work/workspace/scratch/ap7811-benchmark/dailymed/data/box_flat_20000_images/data/raw_images/otc/Bottle9.jpg,116,388.2330017089844,0x1.843ba60000000p+8,False,False,False,CHALLENGER,30,-3.127495913597474,-0x1.9051c93da32c6p+1,-3.127495913597474,-0x1.9051c93da32c6p+1,0.00032555323026792546,0.015327085724266035,0.021240386863140295,0.00032425108311445164,0.00038349884321701994,1.3021471534738227e-06,-5.794561294909448e-05,-1.2316094892410674,-4.440892098500626e-16,-2.152844962391935,-0.9746509512055388,False,87,-4.476275658834749,-0x1.1e7b4ce6a4dedp+2,-2.152844962391935,-0x1.13906c796a758p+1,0.4809455731670372,0.3986940721342563,0x1.98434243b3e99p-2,-0.8349165944985586,-0x1.ab7a3018849c0p-1,-2.0941284379503107,0.10215640157743942,0x1.a26ec03da262fp-4,0.37174067386184934,0x1.7ca99653518e7p-2,3.638936651268518,0.3091282008263856,0x1.3c8c1a6348578p-2,0.7732270065514794,0x1.8be469030b8fdp-1,2.501315002916035,-0.27968553230268234,-0x1.1e65e2599e13cp-2,-0.04158659832543664,-0x1.54ad6af84ef5ep-5,0.14869055965480057,-0.9999999861772498,-0x1.ffffff8943737p-1,-0.011505949553804575,-0x1.7906e68581901p-7,0.011505949712848443,-1.2316094892410674
H593-c317503b769e0f3acf782e33,DIFFICULT-0043,31,1855,/hkfs/work/workspace/scratch/ap7811-benchmark/dailymed/data/box_flat_20000_images/data/raw_images/otc/Bravado Labs Delay Cream BOX.jpg,127,387.94683837890625,0x1.83f2640000000p+8,False,False,False,CHALLENGER,31,-3.6190266487976146,-0x1.cf3c43e5f8180p+1,-3.6190266487976146,-0x1.cf3c43e5f8180p+1,0.00013950988369312614,0.011371372627490774,0.01226851746603177,0.00014262225039311083,0.00013174530362783124,-3.112366699984688e-06,7.764580065294899e-06,-1.2316094892410674,0.0,-2.1814974128214253,-1.4375292359761893,False,122,-4.535850903993599,-0x1.224b61970bcf9p+2,-2.1814974128214253,-0x1.173b4ea630358p+1,0.4809455731670372,-0.0016000447562173772,-0x1.a3712f99b12c9p-10,0.003350699225988082,0x1.b72ecf304ed12p-9,-2.0941284379503107,-0.04671324218842623,-0x1.7eacc4efa9503p-5,-0.169986529099047,-0x1.5c21e5b9ed7c0p-3,3.638936651268518,0.045116569586844686,0x1.71984ddc43399p-5,0.11285075238767991,0x1.ce3c972d58636p-4,2.501315002916035,-0.9999998156925706,-0x1.fffff9d0cfad3p-1,-0.14869053225002574,-0x1.3084a969e8d85p-3,0.14869055965480057,-0.2993353078773872,-0x1.3284f4777c627p-2,-0.003444136999717224,-0x1.c36e0f8daf6dbp-9,0.011505949712848443,-1.2316094892410674
H593-c317503b769e0f3acf782e33,DIFFICULT-0043,32,1875,/hkfs/work/workspace/scratch/ap7811-benchmark/dailymed/data/box_flat_20000_images/data/raw_images/otc/Bronze Glow.jpg,39,393.64398193359375,0x1.89a4dc0000000p+8,False,False,False,CHALLENGER,32,-1.300506709446718,-0x1.4cee01f94d5edp+0,-1.300506709446718,-0x1.4cee01f94d5edp+0,0.0015051602255212611,0.03308734120628728,0.04549051602959411,0.001486549964768635,0.0014482874702437857,1.8610260752626156e-05,5.6872755277475456e-05,-1.2316094892410674,0.0,-1.611064005977139,0.3105572965304211,False,9,-3.349784457663779,-0x1.acc5bcb32852dp+1,-1.611064005977139,-0x1.9c6eb0d16f3f6p+0,0.4809455731670372,0.8298515900909712,0x1.a8e24ebff2d9fp-1,-1.737815814087787,-0x1.bce17f47fa899p+0,-2.0941284379503107,0.45205382963117036,0x1.cee732f930922p-2,1.6449952489911601,0x1.a51e689c7e0e9p+0,3.638936651268518,0.6046095182507069,0x1.358f60f779655p-1,1.5123188589063292,0x1.832754282070ep+0,2.501315002916035,0.7788765982598689,0x1.8ec8e9da4aaf2p-1,0.11581159729728717,0x1.da5d42ee3adc7p-4,0.14869055965480057,0.5959433889096606,0x1.311f7deb44d04p-1,0.006856894664499037,0x1.c15f9a560d49bp-8,0.011505949712848443,-1.2316094892410674
H593-c317503b769e0f3acf782e33,DIFFICULT-0043,33,1891,/hkfs/work/workspace/scratch/ap7811-benchmark/dailymed/data/box_flat_20000_images/data/raw_images/otc/Buscapina 69729-813-24.jpg,46,392.70672607421875,0x1.88b4ec0000000p+8,False,False,False,CHALLENGER,33,-2.073904213709954,-0x1.0975b17a75de5p+1,-2.073904213709954,-0x1.0975b17a75de5p+1,0.0006064059262437315,0.021201406752339877,0.02860215519315981,0.0005690922856769672,0.0005628543035587607,3.731364056676432e-05,4.355162268497082e-05,-1.2316094892410674,0.0,-1.7049078854258424,-0.36899632828411155,False,30,-3.5449081570685563,-0x1.c5bf8cecf76f3p+1,-1.7049078854258424,-0x1.b474d7da98b4cp+0,0.4809455731670372,0.6249625200819313,0x1.3ffb1661f48d0p-1,-1.3087517859566644,-0x1.4f0a5b6743f59p+0,-2.0941284379503107,0.2587208365176289,0x1.08ee1d6e8c442p-2,0.9414687344508502,0x1.e20830a15887bp-1,3.638936651268518,0.4368813986952298,0x1.bf5dd65e81ca8p-2,1.09277799705132,0x1.17c04c7f1fb1ap+0,2.501315002916035,0.8832437190409702,0x1.c438854f5b549p-1,0.1313300028957893,0x1.0cf6be9b5e357p-3,0.14869055965480057,0.5030625598160796,0x1.01916a7481140p-1,0.005788212515660624,0x1.7b56177501e6dp-8,0.011505949712848443,-1.2316094892410674
H593-c317503b769e0f3acf782e33,DIFFICULT-0043,34,1897,/hkfs/work/workspace/scratch/ap7811-benchmark/dailymed/data/box_flat_20000_images/data/raw_images/otc/Buscolicos.jpg,12,400.41485595703125,0x1.906a340000000p+8,False,False,False,CHALLENGER,34,-1.3805434778942343,-0x1.616b4c204307ap+0,-1.3805434778942343,-0x1.616b4c204307ap+0,0.00045492506505776285,0.025790437252551375,0.017639292447930808,0.0004469122751075417,0.000560945052762476,8.012789950221126e-06,-0.00010601998770471316,-1.2316094892410674,0.0,-0.9331220339295715,-0.44742144396466277,False,12,-1.9401821869051468,-0x1.f0afc7a10a13dp+0,-0.9331220339295715,-0x1.ddc22bd5cf1c3p-1,0.4809455731670372,0.5294629252164942,0x1.0f15c3b87fa90p-1,-1.108763368536219,-0x1.1bd7ea86dda8cp+0,-2.0941284379503107,0.34759454012008556,0x1.63efd2b855f11p-2,1.2648745118238047,0x1.43ced0e5d3c3dp+0,3.638936651268518,0.22288841894631609,0x1.c879b93040aa1p-3,0.5575141462866551,0x1.1d727e82b7930p-1,2.501315002916035,0.551942944528512,0x1.1a984400040bap-1,0.082068705319463,0x1.50274655f458ap-4,0.14869055965480057,-0.9999999916956542,-0x1.ffffffb8aa8cfp-1,-0.011505949617299059,-0x1.7906e6a8699dfp-7,0.011505949712848443,-1.2316094892410674
H593-c317503b769e0f3acf782e33,DIFFICULT-0043,35,2015,/hkfs/work/workspace/scratch/ap7811-benchmark/dailymed/data/box_flat_20000_images/data/raw_images/otc/CEBOLLA Y BERRO DM.jpg,110,388.5224914550781,0x1.8485c20000000p+8,False,False,False,CHALLENGER,35,-3.5540642200961097,-0x1.c6eb938c99282p+1,-3.5540642200961097,-0x1.c6eb938c99282p+1,0.00013808439641969976,0.011184433445657792,0.012346123484092008,0.00013785484383700968,0.00014351010077838855,2.2955258269008244e-07,-5.425704358688789e-06,-1.2316094892410674,0.0,-2.1238594505252255,-1.4302047695708842,False,117,-4.416007899895126,-0x1.1a9fdf993b576p+2,-2.1238594505252255,-0x1.0fdaa060a7374p+1,0.4809455731670372,-0.006735135817609541,-0x1.b964d4121cc02p-8,0.014104239449113857,0x1.ce2aef959e6b5p-7,-2.0941284379503107,-0.054979808592750354,-0x1.c26503fb14176p-5,-0.20006804056788707,-0x1.99bd45d9b604cp-3,3.638936651268518,0.048262544201398805,0x1.8b5de41eefb78p-5,0.12071982588985712,0x1.ee77e982cfdfbp-4,2.501315002916035,-0.8194558972090469,-0x1.a38fb92e0dec6p-1,-0.12184535596843991,-0x1.f3141db0dce37p-4,0.14869055965480057,-0.9999999495576067,-0x1.fffffe4eb4011p-1,-0.011505949132460802,-0x1.7906e59ddeb2dp-7,0.011505949712848443,-1.2316094892410674
H593-c317503b769e0f3acf782e33,DIFFICULT-0043,36,2022,/hkfs/work/workspace/scratch/ap7811-benchmark/dailymed/data/box_flat_20000_images/data/raw_images/otc/CF ROMPE PECHO BOX-LB-NO PHENYLEPHRINE CURVA_Page_1.jpg,123,388.03070068359375,0x1.8407dc0000000p+8,False,False,False,CHALLENGER,36,-1.9654402990645892,-0x1.f727186eb90e0p+0,-1.9654402990645892,-0x1.f727186eb90e0p+0,0.0013195133624832446,0.03270140821329521,0.040350352922929426,0.0013072238272393217,0.0014881327842464498,1.2289535243922931e-05,-0.00016861942176320515,-1.2316094892410674,0.0,-2.1731005978720557,0.2076602988074665,False,23,-4.518391932713176,-0x1.212d555b60da5p+2,-2.1731005978720557,-0x1.1628290f63a6cp+1,0.4809455731670372,0.8082084526871466,0x1.9dcd7f9148bbdp-1,-1.692492304563972,-0x1.b1472cf8d57c8p+0,-2.0941284379503107,0.44737395621091364,0x1.ca1c65fc0833dp-2,1.6279654860788906,0x1.a0c25899b9bf8p+0,3.638936651268518,0.5651916353072389,0x1.2160cc4b3c155p-1,1.4137223169166448,0x1.69e9b4acc8474p+0,2.501315002916035,0.6831653569855363,0x1.5dc7d98406adap-1,0.101580239266951,0x1.a01299d9247e6p-4,0.14869055965480057,-0.9999999945360659,-0x1.ffffffd110ae9p-1,-0.011505949649980692,-0x1.7906e6ba6125ep-7,0.011505949712848443,-1.2316094892410674
H593-c317503b769e0f3acf782e33,DIFFICULT-0043,37,2177,/hkfs/work/workspace/scratch/ap7811-benchmark/dailymed/data/box_flat_20000_images/data/raw_images/otc/CVS DT NT Image.jpg,115,388.25311279296875,0x1.8440cc0000000p+8,False,False,False,CHALLENGER,37,-3.7130773163957547,-0x1.db461e14b8381p+1,-3.7130773163957547,-0x1.db461e14b8381p+1,9.387816077383036e-05,0.010738042501302609,0.008742576755720812,9.717759920545836e-05,0.00010711192277722449,-3.2994384316279948e-06,-1.3233762003394127e-05,-1.2316094892410674,0.0,-2.150831315721035,-1.5622460006747199,False,126,-4.472088809462916,-0x1.1e36b3fb5cd9ep+2,-2.150831315721035,-0x1.134e70c81e03fp+1,0.4809455731670372,-0.19705707915195642,-0x1.9392a9733936ap-3,0.4126628333515372,0x1.a69115f614050p-2,-2.0941284379503107,-0.07525780691448643,-0x1.344187b77661dp-4,-0.27385839187521394,-0x1.186e55935b563p-2,3.638936651268518,-0.12363275720554393,-0x1.fa66578e980aap-4,-0.30924447045010256,-0x1.3caa951c35471p-2,2.501315002916035,-0.9999998218354542,-0x1.fffffa0594054p-1,-0.14869053316341455,-0x1.3084a9894b191p-3,0.14869055965480057,-0.9999999638109296,-0x1.fffffec923648p-1,-0.011505949296458819,-0x1.7906e5f8075e1p-7,0.011505949712848443,-1.2316094892410674
H593-c317503b769e0f3acf782e33,DIFFICULT-0043,38,2197,/hkfs/work/workspace/scratch/ap7811-benchmark/dailymed/data/box_flat_20000_images/data/raw_images/otc/CVS Heat Roll-On Carton 12-30-22.jpg,54,391.66998291015625,0x1.87ab840000000p+8,False,False,False,CHALLENGER,38,-1.6522355775625241,-0x1.a6f8e92aeb30cp+0,-1.6522355775625241,-0x1.a6f8e92aeb30cp+0,0.0026909404458669976,0.029697523854707794,0.09061160987805442,0.002872320624607098,0.0027081133492494534,-0.0001813801787401005,-1.717290338245584e-05,-1.2316094892410674,0.0,-1.8087130518959955,0.15647747433347137,False,15,-3.7607437365221603,-0x1.e1600cfe7ff04p+1,-1.8087130518959955,-0x1.cf07d18dbddcep+0,0.4809455731670372,0.9011217860960256,0x1.cd5fd5b1fdb71p-1,-1.887064758320264,-0x1.e316ad0e6b700p+0,-2.0941284379503107,0.4080213444860477,0x1.a1d058ea8cd35p-2,1.484763824950137,0x1.7c197b6671d85p+0,3.638936651268518,0.7798235739458785,0x1.8f4509157ea96p-1,1.950584405138428,0x1.f3597fe4283bdp+0,2.501315002916035,-0.9999999945561501,-0x1.ffffffd13cd8fp-1,-0.14869055884535148,-0x1.3084acfbb7cdep-3,0.14869055965480057,-0.999999968326158,-0x1.fffffeefec7c2p-1,-0.01150594934841081,-0x1.7906e61496f5dp-7,0.011505949712848443,-1.2316094892410674
H593-c317503b769e0f3acf782e33,DIFFICULT-0043,39,2206,/hkfs/work/workspace/scratch/ap7811-benchmark/dailymed/data/box_flat_20000_images/data/raw_images/otc/CVS Lidocaine  Carton.jpg,35,394.1238708496094,0x1.8a1fb60000000p+8,False,False,False,CHALLENGER,39,-3.1932556960785865,-0x1.98bc9a47362cep+1,-3.1932556960785865,-0x1.98bc9a47362cep+1,8.854649807737537e-05,0.009595056057419137,0.009228346092768161,8.884014306500889e-05,7.88648059971008e-05,-2.9364498763352544e-07,9.681692080274563e-06,-1.2316094892410674,0.0,-1.5630145463414638,-1.6302411497371228,False,90,-3.2498782264466612,-0x1.9ffc027d49130p+1,-1.5630145463414638,-0x1.9021b8a7b5781p+0,0.4809455731670372,-0.2249879571962834,-0x1.ccc67c71370f8p-3,0.4711536793610843,0x1.e2761c30fbd46p-2,-2.0941284379503107,-0.1309170627408756,-0x1.0c1e3eb7aefbap-3,-0.4763988978841924,-0x1.e7d51cd90d5cfp-2,3.638936651268518,-0.09692582252551578,-0x1.8d02175e28ebbp-4,-0.24244201405304958,-0x1.f085704c46155p-3,2.501315002916035,-0.9999996164166821,-0x1.fffff3210b5d1p-1,-0.14869050261958236,-0x1.3084a56fd0b57p-3,0.14869055965480057,-0.19589215636833995,-0x1.912fe82928d56p-3,-0.0022539253003155636,-0x1.276d2ee7abc36p-9,0.011505949712848443,-1.2316094892410674
H593-c317503b769e0f3acf782e33,DIFFICULT-0043,40,2227,/hkfs/work/workspace/scratch/ap7811-benchmark/dailymed/data/box_flat_20000_images/data/raw_images/otc/CVS Vapor Steam 69842-256-08 21-256-08v3.3.jpg,61,391.3382263183594,0x1.8756960000000p+8,False,False,False,CHALLENGER,40,-3.234981613546836,-0x1.9e13e0a4ac280p+1,-3.234981613546836,-0x1.9e13e0a4ac280p+1,0.0002482414667592918,0.010325574127271966,0.024041420234796922,0.00025679354518032987,0.0002078920789392029,-8.55207842103805e-06,4.034938782008891e-05,-1.2316094892410674,-4.440892098500626e-16,-1.8419305829420638,-1.393051030604772,False,97,-3.829810867813816,-0x1.ea373e1590179p+1,-1.8419305829420638,-0x1.d788c33f3d067p+0,0.4809455731670372,0.2789408521480544,0x1.1da2abb5fa20ap-2,-0.5841379709893337,-0x1.2b1421d380812p-1,-2.0941284379503107,-0.09470027711660034,-0x1.83e4701234fc0p-4,-0.3446083092848823,-0x1.60e100293bd32p-2,3.638936651268518,0.36402512382316904,0x1.74c30086f8b0bp-2,0.91054150365726,0x1.d2327ef7b799fp-1,2.501315002916035,-0.9999999079649776,-0x1.fffffce96cd87p-1,-0.1486905459700616,-0x1.3084ab41538e8p-3,0.14869055965480057,0.4739966156138435,0x1.e55f5e69e7917p-2,0.005453781223313236,0x1.656b43fe611b3p-8,0.011505949712848443,-1.2316094892410674
H593-c317503b769e0f3acf782e33,DIFFICULT-0043,41,2242,/hkfs/work/workspace/scratch/ap7811-benchmark/dailymed/data/box_flat_20000_images/data/raw_images/otc/CVS32-00.jpg,56,391.5892028808594,0x1.8796d60000000p+8,False,False,False,CHALLENGER,41,-2.6023309581877108,-0x1.4d192e4b646c8p+1,-2.6023309581877108,-0x1.4d192e4b646c8p+1,0.0005507233649369944,0.018811667594751905,0.029275627062995503,0.0005534583824888689,0.0005920200188441021,-2.7350175518744708e-06,-4.1296653907107734e-05,-1.2316094892410674,0.0,-1.816801250284271,-0.7855297079034398,False,59,-3.7775610207213153,-0x1.e3871e99523b1p+1,-1.816801250284271,-0x1.d119e3014d87ep+0,0.4809455731670372,0.5947270491043166,0x1.30801053e6356p-1,-1.2454348263476203,-0x1.3ed4d11876645p+0,-2.0941284379503107,0.2021200032644819,0x1.9df1179f1b5e1p-3,0.7355018878336357,0x1.7893b414c8904p-1,3.638936651268518,0.44624895235434336,0x1.c8f57c40f1d5cp-2,1.1162091995594818,0x1.1dbfe2d79a312p+0,2.501315002916035,-0.9999998019161878,-0x1.fffff95a79172p-1,-0.14869053020160766,-0x1.3084a92386c4ep-3,0.14869055965480057,-0.9999999820452423,-0x1.ffffff65c5120p-1,-0.011505949506261904,-0x1.7906e66b5e86dp-7,0.011505949712848443,-1.2316094892410674
H593-c317503b769e0f3acf782e33,DIFFICULT-0043,42,2249,/hkfs/work/workspace/scratch/ap7811-benchmark/dailymed/data/box_flat_20000_images/data/raw_images/otc/CVSColdHotIFC.jpg.jpg,43,393.2498779296875,0x1.893ff80000000p+8,False,False,False,CHALLENGER,42,-1.7577239547047234,-0x1.c1fa3274da423p+0,-1.7577239547047234,-0x1.c1fa3274da423p+0,0.0016641055174458881,0.02594956698200109,0.06412845033599715,0.001721641849939185,0.0013058861828653633,-5.753633249329696e-05,0.00035821933458052486,-1.2316094892410674,0.0,-1.6505241472639505,-0.10719980744077295,False,16,-3.4318314573418625,-0x1.b74640d1556abp+1,-1.6505241472639505,-0x1.a688c021c1c7dp+0,0.4809455731670372,0.8448423610637599,0x1.b08f2d8e16aaep-1,-1.7692084138887039,-0x1.c4ead7b575c39p+0,-2.0941284379503107,0.35029562144239895,0x1.66b3e5381bc01p-2,1.2747035756456278,0x1.4652f9397e030p+0,3.638936651268518,0.702425868857223,0x1.67a45d0d365a5p-1,1.7569883642089033,0x1.c1c9fd4bbad2ap+0,2.501315002916035,-0.9999999832914737,-0x1.ffffff70798fep-1,-0.14869055717040044,-0x1.3084acc22ac77p-3,0.14869055965480057,0.9227150535007432,0x1.d86e1b84a00adp-1,0.010616713004867813,0x1.5be37192ce717p-7,0.011505949712848443,-1.2316094892410674
H593-c317503b769e0f3acf782e33,DIFFICULT-0043,43,2254,/hkfs/work/workspace/scratch/ap7811-benchmark/dailymed/data/box_flat_20000_images/data/raw_images/otc/CVSMaxRednessRelief-CEDCM0051CV1.jpg,114,388.3096923828125,0x1.844f480000000p+8,False,False,False,CHALLENGER,43,-3.325410745012176,-0x1.a9a70f2dcc11cp+1,-3.325410745012176,-0x1.a9a70f2dcc11cp+1,0.00021590998287179832,0.012365636015740023,0.017460483439506864,0.00021409551831090925,0.00025166766693713796,1.8144645608890724e-06,-3.575768406533964e-05,-1.2316094892410674,-4.440892098500626e-16,-2.1451662156787745,-1.1802445293334016,False,102,-4.460309721852325,-0x1.1d75b6e858bdfp+2,-2.1451662156787745,-0x1.1294ce7a69869p+1,0.4809455731670372,0.2134306743523962,0x1.b51b24327442ap-3,-0.44695124469226494,-0x1.c9ad964b7067fp-2,-2.0941284379503107,-0.004836070951564858,-0x1.3cefce93fecc6p-8,-0.01759815583378438,-0x1.205403f1aa3d0p-6,3.638936651268518,0.21804169070112894,0x1.be8ca455cea2ap-3,0.5453909522119115,0x1.173d7b9e91a49p-1,2.501315002916035,-0.12085933590181441,-0x1.ef0a32f1d5490p-4,-0.017970642294748318,-0x1.266e563c6b740p-6,0.14869055965480057,-0.9999999800624342,-0x1.ffffff54bcd44p-1,-0.011505949483447813,-0x1.7906e65ed3ba9p-7,0.011505949712848443,-1.2316094892410674
H593-c317503b769e0f3acf782e33,DIFFICULT-0043,44,2256,/hkfs/work/workspace/scratch/ap7811-benchmark/dailymed/data/box_flat_20000_images/data/raw_images/otc/CVSMotCart.jpg,102,388.915771484375,0x1.84ea700000000p+8,False,False,False,CHALLENGER,44,-3.3367831572671367,-0x1.ab1bb5e3272a4p+1,-3.3367831572671367,-0x1.ab1bb5e3272a4p+1,0.00029533194131594465,0.012386305257245657,0.02384342507166803,0.0002972720674511336,0.000306940684582421,-1.940126135188962e-06,-1.1608743266476335e-05,-1.2316094892410674,0.0,-2.08448181069534,-1.2523013465717967,False,105,-4.334132440327876,-0x1.15626d07ef6aep+2,-2.08448181069534,-0x1.0ad04ccb058c7p+1,0.4809455731670372,0.35694654165298473,0x1.6d8364eb478c5p-2,-0.7474919037035304,-0x1.7eb74240dce64p-1,-2.0941284379503107,-0.004001031738194027,-0x1.06362c773ec26p-8,-0.014559501035002831,-0x1.dd15f2654d18dp-7,3.638936651268518,0.36043282046627245,0x1.71154d213b106p-2,0.901556021375629,0x1.cd98c036a3f1bp-1,2.501315002916035,-0.9999997648982061,-0x1.fffff81c7db01p-1,-0.14869052469738325,-0x1.3084a86667196p-3,0.14869055965480057,-0.9999999615497505,-0x1.fffffeb5b701dp-1,-0.011505949270441806,-0x1.7906e5e9b9cc6p-7,0.011505949712848443,-1.2316094892410674
H593-c317503b769e0f3acf782e33,DIFFICULT-0043,45,2263,/hkfs/work/workspace/scratch/ap7811-benchmark/dailymed/data/box_flat_20000_images/data/raw_images/otc/CVS_4XMedicated_ToothacheGel_Ctn_2821602R4.jpg,103,388.88311767578125,0x1.84e2140000000p+8,False,False,False,CHALLENGER,45,-3.267985607770691,-0x1.a24d5a36963f2p+1,-3.267985607770691,-0x1.a24d5a36963f2p+1,0.00019279076120118778,0.010439022507748549,0.018468277183815385,0.0001826369230297808,0.0001660308636154387,1.0153838171406978e-05,2.6759897585749087e-05,-1.2316094892410674,0.0,-2.0877513128772267,-1.1802342948934643,False,99,-4.340930511386847,-0x1.15d1ce35275d3p+2,-2.0877513128772267,-0x1.0b3b6f5d7e8f7p+1,0.4809455731670372,0.1587800641933396,0x1.452e7b77bcc5dp-3,-0.3325058478068483,-0x1.547c69b83c963p-2,-2.0941284379503107,-0.08928292357733286,-0x1.6db3ee4db1d0cp-4,-0.32489490293796264,-0x1.4cb13fdb05c78p-2,3.638936651268518,0.24459551698240903,0x1.f4ee7e9180539p-3,0.6118104362741035,0x1.393f37ae4c2b2p-1,2.501315002916035,0.6288898635734607,0x1.41fdda29aaf6fp-1,0.09350998577596904,0x1.7f0453ac1d8a9p-4,0.14869055965480057,0.30032488656566825,0x1.33885df7e5d78p-2,0.0034555230423414917,0x1.c4ec1cea3469cp-9,0.011505949712848443,-1.2316094892410674
H593-c317503b769e0f3acf782e33,DIFFICULT-0043,46,2509,/hkfs/work/workspace/scratch/ap7811-benchmark/dailymed/data/box_flat_20000_images/data/raw_images/otc/Cold and flu Nighttime-24ct.jpg,47,392.66790771484375,0x1.88aafc0000000p+8,False,False,False,CHALLENGER,46,-2.0925798217817007,-0x1.0bd9a7d569347p+1,-2.0925798217817007,-0x1.0bd9a7d569347p+1,0.0005292574966645738,0.02479659709304454,0.021343956780788716,0.0005182028865219904,0.0006121914132590614,1.1054610142583409e-05,-8.293391659448758e-05,-1.2316094892410674,0.0,-1.7087946207299172,-0.3837852010517835,False,31,-3.5529896022900616,-0x1.c6c85d006e930p+1,-1.7087946207299172,-0x1.b57390739d9fbp+0,0.4809455731670372,0.5817274275390892,0x1.29d82d68eee5fp-1,-1.2182119491452854,-0x1.37dcbd012ce81p+0,-2.0941284379503107,0.33020331908402584,0x1.5220d1a1fc75fp-2,1.2015889601853749,0x1.339b55873b17cp+0,3.638936651268518,0.3113262475607959,0x1.3ecc4ecea3dbdp-2,0.7787250138253704,0x1.8eb50b85ea0adp-1,2.501315002916035,0.6538963411274039,0x1.4ecb80503b866p-1,0.09722821291846008,0x1.8e3f2babbba41p-4,0.14869055965480057,-0.9999999897259718,-0x1.ffffffa7bf2c5p-1,-0.011505949594635991,-0x1.7906e69bf412ep-7,0.011505949712848443,-1.2316094892410674
H593-c317503b769e0f3acf782e33,DIFFICULT-0043,47,2515,/hkfs/work/workspace/scratch/ap7811-benchmark/dailymed/data/box_flat_20000_images/data/raw_images/otc/Coldtac Ultra12Vovan.jpg,111,388.51788330078125,0x1.8484940000000p+8,False,False,False,CHALLENGER,47,-2.0709650636904153,-0x1.09156219dabcfp+1,-2.0709650636904153,-0x1.09156219dabcfp+1,0.0013843497978938712,0.024230657035013328,0.05713216096012106,0.0013067402606789633,0.001220377593602869,7.760953721490794e-05,0.00016397220429100216,-1.2316094892410674,0.0,-2.1243208475621085,0.05335578387169315,False,29,-4.416967253848307,-0x1.1aaf976bb202ap+2,-2.1243208475621085,-0x1.0fe9bedb3ec0cp+1,0.4809455731670372,0.8163663116729875,0x1.a1fac3e4621c9p-1,-1.7095759090590097,-0x1.b5a6c44b701b5p+0,-2.0941284379503107,0.3198792136937129,0x1.478e6aa5f0533p-2,1.1640201946890063,0x1.29fd3a3c12a55p+0,3.638936651268518,0.6719624383339583,0x1.580b75f191cd1p-1,1.680789728400771,0x1.ae483c52ef1cdp+0,2.501315002916035,0.9421104487332648,0x1.e25c4cfd0efacp-1,0.14008292987878446,0x1.1ee3cc94753a8p-3,0.14869055965480057,0.838551309887479,0x1.ad5698e7f8287p-1,0.009648329203208524,0x1.3c280d31c4ee4p-7,0.011505949712848443,-1.2316094892410674
H593-c317503b769e0f3acf782e33,DIFFICULT-0043,48,2562,/hkfs/work/workspace/scratch/ap7811-benchmark/dailymed/data/box_flat_20000_images/data/raw_images/otc/CounterActPain Box_1115URS.jpg,106,388.70452880859375,0x1.84b45c0000000p+8,False,False,False,CHALLENGER,48,-3.2960957140746037,-0x1.a5e676e037d51p+1,-3.2960957140746037,-0x1.a5e676e037d51p+1,0.00021172877103363034,0.01523505028980134,0.013897477658827683,0.00021383720070445594,0.0002549754386426915,-2.108429670825599e-06,-4.324666760906117e-05,-1.2316094892410674,-4.440892098500626e-16,-2.105632739763584,-1.1904629743110196,False,101,-4.3781102420757225,-0x1.1832f54cffdd2p+2,-2.105632739763584,-0x1.0d855fa555f2dp+1,0.4809455731670372,0.2040791087427607,0x1.a1f43a4ec6a00p-3,-0.42736786520976905,-0x1.b59febf1bfca1p-2,-2.0941284379503107,0.09917549129100957,0x1.96390a3a8dcc9p-4,0.36089333016641645,0x1.718e0569a31cap-2,3.638936651268518,0.107070690897538,0x1.b68fc1bc3da5bp-4,0.26781752551459714,0x1.123ec1e585fb0p-2,2.501315002916035,-0.9999997738467429,-0x1.fffff8695bba7p-1,-0.14869052602794622,-0x1.3084a8941edadp-3,0.14869055965480057,-0.9999999826526095,-0x1.ffffff6afcaf5p-1,-0.01150594951325024,-0x1.7906e66f360c3p-7,0.011505949712848443,-1.2316094892410674
H593-c317503b769e0f3acf782e33,DIFFICULT-0043,49,2604,/hkfs/work/workspace/scratch/ap7811-benchmark/dailymed/data/box_flat_20000_images/data/raw_images/otc/D60012.jpg,28,395.29425048828125,0x1.8b4b540000000p+8,False,False,False,CHALLENGER,49,-2.3513248272338005,-0x1.2cf836419efaap+1,-2.3513248272338005,-0x1.2cf836419efaap+1,0.0003152083350350586,0.01519033616475143,0.020750583240316103,0.000311099113085999,0.00032678069153554436,4.109221949059579e-06,-1.1572356500485765e-05,-1.2316094892410674,0.0,-1.4458288658017002,-0.9054959614321003,False,40,-3.006221382350783,-0x1.80cbdcbcddc36p+1,-1.4458288658017002,-0x1.7221d72e3b27cp+0,0.4809455731670372,0.385027727747619,0x1.8a44b56aeab77p-2,-0.8062975140756788,-0x1.9cd3071b9a2f1p-1,-2.0941284379503107,0.0977201020260765,0x1.9042f425d20d0p-4,0.3555972608283888,0x1.6c21b037386f3p-2,3.638936651268518,0.2985401857968145,0x1.31b484ba28052p-2,0.7467430457069127,0x1.7e551abfa73b3p-1,2.501315002916035,0.27961885889521604,0x1.1e5467f932fc9p-2,0.04157668461916639,0x1.5498a096e4c4cp-5,0.14869055965480057,-0.9999999614958801,-0x1.fffffeb5408b8p-1,-0.011505949269821975,-0x1.7906e5e96290ap-7,0.011505949712848443,-1.2316094892410674
H593-c317503b769e0f3acf782e33,DIFFICULT-0043,50,2678,/hkfs/work/workspace/scratch/ap7811-benchmark/dailymed/data/box_flat_20000_images/data/raw_images/otc/Day & Night ComboPack.jpg,30,395.128662109375,0x1.8b20f00000000p+8,False,False,False,CHALLENGER,50,-1.4029906660476004,-0x1.672a657344881p+0,-1.4029906660476004,-0x1.672a657344881p+0,0.0012448793259319227,0.025341732286358696,0.0491236870417905,0.0011328809811690472,0.0008881947525775693,0.00011199834476287546,0.0003566845733543534,-1.2316094892410674,0.0,-1.4624086030343344,0.05941793698673403,False,13,-3.040694591290947,-0x1.85357af95bfe8p+1,-1.4624086030343344,-0x1.766069036be84p+0,0.4809455731670372,0.7978720854020125,0x1.9882b0a262cc0p-1,-1.6708466238870734,-0x1.abbc9ab63a1c3p+0,-2.0941284379503107,0.3398558005869645,0x1.5c0328b381f4cp-2,1.23671372890211,0x1.3c99455c2615fp+0,3.638936651268518,0.6284194071414331,0x1.41c03043b0364p-1,1.5718748912064666,0x1.9266649322a52p+0,2.501315002916035,0.9595255752609889,0x1.eb46efaad7d35p-1,0.1426723947886509,0x1.24316cad46284p-3,0.14869055965480057,0.9223954112884766,0x1.d844361aedcfdp-1,0.010613035217647369,0x1.5bc49795e6552p-7,0.011505949712848443,-1.2316094892410674
H593-c317503b769e0f3acf782e33,DIFFICULT-0043,51,2692,/hkfs/work/workspace/scratch/ap7811-benchmark/dailymed/data/box_flat_20000_images/data/raw_images/otc/DayTherapy50mLBox.jpg,89,389.4512939453125,0x1.8573880000000p+8,False,False,False,CHALLENGER,51,-2.425217518118176,-0x1.366d8713007e4p+1,-2.425217518118176,-0x1.366d8713007e4p+1,0.0007985356413052951,0.02714137977193081,0.029421335540617138,0.0008338234153392696,0.0008135575685555339,-3.528777403397456e-05,-1.5021927250238876e-05,-1.2316094892410674,0.0,-2.0308619749123937,-0.39435554320578214,False,47,-4.222644074960755,-0x1.0e3fccef26b20p+2,-2.0308619749123937,-0x1.03f3490278277p+1,0.4809455731670372,0.701740789385846,0x1.674a91995ce4cp-1,-1.4695353431225997,-0x1.783377df0717ap+0,-2.0941284379503107,0.36983588681209656,0x1.7ab6423afafecp-2,1.3458093634749333,0x1.5886f662c681ap+0,3.638936651268518,0.44823480025427914,0x1.cafe104015bb1p-2,1.1211764307051006,0x1.1f056b26eca6ap+0,2.501315002916035,-0.9999999734050506,-0x1.ffffff1b8d168p-1,-0.14869055570038267,-0x1.3084ac8fa85dbp-3,0.14869055965480057,-0.9999999660104619,-0x1.fffffedc08372p-1,-0.011505949321766528,-0x1.7906e605f11c6p-7,0.011505949712848443,-1.2316094892410674
H593-c317503b769e0f3acf782e33,DIFFICULT-0043,52,2700,/hkfs/work/workspace/scratch/ap7811-benchmark/dailymed/data/box_flat_20000_images/data/raw_images/otc/Daytime Cold Flu AlkaSeltzer.jpg,119,388.1861877441406,0x1.842faa0000000p+8,False,False,False,CHALLENGER,52,-3.1201018164129515,-0x1.8f5f7f0ed7878p+1,-3.1201018164129515,-0x1.8f5f7f0ed7878p+1,0.0003343126398369099,0.013509142023750392,0.024747140806511293,0.00033039765084100925,0.00030478899519832377,3.914988995900627e-06,2.9523644638586104e-05,-1.2316094892410674,-4.440892098500626e-16,-2.1575322673891453,-0.9625695490238062,False,85,-4.486021678465087,-0x1.1f1afaab89e49p+2,-2.1575322673891453,-0x1.142a047040244p+1,0.4809455731670372,0.40979974697446336,0x1.a3a28b7ca8573p-2,-0.8581733040040656,-0x1.b7627dc5fed62p-1,-2.0941284379503107,0.0393661905810271,0x1.427ce2a3a2bb2p-5,0.143251073726121,0x1.2560d1a62a230p-3,3.638936651268518,0.3765074717800904,0x1.818b2cb7fb03bp-2,0.9417637878735258,0x1.e22edcfaf29fbp-1,2.501315002916035,0.2571535203719161,0x1.075340a031d12p-2,0.038236300861302364,0x1.393b55b704970p-5,0.14869055965480057,0.3443506932725062,0x1.609d77d7d763cp-2,0.003962081760377955,0x1.03a8b395bc199p-8,0.011505949712848443,-1.2316094892410674
H593-c317503b769e0f3acf782e33,DIFFICULT-0043,53,2733,/hkfs/work/workspace/scratch/ap7811-benchmark/dailymed/data/box_flat_20000_images/data/raw_images/otc/F109101HTE_R1.jpg,26,396.1630859375,0x1.8c29c00000000p+8,False,False,False,CHALLENGER,53,-2.0320689101405907,-0x1.041ad58422d77p+1,-2.0320689101405907,-0x1.041ad58422d77p+1,0.0006262037372468877,0.015720684857187063,0.039833107967977906,0.000618660419694952,0.0008960010126725399,7.5433175519356395e-06,-0.00026979727542565223,-1.2316094892410674,0.0,-1.3588356628873806,-0.6732332472532101,False,27,-2.825341865482653,-0x1.69a4cd6022419p+1,-1.3588356628873806,-0x1.5bdca76cbd624p+0,0.4809455731670372,0.6346535944954046,0x1.44f150e14b104p-1,-1.3290461404802114,-0x1.543c5e2c3ccecp+0,-2.0941284379503107,0.11468508852085504,0x1.d5c0080893332p-4,0.4173317719725138,0x1.ab590520d0908p-2,3.638936651268518,0.5607854458072458,0x1.1f1f451ba13abp-1,1.4027010490146208,0x1.67176a7b952b2p+0,2.501315002916035,0.5306020189611238,0x1.0fab115d425acp-1,0.0788955111532966,0x1.4327f08346176p-4,0.14869055965480057,-0.9999999964813037,-0x1.ffffffe1c64e1p-1,-0.0115059496723625,-0x1.7906e6c6af1b8p-7,0.011505949712848443,-1.2316094892410674
H593-c317503b769e0f3acf782e33,DIFFICULT-0043,54,2737,/hkfs/work/workspace/scratch/ap7811-benchmark/dailymed/data/box_flat_20000_images/data/raw_images/otc/F109502MEI_R2.jpg,99,389.204833984375,0x1.8534700000000p+8,False,False,False,CHALLENGER,54,-2.404506109300943,-0x1.33c6db2f3d688p+1,-2.404506109300943,-0x1.33c6db2f3d688p+1,0.0007931988707199998,0.023036448229250956,0.03443234229627556,0.000790670871597063,0.0007966273616647599,2.5279991229368347e-06,-3.428490944760087e-06,-1.2316094892410674,4.440892098500626e-16,-2.0555390773618507,-0.3489670319390923,False,45,-4.273953628112388,-0x1.118874cc573f9p+2,-2.0555390773618507,-0x1.071be78c75a72p+1,0.4809455731670372,0.7000350283694899,0x1.666afdc1cd833p-1,-1.4659632604699013,-0x1.77495e44db12dp+0,-2.0941284379503107,0.29701450696823684,0x1.3024922776edcp-2,1.0808169753651657,0x1.14b06bda27afbp+0,3.638936651268518,0.5088132594957239,0x1.04832bea9c4fbp-1,1.2727022396592638,0x1.45cfd060e1eb0p+0,2.501315002916035,0.0443367207050077,0x1.6b34d7ae139cep-5,0.006592451814886179,0x1.b00afcf205359p-8,0.14869055965480057,-0.9999999439065118,-0x1.fffffe1e291d7p-1,-0.011505949067439588,-0x1.7906e57a1fc6bp-7,0.011505949712848443,-1.2316094892410674
H593-c317503b769e0f3acf782e33,DIFFICULT-0043,55,2809,/hkfs/work/workspace/scratch/ap7811-benchmark/dailymed/data/box_flat_20000_images/data/raw_images/otc/IMAGE00001.jpg,128,387.9427490234375,0x1.83f1580000000p+8,False,False,False,CHALLENGER,55,-3.5206753472978587,-0x1.c2a57d623d26cp+1,-3.5206753472978587,-0x1.c2a57d623d26cp+1,0.00018373434446224417,0.012314602955986138,0.014920038032808095,0.00018832172014298954,0.00017847856240559798,-4.587375680745371e-06,5.255782056646184e-06,-1.2316094892410674,0.0,-2.18190686449654,-1.3387684828013189,False,115,-4.53670225121033,-0x1.2259546628d41p+2,-2.18190686449654,-0x1.1748b960f71c0p+1,0.4809455731670372,0.13524394747043486,0x1.14fac75af08ebp-3,-0.2832181964584956,-0x1.2203f36daf743p-2,-2.0941284379503107,-0.0069037719962272304,-0x1.c47212f15dbd2p-8,-0.02512238894907249,-0x1.9b9aefbbc10e2p-6,3.638936651268518,0.14201512130068136,0x1.22d8d2ec30f23p-3,0.35522455355033483,0x1.6bbffc40f086bp-2,2.501315002916035,-0.9999998550877159,-0x1.fffffb2336847p-1,-0.14869053810771196,-0x1.3084aa332d991p-3,0.14869055965480057,-0.46518746638786396,-0x1.dc5a1a6a94745p-2,-0.005352423595306138,-0x1.5ec6c44bd25c6p-8,0.011505949712848443,-1.2316094892410674
H593-c317503b769e0f3acf782e33,DIFFICULT-0043,56,2856,/hkfs/work/workspace/scratch/ap7811-benchmark/dailymed/data/box_flat_20000_images/data/raw_images/otc/LoraABC.jpg,59,391.38140869140625,0x1.8761a40000000p+8,False,False,False,CHALLENGER,56,-3.2053642291684046,-0x1.9a49600405f54p+1,-3.2053642291684046,-0x1.9a49600405f54p+1,0.00016827674341861925,0.012201763768172004,0.013791181882865568,0.00017457654364697668,0.0001796534827651949,-6.29980022835743e-06,-1.1376739346575642e-05,-1.2316094892410674,0.0,-1.837606895477232,-1.3677573336911726,False,91,-3.820820895338635,-0x1.e910a8baad2b1p+1,-1.837606895477232,-0x1.d66d67cefa92cp+0,0.4809455731670372,0.09187733876859652,0x1.78545f5412fc2p-4,-0.19240294791851256,-0x1.8a0a8e87b6471p-3,-2.0941284379503107,-0.011506012846620447,-0x1.79076e71197fep-7,-0.04186965185753356,-0x1.56ff062d89511p-5,3.638936651268518,0.10327417645632334,0x1.a702d2a66b7cap-4,0.2583212469839995,0x1.08855d6ea2038p-2,2.501315002916035,-0.9999998838984682,-0x1.fffffc1ab2081p-1,-0.14869054239159882,-0x1.3084aac65f10bp-3,0.14869055965480057,-0.9999999612036635,-0x1.fffffeb2bdf43p-1,-0.011505949266459746,-0x1.7906e5e7895f9p-7,0.011505949712848443,-1.2316094892410674
H593-c317503b769e0f3acf782e33,DIFFICULT-0043,57,2857,/hkfs/work/workspace/scratch/ap7811-benchmark/dailymed/data/box_flat_20000_images/data/raw_images/otc/LoraD-5s-CVS.jpg,67,390.8292236328125,0x1.86d4480000000p+8,False,False,False,CHALLENGER,57,-3.221942291415284,-0x1.9c689ae19d2d6p+1,-3.221942291415284,-0x1.9c689ae19d2d6p+1,0.00027118971007229883,0.01136165499298542,0.023868856274876223,0.00027851778122724657,0.0002990707894932313,-7.328071154947733e-06,-2.788107942093245e-05,-1.2316094892410674,-4.440892098500626e-16,-1.8928950940557954,-1.3290471973594888,False,95,-3.9357781829470633,-0x1.f7c7945a08b25p+1,-1.8928950940557954,-0x1.e494c5dbba7e0p+0,0.4809455731670372,0.3191869214471079,0x1.46d8efb3b47acp-2,-0.6684184092242006,-0x1.563af00f53173p-1,-2.0941284379503107,-0.047139768559479385,-0x1.822b4289ba259p-5,-0.17153863154340487,-0x1.5f4fa563d60d8p-3,3.638936651268518,0.3608964985498636,0x1.718eda0a0ce0ap-2,0.9027158263226389,0x1.ce30c4cf4652cp-1,2.501315002916035,-0.9999998962808567,-0x1.fffffc850f312p-1,-0.1486905442327431,-0x1.3084ab05a1f11p-3,0.14869055965480057,-0.9999999763481382,-0x1.ffffff34d5018p-1,-0.011505949440711311,-0x1.7906e6475519dp-7,0.011505949712848443,-1.2316094892410674
H593-c317503b769e0f3acf782e33,DIFFICULT-0043,58,2923,/hkfs/work/workspace/scratch/ap7811-benchmark/dailymed/data/box_flat_20000_images/data/raw_images/otc/PAINRELEASE_100ML_BODYOIL_BOX_706137_USA_FINAL_R1.jpg,88,389.5059814453125,0x1.8581880000000p+8,False,False,False,CHALLENGER,58,-2.525771276556092,-0x1.434c7922fe06fp+1,-2.525771276556092,-0x1.434c7922fe06fp+1,0.000953127359395846,0.016102058829635595,0.05919288765990778,0.0009033504070492294,0.0010790833911308102,4.977695234661657e-05,-0.00012595603173496425,-1.2316094892410674,0.0,-2.025386322660112,-0.5003849538959799,False,56,-4.211258894271339,-0x1.0d854406789c0p+2,-2.025386322660112,-0x1.033fdbe8cba22p+1,0.4809455731670372,0.7439227139013508,0x1.7ce3701dea6d7p-1,-1.5578697108179915,-0x1.8ed08ca3646a9p+0,-2.0941284379503107,0.12649555104376375,0x1.0310197694680p-3,0.46030929691555955,0x1.d75b520130364p-2,3.638936651268518,0.6815643552395428,0x1.5cf600cfbf0f3p-1,1.7048071472134625,0x1.b46e3dbf44d54p+0,2.501315002916035,0.9111792435206806,0x1.d28615f76e417p-1,0.13548375166492782,0x1.15788154526eep-3,0.14869055965480057,-0.9999999928752054,-0x1.ffffffc2cc693p-1,-0.011505949630870914,-0x1.7906e6afdfaf9p-7,0.011505949712848443,-1.2316094892410674
H593-c317503b769e0f3acf782e33,DIFFICULT-0043,59,3029,/hkfs/work/workspace/scratch/ap7811-benchmark/dailymed/data/box_flat_20000_images/data/raw_images/otc/Tatcha 50 ML Back Panel.jpg,118,388.2198181152344,0x1.8438460000000p+8,False,False,False,CHALLENGER,59,-3.133002741222277,-0x1.91063bdbe9fcfp+1,-3.133002741222277,-0x1.91063bdbe9fcfp+1,0.00037935329509597107,0.016812762839648082,0.022563412017052607,0.00038628744473637747,0.00048083679930553566,-6.934149640406401e-06,-0.0001014835042095646,-1.2316094892410674,0.0,-2.1541649857027534,-0.9788377555195238,False,88,-4.479020300608091,-0x1.1ea844c34ed67p+2,-2.1541649857027534,-0x1.13bbada1e40c9p+1,0.4809455731670372,0.4609888031407275,0x1.d80d72e53f15dp-2,-0.9653697622336749,-0x1.ee44f20aae8e5p-1,-2.0941284379503107,0.14768439592259547,0x1.2e752814efbeep-3,0.5374141611431835,0x1.1327f2ed08d4ap-1,3.638936651268518,0.33619269345166203,0x1.5842e5be1dbd2p-2,0.8409238280013936,0x1.ae8d916762dffp-1,2.501315002916035,-0.9999998918626679,-0x1.fffffc5f1b7dfp-1,-0.14869054357580014,-0x1.3084aaef0f690p-3,0.14869055965480057,-0.9999999913705615,-0x1.ffffffb5dfaa0p-1,-0.011505949613558558,-0x1.7906e6a65b303p-7,0.011505949712848443,-1.2316094892410674
H593-c317503b769e0f3acf782e33,DIFFICULT-0043,60,3039,/hkfs/work/workspace/scratch/ap7811-benchmark/dailymed/data/box_flat_20000_images/data/raw_images/otc/Topicale Xtra Box Cherry_R4-OL1.jpg,77,390.14178466796875,0x1.86244c0000000p+8,False,False,False,CHALLENGER,60,-2.4689414806494163,-0x1.3c06464190438p+1,-2.4689414806494163,-0x1.3c06464190438p+1,0.0006869091800204188,0.025137385213756712,0.027326198575518514,0.000692987025330643,0.000809668267531583,-6.077845310224219e-06,-0.00012275908751116418,-1.2316094892410674,0.0,-1.9617257540083055,-0.5072157266411108,False,49,-4.078893462081995,-0x1.050c9729e0aa2p+2,-1.9617257540083055,-0x1.f633a8b52fc5ep+0,0.4809455731670372,0.6614759687319192,0x1.52acfa6996472p-1,-1.3852156371422424,-0x1.629d7df36f093p+0,-2.0941284379503107,0.3362702863819973,0x1.58573cea82494p-2,1.2236662698480107,0x1.39423152372c2p+0,3.638936651268518,0.4182358560351371,0x1.ac46052ebdedfp-2,1.0461396214581193,0x1.0bcfce653662ap+0,2.501315002916035,-0.9999998808274749,-0x1.fffffc0050d89p-1,-0.14869054193497114,-0x1.3084aab6ae869p-3,0.14869055965480057,-0.9999999927091372,-0x1.ffffffc15f392p-1,-0.011505949628960142,-0x1.7906e6aed2c4cp-7,0.011505949712848443,-1.2316094892410674
H593-c317503b769e0f3acf782e33,DIFFICULT-0043,61,3040,/hkfs/work/workspace/scratch/ap7811-benchmark/dailymed/data/box_flat_20000_images/data/raw_images/otc/Topicale Xtra Box Strawberry_R4-OL1.jpg,80,389.9680480957031,0x1.85f7d20000000p+8,False,False,False,CHALLENGER,61,-2.698238713626081,-0x1.595fe2dbe99dcp+1,-2.698238713626081,-0x1.595fe2dbe99dcp+1,0.00044994365304115193,0.023762883918872636,0.01893472419329557,0.0004554576616634591,0.0006523348969172649,-5.5140086223071615e-06,-0.000202391243876113,-1.2316094892410674,0.0,-1.9791213389816535,-0.7191173746444273,False,65,-4.115063012118182,-0x1.075d314081b7dp+2,-1.9791213389816535,-0x1.faa7b231bdef4p+0,0.4809455731670372,0.5254894784156873,0x1.0d0cf4f85ffcbp-1,-1.1004424605939667,-0x1.19b698db617fcp+0,-2.0941284379503107,0.3111025626614866,0x1.3e91ab9154dd6p-2,1.1320825175724443,0x1.21d028ed58d49p+0,3.638936651268518,0.25628461316912965,0x1.066f79401e210p-2,0.6410485479364764,0x1.483783e912271p-1,2.501315002916035,-0.9999998722429907,-0x1.fffffbb6935d9p-1,-0.14869054065853937,-0x1.3084aa8ad2e9cp-3,0.14869055965480057,-0.9999999953872439,-0x1.ffffffd860713p-1,-0.011505949659774304,-0x1.7906e6bfc379fp-7,0.011505949712848443,-1.2316094892410674
H593-c317503b769e0f3acf782e33,DIFFICULT-0043,62,3054,/hkfs/work/workspace/scratch/ap7811-benchmark/dailymed/data/box_flat_20000_images/data/raw_images/otc/Unit Box 8ml Listing.jpg,90,389.4427490234375,0x1.8571580000000p+8,False,False,False,CHALLENGER,62,-3.6067463109147364,-0x1.cda9dcf52c78fp+1,-3.6067463109147364,-0x1.cda9dcf52c78fp+1,9.204597117751626e-05,0.010584425440895336,0.008696359730767786,9.430513722688152e-05,0.00010725023456024886,-2.2591660493652638e-06,-1.5204263382732601e-05,-1.2316094892410674,0.0,-2.0317175455768126,-1.5750287653379238,False,120,-4.224423009443476,-0x1.0e5cf25381e57p+2,-2.0317175455768126,-0x1.040f520e7b1c4p+1,0.4809455731670372,-0.20651055768643425,-0x1.a6ef01dc55ed5p-3,0.4324596315881401,0x1.bad6b29a0b8a7p-2,-2.0941284379503107,-0.08241758976400065,-0x1.51951b4a6ca7cp-4,-0.299912388101435,-0x1.331c3baa3e629p-2,3.638936651268518,-0.12624161401294162,-0x1.028af69ca382fp-3,-0.315770043122906,-0x1.435938e113db4p-2,2.501315002916035,-0.9999997813020516,-0x1.fffff8a966202p-1,-0.14869052713648023,-0x1.3084a8ba359f8p-3,0.14869055965480057,-0.9999999662198152,-0x1.fffffeddd4969p-1,-0.011505949324175336,-0x1.7906e607441edp-7,0.011505949712848443,-1.2316094892410674
H593-c317503b769e0f3acf782e33,DIFFICULT-0043,63,3055,/hkfs/work/workspace/scratch/ap7811-benchmark/dailymed/data/box_flat_20000_images/data/raw_images/otc/Unit Carton.jpg,112,388.44775390625,0x1.8472a00000000p+8,False,False,False,CHALLENGER,63,-3.467703075072159,-0x1.bbddb1c1d6371p+1,-3.467703075072159,-0x1.bbddb1c1d6371p+1,0.00025485239010251536,0.011394354479215597,0.02236654920358944,0.0002583855564902698,0.0002600344485122521,-3.53316638775444e-06,-5.182058409736743e-06,-1.2316094892410674,0.0,-2.131342638229376,-1.3363604368427828,False,112,-4.431567223281499,-0x1.1b9ecc218140ap+2,-2.131342638229376,-0x1.10cfd5e7e1fcep+1,0.4809455731670372,0.2910146942024243,0x1.29ffc18904f84p-2,-0.6094221469907102,-0x1.38062dfd91004p-1,-2.0941284379503107,-0.04570590410816565,-0x1.766c3a6c1e2cep-5,-0.1663208896385683,-0x1.54a00bed1d3cdp-3,3.638936651268518,0.33230063842669566,0x1.54469e59ee292p-2,0.8311885723752706,0x1.a9918c6e52496p-1,2.501315002916035,-0.9999998289579916,-0x1.fffffa42c2a55p-1,-0.1486905342224686,-0x1.3084a9adaea2dp-3,0.14869055965480057,-0.9999999489299515,-0x1.fffffe494fc69p-1,-0.011505949125239032,-0x1.7906e599e6532p-7,0.011505949712848443,-1.2316094892410674
H593-c317503b769e0f3acf782e33,DIFFICULT-0043,64,3110,/hkfs/work/workspace/scratch/ap7811-benchmark/dailymed/data/box_flat_20000_images/data/raw_images/otc/amazon-nicotine-lozenge-mint-carton-image-1.jpg,11,400.86895751953125,0x1.90de740000000p+8,False,False,False,CHALLENGER,64,-2.068582483224289,-0x1.08c74f91436dep+1,-2.068582483224289,-0x1.08c74f91436dep+1,0.0001706708479205666,0.011479801482292709,0.014867055687663404,0.0001641135767807808,0.00018008838261416256,6.557271139785806e-06,-9.417534693595967e-06,-1.2316094892410674,0.0,-0.8876545643347322,-1.180927918889557,False,28,-1.8456445258233845,-0x1.d87c28de73eeep+0,-0.8876545643347322,-0x1.c67aa8b7ecf48p-1,0.4809455731670372,0.09887651883620709,0x1.94ff8b6be6c21p-4,-0.20706012994043083,-0x1.a80f243332816p-3,-2.0941284379503107,-0.041977545223742044,-0x1.57e14afcdfe9ap-5,-0.15275362784495664,-0x1.38d6e4df83fb1p-3,3.638936651268518,0.1402718529259718,0x1.1f46d966ee53dp-3,0.3508640902105648,0x1.6748ea832e40fp-2,2.501315002916035,0.4784243688450943,0x1.e9e813e7324cep-2,0.07113718715607181,0x1.2360bf45d60e4p-4,0.14869055965480057,-0.9999999580121701,-0x1.fffffe9753c92p-1,-0.011505949229738584,-0x1.7906e5d359544p-7,0.011505949712848443,-1.2316094892410674
H593-c317503b769e0f3acf782e33,DIFFICULT-0043,65,3219,/hkfs/work/workspace/scratch/ap7811-benchmark/dailymed/data/box_flat_20000_images/data/raw_images/otc/aspercreme-with-lidocaine-no-mess-applicator-01.jpg,73,390.34332275390625,0x1.8657e40000000p+8,False,False,False,CHALLENGER,65,-3.459710300805343,-0x1.bad7c981cbf05p+1,-3.459710300805343,-0x1.bad7c981cbf05p+1,0.00010357659193492465,0.008629953349863526,0.012001987465733242,0.00010152216107333176,0.00010709623565409913,2.0544308615928818e-06,-3.5196437191744863e-06,-1.2316094892410674,0.0,-1.9415465087660795,-1.5181637920392637,False,110,-4.036936021639524,-0x1.025d28e73f1c5p+2,-1.9415465087660795,-0x1.f1093126d033bp+0,0.4809455731670372,-0.1493857354385369,-0x1.31f1260194532p-3,0.31283291680596165,0x1.405745ab2cf29p-2,-2.0941284379503107,-0.18260596521423844,-0x1.75fa1dc532850p-3,-0.6644915395583563,-0x1.54383c2dbe609p-1,3.638936651268518,0.034151848093893475,0x1.17c59dd528d0ep-5,0.08542453001456514,0x1.5de61cab05075p-4,2.501315002916035,-0.059279223981045084,-0x1.e59d8b0a964dap-5,-0.00881426098964387,-0x1.20d361582ed37p-7,0.14869055965480057,-0.9999999441918631,-0x1.fffffe209c9bfp-1,-0.011505949070722827,-0x1.7906e57bedd9dp-7,0.011505949712848443,-1.2316094892410674
H593-c317503b769e0f3acf782e33,DIFFICULT-0043,66,3250,/hkfs/work/workspace/scratch/ap7811-benchmark/dailymed/data/box_flat_20000_images/data/raw_images/otc/aurophen-fig2.jpg,101,389.05950927734375,0x1.850f3c0000000p+8,False,False,False,CHALLENGER,66,-2.6803861530724626,-0x1.5716e4ba0c7a2p+1,-2.6803861530724626,-0x1.5716e4ba0c7a2p+1,0.0003476450452893345,0.02331836623118998,0.014908636473182003,0.0003417780574839649,0.00034370200883073436,5.866987805369607e-06,3.943036458600149e-06,-1.2316094892410674,0.0,-2.070089889876006,-0.6102962631964566,False,64,-4.304208220993528,-0x1.137825c215dbep+2,-2.070089889876006,-0x1.08f8b49c661aap+1,0.4809455731670372,0.42593747328797615,0x1.b428f3f7a6a30p-2,-0.8919677756010517,-0x1.c8b0001295b35p-1,-2.0941284379503107,0.30254973314337874,0x1.35cf98e50eaeep-2,1.1009593127669504,0x1.19d878328f893p+0,3.638936651268518,0.14164057512123165,0x1.2214742f7564dp-3,0.3542876955723924,0x1.6aca64c76f3c9p-2,2.501315002916035,0.43441213487784797,0x1.bcd688e124c27p-2,0.06459298345582393,0x1.0892a6f7e6bd4p-4,0.14869055965480057,-0.5700520437856369,-0x1.23dddc8a27900p-1,-0.006558990149504017,-0x1.add9982fd910bp-8,0.011505949712848443,-1.2316094892410674
H593-c317503b769e0f3acf782e33,DIFFICULT-0043,67,3266,/hkfs/work/workspace/scratch/ap7811-benchmark/dailymed/data/box_flat_20000_images/data/raw_images/otc/b3bacaef-figure-01.jpg,72,390.42572021484375,0x1.866cfc0000000p+8,False,False,False,CHALLENGER,67,-2.8884470287654183,-0x1.71b8a1da634edp+1,-2.8884470287654183,-0x1.71b8a1da634edp+1,0.0005241001864034991,0.015506080500305906,0.03379965597322673,0.0005282108275180991,0.0005934625409948107,-4.11064111459998e-06,-6.936235459131161e-05,-1.2316094892410674,0.0,-1.9332963630734679,-0.9551506656919504,False,72,-4.01978201055614,-0x1.01441bc418d0ep+2,-1.9332963630734679,-0x1.eeec82ace0545p+0,0.4809455731670372,0.5784789704330057,0x1.282e6546ddf51p-1,-1.2114092627399742,-0x1.361eeadd8a273p+0,-2.0941284379503107,0.10789768081481921,0x1.b9f2eb269f508p-4,0.39263282530391763,0x1.920e56e010cd2p-2,3.638936651268518,0.5019086942691109,0x1.00fa2d26ed838p-1,1.2554317470693244,0x1.4163f99805dc4p+0,2.501315002916035,-0.9999998443335465,-0x1.fffffac6d5d94p-1,-0.14869053650866848,-0x1.3084a9fc3c434p-3,0.14869055965480057,-0.9999999880613045,-0x1.ffffff997287fp-1,-0.011505949575482413,-0x1.7906e6916c728p-7,0.011505949712848443,-1.2316094892410674
H593-c317503b769e0f3acf782e33,DIFFICULT-0043,68,3323,/hkfs/work/workspace/scratch/ap7811-benchmark/dailymed/data/box_flat_20000_images/data/raw_images/otc/bb-e8l8-01.jpg,58,391.4750061035156,0x1.87799a0000000p+8,False,False,False,CHALLENGER,68,-2.4850376463055515,-0x1.3e15b6ae1b074p+1,-2.4850376463055515,-0x1.3e15b6ae1b074p+1,0.0007413585460270969,0.019588073470647397,0.037847445647884566,0.0007670994610430991,0.0008288579362969935,-2.574091501600221e-05,-8.749939026989658e-05,-1.2316094892410674,0.0,-1.828235341092328,-0.6568023052132235,False,50,-3.8013352094153983,-0x1.e69226f2c945fp+1,-1.828235341092328,-0x1.d4073b3762094p+0,0.4809455731670372,0.6823906320865392,0x1.5d624e0fd120ep-1,-1.4290136284433095,-0x1.6dd3d64fb3ca9p+0,-2.0941284379503107,0.22143411396088353,0x1.c57f3fad72238p-3,0.8057847131334289,0x1.9c8fd05d0cb51p-1,3.638936651268518,0.5430074187812904,0x1.160511824d525p-1,1.3582326032923522,0x1.5bb521c380688p+0,2.501315002916035,-0.9999999643547967,-0x1.fffffecdcf5e7p-1,-0.14869055435469533,-0x1.3084ac616b933p-3,0.14869055965480057,-0.9999999901862917,-0x1.ffffffabb36d6p-1,-0.011505949599932409,-0x1.7906e69edd7a7p-7,0.011505949712848443,-1.2316094892410674
H593-c317503b769e0f3acf782e33,DIFFICULT-0043,69,3398,/hkfs/work/workspace/scratch/ap7811-benchmark/dailymed/data/box_flat_20000_images/data/raw_images/otc/benzoazeline-01.jpg,108,388.610107421875,0x1.849c300000000p+8,False,False,False,CHALLENGER,69,-1.910750953132691,-0x1.e926f9768177fp+0,-1.910750953132691,-0x1.e926f9768177fp+0,0.001393357550903338,0.029963441739968965,0.04650191933874887,0.0013559370507901893,0.0015793762461304248,3.7420500113148625e-05,-0.00018601869522708687,-1.2316094892410674,0.0,-2.1150867956054147,0.20433584247272374,False,20,-4.397767468109794,-0x1.197505aebc6f3p+2,-2.1150867956054147,-0x1.0ebb2a03a9d11p+1,0.4809455731670372,0.8174451032750872,0x1.a2882a21af05fp-1,-1.711835037231589,-0x1.b63ad22d0e7e7p+0,-2.0941284379503107,0.4117297179158342,0x1.a59c79a4f5919p-2,1.4982583609403772,0x1.7f8ddc25328e5p+0,3.638936651268518,0.6115388360896059,0x1.391b9e4a7a3f0p-1,1.5296512655767411,0x1.879739afefe6bp+0,2.501315002916035,0.8835577214095092,0x1.c461ad7b2a0bcp-1,0.13137669208370029,0x1.0d0f391fa6348p-3,0.14869055965480057,-0.9999999950104179,-0x1.ffffffd523cb0p-1,-0.011505949655438562,-0x1.7906e6bd61466p-7,0.011505949712848443,-1.2316094892410674
H593-c317503b769e0f3acf782e33,DIFFICULT-0043,70,3476,/hkfs/work/workspace/scratch/ap7811-benchmark/dailymed/data/box_flat_20000_images/data/raw_images/otc/blip-nicotine-gum-fruit-carton-image.jpg,1,409.73431396484375,0x1.99bbfc0000000p+8,False,True,False,HOLD,,,,0.0,0x0.0p+0,0.00013995704328577496,0.012485819417469513,0.01120927979223809,0.00013764369373131993,0.00012555815399901697,2.3133495544550324e-06,1.4398889286757995e-05,,,0.0,0.0,True,3,,,,,0.4809455731670372,,,,,-2.0941284379503107,,,,,3.638936651268518,,,,,2.501315002916035,,,,,0.14869055965480057,,,,,0.011505949712848443,-1.2316094892410674
H593-c317503b769e0f3acf782e33,DIFFICULT-0043,71,3477,/hkfs/work/workspace/scratch/ap7811-benchmark/dailymed/data/box_flat_20000_images/data/raw_images/otc/blip-nicotine-gum-mint-carton-image.jpg,49,392.4838562011719,0x1.887bde0000000p+8,False,False,False,CHALLENGER,70,-3.116861802432906,-0x1.8ef553d9ccebcp+1,-3.116861802432906,-0x1.8ef553d9ccebcp+1,0.00023399804644400393,0.010477953627049832,0.022332418597455495,0.00024294857472155685,0.00018852624354204756,-8.950528277552915e-06,4.547180290195637e-05,-1.2316094892410674,-4.440892098500626e-16,-1.7272230017195997,-1.3896388007133063,False,84,-3.5913065803803916,-0x1.cbafef1c525a3p+1,-1.7272230017195997,-0x1.ba2b496148ddbp+0,0.4809455731670372,0.25147672939738985,0x1.01831da1de090p-2,-0.526624570513809,-0x1.0da1bc5740f33p-1,-2.0941284379503107,-0.08743623212264119,-0x1.662388d73c3f1p-4,-0.31817490971990076,-0x1.45cfa4be9e709p-2,3.638936651268518,0.33162121594604793,0x1.5394831497951p-2,0.829489122731108,0x1.a8b2cc5d09223p-1,2.501315002916035,-0.9999999112206359,-0x1.fffffd05641d2p-1,-0.14869054645414725,-0x1.3084ab51f59e8p-3,0.14869055965480057,0.5190003983627773,0x1.09ba6b93287fep-1,0.005971592484510425,0x1.875ab26d0f19bp-8,0.011505949712848443,-1.2316094892410674
H593-c317503b769e0f3acf782e33,DIFFICULT-0043,72,3478,/hkfs/work/workspace/scratch/ap7811-benchmark/dailymed/data/box_flat_20000_images/data/raw_images/otc/blip-nicotine-polacrilex-lozenge-2mg-mint-carton-image.jpg,25,396.23028564453125,0x1.8c3af40000000p+8,False,False,False,CHALLENGER,71,-2.1058357902264624,-0x1.0d8c06f4e26dbp+1,-2.1058357902264624,-0x1.0d8c06f4e26dbp+1,0.00039630137667751486,0.015007806911094317,0.026406348310928394,0.0003676067180550011,0.0003143852081439032,2.869465862251374e-05,8.191616853361167e-05,-1.2316094892410674,0.0,-1.3521072107336283,-0.7537285794928341,False,33,-2.8113518164435374,-0x1.67da6056966c9p+1,-1.3521072107336283,-0x1.5a23b2bac9661p+0,0.4809455731670372,0.4780238843266357,0x1.e97f17d78f246p-2,-1.0010434101878776,-0x1.00446184a21c8p+0,-2.0941284379503107,0.09172989635466593,0x1.77b9c48e8a47bp-4,0.33379928186205626,0x1.55cf7a9c1a6ffp-2,3.638936651268518,0.4040094313088714,0x1.9db4a5fafd17dp-2,1.0105548518524552,0x1.02b3b907853a4p+0,2.501315002916035,0.8507901593261088,0x1.b39ac48c20e79p-1,0.12650446493899606,0x1.0314c5ddb00f5p-3,0.14869055965480057,0.7010043919796107,0x1.66ea0c33cf410p-1,0.0080657212826033,0x1.084c2c904fb40p-7,0.011505949712848443,-1.2316094892410674
H593-c317503b769e0f3acf782e33,DIFFICULT-0043,73,3479,/hkfs/work/workspace/scratch/ap7811-benchmark/dailymed/data/box_flat_20000_images/data/raw_images/otc/blip-nicotine-polacrilex-mint-carton-image.jpg,71,390.4700927734375,0x1.8678580000000p+8,False,False,False,CHALLENGER,72,-3.5654538938165854,-0x1.c860cb0eab469p+1,-3.5654538938165854,-0x1.c860cb0eab469p+1,8.873353863564698e-05,0.008861130144903182,0.010013794762588547,8.83564977127875e-05,8.635763999274379e-05,3.770409228594885e-07,2.3758986429031907e-06,-1.2316094892410674,0.0,-1.9288535068375203,-1.636600386979065,False,119,-4.010544257920865,-0x1.00acc1d2bb90bp+2,-1.9288535068375203,-0x1.edc957eaa45e3p+0,0.4809455731670372,-0.22398606884363215,-0x1.cab935438b460p-3,0.46905559647014616,0x1.e0501c3b61550p-2,-2.0941284379503107,-0.16979893365118587,-0x1.5bbf8b176b8e2p-3,-0.6178875630096116,-0x1.3c5bc237767cdp-1,3.638936651268518,-0.05632949300087774,-0x1.cd738247a623ep-5,-0.14089780594974927,-0x1.208f07650f01ap-3,2.501315002916035,-0.7197125949597183,-0x1.707e2b53be190p-1,-0.10701446853516931,-0x1.b654cda8eb003p-4,0.14869055965480057,-0.7167297719374429,-0x1.6ef7346514eb1p-1,-0.008246656713613552,-0x1.0e39f87172932p-7,0.011505949712848443,-1.2316094892410674
H593-c317503b769e0f3acf782e33,DIFFICULT-0043,74,3590,/hkfs/work/workspace/scratch/ap7811-benchmark/dailymed/data/box_flat_20000_images/data/raw_images/otc/by pharmicell lab prestige bb carton.jpg,31,394.8736877441406,0x1.8adfaa0000000p+8,False,False,False,CHALLENGER,73,-2.5066628124734107,-0x1.40da53b8d61a6p+1,-2.5066628124734107,-0x1.40da53b8d61a6p+1,0.00026115816628810535,0.013056727051812291,0.020001809431396227,0.00025459725744179603,0.0002656865492044258,6.560908846309319e-06,-4.528382916320459e-06,-1.2316094892410674,0.0,-1.4879382205386948,-1.0187245919347159,False,52,-3.093776725587864,-0x1.8c00e030c34edp+1,-1.4879382205386948,-0x1.7ce984ebaea01p+0,0.4809455731670372,0.30216037638893445,0x1.3569879af3398p-2,-0.6327626370178372,-0x1.43f976e03ea20p-1,-2.0941284379503107,0.022351241878213565,0x1.6e33e7391519cp-6,0.08133475327199913,0x1.4d25ab954dae8p-4,3.638936651268518,0.2817117203400374,0x1.207909870a9b7p-2,0.7046497525838218,0x1.68c7da34f6c98p-1,2.501315002916035,0.4786381713710599,0x1.ea201ff29fb04p-2,0.07116897757331324,0x1.238214f2ac98bp-4,0.14869055965480057,-0.9999999471661877,-0x1.fffffe3a2937dp-1,-0.011505949104945255,-0x1.7906e58ebe3acp-7,0.011505949712848443,-1.2316094892410674
H593-c317503b769e0f3acf782e33,DIFFICULT-0043,75,3660,/hkfs/work/workspace/scratch/ap7811-benchmark/dailymed/data/box_flat_20000_images/data/raw_images/otc/careone-acetaminophen-carton-image.jpg,45,392.7757263183594,0x1.88c6960000000p+8,False,False,False,CHALLENGER,74,-1.4959346890505616,-0x1.7ef593666c914p+0,-1.4959346890505616,-0x1.7ef593666c914p+0,0.0020948392516389235,0.03445669421772818,0.06079629225026224,0.002145014643933629,0.0021866569516022605,-5.017539229470536e-05,-9.181769996333697e-05,-1.2316094892410674,2.220446049250313e-16,-1.6979991523106586,0.20206446326009697,False,14,-3.5305432611205814,-0x1.c3e8d771d0239p+1,-1.6979991523106586,-0x1.b2b0128bcf5c4p+0,0.4809455731670372,0.8747473816374259,0x1.bfdee388c9eb9p-1,-1.8318333679095071,-0x1.d4f30816e4931p+0,-2.0941284379503107,0.46803788502959026,0x1.df4552c5f6e27p-2,1.7031602140163768,0x1.b4024ecb0c779p+0,3.638936651268518,0.6886552116837211,0x1.60976a78cd969p-1,1.7225436128208096,0x1.b8f89e42ffc2ap+0,2.501315002916035,-0.9999999809482958,-0x1.ffffff5c58dc0p-1,-0.148690556821992,-0x1.3084acb632256p-3,0.14869055965480057,-0.9999999905852749,-0x1.ffffffaf20ccfp-1,-0.01150594960452309,-0x1.7906e6a1638f2p-7,0.011505949712848443,-1.2316094892410674
H593-c317503b769e0f3acf782e33,DIFFICULT-0043,76,3674,/hkfs/work/workspace/scratch/ap7811-benchmark/dailymed/data/box_flat_20000_images/data/raw_images/otc/careone-nicotine-gum-carton-image.jpg,8,402.044677734375,0x1.920b700000000p+8,False,False,False,CHALLENGER,75,-1.8894245911242251,-0x1.e3b1547b23000p+0,-1.8894245911242251,-0x1.e3b1547b23000p+0,0.00025824411961015677,0.015349005161840077,0.016824811568386874,0.00026823838715356893,0.00018943245998837425,-9.994267543412161e-06,6.881165962178252e-05,-1.2316094892410674,0.0,-0.7699341521297067,-1.1194904389945184,False,19,-1.6008758476758054,-0x1.99d2ffe2b94f0p+0,-0.7699341521297067,-0x1.8a34cf26f0efcp-1,0.4809455731670372,0.2970535675161805,0x1.302ecf769188cp-2,-0.6220683233302262,-0x1.3e7fbd4129688p-1,-2.0941284379503107,0.10286343770946514,0x1.a55421cea91b7p-4,0.37431353355644886,0x1.7f4c0c044cf33p-2,3.638936651268518,0.2003108181289485,0x1.9a3c8ee730d1dp-3,0.5010404546323242,0x1.00885fdd3cd3ep-1,2.501315002916035,-0.9999999187495101,-0x1.fffffd4610488p-1,-0.14869054757361977,-0x1.3084ab786c9a8p-3,0.14869055965480057,0.6539167256415372,0x1.4ece2c4de0284p-1,0.0075239329616220395,0x1.ed16a601e919cp-8,0.011505949712848443,-1.2316094892410674
H593-c317503b769e0f3acf782e33,DIFFICULT-0043,77,3675,/hkfs/work/workspace/scratch/ap7811-benchmark/dailymed/data/box_flat_20000_images/data/raw_images/otc/careone-nicotine-gum-fruit-carton-image.jpg,36,394.00653076171875,0x1.8a01ac0000000p+8,False,False,False,CHALLENGER,76,-2.646055298050883,-0x1.52b1f0a4449e2p+1,-2.646055298050883,-0x1.52b1f0a4449e2p+1,0.00024617344895724424,0.017329360531053998,0.01420557028149449,0.00024735236307889697,0.00023405075315206605,-1.17891412165273e-06,1.2122695805178194e-05,-1.2316094892410674,0.0,-1.5747633649296462,-1.071291933121237,False,62,-3.274306808896888,-0x1.a31c7c4aa420fp+1,-1.5747633649296462,-0x1.9323b11f4fce7p+0,0.4809455731670372,0.27507904071336786,0x1.19ae51eeb7434p-2,-0.576050841841955,-0x1.26f022cd16c42p-1,-2.0941284379503107,0.16245218448402798,0x1.4cb3bb1c2e67cp-3,0.5911532081975642,0x1.2eaba220449dfp-1,3.638936651268518,0.11789526518731304,0x1.e2e6254552f8dp-4,0.29489319558579064,0x1.2df87b5b6a656p-2,2.501315002916035,-0.9999997136528607,-0x1.fffff6644bfb4p-1,-0.14869051707768416,-0x1.3084a76097846p-3,0.14869055965480057,-0.08582418388136563,-0x1.5f892def9f273p-4,-0.0009874887438852508,-0x1.02dd3f70cc8b3p-10,0.011505949712848443,-1.2316094892410674
H593-c317503b769e0f3acf782e33,DIFFICULT-0043,78,3676,/hkfs/work/workspace/scratch/ap7811-benchmark/dailymed/data/box_flat_20000_images/data/raw_images/otc/careone-nicotine-gum-ice-mint-carton-image.jpg,40,393.37103271484375,0x1.895efc0000000p+8,False,False,False,CHALLENGER,77,-2.841702887081701,-0x1.6bbceb927b7aep+1,-2.841702887081701,-0x1.6bbceb927b7aep+1,0.0002967338620155176,0.013143174023511495,0.022577032114517986,0.0003017357164883225,0.0002923363525581989,-5.001854472804932e-06,4.397509457318676e-06,-1.2316094892410674,4.440892098500626e-16,-1.638393377486295,-1.203309509595406,False,69,-3.406608707711849,-0x1.b40bc10ef2135p+1,-1.638393377486295,-0x1.a36dbf96495ffp+0,0.4809455731670372,0.35901095366885266,0x1.6fa09143a76adp-2,-0.7518150476136057,-0x1.80ede6e44840dp-1,-2.0941284379503107,0.025648865513587343,0x1.a43b23a3dcefbp-6,0.0933345967808501,0x1.7e4c6b0c25440p-4,3.638936651268518,0.3364602905850249,0x1.58890be1dc81cp-2,0.8415931727258116,0x1.aee54ce2c9d9dp-1,2.501315002916035,-0.9999998632984316,-0x1.fffffb69be127p-1,-0.14869053932856788,-0x1.3084aa5d205c3p-3,0.14869055965480057,-0.5320901856532959,-0x1.106e1ff3ce943p-1,-0.006122202918827015,-0x1.91398550dabe8p-8,0.011505949712848443,-1.2316094892410674
H593-c317503b769e0f3acf782e33,DIFFICULT-0043,79,3723,/hkfs/work/workspace/scratch/ap7811-benchmark/dailymed/data/box_flat_20000_images/data/raw_images/otc/carton1.jpg,9,401.5552673339844,0x1.918e260000000p+8,False,False,False,CHALLENGER,78,-0.7457451456537203,-0x1.7dd24ec7778b6p-1,-0.7457451456537203,-0x1.7dd24ec7778b6p-1,0.001843374342653812,0.030419276102477886,0.06059888921892046,0.0018703845427041183,0.0014638268393554902,-2.7010200050306236e-05,0.0003795475032983219,-1.2316094892410674,0.0,-0.818936961934306,0.07319181628058569,False,5,-1.7027643201736697,-0x1.b3e85ccbf10bbp+0,-0.818936961934306,-0x1.a34bb499fca45p-1,0.4809455731670372,0.8588667080978957,0x1.b7bd608dcea9fp-1,-1.7985771978365717,-0x1.cc6f8e240a15fp+0,-2.0941284379503107,0.41797964710864677,0x1.ac02db4ae6aa4p-2,1.521001457347936,0x1.856059fc7a4c2p+0,3.638936651268518,0.6877993145643322,0x1.60273b5487b12p-1,1.7204027445151293,0x1.b86c5073a420bp+0,2.501315002916035,-0.9999999658977178,-0x1.fffffedb1049dp-1,-0.14869055458411315,-0x1.3084ac694d8e3p-3,0.14869055965480057,0.9268992430380084,0x1.da92899f12203p-1,0.010664856079272611,0x1.5d774c09dbe0dp-7,0.011505949712848443,-1.2316094892410674
H593-c317503b769e0f3acf782e33,DIFFICULT-0043,80,3741,/hkfs/work/workspace/scratch/ap7811-benchmark/dailymed/data/box_flat_20000_images/data/raw_images/otc/carton2.jpg,5,404.5908508300781,0x1.9497420000000p+8,False,False,False,CHALLENGER,79,-0.41130654619007834,-0x1.a52d8b121182ap-2,-0.41130654619007834,-0x1.a52d8b121182ap-2,0.0022612898484525297,0.029099386989196015,0.07770919192531783,0.0023771840915720864,0.0021059809061679535,-0.00011589424311955667,0.00015530894228457616,-1.2316094892410674,-5.551115123125783e-17,-0.5149954833994496,0.10368893720937122,False,4,-1.0707978451869158,-0x1.121fcebdb47fcp+0,-0.5149954833994496,-0x1.07ad7ced93a23p-1,0.4809455731670372,0.8834296929574179,0x1.c450e58f22866p-1,-1.8500152429518402,-0x1.d99a99559463dp+0,-2.0941284379503107,0.3995066757361116,0x1.9918472b47f67p-2,1.4537794847625836,0x1.742ae46ea6a9bp+0,3.638936651268518,0.7478751135485633,0x1.7ee97ca45de22p-1,1.8706712418265545,0x1.dee44f7d36776p+0,2.501315002916035,-0.9999999915403066,-0x1.ffffffb754f00p-1,-0.14869055839692402,-0x1.3084acec4f650p-3,0.14869055965480057,0.830309661391667,0x1.a91e591275c84p-1,0.009553501210064739,0x1.390c93a138192p-7,0.011505949712848443,-1.2316094892410674
H593-c317503b769e0f3acf782e33,DIFFICULT-0043,81,3775,/hkfs/work/workspace/scratch/ap7811-benchmark/dailymed/data/box_flat_20000_images/data/raw_images/otc/cartonlabel002.jpg,69,390.6024475097656,0x1.869a3a0000000p+8,False,False,False,CHALLENGER,80,-3.2306033726761374,-0x1.9d84694bfee34p+1,-3.2306033726761374,-0x1.9d84694bfee34p+1,0.00018863685481189195,0.012635919129155017,0.014928621565537542,0.0001906535592987563,0.00017874920660927528,-2.016704486864355e-06,9.887648202616672e-06,-1.2316094892410674,0.0,-1.915601328367573,-1.3150020443085644,False,96,-3.9829898334509997,-0x1.fdd29c617c7bep+1,-1.915601328367573,-0x1.ea64d941834c5p+0,0.4809455731670372,0.14814581664417342,0x1.2f6712ec351eap-3,-0.31023636759793605,-0x1.3dae9a3373ae4p-2,-2.0941284379503107,0.005974893473274281,0x1.8792141096876p-8,0.021742258847322837,0x1.6439a4ac2fd00p-6,3.638936651268518,0.14229687847722733,0x1.236c8bbb0f84ep-3,0.35592931700320857,0x1.6c78bc20dd975p-2,2.501315002916035,-0.9999997690560534,-0x1.fffff84034e40p-1,-0.1486905253156159,-0x1.3084a87ba5219p-3,0.14869055965480057,-0.18575068184850574,-0x1.7c6ada7dfe050p-3,-0.002137238004476217,-0x1.1821ceaa7e24fp-9,0.011505949712848443,-1.2316094892410674
H593-c317503b769e0f3acf782e33,DIFFICULT-0043,82,3965,/hkfs/work/workspace/scratch/ap7811-benchmark/dailymed/data/box_flat_20000_images/data/raw_images/otc/cho05-0002-01.jpg,16,398.51953125,0x1.8e85000000000p+8,False,False,False,CHALLENGER,81,-2.401681024058681,-0x1.336a48a6e0bedp+1,-2.401681024058681,-0x1.336a48a6e0bedp+1,0.00013006276735290863,0.009537096888280014,0.013637563807571326,0.00011179112819281025,0.00010259020431770173,1.8271639160098385e-05,2.74725630352069e-05,-1.2316094892410674,0.0,-1.1228937185167414,-1.2787873055419394,False,44,-2.334762561847615,-0x1.2ad97fe787c48p+1,-1.1228937185167414,-0x1.1f75f675e9c9bp+0,0.4809455731670372,-0.036642777701459794,-0x1.2c2d797b98848p-5,0.07673468283011847,0x1.3a4e259396b2cp-4,-2.0941284379503107,-0.13389337216369396,-0x1.1236b034c0f7ap-3,-0.48722949932840187,-0x1.f2ec4a350c3a0p-2,3.638936651268518,0.09773008009975687,0x1.904d6a9dd299cp-4,0.24445371558970766,0x1.f4a4264ebf725p-3,2.501315002916035,0.775239134288271,0x1.8cec24d0b1e86p-1,0.1152707407436261,0x1.d82621dadf839p-4,0.14869055965480057,0.3122335794728846,0x1.3fba28d2323bdp-2,0.003592543864077678,0x1.d6e1c4cfb28c9p-9,0.011505949712848443,-1.2316094892410674
H593-c317503b769e0f3acf782e33,DIFFICULT-0043,83,3978,/hkfs/work/workspace/scratch/ap7811-benchmark/dailymed/data/box_flat_20000_images/data/raw_images/otc/citrus mini nicotine lozenge.jpg,3,407.84820556640625,0x1.97d9240000000p+8,False,False,False,CHALLENGER,82,0.010022073557208522,0x1.48673f1549e00p-7,0.010022073557208522,0x1.48673f1549e00p-7,0.0017438579949677648,0.02586444152496378,0.06742299049003754,0.0015269641194399707,0.0014918052866316213,0.00021689387552779405,0.00025205270833614343,-1.2316094892410674,5.204170427930421e-17,-0.18884889051340376,0.19887096407061228,False,2,-0.39266166703610483,-0x1.9215e669406bep-2,-0.18884889051340376,-0x1.82c3350520ac6p-3,0.4809455731670372,0.8514110558951341,0x1.b3ec26610b7bdp-1,-1.7829641045353017,-0x1.c87055e6ebc9bp+0,-2.0941284379503107,0.348853483089144,0x1.6539d8f3dab02p-2,1.2694557255357681,0x1.44fb0ce8e5654p+0,3.638936651268518,0.7148936498372425,0x1.6e068a5c568b6p-1,1.788174211827297,0x1.c9c5c8ff594c1p+0,2.501315002916035,0.9788934872649953,0x1.f53186f4241ecp-1,0.14555222046387153,0x1.2a17485605241p-3,0.14869055965480057,0.8919211604570917,0x1.c8a9e3ed8c125p-1,0.010262400020044724,0x1.5047403b76c32p-7,0.011505949712848443,-1.2316094892410674
H593-c317503b769e0f3acf782e33,DIFFICULT-0043,84,4057,/hkfs/work/workspace/scratch/ap7811-benchmark/dailymed/data/box_flat_20000_images/data/raw_images/otc/cloveden original carton.jpg,93,389.3863830566406,0x1.8562ea0000000p+8,False,False,False,CHALLENGER,83,-3.742145143067319,-0x1.defe9caf2e001p+1,-3.742145143067319,-0x1.defe9caf2e001p+1,7.288993647188939e-05,0.009157091413999932,0.007959944176209785,7.334606054478013e-05,6.006411520492755e-05,-4.5612407289073883e-07,1.282582126696184e-05,-1.2316094892410674,4.440892098500626e-16,-2.0373612563524626,-1.7047838867148566,False,127,-4.236157623691999,-0x1.0f1d34dd9d535p+2,-2.0373612563524626,-0x1.04c840ef15ed2p+1,0.4809455731670372,-0.3150954106802409,-0x1.42a85f0ff71d9p-2,0.6598502601731244,0x1.51d7e4af66bd0p-1,-2.0941284379503107,-0.15380223248324376,-0x1.3afcaa3489df8p-3,-0.5596765808301971,-0x1.1e8dedc6016eap-1,3.638936651268518,-0.16950793736914616,-0x1.5b26fa3b4d9e0p-3,-0.4239927468547969,-0x1.b22b2795ee241p-2,2.501315002916035,-0.9999996389206856,-0x1.fffff3e25a30cp-1,-0.14869050596571523,-0x1.3084a5e2c99adp-3,0.14869055965480057,-0.057780888392230556,-0x1.d9574e3f4f838p-5,-0.0006648239962047131,-0x1.5c8f2a9203414p-11,0.011505949712848443,-1.2316094892410674
H593-c317503b769e0f3acf782e33,DIFFICULT-0043,85,4062,/hkfs/work/workspace/scratch/ap7811-benchmark/dailymed/data/box_flat_20000_images/data/raw_images/otc/coated-cinnamon-nicotine-gum.jpg,15,399.1330261230469,0x1.8f220e0000000p+8,False,False,False,CHALLENGER,84,-2.177207901063228,-0x1.16aebf9dd4663p+1,-2.177207901063228,-0x1.16aebf9dd4663p+1,0.0004524034441277801,0.01321165473693414,0.03424275407856772,0.0004551281564456763,0.00044079189754993694,-2.7247123178961922e-06,1.1611546577843174e-05,-1.2316094892410674,0.0,-1.0614668004209717,-1.1157411006422564,False,35,-2.207041419325662,-0x1.1a80554e75e7fp+1,-1.0614668004209717,-0x1.0fbc49c9990b9p+0,0.4809455731670372,0.5274598946982288,0x1.0e0f392b5c6a1p-1,-1.1045687653658374,-0x1.1ac504c36deb2p+0,-2.0941284379503107,0.02824539544529513,0x1.cec5c66cceeddp-6,0.10278320471545731,0x1.a500006d4b9efp-4,3.638936651268518,0.5067644354770545,0x1.0376a0ca4cb95p-1,1.2675774854030315,0x1.447ff544f3b23p+0,2.501315002916035,-0.9999998015110122,-0x1.fffff956fe199p-1,-0.14869053014136188,-0x1.3084a92174d77p-3,0.14869055965480057,-0.10716247187329049,-0x1.b6efff00de6c5p-4,-0.001233006012478616,-0x1.4339a1ff5a11bp-10,0.011505949712848443,-1.2316094892410674
H593-c317503b769e0f3acf782e33,DIFFICULT-0043,86,4215,/hkfs/work/workspace/scratch/ap7811-benchmark/dailymed/data/box_flat_20000_images/data/raw_images/otc/cp blemish control toner carton.jpg,78,390.01324462890625,0x1.8603640000000p+8,False,False,False,CHALLENGER,85,-2.799837175645129,-0x1.66611087c2aacp+1,-2.799837175645129,-0x1.66611087c2aacp+1,0.0003467444205224063,0.023553014133415855,0.014721870354183774,0.0003501845493356026,0.00039181720385040615,-3.4401288131962826e-06,-4.5072783327999855e-05,-1.2316094892410674,-4.440892098500626e-16,-1.9745959812887801,-0.8252411943563487,False,68,-4.105653719372074,-0x1.06c307d159d83p+2,-1.9745959812887801,-0x1.f97f1f4a72c65p+0,0.4809455731670372,0.4248751898006519,0x1.b3127b544d683p-2,-0.889743217541081,-0x1.c78c6c4a5a7fdp-1,-2.0941284379503107,0.3070908135806566,0x1.3a7603a4ec7eep-2,1.1174840168065192,0x1.1e136eb9fc995p+0,3.638936651268518,0.13545834033493165,0x1.156b2eadabf80p-3,0.3388239789498708,0x1.5af4ac52c2dacp-2,2.501315002916035,-0.9999998261921289,-0x1.fffffa2b00731p-1,-0.14869053381121095,-0x1.3084a99f8d2cep-3,0.14869055965480057,-0.9999999831852722,-0x1.ffffff6f9005cp-1,-0.01150594951937903,-0x1.7906e67294992p-7,0.011505949712848443,-1.2316094892410674
H593-c317503b769e0f3acf782e33,DIFFICULT-0043,87,4245,/hkfs/work/workspace/scratch/ap7811-benchmark/dailymed/data/box_flat_20000_images/data/raw_images/otc/cur03-0000-01.jpg,57,391.5540771484375,0x1.878dd80000000p+8,False,False,False,CHALLENGER,86,-2.375449812416326,-0x1.300ebd4ccf08cp+1,-2.375449812416326,-0x1.300ebd4ccf08cp+1,0.0004773729066090901,0.01955469715815042,0.024412186123277318,0.0004647455731757912,0.0004899187202301986,1.2627333433298902e-05,-1.2545813621108511e-05,-1.2316094892410674,-4.440892098500626e-16,-1.8203182568369363,-0.5551315555793896,False,41,-3.7848737121127876,-0x1.e476bde681dc8p+1,-1.8203182568369363,-0x1.d20060956d269p+0,0.4809455731670372,0.5465729677204324,0x1.17d8697a794dbp-1,-1.1445939951182547,-0x1.25041cb03b1b7p+0,-2.0941284379503107,0.22062308901221306,0x1.c3d609c0664d4p-3,0.8028334447226187,0x1.9b0cfc3a6ff5bp-1,3.638936651268518,0.3706446658310567,0x1.7b8a4678b9964p-2,0.9270990633940224,0x1.daacba7adbeeep-1,2.501315002916035,0.6903287618758072,0x1.6172c57f7d51ap-1,0.10264536994911932,0x1.a46f78b046d08p-4,0.14869055965480057,-0.9999999628869554,-0x1.fffffec1338d4p-1,-0.011505949285827618,-0x1.7906e5f22f28bp-7,0.011505949712848443,-1.2316094892410674
H593-c317503b769e0f3acf782e33,DIFFICULT-0043,88,4250,/hkfs/work/workspace/scratch/ap7811-benchmark/dailymed/data/box_flat_20000_images/data/raw_images/otc/cvp-44-159b-1.jpg,107,388.6283874511719,0x1.84a0de0000000p+8,False,False,False,CHALLENGER,87,-3.127199858700383,-0x1.904815c096448p+1,-3.127199858700383,-0x1.904815c096448p+1,0.0003875850278010141,0.01584771531161013,0.024456839372743344,0.0003962075780032923,0.0003967831095252605,-8.622550202278174e-06,-9.198081724246378e-06,-1.2316094892410674,-4.440892098500626e-16,-2.113256485505461,-1.013943373194922,False,86,-4.393961818984257,-0x1.1936aba21a3e6p+2,-2.113256485505461,-0x1.0e7f3042a7263p+1,0.4809455731670372,0.4693994993341505,0x1.e0aa432998866p-2,-0.9829828403152825,-0x1.f74986df5ddd4p-1,-2.0941284379503107,0.11865430579586447,0x1.e6020eaec3e02p-4,0.43177550219139377,0x1.ba235b7481097p-2,3.638936651268518,0.3714326057975172,0x1.7c58d43a4609bp-2,0.9290699494535272,0x1.dbaf0e7132d3dp-1,2.501315002916035,-0.9999999085580583,-0x1.fffffcee850b3p-1,-0.14869054605824708,-0x1.3084ab445b3e9p-3,0.14869055965480057,-0.9999999576216814,-0x1.fffffe93f9178p-1,-0.01150594922524564,-0x1.7906e5d0e100ep-7,0.011505949712848443,-1.2316094892410674
H593-c317503b769e0f3acf782e33,DIFFICULT-0043,89,4269,/hkfs/work/workspace/scratch/ap7811-benchmark/dailymed/data/box_flat_20000_images/data/raw_images/otc/cvs-44-030-cc-1.jpg,117,388.2235107421875,0x1.8439380000000p+8,False,False,False,CHALLENGER,88,-3.4040665395194245,-0x1.b3b873ce5268bp+1,-3.4040665395194245,-0x1.b3b873ce5268bp+1,0.00025912390528553923,0.012860175265240692,0.020149329223056234,0.00026727904916786557,0.00029992718140411386,-8.155143882326334e-06,-4.080327611857463e-05,-1.2316094892410674,-4.440892098500626e-16,-2.153795256951344,-1.2502712825680806,False,109,-4.478251546778058,-0x1.1e9bac602b154p+2,-2.153795256951344,-0x1.13af901f71667p+1,0.4809455731670372,0.2986032335739685,0x1.31c50bcab85d7p-2,-0.6253135230911664,-0x1.40291816d8a0ap-1,-2.0941284379503107,0.014769822705430332,0x1.e3fa40be67c2bp-7,0.05374644917552838,0x1.b84a792f8549dp-5,3.638936651268518,0.2850907521495224,0x1.23eed4837f38ep-2,0.7131017755442172,0x1.6d1bad095d27fp-1,2.501315002916035,-0.9999999044752801,-0x1.fffffccb72eb6p-1,-0.14869054545117652,-0x1.3084ab2f7f653p-3,0.14869055965480057,-0.9999999818847689,-0x1.ffffff64642f8p-1,-0.011505949504415506,-0x1.7906e66a5aab5p-7,0.011505949712848443,-1.2316094892410674
H593-c317503b769e0f3acf782e33,DIFFICULT-0043,90,4286,/hkfs/work/workspace/scratch/ap7811-benchmark/dailymed/data/box_flat_20000_images/data/raw_images/otc/cvs-44-347-1.jpg,13,399.81146240234375,0x1.8fcfbc0000000p+8,False,False,False,CHALLENGER,89,-2.263699688231931,-0x1.21c0e95075f50p+1,-2.263699688231931,-0x1.21c0e95075f50p+1,0.000283301470002485,0.012205689873080343,0.02321060693400924,0.00029171702250669224,0.00030422951301341825,-8.415552504207268e-06,-2.0928043010933275e-05,-1.2316094892410674,4.440892098500626e-16,-0.9935375452756172,-1.2701621429563137,False,37,-2.065800374735026,-0x1.086c258cc696fp+1,-0.9935375452756172,-0x1.fcb0f4009d216p-1,0.4809455731670372,0.33866873761004934,0x1.5acbfa40d9dfap-2,-0.7092158344739362,-0x1.6b1e567dbde75p-1,-2.0941284379503107,-0.011345177043715106,-0x1.73c23e2f5efd4p-7,-0.04128438055950511,-0x1.52339f0ad691fp-5,3.638936651268518,0.3486742195543226,0x1.650adac7c6cc7p-2,0.8721440565012666,0x1.be89aa7025be2p-1,2.501315002916035,-0.9999999067938266,-0x1.fffffcdf5d750p-1,-0.14869054579592247,-0x1.3084ab3b57d01p-3,0.14869055965480057,-0.9999999716929858,-0x1.ffffff0cd837bp-1,-0.011505949387149361,-0x1.7906e629e2ed3p-7,0.011505949712848443,-1.2316094892410674
H593-c317503b769e0f3acf782e33,DIFFICULT-0043,91,4289,/hkfs/work/workspace/scratch/ap7811-benchmark/dailymed/data/box_flat_20000_images/data/raw_images/otc/cvs-44-390-1.jpg,100,389.1805114746094,0x1.852e360000000p+8,False,False,False,CHALLENGER,90,-2.5279041629013284,-0x1.43925d158aaeep+1,-2.5279041629013284,-0x1.43925d158aaeep+1,0.000561746816541557,0.019843123253739506,0.0283093951168042,0.000538783675891573,0.0005880009037034129,2.296314064998404e-05,-2.6254087161855827e-05,-1.2316094892410674,-4.440892098500626e-16,-2.0579743981459293,-0.46992976475539905,False,57,-4.279017238050706,-0x1.11db6b1e1cac8p+2,-2.0579743981459293,-0x1.076bb4800561ep+1,0.4809455731670372,0.6010937046270175,0x1.33c28dd668b76p-1,-1.2587674207323416,-0x1.423e94e950d06p+0,-2.0941284379503107,0.22757638289836693,0x1.d213910f1fa95p-3,0.8281360406919853,0x1.a8017276d26eep-1,3.638936651268518,0.4327097344101665,0x1.bb1842b7cf5f1p-2,1.0823433505879623,0x1.1514742dd1801p+0,2.501315002916035,0.8169563935322827,0x1.a2481bc0f5619p-1,0.12147370336788262,0x1.f18e68f49ffe5p-4,0.14869055965480057,-0.9999999754015557,-0x1.ffffff2cb372fp-1,-0.01150594942981998,-0x1.7906e64158484p-7,0.011505949712848443,-1.2316094892410674
H593-c317503b769e0f3acf782e33,DIFFICULT-0043,92,4296,/hkfs/work/workspace/scratch/ap7811-benchmark/dailymed/data/box_flat_20000_images/data/raw_images/otc/cvs-44-453---nasal-decongestant-1.jpg,92,389.41412353515625,0x1.856a040000000p+8,False,False,False,CHALLENGER,91,-3.467084347517289,-0x1.bbc96b7e87b67p+1,-3.467084347517289,-0x1.bbc96b7e87b67p+1,0.0001474760779706823,0.011411601663187837,0.012923346110688268,0.0001500033591481412,0.00017979744596064294,-2.5272811774588913e-06,-3.232136798996064e-05,-1.2316094892410674,4.440892098500626e-16,-2.0345837073026165,-1.4325006402146725,False,111,-4.230382439960593,-0x1.0ebe95fd4d050p+2,-2.0345837073026165,-0x1.046d3d29eb6a1p+1,0.4809455731670372,0.02615924923989313,0x1.ac97d7fe49ca8p-6,-0.054780827748690246,-0x1.c0c3b8f41c217p-5,-2.0941284379503107,-0.044951199989784675,-0x1.703d7fbbe815dp-5,-0.16357456916132848,-0x1.4f002f080aa43p-3,3.638936651268518,0.07102692948848559,0x1.22ed22349d0e3p-4,0.17766072434060834,0x1.6bd962c69cd81p-3,2.501315002916035,-0.9999997934153938,-0x1.fffff91173a59p-1,-0.14869052893761986,-0x1.3084a8f8189d6p-3,0.14869055965480057,-0.9999999785960086,-0x1.ffffff4824201p-1,-0.011505949466575195,-0x1.7906e6558d1e7p-7,0.011505949712848443,-1.2316094892410674
H593-c317503b769e0f3acf782e33,DIFFICULT-0043,93,4297,/hkfs/work/workspace/scratch/ap7811-benchmark/dailymed/data/box_flat_20000_images/data/raw_images/otc/cvs-44-453485-1.jpg,23,397.3308410644531,0x1.8d54b20000000p+8,False,False,False,CHALLENGER,92,-1.8738412321126396,-0x1.dfb40f19d1f43p+0,-1.8738412321126396,-0x1.dfb40f19d1f43p+0,0.00032629853161663405,0.01988950691669967,0.016405561635249317,0.0002977368139239324,0.00026065563931191633,2.8561717692701628e-05,6.564289230471772e-05,-1.2316094892410674,0.0,-1.2419127647659745,-0.6319284673466652,False,18,-2.582231408406468,-0x1.4a868f0ce7a78p+1,-1.2419127647659745,-0x1.3dedfeb527a11p+0,0.4809455731670372,0.39965524909853695,0x1.993f39c236387p-2,-0.8369294225133614,-0x1.ac82036582966p-1,-2.0941284379503107,0.2286830230707995,0x1.d457c3c9ea7d9p-3,0.8321630341752163,0x1.aa1145f17203bp-1,3.638936651268518,0.18816989612153828,0x1.815f37ef78446p-3,0.47067218426595553,0x1.e1f7e39a3c95bp-2,2.501315002916035,0.850147696132262,0x1.b3468f0f50ccap-1,0.12640893672714537,0x1.02e2b04952604p-3,0.14869055965480057,0.6402156643549953,0x1.47ca58f9954efp-1,0.007366289239446434,0x1.e2c1d36055241p-8,0.011505949712848443,-1.2316094892410674
H593-c317503b769e0f3acf782e33,DIFFICULT-0043,94,4302,/hkfs/work/workspace/scratch/ap7811-benchmark/dailymed/data/box_flat_20000_images/data/raw_images/otc/cvs-44-503a-scfh-1.jpg,75,390.28143310546875,0x1.86480c0000000p+8,False,False,False,CHALLENGER,93,-2.9869280018543938,-0x1.7e53a821bc51ep+1,-2.9869280018543938,-0x1.7e53a821bc51ep+1,0.0002894000851295413,0.016971094835174484,0.01705252889929808,0.0002970821083485511,0.0002778026775370517,-7.682023219009789e-06,1.1597407592489617e-05,-1.2316094892410674,0.0,-1.947743284864086,-1.0391847169903077,False,76,-4.049820589964377,-0x1.033042b3241f9p+2,-1.947743284864086,-0x1.f29f4dcd7eaf4p+0,0.4809455731670372,0.34806232761820616,0x1.646a73685bfd3p-2,-0.7288872184444634,-0x1.7530b49b61fc5p-1,-2.0941284379503107,0.15226562358445664,0x1.37d70a0ccd639p-3,0.5540849583897353,0x1.1bb1060efa971p-1,3.638936651268518,0.20675425166978678,0x1.a76ec5e9d872cp-3,0.5171575116183154,0x1.08c8de8e90144p-1,2.501315002916035,-0.9999998999537164,-0x1.fffffca49be55p-1,-0.14869054477886268,-0x1.3084ab1865a90p-3,0.14869055965480057,-0.107764640460777,-0x1.b9676a671b96cp-4,-0.0012399345339648927,-0x1.450a99171a067p-10,0.011505949712848443,-1.2316094892410674
H593-c317503b769e0f3acf782e33,DIFFICULT-0043,95,4304,/hkfs/work/workspace/scratch/ap7811-benchmark/dailymed/data/box_flat_20000_images/data/raw_images/otc/cvs-44-519-acetaminophen-1.jpg,19,397.6839599609375,0x1.8daf180000000p+8,False,False,False,CHALLENGER,94,-2.202519531938375,-0x1.19ec28f73cff8p+1,-2.202519531938375,-0x1.19ec28f73cff8p+1,0.0002677028919773983,0.0195559267993992,0.013689092556105429,0.00028006265161234853,0.00031160474784328637,-1.2359759634950247e-05,-4.390185586588809e-05,-1.2316094892410674,4.440892098500626e-16,-1.2065563070588583,-0.9959632248795165,False,36,-2.5087169409080086,-0x1.411da3000f7efp+1,-1.2065563070588583,-0x1.34e0dfc799af4p+0,0.4809455731670372,0.3133637557386909,0x1.40e26daa98feep-2,-0.6562239523153075,-0x1.4ffc95fc179bap-1,-2.0941284379503107,0.22065299855558132,0x1.c3e5b8247c055p-3,0.8029422836562042,0x1.9b1b4041c2061p-1,3.638936651268518,0.09959738448255324,0x1.97f36d51ea4edp-4,0.2491244320574071,0x1.fe34f34291b09p-3,2.501315002916035,-0.9999999318481231,-0x1.fffffdb694701p-1,-0.14869054952125985,-0x1.3084abbb583a1p-3,0.14869055965480057,-0.9999999828475609,-0x1.ffffff6ca9633p-1,-0.01150594951549334,-0x1.7906e67071bc6p-7,0.011505949712848443,-1.2316094892410674
H593-c317503b769e0f3acf782e33,DIFFICULT-0043,96,4305,/hkfs/work/workspace/scratch/ap7811-benchmark/dailymed/data/box_flat_20000_images/data/raw_images/otc/cvs-44-527-1.jpg,41,393.2677307128906,0x1.89448a0000000p+8,False,False,False,CHALLENGER,95,-1.9397795990981013,-0x1.f09565539307bp+0,-1.9397795990981013,-0x1.f09565539307bp+0,0.0010441198983328892,0.02568937423754712,0.040644037829727385,0.001097780440045059,0.000856617780456172,-5.3660541712169775e-05,0.00018750211787671727,-1.2316094892410674,0.0,-1.6487366156972179,-0.2910429834008834,False,21,-3.4281147549404625,-0x1.b6cc76dbb3c17p+1,-1.6487366156972179,-0x1.a6139a5423243p+0,0.4809455731670372,0.763601437122404,0x1.86f6c47f3d184p-1,-1.5990794847377523,-0x1.995d45eaa736ap+0,-2.0941284379503107,0.34586739596006344,0x1.622b10099ac86p-2,1.2585895436378758,0x1.4232eca103224p+0,3.638936651268518,0.567654286877352,0x1.22a3952b25156p-1,1.4198821842359235,0x1.6b7d66197761fp+0,2.501315002916035,-0.999999982134528,-0x1.ffffff6689696p-1,-0.14869055699837355,-0x1.3084acbc419d5p-3,0.14869055965480057,0.8573668361764742,0x1.b6f8c9341b1bdp-1,0.009864819702510482,0x1.43401b00697abp-7,0.011505949712848443,-1.2316094892410674
H593-c317503b769e0f3acf782e33,DIFFICULT-0043,97,4306,/hkfs/work/workspace/scratch/ap7811-benchmark/dailymed/data/box_flat_20000_images/data/raw_images/otc/cvs-44-531c-1.jpg,44,392.8934631347656,0x1.88e4ba0000000p+8,False,False,False,CHALLENGER,96,-2.313388883561057,-0x1.281d207ee98f8p+1,-2.313388883561057,-0x1.281d207ee98f8p+1,0.000746963573701414,0.019807712686634376,0.03771074356331115,0.0007619429866547584,0.0006983638353552841,-1.4979412953344405e-05,4.859973834612987e-05,-1.2316094892410674,0.0,-1.6862106107987709,-0.6271782727622861,False,38,-3.506032085283657,-0x1.c0c5a8cc828f0p+1,-1.6862106107987709,-0x1.afab7fa38c851p+0,0.4809455731670372,0.6843978120535776,0x1.5e6963d872b96p-1,-1.4332169210923689,-0x1.6ee74ddc2a60ap+0,-2.0941284379503107,0.22672940344012915,0x1.d0578166891a4p-3,0.8250539360985324,0x1.a66d7831f562fp-1,3.638936651268518,0.5417303989803828,0x1.155dafd5bd534p-1,1.355038374505321,0x1.5ae3cb7f534a6p+0,2.501315002916035,-0.9999999421723429,-0x1.fffffe0f43a32p-1,-0.14869055105637388,-0x1.3084abf0173b9p-3,0.14869055965480057,0.5428824373093993,0x1.15f4afd3a21ebp-1,0.006246378023670546,0x1.995cd554829edp-8,0.011505949712848443,-1.2316094892410674
H593-c317503b769e0f3acf782e33,DIFFICULT-0043,98,4307,/hkfs/work/workspace/scratch/ap7811-benchmark/dailymed/data/box_flat_20000_images/data/raw_images/otc/cvs-44-543-1.jpg,66,390.83941650390625,0x1.86d6e40000000p+8,False,False,False,CHALLENGER,97,-3.2099229443232473,-0x1.9adec14a46313p+1,-3.2099229443232473,-0x1.9adec14a46313p+1,0.00017131148371826263,0.013213755952525896,0.01296463203450608,0.00017857639768029509,0.0002005002907398002,-7.264913962032457e-06,-2.9188807021537574e-05,-1.2316094892410674,0.0,-1.891874520477524,-1.3180484238457233,False,92,-3.933656168242674,-0x1.f7820b9a27cd8p+1,-1.891874520477524,-0x1.e451e379962e9p+0,0.4809455731670372,0.10073116171925019,0x1.9c9847545b345p-4,-0.21094399034405353,-0x1.b003671e860a8p-3,-2.0941284379503107,0.02832484679408103,0x1.d01304a94436ep-6,0.10307232314054704,0x1.a62f2a102eab0p-4,3.638936651268518,0.0726134956880826,0x1.296cc4d3a825fp-4,0.18162922617877983,0x1.73fa06137c343p-3,2.501315002916035,-0.9999998955969531,-0x1.fffffc7f2f45ap-1,-0.1486905441310531,-0x1.3084ab0223778p-3,0.14869055965480057,-0.9999999770577465,-0x1.ffffff3aed737p-1,-0.011505949448876028,-0x1.7906e64bd22ecp-7,0.011505949712848443,-1.2316094892410674
H593-c317503b769e0f3acf782e33,DIFFICULT-0043,99,4311,/hkfs/work/workspace/scratch/ap7811-benchmark/dailymed/data/box_flat_20000_images/data/raw_images/otc/cvs-44-600a-51316-601-1.jpg,17,398.154296875,0x1.8e27800000000p+8,False,False,False,CHALLENGER,98,-1.9812908995494014,-0x1.fb35e1616d567p+0,-1.9812908995494014,-0x1.fb35e1616d567p+0,0.00041953772736103966,0.020251370964791855,0.020716509913843835,0.00042124190360883087,0.0004113218878093895,-1.7041762477912055e-06,8.215839551650153e-06,-1.2316094892410674,0.0,-1.159463253201623,-0.8218276463477785,False,25,-2.4107993043090756,-0x1.349512549d0f6p+1,-1.159463253201623,-0x1.28d295716a2c4p+0,0.4809455731670372,0.49970204949788555,0x1.ffb1e4e159b1ap-2,-1.046440272355576,-0x1.0be3827afc0a4p+0,-2.0941284379503107,0.23720885807271033,0x1.e5cdc1fdf34b9p-3,0.8631880076463377,0x1.b9f3c74e47e4fp-1,3.638936651268518,0.2977915412221364,0x1.30f0440a4c4cdp-2,0.7448704498004187,0x1.7d5fa8db4c997p-1,2.501315002916035,-0.9999997510906462,-0x1.fffff7a5e28aep-1,-0.14869052264432944,-0x1.3084a81fdc3f3p-3,0.14869055965480057,-0.27340807426347163,-0x1.17f84945b21ffp-2,-0.003145819553562237,-0x1.9c5430340db6cp-9,0.011505949712848443,-1.2316094892410674
H593-c317503b769e0f3acf782e33,DIFFICULT-0043,100,4320,/hkfs/work/workspace/scratch/ap7811-benchmark/dailymed/data/box_flat_20000_images/data/raw_images/otc/cvs-44-679-1.jpg,29,395.2076110839844,0x1.8b35260000000p+8,False,False,False,CHALLENGER,99,-2.987512190101766,-0x1.7e66cca871b7cp+1,-2.987512190101766,-0x1.7e66cca871b7cp+1,0.00011533987066087735,0.010434994876910127,0.011053179423795776,0.00011708475297064062,0.00012777017778821265,-1.7448823097632708e-06,-1.2430307127335298e-05,-1.2316094892410674,0.0,-1.4545037412170059,-1.5330084488847602,False,77,-3.02425850733809,-0x1.831ae71bd55c1p+1,-1.4545037412170059,-0x1.745a5b706fcacp+0,0.4809455731670372,-0.0964256564950724,-0x1.8af5a11244438p-4,0.2019277094143592,0x1.9d8c4660ba16fp-3,-2.0941284379503107,-0.08947433167646181,-0x1.6e7ca3061c199p-4,-0.3255914248852326,-0x1.4d67d6a6f5e0ap-2,3.638936651268518,-0.007011820523532986,-0x1.cb86d3d580bf4p-8,-0.017538771873267626,-0x1.1f5af0e6e460ep-6,2.501315002916035,-0.9999997535873288,-0x1.fffff7bb54ce4p-1,-0.1486905230155626,-0x1.3084a82c9da5fp-3,0.14869055965480057,-0.9999999627271743,-0x1.fffffebfd4308p-1,-0.011505949283989184,-0x1.7906e5f12c6c2p-7,0.011505949712848443,-1.2316094892410674
H593-c317503b769e0f3acf782e33,DIFFICULT-0043,101,4321,/hkfs/work/workspace/scratch/ap7811-benchmark/dailymed/data/box_flat_20000_images/data/raw_images/otc/cvs-44-685-allergy-delisted-1.jpg,79,389.9886474609375,0x1.85fd180000000p+8,False,False,False,CHALLENGER,100,-2.9394421414619796,-0x1.783fa3dd081dcp+1,-2.9394421414619796,-0x1.783fa3dd081dcp+1,0.00027650710375297144,0.01865978659361868,0.014818342233749449,0.00027606336633175405,0.0002969684158690322,4.437374212173874e-07,-2.0461312116060745e-05,-1.2316094892410674,0.0,-1.9770588025585005,-0.962383338903479,False,73,-4.110774509347336,-0x1.0716edf7b824fp+2,-1.9770588025585005,-0x1.fa20869341f76p+0,0.4809455731670372,0.32787950922126513,0x1.4fbfa5648913bp-2,-0.6866218044814424,-0x1.5f8ce4a5efc53p-1,-2.0941284379503107,0.19822915546266576,0x1.95f92ade9b56dp-3,0.7213433391630993,0x1.7153ea05c9307p-1,3.638936651268518,0.13866278055556483,0x1.1bfb3b5d44c35p-3,0.34683929334968816,0x1.6329d6f79e5f7p-2,2.501315002916035,-0.6781111628408121,-0x1.5b3162e6e85aep-1,-0.10082872831096795,-0x1.9cfe95a97c6c4p-4,0.14869055965480057,-0.9999999713139932,-0x1.ffffff0996cddp-1,-0.011505949382788691,-0x1.7906e6277d378p-7,0.011505949712848443,-1.2316094892410674
H593-c317503b769e0f3acf782e33,DIFFICULT-0043,102,4322,/hkfs/work/workspace/scratch/ap7811-benchmark/dailymed/data/box_flat_20000_images/data/raw_images/otc/cvs-44-685-sleep-aid-1.jpg,33,394.36639404296875,0x1.8a5dcc0000000p+8,False,False,False,CHALLENGER,101,-2.3863024827784765,-0x1.31725c18f2d62p+1,-2.3863024827784765,-0x1.31725c18f2d62p+1,0.00035598925722635997,0.014616877110531425,0.024354672652332186,0.0003462457430898723,0.000351545242118208,9.743514136487661e-06,4.4440151081519665e-06,-1.2316094892410674,4.440892098500626e-16,-1.5387316175195425,-0.847570865258934,False,42,-3.1993882538245666,-0x1.99858de6b1082p+1,-1.5387316175195425,-0x1.89ea50b6914f4p+0,0.4809455731670372,0.4355959773909093,0x1.be0cdf34a7068p-2,-0.9121939237110637,-0x1.d30b14fbe5db2p-1,-2.0941284379503107,0.07862899142827348,0x1.4210792b3afa6p-4,0.2861259187606225,0x1.24fe315e75951p-2,3.638936651268518,0.3696268821698821,0x1.7a7f782a917fdp-2,0.9245532658526036,0x1.d95f0bb07e6d1p-1,2.501315002916035,0.6162600951816508,0x1.3b8671754523ap-1,0.09163205844548034,0x1.77532d649db0cp-4,0.14869055965480057,-0.5283088764695035,-0x1.0e7e80453efcbp-1,-0.006078695365509567,-0x1.8e5f95cc15fa6p-8,0.011505949712848443,-1.2316094892410674
H593-c317503b769e0f3acf782e33,DIFFICULT-0043,103,4338,/hkfs/work/workspace/scratch/ap7811-benchmark/dailymed/data/box_flat_20000_images/data/raw_images/otc/cvs-ibuprofen-pm-carton-image.jpg,98,389.2362976074219,0x1.853c7e0000000p+8,False,False,False,CHALLENGER,102,-2.102100958665412,-0x1.0d11a4eb2dd94p+1,-2.102100958665412,-0x1.0d11a4eb2dd94p+1,0.0010793441607451744,0.023888487682991393,0.0451826074161098,0.0010214425421158765,0.0008059127314492714,5.790161862929792e-05,0.00027343142929590306,-1.2316094892410674,0.0,-2.0523887439510795,-0.049712214714332514,False,32,-4.267403337213511,-0x1.111d22e30b173p+2,-2.0523887439510795,-0x1.06b4aca2f9655p+1,0.4809455731670372,0.7704307299815677,0x1.8a75e58a355efp-1,-1.613380901125218,-0x1.9d0687de52e5fp+0,-2.0941284379503107,0.3134813876650839,0x1.410143cfb4767p-2,1.1407389110649884,0x1.2407771c4c7cbp+0,3.638936651268518,0.6024506237528449,0x1.3474687cf2506p-1,1.5069187837091143,0x1.81c56dedc23d0p+0,2.501315002916035,0.9231636224077246,0x1.d8a8e6fe32364p-1,0.1372657156687576,0x1.191ec47d46589p-3,0.14869055965480057,0.899948762815289,0x1.ccc61590bc125p-1,0.010354765209092886,0x1.534e10f724dd9p-7,0.011505949712848443,-1.2316094892410674
H593-c317503b769e0f3acf782e33,DIFFICULT-0043,104,4343,/hkfs/work/workspace/scratch/ap7811-benchmark/dailymed/data/box_flat_20000_images/data/raw_images/otc/cvs-nicotine-lozenge-mint-carton-image.jpg,85,389.6297912597656,0x1.85a13a0000000p+8,False,False,False,CHALLENGER,103,-2.9618666297694984,-0x1.7b1e721afca36p+1,-2.9618666297694984,-0x1.7b1e721afca36p+1,0.00036061872716751055,0.017545144011163943,0.020553762735606475,0.0003663437381501173,0.0003186804935504547,-5.725010982606741e-06,4.1938233617055867e-05,-1.2316094892410674,4.440892098500626e-16,-2.0129897148545837,-0.9488769149149148,False,74,-4.185483404284194,-0x1.0bdef5c8d67cbp+2,-2.0129897148545837,-0x1.01a9a5a03e0e0p+1,0.4809455731670372,0.4408157495140135,0x1.c365342ee5cd4p-2,-0.9231247969536764,-0x1.d8a3d03a15da4p-1,-2.0941284379503107,0.16847027254217475,0x1.5906f13755b41p-3,0.6130526494029159,0x1.39e2096fd2c77p-1,3.638936651268518,0.294193572132849,0x1.2d41146c04198p-2,0.735870795737356,0x1.78c40e938c006p-1,2.501315002916035,-0.9999998755965386,-0x1.fffffbd361e53p-1,-0.14869054115718028,-0x1.3084aa9bf5014p-3,0.14869055965480057,0.488831207949427,0x1.f4902b0da0bb4p-2,0.005624467296737067,0x1.709ae718cee99p-8,0.011505949712848443,-1.2316094892410674
H593-c317503b769e0f3acf782e33,DIFFICULT-0043,105,4367,/hkfs/work/workspace/scratch/ap7811-benchmark/dailymed/data/box_flat_20000_images/data/raw_images/otc/cvshealth-nicotine-lozenge-mint-carton-image-1.jpg,6,404.5693054199219,0x1.9491be0000000p+8,False,False,False,CHALLENGER,104,-1.946609671803323,-0x1.f25502ee78fa1p+0,-1.946609671803323,-0x1.f25502ee78fa1p+0,0.00021874419071649595,0.010274453284740189,0.021290105142760144,0.00021875246636212083,0.0002791081360101351,-8.275645624886748e-09,-6.0363945293639146e-05,-1.2316094892410674,0.0,-0.5171527437175918,-1.4294569280857312,False,22,-1.075283301418349,-0x1.1345c43586d71p+0,-0.5171527437175918,-0x1.08c83e929b820p-1,0.4809455731670372,0.21964559846085333,0x1.c1d58d30cc365p-3,-0.45996609400748795,-0x1.d7015a0c1fc45p-2,-2.0941284379503107,-0.09715903502410461,-0x1.8df6a1df07fa8p-4,-0.3535555735510959,-0x1.6a0a78e6e1c56p-2,3.638936651268518,0.310185111822099,0x1.3da12a7bed963p-2,0.7758706738818042,0x1.8d3eebc47ee3ap-1,2.501315002916035,-0.9999995692674386,-0x1.fffff18c0914ap-1,-0.14869049560893496,-0x1.3084a47eee66fp-3,0.14869055965480057,-0.9999999866243704,-0x1.ffffff8d1aadfp-1,-0.011505949558949121,-0x1.7906e6885597ep-7,0.011505949712848443,-1.2316094892410674
H593-c317503b769e0f3acf782e33,DIFFICULT-0043,106,4369,/hkfs/work/workspace/scratch/ap7811-benchmark/dailymed/data/box_flat_20000_images/data/raw_images/otc/cvshealth-nicotine-lozenge-mint-carton-image.jpg,10,401.15716552734375,0x1.91283c0000000p+8,False,False,False,CHALLENGER,105,-1.3184121493693706,-0x1.5183756830c58p+0,-1.3184121493693706,-0x1.5183756830c58p+0,0.0005500651304920202,0.021423758225482363,0.025675473215420647,0.0005434191633413107,0.000516875834545619,6.645967150709455e-06,3.318929594640116e-05,-1.2316094892410674,0.0,-0.858797388067685,-0.45961476130168555,False,11,-1.7856436070561692,-0x1.c91ff07e9e230p+0,-0.858797388067685,-0x1.b7b44a8f4827bp-1,0.4809455731670372,0.5943404461433585,0x1.304d6415c0657p-1,-1.244625230092882,-0x1.3e9fc2530680dp+0,-2.0941284379503107,0.263581543299081,0x1.0de851f131ee6p-2,0.9591565385089458,0x1.eb1690d947edep-1,3.638936651268518,0.3921998181684069,0x1.919cd4421f2f6p-2,0.981015289325577,0x1.f647a2d10f048p-1,2.501315002916035,0.483587895734174,0x1.ef31aa53adcf1p-2,0.07190495485900168,0x1.2685cf58a2e45p-4,0.14869055965480057,0.3948544407130634,0x1.9454b8f62c028p-2,0.004543175338739405,0x1.29bdd57ff819cp-8,0.011505949712848443,-1.2316094892410674
H593-c317503b769e0f3acf782e33,DIFFICULT-0043,107,4424,/hkfs/work/workspace/scratch/ap7811-benchmark/dailymed/data/box_flat_20000_images/data/raw_images/otc/daytime-cold-flu-pur-1.jpg,109,388.6085205078125,0x1.849bc80000000p+8,False,False,False,CHALLENGER,106,-3.845981043331218,-0x1.ec491b59125f8p+1,-3.845981043331218,-0x1.ec491b59125f8p+1,8.219052296719521e-05,0.00836903171109573,0.009820792393249789,8.244255887722067e-05,9.648249949606132e-05,-2.5203591002546553e-07,-1.4291976528866114e-05,-1.2316094892410674,0.0,-2.115245687300235,-1.7307353560309826,False,128,-4.398097841656584,-0x1.197a6f5ea17c6p+2,-2.115245687300235,-0x1.0ec05ee4fad2ap+1,0.4809455731670372,-0.2600367000769278,-0x1.0a470f8a5c546p-2,0.5445502485418503,0x1.16cf4a4908268p-1,-2.0941284379503107,-0.1974019224974254,-0x1.9447758a5a0c5p-3,-0.7183330908067488,-0x1.6fc95ad94c965p-1,3.638936651268518,-0.06602390075866808,-0x1.0e6f13e8348c3p-4,-0.16514657351869585,-0x1.52385de2795c7p-3,2.501315002916035,-0.9999996101951836,-0x1.fffff2eb9a24cp-1,-0.14869050169450426,-0x1.3084a55007a2cp-3,0.14869055965480057,-0.9999999651457028,-0x1.fffffed49a970p-1,-0.011505949311816652,-0x1.7906e60078ca5p-7,0.011505949712848443,-1.2316094892410674
H593-c317503b769e0f3acf782e33,DIFFICULT-0043,108,4460,/hkfs/work/workspace/scratch/ap7811-benchmark/dailymed/data/box_flat_20000_images/data/raw_images/otc/equate-nicotine-gum-fruit-carton-image.jpg,27,395.83660888671875,0x1.8bd62c0000000p+8,False,False,False,CHALLENGER,107,-3.212436402606822,-0x1.9b311db4d68d6p+1,-3.212436402606822,-0x1.9b311db4d68d6p+1,7.24740122756008e-05,0.007479371630404802,0.009689853086184771,7.365056574183985e-05,7.876754748727084e-05,-1.1765534662390567e-06,-6.293535211670043e-06,-1.2316094892410674,0.0,-1.3915245734872188,-1.8209118291196031,False,93,-2.8933098693974846,-0x1.7257fa5120cc1p+1,-1.3915245734872188,-0x1.643af456b53c7p+0,0.4809455731670372,-0.3176702696042794,-0x1.454b5aeb72917p-2,0.6652423454696637,0x1.549aa50b69bf8p-1,-2.0941284379503107,-0.25075882193208393,-0x1.00c6ebad86f37p-2,-0.9124954677575761,-0x1.d3329b1f88b5cp-1,3.638936651268518,-0.07270285876546274,-0x1.29ca790b92ebdp-4,-0.1818527513849375,-0x1.746f371f16600p-3,2.501315002916035,-0.9999997134591685,-0x1.fffff662a20c4p-1,-0.14869051704888397,-0x1.3084a75f9a302p-3,0.14869055965480057,-0.9999999516731376,-0x1.fffffe60e01b1p-1,-0.011505949156801995,-0x1.7906e5ab406abp-7,0.011505949712848443,-1.2316094892410674
H593-c317503b769e0f3acf782e33,DIFFICULT-0043,109,4537,/hkfs/work/workspace/scratch/ap7811-benchmark/dailymed/data/box_flat_20000_images/data/raw_images/otc/kroger-44-628-delisted-1.jpg,62,391.3162841796875,0x1.8750f80000000p+8,False,False,False,CHALLENGER,108,-3.1522199192868614,-0x1.937bf13b9183ap+1,-3.1522199192868614,-0x1.937bf13b9183ap+1,0.0002162210292919225,0.012318953894777562,0.01755189857343213,0.00022008162546228102,0.00021224916062048628,-3.86059617035853e-06,3.971868671436208e-06,-1.2316094892410674,0.0,-1.8441275661839112,-1.3080923531029502,False,89,-3.834378917431947,-0x1.eacceda96bc9dp+1,-1.8441275661839112,-0x1.d818be8269772p+0,0.4809455731670372,0.21411757675058327,0x1.b68346ad23e43p-3,-0.4483897065384047,-0x1.cb26abd5c82d6p-2,-2.0941284379503107,-0.006727153704840987,-0x1.b8dee9284f1ecp-8,-0.024479686175262666,-0x1.91133ee2808e8p-6,3.638936651268518,0.22052708342938274,0x1.c3a3b419b1133p-3,0.5516077023312311,0x1.1a6c532377fb8p-1,2.501315002916035,-0.9999998380290526,-0x1.fffffa90ae1ebp-1,-0.14869053557124975,-0x1.3084a9dc06a3fp-3,0.14869055965480057,-0.5675879063597891,-0x1.229ae1ced73f4p-1,-0.006530637908196664,-0x1.abfdec3cdb622p-8,0.011505949712848443,-1.2316094892410674
H593-c317503b769e0f3acf782e33,DIFFICULT-0043,110,4571,/hkfs/work/workspace/scratch/ap7811-benchmark/dailymed/data/box_flat_20000_images/data/raw_images/otc/lorad-10s.jpg,113,388.34942626953125,0x1.8459740000000p+8,False,False,False,CHALLENGER,109,-2.666672841803258,-0x1.5555892256937p+1,-2.666672841803258,-0x1.5555892256937p+1,0.00045558423713401103,0.020432788702193033,0.022296723358427993,0.00043278971018371234,0.0005956988010305759,2.279452695029869e-05,-0.0001401145638965649,-1.2316094892410674,0.0,-2.1411878120892265,-0.5254850297140314,False,63,-4.452037676507671,-0x1.1cee2f6f4a41fp+2,-2.1411878120892265,-0x1.12127135c22dcp+1,0.4809455731670372,0.5299837369724775,0x1.0f5a07436ad51p-1,-1.1098540152452425,-0x1.1c1f648ad006bp+0,-2.0941284379503107,0.24141267624663998,0x1.ee69c4ea8da10p-3,0.8784854356747189,0x1.c1c8d7d078700p-1,3.638936651268518,0.33090916621723593,0x1.52d9da3b660c5p-2,0.8277080620616082,0x1.a7c959e2615acp-1,2.501315002916035,0.8157271514474259,0x1.a1a6fd3bda13fp-1,0.12129092667433403,0x1.f0cec135e280ep-4,0.14869055965480057,-0.9999999935280717,-0x1.ffffffc868144p-1,-0.011505949638382761,-0x1.7906e6b400e26p-7,0.011505949712848443,-1.2316094892410674
H593-c317503b769e0f3acf782e33,DIFFICULT-0043,111,4595,/hkfs/work/workspace/scratch/ap7811-benchmark/dailymed/data/box_flat_20000_images/data/raw_images/otc/meijer-pain-lidocaine-plus-relieving-analgesic-1.jpg,42,393.2518615722656,0x1.89407a0000000p+8,False,False,False,CHALLENGER,110,-2.4092028308723625,-0x1.3460c22403826p+1,-2.4092028308723625,-0x1.3460c22403826p+1,0.00048818889011446615,0.020819573686151893,0.023448553629087238,0.000500290249883272,0.0005300904340464704,-1.2101359768805823e-05,-4.190154393200426e-05,-1.2316094892410674,0.0,-1.6503255326454245,-0.7588772982269381,False,46,-3.4314184904083733,-0x1.b738b89998c9ap+1,-1.6503255326454245,-0x1.a67bbbee7743dp+0,0.4809455731670372,0.5543804835116634,0x1.1bd7c23c724f5p-1,-1.1609439359664175,-0x1.29339f2d771cbp+0,-2.0941284379503107,0.2502223661646558,0x1.003a4abd9ea6fp-2,0.9105433392036976,0x1.d232bc8ef0e77p-1,3.638936651268518,0.35314595946338206,0x1.699f182a7066fp-2,0.8833292866249355,0x1.c443bc7b4e643p-1,2.501315002916035,-0.9999999306264242,-0x1.fffffdac15e4cp-1,-0.14869054933960477,-0x1.3084abb51a5f3p-3,0.14869055965480057,-0.9999999822381476,-0x1.ffffff676d460p-1,-0.011505949508481461,-0x1.7906e66c96e6dp-7,0.011505949712848443,-1.2316094892410674
H593-c317503b769e0f3acf782e33,DIFFICULT-0043,112,4617,/hkfs/work/workspace/scratch/ap7811-benchmark/dailymed/data/box_flat_20000_images/data/raw_images/otc/nicotine-4-mg-fruit-flavor-usp-gum-1.jpg,84,389.68304443359375,0x1.85aedc0000000p+8,False,False,False,CHALLENGER,111,-3.7038803245157714,-0x1.da18c01f0beaep+1,-3.7038803245157714,-0x1.da18c01f0beaep+1,0.00013747478309718075,0.007066589082316407,0.01945419232613946,0.00014822783834099782,0.00011921288931202021,-1.0753055243817073e-05,1.826189378516054e-05,-1.2316094892410674,0.0,-2.0076576762495435,-1.696222648266228,False,125,-4.174396830454377,-0x1.0b295152d4f78p+2,-2.0076576762495435,-0x1.00faed3e870f0p+1,0.4809455731670372,-0.008947279812881034,-0x1.252f39179d34bp-7,0.018736753098452907,0x1.32fba372a1160p-6,-2.0941284379503107,-0.27716433680972224,-0x1.1bd0f7c8dc73fp-2,-1.0085834636414304,-0x1.0232869fa0586p+0,3.638936651268518,0.26888385313322233,0x1.135649ee84c4dp-2,0.6725632158840007,0x1.585a34b16dc20p-1,2.501315002916035,-0.9999999234678599,-0x1.fffffd6e980b5p-1,-0.14869054827519385,-0x1.3084ab9087b6ep-3,0.14869055965480057,0.11827653891885356,0x1.e475f0a8a614ep-4,0.001360883909010091,0x1.64bf5f880a166p-10,0.011505949712848443,-1.2316094892410674
H593-c317503b769e0f3acf782e33,DIFFICULT-0043,113,4619,/hkfs/work/workspace/scratch/ap7811-benchmark/dailymed/data/box_flat_20000_images/data/raw_images/otc/nicotine-polacrilex-lozenge-2-mg-108-carton-label.jpg,65,390.8843078613281,0x1.86e2620000000p+8,False,False,False,CHALLENGER,112,-3.335297128657154,-0x1.aaeb042d03392p+1,-3.335297128657154,-0x1.aaeb042d03392p+1,0.00010839229751520006,0.009026334323866216,0.012008451451726507,0.00010499903748074629,0.00010913541295217216,3.3932600344537673e-06,-7.431154369721044e-07,-1.2316094892410674,0.0,-1.8873797188798085,-1.4479174097773455,False,104,-3.924310408870949,-0x1.f64fcdb0b9ffap+1,-1.8873797188798085,-0x1.e32b5137b8f29p+0,0.4809455731670372,-0.12709816559880643,-0x1.044c0b0507192p-3,0.26615988299177845,0x1.108c3763d3d71p-2,-2.0941284379503107,-0.16081537604461524,-0x1.4959926671cbbp-3,-0.5851969659762796,-0x1.2b9eefcd2c4fbp-1,3.638936651268518,0.03442074727528509,0x1.19f989fb3d47ep-5,0.08609713157125182,0x1.60a762c60c064p-4,2.501315002916035,0.18923850912442092,0x1.838f7abeaa5d2p-3,0.02813797982995023,0x1.cd033dc94a099p-6,0.14869055965480057,-0.9999999339585509,-0x1.fffffdc8b5515p-1,-0.01150594895297885,-0x1.7906e53b32dc0p-7,0.011505949712848443,-1.2316094892410674
H593-c317503b769e0f3acf782e33,DIFFICULT-0043,114,4620,/hkfs/work/workspace/scratch/ap7811-benchmark/dailymed/data/box_flat_20000_images/data/raw_images/otc/nicotine-polacrilex-lozenge-2-mg-81-carton-label.jpg,50,392.3202209472656,0x1.8851fa0000000p+8,False,False,False,CHALLENGER,113,-3.4756964667977797,-0x1.bce39f2fdc0f3p+1,-3.4756964667977797,-0x1.bce39f2fdc0f3p+1,7.906981979744569e-05,0.008322476779960834,0.009500755831224776,7.897251104947012e-05,8.36259139478924e-05,9.730874797557313e-08,-4.5560941504467045e-06,-1.2316094892410674,0.0,-1.743607179943224,-1.7320892868545557,False,113,-3.6253731757245053,-0x1.d00c3a6cc4261p+1,-1.743607179943224,-0x1.be5d0a46ed4b9p+0,0.4809455731670372,-0.2779897513630784,-0x1.1ca9586ae90e3p-2,0.5821462437881586,0x1.2a0f128d1e67ap-1,-2.0941284379503107,-0.20008090032007214,-0x1.99c403db6e7b2p-3,-0.7280817213935135,-0x1.74c7209c66ab1p-1,3.638936651268518,-0.0824973936305156,-0x1.51e8c97a5f733p-4,-0.20635196838947842,-0x1.a69bdc5d9593bp-3,2.501315002916035,-0.9192675233057955,-0x1.d6aa3b99bf227p-1,-0.13668640251282116,-0x1.17ef0a64cdbd8p-3,0.14869055965480057,-0.9999999472434281,-0x1.fffffe3ad3125p-1,-0.01150594910583398,-0x1.7906e58f3b4e7p-7,0.011505949712848443,-1.2316094892410674
H593-c317503b769e0f3acf782e33,DIFFICULT-0043,115,4646,/hkfs/work/workspace/scratch/ap7811-benchmark/dailymed/data/box_flat_20000_images/data/raw_images/otc/ra Arthritis.jpg,48,392.58251953125,0x1.8895200000000p+8,False,False,False,CHALLENGER,114,-3.0408086929658666,-0x1.85393820d727dp+1,-3.0408086929658666,-0x1.85393820d727dp+1,0.00013628405283342554,0.009853453335043496,0.013831095373307914,0.00013095213266349717,0.00014076275638071309,5.331920169928365e-06,-4.478703547287547e-06,-1.2316094892410674,0.0,-1.7173442161550758,-1.3234644768107908,False,80,-3.5707662404423983,-0x1.c90ede402e346p+1,-1.7173442161550758,-0x1.b7a3dedc5c5dcp+0,0.4809455731670372,-0.01329632154901447,-0x1.b3b1a11ae51eep-7,0.027844205075922727,0x1.c8330f8bca051p-6,-2.0941284379503107,-0.11783580027295464,-0x1.e2a7cac78676bp-4,-0.42879701244481144,-0x1.b71690644ab8bp-2,3.638936651268518,0.10470352635021919,0x1.acdd9ad733781p-4,0.26189650131801767,0x1.0c2e98b0640d4p-2,2.501315002916035,0.3948284794998918,0x1.944deabbecff1p-2,0.05870726758449287,0x1.e0ee104a036c3p-5,0.14869055965480057,-0.9999999470271472,-0x1.fffffe38f7770p-1,-0.011505949103345464,-0x1.7906e58ddd143p-7,0.011505949712848443,-1.2316094892410674
H593-c317503b769e0f3acf782e33,DIFFICULT-0043,116,4657,/hkfs/work/workspace/scratch/ap7811-benchmark/dailymed/data/box_flat_20000_images/data/raw_images/otc/rit02-0004-02.jpg,126,387.95062255859375,0x1.83f35c0000000p+8,False,False,False,CHALLENGER,115,-3.536329293010596,-0x1.c4a67032af041p+1,-3.536329293010596,-0x1.c4a67032af041p+1,0.0001496834649981438,0.012998787853808343,0.011515186391344174,0.00015112521070264858,0.00015498137989808573,-1.4417457045047934e-06,-5.297914899941939e-06,-1.2316094892410674,0.0,-2.181118517241468,-1.355210775769128,False,116,-4.535063090151251,-0x1.223e79425fc3cp+2,-2.181118517241468,-0x1.172ee43e20456p+1,0.4809455731670372,0.03358101301649952,0x1.13187d15846e0p-5,-0.07032295433303118,-0x1.200af6504ba7ap-4,-2.0941284379503107,0.0201285595990658,0x1.49c94c4c63864p-6,0.07324655326228328,0x1.2c0493ece6503p-4,3.638936651268518,0.013461552699250234,0x1.b91bb04c5f5d3p-7,0.03367158372917946,0x1.13d66ddd7bb62p-5,2.501315002916035,-0.9999997336952422,-0x1.fffff71075a50p-1,-0.1486905200577971,-0x1.3084a7c6fcde2p-3,0.14869055965480057,-0.9999999492303452,-0x1.fffffe4be4593p-1,-0.011505949128695347,-0x1.7906e59bccc20p-7,0.011505949712848443,-1.2316094892410674
H593-c317503b769e0f3acf782e33,DIFFICULT-0043,117,4661,/hkfs/work/workspace/scratch/ap7811-benchmark/dailymed/data/box_flat_20000_images/data/raw_images/otc/rite-aid-nicotine-gum-mint-carton-image.jpg,21,397.45672607421875,0x1.8d74ec0000000p+8,False,False,False,CHALLENGER,116,-2.4607980597270833,-0x1.3afb6e4a4b462p+1,-2.4607980597270833,-0x1.3afb6e4a4b462p+1,0.00025816977398093044,0.013243723481348486,0.019493745421710014,0.0002585053438124598,0.0002603153259639142,-3.3556983152936357e-07,-2.1455519829837355e-06,-1.2316094892410674,0.0,-1.2293083755133727,-1.2314896842137106,False,48,-2.5560238914735196,-0x1.472bca76d632ap+1,-1.2293083755133727,-0x1.3ab3f4258760fp+0,0.4809455731670372,0.2969223003107635,0x1.300c664526ba4p-2,-0.6217934329423922,-0x1.3e5bb576b5d56p-1,-2.0941284379503107,0.029456569315280554,0x1.e29dce77229acp-6,0.107190589702006,0x1.b70d7ad35859fp-4,3.638936651268518,0.2698257116838943,0x1.144d30fd35815p-2,0.6749191008074212,0x1.598eff12d3c39p-1,2.501315002916035,-0.9999996224877105,-0x1.fffff35531b23p-1,-0.14869050352228697,-0x1.3084a58ed4fb8p-3,0.14869055965480057,-0.9999999395567416,-0x1.fffffdf8cbde8p-1,-0.011505949017391352,-0x1.7906e55e9c1cfp-7,0.011505949712848443,-1.2316094892410674
H593-c317503b769e0f3acf782e33,DIFFICULT-0043,118,4702,/hkfs/work/workspace/scratch/ap7811-benchmark/dailymed/data/box_flat_20000_images/data/raw_images/otc/step 2 carton.jpg,87,389.54400634765625,0x1.858b440000000p+8,False,False,False,CHALLENGER,117,-3.5638935092141666,-0x1.c82da99a4031dp+1,-3.5638935092141666,-0x1.c82da99a4031dp+1,0.0001053257025458113,0.010631151869119084,0.009907270994007424,0.00010776548989764411,0.00010927898580409545,-2.4397873518328014e-06,-3.953283258284146e-06,-1.2316094892410674,0.0,-2.021579033203447,-1.5423144760107195,False,118,-4.203342635823228,-0x1.0d0390d4af90ap+2,-2.021579033203447,-0x1.02c31a0cf1ad6p+1,0.4809455731670372,-0.14118946883672134,-0x1.2127f1b98bf04p-3,0.29566888183007733,0x1.2ec3d2c79ecaep-2,-2.0941284379503107,-0.08022969468090276,-0x1.489eeead29225p-4,-0.2919507764944199,-0x1.2af524f457632p-2,3.638936651268518,-0.061658213566634416,-0x1.f91aa5598d227p-5,-0.15422661464722368,-0x1.3bdb29d0a934dp-3,2.501315002916035,-0.9999997896126686,-0x1.fffff8f0c95d9p-1,-0.14869052837219052,-0x1.3084a8e4ab0bbp-3,0.14869055965480057,-0.9999999455105415,-0x1.fffffe2bf069ep-1,-0.011505949085895474,-0x1.7906e58445361p-7,0.011505949712848443,-1.2316094892410674
H593-c317503b769e0f3acf782e33,DIFFICULT-0043,119,4730,/hkfs/work/workspace/scratch/ap7811-benchmark/dailymed/data/box_flat_20000_images/data/raw_images/otc/topcare-nicotine-gum-carton-image.jpg,52,392.2004089355469,0x1.88334e0000000p+8,False,False,False,CHALLENGER,118,-2.634247886716483,-0x1.512f08e580907p+1,-2.634247886716483,-0x1.512f08e580907p+1,0.00021828438774723527,0.019541835702135548,0.011170106589494095,0.00021509755247050175,0.00021734460160648648,3.1868352767335146e-06,9.397861407487839e-07,-1.2316094892410674,0.0,-1.755603502902185,-0.8786443838142981,False,61,-3.6503163785072337,-0x1.d33d912cdef0ep+1,-1.755603502902185,-0x1.c16f3b2db53aap+0,0.4809455731670372,0.21864401338771675,0x1.bfc86eb7bb3f7p-3,-0.4578686462228061,-0x1.d4db84b5901fcp-2,-2.0941284379503107,0.2203101119359354,0x1.c331f2adf18b7p-3,0.801694540968745,0x1.9a77b4f5af5b2p-1,3.638936651268518,-0.0017504145142344487,-0x1.cadc545f508afp-10,-0.00437833808577661,-0x1.1ef052e3a5597p-8,2.501315002916035,0.15881022007027876,0x1.453e4aebc77efp-3,0.023613580501151792,0x1.82e288ff9c39bp-6,0.14869055965480057,-0.8774618337911518,-0x1.c142ad6f3e0bfp-1,-0.010096031734544772,-0x1.4ad3a70f43845p-7,0.011505949712848443,-1.2316094892410674
H593-c317503b769e0f3acf782e33,DIFFICULT-0043,120,4752,/hkfs/work/workspace/scratch/ap7811-benchmark/dailymed/data/box_flat_20000_images/data/raw_images/otc/walgreens-44-189-1.jpg,82,389.94842529296875,0x1.85f2cc0000000p+8,False,False,False,CHALLENGER,119,-2.5196939979769764,-0x1.4285553a9e8a9p+1,-2.5196939979769764,-0x1.4285553a9e8a9p+1,0.0009890365770338948,0.01994301486226119,0.04959313242580391,0.0010008064431758403,0.0009725633008056074,-1.1769866141945508e-05,1.6473276228287453e-05,-1.2316094892410674,0.0,-1.9810860959003016,-0.5386079020766747,False,55,-4.119148208091003,-0x1.07a01fce482eep+2,-1.9810860959003016,-0x1.fb28755873bddp+0,0.4809455731670372,0.7520676093418837,0x1.810f01750232ep-1,-1.5749261679841433,-0x1.932e5c811b437p+0,-2.0941284379503107,0.2299557048593253,0x1.d6f3043f32089p-3,0.8367942425808849,0x1.ac704b82bb633p-1,3.638936651268518,0.6312883195371783,0x1.433838fd8498ep-1,1.579050944823996,0x1.943caec6bca9ap+0,2.501315002916035,-0.9999999289934948,-0x1.fffffd9e0f0b3p-1,-0.14869054909680357,-0x1.3084abacc2ab8p-3,0.14869055965480057,0.06719278805776431,0x1.1338beb3c3341p-4,0.0007731168404587196,0x1.9555fc5db5df5p-11,0.011505949712848443,-1.2316094892410674
H593-c317503b769e0f3acf782e33,DIFFICULT-0043,121,4753,/hkfs/work/workspace/scratch/ap7811-benchmark/dailymed/data/box_flat_20000_images/data/raw_images/otc/walgreens-44-235-1.jpg,91,389.4193115234375,0x1.856b580000000p+8,False,False,False,CHALLENGER,120,-2.511882560652829,-0x1.41855e24b2c50p+1,-2.511882560652829,-0x1.41855e24b2c50p+1,0.0006742109316185831,0.02591004071799547,0.026021222388520563,0.0006760329958767114,0.0005425688001719795,-1.8220642581282887e-06,0.00013164213144660367,-1.2316094892410674,0.0,-2.0340642536849334,-0.4778183069678956,False,54,-4.229302372596083,-0x1.0eace3dbcc813p+2,-2.0340642536849334,-0x1.045c37abc50c4p+1,0.4809455731670372,0.6561961464271202,0x1.4ff8f0f954d7cp-1,-1.3741590111064386,-0x1.5fc8e28c34b2ep+0,-2.0941284379503107,0.3496267892635858,0x1.660490a6c5350p-2,1.2722697377165968,0x1.45b378332eeb8p+0,3.638936651268518,0.39784428703031804,0x1.97647e26c8594p-2,0.9951338839733678,0x1.fd82303d9d38bp-1,2.501315002916035,-0.9999997581862895,-0x1.fffff7e2d606fp-1,-0.14869052369938462,-0x1.3084a8441c9c4p-3,0.14869055965480057,0.8028103389601429,0x1.9b09f4ed72f02p-1,0.009237095389030217,0x1.2eae5f4d8eb1bp-7,0.011505949712848443,-1.2316094892410674
H593-c317503b769e0f3acf782e33,DIFFICULT-0043,122,4754,/hkfs/work/workspace/scratch/ap7811-benchmark/dailymed/data/box_flat_20000_images/data/raw_images/otc/walgreens-44-390-menstrual-relief-1.jpg,20,397.64935302734375,0x1.8da63c0000000p+8,False,False,False,CHALLENGER,121,-2.4942350581666637,-0x1.3f431829ae65bp+1,-2.4942350581666637,-0x1.3f431829ae65bp+1,0.0002647643290365872,0.012165766826294229,0.02176306128639128,0.0002667701366518043,0.0002949094997658326,-2.0058076152170714e-06,-3.0145170729245388e-05,-1.2316094892410674,0.0,-1.2100213682497554,-1.2842136899169083,False,51,-2.51592162556303,-0x1.4209b8468bd2dp+1,-1.2100213682497554,-0x1.35c3f5dc18080p+0,0.4809455731670372,0.3083782917770511,0x1.3bc784d7ea456p-2,-0.6457837504568612,-0x1.4aa42af1003a3p-1,-2.0941284379503107,-0.012983042470269683,-0x1.a96da767fc4efp-7,-0.047244469090040105,-0x1.8306d535134b1p-5,3.638936651268518,0.3200798350552493,0x1.47c3021eaf7bap-2,0.8006204935545849,0x1.99eaede8a60d6p-1,2.501315002916035,-0.9999997684734013,-0x1.fffff83b33a01p-1,-0.14869052522898105,-0x1.3084a878ab153p-3,0.14869055965480057,-0.999999977550318,-0x1.ffffff3f28a09p-1,-0.011505949454543531,-0x1.7906e64eefd01p-7,0.011505949712848443,-1.2316094892410674
H593-c317503b769e0f3acf782e33,DIFFICULT-0043,123,4756,/hkfs/work/workspace/scratch/ap7811-benchmark/dailymed/data/box_flat_20000_images/data/raw_images/otc/walgreens-44-556-1.jpg,14,399.5709533691406,0x1.8f922a0000000p+8,False,False,False,CHALLENGER,122,-1.2366409787075294,-0x1.3c9480d07138bp+0,-1.2366409787075294,-0x1.3c9480d07138bp+0,0.00066851988045737,0.02775761186836139,0.024084200169228555,0.000656764550727706,0.0006766295468664374,1.1755329729664049e-05,-8.109666409067428e-06,-1.2316094892410674,0.0,-1.017618803869497,-0.21902217483803232,False,8,-2.1158710270861936,-0x1.0ed4dc9ff1cf1p+1,-1.017618803869497,-0x1.0482aa7a6a045p+0,0.4809455731670372,0.6537760336691375,0x1.4ebbbb7708fb1p-1,-1.3690909841569006,-0x1.5e7cbf2a33ccbp+0,-2.0941284379503107,0.3794853461188176,0x1.8497ce7b90f5bp-2,1.3809231346110846,0x1.61842db571c52p+0,3.638936651268518,0.36479600171710136,0x1.758d154458962p-2,0.9124697120987693,0x1.d32f3ae81c082p-1,2.501315002916035,0.671134746438673,0x1.579ef93653a30p-1,0.09979140105174897,0x1.98bede3f074c6p-4,0.14869055965480057,-0.9999999555724512,-0x1.fffffe825ec98p-1,-0.0115059492016673,-0x1.7906e5c3eaa5bp-7,0.011505949712848443,-1.2316094892410674
H593-c317503b769e0f3acf782e33,DIFFICULT-0043,124,4759,/hkfs/work/workspace/scratch/ap7811-benchmark/dailymed/data/box_flat_20000_images/data/raw_images/otc/walgreens-ibuprofen-pm-carton-image.jpg,38,393.8374328613281,0x1.89d6620000000p+8,False,False,False,CHALLENGER,123,-0.7513913245654926,-0x1.80b65d1b038a0p-1,-0.7513913245654926,-0x1.80b65d1b038a0p-1,0.003926122864318459,0.04003816475739993,0.09805951117159598,0.003872481554251107,0.004068609449983247,5.3641310067351674e-05,-0.0001424865856647882,-1.2316094892410674,0.0,-1.5916944972565954,0.8403031726911028,False,6,-3.3095106516424555,-0x1.a79e0b8748b41p+1,-1.5916944972565954,-0x1.97794a62f0b38p+0,0.4809455731670372,0.9311587342444442,0x1.dcc0d66dede5bp-1,-1.9499659856271063,-0x1.f330f88894b12p+0,-2.0941284379503107,0.5245669339872452,0x1.0c94098413902p-1,1.9088658421297398,0x1.e8ab6e8c66134p+0,3.638936651268518,0.7948310822557636,0x1.96f4198043fd2p-1,1.9881229108303304,0x1.fcf59f8271d0ep+0,2.501315002916035,0.9173134095087881,0x1.d5aa1a6c0b853p-1,0.13639584423871498,0x1.1756b45286548p-3,0.14869055965480057,-0.9999999936259237,-0x1.ffffffc93f421p-1,-0.011505949639508642,-0x1.7906e6b49f568p-7,0.011505949712848443,-1.2316094892410674
H593-c317503b769e0f3acf782e33,DIFFICULT-0043,125,4760,/hkfs/work/workspace/scratch/ap7811-benchmark/dailymed/data/box_flat_20000_images/data/raw_images/otc/walgreens-nerve-pain-relieving-topical-analgesic-1.jpg,22,397.4514465332031,0x1.8d73920000000p+8,False,False,False,CHALLENGER,124,-2.3971188655792206,-0x1.32d4ca7e24c8ap+1,-2.3971188655792206,-0x1.32d4ca7e24c8ap+1,0.0005582086063649509,0.012250960547160713,0.04556447669683514,0.0005617517112015676,0.0006409069897112866,-3.543104836616659e-06,-8.269838334633566e-05,-1.2316094892410674,0.0,-1.229836995959603,-1.1672818696196177,False,43,-2.5571230188503438,-0x1.474fce9ce7cf7p+1,-1.229836995959603,-0x1.3ad698ed0eb06p+0,0.4809455731670372,0.5990721008536359,0x1.32b994123989ep-1,-1.2545339227802357,-0x1.4129229a104ecp+0,-2.0941284379503107,-0.009494318607155725,-0x1.371c1df5305a5p-7,-0.034549223958399634,-0x1.1b06f9601cb8dp-5,3.638936651268518,0.6051246038405788,0x1.35d2e45f001fbp-1,1.5136072502200617,0x1.837bc3c6af03fp+0,2.501315002916035,-0.9999998292482511,-0x1.fffffa4540eefp-1,-0.14869053426562748,-0x1.3084a9af2a43fp-3,0.14869055965480057,-0.9999999897010496,-0x1.ffffffa7885e6p-1,-0.011505949594349238,-0x1.7906e69bcbb78p-7,0.011505949712848443,-1.2316094892410674
H593-c317503b769e0f3acf782e33,DIFFICULT-0043,126,4766,/hkfs/work/workspace/scratch/ap7811-benchmark/dailymed/data/box_flat_20000_images/data/raw_images/otc/winco-44-676a-1.jpg,105,388.7860107421875,0x1.84c9380000000p+8,False,False,False,CHALLENGER,125,-3.260818156924049,-0x1.a1627d47188c7p+1,-3.260818156924049,-0x1.a1627d47188c7p+1,0.0002358745823894888,0.01466725810950975,0.016081709384834223,0.0002356802656533553,0.00023525641763375273,1.9431673613351497e-07,6.181647557360721e-07,-1.2316094892410674,0.0,-2.097474262356446,-1.163343894567603,False,98,-4.361146831115487,-0x1.171d07992c7bcp+2,-2.097474262356446,-0x1.0c7a096082e68p+1,0.4809455731670372,0.2552141232823685,0x1.0556d9e3e67cap-2,-0.5344511533321643,-0x1.11a394e1be046p-1,-2.0941284379503107,0.08033854320168399,0x1.4911117a8d608p-4,0.2923468693661271,0x1.2b5cfa4c0fdf4p-2,3.638936651268518,0.17853620331618536,0x1.6da463932901cp-3,0.446575283918442,0x1.c94b07fe86c83p-2,2.501315002916035,-0.8450215171184781,-0x1.b0a6a908e15dap-1,-0.12564672230069515,-0x1.015311990c737p-3,0.14869055965480057,-0.9176715735559553,-0x1.d5d90c69c88b2p-1,-0.010558682978245323,-0x1.59fca70a4a66bp-7,0.011505949712848443,-1.2316094892410674
H593-c317503b769e0f3acf782e33,DIFFICULT-0043,127,5342,/hkfs/work/workspace/scratch/ap7811-benchmark/dailymed/data/box_flat_20000_images/data/raw_images/prescription/spevigo-56.jpg,81,389.95745849609375,0x1.85f51c0000000p+8,False,False,False,CHALLENGER,126,-1.97352376530399,-0x1.f938da7ddc02cp+0,-1.97352376530399,-0x1.f938da7ddc02cp+0,0.000920272784467791,0.031099068645941162,0.029591650957299608,0.0009109384466918571,0.000806569383329789,9.334337775933907e-06,0.00011370340113800209,-1.2316094892410674,2.220446049250313e-16,-1.98018163548363,0.006657870179639813,False,24,-4.117267620209269,-0x1.0781500c6b6d8p+2,-1.98018163548363,-0x1.faed2f048abf7p+0,0.4809455731670372,0.7359873491763345,0x1.78d35575f6d46p-1,-1.541252037881827,-0x1.8a8f7e5998866p+0,-2.0941284379503107,0.42705740579084644,0x1.b54e895d8b8ebp-2,1.5540348461279634,0x1.8dd53a48f6c86p+0,3.638936651268518,0.4505380349642947,0x1.cd59d7b71a5e4p-2,1.1269375462404994,0x1.207efaa1bcc86p+0,2.501315002916035,0.6027795406545214,0x1.349f851b9e3ebp-1,0.08962762724838441,0x1.6f1d60fd9925cp-4,0.14869055965480057,0.7751969987950594,0x1.8ce69efb90739p-1,0.008919377685686989,0x1.244529baf8252p-7,0.011505949712848443,-1.2316094892410674
