query_id,display_id,candidate_position,reference_physical_row,reference_image_path,raw_rank,raw_score,raw_score_hex,is_target,is_raw_winner,is_selected,action_kind,challenger_index,head_logit,head_logit_hex,policy_score,policy_score_hex,local_score_S,visibility_mass_M,normalized_similarity_L,query_control_score,reference_control_score,query_robustness_Q,reference_robustness_R,bias_contribution,fp64_sum_residual,plot_raw_component,plot_other_component,plot_is_hold_anchor,policy_rank,feature_RAW,feature_RAW_hex,contribution_RAW,contribution_RAW_hex,weight_RAW,feature_S,feature_S_hex,contribution_S,contribution_S_hex,weight_S,feature_M,feature_M_hex,contribution_M,contribution_M_hex,weight_M,feature_L,feature_L_hex,contribution_L,contribution_L_hex,weight_L,feature_Q,feature_Q_hex,contribution_Q,contribution_Q_hex,weight_Q,feature_R,feature_R_hex,contribution_R,contribution_R_hex,weight_R,head_bias
H593-e69eb7b78aae86a02db13aa6,DIFFICULT-0061,0,793,/hkfs/work/workspace/scratch/ap7811-benchmark/dailymed/data/box_flat_20000_images/data/raw_images/homeopathic/irritated-eye-drops-1.jpg,27,408.1491394042969,0x1.98262e0000000p+8,False,False,False,CHALLENGER,0,-2.0861913187121157,-0x1.0b08512f88a8cp+1,-2.0861913187121157,-0x1.0b08512f88a8cp+1,0.0010400974299424512,0.01613016622996804,0.06448150720294915,0.0008866120818125214,0.0007113308449963158,0.0001534853481299298,0.00032876658494613545,-1.2316094892410674,0.0,-0.8934797878016738,-1.192711530910442,False,19,-1.8577565480395002,-0x1.db95eee1c26f0p+0,-0.8934797878016738,-0x1.c9762ec87d8c0p-1,0.4809455731670372,-0.05504115912776895,-0x1.c2e5ad4c6808dp-5,0.11526325658720928,0x1.d81e48d78f719p-4,-2.0941284379503107,-0.06045356834599482,-0x1.ef3c525f1f1e3p-5,-0.21998670555420688,-0x1.c28863cf47e29p-3,3.638936651268518,0.005430478757183172,0x1.63e450a9e9d87p-8,0.013583337988359092,0x1.bd194c371b2c1p-7,2.501315002916035,0.8638959000262149,0x1.ba50903b85ac1p-1,0.12845316485838554,0x1.071273f113610p-3,0.14869055965480057,0.1377465129287585,0x1.1a1ad80156230p-3,0.0015849044508785231,0x1.9f7923229e96ep-10,0.011505949712848443,-1.2316094892410674
H593-e69eb7b78aae86a02db13aa6,DIFFICULT-0061,1,800,/hkfs/work/workspace/scratch/ap7811-benchmark/dailymed/data/box_flat_20000_images/data/raw_images/homeopathic/kids-pink-eye-relief-01.jpg,123,393.3307800292969,0x1.8954ae0000000p+8,False,False,False,CHALLENGER,1,-3.0223600884084263,-0x1.82dcb20439950p+1,-3.0223600884084263,-0x1.82dcb20439950p+1,0.0010761821148297843,0.020000462723838368,0.053807860832494274,0.0009912576509550465,0.000850455681129703,8.492446387473778e-05,0.00022572643370008137,-1.2316094892410674,0.0,-1.942532507252304,-1.0798275811561222,False,75,-4.038986146521081,-0x1.027ebfc01386ep+2,-1.942532507252304,-0x1.f149cf7610c68p+0,0.4809455731670372,-0.0380258455333077,-0x1.3781fa5efc593p-5,0.07963100450840545,0x1.462b2901c7991p-4,-2.0941284379503107,0.04697014284736365,0x1.80c7876d5f3bdp-5,0.17092137432258941,0x1.5e0c068739216p-3,3.638936651268518,-0.08484444947497906,-0x1.5b85da7bdfe29p-4,-0.21222269438591662,-0x1.b2a1cfdeda246p-3,2.501315002916035,0.7668272700871921,0x1.889d957d6930ap-1,0.1140199759478275,0x1.d3069c3c9604ep-4,0.14869055965480057,-0.049344236862652734,-0x1.943a5d724708bp-5,-0.0005677523079605647,-0x1.29aa6cc264f82p-11,0.011505949712848443,-1.2316094892410674
H593-e69eb7b78aae86a02db13aa6,DIFFICULT-0061,2,930,/hkfs/work/workspace/scratch/ap7811-benchmark/dailymed/data/box_flat_20000_images/data/raw_images/otc/1g7-17-allergy-nasal-spray.jpg,59,400.265625,0x1.9044000000000p+8,False,False,False,CHALLENGER,2,-2.795092805785465,-0x1.65c599df1114fp+1,-2.795092805785465,-0x1.65c599df1114fp+1,0.0007667488954743209,0.014355450704013778,0.05341169088198243,0.0006694566460262996,0.0007003918904983077,9.729224944802128e-05,6.635700497601327e-05,-1.2316094892410674,0.0,-1.451586256633069,-1.3435065491523959,False,58,-3.0181923644173323,-0x1.8254209d1acc3p+1,-1.451586256633069,-0x1.739b282b8fe57p+0,0.4809455731670372,-0.20462217436113977,-0x1.a310f357570cep-3,0.42850511436488975,0x1.b6ca0b7176b95p-2,-2.0941284379503107,-0.11825225077617658,-0x1.e45c78dc316f5p-4,-0.43031244944442504,-0x1.b8a3d3a5b3ab8p-2,3.638936651268518,-0.0885116428010471,-0x1.6a8b2f3254ea3p-4,-0.22139550007100417,-0x1.c56b01024acf8p-3,2.501315002916035,0.7934063637966342,0x1.96395be1e3bfcp-1,0.11797203626660184,0x1.e336a559b8a6bp-4,0.14869055965480057,-0.5793751227633834,-0x1.28a3db28c4f9ap-1,-0.006666261027390883,-0x1.b4e14d196800ap-8,0.011505949712848443,-1.2316094892410674
H593-e69eb7b78aae86a02db13aa6,DIFFICULT-0061,3,937,/hkfs/work/workspace/scratch/ap7811-benchmark/dailymed/data/box_flat_20000_images/data/raw_images/otc/200000003252_R-00_28ct.jpg,116,394.17498779296875,0x1.8a2ccc0000000p+8,False,False,False,CHALLENGER,3,-2.9387220266151592,-0x1.78280b1a2c68ep+1,-2.9387220266151592,-0x1.78280b1a2c68ep+1,0.0011748471273573104,0.02241630779092125,0.05241037633472945,0.0011508190603784605,0.0008553894144584105,2.4028066978849924e-05,0.00031945771289889984,-1.2316094892410674,0.0,-1.8827675610899481,-1.055954465525211,False,67,-3.9147206381210298,-0x1.f51590dcda60ap+1,-1.8827675610899481,-0x1.e1fd0e0cd9dbcp+0,0.4809455731670372,0.005814912793303692,0x1.7d160c46bda70p-8,-0.012177174244658338,-0x1.8f058a91ba672p-7,-2.0941284379503107,0.1036478166040121,0x1.a88a9ce9db4a6p-4,0.37716783866429726,0x1.82384930aa262p-2,3.638936651268518,-0.09789190355534974,-0x1.90f719c503bdap-4,-0.24485848702700586,-0x1.f5785dcf6ea78p-3,2.501315002916035,0.3638452917003465,0x1.7493dc32a0538p-2,0.05410036005068869,0x1.bb30ada3d3368p-5,0.14869055965480057,0.12363049622456913,0x1.fa63f8a12a171p-4,0.0014224862725343917,0x1.74e5701403621p-10,0.011505949712848443,-1.2316094892410674
H593-e69eb7b78aae86a02db13aa6,DIFFICULT-0061,4,972,/hkfs/work/workspace/scratch/ap7811-benchmark/dailymed/data/box_flat_20000_images/data/raw_images/otc/300000165_R-03-Final.jpg,70,399.2686767578125,0x1.8f44c80000000p+8,False,False,False,CHALLENGER,4,-3.093518188608166,-0x1.8bf8676cd39d2p+1,-3.093518188608166,-0x1.8bf8676cd39d2p+1,0.00044863900643346853,0.018204578910929487,0.024644294637549625,0.00045701446610806013,0.00044021348715021476,-8.375459674591604e-06,8.425519283253768e-06,-1.2316094892410674,0.0,-1.5221643306392088,-1.5713538579689572,False,85,-3.1649409321219513,-0x1.951cc8d29e261p+1,-1.5221643306392088,-0x1.85ac8fc33bae9p+0,0.4809455731670372,-0.44265048899671083,-0x1.c5462b773276bp-2,0.9269669770806233,0x1.da9b6a6611074p-1,-2.0941284379503107,-3.639886460883555e-05,-0x1.3155f770087ccp-15,-0.0001324531624896522,-0x1.15c6400960e20p-13,3.638936651268518,-0.4426212219042136,-0x1.c53e7f62606a8p-2,-1.107135102958037,-0x1.1b6d34c375573p+0,2.501315002916035,-0.9999999489357175,-0x1.fffffe495c749p-1,-0.14869055206202383,-0x1.3084ac12a505fp-3,0.14869055965480057,-0.9345806208378161,-0x1.de8159e3f2957p-1,-0.01075323762596259,-0x1.605cb1f6fdfc2p-7,0.011505949712848443,-1.2316094892410674
H593-e69eb7b78aae86a02db13aa6,DIFFICULT-0061,5,978,/hkfs/work/workspace/scratch/ap7811-benchmark/dailymed/data/box_flat_20000_images/data/raw_images/otc/300068244-0824.jpg,126,392.92755126953125,0x1.88ed740000000p+8,False,False,False,CHALLENGER,5,-2.021591251660094,-0x1.02c3808be1417p+1,-2.021591251660094,-0x1.02c3808be1417p+1,0.009711834765194861,0.03344417835038301,0.29038939642790296,0.008098918353922676,0.008592681779407117,0.0016129164112721854,0.0011191529857877448,-1.2316094892410674,0.0,-1.9710787326668724,-0.05051251899322162,False,15,-4.098340524661191,-0x1.064b360e52a4ap+2,-1.9710787326668724,-0x1.f8989da6a5354p+0,0.4809455731670372,0.7863970520868745,0x1.92a2a268c4931p-1,-1.6468164302954156,-0x1.a595c2f6a25fcp+0,-2.0941284379503107,0.2950290373834649,0x1.2e1c178bbab83p-2,1.0735919773231601,0x1.12d6ec7fd9d7ap+0,3.638936651268518,0.6398104045233808,0x1.47953ab6230c0p-1,1.6003673638561098,0x1.99b1acf159047p+0,2.501315002916035,0.9861984691084615,0x1.f8ef01785f49ap-1,0.1466384023024447,0x1.2c50c131d0437p-3,0.14869055965480057,0.6358151429583715,0x1.45898ffa9d941p-1,0.007315657061546566,0x1.df705bd3fdf74p-8,0.011505949712848443,-1.2316094892410674
H593-e69eb7b78aae86a02db13aa6,DIFFICULT-0061,6,1032,/hkfs/work/workspace/scratch/ap7811-benchmark/dailymed/data/box_flat_20000_images/data/raw_images/otc/469584.jpg,47,401.9067077636719,0x1.91e81e0000000p+8,False,False,False,CHALLENGER,6,-3.5750711962877433,-0x1.c99beed676b6dp+1,-3.5750711962877433,-0x1.c99beed676b6dp+1,0.00023348557895286757,0.009685323686569219,0.024107152895328162,0.0002384776834938101,0.0002478299487777213,-4.9921045409425215e-06,-1.4344369824853721e-05,-1.2316094892410674,-4.440892098500626e-16,-1.3354072456841233,-2.23966395060362,False,121,-2.7766286253357886,-0x1.636891197a31fp+1,-1.3354072456841233,-0x1.55dd3fcf0e03ep+0,0.4809455731670372,-0.6651932718769673,-0x1.54943668762cep-1,1.3930001473707698,0x1.649ba85c47d7dp+0,-2.0941284379503107,-0.3054932022189469,-0x1.38d335c2b9073p-2,-1.1116704102679107,-0x1.1c966e9808159p+0,3.638936651268518,-0.45143762261193016,-0x1.ce45aa05357bdp-2,-1.129187698319968,-0x1.211271eb546c4p+0,2.501315002916035,-0.9999999382708604,-0x1.fffffdedc02fcp-1,-0.14869055047626026,-0x1.3084abdc287fdp-3,0.14869055965480057,-0.9999999962049866,-0x1.ffffffdf66ad6p-1,-0.01150594966918321,-0x1.7906e6c4efa98p-7,0.011505949712848443,-1.2316094892410674
H593-e69eb7b78aae86a02db13aa6,DIFFICULT-0061,7,1072,/hkfs/work/workspace/scratch/ap7811-benchmark/dailymed/data/box_flat_20000_images/data/raw_images/otc/577-4-cvs.jpg,17,410.0287170410156,0x1.9a075a0000000p+8,False,False,False,CHALLENGER,7,-1.7653576482302427,-0x1.c3ee7a94e4720p+0,-1.7653576482302427,-0x1.c3ee7a94e4720p+0,0.0013305548182380223,0.021074662903959707,0.06313528355359957,0.0012046028141034697,0.001291763430881601,0.00012595200413455265,3.879138735642129e-05,-1.2316094892410674,-2.220446049250313e-16,-0.7604167420676792,-1.0049409061625636,False,6,-1.5810868931806945,-0x1.94c21c5258677p+0,-0.7604167420676792,-0x1.855557dd05e9dp-1,0.4809455731670372,0.06793914686221378,0x1.16475bde42f76p-4,-0.1422732994942445,-0x1.23602f035fd54p-3,-2.0941284379503107,0.07303251718090188,0x1.2b24250d626f1p-4,0.2657607035039816,0x1.102392e8723b2p-2,3.638936651268518,-0.005118768429066891,-0x1.4f76aeffa6d82p-8,-0.012803652268077958,-0x1.a38cd1e1604a6p-7,2.501315002916035,0.8365744572882058,0x1.ac537cbd718edp-1,0.12439072424709438,0x1.fd8120c912886p-4,0.14869055965480057,-0.7305692376582147,-0x1.760d2bce694f6p-1,-0.008405892910249442,-0x1.1371bd92545d7p-7,0.011505949712848443,-1.2316094892410674
H593-e69eb7b78aae86a02db13aa6,DIFFICULT-0061,8,1092,/hkfs/work/workspace/scratch/ap7811-benchmark/dailymed/data/box_flat_20000_images/data/raw_images/otc/63004CVS New item2.jpg,109,394.8085021972656,0x1.8acefa0000000p+8,False,False,False,CHALLENGER,8,-3.6551646192390126,-0x1.d3dc6f2a905d7p+1,-3.6551646192390126,-0x1.d3dc6f2a905d7p+1,0.0002535073689643355,0.0155011865718712,0.016354062173818077,0.0002585283050736992,0.00021139905132207073,-5.020936109363693e-06,4.21083176422648e-05,-1.2316094892410674,0.0,-1.8379184660032133,-1.8172461532357993,False,125,-3.8214687244140326,-0x1.e925e31d05c61p+1,-1.8379184660032133,-0x1.d681d31832c31p+0,0.4809455731670372,-0.6416275016119016,-0x1.4883665f464cdp-1,1.343650397696492,0x1.57f978f35d23cp+0,-2.0941284379503107,-0.08024180006018161,-0x1.48aba0307d8bcp-4,-0.2919948272027552,-0x1.2b00b125bf7e3p-2,3.638936651268518,-0.5918577003231353,-0x1.2f07f8f58c19ep-1,-1.480422545409641,-0x1.7afcf8d0cba4cp+0,2.501315002916035,-0.9999999383805275,-0x1.fffffdeeb158dp-1,-0.14869055049256671,-0x1.3084abdcb7eebp-3,0.14869055965480057,-0.7108616663887901,-0x1.6bf60f723d65ap-1,-0.008179138586261065,-0x1.0c03965e6487dp-7,0.011505949712848443,-1.2316094892410674
H593-e69eb7b78aae86a02db13aa6,DIFFICULT-0061,9,1450,/hkfs/work/workspace/scratch/ap7811-benchmark/dailymed/data/box_flat_20000_images/data/raw_images/otc/ArtTearsCart.jpg,89,397.1537780761719,0x1.8d275e0000000p+8,False,False,False,CHALLENGER,9,-3.2307341352003185,-0x1.9d88b23660cb8p+1,-3.2307341352003185,-0x1.9d88b23660cb8p+1,0.0005664288254018678,0.01749651974965454,0.03237379967596423,0.0005679056047110845,0.0005509757230710608,-1.4767793092166975e-06,1.545310233080704e-05,-1.2316094892410674,0.0,-1.6718867227874723,-1.5588474124128462,False,96,-3.4762493223049367,-0x1.bcf5bce0055bep+1,-1.6718867227874723,-0x1.ac00c4acfd22cp+0,0.4809455731670372,-0.34429408541943557,-0x1.608ea0f454b0fp-2,0.7209960352949334,0x1.7126647046596p-1,-2.0941284379503107,-0.019869364115974623,-0x1.458a274481e01p-6,-0.07230335731901955,-0x1.282790b138144p-4,3.638936651268518,-0.32665936704926435,-0x1.4e7fcb09a2754p-2,-0.8170779756433808,-0x1.a2580b5f57252p-1,2.501315002916035,-0.9999999211634967,-0x1.fffffd5accb22p-1,-0.14869054793255676,-0x1.3084ab84c1d8cp-3,0.14869055965480057,-0.8832019803117473,-0x1.c4330cca671cbp-1,-0.010162077571755126,-0x1.4cfdaf6a40d3bp-7,0.011505949712848443,-1.2316094892410674
H593-e69eb7b78aae86a02db13aa6,DIFFICULT-0061,10,1787,/hkfs/work/workspace/scratch/ap7811-benchmark/dailymed/data/box_flat_20000_images/data/raw_images/otc/Bottle Carton.jpg,63,399.98614501953125,0x1.8ffc740000000p+8,False,False,False,CHALLENGER,10,-3.433973936780228,-0x1.b78c753ce4cb3p+1,-3.433973936780228,-0x1.b78c753ce4cb3p+1,0.0003077314111152455,0.01007314764009259,0.030549677430561015,0.00029808838122763383,0.00027486240440357965,9.643029887611689e-06,3.286900671166588e-05,-1.2316094892410674,0.0,-1.471371796052324,-1.962602140727904,False,115,-3.0593311970069887,-0x1.87982a276386cp+1,-1.471371796052324,-0x1.78abd2704d300p+0,0.4809455731670372,-0.5810311595802576,-0x1.297cea88b554fp-1,1.2167538746122626,0x1.377d2e92bdaf1p+0,-2.0941284379503107,-0.2875894359389668,-0x1.267dd85821bd8p-2,-1.0465197389559457,-0x1.0be8b7b56f2aap+0,3.638936651268518,-0.3523126049058473,-0x1.68c4a2b0281fbp-2,-0.8812448043674254,-0x1.c33284dd0e575p-1,2.501315002916035,-0.0750414572691248,-0x1.335eabcd0a897p-4,-0.011157956278657968,-0x1.6d9fb8a74ce28p-7,0.14869055965480057,-0.7669098785662407,-0x1.88a8695ed7b94p-1,-0.008824026497069872,-0x1.21254c9caa7a1p-7,0.011505949712848443,-1.2316094892410674
H593-e69eb7b78aae86a02db13aa6,DIFFICULT-0061,11,2164,/hkfs/work/workspace/scratch/ap7811-benchmark/dailymed/data/box_flat_20000_images/data/raw_images/otc/CVS ANTIBIOTIC CARTON IMAGE 2 OF 2.jpg,78,398.20391845703125,0x1.8e34340000000p+8,False,False,False,CHALLENGER,11,-2.9573138678927653,-0x1.7a8942c54da81p+1,-2.9573138678927653,-0x1.7a8942c54da81p+1,0.0014700152085918516,0.016543647984870062,0.08885677511612004,0.001468846547517435,0.001152162426959486,1.1686610744165212e-06,0.0003178527816323656,-1.2316094892410674,0.0,-1.5975429581056655,-1.3597709097870998,False,71,-3.3216709898914547,-0x1.a92c83d6d3ef7p+1,-1.5975429581056655,-0x1.98f8934704d8bp+0,0.4809455731670372,0.11733931187395742,0x1.e09f2fb08a691p-4,-0.2457235898847748,-0x1.f73dedf3495e3p-3,-2.0941284379503107,-0.0478353279742786,-0x1.87ddf427c6552p-5,-0.17406972819105263,-0x1.647eab6e6ef61p-3,3.638936651268518,0.16425269535001308,0x1.5063b796771b4p-3,0.4108477311483846,0x1.a4b54483ac25ap-2,2.501315002916035,-0.8111461740735455,-0x1.9f4e8d23d7c1ep-1,-0.12060977858484577,-0x1.ee0484e9986d7p-4,0.14869055965480057,0.12114992686779992,0x1.f03ae7dcf5ba9p-4,0.0013939449662561723,0x1.6d6a102b8391bp-10,0.011505949712848443,-1.2316094892410674
H593-e69eb7b78aae86a02db13aa6,DIFFICULT-0061,12,2172,/hkfs/work/workspace/scratch/ap7811-benchmark/dailymed/data/box_flat_20000_images/data/raw_images/otc/CVS Chest Congestion and Cough HBP.jpg,51,401.31610107421875,0x1.9150ec0000000p+8,False,False,False,CHALLENGER,12,-2.3363932227265596,-0x1.2b0eeee11a727p+1,-2.3363932227265596,-0x1.2b0eeee11a727p+1,0.0015180156812538764,0.02392501021849532,0.06344890419651185,0.0014897597163963184,0.0012825608897107396,2.8255964857558033e-05,0.00023545479154313677,-1.2316094892410674,0.0,-1.3772187268351221,-0.9591744958914374,False,31,-2.8635646186866976,-0x1.6e8949119efc6p+1,-1.3772187268351221,-0x1.6091680f32135p+0,0.4809455731670372,0.13315257268119002,0x1.10b24bc85a0f2p-3,-0.2788385890379257,-0x1.1d87dcf31f694p-2,-2.0941284379503107,0.13574606876220358,0x1.160208ef2762ep-3,0.49397134488439903,0x1.f9d39fcdc22e9p-2,3.638936651268518,-0.002641236216145233,-0x1.5a312e56b5a43p-9,-0.006606563773689251,-0x1.b0f7bf58d0a54p-8,2.501315002916035,0.4319990515767494,0x1.ba5df599b35c1p-2,0.06423418074928992,0x1.071a6b99a8273p-4,0.14869055965480057,-0.02827923644415237,-0x1.cf53b6ebbe3b1p-6,-0.0003253794724441682,-0x1.552f631645908p-12,0.011505949712848443,-1.2316094892410674
H593-e69eb7b78aae86a02db13aa6,DIFFICULT-0061,13,2184,/hkfs/work/workspace/scratch/ap7811-benchmark/dailymed/data/box_flat_20000_images/data/raw_images/otc/CVS Daytime Softgels 24CT.jpg,62,399.9936218261719,0x1.8ffe5e0000000p+8,False,False,False,CHALLENGER,13,-3.4703560689507578,-0x1.bc34a0aecf2f2p+1,-3.4703560689507578,-0x1.bc34a0aecf2f2p+1,0.00023191344426505466,0.010635298234791299,0.02180601231344836,0.0002163542785883135,0.0001716221766110014,1.5559165676741157e-05,6.029126765405327e-05,-1.2316094892410674,0.0,-1.4708424821019292,-1.9995135868488285,False,118,-3.058230627670402,-0x1.877419e8bc26ap+1,-1.4708424821019292,-0x1.7889220631fc0p+0,0.4809455731670372,-0.6670723650761682,-0x1.558a825022915p-1,1.3969352098767756,0x1.659d8bc10d38cp+0,-2.0941284379503107,-0.26249273033274817,-0x1.0ccae4f0de1b3p-2,-0.9551944170993808,-0x1.e90f3e1d86f9bp-1,3.638936651268518,-0.4904599864046142,-0x1.f63b24866aedcp-2,-1.226794922323856,-0x1.3a0f3b6647a26p+0,2.501315002916035,0.16256915077823178,0x1.4cf10e0f72af5p-3,0.02417249801182094,0x1.8c0ace1b18eb6p-6,0.14869055965480057,-0.6103334577656792,-0x1.387da08184316p-1,-0.007022466073120814,-0x1.cc396e1f0f0d9p-8,0.011505949712848443,-1.2316094892410674
H593-e69eb7b78aae86a02db13aa6,DIFFICULT-0061,14,2185,/hkfs/work/workspace/scratch/ap7811-benchmark/dailymed/data/box_flat_20000_images/data/raw_images/otc/CVS Docusate Clear 30CT.jpg,83,397.7929992675781,0x1.8dcb020000000p+8,False,False,False,CHALLENGER,14,-2.5679321677791527,-0x1.48b200537a9abp+1,-2.5679321677791527,-0x1.48b200537a9abp+1,0.001088754001766071,0.027019978114394803,0.04029440724032418,0.0010485765668734944,0.0010037477175238263,4.017743489257656e-05,8.500628424224464e-05,-1.2316094892410674,0.0,-1.6266336207263545,-0.9412985470527981,False,41,-3.3821573822063407,-0x1.b0ea887940278p+1,-1.6266336207263545,-0x1.a06b0f9b9800bp+0,0.4809455731670372,-0.03222591406081081,-0x1.07fea3df324a6p-5,0.06748520307368669,0x1.146b5d42a57dap-4,-2.0941284379503107,0.19489003751379727,0x1.8f22820b80f7bp-3,0.7091925004760533,0x1.6b1b478839ea0p-1,3.638936651268518,-0.22569845030648994,-0x1.ce3afd3698134p-3,-0.5645429198865225,-0x1.210bc50433b15p-1,2.501315002916035,0.5637765840177574,0x1.20a7530d36b6fp-1,0.08382825579787205,0x1.575c4c121f0f3p-4,0.14869055965480057,-0.49123257218034344,-0x1.f705abe0fa674p-2,-0.005652097272820225,-0x1.726a74f0c96f6p-8,0.011505949712848443,-1.2316094892410674
H593-e69eb7b78aae86a02db13aa6,DIFFICULT-0061,15,2186,/hkfs/work/workspace/scratch/ap7811-benchmark/dailymed/data/box_flat_20000_images/data/raw_images/otc/CVS Ear Drops 2022.jpg,38,403.722412109375,0x1.93b8f00000000p+8,False,False,False,CHALLENGER,15,-1.9325128968513385,-0x1.eeb92a4b1320ep+0,-1.9325128968513385,-0x1.eeb92a4b1320ep+0,0.0026834724633524928,0.028805906700612113,0.09315702127492728,0.002663577422954945,0.0020616802519464344,1.9895040397547963e-05,0.0006217922114060584,-1.2316094892410674,0.0,-1.2068660534120748,-0.7256468434392638,False,8,-2.5093609770952567,-0x1.4132bd913dca3p+1,-1.2068660534120748,-0x1.34f52c760eb51p+0,0.4809455731670372,0.39592052163079633,0x1.956c3070e0ccbp-2,-0.8291084235151717,-0x1.a880e637abeb5p-1,-2.0941284379503107,0.22547530681388625,0x1.cdc5ff6691d53p-3,0.8204903579210648,0x1.a4174febe89b1p-1,3.638936651268518,0.18715236268504637,0x1.7f49bce8cfad6p-3,0.4681270126152896,0x1.df5cb0063a367p-2,2.501315002916035,0.2793111226322632,0x1.1e03bc24755dep-2,0.04153092714200185,0x1.5438aabb1e5d8p-5,0.14869055965480057,0.42784574602492415,0x1.b61d31fba39b1p-2,0.004922771638618904,0x1.429e67318c224p-8,0.011505949712848443,-1.2316094892410674
H593-e69eb7b78aae86a02db13aa6,DIFFICULT-0061,16,2188,/hkfs/work/workspace/scratch/ap7811-benchmark/dailymed/data/box_flat_20000_images/data/raw_images/otc/CVS Fast Acting Lub Eye Drops 15mL_EDSU.jpg,7,414.496826171875,0x1.9e7f300000000p+8,False,False,False,CHALLENGER,16,-2.1482489685776835,-0x1.12f9d27bda7b2p+1,-2.1482489685776835,-0x1.12f9d27bda7b2p+1,0.00043700305261390606,0.015377934040784884,0.02841753979792734,0.00045007444231298524,0.00037505026009704783,-1.3071389699079183e-05,6.195279251685823e-05,-1.2316094892410674,0.0,-0.44410088577672463,-1.704148082800959,False,21,-0.923391149755908,-0x1.d8c6b98b3c242p-1,-0.44410088577672463,-0x1.c6c261f224851p-2,0.4809455731670372,-0.4531535063066047,-0x1.d00779069e4ebp-2,0.9489616443135565,0x1.e5de4cf6f8604p-1,-2.0941284379503107,-0.08420628247103057,-0x1.58e8afd54b040p-4,-0.3064213275509029,-0x1.39c68332831acp-2,3.638936651268518,-0.38358417169854825,-0x1.88ca4a02d5849p-2,-0.959464843550699,-0x1.eb3ef9d96c8c7p-1,2.501315002916035,-0.9999999588122944,-0x1.fffffe9e33471p-1,-0.14869055353057758,-0x1.3084ac451a8f0p-3,0.14869055965480057,-0.6017333131168808,-0x1.34166389805fdp-1,-0.006923513241268517,-0x1.c5bd46f1d5f97p-8,0.011505949712848443,-1.2316094892410674
H593-e69eb7b78aae86a02db13aa6,DIFFICULT-0061,17,2189,/hkfs/work/workspace/scratch/ap7811-benchmark/dailymed/data/box_flat_20000_images/data/raw_images/otc/CVS Fast Acting Lub Eye Drops_EDSU_twin.jpg,9,413.5926208496094,0x1.9d97b60000000p+8,False,False,False,CHALLENGER,17,-2.484270047727784,-0x1.3dfc8f98b62b2p+1,-2.484270047727784,-0x1.3dfc8f98b62b2p+1,0.00022876093440990294,0.013530775496779408,0.016906712735301282,0.00023404120470918113,0.0002557979760945426,-5.280270299278189e-06,-2.7037041684639646e-05,-1.2316094892410674,0.0,-0.5081133063328624,-1.9761567413949215,False,35,-1.056488165567104,-0x1.0e760227b8c44p+0,-0.5081133063328624,-0x1.04276d62b961cp-1,0.4809455731670372,-0.670853208331846,-0x1.577a125c67667p-1,1.404852781257923,0x1.67a46e8f328a3p+0,-2.0941284379503107,-0.1473099504191846,-0x1.2db0d6db67ff0p-3,-0.536051577676919,-0x1.12755a362ee26p-1,3.638936651268518,-0.5809551990584576,-0x1.2972f5b8cb63cp-1,-1.4531519554269916,-0x1.7401c43cad68bp+0,2.501315002916035,-0.9999999393497211,-0x1.fffffdf704a05p-1,-0.14869055063667666,-0x1.3084abe1ab897p-3,0.14869055965480057,-0.9999999963793874,-0x1.ffffffe0e6305p-1,-0.011505949671189857,-0x1.7906e6c60a129p-7,0.011505949712848443,-1.2316094892410674
H593-e69eb7b78aae86a02db13aa6,DIFFICULT-0061,18,2197,/hkfs/work/workspace/scratch/ap7811-benchmark/dailymed/data/box_flat_20000_images/data/raw_images/otc/CVS Heat Roll-On Carton 12-30-22.jpg,79,398.1195373535156,0x1.8e1e9a0000000p+8,False,False,False,CHALLENGER,18,-3.436039841992049,-0x1.b7d0274e8def1p+1,-3.436039841992049,-0x1.b7d0274e8def1p+1,0.0005057069824177171,0.011844485913724723,0.0426955619772178,0.000520870511839784,0.0004885603910820709,-1.5163529422066845e-05,1.714659133564625e-05,-1.2316094892410674,0.0,-1.6035166441172664,-1.8325231978747827,False,116,-3.3340917009757964,-0x1.aac38450c72cep+1,-1.6035166441172664,-0x1.9a8011191348dp+0,0.4809455731670372,-0.3932619867378246,-0x1.92b3452f321dfp-2,0.8235411099925164,0x1.a5a72e2ca8a6bp-1,-2.0941284379503107,-0.21169170419413433,-0x1.b18b6b92c9585p-3,-0.7703327011615289,-0x1.8a690c3d0e642p-1,3.638936651268518,-0.19805873164117777,-0x1.959fd0f8b054ap-3,-0.4954072769125987,-0x1.fb4c0b9228fcfp-2,2.501315002916035,-0.9999999620798871,-0x1.fffffeba44ca3p-1,-0.14869055401643777,-0x1.3084ac55cc3aep-3,0.14869055965480057,-0.8712263468762083,-0x1.be1161367e654p-1,-0.010024286535666307,-0x1.4879cf6b0fceep-7,0.011505949712848443,-1.2316094892410674
H593-e69eb7b78aae86a02db13aa6,DIFFICULT-0061,19,2202,/hkfs/work/workspace/scratch/ap7811-benchmark/dailymed/data/box_flat_20000_images/data/raw_images/otc/CVS Hydration Eye Drops.jpg,23,408.9324645996094,0x1.98eeb60000000p+8,False,False,False,CHALLENGER,19,-2.3947773237417764,-0x1.32881037562fdp+1,-2.3947773237417764,-0x1.32881037562fdp+1,0.0005928614293789639,0.0148959054041957,0.039800294999992,0.0005876717685196686,0.0005164662364150383,5.1896608592953e-06,7.639519296392559e-05,-1.2316094892410674,0.0,-0.8380249695211061,-1.5567523542206705,False,33,-1.742452818523088,-0x1.be11634e61332p+0,-0.8380249695211061,-0x1.ad119bdaa62b1p-1,0.4809455731670372,-0.3240371437906485,-0x1.4bd0649d14912p-2,0.678575397764191,0x1.5b6e3c0a88e79p-1,-2.0941284379503107,-0.09999449713898252,-0x1.9993d46fdecddp-4,-0.36387364056420846,-0x1.749b4aa86620cp-2,3.638936651268518,-0.2315451570966994,-0x1.da3458ea38553p-3,-0.5791673752985245,-0x1.2888a04fa277ep-1,2.501315002916035,-0.3670126078285388,-0x1.77d2272f5f7c5p-2,-0.054571310058393274,-0x1.bf0c550005878p-5,0.14869055965480057,-0.530676473915863,-0x1.0fb4d3a873513p-1,-0.006105936822667649,-0x1.90289ef6fd1d0p-8,0.011505949712848443,-1.2316094892410674
H593-e69eb7b78aae86a02db13aa6,DIFFICULT-0061,20,2203,/hkfs/work/workspace/scratch/ap7811-benchmark/dailymed/data/box_flat_20000_images/data/raw_images/otc/CVS Ichthammol Oint. Carton.jpg,42,402.5442199707031,0x1.928b520000000p+8,False,False,False,CHALLENGER,20,-2.6465255818872206,-0x1.52c159ab1dd26p+1,-2.6465255818872206,-0x1.52c159ab1dd26p+1,0.0006292750436165202,0.01914074414753309,0.03287620579253304,0.0006217166941956865,0.0006011392105586661,7.558349420833696e-06,2.8135833057854132e-05,-1.2316094892410674,0.0,-1.29027512966881,-1.3562504522184107,False,48,-2.682788243942698,-0x1.57659aece9e05p+1,-1.29027512966881,-0x1.4a4f788cc50afp+0,0.4809455731670372,-0.29711061076755596,-0x1.303dc3922a3a6p-2,0.6221877792251247,0x1.3e8f65877c4d8p-1,-2.0941284379503107,0.025031427917012957,0x1.9a1d6b11a5ebfp-6,0.09108778048080442,0x1.751875e3af3c5p-4,3.638936651268518,-0.3197639216774323,-0x1.477031882e5d2p-2,-0.7998302946830292,-0x1.99835b3c06fd9p-1,2.501315002916035,-0.19446552309518272,-0x1.8e43f0af2590cp-3,-0.028915187462586266,-0x1.d9bf16209bee3p-6,0.14869055965480057,-0.7970694090046093,-0x1.98197b48a2398p-1,-0.009171040537656864,-0x1.2c844396fab95p-7,0.011505949712848443,-1.2316094892410674
H593-e69eb7b78aae86a02db13aa6,DIFFICULT-0061,21,2206,/hkfs/work/workspace/scratch/ap7811-benchmark/dailymed/data/box_flat_20000_images/data/raw_images/otc/CVS Lidocaine  Carton.jpg,76,398.46826171875,0x1.8e77e00000000p+8,False,False,False,CHALLENGER,21,-2.7877910253309937,-0x1.64d65618f080ap+1,-2.7877910253309937,-0x1.64d65618f080ap+1,0.0009679341262475131,0.02292162518938049,0.042227988558854616,0.000963516226725822,0.0011418944098113776,4.417899521691124e-06,-0.00017396028356386447,-1.2316094892410674,0.0,-1.5788290093778223,-1.2089620159531713,False,57,-3.2827602486934198,-0x1.a4317ce25f9fdp+1,-1.5788290093778223,-0x1.942e235140faap+0,0.4809455731670372,-0.09079889142543794,-0x1.73e989d2f7087p-4,0.19014454066837222,0x1.856a803d7803ap-3,-2.0941284379503107,0.11466093506767046,0x1.d5a6b463e9295p-4,0.4172438790864657,0x1.ab41fabc87badp-2,3.638936651268518,-0.20334280712499642,-0x1.a0723193d45e4p-3,-0.5086244141968151,-0x1.046a6b51d84f3p-1,2.501315002916035,-0.43453049564458474,-0x1.bcf58fefa1f53p-2,-0.0646105825844712,-0x1.08a51b32d01f2p-4,0.14869055965480057,-0.999999997636602,-0x1.ffffffebb2d53p-1,-0.011505949685655305,-0x1.7906e6cdfde74p-7,0.011505949712848443,-1.2316094892410674
H593-e69eb7b78aae86a02db13aa6,DIFFICULT-0061,22,2207,/hkfs/work/workspace/scratch/ap7811-benchmark/dailymed/data/box_flat_20000_images/data/raw_images/otc/CVS Lidocaine Cream 1.75 oz 69842-921-49 21-291-23v3.1.jpg,113,394.6300964355469,0x1.8aa14e0000000p+8,False,False,False,CHALLENGER,22,-3.4687071749281855,-0x1.bbfe98c1dbca3p+1,-3.4687071749281855,-0x1.bbfe98c1dbca3p+1,0.0005470871837127285,0.011353910845620664,0.0481849110100901,0.0005222590410169506,0.00041710565078233956,2.4828142695777896e-05,0.000129981532930389,-1.2316094892410674,4.440892098500626e-16,-1.8505485449991694,-1.618158629929016,False,117,-3.8477296564209262,-0x1.ec8267c716ae5p+1,-1.8505485449991694,-0x1.d9bd8ca86e8b9p+0,0.4809455731670372,-0.35951394901478756,-0x1.70246cb5e5b53p-2,0.7528683844716847,0x1.8177f702ff195p-1,-2.0941284379503107,-0.2318009551872117,-0x1.daba758daf61dp-3,-0.8435089916297959,-0x1.afe06919dd237p-1,3.638936651268518,-0.13932362240112955,-0x1.1d55b40e2f516p-3,-0.3484922669725539,-0x1.64db2826395d5p-2,2.501315002916035,0.37796933863751714,0x1.830a64f15b04cp-2,0.056200472494367264,0x1.cc64eeec41fc7p-5,0.14869055965480057,-0.3143364208877356,-0x1.41e1681e9e396p-2,-0.0036167390516510488,-0x1.da0d9fe3d7ff8p-9,0.011505949712848443,-1.2316094892410674
H593-e69eb7b78aae86a02db13aa6,DIFFICULT-0061,23,2208,/hkfs/work/workspace/scratch/ap7811-benchmark/dailymed/data/box_flat_20000_images/data/raw_images/otc/CVS Lidocaine IFC.jpg,90,397.0716552734375,0x1.8d12580000000p+8,False,False,False,CHALLENGER,23,-2.6466273706360903,-0x1.52c4af88ca4d2p+1,-2.6466273706360903,-0x1.52c4af88ca4d2p+1,0.0019121847407197648,0.01920446403797972,0.09956980506918242,0.0017910368418171192,0.0011654065203061438,0.00012114789890264551,0.000746778220413621,-1.2316094892410674,0.0,-1.6777005343814029,-0.9689268362546875,False,49,-3.4883376165284314,-0x1.be81d8d632b6cp+1,-1.6777005343814029,-0x1.ad7dc83fa65c8p+0,0.4809455731670372,0.24432558759612058,0x1.f460f942691b1p-3,-0.5116491611039558,-0x1.05f6e0fbef454p-1,-2.0941284379503107,0.026692060878084595,0x1.b5529e2230918p-6,0.09713071862715257,0x1.8dd8f0bf0cb0dp-4,3.638936651268518,0.21906215233309514,0x1.c0a3a8607f011p-3,0.5479434482018488,0x1.188c0b2c2b37ep-1,2.501315002916035,0.8306426077027002,0x1.a949fce57e983p-1,0.12350871421243745,0x1.f9e4460503ce6p-4,0.14869055965480057,0.49964872021619866,0x1.ffa3ea03446e6p-2,0.005748933048896663,0x1.78c3176e914f1p-8,0.011505949712848443,-1.2316094892410674
H593-e69eb7b78aae86a02db13aa6,DIFFICULT-0061,24,2209,/hkfs/work/workspace/scratch/ap7811-benchmark/dailymed/data/box_flat_20000_images/data/raw_images/otc/CVS Long Lasting Lub Eye Drops 15mL.jpg,5,415.24224853515625,0x1.9f3e040000000p+8,False,False,False,CHALLENGER,24,-2.124757223037989,-0x1.0ff80b7071a81p+1,-2.124757223037989,-0x1.0ff80b7071a81p+1,0.00026824275252033595,0.016714055406584036,0.016048932828993088,0.0002732937504342371,0.00025371438899348623,-5.050997913901131e-06,1.4528363526849716e-05,-1.2316094892410674,0.0,-0.39132936515489397,-1.7334278578830953,False,20,-0.813666632958032,-0x1.a098e9b4cd67ep-1,-0.39132936515489397,-0x1.90b8a52538065p-2,0.4809455731670372,-0.6247055596436057,-0x1.3fd9683898ea8p-1,1.3082136777953388,0x1.4ee717724f94ap+0,-2.0941284379503107,-0.04272195102395158,-0x1.5dfa6ccf0391dp-5,-0.155462473394756,-0x1.3e631bf7e2cf6p-3,3.638936651268518,-0.5979418644134536,-0x1.32256fa1214e3p-1,-1.4956409563289572,-0x1.7ee25361fdb48p+0,2.501315002916035,-0.9999999384944599,-0x1.fffffdefabe31p-1,-0.14869055050950739,-0x1.3084abdd4cf1bp-3,0.14869055965480057,-0.889806270638693,-0x1.c794b000567b9p-1,-0.010238066204146013,-0x1.4f7b1fc2b313ap-7,0.011505949712848443,-1.2316094892410674
H593-e69eb7b78aae86a02db13aa6,DIFFICULT-0061,25,2210,/hkfs/work/workspace/scratch/ap7811-benchmark/dailymed/data/box_flat_20000_images/data/raw_images/otc/CVS Lubricant Eye Drops Original.jpg,10,412.1182861328125,0x1.9c1e480000000p+8,False,False,False,CHALLENGER,25,-1.9870504999716365,-0x1.fcaf5770e0edcp+0,-1.9870504999716365,-0x1.fcaf5770e0edcp+0,0.001108643621266415,0.019078309072202412,0.05811016149653101,0.001118821807417711,0.0011115690047300995,-1.0178186151295994e-05,-2.92538346368461e-06,-1.2316094892410674,0.0,-0.6124875359554476,-1.374562964016189,False,12,-1.2735069623828819,-0x1.46048d62a9abfp+0,-0.6124875359554476,-0x1.3997f76045c56p-1,0.4809455731670372,-0.023181232746448645,-0x1.7bcd2321b9bb7p-6,0.04854447872108309,0x1.8dad269044f99p-5,-2.0941284379503107,0.02339877348016711,0x1.7f5d91b748fcfp-6,0.0851466544117099,0x1.5cc2bd00fe652p-4,3.638936651268518,-0.04655475436036485,-0x1.7d60656e6f404p-5,-0.1164481055386513,-0x1.dcf8b04f83be3p-4,2.501315002916035,-0.9999999532401889,-0x1.fffffe6e56168p-1,-0.14869055270205808,-0x1.3084ac28a2d2fp-3,0.14869055965480057,-0.9999999960330792,-0x1.ffffffddeca62p-1,-0.011505949667205253,-0x1.7906e6c3d94a1p-7,0.011505949712848443,-1.2316094892410674
H593-e69eb7b78aae86a02db13aa6,DIFFICULT-0061,26,2211,/hkfs/work/workspace/scratch/ap7811-benchmark/dailymed/data/box_flat_20000_images/data/raw_images/otc/CVS Lubricant Eye Drops Ultra 30ct.jpg,21,409.468017578125,0x1.9977d00000000p+8,False,False,False,CHALLENGER,26,-1.9527219371880795,-0x1.f3e595ba6791cp+0,-1.9527219371880795,-0x1.f3e595ba6791cp+0,0.0011725595638916678,0.01821505332071972,0.06437310631190275,0.0011286249467792476,0.0013200041605832377,4.393461711242022e-05,-0.0001474445966915699,-1.2316094892410674,0.0,-0.8001109674170978,-1.1526109697709819,False,10,-1.6636206091852543,-0x1.a9e30a4d66fadp+0,-0.8001109674170978,-0x1.99a8250c74681p-1,0.4809455731670372,0.004840433558054262,0x1.3d38ffd48ecd2p-8,-0.010136489565930436,-0x1.4c2709974909ep-7,-2.0941284379503107,0.000251204530699925,0x1.076833e745f67p-12,0.0009141173737286648,0x1.df42c1cc88a7dp-11,3.638936651268518,0.00458923460961429,0x1.2cc2948fdceb3p-8,0.011479121380929736,0x1.7825d9757dfedp-7,2.501315002916035,0.5934991445998347,0x1.2fdf1eb085417p-1,0.08824771996519483,0x1.697670f3273b5p-4,0.14869055965480057,-0.9999999974785927,-0x1.ffffffea575dep-1,-0.011505949683837257,-0x1.7906e6ccfe093p-7,0.011505949712848443,-1.2316094892410674
H593-e69eb7b78aae86a02db13aa6,DIFFICULT-0061,27,2212,/hkfs/work/workspace/scratch/ap7811-benchmark/dailymed/data/box_flat_20000_images/data/raw_images/otc/CVS Lubricant Eye Drops Ultra 60ct.jpg,14,410.7321472167969,0x1.9abb6e0000000p+8,False,False,False,CHALLENGER,27,-2.5660248810437314,-0x1.487380d8670e1p+1,-2.5660248810437314,-0x1.487380d8670e1p+1,0.0004595967959723341,0.011933153595912632,0.03851427808067066,0.0004843913927769449,0.0003884833189635521,-2.4794596804610797e-05,7.111347700878201e-05,-1.2316094892410674,0.0,-0.7106180214284751,-1.8554068596152562,False,40,-1.4775435331466715,-0x1.7a404b0147ffcp+0,-0.7106180214284751,-0x1.6bd62013f790fp-1,0.4809455731670372,-0.43289747894985525,-0x1.bb497a0a7120dp-2,0.9065429213858879,0x1.d02664cf8b9dbp-1,-2.0941284379503107,-0.20812696452571705,-0x1.aa3e78506dfdep-3,-0.7573608393298944,-0x1.83c4ccc862d1dp-1,3.638936651268518,-0.2470270703144125,-0x1.f9e95421d116cp-3,-0.6178925171038343,-0x1.3c5c6872cee4cp-1,2.501315002916035,-0.9999999722239943,-0x1.ffffff1167eaep-1,-0.14869055552477073,-0x1.3084ac899faacp-3,0.14869055965480057,-0.5559193253239066,-0x1.1ca17532f60c7p-1,-0.006396379801577504,-0x1.a331720f8189dp-8,0.011505949712848443,-1.2316094892410674
H593-e69eb7b78aae86a02db13aa6,DIFFICULT-0061,28,2215,/hkfs/work/workspace/scratch/ap7811-benchmark/dailymed/data/box_flat_20000_images/data/raw_images/otc/CVS ND-ND 53240-220-01 - - 24 Count Carton.jpg,26,408.4454040527344,0x1.9872060000000p+8,False,False,False,CHALLENGER,28,-1.9746910662395247,-0x1.f9855a8d33bebp+0,-1.9746910662395247,-0x1.f9855a8d33bebp+0,0.0009468373853456996,0.021275123568377723,0.04450443647495572,0.0009029152619864783,0.000921104374961022,4.3922123359221334e-05,2.5733010384677607e-05,-1.2316094892410674,0.0,-0.8725059925754094,-1.1021850736641152,False,11,-1.8141470495921987,-0x1.d06bf0e822257p+0,-0.8725059925754094,-0x1.beb91aff59ce5p-1,0.4809455731670372,-0.10171502395781415,-0x1.a09feed69218ep-4,0.21300432423685578,0x1.b43b9c7407f00p-3,-2.0941284379503107,0.07773909469283137,0x1.3e6b595538c31p-4,0.282887640914178,0x1.21ad4c38ad0abp-2,3.638936651268518,-0.17804626523795947,-0x1.6ca38532f9cf6p-3,-0.4453497944528757,-0x1.c809c6c9d25a8p-2,2.501315002916035,0.5934070216607663,0x1.2fd30b8e7fdfep-1,0.08823402215382771,0x1.696813f8b9429p-4,0.14869055965480057,-0.8127775201894653,-0x1.a02460084684fp-1,-0.009351777275033647,-0x1.327064c722ab4p-7,0.011505949712848443,-1.2316094892410674
H593-e69eb7b78aae86a02db13aa6,DIFFICULT-0061,29,2216,/hkfs/work/workspace/scratch/ap7811-benchmark/dailymed/data/box_flat_20000_images/data/raw_images/otc/CVS Nasal Decongestant 48 Count Carton SM.jpg,30,406.9466552734375,0x1.96f2580000000p+8,False,False,False,CHALLENGER,29,-2.3116608479229175,-0x1.27e480aea2e34p+1,-2.3116608479229175,-0x1.27e480aea2e34p+1,0.0007935163380580523,0.014799673841471976,0.05361715038843918,0.0007222542845269448,0.0008439756639505327,7.12620535311075e-05,-5.0459325892480414e-05,-1.2316094892410674,4.440892098500626e-16,-0.9786085942809171,-1.3330522536420004,False,28,-2.0347595422009146,-0x1.0473002c7d09cp+1,-0.9786085942809171,-0x1.f50c2f880ac9ep-1,0.4809455731670372,-0.18812688167424824,-0x1.8148aaa2509aep-3,0.3939618528569564,0x1.936abc67919acp-2,-2.0941284379503107,-0.10320165773696165,-0x1.a6b6c80df8c5fp-4,-0.37554429481069895,-0x1.808eaf01a534ep-2,3.638936651268518,-0.08660669350935934,-0x1.62bdb343cc5d8p-4,-0.21663062182791132,-0x1.bba8d5e081122p-3,2.501315002916035,0.7281985440537766,0x1.74d67087695ccp-1,0.10827624905516699,0x1.bb7fe04a02051p-4,0.14869055965480057,-0.9999999966624239,-0x1.ffffffe35497bp-1,-0.01150594967444646,-0x1.7906e6c7d4661p-7,0.011505949712848443,-1.2316094892410674
H593-e69eb7b78aae86a02db13aa6,DIFFICULT-0061,30,2217,/hkfs/work/workspace/scratch/ap7811-benchmark/dailymed/data/box_flat_20000_images/data/raw_images/otc/CVS Nasal Decongestant 96 Count Carton SM.jpg,60,400.1942138671875,0x1.9031b80000000p+8,False,False,False,CHALLENGER,30,-3.3414380406439212,-0x1.abb43de11685ep+1,-3.3414380406439212,-0x1.abb43de11685ep+1,0.0002818577910860076,0.014058498383679913,0.02004892580940279,0.0002824420994623212,0.00023576015957804642,-5.843083763135593e-07,4.60976315079612e-05,-1.2316094892410674,0.0,-1.4566417449756173,-1.884796295668304,False,103,-3.028703924611676,-0x1.83ac91f8bcabfp+1,-1.4566417449756173,-0x1.74e67930a89d3p+0,0.4809455731670372,-0.6093773686500259,-0x1.38004f7a8c7dcp-1,1.2761144771333492,0x1.46af70393d687p+0,-2.0941284379503107,-0.12854432420292008,-0x1.07423f244dbf9p-3,-0.4677646526545487,-0x1.defdb275811ccp-2,3.638936651268518,-0.5216987526444278,-0x1.0b1c1951f1913p-1,-1.3049329169920887,-0x1.4e101569f4749p+0,2.501315002916035,-0.9999999151968042,-0x1.fffffd278bccep-1,-0.14869054704536594,-0x1.3084ab664608ap-3,0.14869055965480057,-0.6877456503869578,-0x1.602032a8c1a7dp-1,-0.007913166868582582,-0x1.034c747444e89p-7,0.011505949712848443,-1.2316094892410674
H593-e69eb7b78aae86a02db13aa6,DIFFICULT-0061,31,2222,/hkfs/work/workspace/scratch/ap7811-benchmark/dailymed/data/box_flat_20000_images/data/raw_images/otc/CVS SS+SL 60 CT.jpg,110,394.72314453125,0x1.8ab9200000000p+8,False,False,False,CHALLENGER,31,-2.642681245492507,-0x1.5243610992496p+1,-2.642681245492507,-0x1.5243610992496p+1,0.0020421746210344096,0.026851727843975045,0.07605375091318863,0.0019811431506608487,0.002097169097350076,6.103147037356087e-05,-5.4994476315666646e-05,-1.2316094892410674,4.440892098500626e-16,-1.8439612868981312,-0.7987199585943756,False,45,-3.834033183330092,-0x1.eac1996f173bfp+1,-1.8439612868981312,-0x1.d80dd8ce514acp+0,0.4809455731670372,0.27498953132384096,0x1.1996db0f1cf16p-2,-0.5758633976838831,-0x1.26d79138080c7p-1,-2.0941284379503107,0.19188366627934944,0x1.88fa4dba73796p-3,0.6982525060037017,0x1.65815a3b459a4p-1,3.638936651268518,0.08773530624909082,0x1.675d22f0b5d1cp-4,0.21945363780628382,0x1.c170e8aaee03dp-3,2.501315002916035,0.6897057515533882,0x1.61211cbd91deep-1,0.10255273419560813,0x1.a40e55f7c4ae5p-4,0.14869055965480057,-0.9999999967121895,-0x1.ffffffe3c2074p-1,-0.011505949675019061,-0x1.7906e6c824fc3p-7,0.011505949712848443,-1.2316094892410674
H593-e69eb7b78aae86a02db13aa6,DIFFICULT-0061,32,2223,/hkfs/work/workspace/scratch/ap7811-benchmark/dailymed/data/box_flat_20000_images/data/raw_images/otc/CVS Simethicone 180mg.jpg,39,403.7193603515625,0x1.93b8280000000p+8,False,False,False,CHALLENGER,32,-2.8009107782869425,-0x1.66843e8fe0cf4p+1,-2.8009107782869425,-0x1.66843e8fe0cf4p+1,0.0003791812985736512,0.014629225493576222,0.02591943768589471,0.000361605808079086,0.0003022321452958769,1.757549049456519e-05,7.69491532777743e-05,-1.2316094892410674,0.0,-1.20708209992244,-1.5938286783645024,False,59,-2.5098101890693743,-0x1.414175d49c3aap+1,-1.20708209992244,-0x1.3503551ec0fe9p+0,0.4809455731670372,-0.5076987389677055,-0x1.03f116d02c68ap-1,1.0631863671837836,0x1.102cfb549b7e7p+0,-2.0941284379503107,-0.10892841751047905,-0x1.be2bb96d002b4p-4,-0.3963836108435616,-0x1.95e595d4f954fp-2,3.638936651268518,-0.4221144408228583,-0x1.b03ec49a03968p-2,-1.0558411837777284,-0x1.0e4b9b9a18639p+0,2.501315002916035,0.22123299494300694,0x1.c515cdf09c5c7p-3,0.03289525783218337,0x1.0d7a5b12a59adp-5,0.14869055965480057,-0.5280763144068805,-0x1.0e6004c856eb8p-1,-0.006076019518111911,-0x1.8e32b11ec20aap-8,0.011505949712848443,-1.2316094892410674
H593-e69eb7b78aae86a02db13aa6,DIFFICULT-0061,33,2227,/hkfs/work/workspace/scratch/ap7811-benchmark/dailymed/data/box_flat_20000_images/data/raw_images/otc/CVS Vapor Steam 69842-256-08 21-256-08v3.3.jpg,69,399.2707824707031,0x1.8f45520000000p+8,False,False,False,CHALLENGER,33,-3.0575268413432912,-0x1.875d0a1f1b164p+1,-3.0575268413432912,-0x1.875d0a1f1b164p+1,0.0005540557032470313,0.018216814999379195,0.030414521049146777,0.0005893392916453335,0.0005891759223213245,-3.528358839830219e-05,-3.512021907429324e-05,-1.2316094892410674,0.0,-1.5220152585470565,-1.5355115827962347,False,79,-3.16463097585981,-0x1.9512a0b89cfc5p+1,-1.5220152585470565,-0x1.85a2cabf78fbdp+0,0.4809455731670372,-0.3539908935573292,-0x1.6a7c96bba4663p-2,0.7413023969738445,0x1.7b8bfcdee5ecbp-1,-2.0941284379503107,0.00029955995709147413,0x1.3a1c83809c48ep-12,0.0010900797071125897,0x1.1dc202c4b1198p-10,3.638936651268518,-0.3542528882104737,-0x1.6ac144e58296dp-2,-0.8860980641071948,-0x1.c5aea53cc7541p-1,2.501315002916035,-0.999999978490594,-0x1.ffffff473c50ep-1,-0.14869055645655496,-0x1.3084aca9a3ba5p-3,0.14869055965480057,-0.9999999964823355,-0x1.ffffffe1c892fp-1,-0.011505949672374373,-0x1.7906e6c6b0c74p-7,0.011505949712848443,-1.2316094892410674
H593-e69eb7b78aae86a02db13aa6,DIFFICULT-0061,34,2229,/hkfs/work/workspace/scratch/ap7811-benchmark/dailymed/data/box_flat_20000_images/data/raw_images/otc/CVS eye drops.jpg,20,409.6495361328125,0x1.99a6480000000p+8,False,False,False,CHALLENGER,34,-1.9434938996116853,-0x1.f188d0f2cec52p+0,-1.9434938996116853,-0x1.f188d0f2cec52p+0,0.0007229433775838681,0.0218063371811757,0.03315290282716293,0.0006983395658577235,0.0006124047292053084,2.460381172614463e-05,0.0001105386483785597,-1.2316094892410674,0.0,-0.787260520980569,-1.1562333786311163,False,9,-1.636901480964761,-0x1.a30bf9b784827p+0,-0.787260520980569,-0x1.9313cf9e16412p-1,0.4809455731670372,-0.2326281841950545,-0x1.dc6c2a59f7094p-3,0.4871532959916066,0x1.f2d85049b0b32p-2,-2.0941284379503107,0.08998328622997356,0x1.70925078b5a1ap-4,0.3274434782638365,0x1.4f4d57d9ba065p-2,3.638936651268518,-0.31599682018487535,-0x1.4394aba1560c9p-2,-0.7904075872021893,-0x1.94b04da3165c1p-1,2.501315002916035,0.37407280552579336,0x1.7f0cf1083999cp-2,0.055621094805271595,0x1.c7a5e3e500e06p-5,0.14869055965480057,-0.3853807255582511,-0x1.8aa13eb32031cp-2,-0.004434171248574284,-0x1.22990c7f5b81dp-8,0.011505949712848443,-1.2316094892410674
H593-e69eb7b78aae86a02db13aa6,DIFFICULT-0061,35,2235,/hkfs/work/workspace/scratch/ap7811-benchmark/dailymed/data/box_flat_20000_images/data/raw_images/otc/CVS02-03.jpg,122,393.404296875,0x1.8967800000000p+8,False,False,False,CHALLENGER,35,-3.247880951487484,-0x1.9fba9021f8556p+1,-3.247880951487484,-0x1.9fba9021f8556p+1,0.0009955862390483516,0.016302461717624856,0.061069687283608655,0.00098194689653734,0.0007110313001202988,1.3639342511011492e-05,0.0002845549389280527,-1.2316094892410674,0.0,-1.9373279468176037,-1.3105530046698801,False,97,-4.028164630064596,-0x1.01cd730542022p+2,-1.9373279468176037,-0x1.eff4b96d355c0p+0,0.4809455731670372,-0.07681418841295554,-0x1.3aa183b1a389ap-4,0.16085877639364343,0x1.4970537f150b4p-3,-2.0941284379503107,-0.055158870675659645,-0x1.c3dc89345c2c5p-5,-0.20071963614423816,-0x1.9b12e5873c764p-3,3.638936651268518,-0.02174746141473138,-0x1.644f76e306d9fp-6,-0.05439725151200518,-0x1.bd9f4e07902b6p-5,2.501315002916035,0.09786450271893414,0x1.90da5e69dfbebp-4,0.014551527679617069,0x1.dcd30fbed2572p-7,0.14869055965480057,0.06631944109038225,0x1.0fa4f96927b11p-4,0.0007630681541701529,0x1.901146225d7f1p-11,0.011505949712848443,-1.2316094892410674
H593-e69eb7b78aae86a02db13aa6,DIFFICULT-0061,36,2245,/hkfs/work/workspace/scratch/ap7811-benchmark/dailymed/data/box_flat_20000_images/data/raw_images/otc/CVSAstEyeCart.jpg,45,401.9947509765625,0x1.91fea80000000p+8,False,False,False,CHALLENGER,36,-3.2106174021862808,-0x1.9af582d32de52p+1,-3.2106174021862808,-0x1.9af582d32de52p+1,0.00039628279674125573,0.012470036439134727,0.03177880022047097,0.00039717218555458705,0.00043875464910155996,-8.893888133313147e-07,-4.2471852360304225e-05,-1.2316094892410674,0.0,-1.3291743038600843,-1.8814430983261965,False,94,-2.7636688598825065,-0x1.61bfe6b515a0ep+1,-1.3291743038600843,-0x1.5444c465c33bap+0,0.4809455731670372,-0.49114454857623163,-0x1.f6ee98b6f971dp-2,1.0285197663177543,0x1.074d12479fd34p+0,-2.0941284379503107,-0.18698262058983997,-0x1.7ef0be82d4751p-3,-0.680417911214604,-0x1.5c5fbc888f07cp-1,3.638936651268518,-0.3349194188556342,-0x1.56f51dbb1f005p-2,-0.8377389671515174,-0x1.acec1f35004ccp-1,2.501315002916035,-0.9999999173354837,-0x1.fffffd39eace6p-1,-0.14869054736336737,-0x1.3084ab7133343p-3,0.14869055965480057,-0.9999999965710111,-0x1.ffffffe28b92ep-1,-0.01150594967339467,-0x1.7906e6c7405f5p-7,0.011505949712848443,-1.2316094892410674
H593-e69eb7b78aae86a02db13aa6,DIFFICULT-0061,37,2247,/hkfs/work/workspace/scratch/ap7811-benchmark/dailymed/data/box_flat_20000_images/data/raw_images/otc/CVSBS16.jpg,65,399.5408020019531,0x1.8f8a720000000p+8,False,False,False,CHALLENGER,37,-2.9417217905278488,-0x1.788a56f21fb3cp+1,-2.9417217905278488,-0x1.788a56f21fb3cp+1,0.0005012194606696277,0.01769225567410275,0.02832987889742593,0.0004919502972415135,0.0004803459273496615,9.26916342811415e-06,2.087353331996618e-05,-1.2316094892410674,4.440892098500626e-16,-1.502899463309934,-1.4388223272179148,False,69,-3.124884700389917,-0x1.8ffc38cbf9049p+1,-1.502899463309934,-0x1.80be04ec17951p+0,0.4809455731670372,-0.397022804772736,-0x1.968d25690f74cp-2,0.8314167459893808,0x1.a9af74aabe04bp-1,-2.0941284379503107,-0.014308492098187511,-0x1.d4dc54cef2f7bp-7,-0.052067696320480514,-0x1.aa89df9bfc186p-5,3.638936651268518,-0.3849008567987011,-0x1.8a2373409c77cp-2,-0.9627582877458274,-0x1.eceea77fa47fap-1,2.501315002916035,-0.09466955821974693,-0x1.83c43a07b075cp-4,-0.014076469593966898,-0x1.cd41fc464d0b8p-7,0.14869055965480057,-0.8454000363908916,-0x1.b0d84608ac13ep-1,-0.009727130305953843,-0x1.3ebd154624efep-7,0.011505949712848443,-1.2316094892410674
H593-e69eb7b78aae86a02db13aa6,DIFFICULT-0061,38,2248,/hkfs/work/workspace/scratch/ap7811-benchmark/dailymed/data/box_flat_20000_images/data/raw_images/otc/CVSChildrenDecongestantNoseDrop.jpg,6,414.9561767578125,0x1.9ef4c80000000p+8,False,False,False,CHALLENGER,38,-1.8193136857974763,-0x1.d1be8aadaa566p+0,-1.8193136857974763,-0x1.d1be8aadaa566p+0,0.0003635516374275272,0.01882331608808872,0.019313899619290805,0.0003500517705217836,0.0003116816541699039,1.3499866905743575e-05,5.1869983257623285e-05,-1.2316094892410674,0.0,-0.41158156503653814,-1.4077321207609381,False,7,-0.8557757634117816,-0x1.b6283da920463p-1,-0.41158156503653814,-0x1.a575a345dfabbp-2,0.4809455731670372,-0.5231529601568502,-0x1.0bdab46d5bc85p-1,1.0955494912623458,0x1.1875ee741f07dp+0,-2.0941284379503107,0.016673639679885322,0x1.112e50485865dp-6,0.06067431854117978,0x1.f10b44baed301p-5,3.638936651268518,-0.535158485507088,-0x1.12004b02dc131p-1,-1.3385999487367026,-0x1.56ae7c7a405cbp+0,2.501315002916035,0.09277189709097232,0x1.7bfe627fe5ccfp-4,0.01379430529869424,0x1.c403051080d1ep-7,0.14869055965480057,-0.6553824824184161,-0x1.4f8e4af0b77f3p-1,-0.007540797885388075,-0x1.ee31984db15f5p-8,0.011505949712848443,-1.2316094892410674
H593-e69eb7b78aae86a02db13aa6,DIFFICULT-0061,39,2249,/hkfs/work/workspace/scratch/ap7811-benchmark/dailymed/data/box_flat_20000_images/data/raw_images/otc/CVSColdHotIFC.jpg.jpg,68,399.4372253417969,0x1.8f6fee0000000p+8,False,False,False,CHALLENGER,39,-3.0334441852978737,-0x1.8447e6290c40fp+1,-3.0334441852978737,-0x1.8447e6290c40fp+1,0.0005303355708726093,0.013114887297882186,0.040437676575249624,0.0004901827458388479,0.0004244824815966587,4.0152825033761474e-05,0.00010585308927595061,-1.2316094892410674,0.0,-1.5102320818717325,-1.5232121034261412,False,76,-3.140130954791456,-0x1.91efcfa5fe479p+1,-1.5102320818717325,-0x1.829e91d902537p+0,0.4809455731670372,-0.3729769855187928,-0x1.7dedadcbdb039p-2,0.7810617120758853,0x1.8fe7521b0c21dp-1,-2.0941284379503107,-0.16254432496248053,-0x1.4ce409fee9fc1p-3,-0.5914885015616707,-0x1.2ed794b455b82p-1,3.638936651268518,-0.22401354758819123,-0x1.cac79d66048c7p-3,-0.5603284474387878,-0x1.1ee35ec9893dbp-1,2.501315002916035,0.5635675636336731,0x1.208bed7dc93a9p-1,0.08379717643998329,0x1.573bb544e8f07p-4,0.14869055965480057,-0.4036653919404344,-0x1.9d5a75e3a50e6p-2,-0.004644553700483895,-0x1.3062ae3f83187p-8,0.011505949712848443,-1.2316094892410674
H593-e69eb7b78aae86a02db13aa6,DIFFICULT-0061,40,2252,/hkfs/work/workspace/scratch/ap7811-benchmark/dailymed/data/box_flat_20000_images/data/raw_images/otc/CVSHealth Severe Nasal w Menthol 0.5 fl oz Carton.jpg,16,410.3674011230469,0x1.9a5e0e0000000p+8,False,False,False,CHALLENGER,40,-2.4187124405716496,-0x1.35985e87577f8p+1,-2.4187124405716496,-0x1.35985e87577f8p+1,0.00039066167846785855,0.016413014225681713,0.02380194601041555,0.000413612291333355,0.0004151124031944942,-2.295061286549646e-05,-2.4450724726635662e-05,-1.2316094892410674,4.440892098500626e-16,-0.7364399003473371,-1.6822725402243126,False,34,-1.5312333482931637,-0x1.87fee8a176b61p+0,-0.7364399003473371,-0x1.790ea68eec311p-1,0.4809455731670372,-0.49654551988814755,-0x1.fc766dc39463ap-2,1.0398300939345912,0x1.0a324e16d87e5p+0,-2.0941284379503107,-0.05178931250297929,-0x1.a8420f6f719f6p-5,-0.18845802741109025,-0x1.81f6484331c66p-3,3.638936651268518,-0.45649532793869485,-0x1.d37382e1180dap-2,-1.1418386125341329,-0x1.244f890a24e4dp+0,2.501315002916035,-0.9999999707245494,-0x1.ffffff04869a7p-1,-0.14869055530181743,-0x1.3084ac81f68c9p-3,0.14869055965480057,-0.9999999963451633,-0x1.ffffffe09aedep-1,-0.011505949670796076,-0x1.7906e6c5d2a72p-7,0.011505949712848443,-1.2316094892410674
H593-e69eb7b78aae86a02db13aa6,DIFFICULT-0061,41,2254,/hkfs/work/workspace/scratch/ap7811-benchmark/dailymed/data/box_flat_20000_images/data/raw_images/otc/CVSMaxRednessRelief-CEDCM0051CV1.jpg,3,420.5850830078125,0x1.a495c80000000p+8,False,False,False,CHALLENGER,41,-2.0393930977773094,-0x1.050ad54152226p+1,-2.0393930977773094,-0x1.050ad54152226p+1,0.00026033961052778946,0.010633254830057106,0.02448352970831522,0.0002539852133579499,0.0002608188503576318,6.354397169839579e-06,-4.79239829842353e-07,-1.2316094892410674,0.0,-0.0130880975979305,-2.026305000179379,False,16,-0.027213261392022157,-0x1.bddcb0ec8f1b9p-6,-0.0130880975979305,-0x1.acdeeb933223ep-7,0.4809455731670372,-0.6337378165983076,-0x1.447948790e6d4p-1,1.3271283839430545,0x1.53beaf8ea0f5dp+0,-2.0941284379503107,-0.2625821845230825,-0x1.0ce2581c27cf5p-2,-0.9555199352311979,-0x1.e939e8b0fcf1fp-1,3.638936651268518,-0.4452486929570044,-0x1.c7ef45fb592b6p-2,-1.1137072357221103,-0x1.1d1beadabeba1p+0,2.501315002916035,-0.2763509287791774,-0x1.1afbbce54d9c7p-2,-0.04109077426129982,-0x1.509d9973d3c61p-5,0.14869055965480057,-0.9999999959942084,-0x1.ffffffdd972bdp-1,-0.011505949666758006,-0x1.7906e6c39a585p-7,0.011505949712848443,-1.2316094892410674
H593-e69eb7b78aae86a02db13aa6,DIFFICULT-0061,42,2255,/hkfs/work/workspace/scratch/ap7811-benchmark/dailymed/data/box_flat_20000_images/data/raw_images/otc/CVSMoistDrops.jpg,12,411.18048095703125,0x1.9b2e340000000p+8,False,False,False,CHALLENGER,42,-2.0105459129235115,-0x1.015991878e750p+1,-2.0105459129235115,-0x1.015991878e750p+1,0.0012993608963921084,0.019061796808775188,0.06816570911058822,0.0013447280227174363,0.001069100940630264,-4.536712632532795e-05,0.00023025995576184447,-1.2316094892410674,0.0,-0.6788786285907074,-1.3316672843328041,False,13,-1.4115498020291084,-0x1.695b53ec63ea6p+0,-0.6788786285907074,-0x1.5b95fac78036ep-1,0.4809455731670372,0.05612318620551744,0x1.cbc2da2999baap-5,-0.11752916026135467,-0x1.e16641ba61bc3p-4,-2.0941284379503107,0.022966069120255547,0x1.7846acf281cfcp-6,0.08357207065726403,0x1.564faae54fab1p-4,3.638936651268518,0.03319990943241126,0x1.0ff941a7c17b2p-5,0.08304343155874386,0x1.5425596b14262p-4,2.501315002916035,-0.9999999823242939,-0x1.ffffff682ab61p-1,-0.14869055702658993,-0x1.3084acbd39cefp-3,0.14869055965480057,-0.03942134557512846,-0x1.42f08dc04dc03p-5,-0.00045358001980024855,-0x1.db9cf59e5b1a0p-12,0.011505949712848443,-1.2316094892410674
H593-e69eb7b78aae86a02db13aa6,DIFFICULT-0061,43,2257,/hkfs/work/workspace/scratch/ap7811-benchmark/dailymed/data/box_flat_20000_images/data/raw_images/otc/CVSRCCVSv1.jpg,33,405.7698669433594,0x1.95c5160000000p+8,False,False,False,CHALLENGER,43,-2.2153532459990544,-0x1.1b90b1f653a20p+1,-2.2153532459990544,-0x1.1b90b1f653a20p+1,0.0006801483826874975,0.022106397498745448,0.030767038488568585,0.0006547081601851914,0.0005888950077736748,2.5440222502306022e-05,9.125337491382266e-05,-1.2316094892410674,4.440892098500626e-16,-1.0619182891428844,-1.15343495685617,False,24,-2.207980171540262,-0x1.1a9f18217daecp+1,-1.0619182891428844,-0x1.0fd9e082e4991p+0,0.4809455731670372,-0.26127486335197125,-0x1.0b8ba345744fcp-2,0.5471431214669444,0x1.182324a9dd1fap-1,-2.0941284379503107,0.09675689856512928,0x1.8c50f62ffe712p-4,0.3520922244517192,0x1.688add34c8bafp-2,3.638936651268518,-0.3492038382300974,-0x1.6595b0e358016p-2,-0.8734687996408066,-0x1.bf374d7111396p-1,2.501315002916035,0.3883582605838768,0x1.8dadc9b15b566p-2,0.05774520711278152,0x1.d90c7a019ac5fp-5,0.14869055965480057,-0.4638661856640567,-0x1.daffbcc496eccp-2,-0.0053372210057414556,-0x1.5dc7b5abd2b34p-8,0.011505949712848443,-1.2316094892410674
H593-e69eb7b78aae86a02db13aa6,DIFFICULT-0061,44,2263,/hkfs/work/workspace/scratch/ap7811-benchmark/dailymed/data/box_flat_20000_images/data/raw_images/otc/CVS_4XMedicated_ToothacheGel_Ctn_2821602R4.jpg,98,395.46148681640625,0x1.8b76240000000p+8,False,False,False,CHALLENGER,44,-4.640545245187727,-0x1.28feb17bec224p+2,-4.640545245187727,-0x1.28feb17bec224p+2,0.00011376761705451562,0.0061549239901259505,0.018484000328359465,0.00011443705271240268,0.00012384618223716914,-6.694356578870611e-07,-1.007856518265352e-05,-1.2316094892410674,-8.881784197001252e-16,-1.791690994180348,-2.8488542510073795,False,128,-3.725350838312168,-0x1.dcd84bd856a62p+1,-1.791690994180348,-0x1.caac42d08ad59p+0,0.4809455731670372,-0.8215452567342498,-0x1.a4a19473b70dcp-1,1.7204212851903815,0x1.b86d87833c278p+0,-2.0941284379503107,-0.4946868029680048,-0x1.fa8f2d620aa02p-2,-1.8001339382191206,-0x1.ccd593e912207p+0,3.638936651268518,-0.5506446050688004,-0x1.19ee16f4fa89fp-1,-1.3773356119333655,-0x1.60991110deb53p+0,2.501315002916035,-0.9999999158046162,-0x1.fffffd2cc464ap-1,-0.14869054713574184,-0x1.3084ab6960fd1p-3,0.14869055965480057,-0.999999996142539,-0x1.ffffffdedd5a8p-1,-0.011505949668464691,-0x1.7906e6c48a8a2p-7,0.011505949712848443,-1.2316094892410674
H593-e69eb7b78aae86a02db13aa6,DIFFICULT-0061,45,2266,/hkfs/work/workspace/scratch/ap7811-benchmark/dailymed/data/box_flat_20000_images/data/raw_images/otc/CVS_654L_02OZ_IFC.jpg,99,395.45654296875,0x1.8b74e00000000p+8,False,False,False,CHALLENGER,45,-3.3623715376682854,-0x1.ae6230c7a4acap+1,-3.3623715376682854,-0x1.ae6230c7a4acap+1,0.0004631244574658682,0.016364047941981524,0.02830133834292522,0.0004590588311295607,0.000511079063712116,4.065626336307508e-06,-4.7954606246247765e-05,-1.2316094892410674,-4.440892098500626e-16,-1.7920409895271399,-1.5703305481411456,False,106,-3.7260785617102377,-0x1.dcf0246e6fa3ep+1,-1.7920409895271399,-0x1.cac332c31c4cap+0,0.4809455731670372,-0.42978567351434704,-0x1.b819bc502241cp-2,0.9000264011300217,0x1.ccd042acc7b0dp-1,-2.0941284379503107,-0.05327910958569396,-0x1.b476642760b64p-5,-0.19387930461833355,-0x1.8d1097c5a7dcfp-3,3.638936651268518,-0.38533008285699166,-0x1.8a93f820249b8p-2,-0.9638319173250721,-0x1.ed7b6087811b3p-1,2.501315002916035,-0.4676173697509279,-0x1.ded716787cb29p-2,-0.06953028841257128,-0x1.1ccbcaad03db2p-4,0.14869055965480057,-0.9999999966342876,-0x1.ffffffe316b86p-1,-0.011505949674122726,-0x1.7906e6c7a6d65p-7,0.011505949712848443,-1.2316094892410674
H593-e69eb7b78aae86a02db13aa6,DIFFICULT-0061,46,2269,/hkfs/work/workspace/scratch/ap7811-benchmark/dailymed/data/box_flat_20000_images/data/raw_images/otc/CVS_EnamelGuard_DailyProtection_CTN_2821084R2.jpg,88,397.20697021484375,0x1.8d34fc0000000p+8,False,False,False,CHALLENGER,46,-3.166900459628085,-0x1.955cfe87e51e8p+1,-3.166900459628085,-0x1.955cfe87e51e8p+1,0.0008762695670601148,0.016551669436636857,0.05294146130785491,0.0008862826899573259,0.0007947922686739301,-1.0013122897211085e-05,8.147729838618473e-05,-1.2316094892410674,0.0,-1.668121032111805,-1.49877942751628,False,93,-3.4684195575960732,-0x1.bbf52c0c57494p+1,-1.668121032111805,-0x1.ab09fadeb0a1cp+0,0.4809455731670372,-0.13987177909208792,-0x1.1e751866abbbcp-3,0.292909470263445,0x1.2bf075cde1771p-2,-2.0941284379503107,-0.047593505555147325,-0x1.85e2d0bb90324p-5,-0.17318975172697743,-0x1.62b14efd5b9a2p-3,3.638936651268518,-0.09289668575347598,-0x1.7c813c337ccc8p-4,-0.23236387379634577,-0x1.dbe19735d141ep-3,2.501315002916035,-0.9999999528764741,-0x1.fffffe6b36455p-1,-0.14869055264797715,-0x1.3084ac26c71f8p-3,0.14869055965480057,-0.5071489544962422,-0x1.03a9071b861eap-1,-0.005835230367357426,-0x1.7e6aeb97a93e8p-8,0.011505949712848443,-1.2316094892410674
H593-e69eb7b78aae86a02db13aa6,DIFFICULT-0061,47,2270,/hkfs/work/workspace/scratch/ap7811-benchmark/dailymed/data/box_flat_20000_images/data/raw_images/otc/CVS_EnamelGuard_GentleWhitening_CTN_2821085R2.jpg,105,395.00616455078125,0x1.8b01940000000p+8,False,False,False,CHALLENGER,47,-3.0423885300125377,-0x1.856cfcc3108f0p+1,-3.0423885300125377,-0x1.856cfcc3108f0p+1,0.0008695638844553138,0.018744195366383665,0.04639110228304666,0.0008420405797362058,0.0008307338900530263,2.752330471910802e-05,3.88299944022875e-05,-1.2316094892410674,4.440892098500626e-16,-1.8239251335268523,-1.2184633964856855,False,77,-3.7923732648504593,-0x1.e56c7cb560f4cp+1,-1.8239251335268523,-0x1.d2ecc1eed9aaep+0,0.4809455731670372,-0.14363557549159664,-0x1.262a689a3a76bp-3,0.3007913433383112,0x1.3402a55a3b585p-2,-2.0941284379503107,0.014568056956495878,0x1.dd5db818e2980p-7,0.05301223639676015,0x1.b246b7b394bb5p-5,3.638936651268518,-0.15787328405294762,-0x1.4353117f5b31bp-3,-0.3948908139612627,-0x1.945e41edd159ap-2,2.501315002916035,0.42125438703669266,0x1.af5d4f5e79fafp-2,0.0626365505655258,0x1.008f2f0369334p-4,0.14869055965480057,-0.7303372423546476,-0x1.75eec355ed965p-1,-0.008403223583952981,-0x1.135b593cadccep-7,0.011505949712848443,-1.2316094892410674
H593-e69eb7b78aae86a02db13aa6,DIFFICULT-0061,48,2274,/hkfs/work/workspace/scratch/ap7811-benchmark/dailymed/data/box_flat_20000_images/data/raw_images/otc/CVS_Liquid Bandage 1 FL OZ_53-033CV-B01.jpg,128,392.76849365234375,0x1.88c4bc0000000p+8,False,False,False,CHALLENGER,48,-2.9395962538107825,-0x1.7844b0a6c7dcdp+1,-2.9395962538107825,-0x1.7844b0a6c7dcdp+1,0.0012169399248615472,0.024856482460277593,0.048958654017369624,0.0011644779405295986,0.0011391161857735716,5.246198433194859e-05,7.782373908797558e-05,-1.2316094892410674,0.0,-1.9823390767871125,-0.95725717702367,False,68,-4.1217534527521815,-0x1.07cacefe6fb99p+2,-1.9823390767871125,-0x1.fb7a92e0622bdp+0,0.4809455731670372,0.02341140706831919,0x1.7f928eed8db53p-6,-0.04902649331419812,-0x1.91a0022d81619p-5,-2.0941284379503107,0.15444053994705773,0x1.3c4b5261fe59bp-3,0.561999341255048,0x1.1fbe60ae20c15p-1,3.638936651268518,-0.13150461019129608,-0x1.0d524a005bd7bp-3,-0.3289344544241138,-0x1.50d431911ddf1p-2,2.501315002916035,0.647942355727075,0x1.4bbf19b714fc1p-1,0.09634291149710866,0x1.8a9edd614dd74p-4,0.14869055965480057,-0.5239891488240271,-0x1.0c484e4350ef0p-1,-0.006028992796447515,-0x1.8b1db6e378c6fp-8,0.011505949712848443,-1.2316094892410674
H593-e69eb7b78aae86a02db13aa6,DIFFICULT-0061,49,2278,/hkfs/work/workspace/scratch/ap7811-benchmark/dailymed/data/box_flat_20000_images/data/raw_images/otc/CVS_Refilllabel.jpg,81,397.88226318359375,0x1.8de1dc0000000p+8,False,False,False,CHALLENGER,49,-3.01187818770681,-0x1.81853975de459p+1,-3.01187818770681,-0x1.81853975de459p+1,0.0004991071016060099,0.020840698101406964,0.02394867480817809,0.0004966933311400358,0.00046732505823235003,2.4137704659740527e-06,3.178204337365986e-05,-1.2316094892410674,0.0,-1.620314260298169,-1.3915639274086409,False,74,-3.3690179319634113,-0x1.af3bfac6b5cfdp+1,-1.620314260298169,-0x1.9eccea55391afp+0,0.4809455731670372,-0.398800127818337,-0x1.985f0f8a7b443p-2,0.8351386887225983,0x1.ab974c5760325p-1,-2.0941284379503107,0.0674781859141544,0x1.1464019b1d7edp-4,0.24554884388412748,0x1.f6e24ff06c6a5p-3,3.638936651268518,-0.4540594342064968,-0x1.d0f4f4d16dbd5p-2,-1.1357456749962767,-0x1.22c03a82aeb54p+0,2.501315002916035,-0.6455931885372764,-0x1.4a8b30be93701p-1,-0.09599361251293481,-0x1.89309925e3210p-4,0.14869055965480057,-0.7737460607138303,-0x1.8c28719459767p-1,-0.00890268326508791,-0x1.23b91ebc2f7bbp-7,0.011505949712848443,-1.2316094892410674
H593-e69eb7b78aae86a02db13aa6,DIFFICULT-0061,50,2335,/hkfs/work/workspace/scratch/ap7811-benchmark/dailymed/data/box_flat_20000_images/data/raw_images/otc/Careon.86532.eyeadvance.carton.jpg,57,400.86669921875,0x1.90dde00000000p+8,False,False,False,CHALLENGER,50,-3.3971834342497855,-0x1.b2d6e8224ed26p+1,-3.3971834342497855,-0x1.b2d6e8224ed26p+1,0.0002690126425245058,0.01266713521896253,0.02123705462003733,0.00027463103263397057,0.00024710974684997083,-5.618390109464791e-06,2.190289567453494e-05,-1.2316094892410674,0.0,-1.4090337359515175,-1.988149698298268,False,112,-2.9297155739952014,-0x1.7700eb807214cp+1,-1.4090337359515175,-0x1.68b66f56df5a0p+0,0.4809455731670372,-0.6238310116461062,-0x1.3f66c74280517p-1,1.3063822619634224,0x1.4e6f116335187p+0,-2.0941284379503107,-0.1794047199196809,-0x1.6f6bbde66caf9p-3,-0.65284241072629,-0x1.4e415c4705be0p-1,3.638936651268518,-0.5004339759754438,-0x1.0038e1d13e5a1p-1,-1.2517430120763002,-0x1.40723ae3dd3f0p+0,2.501315002916035,-0.9999999405684868,-0x1.fffffe017cb87p-1,-0.14869055081789562,-0x1.3084abe7e58e4p-3,0.14869055965480057,-0.8383921050311254,-0x1.ad41bae0aaa3cp-1,-0.00964649740013728,-0x1.3c18af6d6185bp-7,0.011505949712848443,-1.2316094892410674
H593-e69eb7b78aae86a02db13aa6,DIFFICULT-0061,51,2348,/hkfs/work/workspace/scratch/ap7811-benchmark/dailymed/data/box_flat_20000_images/data/raw_images/otc/Carton 10 mL Blue.jpg,71,399.18853759765625,0x1.8f30440000000p+8,False,False,False,CHALLENGER,51,-3.3589241788126354,-0x1.adf13a3cdf38fp+1,-3.3589241788126354,-0x1.adf13a3cdf38fp+1,0.0003645775348915852,0.013822401434301317,0.026375846239486214,0.00037157984694187885,0.00032453596532953726,-7.00231205029363e-06,4.004156956204796e-05,-1.2316094892410674,4.440892098500626e-16,-1.5278377120014017,-1.8310864668112337,False,104,-3.1767372385622696,-0x1.969f5369ce1e4p+1,-1.5278377120014017,-0x1.87205f4ea4388p+0,0.4809455731670372,-0.5221288695822003,-0x1.0b5479a64e55fp-1,1.0934049140669346,0x1.17e9626b34034p+0,-2.0941284379503107,-0.13686339905888745,-0x1.184bd677d18c8p-3,-0.49803723905257474,-0x1.fdfd7957af0b9p-2,3.638936651268518,-0.41491546789793543,-0x1.a8df99b4e7994p-2,-1.0378342847950324,-0x1.09af81f7dcba1p+0,2.501315002916035,-0.9999999450851546,-0x1.fffffe2848fa5p-1,-0.14869055148948146,-0x1.3084abfef8e32p-3,0.14869055965480057,-0.7230881854734724,-0x1.72389d5977105p-1,-0.008319816300012602,-0x1.109fad75697dep-7,0.011505949712848443,-1.2316094892410674
H593-e69eb7b78aae86a02db13aa6,DIFFICULT-0061,52,2352,/hkfs/work/workspace/scratch/ap7811-benchmark/dailymed/data/box_flat_20000_images/data/raw_images/otc/Carton 15 mL Blue.jpg,61,400.0105895996094,0x1.9002b60000000p+8,False,False,False,CHALLENGER,52,-2.894309299182,-0x1.7278ba243f684p+1,-2.894309299182,-0x1.7278ba243f684p+1,0.0010168966520416386,0.01771904262396927,0.05739004491507013,0.001035859160809493,0.0008365770261207082,-1.8962508767854424e-05,0.0001803196259209304,-1.2316094892410674,0.0,-1.4696412635042981,-1.4246680356777017,False,64,-3.05573300909431,-0x1.8722425daf11dp+1,-1.4696412635042981,-0x1.783a68eb9a636p+0,0.4809455731670372,-0.06627898425377793,-0x1.0f7a8d5c83614p-4,0.1387967057642972,0x1.1c41728066caap-3,-2.0941284379503107,-0.013552186713771935,-0x1.bc13fb5ccab56p-7,-0.049315548937578946,-0x1.93fe33bbe0c80p-5,3.638936651268518,-0.0527742006850173,-0x1.b053854078576p-5,-0.13200489994033546,-0x1.0e5895c13e733p-3,2.501315002916035,-0.9999999668547206,-0x1.fffffee348c28p-1,-0.14869055472641043,-0x1.3084ac6e31373p-3,0.14869055965480057,-0.16028651633575114,-0x1.48444c0d36edep-3,-0.0018442485966068132,-0x1.e3756da1ea404p-10,0.011505949712848443,-1.2316094892410674
H593-e69eb7b78aae86a02db13aa6,DIFFICULT-0061,53,2353,/hkfs/work/workspace/scratch/ap7811-benchmark/dailymed/data/box_flat_20000_images/data/raw_images/otc/Carton 15 mL Red.jpg,91,396.8914489746094,0x1.8ce4360000000p+8,False,False,False,CHALLENGER,53,-3.1599938514418304,-0x1.947aadb3c07abp+1,-3.1599938514418304,-0x1.947aadb3c07abp+1,0.0007635881542543097,0.01819538049571176,0.041966044866952365,0.000768410339480983,0.0006600632944611092,-4.82218522667333e-06,0.00010352485979320052,-1.2316094892410674,0.0,-1.6904580808184746,-1.4695357706233558,False,92,-3.5148635836000546,-0x1.c1e70cc6bb572p+1,-1.6904580808184746,-0x1.b0c1dc5c5fd06p+0,0.4809455731670372,-0.20660024900046833,-0x1.a71e08066b747p-3,0.432647456719496,0x1.bb07ef553b32cp-2,-2.0941284379503107,-0.00028910285853144056,-0x1.2f25752941f0ep-12,-0.0010520269878965564,-0x1.13c85607b4a8cp-10,3.638936651268518,-0.2063234696845961,-0x1.a68ceb558a6b7p-3,-0.516079990175772,-0x1.083ba2efd9920p-1,2.501315002916035,-0.9999999376165217,-0x1.fffffde82147dp-1,-0.14869055037896628,-0x1.3084abd8d0b14p-3,0.14869055965480057,-0.4129316290896006,-0x1.a6d78c89b2025p-2,-0.00475117055914953,-0x1.375f6a2b54f7fp-8,0.011505949712848443,-1.2316094892410674
H593-e69eb7b78aae86a02db13aa6,DIFFICULT-0061,54,2604,/hkfs/work/workspace/scratch/ap7811-benchmark/dailymed/data/box_flat_20000_images/data/raw_images/otc/D60012.jpg,114,394.59564208984375,0x1.8a987c0000000p+8,False,False,False,CHALLENGER,54,-3.07655509381482,-0x1.89cc8eac23704p+1,-3.07655509381482,-0x1.89cc8eac23704p+1,0.0009508172438992774,0.022889453679508842,0.041539534198252646,0.0009478336271695497,0.0007366609292209511,2.983616729727639e-06,0.00021415631467832622,-1.2316094892410674,0.0,-1.8529877101011938,-1.223567383713626,False,81,-3.85280125960871,-0x1.ed28977800e5ep+1,-1.8529877101011938,-0x1.da5d670ec6495p+0,0.4809455731670372,-0.09963902789635899,-0x1.981f17e38580dp-4,0.20865692184748968,0x1.ab5451fb5a1aap-3,-2.0941284379503107,0.11396784718795662,0x1.d2cff3077c1b1p-4,0.41472177619842504,0x1.a8acd346d8565p-2,3.638936651268518,-0.21120846665599,-0x1.b08e108768013p-3,-0.5282989063895189,-0x1.0e7d31bae93dcp-1,2.501315002916035,-0.5795150969198746,-0x1.28b633e99e468p-1,-0.08616842408942214,-0x1.60f2243697407p-4,0.14869055965480057,-0.0755489169713141,-0x1.3572c7fa3d7ecp-4,-0.0008692620395321024,-0x1.c7be6040660c0p-11,0.011505949712848443,-1.2316094892410674
H593-e69eb7b78aae86a02db13aa6,DIFFICULT-0061,55,2658,/hkfs/work/workspace/scratch/ap7811-benchmark/dailymed/data/box_flat_20000_images/data/raw_images/otc/Daewoo CVS Lubricant Eye Drops 15mL twin pack.jpg,15,410.4061584472656,0x1.9a67fa0000000p+8,False,False,False,CHALLENGER,55,-2.057289665935917,-0x1.0755448ccbf8cp+1,-2.057289665935917,-0x1.0755448ccbf8cp+1,0.00047368801638260626,0.02031848657224188,0.023313154486109,0.00046228872163399414,0.0004702369068545181,1.1399294748612118e-05,3.451109528088169e-06,-1.2316094892410674,0.0,-0.7336961096656975,-1.3235935562702195,False,17,-1.5255283562218747,-0x1.868906bf17f58p+0,-0.7336961096656975,-0x1.77a704386ee64p-1,0.4809455731670372,-0.42054770466311764,-0x1.aea40eb7be6b8p-2,0.8806809078497632,0x1.c2e89ba2da46fp-1,-2.0941284379503107,0.05483752807121327,0x1.c13aa1b519566p-5,0.19955029076330416,0x1.98add2a5e2ad6p-3,3.638936651268518,-0.4646691280812812,-0x1.dbd23952479ddp-2,-1.1622838614616213,-0x1.298b6f65a5713p+0,2.501315002916035,0.008475062842792879,0x1.15b5fadee43c6p-7,0.0012601618372044784,0x1.4a5807838b26fp-10,0.14869055965480057,-0.9726764236858577,-0x1.f202a4eaa459fp-1,-0.011191566017802745,-0x1.6eb9a904cc660p-7,0.011505949712848443,-1.2316094892410674
H593-e69eb7b78aae86a02db13aa6,DIFFICULT-0061,56,2659,/hkfs/work/workspace/scratch/ap7811-benchmark/dailymed/data/box_flat_20000_images/data/raw_images/otc/Daewoo CVS Lubricant Eye Drops 15mL.jpg,25,408.44818115234375,0x1.9872bc0000000p+8,False,False,False,CHALLENGER,56,-2.6456597142619014,-0x1.52a4fa3e8cbecp+1,-2.6456597142619014,-0x1.52a4fa3e8cbecp+1,0.00028715610066681326,0.01586115748261477,0.018104359721638333,0.00029889549085140035,0.0002822414211418909,-1.1739390184587091e-05,4.914679524922348e-06,-1.2316094892410674,-4.440892098500626e-16,-0.8723093902509771,-1.7733503240109243,False,47,-1.8137382666957522,-0x1.d05126aaf6447p+0,-0.8723093902509771,-0x1.be9f561e3e48ap-1,0.4809455731670372,-0.6034902739578992,-0x1.34fcad5c34de3p-1,1.2637861447216605,0x1.43877d20b7ab2p+0,-2.0941284379503107,-0.06882738375170358,-0x1.19eabe2486626p-4,-0.2504584893449974,-0x1.007830b2f824fp-2,3.638936651268518,-0.5578334261348035,-0x1.1d9c57c3baae8p-1,-1.3953171179190378,-0x1.653380ad02e0dp+0,2.501315002916035,-0.9999999564214901,-0x1.fffffe89a9d7ep-1,-0.14869055317508756,-0x1.3084ac38e3a2ap-3,0.14869055965480057,-0.9613130013981356,-0x1.ec3137bc72fe1p-1,-0.011060819052394352,-0x1.6a70e00c6abd8p-7,0.011505949712848443,-1.2316094892410674
H593-e69eb7b78aae86a02db13aa6,DIFFICULT-0061,57,2722,/hkfs/work/workspace/scratch/ap7811-benchmark/dailymed/data/box_flat_20000_images/data/raw_images/otc/Equate Optimal Hydration Lub Eye Drops 15mL.jpg,94,396.19976806640625,0x1.8c33240000000p+8,False,False,False,CHALLENGER,57,-3.3786997530667975,-0x1.b0793bc7366c0p+1,-3.3786997530667975,-0x1.b0793bc7366c0p+1,0.0003238913114705371,0.015149155457743722,0.02138015629808427,0.00031237314826495523,0.0003512309503686424,1.1518163205581882e-05,-2.7339638898105296e-05,-1.2316094892410674,0.0,-1.739425022392772,-1.6392747306740254,False,111,-3.616677477533726,-0x1.ceef499f17f3dp+1,-1.739425022392772,-0x1.bd4af5510561dp+0,0.4809455731670372,-0.5638280256454703,-0x1.20ae11256e5bdp-1,1.1807283026175563,0x1.2e4435c534391p+0,-2.0941284379503107,-0.09164273077850414,-0x1.775e5e39c1c5fp-4,-0.3334820918522322,-0x1.557c54593a5fap-2,3.638936651268518,-0.49791281905221135,-0x1.fddcdba85a891p-2,-1.2454368044395132,-0x1.3ed4f2484d6ddp+0,2.501315002916035,0.013661270205602823,0x1.bfa70a60a0044p-7,0.002031301912466536,0x1.0a3f2e908fa89p-9,0.14869055965480057,-0.9999999963833497,-0x1.ffffffe0eee6ep-1,-0.011505949671235447,-0x1.7906e6c6107d2p-7,0.011505949712848443,-1.2316094892410674
H593-e69eb7b78aae86a02db13aa6,DIFFICULT-0061,58,2783,/hkfs/work/workspace/scratch/ap7811-benchmark/dailymed/data/box_flat_20000_images/data/raw_images/otc/GNPLubricantEyeDrops.jpg,111,394.6653137207031,0x1.8aaa520000000p+8,False,False,False,CHALLENGER,58,-3.094583864107287,-0x1.8c1b52f588f94p+1,-3.094583864107287,-0x1.8c1b52f588f94p+1,0.000651380196430956,0.01924707162053228,0.0338430806136805,0.0006208611085479387,0.0005876576503515063,3.051908788301739e-05,6.372254607944978e-05,-1.2316094892410674,0.0,-1.8480553682695537,-1.2465284958377334,False,86,-3.8425457502396134,-0x1.ebd88a0554dabp+1,-1.8480553682695537,-0x1.d91a2817ea3b7p+0,0.4809455731670372,-0.2812923677415036,-0x1.200b1b4041b41p-2,0.5890623466658593,0x1.2d99947478424p-1,-2.0941284379503107,0.027799323984504618,0x1.c776d0d7519acp-6,0.10115997892770183,0x1.9e59ed1289553p-4,3.638936651268518,-0.3066934297133773,-0x1.3a0dd7aa11706p-2,-0.7671368770378452,-0x1.88c62a2cddc1bp-1,2.501315002916035,0.4628055451658158,0x1.d9e9b2639419dp-2,0.06881481552205024,0x1.19dd90625c12ep-4,0.14869055965480057,-0.5926734293664736,-0x1.2f72e448aca19p-1,-0.006819270674432079,-0x1.bee860877d6ddp-8,0.011505949712848443,-1.2316094892410674
H593-e69eb7b78aae86a02db13aa6,DIFFICULT-0061,59,2787,/hkfs/work/workspace/scratch/ap7811-benchmark/dailymed/data/box_flat_20000_images/data/raw_images/otc/GoodSenseRednRelPlus.jpg,125,392.97869873046875,0x1.88fa8c0000000p+8,False,False,False,CHALLENGER,59,-3.6106308981726825,-0x1.ce29273cca156p+1,-3.6106308981726825,-0x1.ce29273cca156p+1,0.0004586102709246209,0.013512695140252407,0.03393921539445419,0.0004487452800171137,0.0004154266085094775,9.864990907507197e-06,4.318366241514338e-05,-1.2316094892410674,4.440892098500626e-16,-1.9674577931531496,-1.6431731050195328,False,123,-4.090811731974986,-0x1.05cfdc02bb3e6p+2,-1.9674577931531496,-0x1.f7ab505dda657p+0,0.4809455731670372,-0.4337701332542604,-0x1.bc2e3ce13c046p-2,0.9083703715812425,0x1.d115ebdd31905p-1,-2.0941284379503107,-0.14796394439666352,-0x1.2f07b8715ddd5p-3,-0.538431420331276,-0x1.13ad487aec5ebp-1,3.638936651268518,-0.3054079884463556,-0x1.38bcdf2941c8fp-2,-0.7639215835112763,-0x1.8720bad3c767ep-1,2.501315002916035,-0.06371792489254405,-0x1.04fd163951c2ap-4,-0.009474253912314923,-0x1.3673cd5a8bd7ap-7,0.14869055965480057,-0.7045684890998933,-0x1.68bd3374f3cd2p-1,-0.00810672960484098,-0x1.09a42d43e119ap-7,0.011505949712848443,-1.2316094892410674
H593-e69eb7b78aae86a02db13aa6,DIFFICULT-0061,60,2824,/hkfs/work/workspace/scratch/ap7811-benchmark/dailymed/data/box_flat_20000_images/data/raw_images/otc/KC - TopCare Lubricant Eye Drops 30ct.jpg,85,397.50469970703125,0x1.8d81340000000p+8,False,False,False,CHALLENGER,60,-2.7716449565610315,-0x1.62c5430e46c7cp+1,-2.7716449565610315,-0x1.62c5430e46c7cp+1,0.0007626845740379063,0.022888701895814254,0.033321442933265756,0.0007384273833975577,0.0007752482906809913,2.4257190640348636e-05,-1.2563716643084985e-05,-1.2316094892410674,0.0,-1.6470435345605654,-1.124601422000466,False,56,-3.424594437401196,-0x1.b6591c4b59cfep+1,-1.6470435345605654,-0x1.a5a4a524069fbp+0,0.4809455731670372,-0.20716692774596737,-0x1.a847225bda929p-3,0.43383415479562754,0x1.bc3f054af0a99p-2,-2.0941284379503107,0.11395163813795102,0x1.d2bef3f20ccddp-4,0.41466279249227744,0x1.a89d5cf27d4d8p-2,3.638936651268518,-0.31371274581333247,-0x1.413de9fe6d2edp-2,-0.7846943977088731,-0x1.91c376cf072e9p-1,2.501315002916035,0.36795521825644684,0x1.78c940b33746ep-2,0.05471146733045537,0x1.c032435cd0b7cp-5,0.14869055965480057,-0.9999999961791669,-0x1.ffffffdf2de63p-1,-0.01150594966888613,-0x1.7906e6c4c5da1p-7,0.011505949712848443,-1.2316094892410674
H593-e69eb7b78aae86a02db13aa6,DIFFICULT-0061,61,2825,/hkfs/work/workspace/scratch/ap7811-benchmark/dailymed/data/box_flat_20000_images/data/raw_images/otc/KC DL - Meijer Maximum Redness relief 0.5oz.jpg,108,394.8861083984375,0x1.8ae2d80000000p+8,False,False,False,CHALLENGER,61,-3.429513761371291,-0x1.b6fa4e9322c53p+1,-3.429513761371291,-0x1.b6fa4e9322c53p+1,0.0005170655314645653,0.015888533540122096,0.03254331371481574,0.0005150538550699482,0.00046076838962223776,2.011676394617079e-06,5.629714184232756e-05,-1.2316094892410674,4.440892098500626e-16,-1.8324244032446235,-1.5970893581266674,False,114,-3.8100452639122313,-0x1.e7af902e64304p+1,-1.8324244032446235,-0x1.d519c40453f62p+0,0.4809455731670372,-0.38383270295628624,-0x1.890b70a954834p-2,0.8037949786760933,0x1.9b8b03f434a73p-1,-2.0941284379503107,-0.06796917103866297,-0x1.1666d76bf4e41p-4,-0.24733550764892936,-0x1.fa8b09e3ef056p-3,3.638936651268518,-0.3243247732543159,-0x1.4c1bcb19a3bd7p-2,-0.8112384211583615,-0x1.9f5aa47044865p-1,2.501315002916035,-0.6956472336654215,-0x1.642bdfcc4aad9p-1,-0.10343617649602535,-0x1.a7acb1346120ap-4,0.14869055965480057,-0.6313900581596726,-0x1.43458ec5a1733p-1,-0.007264742258377648,-0x1.dc1a2669e1c45p-8,0.011505949712848443,-1.2316094892410674
H593-e69eb7b78aae86a02db13aa6,DIFFICULT-0061,62,2828,/hkfs/work/workspace/scratch/ap7811-benchmark/dailymed/data/box_flat_20000_images/data/raw_images/otc/Kroger Eye Drops Redness Relief_EDRL.jpg,100,395.3895568847656,0x1.8b63ba0000000p+8,False,False,False,CHALLENGER,62,-3.7524833319007773,-0x1.e0515fb2a6441p+1,-3.7524833319007773,-0x1.e0515fb2a6441p+1,0.0002640615960681642,0.012413813519330996,0.021271593588623117,0.0002614339471559413,0.0002681945481072104,2.627648912222893e-06,-4.132952039046238e-06,-1.2316094892410674,-4.440892098500626e-16,-1.7967832104296584,-1.955700121471119,False,127,-3.735938764542111,-0x1.de333dcec893dp+1,-1.7967832104296584,-0x1.cbf9fc06cc19dp+0,0.4809455731670372,-0.6294715959942596,-0x1.424a19dd1ccf6p-1,1.318194370053548,0x1.51752fad26bc4p+0,-2.0941284379503107,-0.1891621190839485,-0x1.83676dd8dc65fp-3,-0.6883489681662002,-0x1.606f46a504b29p-1,3.638936651268518,-0.49982469379253885,-0x1.ffd20b6649e69p-2,-1.2502190054111906,-0x1.400e5a4d14266p+0,2.501315002916035,-0.620154226689727,-0x1.3d84dad437939p-1,-0.09221107903878557,-0x1.79b2530cceaa1p-4,0.14869055965480057,-0.9999999960519915,-0x1.ffffffde163cdp-1,-0.011505949667422856,-0x1.7906e6c3f7ea1p-7,0.011505949712848443,-1.2316094892410674
H593-e69eb7b78aae86a02db13aa6,DIFFICULT-0061,63,2983,/hkfs/work/workspace/scratch/ap7811-benchmark/dailymed/data/box_flat_20000_images/data/raw_images/otc/SCEyeRedCart.jpg,117,393.76263427734375,0x1.89c33c0000000p+8,False,False,False,CHALLENGER,63,-3.2854581959921525,-0x1.a489e4e814aa8p+1,-3.2854581959921525,-0x1.a489e4e814aa8p+1,0.0012245845699022898,0.018362642352891548,0.06668890818479921,0.0012252208233310274,0.0011925960909584215,-6.362534287376702e-07,3.198847894386823e-05,-1.2316094892410674,0.0,-1.911959765570509,-1.3734984304216435,False,99,-3.9754181600637506,-0x1.fcda8094b2fb9p+1,-1.911959765570509,-0x1.e97631f864a65p+0,0.4809455731670372,0.026540556515827363,0x1.b2d729903316dp-6,-0.0555793341588215,-0x1.c74e4fd175819p-5,-2.0941284379503107,0.00428614633172898,0x1.18e59a5215e0dp-8,0.015597014979228696,0x1.ff153ea021133p-7,3.638936651268518,0.0222569420714173,0x1.6ca8619390a6bp-6,0.055671623122269184,0x1.c80fdb1403246p-5,2.501315002916035,-0.9999999155687329,-0x1.fffffd2abdae2p-1,-0.14869054710066823,-0x1.3084ab682c7a5p-3,0.14869055965480057,-0.7724436699614239,-0x1.8b7dbc98f91aep-1,-0.008887698022584243,-0x1.233b6a2bff1f2p-7,0.011505949712848443,-1.2316094892410674
H593-e69eb7b78aae86a02db13aa6,DIFFICULT-0061,64,3368,/hkfs/work/workspace/scratch/ap7811-benchmark/dailymed/data/box_flat_20000_images/data/raw_images/otc/bef4f237-ccb8-4d28-bfc2-41c511a17d7f-01.jpg,4,418.80718994140625,0x1.a2cea40000000p+8,True,False,True,CHALLENGER,64,0.26102209107270213,0x1.0b496002c35e4p-2,0.26102209107270213,0x1.0b496002c35e4p-2,0.011712049317689604,0.05964101941108489,0.19637573994103796,0.008219436008964397,0.011793791917946004,0.003492613308725207,-8.174260025639937e-05,-1.2316094892410674,-5.551115123125783e-17,-0.138952473606553,0.39997456467925513,False,1,-0.2889151732732415,-0x1.27d961121b633p-2,-0.138952473606553,-0x1.1c931d4eb5246p-3,0.4809455731670372,0.8195860029350776,0x1.a3a0c6cdbb253p-1,-1.7163183560923727,-0x1.b760a3c8f0f40p+0,-2.0941284379503107,0.5322640031407668,0x1.1084e84ca7bfcp-1,1.936874989179838,0x1.efd70a0ef7bf0p+0,3.638936651268518,0.5096495422096743,0x1.04f0c8e86c812p-1,1.2747940461583473,0x1.4658e71162b7cp+0,2.501315002916035,0.9936025844248481,0x1.fcb97a5aa6cf7p-1,0.14773932435258688,0x1.2e91f4736b839p-3,0.14869055965480057,-0.9999999969779564,-0x1.ffffffe60a74bp-1,-0.01150594967807696,-0x1.7906e6c9d358ap-7,0.011505949712848443,-1.2316094892410674
H593-e69eb7b78aae86a02db13aa6,DIFFICULT-0061,65,3564,/hkfs/work/workspace/scratch/ap7811-benchmark/dailymed/data/box_flat_20000_images/data/raw_images/otc/budesonide-glucocorticoid-1.jpg,107,394.8878173828125,0x1.8ae3480000000p+8,False,False,False,CHALLENGER,65,-3.0769519835085246,-0x1.89d9900644066p+1,-3.0769519835085246,-0x1.89d9900644066p+1,0.0006186742736424901,0.019628038248625527,0.03151992398862446,0.0005906675312084726,0.0005220672897368718,2.8006742434017492e-05,9.660698390561828e-05,-1.2316094892410674,0.0,-1.832303417198819,-1.2446485663097056,False,82,-3.809793705206726,-0x1.e7a751f42f4d8p+1,-1.832303417198819,-0x1.d511d63537cd0p+0,0.4809455731670372,-0.3048358112891301,-0x1.3826e1008bb75p-2,0.6383653413262217,0x1.46d7d26fcac07p-1,-2.0941284379503107,0.0375888407327352,0x1.33ed833488665p-5,0.1367834102210451,0x1.1821e68c47263p-3,3.638936651268518,-0.33854545456916385,-0x1.5aaba8de56076p-2,-0.8468088246828784,-0x1.b190ed1ff44e6p-1,2.501315002916035,0.4283891934738891,0x1.b6aba81fb87e9p-2,0.06369742892770121,0x1.04e798615715dp-4,0.14869055965480057,-0.4412006820313908,-0x1.c3ca1c9130dd1p-2,-0.005076432860727618,-0x1.4cb0691dfe83ep-8,0.011505949712848443,-1.2316094892410674
H593-e69eb7b78aae86a02db13aa6,DIFFICULT-0061,66,3603,/hkfs/work/workspace/scratch/ap7811-benchmark/dailymed/data/box_flat_20000_images/data/raw_images/otc/c607d95b-ce97-7367-e053-2995a90ab847-00.jpg,103,395.0931396484375,0x1.8b17d80000000p+8,False,False,False,CHALLENGER,66,-3.3668861615971495,-0x1.aef62030b515dp+1,-3.3668861615971495,-0x1.aef62030b515dp+1,0.0007484149625691507,0.016256772224409043,0.046037119314831065,0.0007983815065571556,0.0008145767455455133,-4.9966543988004953e-05,-6.616178297636258e-05,-1.2316094892410674,0.0,-1.8177678079814408,-1.5491183536157087,False,108,-3.779570723588118,-0x1.e3c8f9355d716p+1,-1.8177678079814408,-0x1.d1593b27007c4p+0,0.4809455731670372,-0.2161871943587438,-0x1.bac05a0cadabdp-3,0.4527237516273364,0x1.cf96d0ad72855p-2,-2.0941284379503107,-0.05655776591677806,-0x1.cf523b5e50fadp-5,-0.20581012730842907,-0x1.a57fc7afcd69cp-3,3.638936651268518,-0.16160538809456207,-0x1.4af7c405c9cb1p-3,-0.40422598179299646,-0x1.9ded6a6ffa46fp-2,2.501315002916035,-0.9999999836532513,-0x1.ffffff73951e9p-1,-0.14869055722419336,-0x1.3084acc403f25p-3,0.14869055965480057,-0.9999999968286295,-0x1.ffffffe4c2152p-1,-0.011505949676358814,-0x1.7906e6c8e189ep-7,0.011505949712848443,-1.2316094892410674
H593-e69eb7b78aae86a02db13aa6,DIFFICULT-0061,67,3604,/hkfs/work/workspace/scratch/ap7811-benchmark/dailymed/data/box_flat_20000_images/data/raw_images/otc/c607e19d-2eb4-cb87-e053-2995a90ab785-00.jpg,95,396.1287841796875,0x1.8c20f80000000p+8,False,False,False,CHALLENGER,67,-3.325566718890366,-0x1.a9ac2b95266b4p+1,-3.325566718890366,-0x1.a9ac2b95266b4p+1,0.0006330531280555445,0.016181955051358082,0.039120929828711584,0.0006329049931709475,0.0005802958976965709,1.481348845970348e-07,5.2757230358973606e-05,-1.2316094892410674,0.0,-1.744450264223869,-1.581116454666497,False,102,-3.6271261480516928,-0x1.d045ab6c2c9adp+1,-1.744450264223869,-0x1.be944ae2570f4p+0,0.4809455731670372,-0.2943794343932675,-0x1.2d71cd6d56144p-2,0.6164683451106693,0x1.3ba1bd2a8a049p-1,-2.0941284379503107,-0.058856503520800976,-0x1.e22708b8eb832p-5,-0.21417508782735725,-0x1.b6a16daeb100bp-3,3.638936651268518,-0.23967558478214943,-0x1.eadb08724fe2fp-3,-0.5995041360482645,-0x1.32f234c449be6p-1,2.501315002916035,-0.9739102610263498,-0x1.f2a45da0b1a97p-1,-0.14481126176556086,-0x1.2892ce8b012fap-3,0.14869055965480057,-0.650517782687538,-0x1.4d10aab43804bp-1,-0.007484824894916484,-0x1.ea868623d3f4ap-8,0.011505949712848443,-1.2316094892410674
H593-e69eb7b78aae86a02db13aa6,DIFFICULT-0061,68,3648,/hkfs/work/workspace/scratch/ap7811-benchmark/dailymed/data/box_flat_20000_images/data/raw_images/otc/car0l-0003-02.jpg,82,397.8026428222656,0x1.8dcd7a0000000p+8,False,False,False,CHALLENGER,68,-3.0966886912496054,-0x1.8c604b8767b14p+1,-3.0966886912496054,-0x1.8c604b8767b14p+1,0.0007790636951008903,0.018089612993504135,0.043066907809506325,0.0007906926140932616,0.000705862232293313,-1.1628918992371206e-05,7.320146280757737e-05,-1.2316094892410674,0.0,-1.6259509137536001,-1.4707377774960053,False,87,-3.38073787236813,-0x1.b0bc04c315ba1p+1,-1.6259509137536001,-0x1.a03e51af79187p+0,0.4809455731670372,-0.19697671864083818,-0x1.936887a5161afp-3,0.4124945481199163,0x1.a664f887d0381p-2,-2.0941284379503107,-0.0032040104845977133,-0x1.a3f4c07ea9ad9p-9,-0.011659191183451224,-0x1.7e0c626a55827p-7,3.638936651268518,-0.1938950784398214,-0x1.8d18dce608fc6p-3,-0.4849926686931067,-0x1.f0a1eb0b58bc7p-2,2.501315002916035,-0.9999999562106808,-0x1.fffffe87da44dp-1,-0.1486905531437422,-0x1.3084ac37cfeb2p-3,0.14869055965480057,-0.545841370012339,-0x1.17788522037f6p-1,-0.0062804233545542725,-0x1.9b9804e9b0395p-8,0.011505949712848443,-1.2316094892410674
H593-e69eb7b78aae86a02db13aa6,DIFFICULT-0061,69,3664,/hkfs/work/workspace/scratch/ap7811-benchmark/dailymed/data/box_flat_20000_images/data/raw_images/otc/careone-childrens-allergy-relief-carton-image.jpg,112,394.6579895019531,0x1.8aa8720000000p+8,False,False,False,CHALLENGER,69,-3.2232435106653434,-0x1.9c933e4cad0a5p+1,-3.2232435106653434,-0x1.9c933e4cad0a5p+1,0.0004963364356270988,0.017119763608944003,0.028992014549067382,0.0004622211140829603,0.0004564070396639383,3.411532154413857e-05,3.992939596316055e-05,-1.2316094892410674,0.0,-1.8485738798944307,-1.3746696307709128,False,95,-3.843623858977495,-0x1.ebfbddda37821p+1,-1.8485738798944307,-0x1.d93c234662ebep+0,0.4809455731670372,-0.40113821275423733,-0x1.9ac3f9c3d2448p-2,0.8400349388772104,0x1.ae190f3bf3304p-1,-2.0941284379503107,-0.0307464987705537,-0x1.f7c029abe7f44p-6,-0.11188456127435029,-0x1.ca4777399c3b6p-4,3.638936651268518,-0.3750170225094653,-0x1.8004765c7c5d3p-2,-0.9380357047518258,-0x1.e0463744c75ffp-1,2.501315002916035,0.5054301697653962,0x1.02c7be431bb3ap-1,0.07515269480883763,0x1.33d34fe69049cp-4,0.14869055965480057,-0.7237567864926623,-0x1.72903fe07cf2bp-1,-0.00832750918971736,-0x1.10e035d040bbep-7,0.011505949712848443,-1.2316094892410674
H593-e69eb7b78aae86a02db13aa6,DIFFICULT-0061,70,3688,/hkfs/work/workspace/scratch/ap7811-benchmark/dailymed/data/box_flat_20000_images/data/raw_images/otc/carton 10 mL orange.jpg,29,407.11053466796875,0x1.971c4c0000000p+8,False,False,False,CHALLENGER,70,-2.629037696588244,-0x1.50844ea7661a5p+1,-2.629037696588244,-0x1.50844ea7661a5p+1,0.00037199984990927184,0.015609491242690838,0.02383164474264728,0.0003684319614797633,0.00040390548882791156,3.567888429508565e-06,-3.1905638918639716e-05,-1.2316094892410674,0.0,-0.9670068966743,-1.6620307999139439,False,42,-2.0106368591908192,-0x1.015c8c712da93p+1,-0.9670068966743,-0x1.ef1b872871f4ap-1,0.4809455731670372,-0.5147604519265411,-0x1.078eae9498ebdp-1,1.0779745011115234,0x1.13f6230c32271p+0,-2.0941284379503107,-0.07678197855026353,-0x1.3a7fbd6cba984p-4,-0.27940475590346714,-0x1.1e1c47c3cf1bcp-2,3.638936651268518,-0.45600163082022127,-0x1.d2f2176d2e9bcp-2,-1.1406037205247985,-0x1.23fe9afd59954p+0,2.501315002916035,-0.517056266804767,-0x1.08bb99583c951p-1,-0.07688138568422269,-0x1.3ae7f9d2f558bp-4,0.14869055965480057,-0.9999999964421035,-0x1.ffffffe1701a5p-1,-0.011505949671911465,-0x1.7906e6c66fa14p-7,0.011505949712848443,-1.2316094892410674
H593-e69eb7b78aae86a02db13aa6,DIFFICULT-0061,71,3776,/hkfs/work/workspace/scratch/ap7811-benchmark/dailymed/data/box_flat_20000_images/data/raw_images/otc/cartonlabel80.jpg,67,399.44989013671875,0x1.8f732c0000000p+8,False,False,False,CHALLENGER,71,-3.059868603407433,-0x1.87a9c63ed8976p+1,-3.059868603407433,-0x1.87a9c63ed8976p+1,0.0005535485397927263,0.017643218395433893,0.031374578457634805,0.0005569663937521477,0.00041636450621925734,-3.4178539594214305e-06,0.00013718403357346898,-1.2316094892410674,4.440892098500626e-16,-1.5093354888537165,-1.5505331145537167,False,80,-3.1382667250988696,-0x1.91b2b95b365b8p+1,-1.5093354888537165,-0x1.8263cf8351a27p+0,0.4809455731670372,-0.354391342668958,-0x1.6ae5906afeac4p-2,0.7421409888464583,0x1.7bf9e7583bb82p-1,-2.0941284379503107,-0.0156959438561463,-0x1.01298f62b022dp-6,-0.05711654537438369,-0x1.d3e613ce30f8dp-5,3.638936651268518,-0.34058993277157934,-0x1.5cc39b7a6730cp-2,-0.8519227086837151,-0x1.b42f369908576p-1,2.501315002916035,-0.9999999316265217,-0x1.fffffdb4ad219p-1,-0.14869054948830981,-0x1.3084abba36653p-3,0.14869055965480057,-0.28983358140139637,-0x1.28ca22659b304p-2,-0.0033348106126992326,-0x1.b519ad0a2fee1p-9,0.011505949712848443,-1.2316094892410674
H593-e69eb7b78aae86a02db13aa6,DIFFICULT-0061,72,3797,/hkfs/work/workspace/scratch/ap7811-benchmark/dailymed/data/box_flat_20000_images/data/raw_images/otc/ccc377799-CARTON_3c03_.jpg,18,410.0272216796875,0x1.9a06f80000000p+8,False,False,False,CHALLENGER,72,-2.01330189175449,-0x1.01b3e05b07bd6p+1,-2.01330189175449,-0x1.01b3e05b07bd6p+1,0.0008805409245319753,0.017629485334693887,0.049947057887113566,0.0008517848848240172,0.0011434247568165821,2.8756039707958066e-05,-0.0002628838322846069,-1.2316094892410674,4.440892098500626e-16,-0.7605226048577582,-1.2527792868967318,False,14,-1.581307007048012,-0x1.94d0893834f45p+0,-0.7605226048577582,-0x1.856338077731ep-1,0.4809455731670372,-0.1374872209404964,-0x1.1992e66c75785p-3,0.28791589922625094,0x1.26d36cecb3624p-2,-2.0941284379503107,-0.016085185169460614,-0x1.078a281030210p-6,-0.05853296985559103,-0x1.df8088e88f808p-5,3.638936651268518,-0.12167111240332469,-0x1.f25d688a3e56dp-4,-0.3043377788759193,-0x1.37a4529cd660ap-2,2.501315002916035,0.43910656931786285,0x1.c1a5270ab7460p-2,0.06529100153997251,0x1.0b6e93c56572bp-4,0.14869055965480057,-0.9999999980470395,-0x1.ffffffef39650p-1,-0.011505949690377779,-0x1.7906e6d096885p-7,0.011505949712848443,-1.2316094892410674
H593-e69eb7b78aae86a02db13aa6,DIFFICULT-0061,73,3846,/hkfs/work/workspace/scratch/ap7811-benchmark/dailymed/data/box_flat_20000_images/data/raw_images/otc/cetirizine-hcl-10-mg-tablets-grn-1.jpg,121,393.432373046875,0x1.896eb00000000p+8,False,False,False,CHALLENGER,73,-2.8972485009722533,-0x1.72d909f407ca0p+1,-2.8972485009722533,-0x1.72d909f407ca0p+1,0.00178872987726222,0.02041298769029561,0.0876270492296719,0.0016604582850062639,0.0017932524338877193,0.0001282715922559562,-4.5225566254992414e-06,-1.2316094892410674,0.0,-1.9353403189222427,-0.9619081820500106,False,65,-4.024031879902718,-0x1.0189bd028f96bp+2,-1.9353403189222427,-0x1.ef72769066b7dp+0,0.4809455731670372,0.2127012108785331,0x1.b39cb14457db8p-3,-0.44542365448720217,-0x1.c81d23738ca21p-2,-2.0941284379503107,0.057150357516585926,0x1.d42cfc8fa1560p-5,0.20796653060020376,0x1.a9ea5b3cb9424p-3,3.638936651268518,0.1574649900163536,0x1.427d013314e68p-3,0.39386954196192897,0x1.9352898677cadp-2,2.501315002916035,0.8392922797072122,0x1.adb7b7ba4169ep-1,0.1247948387836188,0x1.ff28df749052cp-4,0.14869055965480057,-0.9999999960580549,-0x1.ffffffde23923p-1,-0.011505949667492622,-0x1.7906e6c401bbap-7,0.011505949712848443,-1.2316094892410674
H593-e69eb7b78aae86a02db13aa6,DIFFICULT-0061,74,4028,/hkfs/work/workspace/scratch/ap7811-benchmark/dailymed/data/box_flat_20000_images/data/raw_images/otc/clear-eyes-complete-7-symptom-relief-01.jpg,97,395.65948486328125,0x1.8ba8d40000000p+8,False,False,False,CHALLENGER,74,-3.3773295388498745,-0x1.b04c559696658p+1,-3.3773295388498745,-0x1.b04c559696658p+1,0.0005593136426375004,0.016419913128183184,0.03406313043626844,0.000560063352413213,0.0004505054813945769,-7.497097757126802e-07,0.00010880816124292348,-1.2316094892410674,0.0,-1.7776738965878467,-1.5996556422620278,False,110,-3.6962059654314414,-0x1.d91d46ee67716p+1,-1.7776738965878467,-0x1.c715a2f0cc354p+0,0.4809455731670372,-0.3498532094302416,-0x1.663feb739d361p-2,0.7326375549760548,0x1.771c4504e319fp-1,-2.0941284379503107,-0.05157975234017586,-0x1.a68a94adfa8cfp-5,-0.18769545125401904,-0x1.80667905f3a8ap-3,3.638936651268518,-0.30375481681474065,-0x1.370b80b0e31adp-2,-0.7597864805067227,-0x1.8502bbcb704a2p-1,2.501315002916035,-0.9999999163698481,-0x1.fffffd319f59ep-1,-0.14869054721978647,-0x1.3084ab6c4440cp-3,0.14869055965480057,-0.392077936117646,-0x1.917ce0e46f11fp-2,-0.0045112290164870394,-0x1.27a5dd1730200p-8,0.011505949712848443,-1.2316094892410674
H593-e69eb7b78aae86a02db13aa6,DIFFICULT-0061,75,4032,/hkfs/work/workspace/scratch/ap7811-benchmark/dailymed/data/box_flat_20000_images/data/raw_images/otc/clear-eyes-maximum-itchy-eye-relief-02.jpg,86,397.3215637207031,0x1.8d52520000000p+8,False,False,False,CHALLENGER,75,-2.911134228689156,-0x1.74a00be13e38ep+1,-2.911134228689156,-0x1.74a00be13e38ep+1,0.0010246595614602718,0.015305487997184957,0.0669471997004428,0.0009352367736010591,0.0011584078208566825,8.942278785921268e-05,-0.00013374825939641076,-1.2316094892410674,0.0,-1.6600084856475876,-1.2511257430415685,False,66,-3.451551647967971,-0x1.b9cc71c43d198p+1,-1.6600084856475876,-0x1.a8f650ecf05a1p+0,0.4809455731670372,-0.06249228664881858,-0x1.ffefd2ed15fb3p-5,0.1308668746238335,0x1.0c03ee951cdf0p-3,-2.0941284379503107,-0.08655015571629883,-0x1.62826a843e4ddp-4,-0.31495053380903726,-0x1.4282648a452dcp-2,3.638936651268518,0.024188698871547606,0x1.8c4ec1a5827bcp-6,0.06050355538842019,0x1.efa526f5eb6ebp-5,2.501315002916035,0.7772504182336017,0x1.8df3c44e3b356p-1,0.11556979967908206,0x1.d95fb7e06e4cdp-4,0.14869055965480057,-0.9999999973884037,-0x1.ffffffe9910a0p-1,-0.011505949682799547,-0x1.7906e6cc6bfdcp-7,0.011505949712848443,-1.2316094892410674
H593-e69eb7b78aae86a02db13aa6,DIFFICULT-0061,76,4259,/hkfs/work/workspace/scratch/ap7811-benchmark/dailymed/data/box_flat_20000_images/data/raw_images/otc/cvs es hrt.jpg,93,396.509765625,0x1.8c82800000000p+8,False,False,False,CHALLENGER,76,-3.365695786605829,-0x1.aecf1e99e0e66p+1,-3.365695786605829,-0x1.aecf1e99e0e66p+1,0.0005440007387389168,0.01216771934859781,0.04470852122354438,0.0005339494682409403,0.0004065275060178915,1.0051270497976519e-05,0.00013747323272102533,-1.2316094892410674,0.0,-1.7174790178698638,-1.6482167687359652,False,107,-3.571046525202897,-0x1.c9180d731ed54p+1,-1.7174790178698638,-0x1.b7acb47551384p+0,0.4809455731670372,-0.3619746037875758,-0x1.72a9787500335p-2,0.7580213116073587,0x1.841b5e8e0c9c7p-1,-2.0941284379503107,-0.19879698747486482,-0x1.9722dffdfba13p-3,-0.7234096438840542,-0x1.7262bfb42fa03p-1,3.638936651268518,-0.1758302677823774,-0x1.6819b30e2d88bp-3,-0.43980688677080454,-0x1.c25cbc8cf1d95p-2,2.501315002916035,-0.054397203599650557,-0x1.bd9f344e8a0e8p-5,-0.008088350646888174,-0x1.090a00c0e43bfp-7,0.14869055965480057,-0.2888687925341794,-0x1.27cd388313c5ep-2,-0.0033237098005095183,-0x1.b3a531ca06caap-9,0.011505949712848443,-1.2316094892410674
H593-e69eb7b78aae86a02db13aa6,DIFFICULT-0061,77,4264,/hkfs/work/workspace/scratch/ap7811-benchmark/dailymed/data/box_flat_20000_images/data/raw_images/otc/cvs-20ct.jpg,127,392.9105224609375,0x1.88e9180000000p+8,False,False,False,CHALLENGER,77,-3.2706008629503334,-0x1.a2a30c90520e4p+1,-3.2706008629503334,-0x1.a2a30c90520e4p+1,0.0006484333498515155,0.01825885508111894,0.035513363076201065,0.0006251543278928309,0.0005566279601673737,2.3279021958684618e-05,9.180538968414176e-05,-1.2316094892410674,0.0,-1.9722842721947107,-1.2983165907556227,False,98,-4.100847127476765,-0x1.067447829a20cp+2,-1.9722842721947107,-0x1.f8e79f3f7dcf5p+0,0.4809455731670372,-0.2833787798288665,-0x1.222e0bfefb414p-2,0.5934315615512892,0x1.2fd642fa8dd2bp-1,-2.0941284379503107,0.0014521107768192365,0x1.7ca9812fb9f2ep-10,0.005284139127469519,0x1.5a4d24bd70595p-8,3.638936651268518,-0.28471373180465886,-0x1.238bff1b4ae14p-2,-0.7121587288992055,-0x1.6ca011a45db48p-1,2.501315002916035,0.35002813284635115,0x1.666dc65d05246p-2,0.05204587896784883,0x1.aa5c1e81df1bep-5,0.14869055965480057,-0.46149621669453794,-0x1.d89276d7b91bbp-2,-0.005309952261957161,-0x1.5bfe374ef5165p-8,0.011505949712848443,-1.2316094892410674
H593-e69eb7b78aae86a02db13aa6,DIFFICULT-0061,78,4265,/hkfs/work/workspace/scratch/ap7811-benchmark/dailymed/data/box_flat_20000_images/data/raw_images/otc/cvs-44-015-1.jpg,34,405.5154113769531,0x1.9583f20000000p+8,False,False,False,CHALLENGER,78,-2.871386922600557,-0x1.6f899b4f5da10p+1,-2.871386922600557,-0x1.6f899b4f5da10p+1,0.000293697168607765,0.014699596544651293,0.019979947593502616,0.00029177680369581296,0.00024156617683880635,1.920364911952037e-06,5.2130991768958656e-05,-1.2316094892410674,0.0,-1.079932247177144,-1.791454675423413,False,63,-2.2454354659421574,-0x1.1f6a6de9c002ep+1,-1.079932247177144,-0x1.1476709385890p+0,0.4809455731670372,-0.5962814581333392,-0x1.314bcda3c9ab5p-1,1.2486899584995033,0x1.3faa25269955bp+0,-2.0941284379503107,-0.10655688519787508,-0x1.b474fe116a7efp-4,-0.38775375499155945,-0x1.8d0f52025c1a7p-2,3.638936651268518,-0.5229518318814036,-0x1.0bc057aea0b9fp-1,-1.3080672628873788,-0x1.4edd7f0311cc8p+0,2.501315002916035,-0.7074412081366481,-0x1.6a35bbe9944acp-1,-0.10518982916070647,-0x1.aedb87c1df7bdp-4,0.14869055965480057,-0.6539484205985839,-0x1.4ed253cf7bc96p-1,-0.00752429764220397,-0x1.ed1cc44c73680p-8,0.011505949712848443,-1.2316094892410674
H593-e69eb7b78aae86a02db13aa6,DIFFICULT-0061,79,4266,/hkfs/work/workspace/scratch/ap7811-benchmark/dailymed/data/box_flat_20000_images/data/raw_images/otc/cvs-44-017-1.jpg,43,402.4366149902344,0x1.926fc60000000p+8,False,False,False,CHALLENGER,79,-2.6735938451282824,-0x1.563852b7ce724p+1,-2.6735938451282824,-0x1.563852b7ce724p+1,0.0007964147421763955,0.020730113559593213,0.03841825274554953,0.0007991018275884564,0.0005783953833703064,-2.687085412060911e-06,0.00021801935880608908,-1.2316094892410674,-4.440892098500626e-16,-1.297892929624291,-1.3757009155039914,False,50,-2.6986274581500718,-0x1.596c9fe26bcc2p+1,-1.297892929624291,-0x1.4c42b606722a6p+0,0.4809455731670372,-0.18636782193109244,-0x1.7dae69a1c42f7p-3,0.3902781558247603,0x1.8fa513ae7130bp-2,-2.0941284379503107,0.06482967424183893,0x1.098ad72add507p-4,0.23591107768842623,0x1.e32558db7cbc4p-3,3.638936651268518,-0.24819871835190654,-0x1.fc4f9c11d82c8p-3,-0.6208231779181552,-0x1.3ddc891b83b86p-1,2.501315002916035,-0.9999999280305549,-0x1.fffffd95c9844p-1,-0.14869054895362352,-0x1.3084aba7d73ebp-3,0.14869055965480057,-0.06665533254288072,-0x1.11052e9602c62p-4,-0.000766932904331576,-0x1.9217fdf04aeddp-11,0.011505949712848443,-1.2316094892410674
H593-e69eb7b78aae86a02db13aa6,DIFFICULT-0061,80,4267,/hkfs/work/workspace/scratch/ap7811-benchmark/dailymed/data/box_flat_20000_images/data/raw_images/otc/cvs-44-018-1.jpg,31,406.52069091796875,0x1.96854c0000000p+8,False,False,False,CHALLENGER,80,-2.741409050114382,-0x1.5ee67de3998fap+1,-2.741409050114382,-0x1.5ee67de3998fap+1,0.00037283740377235815,0.014749627981843923,0.025277749664690045,0.0003708924305158362,0.0003484223269248377,1.944973256521958e-06,2.4415076847520442e-05,-1.2316094892410674,0.0,-1.008764366197707,-1.732644683916675,False,53,-2.0974605495481984,-0x1.0c7996587ad77p+1,-1.008764366197707,-0x1.023e61aa30774p+0,0.4809455731670372,-0.5139334567787768,-0x1.0722493a5ec24p-1,1.0762426670545433,0x1.1384a3b18f1fep+0,-2.0941284379503107,-0.10487696599718023,-0x1.ad937830fc491p-4,-0.38164063544098126,-0x1.86cccd802cb8ap-2,3.638936651268518,-0.4323606349519437,-0x1.babcbf0cc91b3p-2,-1.0814701428755997,-0x1.14db3a2f404b4p+0,2.501315002916035,-0.7042466255135585,-0x1.68930381cc55fp-1,-0.10471482488261578,-0x1.ace973c46f6b3p-4,0.14869055965480057,-0.8215105025532029,-0x1.a49d064b92b43p-1,-0.009452258530954005,-0x1.35bb4aa1c3b06p-7,0.011505949712848443,-1.2316094892410674
H593-e69eb7b78aae86a02db13aa6,DIFFICULT-0061,81,4268,/hkfs/work/workspace/scratch/ap7811-benchmark/dailymed/data/box_flat_20000_images/data/raw_images/otc/cvs-44-030-1.jpg,37,403.94683837890625,0x1.93f2640000000p+8,False,False,False,CHALLENGER,81,-2.6362328817896525,-0x1.5170143df6940p+1,-2.6362328817896525,-0x1.5170143df6940p+1,0.000567625900589863,0.020313787151335302,0.027942889051712386,0.0005701320849576258,0.0004846993593178661,-2.5061843677628027e-06,8.292654127199688e-05,-1.2316094892410674,0.0,-1.19097799303981,-1.4452548887498426,False,44,-2.4763259285186754,-0x1.3cf83f7e9cbdep+1,-1.19097799303981,-0x1.30e3ef0a5c985p+0,0.4809455731670372,-0.3433633019366331,-0x1.5f9aa121db8f0p-2,0.7190468551340223,0x1.7026e8ce2f3ecp-1,-2.0941284379503107,0.0547222177942233,0x1.c048cef94e0e6p-5,0.19913068397009745,0x1.97d1d3fa40e17p-3,3.638936651268518,-0.3907436033686761,-0x1.901f17565bcfap-2,-0.9773728373995421,-0x1.f46a3669426fcp-1,2.501315002916035,-0.9999999270811997,-0x1.fffffd8da1dccp-1,-0.14869054881246335,-0x1.3084aba2fd964p-3,0.14869055965480057,-0.5005716646282701,-0x1.004aede1c3f14p-1,-0.005759552400889711,-0x1.79754133903c0p-8,0.011505949712848443,-1.2316094892410674
H593-e69eb7b78aae86a02db13aa6,DIFFICULT-0061,82,4269,/hkfs/work/workspace/scratch/ap7811-benchmark/dailymed/data/box_flat_20000_images/data/raw_images/otc/cvs-44-030-cc-1.jpg,49,401.4331359863281,0x1.916ee20000000p+8,False,False,False,CHALLENGER,82,-2.6792408379022925,-0x1.56f15d2072f12p+1,-2.6792408379022925,-0x1.56f15d2072f12p+1,0.0010236187374028333,0.02148057417990716,0.047653229789375084,0.001027313507532393,0.0007790379015959638,-3.694770129559783e-06,0.00024458083580686945,-1.2316094892410674,0.0,-1.3689333431626123,-1.3103074947396802,False,52,-2.8463373394793012,-0x1.6c54c82d393f7p+1,-1.3689333431626123,-0x1.5e726a634990cp+0,0.4809455731670372,-0.06299843194194246,-0x1.020aa4ce3d21ap-4,0.13192680787589892,0x1.0e2fa46a575ebp-3,-2.0941284379503107,0.08251349329562735,0x1.51f9ab32ef594p-4,0.3002613749776575,0x1.3377b7c71fc6cp-2,3.638936651268518,-0.14475943378280845,-0x1.2877a24f13be1p-3,-0.3620889435345691,-0x1.72c771aae58b8p-2,2.501315002916035,-0.9999999328970307,-0x1.fffffdbf97029p-1,-0.1486905496772225,-0x1.3084abc0b416cp-3,0.14869055965480057,-0.009273040734610032,-0x1.2fdbe75845a96p-7,-0.00010669514037761822,-0x1.bf8308de3b896p-14,0.011505949712848443,-1.2316094892410674
H593-e69eb7b78aae86a02db13aa6,DIFFICULT-0061,83,4270,/hkfs/work/workspace/scratch/ap7811-benchmark/dailymed/data/box_flat_20000_images/data/raw_images/otc/cvs-44-030043-1.jpg,101,395.25408935546875,0x1.8b410c0000000p+8,False,False,False,CHALLENGER,83,-2.989926606609585,-0x1.7eb5ea406a09dp+1,-2.989926606609585,-0x1.7eb5ea406a09dp+1,0.0007705528717550667,0.02194995927610768,0.035104979561114996,0.0007554180816894042,0.0007769310695680071,1.5134790065662504e-05,-6.3781978129404246e-06,-1.2316094892410674,0.0,-1.8063735150247744,-1.1835530915848105,False,73,-3.755879284073175,-0x1.e0c0a70268ba2p+1,-1.8063735150247744,-0x1.ce6e7ea364583p+0,0.4809455731670372,-0.20225012918059757,-0x1.9e3550d38a1efp-3,0.42353774709621334,0x1.b1b3e11199597p-2,-2.0941284379503107,0.09323806636670011,0x1.7de732dc98983p-4,0.33928741699519155,0x1.5b6e291fc130bp-2,3.638936651268518,-0.2900191846942036,-0x1.28faca05e591ap-2,-0.725429337809088,-0x1.736b7962e5df5p-1,2.501315002916035,0.14907820034589822,0x1.314fe95841e1bp-3,0.022166521041762092,0x1.6b2d20bc30901p-6,0.14869055965480057,-0.9999999960866801,-0x1.ffffffde6284cp-1,-0.011505949667821981,-0x1.7906e6c430161p-7,0.011505949712848443,-1.2316094892410674
H593-e69eb7b78aae86a02db13aa6,DIFFICULT-0061,84,4271,/hkfs/work/workspace/scratch/ap7811-benchmark/dailymed/data/box_flat_20000_images/data/raw_images/otc/cvs-44-031a-1.jpg,44,402.2641906738281,0x1.9243a20000000p+8,False,False,False,CHALLENGER,84,-2.1668937621152677,-0x1.155cc65918826p+1,-2.1668937621152677,-0x1.155cc65918826p+1,0.0020192613574420834,0.02242586914648222,0.09004160972547323,0.0017441736014807414,0.0018498724068058629,0.00027508775596134195,0.00016938895063622048,-1.2316094892410674,-4.440892098500626e-16,-1.310099557459931,-0.8567942046553367,False,22,-2.7240079346876955,-0x1.5cac4ac0c39aap+1,-1.310099557459931,-0x1.4f62af41cb62dp+0,0.4809455731670372,0.2697663810256008,0x1.143da36042cbcp-2,-0.5649254501086497,-0x1.213de899ca1a1p-1,-2.0941284379503107,0.10385874369935817,0x1.a967c9397a6d5p-4,0.37793538900229773,0x1.83017e9f1049ep-2,3.638936651268518,0.1706899599927225,0x1.5d92b29f64f2fp-3,0.42694935777693455,0x1.b5323662ccf0cp-2,2.501315002916035,0.9217053619830801,0x1.d7e9c3e487c47p-1,0.13704888611009472,0x1.18ad161e5e621p-3,0.14869055965480057,-0.19058819564435028,-0x1.86531a9a5e7b9p-3,-0.002192898194946415,-0x1.1f6d740fbec37p-9,0.011505949712848443,-1.2316094892410674
H593-e69eb7b78aae86a02db13aa6,DIFFICULT-0061,85,4272,/hkfs/work/workspace/scratch/ap7811-benchmark/dailymed/data/box_flat_20000_images/data/raw_images/otc/cvs-44-043-1.jpg,32,406.4111633300781,0x1.9669420000000p+8,False,False,False,CHALLENGER,85,-2.5515595907134094,-0x1.46998131f461fp+1,-2.5515595907134094,-0x1.46998131f461fp+1,0.0004695281646281348,0.015577490061325928,0.03014145172166262,0.0004595323806785491,0.00035222047351980625,9.995783949585696e-06,0.00011730769110832853,-1.2316094892410674,0.0,-1.016518275454718,-1.5350413152586915,False,38,-2.113582767299266,-0x1.0e89e14f78426p+1,-1.016518275454718,-0x1.043a8aacdd44fp+0,0.4809455731670372,-0.4241712639048062,-0x1.b259f3a97f1b6p-2,0.8882691063043808,0x1.c6cb35533fb9ap-1,-2.0941284379503107,-0.07780195585352348,-0x1.3ead437f4aa02p-4,-0.2831163886957618,-0x1.21e94339a3c25p-2,3.638936651268518,-0.3581900654435878,-0x1.6ec960635448ep-2,-0.8959461845895225,-0x1.cab975539371ep-1,2.501315002916035,-0.05715641342903573,-0x1.d439afcde64eap-5,-0.008498619100624482,-0x1.167b958c96819p-7,0.14869055965480057,-0.35979124187146144,-0x1.706d1d84e68e7p-2,-0.004139739936096326,-0x1.0f4d4fa3b4e2dp-8,0.011505949712848443,-1.2316094892410674
H593-e69eb7b78aae86a02db13aa6,DIFFICULT-0061,86,4273,/hkfs/work/workspace/scratch/ap7811-benchmark/dailymed/data/box_flat_20000_images/data/raw_images/otc/cvs-44-056-1.jpg,40,403.4585266113281,0x1.9375620000000p+8,False,False,False,CHALLENGER,86,-2.5569867548358753,-0x1.474b578c29a1fp+1,-2.5569867548358753,-0x1.474b578c29a1fp+1,0.0005623452190302288,0.01916276403450628,0.0293457258054014,0.0005484714590539557,0.0005706322255276194,1.3873759976273069e-05,-8.287006497390676e-06,-1.2316094892410674,0.0,-1.2255475951633632,-1.3314391596725121,False,39,-2.5482043364971743,-0x1.462b8f4863ef6p+1,-1.2255475951633632,-0x1.39bd7cb8eb082p+0,0.4809455731670372,-0.3474790135844256,-0x1.63d189dd90d7bp-2,0.727665683938068,0x1.749098b5def68p-1,-2.0941284379503107,0.02560593856368509,0x1.a387172db8effp-6,0.09317838832952363,0x1.7da89f291bd20p-4,3.638936651268518,-0.36979469433555157,-0x1.7aab75d99f3e2p-2,-0.9249730169402645,-0x1.d9961032e1bc5p-1,2.501315002916035,0.10629608191721916,0x1.b36385387033fp-4,0.015805223909383846,0x1.02f3e9f2fe216p-6,0.14869055965480057,-0.999999996115695,-0x1.ffffffdea252bp-1,-0.011505949668155825,-0x1.7906e6c45f121p-7,0.011505949712848443,-1.2316094892410674
H593-e69eb7b78aae86a02db13aa6,DIFFICULT-0061,87,4274,/hkfs/work/workspace/scratch/ap7811-benchmark/dailymed/data/box_flat_20000_images/data/raw_images/otc/cvs-44-057-1.jpg,55,400.9024963378906,0x1.90e70a0000000p+8,False,False,False,CHALLENGER,87,-3.0889231800129737,-0x1.8b61d5b3018aap+1,-3.0889231800129737,-0x1.8b61d5b3018aap+1,0.000414236210831906,0.016130898657488298,0.025679673502852798,0.00041814079769216396,0.0003940449400310088,-3.904586860257976e-06,2.0191270800897193e-05,-1.2316094892410674,0.0,-1.4064995103849325,-1.6824236696280412,False,84,-2.9244463175388065,-0x1.765441c65e4fap+1,-1.4064995103849325,-0x1.68105a16f17bfp+0,0.4809455731670372,-0.47415238642783725,-0x1.e58834041c95dp-2,0.9929359963405389,0x1.fc621b5e9b8a6p-1,-2.0941284379503107,-0.06043094814514615,-0x1.ef0ce23e63bbfp-5,-0.2199043920762796,-0x1.c25d3be1b70e2p-3,3.638936651268518,-0.42592569112363976,-0x1.b425dd479be24p-2,-1.0653743213349411,-0x1.10bc5f1c21bb8p+0,2.501315002916035,-0.9999999338286782,-0x1.fffffdc797b98p-1,-0.14869054981574972,-0x1.3084abc576965p-3,0.14869055965480057,-0.850074417552864,-0x1.b33cf43d1c91bp-1,-0.009780913500542183,-0x1.40803fce0f06ap-7,0.011505949712848443,-1.2316094892410674
H593-e69eb7b78aae86a02db13aa6,DIFFICULT-0061,88,4275,/hkfs/work/workspace/scratch/ap7811-benchmark/dailymed/data/box_flat_20000_images/data/raw_images/otc/cvs-44-068-1.jpg,13,411.03094482421875,0x1.9b07ec0000000p+8,False,False,False,CHALLENGER,88,-2.0702023485308327,-0x1.08fc63fb856acp+1,-2.0702023485308327,-0x1.08fc63fb856acp+1,0.0007465116291883866,0.01751044239282535,0.04263236830008697,0.0007386317467246723,0.0007342397298263869,7.879882463714214e-06,1.22718993619997e-05,-1.2316094892410674,0.0,-0.6894649075986077,-1.380737440932225,False,18,-1.433561188760853,-0x1.6efdddb68af17p+0,-0.6894649075986077,-0x1.61018b5bc0596p-1,0.4809455731670372,-0.21740055039555026,-0x1.bd3c7ff0a67a7p-3,0.45526467500937146,0x1.d230e728c1dcdp-2,-2.0941284379503107,-0.01947180729431916,-0x1.3f06ade17ab78p-6,-0.07085667322973567,-0x1.223a9b6399e69p-4,3.638936651268518,-0.19877017345872788,-0x1.9714d1136763ep-3,-0.4971868170045387,-0x1.fd1e8a7c25b6ep-2,2.501315002916035,-0.17434458142850318,-0x1.650ec59bc3080p-3,-0.025923393385386087,-0x1.a8ba97b2a92e4p-6,0.14869055965480057,-0.9061175601372977,-0x1.cfeea40e3df4ap-1,-0.010425743080868672,-0x1.55a178c8cf657p-7,0.011505949712848443,-1.2316094892410674
H593-e69eb7b78aae86a02db13aa6,DIFFICULT-0061,89,4276,/hkfs/work/workspace/scratch/ap7811-benchmark/dailymed/data/box_flat_20000_images/data/raw_images/otc/cvs-44-072-1.jpg,19,409.7484436035156,0x1.99bf9a0000000p+8,False,False,False,CHALLENGER,89,-2.303015156983125,-0x1.26c9335eb7a87p+1,-2.303015156983125,-0x1.26c9335eb7a87p+1,0.00047672352028087635,0.016524675527883628,0.028849190985714437,0.0004705858742086756,0.00034023880754067005,6.137646072200756e-06,0.0001364847127402063,-1.2316094892410674,0.0,-0.7802584535796293,-1.5227567034034957,False,27,-1.6223425208836215,-0x1.9f51d6e61af85p+0,-0.7802584535796293,-0x1.8f7e09391aa54p-1,0.4809455731670372,-0.41791515645227095,-0x1.abf1f365dc648p-2,0.8751680137771539,0x1.c016059b5b36fp-1,-2.0941284379503107,-0.04840773450586113,-0x1.8c8e60926f9c3p-5,-0.1761526792982538,-0x1.68c2bc65829d2p-3,3.638936651268518,-0.37713702718485437,-0x1.823035777a7bbp-2,-0.9433385042526288,-0x1.e2fd43b1a52b8p-1,2.501315002916035,-0.29230047875549403,-0x1.2b50d11370a12p-2,-0.04346232177352055,-0x1.640b185404178p-5,0.14869055965480057,-0.2921725454288428,-0x1.2b2f479d9fb27p-2,-0.0033617226151791925,-0x1.b8a0b1617e7f6p-9,0.011505949712848443,-1.2316094892410674
H593-e69eb7b78aae86a02db13aa6,DIFFICULT-0061,90,4277,/hkfs/work/workspace/scratch/ap7811-benchmark/dailymed/data/box_flat_20000_images/data/raw_images/otc/cvs-44-075-1.jpg,24,408.658203125,0x1.98a8800000000p+8,False,False,False,CHALLENGER,90,-2.295230243445867,-0x1.25ca1ac831ef6p+1,-2.295230243445867,-0x1.25ca1ac831ef6p+1,0.00048479331396717855,0.016487472653732526,0.029403737258507496,0.0004648883839091772,0.0003922142193417333,1.9904930058001376e-05,9.257909462544525e-05,-1.2316094892410674,0.0,-0.8574410694076364,-1.4377891740382307,False,26,-1.782823498637004,-0x1.c8671eed2facfp+0,-0.8574410694076364,-0x1.b702840eb4c4ep-1,0.4809455731670372,-0.4109638245293326,-0x1.a4d3b368c5301p-2,0.8606110319156969,0x1.b8a202594f38dp-1,-2.0941284379503107,-0.049531977359378,-0x1.95c415dbabf53p-5,-0.180243727822843,-0x1.71239fa277447p-3,3.638936651268518,-0.36894197524016487,-0x1.79cbecd71cd35p-2,-0.9228400978737007,-0x1.d87e7f4f9c26dp-1,2.501315002916035,0.27954020542808145,0x1.1e3fc9a0ec44ep-2,0.04156498959111935,0x1.548019de7a5f5p-5,0.14869055965480057,-0.4581873499367634,-0x1.d52f108dad5ebp-2,-0.0052718806074356925,-0x1.597f7acc1f521p-8,0.011505949712848443,-1.2316094892410674
H593-e69eb7b78aae86a02db13aa6,DIFFICULT-0061,91,4278,/hkfs/work/workspace/scratch/ap7811-benchmark/dailymed/data/box_flat_20000_images/data/raw_images/otc/cvs-44-079-delisted-1.jpg,54,401.0848083496094,0x1.9115b60000000p+8,False,False,False,CHALLENGER,91,-3.5005836737097087,-0x1.c0132035bf537p+1,-3.5005836737097087,-0x1.c0132035bf537p+1,0.00019749864683378196,0.012283711556634502,0.016078092189254625,0.00019935372740407826,0.00019248854342912786,-1.8550805702962996e-06,5.010103404654096e-06,-1.2316094892410674,-4.440892098500626e-16,-1.3935928918557088,-2.106990781854,False,120,-2.8976103942050426,-0x1.72e4e5bbd4859p+1,-1.3935928918557088,-0x1.64c280f675556p+0,0.4809455731670372,-0.7092960796673217,-0x1.6b28db12b44dfp-1,1.4853570913580074,0x1.7c405cc243aaep+0,-2.0941284379503107,-0.1942363819684094,-0x1.8dcbcde1fb40fp-3,-0.7068138893546364,-0x1.69e382964600fp-1,3.638936651268518,-0.5973584286208699,-0x1.31d8f6c5d54adp-1,-1.494181599627729,-0x1.7e82af70afa1cp+0,2.501315002916035,-0.9999999234466207,-0x1.fffffd6e6956bp-1,-0.14869054827203576,-0x1.3084ab906bef8p-3,0.14869055965480057,-0.960576657500648,-0x1.ebd0b42288556p-1,-0.011052346716538498,-0x1.6a29cdd885e27p-7,0.011505949712848443,-1.2316094892410674
H593-e69eb7b78aae86a02db13aa6,DIFFICULT-0061,92,4279,/hkfs/work/workspace/scratch/ap7811-benchmark/dailymed/data/box_flat_20000_images/data/raw_images/otc/cvs-44-097-1.jpg,35,405.43804931640625,0x1.9570240000000p+8,False,False,False,CHALLENGER,92,-3.0808231976488525,-0x1.8a586a1f5479cp+1,-3.0808231976488525,-0x1.8a586a1f5479cp+1,0.0002216753445294919,0.013355709546000277,0.016597796153471945,0.00022764875251174115,0.00020832399711299415,-5.97340798224924e-06,1.3351347416497766e-05,-1.2316094892410674,0.0,-1.0854090262149045,-1.995414171433948,False,83,-2.256822989486029,-0x1.20df93625a0a9p+1,-1.0854090262149045,-0x1.15dd5dae60501p+0,0.4809455731670372,-0.6794139528464037,-0x1.5bdc2547d7c07p-1,1.4227800797958854,0x1.6c3b50b81fa42p+0,-2.0941284379503107,-0.15367384894628275,-0x1.3ab95adbcc3e7p-3,-0.5592094012721303,-0x1.1e50b1d428b98p-1,3.638936651268518,-0.5870309210946971,-0x1.2c8f511faf59ap-1,-1.468349250109785,-0x1.77e5bc8853e0fp+0,2.501315002916035,-0.9999999417965362,-0x1.fffffe0c093acp-1,-0.14869055100049497,-0x1.3084abee2bb77p-3,0.14869055965480057,-0.8982795739854535,-0x1.cbeb4ce1dd5b1p-1,-0.010335559606355552,-0x1.52acf53f61435p-7,0.011505949712848443,-1.2316094892410674
H593-e69eb7b78aae86a02db13aa6,DIFFICULT-0061,93,4280,/hkfs/work/workspace/scratch/ap7811-benchmark/dailymed/data/box_flat_20000_images/data/raw_images/otc/cvs-44-098-1.jpg,53,401.09942626953125,0x1.9119740000000p+8,False,False,False,CHALLENGER,93,-3.1084670418446616,-0x1.8de23f7eb555fp+1,-3.1084670418446616,-0x1.8de23f7eb555fp+1,0.0005198880485678512,0.014139758302341257,0.03676781720390286,0.000562929946787648,0.00042214505551513905,-4.304189821979678e-05,9.774299305271211e-05,-1.2316094892410674,0.0,-1.3925580290710589,-1.7159090127736027,False,88,-2.895458668849021,-0x1.729e63c0d028ap+1,-1.3925580290710589,-0x1.647eaed8a4755p+0,0.4809455731670372,-0.3815093591864994,-0x1.86aa63b34bb4ep-2,0.798929598416648,0x1.990d4ce203078p-1,-2.0941284379503107,-0.12570915519225928,-0x1.0173cd32de4b6p-3,-0.45744765222911443,-0x1.d46d2847d2f90p-2,3.638936651268518,-0.2686861838197179,-0x1.1322789192289p-2,-0.6720687826645161,-0x1.5819664469cb3p-1,2.501315002916035,-0.9999999815666837,-0x1.ffffff61a8b57p-1,-0.14869055691394045,-0x1.3084acb95aeeep-3,0.14869055965480057,-0.43648114818409595,-0x1.bef4ea0315bb3p-2,-0.005022130141612557,-0x1.49215cb6e8473p-8,0.011505949712848443,-1.2316094892410674
H593-e69eb7b78aae86a02db13aa6,DIFFICULT-0061,94,4281,/hkfs/work/workspace/scratch/ap7811-benchmark/dailymed/data/box_flat_20000_images/data/raw_images/otc/cvs-44-112-1.jpg,56,400.8847961425781,0x1.90e2820000000p+8,False,False,False,CHALLENGER,94,-3.048591842689669,-0x1.863841eb9a2d4p+1,-3.048591842689669,-0x1.863841eb9a2d4p+1,0.0005718649193818746,0.01276365183934679,0.044804177251135446,0.0005653962307222419,0.00047045217733062236,6.468688659632717e-06,0.00010141274205125226,-1.2316094892410674,4.440892098500626e-16,-1.4077525801450512,-1.640839262544618,False,78,-2.9270517469886865,-0x1.76a9a1b3820ecp+1,-1.4077525801450512,-0x1.6862791c95263p+0,0.4809455731670372,-0.34007759942027144,-0x1.5c3d4d5e72f2dp-2,0.7121661720558645,0x1.6ca10b64984b0p-1,-2.0941284379503107,-0.17572910515004975,-0x1.67e4a93c99356p-3,-0.6394670814251353,-0x1.47683ab32dd64p-1,3.638936651268518,-0.17479448044176527,-0x1.65faa6082648cp-3,-0.4372160563559009,-0x1.bfb590dd56b84p-2,2.501315002916035,-0.2680983353581002,-0x1.12885eb9e67b9p-2,-0.03986369152691632,-0x1.4690386cfd718p-5,0.14869055965480057,-0.4214442242910387,-0x1.af8f1321ac227p-2,-0.004849116051463112,-0x1.3dcaaadb04d90p-8,0.011505949712848443,-1.2316094892410674
H593-e69eb7b78aae86a02db13aa6,DIFFICULT-0061,95,4282,/hkfs/work/workspace/scratch/ap7811-benchmark/dailymed/data/box_flat_20000_images/data/raw_images/otc/cvs-44-194-1.jpg,66,399.5391845703125,0x1.8f8a080000000p+8,False,False,False,CHALLENGER,95,-3.359920739498026,-0x1.ae11e1fea5e88p+1,-3.359920739498026,-0x1.ae11e1fea5e88p+1,0.00028386736095171593,0.01269496249233758,0.022360630141526804,0.0002769251743836169,0.00026654627051731687,6.942186568099039e-06,1.7321090434399057e-05,-1.2316094892410674,0.0,-1.5030139679604275,-1.8569067715375986,False,105,-3.125122782736199,-0x1.900405f9eb121p+1,-1.5030139679604275,-0x1.80c585fdd23c0p+0,0.4809455731670372,-0.6071393998964986,-0x1.36daf9b556493p-1,1.2714278831233436,0x1.457c4c393cbddp+0,-2.0941284379503107,-0.17834262616435473,-0x1.6d3ee616de87dp-3,-0.6489775188329502,-0x1.4c46c8067417fp-1,3.638936651268518,-0.4808641882930379,-0x1.ec67a96a250d6p-2,-1.2027928085424169,-0x1.33ea3ac08dbd5p+0,2.501315002916035,-0.23501592981727973,-0x1.e1500824d57fdp-3,-0.03494465013232466,-0x1.1e443e2fa1c36p-5,0.14869055965480057,-0.8700010135630013,-0x1.bd70c5d97ad9dp-1,-0.010010187912183069,-0x1.48038adad5828p-7,0.011505949712848443,-1.2316094892410674
H593-e69eb7b78aae86a02db13aa6,DIFFICULT-0061,96,4284,/hkfs/work/workspace/scratch/ap7811-benchmark/dailymed/data/box_flat_20000_images/data/raw_images/otc/cvs-44-327-1.jpg,118,393.6981201171875,0x1.89b2b80000000p+8,False,False,False,CHALLENGER,96,-3.3156044467739165,-0x1.a865b9fcaedddp+1,-3.3156044467739165,-0x1.a865b9fcaedddp+1,0.00043566313773722194,0.017927750807853988,0.024301048269053462,0.0004175516758776038,0.0003329053582917015,1.8111461859618167e-05,0.00010275777944552042,-1.2316094892410674,4.440892098500626e-16,-1.9165269887996315,-1.399077457974285,False,101,-3.984914501196589,-0x1.fe11ada9ff6cap+1,-1.9165269887996315,-0x1.eaa18342cbb7fp+0,0.4809455731670372,-0.45437278760896327,-0x1.d147199be4332p-2,0.9515149759626865,0x1.e72cf88ed3f33p-1,-2.0941284379503107,-0.0076979038839790235,-0x1.f87d656defdd3p-8,-0.028012184581353544,-0x1.caf39e2aa6c58p-6,3.638936651268518,-0.4482427106234189,-0x1.cb00231b3120ap-2,-1.1211962170301084,-0x1.1f06b71c8b116p+0,2.501315002916035,0.23546930961283166,0x1.e23dbbbffd905p-3,0.03501206342786145,0x1.1ed19e6c6baa0p-5,0.14869055965480057,-0.4160114229387745,-0x1.a9fee6012349bp-2,-0.004786606512304065,-0x1.39b1ee6ddddc7p-8,0.011505949712848443,-1.2316094892410674
H593-e69eb7b78aae86a02db13aa6,DIFFICULT-0061,97,4287,/hkfs/work/workspace/scratch/ap7811-benchmark/dailymed/data/box_flat_20000_images/data/raw_images/otc/cvs-44-367-1.jpg,106,394.90716552734375,0x1.8ae83c0000000p+8,False,False,False,CHALLENGER,97,-3.303537233055033,-0x1.a6da4edc8b7b3p+1,-3.303537233055033,-0x1.a6da4edc8b7b3p+1,0.0005056047826582894,0.016210711779312412,0.031189548586233327,0.0004916557146422952,0.000769012343237513,1.3949068015994175e-05,-0.00026340756057922356,-1.2316094892410674,-4.440892098500626e-16,-1.830933682323103,-1.47260355073193,False,100,-3.8069457012908225,-0x1.e749ff2a588f2p+1,-1.830933682323103,-0x1.d4b811deb8fb1p+0,0.4809455731670372,-0.3933474110611823,-0x1.92c9a9e9e56c8p-2,0.8237199994973525,0x1.a5bea0b5cdf5cp-1,-2.0941284379503107,-0.057971778293255304,-0x1.dae7a17b892b3p-5,-0.21095562877053942,-0x1.b0098133d00b0p-3,3.638936651268518,-0.34320167764363374,-0x1.5f7042b5a59f8p-2,-0.8584555053159738,-0x1.b7877ae0ce785p-1,2.501315002916035,0.10897142916346592,0x1.be58d34749978p-4,0.016203022788699204,0x1.0978673e52d59p-6,0.14869055965480057,-0.999999998049035,-0x1.ffffffef3dc86p-1,-0.011505949690400738,-0x1.7906e6d099c38p-7,0.011505949712848443,-1.2316094892410674
H593-e69eb7b78aae86a02db13aa6,DIFFICULT-0061,98,4289,/hkfs/work/workspace/scratch/ap7811-benchmark/dailymed/data/box_flat_20000_images/data/raw_images/otc/cvs-44-390-1.jpg,73,398.9896240234375,0x1.8efd580000000p+8,False,False,False,CHALLENGER,98,-2.5217920462017664,-0x1.42ca14eedfefep+1,-2.5217920462017664,-0x1.42ca14eedfefep+1,0.002292639534886997,0.02890494076873919,0.07931652769088168,0.0023052998526660964,0.002456193895026005,-1.2660317779099317e-05,-0.0001635543601390078,-1.2316094892410674,-4.440892098500626e-16,-1.5419196235470127,-0.9798724226547537,False,37,-3.2060168750352314,-0x1.9a5ec2ce59a7fp+1,-1.5419196235470127,-0x1.8abb3e9431eeep+0,0.4809455731670372,0.3275647532640367,0x1.4f6d227a5d8a1p-2,-0.6859626650803962,-0x1.5f367f9998381p-1,-2.0941284379503107,0.22710347398563135,0x1.d11ba04c9c354p-3,0.8264151551167204,0x1.a71fe3204a481p-1,3.638936651268518,0.10853534214745779,0x1.bc8f8e0fbc6c3p-4,0.27148107966006124,0x1.15ff22da7dadfp-2,2.501315002916035,-0.9999999581029306,-0x1.fffffe981b5ecp-1,-0.14869055342510187,-0x1.3084ac417ac8dp-3,0.14869055965480057,-0.9999999975770126,-0x1.ffffffeb2fcb6p-1,-0.011505949684969673,-0x1.7906e6cd9d68cp-7,0.011505949712848443,-1.2316094892410674
H593-e69eb7b78aae86a02db13aa6,DIFFICULT-0061,99,4296,/hkfs/work/workspace/scratch/ap7811-benchmark/dailymed/data/box_flat_20000_images/data/raw_images/otc/cvs-44-453---nasal-decongestant-1.jpg,58,400.38818359375,0x1.9063600000000p+8,False,False,False,CHALLENGER,99,-2.816831872556761,-0x1.688df2617b19fp+1,-2.816831872556761,-0x1.688df2617b19fp+1,0.0006285591982317644,0.018111629651761402,0.0347047289679223,0.0006190112469563863,0.0005446377756367358,9.54795127537818e-06,8.392142259502867e-05,-1.2316094892410674,0.0,-1.4429098287767983,-1.3739220437799629,False,61,-3.0001520115367843,-0x1.8004fb2a4a201p+1,-1.4429098287767983,-0x1.716289ddac5dfp+0,0.4809455731670372,-0.29762939454487664,-0x1.30c5c28f98173p-2,0.6232741790863592,0x1.3f1dcb0f3bfc6p-1,-2.0941284379503107,-0.002595841440303308,-0x1.543dfc2ef3dbdp-9,-0.009446102558001365,-0x1.3587a6c7d7f38p-7,3.638936651268518,-0.2952616720567075,-0x1.2e591364fbbc6p-2,-0.7385424501015166,-0x1.7a223c6bc9967p-1,2.501315002916035,-0.0799660654282662,-0x1.478a7f3cde006p-4,-0.011890199021921302,-0x1.859e37f8962e8p-7,0.14869055965480057,-0.4960895959280343,-0x1.fbfee9399648dp-2,-0.005707981943815266,-0x1.76140bc65c3f4p-8,0.011505949712848443,-1.2316094892410674
H593-e69eb7b78aae86a02db13aa6,DIFFICULT-0061,100,4297,/hkfs/work/workspace/scratch/ap7811-benchmark/dailymed/data/box_flat_20000_images/data/raw_images/otc/cvs-44-453485-1.jpg,11,411.8055419921875,0x1.9bce380000000p+8,False,False,False,CHALLENGER,100,-1.5366709334437805,-0x1.8963442bdad62p+0,-1.5366709334437805,-0x1.8963442bdad62p+0,0.001541600642661527,0.023968052781461996,0.0643189772952216,0.001390601371973732,0.0016163296096560558,0.00015099927068779506,-7.472896699452876e-05,-1.2316094892410674,0.0,-0.6346279823376846,-0.9020429511060959,False,4,-1.3195422054904162,-0x1.51cd849a45e69p+0,-0.6346279823376846,-0x1.44edf57a889ccp-1,0.4809455731670372,0.14071661102639918,0x1.203007d2e6113p-3,-0.29467865684237476,-0x1.2dc03de7de6b5p-2,-2.0941284379503107,0.136628122686148,0x1.17d07c3535014p-3,0.49718108323663557,0x1.fd1d09b2c3caep-2,3.638936651268518,0.004168633904193458,0x1.113212499a1acp-8,0.010427066526223541,0x1.55ac92dc969dbp-7,2.501315002916035,0.8618098902129866,0x1.b93f255bab12dp-1,0.12814299489181122,0x1.066fd5a22cb23p-3,0.14869055965480057,-0.9999999969125156,-0x1.ffffffe57a8cdp-1,-0.011505949677324004,-0x1.7906e6c969608p-7,0.011505949712848443,-1.2316094892410674
H593-e69eb7b78aae86a02db13aa6,DIFFICULT-0061,101,4298,/hkfs/work/workspace/scratch/ap7811-benchmark/dailymed/data/box_flat_20000_images/data/raw_images/otc/cvs-44-462-1.jpg,115,394.2374267578125,0x1.8a3cc80000000p+8,False,False,False,CHALLENGER,101,-3.367046040495217,-0x1.aefb5d5a06d0ep+1,-3.367046040495217,-0x1.aefb5d5a06d0ep+1,0.000677819940153199,0.016292564649617154,0.041603022896037824,0.000674073613582878,0.0005815329492717252,3.7463265703209167e-06,9.628699088147378e-05,-1.2316094892410674,0.0,-1.878347249487874,-1.4886987910073433,False,109,-3.905529761130591,-0x1.f3e86632ce278p+1,-1.878347249487874,-0x1.e0db5d8714fc1p+0,0.4809455731670372,-0.2628717496101238,-0x1.0d2e407e789bfp-2,0.5504872063923136,0x1.19d97588a48d2p-1,-2.0941284379503107,-0.05546157915654452,-0x1.c6575c952e125p-5,-0.20182117312997994,-0x1.9d546b51de730p-3,3.638936651268518,-0.21047880045501438,-0x1.af0f8263a50fep-3,-0.5264737813738978,-0x1.0d8df8b26799cp-1,2.501315002916035,-0.4989540722130951,-0x1.feedd0f971efbp-2,-0.07418976023940689,-0x1.2fe19a1ed2435p-4,0.14869055965480057,-0.4425356917403401,-0x1.c528138d59991p-2,-0.0050917934153049535,-0x1.4db21e325c6efp-8,0.011505949712848443,-1.2316094892410674
H593-e69eb7b78aae86a02db13aa6,DIFFICULT-0061,102,4303,/hkfs/work/workspace/scratch/ap7811-benchmark/dailymed/data/box_flat_20000_images/data/raw_images/otc/cvs-44-503a473c-1.jpg,52,401.2176513671875,0x1.9137b80000000p+8,False,False,False,CHALLENGER,102,-2.33420608484097,-0x1.2ac743d64211cp+1,-2.33420608484097,-0x1.2ac743d64211cp+1,0.0017191471162184356,0.02192579163775603,0.07840752774727999,0.0016554972361795548,0.0018562024431167886,6.364988003888078e-05,-0.00013705532689835308,-1.2316094892410674,0.0,-1.3841883872595069,-0.9500176975814629,False,30,-2.8780561969717193,-0x1.7064253d0596fp+1,-1.3841883872595069,-0x1.625a2b8ec8563p+0,0.4809455731670372,0.19368224340254228,0x1.8ca946a9d6b19p-3,-0.4055954938352777,-0x1.9f546cd5b5bf4p-2,-2.0941284379503107,0.09269200684893039,0x1.7baa9d2044aa6p-4,0.3373003410022053,0x1.596542b622f04p-2,3.638936651268518,0.10283643819756956,0x1.a537d22e54bb5p-4,0.25722632571002835,0x1.0766568261176p-2,2.501315002916035,0.7005593946753449,0x1.66afb8921283fp-1,0.10416656846570535,0x1.aaaa904e5915ep-4,0.14869055965480057,-0.9999999974107662,-0x1.ffffffe9c236fp-1,-0.011505949683056849,-0x1.7906e6cc90340p-7,0.011505949712848443,-1.2316094892410674
H593-e69eb7b78aae86a02db13aa6,DIFFICULT-0061,103,4305,/hkfs/work/workspace/scratch/ap7811-benchmark/dailymed/data/box_flat_20000_images/data/raw_images/otc/cvs-44-527-1.jpg,36,404.6268310546875,0x1.94a0780000000p+8,False,False,False,CHALLENGER,103,-2.5037227521884216,-0x1.4079fcb5733fcp+1,-2.5037227521884216,-0x1.4079fcb5733fcp+1,0.0008710632909701218,0.021088678053776892,0.04130478395795502,0.0009066262490190047,0.0008767137011162087,-3.55629580488829e-05,-5.650410146086854e-06,-1.2316094892410674,0.0,-1.1428385096002114,-1.3608842425882102,False,36,-2.3762325164458726,-0x1.30286318e9d4cp+1,-1.1428385096002114,-0x1.2491108757a05p+0,0.4809455731670372,-0.14279182576278127,-0x1.24700a6e4c574p-3,0.2990244230366861,0x1.3233755697624p-2,-2.0941284379503107,0.07336313752086224,0x1.2c7ed3462515ap-4,0.2669638099767182,0x1.115ef60443230p-2,3.638936651268518,-0.2139140730349493,-0x1.b61894deb6cf6p-3,-0.5350664802171952,-0x1.11f43bd36ff76p-1,2.501315002916035,-0.9999999786190735,-0x1.ffffff4856d87p-1,-0.14869055647565865,-0x1.3084acaa4bc40p-3,0.14869055965480057,-0.9999999960755029,-0x1.ffffffde49f09p-1,-0.011505949667693378,-0x1.7906e6c41dfcap-7,0.011505949712848443,-1.2316094892410674
H593-e69eb7b78aae86a02db13aa6,DIFFICULT-0061,104,4309,/hkfs/work/workspace/scratch/ap7811-benchmark/dailymed/data/box_flat_20000_images/data/raw_images/otc/cvs-44-585-delisted-1.jpg,104,395.0802917480469,0x1.8b148e0000000p+8,False,False,False,CHALLENGER,104,-3.423132562512181,-0x1.b6293532ee663p+1,-3.423132562512181,-0x1.b6293532ee663p+1,0.0005047361115328834,0.012818978925356274,0.03937412757068367,0.0004860627994342645,0.000604979277513267,1.8673312098618897e-05,-0.0001002431659803836,-1.2316094892410674,0.0,-1.818677363790079,-1.604455198722102,False,113,-3.781461905999152,-0x1.e406f198ab081p+1,-1.818677363790079,-0x1.d194d6f77431cp+0,0.4809455731670372,-0.39407391851391377,-0x1.93881d00e5335p-2,0.8252413994145003,0x1.a6860a6b94c34p-1,-2.0941284379503107,-0.17363241182694747,-0x1.639963d294289p-3,-0.6318373472452284,-0x1.43802f4d9e8abp-1,3.638936651268518,-0.23663287599487437,-0x1.e49fc6fc73868p-3,-0.591893362909149,-0x1.2f0ca598d4192p-1,2.501315002916035,0.24984471794985944,0x1.ffae96656248dp-3,0.0371495509387604,0x1.3054414afa5d3p-5,0.14869055965480057,-0.999999997137971,-0x1.ffffffe76a54fp-1,-0.011505949679918082,-0x1.7906e6cad6760p-7,0.011505949712848443,-1.2316094892410674
H593-e69eb7b78aae86a02db13aa6,DIFFICULT-0061,105,4310,/hkfs/work/workspace/scratch/ap7811-benchmark/dailymed/data/box_flat_20000_images/data/raw_images/otc/cvs-44-596a-1.jpg,92,396.703857421875,0x1.8cb4300000000p+8,False,False,False,CHALLENGER,105,-3.1328902663407057,-0x1.91028c59f1ed8p+1,-3.1328902663407057,-0x1.91028c59f1ed8p+1,0.0009748050000846955,0.018149237074733312,0.053710522159732134,0.0009995056350709083,0.0009957044075807665,-2.4700634986212812e-05,-2.0899407496070962e-05,-1.2316094892410674,0.0,-1.70373845981063,-1.4291518065300757,False,90,-3.542476643649041,-0x1.c56fdfe9a8825p+1,-1.70373845981063,-0x1.b4283425d2f60p+0,0.4809455731670372,-0.0872902287415802,-0x1.658a705b4981fp-4,0.18279695036293064,0x1.765e3f5cf046cp-3,-2.0941284379503107,-0.0015587103896669906,-0x1.989b489718b1ep-10,-0.005672048365672245,-0x1.73b92e3b5d4f4p-8,3.638936651268518,-0.08574318462569883,-0x1.5f343edd2800ep-4,-0.21447071410205998,-0x1.b73c6bf82518cp-3,2.501315002916035,-0.9999999721513124,-0x1.ffffff10c816ap-1,-0.14869055551396362,-0x1.3084ac89409b5p-3,0.14869055965480057,-0.9999999962971016,-0x1.ffffffe0313d8p-1,-0.01150594967024308,-0x1.7906e6c584d35p-7,0.011505949712848443,-1.2316094892410674
H593-e69eb7b78aae86a02db13aa6,DIFFICULT-0061,106,4312,/hkfs/work/workspace/scratch/ap7811-benchmark/dailymed/data/box_flat_20000_images/data/raw_images/otc/cvs-44-615-1.jpg,46,401.95330810546875,0x1.91f40c0000000p+8,False,False,False,CHALLENGER,106,-2.3230444100795182,-0x1.295984ec393c0p+1,-2.3230444100795182,-0x1.295984ec393c0p+1,0.002288853883209664,0.028294567465942652,0.08089375764321864,0.002325527258439708,0.0025248663648667785,-3.667337523004417e-05,-0.00023601248165711465,-1.2316094892410674,0.0,-1.3321082154708452,-0.990936194608673,False,29,-2.7697691584910187,-0x1.6287cbb8981c6p+1,-1.3321082154708452,-0x1.55050b442e21bp+0,0.4809455731670372,0.3268269215282812,0x1.4eabb76daa516p-2,-0.6844175506601282,-0x1.5e6bfa29c98fap-1,-2.0941284379503107,0.21695829936097563,0x1.bc54a202cf313p-3,0.7894975073415413,0x1.9439046c9c62ap-1,3.638936651268518,0.11825373607269335,0x1.e45e0790fe16cp-4,0.295789844189501,0x1.2ee3886d21a17p-2,2.501315002916035,-0.9999999791149218,-0x1.ffffff4c993a3p-1,-0.1486905565493866,-0x1.3084acacd4489p-3,0.14869055965480057,-0.9999999979388744,-0x1.ffffffee4b897p-1,-0.011505949689133236,-0x1.7906e6cfe760fp-7,0.011505949712848443,-1.2316094892410674
H593-e69eb7b78aae86a02db13aa6,DIFFICULT-0061,107,4313,/hkfs/work/workspace/scratch/ap7811-benchmark/dailymed/data/box_flat_20000_images/data/raw_images/otc/cvs-44-615-sm-1.jpg,124,393.3218994140625,0x1.8952680000000p+8,False,False,False,CHALLENGER,107,-3.128142789703512,-0x1.9066fba17f554p+1,-3.128142789703512,-0x1.9066fba17f554p+1,0.001895494365167511,0.02143850923947572,0.08841539978336038,0.0018954933140796937,0.0017549057390552295,1.0510878172605848e-09,0.00014058862611228146,-1.2316094892410674,0.0,-1.943161202597467,-1.184981587106045,False,89,-4.040293353365762,-0x1.02942a92bcef8p+2,-1.943161202597467,-0x1.f1730338031c5p+0,0.4809455731670372,0.24019948635878613,0x1.ebedb5536a76ep-3,-0.5030085751649918,-0x1.018a5707e1e4ap-1,-2.0941284379503107,0.08153998878664429,0x1.4dfce0127a3dap-4,0.2967188537397439,0x1.2fd71133acdbdp-2,3.638936651268518,0.16182905950630516,0x1.4b6d08b0f9e4ep-3,0.4047854544509129,0x1.9e8014030d7c1p-2,2.501315002916035,-0.9998123630715663,-0x1.ffe767f30ec62p-1,-0.14866265981489987,-0x1.30760c7054b8fp-3,0.14869055965480057,-0.27856640744426664,-0x1.1d408326f3084p-2,-0.003205171075742582,-0x1.a41bb1e5949f8p-9,0.011505949712848443,-1.2316094892410674
H593-e69eb7b78aae86a02db13aa6,DIFFICULT-0061,108,4317,/hkfs/work/workspace/scratch/ap7811-benchmark/dailymed/data/box_flat_20000_images/data/raw_images/otc/cvs-44-669-delisted-1.jpg,74,398.659912109375,0x1.8ea8f00000000p+8,False,False,False,CHALLENGER,108,-3.623198894222886,-0x1.cfc4fb3acb9abp+1,-3.623198894222886,-0x1.cfc4fb3acb9abp+1,0.00028492568360894387,0.009954887385033051,0.028621688281207803,0.0002805923921209747,0.00031200890227853787,4.333291487969152e-06,-2.7083218669594e-05,-1.2316094892410674,0.0,-1.5652612885268808,-2.0579376056960053,False,124,-3.2545497367188574,-0x1.a09515f534da0p+1,-1.5652612885268808,-0x1.90b4f6bbeaf33p+0,0.4809455731670372,-0.6059632931872355,-0x1.3640d21da19b1p-1,1.2689649646174117,0x1.44dae34ecd346p+0,-2.0941284379503107,-0.2929966225438066,-0x1.2c074e7ea80b5p-2,-1.0661961484725455,-0x1.10f23b14cf8cep+0,3.638936651268518,-0.38052750187222845,-0x1.85a9005f14467p-2,-0.9518191494551645,-0x1.e754d6ed3ba1bp-1,2.501315002916035,-0.4423403451176597,-0x1.c4f4de0fed433p-2,-0.06577183347344245,-0x1.0d66c41c4325cp-4,0.14869055965480057,-0.9999999963799926,-0x1.ffffffe0e7850p-1,-0.01150594967119682,-0x1.7906e6c60b0d7p-7,0.011505949712848443,-1.2316094892410674
H593-e69eb7b78aae86a02db13aa6,DIFFICULT-0061,109,4324,/hkfs/work/workspace/scratch/ap7811-benchmark/dailymed/data/box_flat_20000_images/data/raw_images/otc/cvs-44-692-1.jpg,119,393.46435546875,0x1.8976e00000000p+8,False,False,False,CHALLENGER,109,-3.4991507255029717,-0x1.bfe42bc4e7ac0p+1,-3.4991507255029717,-0x1.bfe42bc4e7ac0p+1,0.0004723983062186065,0.013977030294588397,0.03379818861818657,0.0004546792389701317,0.00035564898673671953,1.771906724847477e-05,0.00011674931948188694,-1.2316094892410674,0.0,-1.9330761514936143,-1.5660745740093573,False,119,-4.019324138413969,-0x1.013c9b4fa0ba6p+2,-1.9330761514936143,-0x1.eede142357b5ap+0,0.4809455731670372,-0.4216691702763011,-0x1.afca0b0045cdfp-2,0.8830294008825139,0x1.c41c6dfc64cc4p-1,-2.0941284379503107,-0.1314011286229324,-0x1.0d1c08f0be6e8p-3,-0.47816038296403746,-0x1.e9a2e01c4b233p-2,3.638936651268518,-0.307294558874096,-0x1.3aab6cc26975fp-2,-0.7686404904262412,-0x1.898b3f118632ep-1,2.501315002916035,0.22509837117035106,0x1.cd005ff479e95p-3,0.03347000278670353,0x1.122faeebb59efp-5,0.14869055965480057,-0.3618662649445831,-0x1.728d11f5d9c27p-2,-0.004163615047228665,-0x1.10ddde7602d35p-8,0.011505949712848443,-1.2316094892410674
H593-e69eb7b78aae86a02db13aa6,DIFFICULT-0061,110,4325,/hkfs/work/workspace/scratch/ap7811-benchmark/dailymed/data/box_flat_20000_images/data/raw_images/otc/cvs-44-738-ms-1.jpg,102,395.15618896484375,0x1.8b27fc0000000p+8,False,False,False,CHALLENGER,110,-3.5848340408100476,-0x1.cadbd7836eef8p+1,-3.5848340408100476,-0x1.cadbd7836eef8p+1,0.0004292294804205617,0.012094003240603153,0.03549110016603197,0.000423564040029824,0.00038464453157406977,5.665440390737733e-06,4.4584948846491956e-05,-1.2316094892410674,-4.440892098500626e-16,-1.8133042870772935,-1.7715297537327541,False,122,-3.770290004202856,-0x1.e298dce43e550p+1,-1.8133042870772935,-0x1.d034b5b2b18dep+0,0.4809455731670372,-0.4602558314515477,-0x1.d74d4dff82c00p-2,0.9638348253751511,0x1.ed7bc21b76dbbp-1,-2.0941284379503107,-0.20171351942566673,-0x1.9d1bfa48c1200p-3,-0.7340227188944228,-0x1.77d1d36858582p-1,3.638936651268518,-0.2850018321450399,-0x1.23d7853173bd9p-2,-0.7128793586029457,-0x1.6cfe85f662df1p-1,2.501315002916035,-0.3284663383639248,-0x1.50597ad47090cp-2,-0.04883984367909507,-0x1.9018936afdabbp-5,0.14869055965480057,-0.6964369643842206,-0x1.649362c382f0fp-1,-0.008013168690373666,-0x1.069354bb32be2p-7,0.011505949712848443,-1.2316094892410674
H593-e69eb7b78aae86a02db13aa6,DIFFICULT-0061,111,4327,/hkfs/work/workspace/scratch/ap7811-benchmark/dailymed/data/box_flat_20000_images/data/raw_images/otc/cvs-allergy-relief-carton-image.jpg,64,399.7822265625,0x1.8fc8400000000p+8,False,False,False,CHALLENGER,111,-2.202895675151584,-0x1.19f87c48a3507p+1,-2.202895675151584,-0x1.19f87c48a3507p+1,0.002804581495004264,0.025043652049269928,0.111987720061221,0.0026098331990316477,0.0028611676135000493,0.00019474829597261644,-5.6586118495785195e-05,-1.2316094892410674,0.0,-1.485808023874934,-0.7170876512766498,False,23,-3.0893475411175024,-0x1.8b6fbd7f89f1bp+1,-1.485808023874934,-0x1.7c5dea26ad5eep+0,0.4809455731670372,0.41436791246476706,0x1.a8500fe2311ddp-2,-0.8677396292665737,-0x1.bc485e6249443p-1,-2.0941284379503107,0.15809983799048702,0x1.43c9d90d60569p-3,0.575315295023198,0x1.268fb9f206c5bp-1,3.638936651268518,0.27423352404201834,0x1.18d0ac44e8c0fp-2,0.6859444279888356,0x1.5f341baa2bc38p-1,2.501315002916035,0.8911641344400277,0x1.c846aa59937d7p-1,0.13250769389417366,0x1.0f60319df36a2p-3,0.14869055965480057,-0.9999999967293052,-0x1.ffffffe3e7aa8p-1,-0.011505949675215992,-0x1.7906e6c840b36p-7,0.011505949712848443,-1.2316094892410674
H593-e69eb7b78aae86a02db13aa6,DIFFICULT-0061,112,4331,/hkfs/work/workspace/scratch/ap7811-benchmark/dailymed/data/box_flat_20000_images/data/raw_images/otc/cvs-childrens-cough-dm-carton-image.jpg,72,399.10919189453125,0x1.8f1bf40000000p+8,False,False,False,CHALLENGER,112,-2.95197476281545,-0x1.79da4f1c74718p+1,-2.95197476281545,-0x1.79da4f1c74718p+1,0.0007523139299195284,0.019745506097700267,0.038100513919324126,0.0007664870105224416,0.0006011838375654334,-1.4173080602913153e-05,0.00015113009235409505,-1.2316094892410674,4.440892098500626e-16,-1.5334549212708999,-1.41851984154455,False,70,-3.188416749889318,-0x1.981e0a416588ap+1,-1.5334549212708999,-0x1.88908070bfaf6p+0,0.4809455731670372,-0.21370917821316943,-0x1.b5ad285a3eaa6p-3,0.44753446754718906,0x1.ca4679b7cab38p-2,-2.0941284379503107,0.04056771208116665,0x1.4c54a895305f6p-5,0.14762333435026595,0x1.2e5524894973fp-3,3.638936651268518,-0.2520913360603058,-0x1.02243b2fef92fp-2,-0.6305598409927909,-0x1.42d8bd4e78519p-1,2.501315002916035,-0.9999999606001087,-0x1.fffffead8eb90p-1,-0.1486905537964087,-0x1.3084ac4e3cd57p-3,0.14869055965480057,-0.24489585667071548,-0x1.f58bf57a9cee5p-3,-0.002817759411738192,-0x1.7154510af67a9p-9,0.011505949712848443,-1.2316094892410674
H593-e69eb7b78aae86a02db13aa6,DIFFICULT-0061,113,4332,/hkfs/work/workspace/scratch/ap7811-benchmark/dailymed/data/box_flat_20000_images/data/raw_images/otc/cvs-cold-remedy-01.jpg,50,401.4013671875,0x1.9166c00000000p+8,False,False,False,CHALLENGER,113,-2.7597988231920905,-0x1.6141167c931ccp+1,-2.7597988231920905,-0x1.6141167c931ccp+1,0.0009121586829189022,0.019591552196621752,0.04655877562759878,0.0009443523996957333,0.0007611251311230677,-3.219371677683105e-05,0.00015103355179583457,-1.2316094892410674,0.0,-1.3711823873355151,-1.3886164358565753,False,55,-2.8510136361298617,-0x1.6cee03cbd05bcp+1,-1.3711823873355151,-0x1.5f05cf16750ddp+0,0.4809455731670372,-0.12014159415659945,-0x1.ec19979cab9eap-4,0.25159192890401977,0x1.01a1508a523ffp-2,-2.0941284379503107,0.03665982098002331,0x1.2c513785f71c2p-5,0.13340276619314936,0x1.1135782ff6ce7p-3,3.638936651268518,-0.15611383221852343,-0x1.3fb89bdea7812p-3,-0.39048987069090935,-0x1.8fdc93a0259b2p-2,2.501315002916035,-0.9999999769592774,-0x1.ffffff3a14ea5p-1,-0.14869055622886265,-0x1.3084aca1d0ecdp-3,0.14869055965480057,-0.2451961692266533,-0x1.f62968bf76b27p-3,-0.00282121479290495,-0x1.71c8428a815bap-9,0.011505949712848443,-1.2316094892410674
H593-e69eb7b78aae86a02db13aa6,DIFFICULT-0061,114,4335,/hkfs/work/workspace/scratch/ap7811-benchmark/dailymed/data/box_flat_20000_images/data/raw_images/otc/cvs-health-childrens-fluticasone-propionate-nasal-spray-carton-image.jpg,75,398.56072998046875,0x1.8e8f8c0000000p+8,False,False,False,CHALLENGER,114,-2.7505209075106234,-0x1.601111b05c769p+1,-2.7505209075106234,-0x1.601111b05c769p+1,0.000973970232831395,0.017652767198091668,0.05517379920677167,0.0008980751064131934,0.0008421740200658926,7.589512641820162e-05,0.00013179621276550237,-1.2316094892410674,0.0,-1.5722828001137534,-1.17823810739687,False,54,-3.2691491258776675,-0x1.a2737a82b21efp+1,-1.5722828001137534,-0x1.928120268d47cp+0,0.4809455731670372,-0.08771530377624583,-0x1.674829913e2e9p-4,0.18368711208128666,0x1.7830f2d8afbe9p-3,-2.0941284379503107,-0.015425474266874004,-0x1.f97641c031978p-7,-0.056132323672927184,-0x1.cbd603cd8f05ep-5,3.638936651268518,-0.07238777383852443,-0x1.28801514446e6p-4,-0.18106462472999402,-0x1.72d2028d6c35ep-3,2.501315002916035,0.7426558929977833,0x1.7c3d64a936dd0p-1,0.1104259203607761,0x1.c44df84948a35p-4,0.14869055965480057,-0.30807558553691927,-0x1.3b782a924ef84p-2,-0.0035447021949441323,-0x1.d09c7800b038cp-9,0.011505949712848443,-1.2316094892410674
H593-e69eb7b78aae86a02db13aa6,DIFFICULT-0061,115,4336,/hkfs/work/workspace/scratch/ap7811-benchmark/dailymed/data/box_flat_20000_images/data/raw_images/otc/cvs-health-maximum-strength-scalp-reliefanti-itch-1.jpg,41,402.97283935546875,0x1.92f90c0000000p+8,False,False,False,CHALLENGER,115,-2.644350719774404,-0x1.527a159a4ae56p+1,-2.644350719774404,-0x1.527a159a4ae56p+1,0.0007381829342660691,0.018002082518801102,0.041005418872795525,0.000732469668010182,0.0006732124620830544,5.7132662558870935e-06,6.497047218301472e-05,-1.2316094892410674,0.0,-1.2599313972880024,-1.3844193224864014,False,46,-2.6196964221779324,-0x1.4f52365d59e93p+1,-1.2599313972880024,-0x1.428add328e38cp+0,0.4809455731670372,-0.2227386115568058,-0x1.c82b2e618b1e2p-3,0.46644326069067477,0x1.dda34d586c988p-2,-2.0941284379503107,-0.005629191534130641,-0x1.70ea298ac13e8p-8,-0.020484271390558445,-0x1.4f9d42ed1c0c8p-6,3.638936651268518,-0.21738198199403086,-0x1.bd32c3bb3b70ap-3,-0.5437408129252927,-0x1.166532220777ep-1,2.501315002916035,-0.3247115260904026,-0x1.4c812da4c5269p-2,-0.04828153854074634,-0x1.8b85b9a10ee6fp-5,0.14869055965480057,-0.5863463032414853,-0x1.2c3595291af8ap-1,-0.0067464710794111135,-0x1.ba2300a6445b8p-8,0.011505949712848443,-1.2316094892410674
H593-e69eb7b78aae86a02db13aa6,DIFFICULT-0061,116,4342,/hkfs/work/workspace/scratch/ap7811-benchmark/dailymed/data/box_flat_20000_images/data/raw_images/otc/cvs-mucus-relief-dm-carton-image.jpg,48,401.59600830078125,0x1.9198940000000p+8,False,False,False,CHALLENGER,116,-2.6767546414013275,-0x1.569fe5661e118p+1,-2.6767546414013275,-0x1.569fe5661e118p+1,0.0006939423399680404,0.0194181825925122,0.035736729565805495,0.0006849177288117126,0.0007607229513297591,9.024611156327749e-06,-6.678061136171874e-05,-1.2316094892410674,0.0,-1.3574029409044157,-1.3193517004969118,False,51,-2.8223628964206644,-0x1.69432ff8c9091p+1,-1.3574029409044157,-0x1.5b7ec256adbe6p+0,0.4809455731670372,-0.251896940276789,-0x1.01f14581ce1acp-2,0.5275045460662948,0x1.0e15136bb12f0p-1,-2.0941284379503107,0.032220805454503364,0x1.07f3ed35b11d3p-5,0.11724946990178486,0x1.e040faeb395a8p-4,3.638936651268518,-0.2818303201494918,-0x1.209820a040cbbp-2,-0.7049464080665531,-0x1.68eebc5028334p-1,2.501315002916035,-0.10790106324293953,-0x1.b9f6771d5016dp-4,-0.01604386948094071,-0x1.06dcddae3425dp-6,0.14869055965480057,-0.9999999968348413,-0x1.ffffffe4cfbe1p-1,-0.011505949676430286,-0x1.7906e6c8eb98fp-7,0.011505949712848443,-1.2316094892410674
H593-e69eb7b78aae86a02db13aa6,DIFFICULT-0061,117,4345,/hkfs/work/workspace/scratch/ap7811-benchmark/dailymed/data/box_flat_20000_images/data/raw_images/otc/cvs02-0004-02.jpg,84,397.73046875,0x1.8dbb000000000p+8,False,False,False,CHALLENGER,117,-2.9794743088873203,-0x1.7d5f6a05f8bc3p+1,-2.9794743088873203,-0x1.7d5f6a05f8bc3p+1,0.0006040667029828401,0.018722599857553514,0.03226403958738312,0.0005930046479018596,0.0005409193028026195,1.1062055080980518e-05,6.314740018022061e-05,-1.2316094892410674,0.0,-1.6310604137237397,-1.3484138951635807,False,72,-3.3913617355560026,-0x1.b218242f8f35ep+1,-1.6310604137237397,-0x1.a18d2cdebe629p+0,0.4809455731670372,-0.3156329348363591,-0x1.433547b2a690cp-2,0.6609759047945369,0x1.526b6f0d12b62p-1,-2.0941284379503107,0.01399178383729977,0x1.ca7b96ff383e3p-7,0.0509152150221766,0x1.a118f1ec73267p-5,3.638936651268518,-0.3281754083611033,-0x1.500d36d90cae5p-2,-0.8208700725217241,-0x1.a44915077ded9p-1,2.501315002916035,-0.006539989560487716,-0x1.ac9ad1474a369p-8,-0.0009724347078854717,-0x1.fdd5fa249592ep-11,0.14869055965480057,-0.5956065062551548,-0x1.30f356034d29cp-1,-0.0068530185096171625,-0x1.c11e9260b02f7p-8,0.011505949712848443,-1.2316094892410674
H593-e69eb7b78aae86a02db13aa6,DIFFICULT-0061,118,4346,/hkfs/work/workspace/scratch/ap7811-benchmark/dailymed/data/box_flat_20000_images/data/raw_images/otc/cvs05-0008-02.jpg,1,420.76995849609375,0x1.a4c51c0000000p+8,False,True,False,HOLD,,,,0.0,0x0.0p+0,0.0011612628515485911,0.018205904211175027,0.06378495888360175,0.0011500551525015588,0.0009121035432639761,1.120769904703234e-05,0.00024915930828461506,,,0.0,0.0,True,2,,,,,0.4809455731670372,,,,,-2.0941284379503107,,,,,3.638936651268518,,,,,2.501315002916035,,,,,0.14869055965480057,,,,,0.011505949712848443,-1.2316094892410674
H593-e69eb7b78aae86a02db13aa6,DIFFICULT-0061,119,4347,/hkfs/work/workspace/scratch/ap7811-benchmark/dailymed/data/box_flat_20000_images/data/raw_images/otc/cvs06-0005-02.jpg,2,420.73760986328125,0x1.a4bcd40000000p+8,False,False,False,CHALLENGER,118,-1.089655054531094,-0x1.16f3a23721d44p+0,-1.089655054531094,-0x1.16f3a23721d44p+0,0.0009690236925649418,0.022473780162234336,0.04311796616188853,0.0009393115050056348,0.0009538031850846856,2.9712187559306942e-05,1.5220507480256202e-05,-1.2316094892410674,0.0,-0.0022900930098722896,-1.0873649615212215,False,3,-0.004761646925642702,-0x1.380f2dd21ba57p-8,-0.0022900930098722896,-0x1.2c2ac52a1613ep-9,0.4809455731670372,-0.09024098632393326,-0x1.71a08850523bep-4,0.18897621572963372,0x1.8305f6523eb47p-3,-2.0941284379503107,0.10491418546364457,0x1.adba7f373eccdp-4,0.381776074721639,0x1.86f04ead4c7c0p-2,3.638936651268518,-0.19332485722654913,-0x1.8bede71a55ce8p-3,-0.4835663658173678,-0x1.ef2c057a8650ap-2,2.501315002916035,0.45221259379529427,0x1.cf10d174c2af3p-2,0.0672397436543713,0x1.1369fb3fca8a4p-4,0.14869055965480057,-0.8848587750267434,-0x1.c50c3598a3106p-1,-0.010181140568430383,-0x1.4d9d98e3816dbp-7,0.011505949712848443,-1.2316094892410674
H593-e69eb7b78aae86a02db13aa6,DIFFICULT-0061,120,4348,/hkfs/work/workspace/scratch/ap7811-benchmark/dailymed/data/box_flat_20000_images/data/raw_images/otc/cvs08-0006-02.jpg,8,414.4170837402344,0x1.9e6ac60000000p+8,False,False,False,CHALLENGER,119,-1.5642622114638833,-0x1.90737d009b23dp+0,-1.5642622114638833,-0x1.90737d009b23dp+0,0.0012188208763126713,0.020019909287780174,0.06088043950611803,0.001194678693670274,0.0010123591242351842,2.41421826423973e-05,0.0002064617520774871,-1.2316094892410674,0.0,-0.4497461810925702,-1.114516030371313,False,5,-0.9351290586395914,-0x1.dec93c68cae95p-1,-0.4497461810925702,-0x1.cc8a434d2c86bp-2,0.4809455731670372,0.024183193249095698,0x1.8c37aa0788a05p-6,-0.05064271270337927,-0x1.9edd775aef83fp-5,-2.0941284379503107,0.047454976376297975,0x1.84c04c7232668p-5,0.17268565282079237,0x1.61a903fad467bp-3,3.638936651268518,-0.023298520800298782,-0x1.7db914387a356p-6,-0.058276939623538644,-0x1.dd6799b968fb1p-5,2.501315002916035,0.3658989114335206,0x1.76ae3448fef26p-2,0.05440571391813249,0x1.bdb10d3fce1e9p-5,0.14869055965480057,-0.09371286761740437,-0x1.7fd9105a191afp-4,-0.001078255542252678,-0x1.1aa88129aed55p-10,0.011505949712848443,-1.2316094892410674
H593-e69eb7b78aae86a02db13aa6,DIFFICULT-0061,121,4349,/hkfs/work/workspace/scratch/ap7811-benchmark/dailymed/data/box_flat_20000_images/data/raw_images/otc/cvs09-0006-02.jpg,22,408.96588134765625,0x1.98f7440000000p+8,False,False,False,CHALLENGER,120,-2.2386192003651098,-0x1.1e8b12eee2065p+1,-2.2386192003651098,-0x1.1e8b12eee2065p+1,0.0010951049985812636,0.01796244720247041,0.06096635866134385,0.0011107521004699418,0.0009504223600738221,-1.5647101888678194e-05,0.0001446826385074415,-1.2316094892410674,0.0,-0.8356592602326058,-1.402959940132504,False,25,-1.7375339474065044,-0x1.bccf0657ccfc0p+0,-0.8356592602326058,-0x1.abdb87d298e18p-1,0.4809455731670372,-0.02932050859269226,-0x1.e06320607e292p-6,0.0614009108591233,0x1.f6ff0b02b4998p-5,-2.0941284379503107,-0.006731216635050562,-0x1.b923134f513ccp-8,-0.024494470920913836,-0x1.915141e271040p-6,3.638936651268518,-0.022593751133889336,-0x1.722d0f8db276fp-6,-0.05651408868334857,-0x1.cef6a255102f9p-5,2.501315002916035,-0.9999999627627117,-0x1.fffffec022565p-1,-0.14869055411796733,-0x1.3084ac59494b2p-3,0.14869055965480057,-0.2652756273497202,-0x1.0fa469ff925cap-2,-0.0030522480283302037,-0x1.901072ec02c79p-9,0.011505949712848443,-1.2316094892410674
H593-e69eb7b78aae86a02db13aa6,DIFFICULT-0061,122,4350,/hkfs/work/workspace/scratch/ap7811-benchmark/dailymed/data/box_flat_20000_images/data/raw_images/otc/cvs0c-0001-01.jpg,87,397.309326171875,0x1.8d4f300000000p+8,False,False,False,CHALLENGER,121,-2.6324455955805295,-0x1.50f3fa2ec2414p+1,-2.6324455955805295,-0x1.50f3fa2ec2414p+1,0.0012610546828408689,0.022731257473472745,0.05547667938355425,0.0011675051619091836,0.0009414090090704814,9.354952093168522e-05,0.0003196456737703875,-1.2316094892410674,0.0,-1.6608748321541524,-0.971570763426377,False,43,-3.4533529879841813,-0x1.ba07788077ccep+1,-1.6608748321541524,-0x1.a92f17ceda00cp+0,0.4809455731670372,0.04119684138612869,0x1.517c09ce76253p-5,-0.08627147710042038,-0x1.615e334b952b8p-4,-2.0941284379503107,0.11054389400631723,0x1.c4c9ac987955ep-4,0.40226222747353,0x1.9beaa11da8e1ep-2,3.638936651268518,-0.06966430799287358,-0x1.1d5852487220fp-4,-0.17425237875033814,-0x1.64de6e5fdcfebp-3,2.501315002916035,0.7860252602670839,0x1.9271e7255aa18p-1,0.11687453585192298,0x1.deb7d55381cc0p-4,0.14869055965480057,0.1239200913944112,0x1.fb93a23db3841p-4,0.0014258183399956782,0x1.75c50c8fafa39p-10,0.011505949712848443,-1.2316094892410674
H593-e69eb7b78aae86a02db13aa6,DIFFICULT-0061,123,4351,/hkfs/work/workspace/scratch/ap7811-benchmark/dailymed/data/box_flat_20000_images/data/raw_images/otc/cvs0c-0001-02.jpg,80,398.0030517578125,0x1.8e00c80000000p+8,False,False,False,CHALLENGER,122,-2.867147228952212,-0x1.6efeae2e9558ep+1,-2.867147228952212,-0x1.6efeae2e9558ep+1,0.0014882036998785505,0.012791751592153957,0.11634088491769698,0.001231371108728889,0.0009575129011741765,0.0002568325911496616,0.000530690798704374,-1.2316094892410674,0.0,-1.6117631394179102,-1.2553840895343018,False,62,-3.3512381220278513,-0x1.acf55eeb9bea0p+1,-1.6117631394179102,-0x1.9c9c8254b2be1p+0,0.4809455731670372,0.12339874531741236,0x1.f970f678176d1p-4,-0.258412821776581,-0x1.089d5ee997082p-2,-2.0941284379503107,-0.17466329238564407,-0x1.65b5de44dd3d5p-3,-0.6355886562933497,-0x1.456be058fa1f8p-1,3.638936651268518,0.2917733786817354,0x1.2ac6a3fd203b9p-2,0.7298171295481264,0x1.75aa973ef0896p-1,2.501315002916035,0.9163730236451065,0x1.d52ed84efc179p-1,0.1362560177383527,0x1.170d65208e2c7p-3,0.14869055965480057,0.36100718270815957,0x1.71abdded691b0p-2,0.004153730490217174,0x1.1038089ca4388p-8,0.011505949712848443,-1.2316094892410674
H593-e69eb7b78aae86a02db13aa6,DIFFICULT-0061,124,4357,/hkfs/work/workspace/scratch/ap7811-benchmark/dailymed/data/box_flat_20000_images/data/raw_images/otc/cvs16-0001-01.jpg,28,407.51239013671875,0x1.97832c0000000p+8,False,False,False,CHALLENGER,123,-2.3938667821503365,-0x1.326a3a0a28818p+1,-2.3938667821503365,-0x1.326a3a0a28818p+1,0.0005361378236799795,0.01736541981939547,0.030873876316031595,0.0005285338453076208,0.0005283361521982567,7.60397837235873e-06,7.801671481722752e-06,-1.2316094892410674,0.0,-0.9385578921893959,-1.4553088899609405,False,32,-1.9514846264390615,-0x1.f3947f1933da1p+0,-0.9385578921893959,-0x1.e08aa8f8b6593p-1,0.4809455731670372,-0.36828371557949874,-0x1.791f5dc840d51p-2,0.7712334020290322,0x1.8adf1abe9853bp-1,-2.0941284379503107,-0.02362814471099258,-0x1.831f9f3320a96p-6,-0.08598132179030729,-0x1.602df3527fe2ap-4,3.638936651268518,-0.3476810431674311,-0x1.64067fd75f850p-2,-0.869659809504193,-0x1.bd440cf0eea48p-1,2.501315002916035,-0.19156826915342634,-0x1.8854f1d7b8eaep-3,-0.02848439315252443,-0x1.d2b0344255fefp-6,0.14869055965480057,-0.9392773801029578,-0x1.e0e8f6fad45c1p-1,-0.010807278301880665,-0x1.6222056ec3b81p-7,0.011505949712848443,-1.2316094892410674
H593-e69eb7b78aae86a02db13aa6,DIFFICULT-0061,125,4365,/hkfs/work/workspace/scratch/ap7811-benchmark/dailymed/data/box_flat_20000_images/data/raw_images/otc/cvshealth-mucus-d-carton-image.jpg,77,398.4656677246094,0x1.8e77360000000p+8,False,False,False,CHALLENGER,124,-2.8027204730732853,-0x1.66bf8b61d6f6ep+1,-2.8027204730732853,-0x1.66bf8b61d6f6ep+1,0.0008849463118706817,0.017180794795454944,0.05150787972304913,0.000820309486900159,0.000838054178344874,6.463682497052264e-05,4.689213352580769e-05,-1.2316094892410674,0.0,-1.5790126489116327,-1.2237078241616526,False,60,-3.2831420788714194,-0x1.a43dffe86fe5cp+1,-1.5790126489116327,-0x1.943a2c470bb91p+0,0.4809455731670372,-0.13503826709540218,-0x1.148ef16710ed6p-3,0.2827874753360114,0x1.21930a3925741p-2,-2.0941284379503107,-0.02896877766131993,-0x1.da9fdc2a450ccp-6,-0.1054155467742258,-0x1.afc8365e2a046p-4,3.638936651268518,-0.10648605159538427,-0x1.b42ab7d151480p-4,-0.26635515845682567,-0x1.10bf681ac5986p-2,2.501315002916035,0.7044559368144714,0x1.68ae72d42eb16p-1,0.10474594749709058,0x1.ad0a162e3772bp-4,0.14869055965480057,-0.6832163114581733,-0x1.5dce87439cfb4p-1,-0.007861052522635541,-0x1.019749bf990a9p-7,0.011505949712848443,-1.2316094892410674
H593-e69eb7b78aae86a02db13aa6,DIFFICULT-0061,126,4366,/hkfs/work/workspace/scratch/ap7811-benchmark/dailymed/data/box_flat_20000_images/data/raw_images/otc/cvshealth-mucus-extended-release-carton-image.jpg,96,395.6741943359375,0x1.8bac980000000p+8,False,False,False,CHALLENGER,125,-3.1469153044340255,-0x1.92ce1ee5e9bb2p+1,-3.1469153044340255,-0x1.92ce1ee5e9bb2p+1,0.0005958166726757207,0.019206094593484838,0.031022271070029812,0.0005887787292150911,0.0006949950063888222,7.037943460629602e-06,-9.917833371310154e-05,-1.2316094892410674,0.0,-1.7766325524078859,-1.3702827520261396,False,91,-3.6940407637161963,-0x1.d8d653e7203f2p+1,-1.7766325524078859,-0x1.c6d1641599d30p+0,0.4809455731670372,-0.3218102372461967,-0x1.49889f71f62f9p-2,0.6739119694407967,0x1.590afd5a43292p-1,-2.0941284379503107,0.026734481295837546,0x1.b6048ab5d555ep-6,0.0972850838400759,0x1.8e7acdd7b5395p-4,3.638936651268518,-0.3455716175786381,-0x1.61dd86afb44b8p-2,-0.86438347163141,-0x1.ba90786bb83e4p-1,2.501315002916035,-0.22853431202093374,-0x1.d409cc212670fp-3,-0.03398089475471746,-0x1.165f19f5216b3p-5,0.14869055965480057,-0.9999999971292222,-0x1.ffffffe75717cp-1,-0.011505949679817417,-0x1.7906e6cac84b3p-7,0.011505949712848443,-1.2316094892410674
H593-e69eb7b78aae86a02db13aa6,DIFFICULT-0061,127,4657,/hkfs/work/workspace/scratch/ap7811-benchmark/dailymed/data/box_flat_20000_images/data/raw_images/otc/rit02-0004-02.jpg,120,393.4472961425781,0x1.8972820000000p+8,False,False,False,CHALLENGER,126,-3.731433637564157,-0x1.dd9f9e104424cp+1,-3.731433637564157,-0x1.dd9f9e104424cp+1,0.0004057501596978024,0.013912706188425241,0.029163999742578384,0.0004155264165263103,0.0003672492724598308,-9.776256828507865e-06,3.850088723797164e-05,-1.2316094892410674,0.0,-1.9342838514865566,-1.7971497860776005,False,126,-4.021835233349285,-0x1.0165bf9b48af7p+2,-1.9342838514865566,-0x1.ef2d39fb50d08p+0,0.4809455731670372,-0.48213555723300766,-0x1.edb4f18a37cffp-2,1.009653781348661,0x1.0278ab932cdc2p+0,-2.0941284379503107,-0.13366699147948038,-0x1.11bfffe7ac319p-3,-0.4864057143594779,-0x1.f21456ef0bc02p-2,3.638936651268518,-0.37247280284105844,-0x1.7d6982ab683ecp-2,-0.9316718099245258,-0x1.dd04166476414p-1,2.501315002916035,-0.9999999523445456,-0x1.fffffe66a48c3p-1,-0.1486905525688844,-0x1.3084ac240f6a7p-3,0.14869055965480057,-0.7323168919204393,-0x1.76f23d5a369b4p-1,-0.008426001332306043,-0x1.141a6c1443666p-7,0.011505949712848443,-1.2316094892410674
