query_id,display_id,candidate_position,reference_physical_row,reference_image_path,raw_rank,raw_score,raw_score_hex,is_target,is_raw_winner,is_selected,action_kind,challenger_index,head_logit,head_logit_hex,policy_score,policy_score_hex,local_score_S,visibility_mass_M,normalized_similarity_L,query_control_score,reference_control_score,query_robustness_Q,reference_robustness_R,bias_contribution,fp64_sum_residual,plot_raw_component,plot_other_component,plot_is_hold_anchor,policy_rank,feature_RAW,feature_RAW_hex,contribution_RAW,contribution_RAW_hex,weight_RAW,feature_S,feature_S_hex,contribution_S,contribution_S_hex,weight_S,feature_M,feature_M_hex,contribution_M,contribution_M_hex,weight_M,feature_L,feature_L_hex,contribution_L,contribution_L_hex,weight_L,feature_Q,feature_Q_hex,contribution_Q,contribution_Q_hex,weight_Q,feature_R,feature_R_hex,contribution_R,contribution_R_hex,weight_R,head_bias
H593-90acde9b0567a472f4232120,DIFFICULT-0083,0,3,/hkfs/work/workspace/scratch/ap7811-benchmark/dailymed/data/box_flat_20000_images/data/raw_images/animal/100mLCarton.jpg,40,422.80474853515625,0x1.a6ce040000000p+8,False,False,False,CHALLENGER,0,-3.4609488529101564,-0x1.bb005f3c305cfp+1,-3.4609488529101564,-0x1.bb005f3c305cfp+1,0.0007443338117244125,0.012370403779565555,0.06017053484979722,0.0007920717415760509,0.0005854239598925497,-4.773792985163835e-05,0.0001589098518318628,-1.0981496560848956,0.0,-1.3078894651670485,-2.1530593877431077,False,87,-2.964524743933332,-0x1.7b758bfbb02f1p+1,-1.3078894651670485,-0x1.4ed1d80face75p+0,0.44118014796251637,-0.4070494513633946,-0x1.a0d19245d7933p-2,0.711518834715306,0x1.6c4c325b2e37bp-1,-1.7479911404673418,-0.4697635203105057,-0x1.e109b032598d8p-2,-1.738209705292842,-0x1.bcfb4fadd292fp+0,3.7001802612172074,0.07754127806719256,0x1.3d9bec5637d87p-4,0.15481970683980234,0x1.3d121d4d39dfap-3,1.996610201674068,-0.999999991623287,-0x1.ffffffb80b69dp-1,-0.18211252627825888,-0x1.74f7698474dd3p-3,0.18211252780376327,0.04611167496189564,0x1.79bf30fd9a9d4p-5,-0.0009260416422195843,-0x1.e583348b66d75p-11,-0.02008258522347797,-1.0981496560848956
H593-90acde9b0567a472f4232120,DIFFICULT-0083,1,26,/hkfs/work/workspace/scratch/ap7811-benchmark/dailymed/data/box_flat_20000_images/data/raw_images/animal/20mLCarton.jpg,62,417.79278564453125,0x1.a1caf40000000p+8,False,False,False,CHALLENGER,1,-4.245650805543815,-0x1.0fb8be2802fddp+2,-4.245650805543815,-0x1.0fb8be2802fddp+2,0.0002369031621262555,0.00976942000210531,0.024249460262247183,0.00024648537140230773,0.0002336034991224972,-9.582209276052248e-06,3.2996630037582957e-06,-1.0981496560848956,0.0,-1.5414089597707177,-2.7042418457730975,False,120,-3.4938311863970797,-0x1.bf35dc3da900dp+1,-1.5414089597707177,-0x1.8a99c70ffa034p+0,0.44118014796251637,-0.7634728482023794,-0x1.86e5e9c4d38dep-1,1.334543774645127,0x1.55a4a92b2e641p+0,-1.7479911404673418,-0.5565297659195039,-0x1.1cf1782fbfe66p-1,-2.059260454635181,-0x1.0795d8b94d564p+1,3.7001802612172074,-0.35983553307113336,-0x1.7078b9d9eabf0p-2,-0.7184512962546514,-0x1.6fd8d92a5d754p-1,1.996610201674068,-0.9999999876881933,-0x1.ffffff963e0d0p-1,-0.18211252556162905,-0x1.74f7696bd5524p-3,0.18211252780376327,-0.9554702198250773,-0x1.e9336484e6ba0p-1,0.019188312118132343,0x1.3a619d40d2066p-6,-0.02008258522347797,-1.0981496560848956
H593-90acde9b0567a472f4232120,DIFFICULT-0083,2,85,/hkfs/work/workspace/scratch/ap7811-benchmark/dailymed/data/box_flat_20000_images/data/raw_images/animal/CONTRASED carton1.jpg,70,417.14715576171875,0x1.a125ac0000000p+8,False,False,False,CHALLENGER,2,-3.404950729033371,-0x1.b3d56cecd847ap+1,-3.404950729033371,-0x1.b3d56cecd847ap+1,0.0011425319477079052,0.012362955246668457,0.09241576345718734,0.000985548367214604,0.0008591318506816481,0.0001569835804933013,0.0002834000970262571,-1.0981496560848956,-4.440892098500626e-16,-1.5714904203133357,-1.8334603087200352,False,83,-3.5620152619533845,-0x1.c7f01db8f8a91p+1,-1.5714904203133357,-0x1.924d3239391b3p+0,0.44118014796251637,-0.21443294758076115,-0x1.b7289f085aa08p-3,0.3748268925954684,0x1.7fd29ef56f742p-2,-1.7479911404673418,-0.46999818258195625,-0x1.e147341d79cb2p-2,-1.7390779979977156,-0x1.bd34373697e54p+0,3.7001802612172074,0.28420866390472094,0x1.23079892d7affp-2,0.5674539177563223,0x1.228951e5803eap-1,1.996610201674068,0.373289164618682,0x1.7e3f83c7f41f0p-2,0.0679806333704633,0x1.1672dc51666cdp-4,0.18211252780376327,0.32336964028344867,0x1.4b2169362593bp-2,-0.006494098359677772,-0x1.a998e4126302ap-8,-0.02008258522347797,-1.0981496560848956
H593-90acde9b0567a472f4232120,DIFFICULT-0083,3,227,/hkfs/work/workspace/scratch/ap7811-benchmark/dailymed/data/box_flat_20000_images/data/raw_images/animal/carton 15 mL.jpg,115,413.3310546875,0x1.9d54c00000000p+8,False,False,False,CHALLENGER,3,-3.0404088282531765,-0x1.852c1dd1e895ep+1,-3.0404088282531765,-0x1.852c1dd1e895ep+1,0.0030874454019799336,0.02709612811298319,0.11394415427570166,0.0030303893572196034,0.0016772763122517638,5.70560447603302e-05,0.0014101690897281697,-1.0981496560848956,0.0,-1.7492918154264099,-1.2911170128267666,False,59,-3.9650283982746966,-0x1.fb860cf12689fp+1,-1.7492918154264099,-0x1.bfd196a26ab9ep+0,0.44118014796251637,0.2721971353622631,0x1.16bad889c8812p-2,-0.47579818107382565,-0x1.e737a36cd55e4p-2,-1.7479911404673418,-0.11718398579837702,-0x1.dffc50a9e7404p-4,-0.43360187118191224,-0x1.bc022100d7c67p-2,3.7001802612172074,0.37734489625056805,0x1.8266b352d5b63p-2,0.753410669403527,0x1.81bf0b13175b0p-1,1.996610201674068,-0.11332531578317578,-0x1.d02e34d18fd24p-4,-0.020637959721433854,-0x1.5221e083d2834p-6,0.18211252780376327,0.8136409723347586,0x1.a0958cadba136p-1,-0.01634001416822627,-0x1.0bb6fc9dff51dp-6,-0.02008258522347797,-1.0981496560848956
H593-90acde9b0567a472f4232120,DIFFICULT-0083,4,357,/hkfs/work/workspace/scratch/ap7811-benchmark/dailymed/data/box_flat_20000_images/data/raw_images/animal/gentocin-01.jpg,118,413.19305419921875,0x1.9d316c0000000p+8,False,False,False,CHALLENGER,4,-3.308335055133028,-0x1.a77785e900dbfp+1,-3.308335055133028,-0x1.a77785e900dbfp+1,0.0009869006275134752,0.02517689771703687,0.03919865896923642,0.0009674693030359091,0.0006912391288218588,1.943132447756611e-05,0.00029566149869161634,-1.0981496560848956,0.0,-1.7557215925380434,-1.5526134625949846,False,76,-3.9796024382475466,-0x1.fd639cd9ad730p+1,-1.7557215925380434,-0x1.c176f864d4f9ap+0,0.44118014796251637,-0.28308229706392746,-0x1.21e0535fdd4ffp-2,0.4948253472908894,0x1.fab37eef62857p-2,-1.7479911404673418,-0.15324017692437614,-0x1.39d5fc62966cap-3,-0.5670162778810092,-0x1.224ff52398dfdp-1,3.7001802612172074,-0.13573003220564908,-0x1.15f9a08b442d5p-3,-0.2709999669753488,-0x1.158103ed813b6p-2,1.996610201674068,-0.5732753647750853,-0x1.2584593e9f77fp-1,-0.10440062580681526,-0x1.ab9ffd985af3dp-4,0.18211252780376327,0.34220111909552253,0x1.5e69f85cadf28p-2,-0.006872283137805365,-0x1.c261c75362cc9p-8,-0.02008258522347797,-1.0981496560848956
H593-90acde9b0567a472f4232120,DIFFICULT-0083,5,421,/hkfs/work/workspace/scratch/ap7811-benchmark/dailymed/data/box_flat_20000_images/data/raw_images/animal/mupirocin-03.jpg,123,413.0683288574219,0x1.9d117e0000000p+8,False,False,False,CHALLENGER,5,-3.383670147979065,-0x1.b11c1a7902c2ap+1,-3.383670147979065,-0x1.b11c1a7902c2ap+1,0.0011092476796750457,0.02012599734621237,0.05511516575270748,0.0010662744913305198,0.0011003919136949097,4.2973188344525926e-05,8.855765980135977e-06,-1.0981496560848956,0.0,-1.7615328484104995,-1.6221372995685654,False,82,-3.9927745084308808,-0x1.ff133c2f01ad9p+1,-1.7615328484104995,-0x1.c2f3d116c0b8ep+0,0.44118014796251637,-0.22849004203189435,-0x1.d3f2964fe8c23p-3,0.39939856915676186,0x1.98fbf04263d38p-2,-1.7479911404673418,-0.26028498195047217,-0x1.0a882574780abp-2,-0.9631013525044142,-0x1.ed1b9ed77aca9p-1,3.7001802612172074,0.03380543443869305,0x1.14ef226aeb978p-5,0.06749627527231841,0x1.1476f96e57bdap-4,1.996610201674068,-0.25012207992815105,-0x1.002000a53214ap-2,-0.04555036423525051,-0x1.75260996c2e12p-5,0.18211252780376327,-0.8848078386910577,-0x1.c5058874d856bp-1,0.017769228826914514,0x1.23218c2bf3852p-6,-0.02008258522347797,-1.0981496560848956
H593-90acde9b0567a472f4232120,DIFFICULT-0083,6,513,/hkfs/work/workspace/scratch/ap7811-benchmark/dailymed/data/box_flat_20000_images/data/raw_images/animal/vetsulin-01.jpg,97,414.60919189453125,0x1.9e9bf40000000p+8,False,False,False,CHALLENGER,6,-3.2587247463212754,-0x1.a11de47a0ed1bp+1,-3.2587247463212754,-0x1.a11de47a0ed1bp+1,0.0015386370141153142,0.02505046712407964,0.061421489926481526,0.0015945716562346193,0.001192280860631558,-5.59346421193051e-05,0.0003463561534837562,-1.0981496560848956,4.440892098500626e-16,-1.6897403061408207,-1.5689844401804547,False,70,-3.830046102356321,-0x1.ea3ef35fe5762p+1,-1.6897403061408207,-0x1.b092d2199b9c4p+0,0.44118014796251637,-0.06887903974079111,-0x1.1a20e87110b87p-4,0.12039995123080081,0x1.ed287fcf9edc7p-4,-1.7479911404673418,-0.15569728523121415,-0x1.3ede37e12702fp-3,-0.5761080215376441,-0x1.26f7a16eef54fp-1,3.7001802612172074,0.08775940182540012,0x1.6776670c1b19ap-4,0.17522131697740773,0x1.66da6f0fd7128p-3,1.996610201674068,-0.9999999921614909,-0x1.ffffffbcaaefbp-1,-0.18211252637627257,-0x1.74f76987d3006p-3,0.18211252780376327,0.4100818842896464,0x1.a3ec8166d308ap-2,-0.008235504389851255,-0x1.0ddc6b029ef19p-7,-0.02008258522347797,-1.0981496560848956
H593-90acde9b0567a472f4232120,DIFFICULT-0083,7,555,/hkfs/work/workspace/scratch/ap7811-benchmark/dailymed/data/box_flat_20000_images/data/raw_images/homeopathic/186010.jpg,121,413.111328125,0x1.9d1c800000000p+8,False,False,False,CHALLENGER,7,-2.7814521752183134,-0x1.64069ff7f9b12p+1,-2.7814521752183134,-0x1.64069ff7f9b12p+1,0.003244757876637628,0.031038025329301805,0.10454137601255119,0.002940607642924176,0.0022334797905829472,0.0003041502337134518,0.0010112780860546807,-1.0981496560848956,0.0,-1.759529408350727,-1.0219227668675865,False,47,-3.988233415480473,-0x1.fe7e6ebc26c91p+1,-1.759529408350727,-0x1.c27084f137733p+0,0.44118014796251637,0.2950452075134941,0x1.2e2054b472adbp-2,-0.5157364087709361,-0x1.080e9a420e293p-1,-1.7479911404673418,-0.04977256443050415,-0x1.97bca20ef2390p-5,-0.18416746045591315,-0x1.792cca1d2a068p-3,3.7001802612172074,0.3398273540883089,0x1.5bfbb3b061ca6p-2,0.6785027619806233,0x1.5b64b6c9e7a77p-1,1.996610201674068,0.6187207147955835,0x1.3cc8f626cf3eap-1,0.112676793375975,0x1.cd862e69165f6p-4,0.18211252780376327,0.7493456019221493,0x1.7faa3a0b506afp-1,-0.015048796912439958,-0x1.ed1e754aa236fp-7,-0.02008258522347797,-1.0981496560848956
H593-90acde9b0567a472f4232120,DIFFICULT-0083,8,625,/hkfs/work/workspace/scratch/ap7811-benchmark/dailymed/data/box_flat_20000_images/data/raw_images/homeopathic/5USDEF-GUNA DEFENSE-Rev04-22-09-20.jpg,95,414.65472412109375,0x1.9ea79c0000000p+8,False,False,False,CHALLENGER,8,-3.531685892062452,-0x1.c40e4887138f8p+1,-3.531685892062452,-0x1.c40e4887138f8p+1,0.0007951645336519782,0.019206338607797874,0.04140115145783888,0.0007923185586945124,0.000890902977935142,2.845974957465798e-06,-9.57384442831638e-05,-1.0981496560848956,-4.440892098500626e-16,-1.6876188493848374,-1.8440670426776145,False,92,-3.8252375071242355,-0x1.e9a161f443fd0p+1,-1.6876188493848374,-0x1.b007c9f638953p+0,0.44118014796251637,-0.3791271432069677,-0x1.8439e7e4663b2p-2,0.6627108874364728,0x1.534ed7687c4ebp-1,-1.7479911404673418,-0.281950799856646,-0x1.20b7b5e1dc811p-2,-1.043268784263965,-0x1.0b13a9bd59f5fp+0,3.7001802612172074,-0.10880732433132069,-0x1.bdacbfb917b49p-4,-0.21724581377677393,-0x1.bceb5f8ae9c7ap-3,1.996610201674068,-0.9235842429781462,-0x1.d8e008ad62552p-1,-0.1681962611284753,-0x1.58774806d9a80p-3,0.18211252780376327,-0.9999999958443991,-0x1.ffffffdc4dbcbp-1,0.02008258514002276,0x1.49087799506b1p-6,-0.02008258522347797,-1.0981496560848956
H593-90acde9b0567a472f4232120,DIFFICULT-0083,9,637,/hkfs/work/workspace/scratch/ap7811-benchmark/dailymed/data/box_flat_20000_images/data/raw_images/homeopathic/5USHBR-3.jpg,127,412.96612548828125,0x1.9cf7540000000p+8,False,False,False,CHALLENGER,9,-4.092263889758527,-0x1.05e7a6cd47560p+2,-4.092263889758527,-0x1.05e7a6cd47560p+2,0.000370632465680366,0.013052831390149715,0.028394794554694302,0.0003625633532715911,0.0003406771152636814,8.069112408774868e-06,2.9955350416684568e-05,-1.0981496560848956,-8.881784197001252e-16,-1.7662947510082132,-2.325969138750314,False,117,-4.003568064350623,-0x1.003a758bec8a7p+2,-1.7662947510082132,-0x1.c42be48ead3ecp+0,0.44118014796251637,-0.6531134341288283,-0x1.4e64e25052b90p-1,1.1416364965773926,0x1.24424a18b84c8p+0,-1.7479911404673418,-0.44857727532824665,-0x1.cb57d75d0def0p-2,-1.6598167798001748,-0x1.a8e9c0a298024p+0,3.7001802612172074,-0.2892899775210793,-0x1.283ba1c20df00p-2,-0.5775993203606488,-0x1.27bb191e4818bp-1,1.996610201674068,-0.7975376194175048,-0x1.9856d9d174ac6p-1,-0.1452415918907175,-0x1.29746c7984528p-3,0.18211252780376327,-0.6573711831331831,-0x1.5092f4a9c79a3p-1,0.013201712808730693,0x1.b097fe61e11edp-7,-0.02008258522347797,-1.0981496560848956
H593-90acde9b0567a472f4232120,DIFFICULT-0083,10,640,/hkfs/work/workspace/scratch/ap7811-benchmark/dailymed/data/box_flat_20000_images/data/raw_images/homeopathic/5USHFR-6.jpg,111,413.42510986328125,0x1.9d6cd40000000p+8,False,False,False,CHALLENGER,10,-3.769971637672851,-0x1.e28e6e3d5383bp+1,-3.769971637672851,-0x1.e28e6e3d5383bp+1,0.0005602234008358762,0.017367410560273844,0.032257163432142806,0.0005636528314235588,0.0007052791746607779,-3.4294305876825856e-06,-0.00014505577382490167,-1.0981496560848956,0.0,-1.74490955689964,-2.025062080773211,False,104,-3.9550953617430022,-0x1.fa4090979fad9p+1,-1.74490955689964,-0x1.beb264895c9f4p+0,0.44118014796251637,-0.5183980391373695,-0x1.096b77c0cfa1ap-1,0.9061551796477642,0x1.cff3925b60557p-1,-1.7479911404673418,-0.3275867690343358,-0x1.4f72e7ee6b4aep-2,-1.2121300966167696,-0x1.364e287377627p+0,3.7001802612172074,-0.22984334504095558,-0x1.d6b81b913bb1fp-3,-0.45890756749566475,-0x1.d5ebdd891f882p-2,1.996610201674068,-0.9999999866791117,-0x1.ffffff8d930e9p-1,-0.18211252537786263,-0x1.74f7696584e51p-3,0.18211252780376327,-0.9999999965512059,-0x1.ffffffe260058p-1,0.020082585154217267,0x1.4908779d37449p-6,-0.02008258522347797,-1.0981496560848956
H593-90acde9b0567a472f4232120,DIFFICULT-0083,11,645,/hkfs/work/workspace/scratch/ap7811-benchmark/dailymed/data/box_flat_20000_images/data/raw_images/homeopathic/5USKIP-3.jpg,107,413.71368408203125,0x1.9db6b40000000p+8,False,False,False,CHALLENGER,11,-3.8907346227071717,-0x1.f2039794f89a1p+1,-3.8907346227071717,-0x1.f2039794f89a1p+1,0.0005015494606198136,0.015100091507913957,0.03321499478045888,0.0005233436443712843,0.0004803379802623727,-2.1794183751470747e-05,2.1211480357440874e-05,-1.0981496560848956,4.440892098500626e-16,-1.731464184859037,-2.159270437848135,False,107,-3.9246194391460834,-0x1.f659ee06306bdp+1,-1.731464184859037,-0x1.bb413ca02a347p+0,0.44118014796251637,-0.5576825373378931,-0x1.1d8890c6d5460p-1,0.9748241344599846,0x1.f31c2621b6db2p-1,-1.7479911404673418,-0.3885319980666908,-0x1.8ddb55049579cp-2,-1.4376384300976515,-0x1.70091278be008p+0,3.7001802612172074,-0.21593984827482365,-0x1.ba3eabd1f2d4ap-3,-0.4311477040134633,-0x1.b97ec8a1eee99p-2,1.996610201674068,-0.9999999892973521,-0x1.ffffffa410a0ep-1,-0.18211252585467702,-0x1.74f76975e6ffap-3,0.18211252780376327,-0.7446124876933607,-0x1.7d3dd915ac20bp-1,0.014953743742567858,0x1.ea011829de33fp-7,-0.02008258522347797,-1.0981496560848956
H593-90acde9b0567a472f4232120,DIFFICULT-0083,12,660,/hkfs/work/workspace/scratch/ap7811-benchmark/dailymed/data/box_flat_20000_images/data/raw_images/homeopathic/5USPIL-GUNA-DIUR-rev05-10-18.jpg,88,415.0114440917969,0x1.9f02ee0000000p+8,False,False,False,CHALLENGER,12,-4.0908243346776,-0x1.05d010dec7c29p+2,-4.0908243346776,-0x1.05d010dec7c29p+2,0.00029732675954794775,0.012259548362535544,0.02425266826766317,0.0002786110979281945,0.0002500763497910738,1.8715661619753273e-05,4.7250409756873976e-05,-1.0981496560848956,0.0,-1.67099840164979,-2.41982593302781,False,116,-3.7875648062744696,-0x1.e4ceec6f36f75p+1,-1.67099840164979,-0x1.abc68d1ec10e1p+0,0.44118014796251637,-0.7118372516276251,-0x1.6c75eea7a15e5p-1,1.2442852092997105,0x1.3e8979b8d6b9cp+0,-1.7479911404673418,-0.47326372262171373,-0x1.e49f3ecc2c84fp-2,-1.7511610847950407,-0x1.c04c17c538fb3p+0,3.7001802612172074,-0.3597779542749444,-0x1.7069a1cdbb0dcp-2,-0.7183363338427804,-0x1.6fc9c7aac43d4p-1,1.996610201674068,-0.5857364189437446,-0x1.2be5a4d6e10b2p-1,-0.10666993988056943,-0x1.b4eb89f40da5bp-4,0.18211252780376327,-0.5081951433142408,-0x1.043227610a98dp-1,0.01020587227576584,0x1.4e6d0fd3668f5p-7,-0.02008258522347797,-1.0981496560848956
H593-90acde9b0567a472f4232120,DIFFICULT-0083,13,727,/hkfs/work/workspace/scratch/ap7811-benchmark/dailymed/data/box_flat_20000_images/data/raw_images/homeopathic/Emvita 5 Carton.jpg,22,429.4753112792969,0x1.ad79ae0000000p+8,False,False,False,CHALLENGER,13,-3.4776470955104304,-0x1.bd238a3f1f937p+1,-3.4776470955104304,-0x1.bd238a3f1f937p+1,0.00026863934941950466,0.01277532206113325,0.021027990381298826,0.0002623284124235341,0.00024377328964116505,6.310936995970544e-06,2.4866059778339602e-05,-1.0981496560848956,0.0,-0.997091784751754,-2.4805553107586764,False,90,-2.2600558736755967,-0x1.214982c848e1fp+1,-0.997091784751754,-0x1.fe82d07d3cf4cp-1,0.44118014796251637,-0.7359700347658926,-0x1.78d1107c4f9cap-1,1.2864691004202218,0x1.495609f99e908p+0,-1.7479911404673418,-0.4571185445066332,-0x1.d416e23c34563p-2,-1.6914210154197837,-0x1.b100f7b8febdcp+0,3.7001802612172074,-0.4202263832476154,-0x1.ae4fd333dc070p-2,-0.8390282838047857,-0x1.ad951d7eb89b7p-1,1.996610201674068,-0.8380805647959011,-0x1.ad18e5526c576p-1,-0.15262497015818716,-0x1.389370bb0f226p-3,0.18211252780376327,-0.7070560951562017,-0x1.6a0341aa44468p-1,0.014199514288753969,0x1.d14a28bea0d34p-7,-0.02008258522347797,-1.0981496560848956
H593-90acde9b0567a472f4232120,DIFFICULT-0083,14,774,/hkfs/work/workspace/scratch/ap7811-benchmark/dailymed/data/box_flat_20000_images/data/raw_images/homeopathic/abc664bc-f816-4be9-8bce-e1f2ee502407.jpg,68,417.2019958496094,0x1.a133b60000000p+8,False,False,False,CHALLENGER,14,-3.0531996164222592,-0x1.86cf3eba58bfap+1,-3.0531996164222592,-0x1.86cf3eba58bfap+1,0.001319497090899271,0.027007441181561113,0.04885679772581106,0.0013094963503980565,0.000923203431632084,1.000074050121441e-05,0.000396293659267187,-1.0981496560848956,-4.440892098500626e-16,-1.5689352877459748,-1.4842643286762844,False,61,-3.5562236764091093,-0x1.c7325661b810cp+1,-1.5689352877459748,-0x1.91a5be3668c8ap+0,0.44118014796251637,-0.1447867761229077,-0x1.2885f822bab34p-3,0.2530860019196711,0x1.0328fa154811ep-2,-1.7479911404673418,-0.11880037224652396,-0x1.e69b3818d2b98p-4,-0.4395827924118445,-0x1.c221fdd52c444p-2,3.7001802612172074,-0.026441211879943447,-0x1.b1367b129f269p-6,-0.05279279338412065,-0x1.b07a832193babp-5,1.996610201674068,-0.755008031751853,-0x1.829069a92ede2p-1,-0.13749642117447392,-0x1.1997b942175ccp-3,0.18211252780376327,0.4645152721530473,0x1.dba9e4398f3c1p-2,-0.009328667540620634,-0x1.31ae890048d2ap-7,-0.02008258522347797,-1.0981496560848956
H593-90acde9b0567a472f4232120,DIFFICULT-0083,15,776,/hkfs/work/workspace/scratch/ap7811-benchmark/dailymed/data/box_flat_20000_images/data/raw_images/homeopathic/apo-dolor-01.jpg,76,416.25616455078125,0x1.a041940000000p+8,False,False,False,CHALLENGER,15,-2.369235637525655,-0x1.2f431d05d85f0p+1,-2.369235637525655,-0x1.2f431d05d85f0p+1,0.006297872081951014,0.03617328520593794,0.1741028509325772,0.0054352431113510345,0.005513941541189319,0.0008626289705999796,0.0007839305407616954,-1.0981496560848956,4.440892098500626e-16,-1.6130038596214407,-0.7562317779042145,False,28,-3.6561116067228054,-0x1.d3fb7712b3426p+1,-1.6130038596214407,-0x1.9cedd22965574p+0,0.44118014796251637,0.5619435081801362,0x1.1fb70f3baa985p-1,-0.9822722737420152,-0x1.f6ec6436faa1bp-1,-1.7479911404673418,0.02673379829631795,0x1.b601ad585ade1p-6,0.09891987276339788,0x1.952d012717a79p-4,3.7001802612172074,0.5433727357480094,0x1.1634f38326c8cp-1,1.0849035475060231,0x1.15bc3d27da4dfp+0,1.996610201674068,0.8466381934853081,0x1.b17a8fb120b9fp-1,0.15418342155082107,0x1.3bc484892b54fp-3,0.18211252780376327,0.6879935896596409,0x1.6040b21ee4401p-1,-0.013816689897546268,-0x1.c4becb9fdd189p-7,-0.02008258522347797,-1.0981496560848956
H593-90acde9b0567a472f4232120,DIFFICULT-0083,16,777,/hkfs/work/workspace/scratch/ap7811-benchmark/dailymed/data/box_flat_20000_images/data/raw_images/homeopathic/apotuss-01.jpg,44,420.71673583984375,0x1.a4b77c0000000p+8,False,False,False,CHALLENGER,16,-2.059046875241388,-0x1.078ed9170bdf6p+1,-2.059046875241388,-0x1.078ed9170bdf6p+1,0.00684783440427993,0.03903714614510828,0.17541841759705654,0.0057964080175726415,0.006146888883477271,0.0010514263867072889,0.0007009455208026594,-1.0981496560848956,0.0,-1.4051750357061825,-0.6538718395352057,False,14,-3.18503686576933,-0x1.97af49bb844d8p+1,-1.4051750357061825,-0x1.67b98d178380fp+0,0.44118014796251637,0.5899109414655401,0x1.2e08ce924b4c2p-1,-1.0311590993465127,-0x1.07fa0af0aa84bp+0,-1.7479911404673418,0.06474586421117769,0x1.0932f59569889p-4,0.2395713687496493,0x1.eaa464ceb39c2p-3,3.7001802612172074,0.5460199226199477,0x1.178fec5d3bf7fp-1,1.0901889478202729,0x1.17169f755945ep+0,1.996610201674068,0.8724196581381538,0x1.beadca182e86ap-1,0.1588785492492342,0x1.45621de87db81p-3,0.18211252780376327,0.6573829900903183,0x1.509480d6c4eb8p-1,-0.013201949922953591,-0x1.b099fb94cd4dfp-7,-0.02008258522347797,-1.0981496560848956
H593-90acde9b0567a472f4232120,DIFFICULT-0083,17,779,/hkfs/work/workspace/scratch/ap7811-benchmark/dailymed/data/box_flat_20000_images/data/raw_images/homeopathic/bolym-01.jpg,78,416.11553955078125,0x1.a01d940000000p+8,False,False,False,CHALLENGER,17,-2.512105368960512,-0x1.418cab31e54d0p+1,-2.512105368960512,-0x1.418cab31e54d0p+1,0.00585990333785028,0.03253666826760013,0.1801015177600574,0.005135536037804547,0.004179550024692688,0.0007243673000457331,0.0016803533131575926,-1.0981496560848956,0.0,-1.6195559190930036,-0.8925494498675084,False,32,-3.670962817734502,-0x1.d5e21c0f80379p+1,-1.6195559190930036,-0x1.9e9b377a8c344p+0,0.44118014796251637,0.5367860818576358,0x1.12d5a0150d94ap-1,-0.9382973154133246,-0x1.e06881773fe93p-1,-1.7479911404673418,-0.02623039231018179,-0x1.adc23d488af29p-6,-0.09705717987011829,-0x1.8d8bd4562577fp-4,3.7001802612172074,0.555199208576311,0x1.1c431217335f9p-1,1.1085164038048314,0x1.1bc7bb256bd91p+0,1.996610201674068,0.82000019334078,0x1.a3d710ba3982fp-1,0.14933230800886405,0x1.31d5231912fc2p-3,0.18211252780376327,0.8412268701897603,0x1.aeb549cff681ap-1,-0.0168940103128655,-0x1.14ca9d72b0d98p-6,-0.02008258522347797,-1.0981496560848956
H593-90acde9b0567a472f4232120,DIFFICULT-0083,18,789,/hkfs/work/workspace/scratch/ap7811-benchmark/dailymed/data/box_flat_20000_images/data/raw_images/homeopathic/f6236ba6-4a87-435e-b50f-836030c265ba.jpg,58,418.46881103515625,0x1.a278040000000p+8,False,False,False,CHALLENGER,18,-2.7005903753341003,-0x1.59acf206f9e5dp+1,-2.7005903753341003,-0x1.59acf206f9e5dp+1,0.002378330024826267,0.03110071031099685,0.07647188765284621,0.00232960357769344,0.0020121729677859026,4.8726447132827096e-05,0.0003661570570403644,-1.0981496560848956,0.0,-1.5099112988735695,-1.1906790764605308,False,42,-3.422437083460643,-0x1.b6126b190a60fp+1,-1.5099112988735695,-0x1.82898c0085da5p+0,0.44118014796251637,0.14767476427745546,0x1.2e701b5821232p-3,-0.2581341796275952,-0x1.0854538debd6ap-2,-1.7479911404673418,-0.048766222238113666,-0x1.8f7e2e3530770p-5,-0.18044381293959982,-0x1.718c869aba9eap-3,3.7001802612172074,0.19503642386921094,0x1.8f6f41b0605e4p-3,0.3894117135952943,0x1.8ec1f1ba48d07p-2,1.996610201674068,-0.19036923440078027,-0x1.85e04e1f53c85p-3,-0.034668622492793226,-0x1.1c015ef9b9affp-5,0.18211252780376327,0.43293823052107605,0x1.bb5428d51ac20p-2,-0.00869451891094126,-0x1.1ce6e9303fc65p-7,-0.02008258522347797,-1.0981496560848956
H593-90acde9b0567a472f4232120,DIFFICULT-0083,19,790,/hkfs/work/workspace/scratch/ap7811-benchmark/dailymed/data/box_flat_20000_images/data/raw_images/homeopathic/ferrodona-01.jpg,71,417.1356506347656,0x1.a122ba0000000p+8,False,False,False,CHALLENGER,19,-2.3141338922167707,-0x1.28358a14d16fap+1,-2.3141338922167707,-0x1.28358a14d16fap+1,0.007728201340432441,0.035826035553867375,0.21571466730703315,0.006514893597966043,0.006413956465220461,0.0012133077424663985,0.0013142448752119801,-1.0981496560848956,-4.440892098500626e-16,-1.572026472053956,-0.7421074201628146,False,24,-3.5632303024376313,-0x1.c817ee388afc0p+1,-1.572026472053956,-0x1.927053adeb020p+0,0.44118014796251637,0.6279360822772997,0x1.4180d692b7ff0p-1,-1.0976267086004916,-0x1.18fe1060a7bd6p+0,-1.7479911404673418,0.021913666422619472,0x1.67089427b7f9ap-6,0.08108451594787487,0x1.4c1f4703546e5p-4,3.7001802612172074,0.6144778659885551,0x1.3a9cd7c512cc5p-1,1.2268727759356601,0x1.3a145590ff13dp+0,1.996610201674068,0.8884925829522807,0x1.c6e87ff50987ap-1,0.16180563021633468,0x1.4b60c010b3de9p-3,0.18211252780376327,0.8013897313619676,0x1.9a4fc13f19896p-1,-0.016093977577296827,-0x1.07af08d6d9dc7p-6,-0.02008258522347797,-1.0981496560848956
H593-90acde9b0567a472f4232120,DIFFICULT-0083,20,791,/hkfs/work/workspace/scratch/ap7811-benchmark/dailymed/data/box_flat_20000_images/data/raw_images/homeopathic/helmin-01.jpg,52,419.4813232421875,0x1.a37b380000000p+8,False,False,False,CHALLENGER,20,-2.08414526410506,-0x1.0ac545a2b8e5ep+1,-2.08414526410506,-0x1.0ac545a2b8e5ep+1,0.007556116938277169,0.039649487734523634,0.19057287672591797,0.00629318928597959,0.006468376239370691,0.0012629276522975793,0.001087740698906478,-1.0981496560848956,0.0,-1.4627359019231543,-0.6214093621819057,False,15,-3.3155070750088047,-0x1.a862892c68e34p+1,-1.4627359019231543,-0x1.7675dc2d71ec4p+0,0.44118014796251637,0.6210680607912833,0x1.3dfca203609d8p-1,-1.0856214678903957,-0x1.15eb49dc6cbd5p+0,-1.7479911404673418,0.07249136715341016,0x1.28ecb532a8dbdp-4,0.2682311258496977,0x1.12ab2e252cc2dp-2,3.7001802612172074,0.5744391342378806,0x1.261ce2de3041bp-1,1.1469310356601718,0x1.259d45b8ed877p+0,1.996610201674068,0.8926384839299683,0x1.c907e94f42ae3p-1,0.16256065072340545,0x1.4cec9933c9bd1p-3,0.18211252780376327,0.7648940745901119,0x1.87a0323689951p-1,-0.015361050439889237,-0x1.f759d4a2c1848p-7,-0.02008258522347797,-1.0981496560848956
H593-90acde9b0567a472f4232120,DIFFICULT-0083,21,804,/hkfs/work/workspace/scratch/ap7811-benchmark/dailymed/data/box_flat_20000_images/data/raw_images/homeopathic/pleo-pef-drops-02.jpg,41,422.6475830078125,0x1.a6a5c80000000p+8,False,False,False,CHALLENGER,21,-3.430097519055407,-0x1.b70d6f7d3783dp+1,-3.430097519055407,-0x1.b70d6f7d3783dp+1,0.0005723313689402781,0.011280062672287915,0.05073831463244815,0.0005150434820793116,0.00031919102989862093,5.728788686096655e-05,0.00025314033904165717,-1.0981496560848956,0.0,-1.3152121878837473,-2.11488533117166,False,85,-2.9811227770735744,-0x1.7d956e6072234p+1,-1.3152121878837473,-0x1.50b1bef642e4bp+0,0.44118014796251637,-0.5105366455740526,-0x1.05650f284cd9dp-1,0.8924135333473594,0x1.c8ea6d38782c7p-1,-1.7479911404673418,-0.504930457832628,-0x1.02863eb64a77bp-1,-1.8683337133596578,-0x1.de4b1e44e4db2p+0,3.7001802612172074,-0.007553325845850264,-0x1.ef03c77be4b2fp-8,-0.015081047440393045,-0x1.ee2cfec5e0772p-7,1.996610201674068,-0.11132330978614009,-0x1.c7faf36d05eedp-4,-0.02027336934863539,-0x1.4c28ac95416b2p-6,0.18211252780376327,0.27193103998647594,0x1.1675172e09672p-2,-0.005461078285437399,-0x1.65e5b0a3088fap-8,-0.02008258522347797,-1.0981496560848956
H593-90acde9b0567a472f4232120,DIFFICULT-0083,22,806,/hkfs/work/workspace/scratch/ap7811-benchmark/dailymed/data/box_flat_20000_images/data/raw_images/homeopathic/pleo-san-trich-01.jpg,55,419.1475830078125,0x1.a325c80000000p+8,False,False,False,CHALLENGER,22,-2.9087081444106886,-0x1.74508c68ed270p+1,-2.9087081444106886,-0x1.74508c68ed270p+1,0.0024043882428257946,0.019976646886840508,0.12035995111920762,0.002022958846234557,0.0016995909321821058,0.0003814293965912377,0.0007047973106436888,-1.0981496560848956,0.0,-1.4782856680648668,-1.4304224763458218,False,50,-3.350752917809133,-0x1.ace578bb7bc03p+1,-1.4782856680648668,-0x1.7a70edf67beefp+0,0.44118014796251637,0.15300007316742692,0x1.39581a3451514p-3,-0.26744277238751735,-0x1.11dc84a3d2e6ep-2,-1.7479911404673418,-0.26375351605386715,-0x1.0e1566d6a01f9p-2,-0.9759355539291551,-0x1.f3add32e423c3p-1,3.7001802612172074,0.40058813266808324,0x1.9a33c683e687ap-2,0.79981835235466,0x1.9981ca84352e6p-1,1.996610201674068,0.6837546868871158,0x1.5e1518255571ap-1,0.12452029442668333,0x1.fe08fe0403ab8p-4,0.18211252780376327,0.6589361169560404,0x1.51601320f5772p-1,-0.013233140725597328,-0x1.b19fa151e52bbp-7,-0.02008258522347797,-1.0981496560848956
H593-90acde9b0567a472f4232120,DIFFICULT-0083,23,808,/hkfs/work/workspace/scratch/ap7811-benchmark/dailymed/data/box_flat_20000_images/data/raw_images/homeopathic/renelix-01.jpg,43,421.10186767578125,0x1.a51a140000000p+8,False,False,False,CHALLENGER,23,-2.3571002640968945,-0x1.2db57621d8354p+1,-2.3571002640968945,-0x1.2db57621d8354p+1,0.0041175191574291115,0.030975732106989885,0.13292725877171327,0.003487824627765205,0.003576509966109233,0.0006296945296639066,0.0005410091913198786,-1.0981496560848956,-4.440892098500626e-16,-1.3872308103305047,-0.9698694537663899,False,26,-3.144363627278095,-0x1.927a81e0f217dp+1,-1.3872308103305047,-0x1.63218ef25f834p+0,0.44118014796251637,0.39961329716614413,0x1.99343a6980538p-2,-0.6985205030593631,-0x1.65a47ab8736bep-1,-1.7479911404673418,-0.050774532361107405,-0x1.9ff1e97ebda50p-5,-0.18787492241510395,-0x1.80c4913c175d8p-3,3.7001802612172074,0.44143111359474446,0x1.c40684914e1e9p-2,0.8813658647396112,0x1.c34262f9bc1a8p-1,1.996610201674068,0.7957021385004877,0x1.9766454c6f07ep-1,0.14490732782118396,0x1.28c52c4f8ab93p-3,0.18211252780376327,0.5774936164226412,0x1.27ad3e485e36ep-1,-0.011597564767822187,-0x1.7c076cb20d899p-7,-0.02008258522347797,-1.0981496560848956
H593-90acde9b0567a472f4232120,DIFFICULT-0083,24,972,/hkfs/work/workspace/scratch/ap7811-benchmark/dailymed/data/box_flat_20000_images/data/raw_images/otc/300000165_R-03-Final.jpg,61,418.10504150390625,0x1.a21ae40000000p+8,False,False,False,CHALLENGER,24,-3.607313624883601,-0x1.cdbc73eea527dp+1,-3.607313624883601,-0x1.cdbc73eea527dp+1,0.0003451349011441678,0.01832019087984575,0.018839045040947397,0.00033128906329473823,0.0003227662214556192,1.3845837849429552e-05,2.2368679688548594e-05,-1.0981496560848956,0.0,-1.5268602027149385,-2.080453422168662,False,98,-3.4608542786124272,-0x1.bafd45e36e579p+1,-1.5268602027149385,-0x1.86e04f6c397edp+0,0.44118014796251637,-0.67307655977648,-0x1.589d7da7e36a5p-1,1.1765318633455242,0x1.2d313133c55e2p+0,-1.7479911404673418,-0.30354371885069437,-0x1.36d42a257ad47p-2,-1.123166476907805,-0x1.1f87d6964855fp+0,3.7001802612172074,-0.464417031373722,-0x1.db902365d2799p-2,-0.9272597826719591,-0x1.dac1cb52f1bb4p-1,1.996610201674068,-0.6760695018357179,-0x1.5a25c8206a330p-1,-0.12312072595033356,-0x1.f84d7036a9d33p-4,0.18211252780376327,-0.7325429439038638,-0x1.770fde65f71eep-1,0.014711356100806785,0x1.e20fccaa9860ep-7,-0.02008258522347797,-1.0981496560848956
H593-90acde9b0567a472f4232120,DIFFICULT-0083,25,1422,/hkfs/work/workspace/scratch/ap7811-benchmark/dailymed/data/box_flat_20000_images/data/raw_images/otc/Antibacterial wipes 420 100 pcs.jpg,90,414.929443359375,0x1.9eedf00000000p+8,False,False,False,CHALLENGER,25,-4.635773882386702,-0x1.28b084f0201e1p+2,-4.635773882386702,-0x1.28b084f0201e1p+2,0.00016164764465752444,0.007878404209746132,0.020517815582190502,0.00015726202073198628,0.00020671562853966097,4.385623925538167e-06,-4.506798388213652e-05,-1.0981496560848956,-8.881784197001252e-16,-1.674819014453629,-2.960954867933073,False,125,-3.7962247897789028,-0x1.e5eab1a42eb3dp+1,-1.674819014453629,-0x1.acc0f05dcc1b1p+0,0.44118014796251637,-0.8323091030107895,-0x1.aa246b333059fp-1,1.4548689381931803,0x1.74724a6d81864p+0,-1.7479911404673418,-0.6263321240579792,-0x1.40ae9aaa86c6dp-1,-2.317541762405582,-0x1.28a5355e52b5fp+1,3.7001802612172074,-0.43028579326311106,-0x1.b89cd6c7fe715p-2,-0.8591130044645465,-0x1.b7dda8e37cafep-1,1.996610201674068,-0.8846286976071618,-0x1.c4ee0d7aa6d3ap-1,-0.16110196828899115,-0x1.49efd428fac50p-3,0.18211252780376327,-0.9999999947359729,-0x1.ffffffd2c8483p-1,0.020082585117762695,0x1.4908779332016p-6,-0.02008258522347797,-1.0981496560848956
H593-90acde9b0567a472f4232120,DIFFICULT-0083,26,1452,/hkfs/work/workspace/scratch/ap7811-benchmark/dailymed/data/box_flat_20000_images/data/raw_images/otc/Artemic Box V5-3 MECH 9.14.22-page-001.jpg,125,412.97821044921875,0x1.9cfa6c0000000p+8,False,False,False,CHALLENGER,26,-3.757379715883373,-0x1.e0f1d18b2fb9dp+1,-3.757379715883373,-0x1.e0f1d18b2fb9dp+1,0.0003857132271545042,0.02064378277759864,0.01868423201841943,0.00038679407781026505,0.000462586189804175,-1.0808506557608748e-06,-7.687296264967082e-05,-1.0981496560848956,0.0,-1.7657316833973755,-1.9916480324859973,False,102,-4.002291788404305,-0x1.00258c750fbbep+2,-1.7657316833973755,-0x1.c406fdd9b3e7bp+0,0.44118014796251637,-0.6415287077903526,-0x1.48767366cf358p-1,1.1213864975729986,0x1.1f132f7d4083ep+0,-1.7479911404673418,-0.24840590568607074,-0x1.fcbc3c4870816p-3,-0.9191466289893823,-0x1.d69a630f79e0bp-1,3.7001802612172074,-0.46764676652220466,-0x1.dedecb412c0c9p-2,-0.9337083048181248,-0x1.de0f03d265179p-1,1.996610201674068,-0.9999999862489064,-0x1.ffffff89e1068p-1,-0.18211252529951685,-0x1.74f76962d3c21p-3,0.18211252780376327,-0.9999999954908971,-0x1.ffffffd94460cp-1,0.020082585132923526,0x1.490877975cdaap-6,-0.02008258522347797,-1.0981496560848956
H593-90acde9b0567a472f4232120,DIFFICULT-0083,27,1760,/hkfs/work/workspace/scratch/ap7811-benchmark/dailymed/data/box_flat_20000_images/data/raw_images/otc/Bisc-supp-01.jpg,77,416.1654052734375,0x1.a02a580000000p+8,False,False,False,CHALLENGER,27,-4.0749835709852045,-0x1.04cc87e447999p+2,-4.0749835709852045,-0x1.04cc87e447999p+2,0.0003115753961355918,0.012864948204817563,0.024218939025259,0.0003272961254042198,0.00015872713565517627,-1.5720729268628008e-05,0.00015284826048041553,-1.0981496560848956,8.881784197001252e-16,-1.6172325542543462,-2.4577510167308585,False,115,-3.6656965679964135,-0x1.d5358b8e4d511p+1,-1.6172325542543462,-0x1.9e02f3e28c88dp+0,0.44118014796251637,-0.7000985181504399,-0x1.6673501ede4fbp-1,1.2237660071812835,0x1.3948baa2ccd44p+0,-1.7479911404673418,-0.4543490117612544,-0x1.d140de09f022ap-2,-1.6811732450225385,-0x1.ae615eaa48310p+0,3.7001802612172074,-0.3603835866355245,-0x1.7108651a7583cp-2,-0.7195455455923786,-0x1.706846149a7e1p-1,1.996610201674068,-0.9999999885532928,-0x1.ffffff9dac6cbp-1,-0.1821125257191745,-0x1.74f769713f1b1p-3,0.18211252780376327,0.02669235495280842,0x1.b553d9e4d5941p-6,-0.0005360514931550994,-0x1.190b9d0e7c5a1p-11,-0.02008258522347797,-1.0981496560848956
H593-90acde9b0567a472f4232120,DIFFICULT-0083,28,1873,/hkfs/work/workspace/scratch/ap7811-benchmark/dailymed/data/box_flat_20000_images/data/raw_images/otc/Broncovac 5 Throat Spray 1 Oz. Carton 001.jpg,112,413.42431640625,0x1.9d6ca00000000p+8,False,False,False,CHALLENGER,28,-3.5381493741769328,-0x1.c4e2142539f52p+1,-3.5381493741769328,-0x1.c4e2142539f52p+1,0.0009644577448048966,0.01981981860914887,0.04866128009666551,0.0009792864311950885,0.0010026315788965066,-1.4828686390191905e-05,-3.817383409160998e-05,-1.0981496560848956,-4.440892098500626e-16,-1.7449465259852,-1.7932028481917328,False,93,-3.9551791576384674,-0x1.fa434f85f063dp+1,-1.7449465259852,-0x1.beb4d0c660104p+0,0.44118014796251637,-0.2936274711302191,-0x1.2cacae06d88cfp-2,0.5132582181334532,0x1.06c9c7fa92a51p-1,-1.7479911404673418,-0.26741632541153937,-0x1.11d595d03c790p-2,-0.9894886088150154,-0x1.fa9e403d4003cp-1,3.7001802612172074,-0.028444641219287047,-0x1.d20978f221726p-6,-0.05679286084138722,-0x1.d13f42feb89fdp-5,1.996610201674068,-0.9999999884352052,-0x1.ffffff9ca8bf5p-1,-0.18211252569766925,-0x1.74f7697081f19p-3,0.18211252780376327,-0.9999999945377421,-0x1.ffffffd1145e3p-1,0.02008258511378171,0x1.4908779219de5p-6,-0.02008258522347797,-1.0981496560848956
H593-90acde9b0567a472f4232120,DIFFICULT-0083,29,1930,/hkfs/work/workspace/scratch/ap7811-benchmark/dailymed/data/box_flat_20000_images/data/raw_images/otc/CANESTEN C2.jpg,122,413.109619140625,0x1.9d1c100000000p+8,False,False,False,CHALLENGER,29,-3.126245992360956,-0x1.9028d424387eep+1,-3.126245992360956,-0x1.9028d424387eep+1,0.001273695604399789,0.02688317944825041,0.04737890497110388,0.0012160236357515615,0.0011192979769087262,5.767196864822741e-05,0.0001543976274910627,-1.0981496560848956,0.0,-1.7596090340734716,-1.3666369582874844,False,64,-3.9884138989476288,-0x1.fe8458bd722a4p+1,-1.7596090340734716,-0x1.c275bcd7177a5p+0,0.44118014796251637,-0.1620346120452575,-0x1.4bd8cd7c6f784p-3,0.28323506630417294,0x1.22085f8b6d60cp-2,-1.7479911404673418,-0.1210730202651611,-0x1.efea436778101p-4,-0.44799199975110005,-0x1.cabe6a2f33d46p-2,3.7001802612172074,-0.041781257368443694,-0x1.5645a5bf7693ap-5,-0.0834208847006045,-0x1.55b123397acf9p-4,1.996610201674068,-0.10802247892203272,-0x1.ba75c7633f67dp-4,-0.019672246696120117,-0x1.424f620cb72c2p-6,0.18211252780376327,0.031730843008807845,0x1.03f0669fea357p-5,-0.0006372373589371836,-0x1.4e188cee70079p-11,-0.02008258522347797,-1.0981496560848956
H593-90acde9b0567a472f4232120,DIFFICULT-0083,30,1936,/hkfs/work/workspace/scratch/ap7811-benchmark/dailymed/data/box_flat_20000_images/data/raw_images/otc/CAREONE Max Gas Relief 12ct.jpg,39,422.8529052734375,0x1.a6da580000000p+8,False,False,False,CHALLENGER,30,-3.9677093075264236,-0x1.fbdde609ee2e9p+1,-3.9677093075264236,-0x1.fbdde609ee2e9p+1,0.0002347097462459533,0.009995666840236467,0.023481149381765584,0.00022678004660145872,0.00026283478107008387,7.929699644494573e-06,-2.8125034824130578e-05,-1.0981496560848956,4.440892098500626e-16,-1.3056457260511356,-2.662063581475288,False,110,-2.9594389776623995,-0x1.7acee57bc8a9cp+1,-1.3056457260511356,-0x1.4e3ecc5d8d42fp+0,0.44118014796251637,-0.7654059098636458,-0x1.87e3488e0f185p-1,1.3379227493029977,0x1.56821af4d4ae2p+0,-1.7479911404673418,-0.5485776772941422,-0x1.18df2c5e9684ep-1,-2.029836293268168,-0x1.03d1acf7e90afp+1,3.7001802612172074,-0.37376741180453243,-0x1.7ebce2680b4bcp-2,-0.746267827462242,-0x1.7e16d11203bcdp-1,1.996610201674068,-0.8006870303152115,-0x1.99f3a6831204fp-1,-0.1458151390703916,-0x1.2aa120ac8d5c5p-3,0.18211252780376327,-0.999999994220511,-0x1.ffffffce5ac4fp-1,0.02008258510741089,0x1.49087790598fdp-6,-0.02008258522347797,-1.0981496560848956
H593-90acde9b0567a472f4232120,DIFFICULT-0083,31,1967,/hkfs/work/workspace/scratch/ap7811-benchmark/dailymed/data/box_flat_20000_images/data/raw_images/otc/CDER 200ct.jpg,93,414.6888122558594,0x1.9eb0560000000p+8,False,False,False,CHALLENGER,31,-3.5916771425586025,-0x1.cbbc139c8a3b1p+1,-3.5916771425586025,-0x1.cbbc139c8a3b1p+1,0.0006093778226719155,0.017518881026479517,0.034784060794228265,0.0005803306787378045,0.0005029655287040545,2.9047143934111085e-05,0.00010641229396786108,-1.0981496560848956,4.440892098500626e-16,-1.686030600593662,-1.9056465419649404,False,96,-3.8216375065382837,-0x1.e92b6af5dfdc7p+1,-1.686030600593662,-0x1.af9fb3919ae26p+0,0.44118014796251637,-0.4869810167645145,-0x1.f2ab26d31b0d3p-2,0.8512385028801494,0x1.b3d58875eeb77p-1,-1.7479911404673418,-0.32370535054635974,-0x1.4b796a588c1d6p-2,-1.197768148542037,-0x1.32a0eef22db37p+0,3.7001802612172074,-0.19383084273889517,-0x1.8cf72f54284acp-3,-0.38700463801156004,-0x1.8c4af19ea3ceep-2,1.996610201674068,-0.4230254379533151,-0x1.b12d94958ad1bp-2,-0.07703823183097223,-0x1.3b8c70e417507p-4,0.18211252780376327,-0.15314908863322724,-0x1.39a63ab8bc3eap-3,0.003075629624374767,0x1.9321014d76fb8p-9,-0.02008258522347797,-1.0981496560848956
H593-90acde9b0567a472f4232120,DIFFICULT-0083,32,2150,/hkfs/work/workspace/scratch/ap7811-benchmark/dailymed/data/box_flat_20000_images/data/raw_images/otc/CTGS24.jpg,48,420.16253662109375,0x1.a4299c0000000p+8,False,False,False,CHALLENGER,32,-4.615319022317564,-0x1.276163095d7b0p+2,-4.615319022317564,-0x1.276163095d7b0p+2,0.00011176858912534729,0.006904653949416072,0.016187428065790262,0.0001035472339433839,0.00014347766096204623,8.221355181963391e-06,-3.1709071836698934e-05,-1.0981496560848956,0.0,-1.4309965200819597,-3.1843225022356045,False,124,-3.243565075832787,-0x1.9f2d23f193257p+1,-1.4309965200819597,-0x1.6e55c9b6711b6p+0,0.44118014796251637,-0.8809734611238564,-0x1.c30ef418577f0p-1,1.5399338050313514,0x1.8a391a129d4f8p+0,-1.7479911404673418,-0.6647754322847684,-0x1.545d7209b1d6fp-1,-2.4597889326822364,-0x1.3ada5d1e776afp+1,3.7001802612172074,-0.5217757344974124,-0x1.0b26306706893p-1,-1.0417827544835137,-0x1.0ab2464c0b221p+0,1.996610201674068,-0.794110931686756,-0x1.9695b541fb3dfp-1,-0.1446175491260767,-0x1.282d3edf64b4bp-3,0.18211252780376327,-0.9999999943377973,-0x1.ffffffcf5caf4p-1,0.0200825851097663,0x1.49087790ff4f2p-6,-0.02008258522347797,-1.0981496560848956
H593-90acde9b0567a472f4232120,DIFFICULT-0083,33,2185,/hkfs/work/workspace/scratch/ap7811-benchmark/dailymed/data/box_flat_20000_images/data/raw_images/otc/CVS Docusate Clear 30CT.jpg,63,417.65423583984375,0x1.a1a77c0000000p+8,False,False,False,CHALLENGER,33,-3.23958023797946,-0x1.9eaa90b371e0fp+1,-3.23958023797946,-0x1.9eaa90b371e0fp+1,0.0006969981554638082,0.024546803502237504,0.028394660649003648,0.0007017093743548527,0.0007036205228850401,-4.711218891044521e-06,-6.622367421231967e-06,-1.0981496560848956,0.0,-1.547864330864662,-1.6917159071147978,False,69,-3.508463238912944,-0x1.c11552cb2cb6dp+1,-1.547864330864662,-0x1.8c40d637b569ep+0,0.44118014796251637,-0.43408809899638173,-0x1.bc81973316cdfp-2,0.7587821512279856,0x1.847f1818a01d7p-1,-1.7479911404673418,-0.1655905346338212,-0x1.532121563c3f3p-3,-0.6127148276964696,-0x1.39b5c2057612cp-1,3.7001802612172074,-0.2892921381196365,-0x1.283c32c0dae24p-2,-0.5776036342337698,-0x1.27bba9de2b694p-1,1.996610201674068,-0.9999999869027416,-0x1.ffffff8f7ed30p-1,-0.18211252541858844,-0x1.74f76966eb1f7p-3,0.18211252780376327,-0.9999999934003423,-0x1.ffffffc74f330p-1,0.02008258509093978,0x1.4908778bd282bp-6,-0.02008258522347797,-1.0981496560848956
H593-90acde9b0567a472f4232120,DIFFICULT-0083,34,2203,/hkfs/work/workspace/scratch/ap7811-benchmark/dailymed/data/box_flat_20000_images/data/raw_images/otc/CVS Ichthammol Oint. Carton.jpg,100,414.14886474609375,0x1.9e261c0000000p+8,False,False,False,CHALLENGER,34,-3.3333327664597285,-0x1.aaaaa5e9509b5p+1,-3.3333327664597285,-0x1.aaaaa5e9509b5p+1,0.0010110807420302826,0.025324841600114948,0.039924464602601635,0.0010645694708047032,0.0006838628290959304,-5.348872877442056e-05,0.00032721791293435223,-1.0981496560848956,0.0,-1.711188063317265,-1.6221447031424636,False,77,-3.8786606134024217,-0x1.f077f3736c60bp+1,-1.711188063317265,-0x1.b6106bc140d3bp+0,0.44118014796251637,-0.2719115772895226,-0x1.166ffd0f72f87p-2,0.47529902809258634,0x1.e6b4c9d5e9b8bp-2,-1.7479911404673418,-0.15037820288567297,-0x1.33f97cbb66d8dp-3,-0.5564264580348837,-0x1.1ce3edbfc7236p-1,3.7001802612172074,-0.12671468399041935,-0x1.0382fcfd4b6b6p-3,-0.25299983075717697,-0x1.0312633bfb813p-2,1.996610201674068,-0.9999999920082709,-0x1.ffffffbb5a008p-1,-0.1821125263483693,-0x1.74f76986dd8fdp-3,0.18211252780376327,0.3861684102631445,0x1.8b6fbb535066ap-2,-0.007755260009724604,-0x1.fc3fac1d1e509p-8,-0.02008258522347797,-1.0981496560848956
H593-90acde9b0567a472f4232120,DIFFICULT-0083,35,2227,/hkfs/work/workspace/scratch/ap7811-benchmark/dailymed/data/box_flat_20000_images/data/raw_images/otc/CVS Vapor Steam 69842-256-08 21-256-08v3.3.jpg,92,414.84918212890625,0x1.9ed9640000000p+8,False,False,False,CHALLENGER,35,-4.012190112414578,-0x1.00c7b90989ee6p+2,-4.012190112414578,-0x1.00c7b90989ee6p+2,0.00021901104044568981,0.01717663082941732,0.012750523814635612,0.0002229494458341524,0.00021473689148696743,-3.9384053884625875e-06,4.274148958722385e-06,-1.0981496560848956,8.881784197001252e-16,-1.6785585796468168,-2.333631532767761,False,111,-3.8047010668971235,-0x1.e70071ceb091fp+1,-1.6785585796468168,-0x1.adb603dc00d79p+0,0.44118014796251637,-0.7793658983614753,-0x1.8f090c0a290f8p-1,1.3623246855182296,0x1.5cc14f82d5937p+0,-1.7479911404673418,-0.332507994228364,-0x1.547cf9c37a3edp-2,-1.2303395169407176,-0x1.3af787d43ca04p+0,3.7001802612172074,-0.6031654518282709,-0x1.34d21a235be5bp-1,-1.2042862944176742,-0x1.344c1b498b811p+0,1.996610201674068,-0.9999999867688191,-0x1.ffffff8e58535p-1,-0.18211252539419948,-0x1.74f7696614986p-3,0.18211252780376327,-0.9426960892147986,-0x1.e2a90fd27d43ep-1,0.018931774551495584,0x1.362d9e2373670p-6,-0.02008258522347797,-1.0981496560848956
H593-90acde9b0567a472f4232120,DIFFICULT-0083,36,2242,/hkfs/work/workspace/scratch/ap7811-benchmark/dailymed/data/box_flat_20000_images/data/raw_images/otc/CVS32-00.jpg,56,419.12005615234375,0x1.a31ebc0000000p+8,False,False,False,CHALLENGER,36,-3.94470968568612,-0x1.f8ec3f3a1e3fep+1,-3.94470968568612,-0x1.f8ec3f3a1e3fep+1,0.00028753707553523804,0.013133293559723534,0.021893752258537874,0.0002884252119627955,0.0002558677531589664,-8.88136427557452e-07,3.166932237627163e-05,-1.0981496560848956,0.0,-1.479568210956219,-2.4651414747299008,False,109,-3.353659990797968,-0x1.ad44bb0730c27p+1,-1.479568210956219,-0x1.7ac4fb764218bp+0,0.44118014796251637,-0.7199968761737127,-0x1.70a36e38c6c9bp-1,1.2585481607158115,0x1.42303656b7220p+0,-1.7479911404673418,-0.4461194792275767,-0x1.c8d38b7590609p-2,-1.6507224911823795,-0x1.a695bfca66645p+0,3.7001802612172074,-0.4034756423457281,-0x1.9d28b8026e132p-2,-0.8055835836344784,-0x1.9c757393cf233p-1,1.996610201674068,-0.9999999862123687,-0x1.ffffff8990adap-1,-0.1821125252928629,-0x1.74f76962993abp-3,0.18211252780376327,-0.6412830124006114,-0x1.48563f3b7b62dp-1,0.012878620748903957,0x1.a601b377918e6p-7,-0.02008258522347797,-1.0981496560848956
H593-90acde9b0567a472f4232120,DIFFICULT-0083,37,2280,/hkfs/work/workspace/scratch/ap7811-benchmark/dailymed/data/box_flat_20000_images/data/raw_images/otc/CVS_Two Step Clear Medicated Corn Removers_53-057CV.jpg,91,414.8688049316406,0x1.9ede6a0000000p+8,False,False,False,CHALLENGER,37,-4.0152963424734285,-0x1.00fa9d82aafeap+2,-4.0152963424734285,-0x1.00fa9d82aafeap+2,0.0003205611362689975,0.010617617427873169,0.030191437810470217,0.00024819740562341823,0.0003726442457947012,7.236373064557929e-05,-5.208310952570369e-05,-1.0981496560848956,0.0,-1.6776443057231591,-2.3376520367502693,False,112,-3.8026287299438857,-0x1.e6bc89c8f8315p+1,-1.6776443057231591,-0x1.ad7a18e366ceep+0,0.44118014796251637,-0.692778041983594,-0x1.62b3cdb369b40p-1,1.2109698796976345,0x1.36021f3dbe0d9p+0,-1.7479911404673418,-0.5271303463786815,-0x1.0de4075cd9e6dp-1,-1.9504773027589868,-0x1.f3527b02f0acfp+0,3.7001802612172074,-0.2609382590872734,-0x1.0b3366243855ap-2,-0.5209919901007212,-0x1.0abf764debcdap-1,1.996610201674068,0.0050213315151926155,0x1.4913f6a3df531p-8,0.0009144473751724279,0x1.df6f0c8fee3ccp-11,0.18211252780376327,-0.9999999949234392,-0x1.ffffffd464865p-1,0.020082585121527503,0x1.490877943aee2p-6,-0.02008258522347797,-1.0981496560848956
H593-90acde9b0567a472f4232120,DIFFICULT-0083,38,2549,/hkfs/work/workspace/scratch/ap7811-benchmark/dailymed/data/box_flat_20000_images/data/raw_images/otc/Cornea Care Recover Lub Eye Drops 10mL.jpg,126,412.9664306640625,0x1.9cf7680000000p+8,False,False,False,CHALLENGER,38,-4.041479840903146,-0x1.02a79b1007d3bp+2,-4.041479840903146,-0x1.02a79b1007d3bp+2,0.00042029266952971916,0.013430261994984836,0.031294450524246356,0.0004174606856044511,0.00044426319423959747,2.8319839252680438e-06,-2.3970524709878305e-05,-1.0981496560848956,0.0,-1.7662805321291517,-2.2751993087739946,False,114,-4.00353583516006,-0x1.0039ee5e1818ap+2,-1.7662805321291517,-0x1.c42af6010e621p+0,0.44118014796251637,-0.6155687911499547,-0x1.3b2bd524dac85p-1,1.0760087932783122,0x1.13754ff156ba0p+0,-1.7479911404673418,-0.4371200331652083,-0x1.bf9c64db7be8cp-2,-1.617422918500515,-0x1.9e0f6daac2b5bp+0,3.7001802612172074,-0.24414181555179534,-0x1.f4009fcb0c56fp-3,-0.48745603958594325,-0x1.f327ad110987fp-2,1.996610201674068,-0.9239456231524075,-0x1.d90f669571a0ep-1,-0.1682620729855082,-0x1.5899c9250a14fp-3,0.18211252780376327,-0.999999994078326,-0x1.ffffffcd2219ep-1,0.020082585104555444,0x1.4908778f90a0bp-6,-0.02008258522347797,-1.0981496560848956
H593-90acde9b0567a472f4232120,DIFFICULT-0083,39,2931,/hkfs/work/workspace/scratch/ap7811-benchmark/dailymed/data/box_flat_20000_images/data/raw_images/otc/PKG Chest Rub bigger.jpg,54,419.20733642578125,0x1.a335140000000p+8,False,False,False,CHALLENGER,39,-3.4730131322905327,-0x1.bc8bb1bee2181p+1,-3.4730131322905327,-0x1.bc8bb1bee2181p+1,0.00048495957960349316,0.018157906933976814,0.026707900936315726,0.0004753748921800924,0.00046896263172233835,9.584687423400736e-06,1.5996947881154807e-05,-1.0981496560848956,4.440892098500626e-16,-1.4755016115446151,-1.9975115207459175,False,88,-3.344442442296785,-0x1.ac16b0a082708p+1,-1.4755016115446151,-0x1.79ba793ec787fp+0,0.44118014796251637,-0.5691614625593625,-0x1.23692197ac06fp-1,0.9948891940492004,0x1.fd621dcf2b940p-1,-1.7479911404673418,-0.30757716959271875,-0x1.3af5827196800p-2,-1.1380909717280354,-0x1.2359ee0f71dcap+0,3.7001802612172074,-0.31709534398326006,-0x1.44b4a4507ce65p-2,-0.6331157987003249,-0x1.4427c103ff64ap-1,1.996610201674068,-0.7639975493641438,-0x1.872aafd17c7d4p-1,-0.13913352495058465,-0x1.1cf2099b850a5p-3,0.18211252780376327,-0.8011536607305183,-0x1.9a30d007d106ep-1,0.016089236668721987,0x1.079b2653d3304p-6,-0.02008258522347797,-1.0981496560848956
H593-90acde9b0567a472f4232120,DIFFICULT-0083,40,3055,/hkfs/work/workspace/scratch/ap7811-benchmark/dailymed/data/box_flat_20000_images/data/raw_images/otc/Unit Carton.jpg,96,414.63580322265625,0x1.9ea2c40000000p+8,False,False,False,CHALLENGER,40,-4.274686298912197,-0x1.119475d79f2dcp+2,-4.274686298912197,-0x1.119475d79f2dcp+2,0.00022703449231467292,0.012554695272126612,0.01808363225021678,0.00023769808751986017,0.00027644867794088555,-1.066359520518725e-05,-4.941418562621263e-05,-1.0981496560848956,-8.881784197001252e-16,-1.6885004198866536,-2.5861858790255434,False,121,-3.8272357169391773,-0x1.e9e2dc272b1eep+1,-1.6885004198866536,-0x1.b0419042b208bp+0,0.44118014796251637,-0.7722036149263652,-0x1.8b5e45afec661p-1,1.3498050775281412,0x1.598cd357f546cp+0,-1.7479911404673418,-0.4639812746169753,-0x1.db1de841bec67p-2,-1.7168143539121326,-0x1.b781253f5b217p+0,3.7001802612172074,-0.48031258444017727,-0x1.ebd70fe81c779p-2,-0.9589970060856952,-0x1.eb01a7d4332fcp-1,1.996610201674068,-0.9999999878499567,-0x1.ffffff97a1c5bp-1,-0.18211252559108818,-0x1.74f7696cd8725p-3,0.18211252780376327,-0.9999999948537124,-0x1.ffffffd3cb31ap-1,0.02008258512012721,0x1.49087793d864bp-6,-0.02008258522347797,-1.0981496560848956
H593-90acde9b0567a472f4232120,DIFFICULT-0083,41,3289,/hkfs/work/workspace/scratch/ap7811-benchmark/dailymed/data/box_flat_20000_images/data/raw_images/otc/bam2.jpg,105,413.793701171875,0x1.9dcb300000000p+8,False,False,False,CHALLENGER,41,-4.713410659408272,-0x1.2da8852eb1af4p+2,-4.713410659408272,-0x1.2da8852eb1af4p+2,0.00014355013348921804,0.009081166155504566,0.015807455896201708,0.00014434966108281913,0.00013937841685599398,-7.99527593601081e-07,4.1717166332240604e-06,-1.0981496560848956,0.0,-1.7277359947690982,-2.9856746646391734,False,126,-3.916168945380313,-0x1.f54506250276fp+1,-1.7277359947690982,-0x1.ba4ce7f9a7c20p+0,0.44118014796251637,-0.8496720604094044,-0x1.b308375f91106p-1,1.4852192338982708,0x1.7c3753e4fbb62p+0,-1.7479911404673418,-0.5812304808336195,-0x1.29970aa53cccep-1,-2.150657552398345,-0x1.1348bf2639205p+1,3.7001802612172074,-0.5303652893422791,-0x1.0f8c0a09513cbp-1,-1.0589327473146133,-0x1.0f16376e6133cp+0,1.996610201674068,-0.9999999861955037,-0x1.ffffff896b977p-1,-0.18211252528979155,-0x1.74f769627e36ap-3,0.18211252780376327,-0.9440309770495661,-0x1.e3580739ad78ep-1,0.018958582550201084,0x1.369e0f0206399p-6,-0.02008258522347797,-1.0981496560848956
H593-90acde9b0567a472f4232120,DIFFICULT-0083,42,3677,/hkfs/work/workspace/scratch/ap7811-benchmark/dailymed/data/box_flat_20000_images/data/raw_images/otc/careone-omeprazole-carton-image-1.jpg,113,413.41473388671875,0x1.9d6a2c0000000p+8,False,False,False,CHALLENGER,42,-3.649448807610151,-0x1.d32123768e4f4p+1,-3.649448807610151,-0x1.d32123768e4f4p+1,0.0008380702992841192,0.012623970558832987,0.06638721909072592,0.0007584229908528045,0.0008314968111534825,7.964730843131474e-05,6.573488130636666e-06,-1.0981496560848956,4.440892098500626e-16,-1.7453929987877328,-1.904055808822418,False,99,-3.956191154222164,-0x1.fa6478c40de97p+1,-1.7453929987877328,-0x1.bed2135875ef2p+0,0.44118014796251637,-0.3564064704990468,-0x1.6cf5d15b81393p-2,0.6229953528375688,0x1.3ef93f33fea33p-1,-1.7479911404673418,-0.46181947286384983,-0x1.d8e734326cbe4p-2,-1.708815297736553,-0x1.b574eb5aaed8fp+0,3.7001802612172074,0.126181982172277,0x1.026bb2f631f0ap-3,0.2519362328726236,0x1.01fb926376209p-2,1.996610201674068,0.052923393109572274,0x1.b18c66532ab7fp-5,0.009638012899136475,0x1.3bd18319a0b88p-7,0.18211252780376327,-0.9132064515409661,-0x1.d38fcbc7bab48p-1,0.018339546389701356,0x1.2c79a1fde74bdp-6,-0.02008258522347797,-1.0981496560848956
H593-90acde9b0567a472f4232120,DIFFICULT-0083,43,3693,/hkfs/work/workspace/scratch/ap7811-benchmark/dailymed/data/box_flat_20000_images/data/raw_images/otc/carton and container.jpg,85,415.2249450683594,0x1.9f39960000000p+8,False,False,False,CHALLENGER,43,-3.2049650302479047,-0x1.9a3c4b4ade83fp+1,-3.2049650302479047,-0x1.9a3c4b4ade83fp+1,0.0013117960457674513,0.025370350358232662,0.051705870326768044,0.001305258879581412,0.0011199864345883557,6.537166186039358e-06,0.00019180961117909565,-1.0981496560848956,4.440892098500626e-16,-1.6610508738583287,-1.543914156389576,False,68,-3.7650172645561906,-0x1.e1ec15f21275cp+1,-1.6610508738583287,-0x1.a93aa14c36b7ep+0,0.44118014796251637,-0.14765092411206548,-0x1.2e639b9248b3cp-3,0.2580925072297063,0x1.084966f793b19p-2,-1.7479911404673418,-0.14950069074606642,-0x1.322d6b0bdec04p-3,-0.553179504936933,-0x1.1b3a58150b0eep-1,3.7001802612172074,0.0018915198369076627,0x1.efd9bf5b65501p-10,0.0037766278030387087,0x1.ef0299ce7245ep-9,1.996610201674068,-0.8327615681581971,-0x1.aa5fb96935d3dp-1,-0.1516563142351152,-0x1.369795eef947dp-3,0.18211252780376327,0.13931553802677582,0x1.1d5176fd3279ep-3,-0.0027978161653774113,-0x1.6eb721dc6c9b8p-9,-0.02008258522347797,-1.0981496560848956
H593-90acde9b0567a472f4232120,DIFFICULT-0083,44,3772,/hkfs/work/workspace/scratch/ap7811-benchmark/dailymed/data/box_flat_20000_images/data/raw_images/otc/cartonimage0001v1.jpg,106,413.74951171875,0x1.9dbfe00000000p+8,False,False,False,CHALLENGER,44,-3.560917470714506,-0x1.c7cc24c83ca6dp+1,-3.560917470714506,-0x1.c7cc24c83ca6dp+1,0.0007110671916306958,0.019644112231287293,0.03619747144888405,0.0006980407764745509,0.0005914009719912691,1.3026415156144888e-05,0.0001196662196394267,-1.0981496560848956,-4.440892098500626e-16,-1.7297948884572107,-1.8311225822572952,False,94,-3.920835732173919,-0x1.f5ddf1fd566cep+1,-1.7297948884572107,-0x1.bad3d67ab6313p+0,0.44118014796251637,-0.4259437953677401,-0x1.b42a9c3c277c4p-2,0.744545980639844,0x1.7d35217a6ec94p-1,-1.7479911404673418,-0.27154534500192945,-0x1.160ffba0a8449p-2,-1.004766725601556,-0x1.0138646291541p+0,3.7001802612172074,-0.17459233314721567,-0x1.6590aa47ff3d0p-3,-0.3485928334958084,-0x1.64f5850df0190p-2,1.996610201674068,-0.6922907984865193,-0x1.6273f085a484fp-1,-0.12607482728766572,-0x1.023384e0651d8p-3,0.18211252780376327,-0.09538012917517098,-0x1.86ad5077ee09dp-4,0.0019154795727867088,0x1.f621a87c2f813p-10,-0.02008258522347797,-1.0981496560848956
H593-90acde9b0567a472f4232120,DIFFICULT-0083,45,3775,/hkfs/work/workspace/scratch/ap7811-benchmark/dailymed/data/box_flat_20000_images/data/raw_images/otc/cartonlabel002.jpg,17,432.05426025390625,0x1.b00de40000000p+8,False,False,False,CHALLENGER,45,-2.896105664419132,-0x1.72b3972538631p+1,-2.896105664419132,-0x1.72b3972538631p+1,0.0004981653763424439,0.016454793667823424,0.030274787177464457,0.0004727419775982577,0.00041732170804435477,2.542339874418622e-05,8.084366829808916e-05,-1.0981496560848956,0.0,-0.8769323034663024,-2.0191733609528297,False,49,-1.9876966529799716,-0x1.fcd9b016eaea6p+0,-0.8769323034663024,-0x1.c0fd4558632ecp-1,0.44118014796251637,-0.560010408756383,-0x1.1eb9af2e0e77bp-1,0.9788932330756521,0x1.f5317e6cabd7ep-1,-1.7479911404673418,-0.3514628923113453,-0x1.67e5e370f06eep-2,-1.300476056680749,-0x1.4cebffb4acc39p+0,3.7001802612172074,-0.25965320847722384,-0x1.09e287dad836cp-2,-0.5184262449430287,-0x1.096f2a2ed637bp-1,1.996610201674068,-0.4761520310811995,-0x1.e79465e5abc0cp-2,-0.0867132499990933,-0x1.632d6ece04014p-4,0.18211252780376327,-0.2837589690705112,-0x1.2291b6106b079p-2,0.00569861367928479,0x1.7576df6293b64p-8,-0.02008258522347797,-1.0981496560848956
H593-90acde9b0567a472f4232120,DIFFICULT-0083,46,3822,/hkfs/work/workspace/scratch/ap7811-benchmark/dailymed/data/box_flat_20000_images/data/raw_images/otc/cetirizine-fig4.jpg,72,417.0610656738281,0x1.a10fa20000000p+8,False,False,False,CHALLENGER,46,-3.7871431208056845,-0x1.e4c11b1490de9p+1,-3.7871431208056845,-0x1.e4c11b1490de9p+1,0.0002774959717044847,0.016191252711394356,0.017138635079742844,0.0002455034516125392,0.00022314722024127827,3.199252009194553e-05,5.4348751463206455e-05,-1.0981496560848956,0.0,-1.5755015660965992,-2.211641554709085,False,105,-3.5711071166113695,-0x1.c91a09ba2de99p+1,-1.5755015660965992,-0x1.935412152e825p+0,0.44118014796251637,-0.7284472635911342,-0x1.74f70a2bf81f3p-1,1.273319363054981,0x1.45f841fdaf482p+0,-1.7479911404673418,-0.35851836353388467,-0x1.6f1f701992eacp-2,-1.326582572031975,-0x1.539aea5a52265p+0,3.7001802612172074,-0.500689949226863,-0x1.005a6edabb05ap-1,-0.9996826605020259,-0x1.ffd667da780ccp-1,1.996610201674068,-0.3825813824475566,-0x1.87c369f6aed24p-2,-0.06967286264818284,-0x1.1d614aa7e1e00p-4,0.18211252780376327,-0.45446507018146703,-0x1.d15f4a966a3c5p-2,0.009126833503013208,0x1.2b116db4ab56cp-7,-0.02008258522347797,-1.0981496560848956
H593-90acde9b0567a472f4232120,DIFFICULT-0083,47,4044,/hkfs/work/workspace/scratch/ap7811-benchmark/dailymed/data/box_flat_20000_images/data/raw_images/otc/cloitrimazole-1oz-22-CDR.jpg,124,413.045654296875,0x1.9d0bb00000000p+8,False,False,False,CHALLENGER,47,-4.529458602460252,-0x1.21e2a65589c50p+2,-4.529458602460252,-0x1.21e2a65589c50p+2,0.00015489479269453418,0.012153600145130639,0.012744766229337654,0.00015714546552858286,0.0001359389349783709,-2.2506728340486763e-06,1.8955857716163282e-05,-1.0981496560848956,0.0,-1.7625893111247728,-2.7668692913354795,False,123,-3.9951691372897544,-0x1.ff61b3c952f2ap+1,-1.7625893111247728,-0x1.c3390d978f60ap+0,0.44118014796251637,-0.8387496081658767,-0x1.ad7096b135e40p-1,1.466126884144407,0x1.7754176b2fc5ap+0,-1.7479911404673418,-0.4766245988292907,-0x1.e8104761c3817p-2,-1.7635969325987115,-0x1.c37b16acd65ebp+0,3.7001802612172074,-0.6033091029730008,-0x1.34e4ee454bd85p-1,-1.2045731097587242,-0x1.345ee7400e036p+0,1.996610201674068,-0.999999986466609,-0x1.ffffff8bbfc23p-1,-0.18211252533916322,-0x1.74f76964307dcp-3,0.18211252780376327,-0.7686285470638521,-0x1.8989ae50d28e4p-1,0.015436048301607856,0x1.f9cef55143d0fp-7,-0.02008258522347797,-1.0981496560848956
H593-90acde9b0567a472f4232120,DIFFICULT-0083,48,4072,/hkfs/work/workspace/scratch/ap7811-benchmark/dailymed/data/box_flat_20000_images/data/raw_images/otc/cold-flu-48s-ifc-softgels.jpg,31,428.01116943359375,0x1.ac02dc0000000p+8,False,False,False,CHALLENGER,48,-3.7927506894281917,-0x1.e578dac67cde6p+1,-3.7927506894281917,-0x1.e578dac67cde6p+1,0.00021187944604492614,0.01046130825986798,0.02025362801493434,0.000222765173785228,0.0002083346997583462,-1.088572774030186e-05,3.544746286579943e-06,-1.0981496560848956,4.440892098500626e-16,-1.0653097008253587,-2.727440988602833,False,106,-2.414681861242473,-0x1.35144b9423f25p+1,-1.0653097008253587,-0x1.10b822f5280dcp+0,0.44118014796251637,-0.7857808210011417,-0x1.9251dd200c410p-1,1.3735379134591499,0x1.5fa02e421f854p+0,-1.7479911404673418,-0.5324644227300229,-0x1.109f2d43d1643p-1,-1.9702143467860458,-0x1.f85ff7a98e5a9p+0,3.7001802612172074,-0.4355511399999855,-0x1.be011e38244e6p-2,-0.8696258494747413,-0x1.bd3f996e801e8p-1,1.996610201674068,-0.9999999878826604,-0x1.ffffff97e9b04p-1,-0.18211252559704394,-0x1.74f7696d0cd58p-3,0.18211252780376327,-0.9522417391953465,-0x1.e78c3aaf75d97p-1,0.019123475880743427,0x1.3951abdf97c31p-6,-0.02008258522347797,-1.0981496560848956
H593-90acde9b0567a472f4232120,DIFFICULT-0083,49,4286,/hkfs/work/workspace/scratch/ap7811-benchmark/dailymed/data/box_flat_20000_images/data/raw_images/otc/cvs-44-347-1.jpg,120,413.11334228515625,0x1.9d1d040000000p+8,False,False,False,CHALLENGER,49,-4.101409185418335,-0x1.067d7cf3b8b02p+2,-4.101409185418335,-0x1.067d7cf3b8b02p+2,0.0003535981077417179,0.013929136215640396,0.02538550146021823,0.0003559860606502637,0.00032862873163594,-2.387952908545815e-06,2.496937610577788e-05,-1.0981496560848956,0.0,-1.7594355637489207,-2.3419736216694145,False,118,-3.988020702822753,-0x1.fe77765f32843p+1,-1.7594355637489207,-0x1.c26a5e7db88f6p+0,0.44118014796251637,-0.6663971108723521,-0x1.5532008ab0f78p-1,1.1648562458379044,0x1.2a3404d86a465p+0,-1.7479911404673418,-0.42225147802670654,-0x1.b062b1033fdd3p-2,-1.562406584264211,-0x1.8ff9e0be78486p+0,3.7001802612172074,-0.33974571745780424,-0x1.5be64d25bfd24p-2,-0.6783397654513275,-0x1.5b4f598861288p-1,1.996610201674068,-0.9999999864917056,-0x1.ffffff8bf6f25p-1,-0.18211252534373365,-0x1.74f7696458b17p-3,0.18211252780376327,-0.70601784974739,-0x1.697b2bee1d541p-1,0.014178663636848624,0x1.d09b404f85188p-7,-0.02008258522347797,-1.0981496560848956
H593-90acde9b0567a472f4232120,DIFFICULT-0083,50,4322,/hkfs/work/workspace/scratch/ap7811-benchmark/dailymed/data/box_flat_20000_images/data/raw_images/otc/cvs-44-685-sleep-aid-1.jpg,87,415.0845947265625,0x1.9f15a80000000p+8,False,False,False,CHALLENGER,50,-4.279630843906264,-0x1.11e578c461f03p+2,-4.279630843906264,-0x1.11e578c461f03p+2,0.0002371668723336598,0.011316043332203431,0.0209584627215703,0.0002330726230327281,0.0003440903883247644,4.094249300931683e-06,-0.00010692351599110461,-1.0981496560848956,0.0,-1.6675901363387362,-2.6120407075675276,False,122,-3.77983946929638,-0x1.e3d1c79c61047p+1,-1.6675901363387362,-0x1.aae72feab5017p+0,0.44118014796251637,-0.7632407249236669,-0x1.86c77d010b82bp-1,1.3341380252104413,0x1.558a11d2a0fd9p+0,-1.7479911404673418,-0.5037431386533676,-0x1.01ea9ee43382dp-1,-1.8639404183687938,-0x1.dd2b33029626ap+0,3.7001802612172074,-0.4215889642762505,-0x1.afb50477af1ccp-2,-0.8417488269871659,-0x1.aef9b3c6b6651p-1,1.996610201674068,-0.8918794244395043,-0x1.c8a46b7fe2cd8p-1,-0.1624224164808436,-0x1.4ca41fb7614f6p-3,0.18211252780376327,-0.9999999960289752,-0x1.ffffffdde39fcp-1,0.020082585143729525,0x1.4908779a55423p-6,-0.02008258522347797,-1.0981496560848956
H593-90acde9b0567a472f4232120,DIFFICULT-0083,51,4403,/hkfs/work/workspace/scratch/ap7811-benchmark/dailymed/data/box_flat_20000_images/data/raw_images/otc/day-and-night-multi-symptom-cold-and-flu-relief-1.jpg,104,413.82232666015625,0x1.9dd2840000000p+8,False,False,False,CHALLENGER,51,-4.038043851264065,-0x1.026f4f7a3f8e1p+2,-4.038043851264065,-0x1.026f4f7a3f8e1p+2,0.0004249633598848426,0.012810687622929353,0.033172564376967334,0.0004238696637831437,0.00039336169998512895,1.0936961016989313e-06,3.1601659899713674e-05,-1.0981496560848956,0.0,-1.7264022639131247,-2.31164158735094,False,113,-3.9131458473054495,-0x1.f4e1f68f53dadp+1,-1.7264022639131247,-0x1.b9f57faf3f4a9p+0,0.44118014796251637,-0.6121251597582501,-0x1.3968780c70e01p-1,1.0699893561145775,0x1.11ead28b94888p+0,-1.7479911404673418,-0.4560244561790349,-0x1.d2f81335dc4dbp-2,-1.6873726913859763,-0x1.aff7a81daa90ap+0,3.7001802612172074,-0.21654909331059286,-0x1.bb7e174dfac66p-3,-0.4323641288671994,-0x1.babda985cae81p-2,1.996610201674068,-0.9699262634176598,-0x1.f09a2cd9d216cp-1,-0.17663572361424879,-0x1.69bffd81d3f46p-3,0.18211252780376327,-0.6419122012106266,-0x1.48a8b74e34be2p-1,0.012891256486802748,0x1.a66bb281f0f2cp-7,-0.02008258522347797,-1.0981496560848956
H593-90acde9b0567a472f4232120,DIFFICULT-0083,52,4458,/hkfs/work/workspace/scratch/ap7811-benchmark/dailymed/data/box_flat_20000_images/data/raw_images/otc/equate-44-773-1.jpg,84,415.2336730957031,0x1.9f3bd20000000p+8,False,False,False,CHALLENGER,52,-3.3005605035495447,-0x1.a678c43e9b779p+1,-3.3005605035495447,-0x1.a678c43e9b779p+1,0.0005295661101288118,0.023300683311480382,0.022727492711249866,0.00046332067200356995,0.0004319054014505939,6.62454381252418e-05,9.766070867821784e-05,-1.0981496560848956,-4.440892098500626e-16,-1.6606442139171684,-1.6399162896323762,False,75,-3.764095509706072,-0x1.e1cde1b49aa0cp+1,-1.6606442139171684,-0x1.a91ffaad10dcap+0,0.44118014796251637,-0.5386738082970084,-0x1.13cd0dabb1e1ap-1,0.941597044504974,0x1.e219020051782p-1,-1.7479911404673418,-0.19081123464690583,-0x1.86c80a64248abp-3,-0.7060359640589658,-0x1.697d8bbeddbdfp-1,3.7001802612172074,-0.38771373582775115,-0x1.8d04d45e5c56cp-2,-0.7741132002828526,-0x1.8c5890bd3bc6ap-1,1.996610201674068,-0.03912794531992231,-0x1.40893fb0479e8p-5,-0.007125689029978481,-0x1.d2fd39586091ep-8,0.18211252780376327,-0.19475457346846622,-0x1.8edb7c5e59123p-3,0.003911175319342574,0x1.0052a215e33e6p-8,-0.02008258522347797,-1.0981496560848956
H593-90acde9b0567a472f4232120,DIFFICULT-0083,53,4491,/hkfs/work/workspace/scratch/ap7811-benchmark/dailymed/data/box_flat_20000_images/data/raw_images/otc/globe ibuprofin 200mg 50pk child resistant CDER.jpg,102,413.89215087890625,0x1.9de4640000000p+8,False,False,False,CHALLENGER,53,-3.4317359757900188,-0x1.b7431fdc432bfp+1,-3.4317359757900188,-0x1.b7431fdc432bfp+1,0.0007861034500679189,0.023861207033149597,0.03294483170846349,0.000788395685442413,0.000677591931115615,-2.2922353744940765e-06,0.00010851151895230392,-1.0981496560848956,0.0,-1.7231489843838417,-1.708586991406177,False,86,-3.905771808504503,-0x1.f3f054a39532ep+1,-1.7231489843838417,-0x1.b9204ab610706p+0,0.44118014796251637,-0.3840231178250883,-0x1.893d5b2fdde8fp-2,0.6712690076929004,0x1.57b09245b800ap-1,-1.7479911404673418,-0.1793328287926924,-0x1.6f460cd61c394p-3,-0.6635637932869654,-0x1.53bea22df4564p-1,3.7001802612172074,-0.21982949639880695,-0x1.c235f78dd50b6p-3,-0.4389138151387308,-0x1.c1729f87223dbp-2,1.996610201674068,-0.9999999864742171,-0x1.ffffff8bd07d2p-1,-0.18211252534054875,-0x1.74f769643cadbp-3,0.18211252780376327,-0.1435965897802711,-0x1.2615f807631b7p-3,0.0028837907520631,0x1.79fbf5efeebb8p-9,-0.02008258522347797,-1.0981496560848956
H593-90acde9b0567a472f4232120,DIFFICULT-0083,54,4546,/hkfs/work/workspace/scratch/ap7811-benchmark/dailymed/data/box_flat_20000_images/data/raw_images/otc/lagrifilm-plus-01.jpg,86,415.20147705078125,0x1.9f33940000000p+8,False,False,False,CHALLENGER,54,-5.007807743362049,-0x1.407fec0c9950ep+2,-5.007807743362049,-0x1.407fec0c9950ep+2,7.194108246306469e-05,0.007980485821537172,0.009014624431624848,6.997426474448322e-05,6.625041957872448e-05,1.966817718581474e-06,5.690662884340214e-06,-1.0981496560848956,0.0,-1.6621443056581622,-3.3456634377038865,False,127,-3.76749568931053,-0x1.e23d4c7ab4712p+1,-1.6621443056581622,-0x1.a9824a0a08d0bp+0,0.44118014796251637,-0.9217273377084153,-0x1.d7eca54692d65p-1,1.6111712202408597,0x1.9c75b79330df3p+0,-1.7479911404673418,-0.622404551803298,-0x1.3eabcf35c0df3p-1,-2.303009037074306,-0x1.26c9000850345p+1,3.7001802612172074,-0.7021202510581642,-0x1.677c4e384ee97p-1,-1.4018604560646886,-0x1.66e053ac5a7ddp+0,1.996610201674068,-0.9465592663093045,-0x1.e4a36a890c664p-1,-0.17238030070366298,-0x1.6108ec4ff99b5p-3,0.18211252780376327,-0.9244224175432989,-0x1.d94de5261350cp-1,0.018564791982806837,0x1.302a619b15ae9p-6,-0.02008258522347797,-1.0981496560848956
H593-90acde9b0567a472f4232120,DIFFICULT-0083,55,4559,/hkfs/work/workspace/scratch/ap7811-benchmark/dailymed/data/box_flat_20000_images/data/raw_images/otc/levonorgestrel-fig1.jpg,53,419.22528076171875,0x1.a339ac0000000p+8,False,False,False,CHALLENGER,55,-3.0504852556118136,-0x1.86764d04e4376p+1,-3.0504852556118136,-0x1.86764d04e4376p+1,0.0009015891274658947,0.02210251843713331,0.04079123969652168,0.0008326595194220428,0.0005130102739616861,6.892960804385183e-05,0.0003885788535042086,-1.0981496560848956,-4.440892098500626e-16,-1.4746655414557959,-1.5758197141560177,False,60,-3.3425473658916465,-0x1.abd89792eaf3ep+1,-1.4746655414557959,-0x1.7983ae51173d1p+0,0.44118014796251637,-0.3241119815505619,-0x1.4be402e40173fp-2,0.5665448722696967,0x1.22122b643accfp-1,-1.7479911404673418,-0.2161124575291136,-0x1.ba992b0ac40f1p-3,-0.7996550495523682,-0x1.996c62fbd13eap-1,3.7001802612172074,-0.11613409462473193,-0x1.dbaf6ca5d218ap-4,-0.23187451808992132,-0x1.dae106ffc6998p-3,1.996610201674068,-0.01928593713194678,-0x1.3bfb155048795p-6,-0.003512210762163288,-0x1.cc5a3cb865a76p-9,0.18211252780376327,0.45677146812959957,0x1.d3bbe655733ccp-2,-0.009173151936365835,-0x1.2c95f9c8b1f0fp-7,-0.02008258522347797,-1.0981496560848956
H593-90acde9b0567a472f4232120,DIFFICULT-0083,56,4635,/hkfs/work/workspace/scratch/ap7811-benchmark/dailymed/data/box_flat_20000_images/data/raw_images/otc/proctozone G max carton label-52.jpg,64,417.6331787109375,0x1.a1a2180000000p+8,False,False,False,CHALLENGER,56,-3.6919922856863585,-0x1.d89334060db8bp+1,-3.6919922856863585,-0x1.d89334060db8bp+1,0.0003276590776655936,0.016435053675564894,0.01993659918207304,0.00029741908515034694,0.00029574646135809295,3.023999251524663e-05,3.191261630750063e-05,-1.0981496560848956,0.0,-1.548845433519909,-2.143146852166449,False,100,-3.510687053061831,-0x1.c15e317fb2123p+1,-1.548845433519909,-0x1.8c81226386e65p+0,0.44118014796251637,-0.6870399281675378,-0x1.5fc3b28d0d30fp-1,1.200939707584175,0x1.3370c8e08ab5bp+0,-1.7479911404673418,-0.3519888277974093,-0x1.686fc25fc9fb9p-2,-1.3024221127849567,-0x1.4d6b891bffa51p+0,3.7001802612172074,-0.44192103118386405,-0x1.c486f26165acep-2,-0.882344039196027,-0x1.c3c2991055bfbp-1,1.996610201674068,-0.4063642348720329,-0x1.a01df22c28640p-2,-0.07400401802158808,-0x1.2f1ed652ce179p-4,0.18211252780376327,-0.6390246173007542,-0x1.472e3c114a935p-1,0.012833266336842791,0x1.a4853d9bda3c3p-7,-0.02008258522347797,-1.0981496560848956
H593-90acde9b0567a472f4232120,DIFFICULT-0083,57,4767,/hkfs/work/workspace/scratch/ap7811-benchmark/dailymed/data/box_flat_20000_images/data/raw_images/otc/winco-44-676a-womens-delisted-1.jpg,73,416.96258544921875,0x1.a0f66c0000000p+8,False,False,False,CHALLENGER,57,-3.712832651530265,-0x1.db3e19aeebf64p+1,-3.712832651530265,-0x1.db3e19aeebf64p+1,0.0005208477875654474,0.01365745178870362,0.03813652763513704,0.0005024146193400484,0.0004798567577110286,1.843316822539899e-05,4.0991029854418784e-05,-1.0981496560848956,-4.440892098500626e-16,-1.5800899983697618,-2.132742653160503,False,101,-3.581507476406236,-0x1.ca6ed644c5aadp+1,-1.5800899983697618,-0x1.9480c733bc1d3p+0,0.44118014796251637,-0.5445391021123057,-0x1.16cdd445ee5d9p-1,0.9518495261303516,0x1.e758d232e2cb5p-1,-1.7479911404673418,-0.4303104513698002,-0x1.b8a34d8f0a898p-2,-1.5922262383540016,-0x1.979c238590440p+0,3.7001802612172074,-0.14918605723485823,-0x1.318875a6be428p-3,-0.29786640382264934,-0x1.3103e3fbfb4c5p-2,1.996610201674068,-0.5907096745710387,-0x1.2e717f9b6d44ap-1,-0.10757563203427024,-0x1.b8a139d6f0851p-4,0.18211252780376327,-0.5589793784038711,-0x1.1e328b8ac41d3p-1,0.011225751004962483,0x1.6fd86cb83cb81p-7,-0.02008258522347797,-1.0981496560848956
H593-90acde9b0567a472f4232120,DIFFICULT-0083,58,4783,/hkfs/work/workspace/scratch/ap7811-benchmark/dailymed/data/box_flat_20000_images/data/raw_images/other/Party Rock Box.jpg,60,418.1789855957031,0x1.a22dd20000000p+8,False,False,False,CHALLENGER,58,-5.025985948916132,-0x1.41a9c0f830052p+2,-5.025985948916132,-0x1.41a9c0f830052p+2,7.552547920393377e-05,0.005097277715504135,0.0148168264354543,7.733194834053003e-05,9.120281633961571e-05,-1.806469136596259e-06,-1.567733713568194e-05,-1.0981496560848956,8.881784197001252e-16,-1.5234149683183245,-3.5025709805978074,False,128,-3.453045145738872,-0x1.b9fd622247ae6p+1,-1.5234149683183245,-0x1.85fe85fb2a012p+0,0.44118014796251637,-0.9179873948970267,-0x1.d602719e7228cp-1,1.604633833340698,0x1.9ac9486c40dfap+0,-1.7479911404673418,-0.7411683794831089,-0x1.7b7a6bfd6b257p-1,-2.7424566080017443,-0x1.5f08d1710885dp+1,3.7001802612172074,-0.5532219602503737,-0x1.1b3fe8a568a2dp-1,-1.104568609626022,-0x1.1ac50226882e4p+0,1.996610201674068,-0.99999998638476,-0x1.ffffff8b0bc54p-1,-0.18211252532425748,-0x1.74f76963ad610p-3,0.18211252780376327,-0.999999993772496,-0x1.ffffffca8192fp-1,0.02008258509841359,0x1.4908778de06eep-6,-0.02008258522347797,-1.0981496560848956
H593-90acde9b0567a472f4232120,DIFFICULT-0083,59,4797,/hkfs/work/workspace/scratch/ap7811-benchmark/dailymed/data/box_flat_20000_images/data/raw_images/other/haegarda-21.jpg,37,423.0879211425781,0x1.a716820000000p+8,False,False,False,CHALLENGER,59,-2.1604227121162305,-0x1.1488bb3f09942p+1,-2.1604227121162305,-0x1.1488bb3f09942p+1,0.0026392046809065837,0.0407898445565886,0.06470249420159374,0.0025577306348103118,0.0032028081928762394,8.147404609627198e-05,-0.0005636035119696557,-1.0981496560848956,-4.440892098500626e-16,-1.294695767285835,-0.8657269448303955,False,17,-2.9346192780093885,-0x1.77a19ac0a1776p+1,-1.294695767285835,-0x1.4b712e8ac3255p+0,0.44118014796251637,0.1981459966568484,0x1.95cd917bcbc10p-3,-0.34635744667524254,-0x1.62ab86c8c8f0bp-2,-1.7479911404673418,0.08657899876461028,0x1.62a0a9036e498p-4,0.32035790226475996,0x1.480be6e4f81fbp-2,3.7001802612172074,0.11351436894586178,0x1.d0f47163fa142p-4,0.22664394707390167,0x1.d02ab3a4266d0p-3,1.996610201674068,0.06422250867085437,0x1.070e2e6688ca3p-4,0.011695723395948394,0x1.7f3ed6be8c6cap-7,0.18211252780376327,-0.9999999985885757,-0x1.fffffff3e03ecp-1,0.02008258519513292,0x1.490877a876737p-6,-0.02008258522347797,-1.0981496560848956
H593-90acde9b0567a472f4232120,DIFFICULT-0083,60,4806,/hkfs/work/workspace/scratch/ap7811-benchmark/dailymed/data/box_flat_20000_images/data/raw_images/prescription/0-5.jpg,67,417.3249816894531,0x1.a153320000000p+8,False,False,False,CHALLENGER,60,-3.259458277161859,-0x1.a135edc78b18ap+1,-3.259458277161859,-0x1.a135edc78b18ap+1,0.0008008167571630735,0.022121092091289832,0.03620150189051447,0.00078245757443785,0.0006401808667151096,1.8359182725223534e-05,0.00016063589044796396,-1.0981496560848956,4.440892098500626e-16,-1.5632050794841696,-1.6962531976776896,False,71,-3.5432353126119875,-0x1.c588bc16d9b49p+1,-1.5632050794841696,-0x1.902e35455359dp+0,0.44118014796251637,-0.37609058209061363,-0x1.811de3b9a6b22p-2,0.6574030055075982,0x1.50972071e4fcfp-1,-1.7479911404673418,-0.21571204276816203,-0x1.b9c73c4857438p-3,-0.7981734427575952,-0x1.98aa30825bf47p-1,3.7001802612172074,-0.174538359705843,-0x1.65745e16ac321p-3,-0.34848506957214426,-0x1.64d94523d39a9p-2,1.996610201674068,-0.5920173377418816,-0x1.2f1ce58088616p-1,-0.10781377387982832,-0x1.b99aef8df489cp-4,0.18211252780376327,0.051500385996898344,0x1.a5e42332d1583p-5,-0.0010342608908247223,-0x1.0f2012ce76863p-10,-0.02008258522347797,-1.0981496560848956
H593-90acde9b0567a472f4232120,DIFFICULT-0083,61,4816,/hkfs/work/workspace/scratch/ap7811-benchmark/dailymed/data/box_flat_20000_images/data/raw_images/prescription/08c31658-112b-406a-a083-159c4b21f742-11.jpg,114,413.359375,0x1.9d5c000000000p+8,False,False,False,CHALLENGER,61,-3.3574765627390386,-0x1.adc1cac1067c2p+1,-3.3574765627390386,-0x1.adc1cac1067c2p+1,0.0009966740618183331,0.025122837030769465,0.03967203467497105,0.001116949130313178,0.0009707785149038885,-0.00012027506849484476,2.5895546914444676e-05,-1.0981496560848956,0.0,-1.747972303449498,-1.6095042592895406,False,81,-3.962037529390397,-0x1.fb240bb720d18p+1,-1.747972303449498,-0x1.bf7b1ce5a11f3p+0,0.44118014796251637,-0.2785436267879088,-0x1.1d3a8a5e40d12p-2,0.4868917918589063,0x1.f293c30ae63cep-2,-1.7479911404673418,-0.15428953653803296,-0x1.3bfc270c5de5ep-3,-0.5708990976103807,-0x1.244ce2f31ae0ep-1,3.7001802612172074,-0.1298338787832051,-0x1.09e6583a4b265p-3,-0.25922764690146166,-0x1.0972f8e6a4ac5p-2,1.996610201674068,-0.9999999947893791,-0x1.ffffffd33db93p-1,-0.18211252685484391,-0x1.74f76998448f4p-3,0.18211252780376327,-0.6967666835431273,-0x1.64be9a4d852d9p-1,0.01399287630313496,0x1.ca84c10caa006p-7,-0.02008258522347797,-1.0981496560848956
H593-90acde9b0567a472f4232120,DIFFICULT-0083,62,4818,/hkfs/work/workspace/scratch/ap7811-benchmark/dailymed/data/box_flat_20000_images/data/raw_images/prescription/100mg-30ml.jpg,82,415.43316650390625,0x1.9f6ee40000000p+8,False,False,False,CHALLENGER,62,-3.347023722558204,-0x1.ac6b45f9a96ddp+1,-3.347023722558204,-0x1.ac6b45f9a96ddp+1,0.0011872896297431942,0.022292211804889946,0.05326028839734756,0.00126221398329791,0.0008925600754035774,-7.492435355471575e-05,0.00029472955433961683,-1.0981496560848956,0.0,-1.6513493326746322,-1.6956743898835718,False,80,-3.7430272878346615,-0x1.df1b84a6a489ap+1,-1.6513493326746322,-0x1.a6bed4721be57p+0,0.44118014796251637,-0.1960297002537425,-0x1.917804fd13786p-3,0.34265817931201054,0x1.5ee1c927686fdp-2,-1.7479911404673418,-0.212035375511315,-0x1.b23f9a5b5454bp-3,-0.7845691111467462,-0x1.91b30ae3a774fp-1,3.7001802612172074,0.016699806512123647,0x1.119c10b46c1dcp-6,0.03334300404808911,0x1.112558fdfb662p-5,1.996610201674068,-0.9999999931770883,-0x1.ffffffc564423p-1,-0.1821125265612256,-0x1.74f7698e2ddd9p-3,0.18211252780376327,0.34080669269625713,0x1.5cfc6dfd8daabp-2,-0.006844279450804251,-0x1.c08bf467e8591p-8,-0.02008258522347797,-1.0981496560848956
H593-90acde9b0567a472f4232120,DIFFICULT-0083,63,4820,/hkfs/work/workspace/scratch/ap7811-benchmark/dailymed/data/box_flat_20000_images/data/raw_images/prescription/10ML.jpg,59,418.2411804199219,0x1.a23dbe0000000p+8,False,False,False,CHALLENGER,63,-3.0703680302165606,-0x1.8901d1d23b669p+1,-3.0703680302165606,-0x1.8901d1d23b669p+1,0.002168646292337262,0.024784524031036138,0.08750001773774631,0.002207126135968223,0.0015557828215056622,-3.8479843630961214e-05,0.0006128634708315996,-1.0981496560848956,0.0,-1.5205171607655805,-1.54985086945098,False,62,-3.4464768367020153,-0x1.b926272a07419p+1,-1.5205171607655805,-0x1.85409cd67eb49p+0,0.44118014796251637,0.10225614829194496,0x1.a2d757cba9498p-4,-0.1787428412726345,-0x1.6e10ba0d47da4p-3,-1.7479911404673418,-0.16090007065023762,-0x1.4985f9eaef545p-3,-0.5953592654484634,-0x1.30d2edfcf1870p-1,3.7001802612172074,0.25889658784573116,0x1.091c2fe75fa5fp-2,0.5169155684713934,0x1.08a9284ac179fp-1,1.996610201674068,-0.9999999909190372,-0x1.ffffffb1fec07p-1,-0.1821125261500062,-0x1.74f769800cbddp-3,0.18211252780376327,0.6175573925549681,0x1.3c307b88da6e3p-1,-0.012402148966373986,-0x1.9664c41af81a2p-7,-0.02008258522347797,-1.0981496560848956
H593-90acde9b0567a472f4232120,DIFFICULT-0083,64,4847,/hkfs/work/workspace/scratch/ap7811-benchmark/dailymed/data/box_flat_20000_images/data/raw_images/prescription/65bafc35-2483-4af8-940b-67402c1a2469-03.jpg,101,414.02459716796875,0x1.9e064c0000000p+8,False,False,False,CHALLENGER,64,-3.60041297165891,-0x1.ccda550eaf41cp+1,-3.60041297165891,-0x1.ccda550eaf41cp+1,0.0007005338856065509,0.019364590534006743,0.036176023674568396,0.0007166763822725223,0.0007990058306775436,-1.6142496665971394e-05,-9.847194507099264e-05,-1.0981496560848956,0.0,-1.7169779908711285,-1.8834349807877817,False,97,-3.8917843397999103,-0x1.f225fd3f4345cp+1,-1.7169779908711285,-0x1.b78bde9ebe47dp+0,0.44118014796251637,-0.432032590788487,-0x1.ba66c060f8870p-2,0.7551891410914278,0x1.82a826ae9063ep-1,-1.7479911404673418,-0.2781697086648801,-0x1.1cd88525d0646p-2,-1.0292780652703306,-0x1.077ec46cd3836p+0,3.7001802612172074,-0.17487963331199685,-0x1.66274b0e7df30p-3,-0.3491664599357531,-0x1.658be47922f94p-2,1.996610201674068,-0.9999999886082902,-0x1.ffffff9e255d8p-1,-0.1821125257291902,-0x1.74f7697197347p-3,0.18211252780376327,-0.9999999958910738,-0x1.ffffffdcb4603p-1,0.020082585140960108,0x1.490877999260dp-6,-0.02008258522347797,-1.0981496560848956
H593-90acde9b0567a472f4232120,DIFFICULT-0083,65,4850,/hkfs/work/workspace/scratch/ap7811-benchmark/dailymed/data/box_flat_20000_images/data/raw_images/prescription/6e218dfb-0589-445b-9e9a-098a4aef3fa0-04.jpg,49,419.7433166503906,0x1.a3be4a0000000p+8,False,False,False,CHALLENGER,65,-2.731153328147851,-0x1.5d966ea860d78p+1,-2.731153328147851,-0x1.5d966ea860d78p+1,0.002228653369520282,0.027436633291422832,0.08122911240049988,0.002176568421759536,0.0021944395198749823,5.208494776074617e-05,3.4213849645299815e-05,-1.0981496560848956,0.0,-1.4505289942488127,-1.2806243338990384,False,45,-3.2878383149099735,-0x1.a4d7e2ca897bap+1,-1.4505289942488127,-0x1.7355de4032cbdp+0,0.44118014796251637,0.11574098769639317,0x1.da1338cf67697p-4,-0.20231422108223487,-0x1.9e56eb1882e49p-3,-1.7479911404673418,-0.11102117228456068,-0x1.c6be230203272p-4,-0.4107983502645263,-0x1.a4a8529e8c2ddp-2,3.7001802612172074,0.22388530102633125,0x1.ca84606fb4a66p-3,0.4470116760340427,0x1.c9bd6dc5fc45ep-2,1.996610201674068,-0.15805695398163866,-0x1.43b35d420d57cp-3,-0.028784151426559303,-0x1.d7997b414ab1ap-6,0.18211252780376327,-0.6179667003542121,-0x1.3c6621a013a59p-1,0.012410368925134937,0x1.96a9b8551680bp-7,-0.02008258522347797,-1.0981496560848956
H593-90acde9b0567a472f4232120,DIFFICULT-0083,66,4853,/hkfs/work/workspace/scratch/ap7811-benchmark/dailymed/data/box_flat_20000_images/data/raw_images/prescription/7.5ml-carton.jpg,26,429.11907958984375,0x1.ad1e7c0000000p+8,False,False,False,CHALLENGER,66,-1.8358462915269675,-0x1.d5fa05c697596p+0,-1.8358462915269675,-0x1.d5fa05c697596p+0,0.003523968994849557,0.03669206459059661,0.09604172003318327,0.0028831511220317177,0.002027557543935778,0.0006408178728178394,0.001496411450913779,-1.0981496560848956,0.0,-1.0136894822803029,-0.8221568092466647,False,10,-2.297677007820461,-0x1.261a47baae150p+1,-1.0136894822803029,-0x1.03812766b16d3p+0,0.44118014796251637,0.33225165184693706,0x1.5439c6eae5f66p-2,-0.5807729438340857,-0x1.295b1240568cdp-1,-1.7479911404673418,0.03384705532731088,0x1.15466b764b63bp-5,0.12524020602244246,0x1.007defe815e60p-3,3.7001802612172074,0.3017985445579711,0x1.350aad7b6d733p-2,0.6025740529148309,0x1.348496155fef4p-1,1.996610201674068,0.7988917631377978,0x1.9908575770f51p-1,0.14548819842662966,0x1.29f5b77192171p-3,0.18211252780376327,0.8234331639859682,0x1.a599081b85e86p-1,-0.016536666691586318,-0x1.0eefcea80388fp-6,-0.02008258522347797,-1.0981496560848956
H593-90acde9b0567a472f4232120,DIFFICULT-0083,67,4869,/hkfs/work/workspace/scratch/ap7811-benchmark/dailymed/data/box_flat_20000_images/data/raw_images/prescription/8997b2b5-a523-4687-a7b7-06f2511787e4-07.jpg,98,414.579833984375,0x1.9e94700000000p+8,False,False,False,CHALLENGER,67,-3.2947445867464866,-0x1.a5ba30cc5fe5ap+1,-3.2947445867464866,-0x1.a5ba30cc5fe5ap+1,0.0012373596168052193,0.024030764163046885,0.05149064792154879,0.0013720962482500752,0.0012508438460515265,-0.00013473663144485592,-1.348422924630729e-05,-1.0981496560848956,0.0,-1.691108162306542,-1.6036364244399446,False,73,-3.833146550488537,-0x1.eaa48bd18fce3p+1,-1.691108162306542,-0x1.b0ec76eb1af23p+0,0.44118014796251637,-0.17609213328313042,-0x1.68a2fe0c4576fp-3,0.30780748888490633,0x1.3b31e2e8e5f21p-2,-1.7479911404673418,-0.17590410406911255,-0x1.68406931ac122p-3,-0.6508768937436278,-0x1.4d3fbc78b3af8p-1,3.7001802612172074,-0.00019403971358378192,-0x1.96ee472abdff0p-13,-0.0003874216716712932,-0x1.963db68dae174p-12,1.996610201674068,-0.9999999951545051,-0x1.ffffffd660a4ep-1,-0.18211252692133795,-0x1.74f7699a8d728p-3,0.18211252780376327,-0.9999999936862657,-0x1.ffffffc9c3f39p-1,0.02008258509668186,0x1.4908778d6692dp-6,-0.02008258522347797,-1.0981496560848956
H593-90acde9b0567a472f4232120,DIFFICULT-0083,68,4896,/hkfs/work/workspace/scratch/ap7811-benchmark/dailymed/data/box_flat_20000_images/data/raw_images/prescription/Ertaczo Carton.jpg,57,418.8883056640625,0x1.a2e3680000000p+8,False,False,False,CHALLENGER,68,-2.914048681374415,-0x1.74ff8c14ba3eap+1,-2.914048681374415,-0x1.74ff8c14ba3eap+1,0.0015962446637434477,0.02965391505989627,0.05382913724947559,0.0016404686003053434,0.0012783072031169373,-4.4223936561895664e-05,0.00031793746062651037,-1.0981496560848956,0.0,-1.4903660277155608,-1.423682653658854,False,51,-3.378134838111949,-0x1.b066b8ed95a44p+1,-1.4903660277155608,-0x1.7d88a0c41b966p+0,0.44118014796251637,-0.05056670490093794,-0x1.9e3e10fa1cc3ep-5,0.08839015216946604,0x1.6a0bcacdb37cbp-4,-1.7479911404673418,-0.07249577898427309,-0x1.28f1557d5e322p-4,-0.26824745041917253,-0x1.12af75ab2495cp-2,3.7001802612172074,0.022009759043231537,0x1.689b9ed2252fdp-6,0.04394490944210416,0x1.67ff279c25050p-5,1.996610201674068,-0.9999999913692343,-0x1.ffffffb5dcbeep-1,-0.18211252623199273,-0x1.74f76982dde71p-3,0.18211252780376327,0.3738603596506079,0x1.7ed54007e1715p-2,-0.007508082534363456,-0x1.ec0cb8f0d5a31p-8,-0.02008258522347797,-1.0981496560848956
H593-90acde9b0567a472f4232120,DIFFICULT-0083,69,4927,/hkfs/work/workspace/scratch/ap7811-benchmark/dailymed/data/box_flat_20000_images/data/raw_images/prescription/abacavir-fig2.jpg,30,428.20880126953125,0x1.ac35740000000p+8,False,False,False,CHALLENGER,69,-2.5221425546844287,-0x1.42d591361c190p+1,-2.5221425546844287,-0x1.42d591361c190p+1,0.0011959974811346227,0.020687388845398752,0.057812877694356,0.00102197574606378,0.0013193467580112227,0.00017402173507084263,-0.00012334927687660002,-1.0981496560848956,4.440892098500626e-16,-1.056101554745098,-1.4660409999393307,False,33,-2.3938102374335,-0x1.32685fb54dae3p+1,-1.056101554745098,-0x1.0e5cabe6e28c1p+0,0.44118014796251637,-0.19251387093816233,-0x1.8a44b65da56bdp-3,0.336512540816981,0x1.5896be5602ddap-2,-1.7479911404673418,-0.2474157072941159,-0x1.fab5161ac26e1p-3,-0.915482716444782,-0x1.d4ba268e5dfe3p-1,3.7001802612172074,0.05764764889769223,0x1.d83fe1d69ebfdp-5,0.11509988389165715,0x1.d772f9d168b68p-4,1.996610201674068,0.4167553086456432,0x1.aac1e754450abp-2,0.07589636273309563,0x1.36df1abd2f198p-4,0.18211252780376327,-0.9999999962721331,-0x1.ffffffdffa558p-1,0.020082585148612764,0x1.4908779bace2dp-6,-0.02008258522347797,-1.0981496560848956
H593-90acde9b0567a472f4232120,DIFFICULT-0083,70,4944,/hkfs/work/workspace/scratch/ap7811-benchmark/dailymed/data/box_flat_20000_images/data/raw_images/prescription/albuterol-fig6.jpg,5,444.24298095703125,0x1.bc3e340000000p+8,False,False,False,CHALLENGER,70,-2.180957588081694,-0x1.17299e45630fap+1,-2.180957588081694,-0x1.17299e45630fap+1,0.0006523303538786042,0.01877668716122746,0.03474150409373708,0.0006401225353260497,0.0009738140342754687,1.2207818552554487e-05,-0.0003214836803968645,-1.0981496560848956,0.0,-0.3090302737479436,-1.8719273143337503,False,18,-0.7004627818706827,-0x1.66a30ec866477p-1,-0.3090302737479436,-0x1.3c726e9ce2a85p-2,0.44118014796251637,-0.46057341581906586,-0x1.d7a08eb9664b6p-2,0.8050782503865082,0x1.9c333768430c2p-1,-1.7479911404673418,-0.292330131153939,-0x1.2b589703c4280p-2,-1.0816741810548427,-0x1.14e899608ee1cp+0,3.7001802612172074,-0.19441987742928313,-0x1.8e2c023a02408p-3,-0.3881807106835286,-0x1.8d7f3e854b907p-2,1.996610201674068,-0.7088123131018448,-0x1.6ae9728f8c8ffp-1,-0.12908360207740946,-0x1.085cfbcafa935p-3,0.18211252780376327,-0.9999999978558456,-0x1.ffffffed94f46p-1,0.020082585180417806,0x1.490877a46af78p-6,-0.02008258522347797,-1.0981496560848956
H593-90acde9b0567a472f4232120,DIFFICULT-0083,71,4947,/hkfs/work/workspace/scratch/ap7811-benchmark/dailymed/data/box_flat_20000_images/data/raw_images/prescription/alendronate-fig9.jpg,33,425.11920166015625,0x1.a91e840000000p+8,False,False,False,CHALLENGER,71,-2.0432630397696214,-0x1.0589a4ae77d13p+1,-2.0432630397696214,-0x1.0589a4ae77d13p+1,0.0036727332012968044,0.03823179939475513,0.09606487948356028,0.0035559626791308004,0.004548604424410935,0.000116770522166004,-0.0008758712231141303,-1.0981496560848956,0.0,-1.2000534863642434,-0.8432095534053781,False,13,-2.72009856269916,-0x1.5c2c309058417p+1,-1.2000534863642434,-0x1.3336b48d629cfp+0,0.44118014796251637,0.35051546507838804,0x1.66ed86ad04002p-2,-0.6126979275538122,-0x1.39b38af257590p-1,-1.7479911404673418,0.054359903029671114,0x1.bd50fab73cc64p-5,0.20114144019207053,0x1.9bf00b1bf656ep-3,3.7001802612172074,0.30190811532313455,0x1.352766a6d6e56p-2,0.6027928230223615,0x1.34a142ca4a039p-1,1.996610201674068,0.2395287262285328,0x1.ea8e096cd52afp-3,0.04362118181509368,0x1.65583fa9e0d92p-5,0.18211252780376327,-0.9999999990203492,-0x1.fffffff795b9ap-1,0.020082585203804047,0x1.490877aad8a09p-6,-0.02008258522347797,-1.0981496560848956
H593-90acde9b0567a472f4232120,DIFFICULT-0083,72,4950,/hkfs/work/workspace/scratch/ap7811-benchmark/dailymed/data/box_flat_20000_images/data/raw_images/prescription/amiodarone-fig2.jpg,32,427.9617004394531,0x1.abf6320000000p+8,False,False,False,CHALLENGER,72,-2.94854664840255,-0x1.7969fa00cf475p+1,-2.94854664840255,-0x1.7969fa00cf475p+1,0.0005381935352275316,0.01983972861502104,0.027127061345993162,0.0005217434590147153,0.00046537670942371556,1.6450076212816325e-05,7.281682580381608e-05,-1.0981496560848956,0.0,-1.067614581121236,-1.8809320672813141,False,52,-2.419906213032829,-0x1.35bf7c9e2e7dap+1,-1.067614581121236,-0x1.114f306ea600bp+0,0.44118014796251637,-0.532913353978496,-0x1.10da04e5e0ed8p-1,0.9315278213911475,0x1.dcf136f060d2cp-1,-1.7479911404673418,-0.2669501402165595,-0x1.115b60a79229cp-2,-0.9877636395584792,-0x1.f9bc27e029c78p-1,3.7001802612172074,-0.31007486583088073,-0x1.3d844400388bcp-2,-0.6190986404006544,-0x1.3cfa7f3b09aa0p-1,1.996610201674068,-0.6265196197985582,-0x1.40c72dfaaca07p-1,-0.11409707168016812,-0x1.d3577376f895fp-4,0.18211252780376327,-0.33108880045795125,-0x1.5308f14827b37p-2,0.006649119051735898,0x1.b3c1b4dfd9bdbp-8,-0.02008258522347797,-1.0981496560848956
H593-90acde9b0567a472f4232120,DIFFICULT-0083,73,4956,/hkfs/work/workspace/scratch/ap7811-benchmark/dailymed/data/box_flat_20000_images/data/raw_images/prescription/aripiprazole-fig13.jpg,46,420.2713928222656,0x1.a4457a0000000p+8,False,False,False,CHALLENGER,73,-2.4017893411716154,-0x1.336dd5481b532p+1,-2.4017893411716154,-0x1.336dd5481b532p+1,0.002597739702437747,0.035299725599155604,0.07359093189381298,0.0024574345110101024,0.0021773363486441025,0.00014030519142764443,0.0004204033537936443,-1.0981496560848956,-4.440892098500626e-16,-1.4259246459207042,-0.9758646952509111,False,29,-3.2320689235587587,-0x1.9db46f3a8d285p+1,-1.4259246459207042,-0x1.6d0965c8ca30ap+0,0.44118014796251637,0.19052712926369086,0x1.8633166981ac4p-3,-0.33303973397160763,-0x1.55085e36b4d55p-2,-1.7479911404673418,0.014516311033624758,0x1.dbaba492f1157p-7,0.05371296755230789,0x1.b80441e043c2bp-5,3.7001802612172074,0.17649897048848728,0x1.69784ad034adcp-3,0.352399645062284,0x1.68db73daa8775p-2,1.996610201674068,0.3239721897397536,0x1.4bbf5d9efba58p-2,0.05899939441162695,0x1.e352b2af6a702p-5,0.18211252780376327,0.4873532023747807,0x1.f30cb7c733c41p-2,-0.009787312220626438,-0x1.40b5ecf3a05f7p-7,-0.02008258522347797,-1.0981496560848956
H593-90acde9b0567a472f4232120,DIFFICULT-0083,74,4961,/hkfs/work/workspace/scratch/ap7811-benchmark/dailymed/data/box_flat_20000_images/data/raw_images/prescription/atracurium-fig2.jpg,28,428.9481506347656,0x1.acf2ba0000000p+8,False,False,False,CHALLENGER,74,-2.5570062177982162,-0x1.474bfad08e55cp+1,-2.5570062177982162,-0x1.474bfad08e55cp+1,0.0011593689730286492,0.02671158209387402,0.04340323118841158,0.0011899350722194813,0.0011256901682989322,-3.056609919083208e-05,3.3678804729716984e-05,-1.0981496560848956,0.0,-1.0216534764426777,-1.5353527413555386,False,35,-2.3157285774551206,-0x1.2869cb454a8a5p+1,-1.0216534764426777,-0x1.058b150d2a7f7p+0,0.44118014796251637,-0.20744391213691962,-0x1.a8d85a930f169p-3,0.3626101205592212,0x1.73501144007bdp-2,-1.7479911404673418,-0.12422662037182626,-0x1.fcd50d7ca234dp-4,-0.45966088861755494,-0x1.d6b1580f7366ep-2,3.7001802612172074,-0.0854185322025481,-0x1.5ddfd2a4842a5p-4,-0.17054751280763245,-0x1.5d4803af62253p-3,1.996610201674068,-0.9999999902159092,-0x1.ffffffabf48e9p-1,-0.18211252602195777,-0x1.74f7697ba66a6p-3,0.18211252780376327,-0.6228143178826657,-0x1.3ee184ad92bcep-1,0.012507721617280932,0x1.99da5fa597c27p-7,-0.02008258522347797,-1.0981496560848956
H593-90acde9b0567a472f4232120,DIFFICULT-0083,75,4978,/hkfs/work/workspace/scratch/ap7811-benchmark/dailymed/data/box_flat_20000_images/data/raw_images/prescription/brimonidine-tartrate-and-timolol-maleate-ophthalmi-4.jpg,119,413.171875,0x1.9d2c000000000p+8,False,False,False,CHALLENGER,75,-2.618942402304557,-0x1.4f39813000bc5p+1,-2.618942402304557,-0x1.4f39813000bc5p+1,0.004889528354063957,0.04638576434393276,0.10541010638112952,0.005109697145958803,0.0047068330359975544,-0.00022016879189484632,0.0001826953180664023,-1.0981496560848956,0.0,-1.7567083827449153,-0.8622340195596416,False,37,-3.981839144072659,-0x1.fdace7b2dcc31p+1,-1.7567083827449153,-0x1.c1b7a3fc7f9b3p+0,0.44118014796251637,0.4692523689858805,0x1.e083b16975a38p-2,-0.8202489836306311,-0x1.a3f7acbe8aa65p-1,-1.7479911404673418,0.14993705251908065,0x1.3312328839851p-3,0.5547941221561901,0x1.1c0df9a55904ep-1,3.7001802612172074,0.3434821420000806,0x1.5fb9c85a99fbbp-2,0.6857999488102218,0x1.5f212bbf7a0c8p-1,1.996610201674068,-0.999999996573106,-0x1.ffffffe2902e3p-1,-0.18211252717968296,-0x1.74f769a36ddfcp-3,0.18211252780376327,0.11536978954957153,0x1.d88dfe10fd2eep-4,-0.002316923630843988,-0x1.2faf0e71905c3p-9,-0.02008258522347797,-1.0981496560848956
H593-90acde9b0567a472f4232120,DIFFICULT-0083,76,4982,/hkfs/work/workspace/scratch/ap7811-benchmark/dailymed/data/box_flat_20000_images/data/raw_images/prescription/bupivacaine-fig4.jpg,21,429.5252685546875,0x1.ad86780000000p+8,False,False,False,CHALLENGER,76,-2.7283912435424913,-0x1.5d3bec9cda984p+1,-2.7283912435424913,-0x1.5d3bec9cda984p+1,0.0007124863574014703,0.019053718406658565,0.037393559734381444,0.0006402676259669193,0.00045973710871837924,7.221873143455103e-05,0.0002527492486830911,-1.0981496560848956,4.440892098500626e-16,-0.9947641542493781,-1.7336270892931132,False,44,-2.2547799551803394,-0x1.209ca12b96840p+1,-0.9947641542493781,-0x1.fd51ba2b77e64p-1,0.44118014796251637,-0.4251273998789855,-0x1.b35498dc747ccp-2,0.7431189285583836,0x1.7c7a158e64c55p-1,-1.7479911404673418,-0.285618584173546,-0x1.247932b89eedap-2,-1.0568402473957605,-0x1.0e8d151ba94dap+0,3.7001802612172074,-0.15878974761371306,-0x1.45338f278726ap-3,-0.31704123000679,-0x1.44a674c9737bdp-2,1.996610201674068,0.004018469327513977,0x1.075aba57767b7p-8,0.0007318136071354591,0x1.7fae5c1347f4cp-11,0.18211252780376327,0.2712149810682109,0x1.15b961477e2ebp-2,-0.00544669797118631,-0x1.64f46da84da4dp-8,-0.02008258522347797,-1.0981496560848956
H593-90acde9b0567a472f4232120,DIFFICULT-0083,77,4985,/hkfs/work/workspace/scratch/ap7811-benchmark/dailymed/data/box_flat_20000_images/data/raw_images/prescription/bylvay-07.jpg,65,417.5544128417969,0x1.a18dee0000000p+8,False,False,False,CHALLENGER,77,-3.0125228622384332,-0x1.819a5961e218ep+1,-3.0125228622384332,-0x1.819a5961e218ep+1,0.0014524219799986592,0.02787785330325485,0.0520994914565062,0.0015179703009159382,0.0016173169194354828,-6.554832091727899e-05,-0.00016489493943682354,-1.0981496560848956,0.0,-1.5525153262056954,-1.4600075360327378,False,55,-3.51900540714629,-0x1.c26ec4e911fb4p+1,-1.5525153262056954,-0x1.8d71a4f8979cap+0,0.44118014796251637,-0.09750969591441641,-0x1.8f6653afecd82p-4,0.17044608456806445,0x1.5d12d6379bd39p-3,-1.7479911404673418,-0.10313593372571592,-0x1.a671dd664f5a6p-4,-0.3816215461941001,-0x1.86c7cc7169137p-2,3.7001802612172074,0.005683394278127967,0x1.7477888e098b9p-8,0.011347522995846326,0x1.73d5ec1431bd3p-7,1.996610201674068,-0.9999999927107837,-0x1.ffffffc162d80p-1,-0.18211252647630566,-0x1.74f7698b42e6ep-3,0.18211252780376327,-0.999999996772065,-0x1.ffffffe445b22p-1,0.020082585158652688,0x1.4908779e6f620p-6,-0.02008258522347797,-1.0981496560848956
H593-90acde9b0567a472f4232120,DIFFICULT-0083,78,4991,/hkfs/work/workspace/scratch/ap7811-benchmark/dailymed/data/box_flat_20000_images/data/raw_images/prescription/c44722bd-9db7-4ea4-b150-7d514b1bc4f7-09.jpg,110,413.468017578125,0x1.9d77d00000000p+8,False,False,False,CHALLENGER,78,-3.5758785641598894,-0x1.c9b66387c45f7p+1,-3.5758785641598894,-0x1.c9b66387c45f7p+1,0.0005671074752482071,0.019152321096007775,0.029610378418645996,0.0005336390193446296,0.0006196252093145413,3.3468455903577516e-05,-5.2517734066334274e-05,-1.0981496560848956,4.440892098500626e-16,-1.7429103825035857,-1.8329681816563037,False,95,-3.950563937549763,-0x1.f9ac144044408p+1,-1.7429103825035857,-0x1.be2f5ff4b6355p+0,0.44118014796251637,-0.5139183794512108,-0x1.07204f511ccf4p-1,0.8983247742040501,0x1.cbf1398cc934ap-1,-1.7479911404673418,-0.2832465590824134,-0x1.220b62cfda9f1p-2,-1.0480633269744397,-0x1.0c4de0d17dff1p+0,3.7001802612172074,-0.26997019783832116,-0x1.1473114a70e29p-2,-0.5390252511519584,-0x1.13fb1e22d4ea0p-1,1.996610201674068,-0.36316725471011585,-0x1.73e21de7d50afp-2,-0.06613730677081235,-0x1.0ee5fe1a04bebp-4,0.18211252780376327,-0.9999999949346154,-0x1.ffffffd47d1a0p-1,0.020082585121751952,0x1.490877944ab97p-6,-0.02008258522347797,-1.0981496560848956
H593-90acde9b0567a472f4232120,DIFFICULT-0083,79,5000,/hkfs/work/workspace/scratch/ap7811-benchmark/dailymed/data/box_flat_20000_images/data/raw_images/prescription/carboprost-spl-250mcg-carton.jpg,99,414.4722900390625,0x1.9e78e80000000p+8,False,False,False,CHALLENGER,79,-3.763236443346493,-0x1.e1b1bb55a4ef0p+1,-3.763236443346493,-0x1.e1b1bb55a4ef0p+1,0.0005055824084871729,0.015487424268901642,0.032644705776051455,0.00048226666480996366,0.00034518241897226577,2.3315743677209213e-05,0.0001603999895149071,-1.0981496560848956,0.0,-1.6961188952878328,-2.0671175480586603,False,103,-3.844504117243142,-0x1.ec18b5fe72c54p+1,-1.6961188952878328,-0x1.b234d911638e5p+0,0.44118014796251637,-0.5549173774576739,-0x1.1c1e2168535a2p-1,0.9699906594873858,0x1.f0a29d9fd8fb9p-1,-1.7479911404673418,-0.3777273241647344,-0x1.82caf3a05f5c2p-2,-1.3976591889967438,-0x1.65ccfe1bb1e4dp+0,3.7001802612172074,-0.22417981409493348,-0x1.cb1ec94fb054cp-3,-0.44759970383134023,-0x1.ca5793a69e9c1p-2,1.996610201674068,-0.5089167516184576,-0x1.0490bc892cf82p-1,-0.09268011607891725,-0x1.7b9e2538c6621p-4,0.18211252780376327,0.050767495459548694,0x1.9fe327965ad9bp-5,-0.0010195425541489175,-0x1.0b4457b5325b7p-10,-0.02008258522347797,-1.0981496560848956
H593-90acde9b0567a472f4232120,DIFFICULT-0083,80,5002,/hkfs/work/workspace/scratch/ap7811-benchmark/dailymed/data/box_flat_20000_images/data/raw_images/prescription/carton 2.jpg,89,415.00732421875,0x1.9f01e00000000p+8,False,False,False,CHALLENGER,80,-3.1487833336475735,-0x1.930b55101a644p+1,-3.1487833336475735,-0x1.930b55101a644p+1,0.0011373952486214423,0.02845225680724341,0.039975572283316475,0.0011700780233607898,0.0012751078059516844,-3.268277473934757e-05,-0.0001377125573302422,-1.0981496560848956,0.0,-1.6711903565171211,-1.4775929771304523,False,65,-3.787999900347078,-0x1.e4dd2e449ef88p+1,-1.6711903565171211,-0x1.abd32196a1b19p+0,0.44118014796251637,-0.2165813230343014,-0x1.bb8efd1ada986p-3,0.3785822338546542,0x1.83ab0fa5026bbp-2,-1.7479911404673418,-0.09303668384014471,-0x1.7d1408a6bf566p-4,-0.3442525011144094,-0x1.6083ba47690dep-2,3.7001802612172074,-0.12608525823870584,-0x1.0238fce524c63p-3,-0.2517431128801094,-0x1.01c8f25340d36p-2,1.996610201674068,-0.999999990414424,-0x1.ffffffada9187p-1,-0.1821125260581098,-0x1.74f7697ce4698p-3,0.18211252780376327,-0.9999999964615949,-0x1.ffffffe19af70p-1,0.020082585152417648,0x1.4908779cb8a18p-6,-0.02008258522347797,-1.0981496560848956
H593-90acde9b0567a472f4232120,DIFFICULT-0083,81,5014,/hkfs/work/workspace/scratch/ap7811-benchmark/dailymed/data/box_flat_20000_images/data/raw_images/prescription/carton-5x2ml.jpg,108,413.61175537109375,0x1.9d9c9c0000000p+8,False,False,False,CHALLENGER,81,-2.687563464526049,-0x1.58021461082bdp+1,-2.687563464526049,-0x1.58021461082bdp+1,0.0028959708913267337,0.035081666467282425,0.08254941064523118,0.0027302323431362507,0.0026166322079616377,0.00016573854819048293,0.0002793386833650959,-1.0981496560848956,0.0,-1.7362132904655951,-0.951350174060454,False,41,-3.9353839887943183,-0x1.f7baa99c896cap+1,-1.7362132904655951,-0x1.bc7879656e26dp+0,0.44118014796251637,0.24230689304286154,0x1.f03e98a9b736fp-3,-0.42355030231308977,-0x1.b1b72ba295210p-2,-1.7479911404673418,0.011418574814573885,0x1.7629f2b2a088ap-7,0.04225078514011822,0x1.5a1e518d0736ap-5,3.7001802612172074,0.2315289123310671,0x1.da2bd49452b50p-3,0.4622729883427095,0x1.d95e171b06461p-2,1.996610201674068,0.39640337782312807,0x1.95eac45f18d96p-2,0.07219002116532008,0x1.27b0b9400aa3cp-4,0.18211252780376327,0.3168919857577037,0x1.447f552cc67ccp-2,-0.006364010310616251,-0x1.a1126027cf158p-8,-0.02008258522347797,-1.0981496560848956
H593-90acde9b0567a472f4232120,DIFFICULT-0083,82,5015,/hkfs/work/workspace/scratch/ap7811-benchmark/dailymed/data/box_flat_20000_images/data/raw_images/prescription/carton-60g.jpg,94,414.65704345703125,0x1.9ea8340000000p+8,False,False,False,CHALLENGER,82,-3.934228202457338,-0x1.f794ca2c470eap+1,-3.934228202457338,-0x1.f794ca2c470eap+1,0.0003589734347954822,0.015720291627270382,0.022835036607893582,0.00036914856779237586,0.00036921926700972624,-1.017513299689368e-05,-1.0245832214244059e-05,-1.0981496560848956,0.0,-1.6875107859039697,-2.246717416553368,False,108,-3.824992565275952,-0x1.e9995b3ba6d48p+1,-1.6875107859039697,-0x1.b000b4f51ad4bp+0,0.44118014796251637,-0.6621823452103545,-0x1.5309907955883p-1,1.1574888728015866,0x1.285130d62aae1p+0,-1.7479911404673418,-0.37131203195045187,-0x1.7c3938a75a9f3p-2,-1.3739214513755151,-0x1.5fb950f4ee41dp+0,3.7001802612172074,-0.385706354082035,-0x1.8af69b4291236p-2,-0.7701052414107015,-0x1.8a4b3bf4ac9eap-1,1.996610201674068,-0.9999999877774177,-0x1.ffffff970241ep-1,-0.1821125255778779,-0x1.74f7696c643f7p-3,0.18211252780376327,-0.9999999935544781,-0x1.ffffffc8a225cp-1,0.020082585094035228,0x1.4908778cac555p-6,-0.02008258522347797,-1.0981496560848956
H593-90acde9b0567a472f4232120,DIFFICULT-0083,83,5016,/hkfs/work/workspace/scratch/ap7811-benchmark/dailymed/data/box_flat_20000_images/data/raw_images/prescription/carton-box-label.jpg,38,423.02655029296875,0x1.a706cc0000000p+8,False,False,False,CHALLENGER,83,-2.546987642047733,-0x1.4603b0e8f4a12p+1,-2.546987642047733,-0x1.4603b0e8f4a12p+1,0.0017666683459432607,0.027123137913310124,0.0651351016829179,0.0016315946090975256,0.0014135239454807747,0.00013507373684573513,0.000353144400462486,-1.0981496560848956,4.440892098500626e-16,-1.297555183865113,-1.24943245818262,False,34,-2.941100568231724,-0x1.7875fbc166b0dp+1,-1.297555183865113,-0x1.4c2c939774b7ap+0,0.44118014796251637,0.00011097782202274102,0x1.d179876f5005dp-14,-0.00019398824968411277,-0x1.96d2a605bf400p-13,-1.7479911404673418,-0.11669263915108924,-0x1.ddf919cd67dd4p-4,-0.4317838000162027,-0x1.ba2588500c7cdp-2,3.7001802612172074,0.11680210435234081,0x1.de6be224c1abep-4,0.23320827312688275,0x1.dd9c4c91e48d0p-3,1.996610201674068,0.3068635160511557,0x1.3a3a6df719e44p-2,0.05588369059882665,0x1.c9cc97f00e479p-5,0.18211252780376327,0.418122341526557,0x1.ac28435a55825p-2,-0.008396977557547241,-0x1.1326f3ff59416p-7,-0.02008258522347797,-1.0981496560848956
H593-90acde9b0567a472f4232120,DIFFICULT-0083,84,5018,/hkfs/work/workspace/scratch/ap7811-benchmark/dailymed/data/box_flat_20000_images/data/raw_images/prescription/carton-label-15g.jpg,117,413.1932373046875,0x1.9d31780000000p+8,False,False,False,CHALLENGER,84,-3.3395137417749097,-0x1.ab752fb0bba03p+1,-3.3395137417749097,-0x1.ab752fb0bba03p+1,0.0013170347419631768,0.024457225214725768,0.053850538251992146,0.0013597383887434832,0.001303825989465961,-4.270364678030645e-05,1.3208752497215811e-05,-1.0981496560848956,0.0,-1.7557130612106064,-1.5838006805643032,False,79,-3.9795831007332083,-0x1.fd62faa2ae840p+1,-1.7557130612106064,-0x1.c17669430f420p+0,0.44118014796251637,-0.14570100906623573,-0x1.2a654a67782e4p-3,0.2546840730049319,0x1.04cbe6d17918ep-2,-1.7479911404673418,-0.16736785110104968,-0x1.56c4f4b70be40p-3,-0.6192912190064447,-0x1.3d13bd18aa519p-1,3.7001802612172074,0.022208408802991304,0x1.6bdcd16052ad2p-6,0.04434153557900062,0x1.6b3ef0a551bd9p-5,1.996610201674068,-0.999999991254482,-0x1.ffffffb4e0671p-1,-0.1821125262110949,-0x1.74f7698226155p-3,0.18211252780376327,-0.8329162788585709,-0x1.aa7400a401d50p-1,0.01672711215419939,0x1.120e97ea29f38p-6,-0.02008258522347797,-1.0981496560848956
H593-90acde9b0567a472f4232120,DIFFICULT-0083,85,5037,/hkfs/work/workspace/scratch/ap7811-benchmark/dailymed/data/box_flat_20000_images/data/raw_images/prescription/cartonlabel10p5mL.jpg,66,417.463623046875,0x1.a176b00000000p+8,False,False,False,CHALLENGER,85,-2.309400955187615,-0x1.279a7353f0e45p+1,-2.309400955187615,-0x1.279a7353f0e45p+1,0.0047967821007100725,0.037939944547012945,0.12643092018139834,0.004253009142295762,0.0038536664900090645,0.0005437729584143102,0.000943115610701008,-1.0981496560848956,0.0,-1.556745442726507,-0.7526555124611078,False,23,-3.5285935913389546,-0x1.c3a8f46dd6872p+1,-1.556745442726507,-0x1.8e86de8cb5177p+0,0.44118014796251637,0.46175207697501586,0x1.d8d58955defe8p-2,-0.8071385396447218,-0x1.9d41433e3b05fp-1,-1.7479911404673418,0.05053889246882178,0x1.9e03bd4a8c7ebp-5,0.18700301233691333,0x1.7efb6f71ec999p-3,3.7001802612172074,0.4210387290083709,0x1.af24c6cdc2edap-2,0.8406502216379967,0x1.ae69b4b29ee5ep-1,1.996610201674068,0.7671788927255002,0x1.88cbabfce0021p-1,0.13971288743193297,0x1.1e21ca52cc8ebp-3,0.18211252780376327,0.7336425054035983,0x1.779ffd8f53f25p-1,-0.01473343813833366,-0x1.e2c9097b1baddp-7,-0.02008258522347797,-1.0981496560848956
H593-90acde9b0567a472f4232120,DIFFICULT-0083,86,5038,/hkfs/work/workspace/scratch/ap7811-benchmark/dailymed/data/box_flat_20000_images/data/raw_images/prescription/cartonlabel15mL.jpg,51,419.5462951660156,0x1.a38bda0000000p+8,False,False,False,CHALLENGER,86,-2.2195352198236655,-0x1.1c19bae6bb3d8p+1,-2.2195352198236655,-0x1.1c19bae6bb3d8p+1,0.003076694283799303,0.04032970763375872,0.0762885342918752,0.002735397800201542,0.002996316578759989,0.0003412964835977613,8.037770503931422e-05,-1.0981496560848956,0.0,-1.45970870257095,-0.7598265172527154,False,19,-3.308645480337819,-0x1.a781b1f20df87p+1,-1.45970870257095,-0x1.75af78333a941p+0,0.44118014796251637,0.2705814545470461,0x1.15134e08bc14ep-2,-0.4729739853230033,-0x1.e4534adb48ca0p-2,-1.7479911404673418,0.08094642127562478,0x1.4b8e7981b676fp-4,0.2995163502202394,0x1.32b46a0340ba5p-2,3.7001802612172074,0.19388154329515786,0x1.8d11c43e0174dp-3,0.3871058672594247,0x1.8c657affe0337p-2,1.996610201674068,0.6530191463584908,0x1.4e58868a8b095p-1,0.1189229674476004,0x1.e71bc4fee436dp-4,0.18211252780376327,-0.2864142820215429,-0x1.2549c9198f343p-2,0.005751939227918889,0x1.78f586df5b93fp-8,-0.02008258522347797,-1.0981496560848956
H593-90acde9b0567a472f4232120,DIFFICULT-0083,87,5043,/hkfs/work/workspace/scratch/ap7811-benchmark/dailymed/data/box_flat_20000_images/data/raw_images/prescription/cefdinir-fig2.jpg,2,449.4945373535156,0x1.c17e9a0000000p+8,True,False,True,CHALLENGER,87,1.18908266579066,0x1.3067b8b9cfb6cp+0,1.18908266579066,0x1.3067b8b9cfb6cp+0,0.06165799231867958,0.14329098420403902,0.4302991752145533,0.044565128184982,0.054417501677096296,0.01709286413369758,0.007240490641583282,-1.0981496560848956,0.0,-0.06434753719305039,1.2534302029837103,False,1,-0.14585320189547038,-0x1.2ab5156143711p-3,-0.06434753719305039,-0x1.0791487d281eep-4,0.44118014796251637,0.9443028258018192,0x1.e37ba8f4adab7p-1,-1.6506329734198557,-0x1.a68fe1ee899acp+0,-1.7479911404673418,0.6138141266849053,0x1.3a45d85fde72cp-1,2.271222915615765,0x1.22b76eb83f6bdp+1,3.7001802612172074,0.786178557396657,0x1.9285fef1ab925p-1,1.5696921280355671,0x1.91d757e2b38f5p+0,1.996610201674068,0.9916524667126584,0x1.fbb9df430ea43p-1,0.18059233741587943,0x1.71da6538e00ccp-3,0.18211252780376327,0.9607601991497194,0x1.ebe8c2c54b010p-1,-0.019294548578749907,-0x1.3c1f33c8c1901p-6,-0.02008258522347797,-1.0981496560848956
H593-90acde9b0567a472f4232120,DIFFICULT-0083,88,5044,/hkfs/work/workspace/scratch/ap7811-benchmark/dailymed/data/box_flat_20000_images/data/raw_images/prescription/cefdinir-fig3.jpg,15,435.4490051269531,0x1.b372f20000000p+8,False,False,False,CHALLENGER,88,-3.040151761614012,-0x1.8523b1638125fp+1,-3.040151761614012,-0x1.8523b1638125fp+1,0.0003654651777438871,0.013964286415730966,0.026171418063452592,0.00037709752966037655,0.0003686637771518157,-1.1632351916489466e-05,-3.1985994079286118e-06,-1.0981496560848956,0.0,-0.7187629146735119,-2.3213888469405,False,58,-1.6291823600697908,-0x1.a112185bb847fp+0,-0.7187629146735119,-0x1.7001b15833640p-1,0.44118014796251637,-0.6571205397377559,-0x1.50721a7768351p-1,1.148640881680715,0x1.260d542daad2ap+0,-1.7479911404673418,-0.4212154479035418,-0x1.af531a354347ep-2,-1.5585730860524505,-0x1.8efea5510564cp+0,3.7001802612172074,-0.326191384481983,-0x1.4e051d42592b3p-2,-0.6512770459549155,-0x1.4d742f5a06116p-1,1.996610201674068,-0.9999999879913043,-0x1.ffffff98d8995p-1,-0.18211252561682933,-0x1.74f7696dbade4p-3,0.18211252780376327,-0.999999993247771,-0x1.ffffffc5ffb10p-1,0.020082585087875755,0x1.4908778afae62p-6,-0.02008258522347797,-1.0981496560848956
H593-90acde9b0567a472f4232120,DIFFICULT-0083,89,5045,/hkfs/work/workspace/scratch/ap7811-benchmark/dailymed/data/box_flat_20000_images/data/raw_images/prescription/cefpodoxime-fig4.jpg,34,425.0762939453125,0x1.a913880000000p+8,False,False,False,CHALLENGER,89,-2.3420539634949007,-0x1.2bc86c9d56c16p+1,-2.3420539634949007,-0x1.2bc86c9d56c16p+1,0.0024438728958258897,0.035109720633096295,0.06960673146234507,0.0024247825061978158,0.0023356656295370724,1.909038962807398e-05,0.0001082072662888173,-1.0981496560848956,0.0,-1.2020526607602975,-1.1400013027346032,False,25,-2.7246299868923987,-0x1.5cc0ace7b3ae7p+1,-1.2020526607602975,-0x1.33b9b9220906dp+0,0.44118014796251637,0.16094361552120118,0x1.499cce694ef70p-3,-0.28132801404584185,-0x1.2014736f1a21cp-2,-1.7479911404673418,0.011818201907670163,0x1.8342435871a51p-7,0.04372947742184068,0x1.663b5c6cbc387p-5,3.7001802612172074,0.149409600293914,0x1.31fda917c42efp-3,0.29831273217487353,0x1.3178e492af9acp-2,1.996610201674068,-0.5791871726085507,-0x1.288b38993b9d0p-1,-0.10547724007525773,-0x1.b008e70987771p-4,0.18211252780376327,-0.14497126949940176,-0x1.28e6b26ae052cp-3,0.002911397874677528,0x1.7d9a4d50949f0p-9,-0.02008258522347797,-1.0981496560848956
H593-90acde9b0567a472f4232120,DIFFICULT-0083,90,5053,/hkfs/work/workspace/scratch/ap7811-benchmark/dailymed/data/box_flat_20000_images/data/raw_images/prescription/ciprofloxacin-ophthalmic-solution-2pt5ml-carton.jpg,80,415.79437255859375,0x1.9fcb5c0000000p+8,False,False,False,CHALLENGER,90,-2.7751502858910424,-0x1.63381fe3b18bcp+1,-2.7751502858910424,-0x1.63381fe3b18bcp+1,0.002621330706558743,0.02791406818668081,0.09390715423592433,0.002342268735674516,0.002007805635589873,0.00027906197088422733,0.0006135250709688703,-1.0981496560848956,0.0,-1.6345198674173802,-1.1406304184736622,False,46,-3.7048808178836112,-0x1.da3988de31a4dp+1,-1.6345198674173802,-0x1.a26fe4df384bap+0,0.44118014796251637,0.19487945114169142,0x1.8f1cf52a87282p-3,-0.3406475540548148,-0x1.5cd2b66082e3bp-2,-1.7479911404673418,-0.10249368906342642,-0x1.a3d06c292e52bp-4,-0.3792451251718244,-0x1.8458d5871f246p-2,3.7001802612172074,0.291549750639572,0x1.2a8c04909d9c6p-2,0.5821112064225001,0x1.2a0a7ae470823p-1,1.996610201674068,0.5914450838849142,0x1.2ed1e3d954d47p-1,0.10770955928339054,0x1.b92da8a96b760p-4,0.18211252780376327,0.6178910100434425,0x1.3c5c35e1420b6p-1,-0.012408848868018315,-0x1.969cf808d9c0bp-7,-0.02008258522347797,-1.0981496560848956
H593-90acde9b0567a472f4232120,DIFFICULT-0083,91,5067,/hkfs/work/workspace/scratch/ap7811-benchmark/dailymed/data/box_flat_20000_images/data/raw_images/prescription/clozapine-fig6.jpg,10,441.09197998046875,0x1.b9178c0000000p+8,False,False,False,CHALLENGER,91,-2.408919285385777,-0x1.34577796b7c1dp+1,-2.408919285385777,-0x1.34577796b7c1dp+1,0.0004433487440142229,0.020673954072277154,0.021444796794278152,0.0004671011778042082,0.0005668425766232476,-2.375243378998531e-05,-0.00012349383260902477,-1.0981496560848956,0.0,-0.45584304383427304,-1.9530762415515037,False,30,-1.033235620277734,-0x1.0882212e27b76p+0,-0.45584304383427304,-0x1.d2c884d5825a3p-2,0.44118014796251637,-0.598711327022074,-0x1.328a4a829bf07p-1,1.0465420953320308,0x1.0bea2ec956a08p+0,-1.7479911404673418,-0.24772061413169033,-0x1.fb54f201ecd78p-3,-0.916610926706685,-0x1.d54e0702b911fp-1,3.7001802612172074,-0.41211239562735613,-0x1.a600cab5fb9aep-2,-0.8228278133459189,-0x1.a549afe91ead1p-1,1.996610201674068,-0.9999999895170585,-0x1.ffffffa5f3c49p-1,-0.1821125258946883,-0x1.74f7697746f10p-3,0.18211252780376327,-0.9999999962741409,-0x1.ffffffdffebfdp-1,0.020082585148653086,0x1.4908779bafb93p-6,-0.02008258522347797,-1.0981496560848956
H593-90acde9b0567a472f4232120,DIFFICULT-0083,92,5080,/hkfs/work/workspace/scratch/ap7811-benchmark/dailymed/data/box_flat_20000_images/data/raw_images/prescription/daptomycin-fig2.jpg,16,432.3326416015625,0x1.b055280000000p+8,False,False,False,CHALLENGER,92,-1.1799940071248418,-0x1.2e14165613c28p+0,-1.1799940071248418,-0x1.2e14165613c28p+0,0.007426021912430285,0.05263651001951328,0.1410811983863924,0.00581501587599176,0.005022881653614149,0.0016110060364385248,0.002403140258816136,-1.0981496560848956,0.0,-0.8639618419863553,-0.31603216513848653,False,4,-1.9582971853478761,-0x1.f552f6deeb00ap+0,-0.8639618419863553,-0x1.ba5934e0a589ap-1,0.44118014796251637,0.615705184233587,0x1.3b3db5bc85962p-1,-1.0762472071801226,-0x1.1384efdd3ffd9p+0,-1.7479911404673418,0.21106403251666847,0x1.b04256e82af33p-3,0.7809749669710835,0x1.8fdbf36c455e2p-1,3.7001802612172074,0.4650797642553662,0x1.dc3ddea608625p-2,0.9285830019044348,0x1.db6f3b319a23ap-1,1.996610201674068,0.9148476759135973,0x1.d466ea21bdb32p-1,0.1666052228160232,0x1.55351e7ab36e4p-3,0.18211252780376327,0.8862650583552432,0x1.c5c488a272548p-1,-0.017798493565009847,-0x1.239c4af1e7fa1p-6,-0.02008258522347797,-1.0981496560848956
H593-90acde9b0567a472f4232120,DIFFICULT-0083,93,5081,/hkfs/work/workspace/scratch/ap7811-benchmark/dailymed/data/box_flat_20000_images/data/raw_images/prescription/daptomycin-for-injection-rt-civica-2.jpg,69,417.20135498046875,0x1.a1338c0000000p+8,False,False,False,CHALLENGER,93,-3.3363636178383405,-0x1.ab0df68917077p+1,-3.3363636178383405,-0x1.ab0df68917077p+1,0.001134815461428968,0.018038365096101974,0.06291121481259948,0.0011138086658190926,0.0009901341327839366,2.1006795609875353e-05,0.00014468132864503135,-1.0981496560848956,4.440892098500626e-16,-1.568965147392004,-1.7673984704463364,False,78,-3.556291357709293,-0x1.c7348e2234554p+1,-1.568965147392004,-0x1.91a7b32c9ccb5p+0,0.44118014796251637,-0.21766316435750013,-0x1.bdc62f63acb85p-3,0.38047328290299715,0x1.859ac9cc47cfdp-2,-1.7479911404673418,-0.31056429777116107,-0x1.3e049138edeb3p-2,-1.1491438844516333,-0x1.262e4b2a1e404p+0,3.7001802612172074,0.09963639500651612,0x1.981c5520b58d9p-4,0.19893504272803728,0x1.976b41745cbd3p-3,1.996610201674068,-0.5465217913130686,-0x1.17d1b4487b5ffp-1,-0.0995284649158637,-0x1.97ab28dd5b014p-4,0.18211252780376327,-0.0007573414902540027,-0x1.8d10a775da124p-11,1.5209375021301819e-05,0x1.fe57895fcf22dp-17,-0.02008258522347797,-1.0981496560848956
H593-90acde9b0567a472f4232120,DIFFICULT-0083,94,5083,/hkfs/work/workspace/scratch/ap7811-benchmark/dailymed/data/box_flat_20000_images/data/raw_images/prescription/dasatinib-fig4.jpg,18,431.35479736328125,0x1.af5ad40000000p+8,False,False,False,CHALLENGER,94,-2.236517605336094,-0x1.1e463579ec629p+1,-2.236517605336094,-0x1.1e463579ec629p+1,0.0010884862979068698,0.027644824113567102,0.03937396358303033,0.0010171116242304475,0.001176445923834082,7.137467367642229e-05,-8.795962592721227e-05,-1.0981496560848956,0.0,-0.9095219742753781,-1.3269956310607158,False,21,-2.0615659577516916,-0x1.07e164af8b935p+1,-0.9095219742753781,-0x1.d1acdd3d031fdp-1,0.44118014796251637,-0.237424287934391,-0x1.e63eb47fa2665p-3,0.41501555184108263,0x1.a8f9d639f4932p-2,-1.7479911404673418,-0.10728650265724747,-0x1.b7720d4371077p-4,-0.3969793994273746,-0x1.9681c486e7b9ep-2,3.7001802612172074,-0.13353935612421017,-0x1.117d14fa42507p-3,-0.26662604076258445,-0x1.11066ab5595b8p-2,1.996610201674068,-0.0018596840550333536,-0x1.e78148c9fec42p-10,-0.00033867176417847687,-0x1.631f826b6b18dp-12,0.18211252780376327,-0.9999999957055791,-0x1.ffffffdb1c77fp-1,0.020082585137234894,0x1.490877988c3d5p-6,-0.02008258522347797,-1.0981496560848956
H593-90acde9b0567a472f4232120,DIFFICULT-0083,95,5092,/hkfs/work/workspace/scratch/ap7811-benchmark/dailymed/data/box_flat_20000_images/data/raw_images/prescription/deso-ethinyl-fig8.jpg,12,439.87615966796875,0x1.b7e04c0000000p+8,False,False,False,CHALLENGER,95,-1.9238045226762952,-0x1.ec7e7404caa4ep+0,-1.9238045226762952,-0x1.ec7e7404caa4ep+0,0.001923276842419955,0.02282648827316573,0.08425636126783957,0.0018153379729904664,0.0010184806839659598,0.0001079388694294886,0.0009047961584539952,-1.0981496560848956,-2.220446049250313e-16,-0.5124910580154934,-1.4113134646608017,False,12,-1.1616367154830272,-0x1.29610616d51c0p+0,-0.5124910580154934,-0x1.06653a5b5684fp-1,0.44118014796251637,0.042552734777826694,0x1.5c978d873c6fbp-5,-0.0743818033942976,-0x1.30aaf94fefa83p-4,-1.7479911404673418,-0.200697718982824,-0x1.9b0767db4de16p-3,-0.7426177382515634,-0x1.7c386466709dbp-1,3.7001802612172074,0.24119062868882693,0x1.edf55a328fc05p-3,0.481563669788294,0x1.ed1f06d2bad86p-2,1.996610201674068,0.20212903456403497,0x1.9df5d3c832590p-3,0.036810229426990644,0x1.2d8ca57182831p-5,0.18211252780376327,0.7239190564137878,0x1.72a584c07f2e0p-1,-0.01453816614532965,-0x1.dc62fa11aa27cp-7,-0.02008258522347797,-1.0981496560848956
H593-90acde9b0567a472f4232120,DIFFICULT-0083,96,5106,/hkfs/work/workspace/scratch/ap7811-benchmark/dailymed/data/box_flat_20000_images/data/raw_images/prescription/docetaxel-baxter-12.jpg,74,416.9400634765625,0x1.a0f0a80000000p+8,False,False,False,CHALLENGER,96,-3.0944511169044437,-0x1.8c16f965166eep+1,-3.0944511169044437,-0x1.8c16f965166eep+1,0.0012542404863747558,0.02193518870310992,0.05717937982438841,0.0011759580349672233,0.0007831334791705575,7.82824514075325e-05,0.0004711070072041983,-1.0981496560848956,0.0,-1.5811393516445045,-1.5133117652599393,False,63,-3.5838859906698284,-0x1.cabcc6b1427e2p+1,-1.5811393516445045,-0x1.94c58c6dbb56ap+0,0.44118014796251637,-0.16951926528892602,-0x1.5b2ceaa3a9bfcp-3,0.2963181738635757,0x1.2f6e0807d1685p-2,-1.7479911404673418,-0.21973171469089173,-0x1.c202b383ee5a1p-3,-0.8130469534626487,-0x1.a047b0b67811bp-1,3.7001802612172074,0.0521551644942157,0x1.ab414eba3eb98p-5,0.1041335334991402,0x1.aa87ec8cbb4cep-4,1.996610201674068,0.044301477937389845,0x1.6aeaeedcfa4e5p-5,0.008067854132620714,0x1.085e10d302315p-7,0.18211252780376327,0.5295492133800951,0x1.0f2113122e18fp-1,-0.01063471720773148,-0x1.5c7a794e0150cp-7,-0.02008258522347797,-1.0981496560848956
H593-90acde9b0567a472f4232120,DIFFICULT-0083,97,5109,/hkfs/work/workspace/scratch/ap7811-benchmark/dailymed/data/box_flat_20000_images/data/raw_images/prescription/doxercalciferol-fig2.jpg,23,429.29931640625,0x1.ad4ca00000000p+8,False,False,False,CHALLENGER,97,-2.2223912228190907,-0x1.1c7750ca7674fp+1,-2.2223912228190907,-0x1.1c7750ca7674fp+1,0.0031250254730897154,0.03160758862222552,0.098869468039466,0.003103574340492172,0.0024007783655917115,2.1451132597543644e-05,0.0007242471074980039,-1.0981496560848956,0.0,-1.0052918123065506,-1.2170994105125401,False,20,-2.278642447873612,-0x1.23aa8e4472809p+1,-1.0052918123065506,-0x1.015acde0cb0f8p+0,0.44118014796251637,0.2777888745049825,0x1.1c74afccc4253p-2,-0.4855724915551037,-0x1.f139ea4c44001p-2,-1.7479911404673418,-0.04069915143235839,-0x1.4d684e8c0fd14p-5,-0.15059419677830255,-0x1.346abaf10aa54p-3,3.7001802612172074,0.31492752733824636,0x1.427c5c9a1c958p-2,0.6287875138715316,0x1.41f06fe06c395p-1,1.996610201674068,-0.5391400772268747,-0x1.140a2b0f4dffbp-1,-0.0981841623041023,-0x1.92298e614ce77p-4,0.18211252780376327,0.6665684478718388,0x1.554875a84f5fep-1,-0.013386417661667633,-0x1.b6a56908a2817p-7,-0.02008258522347797,-1.0981496560848956
H593-90acde9b0567a472f4232120,DIFFICULT-0083,98,5110,/hkfs/work/workspace/scratch/ap7811-benchmark/dailymed/data/box_flat_20000_images/data/raw_images/prescription/doxercalciferol-fig9.jpg,29,428.6345520019531,0x1.aca2720000000p+8,False,False,False,CHALLENGER,98,-2.62463075010887,-0x1.4ff3e681e592ep+1,-2.62463075010887,-0x1.4ff3e681e592ep+1,0.0010552921781004081,0.022379242857923313,0.04715495447276871,0.0010292232890649479,0.001078759063834883,2.6068889035460235e-05,-2.3466885734474896e-05,-1.0981496560848956,0.0,-1.0362647965663279,-1.588365953542542,False,38,-2.348847293678253,-0x1.2ca70732d2b6dp+1,-1.0362647965663279,-0x1.0948a6533f9bdp+0,0.44118014796251637,-0.25198186852947296,-0x1.020788f21383fp-2,0.44046207374792523,0x1.c3087d6780b20p-2,-1.7479911404673418,-0.21017395025400842,-0x1.ae6fae167f2ccp-3,-0.7776815021519292,-0x1.8e2c4514e4b48p-1,3.7001802612172074,-0.044145885550731685,-0x1.69a4a1d62fef9p-5,-0.08814212545252673,-0x1.6907b7a37f1aep-4,1.996610201674068,-0.46640025115043415,-0x1.dd98070626324p-2,-0.08493732870531562,-0x1.5be73e8ffba0cp-4,0.18211252780376327,-0.9999999940606125,-0x1.ffffffccfb261p-1,0.02008258510419971,0x1.4908778f77986p-6,-0.02008258522347797,-1.0981496560848956
H593-90acde9b0567a472f4232120,DIFFICULT-0083,99,5118,/hkfs/work/workspace/scratch/ap7811-benchmark/dailymed/data/box_flat_20000_images/data/raw_images/prescription/efavirenz-fig2.jpg,8,441.84503173828125,0x1.b9d8540000000p+8,False,False,False,CHALLENGER,99,-1.8126676611971253,-0x1.d00afce35bc42p+0,-1.8126676611971253,-0x1.d00afce35bc42p+0,0.0014704149595436136,0.030176802537856994,0.048726665381428946,0.0014971889338461842,0.0017540675912233717,-2.6773974302570598e-05,-0.0002836526316797581,-1.0981496560848956,0.0,-0.4207565378619891,-1.3919111233351362,False,9,-0.95370686964305,-0x1.e84c444e2cc44p-1,-0.4207565378619891,-0x1.aedacd46c81e8p-2,0.44118014796251637,-0.09140856728706472,-0x1.7668d471278f9p-4,0.159781365780602,0x1.473b73e44d9e1p-3,-1.7479911404673418,-0.06379675034448606,-0x1.054fbdc5215c0p-4,-0.23605947635446942,-0x1.e3732696d39f7p-3,3.7001802612172074,-0.027773781709215767,-0x1.c70baf0826168p-6,-0.055453415899688836,-0x1.c6463df7b3679p-5,1.996610201674068,-0.9999999898389074,-0x1.ffffffa8b7856p-1,-0.18211252595330102,-0x1.74f769794a812p-3,0.18211252780376327,-0.9999999976665678,-0x1.ffffffebf4ba7p-1,0.020082585176616617,0x1.490877a35f7b6p-6,-0.02008258522347797,-1.0981496560848956
H593-90acde9b0567a472f4232120,DIFFICULT-0083,100,5119,/hkfs/work/workspace/scratch/ap7811-benchmark/dailymed/data/box_flat_20000_images/data/raw_images/prescription/efavirenz-fig28.jpg,3,449.1231994628906,0x1.c11f8a0000000p+8,False,False,False,CHALLENGER,100,-1.2449101017415485,-0x1.3eb26dad70a2cp+0,-1.2449101017415485,-0x1.3eb26dad70a2cp+0,0.0015331364457017481,0.033267255948051445,0.04608544955122901,0.0014787592314581166,0.001429155363885592,5.43772142436315e-05,0.00010398108181615623,-1.0981496560848956,0.0,-0.08164906923514602,-1.1632610325064026,False,5,-0.1850696809732316,-0x1.7b05d01a16e73p-3,-0.08164906923514602,-0x1.4e6f4121d2177p-4,0.44118014796251637,-0.07066100604610136,-0x1.216d6f61209e7p-4,0.12351481254509444,0x1.f9eaab073e780p-4,-1.7479911404673418,-0.015132305080871142,-0x1.efdaf9b7bc5f8p-7,-0.05599225656695626,-0x1.cab045d91922dp-5,3.7001802612172074,-0.055588139376621104,-0x1.c760c71560e40p-5,-0.11098784617144167,-0x1.c69b3118f506ap-4,1.996610201674068,-0.13699188189676723,-0x1.188f3324834bfp-3,-0.024947937900814877,-0x1.98bf3c58beb0ap-6,0.18211252780376327,-0.1644136766192511,-0x1.50b81e20c2284p-3,0.0033018516726114576,0x1.b0c7c1e674b38p-9,-0.02008258522347797,-1.0981496560848956
H593-90acde9b0567a472f4232120,DIFFICULT-0083,101,5131,/hkfs/work/workspace/scratch/ap7811-benchmark/dailymed/data/box_flat_20000_images/data/raw_images/prescription/ephedrine-carton-label.jpg,42,421.12164306640625,0x1.a51f240000000p+8,False,False,False,CHALLENGER,101,-3.4073865789256743,-0x1.b4253e50a8550p+1,-3.4073865789256743,-0x1.b4253e50a8550p+1,0.000631816585043638,0.016553747420296964,0.03816758640819612,0.0006669824475580046,0.0007415312997045117,-3.516586251436666e-05,-0.00010971471466087368,-1.0981496560848956,0.0,-1.3863094269673162,-2.021077151958358,False,84,-3.1422751757295755,-0x1.923612ad65456p+1,-1.3863094269673162,-0x1.62e52cb2f60c3p+0,0.44118014796251637,-0.47306745472795414,-0x1.e46bcb7b6f20dp-2,0.8269177197078992,0x1.a761c26541b36p-1,-1.7479911404673418,-0.3488326078569797,-0x1.6534600a18b31p-2,-1.290743530061319,-0x1.4a6e2b01230fbp+0,3.7001802612172074,-0.14878805302951562,-0x1.30b7ca6e60d61p-3,-0.2970717445659531,-0x1.3033934de7de6p-2,1.996610201674068,-0.9999999906372741,-0x1.ffffffaf9325ep-1,-0.18211252609869358,-0x1.74f7697e49641p-3,0.18211252780376327,-0.9999999960725071,-0x1.ffffffde435a1p-1,0.02008258514460376,0x1.4908779a92c70p-6,-0.02008258522347797,-1.0981496560848956
H593-90acde9b0567a472f4232120,DIFFICULT-0083,102,5148,/hkfs/work/workspace/scratch/ap7811-benchmark/dailymed/data/box_flat_20000_images/data/raw_images/prescription/feraheme-02.jpg,81,415.5479736328125,0x1.9f8c480000000p+8,False,False,False,CHALLENGER,102,-3.475229454452723,-0x1.bcd4519a7c350p+1,-3.475229454452723,-0x1.bcd4519a7c350p+1,0.0008775633371939801,0.015794628655480793,0.055560871758100025,0.0008207098604329805,0.0005830927652359306,5.685347676099965e-05,0.0002944705719580495,-1.0981496560848956,4.440892098500626e-16,-1.6460001903716768,-1.8292292640810464,False,89,-3.730902666344644,-0x1.dd8e37f441358p+1,-1.6460001903716768,-0x1.a56044badb2b1p+0,0.44118014796251637,-0.3361447980260451,-0x1.58365788f834dp-2,0.5875781288637109,0x1.2cd70a5ea107bp-1,-1.7479911404673418,-0.36927667324229696,-0x1.7a23aa0b01604p-2,-1.3663902572591038,-0x1.5dcbc07c80398p+0,3.7001802612172074,0.03782740756913643,0x1.35e1d2ccdc657p-5,0.07552658785542066,0x1.355b5e0d147d8p-4,1.996610201674068,-0.11508044738817122,-0x1.d75e985f0f55ep-4,-0.02095759117464785,-0x1.575e822cacdd0p-6,0.18211252780376327,0.3404181386736408,0x1.5c969292461fap-2,-0.006836476281531133,-0x1.c0090a0c8eed8p-8,-0.02008258522347797,-1.0981496560848956
H593-90acde9b0567a472f4232120,DIFFICULT-0083,103,5157,/hkfs/work/workspace/scratch/ap7811-benchmark/dailymed/data/box_flat_20000_images/data/raw_images/prescription/fondaparinux-fig20.jpg,19,431.3419189453125,0x1.af57880000000p+8,False,False,False,CHALLENGER,103,-3.2020293536738627,-0x1.99dc190d6e3dbp+1,-3.2020293536738627,-0x1.99dc190d6e3dbp+1,0.0003050003807626652,0.015827417253964724,0.019270382265701845,0.00030318320428245505,0.00029968977170646035,1.8171764802101518e-06,5.310609056204845e-06,-1.0981496560848956,0.0,-0.9101220109717755,-2.2919073427020873,False,67,-2.0629260295934744,-0x1.080df5cb95e6ap+1,-0.9101220109717755,-0x1.d1fb8320fcafdp-1,0.44118014796251637,-0.7054952737680956,-0x1.6936ad30a2113p-1,1.2331994881882131,0x1.3bb2f62f365a3p+0,-1.7479911404673418,-0.36838083558457135,-0x1.7938d3653c4cep-2,-1.3630754964407323,-0x1.5cf2840731210p+0,3.7001802612172074,-0.45549292136252884,-0x1.d26cbc833f09ep-2,-0.9094418135827491,-0x1.d1a25b7de7da2p-1,1.996610201674068,-0.9505246107910232,-0x1.e6ab296ac7f94p-1,-0.17310243961084149,-0x1.62838827e41acp-3,0.18211252780376327,-0.9292914543243257,-0x1.dbcc16e98cee7p-1,0.018662574828918053,0x1.31c4832328a56p-6,-0.02008258522347797,-1.0981496560848956
H593-90acde9b0567a472f4232120,DIFFICULT-0083,104,5164,/hkfs/work/workspace/scratch/ap7811-benchmark/dailymed/data/box_flat_20000_images/data/raw_images/prescription/gabapentin-fig11.jpg,1,450.8756103515625,0x1.c2e0280000000p+8,False,True,False,HOLD,,,,0.0,0x0.0p+0,0.001766276267444629,0.034289546086745136,0.05151063426084242,0.00169463563047351,0.0016213756263583332,7.164063697111885e-05,0.0001449006410862957,,,0.0,0.0,True,2,,,,,0.44118014796251637,,,,,-1.7479911404673418,,,,,3.7001802612172074,,,,,1.996610201674068,,,,,0.18211252780376327,,,,,-0.02008258522347797,-1.0981496560848956
H593-90acde9b0567a472f4232120,DIFFICULT-0083,105,5172,/hkfs/work/workspace/scratch/ap7811-benchmark/dailymed/data/box_flat_20000_images/data/raw_images/prescription/granisetron-hcl-injection-3.jpg,109,413.58856201171875,0x1.9d96ac0000000p+8,False,False,False,CHALLENGER,104,-2.878269323342256,-0x1.706b21126ae29p+1,-2.878269323342256,-0x1.706b21126ae29p+1,0.0025768683529507246,0.027613109302874583,0.09332047053036752,0.0022170634674299286,0.001445567039322268,0.00035980488552079604,0.0011313013136284567,-1.0981496560848956,0.0,-1.7372939252742732,-1.1409753980679829,False,48,-3.93783340727715,-0x1.f80aecd2ad018p+1,-1.7372939252742732,-0x1.bcbf4b7097ac3p+0,0.44118014796251637,0.18663713879407284,0x1.7e3b9cbab7690p-3,-0.32624006509421294,-0x1.4e11e028e5f1fp-2,-1.7479911404673418,-0.10785380274465983,-0x1.b9c4e8b899cd0p-4,-0.3990785120130046,-0x1.98a80996875eep-2,3.7001802612172074,0.28867995124051515,0x1.279bb7965b054p-2,0.5763813356655851,0x1.271b74556abecp-1,1.996610201674068,0.6679041335680408,0x1.55f787d5136e5p-1,0.12163371009465825,0x1.f236306f29c9dp-4,0.18211252780376327,0.7729189476047428,0x1.8bbc0844d79b7p-1,-0.01552221063611315,-0x1.fca1bd8598ec4p-7,-0.02008258522347797,-1.0981496560848956
H593-90acde9b0567a472f4232120,DIFFICULT-0083,106,5186,/hkfs/work/workspace/scratch/ap7811-benchmark/dailymed/data/box_flat_20000_images/data/raw_images/prescription/image0012.jpg,24,429.24237060546875,0x1.ad3e0c0000000p+8,False,False,False,CHALLENGER,105,-2.275447642569418,-0x1.2341de4c4c480p+1,-2.275447642569418,-0x1.2341de4c4c480p+1,0.0021543405966472705,0.030299107939538817,0.0711024430470431,0.002128076574022717,0.001970945486648007,2.6264022624553508e-05,0.00018339510999926343,-1.0981496560848956,0.0,-1.0079450551394362,-1.2675025874299817,False,22,-2.2846564148327757,-0x1.246f9f1426d53p+1,-1.0079450551394362,-0x1.0208afe7fd21bp+0,0.44118014796251637,0.09898042643693652,0x1.956c7fe7da382p-4,-0.17301690849144452,-0x1.6256b05d01986p-3,-1.7479911404673418,-0.06178233944185695,-0x1.fa1ef4ebf0d0fp-5,-0.22860579289458044,-0x1.d42f46214458ap-3,3.7001802612172074,0.15978563801025253,0x1.473db14cff092p-3,0.31902963493226993,0x1.46afb461f4a71p-2,1.996610201674068,-0.46347757165475645,-0x1.da99dd52bf27ep-2,-0.08440507215439752,-0x1.59b9220850848p-4,0.18211252780376327,0.11725545843473312,0x1.e0474274131ccp-4,-0.0023547927369335065,-0x1.34a5bb96858fbp-9,-0.02008258522347797,-1.0981496560848956
H593-90acde9b0567a472f4232120,DIFFICULT-0083,107,5205,/hkfs/work/workspace/scratch/ap7811-benchmark/dailymed/data/box_flat_20000_images/data/raw_images/prescription/lamivudine-fig3.jpg,9,441.2240905761719,0x1.b9395e0000000p+8,False,False,False,CHALLENGER,106,-1.418258037586678,-0x1.6b12f570b952ep+0,-1.418258037586678,-0x1.6b12f570b952ep+0,0.002480847913197922,0.034923349435132436,0.07103694099576317,0.00230555220703181,0.002245298200547796,0.00017529570616611192,0.0002355497126501258,-1.0981496560848956,0.0,-0.4496876910885275,-0.9685703464981505,False,6,-1.0192836036827613,-0x1.04efc52f2a9ecp+0,-0.4496876910885275,-0x1.cc7aee1a8e4fdp-2,0.44118014796251637,0.16824835234201613,0x1.589297975199ep-3,-0.2940966292920719,-0x1.2d27aab2b1718p-2,-1.7479911404673418,0.009157301447933263,0x1.2c11031e86bc6p-7,0.03388366606365841,0x1.159332b3957cbp-5,3.7001802612172074,0.15933654088116206,0x1.46523c81238cap-3,0.3181329630227854,0x1.45c4a5bfd98a0p-2,1.996610201674068,0.4197643305895405,0x1.add6b35fa33c1p-2,0.07644434332551577,0x1.391db428c1af1p-4,0.18211252780376327,0.23826780665412278,0x1.e7f8f3aa27226p-3,-0.004785033533142592,-0x1.39978a88fd04ep-8,-0.02008258522347797,-1.0981496560848956
H593-90acde9b0567a472f4232120,DIFFICULT-0083,108,5213,/hkfs/work/workspace/scratch/ap7811-benchmark/dailymed/data/box_flat_20000_images/data/raw_images/prescription/levocarnitine-carton-label.jpg,103,413.8500671386719,0x1.9dd99e0000000p+8,False,False,False,CHALLENGER,107,-3.292249771861057,-0x1.a56870c6340ecp+1,-3.292249771861057,-0x1.a56870c6340ecp+1,0.000788724769423207,0.025371552661337997,0.03108697287671683,0.0007632808545565738,0.0005641347833390133,2.544391486663318e-05,0.00022458998608419366,-1.0981496560848956,-4.440892098500626e-16,-1.7251097678064296,-1.5671400040546273,False,72,-3.91021621388322,-0x1.f481f703756c7p+1,-1.7251097678064296,-0x1.b9a0cb32bd1ffp+0,0.44118014796251637,-0.3826031706183551,-0x1.87c920249b629p-2,0.6687869525555995,0x1.566b3e526f83fp-1,-1.7479911404673418,-0.14947752576454504,-0x1.322145e52a6e6p-3,-0.5530937903295561,-0x1.1b2f1bfa2c188p-1,3.7001802612172074,-0.24726698619567103,-0x1.fa671d18ba24dp-3,-0.49369578717547774,-0x1.f98b63705dda5p-2,1.996610201674068,-0.4758400873688913,-0x1.e7429fb5802ccp-2,-0.08665644114111236,-0x1.62f1dd4b056efp-4,0.18211252780376327,0.2156735216600079,0x1.b9b30a11249f1p-3,-0.00433128187918473,-0x1.1bdada0556cefp-8,-0.02008258522347797,-1.0981496560848956
H593-90acde9b0567a472f4232120,DIFFICULT-0083,109,5217,/hkfs/work/workspace/scratch/ap7811-benchmark/dailymed/data/box_flat_20000_images/data/raw_images/prescription/lidocaine-fig2.jpg,36,423.98931884765625,0x1.a7fd440000000p+8,False,False,False,CHALLENGER,108,-3.035306244334724,-0x1.8484ea3e61909p+1,-3.035306244334724,-0x1.8484ea3e61909p+1,0.0007411137144875614,0.021685634069302965,0.03417533064143339,0.0007488896139899613,0.000802122724244403,-7.775899502399878e-06,-6.10090097568416e-05,-1.0981496560848956,0.0,-1.2526974642017308,-1.782608780132993,False,57,-2.8394239178417493,-0x1.6b723e314e250p+1,-1.2526974642017308,-0x1.40b0c7f087500p+0,0.44118014796251637,-0.4088564443247167,-0x1.a2ab438488b50p-2,0.7146774424025838,0x1.6dea33a49db4fp-1,-1.7479911404673418,-0.2251696552307595,-0x1.cd25bf8a2443cp-3,-0.8331683137099402,-0x1.aa950986e533ep-1,3.7001802612172074,-0.20231205471021416,-0x1.9e55c8548913fp-3,-0.40393831235605576,-0x1.9da20144aec9fp-2,1.996610201674068,-0.9999999874081642,-0x1.ffffff93d642ap-1,-0.18211252551063223,-0x1.74f7696a14bfap-3,0.18211252780376327,-0.9999999951435011,-0x1.ffffffd648723p-1,0.020082585125946916,0x1.4908779571eb3p-6,-0.02008258522347797,-1.0981496560848956
H593-90acde9b0567a472f4232120,DIFFICULT-0083,110,5229,/hkfs/work/workspace/scratch/ap7811-benchmark/dailymed/data/box_flat_20000_images/data/raw_images/prescription/memantine-fig10.jpg,11,440.040283203125,0x1.b80a500000000p+8,False,False,False,CHALLENGER,109,-1.7388308491643791,-0x1.bd2404be6fd9dp+0,-1.7388308491643791,-0x1.bd2404be6fd9dp+0,0.0012192513294518358,0.029458430758259064,0.0413888757163347,0.0010927963191664433,0.0008594823831256275,0.00012645501028539247,0.00035976894632620826,-1.0981496560848956,0.0,-0.5048441448561911,-1.233986704308188,False,8,-1.1443038567979351,-0x1.24f118f9a240ap+0,-0.5048441448561911,-0x1.027aee877806ep-1,0.44118014796251637,-0.18322555061229867,-0x1.773ef51d5f0f2p-3,0.3202766391775486,0x1.47f6996bc2eebp-2,-1.7479911404673418,-0.07578460631239455,-0x1.3669eb5a6e77dp-4,-0.2804167043812393,-0x1.1f258e7a4730fp-2,3.7001802612172074,-0.10895384213420937,-0x1.be46624bd6f13p-4,-0.21753835271674835,-0x1.bd84bf745a69bp-3,1.996610201674068,0.276706600052593,0x1.1b58f99740c1bp-2,0.05039173839556265,0x1.9ccf228cb88efp-5,0.18211252780376327,0.4257603592001758,0x1.b3fa860acab81p-2,-0.008550368698416123,-0x1.182db0f6d719ap-7,-0.02008258522347797,-1.0981496560848956
H593-90acde9b0567a472f4232120,DIFFICULT-0083,111,5231,/hkfs/work/workspace/scratch/ap7811-benchmark/dailymed/data/box_flat_20000_images/data/raw_images/prescription/meropenem-fig4.jpg,50,419.65869140625,0x1.a3a8a00000000p+8,False,False,False,CHALLENGER,110,-3.0172589635305673,-0x1.82358aadf69c4p+1,-3.0172589635305673,-0x1.82358aadf69c4p+1,0.0008882019496384407,0.022246673518542624,0.039925157749904655,0.0008144243914347808,0.0006627727141883733,7.377755820365997e-05,0.0002254292354500674,-1.0981496560848956,0.0,-1.4544718894125808,-1.5627870741179866,False,56,-3.2967754694532534,-0x1.a5fcbd13c7444p+1,-1.4544718894125808,-0x1.7458450dfa760p+0,0.44118014796251637,-0.3307897996014785,-0x1.52ba8fac8e12ep-2,0.5782176390603518,0x1.280c247378161p-1,-1.7479911404673418,-0.21301163487880512,-0x1.b43f71abc6937p-3,-0.7881814467881615,-0x1.938c84c289c9dp-1,3.7001802612172074,-0.12670614270448202,-0x1.037e8298f1c91p-3,-0.2529827771385391,-0x1.030deac90b8d8p-2,1.996610201674068,0.014695005774743234,0x1.e186a49bc8675p-7,0.002676144647729389,0x1.5ec4837b93f3fp-9,0.18211252780376327,0.21745097883943892,0x1.bd56f054c9e36p-3,-0.004366977814471737,-0x1.1e31bae540623p-8,-0.02008258522347797,-1.0981496560848956
H593-90acde9b0567a472f4232120,DIFFICULT-0083,112,5240,/hkfs/work/workspace/scratch/ap7811-benchmark/dailymed/data/box_flat_20000_images/data/raw_images/prescription/midazolam-spl-50mg-carton.jpg,27,429.09344482421875,0x1.ad17ec0000000p+8,False,False,False,CHALLENGER,111,-2.131254533075992,-0x1.10ccf2d381ae7p+1,-2.131254533075992,-0x1.10ccf2d381ae7p+1,0.0014031088670578475,0.03095785643651335,0.04532319186682919,0.0011303460688871349,0.001052102876841951,0.00027276279817071264,0.00035100599021589663,-1.0981496560848956,0.0,-1.0148838681214731,-1.1163706649545189,False,16,-2.3003842598278013,-0x1.2672fdce18c70p+1,-1.0148838681214731,-0x1.03cf6dded1d82p+0,0.44118014796251637,-0.11458607422578343,-0x1.d5583516073e4p-4,0.20029544256760265,0x1.9a347f3aecf3fp-3,-1.7479911404673418,-0.051062410476694305,-0x1.a24da2e1acaf9p-5,-0.188940123336035,-0x1.82f30a150b376p-3,3.7001802612172074,-0.06389753086686287,-0x1.05b96ad5e4aa6p-4,-0.12757846199056205,-0x1.0547db4f63362p-3,1.996610201674068,0.5839725742944333,0x1.2afe7408b606ep-1,0.1063487216728302,0x1.b39ab798e63ebp-4,0.18211252780376327,0.4156132136664101,0x1.a99682a1ee46bp-2,-0.00834658778345924,-0x1.118040c815515p-7,-0.02008258522347797,-1.0981496560848956
H593-90acde9b0567a472f4232120,DIFFICULT-0083,113,5265,/hkfs/work/workspace/scratch/ap7811-benchmark/dailymed/data/box_flat_20000_images/data/raw_images/prescription/olanzapine-fig3.jpg,6,443.72479248046875,0x1.bbb98c0000000p+8,False,False,False,CHALLENGER,112,-1.6067749311547685,-0x1.9b559a1557a66p+0,-1.6067749311547685,-0x1.9b559a1557a66p+0,0.0014632712208485145,0.02996366462314668,0.048834855123767125,0.0014258672444844116,0.0015467628308908278,3.740397636410294e-05,-8.349161004231331e-05,-1.0981496560848956,0.0,-0.3331739303944577,-1.273601000760311,False,7,-0.7551879474476374,-0x1.82a7fea13defbp-1,-0.3331739303944577,-0x1.552b8bfbb226dp-2,0.44118014796251637,-0.09382275616031695,-0x1.804c4a55442c5p-4,0.16400134654246173,0x1.4fdff01f32dd2p-3,-1.7479911404673418,-0.06732552997332407,-0x1.13c3ef56bd9f7p-4,-0.24911659708328118,-0x1.fe30d7aae8739p-3,3.7001802612172074,-0.026665664330887427,-0x1.b4e3e70e8bad6p-6,-0.05324093743746615,-0x1.b42656a34608ep-5,1.996610201674068,-0.3139692942722193,-0x1.41812aab63b82p-2,-0.05717774183267747,-0x1.d4666a6760196p-5,0.18211252780376327,-0.9999999956215678,-0x1.ffffffda63b9dp-1,0.020082585135547733,0x1.4908779815842p-6,-0.02008258522347797,-1.0981496560848956
H593-90acde9b0567a472f4232120,DIFFICULT-0083,114,5271,/hkfs/work/workspace/scratch/ap7811-benchmark/dailymed/data/box_flat_20000_images/data/raw_images/prescription/oseltamivir-75mg-carton.jpg,116,413.2327575683594,0x1.9d3b960000000p+8,False,False,False,CHALLENGER,113,-3.1521227259176023,-0x1.9378c1ea65b15p+1,-3.1521227259176023,-0x1.9378c1ea65b15p+1,0.0014146666578896921,0.025471264067654684,0.05553971150124982,0.001358968917642017,0.0012744956686549529,5.5697740247675175e-05,0.00014017098923473927,-1.0981496560848956,0.0,-1.7538717163721358,-1.3982510095454665,False,66,-3.9754094205552253,-0x1.fcda3744bf5c4p+1,-1.7538717163721358,-0x1.c0fdbc9f329d3p+0,0.44118014796251637,-0.11053628364219892,-0x1.c4c1b1b43be68p-4,0.19321644450674888,0x1.8bb51031a5a73p-3,-1.7479911404673418,-0.14755961299988596,-0x1.2e33bc005c028p-3,-0.545997167375028,-0x1.178cf0d32b345p-1,3.7001802612172074,0.0376372183731564,0x1.3452f7c0cdc25p-5,0.07514685416647875,0x1.33cd3010ad4abp-4,1.996610201674068,-0.12520103480547268,-0x1.0069666f51a3ap-3,-0.022800676932071575,-0x1.7590f86ffe827p-6,0.18211252780376327,-0.016591099681294165,-0x1.0fd41da24b1cap-6,0.0003331921733008082,0x1.5d6097cd40492p-12,-0.02008258522347797,-1.0981496560848956
H593-90acde9b0567a472f4232120,DIFFICULT-0083,115,5296,/hkfs/work/workspace/scratch/ap7811-benchmark/dailymed/data/box_flat_20000_images/data/raw_images/prescription/piptazo40c.jpg,35,424.98260498046875,0x1.a8fb8c0000000p+8,False,False,False,CHALLENGER,114,-3.2995874061971606,-0x1.a658e14ff483dp+1,-3.2995874061971606,-0x1.a658e14ff483dp+1,0.0006000472709049007,0.015168896239526731,0.03955774114541785,0.0005962140683451192,0.0004501028071774018,3.8332025597814096e-06,0.00014994446372749884,-1.0981496560848956,0.0,-1.2064178566321937,-2.093169549564967,False,74,-2.734524348395417,-0x1.5e04e4d33cacep+1,-1.2064178566321937,-0x1.34d7ccf78bb24p+0,0.44118014796251637,-0.4928442696641175,-0x1.f8ac2b10e9defp-2,0.8614874170029749,0x1.b914e0f3e2f72p-1,-1.7479911404673418,-0.3866003243833478,-0x1.8be0f49765db8p-2,-1.430490889263433,-0x1.6e34a6a29cc66p+0,3.7001802612172074,-0.13125185402694292,-0x1.0ccdc5a4ae417p-3,-0.26205879073882987,-0x1.0c5923bf690b4p-2,1.996610201674068,-0.8984230023855211,-0x1.cbfe198a709c6p-1,-0.16361408400147368,-0x1.4f14e69f9c50fp-3,0.18211252780376327,0.017106685991214975,0x1.1846a438036f6p-6,-0.00034354647930985143,-0x1.683c0e4aec4afp-12,-0.02008258522347797,-1.0981496560848956
H593-90acde9b0567a472f4232120,DIFFICULT-0083,116,5301,/hkfs/work/workspace/scratch/ap7811-benchmark/dailymed/data/box_flat_20000_images/data/raw_images/prescription/posaconazole-fig2.jpg,45,420.6954345703125,0x1.a4b2080000000p+8,False,False,False,CHALLENGER,115,-2.9861846482578245,-0x1.7e3b4c6e0ad4dp+1,-2.9861846482578245,-0x1.7e3b4c6e0ad4dp+1,0.0016992693821237166,0.022223123937777325,0.07646401949975676,0.0016818561939458843,0.0014815535997830566,1.7413188177832235e-05,0.00021771578234065997,-1.0981496560848956,0.0,-1.4061675134646787,-1.5800171347931458,False,53,-3.187286463270668,-0x1.97f900b95d923p+1,-1.4061675134646787,-0x1.67fa981b07478p+0,0.44118014796251637,-0.01933516163895383,-0x1.3cc98bb9bd532p-6,0.03379769124439531,0x1.14dee55266439p-5,-1.7479911404673418,-0.21351711295039374,-0x1.b54875ca10f4bp-3,-0.790051806771132,-0x1.9481aba074982p-1,3.7001802612172074,0.19498693300158781,0x1.8f554f231d016p-3,0.38931289962410826,0x1.8ea80a6f2f975p-2,1.996610201674068,-0.6089289044424211,-0x1.37c5878456af8p-1,-0.11089358204078552,-0x1.c638594339353p-4,0.18211252780376327,0.20080486251949112,0x1.9b3f946b3121fp-3,-0.0040326807648364575,-0x1.084928000bda3p-8,-0.02008258522347797,-1.0981496560848956
H593-90acde9b0567a472f4232120,DIFFICULT-0083,117,5305,/hkfs/work/workspace/scratch/ap7811-benchmark/dailymed/data/box_flat_20000_images/data/raw_images/prescription/pred-fc-10mg-ud.jpg,79,416.07891845703125,0x1.a014340000000p+8,False,False,False,CHALLENGER,116,-4.128951053078241,-0x1.0840bbeaf05f2p+2,-4.128951053078241,-0x1.0840bbeaf05f2p+2,0.00027079843914406496,0.012636782997546182,0.021429381132575337,0.00027711860544735206,0.00027088815613141937,-6.320166303287094e-06,-8.971698735440797e-08,-1.0981496560848956,0.0,-1.6212621845803898,-2.5076888684978513,False,119,-3.6748303206021316,-0x1.d660d706aaeccp+1,-1.6212621845803898,-0x1.9f0b09dd03a88p+0,0.44118014796251637,-0.7341300850329521,-0x1.77dfe60473d43p-1,1.2832528845881366,0x1.488342d3cdbfep+0,-1.7479911404673418,-0.46142034783594094,-0x1.d87e935ea8411p-2,-1.7073384631865267,-0x1.b514222e96cadp+0,3.7001802612172074,-0.4124108415059268,-0x1.a64f0713229b2p-2,-0.8234236934317206,-0x1.a597ca5414dfdp-1,1.996610201674068,-0.9999999871730416,-0x1.ffffff91d1386p-1,-0.18211252546781345,-0x1.74f769689c1c5p-3,0.18211252780376327,-0.9999999931029897,-0x1.ffffffc4c1506p-1,0.02008258508496817,0x1.4908778a2e4bcp-6,-0.02008258522347797,-1.0981496560848956
H593-90acde9b0567a472f4232120,DIFFICULT-0083,118,5315,/hkfs/work/workspace/scratch/ap7811-benchmark/dailymed/data/box_flat_20000_images/data/raw_images/prescription/quetiapine-fig4.jpg,4,446.56011962890625,0x1.be8f640000000p+8,False,False,False,CHALLENGER,117,-1.0520874412547183,-0x1.0d559a40b8a98p+0,-1.0520874412547183,-0x1.0d559a40b8a98p+0,0.002885587693106275,0.037453162219720906,0.07704523522414011,0.002565738293436373,0.00256863914762552,0.00031984939966990186,0.0003169485454807548,-1.0981496560848956,0.0,-0.2010691688093969,-0.8510182724453215,False,3,-0.4557529837595507,-0x1.d2b0e90134ee1p-2,-0.2010691688093969,-0x1.9bca2702297fap-3,0.44118014796251637,0.24061568328590463,0x1.ecc7ea54f0f4bp-3,-0.42059408264125714,-0x1.aeb03717575e5p-2,-1.7479911404673418,0.04409669229962068,0x1.693d77693c964p-5,0.16316571043202527,0x1.4e29d2f112bfap-3,3.7001802612172074,0.19862648874295027,0x1.96c97c0a298a7p-3,0.396579673746874,0x1.9618fb640133ap-2,1.996610201674068,0.6340104187437322,0x1.449d037ba7ba9p-1,0.11546124001134353,0x1.d8ede29cde862p-4,0.18211252780376327,0.3725196644835095,0x1.7d75cb804b54ep-2,-0.007481157909411498,-0x1.ea49008ea0576p-8,-0.02008258522347797,-1.0981496560848956
H593-90acde9b0567a472f4232120,DIFFICULT-0083,119,5337,/hkfs/work/workspace/scratch/ap7811-benchmark/dailymed/data/box_flat_20000_images/data/raw_images/prescription/sildenafil-fig16.jpg,7,442.9573059082031,0x1.baf5120000000p+8,False,False,False,CHALLENGER,118,-2.4357339368531683,-0x1.37c6213045560p+1,-2.4357339368531683,-0x1.37c6213045560p+1,0.0005825016699454311,0.016666866892518273,0.03494968032695545,0.0005942284017357747,0.00033057110204681684,-1.1726731790343589e-05,0.00025193056789861424,-1.0981496560848956,0.0,-0.3689329893463531,-2.066800947506815,False,31,-0.8362411387959787,-0x1.ac27cc6d65a52p-1,-0.3689329893463531,-0x1.79c991cea1e5cp-2,0.44118014796251637,-0.5039959623899573,-0x1.020bc23f8fd3cp-1,0.8809804770889569,0x1.c30fdf8305e98p-1,-1.7479911404673418,-0.3458382991175719,-0x1.62236f61a82dcp-2,-1.279664047967772,-0x1.47981023e3786p+0,3.7001802612172074,-0.19154399348013318,-0x1.8848379df0744p-3,-0.3824386914518251,-0x1.879e02220ae0ep-2,1.996610201674068,-0.9999999880048993,-0x1.ffffff98f67eap-1,-0.18211252561930516,-0x1.74f7696dd0a55p-3,0.18211252780376327,0.26971146452011296,0x1.142f3dfde16eep-2,-0.005416503471974223,-0x1.62f9d9455321cp-8,-0.02008258522347797,-1.0981496560848956
H593-90acde9b0567a472f4232120,DIFFICULT-0083,120,5341,/hkfs/work/workspace/scratch/ap7811-benchmark/dailymed/data/box_flat_20000_images/data/raw_images/prescription/somavert-36.jpg,128,412.88739013671875,0x1.9ce32c0000000p+8,False,False,False,CHALLENGER,119,-2.634653651320056,-0x1.513c54b25a72cp+1,-2.634653651320056,-0x1.513c54b25a72cp+1,0.00342272081526872,0.03758425369805592,0.09106794677276679,0.00323041894286759,0.0023362493367515883,0.00019230187240112983,0.0010864714785171316,-1.0981496560848956,0.0,-1.7699632218060932,-0.8646904295139626,False,40,-4.011883195516026,-0x1.00c2b1bc07406p+2,-1.7699632218060932,-0x1.c51c4f48c7abcp+0,0.44118014796251637,0.31922248579078144,0x1.46e242627a17bp-2,-0.5579980770002478,-0x1.1db1ec87e4d73p-1,-1.7479911404673418,0.04584017571256422,0x1.7785d0f0e84c9p-5,0.16961691334235857,0x1.5b601cbd3b2dep-3,3.7001802612172074,0.2774421811809329,0x1.1c19cd9acfe2cp-2,0.5539438893205557,0x1.1b9e8890e6d34p-1,1.996610201674068,0.45714968483037316,0x1.d41f0c06e4841p-2,0.08325268468915295,0x1.5500c460b4aeap-4,0.18211252780376327,0.7646517422933241,0x1.87806ee3f55fep-1,-0.015356183780886594,-0x1.f7310190accdcp-7,-0.02008258522347797,-1.0981496560848956
H593-90acde9b0567a472f4232120,DIFFICULT-0083,121,5343,/hkfs/work/workspace/scratch/ap7811-benchmark/dailymed/data/box_flat_20000_images/data/raw_images/prescription/spl-bromfenac-carton-label.jpg,47,420.2698669433594,0x1.a445160000000p+8,False,False,False,CHALLENGER,120,-2.627404833884942,-0x1.504ecd3571ae8p+1,-2.627404833884942,-0x1.504ecd3571ae8p+1,0.0017962830990687617,0.03141450883085173,0.057180047243159775,0.0017559191472833284,0.001885821992508494,4.036395178543331e-05,-8.953889343973225e-05,-1.0981496560848956,4.440892098500626e-16,-1.425995740316012,-1.2014090935689299,False,39,-3.232230069511577,-0x1.9db9b704d99a9p+1,-1.425995740316012,-0x1.6d0e0e8ce4802p+0,0.44118014796251637,0.008422829917660316,0x1.13ffd1849fa08p-7,-0.014723032073733502,-0x1.e271bea098308p-7,-1.7479911404673418,-0.04375737934980413,-0x1.6675e02883aeap-5,-0.16191019135273868,-0x1.4b979205fe2fdp-3,3.7001802612172074,0.05216098476718484,0x1.ab4d837678878p-5,0.10414515431552691,0x1.aa941bfd2729dp-4,1.996610201674068,-0.27924467429117905,-0x1.1df250dea6b16p-2,-0.050853953510905166,-0x1.a098786673da1p-5,0.18211252780376327,-0.9999999957345078,-0x1.ffffffdb5c156p-1,0.02008258513781586,0x1.49087798b51f1p-6,-0.02008258522347797,-1.0981496560848956
H593-90acde9b0567a472f4232120,DIFFICULT-0083,122,5360,/hkfs/work/workspace/scratch/ap7811-benchmark/dailymed/data/box_flat_20000_images/data/raw_images/prescription/testosterone-cypionate-injection-2000mg-carton.jpg,83,415.2648620605469,0x1.9f43ce0000000p+8,False,False,False,CHALLENGER,121,-2.3634837778984847,-0x1.2e86a2ed59aaap+1,-2.3634837778984847,-0x1.2e86a2ed59aaap+1,0.003975279025545581,0.045107297655706834,0.08812939883670112,0.0038417399459339595,0.002584534204030839,0.00013353907961162178,0.0013907448215147423,-1.0981496560848956,-4.440892098500626e-16,-1.6591910444770779,-0.7042927334214069,False,27,-3.7608016864304745,-0x1.e161f31cfaf2dp+1,-1.6591910444770779,-0x1.a8c0be89d85a8p+0,0.44118014796251637,0.3847394381820472,0x1.89f922a1e4aa7p-2,-0.672521129330601,-0x1.5854b080b0160p-1,-1.7479911404673418,0.1362491386170985,0x1.1709c9d3bfb5fp-3,0.504146373318835,0x1.021f79339a519p-1,3.7001802612172074,0.26223686548410485,0x1.0c87d2243d376p-2,0.5235848008805941,0x1.0c134e98edfd6p-1,1.996610201674068,0.301679149234338,0x1.34eb60ff62e73p-2,0.054939552452754024,0x1.c21097a15399bp-5,0.18211252780376327,0.8112837304953079,0x1.9f6094c48229dp-1,-0.016292674658093153,-0x1.0af06e3489443p-6,-0.02008258522347797,-1.0981496560848956
H593-90acde9b0567a472f4232120,DIFFICULT-0083,123,5369,/hkfs/work/workspace/scratch/ap7811-benchmark/dailymed/data/box_flat_20000_images/data/raw_images/prescription/tranexamic-acid-injection-2.jpg,75,416.4715576171875,0x1.a078b80000000p+8,False,False,False,CHALLENGER,122,-3.4810860464962965,-0x1.bd943a4221bb5p+1,-3.4810860464962965,-0x1.bd943a4221bb5p+1,0.0007242335245482365,0.01644438963534912,0.04404137463341373,0.0006843458226309665,0.0005488267808473165,3.988770191726992e-05,0.00017540674370092,-1.0981496560848956,0.0,-1.6029681747797977,-1.8781178717164988,False,91,-3.6333642440230323,-0x1.d112145d4470ap+1,-1.6029681747797977,-0x1.9a5c1f4f35425p+0,0.44118014796251637,-0.41840539869717247,-0x1.ac7276ff7f2d7p-2,0.7313689300463634,0x1.7675fd07b8231p-1,-1.7479911404673418,-0.3517400374533301,-0x1.682e8a5639357p-2,-1.3015015436646133,-0x1.4d2f3485bba7ep+0,3.7001802612172074,-0.07816957187803833,-0x1.402ebcac22ccap-4,-0.15607416467218568,-0x1.3fa3cfc823f47p-3,1.996610201674068,-0.2847073226914833,-0x1.238a50ff9109fp-2,-0.05184877021958775,-0x1.a8bec08dca53cp-5,0.18211252780376327,0.09524008489423308,0x1.861a779e39528p-4,-0.0019126671215797125,-0x1.f564eaf0f78c5p-10,-0.02008258522347797,-1.0981496560848956
H593-90acde9b0567a472f4232120,DIFFICULT-0083,124,5384,/hkfs/work/workspace/scratch/ap7811-benchmark/dailymed/data/box_flat_20000_images/data/raw_images/prescription/valganciclovir-fig15.jpg,14,436.63262939453125,0x1.b4a1f40000000p+8,False,False,False,CHALLENGER,123,-2.7056696204685604,-0x1.5a5361d2d8bacp+1,-2.7056696204685604,-0x1.5a5361d2d8bacp+1,0.0006609921593601966,0.015905224619068955,0.04155817822074173,0.000663384430421828,0.0006185153884459759,-2.392271061631406e-06,4.247677091422065e-05,-1.0981496560848956,0.0,-0.6636149922332852,-2.042054628235275,False,43,-1.5041814444689552,-0x1.811208ff3e841p+0,-0.6636149922332852,-0x1.53c558218df44p-1,0.44118014796251637,-0.45536130055629226,-0x1.d24a3b9703619p-2,0.7959675190840854,0x1.97890dfe49ef2p-1,-1.7479911404673418,-0.36625969615556897,-0x1.770cc8235302ep-2,-1.3552268981942481,-0x1.5af0266667609p+0,3.7001802612172074,-0.10693653195546118,-0x1.b60314b7f11c2p-4,-0.2135105706339188,-0x1.b54507b1c8a95p-3,1.996610201674068,-0.9999999864924936,-0x1.ffffff8bf8adep-1,-0.18211252534387712,-0x1.74f7696459f48p-3,0.18211252780376327,-0.5466180183189572,-0x1.17de51202b22dp-1,0.0109775029375791,0x1.67b5f80de81e1p-7,-0.02008258522347797,-1.0981496560848956
H593-90acde9b0567a472f4232120,DIFFICULT-0083,125,5393,/hkfs/work/workspace/scratch/ap7811-benchmark/dailymed/data/box_flat_20000_images/data/raw_images/prescription/verapamil-fig3.jpg,20,430.1334228515625,0x1.ae22280000000p+8,False,False,False,CHALLENGER,124,-2.999177208416313,-0x1.7fe509ec87400p+1,-2.999177208416313,-0x1.7fe509ec87400p+1,0.0003731086372800482,0.018063122317621902,0.0206558218850156,0.000345057041288474,0.00030498453112558747,2.80515959915742e-05,6.812410615446074e-05,-1.0981496560848956,0.0,-0.9664287720555186,-2.0327484363607944,False,54,-2.1905536242252417,-0x1.18640fa817418p+1,-0.9664287720555186,-0x1.eecfc083c8a5fp-1,0.44118014796251637,-0.6512000839291099,-0x1.4d6a18ef4186ep-1,1.1382919773796736,0x1.23671a6025163p+0,-1.7479911404673418,-0.3099445408108319,-0x1.3d621a096ccf8p-2,-1.1468506719802714,-0x1.259801718d071p+0,3.7001802612172074,-0.42755061039768366,-0x1.b5cfd3c42beb1p-2,-0.8536519104519901,-0x1.b511dcfb1e51dp-1,1.996610201674068,-0.43723607393386926,-0x1.bfbad038b5aa1p-2,-0.07962616667109006,-0x1.4626165c217e3p-4,0.18211252780376327,-0.3604113398367387,-0x1.710fab96d3496p-2,0.0072379914477791844,0x1.da59588e9392cp-8,-0.02008258522347797,-1.0981496560848956
H593-90acde9b0567a472f4232120,DIFFICULT-0083,126,5394,/hkfs/work/workspace/scratch/ap7811-benchmark/dailymed/data/box_flat_20000_images/data/raw_images/prescription/verapamil-fig4.jpg,25,429.1674499511719,0x1.ad2ade0000000p+8,False,False,False,CHALLENGER,125,-2.5681576131542205,-0x1.48b9637fbc431p+1,-2.5681576131542205,-0x1.48b9637fbc431p+1,0.0010422848569981537,0.023095176695433952,0.045129979767776336,0.0010126802672947772,0.0010892703234384132,2.960458970337654e-05,-4.69854664402595e-05,-1.0981496560848956,0.0,-1.011435789949047,-1.5567218232051736,False,36,-2.292568681116134,-0x1.2572e3fa9d239p+1,-1.011435789949047,-0x1.02ed74b7d5c7fp+0,0.44118014796251637,-0.25778018640499933,-0x1.07f78778aa3f0p-2,0.4505974820239588,0x1.cd696d23cfb82p-2,-1.7479911404673418,-0.19507577711245017,-0x1.8f83e39784a04p-3,-0.7218155399130955,-0x1.7191ce7357b85p-1,3.7001802612172074,-0.06602456490094852,-0x1.0e6fc62fb71aep-4,-0.13182531984232543,-0x1.0dfa6eec0f6aap-3,1.996610201674068,-0.4151904068297293,-0x1.a927ac8bc9576p-2,-0.07561137450763486,-0x1.35b445cb74536p-4,0.18211252780376327,-0.9999999947885754,-0x1.ffffffd33bf4cp-1,0.02008258511881909,0x1.490877937c57bp-6,-0.02008258522347797,-1.0981496560848956
H593-90acde9b0567a472f4232120,DIFFICULT-0083,127,5399,/hkfs/work/workspace/scratch/ap7811-benchmark/dailymed/data/box_flat_20000_images/data/raw_images/prescription/voriconazole-fig4.jpg,13,437.31103515625,0x1.b54fa00000000p+8,False,False,False,CHALLENGER,126,-1.8894448420799612,-0x1.e3b2a83c544e3p+0,-1.8894448420799612,-0x1.e3b2a83c544e3p+0,0.002189931857964233,0.03120935137110532,0.07016909233146533,0.0021664627628808115,0.0016129508139015342,2.3469095083421525e-05,0.0005769810440626989,-1.0981496560848956,0.0,-0.6320064240794567,-1.2574384180005045,False,11,-1.4325359538461222,-0x1.6ebaad201cfeap+0,-0.6320064240794567,-0x1.4396589490fc2p-1,0.44118014796251637,0.10708627478205138,0x1.b6a01900a14d2p-4,-0.18718585958467712,-0x1.7f5b4cc984c8fp-3,-1.7479911404673418,-0.0470266651064614,-0x1.813e109582a15p-5,-0.17400713797780046,-0x1.645ddab714ea5p-3,3.7001802612172074,0.15334072974198404,0x1.3a0ab45b17bfap-3,0.3061616653349915,0x1.3982718f9c599p-2,1.996610201674068,-0.506483830209822,-0x1.0351d93d68730p-1,-0.09223705061124272,-0x1.79cd8ebdad325p-4,0.18211252780376327,0.5985473953237579,0x1.3274cde00b052p-1,-0.012020379076880127,-0x1.89e23f82a70b9p-7,-0.02008258522347797,-1.0981496560848956
