query_id,display_id,candidate_position,reference_physical_row,reference_image_path,raw_rank,raw_score,raw_score_hex,is_target,is_raw_winner,is_selected,action_kind,challenger_index,head_logit,head_logit_hex,policy_score,policy_score_hex,local_score_S,visibility_mass_M,normalized_similarity_L,query_control_score,reference_control_score,query_robustness_Q,reference_robustness_R,bias_contribution,fp64_sum_residual,plot_raw_component,plot_other_component,plot_is_hold_anchor,policy_rank,feature_RAW,feature_RAW_hex,contribution_RAW,contribution_RAW_hex,weight_RAW,feature_S,feature_S_hex,contribution_S,contribution_S_hex,weight_S,feature_M,feature_M_hex,contribution_M,contribution_M_hex,weight_M,feature_L,feature_L_hex,contribution_L,contribution_L_hex,weight_L,feature_Q,feature_Q_hex,contribution_Q,contribution_Q_hex,weight_Q,feature_R,feature_R_hex,contribution_R,contribution_R_hex,weight_R,head_bias
H593-b5088f4d9100c24150c49220,DIFFICULT-0102,0,5,/hkfs/work/workspace/scratch/ap7811-benchmark/dailymed/data/box_flat_20000_images/data/raw_images/animal/104226AP_EP104226B_P1a (Kitten 12mg).jpg,70,393.3376770019531,0x1.8956720000000p+8,False,False,False,CHALLENGER,0,-4.964419254812616,-0x1.3db90b89c3625p+2,-4.964419254812616,-0x1.3db90b89c3625p+2,0.0001837084460098004,0.01007767212699761,0.018229254106973188,0.00017097662817312082,0.00022024285784800514,1.2731817836679574e-05,-3.653441183820475e-05,-1.0981496560848956,0.0,-1.4590608872917896,-3.5053583675208264,False,98,-3.3071771112778054,-0x1.a751945f824b7p+1,-1.4590608872917896,-0x1.758503a9ca7d9p+0,0.44118014796251637,-0.9484226331109649,-0x1.e597a6bffedfcp-1,1.6578343600966747,0x1.a867d526cce0dp+0,-1.7479911404673418,-0.617170765255754,-0x1.3bfdce79a43a3p-1,-2.2836430833996597,-0x1.244e6aa37814fp+1,3.7001802612172074,-0.79884929178122,-0x1.9902c63d4425ep-1,-1.594990645570488,-0x1.98514e9426b35p+0,1.996610201674068,-0.9795143338935953,-0x1.f582e71c128afp-1,-0.17838183136538205,-0x1.6d53741f51b8ap-3,0.18211252780376327,0.39972499096832875,0x1.9951820e69561p-2,-0.008027511197075423,-0x1.070ba507a4aaep-7,-0.02008258522347797,-1.0981496560848956
H593-b5088f4d9100c24150c49220,DIFFICULT-0102,1,6,/hkfs/work/workspace/scratch/ap7811-benchmark/dailymed/data/box_flat_20000_images/data/raw_images/animal/104226AP_EP104226C_P1a (Kitten 48mg).jpg,59,396.67535400390625,0x1.8cace40000000p+8,False,False,False,CHALLENGER,1,-4.83903475664416,-0x1.35b2bed5ff9d7p+2,-4.83903475664416,-0x1.35b2bed5ff9d7p+2,0.00025794746482312093,0.009510681481738744,0.02712186979643891,0.00024682815941280754,0.00024808834111775827,1.1119305410313386e-05,9.85912370536266e-06,-1.0981496560848956,0.0,-1.3888542524799876,-3.450180504164172,False,92,-3.1480433988112897,-0x1.92f3160a243f1p+1,-1.3888542524799876,-0x1.638bf3c94fe41p+0,0.44118014796251637,-0.9283264843926754,-0x1.db4d9be4f452fp-1,1.6227064701795906,0x1.9f69b0f46dcf1p+0,-1.7479911404673418,-0.6347762951114668,-0x1.450166078f414p-1,-2.3487867174600385,-0x1.2ca50b0c62914p+1,3.7001802612172074,-0.7147203368470686,-0x1.6defd2f116a9bp-1,-1.4270179158927836,-0x1.6d510bcf90ca2p+0,1.996610201674068,-0.9820856480921092,-0x1.f6d3ee18da67ep-1,-0.17885009989385112,-0x1.6e48f60f7181fp-3,0.18211252780376327,0.999999989479254,0x1.ffffffa5a0a28p-1,-0.02008258501219419,-0x1.490877762d484p-6,-0.02008258522347797,-1.0981496560848956
H593-b5088f4d9100c24150c49220,DIFFICULT-0102,2,9,/hkfs/work/workspace/scratch/ap7811-benchmark/dailymed/data/box_flat_20000_images/data/raw_images/animal/11-5BlisterCarton.jpg,72,392.98333740234375,0x1.88fbbc0000000p+8,False,False,False,CHALLENGER,2,-4.347737237498372,-0x1.164153afaa0a8p+2,-4.347737237498372,-0x1.164153afaa0a8p+2,0.0006260095789839262,0.013122919878070363,0.047703528239172385,0.0005931483518799458,0.0005342481316573648,3.286122710398039e-05,9.176144732656142e-05,-1.0981496560848956,0.0,-1.4665142720424946,-2.881222965455877,False,59,-3.3240713092264813,-0x1.a97b2b2d598ddp+1,-1.4665142720424946,-0x1.776d7ab58a2ddp+0,0.44118014796251637,-0.8345183244245713,-0x1.ab45fc5ea1ebcp-1,1.4587306376518014,0x1.756f5efe63413p+0,-1.7479911404673418,-0.5287462070600759,-0x1.0eb7d2a66a052p-1,-1.9564562785571593,-0x1.f4da519474f52p+0,3.7001802612172074,-0.5472415950529887,-0x1.18300ce386e48p-1,-1.0926281514631866,-0x1.17b67a81392b9p+0,1.996610201674068,-0.9479684565055093,-0x1.e55c1f1ca9598p-1,-0.17263693189245014,-0x1.618f78c47a941p-3,0.18211252780376327,0.9999999943487696,0x1.ffffffcf74d02p-1,-0.020082585109986652,-0x1.490877910ed0ap-6,-0.02008258522347797,-1.0981496560848956
H593-b5088f4d9100c24150c49220,DIFFICULT-0102,3,22,/hkfs/work/workspace/scratch/ap7811-benchmark/dailymed/data/box_flat_20000_images/data/raw_images/animal/2-3BlisterCarton.jpg,68,393.6099853515625,0x1.899c280000000p+8,False,False,False,CHALLENGER,3,-4.4931335052516985,-0x1.1f8f7fd5678b8p+2,-4.4931335052516985,-0x1.1f8f7fd5678b8p+2,0.0005843008047230676,0.010511562493593979,0.05558648441458212,0.0005926794693354885,0.0005136194364576136,-8.378664612420836e-06,7.0681368265454e-05,-1.0981496560848956,0.0,-1.453332995453831,-3.0398005097978675,False,70,-3.2941939979976373,-0x1.a5a826200a27ep+1,-1.453332995453831,-0x1.740da195ac030p+0,0.44118014796251637,-0.8446875805520271,-0x1.b07ae3fb9ddc6p-1,1.4765064072677374,0x1.79fc52eb8ca4cp+0,-1.7479911404673418,-0.6039521400766418,-0x1.35393703f4ef3p-1,-2.23473178743148,-0x1.1e0bb0f32cc74p+1,3.7001802612172074,-0.4914481354323119,-0x1.f73e2e1572a54p-2,-0.9812303607978531,-0x1.f663d36af0289p-1,1.996610201674068,-0.9999999991926659,-0x1.fffffff910a75p-1,-0.18211252765673763,-0x1.74f769b3d2176p-3,0.18211252780376327,0.9999999935845018,0x1.ffffffc8e42b9p-1,-0.02008258509463818,-0x1.4908778cd6c32p-6,-0.02008258522347797,-1.0981496560848956
H593-b5088f4d9100c24150c49220,DIFFICULT-0102,4,31,/hkfs/work/workspace/scratch/ap7811-benchmark/dailymed/data/box_flat_20000_images/data/raw_images/animal/23BlisterCarton.jpg,58,396.95928955078125,0x1.8cf5940000000p+8,False,False,False,CHALLENGER,4,-4.304596683590377,-0x1.137e83169f682p+2,-4.304596683590377,-0x1.137e83169f682p+2,0.000589764476743711,0.012882787395280107,0.04577926023678573,0.0005673653224986532,0.0005463120261730525,2.2399154245057794e-05,4.3452450570658505e-05,-1.0981496560848956,0.0,-1.3828817874278339,-2.9217148961625434,False,56,-3.1345059241997593,-0x1.91377d78c7324p+1,-1.3828817874278339,-0x1.62048a733c8fep+0,0.44118014796251637,-0.8433490388605571,-0x1.afcb71fa09caep-1,1.4741666482499018,0x1.7962fc471656fp+0,-1.7479911404673418,-0.5353661961168333,-0x1.121b849f69545p-1,-1.9809514313944472,-0x1.fb1fa20ccdb4bp+0,3.7001802612172074,-0.5615007497109575,-0x1.1f7d06b960475p-1,-1.1210981251205354,-0x1.1f004966ffe6dp+0,1.996610201674068,-0.9642376000316603,-0x1.edb08cfb6b44dp-1,-0.1755997467451997,-0x1.67a0d70ba6f17p-3,0.18211252780376327,0.999999992226587,0x1.ffffffbd3a158p-1,-0.02008258506736774,-0x1.4908778557c69p-6,-0.02008258522347797,-1.0981496560848956
H593-b5088f4d9100c24150c49220,DIFFICULT-0102,5,34,/hkfs/work/workspace/scratch/ap7811-benchmark/dailymed/data/box_flat_20000_images/data/raw_images/animal/25 lb unit carton.jpg,26,412.5673828125,0x1.9c91400000000p+8,False,False,False,CHALLENGER,5,-3.303582163677949,-0x1.a6dbc7c452a6ap+1,-3.303582163677949,-0x1.a6dbc7c452a6ap+1,0.0008998169361734419,0.023369096483799093,0.038504566781058513,0.0009193194991427729,0.0009546726036244722,-1.9502562969331e-05,-5.485566745103024e-05,-1.0981496560848956,-4.440892098500626e-16,-1.0545720968577739,-2.2490100668201753,False,17,-2.3903434951188527,-0x1.31f6c690def39p+1,-1.0545720968577739,-0x1.0df86fdb473d9p+0,0.44118014796251637,-0.7704465333937748,-0x1.8a77f7d07c54dp-1,1.3467337145760943,0x1.58c38a6c86616p+0,-1.7479911404673418,-0.29119924235480643,-0x1.2a30225a22af4p-2,-1.0774896886426606,-0x1.13d65d3e7f58ep+0,3.7001802612172074,-0.61786813745582,-0x1.3c59366739f2bp-1,-1.2336418265336457,-0x1.3bcff363f0911p+0,1.996610201674068,-0.9999999991998518,-0x1.fffffff92074ap-1,-0.18211252765804628,-0x1.74f769b3dd9a3p-3,0.18211252780376327,0.21660968588522242,0x1.bb9ddbe6fdabfp-3,-0.004350082477020772,-0x1.1d1645f944dacp-8,-0.02008258522347797,-1.0981496560848956
H593-b5088f4d9100c24150c49220,DIFFICULT-0102,6,37,/hkfs/work/workspace/scratch/ap7811-benchmark/dailymed/data/box_flat_20000_images/data/raw_images/animal/26-50 lb unit carton.jpg,37,409.5426025390625,0x1.998ae80000000p+8,False,False,False,CHALLENGER,6,-3.3903811520957654,-0x1.b1f802749cf15p+1,-3.3903811520957654,-0x1.b1f802749cf15p+1,0.0007335549904734585,0.023945392314102244,0.030634494555407364,0.0007187687503672846,0.000765934486537696,1.4786240106173906e-05,-3.2379496064237454e-05,-1.0981496560848956,4.440892098500626e-16,-1.118197080317498,-2.272184071778267,False,18,-2.534558922203595,-0x1.446c6d4053212p+1,-1.118197080317498,-0x1.1e4229f272435p+0,0.44118014796251637,-0.8088070815871353,-0x1.9e1bf63861412p-1,1.413787612961559,0x1.69edfc2928e8cp+0,-1.7479911404673418,-0.2800122878496004,-0x1.1ebb8a8b2b2f2p-2,-1.0360959403993624,-0x1.093d9563889bcp+0,3.7001802612172074,-0.6836177547018341,-0x1.5e032576d1936p-1,-1.3649181830832025,-0x1.5d6b472e0edf5p+0,1.996610201674068,-0.976247998190191,-0x1.f3d6c71206512p-1,-0.1777869907137794,-0x1.6c1b95f628d56p-3,0.18211252780376327,0.44919089640116705,0x1.cbf8b2c6d0d4cp-2,-0.0090209144585869,-0x1.2798ea4a31c8bp-7,-0.02008258522347797,-1.0981496560848956
H593-b5088f4d9100c24150c49220,DIFFICULT-0102,7,51,/hkfs/work/workspace/scratch/ap7811-benchmark/dailymed/data/box_flat_20000_images/data/raw_images/animal/5-75BlisterCarton.jpg,76,392.25213623046875,0x1.88408c0000000p+8,False,False,False,CHALLENGER,7,-3.9670848467945254,-0x1.fbc96faeb846bp+1,-3.9670848467945254,-0x1.fbc96faeb846bp+1,0.0011570638338568797,0.01530110533241666,0.07561962411993492,0.0009986741643226438,0.0009914856967124116,0.00015838966953423588,0.00016557813714446808,-1.0981496560848956,0.0,-1.4818947817855732,-2.4851900650089522,False,35,-3.358933507387731,-0x1.adf1887dd59ddp+1,-1.4818947817855732,-0x1.7b5d74d7e1d0ep+0,0.44118014796251637,-0.7141980472211226,-0x1.6dab5dcf5d12fp-1,1.2484118590815985,0x1.3f97eb6ab1abbp+0,-1.7479911404673418,-0.47120710846888114,-0x1.e2841dc210f78p-2,-1.7435512417017895,-0x1.be595fca02669p+0,3.7001802612172074,-0.36624540991764504,-0x1.77090967a0273p-2,-0.731249321757871,-0x1.76664fa4582f8p-1,1.996610201674068,-0.7718805570261021,-0x1.8b33eda9b0d49p-1,-0.1405691194026003,-0x1.1fe2b3d54b22cp-3,0.18211252780376327,0.9999999960122712,0x1.ffffffddbee44p-1,-0.020082585143394064,-0x1.4908779a3da71p-6,-0.02008258522347797,-1.0981496560848956
H593-b5088f4d9100c24150c49220,DIFFICULT-0102,8,55,/hkfs/work/workspace/scratch/ap7811-benchmark/dailymed/data/box_flat_20000_images/data/raw_images/animal/500Carton1.jpg,108,384.3265380859375,0x1.8053980000000p+8,False,False,False,CHALLENGER,8,-5.186922570157396,-0x1.4bf68a156d754p+2,-5.186922570157396,-0x1.4bf68a156d754p+2,0.0002869172449283993,0.007042549465498917,0.040740536695410084,0.00028442631405514604,0.0002817971547341609,2.4909308732532745e-06,5.120090194238422e-06,-1.0981496560848956,0.0,-1.6486064121418336,-3.5383161580155624,False,111,-3.7368100531166757,-0x1.de4fcab4c004cp+1,-1.6486064121418336,-0x1.a60b11e02004cp+0,0.44118014796251637,-0.9205964971344615,-0x1.d7586c9002641p-1,1.6091945209363072,0x1.9bf42c1052e65p+0,-1.7479911404673418,-0.7161021910306531,-0x1.6ea4f2462425ap-1,-2.6497071922660167,-0x1.53299af361176p+1,3.7001802612172074,-0.6001144723680376,-0x1.334234415aa20p-1,-1.1981946777022745,-0x1.32bce2eaf8f7bp+0,1.996610201674068,-0.9959587628865367,-0x1.fdee4e95864b6p-1,-0.18137656789757609,-0x1.73758edb0be79p-3,0.18211252780376327,0.9999999889271837,0x1.ffffffa0e29e9p-1,-0.02008258500110719,-0x1.49087773211aap-6,-0.02008258522347797,-1.0981496560848956
H593-b5088f4d9100c24150c49220,DIFFICULT-0102,9,60,/hkfs/work/workspace/scratch/ap7811-benchmark/dailymed/data/box_flat_20000_images/data/raw_images/animal/51-100 lb unit carton.jpg,36,409.9954833984375,0x1.99fed80000000p+8,False,False,False,CHALLENGER,9,-3.655937044112948,-0x1.d3f5bebc599a5p+1,-3.655937044112948,-0x1.d3f5bebc599a5p+1,0.000580953730428396,0.019500112938180634,0.029792326448064108,0.0005017951312389803,0.0006021739240775901,7.915859918941571e-05,-2.1220193649194082e-05,-1.0981496560848956,-4.440892098500626e-16,-1.1086709215283792,-2.5472661225845687,False,25,-2.51296647559621,-0x1.41a8e2ae50a74p+1,-1.1086709215283792,-0x1.1bd1db85fd961p+0,0.44118014796251637,-0.8455085388862495,-0x1.b0e67ec602a7cp-1,1.4779414351626512,0x1.7a5a5eb16d48cp+0,-1.7479911404673418,-0.37168194675898464,-0x1.7c9a31375fb1fp-2,-1.37529020284838,-0x1.601304cbbe352p+0,3.7001802612172074,-0.6909714640137652,-0x1.61c70300d114ep-1,-1.3796006741155498,-0x1.612d8280dda7bp+0,1.996610201674068,-0.8790940624732428,-0x1.c2189df0dc580p-1,-0.16009404189428164,-0x1.47df6291c35dbp-3,0.18211252780376327,0.6011667656213193,0x1.33cc215b92428p-1,-0.012072982804112752,-0x1.8b9b852787e4cp-7,-0.02008258522347797,-1.0981496560848956
H593-b5088f4d9100c24150c49220,DIFFICULT-0102,10,63,/hkfs/work/workspace/scratch/ap7811-benchmark/dailymed/data/box_flat_20000_images/data/raw_images/animal/60 NoviPet label.jpg,103,386.2032775878906,0x1.82340a0000000p+8,False,False,False,CHALLENGER,10,-4.59782411203748,-0x1.2642c0107d849p+2,-4.59782411203748,-0x1.2642c0107d849p+2,0.0002697146910972993,0.015935276381459192,0.01692563621997258,0.00029408970910957947,0.00026437811576486667,-2.437501801228018e-05,5.336575332432619e-06,-1.0981496560848956,0.0,-1.6091299844427471,-2.9886941275947327,False,78,-3.6473308961750073,-0x1.d2dbbd22618a2p+1,-1.6091299844427471,-0x1.9beff15231d08p+0,0.44118014796251637,-0.9251791513489606,-0x1.d9b114ebf83a5p-1,1.617204959903077,0x1.9e0124edb6740p+0,-1.7479911404673418,-0.45526007758981973,-0x1.d22fb2a1b0d7dp-2,-1.6845443528180652,-0x1.af3e4c7803dc0p+0,3.7001802612172074,-0.8118810394615101,-0x1.9faedf2175978p-1,-1.6210099659345978,-0x1.9efa82562dde3p+0,1.996610201674068,-0.9999999992029592,-0x1.fffffff92749fp-1,-0.18211252765861216,-0x1.74f769b3e2947p-3,0.18211252780376327,0.9999999889536628,0x1.ffffffa11cd90p-1,-0.02008258500163896,-0x1.4908777346862p-6,-0.02008258522347797,-1.0981496560848956
H593-b5088f4d9100c24150c49220,DIFFICULT-0102,11,80,/hkfs/work/workspace/scratch/ap7811-benchmark/dailymed/data/box_flat_20000_images/data/raw_images/animal/Box Label.jpg,112,384.00457763671875,0x1.80012c0000000p+8,False,False,False,CHALLENGER,11,-5.119025524872416,-0x1.479e1d3c2dd74p+2,-5.119025524872416,-0x1.479e1d3c2dd74p+2,0.00025702469322547286,0.009170540659356278,0.028027212655476585,0.0002984973119401392,0.0002973548583147395,-4.147261871466633e-05,-4.033016508926663e-05,-1.0981496560848956,8.881784197001252e-16,-1.6553787150545831,-3.463646809817833,False,104,-3.7521604784339204,-0x1.e046cb681bd3dp+1,-1.6553787150545831,-0x1.a7c6e643a7687p+0,0.44118014796251637,-0.9285737296173193,-0x1.db6e04114323ep-1,1.623138652641791,0x1.9f8603c5f851bp+0,-1.7479911404673418,-0.6455231174710355,-0x1.4a82018cb33b9p-1,-2.3885518974257223,-0x1.31bc118e1f013p+1,3.7001802612172074,-0.7065945649055703,-0x1.69c6c34799ff0p-1,-1.410793916737911,-0x1.6929ca45c8fabp+0,1.996610201674068,-0.9999999992136749,-0x1.fffffff93eda5p-1,-0.18211252766056363,-0x1.74f769b3f3becp-3,0.18211252780376327,0.35739744015334785,0x1.6df9983487eeap-2,-0.007177464550532475,-0x1.d661df8342b00p-8,-0.02008258522347797,-1.0981496560848956
H593-b5088f4d9100c24150c49220,DIFFICULT-0102,12,98,/hkfs/work/workspace/scratch/ap7811-benchmark/dailymed/data/box_flat_20000_images/data/raw_images/animal/G002477 CapStar Carton FLEA TABS DOG 2-25LB 6CT.jpg,87,391.02117919921875,0x1.87056c0000000p+8,False,False,False,CHALLENGER,12,-5.427847411595691,-0x1.5b61da1c1ed4ep+2,-5.427847411595691,-0x1.5b61da1c1ed4ep+2,8.68671902904909e-05,0.007485058257895447,0.01160541271657585,8.581848436711696e-05,7.897625621567218e-05,1.0487059233739492e-06,7.89093407481872e-06,-1.0981496560848956,-1.7763568394002505e-15,-1.5077874462679115,-3.9200599653277792,False,121,-3.417623057681227,-0x1.b574ac1f65f03p+1,-1.5077874462679115,-0x1.81fe5bab0a3fep+0,0.44118014796251637,-0.9752753418393597,-0x1.f3574a23972dbp-1,1.704772657051459,0x1.b46bfb1926aa9p+0,-1.7479911404673418,-0.7009313094387732,-0x1.66e077f59060ap-1,-2.5935721956544793,-0x1.4bfa2c781350cp+1,3.7001802612172074,-0.8670825510161582,-0x1.bbf23e7f17e2ap-1,-1.731225867052437,-0x1.bb319e50fabdfp+0,1.996610201674068,-0.9982966068957139,-0x1.ff20bb9ca653fp-1,-0.18180231857969822,-0x1.7454c625181e9p-3,0.18211252780376327,0.9999999892567963,0x1.ffffffa3b7720p-1,-0.020082585007726667,-0x1.49087774f2e88p-6,-0.02008258522347797,-1.0981496560848956
H593-b5088f4d9100c24150c49220,DIFFICULT-0102,13,99,/hkfs/work/workspace/scratch/ap7811-benchmark/dailymed/data/box_flat_20000_images/data/raw_images/animal/G002478 CapStar Carton FLEA TABS DOG Over25lbs 6CT.jpg,69,393.57806396484375,0x1.8993fc0000000p+8,False,False,False,CHALLENGER,13,-5.520486069604194,-0x1.614fa4cdbe4f6p+2,-5.520486069604194,-0x1.614fa4cdbe4f6p+2,5.833693070829931e-05,0.006727974745172235,0.008670801083217487,5.771656176823972e-05,5.4321238504300155e-05,6.20368940059585e-07,4.015692203999152e-06,-1.0981496560848956,0.0,-1.4540044484250856,-4.066481621179109,False,123,-3.295715945379802,-0x1.a5da052527eebp+1,-1.4540044484250856,-0x1.7439a2b239693p+0,0.44118014796251637,-0.9833281028794394,-0x1.f776c7f635b78p-1,1.718848812005819,0x1.b80679ca555cap+0,-1.7479911404673418,-0.7270526300394274,-0x1.74403e08faf21p-1,-2.6902257905379465,-0x1.585951969bad5p+1,3.7001802612172074,-0.8989954286002113,-0x1.cc4920fa2ecd6p-1,-1.7949434440015333,-0x1.cb8169de27fc4p+0,1.996610201674068,-0.99899199553277,-0x1.ff7be0fb8edc6p-1,-0.18192895756219854,-0x1.74972b57666e1p-3,0.18211252780376327,0.9999999887901001,0x1.ffffff9fb52b6p-1,-0.0200825849983542,-0x1.490877725f612p-6,-0.02008258522347797,-1.0981496560848956
H593-b5088f4d9100c24150c49220,DIFFICULT-0102,14,100,/hkfs/work/workspace/scratch/ap7811-benchmark/dailymed/data/box_flat_20000_images/data/raw_images/animal/G002479 CapStar Carton FLEA TABS Cat 2-25lbs 6CT.jpg,124,382.22418212890625,0x1.7e39640000000p+8,False,False,False,CHALLENGER,14,-5.617209589243483,-0x1.67805ca62503cp+2,-5.617209589243483,-0x1.67805ca62503cp+2,9.063291888484821e-05,0.007298931646289396,0.012417285607945628,9.428344920140496e-05,0.00010025775415028238,-3.6505303165567483e-06,-9.624835265434171e-06,-1.0981496560848956,8.881784197001252e-16,-1.6928285872754185,-3.9243810019680647,False,125,-3.8370461479133575,-0x1.eb24540343ec5p+1,-1.6928285872754185,-0x1.b15d36dc14f12p+0,0.44118014796251637,-0.9742173349389672,-0x1.f2cc9d5184ae5p-1,1.7029232703630197,0x1.b3f2c789ce792p+0,-1.7479911404673418,-0.7072796307328579,-0x1.6a208e463fc92p-1,-2.6170621287987164,-0x1.4efbe44f65334p+1,3.7001802612172074,-0.8584422569336533,-0x1.b785be5611a61p-1,-1.7139745677418436,-0x1.b6c7098aa0802p+0,1.996610201674068,-0.9999999991895724,-0x1.fffffff909d9dp-1,-0.18211252765617425,-0x1.74f769b3cd22cp-3,0.18211252780376327,0.7969786693968153,0x1.980d9691567c6p-1,-0.016005392049455617,-0x1.063b7ada5f5c1p-6,-0.02008258522347797,-1.0981496560848956
H593-b5088f4d9100c24150c49220,DIFFICULT-0102,15,101,/hkfs/work/workspace/scratch/ap7811-benchmark/dailymed/data/box_flat_20000_images/data/raw_images/animal/G002486_Capaction_SmDog_6ct.jpg,62,396.166015625,0x1.8c2a800000000p+8,False,False,False,CHALLENGER,15,-4.231866285525339,-0x1.0ed6e5b05815cp+2,-4.231866285525339,-0x1.0ed6e5b05815cp+2,0.0003981552348439314,0.016700817224732954,0.02384046418125493,0.0004385136065906289,0.00043393222073531836,-4.0358371746697494e-05,-3.577698589138698e-05,-1.0981496560848956,0.0,-1.399567971495513,-2.832298314029826,False,50,-3.172327626161509,-0x1.960ed4e747cebp+1,-1.399567971495513,-0x1.664a162a1a2f9p+0,0.44118014796251637,-0.8914820617205866,-0x1.c87056381f037p-1,1.5583027457731455,0x1.8eecedc25cd77p+0,-1.7479911404673418,-0.43646419257740576,-0x1.bef07823fae24p-2,-1.6149961901030228,-0x1.9d7063eba8368p+0,3.7001802612172074,-0.7448319987032285,-0x1.7d5a9ea6e3ad3p-1,-1.4871391671441523,-0x1.7cb527077c1cap+0,1.996610201674068,-0.9999999992129853,-0x1.fffffff93d562p-1,-0.18211252766043803,-0x1.74f769b3f2a3fp-3,0.18211252780376327,0.4084891820039415,0x1.a24afcf5e8297p-2,-0.008203518810462959,-0x1.0cd01a80643ebp-7,-0.02008258522347797,-1.0981496560848956
H593-b5088f4d9100c24150c49220,DIFFICULT-0102,16,102,/hkfs/work/workspace/scratch/ap7811-benchmark/dailymed/data/box_flat_20000_images/data/raw_images/animal/G002487_Capaction_LgDog_6ct .jpg,71,393.1055603027344,0x1.891b060000000p+8,False,False,False,CHALLENGER,16,-4.989788084855148,-0x1.3f58b01f9b17ep+2,-4.989788084855148,-0x1.3f58b01f9b17ep+2,0.00015094573435613651,0.010540793958998929,0.014320148457818068,0.00015646374204267473,0.00016755967170970542,-5.518007686538211e-06,-1.6613937353568908e-05,-1.0981496560848956,-8.881784197001252e-16,-1.4639433646334366,-3.525844720221711,False,101,-3.3182439676723994,-0x1.a8bc37e4a6afbp+1,-1.4639433646334366,-0x1.76c4fe0a4bfbfp+0,0.44118014796251637,-0.9574251730203904,-0x1.ea33a1dcfabc6p-1,1.6735707201000543,0x1.ac6f21765f769p+0,-1.7479911404673418,-0.6030693584225997,-0x1.34c581c74a1f0p-1,-2.2314653361802286,-0x1.1da0a7f8869f0p+1,3.7001802612172074,-0.8385011911270442,-0x1.ad500733186c3p-1,-1.6741600323201142,-0x1.ac95c07b15cf4p+0,1.996610201674068,-0.9999999991907971,-0x1.fffffff90c8b4p-1,-0.1821125276563973,-0x1.74f769b3cf190p-3,0.18211252780376327,0.6736128804927937,0x1.58e3c997c3060p-1,-0.01352788808012901,-0x1.bb482671ad564p-7,-0.02008258522347797,-1.0981496560848956
H593-b5088f4d9100c24150c49220,DIFFICULT-0102,17,103,/hkfs/work/workspace/scratch/ap7811-benchmark/dailymed/data/box_flat_20000_images/data/raw_images/animal/G002488_Capaction_Cat_6ct.jpg,77,392.0556640625,0x1.880e400000000p+8,False,False,False,CHALLENGER,17,-4.363592512438629,-0x1.174519877fa40p+2,-4.363592512438629,-0x1.174519877fa40p+2,0.0003908627336668911,0.016199618118448438,0.024127898004075114,0.00040227521126898544,0.00039849143116978033,-1.1412477602094353e-05,-7.628697502889243e-06,-1.0981496560848956,-8.881784197001252e-16,-1.4860274913734672,-2.8775650210651618,False,60,-3.3683009043727945,-0x1.af247be9af26fp+1,-1.4860274913734672,-0x1.7c6c4c3467ed4p+0,0.44118014796251637,-0.8933636719075981,-0x1.c966f6948e22ap-1,1.5615917837098547,0x1.8fc47aa8bc732p+0,-1.7479911404673418,-0.44871449730273805,-0x1.cb7bd02ca017ap-2,-1.6603245258415933,-0x1.a90b07333c817p+0,3.7001802612172074,-0.7421521796612215,-0x1.7bfb5ed899a1dp-1,-1.4817886131062408,-0x1.7b567fa0e0626p+0,1.996610201674068,-0.9999999991946384,-0x1.fffffff914fdcp-1,-0.18211252765709685,-0x1.74f769b3d5404p-3,0.18211252780376327,0.8356235961877311,0x1.abd6db22c8d07p-1,-0.01678148208518925,-0x1.12f2a32efebbdp-6,-0.02008258522347797,-1.0981496560848956
H593-b5088f4d9100c24150c49220,DIFFICULT-0102,18,104,/hkfs/work/workspace/scratch/ap7811-benchmark/dailymed/data/box_flat_20000_images/data/raw_images/animal/G003117 Capstar 60 ct Vet Pack Dog&Cat 2-25lbs.jpg,78,391.9879455566406,0x1.87fcea0000000p+8,False,False,False,CHALLENGER,18,-4.538456708514699,-0x1.227613205879ep+2,-4.538456708514699,-0x1.227613205879ep+2,0.00029138223927872294,0.01470195954997092,0.019819279075577328,0.00029518910813899473,0.00030775573230283496,-3.806868860271786e-06,-1.6373493024112015e-05,-1.0981496560848956,0.0,-1.487451921720708,-3.0510047867939916,False,73,-3.3715295862475783,-0x1.af8e480f37026p+1,-1.487451921720708,-0x1.7cc9a62e29acdp+0,0.44118014796251637,-0.9194106142008073,-0x1.d6bcfcef2cec5p-1,1.6071216080746484,0x1.9b6c525b6023bp+0,-1.7479911404673418,-0.48659782385867467,-0x1.f246b32f1c716p-2,-1.8004996629931156,-0x1.cced8bc103b33p+0,3.7001802612172074,-0.7832060004803149,-0x1.9100607c30155p-1,-1.5637570905713418,-0x1.9052627ae45bap+0,1.996610201674068,-0.9999999991896751,-0x1.fffffff90a13ap-1,-0.18211252765619296,-0x1.74f769b3cd4cep-3,0.18211252780376327,0.6775749940393819,0x1.5aeb1c0ff91bdp-1,-0.013607457563093464,-0x1.bde3a09b8b7c8p-7,-0.02008258522347797,-1.0981496560848956
H593-b5088f4d9100c24150c49220,DIFFICULT-0102,19,105,/hkfs/work/workspace/scratch/ap7811-benchmark/dailymed/data/box_flat_20000_images/data/raw_images/animal/G003118 Capstar Vet Pack Dog Over 25lbs.jpg,93,389.62274169921875,0x1.859f6c0000000p+8,False,False,False,CHALLENGER,19,-4.377442533700677,-0x1.182804ba97484p+2,-4.377442533700677,-0x1.182804ba97484p+2,0.0004347113569521783,0.01635067679124816,0.026586750047243386,0.00043427263120794884,0.0004376151197723949,4.387257442294815e-07,-2.903762820216562e-06,-1.0981496560848956,0.0,-1.5372029921137729,-2.8402395415869037,False,63,-3.484297739172926,-0x1.bdfd77e3a3216p+1,-1.5372029921137729,-0x1.898622a27126fp+0,0.44118014796251637,-0.882105938802987,-0x1.c3a363bd884c4p-1,1.5419133659812485,0x1.8abad598279d2p+0,-1.7479911404673418,-0.4450003816256522,-0x1.c7ae2e1728a5fp-2,-1.6465816283253627,-0x1.a5865fa3da138p+0,3.7001802612172074,-0.7195597135763854,-0x1.706a217aa8cecp-1,-1.4366802648402814,-0x1.6fca47204c315p+0,1.996610201674068,-0.9992870324411903,-0x1.ffa28cc74db93p-1,-0.18198268747938637,-0x1.74b356d94c16fp-3,0.18211252780376327,0.9340764961025203,0x1.de3f464571f82p-1,-0.018758670838226552,-0x1.33579171102b9p-6,-0.02008258522347797,-1.0981496560848956
H593-b5088f4d9100c24150c49220,DIFFICULT-0102,20,107,/hkfs/work/workspace/scratch/ap7811-benchmark/dailymed/data/box_flat_20000_images/data/raw_images/animal/Horse Health - Single Unit Carton - 6.08g.jpg,118,383.10821533203125,0x1.7f1bb40000000p+8,False,False,False,CHALLENGER,20,-5.219987133516195,-0x1.4e1444e9ff8acp+2,-5.219987133516195,-0x1.4e1444e9ff8acp+2,0.00016039149190540385,0.010208083471622794,0.015712204191048428,0.0001650347892439647,0.00015731363720966198,-4.6432973385608395e-06,3.0778546957418724e-06,-1.0981496560848956,0.0,-1.6742333199032355,-3.5457538136129596,False,113,-3.7948972265304244,-0x1.e5bf313bd08c2p+1,-1.6742333199032355,-0x1.ac9a8e0adb9f8p+0,0.44118014796251637,-0.9548211436885299,-0x1.e8de512357d5cp-1,1.669018899898445,0x1.ab44d297783f8p+0,-1.7479911404673418,-0.6131748920265099,-0x1.39f20f37f6e1cp-1,-2.268857632150484,-0x1.2269ed48aee3dp+1,3.7001802612172074,-0.8241820617985586,-0x1.a5fb30f2bfd37p-1,-1.6455703126237693,-0x1.a5441893fcd26p+0,1.996610201674068,-0.9999999991902239,-0x1.fffffff90b489p-1,-0.1821125276562929,-0x1.74f769b3ce2dfp-3,0.18211252780376327,0.9999999886709976,0x1.ffffff9eaf42ap-1,-0.020082584995962313,-0x1.49087771b710cp-6,-0.02008258522347797,-1.0981496560848956
H593-b5088f4d9100c24150c49220,DIFFICULT-0102,21,114,/hkfs/work/workspace/scratch/ap7811-benchmark/dailymed/data/box_flat_20000_images/data/raw_images/animal/NoviPet Hairball Aid.jpg,126,381.39117431640625,0x1.7d64240000000p+8,False,False,False,CHALLENGER,21,-4.931011646638268,-0x1.3b95b1dfa06a0p+2,-4.931011646638268,-0x1.3b95b1dfa06a0p+2,0.00022585229736763344,0.013182170901929025,0.017133164108393037,0.00023971099941365542,0.00025104684007338655,-1.3858702046021986e-05,-2.5194542705753116e-05,-1.0981496560848956,-8.881784197001252e-16,-1.7103505569727089,-3.220661089665559,False,97,-3.8767622815114158,-0x1.f039bf16ba9bbp+1,-1.7103505569727089,-0x1.b5d988bae4a6cp+0,0.44118014796251637,-0.9369633966307749,-0x1.dfb9aa9428110p-1,1.6378037162527825,0x1.a3471ab692addp+0,-1.7479911404673418,-0.5271215419703559,-0x1.0de2dfef8f3e0p-1,-1.9504447248610886,-0x1.f3505871ef20cp+0,3.7001802612172074,-0.8097938438831579,-0x1.9e9d4c77f5e8fp-1,-1.6168426499499706,-0x1.9de9666050275p+0,1.996610201674068,-0.999999999196222,-0x1.fffffff918793p-1,-0.18211252765738523,-0x1.74f769b3d7c9ap-3,0.18211252780376327,0.5435180403088977,0x1.1647ff1fd350cp-1,-0.010915247365001173,-0x1.65abbb3aef609p-7,-0.02008258522347797,-1.0981496560848956
H593-b5088f4d9100c24150c49220,DIFFICULT-0102,22,115,/hkfs/work/workspace/scratch/ap7811-benchmark/dailymed/data/box_flat_20000_images/data/raw_images/animal/NoviPet Label Joint (2).jpg,99,388.03656005859375,0x1.84095c0000000p+8,False,False,False,CHALLENGER,22,-4.7821226605035765,-0x1.320e4c3414b22p+2,-4.7821226605035765,-0x1.320e4c3414b22p+2,0.0002443376480882169,0.013156524299947443,0.018571595545883876,0.00025277756471707804,0.00024642983320788436,-8.439916628861144e-06,-2.0921851196674585e-06,-1.0981496560848956,0.0,-1.5705676571557703,-3.211555003347806,False,88,-3.5599236828970127,-0x1.c7ab94492636bp+1,-1.5705676571557703,-0x1.9210b8d3a3ae0p+0,0.44118014796251637,-0.9319795059852206,-0x1.dd2c6af57f5d5p-1,1.6290919195592957,0x1.a10c2b04af5eap+0,-1.7479911404673418,-0.527824348609724,-0x1.0e3efe369f5e8p-1,-1.953045236115531,-0x1.f3fac5c8b98ccp+0,3.7001802612172074,-0.7954580605102446,-0x1.9746476676516p-1,-1.5882196786186225,-0x1.9695909a87d65p+0,1.996610201674068,-0.9999999991927059,-0x1.fffffff910bddp-1,-0.1821125276567449,-0x1.74f769b3d227cp-3,0.18211252780376327,0.9520599175127712,0x1.e77465c31980bp-1,-0.019119824431307633,-0x1.39425b28d0897p-6,-0.02008258522347797,-1.0981496560848956
H593-b5088f4d9100c24150c49220,DIFFICULT-0102,23,117,/hkfs/work/workspace/scratch/ap7811-benchmark/dailymed/data/box_flat_20000_images/data/raw_images/animal/Novipet cat carton.jpg,105,386.09564208984375,0x1.82187c0000000p+8,False,False,False,CHALLENGER,23,-4.9832137721126255,-0x1.3eecf9750cd56p+2,-4.9832137721126255,-0x1.3eecf9750cd56p+2,0.00019918443099642267,0.011678030300432074,0.017056337915911476,0.00020427138066125697,0.0002075108164219628,-5.086949664834305e-06,-8.326385425540131e-06,-1.0981496560848956,-8.881784197001252e-16,-1.6113940519662797,-3.3718197201463456,False,100,-3.652462739785806,-0x1.d383e6289e8a4p+1,-1.6113940519662797,-0x1.9c8452122a023p+0,0.44118014796251637,-0.9441988750481767,-0x1.e36e08f280fa4p-1,1.6504512684234436,0x1.a683f96d85397p+0,-1.7479911404673418,-0.5694636316426234,-0x1.2390bcb4553a0p-1,-2.107118089285102,-0x1.0db60ba9250f0p+1,3.7001802612172074,-0.810565956517083,-0x1.9f028044fbd11p-1,-1.618384257911707,-0x1.9e4e6e44178e0p+0,1.996610201674068,-0.9999999991905147,-0x1.fffffff90bec5p-1,-0.18211252765634586,-0x1.74f769b3cea53p-3,0.18211252780376327,0.8219289223999593,0x1.a4d3de22b04e4p-1,-0.016506457631738594,-0x1.0e7119ecdf434p-6,-0.02008258522347797,-1.0981496560848956
H593-b5088f4d9100c24150c49220,DIFFICULT-0102,24,118,/hkfs/work/workspace/scratch/ap7811-benchmark/dailymed/data/box_flat_20000_images/data/raw_images/animal/Novipet label.jpg,107,385.38873291015625,0x1.8163840000000p+8,False,False,False,CHALLENGER,24,-4.4587696990556935,-0x1.1d5c7b9575c20p+2,-4.4587696990556935,-0x1.1d5c7b9575c20p+2,0.0003999438371343589,0.016819813863866367,0.023778136926565482,0.00042661278852488215,0.00040679503541304635,-2.6668951390523257e-05,-6.851198278687461e-06,-1.0981496560848956,-8.881784197001252e-16,-1.6262635898497804,-2.832506109205913,False,69,-3.686166744719328,-0x1.d7d44fd8160dcp+1,-1.6262635898497804,-0x1.a052cf851492cp+0,0.44118014796251637,-0.8910211377719747,-0x1.c833ec2d8cf99p-1,1.5574970547945426,0x1.8eb82081f5793p+0,-1.7479911404673418,-0.43358605029408087,-0x1.bbfdfb480f3efp-2,-1.6043465448372893,-0x1.9ab6748586d97p+0,3.7001802612172074,-0.7454141796755385,-0x1.7da6ed675cb9ep-1,-1.4883015556126868,-0x1.7d0154abf1422p+0,1.996610201674068,-0.9999999992044138,-0x1.fffffff92a7cdp-1,-0.18211252765887706,-0x1.74f769b3e4e8fp-3,0.18211252780376327,0.8511294545247785,0x1.b3c73d67b146cp-1,-0.01709287980670618,-0x1.180cbbf0e9aa8p-6,-0.02008258522347797,-1.0981496560848956
H593-b5088f4d9100c24150c49220,DIFFICULT-0102,25,122,/hkfs/work/workspace/scratch/ap7811-benchmark/dailymed/data/box_flat_20000_images/data/raw_images/animal/P00989 PetArmor Sure Shot 2X.jpg,57,397.83966064453125,0x1.8dd6f40000000p+8,False,False,False,CHALLENGER,25,-3.921026699700683,-0x1.f5e433f0fa871p+1,-3.921026699700683,-0x1.f5e433f0fa871p+1,0.0007637290789248285,0.018300974293627495,0.041731607654941265,0.0008206149430368947,0.0007643339015350312,-5.68858641120662e-05,-6.048226102026892e-07,-1.0981496560848956,4.440892098500626e-16,-1.3643635509892555,-2.5566631487114275,False,31,-3.0925316048109557,-0x1.8bd8135c4135bp+1,-1.3643635509892555,-0x1.5d46edff5a70ap+0,0.44118014796251637,-0.8017222239971555,-0x1.9a7b55d9169d6p-1,1.4014033446628016,0x1.66c25e9dd4ed8p+0,-1.7479911404673418,-0.3987033202903849,-0x1.9845aee5d0b54p-2,-1.4752741558202445,-0x1.79ab912be1c80p+0,3.7001802612172074,-0.5923693638124827,-0x1.2f4b098974316p-1,-1.1827307149471806,-0x1.2ec770acac3f3p+0,1.996610201674068,-0.9999999992230909,-0x1.fffffff9538f1p-1,-0.1821125276622784,-0x1.74f769b402d41p-3,0.18211252780376327,0.9859009006710643,0x1.f8c800baf5553p-1,-0.019799438859630335,-0x1.4464dd9866a06p-6,-0.02008258522347797,-1.0981496560848956
H593-b5088f4d9100c24150c49220,DIFFICULT-0102,26,142,/hkfs/work/workspace/scratch/ap7811-benchmark/dailymed/data/box_flat_20000_images/data/raw_images/animal/SH104223A (Carton-1-Tablet-2.0-4.0lb).jpg.jpg,54,400.79217529296875,0x1.90cacc0000000p+8,False,False,False,CHALLENGER,26,-3.705996691050939,-0x1.da5e197d92f1ap+1,-3.705996691050939,-0x1.da5e197d92f1ap+1,0.0010263949501452792,0.019358914768207502,0.05301924009866985,0.0010178082081106256,0.0008700598136308247,8.586742034653655e-06,0.00015633513651445454,-1.0981496560848956,0.0,-1.3022586446193316,-2.4037380464316076,False,26,-2.9517616570770415,-0x1.79d353735dc7dp+1,-1.3022586446193316,-0x1.4d60d29192c4dp+0,0.44118014796251637,-0.7423155581459392,-0x1.7c10c8eb18fbbp-1,1.2975610190701716,0x1.4c2cf57d7887ap+0,-1.7479911404673418,-0.3748093505714117,-0x1.7fce05bbc1c0dp-2,-1.386862160703978,-0x1.6309660848924p+0,3.7001802612172074,-0.5091713213048163,-0x1.04b21a7a216e4p-1,-1.0166166545170612,-0x1.0440fd33b83edp+0,1.996610201674068,-0.9861375887826426,-0x1.f8e706aa5b019p-1,-0.17958800905551506,-0x1.6fcbd68d2d717p-3,0.18211252780376327,0.9999999958596643,0x1.ffffffdc6f4e3p-1,-0.020082585140329325,-0x1.4908779965fdap-6,-0.02008258522347797,-1.0981496560848956
H593-b5088f4d9100c24150c49220,DIFFICULT-0102,27,143,/hkfs/work/workspace/scratch/ap7811-benchmark/dailymed/data/box_flat_20000_images/data/raw_images/animal/SH104223C (Carton - 1 Tablet - 4.1-17.0 lb).jpg.jpg,53,400.9742126464844,0x1.90f9660000000p+8,False,False,False,CHALLENGER,27,-4.4212431982831175,-0x1.1af5a6081275bp+2,-4.4212431982831175,-0x1.1af5a6081275bp+2,0.00035142290103440475,0.012793945338714885,0.027467907024034868,0.00032059458938650174,0.00034336122582916595,3.082831164790301e-05,8.061675205238796e-06,-1.0981496560848956,0.0,-1.2984295652947297,-3.1228136329883878,False,67,-2.943082482952173,-0x1.78b6ed42dae34p+1,-1.2984295652947297,-0x1.4c65e14719b14p+0,0.44118014796251637,-0.9036051550946104,-0x1.cea555bb41b85p-1,1.5794938055859973,0x1.9459b4bf39f80p+0,-1.7479911404673418,-0.5378299532051262,-0x1.135e7297a6843p-1,-1.9900677767409822,-0x1.fd7514f1ed0afp+0,3.7001802612172074,-0.7116054113377804,-0x1.6c578b62b46d1p-1,-1.420798623843484,-0x1.6bb975679c0ccp+0,1.996610201674068,-0.9511086303933131,-0x1.e6f7b5dcf71b7p-1,-0.17320879689690144,-0x1.62bb4b3069e0ap-3,0.18211252780376327,0.9999999892764666,0x1.ffffffa3e2b36p-1,-0.020082585008121694,-0x1.490877750eb4bp-6,-0.02008258522347797,-1.0981496560848956
H593-b5088f4d9100c24150c49220,DIFFICULT-0102,28,144,/hkfs/work/workspace/scratch/ap7811-benchmark/dailymed/data/box_flat_20000_images/data/raw_images/animal/SH104223E (Carton - 3 Tablet - 4.1-17.0 lb).jpg.jpg,51,401.88494873046875,0x1.91e28c0000000p+8,False,False,False,CHALLENGER,28,-4.215282835869311,-0x1.0dc731a8dcb99p+2,-4.215282835869311,-0x1.0dc731a8dcb99p+2,0.0004750880471406821,0.014120094254627725,0.03364623766480713,0.00043773267289732047,0.0004744092062303872,3.735537424336165e-05,6.788409102948976e-07,-1.0981496560848956,0.0,-1.2792726140316788,-2.9360102218376323,False,49,-2.8996604220287097,-0x1.7328129d0f370p+1,-1.2792726140316788,-0x1.477e68f7ef3adp+0,0.44118014796251637,-0.8718573419759198,-0x1.be6415e520ccfp-1,1.5239989095253133,0x1.8624cae38d06bp+0,-1.7479911404673418,-0.501856021678432,-0x1.00f345c0d1ae4p-1,-1.856957745387529,-0x1.db6195327e4b0p+0,3.7001802612172074,-0.6578349239022577,-0x1.50cfbd38a7585p-1,-1.313439920080732,-0x1.503d993e01f1fp+0,1.996610201674068,-0.9410622480890145,-0x1.e1d2e93615c9ep-1,-0.17137922482018264,-0x1.5efc122e88398p-3,0.18211252780376327,0.9999999883544909,0x1.ffffff9bf7413p-1,-0.02008258498960604,-0x1.4908776ff7c85p-6,-0.02008258522347797,-1.0981496560848956
H593-b5088f4d9100c24150c49220,DIFFICULT-0102,29,145,/hkfs/work/workspace/scratch/ap7811-benchmark/dailymed/data/box_flat_20000_images/data/raw_images/animal/SH104223G (Carton - 6 Tablet - 4.1-17.0 lb).jpg.jpg,43,405.5522766113281,0x1.958d620000000p+8,False,False,False,CHALLENGER,29,-4.294661053590639,-0x1.12dbba0924e8ap+2,-4.294661053590639,-0x1.12dbba0924e8ap+2,0.0004134028369205717,0.012346263251634503,0.033484045212290606,0.00038224954319752855,0.0004113382895362684,3.115329372304314e-05,2.0645473843032753e-06,-1.0981496560848956,8.881784197001252e-16,-1.2021319113465572,-3.092529142244082,False,55,-2.7248096200572762,-0x1.5cc68fc6fc70ap+1,-1.2021319113465572,-0x1.33beeabcb6209p+0,0.44118014796251637,-0.8875599369242252,-0x1.c66e418ca8a33p-1,1.5514469063772984,0x1.8d2b9fdc5ef16p+0,-1.7479911404673418,-0.5503663101398303,-0x1.19c99cedbdd4dp-1,-2.036454557218348,-0x1.04aa8afd857fep+1,3.7001802612172074,-0.6592032808915875,-0x1.518317a9b0c74p-1,-1.3161719956051599,-0x1.50f0a5dd09040p+0,1.996610201674068,-0.9506059621894943,-0x1.e6b5d31df9155p-1,-0.17311725471965742,-0x1.628b4c9b27623p-3,0.18211252780376327,0.999999988539433,0x1.ffffff9d8df25p-1,-0.020082584993320156,-0x1.49087770fd23ep-6,-0.02008258522347797,-1.0981496560848956
H593-b5088f4d9100c24150c49220,DIFFICULT-0102,30,154,/hkfs/work/workspace/scratch/ap7811-benchmark/dailymed/data/box_flat_20000_images/data/raw_images/animal/VetriShield Plus medium.jpg,94,389.61767578125,0x1.859e200000000p+8,False,False,False,CHALLENGER,30,-5.225446326994055,-0x1.4e6db66e5c56ap+2,-5.225446326994055,-0x1.4e6db66e5c56ap+2,0.00016963865454794685,0.008098359857729182,0.020947285318031583,0.0001456985409146384,0.0001554920351930835,2.3940113633308456e-05,1.4146619354863359e-05,-1.0981496560848956,0.0,-1.537309551571926,-3.688136775422129,False,114,-3.4845392719314723,-0x1.be0562034962bp+1,-1.537309551571926,-0x1.898d1e67d470ep+0,0.44118014796251637,-0.9522785662375609,-0x1.e7910e65581cbp-1,1.6645744970401992,0x1.aa218de28b160p+0,-1.7479911404673418,-0.6803431348622129,-0x1.5c55ef7495282p-1,-2.5173922384717966,-0x1.4239e8abb8659p+1,3.7001802612172074,-0.7722721951854157,-0x1.8b6742dbdcec2p-1,-1.541926543376428,-0x1.8abbb2aca2d66p+0,1.996610201674068,-0.9618242721700078,-0x1.ec743b22f0393p-1,-0.1751602495078949,-0x1.66ba6ab9909b5p-3,0.18211252780376327,0.9999999899333375,0x1.ffffffa9872cdp-1,-0.02008258502131336,-0x1.49087778aefcap-6,-0.02008258522347797,-1.0981496560848956
H593-b5088f4d9100c24150c49220,DIFFICULT-0102,31,155,/hkfs/work/workspace/scratch/ap7811-benchmark/dailymed/data/box_flat_20000_images/data/raw_images/animal/VetriShield Plus small.jpg,101,387.00091552734375,0x1.83003c0000000p+8,False,False,False,CHALLENGER,31,-3.4759134987348004,-0x1.bceabbc8653c6p+1,-3.4759134987348004,-0x1.bceabbc8653c6p+1,0.002193165467748634,0.026742547408276012,0.08201034233073531,0.0021463047426922783,0.001773363890395261,4.68607250563558e-05,0.00041980157735337304,-1.0981496560848956,0.0,-1.5923520051791893,-1.883561493555611,False,19,-3.6093011268369195,-0x1.cdfd944e971b3p+1,-1.5923520051791893,-0x1.97a46189f6f2bp+0,0.44118014796251637,-0.5197306276606829,-0x1.0a1a2201107abp-1,0.9084845325804045,0x1.d124e278b5992p-1,-1.7479911404673418,-0.22835705723787447,-0x1.d3acdd652e054p-3,-0.8449622757012312,-0x1.b09ee538fb25ep-1,3.7001802612172074,-0.33061197377938084,-0x1.528bf1fc319cfp-2,-0.6601032396435113,-0x1.51f90d44814bdp-1,1.996610201674068,-0.9266153820263452,-0x1.da6d54d38c224p-1,-0.16874826952266753,-0x1.5998b156da02cp-3,0.18211252780376327,0.9999999980197736,0x1.ffffffeefd6fap-1,-0.0200825851837099,-0x1.490877a552a0ap-6,-0.02008258522347797,-1.0981496560848956
H593-b5088f4d9100c24150c49220,DIFFICULT-0102,32,160,/hkfs/work/workspace/scratch/ap7811-benchmark/dailymed/data/box_flat_20000_images/data/raw_images/animal/WormXDS Carton.jpg,67,394.23553466796875,0x1.8a3c4c0000000p+8,False,False,False,CHALLENGER,32,-3.7110630679682632,-0x1.db041d5728974p+1,-3.7110630679682632,-0x1.db041d5728974p+1,0.0015345867988561476,0.0168530978672107,0.09105665978726865,0.0013315507076796954,0.001780203917202991,0.0002030360911764522,-0.00024561711834684345,-1.0981496560848956,0.0,-1.4401748281452489,-2.270888239823014,False,27,-3.2643690673670323,-0x1.a1d6d879352cap+1,-1.4401748281452489,-0x1.70af4c2b6800fp+0,0.44118014796251637,-0.6378336308996045,-0x1.469221320166bp-1,1.1149275359046253,0x1.1d6be4181ec78p+0,-1.7479911404673418,-0.4327830813268422,-0x1.bb2b7cf23e5b6p-2,-1.6013754149143429,-0x1.99f3bd3bacefcp+0,3.7001802612172074,-0.2832360496118509,-0x1.2208a1888647cp-2,-0.565511986136884,-0x1.218ac97be8688p-1,1.996610201674068,-0.7166876348711931,-0x1.6ef1ae8270507p-1,-0.1305177968320935,-0x1.0b4cea2784bd3p-3,0.18211252780376327,-0.48495142095504384,-0x1.f0971af49a420p-2,0.009739078240576408,0x1.3f214f44aac02p-7,-0.02008258522347797,-1.0981496560848956
H593-b5088f4d9100c24150c49220,DIFFICULT-0102,33,165,/hkfs/work/workspace/scratch/ap7811-benchmark/dailymed/data/box_flat_20000_images/data/raw_images/animal/adv04-0002-02.jpg,40,407.51544189453125,0x1.9783f40000000p+8,False,False,False,CHALLENGER,33,-5.270640939316106,-0x1.51522e5fd491cp+2,-5.270640939316106,-0x1.51522e5fd491cp+2,5.823410285843249e-05,0.006301685592741559,0.009241035910377376,5.8887631203289466e-05,5.6377505387937546e-05,-6.535283448569755e-07,1.8565974704949439e-06,-1.0981496560848956,-8.881784197001252e-16,-1.160837553614399,-4.1098033857017064,False,117,-2.631209856054145,-0x1.50cb7c0c552c8p+1,-1.160837553614399,-0x1.292ca660be13ep+0,0.44118014796251637,-0.9833572451340546,-0x1.f77a99d04555cp-1,1.7188997524086995,0x1.b809d06db2a71p+0,-1.7479911404673418,-0.7421168318083982,-0x1.7bf6bcc4db3d6p-1,-2.745966052574485,-0x1.5f7bd0cbdde79p+1,3.7001802612172074,-0.8927092104948599,-0x1.c9112e7fd3a99p-1,-1.7823923168024403,-0x1.c84adce54ee31p+0,1.996610201674068,-0.9999999991875992,-0x1.fffffff905830p-1,-0.1821125276558149,-0x1.74f769b3c9f99p-3,0.18211252780376327,0.9999999885120546,0x1.ffffff9d51bdbp-1,-0.02008258499277033,-0x1.49087770d6731p-6,-0.02008258522347797,-1.0981496560848956
H593-b5088f4d9100c24150c49220,DIFFICULT-0102,34,166,/hkfs/work/workspace/scratch/ap7811-benchmark/dailymed/data/box_flat_20000_images/data/raw_images/animal/adv04-0002-05.jpg,34,410.9453125,0x1.9af2000000000p+8,False,False,False,CHALLENGER,34,-4.835821991765467,-0x1.357e1b85fa41cp+2,-4.835821991765467,-0x1.357e1b85fa41cp+2,9.670854496607985e-05,0.009076700201688584,0.01065459283849528,0.00010602935442721136,0.00010751192900958365,-9.320809461131505e-06,-1.0803384043503797e-05,-1.0981496560848956,0.0,-1.0886916650490979,-3.7471303267163694,False,91,-2.4676805383854115,-0x1.3bdcf4b4aba66p+1,-1.0886916650490979,-0x1.16b47f38d04c2p+0,0.44118014796251637,-0.9725127341105292,-0x1.f1ed3067e5833p-1,1.6999436432168766,0x1.b32f81b0a8da1p+0,-1.7479911404673418,-0.6485129403365877,-0x1.4c09e35b8e902p-1,-2.3996147809773745,-0x1.332693bfa5e43p+1,3.7001802612172074,-0.8773042793630415,-0x1.c12e06c9029dep-1,-1.751634674148565,-0x1.c06b214801f8ep+0,1.996610201674068,-0.9999999991932795,-0x1.fffffff91200cp-1,-0.18211252765684938,-0x1.74f769b3d3130p-3,0.18211252780376327,0.7749167197541986,0x1.8cc1e260ef8e0p-1,-0.015562331065561687,-0x1.fdf24b7cf13f4p-7,-0.02008258522347797,-1.0981496560848956
H593-b5088f4d9100c24150c49220,DIFFICULT-0102,35,167,/hkfs/work/workspace/scratch/ap7811-benchmark/dailymed/data/box_flat_20000_images/data/raw_images/animal/adv06-0001-05.jpg,96,389.3092041015625,0x1.854f280000000p+8,False,False,False,CHALLENGER,35,-5.178617798924893,-0x1.4b6e7959376b4p+2,-5.178617798924893,-0x1.4b6e7959376b4p+2,0.00018710316620220886,0.00845165013999551,0.022138063348929427,0.00017749280202982728,0.00016270080093004792,9.61036417238158e-06,2.4402365272160935e-05,-1.0981496560848956,8.881784197001252e-16,-1.5437981238792315,-3.634819675045662,False,110,-3.4992465799036725,-0x1.bfe74fdaa9be7p+1,-1.5437981238792315,-0x1.8b365a95affd2p+0,0.44118014796251637,-0.9474945640724092,-0x1.e51e01eba8551p-1,1.6562121036395374,0x1.a7fd84345f056p+0,-1.7479911404673418,-0.6687080641870218,-0x1.5660e744826bap-1,-2.4743403796215873,-0x1.3cb72f80d2cf0p+1,3.7001802612172074,-0.7608744870773534,-0x1.8591573cb74ccp-1,-1.5191697630921677,-0x1.84e84f418d8cbp+0,1.996610201674068,-0.9844978651853765,-0x1.f8101aabe7f0dp-1,-0.17928939484631748,-0x1.6f2f473b13969p-3,0.18211252780376327,0.9999999908753743,0x1.ffffffb19ebc6p-1,-0.020082585040231894,-0x1.4908777de242ap-6,-0.02008258522347797,-1.0981496560848956
H593-b5088f4d9100c24150c49220,DIFFICULT-0102,36,168,/hkfs/work/workspace/scratch/ap7811-benchmark/dailymed/data/box_flat_20000_images/data/raw_images/animal/adv06-0001-06.jpg,86,391.0528259277344,0x1.870d860000000p+8,False,False,False,CHALLENGER,36,-5.12407057156458,-0x1.47f0c5b1d1048p+2,-5.12407057156458,-0x1.47f0c5b1d1048p+2,0.00014466277550206826,0.009606672498049836,0.01505857262558237,0.00013311142123118353,0.00012842254935318092,1.1551354270884735e-05,1.6240226148887344e-05,-1.0981496560848956,8.881784197001252e-16,-1.507121770616677,-3.6169488009479034,False,105,-3.416114205448622,-0x1.b5433af3e6c40p+1,-1.507121770616677,-0x1.81d2bb7be363dp+0,0.44118014796251637,-0.9591611198503195,-0x1.eb172a92b426dp-1,1.6766051397790926,0x1.ad35fe93a81e4p+0,-1.7479911404673418,-0.6317687888738308,-0x1.437732ddb179cp-1,-2.33765840224405,-0x1.2b3863f96dccap+1,3.7001802612172074,-0.8308776450118063,-0x1.a968cb709b3dcp-1,-1.6589387823734973,-0x1.a8b036485c383p+0,1.996610201674068,-0.981396047567104,-0x1.f6798af172e0ep-1,-0.1787245149990676,-0x1.6e071e5750cecp-3,0.18211252780376327,0.9999999901411196,0x1.ffffffab5017cp-1,-0.020082585025486162,-0x1.49087779d49f2p-6,-0.02008258522347797,-1.0981496560848956
H593-b5088f4d9100c24150c49220,DIFFICULT-0102,37,169,/hkfs/work/workspace/scratch/ap7811-benchmark/dailymed/data/box_flat_20000_images/data/raw_images/animal/adv06-0001-07.jpg,79,391.95556640625,0x1.87f4a00000000p+8,False,False,False,CHALLENGER,37,-4.552092287411338,-0x1.23557ae3b38ddp+2,-4.552092287411338,-0x1.23557ae3b38ddp+2,0.00021771053753784838,0.015376698444418167,0.014158470904843595,0.00020291827780563883,0.00022809130933060793,1.4792259732209552e-05,-1.038077179275955e-05,-1.0981496560848956,0.0,-1.4881330035586633,-3.0639592838526752,False,76,-3.373073358879009,-0x1.afc0de29b275ap+1,-1.4881330035586633,-0x1.7cf648d661f95p+0,0.44118014796251637,-0.9391666869364084,-0x1.e0da74bbc4e30p-1,1.6416550481869074,0x1.a443815746acap+0,-1.7479911404673418,-0.46928790095674133,-0x1.e08d01ec121dap-2,-1.7364498279481901,-0x1.bc87f9d62eab7p+0,3.7001802612172074,-0.8401788419255303,-0x1.ae2bebd1b8fd2p-1,-1.677509647019218,-0x1.ad7145b0ac0b2p+0,1.996610201674068,-0.9762384433966275,-0x1.f3d58676f9119p-1,-0.1777852506661709,-0x1.6c1aac6a9434cp-3,0.18211252780376327,0.7827652738020151,0x1.90c69c26d928fp-1,-0.015719950321108036,-0x1.018e402187a37p-6,-0.02008258522347797,-1.0981496560848956
H593-b5088f4d9100c24150c49220,DIFFICULT-0102,38,170,/hkfs/work/workspace/scratch/ap7811-benchmark/dailymed/data/box_flat_20000_images/data/raw_images/animal/adv07-0002-03.jpg,48,403.72637939453125,0x1.93b9f40000000p+8,False,False,False,CHALLENGER,38,-3.976309941524712,-0x1.fcf7b962cddd2p+1,-3.976309941524712,-0x1.fcf7b962cddd2p+1,0.0008596418087595683,0.01329284229953888,0.06466952585372872,0.0008578881856929728,0.000866689634284923,1.7536230665954507e-06,-7.047825525354715e-06,-1.0981496560848956,0.0,-1.2405388929174312,-2.7357710486072806,False,36,-2.811864719313776,-0x1.67eb2ee11d4c3p+1,-1.2405388929174312,-0x1.3d93f4f67f14fp+0,0.44118014796251637,-0.7795660342280526,-0x1.8f23477c29ef2p-1,1.3626745212398965,0x1.5cd83cc7d15c3p+0,-1.7479911404673418,-0.5240961589876378,-0x1.0c5654ed9f4b4p-1,-1.9392502624658128,-0x1.f072b4880cd23p+0,3.7001802612172074,-0.43195107318904796,-0x1.ba5161d346b89p-2,-0.8624379193533152,-0x1.b9917684e7d20p-1,1.996610201674068,-0.9971532536584568,-0x1.fe8adf0b2049fp-1,-0.18159409963148873,-0x1.73e79b7882aebp-3,0.18211252780376327,0.8471833741691205,0x1.b1c204eb8ae85p-1,-0.017013632311664986,-0x1.16c0589758644p-6,-0.02008258522347797,-1.0981496560848956
H593-b5088f4d9100c24150c49220,DIFFICULT-0102,39,171,/hkfs/work/workspace/scratch/ap7811-benchmark/dailymed/data/box_flat_20000_images/data/raw_images/animal/adv07-0002-04.jpg,52,401.550048828125,0x1.918cd00000000p+8,False,False,False,CHALLENGER,39,-3.5136261247096705,-0x1.c1be8037ffe78p+1,-3.5136261247096705,-0x1.c1be8037ffe78p+1,0.0022768572104797068,0.016092070908117515,0.14148938464664387,0.0022990680845557158,0.0016514687961796542,-2.2210874076008993e-05,0.0006253884143000525,-1.0981496560848956,0.0,-1.2863170929098318,-2.2273090317998387,False,21,-2.9156277743918797,-0x1.75334a7929441p+1,-1.2863170929098318,-0x1.494c13b65561ap+0,0.44118014796251637,-0.5059308799362181,-0x1.03095f4eb9a16p-1,0.8843626958173557,0x1.c4cb2ff0ad065p-1,-1.7479911404673418,-0.4513704431974015,-0x1.ce340dafa7cc4p-2,-1.6701520044158877,-0x1.ab8f14ee50a97p+0,3.7001802612172074,-0.07070731890704826,-0x1.219dff64b2a56p-4,-0.14117495426283427,-0x1.2120559c95d9ap-3,1.996610201674068,-0.999999999201582,-0x1.fffffff92442ap-1,-0.18211252765836136,-0x1.74f769b3e05fbp-3,0.18211252780376327,0.9999999985926981,0x1.fffffff3e94f7p-1,-0.020082585195215708,-0x1.490877a87c46dp-6,-0.02008258522347797,-1.0981496560848956
H593-b5088f4d9100c24150c49220,DIFFICULT-0102,40,172,/hkfs/work/workspace/scratch/ap7811-benchmark/dailymed/data/box_flat_20000_images/data/raw_images/animal/adv07-0002-05.jpg,50,403.405029296875,0x1.9367b00000000p+8,False,False,False,CHALLENGER,40,-3.786226528988981,-0x1.e4a31226a0acbp+1,-3.786226528988981,-0x1.e4a31226a0acbp+1,0.0012779001664531614,0.012915841518023354,0.09894052700088657,0.0011948401731045246,0.0007438898587355666,8.305999334863676e-05,0.0005340103077175948,-1.0981496560848956,0.0,-1.2472983573412468,-2.5389281716477345,False,28,-2.827186044298666,-0x1.69e13b77fc355p+1,-1.2472983573412468,-0x1.3f4ef1f5229afp+0,0.44118014796251637,-0.6889920995182901,-0x1.60c3928d44516p-1,1.2043520858099641,0x1.34506b156c55ap+0,-1.7479911404673418,-0.5344515569697572,-0x1.11a3a26cf6788p-1,-1.9775671016762995,-0x1.fa41d66b585fep+0,3.7001802612172074,-0.24461631939179368,-0x1.f4f9669ed85c2p-3,-0.4884034387936174,-0x1.f42007f37d771p-2,1.996610201674068,-0.8735119853108421,-0x1.bf3cf68325f05p-1,-0.1590774757118412,-0x1.45ca695db3639p-3,0.18211252780376327,0.9999999983850167,0x1.fffffff2209d4p-1,-0.02008258519104493,-0x1.490877a756c8cp-6,-0.02008258522347797,-1.0981496560848956
H593-b5088f4d9100c24150c49220,DIFFICULT-0102,41,173,/hkfs/work/workspace/scratch/ap7811-benchmark/dailymed/data/box_flat_20000_images/data/raw_images/animal/adv07-0002-06.jpg,45,404.947998046875,0x1.94f2b00000000p+8,False,False,False,CHALLENGER,41,-3.6225373664001888,-0x1.cfaf4dee9d072p+1,-3.6225373664001888,-0x1.cfaf4dee9d072p+1,0.0015243275005316827,0.015094864269489876,0.10098318695138533,0.0015021499470626578,0.0013564957427677068,2.2177553469024912e-05,0.00016783175776397593,-1.0981496560848956,4.440892098500626e-16,-1.2148426573157851,-2.407694709084404,False,24,-2.7536204041053107,-0x1.6076a2269d84cp+1,-1.2148426573157851,-0x1.36ffedaaf5001p+0,0.44118014796251637,-0.6398188122582469,-0x1.479654d4078b4p-1,1.118397615331753,0x1.1e4f4e5dc6366p+0,-1.7479911404673418,-0.47646888312388036,-0x1.e7e7757a509a0p-2,-1.7630207564191906,-0x1.c355540afd56dp+0,3.7001802612172074,-0.23498642243574544,-0x1.e1408fbaecae9p-3,-0.46917628829010144,-0x1.e06fbfb90f015p-2,1.996610201674068,-0.9645851419247173,-0x1.edde1a8d8c614p-1,-0.17566303847786202,-0x1.67c205eb06fa4p-3,0.18211252780376327,0.999999996047789,0x1.ffffffde0cff0p-1,-0.020082585144107355,-0x1.4908779a6fd89p-6,-0.02008258522347797,-1.0981496560848956
H593-b5088f4d9100c24150c49220,DIFFICULT-0102,42,174,/hkfs/work/workspace/scratch/ap7811-benchmark/dailymed/data/box_flat_20000_images/data/raw_images/animal/adv07-0002-07.jpg,55,398.91680908203125,0x1.8eeab40000000p+8,False,False,False,CHALLENGER,42,-3.997868274865949,-0x1.ffba25cb21f1cp+1,-3.997868274865949,-0x1.ffba25cb21f1cp+1,0.0009472454394172185,0.01371625610650756,0.06906005779287003,0.0012364946009529368,0.001042827660043645,-0.0002892491615357183,-9.55822206264265e-05,-1.0981496560848956,0.0,-1.3417061857183163,-2.6561620891476325,False,38,-3.0411753382709112,-0x1.85453bc5a33d1p+1,-1.3417061857183163,-0x1.577a0e7c80463p+0,0.44118014796251637,-0.7598001411162938,-0x1.8504862b2e6bep-1,1.3281239151971176,0x1.53ffedccce9dfp+0,-1.7479911404673418,-0.512631280539064,-0x1.06779b71a4cdap-1,-1.8968281455331455,-0x1.e5968783327afp+0,3.7001802612172074,-0.4048612209211571,-0x1.9e93f09d1999dp-2,-0.8083500439534009,-0x1.9de00e9500029p-1,1.996610201674068,-0.9999999993418953,-0x1.fffffffa58d00p-1,-0.18211252768391417,-0x1.74f769b4c1238p-3,0.18211252780376327,-0.0574810910926191,-0x1.d6e295cc32c1dp-5,0.0011543689106060233,0x1.2e9c62dfd157dp-10,-0.02008258522347797,-1.0981496560848956
H593-b5088f4d9100c24150c49220,DIFFICULT-0102,43,185,/hkfs/work/workspace/scratch/ap7811-benchmark/dailymed/data/box_flat_20000_images/data/raw_images/animal/asp0d-0001-02.jpg,120,383.0635986328125,0x1.7f10480000000p+8,False,False,False,CHALLENGER,43,-3.9397560922577943,-0x1.f849ed793b63ep+1,-3.9397560922577943,-0x1.f849ed793b63ep+1,0.0017270738598587874,0.01726201242895032,0.10005055128811587,0.0019489028790338199,0.001911565669696459,-0.00022182901917503243,-0.00018449180983767148,-1.0981496560848956,4.440892098500626e-16,-1.6751718134443199,-2.2645842788134747,False,32,-3.7970244608255723,-0x1.e604e5c4adce9p+1,-1.6751718134443199,-0x1.acd80f59eca35p+0,0.44118014796251637,-0.6014585547925275,-0x1.33f2602d77770p-1,1.0513442251356293,0x1.0d24e527cbc5fp+0,-1.7479911404673418,-0.42299101890577856,-0x1.b1248ec2cee2bp-2,-1.5651430188273165,-0x1.90ad367f6d10cp+0,3.7001802612172074,-0.23936467900864147,-0x1.ea38076146f81p-3,-0.4779179600290922,-0x1.e9635361fbe3dp-2,1.996610201674068,-0.9999999993113398,-0x1.fffffffa159ecp-1,-0.18211252767834962,-0x1.74f769b490314p-3,0.18211252780376327,-0.36821248799706463,-0x1.790cb1c7b469ep-2,0.007394658670549909,0x1.e49dc927b4494p-8,-0.02008258522347797,-1.0981496560848956
H593-b5088f4d9100c24150c49220,DIFFICULT-0102,44,191,/hkfs/work/workspace/scratch/ap7811-benchmark/dailymed/data/box_flat_20000_images/data/raw_images/animal/ato02-0002-05.jpg,74,392.64215087890625,0x1.88a4640000000p+8,False,False,False,CHALLENGER,44,-5.732315813869297,-0x1.6ede4325ba626p+2,-5.732315813869297,-0x1.6ede4325ba626p+2,4.5626169372916727e-05,0.005238122551164257,0.008710405097867666,4.787664281778011e-05,4.473089062690186e-05,-2.2504734448633855e-06,8.952787460148675e-07,-1.0981496560848956,0.0,-1.4736909873566688,-4.258624826512628,False,127,-3.3403383950129073,-0x1.ab90356213a81p+1,-1.4736909873566688,-0x1.7943d0031b5a0p+0,0.44118014796251637,-0.9869369384471771,-0x1.f94fcc63b0a2ap-1,1.7251570246056278,0x1.b9a3e4092555bp+0,-1.7479911404673418,-0.7808722360009225,-0x1.8fce7c57f4eb1p-1,-2.8893680341831582,-0x1.71d6cfce76553p+1,3.7001802612172074,-0.8985574884370295,-0x1.cc0fba24d36cep-1,-1.7940690482040016,-0x1.cb481bf0cd522p+0,1.996610201674068,-0.9999999991886518,-0x1.fffffff907d39p-1,-0.1821125276560066,-0x1.74f769b3cba94p-3,0.18211252780376327,0.9999999883837699,0x1.ffffff9c37a3dp-1,-0.02008258499019404,-0x1.490877702128cp-6,-0.02008258522347797,-1.0981496560848956
H593-b5088f4d9100c24150c49220,DIFFICULT-0102,45,192,/hkfs/work/workspace/scratch/ap7811-benchmark/dailymed/data/box_flat_20000_images/data/raw_images/animal/ato02-0002-06.jpg,91,389.8653869628906,0x1.85dd8a0000000p+8,False,False,False,CHALLENGER,45,-5.453261696105814,-0x1.5d023d5853742p+2,-5.453261696105814,-0x1.5d023d5853742p+2,8.879524614626333e-05,0.007426994813786789,0.011955743658448774,9.196746719677001e-05,8.135165863310541e-05,-3.172221050506678e-06,7.443587513157918e-06,-1.0981496560848956,-8.881784197001252e-16,-1.5320990508380123,-3.9211626452678017,False,122,-3.4727289020452092,-0x1.bc826173143eap+1,-1.5320990508380123,-0x1.8837a4b594f7bp+0,0.44118014796251637,-0.974733499886188,-0x1.f31044f0a751fp-1,1.7038255221177814,0x1.b42de8cf9603dp+0,-1.7479911404673418,-0.7029066382584974,-0x1.67e360feec502p-1,-2.6008812683626363,-0x1.4ce9ad6a32c14p+1,3.7001802612172074,-0.8633443467482795,-0x1.ba08452cf0d10p-1,-1.723762130275249,-0x1.b94879979d908p+0,1.996610201674068,-0.9999999991892581,-0x1.fffffff90928ep-1,-0.18211252765611702,-0x1.74f769b3cca1ep-3,0.18211252780376327,0.999999989204916,0x1.ffffffa3455bfp-1,-0.020082585006684774,-0x1.49087774a9977p-6,-0.02008258522347797,-1.0981496560848956
H593-b5088f4d9100c24150c49220,DIFFICULT-0102,46,193,/hkfs/work/workspace/scratch/ap7811-benchmark/dailymed/data/box_flat_20000_images/data/raw_images/animal/ato02-0002-09.jpg,63,395.6318664550781,0x1.8ba1c20000000p+8,False,False,False,CHALLENGER,46,-5.375550277416284,-0x1.58090407e06d4p+2,-5.375550277416284,-0x1.58090407e06d4p+2,8.658035307623447e-05,0.006850028437312093,0.012639415130692222,8.799944427448685e-05,0.0001342464647576649,-1.4190911982523812e-06,-4.766611168143042e-05,-1.0981496560848956,8.881784197001252e-16,-1.4108035750862102,-3.964746702330074,False,120,-3.197794782021958,-0x1.995156e40d47fp+1,-1.4108035750862102,-0x1.692a6c50133d4p+0,0.44118014796251637,-0.9753559771735079,-0x1.f361dbcfd6308p-1,1.7049136069011586,0x1.b47537d825582p+0,-1.7479911404673418,-0.7227873538113861,-0x1.72112f1d2a213p-1,-2.674443499630309,-0x1.56542a22f4bb4p+1,3.7001802612172074,-0.8560921761713958,-0x1.b651b6b60904ep-1,-1.7092823725171624,-0x1.b5938791972b2p+0,1.996610201674068,-0.9999999991881041,-0x1.fffffff9069f4p-1,-0.18211252765590685,-0x1.74f769b3cac8ap-3,0.18211252780376327,0.2824463723090838,0x1.21399f2fc3f29p-2,-0.0056722533429593635,-0x1.73bc9e9a466d7p-8,-0.02008258522347797,-1.0981496560848956
H593-b5088f4d9100c24150c49220,DIFFICULT-0102,47,194,/hkfs/work/workspace/scratch/ap7811-benchmark/dailymed/data/box_flat_20000_images/data/raw_images/animal/ato02-0002-10.jpg,84,391.6064453125,0x1.879b400000000p+8,False,False,False,CHALLENGER,47,-5.153722109668104,-0x1.49d695426c95ap+2,-5.153722109668104,-0x1.49d695426c95ap+2,0.00018296967360732932,0.008266346269364042,0.022134286133818803,0.0001929928933906484,0.00017275913275961136,-1.0023219783319076e-05,1.0210540847717956e-05,-1.0981496560848956,8.881784197001252e-16,-1.4954766192289815,-3.6582454904391226,False,108,-3.38971874898605,-0x1.b1e24dd0c43d3p+1,-1.4954766192289815,-0x1.7ed78e4385682p+0,0.44118014796251637,-0.9486247203627527,-0x1.e5b223ac4534cp-1,1.6581876068224013,0x1.a87efba5ef49dp+0,-1.7479911404673418,-0.6747905956275819,-0x1.597e2727bcd6ap-1,-2.496846842396181,-0x1.3f98ad659b320p+1,3.7001802612172074,-0.7609104094713767,-0x1.85960c97bb26fp-1,-1.5192414861105432,-0x1.84ed0291923b9p+0,1.996610201674068,-0.9999999991937364,-0x1.fffffff91301fp-1,-0.18211252765693256,-0x1.74f769b3d3ce5p-3,0.18211252780376327,0.9999999895180077,0x1.ffffffa5f5dafp-1,-0.020082585012972467,-0x1.49087776640c7p-6,-0.02008258522347797,-1.0981496560848956
H593-b5088f4d9100c24150c49220,DIFFICULT-0102,48,195,/hkfs/work/workspace/scratch/ap7811-benchmark/dailymed/data/box_flat_20000_images/data/raw_images/animal/ato02-0002-13.jpg,83,391.6229248046875,0x1.879f780000000p+8,False,False,False,CHALLENGER,48,-5.743293335667781,-0x1.6f921e3601c8ap+2,-5.743293335667781,-0x1.6f921e3601c8ap+2,5.556431648542548e-05,0.004947767283551401,0.011230179857113774,5.813693834498214e-05,5.739406217567449e-05,-2.572621859556662e-06,-1.829745690249009e-06,-1.0981496560848956,-8.881784197001252e-16,-1.4951299800277602,-4.2481633556400205,False,128,-3.388933040012466,-0x1.b1c88ecf97fccp+1,-1.4951299800277602,-0x1.7ec0d69f7d056p+0,0.44118014796251637,-0.984114184342537,-0x1.f7ddd07a8fd3ap-1,1.720222875438999,0x1.b86086bfd771fp+0,-1.7479911404673418,-0.791754013758529,-0x1.9560c83723a4cp-1,-2.9296325734488065,-0x1.76fe333e21250p+1,3.7001802612172074,-0.8711031430087316,-0x1.be013b2d54a3fp-1,-1.7392534220415783,-0x1.bd3fb6571fea0p+0,1.996610201674068,-0.9999999991888637,-0x1.fffffff9084aep-1,-0.1821125276560452,-0x1.74f769b3cc002p-3,0.18211252780376327,0.9579469791171733,0x1.ea7806c538734p-1,-0.019238051847693904,-0x1.3b323ce193023p-6,-0.02008258522347797,-1.0981496560848956
H593-b5088f4d9100c24150c49220,DIFFICULT-0102,49,196,/hkfs/work/workspace/scratch/ap7811-benchmark/dailymed/data/box_flat_20000_images/data/raw_images/animal/ato02-0002-14.jpg,85,391.338623046875,0x1.8756b00000000p+8,False,False,False,CHALLENGER,49,-5.373545304531348,-0x1.57e82a90a2560p+2,-5.373545304531348,-0x1.57e82a90a2560p+2,0.0001228601264953211,0.007055674988648691,0.01741295151675508,0.00012371011141333387,0.00010881625781121767,-8.499849180127665e-07,1.4043868684103438e-05,-1.0981496560848956,0.0,-1.5011101481732743,-3.8724351563580734,False,119,-3.402487974823409,-0x1.b384b9d8732d1p+1,-1.5011101481732743,-0x1.8048c1321911cp+0,0.44118014796251637,-0.965209026062975,-0x1.ee2fe0a17d2dbp-1,1.687176826257192,0x1.afead20b57fdap+0,-1.7479911404673418,-0.7156483047802911,-0x1.6e697460f039cp-1,-2.648027731321589,-0x1.52f2929c76b1cp+1,3.7001802612172074,-0.8069875037104819,-0x1.9d2d77516f34ap-1,-1.6112394825318381,-0x1.9c7a30d37f8a9p+0,1.996610201674068,-0.9999999991877287,-0x1.fffffff905cbfp-1,-0.1821125276558385,-0x1.74f769b3ca2ebp-3,0.18211252780376327,0.9999999899229142,0x1.ffffffa970410p-1,-0.020082585021104035,-0x1.49087778a041cp-6,-0.02008258522347797,-1.0981496560848956
H593-b5088f4d9100c24150c49220,DIFFICULT-0102,50,197,/hkfs/work/workspace/scratch/ap7811-benchmark/dailymed/data/box_flat_20000_images/data/raw_images/animal/ato02-0002-17.jpg,82,391.6366271972656,0x1.87a2fa0000000p+8,False,False,False,CHALLENGER,50,-5.602870033586045,-0x1.66956c317f642p+2,-5.602870033586045,-0x1.66956c317f642p+2,7.081111908217694e-05,0.005919836496492611,0.011961668050144824,7.218484325120419e-05,6.550567355017973e-05,-1.3737241690272499e-06,5.305445531997204e-06,-1.0981496560848956,0.0,-1.494841755951189,-4.1080282776348565,False,124,-3.388279737551097,-0x1.b1b326833d9f5p+1,-1.494841755951189,-0x1.7eadf306816d1p+0,0.44118014796251637,-0.9797991579603615,-0x1.f5a83c382d1a4p-1,1.7126802475520735,0x1.b6723673bdc87p+0,-1.7479911404673418,-0.7558354971492873,-0x1.82fcdecad2fd8p-1,-2.7967275872790878,-0x1.65fb2b6997a33p+1,3.7001802612172074,-0.8632812592664761,-0x1.ba00004f99325p-1,-1.7236361691654825,-0x1.b9403850c4ba8p+0,1.996610201674068,-0.9999999991880743,-0x1.fffffff9068e7p-1,-0.1821125276559014,-0x1.74f769b3cabc6p-3,0.18211252780376327,0.9999999889498631,0x1.ffffffa1147dfp-1,-0.020082585001562653,-0x1.4908777341278p-6,-0.02008258522347797,-1.0981496560848956
H593-b5088f4d9100c24150c49220,DIFFICULT-0102,51,198,/hkfs/work/workspace/scratch/ap7811-benchmark/dailymed/data/box_flat_20000_images/data/raw_images/animal/ato02-0002-18.jpg,73,392.75189208984375,0x1.88c07c0000000p+8,False,False,False,CHALLENGER,51,-5.359204081659019,-0x1.56fd331dd42c4p+2,-5.359204081659019,-0x1.56fd331dd42c4p+2,8.983603125368197e-05,0.007758855716581184,0.011578515509921969,8.867769616200168e-05,8.696652984872001e-05,1.1583350916802927e-06,2.869501404961959e-06,-1.0981496560848956,-8.881784197001252e-16,-1.4713826270463137,-3.8878214546127055,False,118,-3.3351061552554846,-0x1.aae4c22cc15b8p+1,-1.4713826270463137,-0x1.78ac882711050p+0,0.44118014796251637,-0.9744411313499314,-0x1.f2e9f2ae0ce67p-1,1.7033144645066534,0x1.b40c6aafdc1dcp+0,-1.7479911404673418,-0.6916780890585783,-0x1.6223a167bb94cp-1,-2.559333612250989,-0x1.47983e6a15f52p+1,3.7001802612172074,-0.8673701775916928,-0x1.bc17f1a490669p-1,-1.7318001452074219,-0x1.bb57411adfb9cp+0,1.996610201674068,-0.9981187059052579,-0x1.ff096a3ec7212p-1,-0.1817699205806275,-0x1.7443c9c2528f5p-3,0.18211252780376327,0.9999999886441929,0x1.ffffff9e7450fp-1,-0.020082584995424004,-0x1.49087771912f7p-6,-0.02008258522347797,-1.0981496560848956
H593-b5088f4d9100c24150c49220,DIFFICULT-0102,52,218,/hkfs/work/workspace/scratch/ap7811-benchmark/dailymed/data/box_flat_20000_images/data/raw_images/animal/bravecto-04.jpg,110,384.1495666503906,0x1.80264a0000000p+8,False,False,False,CHALLENGER,52,-4.10920460775878,-0x1.06fd3552b95fcp+2,-4.10920460775878,-0x1.06fd3552b95fcp+2,0.0007120910790296466,0.02071262255152695,0.034379571068712915,0.0007151646327353352,0.0005917663209264022,-3.0735537056885342e-06,0.00012032475810324446,-1.0981496560848956,0.0,-1.6523289320082823,-2.456875675750498,False,41,-3.745247694482998,-0x1.df6446c59ca80p+1,-1.6523289320082823,-0x1.a6ff076535ce6p+0,0.44118014796251637,-0.8138808044698519,-0x1.a0b4fc1c14931p-1,1.422656435609734,0x1.6c3336506342cp+0,-1.7479911404673418,-0.3454005046041082,-0x1.61b0ab7d2fa8cp-2,-1.2780441293505844,-0x1.472de66a67d26p+0,3.7001802612172074,-0.651676131901929,-0x1.4da87e743483bp-1,-1.301143213142887,-0x1.4d17b8bbdc6e4p+0,1.996610201674068,-0.9999999991891932,-0x1.fffffff909046p-1,-0.1821125276561052,-0x1.74f769b3cc874p-3,0.18211252780376327,0.9999999951341971,0x1.ffffffd633fc8p-1,-0.02008258512576007,-0x1.4908779564c54p-6,-0.02008258522347797,-1.0981496560848956
H593-b5088f4d9100c24150c49220,DIFFICULT-0102,53,219,/hkfs/work/workspace/scratch/ap7811-benchmark/dailymed/data/box_flat_20000_images/data/raw_images/animal/bravecto-05.jpg,61,396.3292236328125,0x1.8c54480000000p+8,False,False,False,CHALLENGER,53,-4.714216459960863,-0x1.2db5b8f472fecp+2,-4.714216459960863,-0x1.2db5b8f472fecp+2,0.0002476477130699909,0.011631714072838022,0.021290732519662712,0.00024037711701426016,0.00019086595626793847,7.270596055730736e-06,5.678175680205242e-05,-1.0981496560848956,0.0,-1.3961349595545287,-3.318081500406334,False,83,-3.1645461972897913,-0x1.950fd98c05398p+1,-1.3961349595545287,-0x1.656919c816c7ap+0,0.44118014796251637,-0.9310897756864747,-0x1.dcb7cc906d40cp-1,1.6275366788796823,0x1.a0a63e68d4250p+0,-1.7479911404673418,-0.5708047454496427,-0x1.2440850437343p-1,-2.1120804521218806,-0x1.0e58a6fa31331p+1,3.7001802612172074,-0.7689697265725369,-0x1.89b666667c78bp-1,-1.5353328008532459,-0x1.890b92082409ap+0,1.996610201674068,-0.9882498876623178,-0x1.f9fbe3a79216ap-1,-0.17997268514396977,-0x1.709584e6eee8fp-3,0.18211252780376327,0.9999999929564036,0x1.ffffffc37ef7cp-1,-0.020082585082024346,-0x1.490877895f248p-6,-0.02008258522347797,-1.0981496560848956
H593-b5088f4d9100c24150c49220,DIFFICULT-0102,54,220,/hkfs/work/workspace/scratch/ap7811-benchmark/dailymed/data/box_flat_20000_images/data/raw_images/animal/bravecto-06.jpg,60,396.49713134765625,0x1.8c7f440000000p+8,False,False,False,CHALLENGER,54,-4.639866114437904,-0x1.28f39100d514cp+2,-4.639866114437904,-0x1.28f39100d514cp+2,0.0002325233029723479,0.012855207237045427,0.018087868883379418,0.0002341318534774292,0.0002144920526560463,-1.6085505050813013e-06,1.80312503163016e-05,-1.0981496560848956,0.0,-1.3926030912487515,-3.2472630231891526,False,79,-3.15654069585894,-0x1.940986889a868p+1,-1.3926030912487515,-0x1.6481a2dd38cdep+0,0.44118014796251637,-0.9351618442555005,-0x1.decd888316be4p-1,1.634654618661715,0x1.a278b99f684c8p+0,-1.7479911404673418,-0.5361302003216798,-0x1.127fa8598f205p-1,-1.9837783846727068,-0x1.fbd8e674ae54fp+0,3.7001802612172074,-0.8002535933497358,-0x1.99bad6c7e31f5p-1,-1.5977944884084136,-0x1.99090f417174cp+0,1.996610201674068,-0.999999999188229,-0x1.fffffff906e59p-1,-0.1821125276559296,-0x1.74f769b3cafbep-3,0.18211252780376327,0.9999999903121822,0x1.ffffffacc8437p-1,-0.020082585028921542,-0x1.4908777ac65d7p-6,-0.02008258522347797,-1.0981496560848956
H593-b5088f4d9100c24150c49220,DIFFICULT-0102,55,221,/hkfs/work/workspace/scratch/ap7811-benchmark/dailymed/data/box_flat_20000_images/data/raw_images/animal/bravecto-07.jpg,64,395.628173828125,0x1.8ba0d00000000p+8,False,False,False,CHALLENGER,55,-4.379030840154379,-0x1.18420a91a8dc9p+2,-4.379030840154379,-0x1.18420a91a8dc9p+2,0.000366557656442903,0.015105469780337768,0.02426655124093112,0.0003637692672279215,0.0002969905249871854,2.788389214981521e-06,6.95671314557176e-05,-1.0981496560848956,0.0,-1.4108812479442616,-2.9681495922101178,False,64,-3.1979708390327053,-0x1.99571bc39a83ep+1,-1.4108812479442616,-0x1.692f837275d45p+0,0.44118014796251637,-0.8996619851782187,-0x1.cca07ee796fb5p-1,1.5726011795067873,0x1.9295fdaba1f72p+0,-1.7479911404673418,-0.47619738969825265,-0x1.e7a049dcc73b6p-2,-1.7620161818046327,-0x1.c3137e13dfaa0p+0,3.7001802612172074,-0.7408624210275793,-0x1.7b5251ba4c343p-1,-1.4792134678606135,-0x1.7aadbbdc439aep+0,1.996610201674068,-0.9954772637520127,-0x1.fdaf322773f2bp-1,-0.18128888087305262,-0x1.734795b3d35b0p-3,0.18211252780376327,0.9999999935383111,0x1.ffffffc87e989p-1,-0.020082585093710553,-0x1.4908778c957c8p-6,-0.02008258522347797,-1.0981496560848956
H593-b5088f4d9100c24150c49220,DIFFICULT-0102,56,222,/hkfs/work/workspace/scratch/ap7811-benchmark/dailymed/data/box_flat_20000_images/data/raw_images/animal/bravecto-08.jpg,66,394.5687561035156,0x1.8a919a0000000p+8,False,False,False,CHALLENGER,56,-4.797883477108531,-0x1.331085dc0ccb4p+2,-4.797883477108531,-0x1.331085dc0ccb4p+2,0.00024730356231113693,0.010993813411066745,0.02249479348650695,0.00024175062482159607,0.00021971003360356917,5.5529374895408625e-06,2.7593528707567762e-05,-1.0981496560848956,0.0,-1.4331656551116645,-3.3647178219968668,False,90,-3.248481740917838,-0x1.9fce3feb7297ep+1,-1.4331656551116645,-0x1.6ee3f1c2747bdp+0,0.44118014796251637,-0.9311822436592407,-0x1.dcc3eb4643c26p-1,1.6276983120768544,0x1.a0b0d62a1fdebp+0,-1.7479911404673418,-0.5895114772022934,-0x1.2dd472c666a7ep-1,-2.1812987317049237,-0x1.1734cbfdbd4d7p+1,3.7001802612172074,-0.7574884743985095,-0x1.83d5878146edap-1,-1.5124092156345903,-0x1.832d401751cfdp+0,1.996610201674068,-0.9910133464204514,-0x1.fb6619f18cfbap-1,-0.18047594560389493,-0x1.719d5f60aacf9p-3,0.18211252780376327,0.9999999911335491,0x1.ffffffb3d677ep-1,-0.020082585045416712,-0x1.4908777f4f1c0p-6,-0.02008258522347797,-1.0981496560848956
H593-b5088f4d9100c24150c49220,DIFFICULT-0102,57,223,/hkfs/work/workspace/scratch/ap7811-benchmark/dailymed/data/box_flat_20000_images/data/raw_images/animal/bravecto-09.jpg,75,392.4465637207031,0x1.8872520000000p+8,False,False,False,CHALLENGER,57,-4.433429386181052,-0x1.1bbd4e9bb1786p+2,-4.433429386181052,-0x1.1bbd4e9bb1786p+2,0.0003624114494431181,0.01525393975364099,0.023758547319331944,0.00033868138014169635,0.00036194902889480015,2.373006930142177e-05,4.6242054831796813e-07,-1.0981496560848956,8.881784197001252e-16,-1.4778050811356085,-2.9556243050454434,False,68,-3.3496635965160566,-0x1.acc1c6d7d1b0ap+1,-1.4778050811356085,-0x1.7a516f0d570e8p+0,0.44118014796251637,-0.900740601642217,-0x1.cd2ddf447722ap-1,1.5744865915298185,0x1.93118da29c6fdp+0,-1.7479911404673418,-0.4724071212874088,-0x1.e3beb1414ec5cp-2,-1.7479915054461133,-0x1.bf7c5f0d93ad4p+0,3.7001802612172074,-0.7455972408174716,-0x1.7dbeebea99066p-1,-1.4886670573562006,-0x1.7d1948c5fa396p+0,1.996610201674068,-0.9621528777407755,-0x1.ec9f4d4f4c3eep-1,-0.17522009269903782,-0x1.66d9cabdf4a54p-3,0.18211252780376327,0.9999999883250662,0x1.ffffff9bb68c9p-1,-0.020082584989015117,-0x1.4908776fce333p-6,-0.02008258522347797,-1.0981496560848956
H593-b5088f4d9100c24150c49220,DIFFICULT-0102,58,242,/hkfs/work/workspace/scratch/ap7811-benchmark/dailymed/data/box_flat_20000_images/data/raw_images/animal/cla04-0002-05.jpg,97,388.9532470703125,0x1.84f4080000000p+8,False,False,False,CHALLENGER,58,-5.263144687628442,-0x1.50d75cd0debd2p+2,-5.263144687628442,-0x1.50d75cd0debd2p+2,0.0001476174198347281,0.008424352714995555,0.017522701723061224,0.0001526036802409219,0.00011861803649655327,-4.986260406193797e-06,2.899938333817484e-05,-1.0981496560848956,0.0,-1.5512855306256117,-3.71185915700283,False,116,-3.5162178937330886,-0x1.c2136d8d98c88p+1,-1.5512855306256117,-0x1.8d210c6ccb85bp+0,0.44118014796251637,-0.9583443845792043,-0x1.eaac1d7c25570p-1,1.6751774937610762,0x1.acd86ea6b2f60p+0,-1.7479911404673418,-0.6696013158177245,-0x1.56d5fbd197654p-1,-2.477645571673814,-0x1.3d237d76b5896p+1,3.7001802612172074,-0.8058890558368084,-0x1.9c9d7d860bfc6p-1,-1.6090463103012542,-0x1.9bea75807e4c8p+0,1.996610201674068,-0.9999999991904487,-0x1.fffffff90bc72p-1,-0.18211252765633384,-0x1.74f769b3ce8a2p-3,0.18211252780376327,0.9999999912427082,0x1.ffffffb4c6830p-1,-0.02008258504760891,-0x1.4908777fe95f2p-6,-0.02008258522347797,-1.0981496560848956
H593-b5088f4d9100c24150c49220,DIFFICULT-0102,59,262,/hkfs/work/workspace/scratch/ap7811-benchmark/dailymed/data/box_flat_20000_images/data/raw_images/animal/com0n-0000-01.jpg,32,411.7235107421875,0x1.9bb9380000000p+8,False,False,False,CHALLENGER,59,-4.100908672588366,-0x1.067549a629966p+2,-4.100908672588366,-0x1.067549a629966p+2,0.0002982318634582194,0.01503230450546017,0.019839397435695433,0.00029778736041629917,0.00027123997331497327,4.44503041920237e-07,2.699189014324614e-05,-1.0981496560848956,0.0,-1.0723225916580916,-3.0285860809302743,False,40,-2.430577614632829,-0x1.371d2ad29e6cbp+1,-1.0723225916580916,-0x1.1283bbbdeef7ap+0,0.44118014796251637,-0.9175942278478892,-0x1.d5cee91f35ca0p-1,1.6039465808220819,0x1.9a9c3e3d296fdp+0,-1.7479911404673418,-0.47807240209292434,-0x1.e98bcfd06fe50p-2,-1.7689540656569347,-0x1.c4da2c741f6dfp+0,3.7001802612172074,-0.7830098109987952,-0x1.90e6a9755fba1p-1,-1.5633653766510784,-0x1.9038b69c6a444p+0,1.996610201674068,-0.9992776472307306,-0x1.ffa151dcf5aa1p-1,-0.18198097831498558,-0x1.74b27172db07bp-3,0.18211252780376327,0.9999999910859982,0x1.ffffffb36de72p-1,-0.020082585044461768,-0x1.4908777f0be94p-6,-0.02008258522347797,-1.0981496560848956
H593-b5088f4d9100c24150c49220,DIFFICULT-0102,60,263,/hkfs/work/workspace/scratch/ap7811-benchmark/dailymed/data/box_flat_20000_images/data/raw_images/animal/com0n-0000-02.jpg,41,407.4330139160156,0x1.976eda0000000p+8,False,False,False,CHALLENGER,60,-4.531171671460307,-0x1.21feb7775ef49p+2,-4.531171671460307,-0x1.21feb7775ef49p+2,0.00027376501175115325,0.010394529997606098,0.0263374112936518,0.0002549870185385396,0.000226164087728572,1.8777993212613648e-05,4.760092402258126e-05,-1.0981496560848956,0.0,-1.1625713915449523,-3.368600279915355,False,72,-2.635139855938683,-0x1.514c4346d2472p+1,-1.1625713915449523,-0x1.299e4759f3666p+0,0.44118014796251637,-0.9240982036747707,-0x1.d923665626a64p-1,1.6153154729452843,0x1.9d85509905d43p+0,-1.7479911404673418,-0.6074962471464116,-0x1.3709bf83df864p-1,-2.2478456224546823,-0x1.1fb967c57326ep+1,3.7001802612172074,-0.7218239599706868,-0x1.7192e8fb162d2p-1,-1.4412010822902475,-0x1.70f28ddb657bap+0,1.996610201674068,-0.9699322121809537,-0x1.f09af4754eea0p-1,-0.17663680695856956,-0x1.69c08ee941601p-3,0.18211252780376327,0.9999999924694313,0x1.ffffffbf501abp-1,-0.02008258507224468,-0x1.49087786aef5bp-6,-0.02008258522347797,-1.0981496560848956
H593-b5088f4d9100c24150c49220,DIFFICULT-0102,61,264,/hkfs/work/workspace/scratch/ap7811-benchmark/dailymed/data/box_flat_20000_images/data/raw_images/animal/com0n-0000-03.jpg,28,412.3385925292969,0x1.9c56ae0000000p+8,False,False,False,CHALLENGER,61,-4.268264557230088,-0x1.112b3f1afeaa6p+2,-4.268264557230088,-0x1.112b3f1afeaa6p+2,0.0002747403329287561,0.012772598484588601,0.021510136191962615,0.0002877274760509864,0.00024730554297701515,-1.298714312223027e-05,2.7434789951740965e-05,-1.0981496560848956,0.0,-1.0593846044347297,-3.2088799527953586,False,52,-2.4012517547021117,-0x1.335c37adf43f6p+1,-1.0593846044347297,-0x1.0f33d455eedd1p+0,0.44118014796251637,-0.9238380917344287,-0x1.d9014e6d98ca6p-1,1.6148607995780366,0x1.9d678471c7b33p+0,-1.7479911404673418,-0.5384231202155666,-0x1.13ac31f978e6bp-1,-1.992262601604619,-0x1.fe04ebfeef8b1p+0,3.7001802612172074,-0.766866452298824,-0x1.88a2b83a0bc5cp-1,-1.5311333819814321,-0x1.87f85b796c939p+0,1.996610201674068,-0.9999999991956585,-0x1.fffffff9173c0p-1,-0.1821125276572826,-0x1.74f769b3d6e29p-3,0.18211252780376327,0.9999999911210524,0x1.ffffffb3bafcep-1,-0.020082585045165746,-0x1.4908777f3d730p-6,-0.02008258522347797,-1.0981496560848956
H593-b5088f4d9100c24150c49220,DIFFICULT-0102,62,265,/hkfs/work/workspace/scratch/ap7811-benchmark/dailymed/data/box_flat_20000_images/data/raw_images/animal/com0n-0000-04.jpg,33,411.44476318359375,0x1.9b71dc0000000p+8,False,False,False,CHALLENGER,62,-4.557135707789099,-0x1.23a81c8718d4ep+2,-4.557135707789099,-0x1.23a81c8718d4ep+2,0.00017851025858411397,0.01070881823592727,0.016669463861588914,0.00018151697505048371,0.00017329422816122185,-3.006716466369744e-06,5.216030422892123e-06,-1.0981496560848956,-8.881784197001252e-16,-1.0781859295543055,-3.4789497782347936,False,77,-2.4438677364193424,-0x1.38d0a871d5d70p+1,-1.0781859295543055,-0x1.1403fe3a716f2p+0,0.44118014796251637,-0.9498454603557509,-0x1.e65224e8f6caap-1,1.6603214495149763,0x1.a90ad396839e9p+0,-1.7479911404673418,-0.5980138611156018,-0x1.322edf7017a70p-1,-2.2127590848342384,-0x1.1b3bb08fa51cep+1,3.7001802612172074,-0.8144641216446388,-0x1.a10170fc754b3p-1,-1.626167374173195,-0x1.a04c8149e564bp+0,1.996610201674068,-0.9999999991891493,-0x1.fffffff908ebap-1,-0.1821125276560972,-0x1.74f769b3cc754p-3,0.18211252780376327,0.9999999889389342,0x1.ffffffa0fc758p-1,-0.020082585001343172,-0x1.4908777331b5bp-6,-0.02008258522347797,-1.0981496560848956
H593-b5088f4d9100c24150c49220,DIFFICULT-0102,63,266,/hkfs/work/workspace/scratch/ap7811-benchmark/dailymed/data/box_flat_20000_images/data/raw_images/animal/com0n-0000-05.jpg,22,413.9841003417969,0x1.9dfbee0000000p+8,False,False,False,CHALLENGER,63,-4.1366234412202,-0x1.08be703efa186p+2,-4.1366234412202,-0x1.08be703efa186p+2,0.0003747663817857529,0.012686210362347733,0.02954123974627187,0.0003583928887946946,0.00033952078987260585,1.6373492991058323e-05,3.524559191314707e-05,-1.0981496560848956,0.0,-1.0247720382683356,-3.1118514029518645,False,42,-2.3227972586731225,-0x1.29516baa9ea86p+1,-1.0247720382683356,-0x1.065775d637bf4p+0,0.44118014796251637,-0.8975301303950406,-0x1.cb8911ba71503p-1,1.568874716233029,0x1.91a1c5fdbdfcep+0,-1.7479911404673418,-0.5408282751890897,-0x1.14e7719560e29p-1,-2.0011621085628177,-0x1.0026147922c73p+1,3.7001802612172074,-0.6931763700248842,-0x1.62e8035f3bd6bp-1,-1.3840030119510824,-0x1.624e0579e538bp+0,1.996610201674068,-0.9737317891740501,-0x1.f28cf91b27fe5p-1,-0.17732875752936736,-0x1.6b2b56f1d4e1fp-3,0.18211252780376327,0.9999999916968874,0x1.ffffffb8ad432p-1,-0.020082585056730003,-0x1.490877826b362p-6,-0.02008258522347797,-1.0981496560848956
H593-b5088f4d9100c24150c49220,DIFFICULT-0102,64,272,/hkfs/work/workspace/scratch/ap7811-benchmark/dailymed/data/box_flat_20000_images/data/raw_images/animal/cre04-0007-01.jpg,49,403.67730712890625,0x1.93ad640000000p+8,False,False,False,CHALLENGER,64,-4.706418459676245,-0x1.2d35f5c566692p+2,-4.706418459676245,-0x1.2d35f5c566692p+2,0.0002197214315843973,0.010132468728612051,0.021684886227573367,0.00021968170540304733,0.0001728796997946228,3.9726181349960784e-08,4.6841731789774496e-05,-1.0981496560848956,-8.881784197001252e-16,-1.241571107427735,-3.46484735224851,False,82,-2.8142043860351156,-0x1.6837d96d23ea1p+1,-1.241571107427735,-0x1.3dd79aa60f851p+0,0.44118014796251637,-0.9386220408879961,-0x1.e0931171d6623p-1,1.6407030117195922,0x1.a4051cd1c8cb6p+0,-1.7479911404673418,-0.615489359220787,-0x1.3b216bd9c74f3p-1,-2.277421577977983,-0x1.23828cde4f612p+1,3.7001802612172074,-0.7651948169999773,-0x1.87c79d742ace9p-1,-1.5277957778902762,-0x1.871d9fc501701p+0,1.996610201674068,-0.9999354198179903,-0x1.fff7890c75e9bp-1,-0.18210076694357147,-0x1.74f13f34cb130p-3,0.18211252780376327,0.9999999924261302,0x1.ffffffbef0e26p-1,-0.020082585071375083,-0x1.4908778671c47p-6,-0.02008258522347797,-1.0981496560848956
H593-b5088f4d9100c24150c49220,DIFFICULT-0102,65,273,/hkfs/work/workspace/scratch/ap7811-benchmark/dailymed/data/box_flat_20000_images/data/raw_images/animal/cre04-0007-02.jpg,44,405.03961181640625,0x1.950a240000000p+8,False,False,False,CHALLENGER,65,-4.2732369537565,-0x1.117cb6d91c576p+2,-4.2732369537565,-0x1.117cb6d91c576p+2,0.00044114680774803963,0.012427354472741018,0.03549804656459106,0.0004567366119559117,0.00047548269246034796,-1.558980420787205e-05,-3.4335884712308326e-05,-1.0981496560848956,-8.881784197001252e-16,-1.2129156001267734,-3.060321353629727,False,53,-2.7492524442188304,-0x1.5fe7810c2f18bp+1,-1.2129156001267734,-0x1.3681a3035a4aep+0,0.44118014796251637,-0.8804649517165047,-0x1.c2cc4d59cb101p-1,1.5390449350924562,0x1.89fed94f4bea3p+0,-1.7479911404673418,-0.5480803920426089,-0x1.189dfe3ecdc12p-1,-2.02799624819625,-0x1.0395618d34f0ap+1,3.7001802612172074,-0.6423704035887201,-0x1.48e4c606a9eb6p-1,-1.282563301058727,-0x1.4856118918d74p+0,1.996610201674068,-0.9999999991973388,-0x1.fffffff91aedfp-1,-0.18211252765758862,-0x1.74f769b3d993ap-3,0.18211252780376327,0.42547090574434393,0x1.b3aea526492bbp-2,-0.008544555724721148,-0x1.17fcedb2c164dp-7,-0.02008258522347797,-1.0981496560848956
H593-b5088f4d9100c24150c49220,DIFFICULT-0102,66,274,/hkfs/work/workspace/scratch/ap7811-benchmark/dailymed/data/box_flat_20000_images/data/raw_images/animal/cre04-0007-03.jpg,46,404.9248046875,0x1.94ecc00000000p+8,False,False,False,CHALLENGER,66,-4.318147961280486,-0x1.145c89443f47ep+2,-4.318147961280486,-0x1.145c89443f47ep+2,0.0003316993171157945,0.013210313449952153,0.025109117839819,0.0003311409548570414,0.00041689506961549607,5.583622587530552e-07,-8.519575249970159e-05,-1.0981496560848956,8.881784197001252e-16,-1.215330519895282,-3.102817441385204,False,57,-2.7547262167347997,-0x1.609ade6127a6ap+1,-1.215330519895282,-0x1.371fe6a4c7e9fp+0,0.44118014796251637,-0.9087685203644001,-0x1.d14a1b8532e5bp-1,1.5885193223325866,0x1.96a933ca7b87ep+0,-1.7479911404673418,-0.5263510813407539,-0x1.0d7de3912542ap-1,-1.9475938816473906,-0x1.f295833b90b36p+0,3.7001802612172074,-0.7330657069139984,-0x1.7754636a078c9p-1,-1.4636464689219018,-0x1.76b188f4ecea3p+0,1.996610201674068,-0.9990927011015229,-0x1.ff891419ce832p-1,-0.18194729730788806,-0x1.74a0c8dc4384cp-3,0.18211252780376327,-2.6901132421053817e-05,-0x1.c3537be5b4d66p-16,5.402442844538795e-07,0x1.220a9bec4fa1ep-21,-0.02008258522347797,-1.0981496560848956
H593-b5088f4d9100c24150c49220,DIFFICULT-0102,67,275,/hkfs/work/workspace/scratch/ap7811-benchmark/dailymed/data/box_flat_20000_images/data/raw_images/animal/cre04-0007-04.jpg,47,404.50152587890625,0x1.9480640000000p+8,False,False,False,CHALLENGER,67,-4.910020287456581,-0x1.3a3dc5bb54a46p+2,-4.910020287456581,-0x1.3a3dc5bb54a46p+2,0.00015072584251491462,0.008621243431282627,0.017483074653477263,0.0001507256551184555,0.00016175629613414915,1.87396459135937e-10,-1.1030453619234522e-05,-1.0981496560848956,0.0,-1.2242340119710957,-3.685786275485485,False,96,-2.7749072972229687,-0x1.6330298d80904p+1,-1.2242340119710957,-0x1.3967667411152p+0,0.44118014796251637,-0.9574858759711969,-0x1.ea3b96b75b3d7p-1,1.6736768283202643,0x1.ac7615a9b5630p+0,-1.7479911404673418,-0.6631798198032456,-0x1.538c4e2ad81f3p-1,-2.453884878873554,-0x1.3a18e65374964p+1,3.7001802612172074,-0.8062855139543409,-0x1.9cd17473584adp-1,-1.6098378826232562,-0x1.9c1e55e1ba90dp+0,1.996610201674068,-0.9999996945433877,-0x1.fffff5c025ce5p-1,-0.18211247217628745,-0x1.74f7624186e40p-3,0.18211252780376327,0.770728164502504,0x1.8a9ce1c949e9fp-1,-0.015478214047756284,-0x1.fb30ab915b5fdp-7,-0.02008258522347797,-1.0981496560848956
H593-b5088f4d9100c24150c49220,DIFFICULT-0102,68,276,/hkfs/work/workspace/scratch/ap7811-benchmark/dailymed/data/box_flat_20000_images/data/raw_images/animal/cre04-0007-05.jpg,42,405.8813781738281,0x1.95e1a20000000p+8,False,False,False,CHALLENGER,68,-4.730981409453207,-0x1.2ec8663fe5790p+2,-4.730981409453207,-0x1.2ec8663fe5790p+2,0.00019152194721511076,0.00952910470405845,0.02009862974152666,0.00018164519026217646,0.00023020488129405926,9.876756952934305e-06,-3.86829340789485e-05,-1.0981496560848956,-8.881784197001252e-16,-1.1952093981132785,-3.5357720113399287,False,84,-2.7091187208514786,-0x1.5ac466f984ec1p+1,-1.1952093981132785,-0x1.31f93e3cc4b44p+0,0.44118014796251637,-0.9462878546976426,-0x1.e47fd7790e873p-1,1.6541027863433266,0x1.a77347bb912b1p+0,-1.7479911404673418,-0.6341982155034592,-0x1.44b5a0e589af9p-1,-2.3466477187050767,-0x1.2c5ef3d38920cp+1,3.7001802612172074,-0.7804856954242763,-0x1.8f9bd231afa8ap-1,-1.5583257017447896,-0x1.8eee6ee582975p+0,1.996610201674068,-0.9840715788288181,-0x1.f7d83adffc582p-1,-0.17921176276035636,-0x1.6f0693a0e9f75p-3,0.18211252780376327,0.37544759821667795,0x1.807555cecf3cap-2,-0.00753995838813655,-0x1.ee2382b0b40d0p-8,-0.02008258522347797,-1.0981496560848956
H593-b5088f4d9100c24150c49220,DIFFICULT-0102,69,279,/hkfs/work/workspace/scratch/ap7811-benchmark/dailymed/data/box_flat_20000_images/data/raw_images/animal/cyd02-0000-09.jpg,123,382.69012451171875,0x1.7eb0ac0000000p+8,False,False,False,CHALLENGER,69,-5.066439174241751,-0x1.44408a1822a90p+2,-5.066439174241751,-0x1.44408a1822a90p+2,0.000316760757647804,0.009093416462754756,0.0348340757233772,0.00030210144250030613,0.00033951117642239993,1.465931514749787e-05,-2.275041877459593e-05,-1.0981496560848956,-8.881784197001252e-16,-1.6830276848231096,-3.3834114894186413,False,102,-3.8148309541935763,-0x1.e84c617603d34p+1,-1.6830276848231096,-0x1.aedae70093ee1p+0,0.44118014796251637,-0.9126979113879505,-0x1.d34d240113d78p-1,1.5953878630291844,0x1.986b56c8254afp+0,-1.7479911404673418,-0.647979553469968,-0x1.4bc3f9dd42a91p-1,-2.3976411534219157,-0x1.32e5e7c2bed41p+1,3.7001802612172074,-0.6478819581172167,-0x1.4bb72f1b90539p-1,-1.2935677270574062,-0x1.4b27412adf63ap+0,1.996610201674068,-0.9764494843421132,-0x1.f3f12fd2e410cp-1,-0.1778236838662234,-0x1.6c2ed2d547025p-3,0.18211252780376327,0.578467955599803,0x1.282cf3ae2b96bp-1,-0.011617132017384114,-0x1.7cab910b42e7ap-7,-0.02008258522347797,-1.0981496560848956
H593-b5088f4d9100c24150c49220,DIFFICULT-0102,70,280,/hkfs/work/workspace/scratch/ap7811-benchmark/dailymed/data/box_flat_20000_images/data/raw_images/animal/cyd02-0000-10.jpg,115,383.3963928222656,0x1.7f657a0000000p+8,False,False,False,CHALLENGER,70,-4.8564412557918555,-0x1.36cfeefc248e6p+2,-4.8564412557918555,-0x1.36cfeefc248e6p+2,0.0004858368145196309,0.008694049661514039,0.05588153201726986,0.00044892732064096913,0.0004967610421899216,3.690949387866177e-05,-1.0924227670290653e-05,-1.0981496560848956,0.0,-1.6681716273529896,-3.188269628438866,False,93,-3.781157504609027,-0x1.e3fcf817a90e0p+1,-1.6681716273529896,-0x1.ab0d4bb7989fep+0,0.44118014796251637,-0.8691478245916382,-0x1.bd00f19405716p-1,1.5192626971426468,0x1.84ee666e42aafp+0,-1.7479911404673418,-0.660817771752359,-0x1.5256b4fc957dbp-1,-2.4451448752996168,-0x1.38fa81dcb269cp+1,3.7001802612172074,-0.4894378832904399,-0x1.f52f34589fa56p-2,-0.9772166708634542,-0x1.f455be54edd72p-1,1.996610201674068,-0.9417452486681791,-0x1.e22c6ee862ed5p-1,-0.17150360778214574,-0x1.5f3d48949007ap-3,0.18211252780376327,0.7726851587443602,0x1.8b9d639dd2bcap-1,-0.015517515551400216,-0x1.fc7a5ae77acf2p-7,-0.02008258522347797,-1.0981496560848956
H593-b5088f4d9100c24150c49220,DIFFICULT-0102,71,283,/hkfs/work/workspace/scratch/ap7811-benchmark/dailymed/data/box_flat_20000_images/data/raw_images/animal/cyd02-0000-17.jpg,119,383.06732177734375,0x1.7f113c0000000p+8,False,False,False,CHALLENGER,71,-5.662474542401185,-0x1.6a65fb9f82ec0p+2,-5.662474542401185,-0x1.6a65fb9f82ec0p+2,6.341083909707507e-05,0.007379479999563281,0.00859286007968417,6.284582611835006e-05,6.053047310961778e-05,5.650129787250068e-07,2.8803659874572927e-06,-1.0981496560848956,8.881784197001252e-16,-1.6750934986618218,-3.9873810437393633,False,126,-3.796846948798207,-0x1.e5ff14b080ba5p+1,-1.6750934986618218,-0x1.acd2ed727ea79p+0,0.44118014796251637,-0.9818911786339974,-0x1.f6ba70c8ed860p-1,1.7163370811552636,0x1.b761ddf079552p+0,-1.7479911404673418,-0.7045265174596987,-0x1.68b7b31f4ef09p-1,-2.6068751134084778,-0x1.4dae156e6c400p+1,3.7001802612172074,-0.899857888518538,-0x1.ccba2c54782f2p-1,-1.7966654402729991,-0x1.cbf2442bd372fp+0,1.996610201674068,-0.999081899125904,-0x1.ff87a9a58aeb9p-1,-0.18194533013280278,-0x1.749fc0d4a47a4p-3,0.18211252780376327,0.9999999886455938,0x1.ffffff9e77659p-1,-0.020082584995452138,-0x1.49087771932a4p-6,-0.02008258522347797,-1.0981496560848956
H593-b5088f4d9100c24150c49220,DIFFICULT-0102,72,300,/hkfs/work/workspace/scratch/ap7811-benchmark/dailymed/data/box_flat_20000_images/data/raw_images/animal/dro06-0001-02.jpg,90,390.1211853027344,0x1.861f060000000p+8,False,False,False,CHALLENGER,72,-4.696955464889293,-0x1.2c9aeb181df39p+2,-4.696955464889293,-0x1.2c9aeb181df39p+2,0.00023463313041475328,0.013769879799540578,0.017039591763363223,0.00021168537616145442,0.0002074492649813469,2.2947754253298865e-05,2.7183865433406376e-05,-1.0981496560848956,0.0,-1.5267184401257217,-3.170237024763572,False,81,-3.460532952755243,-0x1.baf2be696833dp+1,-1.5267184401257217,-0x1.86d7050a8a449p+0,0.44118014796251637,-0.9345927677316543,-0x1.de82f178f89dep-1,1.633659877939784,0x1.a23788a489e9dp+0,-1.7479911404673418,-0.5111915927554278,-0x1.05bae789bfda6p-1,-1.8915010412138191,-0x1.e43969885d015p+0,3.7001802612172074,-0.8107343448604636,-0x1.9f189271d6dfep-1,-1.6187204637959436,-0x1.9e6476dd5e998p+0,1.996610201674068,-0.96337774605479,-0x1.ed3fd911ffc09p-1,-0.17544315656392973,-0x1.674ebdddfe20cp-3,0.18211252780376327,0.9999999911012264,0x1.ffffffb38f63dp-1,-0.02008258504476759,-0x1.4908777f216e7p-6,-0.02008258522347797,-1.0981496560848956
H593-b5088f4d9100c24150c49220,DIFFICULT-0102,73,301,/hkfs/work/workspace/scratch/ap7811-benchmark/dailymed/data/box_flat_20000_images/data/raw_images/animal/dro06-0001-03.jpg,80,391.8344421386719,0x1.87d59e0000000p+8,False,False,False,CHALLENGER,73,-5.174745767324444,-0x1.4b2f08def1776p+2,-5.174745767324444,-0x1.4b2f08def1776p+2,0.00013093995472817185,0.00898815647189316,0.014568054654770844,0.0001281806997948874,0.000164451473548231,2.7592549332844352e-06,-3.3511518820059165e-05,-1.0981496560848956,8.881784197001252e-16,-1.4906808016876398,-3.6840649656368036,False,109,-3.378848319834852,-0x1.b07e1a0beae91p+1,-1.4906808016876398,-0x1.7d9d41cc06027p+0,0.44118014796251637,-0.9629633869778661,-0x1.ed09897ca1729p-1,1.6832514690317344,0x1.aee9917a6f6cfp+0,-1.7479911404673418,-0.6513439849598307,-0x1.4d7cf573b2947p-1,-2.410090156410923,-0x1.347dd5911924fp+1,3.7001802612172074,-0.8359347197474912,-0x1.abffa2b5d013bp-1,-1.669035789381394,-0x1.ab45edf33f234p+0,1.996610201674068,-0.9955244134759602,-0x1.fdb5603c7f66cp-1,-0.18129746742846592,-0x1.734c162b9f82ep-3,0.18211252780376327,0.43537050960146395,0x1.bdd1c451864a0p-2,-0.008743365362860434,-0x1.1e80aa252df2dp-7,-0.02008258522347797,-1.0981496560848956
H593-b5088f4d9100c24150c49220,DIFFICULT-0102,74,302,/hkfs/work/workspace/scratch/ap7811-benchmark/dailymed/data/box_flat_20000_images/data/raw_images/animal/dro0b-0001-02.jpg,30,411.956298828125,0x1.9bf4d00000000p+8,False,False,False,CHALLENGER,74,-4.866783761757922,-0x1.377962995d108p+2,-4.866783761757922,-0x1.377962995d108p+2,0.00012416660992892436,0.007798646388707735,0.015921559170667725,0.00012833976178591632,0.00015294977907477606,-4.173151856991963e-06,-2.8783169145851702e-05,-1.0981496560848956,0.0,-1.0674259919786173,-3.799357769779305,False,94,-2.419478747872645,-0x1.35b17ac7bd71fp+1,-1.0674259919786173,-0x1.1142d46e72d23p+0,0.44118014796251637,-0.9648455649441952,-0x1.ee003ce6407e2p-1,1.6865414994416603,0x1.afc12f0772e03p+0,-1.7479911404673418,-0.6903417012704423,-0x1.617477ac0b08cp-1,-2.5543887365359965,-0x1.46f635ca58afdp+1,3.7001802612172074,-0.8220478420012878,-0x1.a4e3746a492b0p-1,-1.6413091076039237,-0x1.a42cd56bc92a0p+0,1.996610201674068,-0.9999999991899154,-0x1.fffffff90a9afp-1,-0.18211252765623673,-0x1.74f769b3cdaf7p-3,0.18211252780376327,0.4949184195814261,0x1.facbe4e929325p-2,-0.009939241339913016,-0x1.45b0664040cd8p-7,-0.02008258522347797,-1.0981496560848956
H593-b5088f4d9100c24150c49220,DIFFICULT-0102,75,303,/hkfs/work/workspace/scratch/ap7811-benchmark/dailymed/data/box_flat_20000_images/data/raw_images/animal/dro0b-0001-03.jpg,25,412.678466796875,0x1.9cadb00000000p+8,False,False,False,CHALLENGER,75,-4.5192299499988415,-0x1.213b10419651cp+2,-4.5192299499988415,-0x1.213b10419651cp+2,0.0002868479507607094,0.008161170396590051,0.03514789384627503,0.00029801036890372406,0.0003918598811193225,-1.1162418143014679e-05,-0.00010501193035861314,-1.0981496560848956,0.0,-1.0522354918717636,-3.466994458127078,False,71,-2.3850472346302487,-0x1.31493a501379ep+1,-1.0522354918717636,-0x1.0d5f4e21479a5p+0,0.44118014796251637,-0.9206149129091421,-0x1.d75ad67e4f2ecp-1,1.6092267115472938,0x1.9bf64821f1fc1p+0,-1.7479911404673418,-0.6782627224478606,-0x1.5b45406604db6p-1,-2.509694337521019,-0x1.413da9ff4df90p+1,3.7001802612172074,-0.6452723829016981,-0x1.4a61244b2649fp-1,-1.2883574225600658,-0x1.49d1cac3744f5p+0,1.996610201674068,-0.9999999991944762,-0x1.fffffff914a27p-1,-0.1821125276570673,-0x1.74f769b3d4fdcp-3,0.18211252780376327,-0.10420840371832188,-0x1.aad66e5f0454ap-4,0.0020927741486757977,0x1.124dd90d8e5dcp-9,-0.02008258522347797,-1.0981496560848956
H593-b5088f4d9100c24150c49220,DIFFICULT-0102,76,304,/hkfs/work/workspace/scratch/ap7811-benchmark/dailymed/data/box_flat_20000_images/data/raw_images/animal/dro0b-0001-04.jpg,39,408.4277648925781,0x1.986d820000000p+8,False,False,False,CHALLENGER,76,-4.656950886718642,-0x1.2a0b7bbb6239ap+2,-4.656950886718642,-0x1.2a0b7bbb6239ap+2,0.00025350468231027126,0.00863020633024357,0.029374116053505362,0.0002768537769123726,0.00023016463160550245,-2.3349094602101363e-05,2.334005070476881e-05,-1.0981496560848956,0.0,-1.1416472222801195,-3.5153036644385223,False,80,-2.587712134266559,-0x1.4b3a26b61190dp+1,-1.1416472222801195,-0x1.2442fe0b4329cp+0,0.44118014796251637,-0.9295174554636162,-0x1.dbe9b6408e033p-1,1.624788277060148,0x1.9ff21fe0e5c41p+0,-1.7479911404673418,-0.6628886744412148,-0x1.536624f33a452p-1,-2.4528075885518223,-0x1.39f5995c1af84p+1,3.7001802612172074,-0.6946471489538288,-0x1.63a8ca86085d2p-1,-1.3869395841650207,-0x1.630e78fb84402p+0,1.996610201674068,-0.999999999202307,-0x1.fffffff925dacp-1,-0.1821125276584934,-0x1.74f769b3e1890p-3,0.18211252780376327,0.9999999907860615,0x1.ffffffb0da55cp-1,-0.020082585038438263,-0x1.4908777d640b7p-6,-0.02008258522347797,-1.0981496560848956
H593-b5088f4d9100c24150c49220,DIFFICULT-0102,77,309,/hkfs/work/workspace/scratch/ap7811-benchmark/dailymed/data/box_flat_20000_images/data/raw_images/animal/durvet_feline-tape-tabs_3ct_carton_0822.jpg,122,382.9488525390625,0x1.7ef2e80000000p+8,False,False,False,CHALLENGER,77,-4.781356111575869,-0x1.3201bd106fe0ap+2,-4.781356111575869,-0x1.3201bd106fe0ap+2,0.0004289436691969856,0.011726739026052865,0.03657825660177286,0.0003619445446520858,0.0004275337202731247,6.699912454489977e-05,1.4099489238608882e-06,-1.0981496560848956,8.881784197001252e-16,-1.6775854493639348,-3.103770662211934,False,87,-3.802495323308306,-0x1.e6b82ab066abep+1,-1.6775854493639348,-0x1.ad763d714378fp+0,0.44118014796251637,-0.8835790873674344,-0x1.c4647a6758669p-1,1.5444884166204946,0x1.8b6397c66f93bp+0,-1.7479911404673418,-0.5680557099346877,-0x1.22d832b0f37acp-1,-2.101908525172059,-0x1.0d0b56ab66175p+1,3.7001802612172074,-0.6334820448296481,-0x1.4457c2324b07ep-1,-1.2648167132842247,-0x1.43cb0732fd6dap+0,1.996610201674068,-0.8967071143816996,-0x1.cb1d31e4b848ep-1,-0.16330159929966961,-0x1.4e7111a3033b1p-3,0.18211252780376327,0.9999999884528051,0x1.ffffff9ccf733p-1,-0.020082584991580443,-0x1.4908777082b80p-6,-0.02008258522347797,-1.0981496560848956
H593-b5088f4d9100c24150c49220,DIFFICULT-0102,78,355,/hkfs/work/workspace/scratch/ap7811-benchmark/dailymed/data/box_flat_20000_images/data/raw_images/animal/gal02-0001-16.jpg,125,382.11737060546875,0x1.7e1e0c0000000p+8,False,False,False,CHALLENGER,78,-4.327291433625607,-0x1.14f257c4ebb54p+2,-4.327291433625607,-0x1.14f257c4ebb54p+2,0.0007956426858048956,0.01590761155691448,0.0500164768895842,0.0008107487442798016,0.0009502888087073402,-1.5106058474905989e-05,-0.00015464612290244466,-1.0981496560848956,8.881784197001252e-16,-1.69507532283889,-2.6322161107867172,False,58,-3.8421387060754766,-0x1.ebcb337ca51c6p+1,-1.69507532283889,-0x1.b1f074d3d9844p+0,0.44118014796251637,-0.7942890718999333,-0x1.96ad0ea6c2c49p-1,1.3884102606511108,0x1.636edad6ed674p+0,-1.7479911404673418,-0.4559485294075592,-0x1.d2e42bd9dbea5p-2,-1.687091748644864,-0x1.afe53eadc7f90p+0,3.7001802612172074,-0.5304431448721989,-0x1.0f963e6f3a1aap-1,-1.059088194459908,-0x1.0f206766c8f55p+0,1.996610201674068,-0.9999999991970271,-0x1.fffffff91a3e7p-1,-0.18211252765753186,-0x1.74f769b3d913dp-3,0.18211252780376327,-0.28959196959223,-0x1.288acc1a54d7cp-2,0.005815755409370799,0x1.7d242f48e7847p-8,-0.02008258522347797,-1.0981496560848956
H593-b5088f4d9100c24150c49220,DIFFICULT-0102,79,361,/hkfs/work/workspace/scratch/ap7811-benchmark/dailymed/data/box_flat_20000_images/data/raw_images/animal/image-10.jpg,89,390.1306457519531,0x1.8621720000000p+8,False,False,False,CHALLENGER,79,-4.151138013819554,-0x1.09ac3ec6a2647p+2,-4.151138013819554,-0x1.09ac3ec6a2647p+2,0.0004201496579680572,0.01982894319324775,0.021188706522248177,0.00042073648498080774,0.00046155482220815814,-5.868270127505561e-07,-4.140516424010096e-05,-1.0981496560848956,0.0,-1.526519443547243,-2.624618570272311,False,44,-3.460081897603741,-0x1.bae3f6afd847bp+1,-1.526519443547243,-0x1.86c9fa6ebe57cp+0,0.44118014796251637,-0.8858296453957487,-0x1.c58b76999aa21p-1,1.5484223721150958,0x1.8c656898a10b5p+0,-1.7479911404673418,-0.3644535341319361,-0x1.75334ea8087bfp-2,-1.3485437731258418,-0x1.593a2a2accc88p+0,3.7001802612172074,-0.7699494872698427,-0x1.8a36d1b6cab90p-1,-1.537289001056686,-0x1.898bc5a009fa5p+0,1.996610201674068,-0.9999999991875551,-0x1.fffffff9056a3p-1,-0.18211252765580688,-0x1.74f769b3c9e78p-3,0.18211252780376327,0.3458710313877392,0x1.622c0401c6c9ep-2,-0.006945984464176496,-0x1.c736481cb6a86p-8,-0.02008258522347797,-1.0981496560848956
H593-b5088f4d9100c24150c49220,DIFFICULT-0102,80,362,/hkfs/work/workspace/scratch/ap7811-benchmark/dailymed/data/box_flat_20000_images/data/raw_images/animal/image-13.jpg,65,395.5260314941406,0x1.8b86aa0000000p+8,False,False,False,CHALLENGER,80,-4.90791676531051,-0x1.3a1b4eeb9feb8p+2,-4.90791676531051,-0x1.3a1b4eeb9feb8p+2,0.00017355348655948363,0.010580227790037781,0.016403568051994076,0.00017138966983991743,0.00017511401623414622,2.163816719566203e-06,-1.5605296746625886e-06,-1.0981496560848956,0.0,-1.413029769067387,-3.4948869962431233,False,95,-3.202840779652309,-0x1.99f6afc9736e8p+1,-1.413029769067387,-0x1.69bc51a66b3a6p+0,0.44118014796251637,-0.9512041451888454,-0x1.e7043acecfbb7p-1,1.662696418565913,0x1.a9a678f4eabb8p+0,-1.7479911404673418,-0.6018800068300145,-0x1.34299dc2e6ffap-1,-2.227064520893698,-0x1.1d107341a900fp+1,3.7001802612172074,-0.8171530502889423,-0x1.a261e275a2a31p-1,-1.631536116535985,-0x1.a1ac59d6c3d08p+0,1.996610201674068,-0.9964885345570008,-0x1.fe33bec585c71p-1,-0.18147304595564312,-0x1.73a823ebe143ap-3,0.18211252780376327,0.9640230639321182,0x1.ed946e585b387p-1,-0.019360075338815116,-0x1.3d320a9b6961fp-6,-0.02008258522347797,-1.0981496560848956
H593-b5088f4d9100c24150c49220,DIFFICULT-0102,81,363,/hkfs/work/workspace/scratch/ap7811-benchmark/dailymed/data/box_flat_20000_images/data/raw_images/animal/image-16.jpg,56,398.90997314453125,0x1.8ee8f40000000p+8,False,False,False,CHALLENGER,81,-4.749692102048672,-0x1.2ffaf49517963p+2,-4.749692102048672,-0x1.2ffaf49517963p+2,0.00015812072018146317,0.011918174431172558,0.013267192982835595,0.0001618776631874365,0.00015598526184785723,-3.756943005973326e-06,2.1354583336059374e-06,-1.0981496560848956,0.0,-1.3418499767943786,-3.4078421252542936,False,85,-3.041501261993287,-0x1.854fe9d1807fap+1,-1.3418499767943786,-0x1.57837ae678600p+0,0.44118014796251637,-0.9554465227403962,-0x1.e93049607e6c9p-1,1.6701120569405412,0x1.ab8c76b93704ap+0,-1.7479911404673418,-0.5625466722715944,-0x1.20061e0fc2a02p-1,-2.0815240927527787,-0x1.0a6f61a81ac8ep+1,3.7001802612172074,-0.8494824474428583,-0x1.b2ef5d0496133p-1,-1.6960853207074662,-0x1.b232a5c7aa0b9p+0,1.996610201674068,-0.9999999991896422,-0x1.fffffff90a012p-1,-0.18211252765618696,-0x1.74f769b3cd3f6p-3,0.18211252780376327,0.9999999885487392,0x1.ffffff9da2694p-1,-0.020082584993507048,-0x1.490877710a4aap-6,-0.02008258522347797,-1.0981496560848956
H593-b5088f4d9100c24150c49220,DIFFICULT-0102,82,364,/hkfs/work/workspace/scratch/ap7811-benchmark/dailymed/data/box_flat_20000_images/data/raw_images/animal/image-19.jpg,81,391.7159729003906,0x1.87b74a0000000p+8,False,False,False,CHALLENGER,82,-4.55105597071039,-0x1.234480431dddcp+2,-4.55105597071039,-0x1.234480431dddcp+2,0.0002655290587450522,0.014998107182789945,0.017704171300345285,0.00026402923494303144,0.000266574499388821,1.499823802020761e-06,-1.0454406437687886e-06,-1.0981496560848956,0.0,-1.493172752389753,-3.057883218320637,False,75,-3.3844966943449513,-0x1.b137300bd0dabp+1,-1.493172752389753,-0x1.7e4091cacad3ep+0,0.44118014796251637,-0.9262974877679314,-0x1.da43aa10a9135p-1,1.6191598020555,0x1.9e8141bcd3824p+0,-1.7479911404673418,-0.47895041403085564,-0x1.ea71fa32ac389p-2,-1.7722028680987811,-0x1.c5af16505c963p+0,3.7001802612172074,-0.804075722908652,-0x1.9bafd02acce97p-1,-1.6054257912778658,-0x1.9afd2f45b17fcp+0,1.996610201674068,-0.9975647572488654,-0x1.fec0ced00d573p-1,-0.18166903959053837,-0x1.740ee5bde5904p-3,0.18211252780376327,0.975754122589132,0x1.f3960b5aea3d0p-1,-0.01959566532405621,-0x1.410e2d6d73a20p-6,-0.02008258522347797,-1.0981496560848956
H593-b5088f4d9100c24150c49220,DIFFICULT-0102,83,365,/hkfs/work/workspace/scratch/ap7811-benchmark/dailymed/data/box_flat_20000_images/data/raw_images/animal/image-22.jpg,116,383.3578186035156,0x1.7f5b9a0000000p+8,False,False,False,CHALLENGER,83,-4.377102261313029,-0x1.18227185e5932p+2,-4.377102261313029,-0x1.18227185e5932p+2,0.00042129842988862683,0.01851377081923635,0.022755949287807182,0.00041788637855658513,0.0004425906489231055,3.4120513320416994e-06,-2.1292219034478664e-05,-1.0981496560848956,8.881784197001252e-16,-1.6689830198536262,-2.7081192414594026,False,62,-3.782996645613861,-0x1.e4393bece505ap+1,-1.6689830198536262,-0x1.ab42789fd9c3cp+0,0.44118014796251637,-0.8855353470443442,-0x1.c564e39603d2fp-1,1.5479079412041865,0x1.8c43b1e0b0cfep+0,-1.7479911404673418,-0.393830738142958,-0x1.93485d71ef264p-2,-1.457244723537176,-0x1.750dfd7ddc58fp+0,3.7001802612172074,-0.7550178791581741,-0x1.8291b415c25fep-1,-1.5074763999735292,-0x1.81e9f92d60ccbp+0,1.996610201674068,-0.994468488689509,-0x1.fd2af947a5e1ap-1,-0.18110517029643464,-0x1.72e7447c7a42ap-3,0.18211252780376327,0.6000837361051261,0x1.333e2ceaddb3ap-1,-0.012051232771554258,-0x1.8ae51150adf6fp-7,-0.02008258522347797,-1.0981496560848956
H593-b5088f4d9100c24150c49220,DIFFICULT-0102,84,367,/hkfs/work/workspace/scratch/ap7811-benchmark/dailymed/data/box_flat_20000_images/data/raw_images/animal/imoxi-05.jpg,100,387.5818786621094,0x1.8394f60000000p+8,False,False,False,CHALLENGER,84,-4.7622114910044395,-0x1.30c812b49ff74p+2,-4.7622114910044395,-0x1.30c812b49ff74p+2,0.00028421145009882993,0.012980121469869862,0.02189590064766007,0.00028966620483757507,0.00029006933972429926,-5.45475473874514e-06,-5.8578896254693285e-06,-1.0981496560848956,-8.881784197001252e-16,-1.5801316894872448,-3.1820798015171947,False,86,-3.581601975484845,-0x1.ca71eefbff8a2p+1,-1.5801316894872448,-0x1.948382a9b88fcp+0,0.44118014796251637,-0.9213158577272341,-0x1.d7b6b64c73069p-1,1.6104519568792752,0x1.9c46945693606p+0,-1.7479911404673418,-0.5326759858557516,-0x1.10bae8253ae2dp-1,-1.9709971684878684,-0x1.f893453b29fbbp+0,3.7001802612172074,-0.7631804924655341,-0x1.86bf97f02b566p-1,-1.5237739569753246,-0x1.86160ccfb49dap+0,1.996610201674068,-0.9999999991907557,-0x1.fffffff90c73fp-1,-0.18211252765638974,-0x1.74f769b3cf080p-3,0.18211252780376327,0.871324533035409,0x1.be1e3fcb2dd9fp-1,-0.017498449191990745,-0x1.1eb1d0c0a90c5p-6,-0.02008258522347797,-1.0981496560848956
H593-b5088f4d9100c24150c49220,DIFFICULT-0102,85,368,/hkfs/work/workspace/scratch/ap7811-benchmark/dailymed/data/box_flat_20000_images/data/raw_images/animal/imoxi-06.jpg,102,386.9956359863281,0x1.82fee20000000p+8,False,False,False,CHALLENGER,85,-5.262833032529263,-0x1.50d241a3c1636p+2,-5.262833032529263,-0x1.50d241a3c1636p+2,0.00010794880530922727,0.009729177545795047,0.0110953680104114,0.00010923647391944802,0.00011055368910157022,-1.2876686102207535e-06,-2.6048837923429568e-06,-1.0981496560848956,8.881784197001252e-16,-1.5924630581084696,-3.670369974420794,False,115,-3.60955284471179,-0x1.ce05d3de9c46ap+1,-1.5924630581084696,-0x1.97aba8b2a9fd8p+0,0.44118014796251637,-0.9693668719120972,-0x1.f050dac960661p-1,1.6944447039648864,0x1.b1c720cc68dadp+0,-1.7479911404673418,-0.6279466034219485,-0x1.4182379aa9c10p-1,-2.3235156270802837,-0x1.2968f5c707021p+1,3.7001802612172074,-0.8725518732820537,-0x1.bebf1e7f9eb2bp-1,-1.7421459716847671,-0x1.bdfd47453e850p+0,1.996610201674068,-0.9999999991880175,-0x1.fffffff9066e8p-1,-0.1821125276558911,-0x1.74f769b3caa52p-3,0.18211252780376327,0.9406605608604143,0x1.e19e42d310a37p-1,-0.018890895879843855,-0x1.358228ffbf9e8p-6,-0.02008258522347797,-1.0981496560848956
H593-b5088f4d9100c24150c49220,DIFFICULT-0102,86,369,/hkfs/work/workspace/scratch/ap7811-benchmark/dailymed/data/box_flat_20000_images/data/raw_images/animal/imoxi-07.jpg,109,384.17388916015625,0x1.802c840000000p+8,False,False,False,CHALLENGER,86,-5.14241535477575,-0x1.491d554acd720p+2,-5.14241535477575,-0x1.491d554acd720p+2,0.00017581390504144067,0.010610526322716423,0.016569762865112064,0.00018356928137999842,0.00017053707538320574,-7.755376338557752e-06,5.27682965823493e-06,-1.0981496560848956,8.881784197001252e-16,-1.6518173182242577,-3.490598036551492,False,107,-3.744088046238653,-0x1.df3e46eff8433p+1,-1.6518173182242577,-0x1.a6dd7ff0bd573p+0,0.44118014796251637,-0.9505843143675833,-0x1.e6b2fcbc9944dp-1,1.6616129597817582,0x1.a95f7788df569p+0,-1.7479911404673418,-0.6009673803744118,-0x1.33b1ff19577f0p-1,-2.223687638496812,-0x1.1ca1cbe9ee7fep+1,3.7001802612172074,-0.8154714364016735,-0x1.a18578dc55ac8p-1,-1.6281785890933873,-0x1.a0d04fe03419fp+0,1.996610201674068,-0.9999999991922595,-0x1.fffffff90fc28p-1,-0.1821125276566636,-0x1.74f769b3d170bp-3,0.18211252780376327,0.9999999889463678,0x1.ffffffa10cce4p-1,-0.02008258500149246,-0x1.490877733c370p-6,-0.02008258522347797,-1.0981496560848956
H593-b5088f4d9100c24150c49220,DIFFICULT-0102,87,370,/hkfs/work/workspace/scratch/ap7811-benchmark/dailymed/data/box_flat_20000_images/data/raw_images/animal/imoxi-08.jpg,92,389.76983642578125,0x1.85c5140000000p+8,False,False,False,CHALLENGER,87,-5.0698570104768645,-0x1.44788989d93eep+2,-5.0698570104768645,-0x1.44788989d93eep+2,0.0001636252640476581,0.010271062360171113,0.01593070495630134,0.00016470186316378034,0.0001438484070547794,-1.076599116122247e-06,1.9776856992878702e-05,-1.0981496560848956,0.0,-1.5341089162806494,-3.535748094196215,False,103,-3.4772845590753794,-0x1.bd17a9120ea91p+1,-1.5341089162806494,-0x1.88bb5ca7ed698p+0,0.44118014796251637,-0.9539312408320535,-0x1.e869acf40342ep-1,1.6674633575894477,0x1.aadee0ec20021p+0,-1.7479911404673418,-0.6112522475915461,-0x1.38f60dfa063d2p-1,-2.261743501162892,-0x1.2180cfa0b7b35p+1,3.7001802612172074,-0.8219547212940436,-0x1.a4d73fcd805d5p-1,-1.6411231818498528,-0x1.a420a61ac0a90p+0,1.996610201674068,-0.9999999991878783,-0x1.fffffff906202p-1,-0.18211252765586575,-0x1.74f769b3ca6c1p-3,0.18211252780376327,0.9999999904732896,0x1.ffffffae2a8adp-1,-0.020082585032156996,-0x1.4908777baa0a3p-6,-0.02008258522347797,-1.0981496560848956
H593-b5088f4d9100c24150c49220,DIFFICULT-0102,88,371,/hkfs/work/workspace/scratch/ap7811-benchmark/dailymed/data/box_flat_20000_images/data/raw_images/animal/imoxi-09.jpg,121,382.99725341796875,0x1.7eff4c0000000p+8,False,False,False,CHALLENGER,88,-4.968894900713265,-0x1.3e025fc1f4c6ep+2,-4.968894900713265,-0x1.3e025fc1f4c6ep+2,0.00023499663746111507,0.012124580441472103,0.019381836641316638,0.0002379446467433105,0.0002515351185934827,-2.948009282195414e-06,-1.6538481132367613e-05,-1.0981496560848956,0.0,-1.676567357191459,-3.2923275435218056,False,99,-3.800187666952557,-0x1.e66c8caa1ca49p+1,-1.676567357191459,-0x1.ad3384b0adb00p+0,0.44118014796251637,-0.934494754021091,-0x1.de7618ad9bb99p-1,1.633488550842075,0x1.a22c4e4041d44p+0,-1.7479911404673418,-0.5566500227808078,-0x1.1d013b56528c0p-1,-2.059705426699654,-0x1.07a46d6b88cc7p+1,3.7001802612172074,-0.7874825364177646,-0x1.9330e9382bbd3p-1,-1.5722956658518796,-0x1.9281f80079f33p+0,1.996610201674068,-0.9999999991891106,-0x1.fffffff908d5ep-1,-0.18211252765609015,-0x1.74f769b3cc656p-3,0.18211252780376327,0.6748542540985818,0x1.59867f2dd6faep-1,-0.013552818071361425,-0x1.bc1947314c1b8p-7,-0.02008258522347797,-1.0981496560848956
H593-b5088f4d9100c24150c49220,DIFFICULT-0102,89,374,/hkfs/work/workspace/scratch/ap7811-benchmark/dailymed/data/box_flat_20000_images/data/raw_images/animal/int07-0006-01.jpg,24,413.0222473144531,0x1.9d05b20000000p+8,False,False,False,CHALLENGER,89,-3.219646857484163,-0x1.9c1d6362c825cp+1,-3.219646857484163,-0x1.9c1d6362c825cp+1,0.0009326979959817104,0.024602538900850176,0.03791064002542761,0.0009551730775485722,0.001070863389094325,-2.2475081566861762e-05,-0.0001381653931126145,-1.0981496560848956,0.0,-1.0450042129796193,-2.1746426445045435,False,15,-2.368656472431314,-0x1.2f3022a2468e6p+1,-1.0450042129796193,-0x1.0b856566edffcp+0,0.44118014796251637,-0.7630520025284809,-0x1.86aec08803a73p-1,1.3338081401356483,0x1.55747345056d0p+0,-1.7479911404673418,-0.2674901071405607,-0x1.11e8ed38b060dp-2,-0.9897616145123788,-0x1.fac208ca556a3p-1,3.7001802612172074,-0.6226503497523487,-0x1.3ecc06d20f005p-1,-1.243190040391466,-0x1.3e41b3d631bb6p+0,1.996610201674068,-0.9999999992017504,-0x1.fffffff924a17p-1,-0.18211252765839203,-0x1.74f769b3e0a4cp-3,0.18211252780376327,-0.2371733496428747,-0x1.e5bb242197637p-3,0.004763054006940769,0x1.3826c9305b3ffp-8,-0.02008258522347797,-1.0981496560848956
H593-b5088f4d9100c24150c49220,DIFFICULT-0102,90,375,/hkfs/work/workspace/scratch/ap7811-benchmark/dailymed/data/box_flat_20000_images/data/raw_images/animal/int07-0006-02.jpg,14,425.253662109375,0x1.a940f00000000p+8,False,False,False,CHALLENGER,90,-3.1084711646127046,-0x1.8de2621449096p+1,-3.1084711646127046,-0x1.8de2621449096p+1,0.0009216163598319368,0.02128504841189351,0.0432987673787466,0.0007972391143064327,0.0009038929320693513,0.00012437724552550407,1.7723427762585532e-05,-1.0981496560848956,0.0,-0.7877215366642516,-2.320749627948453,False,13,-1.7854872670544055,-0x1.c915b18b6c4fap+0,-0.7877215366642516,-0x1.93503cbca7d8cp-1,0.44118014796251637,-0.7655372106545415,-0x1.87f47e4743bf4p-1,1.3381522619222197,0x1.5691258a063c7p+0,-1.7479911404673418,-0.3333398553932059,-0x1.55570b0578004p-2,-1.2334175532029388,-0x1.3bc140b551a78p+0,3.7001802612172074,-0.5802740435040498,-0x1.2919adef22993p-1,-1.1585810750268477,-0x1.2898c4f3013ccp+0,1.996610201674068,-0.8163689907585748,-0x1.a1fb1dc98d9f3p-1,-0.14867102052765113,-0x1.307a6e983bd08p-3,0.18211252780376327,0.9999999902832055,0x1.ffffffac888b0p-1,-0.020082585028339615,-0x1.4908777a9d6a6p-6,-0.02008258522347797,-1.0981496560848956
H593-b5088f4d9100c24150c49220,DIFFICULT-0102,91,376,/hkfs/work/workspace/scratch/ap7811-benchmark/dailymed/data/box_flat_20000_images/data/raw_images/animal/int07-0006-03.jpg,38,409.1485900878906,0x1.99260a0000000p+8,False,False,False,CHALLENGER,91,-3.4819565825959735,-0x1.bdb0c0d82bba8p+1,-3.4819565825959735,-0x1.bdb0c0d82bba8p+1,0.000575725489753568,0.023062795396524772,0.0249633871287052,0.000562457902642277,0.0007488100535401469,1.3267587111290974e-05,-0.00017308456378657884,-1.0981496560848956,4.440892098500626e-16,-1.1264849668489207,-2.355471615747053,False,20,-2.5533446417553436,-0x1.46d3ff49e0c5dp+1,-1.1264849668489207,-0x1.2061519c0d401p+0,0.44118014796251637,-0.8467923661137075,-0x1.b18ec4ddebf23p-1,1.4801855537821385,0x1.7aed70c18184ep+0,-1.7479911404673418,-0.29722506194103454,-0x1.305bc4425a6ffp-2,-1.0997863073332779,-0x1.198b986e95c4cp+0,3.7001802612172074,-0.7344092313852894,-0x1.78047c9d5c523p-1,-1.4663289635874799,-0x1.776155bfc92a4p+0,1.996610201674068,-0.9786614715052371,-0x1.f5131dcbf0c1ep-1,-0.17822651443996937,-0x1.6d0205d665de3p-3,0.18211252780376327,-0.34030837366702216,-0x1.5c79cc5dd1b92p-2,0.006834271916431159,0x1.bfe40e5f7fc03p-8,-0.02008258522347797,-1.0981496560848956
H593-b5088f4d9100c24150c49220,DIFFICULT-0102,92,377,/hkfs/work/workspace/scratch/ap7811-benchmark/dailymed/data/box_flat_20000_images/data/raw_images/animal/int07-0006-04.jpg,13,425.65435791015625,0x1.a9a7840000000p+8,False,False,False,CHALLENGER,92,-3.2597409704126457,-0x1.a13f312ead435p+1,-3.2597409704126457,-0x1.a13f312ead435p+1,0.0006342003573691643,0.020396689697894207,0.03109329831274731,0.0006192161413427238,0.0007207902437765142,1.4984216026440555e-05,-8.658988640734984e-05,-1.0981496560848956,0.0,-0.7792930686790002,-2.4804479017336454,False,16,-1.76638289886337,-0x1.c431ab6ed4f42p+0,-0.7792930686790002,-0x1.8eff8047f39a7p-1,0.44118014796251637,-0.8325344405106648,-0x1.aa41f44592ecdp-1,1.4552628261465774,0x1.748c1ac562535p+0,-1.7479911404673418,-0.35215092061131065,-0x1.689a403d20a2fp-2,-1.3030218854154396,-0x1.4d92d79fd4e1fp+0,3.7001802612172074,-0.6796383863082319,-0x1.5bf9900499a2dp-1,-1.3569729355523172,-0x1.5b62940bc11b0p+0,1.996610201674068,-0.9759338046766892,-0x1.f3ad987c4b620p-1,-0.17772977213881605,-0x1.6bfd9636e4db9p-3,0.18211252780376327,-0.008142443287342588,-0x1.0acfc3d0784bdp-7,0.00016352131124539363,0x1.56edd5e34fc78p-13,-0.02008258522347797,-1.0981496560848956
H593-b5088f4d9100c24150c49220,DIFFICULT-0102,93,378,/hkfs/work/workspace/scratch/ap7811-benchmark/dailymed/data/box_flat_20000_images/data/raw_images/animal/int07-0006-05.jpg,29,412.0754089355469,0x1.9c134e0000000p+8,False,False,False,CHALLENGER,93,-3.0776851622299723,-0x1.89f1965f94c28p+1,-3.0776851622299723,-0x1.89f1965f94c28p+1,0.0008911782461528879,0.02854769461717263,0.03121717035661461,0.0009350480309063861,0.0009929443090699783,-4.386978475349828e-05,-0.00010176606291709047,-1.0981496560848956,0.0,-1.0649205608631234,-2.012764601366849,False,12,-2.4137998180135734,-0x1.34f76476bac22p+1,-1.0649205608631234,-0x1.109ea245bebe6p+0,0.44118014796251637,-0.7723995647768866,-0x1.8b77f4ac529e0p-1,1.3501475961308285,0x1.59a345da27a92p+0,-1.7479911404673418,-0.19717856039466813,-0x1.93d25a62f08f2p-3,-0.729596217107576,-0x1.758da2a786536p-1,3.7001802612172074,-0.6785672229077888,-0x1.5b6d29bd0d90cp-1,-1.3548342397793325,-0x1.5ad66aaf5a6efp+0,1.996610201674068,-0.9999999992151543,-0x1.fffffff9421b2p-1,-0.18211252766083302,-0x1.74f769b3f61d6p-3,0.18211252780376327,-0.08865607266928618,-0x1.6b22a14b4d58ep-4,0.0017804431349597958,0x1.d2bb8425edd2dp-10,-0.02008258522347797,-1.0981496560848956
H593-b5088f4d9100c24150c49220,DIFFICULT-0102,94,379,/hkfs/work/workspace/scratch/ap7811-benchmark/dailymed/data/box_flat_20000_images/data/raw_images/animal/int07-0006-06.jpg,12,427.88555908203125,0x1.abe2b40000000p+8,False,False,False,CHALLENGER,94,-3.5992271923643497,-0x1.ccb37a050a159p+1,-3.5992271923643497,-0x1.ccb37a050a159p+1,0.0004206392312801132,0.01601157280240491,0.026270950172798384,0.0004027695150657091,0.0004182211670244399,1.7869716214404137e-05,2.4180642556733355e-06,-1.0981496560848956,0.0,-0.7323606885314221,-2.8668665038329277,False,23,-1.660003723906555,-0x1.a8f601096ab7dp+0,-0.7323606885314221,-0x1.76f7faec3cac1p-1,0.44118014796251637,-0.8857042127317956,-0x1.c57b05c739982p-1,1.5482031169297805,0x1.8c570a1ac7570p+0,-1.7479911404673418,-0.45336477566068295,-0x1.d03edb127bea1p-2,-1.6775313940308265,-0x1.ad72b28b602d3p+0,3.7001802612172074,-0.7224285006131524,-0x1.71e225ffa9e27p-1,-1.442408114304321,-0x1.7141a87e6c0e0p+0,1.996610201674068,-0.9713657455737124,-0x1.f156d9db63336p-1,-0.17689787134841595,-0x1.6a496e6163400p-3,0.18211252780376327,0.9999999885856782,0x1.ffffff9df3a41p-1,-0.020082584994248878,-0x1.490877713e7e4p-6,-0.02008258522347797,-1.0981496560848956
H593-b5088f4d9100c24150c49220,DIFFICULT-0102,95,380,/hkfs/work/workspace/scratch/ap7811-benchmark/dailymed/data/box_flat_20000_images/data/raw_images/animal/int07-0006-07.jpg,35,410.46954345703125,0x1.9a78340000000p+8,False,False,False,CHALLENGER,95,-3.1272475707358227,-0x1.9049a5fd6724ap+1,-3.1272475707358227,-0x1.9049a5fd6724ap+1,0.000906625158496165,0.027855143357455703,0.03254785469461595,0.0009320813966362684,0.0012947496839897453,-2.545623814010343e-05,-0.0003881245254935803,-1.0981496560848956,0.0,-1.0986992671732463,-2.0285483035625766,False,14,-2.4903642474561076,-0x1.3ec44172f9cf2p+1,-1.0986992671732463,-0x1.19445aeca5f45p+0,0.44118014796251637,-0.768910363490318,-0x1.89ae9e817e26ap-1,1.3440485031945995,0x1.5813900d7563fp+0,-1.7479911404673418,-0.2089513305467793,-0x1.abeeacd93b9a5p-3,-0.7731575888442649,-0x1.8bdb4fbd7b0cdp-1,3.7001802612172074,-0.6671459294054987,-0x1.559426b8e98b6p-1,-1.3320303686563464,-0x1.54fff136a867ap+0,1.996610201674068,-0.9999999992036455,-0x1.fffffff928cc4p-1,-0.18211252765873714,-0x1.74f769b3e3adep-3,0.18211252780376327,-0.640023898518884,-0x1.47b1366198144p-1,0.012853334487068102,0x1.a52d95a21ce20p-7,-0.02008258522347797,-1.0981496560848956
H593-b5088f4d9100c24150c49220,DIFFICULT-0102,96,381,/hkfs/work/workspace/scratch/ap7811-benchmark/dailymed/data/box_flat_20000_images/data/raw_images/animal/int07-0006-08.jpg,15,423.76165771484375,0x1.a7c2fc0000000p+8,False,False,False,CHALLENGER,96,-3.5303015191094227,-0x1.c3e0eb90cc0b2p+1,-3.5303015191094227,-0x1.c3e0eb90cc0b2p+1,0.0005686681790368996,0.017096517381366826,0.03326222331436228,0.0005494863736709215,0.0005243974969151358,1.9181805365978068e-05,4.427068212176381e-05,-1.0981496560848956,0.0,-0.819105222863714,-2.7111962962457086,False,22,-1.8566230294961208,-0x1.db4ba598afb03p+0,-0.819105222863714,-0x1.a361c2805d693p-1,0.44118014796251637,-0.8485281684285324,-0x1.b27248ba45498p-1,1.483219720850055,0x1.7bb449a1d54efp+0,-1.7479911404673418,-0.4269378743439286,-0x1.b52f33beec792p-2,-1.579747095413437,-0x1.946a4e3ec06fap+0,3.7001802612172074,-0.6610783705119577,-0x1.5278dd3ae2377p-1,-1.3199158186702442,-0x1.51e600caa9697p+0,1.996610201674068,-0.9692955448350267,-0x1.f0478172732b8p-1,-0.17652086185883267,-0x1.6983c505f69edp-3,0.18211252780376327,0.9999999922757169,0x1.ffffffbda61f3p-1,-0.020082585068354395,-0x1.490877859d349p-6,-0.02008258522347797,-1.0981496560848956
H593-b5088f4d9100c24150c49220,DIFFICULT-0102,97,382,/hkfs/work/workspace/scratch/ap7811-benchmark/dailymed/data/box_flat_20000_images/data/raw_images/animal/int08-0008-01.jpg,18,418.374267578125,0x1.a25fd00000000p+8,False,False,False,CHALLENGER,97,-3.811962868730366,-0x1.e7ee663761b2ap+1,-3.811962868730366,-0x1.e7ee663761b2ap+1,0.00048154892616754103,0.014925234335969864,0.03226407809269745,0.00042626062323293713,0.00041395201638876533,5.5288302934603905e-05,6.75969097787757e-05,-1.0981496560848956,0.0,-0.9324267131385328,-2.8795361555918335,False,29,-2.1134829330937026,-0x1.0e869bd725537p+1,-0.9324267131385328,-0x1.dd6708bdb18c1p-1,0.44118014796251637,-0.8702277617846924,-0x1.bd8e7e41df813p-1,1.5211504177883668,0x1.856a1d20b2a13p+0,-1.7479911404673418,-0.4808248993811578,-0x1.ec5d5cc7c73bap-2,-1.7791388017919099,-0x1.c775a3f8bdaa4p+0,3.7001802612172074,-0.6695685329207653,-0x1.56d1afcea6991p-1,-1.3368673635495392,-0x1.563cf08588f6ap+0,1.996610201674068,-0.913985264326108,-0x1.d3f5e0669cf41p-1,-0.16644816686181826,-0x1.54e2c6c9348d7p-3,0.18211252780376327,0.9999999934549868,0x1.ffffffc7c75d2p-1,-0.020082585092037183,-0x1.4908778c1fbbcp-6,-0.02008258522347797,-1.0981496560848956
H593-b5088f4d9100c24150c49220,DIFFICULT-0102,98,383,/hkfs/work/workspace/scratch/ap7811-benchmark/dailymed/data/box_flat_20000_images/data/raw_images/animal/int08-0008-02.jpg,8,458.1820068359375,0x1.ca2e980000000p+8,False,False,False,CHALLENGER,98,0.711937062960794,0x1.6c8303c4742cap-1,0.711937062960794,0x1.6c8303c4742cap-1,0.0888928761894093,0.16741655723798576,0.5309682486365218,0.0682921548102125,0.07541663359504527,0.0206007213791968,0.01347624259436403,-1.0981496560848956,0.0,-0.09508762636613134,0.8070246893269253,False,4,-0.2155301565704407,-0x1.b967dfee2ca6bp-3,-0.09508762636613134,-0x1.857a9a57f2e61p-4,0.44118014796251637,0.8551664898822998,0x1.b5d861d55bf39p-1,-1.4948234479388147,-0x1.7eacbfde30f06p+0,-1.7479911404673418,0.594539995176126,0x1.30678bd6e4133p-1,2.199905154654875,0x1.19967dfac5b28p+1,3.7001802612172074,0.5301927612649249,0x1.0f756cf46ae64p-1,1.0585882759952927,0x1.0effa429542c8p+0,1.996610201674068,0.8872917743285857,0x1.c64b1b81808eap-1,0.16158694792246503,0x1.4aee19064caeap-3,0.18211252780376327,0.9999999999262614,0x1.ffffffff5dd8ep-1,-0.020082585221997108,-0x1.490877afd8d9ap-6,-0.02008258522347797,-1.0981496560848956
H593-b5088f4d9100c24150c49220,DIFFICULT-0102,99,384,/hkfs/work/workspace/scratch/ap7811-benchmark/dailymed/data/box_flat_20000_images/data/raw_images/animal/int08-0008-03.jpg,7,459.551025390625,0x1.cb8d100000000p+8,False,False,False,CHALLENGER,99,-1.535258761017658,-0x1.8906b7d977e3ep+0,-1.535258761017658,-0x1.8906b7d977e3ep+0,0.004239251215829892,0.03211494615886772,0.13200243882891674,0.003497210073917113,0.0037835207508072604,0.0007420411419127785,0.0004557304650226312,-1.0981496560848956,0.0,-0.06629089568689465,-1.4689678653307634,False,8,-0.15025811109825113,-0x1.33ba8649017b3p-3,-0.06629089568689465,-0x1.0f870acff6d33p-4,0.44118014796251637,-0.2415789581962632,-0x1.eec0f2e6d66ddp-3,0.42227787865039845,0x1.b0699cba82c88p-2,-1.7479911404673418,-0.13999707969976782,-0x1.1eb6c9f6c4a00p-3,-0.5180144309331332,-0x1.09392fff6d7ecp-1,3.7001802612172074,-0.10513767121448803,-0x1.aea4d6b719ea0p-4,-0.2099189469271008,-0x1.ade9fc1ee6b91p-3,1.996610201674068,-0.24753994353566544,-0x1.faf638cf83d44p-3,-0.045080124849680867,-0x1.714bdfbdba2c6p-5,0.18211252780376327,0.9999999981513034,0x1.fffffff01eac5p-1,-0.02008258518635136,-0x1.490877a60c80fp-6,-0.02008258522347797,-1.0981496560848956
H593-b5088f4d9100c24150c49220,DIFFICULT-0102,100,385,/hkfs/work/workspace/scratch/ap7811-benchmark/dailymed/data/box_flat_20000_images/data/raw_images/animal/int08-0008-04.jpg,10,456.611083984375,0x1.c89c700000000p+8,False,False,False,CHALLENGER,100,-1.032190101874754,-0x1.083d9c4ace960p+0,-1.032190101874754,-0x1.083d9c4ace960p+0,0.010074642993523869,0.04941362640163938,0.20388390262305514,0.008182833227287722,0.009722293446559931,0.001891809766236147,0.00035234954696393775,-1.0981496560848956,0.0,-0.12813132918477574,-0.9040587726899781,False,7,-0.29042859198565313,-0x1.29661ce19b595p-2,-0.12813132918477574,-0x1.0669b7e388713p-3,0.44118014796251637,0.1842391347459765,0x1.79525e1304b93p-3,-0.32204837526333574,-0x1.49c70c9df1a02p-2,-1.7479911404673418,0.07439205717428643,0x1.30b5b9ca54e10p-4,0.2752640215476366,0x1.19decfc9400a1p-2,3.7001802612172074,0.11137355554225427,0x1.c82fa32b176f9p-4,0.22236957719237832,0x1.c769b36d5538ep-3,1.996610201674068,0.21189231493946714,0x1.b1f49917828c0p-3,0.03858824509581747,0x1.3c1d6a564a49ep-5,0.18211252780376327,0.9999999977144984,0x1.ffffffec5e210p-1,-0.020082585177579187,-0x1.490877a3a3378p-6,-0.02008258522347797,-1.0981496560848956
H593-b5088f4d9100c24150c49220,DIFFICULT-0102,101,386,/hkfs/work/workspace/scratch/ap7811-benchmark/dailymed/data/box_flat_20000_images/data/raw_images/animal/int08-0008-06.jpg,17,418.44061279296875,0x1.a270cc0000000p+8,False,False,False,CHALLENGER,101,-4.276791187375132,-0x1.11b6f26266388p+2,-4.276791187375132,-0x1.11b6f26266388p+2,0.00018591599669139997,0.012150069224840982,0.015301640941377698,0.0001747003468680097,0.00019941400207754506,1.1215649823390268e-05,-1.3498005386145087e-05,-1.0981496560848956,0.0,-0.9310311693913936,-3.345760017983738,False,54,-2.1103197269667175,-0x1.0e1ef4f1b67d6p+1,-0.9310311693913936,-0x1.dcb01e102f72bp-1,0.44118014796251637,-0.9478190190725914,-0x1.e54888d2e31cfp-1,1.6567792481053363,0x1.a822af4f4dcbbp+0,-1.7479911404673418,-0.5559249397792094,-0x1.1ca23196c3d3ap-1,-2.0570224888893955,-0x1.074c834e754f2p+1,3.7001802612172074,-0.8283820017627963,-0x1.a821af8c551b6p-1,-1.653955955602785,-0x1.a769a85256a0bp+0,1.996610201674068,-0.9819318295556627,-0x1.f6bfc4cdafa00p-1,-0.17882208761135576,-0x1.6e3a4650beea0p-3,0.18211252780376327,0.7264541760085041,0x1.73f1cd3fff910p-1,-0.014589077900642249,-0x1.de0e0e3b249c9p-7,-0.02008258522347797,-1.0981496560848956
H593-b5088f4d9100c24150c49220,DIFFICULT-0102,102,387,/hkfs/work/workspace/scratch/ap7811-benchmark/dailymed/data/box_flat_20000_images/data/raw_images/animal/int08-0008-07.jpg,2,462.58367919921875,0x1.ce956c0000000p+8,False,False,False,CHALLENGER,102,0.7790928308809537,0x1.8ee5416a5d0f0p-1,0.7790928308809537,0x1.8ee5416a5d0f0p-1,0.08584926210514195,0.16412478093029526,0.5230731253289692,0.06418755565819091,0.07396655664788633,0.021661706446951035,0.011882705457255616,-1.0981496560848956,-1.1102230246251565e-16,-0.0025002957199203504,0.7815931266008741,False,2,-0.005667289726129701,-0x1.73695807dae5dp-8,-0.0025002957199203504,-0x1.47b800b1dcaacp-9,0.44118014796251637,0.8504157484376579,0x1.b369b1671611bp-1,-1.4865191939829296,-0x1.7c8c859b08704p+0,-1.7479911404673418,0.5880827495094543,0x1.2d192ea0f8406p-1,2.176012181697226,0x1.168791320b294p+1,3.7001802612172074,0.5247865219941766,0x1.0cb0d1aab1721p-1,1.0477941235146258,0x1.0c3c3c556fb18p+0,1.996610201674068,0.8925155157573323,0x1.c8f7cb2eb35c8p-1,0.1625382566786473,0x1.4ce0db8644e70p-3,0.18211252780376327,0.9999999999164431,0x1.ffffffff4841ap-1,-0.02008258522179993,-0x1.490877afcaf99p-6,-0.02008258522347797,-1.0981496560848956
H593-b5088f4d9100c24150c49220,DIFFICULT-0102,103,388,/hkfs/work/workspace/scratch/ap7811-benchmark/dailymed/data/box_flat_20000_images/data/raw_images/animal/int08-0008-08.jpg,3,462.541015625,0x1.ce8a800000000p+8,False,False,False,CHALLENGER,103,-1.6978837054024483,-0x1.b2a881ab1d647p+0,-1.6978837054024483,-0x1.b2a881ab1d647p+0,0.003346662387166752,0.02689671097343691,0.12442645461268119,0.002892450296319367,0.0032265520147999605,0.000454212090847385,0.00012011037236679158,-1.0981496560848956,0.0,-0.003397706096415511,-1.6944859993060328,False,9,-0.007701402957741851,-0x1.f8b819d639c3cp-8,-0.003397706096415511,-0x1.bd5819218c6b7p-9,0.44118014796251637,-0.3493136531839106,-0x1.65b27a71e27dap-2,0.6105971710097574,0x1.38a0314108b7dp-1,-1.7479911404673418,-0.22563106181232784,-0x1.ce17a87b90cc8p-3,-0.8348756012354551,-0x1.ab74d09711b95p-1,3.7001802612172074,-0.13426480790944784,-0x1.12f96d77cc644p-3,-0.2680744851978127,-0x1.12821e2b443dbp-2,1.996610201674068,-0.46070879188705083,-0x1.d7c40ba889c86p-2,-0.08390084267196873,-0x1.57a868f6208d0p-4,0.18211252780376327,0.999999995129116,0x1.ffffffd628d01p-1,-0.020082585125658026,-0x1.490877955d970p-6,-0.02008258522347797,-1.0981496560848956
H593-b5088f4d9100c24150c49220,DIFFICULT-0102,104,389,/hkfs/work/workspace/scratch/ap7811-benchmark/dailymed/data/box_flat_20000_images/data/raw_images/animal/int08-0008-09.jpg,11,454.76043701171875,0x1.c6c2ac0000000p+8,False,False,False,CHALLENGER,104,-0.9027750715919283,-0x1.ce3888c04345ap-1,-0.9027750715919283,-0x1.ce3888c04345ap-1,0.011611192545927634,0.056216816908408435,0.20654304502592588,0.009637185102468837,0.012093829444300321,0.0019740074434587973,-0.00048263689837268683,-1.0981496560848956,-1.1102230246251565e-16,-0.1670589114819285,-0.7357161601099997,False,6,-0.3786637097191467,-0x1.83c06b65b3fdbp-2,-0.1670589114819285,-0x1.5622fb8a8fdafp-3,0.44118014796251637,0.25180696588009926,0x1.01d9af6d70a79p-2,-0.4401563454663757,-0x1.c2b858539eae4p-2,-1.7479911404673418,0.13813579721513478,0x1.1ae6f0db912fbp-3,0.5111273502229446,0x1.05b27bea98ed5p-1,3.7001802612172074,0.11776754258684012,0x1.e26037ff0d603p-4,0.23513587695497026,0x1.e18eeb2d1a5f7p-3,1.996610201674068,0.23210926078672758,0x1.db5c19a16bfddp-3,0.04227000420853387,0x1.5a469fb5ad8cep-5,0.18211252780376327,-0.6999402665743275,-0x1.665e92142e366p-1,0.01405661005482282,0x1.cc9b643d32036p-7,-0.02008258522347797,-1.0981496560848956
H593-b5088f4d9100c24150c49220,DIFFICULT-0102,105,390,/hkfs/work/workspace/scratch/ap7811-benchmark/dailymed/data/box_flat_20000_images/data/raw_images/animal/int08-0008-11.jpg,20,417.8148193359375,0x1.a1d0980000000p+8,False,False,False,CHALLENGER,105,-3.8721122686878715,-0x1.efa15ff43a360p+1,-3.8721122686878715,-0x1.efa15ff43a360p+1,0.0004038699004118065,0.01495853176734578,0.026999300913572787,0.0003726467928628826,0.000444065309592639,3.1223107548923905e-05,-4.019540918083253e-05,-1.0981496560848956,0.0,-0.9441944720955494,-2.927917796592322,False,30,-2.1401562977302646,-0x1.11f0a43d8a3b0p+1,-0.9441944720955494,-0x1.e36d75356dc1dp-1,0.44118014796251637,-0.8900101760745415,-0x1.c7af69eeb1d8dp-1,1.5557299027040774,0x1.8e44509d85f55p+0,-1.7479911404673418,-0.47996781081075157,-0x1.eb7cae8a42736p-2,-1.775967419581578,-0x1.c6a5cd01dd488p+0,3.7001802612172074,-0.7158263868488485,-0x1.6e80cbd242615p-1,-1.429226266609899,-0x1.6de1c5c9ac772p+0,1.996610201674068,-0.9504980109812039,-0x1.e6a7ace027967p-1,-0.17309759545223619,-0x1.6280fdfbde65ep-3,0.18211252780376327,0.3588562671386362,0x1.6f78046d4ce25p-2,-0.0072067615677908385,-0x1.d84d653e652d5p-8,-0.02008258522347797,-1.0981496560848956
H593-b5088f4d9100c24150c49220,DIFFICULT-0102,106,391,/hkfs/work/workspace/scratch/ap7811-benchmark/dailymed/data/box_flat_20000_images/data/raw_images/animal/int08-0008-12.jpg,6,461.2351379394531,0x1.cd3c320000000p+8,False,False,False,CHALLENGER,106,0.7768471050937402,0x1.8dbee75cbd622p-1,0.7768471050937402,0x1.8dbee75cbd622p-1,0.08839891905438063,0.16855358084559813,0.5244558947422043,0.0676018789449473,0.07640258503557695,0.020797040109433326,0.011996334018803678,-1.0981496560848956,1.1102230246251565e-16,-0.03086629509541724,0.8077134001891575,False,3,-0.06996301904781016,-0x1.1e918aebd618cp-4,-0.03086629509541724,-0x1.f9b69ffef1b36p-6,0.44118014796251637,0.8544160972563896,0x1.b57606d5c8c7bp-1,-1.4935117682768517,-0x1.7e56c988f0b18p+0,-1.7479911404673418,0.5967236262988129,0x1.3185c25768692p-1,2.2079849834328207,0x1.1a9f407ef397bp+1,3.7001802612172074,0.525742352195879,0x1.0d2e1a019b591p-1,1.0497025438464127,0x1.0cb94e50592d6p+0,1.996610201674068,0.8882962882586709,0x1.c6cec56675572p-1,0.16176988249348692,0x1.4b4e02164c5e5p-3,0.18211252780376327,0.999999999917229,0x1.ffffffff49fc1p-1,-0.02008258522181571,-0x1.490877afcc15ep-6,-0.02008258522347797,-1.0981496560848956
H593-b5088f4d9100c24150c49220,DIFFICULT-0102,107,392,/hkfs/work/workspace/scratch/ap7811-benchmark/dailymed/data/box_flat_20000_images/data/raw_images/animal/int08-0008-13.jpg,4,462.2064208984375,0x1.ce34d80000000p+8,False,False,False,CHALLENGER,107,-1.8887088395299518,-0x1.e3826c29727f5p+0,-1.8887088395299518,-0x1.e3826c29727f5p+0,0.0020604190306961027,0.025859275263197097,0.07967814293807722,0.00179980342003204,0.0020044284483098974,0.0002606156106640628,5.599058238620535e-05,-1.0981496560848956,0.0,-0.010435765730101448,-1.8782730737998503,False,10,-0.023654205154734417,-0x1.838ced635b7ccp-6,-0.010435765730101448,-0x1.55f58c427f156p-7,0.44118014796251637,-0.5421452617753879,-0x1.159410520367ap-1,0.9476651144297259,0x1.e5345ca412508p-1,-1.7479911404673418,-0.24421229066885378,-0x1.f42592cda1bc9p-3,-0.9036294974795319,-0x1.cea88686c0421p-1,3.7001802612172074,-0.34339841922479564,-0x1.5fa3d5d0463dcp-2,-0.6856327870629754,-0x1.5f0b42bb006a5p-1,1.996610201674068,-0.6503872300788207,-0x1.4cff8e15d9604p-1,-0.11844366252094182,-0x1.e5252e8f226e6p-4,0.18211252780376327,0.9999999929169316,0x1.ffffffc3282b0p-1,-0.020082585081231646,-0x1.49087789275c8p-6,-0.02008258522347797,-1.0981496560848956
H593-b5088f4d9100c24150c49220,DIFFICULT-0102,108,393,/hkfs/work/workspace/scratch/ap7811-benchmark/dailymed/data/box_flat_20000_images/data/raw_images/animal/int08-0008-14.jpg,9,456.91131591796875,0x1.c8e94c0000000p+8,False,False,False,CHALLENGER,108,-2.7750297768169205,-0x1.63342cfc6d6bdp+1,-2.7750297768169205,-0x1.63342cfc6d6bdp+1,0.0008023015500911256,0.015792582087919203,0.05080243025647208,0.0007782490830144469,0.000784366098570543,2.405246707667865e-05,1.7935451520582598e-05,-1.0981496560848956,0.0,-0.1218160764780809,-2.6532137003388394,False,11,-0.2761141385002452,-0x1.1abdaa2b497d7p-2,-0.1218160764780809,-0x1.f2f56a099b350p-4,0.44118014796251637,-0.7927458506936478,-0x1.95e2c8bd89af6p-1,1.3857127236547424,0x1.62be11adbf8a5p+0,-1.7479911404673418,-0.45881808914517813,-0x1.d5d468bec45adp-2,-1.6977096369443851,-0x1.b29d1948c7b91p+0,3.7001802612172074,-0.5248176622820296,-0x1.0cb4e68fba9e7p-1,-1.0478562985310362,-0x1.0c404f751931ap+0,1.996610201674068,-0.9616485450865574,-0x1.ec5d32b6c915fp-1,-0.17512824740452418,-0x1.66a9a379aa739p-3,0.18211252780376327,0.9999999903031828,0x1.ffffffacb4793p-1,-0.020082585028740812,-0x1.4908777ab9a5bp-6,-0.02008258522347797,-1.0981496560848956
H593-b5088f4d9100c24150c49220,DIFFICULT-0102,109,394,/hkfs/work/workspace/scratch/ap7811-benchmark/dailymed/data/box_flat_20000_images/data/raw_images/animal/int08-0008-16.jpg,16,420.1654357910156,0x1.a42a5a0000000p+8,False,False,False,CHALLENGER,109,-4.2643049199447,-0x1.10ea5f2ed5669p+2,-4.2643049199447,-0x1.10ea5f2ed5669p+2,0.00022113593256503414,0.011329628266409316,0.019518374951512724,0.00020388013125288796,0.00021021654152153944,1.7255801312146177e-05,1.09193910434947e-05,-1.0981496560848956,0.0,-0.8947502415880103,-3.36955467835669,False,51,-2.0280836427482005,-0x1.03983eab93fa1p+1,-0.8947502415880103,-0x1.ca1cb4236ace1p-1,0.44118014796251637,-0.938239109794157,-0x1.e060e068c9c1fp-1,1.6400336515601521,0x1.a3d93ed1ca51fp+0,-1.7479911404673418,-0.5796083584140437,-0x1.28c26d3fc0cd0p-1,-2.144655407040153,-0x1.1284118136a8cp+1,3.7001802612172074,-0.7861455067055007,-0x1.9281a9f2651b5p-1,-1.569626138688432,-0x1.91d304c49d135p+0,1.996610201674068,-0.9723358696093913,-0x1.f1d601d1666dcp-1,-0.17707454308883663,-0x1.6aa60edc2a62cp-3,0.18211252780376327,0.9999999895953162,0x1.ffffffa69fdbcp-1,-0.02008258501452502,-0x1.49087776d14ccp-6,-0.02008258522347797,-1.0981496560848956
H593-b5088f4d9100c24150c49220,DIFFICULT-0102,110,395,/hkfs/work/workspace/scratch/ap7811-benchmark/dailymed/data/box_flat_20000_images/data/raw_images/animal/int08-0008-17.jpg,5,462.1600341796875,0x1.ce28f80000000p+8,True,False,True,CHALLENGER,110,0.7909640756053209,0x1.94f93e4a124a8p-1,0.7909640756053209,0x1.94f93e4a124a8p-1,0.08847501835502655,0.16597960383612473,0.5330475330112239,0.06580474961214995,0.0774992104468185,0.0226702687428766,0.010975807908208055,-1.0981496560848956,1.1102230246251565e-16,-0.011411490889094756,0.8023755664944157,False,1,-0.025865830413711863,-0x1.a7c927ed7d54cp-6,-0.011411490889094756,-0x1.75ee861568e7ap-7,0.44118014796251637,0.8545322094277384,0x1.b5853ee9bdd43p-1,-1.4937147313236698,-0x1.7e6416b096adcp+0,-1.7479911404673418,0.5917462947480794,0x1.2ef95ecef1c14p-1,2.189567959475263,0x1.1843c34d28692p+1,3.7001802612172074,0.5315961627449863,0x1.102d5f4b566e4p-1,1.0613903217074279,0x1.0fb746b00639fp+0,1.996610201674068,0.8970511799055729,0x1.cb4a4ad110b74p-1,0.1633642579419523,0x1.4e91eb8991650p-3,0.18211252780376327,0.9999999999095922,0x1.ffffffff3930fp-1,-0.020082585221662348,-0x1.490877afc14b2p-6,-0.02008258522347797,-1.0981496560848956
H593-b5088f4d9100c24150c49220,DIFFICULT-0102,111,396,/hkfs/work/workspace/scratch/ap7811-benchmark/dailymed/data/box_flat_20000_images/data/raw_images/animal/int08-0008-18.jpg,1,462.7025451660156,0x1.ceb3da0000000p+8,False,True,False,HOLD,,,,0.0,0x0.0p+0,0.006939898576397811,0.04257072153101919,0.1630204592924517,0.005709632655200137,0.007025089745296351,0.001230265921197674,-8.519116889853934e-05,,,0.0,0.0,True,5,,,,,0.44118014796251637,,,,,-1.7479911404673418,,,,,3.7001802612172074,,,,,1.996610201674068,,,,,0.18211252780376327,,,,,-0.02008258522347797,-1.0981496560848956
H593-b5088f4d9100c24150c49220,DIFFICULT-0102,112,413,/hkfs/work/workspace/scratch/ap7811-benchmark/dailymed/data/box_flat_20000_images/data/raw_images/animal/mid0c-0001-05.jpg,95,389.4067687988281,0x1.8568220000000p+8,False,False,False,CHALLENGER,111,-4.184154372779619,-0x1.0bc92f6c203f3p+2,-4.184154372779619,-0x1.0bc92f6c203f3p+2,0.0011860872462481882,0.01132658393313292,0.10471711976446882,0.0013297869714337233,0.0009846479864101796,-0.00014369972518553506,0.00020143925983800862,-1.0981496560848956,0.0,-1.541745891423112,-2.642408481356507,False,47,-3.494594891776731,-0x1.bf4ee2aa79906p+1,-1.541745891423112,-0x1.8aafdbd667960p+0,0.44118014796251637,-0.7080754821656803,-0x1.6a88de9e0086cp-1,1.2377096696077505,0x1.3cda8a78e8835p+0,-1.7479911404673418,-0.5796975809502668,-0x1.28ce1f0f80dffp-1,-2.1449855465075416,-0x1.128ee2ea52400p+1,3.7001802612172074,-0.21776300410698024,-0x1.bdfa87a758760p-3,-0.43478783554718875,-0x1.bd3905b97ec5fp-2,1.996610201674068,-0.9999999992721798,-0x1.fffffff9bf81ap-1,-0.18211252767121808,-0x1.74f769b451767p-3,0.18211252780376327,0.9999999965111869,0x1.ffffffe20804dp-1,-0.02008258515341358,-0x1.4908779cfeb6ap-6,-0.02008258522347797,-1.0981496560848956
H593-b5088f4d9100c24150c49220,DIFFICULT-0102,113,415,/hkfs/work/workspace/scratch/ap7811-benchmark/dailymed/data/box_flat_20000_images/data/raw_images/animal/mid0f-0001-07.jpg,128,380.8644104003906,0x1.7cdd4a0000000p+8,False,False,False,CHALLENGER,112,-4.544606437319624,-0x1.22dad4f55ea5ap+2,-4.544606437319624,-0x1.22dad4f55ea5ap+2,0.0007130234018264468,0.013189253354048733,0.054060937544092934,0.0006896765067745785,0.0006771166837989294,2.3346895051868277e-05,3.590671802751737e-05,-1.0981496560848956,-8.881784197001252e-16,-1.7214308148473032,-2.823175622472321,False,74,-3.9018773233503694,-0x1.f370b754659d0p+1,-1.7214308148473032,-0x1.b8afb09c18864p+0,0.44118014796251637,-0.8136598271190729,-0x1.a09805571742ep-1,1.4222701691583284,0x1.6c19e5d69c854p+0,-1.7479911404673418,-0.5269275719188256,-0x1.0dc97361810bep-1,-1.9497270007051488,-0x1.f3214f082822fp+0,3.7001802612172074,-0.5019293377308599,-0x1.00fce1d4e9f99p-1,-1.0021572362329436,-0x1.008d606b11fb3p+0,1.996610201674068,-0.9627526214942635,-0x1.ecede95ee989bp-1,-0.17532931355002004,-0x1.67130e1dd1d99p-3,0.18211252780376327,0.9999999917422177,0x1.ffffffb910f1dp-1,-0.02008258505764035,-0x1.49087782ab458p-6,-0.02008258522347797,-1.0981496560848956
H593-b5088f4d9100c24150c49220,DIFFICULT-0102,114,416,/hkfs/work/workspace/scratch/ap7811-benchmark/dailymed/data/box_flat_20000_images/data/raw_images/animal/mid0g-0001-04.jpg,98,388.5992126464844,0x1.8499660000000p+8,False,False,False,CHALLENGER,113,-3.997785731067127,-0x1.ffb7715daca44p+1,-3.997785731067127,-0x1.ffb7715daca44p+1,0.0016578213943110448,0.011200310500149075,0.148015663877263,0.0014956033489908747,0.0012853076948033855,0.00016221804532017014,0.00037251369950765936,-1.0981496560848956,4.440892098500626e-16,-1.5587324961318494,-2.439053234935278,False,37,-3.5330975415155867,-0x1.c43c8a4d3197ep+1,-1.5587324961318494,-0x1.8f0917c619470p+0,0.44118014796251637,-0.614357899474239,-0x1.3a8d1e5c8fedfp-1,1.0738921653570956,0x1.12ea98d1a3ac7p+0,-1.7479911404673418,-0.583407270518872,-0x1.2ab45b96411dcp-1,-2.158712066624538,-0x1.1450ad4fd104fp+1,3.7001802612172074,-0.04824132728452637,-0x1.8b31656015e63p-5,-0.09631912619858292,-0x1.8a85ec90090ddp-4,1.996610201674068,-0.7670091008525864,-0x1.88b56ab7caddfp-1,-0.13968196620475612,-0x1.1e11942585f2fp-3,0.18211252780376327,0.999999997815186,0x1.ffffffed3b8b1p-1,-0.020082585179601254,-0x1.490877a43181dp-6,-0.02008258522347797,-1.0981496560848956
H593-b5088f4d9100c24150c49220,DIFFICULT-0102,115,465,/hkfs/work/workspace/scratch/ap7811-benchmark/dailymed/data/box_flat_20000_images/data/raw_images/animal/previcox-02.jpg,113,383.7588195800781,0x1.7fc2420000000p+8,False,False,False,CHALLENGER,114,-4.416715405350073,-0x1.1aab77176df2dp+2,-4.416715405350073,-0x1.1aab77176df2dp+2,0.0008188170537036497,0.01337750343584654,0.06120851006545335,0.0008105888696968718,0.0005594349360611493,8.228184006777903e-06,0.0002593821176425004,-1.0981496560848956,0.0,-1.6605481326239078,-2.756167272726165,False,66,-3.7638777272566477,-0x1.e1c6bed05ae4ep+1,-1.6605481326239078,-0x1.a919aeb30db5cp+0,0.44118014796251637,-0.7889297422059515,-0x1.93ee99633b881p-1,1.3790421998271871,0x1.6108e8dc0fc95p+0,-1.7479911404673418,-0.5217898889900437,-0x1.0b280b593100bp-1,-1.9307166477436777,-0x1.ee43723be6df8p+0,3.7001802612172074,-0.4540535039611061,-0x1.d0f366d896b06p-2,-0.9065678581146014,-0x1.d029a98c69f97p-1,1.996610201674068,-0.9867125980405438,-0x1.f93264c64549ep-1,-0.17969272544498202,-0x1.7002bd58ec24fp-3,0.18211252780376327,0.9999999970978598,0x1.ffffffe712205p-1,-0.020082585165195493,-0x1.490877a03bcabp-6,-0.02008258522347797,-1.0981496560848956
H593-b5088f4d9100c24150c49220,DIFFICULT-0102,116,466,/hkfs/work/workspace/scratch/ap7811-benchmark/dailymed/data/box_flat_20000_images/data/raw_images/animal/previcox-03.jpg,114,383.6033935546875,0x1.7f9a780000000p+8,False,False,False,CHALLENGER,115,-4.4103662997079045,-0x1.1a43710328102p+2,-4.4103662997079045,-0x1.1a43710328102p+2,0.0008368699830862658,0.013343614661495347,0.06271688776364007,0.0008255834393910993,0.0006535963842676664,1.128654369516647e-05,0.00018327359881859938,-1.0981496560848956,0.0,-1.663817453830982,-2.7465488458769225,False,65,-3.77128812689084,-0x1.e2b991c065065p+1,-1.663817453830982,-0x1.a9eff0ceb7d2ap+0,0.44118014796251637,-0.7847769347698902,-0x1.91ce484afbcdbp-1,1.371783129220885,0x1.5f2d2ddd354f7p+0,-1.7479911404673418,-0.5227122212158869,-0x1.0ba0efaeaefa1p-1,-1.9341294432400271,-0x1.ef231b70f254bp+0,3.7001802612172074,-0.4443375136478574,-0x1.c70069c60395dp-2,-0.8871688127358025,-0x1.c63afd99767cbp-1,1.996610201674068,-0.981818659291132,-0x1.f6b0ef708415cp-1,-0.17880147788840986,-0x1.6e2f78200eb85p-3,0.18211252780376327,0.9999999962751165,0x1.ffffffe000e50p-1,-0.02008258514867268,-0x1.4908779bb11a2p-6,-0.02008258522347797,-1.0981496560848956
H593-b5088f4d9100c24150c49220,DIFFICULT-0102,117,475,/hkfs/work/workspace/scratch/ap7811-benchmark/dailymed/data/box_flat_20000_images/data/raw_images/animal/sel03-0002-07.jpg,88,390.27838134765625,0x1.8647440000000p+8,False,False,False,CHALLENGER,116,-3.957183279371995,-0x1.fa84fb509722dp+1,-3.957183279371995,-0x1.fa84fb509722dp+1,0.0013677046815231718,0.015098046709257379,0.0905881871914307,0.001272818289645128,0.001369924351751531,9.488639187804388e-05,-2.219670228359059e-06,-1.0981496560848956,-4.440892098500626e-16,-1.5234118873007385,-2.4337713920712565,False,33,-3.4530381621572213,-0x1.b9fd278d27112p+1,-1.5234118873007385,-0x1.85fe524a4b57ep+0,0.44118014796251637,-0.6707342323901939,-0x1.576a7a30d8db2p-1,1.1724374958262223,0x1.2c24dd1d2d81cp+0,-1.7479911404673418,-0.47638740447551603,-0x1.e7d21989cb6efp-2,-1.7627192707328023,-0x1.c34191f3d38c1p+0,3.7001802612172074,-0.2856064771645658,-0x1.2476063bca52ap-2,-0.5702448059709638,-0x1.23f72090b7e33p-1,1.996610201674068,-0.8567917191553541,-0x1.b6ad677a83007p-1,-0.15603250577671357,-0x1.3f8df86b642e0p-3,0.18211252780376327,0.9492129185548004,0x1.e5ff3c5444648p-1,-0.01906264933210303,-0x1.38528bdd37469p-6,-0.02008258522347797,-1.0981496560848956
H593-b5088f4d9100c24150c49220,DIFFICULT-0102,118,478,/hkfs/work/workspace/scratch/ap7811-benchmark/dailymed/data/box_flat_20000_images/data/raw_images/animal/sel04-0002-08.jpg,106,386.0130920410156,0x1.82035a0000000p+8,False,False,False,CHALLENGER,117,-4.158826632713091,-0x1.0a2a372e4f235p+2,-4.158826632713091,-0x1.0a2a372e4f235p+2,0.0010998915000222924,0.015381696171385295,0.07150651578129792,0.0011242792631693387,0.0010834187537996978,-2.438776314704627e-05,1.647274622259458e-05,-1.0981496560848956,0.0,-1.6131304575946197,-2.5456961751184712,False,46,-3.656398559736815,-0x1.d404de359b061p+1,-1.6131304575946197,-0x1.9cf61e1f8ce77p+0,0.44118014796251637,-0.7263880051765635,-0x1.73e920ece14a3p-1,1.2697197975903787,0x1.450c5b4dbc02bp+0,-1.7479911404673418,-0.46916119183819044,-0x1.e06bca9dfd591p-2,-1.7359809813688118,-0x1.bc693fe575001p+0,3.7001802612172074,-0.39020647190791585,-0x1.8f92490e20cf7p-2,-0.7790902225705905,-0x1.8ee4e9e525e98p-1,1.996610201674068,-0.9999999992029673,-0x1.fffffff9274e8p-1,-0.18211252765861363,-0x1.74f769b3e297cp-3,0.18211252780376327,0.9999999901636684,0x1.ffffffab81ad9p-1,-0.020082585025939,-0x1.49087779f47ccp-6,-0.02008258522347797,-1.0981496560848956
H593-b5088f4d9100c24150c49220,DIFFICULT-0102,119,486,/hkfs/work/workspace/scratch/ap7811-benchmark/dailymed/data/box_flat_20000_images/data/raw_images/animal/sur05-0000-01.jpg,117,383.2845458984375,0x1.7f48d80000000p+8,False,False,False,CHALLENGER,118,-4.7826070154559925,-0x1.32163bbc403bep+2,-4.7826070154559925,-0x1.32163bbc403bep+2,0.0005443048789657714,0.009477933969524274,0.057428642224766596,0.0005324964620892996,0.00047377716711142907,1.1808416876471798e-05,7.052771185434232e-05,-1.0981496560848956,8.881784197001252e-16,-1.6705242804501674,-3.112082735005825,False,89,-3.786490140513074,-0x1.e4abb57c10a71p+1,-1.6705242804501674,-0x1.aba77aafb5184p+0,0.44118014796251637,-0.8545456753977028,-0x1.b58702c18af06p-1,1.4937382697198653,0x1.7e65a1993afebp+0,-1.7479911404673418,-0.6358048491860385,-0x1.45883693c8d4bp-1,-2.352592552944363,-0x1.2d21c0b5dac6bp+1,3.7001802612172074,-0.47898501894759965,-0x1.ea7b0c7e9d92fp-2,-0.9563463752798242,-0x1.e9a63b6af331ap-1,1.996610201674068,-0.9809859732143345,-0x1.f643cb2194a20p-1,-0.17864983532209724,-0x1.6ddff701274edp-3,0.18211252780376327,0.9999999935781713,0x1.ffffffc8d63fdp-1,-0.020082585094511045,-0x1.4908778ccdd0ep-6,-0.02008258522347797,-1.0981496560848956
H593-b5088f4d9100c24150c49220,DIFFICULT-0102,120,493,/hkfs/work/workspace/scratch/ap7811-benchmark/dailymed/data/box_flat_20000_images/data/raw_images/animal/tri0m-0005-01.jpg,19,418.20440673828125,0x1.a234540000000p+8,False,False,False,CHALLENGER,119,-4.152431043888246,-0x1.09c16e23194a4p+2,-4.152431043888246,-0x1.09c16e23194a4p+2,0.0003005630849879658,0.012264047686576662,0.024507657885001567,0.00029769786924107867,0.00028558023665849853,2.8652157468871055e-06,1.4982848329467247e-05,-1.0981496560848956,0.0,-0.935999664608899,-3.2164313792793466,False,45,-2.1215815555880897,-0x1.0f8ffc0286197p+1,-0.935999664608899,-0x1.df3b59191fd76p-1,0.44118014796251637,-0.9169768173625192,-0x1.d57dfc43863d2p-1,1.6028673527636235,0x1.9a5583cbf223cp+0,-1.7479911404673418,-0.5526908251154775,-0x1.1afa4ab557289p-1,-2.0450556816481416,-0x1.05c4627396c0bp+1,3.7001802612172074,-0.7386241780246758,-0x1.7a2cf2c14d3e2p-1,-1.4747445690471908,-0x1.7988dc2e02e47p+0,1.996610201674068,-0.995352941534405,-0x1.fd9ee697bc3f3p-1,-0.1812662402397419,-0x1.733bb6ed96ac3p-3,0.18211252780376327,0.9999999900173716,0x1.ffffffaa3ff7dp-1,-0.020082585023000983,-0x1.4908777925be2p-6,-0.02008258522347797,-1.0981496560848956
H593-b5088f4d9100c24150c49220,DIFFICULT-0102,121,494,/hkfs/work/workspace/scratch/ap7811-benchmark/dailymed/data/box_flat_20000_images/data/raw_images/animal/tri0m-0005-02.jpg,31,411.8192138671875,0x1.9bd1b80000000p+8,False,False,False,CHALLENGER,120,-4.374440436905675,-0x1.17f6d505b3d43p+2,-4.374440436905675,-0x1.17f6d505b3d43p+2,0.0002574423166015874,0.01169666403865479,0.022009892371944652,0.0002654421949134462,0.0002516130361617559,-7.999878311858806e-06,5.82928043983146e-06,-1.0981496560848956,0.0,-1.0703095165932213,-3.3041309203124536,False,61,-2.4260146825195705,-0x1.3687a62c84c8dp+1,-1.0703095165932213,-0x1.11ffcdf25d8e7p+0,0.44118014796251637,-0.9284618247507984,-0x1.db5f5929c7405p-1,1.6229430439265373,0x1.9f793200ef674p+0,-1.7479911404673418,-0.5689247264760199,-0x1.234a1a0c33541p-1,-2.1051240430249676,-0x1.0d74b46368636p+1,3.7001802612172074,-0.7620942491397659,-0x1.863137a90cc8fp-1,-1.5216051524695955,-0x1.8587ea4f48319p+0,1.996610201674068,-0.999999999192419,-0x1.fffffff9101c5p-1,-0.18211252765669267,-0x1.74f769b3d1b22p-3,0.18211252780376327,0.9999999890134581,0x1.ffffffa1a056cp-1,-0.020082585002839805,-0x1.490877739b06ap-6,-0.02008258522347797,-1.0981496560848956
H593-b5088f4d9100c24150c49220,DIFFICULT-0102,122,495,/hkfs/work/workspace/scratch/ap7811-benchmark/dailymed/data/box_flat_20000_images/data/raw_images/animal/tri0m-0005-03.jpg,27,412.46038818359375,0x1.9c75dc0000000p+8,False,False,False,CHALLENGER,121,-4.0469836640845696,-0x1.0301c7c52c206p+2,-4.0469836640845696,-0x1.0301c7c52c206p+2,0.000519568099786725,0.012677915050676499,0.04098214081021158,0.0005123496815185449,0.0005126775332885864,7.218418268180099e-06,6.890566498138611e-06,-1.0981496560848956,0.0,-1.0568226839679258,-2.9901609801166438,False,39,-2.3954447833806785,-0x1.329def45ff357p+1,-1.0568226839679258,-0x1.0e8bee71502cep+0,0.44118014796251637,-0.8606956441334146,-0x1.b8ad1976b9afep-1,1.5044883605840407,0x1.81262631ebcdep+0,-1.7479911404673418,-0.5410596229935809,-0x1.1505c453e3150p-1,-2.002018137142472,-0x1.0042215c834c2p+1,3.7001802612172074,-0.5982194267143003,-0x1.3249d11323bb5p-1,-1.1944110102173846,-0x1.31c4eb82ddb17p+0,1.996610201674068,-0.9883337210304209,-0x1.fa06e0a2b8237p-1,-0.17998795225054934,-0x1.709d8604b8905p-3,0.18211252780376327,0.9999999891400831,0x1.ffffffa2b6ca5p-1,-0.020082585005382764,-0x1.490877744df88p-6,-0.02008258522347797,-1.0981496560848956
H593-b5088f4d9100c24150c49220,DIFFICULT-0102,123,496,/hkfs/work/workspace/scratch/ap7811-benchmark/dailymed/data/box_flat_20000_images/data/raw_images/animal/tri0m-0005-04.jpg,21,414.83740234375,0x1.9ed6600000000p+8,False,False,False,CHALLENGER,122,-4.147972178196577,-0x1.0978604c849eap+2,-4.147972178196577,-0x1.0978604c849eap+2,0.00035986250177926356,0.01229678781557748,0.029264756550762987,0.00031053589856145665,0.00029137486380215725,4.9326603217806904e-05,6.848763797710631e-05,-1.0981496560848956,0.0,-1.0068231888139858,-3.1411489893825912,False,43,-2.282113539024262,-0x1.241c4be3ef1b7p+1,-1.0068231888139858,-0x1.01bf2a1ccf7d1p+0,0.44118014796251637,-0.9014043066955193,-0x1.cd84dd83762cap-1,1.5756467420828744,0x1.935d95bb4b7e1p+0,-1.7479911404673418,-0.5517643150821786,-0x1.1a80da30c16e9p-1,-2.0416274275111093,-0x1.05540c2be36f0p+1,3.7001802612172074,-0.69561095560282,-0x1.64271e821b59ep-1,-1.3888639303528378,-0x1.638c9627759f3p+0,1.996610201674068,-0.9229026385539557,-0x1.d886b1d3f6735p-1,-0.16807213242382374,-0x1.583633c108d0ap-3,0.18211252780376327,0.999999993492922,0x1.ffffffc81ac8cp-1,-0.020082585092799022,-0x1.4908778c5557dp-6,-0.02008258522347797,-1.0981496560848956
H593-b5088f4d9100c24150c49220,DIFFICULT-0102,124,497,/hkfs/work/workspace/scratch/ap7811-benchmark/dailymed/data/box_flat_20000_images/data/raw_images/animal/tri0m-0005-05.jpg,23,413.34271240234375,0x1.9d57bc0000000p+8,False,False,False,CHALLENGER,123,-4.193711470292235,-0x1.0c65c4cb70f97p+2,-4.193711470292235,-0x1.0c65c4cb70f97p+2,0.00037432277785647835,0.011730790341219545,0.03190942527897599,0.0003019771148638911,0.0002947522566038225,7.234566299258723e-05,7.957052125265584e-05,-1.0981496560848956,0.0,-1.038263364364758,-3.155448105927477,False,48,-2.3533773429283387,-0x1.2d3b78018325dp+1,-1.038263364364758,-0x1.09cba0ba94e1ap+0,0.44118014796251637,-0.897645214664558,-0x1.cb982750ca549p-1,1.5690758825165527,0x1.91aef50059d6bp+0,-1.7479911404673418,-0.5679387207817027,-0x1.22c8dd2fc76b1p-1,-2.101475644217407,-0x1.0cfd2766a08ccp+1,3.7001802612172074,-0.6726061234841617,-0x1.585fd46ee85a1p-1,-1.3429322478569252,-0x1.57ca68654a0cfp+0,1.996610201674068,-0.8889221248834198,-0x1.c720ccfe2156ep-1,-0.16188385518321213,-0x1.4b89c33e192ecp-3,0.18211252780376327,0.999999993930628,0x1.ffffffcbdd4f5p-1,-0.02008258510158929,-0x1.4908778ebfe73p-6,-0.02008258522347797,-1.0981496560848956
H593-b5088f4d9100c24150c49220,DIFFICULT-0102,125,1319,/hkfs/work/workspace/scratch/ap7811-benchmark/dailymed/data/box_flat_20000_images/data/raw_images/otc/ASP Cold and Flu FizzyChews 24ct.jpg,104,386.16534423828125,0x1.822a540000000p+8,False,False,False,CHALLENGER,124,-3.9574889129945254,-0x1.fa8eff27cc0abp+1,-3.9574889129945254,-0x1.fa8eff27cc0abp+1,0.000879663342221492,0.02172174574773405,0.04049689893425145,0.0009020023880584489,0.0005754237883160957,-2.233904583695697e-05,0.00030423955390539625,-1.0981496560848956,0.0,-1.6099278965300028,-2.347561016464523,False,34,-3.6491394818308684,-0x1.d31700a680c38p+1,-1.6099278965300028,-0x1.9c243c1083b1fp+0,0.44118014796251637,-0.7750095589077914,-0x1.8cce0d8b3154cp-1,1.354709842748322,0x1.5ace43a62c606p+0,-1.7479911404673418,-0.32428333621986893,-0x1.4c10ee4ecef5cp-2,-1.1999067997224222,-0x1.332d178f0e4a9p+0,3.7001802612172074,-0.6020300254738769,-0x1.343d478d3d9e4p-1,-1.2020192905752416,-0x1.33b789462e896p+0,1.996610201674068,-0.9999999992016637,-0x1.fffffff92470ap-1,-0.18211252765837624,-0x1.74f769b3e0813p-3,0.18211252780376327,0.9999999974321492,0x1.ffffffe9f13c8p-1,-0.020082585171908886,-0x1.490877a214347p-6,-0.02008258522347797,-1.0981496560848956
H593-b5088f4d9100c24150c49220,DIFFICULT-0102,126,3707,/hkfs/work/workspace/scratch/ap7811-benchmark/dailymed/data/box_flat_20000_images/data/raw_images/otc/carton-24.jpg,127,381.1669921875,0x1.7d2ac00000000p+8,False,False,False,CHALLENGER,125,-5.130213703738173,-0x1.48556bdbc2f9ap+2,-5.130213703738173,-0x1.48556bdbc2f9ap+2,0.00020235088416075238,0.011072318841907758,0.018275384501652173,0.00019206240398362453,0.0001844167754873121,1.0288480177127857e-05,1.7934108673440277e-05,-1.0981496560848956,0.0,-1.715066133958212,-3.415147569779961,False,106,-3.887450833585395,-0x1.f197fd298752ap+1,-1.715066133958212,-0x1.b70e92fbd3e29p+0,0.44118014796251637,-0.9433369316628166,-0x1.e2fd0eed339a0p-1,1.6489445990222498,0x1.a6213bb5b765cp+0,-1.7479911404673418,-0.5871852614905315,-0x1.2ca38bed970fap-1,-2.172691314244929,-0x1.161abfbd7e1c0p+1,3.7001802612172074,-0.7983915778807752,-0x1.98c6c7e8ccae3p-1,-1.594076769327412,-0x1.98156a4793171p+0,1.996610201674068,-0.9834130923119009,-0x1.f781ebbbe02d0p-1,-0.17909184411623588,-0x1.6ec7b46bad2f7p-3,0.18211252780376327,0.9999999903030565,0x1.ffffffacb4322p-1,-0.020082585028738276,-0x1.4908777ab9780p-6,-0.02008258522347797,-1.0981496560848956
H593-b5088f4d9100c24150c49220,DIFFICULT-0102,127,3926,/hkfs/work/workspace/scratch/ap7811-benchmark/dailymed/data/box_flat_20000_images/data/raw_images/otc/childrens-chewable-ibuprofen.png.jpg,111,384.1097106933594,0x1.801c160000000p+8,False,False,False,CHALLENGER,126,-5.190873672228999,-0x1.4c374634f905cp+2,-5.190873672228999,-0x1.4c374634f905cp+2,0.00016497702048463812,0.010215414300727293,0.016149812002523724,0.00017859030300674923,0.00016611207331824487,-1.3613282522111113e-05,-1.1350528336067473e-06,-1.0981496560848956,-8.881784197001252e-16,-1.6531672853356807,-3.5377063868933187,False,112,-3.7471479461857777,-0x1.dfa28b3d121c2p+1,-1.6531672853356807,-0x1.a735f8a155772p+0,0.44118014796251637,-0.9535594906028169,-0x1.e838f315dbe9cp-1,1.6668135414822753,0x1.aab44ad132418p+0,-1.7479911404673418,-0.6129508576420536,-0x1.39d4b1df416b5p-1,-2.268028664543285,-0x1.224ec3664d4ebp+1,3.7001802612172074,-0.8197266556978587,-0x1.a3b33653c3757p-1,-1.636674603350511,-0x1.a2fd1b57958f4p+0,1.996610201674068,-0.9999999991960634,-0x1.fffffff9181ffp-1,-0.18211252765735636,-0x1.74f769b3d788ap-3,0.18211252780376327,0.9737031623142228,0x1.f289388c4d7ffp-1,-0.01955447673954538,-0x1.40616b858d267p-6,-0.02008258522347797,-1.0981496560848956
