query_id,display_id,candidate_position,reference_physical_row,reference_image_path,raw_rank,raw_score,raw_score_hex,is_target,is_raw_winner,is_selected,action_kind,challenger_index,head_logit,head_logit_hex,policy_score,policy_score_hex,local_score_S,visibility_mass_M,normalized_similarity_L,query_control_score,reference_control_score,query_robustness_Q,reference_robustness_R,bias_contribution,fp64_sum_residual,plot_raw_component,plot_other_component,plot_is_hold_anchor,policy_rank,feature_RAW,feature_RAW_hex,contribution_RAW,contribution_RAW_hex,weight_RAW,feature_S,feature_S_hex,contribution_S,contribution_S_hex,weight_S,feature_M,feature_M_hex,contribution_M,contribution_M_hex,weight_M,feature_L,feature_L_hex,contribution_L,contribution_L_hex,weight_L,feature_Q,feature_Q_hex,contribution_Q,contribution_Q_hex,weight_Q,feature_R,feature_R_hex,contribution_R,contribution_R_hex,weight_R,head_bias
H593-f063b9949afaac7650b24e97,NDV2-011-P04,0,177,/hkfs/work/workspace/scratch/ap7811-benchmark/dailymed/data/box_flat_20000_images/data/raw_images/animal/animax-ointment-02.jpg,89,408.81585693359375,0x1.98d0dc0000000p+8,False,False,False,CHALLENGER,0,-3.0838894622061206,-0x1.8abce3d053c0ap+1,-3.0838894622061206,-0x1.8abce3d053c0ap+1,0.0021878176304801953,0.03809006357354369,0.05743801467424678,0.002128619777170825,0.0019975648993657696,5.9197853309370194e-05,0.00019025273111442564,-1.3277225685903369,4.440892098500626e-16,-1.606772955495432,-1.4771165067106886,False,40,-3.3710105214234827,-0x1.af7d45d3fe2d9p+1,-1.606772955495432,-0x1.9b5578eff33cap+0,0.4766443015481711,-0.129512930454678,-0x1.093e1345b21a6p-3,0.17204645896256232,0x1.6059e4d518308p-3,-1.3284114440045707,-0.14979396376646395,-0x1.32c72d7c1f125p-3,-0.5591040934162056,-0x1.1e42e448908ddp-1,3.7324874738469167,0.020682274695041317,0x1.52dbbf5b03894p-6,0.0370276099723404,0x1.2f5486bc2af89p-5,1.7903064589514401,0.9999999846002717,0x1.ffffff7bb7a3bp-1,0.23278187844543247,0x1.dcbcbed83256ep-3,0.2327818820302102,0.9999999992200556,0x1.fffffff94ce25p-1,-0.03214579208448165,-0x1.07569cb69ea20p-5,-0.03214579210955358,-1.3277225685903369
H593-f063b9949afaac7650b24e97,NDV2-011-P04,1,183,/hkfs/work/workspace/scratch/ap7811-benchmark/dailymed/data/box_flat_20000_images/data/raw_images/animal/art0b-0002-02.jpg,116,402.260986328125,0x1.9242d00000000p+8,False,False,False,CHALLENGER,1,-3.896140888484842,-0x1.f2b4bea0534ccp+1,-3.896140888484842,-0x1.f2b4bea0534ccp+1,0.0008191918524388023,0.024193041234923142,0.03386063969734745,0.0007885938499952879,0.000709561227310592,3.059800244351442e-05,0.00010963062512821026,-1.3277225685903369,-4.440892098500626e-16,-1.7279900917060427,-2.168150796778799,False,87,-3.6253241381328185,-0x1.d00a9f1157051p+1,-1.7279900917060427,-0x1.ba5d8f03b082bp+0,0.4766443015481711,-0.5521125972045334,-0x1.1aae809967fbbp-1,0.7334326925055882,0x1.77847d6841e85p-1,-1.3284114440045707,-0.36085962101768804,-0x1.71852f3adf279p-2,-1.3469040152656662,-0x1.58ceb3986ac87p+0,3.7324874738469167,-0.23883787428210676,-0x1.e923d4d8b3d4bp-3,-0.4275929889694878,-0x1.b5daefbe7dc97p-2,1.7903064589514401,0.9999999724793562,0x1.ffffff139976ep-1,0.23278187562390293,0x1.dcbcbe773fe73p-3,0.2327818820302102,0.9999999991677212,0x1.fffffff8d9ccbp-1,-0.03214579208279932,-0x1.07569cb66370fp-5,-0.03214579210955358,-1.3277225685903369
H593-f063b9949afaac7650b24e97,NDV2-011-P04,2,418,/hkfs/work/workspace/scratch/ap7811-benchmark/dailymed/data/box_flat_20000_images/data/raw_images/animal/mirataz-06.jpg,83,411.3393859863281,0x1.9b56e20000000p+8,False,False,False,CHALLENGER,2,-3.9997235590787685,-0x1.fff6f10ba45b4p+1,-3.9997235590787685,-0x1.fff6f10ba45b4p+1,0.001274623290267205,0.022911797198449456,0.055631746354383074,0.0013050850237146146,0.0011891609853172426,-3.046173344740965e-05,8.546230494996233e-05,-1.3277225685903369,0.0,-1.560106135762709,-2.4396174233160597,False,99,-3.2731035086234845,-0x1.a2f50e46faf8ep+1,-1.560106135762709,-0x1.8f631d9f63c81p+0,0.4766443015481711,-0.380266673187567,-0x1.8564a07465b44p-2,0.5051506004359101,0x1.02a31978da9f6p-1,-1.3284114440045707,-0.3842875535993805,-0x1.8982ad2be0726p-2,-1.4343484801649633,-0x1.6f3176456035ep+0,3.7324874738469167,0.004709017254799373,0x1.349c331b0cbb1p-8,0.008430584006581096,0x1.1440dd4c16d25p-7,1.7903064589514401,-0.6829645225583663,-0x1.5dad86a16ed0ep-1,-0.15898176692100044,-0x1.45983b8cb01c5p-3,0.2327818820302102,0.9999999991506364,0x1.fffffff8b43adp-1,-0.032145792082250116,-0x1.07569cb6501e2p-5,-0.03214579210955358,-1.3277225685903369
H593-f063b9949afaac7650b24e97,NDV2-011-P04,3,421,/hkfs/work/workspace/scratch/ap7811-benchmark/dailymed/data/box_flat_20000_images/data/raw_images/animal/mupirocin-03.jpg,93,408.00628662109375,0x1.98019c0000000p+8,False,False,False,CHALLENGER,3,-3.963372426249726,-0x1.fb4fc9a44e2cep+1,-3.963372426249726,-0x1.fb4fc9a44e2cep+1,0.0011259042365302687,0.029072144623024293,0.03872793875820862,0.0012122588798330314,0.0009927429817635064,-8.63546433027627e-05,0.0001331612547667623,-1.3277225685903369,-4.440892098500626e-16,-1.621744081662363,-2.341628344587363,False,94,-3.4024199521421625,-0x1.b3827f3adaaf4p+1,-1.621744081662363,-0x1.9f2a9ec138addp+0,0.4766443015481711,-0.4320410755393361,-0x1.ba68f9c7e1659p-2,0.5739283090264973,0x1.25d9ee6b08e70p-1,-1.3284114440045707,-0.2784639666042843,-0x1.1d25a876b8274p-2,-1.0393632672682174,-0x1.0a13b60994a8dp+0,3.7324874738469167,-0.1745805198111423,-0x1.658a78b8dc3c0p-3,-0.3125526322249879,-0x1.400dcc16bd7adp-2,1.7903064589514401,-0.8753790959579886,-0x1.c031b0597bb3ep-1,-0.20377239344700454,-0x1.a1536bad75d1ep-3,0.2327818820302102,0.9999999991837075,0x1.fffffff8fcf43p-1,-0.03214579208331321,-0x1.07569cb67585ap-5,-0.03214579210955358,-1.3277225685903369
H593-f063b9949afaac7650b24e97,NDV2-011-P04,4,422,/hkfs/work/workspace/scratch/ap7811-benchmark/dailymed/data/box_flat_20000_images/data/raw_images/animal/muricin-04.jpg,82,411.9417419433594,0x1.9bf1160000000p+8,False,False,False,CHALLENGER,4,-2.972906417834814,-0x1.7c88328f55a30p+1,-2.972906417834814,-0x1.7c88328f55a30p+1,0.0020255140835985608,0.04098703278440704,0.049418412263527896,0.001956100388218282,0.0020830652480059914,6.94136953802789e-05,-5.755116440743068e-05,-1.3277225685903369,-4.440892098500626e-16,-1.548966958731539,-1.423939459103275,False,36,-3.249733509244515,-0x1.9ff7448375d32p+1,-1.548966958731539,-0x1.8c89193e56279p+0,0.4766443015481711,-0.16720019112811113,-0x1.566d0dc63dd28p-3,0.2221106473343343,0x1.c6e1f27327a3dp-3,-1.3284114440045707,-0.11378362565102183,-0x1.d20ec76fdcf5fp-4,-0.4246959574713257,-0x1.b2e37f4054bcap-2,3.7324874738469167,-0.05445250503067121,-0x1.be132e095821dp-5,-0.09748667146249645,-0x1.8f4e2f1ba3190p-4,1.7903064589514401,0.9999999866936435,0x1.ffffff8db3034p-1,0.2327818789327315,0x1.dcbcbee8f0aacp-3,0.2327818820302102,0.8998623442719456,0x1.ccbac1d7198c6p-1,-0.028926787846181495,-0x1.d9efbdf1c5818p-6,-0.03214579210955358,-1.3277225685903369
H593-f063b9949afaac7650b24e97,NDV2-011-P04,5,447,/hkfs/work/workspace/scratch/ap7811-benchmark/dailymed/data/box_flat_20000_images/data/raw_images/animal/otomax-01.jpg,112,403.1819152832031,0x1.932e920000000p+8,False,False,False,CHALLENGER,5,-3.4312373976170756,-0x1.b732c97bc9eb2p+1,-3.4312373976170756,-0x1.b732c97bc9eb2p+1,0.0009475565301819997,0.037323947668611475,0.025387360913563584,0.0009019518735340395,0.0009551190518551678,4.560465664796016e-05,-7.562521673168117e-06,-1.3277225685903369,0.0,-1.7109596455985534,-1.7202777520185222,False,56,-3.5895942530756106,-0x1.cb77d3116f451p+1,-1.7109596455985534,-0x1.b601738a9f1d1p+0,0.4766443015481711,-0.4994935049858209,-0x1.ff7b39b1e9ff8p-2,0.6635328882291186,0x1.53ba952d876afp-1,-1.3284114440045707,-0.15970972978638953,-0x1.4715e51248c94p-3,-0.5961145658791748,-0x1.3135edaa3d971p-1,3.7324874738469167,-0.3692394751478352,-0x1.7a19e9b89bcf1p-2,-0.6610518172570091,-0x1.527562402912fp-1,1.7903064589514401,0.9999999805231533,0x1.ffffff58b1f61p-1,0.23278187749635315,0x1.dcbcbeb796264p-3,0.2327818820302102,0.9862431110556122,0x1.f8f4db67c73ecp-1,-0.031703566017473074,-0x1.03b73266c59f5p-5,-0.03214579210955358,-1.3277225685903369
H593-f063b9949afaac7650b24e97,NDV2-011-P04,6,706,/hkfs/work/workspace/scratch/ap7811-benchmark/dailymed/data/box_flat_20000_images/data/raw_images/homeopathic/Arnica Ointment Box.jpg,104,405.02435302734375,0x1.95063c0000000p+8,False,False,False,CHALLENGER,6,-3.4549983461897495,-0x1.ba3d62c44f3d6p+1,-3.4549983461897495,-0x1.ba3d62c44f3d6p+1,0.0021299409950649053,0.04364496679459758,0.04880152630402623,0.002187380060332302,0.002075505309178227,-5.74390652673968e-05,5.443568588667843e-05,-1.3277225685903369,4.440892098500626e-16,-1.6768880306982175,-1.778110315491532,False,58,-3.5181119867615704,-0x1.c2517e5b673c6p+1,-1.6768880306982175,-0x1.ad4888b2e7169p+0,0.4766443015481711,-0.14266957528530053,-0x1.242ff23fe0693p-3,0.18952389652026488,0x1.84251acaeb92bp-3,-1.3284114440045707,-0.0826732749926959,-0x1.52a136458cabdp-4,-0.308576963332139,-0x1.3bfb99773dfb2p-2,3.7324874738469167,-0.06071240072060015,-0x1.f15b21f1cfde2p-5,-0.10869380314853852,-0x1.bd35b69cd0382p-4,1.7903064589514401,-0.8183415444443799,-0x1.a2fda9b4b1883p-1,-0.19049508485927166,-0x1.8622497c278f7p-3,0.2327818820302102,0.9999999991276475,0x1.fffffff881ad3p-1,-0.03214579208151112,-0x1.07569cb6361ddp-5,-0.03214579210955358,-1.3277225685903369
H593-f063b9949afaac7650b24e97,NDV2-011-P04,7,726,/hkfs/work/workspace/scratch/ap7811-benchmark/dailymed/data/box_flat_20000_images/data/raw_images/homeopathic/Eczema Ointment Box.jpg,92,408.1774597167969,0x1.982d6e0000000p+8,False,False,False,CHALLENGER,7,-3.295106518454639,-0x1.a5c60ce6ccaf2p+1,-3.295106518454639,-0x1.a5c60ce6ccaf2p+1,0.001342833347696858,0.05213431521773579,0.025757187796340977,0.0013821674959415226,0.0015213504412976769,-3.933414824466462e-05,-0.00017851709360081893,-1.3277225685903369,0.0,-1.6185786320743687,-1.6765278863802702,False,46,-3.395778837210729,-0x1.b2a8e185226e4p+1,-1.6185786320743687,-0x1.9e5b2b52c38a6p+0,0.4766443015481711,-0.35775219251690704,-0x1.6e56973bbaca2p-2,0.47524210665718564,0x1.e6a5dde71959bp-2,-1.3284114440045707,0.006005225887321541,0x1.898ef8ca880f3p-8,0.02241443040204889,0x1.6f3cef6241d53p-6,3.7324874738469167,-0.3629776036708608,-0x1.73b066a3c9851p-2,-0.6498411483066581,-0x1.4cb7fa9f24f51p-1,1.7903064589514401,-0.7453721976494375,-0x1.7da16cb88103dp-1,-0.17350914298182987,-0x1.6358c2f54fc39p-3,0.2327818820302102,0.7189607735256716,0x1.701ba062cc9b4p-1,-0.023111563560680073,-0x1.7aa8ec69c3514p-6,-0.03214579210955358,-1.3277225685903369
H593-f063b9949afaac7650b24e97,NDV2-011-P04,8,886,/hkfs/work/workspace/scratch/ap7811-benchmark/dailymed/data/box_flat_20000_images/data/raw_images/otc/1180UB-10_BX_MASTER_R230714-2.jpg,32,449.2921142578125,0x1.c14ac80000000p+8,False,False,False,CHALLENGER,8,-3.1492518575785526,-0x1.931aaf539564ap+1,-3.1492518575785526,-0x1.931aaf539564ap+1,0.0010503864022057751,0.02798118506491741,0.03753902487578131,0.001064411156594817,0.0009716556558124409,-1.4024754389041971e-05,7.873074639333424e-05,-1.3277225685903369,0.0,-0.858258409186599,-2.2909934483919536,False,41,-1.8006266022669755,-0x1.ccf5dd710b549p+0,-0.858258409186599,-0x1.b76da56df2654p-1,0.4766443015481711,-0.4598473269318637,-0x1.d6e237b94d2f0p-2,0.610866451591199,0x1.38c37ccf9d93ap-1,-1.3284114440045707,-0.29600954994318196,-0x1.2f1d20a13d13ap-2,-1.10485193730199,-0x1.1ad79399a260dp+0,3.7324874738469167,-0.1896532220220048,-0x1.8468e89153056p-3,-0.3395373883469467,-0x1.5bafb06ae0a72p-2,1.7903064589514401,-0.419286126611516,-0x1.ad5957a5da168p-2,-0.09760221366178569,-0x1.8fc756bb1cf99p-4,0.2327818820302102,0.9999999991457522,0x1.fffffff8a97d4p-1,-0.03214579208209311,-0x1.07569cb64a97fp-5,-0.03214579210955358,-1.3277225685903369
H593-f063b9949afaac7650b24e97,NDV2-011-P04,9,887,/hkfs/work/workspace/scratch/ap7811-benchmark/dailymed/data/box_flat_20000_images/data/raw_images/otc/1184 BX MASTER (R221122-2).jpg,34,448.4354553222656,0x1.c06f7a0000000p+8,False,False,False,CHALLENGER,9,-3.9486301039832687,-0x1.f96cb6144dfaep+1,-3.9486301039832687,-0x1.f96cb6144dfaep+1,0.0002829580219825698,0.01790467308030712,0.015803584947540195,0.0002890272307464361,0.0003486486692949364,-6.069208763866314e-06,-6.569064731236661e-05,-1.3277225685903369,4.440892098500626e-16,-0.8741003302749554,-3.0745297737083135,False,92,-1.8338629611973156,-0x1.d5780b03b02d1p+0,-0.8741003302749554,-0x1.bf8a1417e84f9p-1,0.4766443015481711,-0.8187207738514675,-0x1.a32f5e887ee82p-1,1.0875980454285674,0x1.166cd3544f290p+0,-1.3284114440045707,-0.4841383479750244,-0x1.efc1f68d2b35ep-2,-1.8070403194257185,-0x1.ce9a31c27ca28p+0,3.7324874738469167,-0.554287744937172,-0x1.1bcb9a7228511p-1,-0.9923449298786475,-0x1.fc14a2785c43cp-1,1.7903064589514401,-0.028020406227549866,-0x1.cb161a178cae0p-6,-0.00652264289690008,-0x1.ab77c9ecf8e03p-8,0.2327818820302102,0.8865035351488142,0x1.c5e3ca96814d6p-1,-0.028497358345278105,-0x1.d2e695876217ep-6,-0.03214579210955358,-1.3277225685903369
H593-f063b9949afaac7650b24e97,NDV2-011-P04,10,922,/hkfs/work/workspace/scratch/ap7811-benchmark/dailymed/data/box_flat_20000_images/data/raw_images/otc/186CVS.jpg,106,404.4339599609375,0x1.946f180000000p+8,False,False,False,CHALLENGER,10,-4.225314303215635,-0x1.0e6b8caee875ap+2,-4.225314303215635,-0x1.0e6b8caee875ap+2,0.0005445242955210154,0.01821053018978471,0.029901616803362983,0.0005348961938654219,0.0005865296397528614,9.62810165559358e-06,-4.200534423184595e-05,-1.3277225685903369,0.0,-1.6878059817999005,-2.5375083214157343,False,107,-3.541017854021959,-0x1.c54012b2c9c80p+1,-1.6878059817999005,-0x1.b0140d85d2e0ep+0,0.4766443015481711,-0.678116093079712,-0x1.5b3208555659fp-1,0.900817178410758,0x1.cd37e8c1e5fdfp-1,-1.3284114440045707,-0.4776277560752599,-0x1.e9174020053abp-2,-1.7827396167125182,-0x1.c8619f9f1057ep+0,3.7324874738469167,-0.29653084226859616,-0x1.2fa5c7f732214p-2,-0.5308810821917784,-0x1.0fcfa52c28556p-1,1.7903064589514401,0.9999999349231972,0x1.fffffdd0fe98ep-1,0.23278186688150956,0x1.dcbcbd4adcff7p-3,0.2327818820302102,0.925909652869397,0x1.da10d47c3fe23p-1,-0.029764099213368558,-0x1.e7a7ae2dd8247p-6,-0.03214579210955358,-1.3277225685903369
H593-f063b9949afaac7650b24e97,NDV2-011-P04,11,962,/hkfs/work/workspace/scratch/ap7811-benchmark/dailymed/data/box_flat_20000_images/data/raw_images/otc/28-gm.jpg,57,435.10784912109375,0x1.b31b9c0000000p+8,False,False,False,CHALLENGER,11,-2.504856564593484,-0x1.409f23d10cca6p+1,-2.504856564593484,-0x1.409f23d10cca6p+1,0.0027140271027228796,0.039327678239445364,0.06901061095441761,0.0026995690058472374,0.002992729623416774,1.4458096875642236e-05,-0.0002787025206938943,-1.3277225685903369,0.0,-1.120563510631404,-1.3842930539620801,False,15,-2.350942845622495,-0x1.2cebb1f65b5d9p+1,-1.120563510631404,-0x1.1edd400f40b96p+0,0.4766443015481711,-0.022476145228918214,-0x1.703fc92cb1c4ep-6,0.029857568539203686,0x1.e92fb81a7e4b1p-6,-1.3284114440045707,-0.13412896445927286,-0x1.12b234de6431ep-3,-0.5006346797242942,-0x1.00533051518cep-1,3.7324874738469167,0.11199043703091989,0x1.cab67c083365dp-4,0.20049720275725041,0x1.9a9e47064145ep-3,1.7903064589514401,0.9999999504863574,0x1.fffffe56ae593p-1,0.23278187050433127,0x1.dcbcbdc757acbp-3,0.2327818820302102,0.5933108564640409,0x1.2fc670c9bfe69p-1,-0.019072447448234244,-0x1.387ba482debc7p-6,-0.03214579210955358,-1.3277225685903369
H593-f063b9949afaac7650b24e97,NDV2-011-P04,12,1016,/hkfs/work/workspace/scratch/ap7811-benchmark/dailymed/data/box_flat_20000_images/data/raw_images/otc/408102 GLOBE TRIPLE ANTIBIOTIC OINTMENT LIDOCAINE 1OZ 2 TUBES_BOX 061724 CDER.jpg,36,447.2740478515625,0x1.bf46280000000p+8,False,False,False,CHALLENGER,12,-3.549695940014111,-0x1.c65c6fc28d630p+1,-3.549695940014111,-0x1.c65c6fc28d630p+1,0.0004827566216261077,0.016521661954150772,0.029219616220559685,0.00042519904753690005,0.0004716757797906727,5.755757408920767e-05,1.108084183543503e-05,-1.3277225685903369,-4.440892098500626e-16,-0.8955778690466263,-2.6541180709674848,False,65,-1.878922849046411,-0x1.e101167c5c89fp+0,-0.8955778690466263,-0x1.ca892eb5273c2p-1,0.4766443015481711,-0.7093220238767859,-0x1.6b2c419dc4436p-1,0.9422714940024057,0x1.e27168c563046p-1,-1.3284114440045707,-0.514308456675658,-0x1.07537022f4d49p-1,-1.9196498722354334,-0x1.eb6e2c8d05926p+0,3.7324874738469167,-0.30701626957106026,-0x1.3a627914972abp-2,-0.5496532104162457,-0x1.196c2545c2242p-1,1.7903064589514401,0.9999999842011962,0x1.ffffff784a102p-1,0.23278187835253492,0x1.dcbcbed501343p-3,0.2327818820302102,0.9999999990933576,0x1.fffffff83645bp-1,-0.03214579208040884,-0x1.07569cb60f556p-5,-0.03214579210955358,-1.3277225685903369
H593-f063b9949afaac7650b24e97,NDV2-011-P04,13,1060,/hkfs/work/workspace/scratch/ap7811-benchmark/dailymed/data/box_flat_20000_images/data/raw_images/otc/543767_RiteAid_MultiPlus_1oz_Carton.jpg,75,418.3682861328125,0x1.a25e480000000p+8,False,False,False,CHALLENGER,13,-3.3745543922275685,-0x1.aff165f898646p+1,-3.3745543922275685,-0x1.aff165f898646p+1,0.001642942405535698,0.039255393114684387,0.041852654506244584,0.0017509759055953345,0.0021031608210363177,-0.0001080335000596365,-0.0004602184155006197,-1.3277225685903369,0.0,-1.4301229220961673,-1.9444314701314012,False,50,-3.000398656715368,-0x1.800d102cc704ep+1,-1.4301229220961673,-0x1.6e1c892ba9ba0p+0,0.4766443015481711,-0.2668342856674724,-0x1.113d01c992c15p-2,0.35446571873345517,0x1.6af90fb60da4fp-2,-1.3284114440045707,-0.1350321604697967,-0x1.148bbdc9020ccp-3,-0.504005847520003,-0x1.020d0df02eae9p-1,3.7324874738469167,-0.13672862299474198,-0x1.18052d2184288p-3,-0.24478613687102296,-0x1.f5526f2300752p-3,1.7903064589514401,-0.89912520328231,-0x1.cc5a237e36b82p-1,-0.20930005700085144,-0x1.aca5821ef4ed1p-3,0.2327818820302102,0.40697640419175585,0x1.a0be6c28fd340p-2,-0.013082578882641834,-0x1.acb0a03961771p-7,-0.03214579210955358,-1.3277225685903369
H593-f063b9949afaac7650b24e97,NDV2-011-P04,14,1380,/hkfs/work/workspace/scratch/ap7811-benchmark/dailymed/data/box_flat_20000_images/data/raw_images/otc/AWGAS Bacitracin Zinc Ointment 1oz 081023 CDER.jpg,72,420.72369384765625,0x1.a4b9440000000p+8,False,False,False,CHALLENGER,14,-3.476468964066644,-0x1.bcfcef5d1cd48p+1,-3.476468964066644,-0x1.bcfcef5d1cd48p+1,0.0009925829333842855,0.032550678517596604,0.030493463687637237,0.0009994483665209408,0.001134444593780387,-6.865433136655228e-06,-0.00014186166039610137,-1.3277225685903369,4.440892098500626e-16,-1.3865651167653452,-2.089903847301299,False,62,-2.909014357796145,-0x1.745a951d2a18fp+1,-1.3865651167653452,-0x1.62f5ee7648159p+0,0.4766443015481711,-0.4818716173043998,-0x1.ed6fc0d4c5a85p-2,0.6401237709681556,0x1.47be4d8b669ddp-1,-1.3284114440045707,-0.22556075432288916,-0x1.cdf2cbf89f89dp-3,-0.8419026901016455,-0x1.af0dde90cd4eap-1,3.7324874738469167,-0.2875668894952476,-0x1.2677ef472d9a7p-2,-0.5148328596439169,-0x1.07982c2e274fep-1,1.7903064589514401,-0.08942366949525685,-0x1.6e47837f86ed2p-4,-0.020816210083153385,-0x1.550d836229ee3p-6,0.2327818820302102,0.7700320392181454,0x1.8a41a3b2a0d4ep-1,-0.024753289850402115,-0x1.958ed2980e836p-6,-0.03214579210955358,-1.3277225685903369
H593-f063b9949afaac7650b24e97,NDV2-011-P04,15,1415,/hkfs/work/workspace/scratch/ap7811-benchmark/dailymed/data/box_flat_20000_images/data/raw_images/otc/Anti2_label.jpg,58,435.00543212890625,0x1.b301640000000p+8,False,False,False,CHALLENGER,15,-2.069916848026667,-0x1.08f30907db625p+1,-2.069916848026667,-0x1.08f30907db625p+1,0.0039007241613778334,0.0555942052855767,0.07016422199652943,0.0038736781323319,0.004951769193074295,2.704602904593338e-05,-0.0010510450316964619,-1.3277225685903369,0.0,-1.1224574754767078,-0.9474593725499594,False,7,-2.3549163848825936,-0x1.2d6de66cf1512p+1,-1.1224574754767078,-0x1.1f595f8452bc1p+0,0.4766443015481711,0.15756079518042082,0x1.42af3bf3740b2p-3,-0.20930556344413123,-0x1.aca8652ee83c9p-3,-1.3284114440045707,0.03811462577517302,0x1.383c29e684464p-5,0.14226236327619612,0x1.235a732dc8918p-3,3.7324874738469167,0.12016782174866751,0x1.ec35180712c73p-4,0.2151372274347648,0x1.b899dddfe01c3p-3,1.7903064589514401,0.9999999694976748,0x1.fffffef9fcad7p-1,0.23278187492982153,0x1.dcbcbe5f66b2dp-3,0.2327818820302102,0.019060228915363766,0x1.384864f620f27p-6,-0.0006127061562737855,-0x1.413c0739dd1d6p-11,-0.03214579210955358,-1.3277225685903369
H593-f063b9949afaac7650b24e97,NDV2-011-P04,16,1514,/hkfs/work/workspace/scratch/ap7811-benchmark/dailymed/data/box_flat_20000_images/data/raw_images/otc/BACITRICIN.jpg,55,436.0603332519531,0x1.b40f720000000p+8,False,False,False,CHALLENGER,16,-3.813228019068931,-0x1.e817db110bc42p+1,-3.813228019068931,-0x1.e817db110bc42p+1,0.0006542830151247295,0.02146188422470818,0.030485814212504254,0.0006744798425285648,0.0006652198320360985,-2.0196827403835328e-05,-1.0936816911369081e-05,-1.3277225685903369,0.0,-1.1029495246997063,-2.7102784943692244,False,80,-2.313988693701479,-0x1.2830c811617c9p+1,-1.1029495246997063,-0x1.1a5ae669b956fp+0,0.4766443015481711,-0.6253872918268862,-0x1.4032c35b76021p-1,0.8307716353978618,0x1.a95ae658f4dd8p-1,-1.3284114440045707,-0.41179190473414234,-0x1.a5acc6ee5cdd9p-2,-1.5370081262517492,-0x1.89795d53f0002p+0,3.7324874738469167,-0.2876819556469994,-0x1.2696193c9cdc8p-2,-0.5150388633186047,-0x1.07b32c843eae0p-1,1.7903064589514401,-0.557484813571349,-0x1.1d6ea6449c77cp-1,-0.1297723641063995,-0x1.09c617de17bc9p-3,0.2327818820302102,0.9801658454274619,0x1.f5d84c3588c69p-1,-0.03150820749999602,-0x1.021d801893fcbp-5,-0.03214579210955358,-1.3277225685903369
H593-f063b9949afaac7650b24e97,NDV2-011-P04,17,1515,/hkfs/work/workspace/scratch/ap7811-benchmark/dailymed/data/box_flat_20000_images/data/raw_images/otc/BACPLUS MAX 2019 RED VERT_89992V.jpg,43,441.79046630859375,0x1.b9ca5c0000000p+8,False,False,False,CHALLENGER,17,-2.658690737890545,-0x1.544ffa64b5810p+1,-2.658690737890545,-0x1.544ffa64b5810p+1,0.001997797193035158,0.030987260599719492,0.06447156522939762,0.001942618675975711,0.00259871939458797,5.5178517059447036e-05,-0.000600922201552812,-1.3277225685903369,0.0,-0.996983997530912,-1.661706740359633,False,21,-2.0916729609325957,-0x1.0bbbf0889105ap+1,-0.996983997530912,-0x1.fe74afc00fac6p-1,0.4766443015481711,-0.17388897068568993,-0x1.641fe691d7542p-3,0.2309960986450458,0x1.d9147b8978f55p-3,-1.3284114440045707,-0.2487860055208031,-0x1.fd83846b50898p-3,-0.9285906492748074,-0x1.db703bcc036ebp-1,3.7324874738469167,0.0782836760616344,0x1.40a66247ed115p-4,0.1401517708836063,0x1.1f07e4435f624p-3,1.7903064589514401,0.9999999835841872,0x1.ffffff72fd3efp-1,0.2327818782089064,0x1.dcbcbed011d58p-3,0.2327818820302102,0.29003081337281955,0x1.28fdd66912fc0p-2,-0.00932327023204739,-0x1.3181425e84588p-7,-0.03214579210955358,-1.3277225685903369
H593-f063b9949afaac7650b24e97,NDV2-011-P04,18,1516,/hkfs/work/workspace/scratch/ap7811-benchmark/dailymed/data/box_flat_20000_images/data/raw_images/otc/BACPLUS ORIG 2019 YELLOW HOR_49003.jpg,17,465.4272155761719,0x1.d16d5e0000000p+8,False,False,False,CHALLENGER,18,-3.467181596539297,-0x1.bbcc9b4736f4ep+1,-3.467181596539297,-0x1.bbcc9b4736f4ep+1,0.0006415492608992019,0.018335287184960813,0.03498986704857402,0.000807144370280211,0.0007094902184251624,-0.00016559510938100907,-6.794095752596049e-05,-1.3277225685903369,4.440892098500626e-16,-0.5598771150314104,-2.907304481507887,False,60,-1.1746224872780262,-0x1.2cb40f30015b4p+0,-0.5598771150314104,-0x1.1ea83695ad6f0p-1,0.4766443015481711,-0.6313341317708547,-0x1.433e3a319bd72p-1,0.8386714856350931,0x1.ad665955c7ea3p-1,-1.3284114440045707,-0.4749885029282784,-0x1.e66362d8363a1p-2,-1.7728886374010986,-0x1.c5dc079d1674ep+0,3.7324874738469167,-0.2233114854522839,-0x1.c9578836b5bcep-3,-0.39979599476326444,-0x1.99641f0a51edap-2,1.7903064589514401,-0.9330153460694833,-0x1.ddb42ffc11b0fp-1,-0.21718906822112222,-0x1.bccd9f4877abap-3,0.2327818820302102,0.8828433304875315,0x1.c4040a7fdf0fdp-1,-0.028379698167158095,-0x1.d0f914dfe4116p-6,-0.03214579210955358,-1.3277225685903369
H593-f063b9949afaac7650b24e97,NDV2-011-P04,19,1517,/hkfs/work/workspace/scratch/ap7811-benchmark/dailymed/data/box_flat_20000_images/data/raw_images/otc/BACPLUS ORIG 2019 YELLOW VERT_89770.jpg,31,451.3574523925781,0x1.c35b820000000p+8,False,False,False,CHALLENGER,19,-3.1942839236430456,-0x1.98de4bad17bc9p+1,-3.1942839236430456,-0x1.98de4bad17bc9p+1,0.0009343616696731211,0.023166675416027946,0.04033214317090486,0.0009400929826628135,0.0011104684543285725,-5.731312989692462e-06,-0.00017610678465545138,-1.3277225685903369,0.0,-0.8200647682939806,-2.3742191553490652,False,44,-1.72049632321284,-0x1.b8727271165f7p+0,-0.8200647682939806,-0x1.a3df8780d9536p-1,0.4766443015481711,-0.5047372318627029,-0x1.026ceb1fd9069p-1,0.670498715021603,0x1.574b9b8a0e3cfp-1,-1.3284114440045707,-0.37956297550233276,-0x1.84ac281a3849ap-2,-1.416714051598521,-0x1.6aadc5a76638dp+0,3.7324874738469167,-0.1548380658941002,-0x1.3d1bbd6987470p-3,-0.2772075894617563,-0x1.1bdc4e6bc3d3cp-2,1.7903064589514401,0.0006140530307767374,0x1.41f0cd7b47eb5p-11,0.00014294042017056353,0x1.2bc48dc1d0aa0p-13,0.2327818820302102,0.722228310974626,0x1.71c7e8bfc33e9p-1,-0.023216601140224342,-0x1.7c617ba7c74f2p-6,-0.03214579210955358,-1.3277225685903369
H593-f063b9949afaac7650b24e97,NDV2-011-P04,20,1518,/hkfs/work/workspace/scratch/ap7811-benchmark/dailymed/data/box_flat_20000_images/data/raw_images/otc/BACPLUS-MAX-201RED-H9-OR-_OL_200720.jpg,28,454.561279296875,0x1.c68fb00000000p+8,False,False,False,CHALLENGER,20,-3.628853097401387,-0x1.d07e421fa9e3ap+1,-3.628853097401387,-0x1.d07e421fa9e3ap+1,0.0005933649177469081,0.020237033437142865,0.02932074602682879,0.0006786959654896077,0.0005818017984411263,-8.533104774269967e-05,1.156311930578175e-05,-1.3277225685903369,-4.440892098500626e-16,-0.7608174168772549,-2.868035680524132,False,68,-1.5961953482000548,-0x1.98a042228bebep+0,-0.7608174168772549,-0x1.8589dc476e159p-1,0.4766443015481711,-0.6542362901547637,-0x1.4ef80f1c24643p-1,0.8690949749246829,0x1.bcfa043cd6c29p-1,-1.3284114440045707,-0.4358930924811711,-0x1.be5ac2430925dp-2,-1.6269655076223668,-0x1.a080cfbef5465p+0,3.7324874738469167,-0.3054507510746235,-0x1.38c814e99dd82p-2,-0.5468504525404669,-0x1.17fcc852ed9f4p-1,1.7903064589514401,-0.8739783905897758,-0x1.bf7a1879fcd38p-1,-0.20344633461522216,-0x1.a0a878cd4ebfep-3,0.2327818820302102,0.9999999990937539,0x1.fffffff83724dp-1,-0.032145792080421585,-0x1.07569cb60fc83p-5,-0.03214579210955358,-1.3277225685903369
H593-f063b9949afaac7650b24e97,NDV2-011-P04,21,1535,/hkfs/work/workspace/scratch/ap7811-benchmark/dailymed/data/box_flat_20000_images/data/raw_images/otc/BAUD.00.016.jpg,67,424.5882873535156,0x1.a8969a0000000p+8,False,False,False,CHALLENGER,21,-2.7270062126181385,-0x1.5d0e8a2197846p+1,-2.7270062126181385,-0x1.5d0e8a2197846p+1,0.0029163522280175815,0.05378219593348724,0.05422523527347697,0.002935020045686503,0.003532243263750128,-1.866781766892171e-05,-0.0006158910357325466,-1.3277225685903369,0.0,-1.315098418855616,-1.4119077937625224,False,23,-2.759077187294787,-0x1.612970f7490f3p+1,-1.315098418855616,-0x1.50aa4a3c01951p+0,0.4766443015481711,0.01346927954077262,0x1.b95c81906c24fp-7,-0.017892745084458976,-0x1.25279cbe4c72ep-6,-1.3284114440045707,0.0215615100527221,0x1.61438721d821dp-6,0.08047806618900961,0x1.49a35e653be1dp-4,3.7324874738469167,-0.008094581321908958,-0x1.093e4506b56aep-7,-0.014491781223121294,-0x1.dadddf3500fe8p-7,1.7903064589514401,-0.5297619099307815,-0x1.0f3cf3fba36ecp-1,-0.12331897442160603,-0x1.f91d5121df78ap-4,0.2327818820302102,0.2787235916126606,0x1.1d69b79a66702p-2,-0.0089597906320087,-0x1.25982bdf2a805p-7,-0.03214579210955358,-1.3277225685903369
H593-f063b9949afaac7650b24e97,NDV2-011-P04,22,1565,/hkfs/work/workspace/scratch/ap7811-benchmark/dailymed/data/box_flat_20000_images/data/raw_images/otc/BCbacitracin.carton2.jpg,10,472.19793701171875,0x1.d832ac0000000p+8,False,False,False,CHALLENGER,22,-2.2085348441383696,-0x1.1ab1450fd34bfp+1,-2.2085348441383696,-0x1.1ab1450fd34bfp+1,0.0014296095924755097,0.03105687183862437,0.04603198930993279,0.0013275987376256593,0.0012710436716157464,0.00010201085484985045,0.00015856592085976328,-1.3277225685903369,0.0,-0.43466831810839396,-1.7738665260299757,False,9,-0.9119343642556169,-0x1.d2e90f9d27215p-1,-0.43466831810839396,-0x1.bd19b10b8810dp-2,0.4766443015481711,-0.3301494765400763,-0x1.5212b4521fe50p-2,0.4385743428679559,0x1.c119a1edee249p-2,-1.3284114440045707,-0.24773319169149982,-0x1.fb5b8a2396eb2p-3,-0.9246610348446401,-0x1.d96d2bd116245p-1,3.7324874738469167,-0.08975745601846848,-0x1.6fa583a2be625p-4,-0.16069335324891393,-0x1.491998c71bfa2p-3,1.7903064589514401,0.9999999907191897,0x1.ffffffb047484p-1,0.2327818798698057,0x1.dcbcbf0923424p-3,0.2327818820302102,0.9999999992002916,0x1.fffffff9216c3p-1,-0.03214579208384632,-0x1.07569cb688477p-5,-0.03214579210955358,-1.3277225685903369
H593-f063b9949afaac7650b24e97,NDV2-011-P04,23,1566,/hkfs/work/workspace/scratch/ap7811-benchmark/dailymed/data/box_flat_20000_images/data/raw_images/otc/BCdiaperrash.carton.jpg,108,403.9290771484375,0x1.93edd80000000p+8,False,False,False,CHALLENGER,23,-3.424851585022725,-0x1.b6618967a9c66p+1,-3.424851585022725,-0x1.b6618967a9c66p+1,0.001059289732926973,0.03585535954998738,0.029543414045260796,0.0009918094858397332,0.0011038142843880691,6.748024708723975e-05,-4.4524551461096185e-05,-1.3277225685903369,-4.440892098500626e-16,-1.6971426189872383,-1.7277089660354865,False,53,-3.5606061238428968,-0x1.c7c1f103ebd94p+1,-1.6971426189872383,-0x1.b277f04d32aeap+0,0.4766443015481711,-0.45651302961627793,-0x1.d37826d199636p-2,0.6064371328794611,0x1.367eed899836ap-1,-1.3284114440045707,-0.17920371427207749,-0x1.6f025b60f6608p-3,-0.6688756187873711,-0x1.5676dd779129dp-1,3.7324874738469167,-0.30201697062705013,-0x1.3543efceb87f4p-2,-0.5407029332265553,-0x1.14d703ce1e601p-1,1.7903064589514401,0.999999986342269,0x1.ffffff8aae550p-1,0.23278187885093787,0x1.dcbcbee62133ep-3,0.2327818820302102,0.921640289984235,0x1.d7e13c7051059p-1,-0.029626857161621896,-0x1.e5680ba5ea5d2p-6,-0.03214579210955358,-1.3277225685903369
H593-f063b9949afaac7650b24e97,NDV2-011-P04,24,1567,/hkfs/work/workspace/scratch/ap7811-benchmark/dailymed/data/box_flat_20000_images/data/raw_images/otc/BChemoroint.carton.jpg,115,402.30450439453125,0x1.924df40000000p+8,False,False,False,CHALLENGER,24,-3.877662034812796,-0x1.f0573ac43b1b6p+1,-3.877662034812796,-0x1.f0573ac43b1b6p+1,0.001032515764037381,0.03547731500781101,0.02910354867075067,0.0010806319721814788,0.0013262686022004362,-4.8116208144097835e-05,-0.0002937528381630552,-1.3277225685903369,0.0,-1.7271853259523469,-2.1504767088604493,False,86,-3.6236357391504286,-0x1.cfd34bc02249dp+1,-1.7271853259523469,-0x1.ba28d14918afap+0,0.4766443015481711,-0.46658616605475794,-0x1.ddc8c38fe2851p-2,0.6198184026013573,0x1.3d58d671437a2p-1,-1.3284114440045707,-0.18432839032742887,-0x1.798129c171ee0p-3,-0.6880034079714934,-0x1.6041fb918c582p-1,3.7324874738469167,-0.30881766268889416,-0x1.3c3ab286b42edp-2,-0.5528782561502144,-0x1.1b12dbd9ab5b6p-1,1.7903064589514401,-0.7868943343029631,-0x1.92e3d06e7a536p-1,-0.18317474409795312,-0x1.772451fad4bddp-3,0.2327818820302102,0.5760049274475932,0x1.26ea1e2b71ccdp-1,-0.018516134651808826,-0x1.2f5e4c31c850ap-6,-0.03214579210955358,-1.3277225685903369
H593-f063b9949afaac7650b24e97,NDV2-011-P04,25,1629,/hkfs/work/workspace/scratch/ap7811-benchmark/dailymed/data/box_flat_20000_images/data/raw_images/otc/BTZ144-09.jpg,19,464.0361022949219,0x1.d0093e0000000p+8,False,False,False,CHALLENGER,25,-3.475640279643116,-0x1.bce1c7dadd1e0p+1,-3.475640279643116,-0x1.bce1c7dadd1e0p+1,0.0005292600611274465,0.0204010109661926,0.02594283499011428,0.0005762265084293551,0.0005234887620328652,-4.6966447301908685e-05,5.771299094581251e-06,-1.3277225685903369,0.0,-0.5856025302603525,-2.8900377493827634,False,61,-1.228594422210185,-0x1.3a8529ff70d5bp+0,-0.5856025302603525,-0x1.2bd41847d89bep-1,0.4766443015481711,-0.6857213311736178,-0x1.5f16ddc71edc3p-1,0.910920063729082,0x1.d2641d55f9294p-1,-1.3284114440045707,-0.4326189347504471,-0x1.bb00754188bbap-2,-1.6147447549050404,-0x1.9d5fe989b4663p+0,3.7324874738469167,-0.3598557862216659,-0x1.707e090464c8ep-2,-0.6442521383636971,-0x1.49db6a914cdffp-1,1.7903064589514401,-0.7822454118180526,-0x1.9082787a68bfcp-1,-0.1820925591725031,-0x1.74ecf193ed408p-3,0.2327818820302102,0.9999999990889721,0x1.fffffff82ca0ep-1,-0.03214579208026787,-0x1.07569cb60a5fap-5,-0.03214579210955358,-1.3277225685903369
H593-f063b9949afaac7650b24e97,NDV2-011-P04,26,1643,/hkfs/work/workspace/scratch/ap7811-benchmark/dailymed/data/box_flat_20000_images/data/raw_images/otc/Bacitracin  (0.9g  Packet) Inner Carton.jpg,29,454.45477294921875,0x1.c6746c0000000p+8,False,False,False,CHALLENGER,26,-2.494754473030812,-0x1.3f541d549bc86p+1,-2.494754473030812,-0x1.3f541d549bc86p+1,0.0013983050093519021,0.038622250040504735,0.03620464907884555,0.0014014260359612079,0.0016469901628405705,-3.1210266093057142e-06,-0.0002486851534886684,-1.3277225685903369,-4.440892098500626e-16,-0.7627870048719242,-1.7319674681588881,False,14,-1.6003275448680354,-0x1.99af10e4189f9p+0,-0.7627870048719242,-0x1.868c04af7a37dp-1,0.4766443015481711,-0.33997680922832696,-0x1.5c22e17422e9ep-2,0.45162908407506824,0x1.ce77dac81972fp-2,-1.3284114440045707,-0.14300514052786029,-0x1.24dfe10dd0fc8p-3,-0.5337648957159565,-0x1.1149a1e5b4ad3p-1,3.7324874738469167,-0.2070375076375937,-0x1.a80347e2ca5fap-3,-0.37066058716879213,-0x1.7b8e72ef39776p-2,1.7903064589514401,0.295430188906115,0x1.2e85405e6955bp-2,0.06877079538210597,0x1.19af67d160791p-4,0.2327818820302102,0.6289873359495579,0x1.420aa0cb00c6cp-1,-0.020219296140976426,-0x1.4b45dfeb1ccc9p-6,-0.03214579210955358,-1.3277225685903369
H593-f063b9949afaac7650b24e97,NDV2-011-P04,27,1644,/hkfs/work/workspace/scratch/ap7811-benchmark/dailymed/data/box_flat_20000_images/data/raw_images/otc/Bacitracin  0.9g 0.03oz carton label rev 09 2021.jpg,1,495.70281982421875,0x1.efb3ec0000000p+8,False,True,False,HOLD,,,,0.0,0x0.0p+0,0.0028388340156785597,0.05151189630516963,0.05511026033405142,0.002844572371653856,0.003930723877005835,-5.738355975296473e-06,-0.001091889861327275,,,0.0,0.0,True,5,,,,,0.4766443015481711,,,,,-1.3284114440045707,,,,,3.7324874738469167,,,,,1.7903064589514401,,,,,0.2327818820302102,,,,,-0.03214579210955358,-1.3277225685903369
H593-f063b9949afaac7650b24e97,NDV2-011-P04,28,1645,/hkfs/work/workspace/scratch/ap7811-benchmark/dailymed/data/box_flat_20000_images/data/raw_images/otc/Bacitracin  14.2g 0.5oz carton label rev 09 2021.jpg,2,495.00555419921875,0x1.ef016c0000000p+8,True,False,True,CHALLENGER,27,1.2511775211947358,0x1.404d2b8705909p+0,1.2511775211947358,0x1.404d2b8705909p+0,0.10693021529091902,0.1981652135178679,0.5396013427012379,0.0727268279631956,0.07434366590983585,0.03420338732772342,0.03258654938108317,-1.3277225685903369,4.440892098500626e-16,-0.012894311318683505,1.2640718325134193,False,1,-0.027052272054448063,-0x1.bb3973f068065p-6,-0.012894311318683505,-0x1.a68552b58731ap-7,0.4766443015481711,0.9482762393573528,0x1.e58476973a36bp-1,-1.259701008439925,-0x1.427bc3e9fcd9cp+0,-1.3284114440045707,0.5873718953093203,0x1.2cbc0251e2d9ap-1,2.192358241731761,0x1.189f31e2ad4f1p+1,3.7324874738469167,0.8146655957166904,0x1.a11bd9558f204p-1,1.4585010778971135,0x1.7560539ebfb4bp+0,1.7903064589514401,0.999999999970768,0x1.ffffffffbfb7ep-1,0.23278188202340552,0x1.dcbcbf532285fp-3,0.2327818820302102,0.9999999999703074,0x1.ffffffffbeb49p-1,-0.03214579210859909,-0x1.07569cb9ef309p-5,-0.03214579210955358,-1.3277225685903369
H593-f063b9949afaac7650b24e97,NDV2-011-P04,29,1646,/hkfs/work/workspace/scratch/ap7811-benchmark/dailymed/data/box_flat_20000_images/data/raw_images/otc/Bacitracin 28.4g 1oz carton labels rev 09 2021.jpg,3,487.6588134765625,0x1.e7a8a80000000p+8,False,False,False,CHALLENGER,28,0.027143286854982795,0x1.bcb73256473c0p-6,0.027143286854982795,0x1.bcb73256473c0p-6,0.030093582800002242,0.0977076319402591,0.3079962353237894,0.019824608819404083,0.0229985564906771,0.010268973980598159,0.007095026309325143,-1.3277225685903369,0.0,-0.14875524961688158,0.17589853647186438,False,4,-0.3120885933886444,-0x1.3f9426f83c485p-2,-0.14875524961688158,-0x1.30a697a1b3dc8p-3,0.4766443015481711,0.82759637520799,0x1.a7bab64b9ce8ap-1,-1.0993884958429945,-0x1.197186433e8a0p+0,-1.3284114440045707,0.3095823728835242,0x1.3d03295bcfae6p-2,1.1555123289115594,0x1.27cfa7eeccc91p+0,3.7324874738469167,0.6964512560726502,0x1.649542502e28bp-1,1.246861182091709,0x1.3f324b5fbc5cdp+0,1.7903064589514401,0.9999999999026736,0x1.ffffffff29fa2p-1,0.23278188200755437,0x1.dcbcbf5297185p-3,0.2327818820302102,0.9999999998778538,0x1.fffffffef365dp-1,-0.0321457921056271,-0x1.07569cb9869f4p-5,-0.03214579210955358,-1.3277225685903369
H593-f063b9949afaac7650b24e97,NDV2-011-P04,30,1647,/hkfs/work/workspace/scratch/ap7811-benchmark/dailymed/data/box_flat_20000_images/data/raw_images/otc/Bacitracin ZInc 14.2g Carton.jpg,6,477.81671142578125,0x1.ddd1140000000p+8,False,False,False,CHALLENGER,29,-3.425642828327411,-0x1.b67b76d5b8b9ep+1,-3.425642828327411,-0x1.b67b76d5b8b9ep+1,0.00045809008297735125,0.01625983672719956,0.028173104728109303,0.0004979596154624854,0.0004662161061111229,-3.986953248513416e-05,-8.126023133771655e-06,-1.3277225685903369,-4.440892098500626e-16,-0.33076211088015817,-3.0948807174472526,False,54,-0.6939390858252615,-0x1.634bfbde123edp-1,-0.33076211088015817,-0x1.52b34d83f1dfcp-2,0.4766443015481711,-0.7221106281911917,-0x1.71b87bf859b1bp-1,0.9592600223265085,0x1.eb2421308152bp-1,-1.3284114440045707,-0.5201587446585257,-0x1.0a523f3a12d53p-1,-1.941485998849884,-0x1.f10539f6b3bfdp+0,3.7324874738469167,-0.32343980800383637,-0x1.4b33ce16676b9p-2,-0.579056377351282,-0x1.287a13d68729ep-1,1.7903064589514401,-0.7483612356026662,-0x1.7f29343103e47p-1,-0.1742049368620422,-0x1.64c58ed4fe650p-3,0.2327818820302102,0.9852256249365603,0x1.f86f7e3c913fap-1,-0.031670858120215674,-0x1.03729a7b9a465p-5,-0.03214579210955358,-1.3277225685903369
H593-f063b9949afaac7650b24e97,NDV2-011-P04,31,1648,/hkfs/work/workspace/scratch/ap7811-benchmark/dailymed/data/box_flat_20000_images/data/raw_images/otc/Bacitracin Zinc 1 oz Tube Box.jpg,14,466.4845275878906,0x1.d27c0a0000000p+8,False,False,False,CHALLENGER,30,-2.8083532819269794,-0x1.67781ecebecd7p+1,-2.8083532819269794,-0x1.67781ecebecd7p+1,0.0008860067177730343,0.03385418757788557,0.026171259190156934,0.0009512505017711458,0.0008515677914491328,-6.524378399811153e-05,3.443892632390151e-05,-1.3277225685903369,0.0,-0.5403245804573947,-2.268028701469585,False,26,-1.1336012592668916,-0x1.2233b12f4176ap+0,-0.5403245804573947,-0x1.14a56c6494305p-1,0.4766443015481711,-0.5242713547034485,-0x1.0c6d4b855ca28p-1,0.6964480673518405,0x1.6494d75146f16p-1,-1.3284114440045707,-0.2068468872399826,-0x1.a79f573fcd0e5p-3,-0.7720534156274607,-0x1.8b4a95d5c523dp-1,3.7324874738469167,-0.35603420448998185,-0x1.6c943b022ada5p-2,-0.6374103359060523,-0x1.465aa5c5b29f0p-1,1.7903064589514401,-0.8383154862165618,-0x1.ad37affa0f9a0p-1,-0.195144656616562,-0x1.8fa80071421e0p-3,0.2327818820302102,0.9999999991121598,0x1.fffffff85f9e6p-1,-0.03214579208101325,-0x1.07569cb624997p-5,-0.03214579210955358,-1.3277225685903369
H593-f063b9949afaac7650b24e97,NDV2-011-P04,32,1649,/hkfs/work/workspace/scratch/ap7811-benchmark/dailymed/data/box_flat_20000_images/data/raw_images/otc/Bacitracin Zinc 15g carton.jpg,23,457.6539611816406,0x1.c9a76a0000000p+8,False,False,False,CHALLENGER,31,-2.868171971421898,-0x1.6f20425847cb8p+1,-2.868171971421898,-0x1.6f20425847cb8p+1,0.0011485727705885325,0.02969092443296864,0.03868430480100389,0.0011585051098310102,0.001374944203384886,-9.932339242477682e-06,-0.0002263714327963536,-1.3277225685903369,0.0,-0.7036254349380608,-2.164546536483837,False,30,-1.476206539452251,-0x1.79e8abf916b87p+0,-0.7036254349380608,-0x1.684197cf62afcp-1,0.4766443015481711,-0.42389987660338674,-0x1.b212cf2b28f0fp-2,0.5631134471920644,0x1.205067df41671p-1,-1.3284114440045707,-0.2687218457878481,-0x1.132bd1cd84ac2p-2,-1.0030009233521657,-0x1.00c4ab23a7c55p+0,3.7324874738469167,-0.17512694375436974,-0x1.66a8f480966cbp-3,-0.3135308985398737,-0x1.410e3e6e0e980p-2,1.7903064589514401,-0.2676322231570205,-0x1.120e2e7742bdcp-2,-0.062299932598420434,-0x1.fe5c6da1b3fa9p-5,0.2327818820302102,0.6565606012499606,0x1.5028b60c6bddfp-1,-0.021105660595104738,-0x1.59cb8e810d877p-6,-0.03214579210955358,-1.3277225685903369
H593-f063b9949afaac7650b24e97,NDV2-011-P04,33,1650,/hkfs/work/workspace/scratch/ap7811-benchmark/dailymed/data/box_flat_20000_images/data/raw_images/otc/Bacitracin Zinc Carton 01.jpg,76,416.8121337890625,0x1.a0cfe80000000p+8,False,False,False,CHALLENGER,32,-4.072060301556572,-0x1.049ca2cfa19fcp+2,-4.072060301556572,-0x1.049ca2cfa19fcp+2,0.0008751904144701506,0.023414064252488348,0.03737883372286121,0.0010024714616722209,0.0008231959317114376,-0.0001272810472020703,5.199448275871297e-05,-1.3277225685903369,0.0,-1.4589003521890556,-2.6131599493675166,False,103,-3.060773720467137,-0x1.87c76eeaee69ap+1,-1.4589003521890556,-0x1.757a7e54c65e4p+0,0.4766443015481711,-0.528710469629591,-0x1.0eb32380394a4p-1,0.7023450384209797,0x1.6799c4d50d4c2p-1,-1.3284114440045707,-0.3750079657728788,-0x1.80021692ef9e3p-2,-1.3997125348400834,-0x1.66538f88f07dcp+0,3.7324874738469167,-0.19171370194292922,-0x1.88a1318051dd3p-3,-0.34322627885791746,-0x1.5f76b5ab4a45cp-2,1.7903064589514401,-0.9137215128757455,-0x1.d3d34e5ee7ebbp-1,-0.21269781341870697,-0x1.b39ae94483300p-3,0.2327818820302102,0.9999999991257857,0x1.fffffff87d952p-1,-0.03214579208145127,-0x1.07569cb63402cp-5,-0.03214579210955358,-1.3277225685903369
H593-f063b9949afaac7650b24e97,NDV2-011-P04,34,1651,/hkfs/work/workspace/scratch/ap7811-benchmark/dailymed/data/box_flat_20000_images/data/raw_images/otc/Bacitracin Zinc Ointment  0.9 g Packet Inner.jpg,27,454.6020812988281,0x1.c69a220000000p+8,False,False,False,CHALLENGER,33,-2.5256069480537224,-0x1.434716a638764p+1,-2.5256069480537224,-0x1.434716a638764p+1,0.0021366304124622432,0.04465057033740064,0.04785225353935822,0.0022542140962107,0.0023492736558091178,-0.00011758368374845682,-0.00021264324334687454,-1.3277225685903369,4.440892098500626e-16,-0.7600628784391824,-1.7655440696145401,False,16,-1.594612326152751,-0x1.9838836e9fe29p+0,-0.7600628784391824,-0x1.8526f62b998e1p-1,0.4766443015481711,-0.14113327775063156,-0x1.210a7be287ac8p-3,0.18748306129381462,0x1.7ff71e867cb7bp-3,-1.3284114440045707,-0.0713513931916986,-0x1.24415bc484a39p-4,-0.2663181813295412,-0x1.10b5b69c8ff38p-2,3.7324874738469167,-0.07049174035849863,-0x1.20bbf277a5603p-4,-0.126201818066548,-0x1.0276194a55206p-3,1.7903064589514401,-0.9069370496689941,-0x1.d05a0d8fb7d66p-1,-0.21111851330487466,-0x1.b05ee731cbef5p-3,0.2327818820302102,0.6739933345930904,0x1.5915a783993f0p-1,-0.021666049617054272,-0x1.62f9ffa27b113p-6,-0.03214579210955358,-1.3277225685903369
H593-f063b9949afaac7650b24e97,NDV2-011-P04,35,1652,/hkfs/work/workspace/scratch/ap7811-benchmark/dailymed/data/box_flat_20000_images/data/raw_images/otc/Bacitracin Zinc Ointment USP Carton 0.5oz(14.2g) Rev 02-22.jpg,4,485.6531982421875,0x1.e5a7380000000p+8,False,False,False,CHALLENGER,34,0.09582912134977128,0x1.88841de33a180p-4,0.09582912134977128,0x1.88841de33a180p-4,0.030198504930069047,0.106715873587252,0.2829804406312472,0.020594959053061045,0.021818205281260772,0.009603545877008002,0.008380299648808275,-1.3277225685903369,-4.163336342344337e-17,-0.18584445391764665,0.28167357526741793,False,3,-0.3899017638813933,-0x1.8f42687217db8p-2,-0.18584445391764665,-0x1.7c9c045dc1116p-3,0.4766443015481711,0.8281439058542558,0x1.a8027a600d2cbp-1,-1.1001158418194372,-0x1.19a1311a6d0ddp+0,-1.3284114440045707,0.3488893088695267,0x1.65433d2e131b9p-2,1.3022249751146162,0x1.4d5e9db026d53p+0,3.7324874738469167,0.6739912681594583,0x1.5915622d11a21p-1,1.2066509206627503,0x1.34e71321ef4f4p+0,1.7903064589514401,0.9999999998959339,0x1.ffffffff1b280p-1,0.23278188200598549,0x1.dcbcbf52894b8p-3,0.2327818820302102,0.9999999998944278,0x1.ffffffff17d82p-1,-0.03214579210615988,-0x1.07569cb9995e2p-5,-0.03214579210955358,-1.3277225685903369
H593-f063b9949afaac7650b24e97,NDV2-011-P04,36,1653,/hkfs/work/workspace/scratch/ap7811-benchmark/dailymed/data/box_flat_20000_images/data/raw_images/otc/Bacitracin Zinc Ointment USP Carton 1oz(28.4g) Rev 02-22.jpg,5,481.9633483886719,0x1.e1f69e0000000p+8,False,False,False,CHALLENGER,35,0.1938608134817701,0x1.8d06e5ef0a908p-3,0.1938608134817701,0x1.8d06e5ef0a908p-3,0.036994420062065755,0.11748711493430829,0.31488065804280585,0.025296411386194505,0.030607434306979847,0.01169800867587125,0.006386985755085908,-1.3277225685903369,-2.7755575615628914e-17,-0.2540796730716515,0.4479404865534216,False,2,-0.5330592902220472,-0x1.10ed25b4aa532p-1,-0.2540796730716515,-0x1.042d7639af38dp-2,0.4766443015481711,0.8574641172641022,0x1.b705896a4920cp-1,-1.1390651461969106,-0x1.2399c5feeddf6p+0,-1.3284114440045707,0.39038819307208206,0x1.8fc1ec27f4dd8p-2,1.457119040579278,0x1.7505c0e1aab9bp+0,3.7324874738469167,0.7020993889462472,0x1.6779923421a58p-1,1.2569730708563258,0x1.41c8fcb747d61p+0,1.7903064589514401,0.9999999999145572,0x1.ffffffff441c0p-1,0.23278188201032066,0x1.dcbcbf52af6d7p-3,0.2327818820302102,0.99999999986629,0x1.fffffffed9f7fp-1,-0.032145792105255366,-0x1.07569cb9798b0p-5,-0.03214579210955358,-1.3277225685903369
H593-f063b9949afaac7650b24e97,NDV2-011-P04,37,1654,/hkfs/work/workspace/scratch/ap7811-benchmark/dailymed/data/box_flat_20000_images/data/raw_images/otc/Bacitracin Zinc twin med.jpg,21,462.6894836425781,0x1.ceb0820000000p+8,False,False,False,CHALLENGER,36,-2.9607815875870642,-0x1.7afae41ca4880p+1,-2.9607815875870642,-0x1.7afae41ca4880p+1,0.0012564666859368513,0.026927340217933447,0.04666137374756576,0.0013068958963499914,0.0011278739922150286,-5.042921041314009e-05,0.00012859269372182268,-1.3277225685903369,-4.440892098500626e-16,-0.6105051204760487,-2.3502764671110157,False,35,-1.280840069823743,-0x1.47e522834ca11p+0,-0.6105051204760487,-0x1.3894208cf8681p-1,0.4766443015481711,-0.3863861153666078,-0x1.8ba8cd4483231p-2,0.513279737457472,0x1.06cc9a0c289b2p-1,-1.3284114440045707,-0.3134216646752006,-0x1.40f19bde8d2c8p-2,-1.169842437432435,-0x1.2b7acb423ec7bp+0,3.7324874738469167,-0.08301808910356043,-0x1.540ac69ad1bd6p-4,-0.1486278211319104,-0x1.3063c8784c603p-3,1.7903064589514401,-0.7956701084947521,-0x1.9762128cc78afp-1,-0.1852175853305899,-0x1.7b535b7d1c9dep-3,0.2327818820302102,0.999999999180652,0x1.fffffff8f63c1p-1,-0.03214579208321499,-0x1.07569cb67210fp-5,-0.03214579210955358,-1.3277225685903369
H593-f063b9949afaac7650b24e97,NDV2-011-P04,38,1655,/hkfs/work/workspace/scratch/ap7811-benchmark/dailymed/data/box_flat_20000_images/data/raw_images/otc/Bacitracin Zinc.jpg,30,453.5087890625,0x1.c582400000000p+8,False,False,False,CHALLENGER,37,-3.310096640609994,-0x1.a7b13f29027b6p+1,-3.310096640609994,-0x1.a7b13f29027b6p+1,0.000794498853712121,0.026722756081556907,0.02973117186293729,0.0008682827103448798,0.0006546374247910578,-7.378385663275877e-05,0.00013986142892106319,-1.3277225685903369,0.0,-0.7802807838572425,-2.5298158567527516,False,48,-1.6370295025511492,-0x1.a3145d900b598p+0,-0.7802807838572425,-0x1.8f80f680ba6b8p-1,0.4766443015481711,-0.5626611254439283,-0x1.20151e7906427p-1,0.7474454781362057,0x1.7eb12c7846b34p-1,-1.3284114440045707,-0.31685627106463177,-0x1.4475f867053a2p-2,-1.1826620627585813,-0x1.2ec2f0e1c49c1p+0,3.7324874738469167,-0.2991355498559792,-0x1.325096eecf441p-2,-0.53554430700915,-0x1.1232dd085399dp-1,1.7903064589514401,-0.8556791564284322,-0x1.b61b9411753d7p-1,-0.19918660444743308,-0x1.97ef257f395f0p-3,0.2327818820302102,0.9999999991881477,0x1.fffffff906b7dp-1,-0.03214579208345595,-0x1.07569cb67a8b5p-5,-0.03214579210955358,-1.3277225685903369
H593-f063b9949afaac7650b24e97,NDV2-011-P04,39,1656,/hkfs/work/workspace/scratch/ap7811-benchmark/dailymed/data/box_flat_20000_images/data/raw_images/otc/Bacitracin Zinc.jpg-.jpg,15,466.47528076171875,0x1.d279ac0000000p+8,False,False,False,CHALLENGER,38,-1.2462909090589243,-0x1.3f0cebc7b5cf0p+0,-1.2462909090589243,-0x1.3f0cebc7b5cf0p+0,0.005539976899880608,0.06437397064274311,0.0860592696794466,0.005325231914952062,0.007711686224674721,0.00021474498492854606,-0.0021717093247941134,-1.3277225685903369,0.0,-0.5404955790712586,-0.7057953299876657,False,6,-1.1339600144503867,-0x1.224b3419093dcp+0,-0.5404955790712586,-0x1.14bbd6277cbe1p-1,0.4766443015481711,0.32237783035105133,0x1.4a1d69f940b7fp-2,-0.4282503991317006,-0x1.b68745cb14124p-2,-1.3284114440045707,0.11098915403759818,0x1.c69c902cd5c5cp-4,0.41426562717820115,0x1.a8353fa25965ep-2,3.7324874738469167,0.21923292754616905,0x1.c0fd31702316fp-3,0.39249412620073953,0x1.91e9faef9df9cp-2,1.7903064589514401,0.99999999546451,0x1.ffffffd90a5a2p-1,0.23278188097443028,0x1.dcbcbf2f17a3bp-3,0.2327818820302102,-0.33086767141257867,-0x1.52cef99015324p-2,0.010636003381000838,0x1.5c8543573cd5bp-7,-0.03214579210955358,-1.3277225685903369
H593-f063b9949afaac7650b24e97,NDV2-011-P04,40,1657,/hkfs/work/workspace/scratch/ap7811-benchmark/dailymed/data/box_flat_20000_images/data/raw_images/otc/Bacitracin Zinc1.jpg,18,464.93145751953125,0x1.d0ee740000000p+8,False,False,False,CHALLENGER,39,-2.845427758933059,-0x1.6c36fa0fdfc07p+1,-2.845427758933059,-0x1.6c36fa0fdfc07p+1,0.0006665519944878611,0.023264828540080197,0.028650629998821536,0.0006443394516790661,0.0007198645885453747,2.221254280879506e-05,-5.33125940575136e-05,-1.3277225685903369,0.0,-0.5690450110123283,-2.2763827479207306,False,28,-1.1938567379574954,-0x1.31a0985da2fdcp+0,-0.5690450110123283,-0x1.2359de207ff43p-1,0.4766443015481711,-0.6196983768038344,-0x1.3d491b0b83754p-1,0.8232144155772703,0x1.a57c5c210010ep-1,-1.3284114440045707,-0.37775213909366695,-0x1.82d174ed9af99p-2,-1.40995512738599,-0x1.68f2d1b8f3499p+0,3.7324874738469167,-0.3158948075857497,-0x1.4379edae3a604p-2,-0.5655485143699901,-0x1.218f932b0a7e2p-1,1.7903064589514401,0.9999999642229764,0x1.fffffeccad7e4p-1,0.23278187370196732,0x1.dcbcbe353660fp-3,0.2327818820302102,0.9068940268853206,0x1.d05469f4d2055p-1,-0.029152826853651413,-0x1.dda3d17b08546p-6,-0.03214579210955358,-1.3277225685903369
H593-f063b9949afaac7650b24e97,NDV2-011-P04,41,1658,/hkfs/work/workspace/scratch/ap7811-benchmark/dailymed/data/box_flat_20000_images/data/raw_images/otc/Bacitracin ointment 1oz Trapiel_modify_20131030.jpg,101,405.23895263671875,0x1.953d2c0000000p+8,False,False,False,CHALLENGER,40,-3.270575866093057,-0x1.a2a23adffa706p+1,-3.270575866093057,-0x1.a2a23adffa706p+1,0.0018642050252549746,0.034534003004409536,0.05398172418693947,0.0018591333032687036,0.002044776883194983,5.071721986271054e-06,-0.00018057185794000856,-1.3277225685903369,0.0,-1.67291950841211,-1.5976563576809468,False,45,-3.5097860248792667,-0x1.c140ab20683acp+1,-1.67291950841211,-0x1.ac4473f1786ccp+0,0.4766443015481711,-0.20723387191421044,-0x1.a86a3b73f5bbap-3,0.27529184703621457,0x1.19e61b1f80ffep-2,-1.3284114440045707,-0.19731205597002452,-0x1.941857dbfb727p-3,-0.7364647773470983,-0x1.7911e94ab931ep-1,3.7324874738469167,-0.01034481270147263,-0x1.52fa941e378dbp-7,-0.018520384996089347,-0x1.2f701ff785a87p-6,1.7903064589514401,0.9999999074937378,0x1.fffffce560940p-1,0.23278186049642838,0x1.dcbcbc6f793adp-3,0.2327818820302102,0.7161850049177448,0x1.6eafcd0c03be9p-1,-0.023022334280065435,-0x1.7932ab33de96cp-6,-0.03214579210955358,-1.3277225685903369
H593-f063b9949afaac7650b24e97,NDV2-011-P04,42,1659,/hkfs/work/workspace/scratch/ap7811-benchmark/dailymed/data/box_flat_20000_images/data/raw_images/otc/Bacitracin.jpg,35,447.52410888671875,0x1.bf862c0000000p+8,False,False,False,CHALLENGER,41,-3.84416402133622,-0x1.ec0d91100ca92p+1,-3.84416402133622,-0x1.ec0d91100ca92p+1,0.0005174227191715308,0.018356993926929643,0.028186680304582636,0.0005525157879821862,0.000610318003885359,-3.5093068810655346e-05,-9.289528471382821e-05,-1.3277225685903369,0.0,-0.8909535698981103,-2.95321045143811,False,84,-1.8692210669554554,-0x1.de85459791626p+0,-0.8909535698981103,-0x1.c82b10f9ef04dp-1,0.4766443015481711,-0.6916667821357979,-0x1.6222260201703p-1,0.9188180688270101,0x1.d66f52692bf93p-1,-1.3284114440045707,-0.47453025613584704,-0x1.e5eb426c438cbp-2,-1.7711782369884181,-0x1.c56befdb408fcp+0,3.7324874738469167,-0.32322411630875797,-0x1.4afb43434c681p-2,-0.5786702231164409,-0x1.284776a6e884ap-1,1.7903064589514401,-0.7189245114594665,-0x1.7016dfa205ba2p-1,-0.16735260081518402,-0x1.56bcf5db36cd1p-3,0.2327818820302102,0.8431862765230878,0x1.afb61c943491cp-1,-0.02710489075473974,-0x1.bc1626d69bcf9p-6,-0.03214579210955358,-1.3277225685903369
H593-f063b9949afaac7650b24e97,NDV2-011-P04,43,1660,/hkfs/work/workspace/scratch/ap7811-benchmark/dailymed/data/box_flat_20000_images/data/raw_images/otc/BacitracinAdvCarton12-16.jpg,24,457.10528564453125,0x1.c91af40000000p+8,False,False,False,CHALLENGER,42,-2.31598862546414,-0x1.287250b623638p+1,-2.31598862546414,-0x1.287250b623638p+1,0.0026233195900782413,0.046990958139850096,0.05582605024292041,0.0026479967668788917,0.0028230254305068657,-2.4677176800650368e-05,-0.00019970584042862437,-1.3277225685903369,0.0,-0.7137719170458432,-1.6022167084182968,False,10,-1.4974938643501379,-0x1.7f5bc20558315p+0,-0.7137719170458432,-0x1.6d73834107be0p-1,0.4766443015481711,-0.03945594377531281,-0x1.43391c84baa40p-5,0.05241372724512644,0x1.ad5f8d8c23148p-5,-1.3284114440045707,-0.045896519352107076,-0x1.77fbfa33c2d06p-5,-0.17130818357491226,-0x1.5ed6d32fee69bp-3,3.7324874738469167,0.006452259906064696,0x1.a6daf54826a8ep-8,0.011551522584661036,0x1.7a8531dc2d0a8p-7,1.7903064589514401,-0.6226693558911355,-0x1.3ece848f8c311p-1,-0.14494614454687726,-0x1.28d9863414bd4p-3,0.2327818820302102,0.6907610632297573,0x1.61ab6f1fd80fdp-1,-0.022205061535957974,-0x1.6bcec746911d1p-6,-0.03214579210955358,-1.3277225685903369
H593-f063b9949afaac7650b24e97,NDV2-011-P04,44,1665,/hkfs/work/workspace/scratch/ap7811-benchmark/dailymed/data/box_flat_20000_images/data/raw_images/otc/Bactimacina-Vapor-1.jpg,78,415.5980529785156,0x1.9f991a0000000p+8,False,False,False,CHALLENGER,43,-3.925341000332442,-0x1.f67192eb09b2ap+1,-3.925341000332442,-0x1.f67192eb09b2ap+1,0.0006441528146661452,0.029156007210080177,0.02209331373890732,0.0006638574849541497,0.0007702060627385184,-1.9704670288004408e-05,-0.00012605324807237318,-1.3277225685903369,0.0,-1.4813519622727036,-2.4439890380597387,False,88,-3.1078772104505976,-0x1.8dceeba16f3c4p+1,-1.4813519622727036,-0x1.7b39e1d7d3a1dp+0,0.4766443015481711,-0.6301146996197791,-0x1.429e64d7310eap-1,0.837051578010417,0x1.ac9206413d67fp-1,-1.3284114440045707,-0.2771348717471759,-0x1.1bc93e6af0ebep-2,-1.0344024373625058,-0x1.08ce991f5fe92p+0,3.7324874738469167,-0.4276608562644371,-0x1.b5ecba3dbd8e9p-2,-0.7656439932109252,-0x1.88027d4e7085bp-1,1.7903064589514401,-0.5489250224894818,-0x1.190cb35718c67p-1,-0.12777979982857704,-0x1.05b16a6ad3481p-3,0.2327818820302102,0.7930063440631299,0x1.9604ed728b17ep-1,-0.02549181707781049,-0x1.a1a86e2a8c40bp-6,-0.03214579210955358,-1.3277225685903369
H593-f063b9949afaac7650b24e97,NDV2-011-P04,45,1773,/hkfs/work/workspace/scratch/ap7811-benchmark/dailymed/data/box_flat_20000_images/data/raw_images/otc/Blistexv24f.jpg,105,404.63165283203125,0x1.94a1b40000000p+8,False,False,False,CHALLENGER,44,-4.6279442341692825,-0x1.28303d035e016p+2,-4.6279442341692825,-0x1.28303d035e016p+2,0.0003869414980650052,0.020264710859633155,0.01909435080249696,0.0004016938716907884,0.00043296209295641075,-1.4752373625783182e-05,-4.602059489140553e-05,-1.3277225685903369,-8.881784197001252e-16,-1.6841501104447518,-2.9437941237245306,False,119,-3.533347833960303,-0x1.c444bde8203f9p+1,-1.6841501104447518,-0x1.af24762dea3d4p+0,0.4766443015481711,-0.7600939700878316,-0x1.852b096ed3fcfp-1,1.0097175283835433,0x1.027cd9129af30p+0,-1.3284114440045707,-0.435339404847543,-0x1.bdc99ce9ebd41p-2,-1.624898875465426,-0x1.9ff95f696e61fp+0,3.7324874738469167,-0.48535945380529044,-0x1.f102119397b36p-2,-0.8689421650607546,-0x1.bce5fcca1a4ddp-1,1.7903064589514401,-0.4399070890137886,-0x1.c27701025f028p-2,-0.10240240009906092,-0x1.a370b2f751673p-4,0.2327818820302102,0.9191138545226297,0x1.d6961754f34cfp-1,-0.02954564289249493,-0x1.e413687d9a97ap-6,-0.03214579210955358,-1.3277225685903369
H593-f063b9949afaac7650b24e97,NDV2-011-P04,46,1930,/hkfs/work/workspace/scratch/ap7811-benchmark/dailymed/data/box_flat_20000_images/data/raw_images/otc/CANESTEN C2.jpg,123,400.91607666015625,0x1.90ea840000000p+8,False,False,False,CHALLENGER,45,-4.413863781029975,-0x1.1a7cbe8321731p+2,-4.413863781029975,-0x1.1a7cbe8321731p+2,0.00039010290861238745,0.02498041090273411,0.015616352754617443,0.0003965886147639754,0.000389913338621074,-6.485706151587972e-06,1.8956999131347413e-07,-1.3277225685903369,0.0,-1.7528610782175265,-2.6610027028124486,False,116,-3.677503481158008,-0x1.d6b86f1f3ff95p+1,-1.7528610782175265,-0x1.c0bb80ed6025ap+0,0.4766443015481711,-0.7583706847557967,-0x1.844929928ae44p-1,1.007428296427183,0x1.01e6d22238413p+0,-1.3284114440045707,-0.3468516818296107,-0x1.632d165815462p-2,-1.294619557711758,-0x1.4b6c2ff5224cep+0,3.7324874738469167,-0.5584023588032226,-0x1.1de6e9fa2360fp-1,-0.9997113496591291,-0x1.ffda2a8073b3bp-1,1.7903064589514401,-0.061137624088986264,-0x1.f4d6e4008e080p-5,-0.014231731198289738,-0x1.d2586a07f375dp-7,0.2327818820302102,0.9999999990843157,0x1.fffffff822639p-1,-0.03214579208011818,-0x1.07569cb6051b6p-5,-0.03214579210955358,-1.3277225685903369
H593-f063b9949afaac7650b24e97,NDV2-011-P04,47,2052,/hkfs/work/workspace/scratch/ap7811-benchmark/dailymed/data/box_flat_20000_images/data/raw_images/otc/CK Triple AB Ointment Carton and Tube_paint.jpg,53,436.6153869628906,0x1.b49d8a0000000p+8,False,False,False,CHALLENGER,46,-3.8380595562740067,-0x1.eb45891926086p+1,-3.8380595562740067,-0x1.eb45891926086p+1,0.0009028863320968715,0.01821025709166979,0.04958119633082463,0.0009688202544790143,0.0008748395356524875,-6.593392238214279e-05,2.8046796444383963e-05,-1.3277225685903369,-4.440892098500626e-16,-1.092685093052988,-2.745374463221019,False,82,-2.2924539106077155,-0x1.256f2136d2df8p+1,-1.092685093052988,-0x1.17ba35d37d42dp+0,0.4766443015481711,-0.5173950758279607,-0x1.08e801e395c6bp-1,0.6873135398014757,0x1.5fe78f6f1735dp-1,-1.3284114440045707,-0.4776335438677343,-0x1.e918c48989ba7p-2,-1.78276121957543,-0x1.c8630a0ea74eep+0,3.7324874738469167,-0.0528129436661948,-0x1.b0a4c53b41ebdp-5,-0.0945513541618271,-0x1.834847deae545p-4,1.7903064589514401,-0.8398723599488578,-0x1.ae03bffd96e0ep-1,-0.19550706861404923,-0x1.9066028eac611p-3,0.2327818820302102,0.9999999991070924,0x1.fffffff85479bp-1,-0.03214579208085036,-0x1.07569cb61ede4p-5,-0.03214579210955358,-1.3277225685903369
H593-f063b9949afaac7650b24e97,NDV2-011-P04,48,2053,/hkfs/work/workspace/scratch/ap7811-benchmark/dailymed/data/box_flat_20000_images/data/raw_images/otc/CK Triple Antibiotic.jpg,40,444.24847412109375,0x1.bc3f9c0000000p+8,False,False,False,CHALLENGER,47,-4.242763393239625,-0x1.0f896f78a854dp+2,-4.242763393239625,-0x1.0f896f78a854dp+2,0.0004088311177997545,0.012469075368390186,0.032787604992441106,0.000471838341865463,0.0004247404062371574,-6.30072240657085e-05,-1.590928843740291e-05,-1.3277225685903369,0.0,-0.9515288412436204,-3.2912345519960047,False,108,-1.9963080186902349,-0x1.ff0e0ad50461bp+0,-0.9515288412436204,-0x1.e72ec9ccaf2b1p-1,0.4766443015481711,-0.7482307433981018,-0x1.7f18199983631p-1,0.9939582822860858,0x1.fce81998039f5p-1,-1.3284114440045707,-0.6102255079114981,-0x1.386f7a4f546a5p-1,-2.277659064501539,-0x1.238a550cbc6cap+1,3.7324874738469167,-0.25396129085091984,-0x1.040e6dba9e5b3p-2,-0.45466853933404705,-0x1.d194a12bd6db8p-2,1.7903064589514401,-0.8330552629448665,-0x1.aa86382c37bf7p-1,-0.19392017194347766,-0x1.8d2604e441664p-3,0.2327818820302102,0.9712776654027558,0x1.f14b4e607aea1p-1,-0.03122248991268953,-0x1.ff8c9d44c7be9p-6,-0.03214579210955358,-1.3277225685903369
H593-f063b9949afaac7650b24e97,NDV2-011-P04,49,2123,/hkfs/work/workspace/scratch/ap7811-benchmark/dailymed/data/box_flat_20000_images/data/raw_images/otc/CS Triple Antibiotic 4-26-21.jpg,50,437.6224670410156,0x1.b59f5a0000000p+8,False,False,False,CHALLENGER,48,-4.36543364981127,-0x1.176343d1b3075p+2,-4.36543364981127,-0x1.176343d1b3075p+2,0.00024649577156007923,0.01314092230642463,0.018757874509277545,0.00025025170768275994,0.0002457033521062239,-3.755936122680709e-06,7.924194538553317e-07,-1.3277225685903369,0.0,-1.0740614816420744,-3.291372168169196,False,112,-2.2533815638904193,-0x1.206ece9d28cabp+1,-1.0740614816420744,-0x1.12f5b1798bc79p+0,0.4766443015481711,-0.8402143116112075,-0x1.ae3091fc00a90p-1,1.1161503069607506,0x1.1dbc06c9d118dp+0,-1.3284114440045707,-0.5934926708867476,-0x1.2fde4577bfa0ap-1,-2.215203959904736,-0x1.1b8bcda8e1594p+1,3.7324874738469167,-0.49212540564864055,-0x1.f7efb8eb2aa4fp-2,-0.8810552923468588,-0x1.c319ade531e89p-1,1.7903064589514401,0.2088012063834569,0x1.ab9ff78642234p-3,0.04860513779211943,0x1.8e2c5ca782e16p-5,0.2327818820302102,0.9999999990848208,0x1.fffffff8237ffp-1,-0.03214579208013442,-0x1.07569cb605adap-5,-0.03214579210955358,-1.3277225685903369
H593-f063b9949afaac7650b24e97,NDV2-011-P04,50,2154,/hkfs/work/workspace/scratch/ap7811-benchmark/dailymed/data/box_flat_20000_images/data/raw_images/otc/CUR110556 V3 RL22GZP.jpg,22,462.62738037109375,0x1.cea09c0000000p+8,False,False,False,CHALLENGER,49,-2.908626910655217,-0x1.744de2f8c3cc4p+1,-2.908626910655217,-0x1.744de2f8c3cc4p+1,0.0012737781422697987,0.02640267752780045,0.04824427904816041,0.001293605198863583,0.0014165924499031498,-1.982705659378417e-05,-0.0001428143076333511,-1.3277225685903369,4.440892098500626e-16,-0.6116535765130551,-2.296973334142162,False,32,-1.283249531204643,-0x1.48830a91219b2p+0,-0.6116535765130551,-0x1.392aa85735c34p-1,0.4766443015481711,-0.3805503200693166,-0x1.85aefbacb85e5p-2,0.5055274001996825,0x1.02d47cc62dd83p-1,-1.3284114440045707,-0.3222660093203485,-0x1.4a0019ca92c49p-2,-1.2028538430348346,-0x1.33ee3abdb3d92p+0,3.7324874738469167,-0.06643134715577159,-0x1.101a50f769850p-4,-0.11893246988982327,-0x1.e725bbc9bfacdp-4,1.7903064589514401,-0.5510844008221667,-0x1.1a27bc0dbbe26p-1,-0.12828246398087467,-0x1.06b8f4db95d22p-3,0.2327818820302102,0.768666354892273,0x1.898ea2ef987ecp-1,-0.02470938884597534,-0x1.94d6b03fd8dcfp-6,-0.03214579210955358,-1.3277225685903369
H593-f063b9949afaac7650b24e97,NDV2-011-P04,51,2163,/hkfs/work/workspace/scratch/ap7811-benchmark/dailymed/data/box_flat_20000_images/data/raw_images/otc/CVS ANTIBIOTIC CARTON IMAGE 1 OF 2.jpg,87,409.64178466796875,0x1.99a44c0000000p+8,False,False,False,CHALLENGER,50,-4.696604345174181,-0x1.2c952a6431931p+2,-4.696604345174181,-0x1.2c952a6431931p+2,0.0002450609407879159,0.013208473914659877,0.018553312242675257,0.0002447103927061097,0.0002830844909481836,3.505480818062124e-07,-3.8023550160267696e-05,-1.3277225685903369,0.0,-1.591499336731039,-3.1051050084431413,False,121,-3.3389664610732734,-0x1.ab6340c460129p+1,-1.591499336731039,-0x1.976c8022dd91bp+0,0.4766443015481711,-0.841070500345938,-0x1.aea0cae93b796p-1,1.1172876778741943,0x1.1e0690b4b185cp+0,-1.3284114440045707,-0.5918294697607004,-0x1.2f0445b2dcca1p-1,-2.208996082535277,-0x1.1ac06235bd95bp+1,3.7324874738469167,-0.49626900803382595,-0x1.fc2df15e18361p-2,-0.8884736104603828,-0x1.c6e6035892a16p-1,1.7903064589514401,0.9999998357668595,0x1.fffffa7d3f813p-1,0.23278184379971065,0x1.dcbcba31c758fp-3,0.2327818820302102,0.9326965230431993,0x1.dd8a660f207cbp-1,-0.029982268531050134,-0x1.eb3abfb33f7e2p-6,-0.03214579210955358,-1.3277225685903369
H593-f063b9949afaac7650b24e97,NDV2-011-P04,52,2199,/hkfs/work/workspace/scratch/ap7811-benchmark/dailymed/data/box_flat_20000_images/data/raw_images/otc/CVS Hemorrdial Ointment 2oz.jpg,127,400.5457763671875,0x1.908bb80000000p+8,False,False,False,CHALLENGER,51,-3.1830374310026697,-0x1.976dc5420cd76p+1,-3.1830374310026697,-0x1.976dc5420cd76p+1,0.003054960746194822,0.05653163543297302,0.05403984375822542,0.0030921878710012812,0.0028711405191505788,-3.722712480645936e-05,0.00018382022704424312,-1.3277225685903369,0.0,-1.7597089236981334,-1.4233285073045363,False,43,-3.691870264644907,-0x1.d88f346fdcc45p+1,-1.7597089236981334,-0x1.c27c48b5c349ap+0,0.4766443015481711,0.03667021659418874,0x1.2c6704a04bff9p-5,-0.048713135377846634,-0x1.8f0ed96aabcd4p-5,-1.3284114440045707,0.04646033915221242,0x1.7c9a64a708c57p-5,0.17341263391631234,0x1.632629bb11fc4p-3,3.7324874738469167,-0.00980683055429111,-0x1.4159a84109385p-7,-0.017557232083189708,-0x1.1fa85e66c1d9fp-6,1.7903064589514401,-0.7328852726733246,-0x1.773cbd0bb435ap-1,-0.17060241308512028,-0x1.5d64cc468ddf9p-3,0.2327818820302102,0.9999999992161228,0x1.fffffff9443c6p-1,-0.03214579208435523,-0x1.07569cb69a2f5p-5,-0.03214579210955358,-1.3277225685903369
H593-f063b9949afaac7650b24e97,NDV2-011-P04,53,2200,/hkfs/work/workspace/scratch/ap7811-benchmark/dailymed/data/box_flat_20000_images/data/raw_images/otc/CVS Hemorrdial Ointment.jpg,94,407.7286682128906,0x1.97ba8a0000000p+8,False,False,False,CHALLENGER,52,-2.7289930372532645,-0x1.5d4fa4d301da8p+1,-2.7289930372532645,-0x1.5d4fa4d301da8p+1,0.002520197408385055,0.05435668265923937,0.04636407678121395,0.0024787825730276194,0.0022993559093779084,4.14148353574356e-05,0.00022084149900714663,-1.3277225685903369,0.0,-1.6268779905413049,-1.1021150467119596,False,24,-3.413190895720564,-0x1.b4e370740ff87p+1,-1.6268779905413049,-0x1.a07b1373f504ap+0,0.4766443015481711,-0.05945787251839493,-0x1.e714323e998bcp-5,0.0789845182896007,0x1.4385452f1b3bdp-4,-1.3284114440045707,0.026870922249737885,0x1.b840d111a9b47p-6,0.10029538070786106,0x1.9acf544148392p-4,3.7324874738469167,-0.08619108832232555,-0x1.6109e818d10aep-4,-0.15430846212751348,-0x1.3c061332ab780p-3,1.7903064589514401,0.9999999787925281,0x1.ffffff49d446bp-1,0.23278187709349496,0x1.dcbcbea9be924p-3,0.2327818820302102,0.9999999992382296,0x1.fffffff974d96p-1,-0.03214579208506587,-0x1.07569cb6b3303p-5,-0.03214579210955358,-1.3277225685903369
H593-f063b9949afaac7650b24e97,NDV2-011-P04,54,2203,/hkfs/work/workspace/scratch/ap7811-benchmark/dailymed/data/box_flat_20000_images/data/raw_images/otc/CVS Ichthammol Oint. Carton.jpg,84,411.26025390625,0x1.9b42a00000000p+8,False,False,False,CHALLENGER,53,-3.3531436386778246,-0x1.ad33cf8d74b28p+1,-3.3531436386778246,-0x1.ad33cf8d74b28p+1,0.0012038968423376502,0.03228411311167373,0.037290689639614995,0.001181359579131261,0.0011668471525864955,2.2537263206389184e-05,3.704968975115478e-05,-1.3277225685903369,0.0,-1.561569500138118,-1.7915741385397066,False,49,-3.2761736478670587,-0x1.a359a878cd92ap+1,-1.561569500138118,-0x1.8fc304cd86378p+0,0.4766443015481711,-0.4044140533606454,-0x1.9e1eb7b4e836ap-2,0.5372282566005564,0x1.130f95012c47ep-1,-1.3284114440045707,-0.22945941372479692,-0x1.d5eed12da89ffp-3,-0.8564543874840618,-0x1.b681308184feep-1,3.7324874738469167,-0.19285051397547343,-0x1.8af535d454e36p-3,-0.345261520782395,-0x1.618c3c714f794p-2,1.7903064589514401,0.9999999646338438,0x1.fffffed035000p-1,0.23278187379760978,0x1.dcbcbe387fa8ap-3,0.2327818820302102,0.999999999114213,0x1.fffffff864224p-1,-0.032145792081079254,-0x1.07569cb626ebfp-5,-0.03214579210955358,-1.3277225685903369
H593-f063b9949afaac7650b24e97,NDV2-011-P04,55,2297,/hkfs/work/workspace/scratch/ap7811-benchmark/dailymed/data/box_flat_20000_images/data/raw_images/otc/Caja Zepol ZUA Latitas 12 unid. de 10g ING_001.jpg,114,402.9565124511719,0x1.92f4de0000000p+8,False,False,False,CHALLENGER,54,-3.841216232376623,-0x1.ebacf9377601ep+1,-3.841216232376623,-0x1.ebacf9377601ep+1,0.00078034136049325,0.026009631054169643,0.03000201574824539,0.000732054372497853,0.000805574373666637,4.828698799539701e-05,-2.5233013173387017e-05,-1.3277225685903369,4.440892098500626e-16,-1.7151279484434325,-2.1260882839331905,False,83,-3.5983393546772455,-0x1.cc96624c1fcf5p+1,-1.7151279484434325,-0x1.b712a00f05266p+0,0.4766443015481711,-0.5687739445204535,-0x1.233656a510853p-1,0.7555658169525912,0x1.82d985d392e4cp-1,-1.3284114440045707,-0.3289701082959722,-0x1.50dd8a41f89b0p-2,-1.2278768084847798,-0x1.3a56226ff5800p+0,3.7324874738469167,-0.29500144680931045,-0x1.2e14dbf94651fp-2,-0.5281429956227283,-0x1.0e68c23b9f471p-1,1.7903064589514401,0.999999981490169,0x1.ffffff6100738p-1,0.2327818777214569,0x1.dcbcbebf522edp-3,0.2327818820302102,0.9548249987055751,0x1.e8ded27daff7dp-1,-0.030693605909394184,-0x1.f6e25064f0320p-6,-0.03214579210955358,-1.3277225685903369
H593-f063b9949afaac7650b24e97,NDV2-011-P04,56,2321,/hkfs/work/workspace/scratch/ap7811-benchmark/dailymed/data/box_flat_20000_images/data/raw_images/otc/Cardinal triple antibiotic  .jpg,65,425.8758850097656,0x1.a9e03a0000000p+8,False,False,False,CHALLENGER,55,-2.9151316018075866,-0x1.75230846a65bep+1,-2.9151316018075866,-0x1.75230846a65bep+1,0.0025315309594831216,0.0471231995800543,0.053721542298554685,0.0025584881346673543,0.0022321443769964624,-2.6957175184232768e-05,0.0002993865824866592,-1.3277225685903369,0.0,-1.2912872851389716,-1.623844316668615,False,33,-2.7091214160009636,-0x1.5ac47d954f055p+1,-1.2912872851389716,-0x1.4a91cdb3699a4p+0,0.4766443015481711,-0.05722200587101892,-0x1.d4c33e7a7b425p-5,0.07601436744795827,0x1.375ad7637114dp-4,-1.3284114440045707,-0.04449427139177428,-0x1.6c7f400f95a8cp-5,-0.16607431062774272,-0x1.541ec4a6d0b11p-3,3.7324874738469167,-0.01276022267288912,-0x1.a2208188ed1ffp-7,-0.022844709068932,-0x1.7649a7959cd63p-6,1.7903064589514401,-0.6489822250148629,-0x1.4c4765f03f908p-1,-0.15107130374311314,-0x1.3564df2786a9bp-3,0.2327818820302102,0.9999999992812356,0x1.fffffff9d36bap-1,-0.03214579208644833,-0x1.07569cb6e3d44p-5,-0.03214579210955358,-1.3277225685903369
H593-f063b9949afaac7650b24e97,NDV2-011-P04,57,2355,/hkfs/work/workspace/scratch/ap7811-benchmark/dailymed/data/box_flat_20000_images/data/raw_images/otc/Carton 1oz.jpg,100,405.5046081542969,0x1.95812e0000000p+8,False,False,False,CHALLENGER,56,-3.5177534487060527,-0x1.c245beb8cab70p+1,-3.5177534487060527,-0x1.c245beb8cab70p+1,0.003328938125861415,0.03632729039154816,0.09163739133805365,0.0034058059602378285,0.003682389170354515,-7.686783437641344e-05,-0.00035345104449310003,-1.3277225685903369,-4.440892098500626e-16,-1.6680068254626554,-1.8497466232433972,False,64,-3.4994792134194466,-0x1.bfeeef53558bcp+1,-1.6680068254626554,-0x1.ab027eccddec3p+0,0.4766443015481711,0.0794620973110436,0x1.457a0c538f5e1p-4,-0.10555835943259514,-0x1.b05df659518c6p-4,-1.3284114440045707,-0.17286824348541002,-0x1.6208bee24b5e6p-3,-0.6452285534352118,-0x1.4a5b659ee6350p-1,3.7324874738469167,0.248911179072017,0x1.fdc524edc8ef5p-3,0.4456272915978506,0x1.c852854e78a6dp-2,1.7903064589514401,-0.8610671577663122,-0x1.b8ddcb64882efp-1,-0.20044083353924605,-0x1.9a80b946ac1e1p-3,0.2327818820302102,0.5109097883755858,0x1.0595f7c08f106p-1,-0.016423599843857595,-0x1.0d15920d90bcdp-6,-0.03214579210955358,-1.3277225685903369
H593-f063b9949afaac7650b24e97,NDV2-011-P04,58,2360,/hkfs/work/workspace/scratch/ap7811-benchmark/dailymed/data/box_flat_20000_images/data/raw_images/otc/Carton 2oz.jpg,109,403.71856689453125,0x1.93b7f40000000p+8,False,False,False,CHALLENGER,57,-3.771752933217802,-0x1.e2c8ccd4619aap+1,-3.771752933217802,-0x1.e2c8ccd4619aap+1,0.0009829056067253402,0.034819307622623724,0.02822875220203117,0.0009927643376950765,0.0010691829545413727,-9.858730969736305e-06,-8.627734781603254e-05,-1.3277225685903369,0.0,-1.7010355181239802,-2.0707174150938217,False,77,-3.5687734283173183,-0x1.c8cd9154ba749p+1,-1.7010355181239802,-0x1.b377104fad4a0p+0,0.4766443015481711,-0.48562398065732276,-0x1.f14769ac4e5ffp-2,0.6451084533882419,0x1.4a4ba7bb59ed6p-1,-1.3284114440045707,-0.19335521715084708,-0x1.8bfdd1f164142p-3,-0.7216959260184872,-0x1.718220dfcfca0p-1,3.7324874738469167,-0.3225561152414547,-0x1.4a4c267858f09p-2,-0.5774742964910614,-0x1.27aab6036b5ffp-1,1.7903064589514401,-0.2641759159761648,-0x1.0e84219e08acdp-2,-0.061495366907986314,-0x1.f7c521b735d63p-5,0.2327818820302102,0.8535397224209998,0x1.b5032893452d7p-1,-0.02743771047419153,-0x1.c18a194a7b322p-6,-0.03214579210955358,-1.3277225685903369
H593-f063b9949afaac7650b24e97,NDV2-011-P04,59,2375,/hkfs/work/workspace/scratch/ap7811-benchmark/dailymed/data/box_flat_20000_images/data/raw_images/otc/Carton Label Zinc Oxide Ointment 30g 02-2022.jpg,62,427.3081970214844,0x1.ab4ee60000000p+8,False,False,False,CHALLENGER,58,-2.798792311542903,-0x1.663ed3932fbeep+1,-2.798792311542903,-0x1.663ed3932fbeep+1,0.0033838265157284113,0.03260428775922848,0.1037847089535221,0.0029466921335263084,0.00300140784245317,0.0004371343822021029,0.00038241867327524137,-1.3277225685903369,0.0,-1.2647999948977648,-1.5339923166451384,False,25,-2.6535510668849156,-0x1.53a78fb544b00p+1,-1.2647999948977648,-0x1.43c9eeb6111e3p+0,0.4766443015481711,0.087581910858159,0x1.66bc4a2db630ep-4,-0.11634481267176659,-0x1.dc8c60d7c0723p-4,-1.3284114440045707,-0.22477967535047688,-0x1.cc5949537c826p-3,-0.8389873226210315,-0x1.ad8fbf10d4f4fp-1,3.7324874738469167,0.30633096086932543,0x1.39aed2cabe790p-2,0.5484262978211542,0x1.18cb54ead1015p-1,1.7903064589514401,0.999999997742015,0x1.ffffffec9aa37p-1,0.2327818815045922,0x1.dcbcbf414efe3p-3,0.2327818820302102,0.9999999993217159,0x1.fffffffa2c700p-1,-0.0321457920877496,-0x1.07569cb7119d1p-5,-0.03214579210955358,-1.3277225685903369
H593-f063b9949afaac7650b24e97,NDV2-011-P04,60,2376,/hkfs/work/workspace/scratch/ap7811-benchmark/dailymed/data/box_flat_20000_images/data/raw_images/otc/Carton Label Zinc Oxide Ointmnet 60 g 02-2022.jpg,66,424.6845703125,0x1.a8af400000000p+8,False,False,False,CHALLENGER,59,-2.4670133173712285,-0x1.3bc717a673f46p+1,-2.4670133173712285,-0x1.3bc717a673f46p+1,0.004096921837820035,0.046168633119454565,0.08873820949430862,0.003694902410862536,0.0037713771528959847,0.0004020194269574984,0.00032554468492404986,-1.3277225685903369,-4.440892098500626e-16,-1.3133178887343606,-1.153695428636868,False,13,-2.755341634146512,-0x1.60af08dffbb52p+1,-1.3133178887343606,-0x1.503599e55da81p+0,0.4766443015481711,0.18139159574445912,0x1.737d6fdbef02ep-3,-0.24096267163319027,-0x1.ed7dd651c54d7p-3,-1.3284114440045707,-0.05470141508378622,-0x1.c01d2e9a8d94ep-5,-0.20417234660193284,-0x1.a2251c7b39184p-3,3.7324874738469167,0.23377342282575747,0x1.dec499adaf536p-3,0.41852606881613963,0x1.ac9219085ae54p-2,1.7903064589514401,0.9999999975475636,0x1.ffffffeaef091p-1,0.23278188145932743,0x1.dcbcbf3fc0d70p-3,0.2327818820302102,0.9999999992945,0x1.fffffff9f096dp-1,-0.03214579208687472,-0x1.07569cb6f2d4ep-5,-0.03214579210955358,-1.3277225685903369
H593-f063b9949afaac7650b24e97,NDV2-011-P04,61,2377,/hkfs/work/workspace/scratch/ap7811-benchmark/dailymed/data/box_flat_20000_images/data/raw_images/otc/Carton Label.jpg,118,402.0017395019531,0x1.9200720000000p+8,False,False,False,CHALLENGER,60,-4.055978236073934,-0x1.039525bd4e6b9p+2,-4.055978236073934,-0x1.039525bd4e6b9p+2,0.0008944068638186087,0.031018140788735975,0.028834960480397534,0.0009320540262129303,0.000951767783508823,-3.764716239432165e-05,-5.736091969021429e-05,-1.3277225685903369,0.0,-1.7327842607647006,-2.3231939753092337,False,101,-3.635382307386256,-0x1.d154351b572aap+1,-1.7327842607647006,-0x1.bb97bfd302076p+0,0.4766443015481711,-0.520841599591882,-0x1.0aabc0094973ap-1,0.6918919414115025,0x1.623fa91974ea7p-1,-1.3284114440045707,-0.24831874839540916,-0x1.fc8e8a3abc485p-3,-0.9268466179072088,-0x1.da8ba3d0a3abcp-1,3.7324874738469167,-0.31300530987248626,-0x1.408476c581b6fp-2,-0.5603754279508091,-0x1.1ee987310fbbcp-1,1.7903064589514401,-0.7354713481053814,-0x1.788fb35683ea0p-1,-0.17120440459126654,-0x1.5ea06a353483dp-3,0.2327818820302102,0.9001768437529043,0x1.cce3fab112092p-1,-0.02893689768111496,-0x1.da1a254c099e0p-6,-0.03214579210955358,-1.3277225685903369
H593-f063b9949afaac7650b24e97,NDV2-011-P04,62,2496,/hkfs/work/workspace/scratch/ap7811-benchmark/dailymed/data/box_flat_20000_images/data/raw_images/otc/Clotrimazole cream 15gm BOX.jpg,111,403.29498291015625,0x1.934b840000000p+8,False,False,False,CHALLENGER,61,-5.277736423322895,-0x1.51c66efdc51c3p+2,-5.277736423322895,-0x1.51c66efdc51c3p+2,9.017896415309126e-05,0.011910472036709007,0.007571401357994262,8.644237832225084e-05,7.734028290619416e-05,3.7365858308404146e-06,1.2838681246897098e-05,-1.3277225685903369,-8.881784197001252e-16,-1.7088687219537828,-3.568867701369112,False,128,-3.5852074941487144,-0x1.cae814445f156p+1,-1.7088687219537828,-0x1.b5786ba9f2e58p+0,0.4766443015481711,-0.9384236497118655,-0x1.e079108a9c605p-1,1.2466127156017788,0x1.3f2202cc49925p+0,-1.3284114440045707,-0.62440784384406,-0x1.3fb262895a2b7p-1,-2.3305944557197154,-0x1.2a50eb4bc70d7p+1,3.7324874738469167,-0.7584173375756473,-0x1.844f46fb36ae2p-1,-1.3577994580424362,-0x1.5b98becad19c1p+0,1.7903064589514401,0.9999998944584659,0x1.fffffc7567b65p-1,0.23278185746205327,0x1.dcbcbc0736958p-3,0.2327818820302102,0.9999999990948003,0x1.fffffff83971ep-1,-0.03214579208045522,-0x1.07569cb610f72p-5,-0.03214579210955358,-1.3277225685903369
H593-f063b9949afaac7650b24e97,NDV2-011-P04,63,2498,/hkfs/work/workspace/scratch/ap7811-benchmark/dailymed/data/box_flat_20000_images/data/raw_images/otc/Clotrimazole creamBOX copy.jpg,122,401.0622253417969,0x1.910fee0000000p+8,False,False,False,CHALLENGER,62,-5.054227902676425,-0x1.4378784f21a8ap+2,-5.054227902676425,-0x1.4378784f21a8ap+2,0.0002224978095246592,0.01687197110848681,0.013187422387935459,0.00023545506148346359,0.0002193381180994508,-1.2957251958804398e-05,3.159691425208376e-06,-1.3277225685903369,0.0,-1.7501583971555004,-3.304069505520925,False,127,-3.6718332548419736,-0x1.d5fea1d0f4ac6p+1,-1.7501583971555004,-0x1.c00a61769a478p+0,0.4766443015481711,-0.854639860912687,-0x1.b5935b18f4b9bp-1,1.135313371738888,0x1.22a3e5aa547bdp+0,-1.3284114440045707,-0.5065511283039629,-0x1.035aab63a284fp-1,-1.8906957412575638,-0x1.e404a2d763414p+0,3.7324874738469167,-0.6138251881275911,-0x1.3a474b88f0278p-1,-1.0989351989719092,-0x1.1953d13401f24p+0,1.7903064589514401,-0.38612788751376953,-0x1.8b651be3c7e45p-2,-0.08988357635980457,-0x1.7029c2ce9b276p-4,0.2327818820302102,0.9999999990867994,0x1.fffffff827d9cp-1,-0.03214579208019802,-0x1.07569cb607ea8p-5,-0.03214579210955358,-1.3277225685903369
H593-f063b9949afaac7650b24e97,NDV2-011-P04,64,2569,/hkfs/work/workspace/scratch/ap7811-benchmark/dailymed/data/box_flat_20000_images/data/raw_images/otc/Crane Safety Triple Antibiotic 4-26-21.jpg,51,437.6224670410156,0x1.b59f5a0000000p+8,False,False,False,CHALLENGER,63,-4.36543364981127,-0x1.176343d1b3075p+2,-4.36543364981127,-0x1.176343d1b3075p+2,0.00024649577156007923,0.01314092230642463,0.018757874509277545,0.00025025170768275994,0.0002457033521062239,-3.755936122680709e-06,7.924194538553317e-07,-1.3277225685903369,0.0,-1.0740614816420744,-3.291372168169196,False,113,-2.2533815638904193,-0x1.206ece9d28cabp+1,-1.0740614816420744,-0x1.12f5b1798bc79p+0,0.4766443015481711,-0.8402143116112075,-0x1.ae3091fc00a90p-1,1.1161503069607506,0x1.1dbc06c9d118dp+0,-1.3284114440045707,-0.5934926708867476,-0x1.2fde4577bfa0ap-1,-2.215203959904736,-0x1.1b8bcda8e1594p+1,3.7324874738469167,-0.49212540564864055,-0x1.f7efb8eb2aa4fp-2,-0.8810552923468588,-0x1.c319ade531e89p-1,1.7903064589514401,0.2088012063834569,0x1.ab9ff78642234p-3,0.04860513779211943,0x1.8e2c5ca782e16p-5,0.2327818820302102,0.9999999990848208,0x1.fffffff8237ffp-1,-0.03214579208013442,-0x1.07569cb605adap-5,-0.03214579210955358,-1.3277225685903369
H593-f063b9949afaac7650b24e97,NDV2-011-P04,65,2570,/hkfs/work/workspace/scratch/ap7811-benchmark/dailymed/data/box_flat_20000_images/data/raw_images/otc/Crane Triple Antibiotic 4-26-21.jpg,52,437.6224670410156,0x1.b59f5a0000000p+8,False,False,False,CHALLENGER,64,-4.36543364981127,-0x1.176343d1b3075p+2,-4.36543364981127,-0x1.176343d1b3075p+2,0.00024649577156007923,0.01314092230642463,0.018757874509277545,0.00025025170768275994,0.0002457033521062239,-3.755936122680709e-06,7.924194538553317e-07,-1.3277225685903369,0.0,-1.0740614816420744,-3.291372168169196,False,114,-2.2533815638904193,-0x1.206ece9d28cabp+1,-1.0740614816420744,-0x1.12f5b1798bc79p+0,0.4766443015481711,-0.8402143116112075,-0x1.ae3091fc00a90p-1,1.1161503069607506,0x1.1dbc06c9d118dp+0,-1.3284114440045707,-0.5934926708867476,-0x1.2fde4577bfa0ap-1,-2.215203959904736,-0x1.1b8bcda8e1594p+1,3.7324874738469167,-0.49212540564864055,-0x1.f7efb8eb2aa4fp-2,-0.8810552923468588,-0x1.c319ade531e89p-1,1.7903064589514401,0.2088012063834569,0x1.ab9ff78642234p-3,0.04860513779211943,0x1.8e2c5ca782e16p-5,0.2327818820302102,0.9999999990848208,0x1.fffffff8237ffp-1,-0.03214579208013442,-0x1.07569cb605adap-5,-0.03214579210955358,-1.3277225685903369
H593-f063b9949afaac7650b24e97,NDV2-011-P04,66,2615,/hkfs/work/workspace/scratch/ap7811-benchmark/dailymed/data/box_flat_20000_images/data/raw_images/otc/DB Antifungal Pro.jpg,98,405.7713317871094,0x1.95c5760000000p+8,False,False,False,CHALLENGER,65,-3.9549804917798443,-0x1.fa3cccfe41974p+1,-3.9549804917798443,-0x1.fa3cccfe41974p+1,0.0008780800802083215,0.027607631846190396,0.03180570086925035,0.0008856929527377206,0.001024455082458652,-7.612872529399149e-06,-0.00014637500225033048,-1.3277225685903369,0.0,-1.6630743901980678,-2.2919061015817768,False,93,-3.4891309615918957,-0x1.be9bd7e5bfc5dp+1,-1.6630743901980678,-0x1.a9bf3e44b7419p+0,0.4766443015481711,-0.5275219938799438,-0x1.0e175cdf45280p-1,0.7007662536342264,0x1.66cad59affb71p-1,-1.3284114440045707,-0.302128501233563,-0x1.35612c7ff35a3p-2,-1.1276908463464166,-0x1.20b058e90e719p+0,3.7324874738469167,-0.2681275008858516,-0x1.129003fdda0dep-2,-0.48003039665844804,-0x1.eb8d169aef8e8p-2,1.7903064589514401,-0.1404002944780037,-0x1.1f8a30890deabp-3,-0.032682644786185426,-0x1.0bbc79501c45fp-5,0.2327818820302102,0.7635804633764496,0x1.86f404bc21fc2p-1,-0.02454589883461594,-0x1.9228f62fb7e8fp-6,-0.03214579210955358,-1.3277225685903369
H593-f063b9949afaac7650b24e97,NDV2-011-P04,67,2721,/hkfs/work/workspace/scratch/ap7811-benchmark/dailymed/data/box_flat_20000_images/data/raw_images/otc/Equate Eye Ointment Nighttime Relief Lubricant 3.5g.jpg,126,400.6719970703125,0x1.90ac080000000p+8,False,False,False,CHALLENGER,66,-4.078143417852349,-0x1.05004d4004b44p+2,-4.078143417852349,-0x1.05004d4004b44p+2,0.0006234583114641302,0.02279184760796234,0.02735444366723147,0.0006229170418470413,0.0006511550290647939,5.41269617088916e-07,-2.7696717600663692e-05,-1.3277225685903369,0.0,-1.757374764401299,-2.32076865345105,False,104,-3.6869731971896726,-0x1.d7eebcdb94400p+1,-1.757374764401299,-0x1.c1e35003eb563p+0,0.4766443015481711,-0.6398580750120669,-0x1.479b7a4484457p-1,0.8499947893847647,0x1.b332845c5b1f3p-1,-1.3284114440045707,-0.38652222868335123,-0x1.8bcc7bad7cf49p-2,-1.442689376924002,-0x1.7154174c2cda4p+0,3.7324874738469167,-0.33657813973420164,-0x1.58a7f09ad3e15p-2,-0.6025780175080016,-0x1.34851b1cf8840p-1,1.7903064589514401,0.9999998407548625,0x1.fffffaa8183d4p-1,0.23278184496082738,0x1.dcbcba59aca36p-3,0.2327818820302102,0.9505233117345042,0x1.e6aafdd3f87a6p-1,-0.030555324774301763,-0x1.f49e5227f447ap-6,-0.03214579210955358,-1.3277225685903369
H593-f063b9949afaac7650b24e97,NDV2-011-P04,68,2785,/hkfs/work/workspace/scratch/ap7811-benchmark/dailymed/data/box_flat_20000_images/data/raw_images/otc/Geri care White petrolatum 5g Rev1122 CDER.jpg,107,404.327392578125,0x1.9453d00000000p+8,False,False,False,CHALLENGER,67,-3.9329461844687152,-0x1.f76ac7d39c4d8p+1,-3.9329461844687152,-0x1.f76ac7d39c4d8p+1,0.0008315273796019539,0.03446586272743217,0.024126115344274328,0.000870389751016035,0.0008878901904181535,-3.88623714140811e-05,-5.636281081619957e-05,-1.3277225685903369,0.0,-1.6897766984982916,-2.243169485970424,False,90,-3.545152418710953,-0x1.c5c78df0d973ap+1,-1.6897766984982916,-0x1.b09534a997cfdp+0,0.4766443015481711,-0.5468961825151002,-0x1.1802c6c46b510p-1,0.7265031475354715,0x1.73f83876363a4p-1,-1.3284114440045707,-0.19826096620028827,-0x1.9609d86f3a926p-3,-0.7400065728953629,-0x1.7ae2243ad23d4p-1,3.7324874738469167,-0.3910343541604141,-0x1.906b4f4aed03ep-2,-0.7000713299252943,-0x1.666fbfd5caf06p-1,1.7903064589514401,-0.742678799987349,-0x1.7c40654ac1a20p-1,-0.17288216880499313,-0x1.62100be8a1c92p-3,0.2327818820302102,0.9018285563195774,0x1.cdbc78f7fba32p-1,-0.028989993289907968,-0x1.daf8d845d9badp-6,-0.03214579210955358,-1.3277225685903369
H593-f063b9949afaac7650b24e97,NDV2-011-P04,69,2804,/hkfs/work/workspace/scratch/ap7811-benchmark/dailymed/data/box_flat_20000_images/data/raw_images/otc/Hydrocortisone Ointment CARTON REV 01 2022 .jpg,60,433.259033203125,0x1.b142500000000p+8,False,False,False,CHALLENGER,68,-2.6371381656689428,-0x1.518dbe504a6fep+1,-2.6371381656689428,-0x1.518dbe504a6fep+1,0.003375638393546375,0.052547302335987374,0.06423999412876703,0.0034625528152941805,0.003947171073806152,-8.691442174780552e-05,-0.0005715326802597774,-1.3277225685903369,0.0,-1.1547530750706758,-1.482385090598267,False,19,-2.4226725701324114,-0x1.361a2280d146dp+1,-1.1547530750706758,-0x1.279de5c4624cep+0,0.4766443015481711,0.0863797185718595,0x1.61cfb324dc72cp-4,-0.11474780668075231,-0x1.d601cbcfb479dp-4,-1.3284114440045707,0.009950163410140635,0x1.460c0537dc474p-7,0.03713886029107984,0x1.303dd5cb8c802p-5,3.7324874738469167,0.07649530229936236,0x1.3953235ac639cp-4,0.13695003378599138,0x1.18794262601bdp-3,1.7903064589514401,-0.8761320155880944,-0x1.c0946023dbddfp-1,-0.20394765949551807,-0x1.a1af4f7d082e0p-3,0.2327818820302102,0.31282321102743244,0x1.4054ba532b8cbp-2,-0.010055949908730853,-0x1.49836bfe7dc52p-7,-0.03214579210955358,-1.3277225685903369
H593-f063b9949afaac7650b24e97,NDV2-011-P04,70,2860,/hkfs/work/workspace/scratch/ap7811-benchmark/dailymed/data/box_flat_20000_images/data/raw_images/otc/Major_EOLR.jpg,113,403.05291748046875,0x1.930d8c0000000p+8,False,False,False,CHALLENGER,69,-3.6760620539899014,-0x1.d689338dfa02ep+1,-3.6760620539899014,-0x1.d689338dfa02ep+1,0.0007678179202159906,0.031180046964414246,0.024625297104019773,0.0007516618593374616,0.0008358693147370981,1.6156060878529024e-05,-6.805139452110748e-05,-1.3277225685903369,-8.881784197001252e-16,-1.7133451609147332,-1.9627168930751682,False,70,-3.5945990654869444,-0x1.cc1bd27a3fd1cp+1,-1.7133451609147332,-0x1.b69dc9d8e37dbp+0,0.4766443015481711,-0.5742212255851292,-0x1.260053111d453p-1,0.7628020474576158,0x1.868dfd6e4dfa4p-1,-1.3284114440045707,-0.24587461047112746,-0x1.f78d1b971f31cp-3,-0.9177239037204732,-0x1.d5dfe85279490p-1,3.7324874738469167,-0.38232583064746617,-0x1.87806c2c30070p-2,-0.6844804040321332,-0x1.5e74372c244a3p-1,1.7903064589514401,0.9999999543262577,0x1.fffffe77aa60ep-1,0.23278187139819048,0x1.dcbcbde60e24bp-3,0.2327818820302102,0.8826640666166033,0x1.c3ec8b66f202bp-1,-0.028373935588030485,-0x1.d0e0e95a33a23p-6,-0.03214579210955358,-1.3277225685903369
H593-f063b9949afaac7650b24e97,NDV2-011-P04,71,2864,/hkfs/work/workspace/scratch/ap7811-benchmark/dailymed/data/box_flat_20000_images/data/raw_images/otc/Medi-First PlusTribiotic93473_Nantong UltraD 1-12-23 (002)_Label.jpg,59,434.45220947265625,0x1.b273c40000000p+8,False,False,False,CHALLENGER,70,-2.69835929081279,-0x1.5963d65573082p+1,-2.69835929081279,-0x1.5963d65573082p+1,0.0021108917767109245,0.034764850168234815,0.06071913920226468,0.001776557408485786,0.0021807074407157495,0.00033433436822513846,-6.981566400482506e-05,-1.3277225685903369,0.0,-1.1326880460117696,-1.5656712448010202,False,22,-2.3763801273459615,-0x1.302d3958e8592p+1,-1.1326880460117696,-0x1.21f7d80230d15p+0,0.4766443015481711,-0.1470671850024147,-0x1.2d318f6f33835p-3,0.19536573159474505,0x1.901be89fab191p-3,-1.3284114440045707,-0.19410845704413673,-0x1.8d88bc170d7e1p-3,-0.7245073844849926,-0x1.72f2a1c425a73p-1,3.7324874738469167,0.04842362034697661,0x1.8cafb137d05c7p-5,0.0866931202730046,0x1.63185345c5a12p-4,1.7903064589514401,0.9999999970594525,0x1.ffffffe6bdaafp-1,0.23278188134570402,0x1.dcbcbf3bd965dp-3,0.2327818820302102,0.8798048852788763,0x1.c275c93244823p-1,-0.028282024939144397,-0x1.cf5f690b68f72p-6,-0.03214579210955358,-1.3277225685903369
H593-f063b9949afaac7650b24e97,NDV2-011-P04,72,2894,/hkfs/work/workspace/scratch/ap7811-benchmark/dailymed/data/box_flat_20000_images/data/raw_images/otc/NeilMed Vapor Rub Carton Label.jpg,119,401.9294128417969,0x1.91edee0000000p+8,False,False,False,CHALLENGER,71,-4.306760341372475,-0x1.13a1f62079e49p+2,-4.306760341372475,-0x1.13a1f62079e49p+2,0.0005590496289271982,0.02782915824051304,0.020088628771866582,0.0005888324446541669,0.0005836375081115443,-2.978281572696862e-05,-2.4587879184346053e-05,-1.3277225685903369,0.0,-1.7341217746751207,-2.5726385666973544,False,111,-3.6381884122868615,-0x1.d1b0286bbaa77p+1,-1.7341217746751207,-0x1.bbef679582d91p+0,0.4766443015481711,-0.6709424525762219,-0x1.5785c4e6a034fp-1,0.891287632270747,0x1.c856da3fdd408p-1,-1.3284114440045707,-0.29849285719692753,-0x1.31a81c8f00696p-2,-1.1141208505203084,-0x1.1d370628c6c41p+0,3.7324874738469167,-0.4657200655237204,-0x1.dce5b88a0fb99p-2,-0.8337816413704046,-0x1.aae56d6361d65p-1,1.7903064589514401,-0.6769050096743819,-0x1.5a934b1e199e1p-1,-0.15757122210768026,-0x1.42b4b36df2274p-3,0.2327818820302102,0.9559545546316831,0x1.e972e01935ed1p-1,-0.030729916379370965,-0x1.f77a9c76ecf65p-6,-0.03214579210955358,-1.3277225685903369
H593-f063b9949afaac7650b24e97,NDV2-011-P04,73,2896,/hkfs/work/workspace/scratch/ap7811-benchmark/dailymed/data/box_flat_20000_images/data/raw_images/otc/Neosporin_1b.jpg,56,435.3627014160156,0x1.b35cda0000000p+8,False,False,False,CHALLENGER,72,-3.5155116653862315,-0x1.c1fc4947c52a8p+1,-3.5155116653862315,-0x1.c1fc4947c52a8p+1,0.0013492140633260066,0.024107265901242313,0.055967112523385654,0.0014043840121745162,0.0016957300978437254,-5.5169948848509624e-05,-0.0003465160345177188,-1.3277225685903369,0.0,-1.1158506082407211,-2.3996610571455106,False,63,-2.341055173882006,-0x1.2ba7b228fa373p+1,-1.1158506082407211,-0x1.1da862ad9d985p+0,0.4766443015481711,-0.3556835843085471,-0x1.6c385149512bcp-2,0.47249414384003846,0x1.e3d5813d60c0bp-2,-1.3284114440045707,-0.3624032534076555,-0x1.7319d6a566473p-2,-1.352665603825444,-0x1.5a484b02dab85p+0,3.7324874738469167,0.007714012019587933,0x1.f98ba558573bep-8,0.01381044554309732,0x1.c48a69f9b38cfp-7,1.7903064589514401,-0.8115739258321768,-0x1.9f869e1b78974p-1,-0.18891970586186033,-0x1.82e855b1f918fp-3,0.2327818820302102,0.5181943625540347,0x1.0950c58048445p-1,-0.016657768251004637,-0x1.10ebbe7731c24p-6,-0.03214579210955358,-1.3277225685903369
H593-f063b9949afaac7650b24e97,NDV2-011-P04,74,2932,/hkfs/work/workspace/scratch/ap7811-benchmark/dailymed/data/box_flat_20000_images/data/raw_images/otc/PKG triple antibiotic ointment.jpg,63,426.689453125,0x1.aab0800000000p+8,False,False,False,CHALLENGER,73,-3.9334749706077803,-0x1.f77c1b9b328eap+1,-3.9334749706077803,-0x1.f77c1b9b328eap+1,0.0005943487941099046,0.024701386478489643,0.024061353585454522,0.0006237020772436743,0.0007057833474674168,-2.935328313376966e-05,-0.00011143455335751215,-1.3277225685903369,0.0,-1.276242228878258,-2.6572327417295223,False,91,-2.677556879905921,-0x1.56ba2f103017fp+1,-1.276242228878258,-0x1.46b7cf8ace676p+0,0.4766443015481711,-0.6537622216083467,-0x1.4eb9ec0256184p-1,0.86846521684238,0x1.bca779101a677p-1,-1.3284114440045707,-0.35178264007381904,-0x1.6839b559ab9d3p-2,-1.3130242975923279,-0x1.50225c41032dfp+0,3.7324874738469167,-0.39217220934478175,-0x1.9195977624c3dp-2,-0.7021084394112191,-0x1.677ac1e30897ep-1,1.7903064589514401,-0.6729502264663921,-0x1.588cee9d0494dp-1,-0.15665062022950293,-0x1.40d20a5645494p-3,0.2327818820302102,0.8147888426345988,0x1.a12c00d085c82p-1,-0.02619203274851558,-0x1.ad215904854a6p-6,-0.03214579210955358,-1.3277225685903369
H593-f063b9949afaac7650b24e97,NDV2-011-P04,75,2956,/hkfs/work/workspace/scratch/ap7811-benchmark/dailymed/data/box_flat_20000_images/data/raw_images/otc/Publix Bacitracin 1 oz Carton.jpg,20,463.34222412109375,0x1.cf579c0000000p+8,False,False,False,CHALLENGER,74,-2.8163380659732216,-0x1.687dc407eadd4p+1,-2.8163380659732216,-0x1.687dc407eadd4p+1,0.001889375325775633,0.028189692146078305,0.06702362395392386,0.0019881748516310405,0.0017919313697918023,-9.87995258554075e-05,9.744395598383073e-05,-1.3277225685903369,4.440892098500626e-16,-0.598434198522472,-2.2179038674507496,False,27,-1.2555152690984022,-0x1.416972dc6801cp+0,-0.598434198522472,-0x1.3265f79eec89dp-1,0.4766443015481711,-0.20080724459000093,-0x1.9b40d42282ec2p-3,0.26675464175238217,0x1.112820f987dcap-2,-1.3284114440045707,-0.2926190633335305,-0x1.2ba454ecd08dep-2,-1.0921969885012202,-0x1.179a38ca67059p+0,3.7324874738469167,0.09754347607323113,0x1.8f89bf7ac352ap-4,0.17463271524248095,0x1.65a5d646399f9p-3,1.7903064589514401,-0.8902147944857546,-0x1.c7ca3bc9769e6p-1,-0.20722587527153072,-0x1.a8660a2968db5p-3,0.2327818820302102,0.9999999991591931,0x1.fffffff8c70bdp-1,-0.03214579208252518,-0x1.07569cb659cbbp-5,-0.03214579210955358,-1.3277225685903369
H593-f063b9949afaac7650b24e97,NDV2-011-P04,76,2959,/hkfs/work/workspace/scratch/ap7811-benchmark/dailymed/data/box_flat_20000_images/data/raw_images/otc/Qualmax AD Ointment Carton.jpg,117,402.1911315917969,0x1.9230ee0000000p+8,False,False,False,CHALLENGER,75,-4.974558356449103,-0x1.3e5f2a033f83ap+2,-4.974558356449103,-0x1.3e5f2a033f83ap+2,0.0002653171776253428,0.016109870893436948,0.016469230534518514,0.0002757830821752252,0.0002952313031085974,-1.04659045498824e-05,-2.9914125483254564e-05,-1.3277225685903369,0.0,-1.729281893115727,-3.245276463333376,False,125,-3.628034338182391,-0x1.d0636ddfa1126p+1,-1.729281893115727,-0x1.bab237d87f3c6p+0,0.4766443015481711,-0.8290565365422933,-0x1.a87a192df7e64p-1,1.101328190869576,0x1.19f0a4f1f29adp+0,-1.3284114440045707,-0.5235300241005628,-0x1.0c0c2097f8d63p-1,-1.954069257138125,-0x1.f43de20186faap+0,3.7324874738469167,-0.5398338173422254,-0x1.1465191d84f6dp-1,-0.9664679699481981,-0x1.eed4e3c71e381p-1,1.7903064589514401,-0.29174723989982887,-0x1.2abfc9d845aa0p-2,-0.06791347158100139,-0x1.162c6fb65f22ap-4,0.2327818820302102,0.9466678202104821,0x1.e4b1a4fff591ep-1,-0.030431386945290403,-0x1.f2967cececa4fp-6,-0.03214579210955358,-1.3277225685903369
H593-f063b9949afaac7650b24e97,NDV2-011-P04,77,2979,/hkfs/work/workspace/scratch/ap7811-benchmark/dailymed/data/box_flat_20000_images/data/raw_images/otc/Rugby Zinc Oxide 30 g carton.jpg,120,401.76678466796875,0x1.91c44c0000000p+8,False,False,False,CHALLENGER,76,-3.3824170343246776,-0x1.b0f30a97edcc6p+1,-3.3824170343246776,-0x1.b0f30a97edcc6p+1,0.0020376844157532275,0.03223859494980618,0.06320636550463184,0.0018482355167681655,0.0017720524124498628,0.000189448898985062,0.00026563200330336476,-1.3277225685903369,0.0,-1.7371292057420529,-1.6452878285826247,False,51,-3.6444980042764517,-0x1.d27ee91d5a314p+1,-1.7371292057420529,-0x1.bcb47fe796acbp+0,0.4766443015481711,-0.16428720838974056,-0x1.5075cfd97b075p-3,0.21824100772849508,0x1.bef52436b8420p-3,-1.3284114440045707,-0.2301276215378408,-0x1.d74d26834a533p-3,-0.8589484647761747,-0x1.b7c817da537f0p-1,3.7324874738469167,0.06842745145175524,0x1.184762222485ap-4,0.12250610830366351,0x1.f5c8f70b976cap-4,1.7903064589514401,0.9999999948767148,0x1.ffffffd3fdc6dp-1,0.2327818808376022,0x1.dcbcbf2a64164p-3,0.2327818820302102,0.9999999992633636,0x1.fffffff9ac1e9p-1,-0.03214579208587382,-0x1.07569cb6cf9d9p-5,-0.03214579210955358,-1.3277225685903369
H593-f063b9949afaac7650b24e97,NDV2-011-P04,78,2999,/hkfs/work/workspace/scratch/ap7811-benchmark/dailymed/data/box_flat_20000_images/data/raw_images/otc/ShopkoTripleAntibiotic.jpg,25,455.5980224609375,0x1.c799180000000p+8,False,False,False,CHALLENGER,77,-3.8370095596958906,-0x1.eb232116aaa6ap+1,-3.8370095596958906,-0x1.eb232116aaa6ap+1,0.0003709342998198649,0.01808782772180565,0.020507398982614576,0.0003956862365911536,0.00033176142098437054,-2.475193677128868e-05,3.9172878835494365e-05,-1.3277225685903369,4.440892098500626e-16,-0.7416452554575107,-3.09536430423838,False,81,-1.5559721432703582,-0x1.8e5430bcd54d9p+0,-0.7416452554575107,-0x1.7bb8ed4ad8debp-1,0.4766443015481711,-0.7688716045870116,-0x1.89a989f90c6bap-1,1.0213778385035435,0x1.0579049d3b5d1p+0,-1.3284114440045707,-0.4802327746289529,-0x1.ebc223f5fea8fp-2,-1.7924628158333162,-0x1.caded7d54cd79p+0,3.7324874738469167,-0.45760291529352887,-0x1.d495dbcef5b95p-2,-0.8192494548850134,-0x1.a374aa1ffe719p-1,1.7903064589514401,-0.6235945430378704,-0x1.3f47c8b09f998p-1,-0.14516151135212438,-0x1.294a703f2996bp-3,0.2327818820302102,0.9999999991158758,0x1.fffffff867ca5p-1,-0.032145792081132704,-0x1.07569cb628cd6p-5,-0.03214579210955358,-1.3277225685903369
H593-f063b9949afaac7650b24e97,NDV2-011-P04,79,3024,/hkfs/work/workspace/scratch/ap7811-benchmark/dailymed/data/box_flat_20000_images/data/raw_images/otc/TRIPLE ANTIBIOTIC OINTMENT 0.5 oz (14.2g).jpg,42,442.34918212890625,0x1.ba59640000000p+8,False,False,False,CHALLENGER,78,-3.7407520376880186,-0x1.ded0f678285f0p+1,-3.7407520376880186,-0x1.ded0f678285f0p+1,0.0005260953601257265,0.023175615421466907,0.02270038359535512,0.0005509506529200785,0.0004880272004009719,-2.4855292794351974e-05,3.8068159724754624e-05,-1.3277225685903369,8.881784197001252e-16,-0.9866518436608817,-2.754100194027137,False,74,-2.0699960965780426,-0x1.08f5a1d0d33ebp+1,-0.9866518436608817,-0x1.f92a6e321f88fp-1,0.4766443015481711,-0.6873067445324125,-0x1.5fe6ab6c2c833p-1,0.9130261449783826,0x1.d37829b226749p-1,-1.3284114440045707,-0.37939784347129984,-0x1.8480de478754fp-2,-1.41609769836116,-0x1.6a8560f666ed1p+0,3.7324874738469167,-0.4165224074958631,-0x1.aa84d998fbd1cp-2,-0.7457027564378474,-0x1.7dccc06ee00e3p-1,1.7903064589514401,-0.6248661719995617,-0x1.3fee757a3acadp-1,-0.14545752353507102,-0x1.29e5a254527e8p-3,0.2327818820302102,0.9999999991150114,0x1.fffffff865e3bp-1,-0.03214579208110492,-0x1.07569cb627d32p-5,-0.03214579210955358,-1.3277225685903369
H593-f063b9949afaac7650b24e97,NDV2-011-P04,80,3042,/hkfs/work/workspace/scratch/ap7811-benchmark/dailymed/data/box_flat_20000_images/data/raw_images/otc/Triple Antibiotic Ointment.jpg,26,455.2832336425781,0x1.c748820000000p+8,False,False,False,CHALLENGER,79,-3.0215187347318753,-0x1.82c1203af65cbp+1,-3.0215187347318753,-0x1.82c1203af65cbp+1,0.0008526292877996522,0.03353500133254158,0.025425056028618095,0.0009018050060077804,0.0009261386562986177,-4.917571820812821e-05,-7.350936849896553e-05,-1.3277225685903369,0.0,-0.7474665449030735,-2.2740521898288018,False,38,-1.5681852116457797,-0x1.9174960616e70p+0,-0.7474665449030735,-0x1.7eb3ef5a6cf64p-1,0.4766443015481711,-0.5380534937105808,-0x1.137bbf5df891ap-1,0.7147564185317767,0x1.6df48da4666f8p-1,-1.3284114440045707,-0.21137625794412773,-0x1.b0e609182ac7cp-3,-0.7889592350450916,-0x1.93f27700caac4p-1,3.7324874738469167,-0.36859859308660625,-0x1.7971e8daa2644p-2,-0.6599044419633648,-0x1.51defeb96f812p-1,1.7903064589514401,-0.791005986857499,-0x1.94febc98fc800p-1,-0.18413186231785234,-0x1.791a20367439ap-3,0.2327818820302102,0.8738468894528975,0x1.bf68dc07d2b30p-1,-0.02809050044393289,-0x1.cc3c192f09abbp-6,-0.03214579210955358,-1.3277225685903369
H593-f063b9949afaac7650b24e97,NDV2-011-P04,81,3064,/hkfs/work/workspace/scratch/ap7811-benchmark/dailymed/data/box_flat_20000_images/data/raw_images/otc/Vitamin A&D 4oz innercase.jpg,124,400.88604736328125,0x1.90e2d40000000p+8,False,False,False,CHALLENGER,80,-3.984414567082272,-0x1.fe014be9a9848p+1,-3.984414567082272,-0x1.fe014be9a9848p+1,0.0006157430408227779,0.02553854672469464,0.024110339850598534,0.0006122617244534822,0.0006041730220484486,3.4813163692956183e-06,1.1570018774329231e-05,-1.3277225685903369,0.0,-1.7534164004486883,-2.230998166633584,False,98,-3.6786685474964873,-0x1.d6de9c68291e4p+1,-1.7534164004486883,-0x1.c0dfe5b03278dp+0,0.4766443015481711,-0.643520447757423,-0x1.497b831ad9cf2p-1,0.8548599272519062,0x1.b5b0334c6a6ecp-1,-1.3284114440045707,-0.3370953956756716,-0x1.592f89103c9c2p-2,-1.2582043418509143,-0x1.4219ae03ef546p+0,3.7324874738469167,-0.39131135602111006,-0x1.90b3ec92a804bp-2,-0.7005672481456399,-0x1.66b0c016de54bp-1,1.7903064589514401,0.9999998915362874,0x1.fffffc5c4dc61p-1,0.23278185678182306,0x1.dcbcbbefd7374p-3,0.2327818820302102,0.9999999990937596,0x1.fffffff837280p-1,-0.032145792080421766,-0x1.07569cb60fc9dp-5,-0.03214579210955358,-1.3277225685903369
H593-f063b9949afaac7650b24e97,NDV2-011-P04,82,3087,/hkfs/work/workspace/scratch/ap7811-benchmark/dailymed/data/box_flat_20000_images/data/raw_images/otc/Zinc Oxide.jpg,91,408.52166748046875,0x1.98858c0000000p+8,False,False,False,CHALLENGER,81,-4.057264802240473,-0x1.03aa39fd356c6p+2,-4.057264802240473,-0x1.03aa39fd356c6p+2,0.0009051143421575779,0.026694120291172678,0.03390688032738374,0.0009362825430719841,0.0008844830276816087,-3.1168200914406135e-05,2.063131447596926e-05,-1.3277225685903369,0.0,-1.6122133074348626,-2.4450514948056106,False,102,-3.3824243827069598,-0x1.b0f3483c75ae4p+1,-1.6122133074348626,-0x1.9cba02e59bd5ap+0,0.4766443015481711,-0.516492079533412,-0x1.0871a65c7a62ep-1,0.6861139891899034,0x1.5f4a5531cc26bp-1,-1.3284114440045707,-0.31733844905789943,-0x1.44f45ed1de3fcp-2,-1.1844617860786175,-0x1.2f38e33a91c4ep+0,3.7324874738469167,-0.23819435053608068,-0x1.e7d2708d27c92p-3,-0.42644088425048865,-0x1.b4aceb4e21f76p-2,1.7903064589514401,-0.6890332340151641,-0x1.60c8f6cbe78cap-1,-0.16039445299541216,-0x1.487ce31099d06p-3,0.2327818820302102,0.9999999991011407,0x1.fffffff847633p-1,-0.032145792080659034,-0x1.07569cb61822fp-5,-0.03214579210955358,-1.3277225685903369
H593-f063b9949afaac7650b24e97,NDV2-011-P04,83,3166,/hkfs/work/workspace/scratch/ap7811-benchmark/dailymed/data/box_flat_20000_images/data/raw_images/otc/antibiotic.carton.jpg,37,445.9364318847656,0x1.bdefba0000000p+8,False,False,False,CHALLENGER,82,-2.6245987847928385,-0x1.4ff2da5ce73e2p+1,-2.6245987847928385,-0x1.4ff2da5ce73e2p+1,0.001608566370865904,0.03144224353336126,0.05115940181428726,0.0014773640308709637,0.0022993734388944884,0.00013120233999494037,-0.0006908070680285844,-1.3277225685903369,-4.440892098500626e-16,-0.9203139754633461,-1.7042848093294922,False,18,-1.9308192135605264,-0x1.ee4a2b00bb1c5p+0,-0.9203139754633461,-0x1.d73364b555693p-1,0.4766443015481711,-0.276626239512454,-0x1.1b43e8afaf916p-2,0.36747346228029326,0x1.784af69a9126bp-2,-1.3284114440045707,-0.24193672323806548,-0x1.ef7c855012374p-3,-0.9030257889496477,-0x1.ce59656df777bp-1,3.7324874738469167,-0.03717767084092252,-0x1.308f3a0ce7234p-5,-0.06655942423527421,-0x1.10a09d654c27bp-4,1.7903064589514401,0.999999992697569,0x1.ffffffc145c8dp-1,0.23278188033033656,0x1.dcbcbf18f6219p-3,0.2327818820302102,0.22498652825897172,0x1.ccc5bca74d8b5p-3,-0.007232370164863107,-0x1.d9fb0954a5afbp-8,-0.03214579210955358,-1.3277225685903369
H593-f063b9949afaac7650b24e97,NDV2-011-P04,84,3194,/hkfs/work/workspace/scratch/ap7811-benchmark/dailymed/data/box_flat_20000_images/data/raw_images/otc/art04-0003-02.jpg,97,405.8518981933594,0x1.95da160000000p+8,False,False,False,CHALLENGER,83,-4.681272511690574,-0x1.2b99f80557fcap+2,-4.681272511690574,-0x1.2b99f80557fcap+2,0.0005209150592591698,0.017390733050291075,0.02995359987142411,0.0005930606386258612,0.0005056276960087907,-7.214557936669147e-05,1.5287363250379108e-05,-1.3277225685903369,0.0,-1.6615845012851946,-3.0196880104053796,False,120,-3.486005173854512,-0x1.be356ae3b22a9p+1,-1.6615845012851946,-0x1.a95d9a148f752p+0,0.4766443015481711,-0.6899083544721096,-0x1.613baaf763c82p-1,0.9164821533951124,0x1.d53d2618663a4p-1,-1.3284114440045707,-0.49520843505631984,-0x1.fb17eb8514b82p-2,-1.848359280791048,-0x1.d92e12e641712p+0,3.7324874738469167,-0.29573852399320394,-0x1.2ed61462df5b7p-2,-0.5294625896657985,-0x1.0f15b87623e08p-1,1.7903064589514401,-0.8526433884877267,-0x1.b48dac99692b6p-1,-0.19847993267278868,-0x1.967ca59def6e2p-3,0.2327818820302102,0.9999999990968023,0x1.fffffff83dd8ep-1,-0.03214579208051958,-0x1.07569cb6133adp-5,-0.03214579210955358,-1.3277225685903369
H593-f063b9949afaac7650b24e97,NDV2-011-P04,85,3276,/hkfs/work/workspace/scratch/ap7811-benchmark/dailymed/data/box_flat_20000_images/data/raw_images/otc/bacitracin-01.jpg,13,466.9210205078125,0x1.d2ebc80000000p+8,False,False,False,CHALLENGER,84,-3.174664703866931,-0x1.965b69bb6fdf0p+1,-3.174664703866931,-0x1.965b69bb6fdf0p+1,0.0009188247280684265,0.021743451713222842,0.04225753758818623,0.0010900551086721125,0.0011071113890739244,-0.00017123038060368602,-0.00018828666100549792,-1.3277225685903369,0.0,-0.532252655790416,-2.642412048076515,False,42,-1.11666635699121,-0x1.1dddd8abd219fp+0,-0.532252655790416,-0x1.10836b8ba8705p-1,0.4766443015481711,-0.5109589289592109,-0x1.059c68a2f53f4p-1,0.6787636886457342,0x1.5b86ea08e43a0p-1,-1.3284114440045707,-0.40636547906463233,-0x1.a01e45ab394fdp-2,-1.5167540604125416,-0x1.8449fe7d8c0d1p+0,3.7324874738469167,-0.1320017810816463,-0x1.0e56f326134c1p-3,-0.23632364126356542,-0x1.e3fda633fd3c0p-3,1.7903064589514401,-0.9351483594921911,-0x1.decbc409daa15p-1,-0.21768559510005583,-0x1.bdd1f1fe1ecc1p-3,0.2327818820302102,0.7058426582994693,0x1.6964357b092d5p-1,-0.022689871355749406,-0x1.73c037db18d61p-6,-0.03214579210955358,-1.3277225685903369
H593-f063b9949afaac7650b24e97,NDV2-011-P04,86,3277,/hkfs/work/workspace/scratch/ap7811-benchmark/dailymed/data/box_flat_20000_images/data/raw_images/otc/bacitracin-ifc.jpg,8,476.49237060546875,0x1.dc7e0c0000000p+8,False,False,False,CHALLENGER,85,-3.746427004197475,-0x1.df8aeb89f0908p+1,-3.746427004197475,-0x1.df8aeb89f0908p+1,0.00023587818043497658,0.015559105624189386,0.01516013748684,0.0002582851815407517,0.000245368200211865,-2.2407001105775116e-05,-9.490019776888398e-06,-1.3277225685903369,-4.440892098500626e-16,-0.35525272423737053,-3.3911742799601043,False,75,-0.7453204057690127,-0x1.7d9aa2dfa3831p-1,-0.35525272423737053,-0x1.6bc75ec1a85bep-2,0.4766443015481711,-0.8465689366592339,-0x1.b1717bd185956p-1,1.124591863596907,0x1.1fe5409b7f14ap+0,-1.3284114440045707,-0.5360407574992043,-0x1.1273ef259075ep-1,-2.000765412837193,-0x1.001914bf8d457p+1,3.7324874738469167,-0.5685199470261958,-0x1.23150be733cbbp-1,-1.017824933203729,-0x1.04902cc129d4ap+0,1.7903064589514401,-0.5922342534234338,-0x1.2f3953fc0c9b9p-1,-0.13786140411466338,-0x1.1a5714706cc9bp-3,0.2327818820302102,0.9827670353688357,0x1.f72d3da8fdf6fp-1,-0.03159182481108888,-0x1.02ccdbcc4e8bcp-5,-0.03214579210955358,-1.3277225685903369
H593-f063b9949afaac7650b24e97,NDV2-011-P04,87,3278,/hkfs/work/workspace/scratch/ap7811-benchmark/dailymed/data/box_flat_20000_images/data/raw_images/otc/bacitracin-ointment.jpg,12,470.8756103515625,0x1.d6e0280000000p+8,False,False,False,CHALLENGER,86,-3.645432046552812,-0x1.d29d846dde09ep+1,-3.645432046552812,-0x1.d29d846dde09ep+1,0.00037731837047407077,0.01566678063267398,0.024083976109753616,0.0004039239142995034,0.0003696268624182944,-2.6605543825432623e-05,7.691508055776368e-06,-1.3277225685903369,-4.440892098500626e-16,-0.45912168424278454,-3.186310362310027,False,69,-0.9632375395059335,-0x1.ed2d7884ea3c7p-1,-0.45912168424278454,-0x1.d623feaad42bcp-2,0.4766443015481711,-0.765360389960798,-0x1.87dd512912247p-1,1.016713500811725,0x1.044756036355dp+0,-1.3284114440045707,-0.5335787679344652,-0x1.11313c7c3cac4p-1,-1.9915760676260623,-0x1.fdd7edddf341cp+0,3.7324874738469167,-0.3917745232119484,-0x1.912d573267be2p-2,-0.7013964593589721,-0x1.671d6fccf4368p-1,1.7903064589514401,-0.6451660849041981,-0x1.4a5335864dc49p-1,-0.15018297546606163,-0x1.339321c05775cp-3,0.2327818820302102,0.999999999090563,0x1.fffffff830208p-1,-0.03214579208031901,-0x1.07569cb60c2c4p-5,-0.03214579210955358,-1.3277225685903369
H593-f063b9949afaac7650b24e97,NDV2-011-P04,88,3279,/hkfs/work/workspace/scratch/ap7811-benchmark/dailymed/data/box_flat_20000_images/data/raw_images/otc/bacitracin.carton.jpg,11,471.56451416015625,0x1.d790840000000p+8,False,False,False,CHALLENGER,87,-2.1829163486171104,-0x1.1769cd8b9b6bbp+1,-2.1829163486171104,-0x1.1769cd8b9b6bbp+1,0.0029050876436674884,0.043239170761956,0.06718647912238712,0.003029427390858035,0.002623557119410652,-0.00012433974719054663,0.0002815305242568366,-1.3277225685903369,0.0,-0.4463820053339977,-1.7365343432831126,False,8,-0.9365096863302896,-0x1.df7e32965a041p-1,-0.4463820053339977,-0x1.c9185d49bacbbp-2,0.4766443015481711,0.011534563301292865,0x1.79f6ee138b7f9p-7,-0.015322645891032582,-0x1.f617ab7ebe033p-7,-1.3284114440045707,-0.08731010424680043,-0x1.659f47a59b119p-4,-0.32588387044145106,-0x1.4db480575c178p-2,3.7324874738469167,0.0987452228236914,0x1.9475deea9fb13p-4,0.17678421021185386,0x1.6a0dd70a790a4p-3,1.7903064589514401,-0.9117706010232075,-0x1.d2d398a1b2a85p-1,-0.21224367648599812,-0x1.b2acd00a5242ap-3,0.2327818820302102,0.9999999992718909,0x1.fffffff9bedf0p-1,-0.032145792086147935,-0x1.07569cb6d9429p-5,-0.03214579210955358,-1.3277225685903369
H593-f063b9949afaac7650b24e97,NDV2-011-P04,89,3280,/hkfs/work/workspace/scratch/ap7811-benchmark/dailymed/data/box_flat_20000_images/data/raw_images/otc/bacitracin.jpg,16,466.31671142578125,0x1.d251140000000p+8,False,False,False,CHALLENGER,88,-3.4555910207797034,-0x1.ba50ce7b4ccf8p+1,-3.4555910207797034,-0x1.ba50ce7b4ccf8p+1,0.0005752758124512352,0.01962431961676248,0.029314433503205513,0.0007037732559476419,0.0004589600429479925,-0.00012849744349640669,0.00011631576950324267,-1.3277225685903369,-4.440892098500626e-16,-0.5434279513406861,-2.9121630694390173,False,59,-1.140112133042601,-0x1.23de638530d67p+0,-0.5434279513406861,-0x1.163c303d7b264p-1,0.4766443015481711,-0.6630009919172024,-0x1.5374ddb2fff8cp-1,0.8807381050491936,0x1.c2f01adb0dfa2p-1,-1.3284114440045707,-0.4482607947961931,-0x1.cb04e0b6ea1a6p-2,-1.6731278015934539,-0x1.ac521a85df4c8p+0,3.7324874738469167,-0.3055483610075772,-0x1.38e1ab677eebap-2,-0.5470252042338918,-0x1.1813b0048b691p-1,1.7903064589514401,-0.9145033373342738,-0x1.d439c80bddfbdp-1,-0.21287980798758044,-0x1.b3fa542a48890p-3,0.2327818820302102,0.9999999991723263,0x1.fffffff8e3ed2p-1,-0.03214579208294736,-0x1.07569cb668a65p-5,-0.03214579210955358,-1.3277225685903369
H593-f063b9949afaac7650b24e97,NDV2-011-P04,90,3513,/hkfs/work/workspace/scratch/ap7811-benchmark/dailymed/data/box_flat_20000_images/data/raw_images/otc/borasol.jpg,121,401.2384033203125,0x1.913d080000000p+8,False,False,False,CHALLENGER,89,-4.259625460482876,-0x1.109db41b7ee7bp+2,-4.259625460482876,-0x1.109db41b7ee7bp+2,0.0008022289132505188,0.02491684654680042,0.03219624569038947,0.0008217986573090764,0.0007681991432492795,-1.9569744058557594e-05,3.402977000123929e-05,-1.3277225685903369,0.0,-1.7469003938623122,-2.5127250666205634,False,109,-3.66499796218746,-0x1.d51ea739c03a8p+1,-1.7469003938623122,-0x1.bf34dd3d02162p+0,0.4766443015481711,-0.5593435602794457,-0x1.1e62477541c0cp-1,0.743038386605476,0x1.7c6f870449479p-1,-1.3284114440045707,-0.34797183318233416,-0x1.6452ba6dca072p-2,-1.298800508604611,-0x1.4c7e30ac7c271p+0,3.7324874738469167,-0.26245483511829987,-0x1.0cc0f5d60a6a1p-2,-0.4698745864953275,-0x1.e126cdb8e035bp-2,1.7903064589514401,-0.546520185957816,-0x1.17d17e6a95d75p-1,-0.12721999745476087,-0x1.048beb03b9244p-3,0.2327818820302102,0.9999999991118371,0x1.fffffff85ee8cp-1,-0.032145792081002884,-0x1.07569cb6243c1p-5,-0.03214579210955358,-1.3277225685903369
H593-f063b9949afaac7650b24e97,NDV2-011-P04,91,3524,/hkfs/work/workspace/scratch/ap7811-benchmark/dailymed/data/box_flat_20000_images/data/raw_images/otc/box-01.jpg,74,419.02606201171875,0x1.a306ac0000000p+8,False,False,False,CHALLENGER,90,-3.803171452221025,-0x1.e6ce52782f606p+1,-3.803171452221025,-0x1.e6ce52782f606p+1,0.00042955873692746466,0.028612457235324247,0.015012997080066995,0.0004322408784162302,0.0004537767887565736,-2.682141488765527e-06,-2.4218051829108934e-05,-1.3277225685903369,-4.440892098500626e-16,-1.417958882085536,-2.385212570135489,False,79,-2.9748784942564406,-0x1.7cc8d18933db8p+1,-1.417958882085536,-0x1.6aff5a71a14e1p+0,0.4766443015481711,-0.737143746293323,-0x1.796ae7b58fbdap-1,0.9792301884524521,0x1.f55da8c551828p-1,-1.3284114440045707,-0.2857987373088318,-0x1.24a86c97eb095p-2,-1.0667402070464802,-0x1.1115e2de97c86p+0,3.7324874738469167,-0.5718111897828001,-0x1.24c46faf353c5p-1,-1.0237172663688547,-0x1.061255b3679ddp+0,1.7903064589514401,0.3629493550262636,0x1.73a8fee7c4b4ap-2,0.08448803394466456,0x1.5a101feb21792p-4,0.2327818820302102,0.9566026689320372,0x1.e9c7d334a8a91p-1,-0.030750750526933376,-0x1.f7d1fef5ccf0fp-6,-0.03214579210955358,-1.3277225685903369
H593-f063b9949afaac7650b24e97,NDV2-011-P04,92,3525,/hkfs/work/workspace/scratch/ap7811-benchmark/dailymed/data/box_flat_20000_images/data/raw_images/otc/box-02.jpg,77,416.64630126953125,0x1.a0a5740000000p+8,False,False,False,CHALLENGER,91,-3.4300612067574843,-0x1.b70c3ee1269dcp+1,-3.4300612067574843,-0x1.b70c3ee1269dcp+1,0.0012245756262316198,0.04003082792204201,0.03059081437477182,0.0012598592074830643,0.0014759329054240158,-3.528358125144443e-05,-0.000251357279192396,-1.3277225685903369,0.0,-1.4619670402013862,-1.968094166556098,False,55,-3.0672076335599185,-0x1.889a427e17383p+1,-1.4619670402013862,-0x1.764378d17eafep+0,0.4766443015481711,-0.39726695836918413,-0x1.96cd2647e87d0p-2,0.5277339738225115,0x1.0e3325bd1c92cp-1,-1.3284114440045707,-0.12541759577206663,-0x1.00daf0c178c76p-3,-0.4681196052192347,-0x1.df5abeec21d64p-2,3.7324874738469167,-0.2861042996520221,-0x1.24f88689006dep-2,-0.5122143756007934,-0x1.0640f66f7e311p-1,1.7903064589514401,-0.7202298709739746,-0x1.70c1f83adefc9p-1,-0.16765646485969726,-0x1.575c45cc4871ap-3,0.2327818820302102,0.6257467863910359,0x1.4061e1fe40d15p-1,-0.02011512610854747,-0x1.4990f432a1d3bp-6,-0.03214579210955358,-1.3277225685903369
H593-f063b9949afaac7650b24e97,NDV2-011-P04,93,3527,/hkfs/work/workspace/scratch/ap7811-benchmark/dailymed/data/box_flat_20000_images/data/raw_images/otc/box-10.jpg,96,406.62554931640625,0x1.96a0240000000p+8,False,False,False,CHALLENGER,92,-4.97929181386056,-0x1.3eacb79271625p+2,-4.97929181386056,-0x1.3eacb79271625p+2,0.00020036391860846938,0.014235124193605142,0.01407531932165924,0.0002039957700548898,0.00020619275495290188,-3.6318514464204284e-06,-5.828836344432496e-06,-1.3277225685903369,-8.881784197001252e-16,-1.6472776172585866,-3.332014196601974,False,126,-3.4559893235020827,-0x1.ba5ddbafe2204p+1,-1.6472776172585866,-0x1.a5b3fc658ef59p+0,0.4766443015481711,-0.8681468444143657,-0x1.bc7dbe41c5463p-1,1.153256203196499,0x1.273bcc6ca35a2p+0,-1.3284114440045707,-0.5669727970667838,-0x1.224a422a3f38fp-1,-2.1162188630637204,-0x1.0ee0427c04bbdp+1,3.7324874738469167,-0.5931140740021534,-0x1.2faca5dd45ecep-1,-1.0618559575810578,-0x1.0fd5cac2df979p+0,1.7903064589514401,0.224808716526934,0x1.cc68832ab619bp-3,0.05233139612993571,0x1.acb2e45dd3b89p-5,0.2327818820302102,0.989380090087769,0x1.fa9006f47b230p-1,-0.03180440669329281,-0x1.048aacd3b95a7p-5,-0.03214579210955358,-1.3277225685903369
H593-f063b9949afaac7650b24e97,NDV2-011-P04,94,3529,/hkfs/work/workspace/scratch/ap7811-benchmark/dailymed/data/box_flat_20000_images/data/raw_images/otc/box-20.jpg,64,426.37548828125,0x1.aa60200000000p+8,False,False,False,CHALLENGER,93,-3.9808577914343646,-0x1.fd8cbf841e62ap+1,-3.9808577914343646,-0x1.fd8cbf841e62ap+1,0.0004349976615682339,0.016557838324561185,0.026271404095242135,0.0004295530776037348,0.0005064625951004007,5.444583964499109e-06,-7.146493353216675e-05,-1.3277225685903369,4.440892098500626e-16,-1.2820482808235756,-2.698809510610789,False,97,-2.689737979997665,-0x1.584955897314dp+1,-1.2820482808235756,-0x1.483450ee07c08p+0,0.4766443015481711,-0.7342577720420956,-0x1.77f0a27b825e1p-1,0.9753964272300192,0x1.f36729172d257p-1,-1.3284114440045707,-0.5135036616527082,-0x1.06e9f3b259694p-1,-1.9166459848932587,-0x1.eaa94faf20525p+0,3.7324874738469167,-0.35436552497044155,-0x1.6adecbd24fc9bp-2,-0.6344228881842994,-0x1.44d313a92bbd9p-1,1.7903064589514401,0.9999999105780846,0x1.fffffcffdf20ep-1,0.23278186121440841,0x1.dcbcbc8824a62p-3,0.2327818820302102,0.8771399158940654,0x1.c1187ba98ff9ap-1,-0.028196357387321937,-0x1.cdf818361271ap-6,-0.03214579210955358,-1.3277225685903369
H593-f063b9949afaac7650b24e97,NDV2-011-P04,95,3685,/hkfs/work/workspace/scratch/ap7811-benchmark/dailymed/data/box_flat_20000_images/data/raw_images/otc/cart-14-gm.jpg,69,422.2990417480469,0x1.a64c8e0000000p+8,False,False,False,CHALLENGER,94,-3.9707826443631955,-0x1.fc429b0e883bcp+1,-3.9707826443631955,-0x1.fc429b0e883bcp+1,0.0007703442425211627,0.021911476487789,0.035157112436054516,0.0007871618704543238,0.0007382692583502826,-1.6817627933161114e-05,3.207498417088009e-05,-1.3277225685903369,-4.440892098500626e-16,-1.3574327093519276,-2.613349935011268,False,95,-2.847894551435734,-0x1.6c87cf046fc0bp+1,-1.3574327093519276,-0x1.5b80b5c52fec8p+0,0.4766443015481711,-0.5731193154244623,-0x1.256fe518e86f4p-1,0.7613382573899209,0x1.85ce20c95ddedp-1,-1.3284114440045707,-0.4031471000446357,-0x1.9cd297e8ad016p-2,-1.5047415010343126,-0x1.8136bd2fe056bp+0,3.7324874738469167,-0.2210449610469198,-0x1.c4b33875230cfp-3,-0.39573822148097004,-0x1.953c667c26e1ep-2,1.7903064589514401,-0.4911898993916404,-0x1.f6fa7c280ceddp-2,-0.11434010921461565,-0x1.d4564b5b2a5cep-4,0.2327818820302102,0.9999999991102925,0x1.fffffff85b833p-1,-0.03214579208095323,-0x1.07569cb6227cdp-5,-0.03214579210955358,-1.3277225685903369
H593-f063b9949afaac7650b24e97,NDV2-011-P04,96,3686,/hkfs/work/workspace/scratch/ap7811-benchmark/dailymed/data/box_flat_20000_images/data/raw_images/otc/cart-28-gm.jpg,71,420.7435302734375,0x1.a4be580000000p+8,False,False,False,CHALLENGER,95,-4.1983473623914875,-0x1.0cb1b922ae090p+2,-4.1983473623914875,-0x1.0cb1b922ae090p+2,0.0007577289114044853,0.018183825787646733,0.04167048894184039,0.0008109625121794476,0.0007059126471265074,-5.32336007749623e-05,5.181626427797797e-05,-1.3277225685903369,0.0,-1.3861982880557362,-2.8121490743357516,False,106,-2.908244750966865,-0x1.74415d2f154afp+1,-1.3861982880557362,-0x1.62dde418f8779p+0,0.4766443015481711,-0.5786372005405994,-0x1.284322992448dp-1,0.7686682791249,0x1.898ee380a0ca8p-1,-1.3284114440045707,-0.4781939194583633,-0x1.e9abaab4e1008p-2,-1.7848528144481024,-0x1.c8ec1d323a687p+0,3.7324874738469167,-0.13886823043454183,-0x1.1c66f2615ba56p-3,-0.24861668989011718,-0x1.fd2abf428ae8fp-3,1.7903064589514401,-0.8053869434147692,-0x1.9c5bad6d2f053p-1,-0.18747948845064838,-0x1.7ff53efc87dfap-3,0.2327818820302102,0.9999999991256495,0x1.fffffff87d487p-1,-0.03214579208144689,-0x1.07569cb633db5p-5,-0.03214579210955358,-1.3277225685903369
H593-f063b9949afaac7650b24e97,NDV2-011-P04,97,3698,/hkfs/work/workspace/scratch/ap7811-benchmark/dailymed/data/box_flat_20000_images/data/raw_images/otc/carton image.jpg,46,440.8701171875,0x1.b8dec00000000p+8,False,False,False,CHALLENGER,96,-3.307435464252126,-0x1.a75a0b984bf67p+1,-3.307435464252126,-0x1.a75a0b984bf67p+1,0.0008682061089775083,0.019510020054597493,0.04450052365645403,0.0008648488061927179,0.000820260546365189,3.357302784790352e-06,4.794556261231923e-05,-1.3277225685903369,0.0,-1.0140037209530435,-2.2934317432990827,False,47,-2.127380349790178,-0x1.104dffd2403cdp+1,-1.0140037209530435,-0x1.0395bf7384007p+0,0.4766443015481711,-0.5315906599074893,-0x1.102ca6a652cdap-1,0.7061711161470505,0x1.698f42b2767a0p-1,-1.3284114440045707,-0.4505915623004807,-0x1.cd67dfdfbc87ap-2,-1.6818273621076567,-0x1.ae8c3cedc534bp+0,3.7324874738469167,-0.10651192825168568,-0x1.b445da079924ap-4,-0.19068899310436524,-0x1.8687f368b92d3p-3,1.7903064589514401,0.9999998900574532,0x1.fffffc4f99c86p-1,0.23278185643757723,0x1.dcbcbbe403329p-3,0.2327818820302102,0.9999999991226803,0x1.fffffff876c0fp-1,-0.032145792081351446,-0x1.07569cb6307fap-5,-0.03214579210955358,-1.3277225685903369
H593-f063b9949afaac7650b24e97,NDV2-011-P04,98,3703,/hkfs/work/workspace/scratch/ap7811-benchmark/dailymed/data/box_flat_20000_images/data/raw_images/otc/carton-1-oz.jpg,70,421.9440612792969,0x1.a5f1ae0000000p+8,False,False,False,CHALLENGER,97,-3.45106069229389,-0x1.b9bc5b54f4e98p+1,-3.45106069229389,-0x1.b9bc5b54f4e98p+1,0.0010089015140412984,0.02426664115786965,0.04157565554613695,0.0009674887403967471,0.001023272768847923,4.141277364455131e-05,-1.4371254806624587e-05,-1.3277225685903369,-4.440892098500626e-16,-1.3639972501983442,-2.0870634420955456,False,57,-2.8616669616483277,-0x1.6e4b1a5e29606p+1,-1.3639972501983442,-0x1.5d2eec7d6f91cp+0,0.4766443015481711,-0.47558687103812103,-0x1.e7003ea610138p-2,0.6317750421053658,0x1.437804b08b0b2p-1,-1.3284114440045707,-0.35953788577971985,-0x1.702ab31463349p-2,-1.3419706550462078,-0x1.578b638b9d7b2p+0,3.7324874738469167,-0.13998527773731126,-0x1.1eb099ee6d033p-3,-0.2506165468912196,-0x1.00a19fc2efdc4p-2,1.7903064589514401,0.9999999787916007,0x1.ffffff49d23cap-1,0.2327818770932791,0x1.dcbcbea9bcac3p-3,0.2327818820302102,0.9740183306019873,0x1.f2b287d747b4dp-1,-0.031310590766425915,-0x1.007f116b8713bp-5,-0.03214579210955358,-1.3277225685903369
H593-f063b9949afaac7650b24e97,NDV2-011-P04,99,3706,/hkfs/work/workspace/scratch/ap7811-benchmark/dailymed/data/box_flat_20000_images/data/raw_images/otc/carton-14g.jpg,7,476.70770263671875,0x1.dcb52c0000000p+8,False,False,False,CHALLENGER,98,-2.323155422027364,-0x1.295d282890f94p+1,-2.323155422027364,-0x1.295d282890f94p+1,0.0014412594856620799,0.024123369762018048,0.05974536310144055,0.0014256452849678775,0.001454501534811531,1.561420069420231e-05,-1.3242049149451117e-05,-1.3277225685903369,4.440892098500626e-16,-0.3512706575066007,-1.9718847645207633,False,11,-0.7369660276345509,-0x1.79539c75e827cp-1,-0.3512706575066007,-0x1.67b37ec8241d0p-2,0.4766443015481711,-0.3265289716806871,-0x1.4e5d9c5a429f7p-2,0.43376482277966916,0x1.bc2cd87ff9c4dp-2,-1.3284114440045707,-0.36211317771342166,-0x1.72cdcbfeeb4c0p-2,-1.3515828999302488,-0x1.5a0156410883bp+0,3.7324874738469167,0.040355906212568314,0x1.4a98782c4502bp-5,0.0722494395491996,0x1.27ef07404a4e8p-4,1.7903064589514401,0.999999953167203,0x1.fffffe6db5972p-1,0.23278187112838358,0x1.dcbcbddcc8e59p-3,0.2327818820302102,0.9760353501479176,0x1.f3bae7c9401c3p-1,-0.0313754294574303,-0x1.01070b6d5d20cp-5,-0.03214579210955358,-1.3277225685903369
H593-f063b9949afaac7650b24e97,NDV2-011-P04,100,3709,/hkfs/work/workspace/scratch/ap7811-benchmark/dailymed/data/box_flat_20000_images/data/raw_images/otc/carton-28g.jpg,9,473.4643249511719,0x1.d976de0000000p+8,False,False,False,CHALLENGER,99,-3.00252663277261,-0x1.8052caee904d6p+1,-3.00252663277261,-0x1.8052caee904d6p+1,0.0010076694312840416,0.022416406868641665,0.04495231716612315,0.0011564413374110963,0.001049924712099523,-0.0001487719061270547,-4.2255280815481485e-05,-1.3277225685903369,0.0,-0.4112494089351005,-2.5912772238375092,False,37,-0.86280148026387,-0x1.b9c11d9958f0bp-1,-0.4112494089351005,-0x1.a51e90a78099dp-2,0.4766443015481711,-0.4760595198125823,-0x1.e77c25922d92cp-2,0.632402914146355,0x1.43ca50944eb08p-1,-1.3284114440045707,-0.3935636040195403,-0x1.93025660a3a7dp-2,-1.4689712221649822,-0x1.780e7f7df6b84p+0,3.7324874738469167,-0.1015159055622871,-0x1.9fcf24669f1eap-4,-0.181744581414467,-0x1.743680cb33e83p-3,1.7903064589514401,-0.9257220024084063,-0x1.d9f83bfb10400p-1,-0.2154913099574036,-0x1.b9538206b6c77p-3,0.2327818820302102,0.9254852316373007,0x1.d9d93345a05a9p-1,-0.02975045585667471,-0x1.e76e74bc833a7p-6,-0.03214579210955358,-1.3277225685903369
H593-f063b9949afaac7650b24e97,NDV2-011-P04,101,3717,/hkfs/work/workspace/scratch/ap7811-benchmark/dailymed/data/box_flat_20000_images/data/raw_images/otc/carton-label-2-oz.jpg,73,420.4015197753906,0x1.a466ca0000000p+8,False,False,False,CHALLENGER,100,-3.047787690394861,-0x1.861de833b2dacp+1,-3.047787690394861,-0x1.861de833b2dacp+1,0.0016023179878729588,0.033662615691659646,0.04759933103683188,0.001554846795307088,0.0019365726891760044,4.74711925658709e-05,-0.00033425470130304556,-1.3277225685903369,-4.440892098500626e-16,-1.3925229793612546,-1.6552647110336063,False,39,-2.92151395671416,-0x1.75f42b59728b5p+1,-1.3925229793612546,-0x1.647c62cf48fa7p+0,0.4766443015481711,-0.27842236125634884,-0x1.1d1ac06048d29p-2,0.36985945095970857,0x1.7abc6f97f42ffp-2,-1.3284114440045707,-0.20956129004842294,-0x1.ad2e783a1fd70p-3,-0.7821848901089391,-0x1.907a89b4e2f15p-1,3.7324874738469167,-0.07312782766338269,-0x1.2b8815c3de382p-4,-0.13092122219484184,-0x1.0c206cfd6efddp-3,1.7903064589514401,0.999999981206381,0x1.ffffff5e90651p-1,0.23278187765539618,0x1.dcbcbebd0d1b5p-3,0.2327818820302102,0.5312470974861287,0x1.0fff9e9b987f6p-1,-0.01707735875459284,-0x1.17cba25698226p-6,-0.03214579210955358,-1.3277225685903369
H593-f063b9949afaac7650b24e97,NDV2-011-P04,102,3866,/hkfs/work/workspace/scratch/ap7811-benchmark/dailymed/data/box_flat_20000_images/data/raw_images/otc/cf7b93ab-6bd8-6101-e053-2995a90a7c82 (2).jpg,61,432.70025634765625,0x1.b0b3440000000p+8,False,False,False,CHALLENGER,101,-2.3721280735763726,-0x1.2fa1e488f78d6p+1,-2.3721280735763726,-0x1.2fa1e488f78d6p+1,0.005188485513031827,0.04055906314077858,0.12792419526611942,0.005184867257654648,0.007070688899047734,3.6182553771789763e-06,-0.0018822033860159074,-1.3277225685903369,0.0,-1.1650863576444284,-1.2070417159319442,False,12,-2.444351802507978,-0x1.38e08515d85f9p+1,-1.1650863576444284,-0x1.2a43197b193c8p+0,0.4766443015481711,0.2927068604478535,0x1.2bbb58e3c0e33p-2,-0.3888351431575774,-0x1.8e2accbd96cecp-2,-1.3284114440045707,-0.11896078014373389,-0x1.e7436b43956f7p-4,-0.44401962176554377,-0x1.c6ad14690faaep-2,3.7324874738469167,0.3978154533413556,0x1.975cef27c7348p-2,0.7122115755877242,0x1.6ca6fee1f6bc9p-1,1.7903064589514401,0.9999998931237117,0x1.fffffc69f08e8p-1,0.23278185715134667,0x1.dcbcbbfc89947p-3,0.2327818820302102,-0.2657325977014684,-0x1.101c34c26f8bcp-2,0.008542184842443038,0x1.17e90a447062fp-7,-0.03214579210955358,-1.3277225685903369
H593-f063b9949afaac7650b24e97,NDV2-011-P04,103,3973,/hkfs/work/workspace/scratch/ap7811-benchmark/dailymed/data/box_flat_20000_images/data/raw_images/otc/circle-k-01.jpg,39,444.90386962890625,0x1.bce7640000000p+8,False,False,False,CHALLENGER,102,-4.449901904252816,-0x1.1ccb315b4b225p+2,-4.449901904252816,-0x1.1ccb315b4b225p+2,0.0001921358016329462,0.014682148148365888,0.013086354918325134,0.00021336434134099742,0.00024621030166339713,-2.1228539708051207e-05,-5.407450003045092e-05,-1.3277225685903369,0.0,-0.939408820678142,-3.510493083574674,False,117,-1.970880209050821,-0x1.f88b9afa34f8bp+0,-0.939408820678142,-0x1.e0fa3164c5e9bp-1,0.4766443015481711,-0.8732182676500677,-0x1.bf1676fba7546p-1,1.1599931398601961,0x1.28f54f7748ad7p+0,-1.3284114440045707,-0.5563906611281283,-0x1.1cdf3c9ab0b4dp-1,-2.0767211732261432,-0x1.09d1ffd8f5617p+1,3.7324874738469167,-0.6162168790869074,-0x1.3b80c75dd7c8cp-1,-1.103217058744189,-0x1.1a6c6ee3b2130p+0,1.7903064589514401,-0.5744147691387891,-0x1.2619b14f94bb0p-1,-0.133713351026076,-0x1.11d84e2d90842p-3,0.2327818820302102,0.9056262091445895,0x1.cfae3d0d5a5a0p-1,-0.029112071848125066,-0x1.dcf8e1206a7cap-6,-0.03214579210955358,-1.3277225685903369
H593-f063b9949afaac7650b24e97,NDV2-011-P04,104,4244,/hkfs/work/workspace/scratch/ap7811-benchmark/dailymed/data/box_flat_20000_images/data/raw_images/otc/cuadriderma-01.jpg,41,442.7043151855469,0x1.bab44e0000000p+8,False,False,False,CHALLENGER,103,-3.9759617016376083,-0x1.fcec5023574d0p+1,-3.9759617016376083,-0x1.fcec5023574d0p+1,0.0005551623840793455,0.015219765993584895,0.03647640734511592,0.0005769343995986348,0.0005373527651442095,-2.1772015519289285e-05,1.7809618935135923e-05,-1.3277225685903369,4.440892098500626e-16,-0.9800844810551603,-2.995877220582448,False,96,-2.056217766312916,-0x1.073224cde2529p+1,-0.9800844810551603,-0x1.f5cda212e5e94p-1,0.4766443015481711,-0.6728562325785769,-0x1.58809cb3ab655p-1,0.8938299195271825,0x1.c9a413411c727p-1,-1.3284114440045707,-0.543851734856577,-0x1.1673bc0e29e9cp-1,-2.029919787982088,-0x1.03d4695f71730p+1,3.7324874738469167,-0.20345595555465953,-0x1.a0ad841a45007p-3,-0.3642485113416441,-0x1.74fd8fcf50f19p-2,1.7903064589514401,-0.5828223353627201,-0x1.2a67b06b85bf9p-1,-0.13567048011497632,-0x1.15da679902f3dp-3,0.2327818820302102,0.9999999990988552,0x1.fffffff8425c9p-1,-0.032145792080585565,-0x1.07569cb6158d3p-5,-0.03214579210955358,-1.3277225685903369
H593-f063b9949afaac7650b24e97,NDV2-011-P04,105,4345,/hkfs/work/workspace/scratch/ap7811-benchmark/dailymed/data/box_flat_20000_images/data/raw_images/otc/cvs02-0004-02.jpg,125,400.7816467285156,0x1.90c81a0000000p+8,False,False,False,CHALLENGER,104,-4.95469740206962,-0x1.3d19c321ddc58p+2,-4.95469740206962,-0x1.3d19c321ddc58p+2,0.00028566315909920133,0.01723119871380566,0.01657825226461625,0.0003006065653480722,0.0003244391809568529,-1.494340624887087e-05,-3.877602185765156e-05,-1.3277225685903369,-8.881784197001252e-16,-1.7553470481649531,-3.1993503539046664,False,124,-3.6827190474395137,-0x1.d76356768df33p+1,-1.7553470481649531,-0x1.c15e6c94ffa4fp+0,0.4766443015481711,-0.8171461559871033,-0x1.a260fb20088ffp-1,1.085506305037612,0x1.15e3bdbfbd041p+0,-1.3284114440045707,-0.4986784139032833,-0x1.fea58ddbbe363p-2,-1.8613109333718532,-0x1.dc7edf9284f3cp+0,3.7324874738469167,-0.537492084465619,-0x1.1332299947042p-1,-0.9622755504540708,-0x1.ecaf6185e19a8p-1,1.7903064589514401,-0.4450805365965115,-0x1.c7c3313312956p-2,-0.10360668496395178,-0x1.a85f7bb91309ap-4,0.2327818820302102,0.9314102903430145,0x1.dce1cf405cbabp-1,-0.029940921562065483,-0x1.ea8d53baf47d7p-6,-0.03214579210955358,-1.3277225685903369
H593-f063b9949afaac7650b24e97,NDV2-011-P04,106,4483,/hkfs/work/workspace/scratch/ap7811-benchmark/dailymed/data/box_flat_20000_images/data/raw_images/otc/fd double action ointment SKU901498 2.jpg,48,440.15350341796875,0x1.b8274c0000000p+8,False,False,False,CHALLENGER,105,-2.8896973037054776,-0x1.71e199eb60906p+1,-2.8896973037054776,-0x1.71e199eb60906p+1,0.0011224142400644119,0.030568202521057245,0.03671835919338811,0.001075520378618902,0.0010155613844817497,4.689386144550987e-05,0.00010685285558266217,-1.3277225685903369,0.0,-1.027255831351561,-1.8624414723539167,False,31,-2.155183284505801,-0x1.13dd0bbdeb4ccp+1,-1.027255831351561,-0x1.06fa3cf847be3p+0,0.4766443015481711,-0.43330275316433386,-0x1.bbb3b7886e280p-2,0.5756043360221889,0x1.26b59c8d4d5c7p-1,-1.3284114440045707,-0.25516165408374397,-0x1.054918bdee893p-2,-0.9523876776736343,-0x1.e79f5b91717bfp-1,3.7324874738469167,-0.20028506619297803,-0x1.9a2f0e8968858p-3,-0.3585716476368053,-0x1.6f2d67ef7ddd5p-2,1.7903064589514401,0.9999999810002308,0x1.ffffff5ccb10dp-1,0.23278187760740815,0x1.dcbcbebb66ffep-3,0.2327818820302102,0.9999999991657926,0x1.fffffff8d58f0p-1,-0.03214579208273732,-0x1.07569cb661428p-5,-0.03214579210955358,-1.3277225685903369
H593-f063b9949afaac7650b24e97,NDV2-011-P04,107,4499,/hkfs/work/workspace/scratch/ap7811-benchmark/dailymed/data/box_flat_20000_images/data/raw_images/otc/health-01.jpg,33,449.0556640625,0x1.c10e400000000p+8,False,False,False,CHALLENGER,106,-2.609136566995658,-0x1.4df82fe105a3ep+1,-2.609136566995658,-0x1.4df82fe105a3ep+1,0.0027750252880999545,0.04249181564387309,0.06530728908733008,0.0031149354996642714,0.003722015841128464,-0.00033991021156431697,-0.0009469905530285097,-1.3277225685903369,0.0,-0.8626310074051372,-1.7465055595905206,False,17,-1.809800315671994,-0x1.cf4f12d01a086p+0,-0.8626310074051372,-0x1.b9aac57aa4257p-1,0.4766443015481711,-0.011366285493526942,-0x1.7473503c6094ep-7,0.015099103725424329,0x1.eec476598ccbdp-7,-1.3284114440045707,-0.09595451577582557,-0x1.89079a32922c7p-4,-0.3581490281923153,-0x1.6ebe9e6cb8802p-2,3.7324874738469167,0.08468058685957099,0x1.5ada07f2afe6dp-4,0.1516042016024884,0x1.367c437e8d102p-3,1.7903064589514401,-0.96679658475346,-0x1.eefff642cd1bdp-1,-0.22505272853929004,-0x1.cce871e79d520p-3,0.2327818820302102,0.07106807599281416,0x1.23184762dc47fp-4,-0.00228453959649096,-0x1.2b706db4e9ba9p-9,-0.03214579210955358,-1.3277225685903369
H593-f063b9949afaac7650b24e97,NDV2-011-P04,108,4547,/hkfs/work/workspace/scratch/ap7811-benchmark/dailymed/data/box_flat_20000_images/data/raw_images/otc/lanozem.jpg,99,405.52471923828125,0x1.9586540000000p+8,False,False,False,CHALLENGER,107,-3.7482950197416773,-0x1.dfc82196c66c4p+1,-3.7482950197416773,-0x1.dfc82196c66c4p+1,0.0015498277688903218,0.03302682752201183,0.04692632884152701,0.0015768493297970564,0.0015229615088903105,-2.702156090673459e-05,2.6866260000011277e-05,-1.3277225685903369,-4.440892098500626e-16,-1.667634917586298,-2.080660102155379,False,76,-3.498698950495607,-0x1.bfd55e0176cddp+1,-1.667634917586298,-0x1.aaea1f38b367fp+0,0.4766443015481711,-0.29371282403826204,-0x1.2cc30df6a3fb4p-2,0.3901714767033281,0x1.8f891c91175e2p-2,-1.3284114440045707,-0.2186580060130467,-0x1.bfcfc4c6ad466p-3,-0.8161382685000406,-0x1.a1dce00871881p-1,3.7324874738469167,-0.08020585123990949,-0x1.4885ee405f3ddp-4,-0.14359305352050833,-0x1.26141d666d488p-3,1.7903064589514401,-0.6496721087054993,-0x1.4ca1d29806e66p-1,-0.15123189616700142,-0x1.35b9118131d89p-3,0.2327818820302102,0.9999999991061501,0x1.fffffff852674p-1,-0.032145792080820065,-0x1.07569cb61dcd6p-5,-0.03214579210955358,-1.3277225685903369
H593-f063b9949afaac7650b24e97,NDV2-011-P04,109,4610,/hkfs/work/workspace/scratch/ap7811-benchmark/dailymed/data/box_flat_20000_images/data/raw_images/otc/nav.tolnaftate.carton.jpg,110,403.652587890625,0x1.93a7100000000p+8,False,False,False,CHALLENGER,108,-4.772291983075831,-0x1.316d3b5a9183fp+2,-4.772291983075831,-0x1.316d3b5a9183fp+2,0.00029461915106624695,0.017061368120839287,0.01726820199761061,0.0002993749301447442,0.0003054370728272589,-4.755779078497249e-06,-1.0817921761011962e-05,-1.3277225685903369,0.0,-1.7022556468473256,-3.070036336228505,False,122,-3.5713332590325546,-0x1.c92172bf54b9cp+1,-1.7022556468473256,-0x1.b3c706aca3fdap+0,0.4766443015481711,-0.8119524142891282,-0x1.9fb83a128f629p-1,1.0786068791288181,0x1.141f949719517p+0,-1.3284114440045707,-0.5023900855850363,-0x1.013945f6d8412p-1,-1.8751647014310284,-0x1.e00acb3b4286fp+0,3.7324874738469167,-0.5228358978187897,-0x1.0bb125949ced8p-1,-0.9360364848366544,-0x1.df402c9478f33p-1,1.7903064589514401,0.09363104230424128,0x1.7f83438964cc3p-4,0.021795610244031514,0x1.65196a4c72539p-6,0.2327818820302102,0.980379349058543,0x1.f5f44833c2aafp-1,-0.031515070743335385,-0x1.022be4c58f602p-5,-0.03214579210955358,-1.3277225685903369
H593-f063b9949afaac7650b24e97,NDV2-011-P04,110,4611,/hkfs/work/workspace/scratch/ap7811-benchmark/dailymed/data/box_flat_20000_images/data/raw_images/otc/nav.tripleplus.carton.jpg,68,424.02716064453125,0x1.a806f40000000p+8,False,False,False,CHALLENGER,109,-3.4006453171308557,-0x1.b34858832fb08p+1,-3.4006453171308557,-0x1.b34858832fb08p+1,0.0008504966951935061,0.026663620891624076,0.031897269266256155,0.0008040020620063858,0.0006270076361198318,4.649463318712036e-05,0.00022348905907367434,-1.3277225685903369,0.0,-1.3254751565226608,-2.075170160608195,False,52,-2.7808475884793604,-0x1.63f2d053d6f3fp+1,-1.3254751565226608,-0x1.53525700ece11p+0,0.4766443015481711,-0.5389425551053724,-0x1.13f0475133544p-1,0.7159374578630406,0x1.6e8f5abf019b4p-1,-1.3284114440045707,-0.3178523955355018,-0x1.457b192f1ef66p-2,-1.1863800848684962,-0x1.2fb69af122ca1p+0,3.7324874738469167,-0.26679289912222043,-0x1.1132286223cd9p-2,-0.47764105050089123,-0x1.e91abc4c837e8p-2,1.7903064589514401,0.9999999808550114,0x1.ffffff5b8bb99p-1,0.23278187757360372,0x1.dcbcbeba3da71p-3,0.2327818820302102,0.9999999992397628,0x1.fffffff978388p-1,-0.03214579208511515,-0x1.07569cb6b4ec1p-5,-0.03214579210955358,-1.3277225685903369
H593-f063b9949afaac7650b24e97,NDV2-011-P04,111,4637,/hkfs/work/workspace/scratch/ap7811-benchmark/dailymed/data/box_flat_20000_images/data/raw_images/otc/qc triple antibiotic 05oz@3x-50.jpg,38,445.378662109375,0x1.bd60f00000000p+8,False,False,False,CHALLENGER,110,-3.553257574476053,-0x1.c6d124ea51c88p+1,-3.553257574476053,-0x1.c6d124ea51c88p+1,0.000796981784537769,0.024119919851542694,0.03304247234000633,0.0009026233105010988,0.0007374172651501561,-0.00010564152596332971,5.95645193876129e-05,-1.3277225685903369,4.440892098500626e-16,-0.9306286344256877,-2.6226289400503653,False,66,-1.9524593735893756,-0x1.f3d460a455c38p+0,-0.9306286344256877,-0x1.dc7b5b3b28b01p-1,0.4766443015481711,-0.5615939703154675,-0x1.1f893eb0457e2p-1,0.7460278570510303,0x1.7df75cffe0d6bp-1,-1.3284114440045707,-0.3621753098789459,-0x1.72de159d651bbp-2,-1.351814807459791,-0x1.5a10890449d0ap+0,3.7324874738469167,-0.25033583559331934,-0x1.0058098b8f80bp-2,-0.4481778633697254,-0x1.caef2347db442p-2,1.7903064589514401,-0.8969588345058958,-0x1.cb3e30381f485p-1,-0.20879576559990626,-0x1.ab9d1d465be9ap-3,0.2327818820302102,0.9999999991315331,0x1.fffffff88a38ap-1,-0.032145792081636024,-0x1.07569cb63a82ep-5,-0.03214579210955358,-1.3277225685903369
H593-f063b9949afaac7650b24e97,NDV2-011-P04,112,4735,/hkfs/work/workspace/scratch/ap7811-benchmark/dailymed/data/box_flat_20000_images/data/raw_images/otc/triple antibiotic ointment PDP.jpg,47,440.552490234375,0x1.b88d700000000p+8,False,False,False,CHALLENGER,111,-3.93151595859732,-0x1.f73bea38f0548p+1,-3.93151595859732,-0x1.f73bea38f0548p+1,0.0003393390019373563,0.01658086725166398,0.02046569680505112,0.00034084925882517316,0.00039532498456707025,-1.5102568878168766e-06,-5.5985982629713966e-05,-1.3277225685903369,0.0,-1.0198774951216736,-2.9116384634756463,False,89,-2.1397035311427124,-0x1.11e1ce28b263bp+1,-1.0198774951216736,-0x1.0516b10779574p+0,0.4766443015481711,-0.7864565582492188,-0x1.92aa6f1acf6b1p-1,1.0447378921907096,0x1.0b73f147d9dfdp+0,-1.3284114440045707,-0.5129917957263913,-0x1.06a6dc5385b73p-1,-1.9147354517349917,-0x1.ea2c1a41b18e3p+0,3.7324874738469167,-0.4584072083238891,-0x1.d568b30001ce1p-2,-0.820689385892157,-0x1.a4316631298afp-1,1.7903064589514401,0.5832976024554833,0x1.2aa5fbbcc3555p-1,0.13578111368329676,0x1.1614689579472p-3,0.2327818820302102,0.9024528944037294,0x1.ce0e4e474a03bp-1,-0.029010063132167196,-0x1.db4d061a155b0p-6,-0.03214579210955358,-1.3277225685903369
H593-f063b9949afaac7650b24e97,NDV2-011-P04,113,4736,/hkfs/work/workspace/scratch/ap7811-benchmark/dailymed/data/box_flat_20000_images/data/raw_images/otc/triple-antibiotic-ointment-ene-delisted-1.jpg,45,441.1812744140625,0x1.b92e680000000p+8,False,False,False,CHALLENGER,112,-3.5787606295038943,-0x1.ca14d40bf73eap+1,-3.5787606295038943,-0x1.ca14d40bf73eap+1,0.0008558359302175581,0.022910001303759947,0.037356433064763724,0.0008842326331299664,0.001036043422350242,-2.839670291240827e-05,-0.00018020749213268383,-1.3277225685903369,0.0,-1.008249589378932,-2.5705110401249622,False,67,-2.1153081786650403,-0x1.0ec26b1c29f13p+1,-1.008249589378932,-0x1.021ca52496836p+0,0.4766443015481711,-0.5367186011099349,-0x1.12ccc7cdd8159p-1,0.7129831319245618,0x1.6d0c20046e693p-1,-1.3284114440045707,-0.3843209582120832,-0x1.898b6eeac0cc7p-2,-1.4344731624634448,-0x1.6f39a217c52b3p+0,3.7324874738469167,-0.19200240234094051,-0x1.89388e367651ep-3,-0.3437431410451789,-0x1.5ffe33b40dadep-2,1.7903064589514401,-0.6637851819112585,-0x1.53dba6bfc1ac1p-1,-0.15451716390906817,-0x1.3c737ead47ecap-3,0.2327818820302102,0.7166765703884558,0x1.6ef03b3f4176dp-1,-0.023038136041495145,-0x1.7974f236fa315p-6,-0.03214579210955358,-1.3277225685903369
H593-f063b9949afaac7650b24e97,NDV2-011-P04,114,4737,/hkfs/work/workspace/scratch/ap7811-benchmark/dailymed/data/box_flat_20000_images/data/raw_images/otc/triple-antibiotic-with-pramoxine-ointment-ene-deli-1.jpg,44,441.682861328125,0x1.b9aed00000000p+8,False,False,False,CHALLENGER,113,-4.016920033429414,-0x1.011537c38e7ffp+2,-4.016920033429414,-0x1.011537c38e7ffp+2,0.0005446631912070765,0.017289091396207823,0.031503286015744154,0.0006830237276420699,0.0005100563066096048,-0.00013836053643499345,3.460688459747162e-05,-1.3277225685903369,0.0,-0.9989739021925753,-3.0179461312368385,False,100,-2.0958477819788137,-0x1.0c44bd787f1f5p+1,-0.9989739021925753,-0x1.ff7981def3009p-1,0.4766443015481711,-0.6780472048638461,-0x1.5b2900d411a0fp-1,0.9007256665164447,0x1.cd2bea20b63ccp-1,-1.3284114440045707,-0.4974173489631344,-0x1.fd5af93909ea0p-2,-1.8566040242790396,-0x1.db4a66bde684ep+0,3.7324874738469167,-0.2725552215896587,-0x1.1718b74c53938p-2,-0.48795737363290703,-0x1.f3ab190661ad8p-2,1.7903064589514401,-0.9203553012866273,-0x1.d738cf5f73dc7p-1,-0.21424203916998225,-0x1.b6c487bd4eb1ap-3,0.2327818820302102,0.9999999991122922,0x1.fffffff85fe8fp-1,-0.03214579208101751,-0x1.07569cb624bfdp-5,-0.03214579210955358,-1.3277225685903369
H593-f063b9949afaac7650b24e97,NDV2-011-P04,115,4738,/hkfs/work/workspace/scratch/ap7811-benchmark/dailymed/data/box_flat_20000_images/data/raw_images/otc/triple-antibiotic.jpg,49,438.16790771484375,0x1.b62afc0000000p+8,False,False,False,CHALLENGER,114,-3.790831364927313,-0x1.e539f65081c5ep+1,-3.790831364927313,-0x1.e539f65081c5ep+1,0.0007222868554157628,0.022103572926709933,0.032677380159790916,0.0008242006212133113,0.0006778771426846674,-0.00010191376579754855,4.4409712731095416e-05,-1.3277225685903369,0.0,-1.0639748208315516,-2.7268565440957615,False,78,-2.2322197441062306,-0x1.1db9606735fbep+1,-1.0639748208315516,-0x1.1060a7633d2d6p+0,0.4766443015481711,-0.5943485875047086,-0x1.304e754383565p-1,0.7895394653692069,0x1.943e844d52faap-1,-1.3284114440045707,-0.39948564730909547,-0x1.9912c3f9a7e3fp-2,-1.4910751745628261,-0x1.7db71a469ff4dp+0,3.7324874738469167,-0.25553574566773407,-0x1.05ab299a68564p-2,-0.4574872959619168,-0x1.d4778cb9f7b61p-2,1.7903064589514401,-0.8933907418174208,-0x1.c96a82e54f5c7p-1,-0.20796517826862482,-0x1.a9e9a5baf6e4cp-3,0.2327818820302102,0.9999999991199504,0x1.fffffff870c02p-1,-0.03214579208126369,-0x1.07569cb62d693p-5,-0.03214579210955358,-1.3277225685903369
H593-f063b9949afaac7650b24e97,NDV2-011-P04,116,4748,/hkfs/work/workspace/scratch/ap7811-benchmark/dailymed/data/box_flat_20000_images/data/raw_images/otc/vitamin 1oz tube box.jpg,85,410.490478515625,0x1.9a7d900000000p+8,False,False,False,CHALLENGER,115,-4.397200995338915,-0x1.196bbdb93ad5ap+2,-4.397200995338915,-0x1.196bbdb93ad5ap+2,0.0005027030460365718,0.021167970781729273,0.02374828703327908,0.0005207030887658102,0.0005080876177454037,-1.8000042729238446e-05,-5.384571708831956e-06,-1.3277225685903369,0.0,-1.5758047114783873,-2.821396283860528,False,115,-3.306039128885152,-0x1.a72c4a48edd4dp+1,-1.5758047114783873,-0x1.9367f004aeb11p+0,0.4766443015481711,-0.6991186767636175,-0x1.65f2e21971efcp-1,0.9287172509301218,0x1.db80d3d7f3a90p-1,-1.3284114440045707,-0.4175011146724094,-0x1.ab8569863f057p-2,-1.5583176808318933,-0x1.8eede853f398ap+0,3.7324874738469167,-0.39769909981079954,-0x1.973e6ecd5816ap-2,-0.7120032671104479,-0x1.6c8bb135c4e0ap-1,1.7903064589514401,-0.516533839962242,-0x1.08771f9bd48b9p-1,-0.1202397193987021,-0x1.ec807be7f657cp-4,0.2327818820302102,0.990185550593709,0x1.faf999b98b20bp-1,-0.03183029885926922,-0x1.04c0f993eb40cp-5,-0.03214579210955358,-1.3277225685903369
H593-f063b9949afaac7650b24e97,NDV2-011-P04,117,4825,/hkfs/work/workspace/scratch/ap7811-benchmark/dailymed/data/box_flat_20000_images/data/raw_images/prescription/15gm-carton.jpg,90,408.5855712890625,0x1.9895e80000000p+8,False,False,False,CHALLENGER,116,-3.85880327773281,-0x1.eded440bc7aeep+1,-3.85880327773281,-0x1.eded440bc7aeep+1,0.0008152497553474782,0.028910008357278152,0.028199568304249124,0.0008208072573630374,0.0007940433017907295,-5.557502015559115e-06,2.120645355674876e-05,-1.3277225685903369,4.440892098500626e-16,-1.6110315546380611,-2.2477717230947487,False,85,-3.3799450647061713,-0x1.b0a20a3598452p+1,-1.6110315546380611,-0x1.9c6c905ffe983p+0,0.4766443015481711,-0.5537870466524877,-0x1.1b89f9cca447ep-1,0.7356570503146577,0x1.78a80a7858b85p-1,-1.3284114440045707,-0.28104144066814374,-0x1.1fc953d1f62bep-2,-1.048983656925738,-0x1.0c8a316488d6ep+0,3.7324874738469167,-0.32301941402754797,-0x1.4ac599ece2b74p-2,-0.5783037433002286,-0x1.28176da141fa1p-1,1.7903064589514401,0.016010642473827368,0x1.0651807408ccbp-6,0.003726987487570355,0x1.e880f2be518b4p-9,0.2327818820302102,0.9999999991016052,0x1.fffffff84868bp-1,-0.03214579208067397,-0x1.07569cb618a97p-5,-0.03214579210955358,-1.3277225685903369
H593-f063b9949afaac7650b24e97,NDV2-011-P04,118,4837,/hkfs/work/workspace/scratch/ap7811-benchmark/dailymed/data/box_flat_20000_images/data/raw_images/prescription/50gm-carton.jpg,95,407.720947265625,0x1.97b8900000000p+8,False,False,False,CHALLENGER,117,-2.9284496688530437,-0x1.76d77051da596p+1,-2.9284496688530437,-0x1.76d77051da596p+1,0.0031697329683937916,0.041126955133000756,0.07707190960631949,0.002986109228816736,0.0036548730116352022,0.00018362373957705536,-0.0004851400432414107,-1.3277225685903369,-4.440892098500626e-16,-1.6270207715621219,-1.3014288972909218,False,34,-3.4134904503787302,-0x1.b4ed414ccadfep+1,-1.6270207715621219,-0x1.a0846eebc5a1dp+0,0.4766443015481711,0.055071193104331735,0x1.c324a9aab6ba1p-5,-0.07315720315477987,-0x1.2ba6e33044065p-4,-1.3284114440045707,-0.11210135931993882,-0x1.cb2acb81dc4a9p-4,-0.41841691946288395,-0x1.ac757c24be9ecp-2,3.7324874738469167,0.16614683570415817,0x1.5444cacd7748ep-3,0.2974537530954981,0x1.3097b77678723p-2,1.7903064589514401,0.9999999947191122,0x1.ffffffd2a3347p-1,0.2327818808009152,0x1.dcbcbf2921627p-3,0.2327818820302102,0.38474211297030986,0x1.89f9d62267da3p-2,-0.01236783997933396,-0x1.9544f61de012cp-7,-0.03214579210955358,-1.3277225685903369
H593-f063b9949afaac7650b24e97,NDV2-011-P04,119,4851,/hkfs/work/workspace/scratch/ap7811-benchmark/dailymed/data/box_flat_20000_images/data/raw_images/prescription/6f782dc3-8de2-41d2-9644-584482d9ee8b-05.jpg,103,405.0787658691406,0x1.95142a0000000p+8,False,False,False,CHALLENGER,118,-4.108342780728473,-0x1.06ef168eff22bp+2,-4.108342780728473,-0x1.06ef168eff22bp+2,0.0005425025582912357,0.021194746258076165,0.025596086486976338,0.0005313633430915826,0.0006064452644267074,1.113921519965309e-05,-6.39427061354717e-05,-1.3277225685903369,0.0,-1.6758817913301671,-2.4324609893983062,False,105,-3.5160008960283298,-0x1.c20c513e92fdep+1,-1.6758817913301671,-0x1.ad0696cdb9974p+0,0.4766443015481711,-0.6791194566035879,-0x1.5bb58ba061208p-1,0.9021500579983716,0x1.cde69cc660013p-1,-1.3284114440045707,-0.41697909541489697,-0x1.aafc9167b0ca2p-2,-1.5563692504921212,-0x1.8e6e37175d1afp+0,3.7324874738469167,-0.3656983001864677,-0x1.76799d7e03c1fp-2,-0.6547120288513958,-0x1.4f366a406dd9fp-1,1.7903064589514401,0.999999940749772,0x1.fffffe030b5efp-1,0.23278186823783062,0x1.dcbcbd797752fp-3,0.2327818820302102,0.8893564545935658,0x1.c759baadee871p-1,-0.028589067700654395,-0x1.d4673db309441p-6,-0.03214579210955358,-1.3277225685903369
H593-f063b9949afaac7650b24e97,NDV2-011-P04,120,4934,/hkfs/work/workspace/scratch/ap7811-benchmark/dailymed/data/box_flat_20000_images/data/raw_images/prescription/acyclovir-carton-15gm.jpg,79,414.5771789550781,0x1.9e93c20000000p+8,False,False,False,CHALLENGER,119,-2.845801518218914,-0x1.6c433961d4252p+1,-2.845801518218914,-0x1.6c433961d4252p+1,0.003274628448441287,0.03983819294489709,0.08219821749873665,0.0030475875456942576,0.003195019205776837,0.00022704090274702944,7.960924266445018e-05,-1.3277225685903369,0.0,-1.5002306607247604,-1.3455708574941534,False,29,-3.14748472991687,-0x1.92e0c795d3803p+1,-1.5002306607247604,-0x1.800f1dd844f20p+0,0.4766443015481711,0.07128438838859937,0x1.23fb194d82a5dp-4,-0.09469499731428194,-0x1.83dee6c8f4524p-4,-1.3284114440045707,-0.12779082599677064,-0x1.05b7325314641p-3,-0.4769776573054973,-0x1.e86cd4bc33007p-2,3.7324874738469167,0.19727811124288486,0x1.94068be009e9cp-3,0.3531882767678775,0x1.69aa300831cc3p-2,1.7903064589514401,0.9999999957040846,0x1.ffffffdb192eap-1,0.23278188103019892,0x1.dcbcbf31022f8p-3,0.2327818820302102,0.9999999991463928,0x1.fffffff8aae5ep-1,-0.032145792082113704,-0x1.07569cb64b517p-5,-0.03214579210955358,-1.3277225685903369
H593-f063b9949afaac7650b24e97,NDV2-011-P04,121,5018,/hkfs/work/workspace/scratch/ap7811-benchmark/dailymed/data/box_flat_20000_images/data/raw_images/prescription/carton-label-15g.jpg,81,413.56591796875,0x1.9d90e00000000p+8,False,False,False,CHALLENGER,120,-3.6831136035565955,-0x1.d770443d5d388p+1,-3.6831136035565955,-0x1.d770443d5d388p+1,0.001577719153281943,0.03203293780289074,0.04925302708699935,0.0017063715895936336,0.001468842282821649,-0.0001286524363116907,0.00010887687046029384,-1.3277225685903369,4.440892098500626e-16,-1.5189315883406225,-2.1641820152159728,False,71,-3.1867192860735685,-0x1.97e66ae59bf60p+1,-1.5189315883406225,-0x1.84d8b358c8c87p+0,0.4766443015481711,-0.2855427782403206,-0x1.246553789ac90p-2,0.3793182943673012,0x1.846c03d454077p-2,-1.3284114440045707,-0.23315575056203758,-0x1.dd80c31c4e686p-3,-0.8702509184281815,-0x1.bd918743ed0ecp-1,3.7324874738469167,-0.05612350273487555,-0x1.cbc3841910711p-5,-0.1004782694452265,-0x1.9b8f1a139d626p-4,1.7903064589514401,-0.9146019405802241,-0x1.d446b49f4ce6cp-1,-0.21290276103674705,-0x1.b4065cdf0c25ep-3,0.2327818820302102,0.9999999991671988,0x1.fffffff8d8a6ap-1,-0.03214579208278253,-0x1.07569cb662d9bp-5,-0.03214579210955358,-1.3277225685903369
H593-f063b9949afaac7650b24e97,NDV2-011-P04,122,5021,/hkfs/work/workspace/scratch/ap7811-benchmark/dailymed/data/box_flat_20000_images/data/raw_images/prescription/carton-label-50g.jpg,102,405.1893310546875,0x1.9530780000000p+8,False,False,False,CHALLENGER,121,-4.560959327704682,-0x1.23e6c1f3b82d2p+2,-4.560959327704682,-0x1.23e6c1f3b82d2p+2,0.0005818717212047684,0.019419691395844634,0.02996297466031183,0.0006364207515795392,0.0006290901457866021,-5.454903037477082e-05,-4.721842458183369e-05,-1.3277225685903369,0.0,-1.6738371445379931,-2.8871221831666887,False,118,-3.5117112259629732,-0x1.c17fc0e240e69p+1,-1.6738371445379931,-0x1.ac8097529ee69p+0,0.4766443015481711,-0.6597943428686618,-0x1.51d0906969d65p-1,0.8764783557562058,0x1.c0c1c5633fe03p-1,-1.3284114440045707,-0.4524388350666181,-0x1.cf4c204034b2ap-2,-1.6887222845680432,-0x1.b0501a883f03cp+0,3.7324874738469167,-0.29559573789700355,-0x1.2eb0a62c6b210p-2,-0.5292069587955225,-0x1.0ef436e9af4d9p-1,1.7903064589514401,-0.8096332673374651,-0x1.9e884069efa2ap-1,-0.18846795572508343,-0x1.81fb7cd177367p-3,0.2327818820302102,0.91709580972331,0x1.d58d94fc1ed9cp-1,-0.02948077124390823,-0x1.e30351169ecfcp-6,-0.03214579210955358,-1.3277225685903369
H593-f063b9949afaac7650b24e97,NDV2-011-P04,123,5029,/hkfs/work/workspace/scratch/ap7811-benchmark/dailymed/data/box_flat_20000_images/data/raw_images/prescription/carton.png.jpg,54,436.4299621582031,0x1.b46e120000000p+8,False,False,False,CHALLENGER,122,-4.301572666721314,-0x1.134cf7713be01p+2,-4.301572666721314,-0x1.134cf7713be01p+2,0.00035321442991732594,0.015917098451157474,0.022190880517651168,0.0003792850784490464,0.00037976423845286985,-2.607064853172046e-05,-2.6549808535543916e-05,-1.3277225685903369,0.0,-1.09611409496004,-3.205458571761274,False,110,-2.299647958445725,-0x1.265add42eb350p+1,-1.09611409496004,-0x1.189aeeee89bb1p+0,0.4766443015481711,-0.7786910591573218,-0x1.8eb09831895e7p-1,1.0344221143286265,0x1.08cfe33f4cf5bp+0,-1.3284114440045707,-0.5278856370633388,-0x1.0e4706b66e2a3p-1,-1.9703265279626117,-0x1.f86751c00a67dp+0,3.7324874738469167,-0.4258589129897599,-0x1.b4145be00127dp-2,-0.7624179625276065,-0x1.865ba5ade0c7bp-1,1.7903064589514401,-0.6391992529266206,-0x1.47451fdde51a8p-1,-0.14879400508856308,-0x1.30bae94d91e43p-3,0.2327818820302102,0.9525234847668411,0x1.e7b1287f7db70p-1,-0.0306196219207824,-0x1.f5ac00b100546p-6,-0.03214579210955358,-1.3277225685903369
H593-f063b9949afaac7650b24e97,NDV2-011-P04,124,5155,/hkfs/work/workspace/scratch/ap7811-benchmark/dailymed/data/box_flat_20000_images/data/raw_images/prescription/fluran-15g-carton.jpg,88,408.86590576171875,0x1.98ddac0000000p+8,False,False,False,CHALLENGER,123,-3.7304862984480955,-0x1.dd809335015d8p+1,-3.7304862984480955,-0x1.dd809335015d8p+1,0.0009439960937573875,0.023869817661008215,0.03954768767670239,0.0009062419198259226,0.0009451021539991463,3.775417393146491e-05,-1.1060602417588055e-06,-1.3277225685903369,-4.440892098500626e-16,-1.6058474184434959,-2.1246388800046,False,73,-3.369068744192684,-0x1.af3da50524456p+1,-1.6058474184434959,-0x1.9b18d10094b21p+0,0.4766443015481711,-0.5009048428301751,-0x1.0076997cba2cbp-1,0.6654077255729154,0x1.54b05247aecdep-1,-1.3284114440045707,-0.36669474849294514,-0x1.777ed401918e6p-2,-1.3686835554753634,-0x1.5e620ba556f5cp+0,3.7324874738469167,-0.16440851491326017,-0x1.50b56955e41b9p-3,-0.2943416261558238,-0x1.2d67e428c34c8p-2,1.7903064589514401,0.9999999770075463,0x1.ffffff3a7f0f4p-1,0.23278187667798353,0x1.dcbcbe9b77b1bp-3,0.2327818820302102,0.9979760935628027,0x1.fef6b8f8158abp-1,-0.03208073203397425,-0x1.06ce2bdd5d765p-5,-0.03214579210955358,-1.3277225685903369
H593-f063b9949afaac7650b24e97,NDV2-011-P04,125,5167,/hkfs/work/workspace/scratch/ap7811-benchmark/dailymed/data/box_flat_20000_images/data/raw_images/prescription/gent-cream-15g-carton.jpg,128,400.42694091796875,0x1.906d4c0000000p+8,False,False,False,CHALLENGER,124,-3.6945192810188114,-0x1.d8e601ff3567cp+1,-3.6945192810188114,-0x1.d8e601ff3567cp+1,0.0012478790703715707,0.02699139379588043,0.046232479871492545,0.001195075557043776,0.0011244263689818674,5.280351332779469e-05,0.00012345270138970329,-1.3277225685903369,-4.440892098500626e-16,-1.7619065098446212,-1.9326127711741903,False,72,-3.696480801557548,-0x1.d926486c7da2fp+1,-1.7619065098446212,-0x1.c30c4e166463fp+0,0.4766443015481711,-0.38929939817609543,-0x1.8ea4805e13437p-2,0.5171497756812172,0x1.08c7dafb5e7f3p-1,-1.3284114440045707,-0.3123499980372015,-0x1.3fd8ad89e6dafp-2,-1.1658424551299635,-0x1.2a74a6b112508p+0,3.7324874738469167,-0.08760154347973328,-0x1.66d0e04531772p-4,-0.15683360910588193,-0x1.4131fab02ff1fp-3,1.7903064589514401,0.9999999829182088,0x1.ffffff6d44be7p-1,0.23278187805387868,0x1.dcbcbecabe322p-3,0.2327818820302102,0.9999999991771867,0x1.fffffff8ee9d5p-1,-0.0321457920831036,-0x1.07569cb66e25ap-5,-0.03214579210955358,-1.3277225685903369
H593-f063b9949afaac7650b24e97,NDV2-011-P04,126,5255,/hkfs/work/workspace/scratch/ap7811-benchmark/dailymed/data/box_flat_20000_images/data/raw_images/prescription/nitrobid-savage-02.jpg,80,414.2272033691406,0x1.9e3a2a0000000p+8,False,False,False,CHALLENGER,125,-4.776455250691394,-0x1.31b1715d21babp+2,-4.776455250691394,-0x1.31b1715d21babp+2,0.0003682214176521921,0.014965499164231217,0.024604686660386964,0.0004356000596512424,0.00036948392704903377,-6.737864199905032e-05,-1.2625093968416864e-06,-1.3277225685903369,0.0,-1.5067026478659835,-3.2697526028254105,False,123,-3.1610629624063837,-0x1.949db60e10ef1p+1,-1.5067026478659835,-0x1.81b743c561897p+0,0.4766443015481711,-0.7703679118168829,-0x1.8a6da9b6485bap-1,1.0233655501514511,0x1.05fb48e1c0e76p+0,-1.3284114440045707,-0.5497567538910386,-0x1.1979b79d6f2bep-1,-2.0519601975610438,-0x1.06a6a1ba9bf3fp+1,3.7324874738469167,-0.3826832334895751,-0x1.87de1d1242d2cp-2,-0.6851202646488084,-0x1.5ec81554fcabap-1,1.7903064589514401,-0.8430363238154842,-0x1.afa275004150fp-1,-0.19624358207759812,-0x1.91e827b895dd2p-3,0.2327818820302102,0.9976901483644948,0x1.fed13e3d88a63p-1,-0.032071540099074716,-0x1.06bae4fb73bdap-5,-0.03214579210955358,-1.3277225685903369
H593-f063b9949afaac7650b24e97,NDV2-011-P04,127,5351,/hkfs/work/workspace/scratch/ap7811-benchmark/dailymed/data/box_flat_20000_images/data/raw_images/prescription/tacrolimus-ointment-003-30g-box.jpg,86,410.3192138671875,0x1.9a51b80000000p+8,False,False,False,CHALLENGER,126,-2.6467754428148202,-0x1.52c989a75f6eep+1,-2.6467754428148202,-0x1.52c989a75f6eep+1,0.004114680147162873,0.0502206824837828,0.08193198386922719,0.004082282371291983,0.0039530607210966,3.2397775870890086e-05,0.00016161942606627254,-1.3277225685903369,-4.440892098500626e-16,-1.5789718541219644,-1.0678035886928559,False,20,-3.3126837958481055,-0x1.a80605ca94108p+1,-1.5789718541219644,-0x1.94377fdac2214p+0,0.4766443015481711,0.18348220790557485,0x1.77c58512d18b6p-3,-0.24373986475299153,-0x1.f32de2dec3b5ep-3,-1.3284114440045707,-0.012692235238161015,-0x1.9fe62fa169c50p-7,-0.047373609041554424,-0x1.8415a8b0dce82p-5,3.7324874738469167,0.19571865369626198,0x1.90d4f106bda25p-3,0.35039636984969796,0x1.66ce4e5490f89p-2,1.7903064589514401,0.9999999737781488,0x1.ffffff1ec18a1p-1,0.2327818759262383,0x1.dcbcbe81a345fp-3,0.2327818820302102,0.9999999992022397,0x1.fffffff925b4ep-1,-0.03214579208390894,-0x1.07569cb68a7b8p-5,-0.03214579210955358,-1.3277225685903369
