query_id,display_id,candidate_position,reference_physical_row,reference_image_path,raw_rank,raw_score,raw_score_hex,is_target,is_raw_winner,is_selected,action_kind,challenger_index,head_logit,head_logit_hex,policy_score,policy_score_hex,local_score_S,visibility_mass_M,normalized_similarity_L,query_control_score,reference_control_score,query_robustness_Q,reference_robustness_R,bias_contribution,fp64_sum_residual,plot_raw_component,plot_other_component,plot_is_hold_anchor,policy_rank,feature_RAW,feature_RAW_hex,contribution_RAW,contribution_RAW_hex,weight_RAW,feature_S,feature_S_hex,contribution_S,contribution_S_hex,weight_S,feature_M,feature_M_hex,contribution_M,contribution_M_hex,weight_M,feature_L,feature_L_hex,contribution_L,contribution_L_hex,weight_L,feature_Q,feature_Q_hex,contribution_Q,contribution_Q_hex,weight_Q,feature_R,feature_R_hex,contribution_R,contribution_R_hex,weight_R,head_bias
H593-3a88599950984808ec05d372,OUTCOME-0015,0,518,/hkfs/work/workspace/scratch/ap7811-benchmark/dailymed/data/box_flat_20000_images/data/raw_images/homeopathic/0003.jpg,2,480.51397705078125,0x1.e083940000000p+8,True,False,True,CHALLENGER,0,1.1823492282995156,0x1.2eae7063ff4c4p+0,1.1823492282995156,0x1.2eae7063ff4c4p+0,0.12173727938275421,0.2298368494529824,0.5296682393292984,0.1134414188657928,0.09222142664565015,0.008295860516961406,0.029515852737104054,-1.2316094892410674,-2.220446049250313e-16,-0.16079136296475485,1.3431405912642704,False,1,-0.334323407752649,-0x1.5658e01a56f02p-2,-0.16079136296475485,-0x1.494cfb6b4d981p-3,0.4809455731670372,0.9453456694247491,0x1.e40458fb30658p-1,-1.9796752500355406,-0x1.facbff479a6fep+0,-2.0941284379503107,0.7448126876161145,0x1.7d5816adea05ep-1,2.7103261872960887,0x1.5aebf7eff6ebdp+1,3.638936651268518,0.6777177240520804,0x1.5afdd149724c4p-1,1.695185510913578,0x1.b1f7ad7a06e0ep+0,2.501315002916035,0.9275677910646701,0x1.daea2a5ee4355p-1,0.13792057397117294,0x1.1a761a1536c1bp-3,0.14869055965480057,0.9554238141474951,0x1.e92d4f672a88ap-1,0.010993058360038936,0x1.68387511d76bcp-7,0.011505949712848443,-1.2316094892410674
H593-3a88599950984808ec05d372,OUTCOME-0015,1,602,/hkfs/work/workspace/scratch/ap7811-benchmark/dailymed/data/box_flat_20000_images/data/raw_images/homeopathic/365824 Carton 365786 Tinea Fix.jpg,29,391.1387634277344,0x1.8723860000000p+8,False,False,False,CHALLENGER,1,-5.104414125317401,-0x1.46aeb8955ea2cp+2,-5.104414125317401,-0x1.46aeb8955ea2cp+2,0.000643858158723481,0.018535447707075173,0.03473658521222089,0.000618881009318055,0.000744893675191327,2.4977149405425994e-05,-0.000101035516467846,-1.2316094892410674,0.0,-2.8849678223691306,-2.2194463029482705,False,87,-5.998532855540294,-0x1.7fe7f659a1bb4p+2,-2.8849678223691306,-0x1.7146a0278b3b8p+1,0.4809455731670372,-0.6831451340805613,-0x1.5dc532f29857fp-1,1.4305936525254814,0x1.6e3b62b7764e3p+0,-2.0941284379503107,-0.28915143642644614,-0x1.2817506c2c0aap-2,-1.0522037597791336,-0x1.0d5d39c0fac85p+0,3.638936651268518,-0.4909776996253489,-0x1.f6c2dbabd3222p-2,-1.2280898861700877,-0x1.3a641949a61dap+0,2.501315002916035,-0.8516402848941346,-0x1.b40a32072721fp-1,-0.12663087058548267,-0x1.03570bbea116ap-3,0.14869055965480057,-0.9999999987078169,-0x1.fffffff4e6759p-1,-0.011505949697980649,-0x1.7906e6d4c48a9p-7,0.011505949712848443,-1.2316094892410674
H593-3a88599950984808ec05d372,OUTCOME-0015,2,614,/hkfs/work/workspace/scratch/ap7811-benchmark/dailymed/data/box_flat_20000_images/data/raw_images/homeopathic/5551999-WAG_EE_982772_EaracheDrops_BOX.jpg,114,381.5849304199219,0x1.7d95be0000000p+8,False,False,False,CHALLENGER,2,-5.829049933995037,-0x1.750f2774509e0p+2,-5.829049933995037,-0x1.750f2774509e0p+2,0.00033887394995040274,0.014926900402458861,0.022702231596224833,0.0003270236083125711,0.00030386947851787654,1.1850341637831621e-05,3.50044714325262e-05,-1.2316094892410674,-8.881784197001252e-16,-3.1761707848228284,-2.652879149172209,False,117,-6.60401293208226,-0x1.a6a825db69e15p+2,-3.1761707848228284,-0x1.968cc3a7a98fdp+1,0.4809455731670372,-0.8197034504177542,-0x1.a3b02bafecdb7p-1,1.7165643062058116,0x1.b770c224a2883p+0,-2.0941284379503107,-0.3849859124801592,-0x1.8a39bf3e178ddp-2,-1.4009393471461051,-0x1.66a3f607ac0f9p+0,3.638936651268518,-0.6351566371934649,-0x1.453340312aa24p-1,-1.5887268258137106,-0x1.96b6cd1f25d4ap+0,2.501315002916035,-0.9267556677625293,-0x1.da7fb808d86ccp-1,-0.1377998189028689,-0x1.1a36ca9ca90d2p-3,0.14869055965480057,-0.9010967832311807,-0x1.cd5c8ebd04774p-1,-0.01036797427426746,-0x1.53bcdf37850e9p-7,0.011505949712848443,-1.2316094892410674
H593-3a88599950984808ec05d372,OUTCOME-0015,3,695,/hkfs/work/workspace/scratch/ap7811-benchmark/dailymed/data/box_flat_20000_images/data/raw_images/homeopathic/8148800402.jpg,79,384.34466552734375,0x1.80583c0000000p+8,False,False,False,CHALLENGER,3,-4.7696727785063455,-0x1.3142519d1398ep+2,-4.7696727785063455,-0x1.3142519d1398ep+2,0.0018076731375441853,0.021455355834817027,0.08425276893384143,0.001648712644782241,0.0015393859376925116,0.0001589604927619444,0.0002682871998516737,-1.2316094892410674,-8.881784197001252e-16,-3.0920534427872752,-1.6776193357190703,False,53,-6.429113012572369,-0x1.9b76966cd253cp+2,-3.0920534427872752,-0x1.8bc8683f20b60p+1,0.4809455731670372,-0.3084478521268368,-0x1.3bd9c0f59ff50p-2,0.6459294187635012,0x1.4ab742c23a202p-1,-2.0941284379503107,-0.22079849828820905,-0x1.c43200c93aebbp-3,-0.8034717479660131,-0x1.9b60a6218c473p-1,3.638936651268518,-0.09405494954305206,-0x1.813fc34507881p-4,-0.23526105639054679,-0x1.e1d08c79c22bep-3,2.501315002916035,-0.3245697328853785,-0x1.4c5c02100e7f0p-2,-0.04826045522973606,-0x1.8b59829cdb73ap-5,0.14869055965480057,-0.42986505057331154,-0x1.b82e8b379f7f5p-2,-0.0049460056552075755,-0x1.44243488f2534p-8,0.011505949712848443,-1.2316094892410674
H593-3a88599950984808ec05d372,OUTCOME-0015,4,720,/hkfs/work/workspace/scratch/ap7811-benchmark/dailymed/data/box_flat_20000_images/data/raw_images/homeopathic/CT021450016_STE Peppermint Gel Pain and Swelling Relief.jpg,92,383.1949462890625,0x1.7f31e80000000p+8,False,False,False,CHALLENGER,4,-5.087607596984795,-0x1.459b5ce4fb92fp+2,-5.087607596984795,-0x1.459b5ce4fb92fp+2,0.0010602520622361674,0.021375608731007776,0.04960102309031087,0.00106892877945946,0.00112371046514084,-8.676717223292689e-06,-6.345840290467248e-05,-1.2316094892410674,0.0,-3.127097141782613,-1.960510455202182,False,85,-6.501977180475142,-0x1.a02064e55ea85p+2,-3.127097141782613,-0x1.9044b819af8a0p+1,0.4809455731670372,-0.5267208484758343,-0x1.0dae5ae4a670ep-1,1.1030211076545613,0x1.1a5f97602c8dap+0,-2.0941284379503107,-0.22256890206677848,-0x1.c7d2345bde160p-3,-0.8099141351633936,-0x1.9ead10c63096ap-1,3.638936651268518,-0.3445433416261537,-0x1.60cff8415b04dp-2,-0.861811429564323,-0x1.b93f59029875fp-1,2.501315002916035,-0.9999999968790012,-0x1.ffffffe530d9ep-1,-0.1486905591907375,-0x1.3084ad0795da1p-3,0.14869055965480057,-0.9999999986418708,-0x1.fffffff455714p-1,-0.011505949697221877,-0x1.7906e6d459c0fp-7,0.011505949712848443,-1.2316094892410674
H593-3a88599950984808ec05d372,OUTCOME-0015,5,742,/hkfs/work/workspace/scratch/ap7811-benchmark/dailymed/data/box_flat_20000_images/data/raw_images/homeopathic/Label7.jpg,86,383.80224609375,0x1.7fcd600000000p+8,False,False,False,CHALLENGER,5,-6.0677625330920435,-0x1.845638a9e1908p+2,-6.0677625330920435,-0x1.845638a9e1908p+2,0.00026072304817483557,0.01151925824152559,0.022633666396587863,0.0002525542268208098,0.0002631726486704507,8.168821354025775e-06,-2.4496004956151094e-06,-1.2316094892410674,-8.881784197001252e-16,-3.1085865081889614,-2.959176024903082,False,124,-6.463489179698341,-0x1.9da9ce8536abep+2,-3.1085865081889614,-0x1.8de629a6baadbp+1,0.4809455731670372,-0.8583381891627996,-0x1.b7781a66b9635p-1,1.7974704113045918,0x1.cc27055814b54p+0,-2.0941284379503107,-0.48955309442160444,-0x1.f54d6808c91acp-2,-1.781452698032694,-0x1.c80d48b56bdfdp+0,3.638936651268518,-0.6360580222441807,-0x1.45a965a7cb5d6p-1,-1.5909814737644703,-0x1.974a8fd65c3b7p+0,2.501315002916035,-0.9489292783698008,-0x1.e5da0ef1a15e9p-1,-0.14109682547363173,-0x1.20f75f57d44fep-3,0.14869055965480057,-0.9999999985191727,-0x1.fffffff347a05p-1,-0.011505949695810118,-0x1.7906e6d39310fp-7,0.011505949712848443,-1.2316094892410674
H593-3a88599950984808ec05d372,OUTCOME-0015,6,757,/hkfs/work/workspace/scratch/ap7811-benchmark/dailymed/data/box_flat_20000_images/data/raw_images/homeopathic/SINOFRESH Throat Spray box.jpg,115,381.58209228515625,0x1.7d95040000000p+8,False,False,False,CHALLENGER,6,-4.928956901991889,-0x1.3b7407a65cb68p+2,-4.928956901991889,-0x1.3b7407a65cb68p+2,0.0016214796970758945,0.02389276672967411,0.06786487791144191,0.0016423784328277466,0.001337069128244769,-2.089873575185212e-05,0.00028441056883112556,-1.2316094892410674,0.0,-3.1762572918039442,-1.7526996101879444,False,67,-6.604192800628604,-0x1.a6ab1847cb6c9p+2,-3.1762572918039442,-0x1.968f9953fd5f4p+1,0.4809455731670372,-0.35676993232435783,-0x1.6d5518de1df3cp-2,0.7471220610860455,0x1.7e86c864f827fp-1,-2.0941284379503107,-0.16905591639556028,-0x1.5a39fd00e9f78p-3,-0.6151837702855907,-0x1.3af95dfcd02c6p-1,3.638936651268518,-0.19976250529676448,-0x1.991d1599bba8ap-3,-0.4996689515188909,-0x1.ffa937b666a6ep-2,2.501315002916035,-0.999999996993677,-0x1.ffffffe62d06ap-1,-0.14869055920778873,-0x1.3084ad082bd60p-3,0.14869055965480057,-0.40578145543589195,-0x1.9f852c81ae872p-2,-0.0046689010206518245,-0x1.31fb293124549p-8,0.011505949712848443,-1.2316094892410674
H593-3a88599950984808ec05d372,OUTCOME-0015,7,793,/hkfs/work/workspace/scratch/ap7811-benchmark/dailymed/data/box_flat_20000_images/data/raw_images/homeopathic/irritated-eye-drops-1.jpg,98,382.8982849121094,0x1.7ee5f60000000p+8,False,False,False,CHALLENGER,7,-5.88156775593038,-0x1.786b9b2a3b764p+2,-5.88156775593038,-0x1.786b9b2a3b764p+2,0.0004064146233218632,0.009439868323397905,0.043052997075659766,0.0003397585178066139,0.0003485597100866834,6.665610551524932e-05,5.785491323517984e-05,-1.2316094892410674,0.0,-3.136139446765723,-2.745428309164657,False,120,-6.52077827874405,-0x1.a1546e6aeb104p+2,-3.136139446765723,-0x1.916d0473c6f3cp+1,0.4809455731670372,-0.7875852369792965,-0x1.933e5f4746e7fp-1,1.6493046420681794,0x1.a638d43ad2e5ap+0,-2.0941284379503107,-0.5614933780989835,-0x1.1f7c0f5fb61dep-1,-2.043238833008963,-0x1.0588d99ed868ep+1,3.638936651268518,-0.4053451863536567,-0x1.9f12cefbeb802p-2,-1.0138959959861975,-0x1.038eb0204e5a5p+0,2.501315002916035,-0.6476853457850763,-0x1.4b9d69e47d9f1p-1,-0.09630469654499603,-0x1.8a76cb21ca98dp-4,0.14869055965480057,-0.8416459912734677,-0x1.aeec392ea878ap-1,-0.009683936451613,-0x1.3d52bf2d989efp-7,0.011505949712848443,-1.2316094892410674
H593-3a88599950984808ec05d372,OUTCOME-0015,8,869,/hkfs/work/workspace/scratch/ap7811-benchmark/dailymed/data/box_flat_20000_images/data/raw_images/otc/10-45336C_A0906.jpg,25,394.517822265625,0x1.8a84900000000p+8,False,False,False,CHALLENGER,8,-5.107869305864009,-0x1.46e754a93b66ap+2,-5.107869305864009,-0x1.46e754a93b66ap+2,0.0006418617726626465,0.016336079528326237,0.039291053373588125,0.0006468406866399826,0.0006690576821957174,-4.978913977336081e-06,-2.719590953307086e-05,-1.2316094892410674,0.0,-2.7819733547984233,-2.3258959510655854,False,88,-5.7843829115196295,-0x1.7233546221281p+2,-2.7819733547984233,-0x1.6417b3f099efep+1,0.4809455731670372,-0.6839723514925331,-0x1.5e319fc20eaacp-1,1.432325952032259,0x1.6eace9e130cc5p+0,-2.0941284379503107,-0.34591362618741445,-0x1.62372e7edce43p-2,-1.25875777250658,-0x1.423df30a8066dp+0,3.638936651268518,-0.4428303237205858,-0x1.c5754ff83a609p-2,-1.1076581324684658,-0x1.1b8f7bbe19ba2p+0,2.501315002916035,-0.9999999968425617,-0x1.ffffffe4e0b84p-1,-0.14869055918531932,-0x1.3084ad0766316p-3,0.14869055965480057,-0.9999999985715193,-0x1.fffffff3babcep-1,-0.011505949696412417,-0x1.7906e6d3e7d51p-7,0.011505949712848443,-1.2316094892410674
H593-3a88599950984808ec05d372,OUTCOME-0015,9,889,/hkfs/work/workspace/scratch/ap7811-benchmark/dailymed/data/box_flat_20000_images/data/raw_images/otc/1231 IN MASTER (R181022-2).jpg,100,382.8873291015625,0x1.7ee3280000000p+8,False,False,False,CHALLENGER,9,-6.52308553964758,-0x1.a17a3bc572ffep+2,-6.52308553964758,-0x1.a17a3bc572ffep+2,0.00015266608136317402,0.008549895174268485,0.017855900949830753,0.00014501960049103166,0.00013661742243483414,7.646480872142359e-06,1.6048658928339876e-05,-1.2316094892410674,0.0,-3.136473382316483,-3.386612157331097,False,128,-6.521472610014345,-0x1.a15fcea7715e3p+2,-3.136473382316483,-0x1.9177f5b4e9724p+1,0.4809455731670372,-0.9145413700060652,-0x1.d43ec43607b94p-1,1.9151670906117384,0x1.ea4863f48d89ep+0,-2.0941284379503107,-0.5944519638374277,-0x1.305c01ff730f6p-1,-2.1631730386265633,-0x1.14e2daa83eb97p+1,3.638936651268518,-0.7014134922804336,-0x1.671fab54a29dep-1,-1.754456091488779,-0x1.c12408cf3658ap+0,2.501315002916035,-0.9521167185286112,-0x1.e77bd7b01c462p-1,-0.14157076773471144,-0x1.21efdacbebeccp-3,0.14869055965480057,-0.9534076825891884,-0x1.e8250d40f390ap-1,-0.010969860851714572,-0x1.6775dcccc5bf8p-7,0.011505949712848443,-1.2316094892410674
H593-3a88599950984808ec05d372,OUTCOME-0015,10,904,/hkfs/work/workspace/scratch/ap7811-benchmark/dailymed/data/box_flat_20000_images/data/raw_images/otc/1410.jpg,21,395.7778015136719,0x1.8bc71e0000000p+8,False,False,False,CHALLENGER,10,-4.299158580567075,-0x1.13256a07f69d9p+2,-4.299158580567075,-0x1.13256a07f69d9p+2,0.0023110393178666115,0.027453276708435052,0.08418081901154414,0.00227024369853584,0.0023985156538407714,4.0795619330771284e-05,-8.747633597415991e-05,-1.2316094892410674,0.0,-2.7435689060958555,-1.5555896744712192,False,25,-5.704530947294917,-0x1.6d1708f869b35p+2,-2.7435689060958555,-0x1.5f2d441300897p+1,0.4809455731670372,-0.19352881557289678,-0x1.8c58d5edc0efbp-3,0.4052741962540441,0x1.9f0032eb4b939p-2,-2.0941284379503107,-0.10089528862828222,-0x1.9d4460cfa9ca7p-4,-0.36715156372977187,-0x1.77f6945b9419ep-2,3.638936651268518,-0.09447832450688032,-0x1.82fbb41f01bf0p-4,-0.23632005053942945,-0x1.e3fbc443a5b7ap-3,2.501315002916035,-0.7685546263500744,-0x1.897ffdf2b9e44p-1,-0.11427681751727871,-0x1.d413ed9ed7be9p-4,0.14869055965480057,-0.9999999986847729,-0x1.fffffff4b3c8fp-1,-0.011505949697715505,-0x1.7906e6d49f39cp-7,0.011505949712848443,-1.2316094892410674
H593-3a88599950984808ec05d372,OUTCOME-0015,11,909,/hkfs/work/workspace/scratch/ap7811-benchmark/dailymed/data/box_flat_20000_images/data/raw_images/otc/14G-LBL.jpg,44,388.1931457519531,0x1.8431720000000p+8,False,False,False,CHALLENGER,11,-4.413153110430359,-0x1.1a7119be62802p+2,-4.413153110430359,-0x1.1a7119be62802p+2,0.003185124966168854,0.03123115551722379,0.10198549856447921,0.0037751181816548015,0.0026941654596783324,-0.0005899932154859477,0.0004909595064905214,-1.2316094892410674,0.0,-2.9747509065764897,-1.4384022038538697,False,31,-6.185213197800511,-0x1.8bda8874d5cf4p+2,-2.9747509065764897,-0x1.7cc4a340bf062p+1,0.4809455731670372,-0.0355885846689919,-0x1.238aabe874b69p-5,0.0745270672217384,0x1.31434b462584fp-4,-2.0941284379503107,-0.036757873285506754,-0x1.2d1ed8f437684p-5,-0.13375957232131447,-0x1.11f089e52d0a6p-3,3.638936651268518,0.0011708202326867387,0x1.32ec6a6f7f756p-10,0.0029285902137369826,0x1.7fdb2e61fd583p-9,2.501315002916035,-0.9999999988910165,-0x1.fffffff67951dp-1,-0.1486905594899052,-0x1.3084ad11dd5bdp-3,0.14869055965480057,-0.1562878581895474,-0x1.4013d93d7ce95p-3,-0.001798240237057721,-0x1.d765dc08b7f24p-10,0.011505949712848443,-1.2316094892410674
H593-3a88599950984808ec05d372,OUTCOME-0015,12,926,/hkfs/work/workspace/scratch/ap7811-benchmark/dailymed/data/box_flat_20000_images/data/raw_images/otc/199006EC8 image 2.jpg,1,485.78924560546875,0x1.e5ca0c0000000p+8,False,True,False,HOLD,,,,0.0,0x0.0p+0,0.003420199101036303,0.03361475321346681,0.10174696447469667,0.0031084655764771272,0.0027473505212400593,0.00031173352455917585,0.0006728485797962438,,,0.0,0.0,True,2,,,,,0.4809455731670372,,,,,-2.0941284379503107,,,,,3.638936651268518,,,,,2.501315002916035,,,,,0.14869055965480057,,,,,0.011505949712848443,-1.2316094892410674
H593-3a88599950984808ec05d372,OUTCOME-0015,13,944,/hkfs/work/workspace/scratch/ap7811-benchmark/dailymed/data/box_flat_20000_images/data/raw_images/otc/20230531134258.jpg,84,383.901611328125,0x1.7fe6d00000000p+8,False,False,False,CHALLENGER,12,-4.8093023237389545,-0x1.33cb9bf942478p+2,-4.8093023237389545,-0x1.33cb9bf942478p+2,0.001247163844959798,0.028705296587937735,0.043447168056221,0.0012982740703069522,0.001101433916581651,-5.1110225347154176e-05,0.00014572992837814697,-1.2316094892410674,-8.881784197001252e-16,-3.105557833667307,-1.7037444900716476,False,56,-6.457191846505916,-0x1.9d42a1972f68ap+2,-3.105557833667307,-0x1.8d82eb49b8064p+1,0.4809455731670372,-0.4655809459761561,-0x1.dcc140626eeefp-2,0.9749862991364758,0x1.f3316779adb07p-1,-2.0941284379503107,-0.07877812423281554,-0x1.42acd9b385cebp-4,-0.28666860358897706,-0x1.258c7454d18e6p-2,3.638936651268518,-0.4015299750880757,-0x1.9b2aac7d77c99p-2,-1.0043529508083056,-0x1.011d46655cde7p+0,2.501315002916035,-0.9999999972439928,-0x1.ffffffe85379ep-1,-0.14869055924500832,-0x1.3084ad0973391p-3,0.14869055965480057,-0.6439439168147022,-0x1.49b3045e5ac5dp-1,-0.007409186324764625,-0x1.e59184f47008ap-8,0.011505949712848443,-1.2316094892410674
H593-3a88599950984808ec05d372,OUTCOME-0015,14,964,/hkfs/work/workspace/scratch/ap7811-benchmark/dailymed/data/box_flat_20000_images/data/raw_images/otc/2ct box.jpg,120,381.3432922363281,0x1.7d57e20000000p+8,False,False,False,CHALLENGER,13,-4.517546933122771,-0x1.211f7d2bfa12ep+2,-4.517546933122771,-0x1.211f7d2bfa12ep+2,0.0032357135157490484,0.03726210957737174,0.0868365627295028,0.0033660365742939004,0.0026946704240661023,-0.00013032305854485202,0.0005410430916829461,-1.2316094892410674,0.0,-3.1835359705913975,-1.3340109625313739,False,35,-6.619326901436566,-0x1.a7a30d4cccff1p+2,-3.1835359705913975,-0x1.977e1b4faa32ap+1,0.4809455731670372,-0.02771754917489276,-0x1.c61fd3cecfd9cp-6,0.0580441079574291,0x1.db7f512ce2851p-5,-2.0941284379503107,0.051460465661650634,0x1.a5906b21b8140p-5,0.1872613745875255,0x1.7f82e43d42696p-3,3.638936651268518,-0.07906523950509062,-0x1.43d9e99ecbdd2p-4,-0.19776706978323275,-0x1.9506e6c78ed0fp-3,2.501315002916035,-0.9999999977378462,-0x1.ffffffec9178ap-1,-0.14869055931843966,-0x1.3084ad0bf921cp-3,0.14869055965480057,-0.10858093115022767,-0x1.bcbf5bc426badp-4,-0.0012493267335887785,-0x1.4780e5d9e39b0p-10,0.011505949712848443,-1.2316094892410674
H593-3a88599950984808ec05d372,OUTCOME-0015,15,991,/hkfs/work/workspace/scratch/ap7811-benchmark/dailymed/data/box_flat_20000_images/data/raw_images/otc/371116-pre-printed carton_approved 2-24-22.jpg,36,389.5208740234375,0x1.8585580000000p+8,False,False,False,CHALLENGER,14,-4.239483198884271,-0x1.0f53b156c98fep+2,-4.239483198884271,-0x1.0f53b156c98fep+2,0.0036081157682671533,0.03133318257777123,0.1151531849441578,0.0034424250645157597,0.0027910408011859824,0.00016569070375139355,0.0008170749670811709,-1.2316094892410674,0.0,-2.9342814525182486,-1.3052017463660222,False,21,-6.101067597308237,-0x1.8677e43a47f28p+2,-2.9342814525182486,-0x1.779688dde9a1fp+1,0.4809455731670372,0.02673708715368591,0x1.b60f78ba95a16p-6,-0.0559908945564896,-0x1.caad6a9fce169p-5,-2.0941284379503107,-0.03512922478389613,-0x1.1fc752f294d20p-5,-0.12783302359677,-0x1.05cd51fd934cap-3,3.638936651268518,0.061808258340618566,0x1.fa55500642fa4p-5,0.15460192389149938,0x1.3c9feef819f33p-3,2.501315002916035,-0.30589737981810705,-0x1.393d29a900e18p-2,-0.045484052602091436,-0x1.749af8cd4bfe1p-5,0.14869055965480057,0.09680119996116306,0x1.8c7f6a40bf7edp-4,0.0011137897388965288,0x1.23f92a0341df5p-10,0.011505949712848443,-1.2316094892410674
H593-3a88599950984808ec05d372,OUTCOME-0015,16,1039,/hkfs/work/workspace/scratch/ap7811-benchmark/dailymed/data/box_flat_20000_images/data/raw_images/otc/4Carton.jpg,62,385.8268127441406,0x1.81d3aa0000000p+8,False,False,False,CHALLENGER,15,-5.006753171951093,-0x1.406ea4db2b264p+2,-5.006753171951093,-0x1.406ea4db2b264p+2,0.0011410209194767963,0.018296639249303952,0.06236232260633348,0.0010654471292366131,0.0010916774358533205,7.557379024018319e-05,4.934348362347577e-05,-1.2316094892410674,8.881784197001252e-16,-3.046877264810246,-1.9598759071408471,False,78,-6.335181015902677,-0x1.95739b1362b10p+2,-3.046877264810246,-0x1.860012ffa499ap+1,0.4809455731670372,-0.4996860863562183,-0x1.ffadb59caa2d9p-2,1.0464068434866516,0x1.0be151a315f45p+0,-2.0941284379503107,-0.2950819316752763,-0x1.2e29f538be472p-2,-1.0737844563002756,-0x1.12e389c2c3488p+0,3.638936651268518,-0.23999032942405474,-0x1.eb800cc1dc53cp-3,-0.6002914115431497,-0x1.335965594b85cp-1,2.501315002916035,-0.6097476724176649,-0x1.3830d8cfb125ep-1,-0.0906637226599946,-0x1.735bcdbc21f5bp-4,0.14869055965480057,-0.8633507994493869,-0x1.ba091db1389cdp-1,-0.009933670883012146,-0x1.4581abc92f953p-7,0.011505949712848443,-1.2316094892410674
H593-3a88599950984808ec05d372,OUTCOME-0015,17,1066,/hkfs/work/workspace/scratch/ap7811-benchmark/dailymed/data/box_flat_20000_images/data/raw_images/otc/55505-177-80-carton.jpg,105,382.2078857421875,0x1.7e35380000000p+8,False,False,False,CHALLENGER,16,-4.373125243876701,-0x1.17e148b3f0cc1p+2,-4.373125243876701,-0x1.17e148b3f0cc1p+2,0.0038963381392733212,0.04278686310299227,0.09106388869626747,0.004125822728783793,0.002874563841542557,-0.00022948458951047197,0.0010217742977307641,-1.2316094892410674,0.0,-3.157182967559149,-1.215942276317552,False,29,-6.564532753194982,-0x1.a4214dfc1f920p+2,-3.157182967559149,-0x1.941e924c93cfap+1,0.4809455731670372,0.06507710171263907,0x1.0a8e497930213p-4,-0.13627980935582235,-0x1.1719de624e95ep-3,-2.0941284379503107,0.12005125456265343,0x1.ebbadd430bbe9p-4,0.43685891025880647,0x1.bf57f1321c707p-2,3.638936651268518,-0.055407025085362674,-0x1.c5e4f416baa62p-5,-0.13859042311296277,-0x1.1bd54bb678c94p-3,2.501315002916035,-0.9999999981523161,-0x1.fffffff020e67p-1,-0.14869055938006742,-0x1.3084ad0e17372p-3,0.14869055965480057,0.20590169196689467,0x1.a5afc94982d2cp-3,0.0023690945135615,0x1.36859ee9ec21ep-9,0.011505949712848443,-1.2316094892410674
H593-3a88599950984808ec05d372,OUTCOME-0015,18,1069,/hkfs/work/workspace/scratch/ap7811-benchmark/dailymed/data/box_flat_20000_images/data/raw_images/otc/571010_Walmart_Vagicaine_Carton.jpg,35,389.614013671875,0x1.859d300000000p+8,False,False,False,CHALLENGER,17,-5.340566369390192,-0x1.55cbd6e2a97e4p+2,-5.340566369390192,-0x1.55cbd6e2a97e4p+2,0.0006826600517326274,0.011471107121518671,0.05951126116257986,0.0006561598603627345,0.0005194117578183133,2.6500191369892854e-05,0.00016324829391431406,-1.2316094892410674,0.0,-2.9314425352454934,-2.4091238341446988,False,103,-6.095164814475534,-0x1.86172e2979bfbp+2,-2.9314425352454934,-0x1.7739824d7dc9dp+1,0.4809455731670372,-0.6672271571372228,-0x1.559ecc45d09a0p-1,1.397259364333799,0x1.65b2ca29d7ea1p+0,-2.0941284379503107,-0.4911439180029152,-0x1.f6ee6e65ceab9p-2,-1.7872416042684278,-0x1.c988aa70622b3p+0,3.638936651268518,-0.26191348159105415,-0x1.0c330c3742a33p-2,-0.6551281209696764,-0x1.4f6cf3fc82670p-1,2.501315002916035,-0.8433024826117484,-0x1.afc557cee7f89p-1,-0.1253911180978236,-0x1.00cd0efb83202p-3,0.14869055965480057,-0.6094990919064784,-0x1.381043d55c2c0p-1,-0.007012865901502733,-0x1.cb985db2bc6f7p-8,0.011505949712848443,-1.2316094892410674
H593-3a88599950984808ec05d372,OUTCOME-0015,19,1104,/hkfs/work/workspace/scratch/ap7811-benchmark/dailymed/data/box_flat_20000_images/data/raw_images/otc/64743812580158e10d1b80fa926002d(1)(1).jpg,40,389.1097717285156,0x1.851c1a0000000p+8,False,False,False,CHALLENGER,18,-4.835954119215762,-0x1.358045b4bf3e6p+2,-4.835954119215762,-0x1.358045b4bf3e6p+2,0.0010964749594897015,0.023438700603599892,0.046780535236722834,0.0011579217754875161,0.0012759399066480017,-6.144681599781461e-05,-0.0001794649471583002,-1.2316094892410674,0.0,-2.9468119422237797,-1.889142176991982,False,60,-6.127121459542622,-0x1.8822c20bd6be1p+2,-2.9468119422237797,-0x1.7931223ba81cbp+1,0.4809455731670372,-0.5144768273939846,-0x1.076981b869fc0p-1,1.0773805549121966,0x1.13cf3648b1b83p+0,-2.0941284379503107,-0.17835997523158786,-0x1.6d47fea447c30p-3,-0.6490406509895702,-0x1.4c4f0e638cac9p-1,3.638936651268518,-0.3700757727989794,-0x1.7af524b4daab0p-2,-0.9256760827178331,-0x1.d9f2372beccabp-1,2.501315002916035,-0.9999999973203304,-0x1.ffffffe8fb582p-1,-0.148690559256359,-0x1.3084ad09d7108p-3,0.14869055965480057,-0.9999999988267229,-0x1.fffffff5ebefbp-1,-0.011505949699348775,-0x1.7906e6d585168p-7,0.011505949712848443,-1.2316094892410674
H593-3a88599950984808ec05d372,OUTCOME-0015,20,1147,/hkfs/work/workspace/scratch/ap7811-benchmark/dailymed/data/box_flat_20000_images/data/raw_images/otc/83632-002-01 40g.jpg,18,397.59393310546875,0x1.8d980c0000000p+8,False,False,False,CHALLENGER,19,-5.031324646499886,-0x1.4201391711a64p+2,-5.031324646499886,-0x1.4201391711a64p+2,0.0006325988194743736,0.016044130547289922,0.03942867565243219,0.0006840320894968226,0.0006534872324502089,-5.143327002244899e-05,-2.0888412975835326e-05,-1.2316094892410674,0.0,-2.688212809824911,-2.343111836674975,False,80,-5.589432484268377,-0x1.65b94306c87e6p+2,-2.688212809824911,-0x1.58175b7b71710p+1,0.4809455731670372,-0.6878211881146183,-0x1.602a1948e573ep-1,1.4403859102555925,0x1.70bd218a2abdfp+0,-2.0941284379503107,-0.3538263717419352,-0x1.6a5175dc60348p-2,-1.2875517523170874,-0x1.499cfddc1c008p+0,3.638936651268518,-0.4414238091338233,-0x1.c4049a5f9f3fep-2,-1.1041399964307765,-0x1.1aa8eb36e030ap+0,2.501315002916035,-0.9999999972464443,-0x1.ffffffe858ddfp-1,-0.14869055924537283,-0x1.3084ad09766dep-3,0.14869055965480057,-0.9999999985585315,-0x1.fffffff39e2d6p-1,-0.01150594969626298,-0x1.7906e6d3d2cd0p-7,0.011505949712848443,-1.2316094892410674
H593-3a88599950984808ec05d372,OUTCOME-0015,21,1185,/hkfs/work/workspace/scratch/ap7811-benchmark/dailymed/data/box_flat_20000_images/data/raw_images/otc/973 45 hydrocortisone image.jpg,20,396.49267578125,0x1.8c7e200000000p+8,False,False,False,CHALLENGER,20,-4.975942126372737,-0x1.3e75d5f6e3d09p+2,-4.975942126372737,-0x1.3e75d5f6e3d09p+2,0.0005930231421654266,0.01900355261017419,0.031205909459683438,0.0006060116470172329,0.0006693654279143021,-1.298850485180632e-05,-7.634228574887548e-05,-1.2316094892410674,0.0,-2.7217793788631273,-2.2541627475096098,False,73,-5.659225348390568,-0x1.6a30bf8402075p+2,-2.7217793788631273,-0x1.5c63444592794p+1,0.4809455731670372,-0.704465336539873,-0x1.68afae3b35726p-1,1.4752408947983842,0x1.79a96324e17e8p+0,-2.0941284379503107,-0.27768284011246597,-0x1.1c58e3f3c614bp-2,-1.010470264313588,-0x1.02ae2de2ceadap+0,3.638936651268518,-0.5305718705208188,-0x1.0fa71dc021015p-1,-1.327127379858948,-0x1.53be9eb61ecf5p+0,2.501315002916035,-0.9999999969204431,-0x1.ffffffe58bfb9p-1,-0.14869055919689952,-0x1.3084ad07cc0dbp-3,0.14869055965480057,-0.9999999986652267,-0x1.fffffff488cd7p-1,-0.011505949697490608,-0x1.7906e6d47f930p-7,0.011505949712848443,-1.2316094892410674
H593-3a88599950984808ec05d372,OUTCOME-0015,22,1353,/hkfs/work/workspace/scratch/ap7811-benchmark/dailymed/data/box_flat_20000_images/data/raw_images/otc/AVA2CHG32oz.jpg,104,382.3363342285156,0x1.7e561a0000000p+8,False,False,False,CHALLENGER,21,-4.106656615418206,-0x1.06d37644c7e34p+2,-4.106656615418206,-0x1.06d37644c7e34p+2,0.0061898245605415,0.05043315543385399,0.12273323981601379,0.0060752273255342965,0.006214138427731202,0.00011459723500720394,-2.4313867189701757e-05,-1.2316094892410674,0.0,-3.1532678290267033,-0.9533887863915029,False,19,-6.556392250920131,-0x1.a39bee3e5cc95p+2,-3.1532678290267033,-0x1.939e47bc996c1p+1,0.4809455731670372,0.2882017315202187,0x1.271e5ace1ea13p-2,-0.6035314418430104,-0x1.350212b9a59c0p-1,-2.0941284379503107,0.20010494598693612,0x1.99d09f3640ff6p-3,0.728169222051969,0x1.74d298a5557cfp-1,3.638936651268518,0.093488311842614,0x1.7eed999ec1a52p-4,0.2338437170092232,0x1.dee974677002bp-3,2.501315002916035,-0.4624022186202953,-0x1.d97ff79a49bd2p-2,-0.06875484467227315,-0x1.199eae14f18dbp-4,0.14869055965480057,-0.9999999985656141,-0x1.fffffff3adc08p-1,-0.011505949696344471,-0x1.7906e6d3de451p-7,0.011505949712848443,-1.2316094892410674
H593-3a88599950984808ec05d372,OUTCOME-0015,23,1428,/hkfs/work/workspace/scratch/ap7811-benchmark/dailymed/data/box_flat_20000_images/data/raw_images/otc/Antiseptic300270.jpg,127,380.92864990234375,0x1.7cedbc0000000p+8,False,False,False,CHALLENGER,22,-3.49840564808289,-0x1.bfcbc19b542f7p+1,-3.49840564808289,-0x1.bfcbc19b542f7p+1,0.018331570524428385,0.09345840268836303,0.19614684177253694,0.018382860601455765,0.015335947077067334,-5.129007702737998e-05,0.0029956234473610503,-1.2316094892410674,4.440892098500626e-16,-3.1961743614776763,-0.3022312866052137,False,9,-6.645605115836284,-0x1.a951981ea96aap+2,-3.1961743614776763,-0x1.991c3dd16e1e6p+1,0.4809455731670372,0.6855245195889667,0x1.5efd11e07b401p-1,-1.4355763913834798,-0x1.6f81ef33e6d89p+0,-2.0941284379503107,0.4709385633001623,0x1.e23db7ff329bfp-2,1.7137155984886996,0x1.b6b610c2276eap+0,3.638936651268518,0.31689103740269536,0x1.447f1588290d3p-2,0.7926443061449883,0x1.95d5797881b55p-1,2.501315002916035,-0.9999999972453582,-0x1.ffffffe8567a8p-1,-0.14869055924521132,-0x1.3084ad0975023p-3,0.14869055965480057,0.6331722989125684,0x1.442f28d9200f7p-1,0.007285248630856655,0x1.dd72309cddb73p-8,0.011505949712848443,-1.2316094892410674
H593-3a88599950984808ec05d372,OUTCOME-0015,24,1503,/hkfs/work/workspace/scratch/ap7811-benchmark/dailymed/data/box_flat_20000_images/data/raw_images/otc/Azo UDT Box 18.jpg,81,384.2191162109375,0x1.8038180000000p+8,False,False,False,CHALLENGER,23,-3.666282617980106,-0x1.d548bfb30f14ap+1,-3.666282617980106,-0x1.d548bfb30f14ap+1,0.01137781478744751,0.06571458584387725,0.1731398690464029,0.01119869373793697,0.01044230750108628,0.0001791210495105406,0.0009355072863612302,-1.2316094892410674,0.0,-3.0958802139734196,-0.5704024040066864,False,11,-6.437069778160095,-0x1.9bf8f384d1201p+2,-3.0958802139734196,-0x1.8c45cd87acb68p+1,0.4809455731670372,0.5377488996726969,0x1.1353d2e31bc28p-1,-1.1261152632810831,-0x1.2049170351952p+0,-2.0941284379503107,0.32316567224468934,0x1.4aebf125ec55bp-2,1.1759794091630293,0x1.2d0cfc8f1fe6bp+0,3.638936651268518,0.25971743956214843,0x1.09f35e547b2bcp-2,0.6496351280957404,0x1.4c9cf9bb02092p-1,2.501315002916035,-0.27016652545165787,-0x1.14a6889d27c10p-2,-0.04017121186939993,-0x1.4915232708459p-5,0.14869055965480057,0.1633088248244439,0x1.4e74db6e27479p-3,0.0018790231260944268,0x1.ec931b8000d9fp-10,0.011505949712848443,-1.2316094892410674
H593-3a88599950984808ec05d372,OUTCOME-0015,25,1514,/hkfs/work/workspace/scratch/ap7811-benchmark/dailymed/data/box_flat_20000_images/data/raw_images/otc/BACITRICIN.jpg,78,384.36993408203125,0x1.805eb40000000p+8,False,False,False,CHALLENGER,24,-5.0236567978259385,-0x1.418397cd3f643p+2,-5.0236567978259385,-0x1.418397cd3f643p+2,0.0011157566882047402,0.021187750405127527,0.052660460259845346,0.001098180318069999,0.0012876892278906673,1.7576370134741266e-05,-0.0001719325396859271,-1.2316094892410674,0.0,-3.091283251600564,-1.9323735462253744,False,79,-6.427511602288791,-0x1.9b5c599f9f6b3p+2,-3.091283251600564,-0x1.8baf2b6a2602ep+1,0.4809455731670372,-0.5080389931906949,-0x1.041dafd9b18ffp-1,1.0638989032282784,0x1.105badb39da02p+0,-2.0941284379503107,-0.2267597643822987,-0x1.d0676c6090aafp-3,-0.8251644176437601,-0x1.a67bf35734a6dp-1,3.638936651268518,-0.31790248622385336,-0x1.45883ab6981b1p-2,-0.7951742582560325,-0x1.97211493a953dp-1,2.501315002916035,-0.8932533102432006,-0x1.c9587f75139a9p-1,-0.1328183346135647,-0x1.10030f1bcba9fp-3,0.14869055965480057,-0.9999999988162614,-0x1.fffffff5d4ee7p-1,-0.011505949699228408,-0x1.7906e6d57425dp-7,0.011505949712848443,-1.2316094892410674
H593-3a88599950984808ec05d372,OUTCOME-0015,26,1515,/hkfs/work/workspace/scratch/ap7811-benchmark/dailymed/data/box_flat_20000_images/data/raw_images/otc/BACPLUS MAX 2019 RED VERT_89992V.jpg,37,389.5047607421875,0x1.8581380000000p+8,False,False,False,CHALLENGER,25,-4.405775742999414,-0x1.19f83ad26c535p+2,-4.405775742999414,-0x1.19f83ad26c535p+2,0.002472195740649639,0.031795410447276684,0.07775322620065077,0.0024552930746633353,0.002323862485995199,1.6902665986303494e-05,0.00014833325465443995,-1.2316094892410674,0.0,-2.9347725889271654,-1.4710031540722488,False,30,-6.102088786474576,-0x1.86889f67cc95ap+2,-2.9347725889271654,-0x1.77a6a0d151d8cp+1,0.4809455731670372,-0.16088591917145423,-0x1.497e8e89d38c8p-3,0.3369157786027174,0x1.5900732a6b91ap-2,-2.0941284379503107,-0.027814374163601236,-0x1.c7b5f0d90c485p-6,-0.10121474557602467,-0x1.9e935a61f3a84p-4,3.638936651268518,-0.1336697091164011,-0x1.11c16ca8f7595p-3,-0.3343500488482764,-0x1.565fdbf4e09d3p-2,2.501315002916035,-0.8971344792743902,-0x1.cb5535e131eafp-1,-0.13339542780892716,-0x1.11319f3f008e2p-3,0.14869055965480057,-0.6387322545364603,-0x1.4707ea0044d5fp-1,-0.007349221200670824,-0x1.e1a378b53c479p-8,0.011505949712848443,-1.2316094892410674
H593-3a88599950984808ec05d372,OUTCOME-0015,27,1517,/hkfs/work/workspace/scratch/ap7811-benchmark/dailymed/data/box_flat_20000_images/data/raw_images/otc/BACPLUS ORIG 2019 YELLOW VERT_89770.jpg,39,389.4649658203125,0x1.8577080000000p+8,False,False,False,CHALLENGER,26,-4.290986516355565,-0x1.129f85e8d4be6p+2,-4.290986516355565,-0x1.129f85e8d4be6p+2,0.0033197692570102674,0.0357989280444099,0.09273376154984223,0.003334480837221417,0.003024313570014556,-1.4711580211149676e-05,0.00029545568699571164,-1.2316094892410674,0.0,-2.9359855470279754,-1.3550009693275893,False,24,-6.104610814264172,-0x1.86b1f18e84a4ap+2,-2.9359855470279754,-0x1.77ce5fd901c50p+1,0.4809455731670372,-0.01490064028137995,-0x1.e843a15957a46p-7,0.031203854556905674,0x1.ff3e73b52fee3p-6,-2.0941284379503107,0.03146605671002032,0x1.01c51a901da4dp-5,0.11450298703298661,0x1.d50115899da74p-4,3.638936651268518,-0.04634496748881348,-0x1.7ba870f65b3c4p-5,-0.11592336248942503,-0x1.dad274abc03d8p-4,2.501315002916035,-0.9999999969366978,-0x1.ffffffe5afba3p-1,-0.14869055919931645,-0x1.3084ad07e1502p-3,0.14869055965480057,-0.38974618346060697,-0x1.8f199f9ed105ap-2,-0.004484399987672348,-0x1.25e3bf4a0b571p-8,0.011505949712848443,-1.2316094892410674
H593-3a88599950984808ec05d372,OUTCOME-0015,28,1566,/hkfs/work/workspace/scratch/ap7811-benchmark/dailymed/data/box_flat_20000_images/data/raw_images/otc/BCdiaperrash.carton.jpg,31,390.31451416015625,0x1.8650840000000p+8,False,False,False,CHALLENGER,27,-5.0906739286369636,-0x1.45cd9a05861e4p+2,-5.0906739286369636,-0x1.45cd9a05861e4p+2,0.0008171396212569897,0.017411193386363263,0.04693185602642189,0.0008367128852006538,0.0007343543938491763,-1.957326394366407e-05,8.278522740781343e-05,-1.2316094892410674,0.0,-2.9100911240139014,-2.180582804623062,False,86,-6.050770162725248,-0x1.833fd17f211f6p+2,-2.9100911240139014,-0x1.747dddaf0281dp+1,0.4809455731670372,-0.6143147031106815,-0x1.3a8774ee9fe94p-1,1.2864538896350803,0x1.49550ac7cb6f1p+0,-2.0941284379503107,-0.31755530091116335,-0x1.452d378056ec4p-2,-1.1555636232902353,-0x1.27d304827a944p+0,3.638936651268518,-0.36868135127217866,-0x1.79879aa96fb6bp-2,-0.9221881952324572,-0x1.d8290d168fb39p-1,2.501315002916035,-0.9999999969816495,-0x1.ffffffe61293cp-1,-0.14869055920600036,-0x1.3084ad081c1afp-3,0.14869055965480057,-0.7808853256458386,-0x1.8fd0338f267eep-1,-0.0089848272883823,-0x1.266a31ae91565p-7,0.011505949712848443,-1.2316094892410674
H593-3a88599950984808ec05d372,OUTCOME-0015,29,1567,/hkfs/work/workspace/scratch/ap7811-benchmark/dailymed/data/box_flat_20000_images/data/raw_images/otc/BChemoroint.carton.jpg,14,403.3047790527344,0x1.934e060000000p+8,False,False,False,CHALLENGER,28,-4.483752818566215,-0x1.1ef5ce61c5bdep+2,-4.483752818566215,-0x1.1ef5ce61c5bdep+2,0.0009205393430983725,0.021879212360625698,0.042073696617845116,0.0008942514420744501,0.000905049697549298,2.628790102392241e-05,1.5489645549074523e-05,-1.2316094892410674,0.0,-2.5141449507153224,-1.9696078678508924,False,33,-5.227504089827925,-0x1.4e8f6d5061199p+2,-2.5141449507153224,-0x1.41cf80725ce86p+1,0.4809455731670372,-0.5758604876872225,-0x1.26d72f9359b7fp-1,1.2059258235577475,0x1.34b78e059517ap+0,-2.0941284379503107,-0.2114741797819618,-0x1.b1195ff0e5464p-3,-0.7695411436055286,-0x1.8a014bf96ca38p-1,3.638936651268518,-0.414914431647896,-0x1.a8df542a43ba6p-2,-1.037831692807262,-0x1.09af567b5c08cp+0,2.501315002916035,-0.8444601468631465,-0x1.b05d14931aeaap-1,-0.12556325184325634,-0x1.01274e61f8368p-3,0.14869055965480057,-0.9549940844305113,-0x1.e8f4fc110148dp-1,-0.010988113911525203,-0x1.680efaf2864bcp-7,0.011505949712848443,-1.2316094892410674
H593-3a88599950984808ec05d372,OUTCOME-0015,30,1653,/hkfs/work/workspace/scratch/ap7811-benchmark/dailymed/data/box_flat_20000_images/data/raw_images/otc/Bacitracin Zinc Ointment USP Carton 1oz(28.4g) Rev 02-22.jpg,93,383.18426513671875,0x1.7f2f2c0000000p+8,False,False,False,CHALLENGER,29,-5.388154362668743,-0x1.58d785655d910p+2,-5.388154362668743,-0x1.58d785655d910p+2,0.0006079890463926377,0.018610710532260162,0.03266877131524548,0.0006248438460021799,0.000711768715643578,-1.6854799609542165e-05,-0.00010377966925094028,-1.2316094892410674,8.881784197001252e-16,-3.127422705690039,-2.260731656978704,False,105,-6.502654105111919,-0x1.a02b7c1fa9f94p+2,-3.127422705690039,-0x1.904f6320da704p+1,0.4809455731670372,-0.6981327462920204,-0x1.6571a7c32e898p-1,1.4619796374744691,0x1.76444c2a5eeb8p+0,-2.0941284379503107,-0.2872936227808407,-0x1.26304ca8c5b48p-2,-1.0454432936129132,-0x1.0ba22bf3e3d64p+0,3.638936651268518,-0.5139144814628627,-0x1.071fcc85a5c84p-1,-1.285462002698873,-0x1.491409add7a28p+0,2.501315002916035,-0.9999999969566783,-0x1.ffffffe5dbaa3p-1,-0.14869055920228735,-0x1.3084ad07fb720p-3,0.14869055965480057,-0.9999999987123827,-0x1.fffffff4f07fep-1,-0.011505949698033183,-0x1.7906e6d4cbef5p-7,0.011505949712848443,-1.2316094892410674
H593-3a88599950984808ec05d372,OUTCOME-0015,31,1665,/hkfs/work/workspace/scratch/ap7811-benchmark/dailymed/data/box_flat_20000_images/data/raw_images/otc/Bactimacina-Vapor-1.jpg,27,393.18890380859375,0x1.89305c0000000p+8,False,False,False,CHALLENGER,30,-4.324958815310556,-0x1.14cc200f13914p+2,-4.324958815310556,-0x1.14cc200f13914p+2,0.002109015088049669,0.029637487175104553,0.07116038804468007,0.002024180762494593,0.002097110693851545,8.483432555507573e-05,1.1904394198123877e-05,-1.2316094892410674,0.0,-2.8224790859777777,-1.5024797293327778,False,26,-5.868603940757144,-0x1.779734fbaea25p+2,-2.8224790859777777,-0x1.6946fea3f5925p+1,0.4809455731670372,-0.23713749692273126,-0x1.e5a8580f81e85p-3,0.4965963760102458,0x1.fc83c2a91ac07p-2,-2.0941284379503107,-0.0628794492316197,-0x1.018de1a0a5108p-4,-0.22881433242051896,-0x1.d49c9bd4d14f0p-3,3.638936651268518,-0.1768957536170247,-0x1.6a485224b0efcp-3,-0.4424720024744023,-0x1.c517617017beep-2,2.501315002916035,-0.5721573202834594,-0x1.24f1cde591a43p-1,-0.08507439216353857,-0x1.5c76f7411c93cp-4,0.14869055965480057,-0.9652301044819213,-0x1.ee32a3e7baa1bp-1,-0.011105889043496435,-0x1.6beaf31e0ea4fp-7,0.011505949712848443,-1.2316094892410674
H593-3a88599950984808ec05d372,OUTCOME-0015,32,1707,/hkfs/work/workspace/scratch/ap7811-benchmark/dailymed/data/box_flat_20000_images/data/raw_images/otc/BedSoreWoundHealingCream.jpg,71,384.84283447265625,0x1.80d7c40000000p+8,False,False,False,CHALLENGER,31,-3.968111987838412,-0x1.fbeb17f750d5fp+1,-3.968111987838412,-0x1.fbeb17f750d5fp+1,0.006170770024448963,0.04701630445525235,0.13124744906997055,0.005750347424386882,0.005750678106366137,0.0004204226000620809,0.00042009191808282595,-1.2316094892410674,4.440892098500626e-16,-3.076869142144925,-0.8912428456934869,False,15,-6.397541247513048,-0x1.997150d8384b1p+2,-3.076869142144925,-0x1.89d6d919cac17p+1,0.4809455731670372,0.28678759019430206,0x1.25aba56321f95p-2,-0.6005700482771276,-0x1.337dead89d641p-1,-2.0941284379503107,0.16620830271979015,0x1.546504c40a94cp-3,0.6048214845121772,0x1.35ab295fcbc2fp-1,3.638936651268518,0.12661455760393905,0x1.034e7e40d9f61p-3,0.31670289252230927,0x1.444dc357ba499p-2,2.501315002916035,0.14845068107663387,0x1.3006e92258345p-3,0.022073214850421,0x1.69a5c5f99be3bp-6,0.14869055965480057,-0.23126296625721846,-0x1.d9a065e6ce3e5p-3,-0.002660900060199722,-0x1.5cc4fd7914332p-9,0.011505949712848443,-1.2316094892410674
H593-3a88599950984808ec05d372,OUTCOME-0015,33,1717,/hkfs/work/workspace/scratch/ap7811-benchmark/dailymed/data/box_flat_20000_images/data/raw_images/otc/Bengama Antifungal liquid.jpg,38,389.48309326171875,0x1.857bac0000000p+8,False,False,False,CHALLENGER,32,-4.984275450519298,-0x1.3efe5e758f1b7p+2,-4.984275450519298,-0x1.3efe5e758f1b7p+2,0.0009155141788965885,0.018928937635862047,0.04836585108517078,0.0008673890135227018,0.0010366760854736323,4.812516537388667e-05,-0.00012116190657704385,-1.2316094892410674,0.0,-2.935433018567944,-2.048842431951354,False,74,-6.1034619764520395,-0x1.869f1efb4f6d1p+2,-2.935433018567944,-0x1.77bc44e72c875p+1,0.4809455731670372,-0.5776869363466753,-0x1.27c69505deed5p-1,1.2097506416359638,0x1.35b237d224381p+0,-2.0941284379503107,-0.2794972210733622,-0x1.1e3484ff54f6dp-2,-1.0170726816915574,-0x1.045ee011852f9p+0,3.638936651268518,-0.35560663618277827,-0x1.6c2425629518fp-2,-0.8894842142204874,-0x1.c76a7994c53fbp-1,2.501315002916035,-0.7325329798254702,-0x1.770e900f2f035p-1,-0.1089207387358479,-0x1.be23ac2ba043cp-4,0.14869055965480057,-0.9999999987405708,-0x1.fffffff52e7c6p-1,-0.011505949698357514,-0x1.7906e6d4f9949p-7,0.011505949712848443,-1.2316094892410674
H593-3a88599950984808ec05d372,OUTCOME-0015,34,1765,/hkfs/work/workspace/scratch/ap7811-benchmark/dailymed/data/box_flat_20000_images/data/raw_images/otc/Blaine_Tineacide_Sol.jpg,45,388.0771789550781,0x1.8413c20000000p+8,False,False,False,CHALLENGER,33,-5.1367244028768475,-0x1.48c017b5baf4cp+2,-5.1367244028768475,-0x1.48c017b5baf4cp+2,0.0009234650933572122,0.01395963486988485,0.06615252490230997,0.0008529299300097005,0.0005311528661405523,7.053516334751167e-05,0.0003923122272166599,-1.2316094892410674,0.0,-2.978285600428544,-2.1584388024483037,False,90,-6.192562665285529,-0x1.8c52f25b753e8p+2,-2.978285600428544,-0x1.7d387669fe814p+1,0.4809455731670372,-0.5747990395590187,-0x1.264c0f495b3c7p-1,1.2037030148470667,0x1.3425e17add608p+0,-2.0941284379503107,-0.41314495330412865,-0x1.a70f787bcb72bp-2,-1.5034083128650142,-0x1.80df5e004a2e8p+0,3.638936651268518,-0.2119984980552851,-0x1.b22c44bf96ab6p-3,-0.5302750237813505,-0x1.0f80353a0d946p-1,2.501315002916035,-0.6309655177396472,-0x1.430de98f30e46p-1,-0.09381861595558913,-0x1.8047f2f49056ep-4,0.14869055965480057,-0.263374647723788,-0x1.0db2156a46d9dp-2,-0.0030303754523490784,-0x1.8d3286ecc5004p-9,0.011505949712848443,-1.2316094892410674
H593-3a88599950984808ec05d372,OUTCOME-0015,35,1813,/hkfs/work/workspace/scratch/ap7811-benchmark/dailymed/data/box_flat_20000_images/data/raw_images/otc/Box Label.jpg,74,384.6805419921875,0x1.80ae380000000p+8,False,False,False,CHALLENGER,34,-4.92474637392086,-0x1.3b2f0b6a456b7p+2,-4.92474637392086,-0x1.3b2f0b6a456b7p+2,0.0012123060433549332,0.023017853012404017,0.05266807650138514,0.001186801673151821,0.001061109031054814,2.5504370203112067e-05,0.0001511970123001191,-1.2316094892410674,0.0,-3.081815853172615,-1.8429305207482454,False,66,-6.40782663385129,-0x1.9a19d4e1b50f4p+2,-3.081815853172615,-0x1.8a78f11ed5da2p+1,0.4809455731670372,-0.4766088732525095,-0x1.e80c280e69687p-2,0.9980801952575353,0x1.ff045e0ad5338p-1,-2.0941284379503107,-0.18711659072534115,-0x1.7f36fbada2860p-3,-0.6809054200508547,-0x1.5c9fa29d933b9p-1,3.638936651268518,-0.31783748307650794,-0x1.4577306d06b66p-2,-0.7950116649083406,-0x1.970bc4d9708e1p-1,2.501315002916035,-0.8487455234207156,-0x1.b28ec5f36fcefp-1,-0.12620044688193285,-0x1.02756140c9b37p-3,0.14869055965480057,-0.6330372637950913,-0x1.441d75d24c697p-1,-0.007283694923585495,-0x1.dd581f7da7c02p-8,0.011505949712848443,-1.2316094892410674
H593-3a88599950984808ec05d372,OUTCOME-0015,36,1900,/hkfs/work/workspace/scratch/ap7811-benchmark/dailymed/data/box_flat_20000_images/data/raw_images/otc/Buttiezzz Daily Carton.jpg,116,381.5662841796875,0x1.7d90f80000000p+8,False,False,False,CHALLENGER,35,-4.795564129116786,-0x1.32ea85cf1b593p+2,-4.795564129116786,-0x1.32ea85cf1b593p+2,0.001478634371109016,0.03049670354848612,0.04848505572932379,0.0014954222370368523,0.0011973798196586842,-1.6787865927836258e-05,0.0002812545514503319,-1.2316094892410674,0.0,-3.176739126386935,-1.6188250027298512,False,55,-6.605194649091035,-0x1.a6bb825663da3p+2,-3.176739126386935,-0x1.969f633fe0b42p+1,0.4809455731670372,-0.3963320534512262,-0x1.95d811dfb7d97p-2,0.8299702240034553,0x1.a8f1db717f4d1p-1,-2.0941284379503107,-0.04863482788278284,-0x1.8e6aa06680220p-5,-0.17697905771079453,-0x1.6a73ff078eddep-3,3.638936651268518,-0.35453100259642895,-0x1.6b0a2cd6476d7p-2,-0.8867937157933115,-0x1.c609d36f42dcep-1,2.501315002916035,-0.9999999969560582,-0x1.ffffffe5da4d2p-1,-0.14869055920219518,-0x1.3084ad07faa27p-3,0.14869055965480057,-0.41043155096225953,-0x1.a4482b228491bp-2,-0.004722404785938151,-0x1.357cce1d343b4p-8,0.011505949712848443,-1.2316094892410674
H593-3a88599950984808ec05d372,OUTCOME-0015,37,1997,/hkfs/work/workspace/scratch/ap7811-benchmark/dailymed/data/box_flat_20000_images/data/raw_images/otc/CDMA Olopatadine 0.2_2.5ml carton.jpg,111,381.9326171875,0x1.7deec00000000p+8,False,False,False,CHALLENGER,36,-5.124084338951679,-0x1.47f0ff706f914p+2,-5.124084338951679,-0x1.47f0ff706f914p+2,0.0011631711505884895,0.01762520838552095,0.06599474599937388,0.0010774074349216567,0.0008944472265950016,8.576371566683286e-05,0.00026872392399348796,-1.2316094892410674,0.0,-3.1655732145448146,-1.9585111244068645,False,89,-6.581978068119944,-0x1.a53f20f0641f7p+2,-3.1655732145448146,-0x1.953180cac8231p+1,0.4809455731670372,-0.4924384952656321,-0x1.f841cc01d4512p-2,1.0312294568772196,0x1.07fea757f5a1dp+0,-2.0941284379503107,-0.31205224064706716,-0x1.3f8a9f60e4050p-2,-1.1355383356010762,-0x1.22b2a3eec2ca0p+0,3.638936651268518,-0.2131385114296674,-0x1.b481f6c0de4c2p-3,-0.5331265563382178,-0x1.10f5f6c834183p-1,2.501315002916035,-0.5684814520860064,-0x1.2310003a2f192p-1,-0.084527825264042,-0x1.5a39d951c6e9fp-4,0.14869055965480057,-0.42920184451754284,-0x1.b780b03657c7ep-2,-0.004938374839680644,-0x1.43a42e6e8b995p-8,0.011505949712848443,-1.2316094892410674
H593-3a88599950984808ec05d372,OUTCOME-0015,38,2164,/hkfs/work/workspace/scratch/ap7811-benchmark/dailymed/data/box_flat_20000_images/data/raw_images/otc/CVS ANTIBIOTIC CARTON IMAGE 2 OF 2.jpg,64,385.596435546875,0x1.8198b00000000p+8,False,False,False,CHALLENGER,37,-5.516148332029621,-0x1.610893037cf06p+2,-5.516148332029621,-0x1.610893037cf06p+2,0.0005313218283038086,0.014378083672387857,0.03695359134153437,0.0005030908223252581,0.0005027334742617308,2.8231005978550535e-05,2.8588354042077845e-05,-1.2316094892410674,-8.881784197001252e-16,-3.053899213202129,-2.4622491188274918,False,112,-6.349781313282781,-0x1.9662d129534b6p+2,-3.053899213202129,-0x1.86e62b5efddc0p+1,0.4809455731670372,-0.7310798357542408,-0x1.765018a2a8b65p-1,1.5309750744649981,0x1.87edfb83d17e3p+0,-2.0941284379503107,-0.4008237643136265,-0x1.9a718b7cbf1dfp-2,-1.4585722866602697,-0x1.7564fe4e0ecbbp+0,3.638936651268518,-0.4671457352956973,-0x1.de5b739e3e5abp-2,-1.1684786362433703,-0x1.2b216a78bd6dcp+0,2.501315002916035,-0.8339179304920067,-0x1.aaf74a7e05b81p-1,-0.12399572379102956,-0x1.fbe2f0a86bcfbp-4,0.14869055965480057,-0.9184863153843835,-0x1.d643d69ccc873p-1,-0.010568057356752172,-0x1.5a4b4a5d6058ep-7,0.011505949712848443,-1.2316094892410674
H593-3a88599950984808ec05d372,OUTCOME-0015,39,2176,/hkfs/work/workspace/scratch/ap7811-benchmark/dailymed/data/box_flat_20000_images/data/raw_images/otc/CVS Clotrimazole 3 Day.jpg,3,468.5884704589844,0x1.d496a60000000p+8,False,False,False,CHALLENGER,38,-2.3675383028409147,-0x1.2f0b7ebf5d524p+1,-2.3675383028409147,-0x1.2f0b7ebf5d524p+1,0.0012819142974997437,0.01954760131549696,0.06557911003041927,0.0011346934429645726,0.0011224833114229912,0.00014722085453517113,0.0001594309860767525,-1.2316094892410674,0.0,-0.5242834656059217,-1.843254837234993,False,3,-1.0901097647151703,-0x1.17116efc807d4p+0,-0.5242834656059217,-0x1.0c6ee1e538d1ap-1,0.4809455731670372,-0.454749730992779,-0x1.d1a9e9d9ea463p-2,0.9523043438222323,0x1.e7946f591c46cp-1,-2.0941284379503107,-0.2646073903675808,-0x1.0ef53d5fa2791p-2,-0.962889531005106,-0x1.ecffdb4aa7c96p-1,3.638936651268518,-0.21615193299090643,-0x1.baaddd594e155p-3,-0.5406640728994557,-0x1.14d1ebde735d7p-1,2.501315002916035,-0.3584510294687371,-0x1.6f0dc963249dcp-2,-0.05329828418054593,-0x1.b49e9a6fa0a2ep-5,0.14869055965480057,-0.616881170888865,-0x1.3bd7d94cf8c2fp-1,-0.007097803731050348,-0x1.d12962e5f6343p-8,0.011505949712848443,-1.2316094892410674
H593-3a88599950984808ec05d372,OUTCOME-0015,40,2198,/hkfs/work/workspace/scratch/ap7811-benchmark/dailymed/data/box_flat_20000_images/data/raw_images/otc/CVS HemAway Prep H Box_Page_1.jpg,66,385.09356689453125,0x1.8117f40000000p+8,False,False,False,CHALLENGER,39,-4.730985791575824,-0x1.2ec878a12a2a6p+2,-4.730985791575824,-0x1.2ec878a12a2a6p+2,0.001963999862352907,0.02584583041316265,0.07598904082233279,0.0020784254337439557,0.0019130026208337087,-0.00011442557139104866,5.099724151919841e-05,-1.2316094892410674,0.0,-3.0692267619637468,-1.6617590296120772,False,52,-6.381650925182284,-0x1.986cf8008958fp+2,-3.0692267619637468,-0x1.88dc6c2b5235ep+1,0.4809455731670372,-0.27045791738281144,-0x1.14f2eb9869ed8p-2,0.5663736160601611,0x1.21fbb8fc975fcp-1,-2.0941284379503107,-0.1306566859309162,-0x1.0b95bb889dc11p-3,-0.4754514031672907,-0x1.e6dcbb8dc3677p-2,3.638936651268518,-0.14492237298330599,-0x1.28cd0fa360487p-3,-0.3624965058013367,-0x1.733248b552f5bp-2,2.501315002916035,-0.9999999976534585,-0x1.ffffffebd7e69p-1,-0.148690559305892,-0x1.3084ad0b8ac2fp-3,0.14869055965480057,-0.859093634453624,-0x1.b7db1ef05c354p-1,-0.0098846881566516,-0x1.43e6c62e96cdap-7,0.011505949712848443,-1.2316094892410674
H593-3a88599950984808ec05d372,OUTCOME-0015,41,2220,/hkfs/work/workspace/scratch/ap7811-benchmark/dailymed/data/box_flat_20000_images/data/raw_images/otc/CVS Regular Strength Itch Relief Cream 21-261-51v3.3 69842-621-01.jpg,112,381.86859130859375,0x1.7dde5c0000000p+8,False,False,False,CHALLENGER,40,-3.4643469109506073,-0x1.bb6fb8364407ap+1,-3.4643469109506073,-0x1.bb6fb8364407ap+1,0.014732328191669565,0.08347200732980412,0.17649423636670242,0.014367360502167772,0.012236351002690602,0.00036496768950179323,0.0024959771889789626,-1.2316094892410674,-4.440892098500626e-16,-3.1675247376241855,-0.2968221733264218,False,8,-6.58603574779983,-0x1.a5819c14c5944p+2,-3.1675247376241855,-0x1.9571735aaef53p+1,0.4809455731670372,0.6231710277915727,0x1.3f1045e05be90p-1,-1.3050001710050558,-0x1.4e147dbfbdba3p+0,-2.0941284379503107,0.4258146171657563,0x1.b408bf3b8af0ap-2,1.5495124170503431,0x1.8cacd883fa25ap+0,3.638936651268518,0.26864199717979215,0x1.1316e340e0987p-2,0.6719582579591412,0x1.580ae9ac6c5c8p-1,2.501315002916035,0.07866716322922683,0x1.42387fd56afffp-4,0.011697064527009287,0x1.7f4a16cd257d6p-7,0.14869055965480057,0.575332549543123,0x1.2691fce93959cp-1,0.006619747383208059,0x1.b1d4ee84c6ea1p-8,0.011505949712848443,-1.2316094892410674
H593-3a88599950984808ec05d372,OUTCOME-0015,42,2352,/hkfs/work/workspace/scratch/ap7811-benchmark/dailymed/data/box_flat_20000_images/data/raw_images/otc/Carton 15 mL Blue.jpg,124,381.0645446777344,0x1.7d10860000000p+8,False,False,False,CHALLENGER,41,-5.493077695104532,-0x1.5f8e95bfb71b0p+2,-5.493077695104532,-0x1.5f8e95bfb71b0p+2,0.0005694262123120947,0.018242494093039203,0.03121427417807804,0.0005818530339793922,0.0007244927754640219,-1.2426821667297521e-05,-0.00015506656315192715,-1.2316094892410674,8.881784197001252e-16,-3.192032258392625,-2.301045436711907,False,108,-6.636992700386079,-0x1.a8c47d07fcbb6p+2,-3.192032258392625,-0x1.98948356c9636p+1,0.4809455731670372,-0.7145465210659283,-0x1.6dd90aa6e5c0ep-1,1.4963521900026213,0x1.7f10efe75bf6fp+0,-2.0941284379503107,-0.2964341518027813,-0x1.2f8c6f2da44bcp-2,-1.0787050996828365,-0x1.142604752a8c4p+0,3.638936651268518,-0.5304755807839808,-0x1.0f9a7ecd966d7p-1,-1.3268865288955682,-0x1.53aed5e71c034p+0,2.501315002916035,-0.999999996915107,-0x1.ffffffe5803fap-1,-0.1486905591961061,-0x1.3084ad07c5131p-3,0.14869055965480057,-0.9999999987921467,-0x1.fffffff59fe71p-1,-0.011505949698950944,-0x1.7906e6d54d192p-7,0.011505949712848443,-1.2316094892410674
H593-3a88599950984808ec05d372,OUTCOME-0015,43,2353,/hkfs/work/workspace/scratch/ap7811-benchmark/dailymed/data/box_flat_20000_images/data/raw_images/otc/Carton 15 mL Red.jpg,128,380.83905029296875,0x1.7cd6cc0000000p+8,False,False,False,CHALLENGER,42,-5.868012427414008,-0x1.778d83ff10f18p+2,-5.868012427414008,-0x1.778d83ff10f18p+2,0.0003712139351147057,0.014013063882000965,0.026490561824349508,0.00036677025974012913,0.0004640271256862565,4.4436753745765475e-06,-9.28131905715508e-05,-1.2316094892410674,0.0,-3.1989053775696847,-2.6691070498443237,False,118,-6.651283546503656,-0x1.a9aea12f29fd8p+2,-3.1989053775696847,-0x1.9975bb3dd485ap+1,0.4809455731670372,-0.8041817486107249,-0x1.9bbdb5cca574dp-1,1.6840598690463267,0x1.af1e8c2e0f5d3p+0,-2.0941284379503107,-0.4115596835303957,-0x1.a56fe6d475ec5p-2,-1.497639616583229,-0x1.7f654f566b403p+0,3.638936651268518,-0.5868516402465888,-0x1.2c77d174ed15bp-1,-1.467900812234676,-0x1.77c858fe51dc7p+0,2.501315002916035,-0.971891231490106,-0x1.f19bba3d09d0cp-1,-0.1445110511338572,-0x1.27f568f43e770p-3,0.14869055965480057,-0.9999999986939403,-0x1.fffffff4c7f1cp-1,-0.011505949697820986,-0x1.7906e6d4ae122p-7,0.011505949712848443,-1.2316094892410674
H593-3a88599950984808ec05d372,OUTCOME-0015,44,2368,/hkfs/work/workspace/scratch/ap7811-benchmark/dailymed/data/box_flat_20000_images/data/raw_images/otc/Carton Artwork_Lipoflavonoid Ear Pain Relief Drops.jpg,90,383.29779052734375,0x1.7f4c3c0000000p+8,False,False,False,CHALLENGER,43,-5.2251915245209615,-0x1.4e6989b649d9bp+2,-5.2251915245209615,-0x1.4e6989b649d9bp+2,0.0008300366414677751,0.01962912599414219,0.042285970435743205,0.0008270305537013026,0.0008329867297914228,3.006087766472534e-06,-2.9500883236477024e-06,-1.2316094892410674,0.0,-3.1239624264453965,-2.101229098075565,False,98,-6.495459363258165,-0x1.9fb59b306c362p+2,-3.1239624264453965,-0x1.8fde0033c2053p+1,0.4809455731670372,-0.6094161867438173,-0x1.380565ff6f798p-1,1.2761957672074649,0x1.46b4c40b731efp+0,-2.0941284379503107,-0.26267107932780537,-0x1.0cf9a5bd45939p-2,-0.9558434177942113,-0x1.e9644ef70bc6fp-1,3.638936651268518,-0.41282914963521133,-0x1.a6bcaf42132c2p-2,-1.032615745623623,-0x1.08598168c9c1fp+0,2.501315002916035,-0.9808979350599745,-0x1.f638410f97d1cp-1,-0.14585026292830583,-0x1.2ab38aeb1edf8p-3,0.14869055965480057,-0.9999999985202693,-0x1.fffffff34a09bp-1,-0.011505949695822736,-0x1.7906e6d394d79p-7,0.011505949712848443,-1.2316094892410674
H593-3a88599950984808ec05d372,OUTCOME-0015,45,2375,/hkfs/work/workspace/scratch/ap7811-benchmark/dailymed/data/box_flat_20000_images/data/raw_images/otc/Carton Label Zinc Oxide Ointment 30g 02-2022.jpg,122,381.1931457519531,0x1.7d31720000000p+8,False,False,False,CHALLENGER,44,-5.209535297687611,-0x1.4d6906bcbb423p+2,-5.209535297687611,-0x1.4d6906bcbb423p+2,0.0008769952747772786,0.02151769953914497,0.040756925394457244,0.0009365510950857421,0.0009600078369319441,-5.95558203084635e-05,-8.301256215466552e-05,-1.2316094892410674,0.0,-3.188112468947215,-2.021422828740396,False,96,-6.628842527759273,-0x1.a83ef4bac3d7ep+2,-3.188112468947215,-0x1.981411c30c8ebp+1,0.4809455731670372,-0.5918289011968872,-0x1.2f04329eefbdfp-1,1.2393657323972862,0x1.3d4712986def4p+0,-2.0941284379503107,-0.21941802096822824,-0x1.c15e3c41b1523p-3,-0.7984482784500899,-0x1.98ce3676fb34ep-1,3.638936651268518,-0.4279885912995923,-0x1.b642a42ac57cep-2,-1.0705342844945696,-0x1.120e88ed26a3cp+0,2.501315002916035,-0.9999999973066828,-0x1.ffffffe8dd553p-1,-0.14869055925432972,-0x1.3084ad09c5370p-3,0.14869055965480057,-0.9999999986770057,-0x1.fffffff4a2b47p-1,-0.011505949697626137,-0x1.7906e6d492a5fp-7,0.011505949712848443,-1.2316094892410674
H593-3a88599950984808ec05d372,OUTCOME-0015,46,2376,/hkfs/work/workspace/scratch/ap7811-benchmark/dailymed/data/box_flat_20000_images/data/raw_images/otc/Carton Label Zinc Oxide Ointmnet 60 g 02-2022.jpg,108,382.0592041015625,0x1.7e0f280000000p+8,False,False,False,CHALLENGER,45,-5.507338787257849,-0x1.60783d1ad0f1ep+2,-5.507338787257849,-0x1.60783d1ad0f1ep+2,0.0005419902243496112,0.01702344640633143,0.031837867104749826,0.0005156091176117495,0.0004389188157780749,2.6381106737861622e-05,0.00010307140857153624,-1.2316094892410674,-8.881784197001252e-16,-3.1617148171505196,-2.3456239701073294,False,111,-6.57395554413893,-0x1.a4bbb008dbd05p+2,-3.1617148171505196,-0x1.94b3123578554p+1,0.4809455731670372,-0.7264188153553056,-0x1.73ed2abe4cd9fp-1,1.5212142990977213,0x1.856e4ce0d5100p+0,-2.0941284379503107,-0.3276440894695821,-0x1.4f81eea3ff8aep-2,-1.1922760857423638,-0x1.3139016c10fbfp+0,3.638936651268518,-0.5233311038599968,-0x1.0bf20df01dd50p-1,-1.3090159415776197,-0x1.4f1bab3304bdfp+0,2.501315002916035,-0.8439516973362718,-0x1.b01a6fd6ed0b7p-1,-0.12548765019854913,-0x1.00ffab4d3cbc8p-3,0.14869055965480057,-0.7343246456235291,-0x1.77f96663331f2p-1,-0.008449102445449578,-0x1.14dc3557856efp-7,0.011505949712848443,-1.2316094892410674
H593-3a88599950984808ec05d372,OUTCOME-0015,47,2377,/hkfs/work/workspace/scratch/ap7811-benchmark/dailymed/data/box_flat_20000_images/data/raw_images/otc/Carton Label.jpg,6,413.0356140136719,0x1.9d091e0000000p+8,False,False,False,CHALLENGER,46,-3.635075369041428,-0x1.d14a26524397ap+1,-3.635075369041428,-0x1.d14a26524397ap+1,0.0025154097631681213,0.03570227432707759,0.0704551687694687,0.002557151221610477,0.002693796324888936,-4.174145844235578e-05,-0.00017838656172081482,-1.2316094892410674,4.440892098500626e-16,-2.217546929224279,-1.4175284398171493,False,10,-4.610806405019353,-0x1.271773bf6fb58p+2,-2.217546929224279,-0x1.1bd893e92e875p+1,0.4809455731670372,-0.15243412401585538,-0x1.382f61cb8a412p-3,0.31921663401564715,0x1.46e0b9adbee12p-2,-2.0941284379503107,0.03011556016823787,0x1.ed69d0817dc75p-6,0.10958861566968309,0x1.c0dffe050b114p-4,3.638936651268518,-0.18171549396939018,-0x1.742740be333bap-3,-0.4545276913279339,-0x1.d16fb50584f9cp-2,2.501315002916035,-0.9999999971709455,-0x1.ffffffe7b2d7ep-1,-0.14869055923414687,-0x1.3084ad0913af4p-3,0.14869055965480057,-0.9999999988252365,-0x1.fffffff5e8aafp-1,-0.011505949699331674,-0x1.7906e6d582ae6p-7,0.011505949712848443,-1.2316094892410674
H593-3a88599950984808ec05d372,OUTCOME-0015,48,2401,/hkfs/work/workspace/scratch/ap7811-benchmark/dailymed/data/box_flat_20000_images/data/raw_images/otc/Carton09.jpg,85,383.8699951171875,0x1.7fdeb80000000p+8,False,False,False,CHALLENGER,47,-5.261028592553453,-0x1.50b4b14515a1ap+2,-5.261028592553453,-0x1.50b4b14515a1ap+2,0.0006543436217559363,0.019951350297758668,0.03279695920277863,0.0006246868556760611,0.0006768179143300006,2.9656766079875184e-05,-2.2474292574064343e-05,-1.2316094892410674,0.0,-3.1065215028332878,-2.1545070897201652,False,100,-6.459195543430778,-0x1.9d6375b46043dp+2,-3.1065215028332878,-0x1.8da27f217eafep+1,0.4809455731670372,-0.6788137140224025,-0x1.5b8d789b9ae35p-1,1.4215231026049828,0x1.6be8f02432650p+0,-2.0941284379503107,-0.2550755425507051,-0x1.053285e50f16ap-2,-0.9282037406299631,-0x1.db3d854c0fa55p-1,3.638936651268518,-0.5124720863402978,-0x1.0662bdc5e3914p-1,-1.2818541181386687,-0x1.4827976ba6044p+0,2.501315002916035,-0.8262588755087914,-0x1.a70b6740ae13cp-1,-0.1228568946191484,-0x1.f738ca87a3450p-4,0.14869055965480057,-0.9999999985618192,-0x1.fffffff3a5683p-1,-0.011505949696300807,-0x1.7906e6d3d81fep-7,0.011505949712848443,-1.2316094892410674
H593-3a88599950984808ec05d372,OUTCOME-0015,49,2437,/hkfs/work/workspace/scratch/ap7811-benchmark/dailymed/data/box_flat_20000_images/data/raw_images/otc/Cherry Liquid LOD 237 0518.jpg,126,380.954345703125,0x1.7cf4500000000p+8,False,False,False,CHALLENGER,48,-5.60300270816051,-0x1.669798abbcb98p+2,-5.60300270816051,-0x1.669798abbcb98p+2,0.0005842279474094938,0.015192897980796628,0.03845401635342649,0.0005842207234467876,0.00045180847241788893,7.2239627062382905e-09,0.0001324194749916049,-1.2316094892410674,-8.881784197001252e-16,-3.1953911477346684,-2.4076115604258415,False,115,-6.643976628567236,-0x1.a936e9bfc56a6p+2,-3.1953911477346684,-0x1.990293beb9621p+1,0.4809455731670372,-0.7082089693753567,-0x1.6a9a5db466ec7p-1,1.4830805427804152,0x1.7bab2a9c93687p+0,-2.0941284379503107,-0.3774378561871451,-0x1.827f11c262726p-2,-1.3734724484556182,-0x1.5f9be3f012ecdp+0,3.638936651268518,-0.45144440322005713,-0x1.ce47710f2b665p-2,-1.1292046587568048,-0x1.21138e77d9efep+0,2.501315002916035,-0.9999536508286625,-0x1.fff9ecc7a65a7p-1,-0.14868366797057486,-0x1.3081101b1043cp-3,0.14869055965480057,-0.67111702857243,-0x1.579ca6b303badp-1,-0.007721838782190652,-0x1.fa0ef508d48ddp-8,0.011505949712848443,-1.2316094892410674
H593-3a88599950984808ec05d372,OUTCOME-0015,50,2494,/hkfs/work/workspace/scratch/ap7811-benchmark/dailymed/data/box_flat_20000_images/data/raw_images/otc/Clotrimazole Percent.jpg,95,383.16241455078125,0x1.7f29940000000p+8,False,False,False,CHALLENGER,49,-6.047687725630551,-0x1.830d50d1803eep+2,-6.047687725630551,-0x1.830d50d1803eep+2,0.00028408942491439367,0.011565635239185124,0.0245632357444475,0.00028022751574681545,0.00029972964747772187,3.861909167578214e-06,-1.5640222563328206e-05,-1.2316094892410674,8.881784197001252e-16,-3.1280887164263738,-2.9195990092041773,False,123,-6.504038899511728,-0x1.a0422c5f54241p+2,-3.1280887164263738,-0x1.9065360804d9bp+1,0.4809455731670372,-0.8466159299700929,-0x1.b177a4a6fd049p-1,1.7729224949721203,0x1.c5de3fa63f7bbp+0,-2.0941284379503107,-0.4880240902952984,-0x1.f3bc964de9f0dp-2,-1.7758887488775381,-0x1.c6a0a521c36d1p+0,3.638936651268518,-0.6110648910042641,-0x1.38dd7f5531b99p-1,-1.5284657796242174,-0x1.874988888a894p+0,2.501315002916035,-0.9755262006820733,-0x1.f3782b90a42aap-1,-0.14505153673733878,-0x1.2910c7b42bda6p-3,0.14869055965480057,-0.9999999985475435,-0x1.fffffff38603bp-1,-0.011505949696136553,-0x1.7906e6d3c1020p-7,0.011505949712848443,-1.2316094892410674
H593-3a88599950984808ec05d372,OUTCOME-0015,51,2499,/hkfs/work/workspace/scratch/ap7811-benchmark/dailymed/data/box_flat_20000_images/data/raw_images/otc/Clotrimazole percentage.jpg,5,414.92327880859375,0x1.9eec5c0000000p+8,False,False,False,CHALLENGER,50,-5.051280607523773,-0x1.43482e750ef39p+2,-5.051280607523773,-0x1.43482e750ef39p+2,0.0002584966819344587,0.012800044372311923,0.02019498326846577,0.0002530048351245117,0.0002506669237898984,5.4918468099470256e-06,7.82975814456031e-06,-1.2316094892410674,0.0,-2.1600104849561723,-2.8912701225676005,False,83,-4.491174480996791,-0x1.1f6f671720b41p+2,-2.1600104849561723,-0x1.147b393bf3b1bp+1,0.4809455731670372,-0.8594628653117715,-0x1.b80b844547f12p-1,1.7998256276116384,0x1.ccc15f51183bcp+0,-2.0941284379503107,-0.4484498462422244,-0x1.cb366fbe06bd8p-2,-1.6318805817465618,-0x1.a1c2ed0194354p+0,3.638936651268518,-0.6687770920088072,-0x1.5669f374fbce8p-1,-1.672822173848187,-0x1.ac3e12f0b39b6p+0,2.501315002916035,-0.9653757373255962,-0x1.ee45ba8854a52p-1,-0.14354225866010867,-0x1.25f97bd450286p-3,0.14869055965480057,-0.9769942476596386,-0x1.f438970c28135p-1,-0.011241246683313999,-0x1.705a696f80460p-7,0.011505949712848443,-1.2316094892410674
H593-3a88599950984808ec05d372,OUTCOME-0015,52,2501,/hkfs/work/workspace/scratch/ap7811-benchmark/dailymed/data/box_flat_20000_images/data/raw_images/otc/Clotrimazole_carton.jpg,51,386.94403076171875,0x1.82f1ac0000000p+8,False,False,False,CHALLENGER,51,-5.2226816985971425,-0x1.4e406abd391e0p+2,-5.2226816985971425,-0x1.4e406abd391e0p+2,0.0007905954819532072,0.015195346112067553,0.052028790665409524,0.0007229129255922922,0.0006869446527262625,6.768255636091503e-05,0.00010365082922694476,-1.2316094892410674,0.0,-3.0128242102760754,-2.209857488321067,False,97,-6.2643766329660995,-0x1.90eb8bf81a9fap+2,-3.0128242102760754,-0x1.81a43945ddcb7p+1,0.4809455731670372,-0.6244910708970471,-0x1.3fbd4b2c4b2dfp-1,1.30776451081155,0x1.4ec9a7acce178p+0,-2.0941284379503107,-0.3773687690773867,-0x1.826cf566e0696p-2,-1.3732210448397881,-0x1.5f8b6a15c40e1p+0,3.638936651268518,-0.3233160764755487,-0x1.4b135e9aef1f0p-2,-0.8087153527722382,-0x1.9e0ff04fdc176p-1,2.501315002916035,-0.643227790881201,-0x1.4955272b6d198p-1,-0.0956419002116468,-0x1.87bfcd1894c2bp-4,0.14869055965480057,-0.7330304997299368,-0x1.774fc60e9f090p-1,-0.008434212067876817,-0x1.145f4c7fe12e3p-7,0.011505949712848443,-1.2316094892410674
H593-3a88599950984808ec05d372,OUTCOME-0015,53,2532,/hkfs/work/workspace/scratch/ap7811-benchmark/dailymed/data/box_flat_20000_images/data/raw_images/otc/Com-Pare2_Stye_Eye_Ointment_0_125oz_Carton_r8(J)_F.jpg,60,386.1877136230469,0x1.82300e0000000p+8,False,False,False,CHALLENGER,52,-4.685516382364252,-0x1.2bdf801ac81bcp+2,-4.685516382364252,-0x1.2bdf801ac81bcp+2,0.002011530966252262,0.023373846317329333,0.0860590481747506,0.0019330119981492999,0.0019438738398074237,7.851896810296202e-05,6.765712644483815e-05,-1.2316094892410674,-8.881784197001252e-16,-3.0358769254696165,-1.6496394568946355,False,49,-6.3123086994611475,-0x1.93fcdda09c487p+2,-3.0358769254696165,-0x1.84979d76c9592p+1,0.4809455731670372,-0.2593405999698151,-0x1.0990950d94dd1p-2,0.5430925255118854,0x1.161039378d1a9p-1,-2.0941284379503107,-0.1797009749366394,-0x1.700710934c260p-3,-0.6539204639656224,-0x1.4ecea9bdd5c1ep-1,3.638936651268518,-0.08353255616552116,-0x1.56263bce1d7a2p-4,-0.20894123596874442,-0x1.abe961fa2c302p-3,2.501315002916035,-0.5975991447683611,-0x1.31f883ddcb9ccp-1,-0.0888573512848378,-0x1.6bf5af9c70e4cp-4,0.14869055965480057,-0.8172677771872691,-0x1.a270ec0e30185p-1,-0.009403441946248144,-0x1.3421c9d08219ep-7,0.011505949712848443,-1.2316094892410674
H593-3a88599950984808ec05d372,OUTCOME-0015,54,2537,/hkfs/work/workspace/scratch/ap7811-benchmark/dailymed/data/box_flat_20000_images/data/raw_images/otc/ComplimentsAllergyEyeDrops_CEDAC0051CM2.jpg,123,381.1650085449219,0x1.7d2a3e0000000p+8,False,False,False,CHALLENGER,53,-5.421416769792444,-0x1.5af87e0b0fa60p+2,-5.421416769792444,-0x1.5af87e0b0fa60p+2,0.0006820244868728031,0.017329080656628942,0.0393572227163653,0.0006459864297993463,0.0007055300695322685,3.603805707345681e-05,-2.3505582659465434e-05,-1.2316094892410674,0.0,-3.1889700972976347,-2.232446672494809,False,107,-6.630625740659585,-0x1.a85c2c1109844p+2,-3.1889700972976347,-0x1.98302c11e85b1p+1,0.4809455731670372,-0.6674854636316045,-0x1.55c0a799b4ceap-1,1.397800291309391,0x1.65d63d69835b0p+0,-2.0941284379503107,-0.3196789742610626,-0x1.4759ecceae2c0p-2,-1.1632915360785059,-0x1.29cd795f2bb8bp+0,3.638936651268518,-0.44215372342856457,-0x1.c4c3f217b8a43p-2,-1.1059657420070557,-0x1.1b2092246aab6p+0,2.501315002916035,-0.7927486926870302,-0x1.95e3281a1339ap-1,-0.11787424678124603,-0x1.e2d01b2f75158p-4,0.14869055965480057,-0.9999999985639492,-0x1.fffffff3aa174p-1,-0.011505949696325315,-0x1.7906e6d3db92ep-7,0.011505949712848443,-1.2316094892410674
H593-3a88599950984808ec05d372,OUTCOME-0015,55,2549,/hkfs/work/workspace/scratch/ap7811-benchmark/dailymed/data/box_flat_20000_images/data/raw_images/otc/Cornea Care Recover Lub Eye Drops 10mL.jpg,125,381.0283203125,0x1.7d07400000000p+8,False,False,False,CHALLENGER,54,-5.724667720550331,-0x1.6e60f4b80ec12p+2,-5.724667720550331,-0x1.6e60f4b80ec12p+2,0.0004278612097376702,0.015539393744918547,0.027533970550014716,0.0004218219517404018,0.0004223568706461481,6.039257997268407e-06,5.504339091522094e-06,-1.2316094892410674,8.881784197001252e-16,-3.1931363851300953,-2.5315313354202353,False,116,-6.639288441939952,-0x1.a8ea1a11b5f1ep+2,-3.1931363851300953,-0x1.98b8b16ce694fp+1,0.4809455731670372,-0.777622399041649,-0x1.8e2485e90ab93p-1,1.6284411798202616,0x1.a0e1856ac9a55p+0,-2.0941284379503107,-0.36772806745041076,-0x1.788db4de154bap-2,-1.3381391423454414,-0x1.5690496ddf045p+0,3.638936651268518,-0.5740443779272053,-0x1.25e9250b4cce4p-1,-1.435865814848921,-0x1.6f94e6ec38732p+0,2.501315002916035,-0.9619900834194903,-0x1.ec89f6d6b9de2p-1,-0.14303884388601232,-0x1.24f18ca46273dp-3,0.14869055965480057,-0.98377145751084,-0x1.f7b0e4797e9fap-1,-0.011319224919055345,-0x1.72e88a6bf4e3ep-7,0.011505949712848443,-1.2316094892410674
H593-3a88599950984808ec05d372,OUTCOME-0015,56,2553,/hkfs/work/workspace/scratch/ap7811-benchmark/dailymed/data/box_flat_20000_images/data/raw_images/otc/CottontailsDiaperRash.jpg,56,386.47918701171875,0x1.827aac0000000p+8,False,False,False,CHALLENGER,55,-5.041693151963627,-0x1.42ab19c109a8fp+2,-5.041693151963627,-0x1.42ab19c109a8fp+2,0.000993502823604186,0.017551840905851403,0.056603910036181655,0.0008869186611173961,0.0007857812418721886,0.00010658416248678993,0.00020772158173199744,-1.2316094892410674,-8.881784197001252e-16,-3.0269927515272563,-2.0147004004363707,False,82,-6.293836393158674,-0x1.92ce3728bf6e4p+2,-3.0269927515272563,-0x1.83747f9c84f18p+1,0.4809455731670372,-0.5498097330349216,-0x1.1980a94cd0a12p-1,1.1513721974102977,0x1.26c0540d66a06p+0,-2.0941284379503107,-0.31393358467134785,-0x1.4177ce3d1e319p-2,-1.1423844273246764,-0x1.24734e4ad1b56p+0,3.638936651268518,-0.28508244477758604,-0x1.23eca703ef0fap-2,-0.713080996190158,-0x1.6d18f3cc12583p-1,2.501315002916035,-0.49041522253260206,-0x1.f62f6878f3cd6p-2,-0.07292011390160616,-0x1.2aae4806d90fap-4,0.14869055965480057,-0.5282111725530207,-0x1.0e71b1defe7bap-1,-0.006077571189159769,-0x1.8e4cb97f1e199p-8,0.011505949712848443,-1.2316094892410674
H593-3a88599950984808ec05d372,OUTCOME-0015,57,2585,/hkfs/work/workspace/scratch/ap7811-benchmark/dailymed/data/box_flat_20000_images/data/raw_images/otc/Crown Panoxyl PB free Carton.jpg,46,388.0078125,0x1.8402000000000p+8,False,False,False,CHALLENGER,56,-4.715938603025392,-0x1.2dd1f0257c07fp+2,-4.715938603025392,-0x1.2dd1f0257c07fp+2,0.0016873494419073645,0.024080408090158892,0.07007146372228407,0.0016817448749203827,0.0015860070661598254,5.6045669869818696e-06,0.00010134237574753913,-1.2316094892410674,0.0,-2.9803999054616277,-1.735538697563764,False,51,-6.196958807283803,-0x1.8c9af91cfc5bcp+2,-2.9803999054616277,-0x1.7d7dbe7d7ac68p+1,0.4809455731670372,-0.3392722838011367,-0x1.5b6a318d75e02p-2,0.7104797377163089,0x1.6bc4000beca61p-1,-2.0941284379503107,-0.16525380825208827,-0x1.527096afdb7e1p-3,-0.6013481396102238,-0x1.33e3e74245d02p-1,3.638936651268518,-0.1843545019275462,-0x1.798eda6531854p-3,-0.4611286815264844,-0x1.d8321df99d8adp-2,2.501315002916035,-0.9646776254182805,-0x1.edea39c8b57aep-1,-0.1434384560099082,-0x1.25c30fac690afp-3,0.14869055965480057,-0.7381979849003625,-0x1.79f516163d857p-1,-0.008493668892389625,-0x1.16520f0ed4b25p-7,0.011505949712848443,-1.2316094892410674
H593-3a88599950984808ec05d372,OUTCOME-0015,58,2602,/hkfs/work/workspace/scratch/ap7811-benchmark/dailymed/data/box_flat_20000_images/data/raw_images/otc/D3310B.jpg,77,384.38525390625,0x1.8062a00000000p+8,False,False,False,CHALLENGER,57,-2.9988277328668644,-0x1.7fd9964f80210p+1,-2.9988277328668644,-0x1.7fd9964f80210p+1,0.025272185463920526,0.1065701425311747,0.2371413311803324,0.024875703282618622,0.022020616373530588,0.00039648218130190413,0.003251569090389938,-1.2316094892410674,0.0,-3.090816299939056,0.09198856707219161,False,4,-6.426540698952612,-0x1.9b4c715c1a866p+2,-3.090816299939056,-0x1.8b9fde57174aep+1,0.4809455731670372,0.7615953394410915,0x1.85efd3075efacp-1,-1.5948784585340094,-0x1.9849f4647f9b4p+0,-2.0941284379503107,0.5204226099371062,0x1.0a74d5138ec39p-1,1.8937849094489554,0x1.e4cf167bbdd88p+0,3.638936651268518,0.39952506014861233,0x1.991d18ed15386p-2,0.9993380269906553,0x1.ffa93bdf25e74p-1,2.501315002916035,0.11966503414383063,0x1.ea25e201f5a95p-4,0.017793060897956996,0x1.238581a9c1eebp-6,0.14869055965480057,0.6570963456634976,0x1.506eeea5e4445p-1,0.007560517509700682,0x1.ef7c6f71eb81ap-8,0.011505949712848443,-1.2316094892410674
H593-3a88599950984808ec05d372,OUTCOME-0015,59,2604,/hkfs/work/workspace/scratch/ap7811-benchmark/dailymed/data/box_flat_20000_images/data/raw_images/otc/D60012.jpg,121,381.33026123046875,0x1.7d548c0000000p+8,False,False,False,CHALLENGER,58,-4.247709514838535,-0x1.0fda790248ee2p+2,-4.247709514838535,-0x1.0fda790248ee2p+2,0.005372144499449866,0.05024135390879272,0.10692674622587528,0.005367501914068006,0.005186656703258452,4.64258538185932e-06,0.00018548779619141382,-1.2316094892410674,8.881784197001252e-16,-3.183933158558457,-1.0637763562800777,False,22,-6.620152749493435,-0x1.a7b0952866528p+2,-3.183933158558457,-0x1.978b1f2a544b9p+1,0.4809455731670372,0.222005131610601,0x1.c6aaa05e7e605p-3,-0.464907259476661,-0x1.dc10a60c80404p-2,-2.0941284379503107,0.19827537034227666,0x1.961165b9c7682p-3,0.7215115121823494,0x1.7169f4f9057a0p-1,3.638936651268518,0.02482239729079392,0x1.96b0ae24a037ap-6,0.06208863475180517,0x1.fca14df6cb193p-5,2.501315002916035,-0.9706514763832812,-0x1.f0f93af5c2b7ep-1,-0.14432671125318852,-0x1.2794c3462c668p-3,0.14869055965480057,-0.5677969577792203,-0x1.22b64868dc2ecp-1,-0.00653304324331604,-0x1.ac264712ca174p-8,0.011505949712848443,-1.2316094892410674
H593-3a88599950984808ec05d372,OUTCOME-0015,60,2615,/hkfs/work/workspace/scratch/ap7811-benchmark/dailymed/data/box_flat_20000_images/data/raw_images/otc/DB Antifungal Pro.jpg,28,393.17694091796875,0x1.892d4c0000000p+8,False,False,False,CHALLENGER,59,-4.656237904331473,-0x1.29ffcd445ff3cp+2,-4.656237904331473,-0x1.29ffcd445ff3cp+2,0.0013444552094563193,0.022017941587399902,0.06106180289921852,0.0013123588481488671,0.0012821746625953337,3.209636130745218e-05,6.228054686098559e-05,-1.2316094892410674,0.0,-2.822843717554095,-1.8333941867773778,False,45,-5.8693620963503355,-0x1.77a3a0eb0d3a7p+2,-2.822843717554095,-0x1.6952f1644e944p+1,0.4809455731670372,-0.43565466786817447,-0x1.be1c41db5fcbfp-2,0.9123168291085416,0x1.d31b310139249p-1,-2.0941284379503107,-0.20845317070058209,-0x1.aae97ef74085fp-3,-0.7585478829354809,-0x1.8460635b50dbdp-1,3.638936651268518,-0.24989539710590994,-0x1.ffc9286fed311p-3,-0.6250671059406728,-0x1.4008cbb3a4201p-1,2.501315002916035,-0.8133009198243294,-0x1.a068fa68e7887p-1,-0.12093016893644364,-0x1.ef54790ae892bp-4,0.14869055965480057,-0.8305588908999799,-0x1.a93f03d3a2884p-1,-0.009556368832254346,-0x1.3924a1cd309d9p-7,0.011505949712848443,-1.2316094892410674
H593-3a88599950984808ec05d372,OUTCOME-0015,61,2616,/hkfs/work/workspace/scratch/ap7811-benchmark/dailymed/data/box_flat_20000_images/data/raw_images/otc/DB Antifungal.jpg,19,396.5387268066406,0x1.8c89ea0000000p+8,False,False,False,CHALLENGER,60,-4.608238709800215,-0x1.26ed620db033cp+2,-4.608238709800215,-0x1.26ed620db033cp+2,0.0010492772490598202,0.023878790857738665,0.043941808247789454,0.0010707012925296364,0.0009942479799903057,-2.142404346981621e-05,5.502926906951456e-05,-1.2316094892410674,0.0,-2.720375733330825,-1.88786297646939,False,41,-5.65630683617086,-0x1.6a00ee635faf5p+2,-2.720375733330825,-0x1.5c3545a3be73ep+1,0.4809455731670372,-0.5304697163002156,-0x1.0f99ba060e3efp-1,1.1108717183757149,0x1.1c6216c4799acp+0,-2.0941284379503107,-0.16934009744643438,-0x1.5acefb23789abp-3,-0.6162178871272125,-0x1.3b80e930d7db9p-1,3.638936651268518,-0.39677152292730233,-0x1.964b462bd3d7cp-2,-0.9924505630279049,-0x1.fc227aee3409fp-1,2.501315002916035,-0.9999999969984174,-0x1.ffffffe637733p-1,-0.14869055920849358,-0x1.3084ad0832093p-3,0.14869055965480057,-0.8487953175669144,-0x1.b2954cc3e54a3p-1,-0.009766196240426142,-0x1.4004cababed28p-7,0.011505949712848443,-1.2316094892410674
H593-3a88599950984808ec05d372,OUTCOME-0015,62,2618,/hkfs/work/workspace/scratch/ap7811-benchmark/dailymed/data/box_flat_20000_images/data/raw_images/otc/DB First Aid Pro.jpg,32,390.2400207519531,0x1.863d720000000p+8,False,False,False,CHALLENGER,61,-4.66268176224057,-0x1.2a6960c41ea64p+2,-4.66268176224057,-0x1.2a6960c41ea64p+2,0.0012951214788301014,0.02469204548037781,0.052450959555347655,0.0012259132992187864,0.0012889890795328386,6.920817961131504e-05,6.132399297262845e-06,-1.2316094892410674,8.881784197001252e-16,-2.91236169972255,-1.7503200625180204,False,46,-6.055491228549177,-0x1.838d2b14f5595p+2,-2.91236169972255,-0x1.74c844a73735ap+1,0.4809455731670372,-0.450675110156717,-0x1.cd7dc6acfa290p-2,0.94377156445557,0x1.e33606c8767dep-1,-2.0941284379503107,-0.15303031435128217,-0x1.3967f51b7b9c2p-3,-0.5568676196480233,-0x1.1d1dc0ad2de3ap-1,3.638936651268518,-0.3196930518300905,-0x1.475d9d8979851p-2,-0.7996530268706189,-0x1.996c1f1d1d0a1p-1,2.501315002916035,-0.6366468718338895,-0x1.45f6942b41281p-1,-0.09466337967545911,-0x1.83bdbf7d5bdd7p-4,0.14869055965480057,-0.9819364607343837,-0x1.f6c0603335554p-1,-0.011298111538422199,-0x1.72376dc833e42p-7,0.011505949712848443,-1.2316094892410674
H593-3a88599950984808ec05d372,OUTCOME-0015,63,2620,/hkfs/work/workspace/scratch/ap7811-benchmark/dailymed/data/box_flat_20000_images/data/raw_images/otc/DB Itch Relief Pro.jpg,70,384.8951721191406,0x1.80e52a0000000p+8,False,False,False,CHALLENGER,62,-4.6041190549604245,-0x1.26a9e2f7fc824p+2,-4.6041190549604245,-0x1.26a9e2f7fc824p+2,0.0020476721321584248,0.0315149047281441,0.0649747206860432,0.002107626595550154,0.0017932232389388067,-5.995446339172915e-05,0.00025444889321961806,-1.2316094892410674,0.0,-3.075273878998537,-1.5288451759618873,False,40,-6.394224316792836,-0x1.993af8a0fa717p+2,-3.075273878998537,-0x1.89a2931045590p+1,0.4809455731670372,-0.2510166955458699,-0x1.010a85487a5e4p-2,0.5256612005429213,0x1.0d23770237448p-1,-2.0941284379503107,-0.032241048880880016,-0x1.081e6151071a6p-5,-0.11732313444797413,-0x1.e08e39184acaep-4,3.638936651268518,-0.22056065324063884,-0x1.c3b54dc39f9f2p-3,-0.5516916710037711,-0x1.1a7754a8dfa2cp-1,2.501315002916035,-0.9999999973095715,-0x1.ffffffe8e3af6p-1,-0.14869055925475924,-0x1.3084ad09c8fe3p-3,0.14869055965480057,-0.4512033067065907,-0x1.ce083d589b826p-2,-0.005191522557236965,-0x1.543b4b998b1ecp-8,0.011505949712848443,-1.2316094892410674
H593-3a88599950984808ec05d372,OUTCOME-0015,64,2721,/hkfs/work/workspace/scratch/ap7811-benchmark/dailymed/data/box_flat_20000_images/data/raw_images/otc/Equate Eye Ointment Nighttime Relief Lubricant 3.5g.jpg,43,388.3869323730469,0x1.84630e0000000p+8,False,False,False,CHALLENGER,63,-5.503227954801147,-0x1.6034e30613730p+2,-5.503227954801147,-0x1.6034e30613730p+2,0.0004579046952136184,0.014703217655943478,0.031143162396736996,0.00044590190958609125,0.00047012037361130306,1.200278562752717e-05,-1.2215678397684644e-05,-1.2316094892410674,0.0,-2.968844247113189,-2.5343837076879585,False,109,-6.172931850818969,-0x1.8b1150c0ed120p+2,-2.968844247113189,-0x1.7c03169a226afp+1,0.4809455731670372,-0.7638512429510875,-0x1.87178296f7be0p-1,1.5996026102275642,0x1.997f8e81860c3p+0,-2.0941284379503107,-0.3913975528534596,-0x1.90ca8524f5cd3p-2,-1.4242709002952612,-0x1.6c9d048969a1bp+0,3.638936651268518,-0.531294564461775,-0x1.1005d755cfd08p-1,-1.3289350650559784,-0x1.543516a2ec4dap+0,2.501315002916035,-0.9258483789876446,-0x1.da08cc799cf3cp-1,-0.1376649136271628,-0x1.19f00feeaec0fp-3,0.14869055965480057,-0.9999999985402829,-0x1.fffffff3760c5p-1,-0.011505949696053012,-0x1.7906e6d3b5402p-7,0.011505949712848443,-1.2316094892410674
H593-3a88599950984808ec05d372,OUTCOME-0015,65,2798,/hkfs/work/workspace/scratch/ap7811-benchmark/dailymed/data/box_flat_20000_images/data/raw_images/otc/Hemorrhoidal tube box.jpg,11,406.800048828125,0x1.96ccd00000000p+8,False,False,False,CHALLENGER,64,-4.284377352918895,-0x1.12333d11a09f0p+2,-4.284377352918895,-0x1.12333d11a09f0p+2,0.001271884262456293,0.02064376395378887,0.061611064014460246,0.0012286235772606925,0.0011102796187550934,4.3260685195600605e-05,0.00016160464370119964,-1.2316094892410674,8.881784197001252e-16,-2.4076083478318195,-1.8767690050870756,False,23,-5.005989205759117,-0x1.4062208cb752bp+2,-2.4076083478318195,-0x1.342c82a5c1d33p+1,0.4809455731670372,-0.45785947769756424,-0x1.d4d91d6b7fac1p-2,0.9588165528315453,0x1.eaea00d28cc56p-1,-2.0941284379503107,-0.23905904430552163,-0x1.e997c9c8d7831p-3,-0.8699207181405871,-0x1.bd663f950da5dp-1,3.638936651268518,-0.24569285532639,-0x1.f72dd0d3e6d19p-3,-0.6145552251371781,-0x1.3aa6fb8319a65p-1,2.501315002916035,-0.7562738524460936,-0x1.8336538e26dc9p-1,-0.11245078237250172,-0x1.cc99310b312f8p-4,0.14869055965480057,-0.6126693756896262,-0x1.39afcce7b2036p-1,-0.00704934302728709,-0x1.cdfc59c2af0f1p-8,0.011505949712848443,-1.2316094892410674
H593-3a88599950984808ec05d372,OUTCOME-0015,66,2804,/hkfs/work/workspace/scratch/ap7811-benchmark/dailymed/data/box_flat_20000_images/data/raw_images/otc/Hydrocortisone Ointment CARTON REV 01 2022 .jpg,26,394.50140380859375,0x1.8a805c0000000p+8,False,False,False,CHALLENGER,65,-4.579882886840535,-0x1.251ccd1c9f5eep+2,-4.579882886840535,-0x1.251ccd1c9f5eep+2,0.0014731491823089852,0.02348994783841803,0.06271402526912537,0.0015371385268351289,0.0015988351354751292,-6.39893445261437e-05,-0.00012568595316614405,-1.2316094892410674,0.0,-2.782473793033267,-1.7974090938072678,False,39,-5.785423441389876,-0x1.724460ae9200bp+2,-2.782473793033267,-0x1.642819eb8708cp+1,0.4809455731670372,-0.39789726902462363,-0x1.977261b6838e4p-2,0.8332479864472296,0x1.aa9f7ae67f55fp-1,-2.0941284379503107,-0.1773024845305147,-0x1.6b1d90a477009p-3,-0.6451925093190594,-0x1.4a56ac2e4c8fep-1,3.638936651268518,-0.23733858872024835,-0x1.e611c6250edefp-3,-0.5936585727368756,-0x1.2ff40435ca32bp-1,2.501315002916035,-0.9999999973384639,-0x1.ffffffe923386p-1,-0.14869055925905528,-0x1.3084ad09eec80p-3,0.14869055965480057,-0.9999999987477061,-0x1.fffffff53e2d3p-1,-0.011505949698439611,-0x1.7906e6d505227p-7,0.011505949712848443,-1.2316094892410674
H593-3a88599950984808ec05d372,OUTCOME-0015,67,2860,/hkfs/work/workspace/scratch/ap7811-benchmark/dailymed/data/box_flat_20000_images/data/raw_images/otc/Major_EOLR.jpg,34,389.8008728027344,0x1.85cd060000000p+8,False,False,False,CHALLENGER,66,-5.066617149942238,-0x1.4443749416b27p+2,-5.066617149942238,-0x1.4443749416b27p+2,0.0007631655476828177,0.01842747649203563,0.041414544634619854,0.0007218542120820257,0.0006945046387478567,4.131133560079199e-05,6.866090893496105e-05,-1.2316094892410674,0.0,-2.9257470272307233,-2.140870122711515,False,84,-6.083322501472702,-0x1.855527e6b627ap+2,-2.9257470272307233,-0x1.767ee0eb299f7p+1,0.4809455731670372,-0.6351427082819289,-0x1.45316cd0ba3ddp-1,1.3300704075699656,0x1.547f7e85e3f0dp+0,-2.0941284379503107,-0.291826019121037,-0x1.2ad470a0fca56p-2,-1.0619363967733289,-0x1.0fdb104e92d2bp+0,3.638936651268518,-0.4214290573982859,-0x1.af8b194c7060fp-2,-1.0541268239350954,-0x1.0ddb416aa338cp+0,2.501315002916035,-0.7659711801777314,-0x1.882d5fe115714p-1,-0.11389268346007496,-0x1.d281226b6f6b7p-4,0.14869055965480057,-0.8148077391164598,-0x1.a12e7ae010d79p-1,-0.00937513687191372,-0x1.3334592154903p-7,0.011505949712848443,-1.2316094892410674
H593-3a88599950984808ec05d372,OUTCOME-0015,68,2887,/hkfs/work/workspace/scratch/ap7811-benchmark/dailymed/data/box_flat_20000_images/data/raw_images/otc/NDC _NF_Natural Foot Cream_Label_USA.jpg,106,382.10516357421875,0x1.7e1aec0000000p+8,False,False,False,CHALLENGER,67,-4.563607549644599,-0x1.241225666024ep+2,-4.563607549644599,-0x1.241225666024ep+2,0.0025407496303544606,0.03610549309961214,0.07037016842131853,0.002695761110778275,0.002327295181670609,-0.00015501148042381448,0.00021345444868385143,-1.2316094892410674,-8.881784197001252e-16,-3.160313962165995,-1.4032935874786046,False,38,-6.571042834130394,-0x1.a48bf73e4d21fp+2,-3.160313962165995,-0x1.94852afc4c2d3p+1,0.4809455731670372,-0.14753515089017058,-0x1.2e26e8c0ab6f1p-3,0.30895755507639633,0x1.3c5f5e8b9ef78p-2,-2.0941284379503107,0.03572477175317096,0x1.24a846cac8298p-5,0.13000018129081606,0x1.0a3d88f8f1ec1p-3,3.638936651268518,-0.182299086240021,-0x1.7559392beebe4p-3,-0.45598743943004866,-0x1.d2ee5f0ef4927p-2,2.501315002916035,-0.9999999978575025,-0x1.ffffffed98992p-1,-0.14869055933623143,-0x1.3084ad0c95a14p-3,0.14869055965480057,-0.5183262561811084,-0x1.09620f1de9760p-1,-0.005963835838468832,-0x1.86d88fe28b30bp-8,0.011505949712848443,-1.2316094892410674
H593-3a88599950984808ec05d372,OUTCOME-0015,69,2896,/hkfs/work/workspace/scratch/ap7811-benchmark/dailymed/data/box_flat_20000_images/data/raw_images/otc/Neosporin_1b.jpg,69,384.9684753417969,0x1.80f7ee0000000p+8,False,False,False,CHALLENGER,68,-5.189521863305121,-0x1.4c21204f31704p+2,-5.189521863305121,-0x1.4c21204f31704p+2,0.0007692456482021754,0.019981068368277455,0.03849872459389874,0.0007899178557339515,0.0006301824712673146,-2.067220753177606e-05,0.00013906317693486079,-1.2316094892410674,0.0,-3.0730395804110016,-2.116482282894119,False,94,-6.389578679714148,-0x1.98eedb6a25d50p+2,-3.0730395804110016,-0x1.89595c6896e36p+1,0.4809455731670372,-0.6327696415338155,-0x1.43fa61e89429cp-1,1.3251009010075872,0x1.5339d009ba4bep+0,-2.0941284379503107,-0.2543796221901534,-0x1.047c17784d5bap-2,-0.9256713305235876,-0x1.d9f197b6e3219p-1,3.638936651268518,-0.45098170432469875,-0x1.cdce25dcacfa2p-2,-1.1280473030680123,-0x1.20c7b54304a31p+0,2.501315002916035,-0.9999999969916283,-0x1.ffffffe628855p-1,-0.1486905592074841,-0x1.3084ad0829281p-3,0.14869055965480057,-0.6574426318853315,-0x1.509c5215e3282p-1,-0.007564501861555354,-0x1.efbf481b1d01ep-8,0.011505949712848443,-1.2316094892410674
H593-3a88599950984808ec05d372,OUTCOME-0015,70,2906,/hkfs/work/workspace/scratch/ap7811-benchmark/dailymed/data/box_flat_20000_images/data/raw_images/otc/OTC5254690C15-CROW06A.jpg,59,386.32977294921875,0x1.82546c0000000p+8,False,False,False,CHALLENGER,69,-5.148160891738696,-0x1.497b77d22416ep+2,-5.148160891738696,-0x1.497b77d22416ep+2,0.0007609388361799915,0.020181509351208295,0.03770475354136152,0.0007633536266577944,0.0007406646962541061,-2.414790477802851e-06,2.027413992588547e-05,-1.2316094892410674,-8.881784197001252e-16,-3.0315469255008503,-2.116613966237846,False,92,-6.303305601792001,-0x1.93695be618f9cp+2,-3.0315469255008503,-0x1.8409bacaa8625p+1,0.4809455731670372,-0.6360135217138452,-0x1.45a390772645cp-1,1.3318940027418906,0x1.54f7015f83d41p+0,-2.0941284379503107,-0.24970589445426722,-0x1.ff65cdd265632p-3,-0.9086639313674212,-0x1.d13c66188e440p-1,3.638936651268518,-0.45924289670996593,-0x1.d643c519288f7p-2,-1.1487111475232568,-0x1.2611ef0b29bbap+0,2.501315002916035,-0.9999999968167902,-0x1.ffffffe4a80c3p-1,-0.14869055918148733,-0x1.3084ad07447c8p-3,0.14869055965480057,-0.9414991319148711,-0x1.e20c2c9992d26p-1,-0.01083284166650297,-0x1.62f876571692ep-7,0.011505949712848443,-1.2316094892410674
H593-3a88599950984808ec05d372,OUTCOME-0015,71,2936,/hkfs/work/workspace/scratch/ap7811-benchmark/dailymed/data/box_flat_20000_images/data/raw_images/otc/PS-2045-BX-MASTER-R230123-8.jpg,7,411.2835693359375,0x1.9b48980000000p+8,False,False,False,CHALLENGER,70,-3.399929597026794,-0x1.b330e49df75d7p+1,-3.399929597026794,-0x1.b330e49df75d7p+1,0.004696091239704592,0.04018267300632739,0.11686856270027428,0.004576430673885229,0.0038732677385281975,0.00011966056581936245,0.0008228235011763941,-1.2316094892410674,0.0,-2.270949642050668,-1.128979954976126,False,7,-4.7218433202252275,-0x1.2e32ae534d04ap+2,-2.270949642050668,-0x1.22ae7a55bc3a3p+1,0.4809455731670372,0.1572013918854728,0x1.41f2cda845315p-3,-0.3291999052327398,-0x1.5119c7ab489e6p-2,-2.0941284379503107,0.08899930701119642,0x1.6c8a898fad109p-4,0.32386284022054185,0x1.4ba2b34c8c2fbp-2,3.638936651268518,0.06916982714318243,0x1.1b51d21732f60p-4,0.173015526382351,0x1.6255f6dc19711p-3,2.501315002916035,-0.4452378059375733,-0x1.c7ec6b5dc7581p-2,-0.06620265854433326,-0x1.0f2a84d5b2db7p-4,0.14869055965480057,0.10027259530200551,0x1.9ab76fd81d509p-4,0.0011537314391216785,0x1.2e719b3294812p-10,0.011505949712848443,-1.2316094892410674
H593-3a88599950984808ec05d372,OUTCOME-0015,72,2940,/hkfs/work/workspace/scratch/ap7811-benchmark/dailymed/data/box_flat_20000_images/data/raw_images/otc/PVPswabv24f.jpg,118,381.5340576171875,0x1.7d88b80000000p+8,False,False,False,CHALLENGER,71,-4.9651708776676085,-0x1.3dc55c12a8936p+2,-4.9651708776676085,-0x1.3dc55c12a8936p+2,0.000938224481318197,0.027758400717016945,0.03379965909718387,0.0009240607353010105,0.0009863209385300227,1.4163746017186482e-05,-4.809645721182577e-05,-1.2316094892410674,-8.881784197001252e-16,-3.177721399204769,-1.7874494784628396,False,71,-6.6072370274237135,-0x1.a6dcf8b16d207p+2,-3.177721399204769,-0x1.96bf9326b121cp+1,0.4809455731670372,-0.5694661320201081,-0x1.2391109a69769p-1,1.1925352215128744,0x1.3149fcffb9d55p+0,-2.0941284379503107,-0.09542205543139964,-0x1.86d946f651c24p-4,-0.34723481484869634,-0x1.639185f73b270p-2,3.638936651268518,-0.5012836438598486,-0x1.00a83ff0cba75p-1,-1.2538682991030579,-0x1.40fd834a23871p+0,2.501315002916035,-0.9130784590575026,-0x1.d37f0510ab087p-1,-0.135766147086003,-0x1.160c8fcd1b418p-3,0.14869055965480057,-0.9999999986129318,-0x1.fffffff415ce0p-1,-0.011505949696888906,-0x1.7906e6d42ae46p-7,0.011505949712848443,-1.2316094892410674
H593-3a88599950984808ec05d372,OUTCOME-0015,73,2982,/hkfs/work/workspace/scratch/ap7811-benchmark/dailymed/data/box_flat_20000_images/data/raw_images/otc/SB Liquid HLBS 812 0518.jpg,99,382.892333984375,0x1.7ee4700000000p+8,False,False,False,CHALLENGER,72,-5.337524952690069,-0x1.559a024258d1ap+2,-5.337524952690069,-0x1.559a024258d1ap+2,0.0007393932516782251,0.017261597628217665,0.04283457809661449,0.0007061093958230419,0.0007042813524588014,3.328385585518322e-05,3.5111899219423745e-05,-1.2316094892410674,-8.881784197001252e-16,-3.1363208323712892,-2.20120412031878,False,102,-6.521155422470255,-0x1.a15a9c45e923cp+2,-3.1363208323712892,-0x1.9172f606662afp+1,0.4809455731670372,-0.6444876375840316,-0x1.49fa489c330e0p-1,1.349639889772134,0x1.5981fff3f2c7cp+0,-2.0941284379503107,-0.321429412966645,-0x1.4924cac2a828fp-2,-1.1696612716400487,-0x1.2b6eebcd177f0p+0,3.638936651268518,-0.4074682378535121,-0x1.a13f5a8ef5557p-2,-1.0192064165547492,-0x1.04eab632f9db3p+0,2.501315002916035,-0.8070598285875344,-0x1.9d36f22365cc9p-1,-0.12000217758758791,-0x1.eb876742ffe50p-4,0.14869055965480057,-0.9008083058007794,-0x1.cd36bf0ac24fcp-1,-0.01036465506745997,-0x1.53a1074647a39p-7,0.011505949712848443,-1.2316094892410674
H593-3a88599950984808ec05d372,OUTCOME-0015,74,2985,/hkfs/work/workspace/scratch/ap7811-benchmark/dailymed/data/box_flat_20000_images/data/raw_images/otc/SHOHemOintment.jpg,13,404.933349609375,0x1.94eef00000000p+8,False,False,False,CHALLENGER,73,-4.342005780771462,-0x1.15e36c36dd354p+2,-4.342005780771462,-0x1.15e36c36dd354p+2,0.0015030631475339438,0.017975468037186693,0.08361746934346781,0.001445124997968958,0.0016761959553075528,5.793814956498583e-05,-0.00017313280777360896,-1.2316094892410674,0.0,-2.4645057566587787,-1.8775000241126834,False,27,-5.124292423423204,-0x1.47f468356f915p+2,-2.4645057566587787,-0x1.3b74ecb4d39bbp+1,0.4809455731670372,-0.3894035816738599,-0x1.8ebfd000f01f0p-2,0.8154611142229364,0x1.a1841e817e954p-1,-2.0941284379503107,-0.30314437110073195,-0x1.366b7a5f6063fp-2,-1.1031231626241984,-0x1.1a664792ee577p+0,3.638936651268518,-0.0978046044632025,-0x1.909b8f99152d8p-4,-0.24464012449807698,-0x1.f505e1b011a1ap-3,2.501315002916035,-0.6865426595341603,-0x1.5f8284fc04233p-1,-0.1020824122730295,-0x1.a2212ae359e90p-4,0.14869055965480057,-0.9999999988179409,-0x1.fffffff5d89fep-1,-0.01150594969924773,-0x1.7906e6d576de0p-7,0.011505949712848443,-1.2316094892410674
H593-3a88599950984808ec05d372,OUTCOME-0015,75,3054,/hkfs/work/workspace/scratch/ap7811-benchmark/dailymed/data/box_flat_20000_images/data/raw_images/otc/Unit Box 8ml Listing.jpg,89,383.4158935546875,0x1.7f6a780000000p+8,False,False,False,CHALLENGER,74,-3.9783943410349956,-0x1.fd3c0698ab1b8p+1,-3.9783943410349956,-0x1.fd3c0698ab1b8p+1,0.007248988612853116,0.06004479550867639,0.12072634358136247,0.007215275740791487,0.005717024899911215,3.371287206162862e-05,0.0015319637129419007,-1.2316094892410674,0.0,-3.1203626198118575,-0.8580317212231381,False,17,-6.487974510845793,-0x1.9f3af97157505p+2,-3.1203626198118575,-0x1.8f680ad5e05c1p+1,0.4809455731670372,0.3588641997997217,0x1.6f7a18c7614b7p-2,-0.7515077261628793,-0x1.80c59ee51f2d0p-1,-2.0941284379503107,0.2821927145232842,0x1.20f720803018ep-2,1.0268814115997327,0x1.06e1b33fb0f05p+0,3.638936651268518,0.08531081446318065,0x1.5d6edf61d4edep-4,0.21338922012774,0x1.b505684e24055p-3,2.501315002916035,-0.8048156078985363,-0x1.9c10ca967819fp-1,-0.1196684831573519,-0x1.ea297fd85d328p-4,0.14869055965480057,0.38965454591559445,0x1.8f0199edc7e4cp-2,0.004483345610687624,0x1.25d20ec64a1efp-8,0.011505949712848443,-1.2316094892410674
H593-3a88599950984808ec05d372,OUTCOME-0015,76,3083,/hkfs/work/workspace/scratch/ap7811-benchmark/dailymed/data/box_flat_20000_images/data/raw_images/otc/Xyralid - Hemorrhoidal Suppository Carton.jpg,30,390.6502990722656,0x1.86a67a0000000p+8,False,False,False,CHALLENGER,75,-3.9752009324797366,-0x1.fcd3625803bbfp+1,-3.9752009324797366,-0x1.fcd3625803bbfp+1,0.004561583028975079,0.0473182874792114,0.09640211579886834,0.004488797001503405,0.003950232972719995,7.278602747167427e-05,0.000611350056255084,-1.2316094892410674,4.440892098500626e-16,-2.8998563249470193,-1.0753446075327173,False,16,-6.029489586215342,-0x1.81e3284a17849p+2,-2.8998563249470193,-0x1.732e7df75f836p+1,0.4809455731670372,0.14299863228591406,0x1.24dc7788536a9p-3,-0.29945750245793207,-0x1.32a4fcce65069p-2,-2.0941284379503107,0.1693194046373571,0x1.5ac421cbf711dp-3,0.6161425873058434,0x1.3b770a8c4d873p-1,3.638936651268518,-0.026973875772838513,-0x1.b9f0a2929af65p-6,-0.06747016015739433,-0x1.145b97354f6cdp-4,2.501315002916035,-0.6214183263349699,-0x1.3e2a8af97cccfp-1,-0.09239903872249616,-0x1.7a776a17eb59cp-4,0.14869055965480057,-0.04788863791536771,-0x1.884dc0b649a54p-5,-0.0005510042596710282,-0x1.20e28a33b2ffdp-11,0.011505949712848443,-1.2316094892410674
H593-3a88599950984808ec05d372,OUTCOME-0015,77,3096,/hkfs/work/workspace/scratch/ap7811-benchmark/dailymed/data/box_flat_20000_images/data/raw_images/otc/abejasbox1.jpg,80,384.29510498046875,0x1.804b8c0000000p+8,False,False,False,CHALLENGER,76,-4.181954209381237,-0x1.0ba52344aa5d6p+2,-4.181954209381237,-0x1.0ba52344aa5d6p+2,0.0046471415135407755,0.050688495959943576,0.09168039859010937,0.004955861854178893,0.0033635875065178094,-0.0003087203406381177,0.001283554007022966,-1.2316094892410674,0.0,-3.093564059317732,-1.0883901500635051,False,20,-6.4322539428870185,-0x1.9baa0c7111133p+2,-3.093564059317732,-0x1.8bf9e8376ce28p+1,0.4809455731670372,0.15208759255006438,0x1.3779b3210a08ep-3,-0.31849095261848964,-0x1.46227e0645f01p-2,-2.0941284379503107,0.20252769512066882,0x1.9ec6d7189ec8cp-3,0.7369854526715379,0x1.79562841b43adp-1,3.638936651268518,-0.05204313249704252,-0x1.aa565c01cc541p-5,-0.1301762681135995,-0x1.0a99daf21b1c4p-3,2.501315002916035,-0.9999999983882766,-0x1.fffffff227c86p-1,-0.14869055941515252,-0x1.3084ad0f4bd3cp-3,0.14869055965480057,0.3121573397157852,0x1.3fa62c752483ep-2,0.0035916666532663723,0x1.d6c455a0b92f1p-9,0.011505949712848443,-1.2316094892410674
H593-3a88599950984808ec05d372,OUTCOME-0015,78,3169,/hkfs/work/workspace/scratch/ap7811-benchmark/dailymed/data/box_flat_20000_images/data/raw_images/otc/antifungal_soap_fixed.jpg,65,385.13665771484375,0x1.8122fc0000000p+8,False,False,False,CHALLENGER,77,-4.369700054134256,-0x1.17a92a6a75820p+2,-4.369700054134256,-0x1.17a92a6a75820p+2,0.002911488076440092,0.04110782003232864,0.07082565006245514,0.002910447754076226,0.002767554604447872,1.040322363865965e-06,0.00014393347199221978,-1.2316094892410674,-8.881784197001252e-16,-3.067913344142931,-1.3017867099913252,False,28,-6.378920017790483,-0x1.984039bf0d6e6p+2,-3.067913344142931,-0x1.88b1626c07272p+1,0.4809455731670372,-0.08034367622037561,-0x1.4916735ce92b6p-4,0.16824997718256068,0x1.589371ac6a2d6p-3,-2.0941284379503107,0.10027849006368605,0x1.9abd9e350d7c8p-4,0.36490707282661305,0x1.75aa331f7a424p-2,3.638936651268518,-0.1791785706845482,-0x1.6ef52ca9df8ebp-3,-0.44818204705431164,-0x1.caf03c0b02aa0p-2,2.501315002916035,-0.9933477631152722,-0x1.fc9813f8450afp-1,-0.14770143482945408,-0x1.2e7e170151788p-3,0.14869055965480057,-0.6475596592730306,-0x1.4b8cf08d92b94p-1,-0.007450788875664762,-0x1.e84b7e8ce5c0fp-8,0.011505949712848443,-1.2316094892410674
H593-3a88599950984808ec05d372,OUTCOME-0015,79,3170,/hkfs/work/workspace/scratch/ap7811-benchmark/dailymed/data/box_flat_20000_images/data/raw_images/otc/antifungal_soap_kit_fixed.jpg,72,384.7884521484375,0x1.80c9d80000000p+8,False,False,False,CHALLENGER,78,-3.1523056652559034,-0x1.937ec085a2833p+1,-3.1523056652559034,-0x1.937ec085a2833p+1,0.022036675444054132,0.10072806527882479,0.21877393736347994,0.021872672745504668,0.02057079447971478,0.0001640026985494647,0.0014658809643393507,-1.2316094892410674,0.0,-3.07852672752502,-0.07377893773088351,False,5,-6.400987760949443,-0x1.99a9c891d7f1ap+2,-3.07852672752502,-0x1.8a0d29ef4a7a8p+1,0.4809455731670372,0.7312946571391606,0x1.766c40d84df0dp-1,-1.5314249380362386,-0x1.880b76f924fc1p+0,-2.0941284379503107,0.49956754531474473,0x1.ff8ea275144d7p-2,1.8178946504300708,0x1.d1618b372ba65p+0,3.638936651268518,0.3651149495002429,0x1.75e0b17d8974ep-2,0.9132675009738881,0x1.d397cc425d705p-1,2.501315002916035,-0.31053095922326673,-0x1.3dfbd3e909aabp-2,-0.046173022117049586,-0x1.7a3fd87e68246p-5,0.14869055965480057,0.37079601128006534,0x1.7bb1f317bd922p-2,0.004266360259513216,0x1.1799a5c99dc03p-8,0.011505949712848443,-1.2316094892410674
H593-3a88599950984808ec05d372,OUTCOME-0015,80,3171,/hkfs/work/workspace/scratch/ap7811-benchmark/dailymed/data/box_flat_20000_images/data/raw_images/otc/antifungs-cream.jpg,12,406.45465087890625,0x1.9674640000000p+8,False,False,False,CHALLENGER,79,-4.956130157049703,-0x1.3d313c8acfdc4p+2,-4.956130157049703,-0x1.3d313c8acfdc4p+2,0.0004537935472691091,0.014964510421762169,0.030324650421518565,0.000465404220977737,0.0004830764659525936,-1.16106737086279e-05,-2.9282918683484478e-05,-1.2316094892410674,0.0,-2.418136154415385,-2.537994002634318,False,70,-5.0278790144421235,-0x1.41c8c50fd1833p+2,-2.418136154415385,-0x1.35857c4a3ea0ep+1,0.4809455731670372,-0.7657230723705829,-0x1.880cdac33fa39p-1,1.6035224614459214,0x1.9a8072b24fc88p+0,-2.0941284379503107,-0.38391365771538466,-0x1.8920a9718052ap-2,-1.3970374799830698,-0x1.65a43f8fd0442p+0,3.638936651268518,-0.5407847409813421,-0x1.14e1bcd161a2dp-1,-1.3526729859646929,-0x1.5a48c6dce6a97p+0,2.501315002916035,-0.9999999969073204,-0x1.ffffffe56f203p-1,-0.1486905591949483,-0x1.3084ad07bae3fp-3,0.14869055965480057,-0.9999999985757654,-0x1.fffffff3c4133p-1,-0.011505949696461272,-0x1.7906e6d3eeb54p-7,0.011505949712848443,-1.2316094892410674
H593-3a88599950984808ec05d372,OUTCOME-0015,81,3172,/hkfs/work/workspace/scratch/ap7811-benchmark/dailymed/data/box_flat_20000_images/data/raw_images/otc/antifungs2 .jpg.jpg,17,398.38232421875,0x1.8e61e00000000p+8,False,False,False,CHALLENGER,80,-4.5497097032333365,-0x1.232e719b6b964p+2,-4.5497097032333365,-0x1.232e719b6b964p+2,0.0014160623096954844,0.020301671329670957,0.06975102131743728,0.0014312117663316476,0.0012884329080247244,-1.5149456636163235e-05,0.00012762940167076,-1.2316094892410674,-8.881784197001252e-16,-2.6641824727264987,-1.8855272305068378,False,37,-5.539467709792604,-0x1.6286a392b3aa1p+2,-2.6641824727264987,-0x1.5503ee6777e69p+1,0.4809455731670372,-0.4143979451729366,-0x1.a857ef5830802p-2,0.8678025216148202,0x1.bc509cb371a82p-1,-2.0941284379503107,-0.24692071101445764,-0x1.f9b190d418e8bp-3,-0.898528825267792,-0x1.cc0bf85e13b1bp-1,3.638936651268518,-0.1865674573919128,-0x1.7e17143ff817bp-3,-0.4666639802302896,-0x1.dddd29953dbb3p-2,2.501315002916035,-0.9999999969408013,-0x1.ffffffe5b8c04p-1,-0.1486905591999266,-0x1.3084ad07e6ae1p-3,0.14869055965480057,-0.6811170201648339,-0x1.5cbb5ebcb6c01p-1,-0.007836898182581757,-0x1.00ccaab2b8fdcp-7,0.011505949712848443,-1.2316094892410674
H593-3a88599950984808ec05d372,OUTCOME-0015,82,3194,/hkfs/work/workspace/scratch/ap7811-benchmark/dailymed/data/box_flat_20000_images/data/raw_images/otc/art04-0003-02.jpg,42,388.7008056640625,0x1.84b3680000000p+8,False,False,False,CHALLENGER,81,-4.9998230840551265,-0x1.3ffd19f5f35e4p+2,-4.9998230840551265,-0x1.3ffd19f5f35e4p+2,0.0008451410127886238,0.019966247891844462,0.04232848441863908,0.0007942781274865593,0.0007124163226474769,5.086288530206445e-05,0.0001327246901411469,-1.2316094892410674,0.0,-2.9592773191478265,-2.0405457649073,False,76,-6.153039936849653,-0x1.89cb6804f0131p+2,-2.9592773191478265,-0x1.7ac99964c4698p+1,0.4809455731670372,-0.6037169414222372,-0x1.351a630ee6396p-1,1.2642608155046888,0x1.43a698c834f94p+0,-2.0941284379503107,-0.25472658292707223,-0x1.04d70b9c5fda9p-2,-0.9269338986657126,-0x1.da971478a5621p-1,3.638936651268518,-0.4124122500540312,-0x1.a64f6599ceaebp-2,-1.0315729484465075,-0x1.08152a2d041b7p+0,2.501315002916035,-0.7194517966614467,-0x1.705bfc636b30ap-1,-0.10697569029024229,-0x1.b62c243437c4cp-4,0.14869055965480057,-0.6704838766889467,-0x1.5749a9a5bfa74p-1,-0.007714553768458698,-0x1.f994bc238603fp-8,0.011505949712848443,-1.2316094892410674
H593-3a88599950984808ec05d372,OUTCOME-0015,83,3238,/hkfs/work/workspace/scratch/ap7811-benchmark/dailymed/data/box_flat_20000_images/data/raw_images/otc/athletes-01.jpg,55,386.561767578125,0x1.828fd00000000p+8,False,False,False,CHALLENGER,82,-5.53314725999004,-0x1.621f15af66fdap+2,-5.53314725999004,-0x1.621f15af66fdap+2,0.0004579105722356882,0.014907966015088647,0.030715831507277913,0.00042665029315981494,0.00043891404878408153,3.126027907587327e-05,1.8996523451606678e-05,-1.2316094892410674,8.881784197001252e-16,-3.024475677431557,-2.508671582558483,False,113,-6.288602798681185,-0x1.927877df77aa3p+2,-3.024475677431557,-0x1.832204dd0ed88p+1,0.4809455731670372,-0.7638485699496632,-0x1.871728e60f72bp-1,1.599597012619267,0x1.997f3097faa31p+0,-2.0941284379503107,-0.3855263574549168,-0x1.8ac76be40f3b0p-2,-1.4029059921727447,-0x1.6724d8dbbe8f1p+0,3.638936651268518,-0.5362345890430122,-0x1.128d570dd8f42p-1,-1.341291622655801,-0x1.575ee345b4979p+0,2.501315002916035,-0.8177210249664147,-0x1.a2ac5486f6f6bp-1,-0.12158739684375336,-0x1.f205a050cb8c4p-4,0.14869055965480057,-0.9450844594115932,-0x1.e3e21c3a42e24p-1,-0.010874094264384347,-0x1.6452839e9c87fp-7,0.011505949712848443,-1.2316094892410674
H593-3a88599950984808ec05d372,OUTCOME-0015,84,3270,/hkfs/work/workspace/scratch/ap7811-benchmark/dailymed/data/box_flat_20000_images/data/raw_images/otc/b7ec3ac946b00ff216ce06580bf6582f.jpg,23,395.0885009765625,0x1.8b16a80000000p+8,False,False,False,CHALLENGER,83,-3.752223097395436,-0x1.e048d8b14dfafp+1,-3.752223097395436,-0x1.e048d8b14dfafp+1,0.006178367979403981,0.05548085715904565,0.11136035554916898,0.006296386884202351,0.0062781941635078565,-0.00011801890479837002,-9.982618410387528e-05,-1.2316094892410674,0.0,-2.7645789403159466,-0.9876441570794894,False,12,-5.748215795211782,-0x1.6fe2c480b2415p+2,-2.7645789403159466,-0x1.61ddb903ef049p+1,0.4809455731670372,0.28735214902033157,0x1.263fa449e91b2p-2,-0.6017523069696118,-0x1.3418e0dd743e0p-1,-2.0941284379503107,0.2454229097697443,0x1.f6a0495933a1ap-3,0.8930784214220889,0x1.c94193298ad7dp-1,3.638936651268518,0.04511056247786614,0x1.718bb4d17dbeep-5,0.11283572671586772,0x1.ce2cd5c10a6d0p-4,2.501315002916035,-0.9999999976730789,-0x1.ffffffec030bep-1,-0.14869055930880937,-0x1.3084ad0ba46c4p-3,0.14869055965480057,-0.9999999987057944,-0x1.fffffff4e2030p-1,-0.011505949697957379,-0x1.7906e6d4c1443p-7,0.011505949712848443,-1.2316094892410674
H593-3a88599950984808ec05d372,OUTCOME-0015,85,3277,/hkfs/work/workspace/scratch/ap7811-benchmark/dailymed/data/box_flat_20000_images/data/raw_images/otc/bacitracin-ifc.jpg,49,387.160888671875,0x1.8329300000000p+8,False,False,False,CHALLENGER,84,-5.872586266001887,-0x1.77d87410daadep+2,-5.872586266001887,-0x1.77d87410daadep+2,0.00029316494313415395,0.012165306315602272,0.02409844318989021,0.00028201183993109335,0.0003319156480291609,1.1153103203060592e-05,-3.875070489500694e-05,-1.2316094892410674,-8.881784197001252e-16,-3.006214332772734,-2.866371933229153,False,119,-6.250633128769118,-0x1.900a5f88d6e19p+2,-3.006214332772734,-0x1.80cba19a033edp+1,0.4809455731670372,-0.8421027725437048,-0x1.af281837e46c5p-1,1.7634713636605743,0x1.c372dbfa5accfp+0,-2.0941284379503107,-0.46853252525318784,-0x1.dfc6fd844c879p-2,-1.7049601784552177,-0x1.b478452f728e5p+0,3.638936651268518,-0.6170151356745922,-0x1.3be96869b8003p-1,-1.5433492158891302,-0x1.8b18ef288d122p+0,2.501315002916035,-0.9309162863397891,-0x1.dca10f3a494d0p-1,-0.13841846360763183,-0x1.1b7b23b2dbd7ap-3,0.14869055965480057,-0.9999999985947148,-0x1.fffffff3edbecp-1,-0.011505949696679302,-0x1.7906e6d40d64ap-7,0.011505949712848443,-1.2316094892410674
H593-3a88599950984808ec05d372,OUTCOME-0015,86,3381,/hkfs/work/workspace/scratch/ap7811-benchmark/dailymed/data/box_flat_20000_images/data/raw_images/otc/bella-01.jpg,8,409.9690246582031,0x1.99f8120000000p+8,False,False,False,CHALLENGER,85,-3.3377813004615198,-0x1.ab3c6aeb575ebp+1,-3.3377813004615198,-0x1.ab3c6aeb575ebp+1,0.006367679502648743,0.04920728337965037,0.12940522348124772,0.006466745759687542,0.005720666645782124,-9.906625703879918e-05,0.0006470128568666191,-1.2316094892410674,-4.440892098500626e-16,-2.3110172572288863,-1.0267640432326335,False,6,-4.805153402308679,-0x1.3387a222cb733p+2,-2.3110172572288863,-0x1.27cf69da25147p+1,0.4809455731670372,0.3011357742219652,0x1.345cefb7c1841p-2,-0.6306169884824014,-0x1.42e03adbaaf7fp-1,-2.0941284379503107,0.18826547628377313,0x1.8191547cd65cdp-3,0.685086141817546,0x1.5ec39c5c192dep-1,3.638936651268518,0.11965389231661881,0x1.ea1a33256c79fp-4,0.2992920760088583,0x1.32799f39a3d52p-2,2.501315002916035,-0.9999999975657241,-0x1.ffffffeb16f88p-1,-0.14869055929284672,-0x1.3084ad0b18039p-3,0.14869055965480057,-0.01957457214249182,-0x1.40b5b4cbda3c3p-6,-0.0002252240427220349,-0x1.d8543cba7baa8p-13,0.011505949712848443,-1.2316094892410674
H593-3a88599950984808ec05d372,OUTCOME-0015,87,3568,/hkfs/work/workspace/scratch/ap7811-benchmark/dailymed/data/box_flat_20000_images/data/raw_images/otc/burncream6.jpg,109,382.0404052734375,0x1.7e0a580000000p+8,False,False,False,CHALLENGER,86,-5.039027641602095,-0x1.427f6dcb148b6p+2,-5.039027641602095,-0x1.427f6dcb148b6p+2,0.0012805231993299325,0.01939551989191402,0.06602159707323865,0.0011920080642041854,0.0011019235470836263,8.851513512574713e-05,0.00017859965224630622,-1.2316094892410674,8.881784197001252e-16,-3.1622878096275895,-1.8767398319745054,False,81,-6.57514693149966,-0x1.a4cf35134be40p+2,-3.1622878096275895,-0x1.94c5d8d171ea9p+1,0.4809455731670372,-0.45518023923355083,-0x1.d21ac4c52c9a3p-2,0.9532058833720045,0x1.e80a99fee0068p-1,-2.0941284379503107,-0.26823542849925874,-0x1.12ac4ee421a6cp-2,-0.9760917319346686,-0x1.f3c24ba51c5d7p-1,3.638936651268518,-0.21294435066749687,-0x1.b41c2aefe0fb9p-3,-0.5326408991108231,-0x1.10b64ed462d3ap-1,2.501315002916035,-0.5576992788719085,-0x1.1d8ac28783e83p-1,-0.08292461789454278,-0x1.53a8c39e3ee7ap-4,0.14869055965480057,-0.5804803021127863,-0x1.2934b6d317de3p-1,-0.006678977165408792,-0x1.b5b6a47f04716p-8,0.011505949712848443,-1.2316094892410674
H593-3a88599950984808ec05d372,OUTCOME-0015,88,3598,/hkfs/work/workspace/scratch/ap7811-benchmark/dailymed/data/box_flat_20000_images/data/raw_images/otc/c19fc4df-53db-88f2-e053-2995a90ab04f.jpg,33,390.2400207519531,0x1.863d720000000p+8,False,False,False,CHALLENGER,87,-4.66268176224057,-0x1.2a6960c41ea64p+2,-4.66268176224057,-0x1.2a6960c41ea64p+2,0.0012951214788301014,0.02469204548037781,0.052450959555347655,0.0012259132992187864,0.0012889890795328386,6.920817961131504e-05,6.132399297262845e-06,-1.2316094892410674,8.881784197001252e-16,-2.91236169972255,-1.7503200625180204,False,47,-6.055491228549177,-0x1.838d2b14f5595p+2,-2.91236169972255,-0x1.74c844a73735ap+1,0.4809455731670372,-0.450675110156717,-0x1.cd7dc6acfa290p-2,0.94377156445557,0x1.e33606c8767dep-1,-2.0941284379503107,-0.15303031435128217,-0x1.3967f51b7b9c2p-3,-0.5568676196480233,-0x1.1d1dc0ad2de3ap-1,3.638936651268518,-0.3196930518300905,-0x1.475d9d8979851p-2,-0.7996530268706189,-0x1.996c1f1d1d0a1p-1,2.501315002916035,-0.6366468718338895,-0x1.45f6942b41281p-1,-0.09466337967545911,-0x1.83bdbf7d5bdd7p-4,0.14869055965480057,-0.9819364607343837,-0x1.f6c0603335554p-1,-0.011298111538422199,-0x1.72376dc833e42p-7,0.011505949712848443,-1.2316094892410674
H593-3a88599950984808ec05d372,OUTCOME-0015,89,3632,/hkfs/work/workspace/scratch/ap7811-benchmark/dailymed/data/box_flat_20000_images/data/raw_images/otc/campho-01.jpg,24,394.6380920410156,0x1.8aa35a0000000p+8,False,False,False,CHALLENGER,88,-5.158666945284935,-0x1.4a2799673d1f0p+2,-5.158666945284935,-0x1.4a2799673d1f0p+2,0.000532331521713668,0.016414106325299868,0.032431343575078424,0.0005046514343711788,0.0005196059503799513,2.7680087342489123e-05,1.2725571333716663e-05,-1.2316094892410674,8.881784197001252e-16,-2.7783075052008064,-2.3803594400841286,False,93,-5.77676074010951,-0x1.71b672ade5931p+2,-2.7783075052008064,-0x1.639f949088ceep+1,0.4809455731670372,-0.7306376228864648,-0x1.7616226f0c918p-1,1.5300490239229607,0x1.87b14af7069d5p+0,-2.0941284379503107,-0.34381449120371377,-0x1.6010e7ee717d8p-2,-1.2511191532784316,-0x1.40495846bae63p+0,3.638936651268518,-0.5165933443831185,-0x1.087eec3ee9dc6p-1,-1.2921626827120645,-0x1.4acb2c6f5c252p+0,2.501315002916035,-0.8368946513025769,-0x1.ac7d74ab1572dp-1,-0.12443833407428934,-0x1.fdb30cf37c16cp-4,0.14869055965480057,-0.9628761621359834,-0x1.ecfe1ab4f1af8p-1,-0.011078804701237129,-0x1.6b07bfef6f504p-7,0.011505949712848443,-1.2316094892410674
H593-3a88599950984808ec05d372,OUTCOME-0015,90,3681,/hkfs/work/workspace/scratch/ap7811-benchmark/dailymed/data/box_flat_20000_images/data/raw_images/otc/careone-omeprazole-wildberry-mint-carton-image-2.jpg,94,383.1738586425781,0x1.7f2c820000000p+8,False,False,False,CHALLENGER,89,-4.914634798028478,-0x1.3a89606454376p+2,-4.914634798028478,-0x1.3a89606454376p+2,0.001538173312561134,0.020920712326899724,0.07352394548169185,0.0014714915373896789,0.001216178428787454,6.66817751714551e-05,0.00032199488377368003,-1.2316094892410674,0.0,-3.1277398979541315,-1.7868949000743468,False,64,-6.50331362311518,-0x1.a0364a57ba4d5p+2,-3.1277398979541315,-0x1.9059c7ee0dbe6p+1,0.4809455731670372,-0.3795652345383516,-0x1.84acbfb429c4dp-2,0.7948583517040416,0x1.96f7ac830aeb1p-1,-2.0941284379503107,-0.23276670989336903,-0x1.dcb4caf4b7609p-3,-0.847023311826167,-0x1.b1ad0a1e7c6a2p-1,3.638936651268518,-0.16102511820054075,-0x1.49c789840bfebp-3,-0.40277454400134044,-0x1.9c70ee1896999p-2,2.501315002916035,-0.6475735756841319,-0x1.4b8ec382a25e8p-1,-0.09628807738613393,-0x1.8a655df5e3fe4p-4,0.14869055965480057,-0.3526722630421457,-0x1.6922eaefe3a94p-2,-0.004057829323679387,-0x1.09ef143cea78fp-8,0.011505949712848443,-1.2316094892410674
H593-3a88599950984808ec05d372,OUTCOME-0015,91,3688,/hkfs/work/workspace/scratch/ap7811-benchmark/dailymed/data/box_flat_20000_images/data/raw_images/otc/carton 10 mL orange.jpg,91,383.23895263671875,0x1.7f3d2c0000000p+8,False,False,False,CHALLENGER,90,-4.82180134512053,-0x1.349864ab467ecp+2,-4.82180134512053,-0x1.349864ab467ecp+2,0.0024511206508321492,0.021555964464083737,0.11370962570086687,0.002500207745516189,0.002179952779672598,-4.9087094684039864e-05,0.0002711678711595513,-1.2316094892410674,0.0,-3.1257558184840177,-1.6960455266365124,False,59,-6.499188250971616,-0x1.9ff2b3471e1d3p+2,-3.1257558184840177,-0x1.9018c443d5d53p+1,0.4809455731670372,-0.16505291671956843,-0x1.5207437b5c12fp-3,0.34564200666909256,0x1.61effa6b11fcfp-2,-2.0941284379503107,-0.2185722654478234,-0x1.bfa2d0df49cb5p-3,-0.7953706276888761,-0x1.973ad1a43ed48p-1,3.638936651268518,0.05552237328348592,0x1.c6d6db2e5d319p-5,0.13887894529148778,0x1.1c6c90810a0ffp-3,2.501315002916035,-0.9999999972285398,-0x1.ffffffe8317eap-1,-0.1486905592427106,-0x1.3084ad095f031p-3,0.14869055965480057,-0.42550180963954404,-0x1.b3b6bf1329a29p-2,-0.004895802424438604,-0x1.40d9ef4cf6d45p-8,0.011505949712848443,-1.2316094892410674
H593-3a88599950984808ec05d372,OUTCOME-0015,92,3702,/hkfs/work/workspace/scratch/ap7811-benchmark/dailymed/data/box_flat_20000_images/data/raw_images/otc/carton-1 oz.jpg,15,399.0401611328125,0x1.8f0a480000000p+8,False,False,False,CHALLENGER,91,-4.610527313524226,-0x1.2712e12739aecp+2,-4.610527313524226,-0x1.2712e12739aecp+2,0.001036637349656562,0.01918640963189112,0.054029772612250074,0.0009591931435961718,0.0007521825208719201,7.744420606039008e-05,0.0002844548287846418,-1.2316094892410674,8.881784197001252e-16,-2.644131456759426,-1.9663958567648003,False,42,-5.49777688844865,-0x1.5fdb939825dcap+2,-2.644131456759426,-0x1.5272e64a8da43p+1,0.4809455731670372,-0.5348102352901865,-0x1.11d2a5ac465b6p-1,1.1199613226280762,0x1.1eb5c90578f54p+0,-2.0941284379503107,-0.2732580648566325,-0x1.17d0f64fb5be4p-2,-0.9943687874615098,-0x1.fd1de7dc9ee77p-1,3.638936651268518,-0.3063178286723706,-0x1.39ab61815178fp-2,-0.7661973805188642,-0x1.884b05e73801ep-1,2.501315002916035,-0.602011110768823,-0x1.343acce129553p-1,-0.08951336897862443,-0x1.6ea59205166abp-4,0.14869055965480057,-0.4057164605541765,-0x1.9f7422c61dc27p-2,-0.004668153192811214,-0x1.31ee9d4bbc4f9p-8,0.011505949712848443,-1.2316094892410674
H593-3a88599950984808ec05d372,OUTCOME-0015,93,3703,/hkfs/work/workspace/scratch/ap7811-benchmark/dailymed/data/box_flat_20000_images/data/raw_images/otc/carton-1-oz.jpg,107,382.0830993652344,0x1.7e15460000000p+8,False,False,False,CHALLENGER,92,-6.522417111145311,-0x1.a16f482dcf5aap+2,-6.522417111145311,-0x1.a16f482dcf5aap+2,0.00016385257960035548,0.008538125662000491,0.019190696657182326,0.00017271167057922448,0.00019757479264222142,-8.859090978869001e-06,-3.372221304186594e-05,-1.2316094892410674,0.0,-3.1609864841804782,-3.3614306269648324,False,127,-6.572441167022939,-0x1.a4a2e046cfd8ap+2,-3.1609864841804782,-0x1.949b3482539b4p+1,0.4809455731670372,-0.9085657269174577,-0x1.d12f86e6c0ff5p-1,1.9026533264848444,0x1.e71449d4e0c5cp+0,-2.0941284379503107,-0.5948971510333986,-0x1.30965c005812fp-1,-2.164793046630657,-0x1.1517f044f1852p+1,3.638936651268518,-0.6826348967242428,-0x1.5d82523913f2ap-1,-1.7074849086903867,-0x1.b51dbb213d1f3p+0,2.501315002916035,-0.9999999968807766,-0x1.ffffffe534c15p-1,-0.1486905591910015,-0x1.3084ad07982c8p-3,0.14869055965480057,-0.9999999985847137,-0x1.fffffff3d7c0ap-1,-0.01150594969656423,-0x1.7906e6d3fd32bp-7,0.011505949712848443,-1.2316094892410674
H593-3a88599950984808ec05d372,OUTCOME-0015,94,3711,/hkfs/work/workspace/scratch/ap7811-benchmark/dailymed/data/box_flat_20000_images/data/raw_images/otc/carton-45g.jpg,87,383.73712158203125,0x1.7fbcb40000000p+8,False,False,False,CHALLENGER,93,-4.857463049747552,-0x1.36e0acb30c6d1p+2,-4.857463049747552,-0x1.36e0acb30c6d1p+2,0.0012923814022965704,0.026897219614481792,0.048048884636415594,0.0013081884284375925,0.0013039086011170957,-1.5807026141022133e-05,-1.1527198820525256e-05,-1.2316094892410674,0.0,-3.110571517841668,-1.746891531905884,False,61,-6.467616485912296,-0x1.9ded6db284149p+2,-3.110571517841668,-0x1.8e27351e7fe0bp+1,0.4809455731670372,-0.45151858876115947,-0x1.ce5ae3910f9e8p-2,0.9455379169879355,0x1.e41d8bbd2eaabp-1,-2.0941284379503107,-0.1110116442240896,-0x1.c6b42556aeb40p-4,-0.40396434088462074,-0x1.9da8d40366088p-2,3.638936651268518,-0.3584750856353277,-0x1.6f1417c4f0292p-2,-0.8966591098712556,-0x1.cb16e7211d727p-1,2.501315002916035,-0.999999996946943,-0x1.ffffffe5c641bp-1,-0.14869055920083982,-0x1.3084ad07eeb67p-3,0.14869055965480057,-0.9999999985388145,-0x1.fffffff372d1bp-1,-0.011505949696036116,-0x1.7906e6d3b2df6p-7,0.011505949712848443,-1.2316094892410674
H593-3a88599950984808ec05d372,OUTCOME-0015,95,3735,/hkfs/work/workspace/scratch/ap7811-benchmark/dailymed/data/box_flat_20000_images/data/raw_images/otc/carton14g.jpg,76,384.5142517089844,0x1.8083a60000000p+8,False,False,False,CHALLENGER,94,-4.951943560294463,-0x1.3ceca4aec68fcp+2,-4.951943560294463,-0x1.3ceca4aec68fcp+2,0.0012517322067042954,0.02279840562470225,0.05490437477557789,0.0012784861948148987,0.0012390491625252262,-2.6753988110603342e-05,1.2683044179069135e-05,-1.2316094892410674,0.0,-3.086884418119942,-1.865059142174521,False,69,-6.418365383410727,-0x1.9ac67f99e1c3cp+2,-3.086884418119942,-0x1.8b1f07532db6dp+1,0.4809455731670372,-0.4641478547159025,-0x1.db4993420dae6p-2,0.9719852219742006,0x1.f1a80c092623dp-1,-2.0941284379503107,-0.1917344784680716,-0x1.88ac161449b1dp-3,-0.6977096210093202,-0x1.653a3208adde1p-1,3.638936651268518,-0.29902450833172595,-0x1.32337b0ff2efbp-2,-0.747954488929737,-0x1.7ef3e409b300bp-1,2.501315002916035,-0.9999999970456813,-0x1.ffffffe69f627p-1,-0.14869055921552127,-0x1.3084ad086fda2p-3,0.14869055965480057,-0.9629979297321962,-0x1.ed0e108ca187cp-1,-0.011080205753075808,-0x1.6b1380abd4251p-7,0.011505949712848443,-1.2316094892410674
H593-3a88599950984808ec05d372,OUTCOME-0015,96,3737,/hkfs/work/workspace/scratch/ap7811-benchmark/dailymed/data/box_flat_20000_images/data/raw_images/otc/carton15g.jpg,63,385.7652587890625,0x1.81c3e80000000p+8,False,False,False,CHALLENGER,95,-4.678350620557316,-0x1.2b6a18b8a0f56p+2,-4.678350620557316,-0x1.2b6a18b8a0f56p+2,0.0017561654421629175,0.02816167440932191,0.06236012165461305,0.001744687571068181,0.001955211708802551,1.1477871094736462e-05,-0.00019904626663963358,-1.2316094892410674,-8.881784197001252e-16,-3.0487534430996126,-1.6295971774577032,False,48,-6.339082035880908,-0x1.95b38523b1412p+2,-3.0487534430996126,-0x1.863d8d85d711ep+1,0.4809455731670372,-0.3214676332520182,-0x1.492ecfae28e62p-2,0.6731945126736323,0x1.58acf37f8f502p-1,-2.0941284379503107,-0.08827119038597567,-0x1.698f0d3e30262p-4,-0.3212132699466281,-0x1.48ec21a5d9133p-2,3.638936651268518,-0.2400069597775222,-0x1.eb88c4d8746b5p-3,-0.6003330092957816,-0x1.335ed92344f05p-1,2.501315002916035,-0.928976071304647,-0x1.dba2c06a0a407p-1,-0.1381299719482059,-0x1.1ae3e300eb669p-3,0.14869055965480057,-0.9999999988530727,-0x1.fffffff625e15p-1,-0.011505949699651954,-0x1.7906e6d5afc1bp-7,0.011505949712848443,-1.2316094892410674
H593-3a88599950984808ec05d372,OUTCOME-0015,97,3738,/hkfs/work/workspace/scratch/ap7811-benchmark/dailymed/data/box_flat_20000_images/data/raw_images/otc/carton15mg.jpg,48,387.2393493652344,0x1.833d460000000p+8,False,False,False,CHALLENGER,96,-6.12551271266012,-0x1.8808667906e0ap+2,-6.12551271266012,-0x1.8808667906e0ap+2,0.00023554851893281716,0.009546274926836325,0.024674390873726797,0.0002382632901036315,0.0002784399997077001,-2.7147711708143418e-06,-4.289148077488294e-05,-1.2316094892410674,8.881784197001252e-16,-3.003822833327042,-3.121689879333078,False,125,-6.245660633794387,-0x1.8fb8e76103f00p+2,-3.003822833327042,-0x1.807d44400f10fp+1,0.4809455731670372,-0.8711352402547009,-0x1.be05702e92f75p-1,1.8242690799180454,0x1.d3034c655a1dbp+0,-2.0941284379503107,-0.5576437662196942,-0x1.1d837bd576b5ep-1,-2.0292303392482585,-0x1.03bdd1db8fa61p+1,3.638936651268518,-0.6096483729979354,-0x1.3823d4e02be66p-1,-1.5249226218830867,-0x1.86615435eb1e5p+0,2.501315002916035,-0.999999996819827,-0x1.ffffffe4aeb9cp-1,-0.14869055918193888,-0x1.3084ad0748755p-3,0.14869055965480057,-0.9999999986028447,-0x1.fffffff3ff9f8p-1,-0.011505949696772844,-0x1.7906e6d41a8edp-7,0.011505949712848443,-1.2316094892410674
H593-3a88599950984808ec05d372,OUTCOME-0015,98,3740,/hkfs/work/workspace/scratch/ap7811-benchmark/dailymed/data/box_flat_20000_images/data/raw_images/otc/carton1jpg.jpg,41,388.84649658203125,0x1.84d8b40000000p+8,False,False,False,CHALLENGER,97,-5.1962573343347955,-0x1.4c8f7aec245b8p+2,-5.1962573343347955,-0x1.4c8f7aec245b8p+2,0.000604583707231322,0.018710416686413926,0.032312680009436906,0.0005864097161642672,0.0005723395773887095,1.817399106705483e-05,3.224412984261253e-05,-1.2316094892410674,8.881784197001252e-16,-2.9548366274505353,-2.24142070688426,False,95,-6.1438066848040025,-0x1.893420f40b7adp+2,-2.9548366274505353,-0x1.7a38162bf6246p+1,0.4809455731670372,-0.699569523930989,-0x1.662dfa051fafbp-1,1.4649884343872446,0x1.77097b66b6221p+0,-2.0941284379503107,-0.284840671426124,-0x1.23ad45e1622f8p-2,-1.036517159024456,-0x1.09593043c0bc1p+0,3.638936651268518,-0.5179357645764875,-0x1.092ee06491cd4p-1,-1.2955204984819555,-0x1.4ba73b3c4711ep+0,2.501315002916035,-0.889823719368934,-0x1.c796f97bca100p-1,-0.132308386827083,-0x1.0ef7b313454d4p-3,0.14869055965480057,-0.9085393172951756,-0x1.d12c10bdd36dbp-1,-0.010453607696943945,-0x1.568b37977fd0dp-7,0.011505949712848443,-1.2316094892410674
H593-3a88599950984808ec05d372,OUTCOME-0015,99,3748,/hkfs/work/workspace/scratch/ap7811-benchmark/dailymed/data/box_flat_20000_images/data/raw_images/otc/carton28g.jpg,10,408.1769714355469,0x1.982d4e0000000p+8,False,False,False,CHALLENGER,98,-3.869269299015741,-0x1.ef44376558400p+1,-3.869269299015741,-0x1.ef44376558400p+1,0.0023521683438967496,0.030467163218325207,0.07720339196141443,0.0023314483128725073,0.00221157550329254,2.0720031024242316e-05,0.00014059284060420965,-1.2316094892410674,4.440892098500626e-16,-2.3656394394342333,-1.5036298595815079,False,14,-4.918725883796883,-0x1.3acc67a6395d2p+2,-2.3656394394342333,-0x1.2ecd45ed3fb81p+1,0.4809455731670372,-0.18502473502306913,-0x1.7aee3f8f004d7p-3,0.3874655593360299,0x1.8cc3c586b2c94p-2,-2.0941284379503107,-0.04911822508371359,-0x1.9260624be8616p-5,-0.17873810950238206,-0x1.6e0e3ef6e48d6p-3,3.638936651268518,-0.1371529680182986,-0x1.18e3a7c180df9p-3,-0.3430627765986334,-0x1.5f4bd937dd454p-2,2.501315002916035,-0.8753508205044976,-0x1.c02dfb952fea3p-1,-0.13015640339510265,-0x1.0a8f70bf935a2p-3,0.14869055965480057,-0.6543258373487808,-0x1.4f03cbd0ae812p-1,-0.007528640180352522,-0x1.ed659f5ba3a29p-8,0.011505949712848443,-1.2316094892410674
H593-3a88599950984808ec05d372,OUTCOME-0015,100,3749,/hkfs/work/workspace/scratch/ap7811-benchmark/dailymed/data/box_flat_20000_images/data/raw_images/otc/carton2jpg.jpg,82,384.14349365234375,0x1.8024bc0000000p+8,False,False,False,CHALLENGER,99,-5.328310125941819,-0x1.5503087977688p+2,-5.328310125941819,-0x1.5503087977688p+2,0.0008257938327970285,0.015680853416071165,0.05266255674265023,0.0008282113590214772,0.0007918922808955071,-2.4175262244486738e-06,3.3901551901521364e-05,-1.2316094892410674,0.0,-3.098185206437996,-2.230124919503823,False,101,-6.441862404588482,-0x1.9c47794042866p+2,-3.098185206437996,-0x1.8c9155354d14fp+1,0.4809455731670372,-0.6110243959558338,-0x1.38d8308b607dfp-1,1.2795635638525225,0x1.47917a4be658cp+0,-2.0941284379503107,-0.36380320728796617,-0x1.7488d3f5ed48fp-2,-1.3238568248492182,-0x1.52e847e75054bp+0,3.638936651268518,-0.3178845925092748,-0x1.458389e2eb220p-2,-0.7951295004392993,-0x1.971b36c0f176ap-1,2.501315002916035,-0.999999996816818,-0x1.ffffffe4a81bdp-1,-0.14869055918149146,-0x1.3084ad074485dp-3,0.14869055965480057,-0.904063541460928,-0x1.cee16aa02947dp-1,-0.010402109645269112,-0x1.54db385e2fe82p-7,0.011505949712848443,-1.2316094892410674
H593-3a88599950984808ec05d372,OUTCOME-0015,101,3754,/hkfs/work/workspace/scratch/ap7811-benchmark/dailymed/data/box_flat_20000_images/data/raw_images/otc/carton45gm.jpg,102,382.51727294921875,0x1.7e846c0000000p+8,False,False,False,CHALLENGER,100,-4.900795008059619,-0x1.39a6a01b01082p+2,-4.900795008059619,-0x1.39a6a01b01082p+2,0.0013977723123415689,0.02528483229056193,0.055281059264265534,0.0013847121292870088,0.0013135952240826275,1.3060183054560076e-05,8.417708825894134e-05,-1.2316094892410674,0.0,-3.1477527764349063,-1.753042231624713,False,63,-6.544925147573113,-0x1.a2e00db9e60c3p+2,-3.1477527764349063,-0x1.92e9901f572f0p+1,0.4809455731670372,-0.4197672868417969,-0x1.add779c3aa283p-2,0.8790466126966522,0x1.c21265ca62267p-1,-2.0941284379503107,-0.14142579869587857,-0x1.21a3d961ad02cp-3,-0.514639522309356,-0x1.077ed4db18723p-1,3.638936651268518,-0.2959083614742455,-0x1.2f0299fc944e8p-2,-0.7401600240438314,-0x1.7af6413226501p-1,2.501315002916035,-0.9195785927609083,-0x1.d6d3015c0504fp-1,-0.1367326556041934,-0x1.18074a60ec03ep-3,0.14869055965480057,-0.7776110052807071,-0x1.8e2307996171bp-1,-0.008947153122917342,-0x1.252e290711ea8p-7,0.011505949712848443,-1.2316094892410674
H593-3a88599950984808ec05d372,OUTCOME-0015,102,3788,/hkfs/work/workspace/scratch/ap7811-benchmark/dailymed/data/box_flat_20000_images/data/raw_images/otc/cbd pain relief cream box_preview.jpg,117,381.55657958984375,0x1.7d8e7c0000000p+8,False,False,False,CHALLENGER,101,-4.539290387305947,-0x1.2283bbd421ad8p+2,-4.539290387305947,-0x1.2283bbd421ad8p+2,0.002767629302188803,0.0361018167816268,0.07666177353150064,0.002731891531691354,0.002785375936517619,3.5737770497448924e-05,-1.7746634328816378e-05,-1.2316094892410674,0.0,-3.1770349244513962,-1.3622554628545505,False,36,-6.605809683475307,-0x1.a6c595fa88198p+2,-3.1770349244513962,-0x1.96a914956260cp+1,0.4809455731670372,-0.10546022872934221,-0x1.aff71096bd40ep-4,0.22084726405485988,0x1.c44b920436ae4p-3,-2.0941284379503107,0.03567392326242305,0x1.243da3b76d884p-5,0.12981514685417184,0x1.09dc86121ce34p-3,3.638936651268518,-0.1406051700347998,-0x1.1ff59a779578dp-3,-0.35169782129560484,-0x1.6823794228035p-2,2.501315002916035,-0.7942979958170415,-0x1.96ae3a16a0050p-1,-0.11810461353072235,-0x1.e3c1a9c9f051ap-4,0.14869055965480057,-0.9999999985519737,-0x1.fffffff38fc1bp-1,-0.011505949696187526,-0x1.7906e6d3c82e8p-7,0.011505949712848443,-1.2316094892410674
H593-3a88599950984808ec05d372,OUTCOME-0015,103,3789,/hkfs/work/workspace/scratch/ap7811-benchmark/dailymed/data/box_flat_20000_images/data/raw_images/otc/cbd pain relief cream label_preview.jpg,73,384.7287902832031,0x1.80ba920000000p+8,False,False,False,CHALLENGER,102,-4.436448441113226,-0x1.1beec5713e2cep+2,-4.436448441113226,-0x1.1beec5713e2cep+2,0.0037681937423515222,0.03431164006370743,0.10982260642029952,0.0038586804694590885,0.003614815884741684,-9.04867271075663e-05,0.0001533778576098383,-1.2316094892410674,-8.881784197001252e-16,-3.080345234493642,-1.3561032066195842,False,32,-6.404768868563445,-0x1.99e7bbaf3acf9p+2,-3.080345234493642,-0x1.8a48c0ad45131p+1,0.4809455731670372,0.048410632090997656,0x1.8c94743381367p-5,-0.1013780813609081,-0x1.9f3e9f7f9f099p-4,-2.0941284379503107,0.010259441383656413,0x1.502e6e9be883cp-7,0.03733345727252832,0x1.31d5ef410725cp-5,3.638936651268518,0.03817014853035126,0x1.38b09a73e1dcdp-5,0.09547556518250104,0x1.871162e06a533p-4,2.501315002916035,-0.9999999975138,-0x1.ffffffeaa4c9dp-1,-0.1486905592851261,-0x1.3084ad0ad41a4p-3,0.14869055965480057,-0.6287268211708941,-0x1.41e87b5e18146p-1,-0.007234099187511363,-0x1.da180b6d27562p-8,0.011505949712848443,-1.2316094892410674
H593-3a88599950984808ec05d372,OUTCOME-0015,104,3797,/hkfs/work/workspace/scratch/ap7811-benchmark/dailymed/data/box_flat_20000_images/data/raw_images/otc/ccc377799-CARTON_3c03_.jpg,113,381.64892578125,0x1.7da6200000000p+8,False,False,False,CHALLENGER,103,-6.019506467941007,-0x1.813f980e777e8p+2,-6.019506467941007,-0x1.813f980e777e8p+2,0.00029573206149896753,0.01267441910153654,0.023332987423708866,0.0003009828579432356,0.0003730650151037112,-5.250796444268059e-06,-7.733295360474367e-05,-1.2316094892410674,-8.881784197001252e-16,-3.17422019192605,-2.8452862760149564,False,122,-6.599957186472765,-0x1.a665b2d3b9a51p+2,-3.17422019192605,-0x1.964cd8e550078p+1,0.4809455731670372,-0.840830172043546,-0x1.ae814ad4d58c0p-1,1.760806374763042,0x1.c2c434e23211ep+0,-2.0941284379503107,-0.45238082826317155,-0x1.cf3ceb7ae92dfp-2,-1.646185176298064,-0x1.a56c64475c34bp+0,3.638936651268518,-0.6269108347119573,-0x1.40fa74f9311c3p-1,-1.5681014763556334,-0x1.916f192dc1bb3p+0,2.501315002916035,-0.9999999968452699,-0x1.ffffffe4e6acdp-1,-0.148690559185722,-0x1.3084ad0769bc2p-3,0.14869055965480057,-0.9999999986669893,-0x1.fffffff48cadbp-1,-0.011505949697510889,-0x1.7906e6d4826dbp-7,0.011505949712848443,-1.2316094892410674
H593-3a88599950984808ec05d372,OUTCOME-0015,105,4028,/hkfs/work/workspace/scratch/ap7811-benchmark/dailymed/data/box_flat_20000_images/data/raw_images/otc/clear-eyes-complete-7-symptom-relief-01.jpg,50,387.0596618652344,0x1.830f460000000p+8,False,False,False,CHALLENGER,104,-4.513587704367403,-0x1.20de9ef678af8p+2,-4.513587704367403,-0x1.20de9ef678af8p+2,0.0022359675250125835,0.031772206580978526,0.07037495237586737,0.002304562942580059,0.0019095090018798199,-6.859541756747568e-05,0.0003264585231327636,-1.2316094892410674,0.0,-3.0092997484325403,-1.5042879559348625,False,34,-6.257048440255382,-0x1.90737b4d189e8p+2,-3.0092997484325403,-0x1.8130bbf1b07c2p+1,0.4809455731670372,-0.2093699945755654,-0x1.acca2cfbb9db9p-3,0.4384476596941938,0x1.c0f86c5d93c35p-2,-2.0941284379503107,-0.028179114585728617,-0x1.cdafc5e4dc37ap-6,-0.10254201286630314,-0x1.a40317fba0e77p-4,3.638936651268518,-0.18226622543301185,-0x1.7547feab33818p-3,-0.45590524420046874,-0x1.d2d8d307a9e38p-2,2.501315002916035,-0.9999999973706971,-0x1.ffffffe96a1a1p-1,-0.14869055926384805,-0x1.3084ad0a18f06p-3,0.14869055965480057,-0.34663023539167026,-0x1.62f309533f7e6p-2,-0.003988310057369377,-0x1.0560bd4340ebap-8,0.011505949712848443,-1.2316094892410674
H593-3a88599950984808ec05d372,OUTCOME-0015,106,4046,/hkfs/work/workspace/scratch/ap7811-benchmark/dailymed/data/box_flat_20000_images/data/raw_images/otc/clotrima-carton.jpg,57,386.4107666015625,0x1.8269280000000p+8,False,False,False,CHALLENGER,105,-4.918296702702849,-0x1.3ac55f8888892p+2,-4.918296702702849,-0x1.3ac55f8888892p+2,0.0011422928387492303,0.021218137199464204,0.0538356797305503,0.0010792551972194817,0.0011775257665634293,6.303764152974854e-05,-3.523292781419901e-05,-1.2316094892410674,0.0,-3.029078220899968,-1.8892184818028808,False,65,-6.2981725789748335,-0x1.93154270d0b26p+2,-3.029078220899968,-0x1.83b8d5cbe546ep+1,0.4809455731670372,-0.49926800788932046,-0x1.ff401cd74b786p-2,1.045531333479826,0x1.0ba7f1043d372p+0,-2.0941284379503107,-0.2260799297724616,-0x1.cf02fe853cd30p-3,-0.8226905425652231,-0x1.a537b1de179e4p-1,3.638936651268518,-0.3079474898281914,-0x1.3b569636ca1cap-2,-0.7702736764175883,-0x1.8a614fb25dd01p-1,2.501315002916035,-0.6635939604457821,-0x1.53c2966be0210p-1,-0.09867015736222894,-0x1.942728af64227p-4,0.14869055965480057,-0.9999999985877333,-0x1.fffffff3de648p-1,-0.011505949696598973,-0x1.7906e6d402167p-7,0.011505949712848443,-1.2316094892410674
H593-3a88599950984808ec05d372,OUTCOME-0015,107,4049,/hkfs/work/workspace/scratch/ap7811-benchmark/dailymed/data/box_flat_20000_images/data/raw_images/otc/clotrimazole-1-percent-cream-ene-1.jpg,4,415.8397216796875,0x1.9fd6f80000000p+8,False,False,False,CHALLENGER,106,-4.772626806450103,-0x1.3172b7b46dd4dp+2,-4.772626806450103,-0x1.3172b7b46dd4dp+2,0.0004280978441350955,0.013248481246069265,0.03231297506362167,0.00045173930628843346,0.00043744326585257556,-2.3641462153337978e-05,-9.345421717480069e-06,-1.2316094892410674,0.0,-2.1320771016990188,-2.640549704751084,False,54,-4.433094347161248,-0x1.1bb7d15a48f64p+2,-2.1320771016990188,-0x1.10e7e7082c832p+1,0.4809455731670372,-0.7775130918309189,-0x1.8e16322b40541p-1,1.6282122764817986,0x1.a0d2850e6f5e7p+0,-2.0941284379503107,-0.43458954982179376,-0x1.bd050afeabff8p-2,-1.5814438411048108,-0x1.94d980ea017b0p+0,3.638936651268518,-0.517932423732824,-0x1.092e704af0e48p-1,-1.2955121419795776,-0x1.4ba6af095f89bp+0,2.501315002916035,-0.999999997018263,-0x1.ffffffe663175p-1,-0.14869055921144445,-0x1.3084ad084bfdfp-3,0.14869055965480057,-0.9999999985341413,-0x1.fffffff3688afp-1,-0.011505949695982348,-0x1.7906e6d3ab4e3p-7,0.011505949712848443,-1.2316094892410674
H593-3a88599950984808ec05d372,OUTCOME-0015,108,4052,/hkfs/work/workspace/scratch/ap7811-benchmark/dailymed/data/box_flat_20000_images/data/raw_images/otc/clotrimazole-solution-02.jpg,53,386.87188720703125,0x1.82df340000000p+8,False,False,False,CHALLENGER,107,-5.137980545039889,-0x1.48d4ac5a1b8eap+2,-5.137980545039889,-0x1.48d4ac5a1b8eap+2,0.0008761688429725983,0.017386652823906612,0.050393186764957305,0.0008474084287558783,0.0006445077154981118,2.8760414216720022e-05,0.00023166112747448646,-1.2316094892410674,8.881784197001252e-16,-3.01502316192509,-2.1229573831147994,False,91,-6.268948775369937,-0x1.913674eca0d72p+2,-3.01502316192509,-0x1.81ec476a934c9p+1,0.4809455731670372,-0.5921350989081625,-0x1.2f2c54e93fa21p-1,1.2400069497321031,0x1.3d71186fe97f5p+0,-2.0941284379503107,-0.31818927457313995,-0x1.45d368c0eb1c6p-2,-1.157870613284741,-0x1.286a35610eb37p+0,3.638936651268518,-0.33754257039292934,-0x1.59a4c27361b30p-2,-0.844300295446676,-0x1.b04820d9e4aa3p-1,2.501315002916035,-0.8310665104016279,-0x1.a9818cb5f3a0cp-1,-0.1235717445419802,-0x1.fa265d9847902p-4,0.14869055965480057,-0.4877641978716107,-0x1.f378753812adbp-2,-0.00561219033243861,-0x1.6fccedefceed3p-8,0.011505949712848443,-1.2316094892410674
H593-3a88599950984808ec05d372,OUTCOME-0015,109,4053,/hkfs/work/workspace/scratch/ap7811-benchmark/dailymed/data/box_flat_20000_images/data/raw_images/otc/clotrimazole-vaginal-cream-1.jpg,9,408.67974853515625,0x1.98ae040000000p+8,False,False,False,CHALLENGER,108,-4.893105137705616,-0x1.3928a2739573ep+2,-4.893105137705616,-0x1.3928a2739573ep+2,0.0005304978413611502,0.012876114856516623,0.041200148280182855,0.0006002802372128156,0.0006803241682252747,-6.978239585166536e-05,-0.00014982632686412446,-1.2316094892410674,-8.881784197001252e-16,-2.3503146812203934,-2.5427904564852226,False,62,-4.886862074108552,-0x1.38c2592516f93p+2,-2.3503146812203934,-0x1.2cd71c89933b9p+1,0.4809455731670372,-0.7314408827294446,-0x1.767f6b5c8f883p-1,1.5317311532032083,0x1.881f886945ab5p+0,-2.0941284379503107,-0.44607982637119,-0x1.c8c92666adb0bp-2,-1.62325622957362,-0x1.9f8db8630c05fp+0,3.638936651268518,-0.42356095920533704,-0x1.b1b9f6ce98e57p-2,-1.0594593819098161,-0x1.0f38bae4be378p+0,2.501315002916035,-0.9999999973788775,-0x1.ffffffe97c173p-1,-0.1486905592650644,-0x1.3084ad0a23a35p-3,0.14869055965480057,-0.999999998784453,-0x1.fffffff58efbep-1,-0.01150594969886242,-0x1.7906e6d540a3cp-7,0.011505949712848443,-1.2316094892410674
H593-3a88599950984808ec05d372,OUTCOME-0015,110,4083,/hkfs/work/workspace/scratch/ap7811-benchmark/dailymed/data/box_flat_20000_images/data/raw_images/otc/colirio-01.jpg,119,381.4334716796875,0x1.7d6ef80000000p+8,False,False,False,CHALLENGER,109,-6.011744182154077,-0x1.80c06aab91482p+2,-6.011744182154077,-0x1.80c06aab91482p+2,0.0002907301096069914,0.012593144513436188,0.02308637920392309,0.0002624645770834962,0.00023549155855886927,2.8265532523495218e-05,5.523855104812213e-05,-1.2316094892410674,8.881784197001252e-16,-3.1807872810301294,-2.8309569011239475,False,121,-6.61361172343177,-0x1.a7456a1b2539cp+2,-3.1807872810301294,-0x1.972409a1c7514p+1,0.4809455731670372,-0.8433114222740732,-0x1.afc683c60551ep-1,1.7660024314324596,0x1.c418bc3fa8ad7p+0,-2.0941284379503107,-0.45493540571391455,-0x1.d1da964555c3cp-2,-1.6554811218120769,-0x1.a7cd9c5d54090p+0,3.638936651268518,-0.6301247964057832,-0x1.429fb7a1ec496p-1,-1.5761406069591977,-0x1.937df368c98f6p+0,2.501315002916035,-0.8337316980647492,-0x1.aadee191a73dfp-1,-0.12396803278719477,-0x1.fbc5e7692097dp-4,0.14869055965480057,-0.8482638982831802,-0x1.b24fa54b01e8dp-1,-0.009760081756871057,-0x1.3fd17ff9dcb09p-7,0.011505949712848443,-1.2316094892410674
H593-3a88599950984808ec05d372,OUTCOME-0015,111,4148,/hkfs/work/workspace/scratch/ap7811-benchmark/dailymed/data/box_flat_20000_images/data/raw_images/otc/cool and hot carton.jpg,97,382.9707336425781,0x1.7ef8820000000p+8,False,False,False,CHALLENGER,110,-4.972681856194393,-0x1.3e406b66711eap+2,-4.972681856194393,-0x1.3e406b66711eap+2,0.0011826680610389796,0.02438701288846382,0.04849581481947041,0.001205987543564648,0.0011662275857704687,-2.3319482525668454e-05,1.6440475268510906e-05,-1.2316094892410674,-8.881784197001252e-16,-3.133931193290782,-1.8387506629036112,False,72,-6.516186795636305,-0x1.a109345778a34p+2,-3.133931193290782,-0x1.9124a8478c90ap+1,0.4809455731670372,-0.4861167964930746,-0x1.f1c899fbe56b8p-2,1.0179910077014513,0x1.049b0f05b3274p+0,-2.0941284379503107,-0.1590941266965446,-0x1.45d324392dc06p-3,-0.5789334486376133,-0x1.2869f708eb07fp-1,3.638936651268518,-0.35443400278564474,-0x1.6af0bf4a3807cp-2,-0.8865510887113169,-0x1.c5ea06387f215p-1,2.501315002916035,-0.9999999970153977,-0x1.ffffffe65cca4p-1,-0.14869055921101837,-0x1.3084ad08483e8p-3,0.14869055965480057,-0.9522972963987798,-0x1.e79382e034367p-1,-0.01095708480404589,-0x1.670ab07249bffp-7,0.011505949712848443,-1.2316094892410674
H593-3a88599950984808ec05d372,OUTCOME-0015,112,4149,/hkfs/work/workspace/scratch/ap7811-benchmark/dailymed/data/box_flat_20000_images/data/raw_images/otc/cool carton.jpg,110,382.00787353515625,0x1.7e02040000000p+8,False,False,False,CHALLENGER,111,-4.93584830160155,-0x1.3be4f0465954dp+2,-4.93584830160155,-0x1.3be4f0465954dp+2,0.001659184732892985,0.021543549636859585,0.07701538329849923,0.0016237345997677382,0.0014596136619924917,3.545013312524674e-05,0.00019957107090049333,-1.2316094892410674,0.0,-3.16327938427135,-1.7725689173302,False,68,-6.577208650536246,-0x1.a4f0fc8d415fcp+2,-3.16327938427135,-0x1.94e656bfc73a4p+1,0.4809455731670372,-0.3466984235436961,-0x1.6304e95ac79c1p-2,0.7260310281353956,0x1.73ba56c372103p-1,-2.0941284379503107,-0.21884653719574965,-0x1.c0329d00c9eacp-3,-0.7963686852048124,-0x1.97bda2e506c0ap-1,3.638936651268518,-0.13834893915936478,-0x1.1b56b04901915p-3,-0.34605427715683684,-0x1.625c0d6c1e3e3p-2,2.501315002916035,-0.7957845495402788,-0x1.9771128de00bbp-1,-0.11832565003578742,-0x1.e4a96fd2e807fp-4,0.14869055965480057,-0.5424883632266769,-0x1.15c108e509cd9p-1,-0.006241843827091606,-0x1.9910c31aa6296p-8,0.011505949712848443,-1.2316094892410674
H593-3a88599950984808ec05d372,OUTCOME-0015,113,4345,/hkfs/work/workspace/scratch/ap7811-benchmark/dailymed/data/box_flat_20000_images/data/raw_images/otc/cvs02-0004-02.jpg,47,387.9303894042969,0x1.83ee2e0000000p+8,False,False,False,CHALLENGER,112,-5.365410597279036,-0x1.5762e3213b37ep+2,-5.365410597279036,-0x1.5762e3213b37ep+2,0.0005126456584491361,0.016962447667287946,0.030222387034258766,0.0004979647949624171,0.00047063030076787234,1.4680863486718964e-05,4.201535768126374e-05,-1.2316094892410674,0.0,-2.98275977869917,-2.3826508185798656,False,104,-6.201865543865248,-0x1.8ceb5d7545caap+2,-2.98275977869917,-0x1.7dcb128aab273p+1,0.4809455731670372,-0.7393003333872453,-0x1.7a8592c3a3e63p-1,1.548189852332376,0x1.8c562b8fc4418p+0,-2.0941284379503107,-0.32924529740407255,-0x1.5125ade2d9615p-2,-1.198102779981483,-0x1.32b6dd2144642p+0,3.638936651268518,-0.5419786990090821,-0x1.157e3b66beca1p-1,-1.355659451092331,-0x1.5b0c7f6ef4729p+0,2.501315002916035,-0.910047691036961,-0x1.d1f1c55d9badcp-1,-0.13531550049284477,-0x1.15204b0a11b1fp-3,0.14869055965480057,-0.8824521537042513,-0x1.c3d0c4c8e398cp-1,-0.010153450104515922,-0x1.4cb55011fab6ap-7,0.011505949712848443,-1.2316094892410674
H593-3a88599950984808ec05d372,OUTCOME-0015,114,4346,/hkfs/work/workspace/scratch/ap7811-benchmark/dailymed/data/box_flat_20000_images/data/raw_images/otc/cvs05-0008-02.jpg,67,385.07269287109375,0x1.81129c0000000p+8,False,False,False,CHALLENGER,113,-5.2312752858174285,-0x1.4ecd36db3d5ecp+2,-5.2312752858174285,-0x1.4ecd36db3d5ecp+2,0.0008346260364009381,0.017783277545666634,0.04693319520305844,0.0008782736695374713,0.000808958158881382,-4.3647633136533175e-05,2.5667877519556094e-05,-1.2316094892410674,0.0,-3.0698630068571164,-2.161412278960312,False,99,-6.382973829329587,-0x1.9882a4aa0c721p+2,-3.0698630068571164,-0x1.88f14560d365ap+1,0.4809455731670372,-0.6076802172850333,-0x1.3721dc8754ae4p-1,1.2725604241964121,0x1.45c6851c1b83ap+0,-2.0941284379503107,-0.30801716395873596,-0x1.3b68d9f73cde1p-2,-1.1208549471492286,-0x1.1ef0598d90d4bp+0,3.638936651268518,-0.3686690234263352,-0x1.79845f5aa84ffp-2,-0.9221573594066953,-0x1.d8250268d5bf3p-1,2.501315002916035,-0.9999999971861199,-0x1.ffffffe7d4365p-1,-0.14869055923640317,-0x1.3084ad0927880p-3,0.14869055965480057,-0.9265074495697806,-0x1.da5f2f36ce1e9p-1,-0.01066034812332936,-0x1.5d517b46decf0p-7,0.011505949712848443,-1.2316094892410674
H593-3a88599950984808ec05d372,OUTCOME-0015,115,4349,/hkfs/work/workspace/scratch/ap7811-benchmark/dailymed/data/box_flat_20000_images/data/raw_images/otc/cvs09-0006-02.jpg,61,385.9361572265625,0x1.81efa80000000p+8,False,False,False,CHALLENGER,114,-4.812540578862459,-0x1.3400aa3338c76p+2,-4.812540578862459,-0x1.3400aa3338c76p+2,0.0014454944187055137,0.024717071149813363,0.058481622274102994,0.0015367309130874028,0.0013287299222153836,-9.123649438188912e-05,0.00011676449649013015,-1.2316094892410674,0.0,-3.043544420580796,-1.7689961582816625,False,57,-6.328251241692462,-0x1.9502117efc317p+2,-3.043544420580796,-0x1.8592dd1328ad5p+1,0.4809455731670372,-0.40584238894473745,-0x1.9f9525af6483ep-2,0.8498860880148654,0x1.b32444f2b2cd9p-1,-2.0941284379503107,-0.15253563831790584,-0x1.38649ad0662ccp-3,-0.5550675248996662,-0x1.1c31cf85080e0p-1,3.638936651268518,-0.2700226163022546,-0x1.1480cf08cb4e1p-2,-0.6754116212834693,-0x1.59cf8d51806dep-1,2.501315002916035,-0.9999999975184258,-0x1.ffffffeaaef5fp-1,-0.14869055928581393,-0x1.3084ad0ada272p-3,0.14869055965480057,-0.7042488268015793,-0x1.68934d5eb7e2bp-1,-0.008103051586511483,-0x1.098552c7eb483p-7,0.011505949712848443,-1.2316094892410674
H593-3a88599950984808ec05d372,OUTCOME-0015,116,4489,/hkfs/work/workspace/scratch/ap7811-benchmark/dailymed/data/box_flat_20000_images/data/raw_images/otc/flexitol-01.jpg,52,386.90130615234375,0x1.82e6bc0000000p+8,False,False,False,CHALLENGER,115,-5.003836705489325,-0x1.403edc4f26776p+2,-5.003836705489325,-0x1.403edc4f26776p+2,0.0011142340523304527,0.01851608932369516,0.06017653257400093,0.001075002424464776,0.0011783051627807853,3.923162786567658e-05,-6.407111045033265e-05,-1.2316094892410674,0.0,-3.0141264659057794,-1.989710239583546,False,77,-6.267084331513211,-0x1.9117e8e147e39p+2,-3.0141264659057794,-0x1.81cee56289649p+1,0.4809455731670372,-0.5085453837786,-0x1.04600f7fb8c22p-1,1.064959350159121,0x1.10a12d0c80b9fp+0,-2.0941284379503107,-0.28963015279714294,-0x1.2894ce88cbfe3p-2,-1.0539457783260244,-0x1.0dcf63f9aae3fp+0,3.638936651268518,-0.2567288420650706,-0x1.06e3ecf2700dbp-2,-0.6421597043386222,-0x1.48c92821e306ep-1,2.501315002916035,-0.7764357630218309,-0x1.8d88fd033f449p-1,-0.11544866813971816,-0x1.d8e0b3e06df6cp-4,0.14869055965480057,-0.999999998643,-0x1.fffffff457ecfp-1,-0.01150594969723487,-0x1.7906e6d45b951p-7,0.011505949712848443,-1.2316094892410674
H593-3a88599950984808ec05d372,OUTCOME-0015,117,4504,/hkfs/work/workspace/scratch/ap7811-benchmark/dailymed/data/box_flat_20000_images/data/raw_images/otc/hemorrhoidal-cooling-gel.jpg,16,398.80340576171875,0x1.8ecdac0000000p+8,False,False,False,CHALLENGER,116,-4.082638961142267,-0x1.0549f4ecded02p+2,-4.082638961142267,-0x1.0549f4ecded02p+2,0.002930335770106187,0.024013514821118447,0.12202860730446392,0.0025219562559107285,0.0024223586114205217,0.00040837951419545873,0.0005079771586856655,-1.2316094892410674,8.881784197001252e-16,-2.6513478133131723,-1.431291147829095,False,18,-5.512781406540429,-0x1.60d1691ac5a23p+2,-2.6513478133131723,-0x1.535f5d7a4026fp+1,0.4809455731670372,-0.07713733422344783,-0x1.3bf45b7ca5311p-4,0.16153548522499986,0x1.4ad31dd17a9adp-3,-2.0941284379503107,-0.16660640202512475,-0x1.5535bcc004617p-3,-0.6062701426652038,-0x1.36690a46939cbp-1,3.638936651268518,0.09063385546699508,0x1.733c7c5242167p-4,0.2267038224517183,0x1.d04a17fa7770dp-3,2.501315002916035,0.13420947032040031,0x1.12dc6a2eb7814p-3,0.01995568125291467,0x1.46f43196715bap-6,0.14869055965480057,-0.1396238374537094,-0x1.1df31a3cd87a3p-3,-0.0016065048524573054,-0x1.a522b7356be75p-10,0.011505949712848443,-1.2316094892410674
H593-3a88599950984808ec05d372,OUTCOME-0015,118,4528,/hkfs/work/workspace/scratch/ap7811-benchmark/dailymed/data/box_flat_20000_images/data/raw_images/otc/ivermectin-01.jpg,68,385.009765625,0x1.8102800000000p+8,False,False,False,CHALLENGER,117,-4.993807408745589,-0x1.3f9a8a63c56d8p+2,-4.993807408745589,-0x1.3f9a8a63c56d8p+2,0.0009873005879490004,0.02325441096044965,0.042456486626479994,0.0009855959829621387,0.0008626709477172548,1.7046049868617644e-06,0.00012462964023174567,-1.2316094892410674,-8.881784197001252e-16,-3.071781043363152,-1.922026365382437,False,75,-6.386961882475404,-0x1.98c3fbc581f30p+2,-3.071781043363152,-0x1.89301f08dbd6ep+1,0.4809455731670372,-0.5519906260266612,-0x1.1a9e83ecf755cp-1,1.155939267444426,0x1.27eba2c5d6049p+0,-2.0941284379503107,-0.1821785567509157,-0x1.751a07fa38a76p-3,-0.6629362272361089,-0x1.536c608ea01bdp-1,3.638936651268518,-0.4111585221785425,-0x1.a506bd58ea03fp-2,-1.0284369801019737,-0x1.0747a55b88f47p+0,2.501315002916035,-0.989123177298868,-0x1.fa6e5a646db1ep-1,-0.1470732788001032,-0x1.2d34c1547ed6fp-3,0.14869055965480057,-0.6874406411473111,-0x1.5ff8383f5683ap-1,-0.007909657447609254,-0x1.032f0407af8a7p-7,0.011505949712848443,-1.2316094892410674
H593-3a88599950984808ec05d372,OUTCOME-0015,119,4532,/hkfs/work/workspace/scratch/ap7811-benchmark/dailymed/data/box_flat_20000_images/data/raw_images/otc/jock itch.jpg,58,386.34991455078125,0x1.8259940000000p+8,False,False,False,CHALLENGER,118,-4.614010355746823,-0x1.274bf21755a0ap+2,-4.614010355746823,-0x1.274bf21755a0ap+2,0.002409337747650522,0.02715157161347126,0.08873658519476377,0.0024650155949321215,0.002289213829027312,-5.567784728159955e-05,0.00012012391862320981,-1.2316094892410674,0.0,-3.0309330049897043,-1.5830773507571183,False,43,-6.3020291153340775,-0x1.935471ed332dep+2,-3.0309330049897043,-0x1.83f59cda661ddp+1,0.4809455731670372,-0.17340337310674803,-0x1.63214ec41398cp-3,0.36312893485934916,0x1.73d8124dcf128p-2,-2.0941284379503107,-0.10636123902994417,-0x1.b3a7d7b32160dp-4,-0.3870418109803954,-0x1.8c54b04161b3bp-2,3.638936651268518,-0.06830185232499636,-0x1.17c3aedfdf904p-4,-0.17084444794746886,-0x1.5de3b1a519b57p-3,2.501315002916035,-0.9999999972782552,-0x1.ffffffe89ed1ep-1,-0.1486905592501028,-0x1.3084ad09a008dp-3,0.14869055965480057,-0.6970287892426176,-0x1.64e0f51c55c51p-1,-0.008019978197433194,-0x1.06cc74094b3d1p-7,0.011505949712848443,-1.2316094892410674
H593-3a88599950984808ec05d372,OUTCOME-0015,120,4547,/hkfs/work/workspace/scratch/ap7811-benchmark/dailymed/data/box_flat_20000_images/data/raw_images/otc/lanozem.jpg,54,386.5909423828125,0x1.8297480000000p+8,False,False,False,CHALLENGER,119,-4.652199438330708,-0x1.29bda2b68665cp+2,-4.652199438330708,-0x1.29bda2b68665cp+2,0.0013716648277693657,0.031014069861031165,0.044227179274296,0.0014054038854570828,0.0014873939395910905,-3.3739057687717094e-05,-0.0001157291118217248,-1.2316094892410674,0.0,-3.023586422872987,-1.628613015457721,False,44,-6.286753827387586,-0x1.925a2cb9a87b1p+2,-3.023586422872987,-0x1.8304e1416f3eep+1,0.4809455731670372,-0.4275025967504912,-0x1.b5c33d9ffe65ep-2,0.8952453451528076,0x1.ca5d990ea7b37p-1,-2.0941284379503107,-0.04024030190674499,-0x1.49a6079575da0p-5,-0.14643190946656479,-0x1.2be47e31ff71bp-3,3.638936651268518,-0.3940409152110786,-0x1.937f7630784fbp-2,-0.9856204529802362,-0x1.f8a33e77a33c6p-1,2.501315002916035,-0.9999999971054143,-0x1.ffffffe722bd2p-1,-0.148690559224403,-0x1.3084ad08bdfa0p-3,0.14869055965480057,-0.9999999987318942,-0x1.fffffff51b67ep-1,-0.01150594969825768,-0x1.7906e6d4eb87bp-7,0.011505949712848443,-1.2316094892410674
H593-3a88599950984808ec05d372,OUTCOME-0015,121,4563,/hkfs/work/workspace/scratch/ap7811-benchmark/dailymed/data/box_flat_20000_images/data/raw_images/otc/lidonumb-2.jpg,103,382.44195556640625,0x1.7e71240000000p+8,False,False,False,CHALLENGER,120,-5.39208473047994,-0x1.5917ea8dab074p+2,-5.39208473047994,-0x1.5917ea8dab074p+2,0.000577926610620583,0.01951941942373466,0.02960777664923028,0.0005951811997750407,0.0005753487179367599,-1.725458915445761e-05,2.5778926838231552e-06,-1.2316094892410674,0.0,-3.1500484670735562,-2.242036263406384,False,106,-6.549698433297593,-0x1.a32e42566b3d0p+2,-3.1500484670735562,-0x1.9334c9c572ab7p+1,0.4809455731670372,-0.7109012308987493,-0x1.6bfb3f02cae45p-1,1.4887184841989511,0x1.7d1ca79295ceep+0,-2.0941284379503107,-0.2652781268602672,-0x1.0fa511bcd600ap-2,-0.9653302986116857,-0x1.ee3fc5dcc00dbp-1,3.638936651268518,-0.5491936355525782,-0x1.192fe87fbd44ep-1,-1.3737062801136648,-0x1.5fab36fb65e3bp+0,2.501315002916035,-0.9999999969603766,-0x1.ffffffe5e3cc2p-1,-0.14869055920283727,-0x1.3084ad0800485p-3,0.14869055965480057,-0.9923666208387101,-0x1.fc177a4c49e0ap-1,-0.011418120436079536,-0x1.762622ed6879fp-7,0.011505949712848443,-1.2316094892410674
H593-3a88599950984808ec05d372,OUTCOME-0015,122,4573,/hkfs/work/workspace/scratch/ap7811-benchmark/dailymed/data/box_flat_20000_images/data/raw_images/otc/lubricant-01.jpg,96,383.135009765625,0x1.7f22900000000p+8,False,False,False,CHALLENGER,121,-6.222211012461756,-0x1.8e38b489d5650p+2,-6.222211012461756,-0x1.8e38b489d5650p+2,0.00020589267401349985,0.011169374473330254,0.018433679925865268,0.00020837555176710725,0.000260376957474983,-2.482877753607395e-06,-5.448428346148317e-05,-1.2316094892410674,-8.881784197001252e-16,-3.1289240203945696,-3.093286992067186,False,126,-6.505775694722661,-0x1.a05ea104fc833p+2,-3.1289240203945696,-0x1.90809511a1badp+1,0.4809455731670372,-0.8864382441319256,-0x1.c5db3bc8f0c92p-1,1.8563155355234056,0x1.db377eb421378p+0,-2.0941284379503107,-0.5011904864288013,-0x1.009c0a188e5a6p-1,-1.8238004303328617,-0x1.d2e495c2b5daap+0,3.638936651268518,-0.6932337978689405,-0x1.62ef8a54a86f4p-1,-1.7339960991380428,-0x1.bbe72b193080fp+0,2.501315002916035,-0.99999999681748,-0x1.ffffffe4a9908p-1,-0.14869055918158988,-0x1.3084ad0745637p-3,0.14869055965480057,-0.9999999986251137,-0x1.fffffff43097dp-1,-0.01150594969702907,-0x1.7906e6d43e9e5p-7,0.011505949712848443,-1.2316094892410674
H593-3a88599950984808ec05d372,OUTCOME-0015,123,4585,/hkfs/work/workspace/scratch/ap7811-benchmark/dailymed/data/box_flat_20000_images/data/raw_images/otc/maximum-h-01.jpg,101,382.8330078125,0x1.7ed5400000000p+8,False,False,False,CHALLENGER,122,-5.503947156816821,-0x1.6040ab935c300p+2,-5.503947156816821,-0x1.6040ab935c300p+2,0.0006768161695019077,0.013447687529255771,0.05032955800240582,0.000643394550613479,0.000701782569019019,3.3421618888428736e-05,-2.4966399517111306e-05,-1.2316094892410674,8.881784197001252e-16,-3.1381291073313924,-2.3658180494854286,False,110,-6.524915255309958,-0x1.a1983627ae93ap+2,-3.1381291073313924,-0x1.91ae36ef4e97bp+1,0.4809455731670372,-0.6696052491169752,-0x1.56d67fcc5feb3p-1,1.4022393943766598,0x1.66f9293402b6bp+0,-2.0941284379503107,-0.4285172074697597,-0x1.b6cd36ff6c67dp-2,-1.559346971960944,-0x1.8f315cf7b05abp+0,3.638936651268518,-0.3381021977254539,-0x1.5a377667bf070p-2,-0.8457000996895616,-0x1.b0ff9a7cc7fdap-1,2.501315002916035,-0.8063385701991053,-0x1.9cd868b90461ap-1,-0.11989493327415666,-0x1.eb16f315e5ce7p-4,0.14869055965480057,-0.9999999985669554,-0x1.fffffff3b0b3ap-1,-0.011505949696359905,-0x1.7906e6d3e0712p-7,0.011505949712848443,-1.2316094892410674
H593-3a88599950984808ec05d372,OUTCOME-0015,124,4711,/hkfs/work/workspace/scratch/ap7811-benchmark/dailymed/data/box_flat_20000_images/data/raw_images/otc/tattoo-01.jpg,83,384.00115966796875,0x1.80004c0000000p+8,False,False,False,CHALLENGER,123,-5.564705374109948,-0x1.642422026b5f0p+2,-5.564705374109948,-0x1.642422026b5f0p+2,0.0005207299358587859,0.01521705849455782,0.03422014419179752,0.0005185712233513166,0.0005175403320472202,2.1587125074693002e-06,3.1896038115657556e-06,-1.2316094892410674,-8.881784197001252e-16,-3.102523578050096,-2.4621817960598524,False,114,-6.4508829088911455,-0x1.9cdb43fd00d20p+2,-3.102523578050096,-0x1.8d1f7e1b65a3fp+1,0.4809455731670372,-0.7357323964214713,-0x1.78b1eaaa79d18p-1,1.5407181340675344,0x1.8a6c80ee2c98ap+0,-2.0941284379503107,-0.37675634130750274,-0x1.81cc6a11e7c53p-2,-1.3709924589817029,-0x1.5ef95c9e6397dp+0,3.638936651268518,-0.49664084898675825,-0x1.fc8f6b3105f0dp-2,-1.2422552066315353,-0x1.3e046fedc4a69p+0,2.501315002916035,-0.9862455152076047,-0x1.f8f52c134962fp-1,-0.14664539761325587,-0x1.2c546c16dce0bp-3,0.14869055965480057,-0.9905638338656384,-0x1.fb2b2ece1b496p-1,-0.011397377659824395,-0x1.7578222790cfbp-7,0.011505949712848443,-1.2316094892410674
H593-3a88599950984808ec05d372,OUTCOME-0015,125,4718,/hkfs/work/workspace/scratch/ap7811-benchmark/dailymed/data/box_flat_20000_images/data/raw_images/otc/tolnaftate-2.jpg,88,383.6754150390625,0x1.7face80000000p+8,False,False,False,CHALLENGER,124,-4.687518014837926,-0x1.2c004b8f48f17p+2,-4.687518014837926,-0x1.2c004b8f48f17p+2,0.0020516703751591345,0.029520093232108663,0.06950080946653503,0.0021530761520968853,0.0021817625554987554,-0.00010140577693775084,-0.0001300921803396209,-1.2316094892410674,0.0,-3.1124523470439978,-1.5750656677939285,False,50,-6.471527176242481,-0x1.9e2d805248bf7p+2,-3.1124523470439978,-0x1.8e64d6a874c9fp+1,0.4809455731670372,-0.2501025895410423,-0x1.001ae4aae50e9p-2,0.5237469451629106,0x1.0c288f41b58f0p-1,-2.0941284379503107,-0.06485578427474338,-0x1.09a63806a9cb9p-4,-0.23600609044412807,-0x1.e3572940ea2f6p-3,3.638936651268518,-0.1883011630798744,-0x1.81a40a49d088bp-3,-0.4710005242782288,-0x1.e24df620b204ep-2,2.501315002916035,-0.999999997579509,-0x1.ffffffeb3548bp-1,-0.1486905592948964,-0x1.3084ad0b2a0b1p-3,0.14869055965480057,-0.9999999987545781,-0x1.fffffff54d49dp-1,-0.011505949698518682,-0x1.7906e6d510434p-7,0.011505949712848443,-1.2316094892410674
H593-3a88599950984808ec05d372,OUTCOME-0015,126,4737,/hkfs/work/workspace/scratch/ap7811-benchmark/dailymed/data/box_flat_20000_images/data/raw_images/otc/triple-antibiotic-with-pramoxine-ointment-ene-deli-1.jpg,22,395.21685791015625,0x1.8b37840000000p+8,False,False,False,CHALLENGER,125,-4.814012415024216,-0x1.3418c78744498p+2,-4.814012415024216,-0x1.3418c78744498p+2,0.0010357721322297308,0.014722695150872937,0.07035207355823828,0.0009011300503520601,0.0007591966299143068,0.0001346420818776707,0.000276575502315424,-1.2316094892410674,0.0,-2.7606665923312783,-2.0533458226929375,False,58,-5.740081095148102,-0x1.6f5d7d1903223p+2,-2.7606665923312783,-0x1.615d85dc9c7e5p+1,0.4809455731670372,-0.5351082499075701,-0x1.11f9b562587a6p-1,1.1205854035132643,0x1.1edeaf5c76e52p+0,-2.0941284379503107,-0.39083689150915923,-0x1.90378bcc68972p-2,-1.422230689180537,-0x1.6c174f7965dfep+0,3.638936651268518,-0.18242339570932325,-0x1.759a65b4c6446p-3,-0.4562983765706189,-0x1.d33fe1b25ad46p-2,2.501315002916035,-0.3967318996178799,-0x1.9640e3188e144p-2,-0.058990288187094723,-0x1.e33f99d1722bfp-5,0.14869055965480057,-0.4173825843790099,-0x1.ab6657174facep-2,-0.004802383026883609,-0x1.3aba9e0b17b6bp-8,0.011505949712848443,-1.2316094892410674
H593-3a88599950984808ec05d372,OUTCOME-0015,127,4749,/hkfs/work/workspace/scratch/ap7811-benchmark/dailymed/data/box_flat_20000_images/data/raw_images/otc/wal0a-0001-01.jpg,75,384.55877685546875,0x1.808f0c0000000p+8,False,False,False,CHALLENGER,126,-3.762620293594242,-0x1.e19d8ab220687p+1,-3.762620293594242,-0x1.e19d8ab220687p+1,0.009802516579929017,0.07795137170494237,0.12575168807847298,0.010111793976760812,0.008426842353464975,-0.000309277396831795,0.0013756742264640423,-1.2316094892410674,-4.440892098500626e-16,-3.0855272817172716,-0.6770930118769702,False,13,-6.415543574710558,-0x1.9a984413dc774p+2,-3.0855272817172716,-0x1.8af28ed6f21b6p+1,0.4809455731670372,0.48267826612937476,0x1.ee43361e10065p-2,-1.010790283482072,-0x1.02c326eaab899p+0,-2.0941284379503107,0.39740215521066563,0x1.96f0972ff57a7p-2,1.4461212678891915,0x1.723500dfa2568p+0,3.638936651268518,0.10551589354165758,0x1.b0316eff83a20p-4,0.26392848756183923,0x1.0e4344fa3e4d7p-2,2.501315002916035,-0.9999999983897224,-0x1.fffffff22af65p-1,-0.1486905594153675,-0x1.3084ad0f4db7dp-3,0.14869055965480057,0.343089002561687,0x1.5f52b9367a943p-2,0.003947564810506101,0x1.02b525c28d029p-8,0.011505949712848443,-1.2316094892410674
