query_id,display_id,candidate_position,reference_physical_row,reference_image_path,raw_rank,raw_score,raw_score_hex,is_target,is_raw_winner,is_selected,action_kind,challenger_index,head_logit,head_logit_hex,policy_score,policy_score_hex,local_score_S,visibility_mass_M,normalized_similarity_L,query_control_score,reference_control_score,query_robustness_Q,reference_robustness_R,bias_contribution,fp64_sum_residual,plot_raw_component,plot_other_component,plot_is_hold_anchor,policy_rank,feature_RAW,feature_RAW_hex,contribution_RAW,contribution_RAW_hex,weight_RAW,feature_S,feature_S_hex,contribution_S,contribution_S_hex,weight_S,feature_M,feature_M_hex,contribution_M,contribution_M_hex,weight_M,feature_L,feature_L_hex,contribution_L,contribution_L_hex,weight_L,feature_Q,feature_Q_hex,contribution_Q,contribution_Q_hex,weight_Q,feature_R,feature_R_hex,contribution_R,contribution_R_hex,weight_R,head_bias
H593-5cde50d3890df26e13611884,OUTCOME-0087,0,5,/hkfs/work/workspace/scratch/ap7811-benchmark/dailymed/data/box_flat_20000_images/data/raw_images/animal/104226AP_EP104226B_P1a (Kitten 12mg).jpg,111,406.441650390625,0x1.9671100000000p+8,False,False,False,CHALLENGER,0,-5.980278545447813,-0x1.7ebce2396acdcp+2,-5.980278545447813,-0x1.7ebce2396acdcp+2,0.00026593218699858575,0.011682525439101003,0.02276324484674521,0.000262283353066772,0.0002970331066520007,3.648833931813771e-06,-3.110091965341494e-05,-1.3277225685903369,-8.881784197001252e-16,-2.0057179254283666,-3.9745606200194468,False,118,-4.20799728206897,-0x1.0d4fd3d50928cp+2,-2.0057179254283666,-0x1.00bb5d6f5b9f6p+1,0.4766443015481711,-0.946360755497575,-0x1.e489659e28ed8p-1,1.25715645775979,0x1.41d501700893bp+0,-1.3284114440045707,-0.610973116909473,-0x1.38d177e7b905ap-1,-2.280449505721816,-0x1.23e5c4f7a0959p+1,3.7324874738469167,-0.7951361269856477,-0x1.971c151a8afcdp-1,-1.4235373438880377,-0x1.6c6cf180a2428p+0,1.7903064589514401,-0.997300346794625,-0x1.fe9e26ab8b747p-1,-0.2321534516762341,-0x1.db7344d4d2d33p-3,0.2327818820302102,-0.9999999996153454,-0x1.fffffffcb222bp-1,0.032145792097188555,0x1.07569cb85db7ap-5,-0.03214579210955358,-1.3277225685903369
H593-5cde50d3890df26e13611884,OUTCOME-0087,1,6,/hkfs/work/workspace/scratch/ap7811-benchmark/dailymed/data/box_flat_20000_images/data/raw_images/animal/104226AP_EP104226C_P1a (Kitten 48mg).jpg,115,404.28118896484375,0x1.9447fc0000000p+8,False,False,False,CHALLENGER,1,-6.486974479232102,-0x1.9f2a97019276fp+2,-6.486974479232102,-0x1.9f2a97019276fp+2,7.397366040766759e-05,0.008992237568862195,0.008226390799973895,7.0087522596748e-05,7.506316222299111e-05,3.886137810919587e-06,-1.0895018153235232e-06,-1.3277225685903369,-8.881784197001252e-16,-2.0565834333579764,-4.430391045874126,False,127,-4.314713144955394,-0x1.1424429a4d1a3p+2,-2.0565834333579764,-0x1.073e203de24abp+1,0.4766443015481711,-0.9847847555301735,-0x1.f835b51d33f15p-1,1.308199339127526,0x1.4ee626e23397fp+0,-1.3284114440045707,-0.686517556269828,-0x1.5f7f3aa89e14ap-1,-2.562418179353129,-0x1.47fd51a37fafcp+1,3.7324874738469167,-0.9207824620119768,-0x1.d770cc8224c35p-1,-1.648482789029251,-0x1.a602f7d2e645bp+0,1.7903064589514401,-0.9971250258035754,-0x1.fe872bdfb2f35p-1,-0.23211264012597818,-0x1.db5ddf32a264bp-3,0.2327818820302102,-0.999999999610853,-0x1.fffffffca841bp-1,0.03214579209704414,0x1.07569cb858a2ep-5,-0.03214579210955358,-1.3277225685903369
H593-5cde50d3890df26e13611884,OUTCOME-0087,2,9,/hkfs/work/workspace/scratch/ap7811-benchmark/dailymed/data/box_flat_20000_images/data/raw_images/animal/11-5BlisterCarton.jpg,2,490.9654846191406,0x1.eaf72a0000000p+8,True,False,True,CHALLENGER,2,0.34474806481229225,0x1.6105a2fee98ecp-2,0.34474806481229225,0x1.6105a2fee98ecp-2,0.0656042294061877,0.13847681525875424,0.4737560528352801,0.054288958650550646,0.06355469778479553,0.011315270755637048,0.002049531621392167,-1.3277225685903369,5.551115123125783e-17,-0.015704260344343936,0.36045232515663617,False,1,-0.032947546615653425,-0x1.0de803665349ap-5,-0.015704260344343936,-0x1.014c71258e927p-6,0.4766443015481711,0.7435441019621382,0x1.7cb1d0021f44fp-1,-0.9877324941686056,-0x1.f9b812cf4d24ep-1,-1.3284114440045707,0.48218841513897254,0x1.edc2ccc620b9bp-2,1.799762219540312,0x1.ccbd37818083ep+0,3.7324874738469167,0.40743139263116274,0x1.a135b1eadbbabp-2,0.7294270538071509,0x1.75777679d6b47p-1,1.7903064589514401,0.6147591303405201,0x1.3ac1b56f75ba1p-1,0.14310478735592155,0x1.25141f6cc1fb3p-3,0.2327818820302102,-0.1124043607287662,-0x1.cc6883d4201a4p-4,0.0036133272121941866,0x1.d99b246988ad3p-9,-0.03214579210955358,-1.3277225685903369
H593-5cde50d3890df26e13611884,OUTCOME-0087,3,21,/hkfs/work/workspace/scratch/ap7811-benchmark/dailymed/data/box_flat_20000_images/data/raw_images/animal/1g package.jpg,67,422.02471923828125,0x1.a606540000000p+8,False,False,False,CHALLENGER,3,-6.117268413725954,-0x1.8781536073a22p+2,-6.117268413725954,-0x1.8781536073a22p+2,7.76855047326748e-05,0.008412236126552368,0.009234822176171257,7.001630189830112e-05,7.714366055245761e-05,7.669202834373684e-06,5.418441802171922e-07,-1.3277225685903369,-8.881784197001252e-16,-1.6388330078920639,-4.47843540583389,False,123,-3.4382725285271003,-0x1.b8195070612afp+1,-1.6388330078920639,-0x1.a38a8f5c80710p+0,0.4766443015481711,-0.9840273835349862,-0x1.f7d26fed4d6c0p-1,1.3071932375017505,0x1.4ea4374c9f544p+0,-1.3284114440045707,-0.7037421263608592,-0x1.6850e3531324cp-1,-2.626708671460301,-0x1.5037fd6005533p+1,3.7324874738469167,-0.9115012872029689,-0x1.d2b04bf598e94p-1,-1.631866641822027,-0x1.a1c203220f177p+0,1.7903064589514401,-0.9943342339132786,-0x1.fd19606fe6c82p-1,-0.23146299433740025,-0x1.da0945374e938p-3,0.2327818820302102,-0.9995781956443344,-0x1.ffc8b6982c992p-1,0.03213223287442545,0x1.073a2d2afac8fp-5,-0.03214579210955358,-1.3277225685903369
H593-5cde50d3890df26e13611884,OUTCOME-0087,4,22,/hkfs/work/workspace/scratch/ap7811-benchmark/dailymed/data/box_flat_20000_images/data/raw_images/animal/2-3BlisterCarton.jpg,3,487.45526123046875,0x1.e7748c0000000p+8,False,False,False,CHALLENGER,4,-2.482915959613978,-0x1.3dd030aea1164p+1,-2.482915959613978,-0x1.3dd030aea1164p+1,0.0036025823269600432,0.023309965283552593,0.15455116655630582,0.0030582549260880962,0.003227994407922501,0.000544327400871947,0.00037458791903754226,-1.3277225685903369,0.0,-0.09834831660034762,-2.38456764301363,False,4,-0.20633482091552552,-0x1.a692dededd976p-3,-0.09834831660034762,-0x1.92d5af36a4712p-4,0.4766443015481711,-0.45630561741033143,-0x1.d341c79f08aa3p-2,0.6061616041314556,0x1.365ad053abc6bp-1,-1.3284114440045707,-0.34968008732472255,-0x1.6612896c7d09cp-2,-1.305176545793223,-0x1.4e200cd3b029ep+0,3.7324874738469167,-0.12686884903290255,-0x1.03d3d0abd1dfdp-3,-0.2271341198633406,-0x1.d12bb184f3492p-3,1.7903064589514401,-0.6643958868037485,-0x1.542bb29ad6898p-1,-0.15465932494330706,-0x1.3cbe073539391p-3,0.2327818820302102,-0.7454571958735495,-0x1.7dac90c9b0849p-1,0.023963312045121886,0x1.889d6a6268b76p-6,-0.03214579210955358,-1.3277225685903369
H593-5cde50d3890df26e13611884,OUTCOME-0087,5,29,/hkfs/work/workspace/scratch/ap7811-benchmark/dailymed/data/box_flat_20000_images/data/raw_images/animal/222_UPD.jpg,109,407.77899169921875,0x1.97c76c0000000p+8,False,False,False,CHALLENGER,5,-6.322347446086453,-0x1.94a1572eb8fcfp+2,-6.322347446086453,-0x1.94a1572eb8fcfp+2,0.00013501363528033408,0.00887944665470518,0.015205185698006413,0.00014316696610201947,0.00015145721702310077,-8.153330821685396e-06,-1.644358174276669e-05,-1.3277225685903369,0.0,-1.9742318067108007,-4.348115639375652,False,125,-4.141939388131505,-0x1.091588f182801p+2,-1.9742318067108007,-0x1.f96741748bbefp+0,0.4766443015481711,-0.9724030112595331,-0x1.f1deceb7c881bp-1,1.291751288341669,0x1.4ab03661fe4b3p+0,-1.3284114440045707,-0.6898398277200134,-0x1.6132af97124b7p-1,-2.574818515925665,-0x1.4993a733849b3p+1,3.7324874738469167,-0.8583389428501634,-0x1.b77833b0d96dbp-1,-1.5366897533541986,-0x1.89647feac12ccp+0,1.7903064589514401,-0.9999999996306818,-0x1.fffffffcd3dc5p-1,-0.2327818819442396,-0x1.dcbcbf506a2c2p-3,0.2327818820302102,-0.9999999996131643,-0x1.fffffffcad56ep-1,0.032145792097118445,0x1.07569cb85b402p-5,-0.03214579210955358,-1.3277225685903369
H593-5cde50d3890df26e13611884,OUTCOME-0087,6,31,/hkfs/work/workspace/scratch/ap7811-benchmark/dailymed/data/box_flat_20000_images/data/raw_images/animal/23BlisterCarton.jpg,4,486.92706298828125,0x1.e6ed540000000p+8,False,False,False,CHALLENGER,6,-2.3634022049018455,-0x1.2e83f6a4ac820p+1,-2.3634022049018455,-0x1.2e83f6a4ac820p+1,0.003163927639057102,0.030820552990218984,0.1026564202161196,0.003084826508691601,0.0027568620888790522,7.910113036550077e-05,0.0004070655501780497,-1.3277225685903369,0.0,-0.1107841192283343,-2.2526180856735114,False,3,-0.23242514149125545,-0x1.dc01b66bc8f07p-3,-0.1107841192283343,-0x1.c5c59190079efp-4,0.4766443015481711,-0.5061601755255736,-0x1.03276d30d704cp-1,0.6723889696675341,0x1.58435df5d38e5p-1,-1.3284114440045707,-0.22168625581312712,-0x1.c60371958543ep-3,-0.8274411729465202,-0x1.a7a65e92569f5p-1,3.7324874738469167,-0.32042884076918143,-0x1.481e7f7f31ff6p-2,-0.5736658232633881,-0x1.25b786db7f92fp-1,1.7903064589514401,-0.9430648547633691,-0x1.e2d9658a6e6b0p-1,-0.21952841176836388,-0x1.c1981ca8b41c3p-3,0.2327818820302102,-0.7264067766002863,-0x1.73eb96ca2e989p-1,0.023350921227563735,0x1.7e94dcc03f376p-6,-0.03214579210955358,-1.3277225685903369
H593-5cde50d3890df26e13611884,OUTCOME-0087,7,34,/hkfs/work/workspace/scratch/ap7811-benchmark/dailymed/data/box_flat_20000_images/data/raw_images/animal/25 lb unit carton.jpg,37,434.4284362792969,0x1.b26dae0000000p+8,False,False,False,CHALLENGER,7,-4.931048893762039,-0x1.3b964e196bd60p+2,-4.931048893762039,-0x1.3b964e196bd60p+2,0.00042634227967043884,0.015505167512378543,0.02749678643136675,0.0003819238059987399,0.00033258939154701963,4.441847367169893e-05,9.375288812341921e-05,-1.3277225685903369,0.0,-1.3468021667127221,-3.584246727049317,False,51,-2.8255916672835966,-0x1.69acfcdd6aa50p+1,-1.3468021667127221,-0x1.58c806dc368c8p+0,0.4766443015481711,-0.9153746373340559,-0x1.d4abfc05e0112p-1,1.2159941437860933,0x1.374b6467b054bp+0,-1.3284114440045707,-0.5145752604946011,-0x1.077668964f5b3p-1,-1.9206457141476128,-0x1.ebaf700177709p+0,3.7324874738469167,-0.7576965181458875,-0x1.83f0cc4b7595ap-1,-1.3565089703615993,-0x1.5b442c006f072p+0,1.7903064589514401,-0.9676245134142162,-0x1.ef6c7aefd80cbp-1,-0.2252454553311276,-0x1.cd4d7d41c2320p-3,0.2327818820302102,-0.9295722903149711,-0x1.dbf0e634575b5p-1,0.02988183759526665,0x1.e99582cdd3d24p-6,-0.03214579210955358,-1.3277225685903369
H593-5cde50d3890df26e13611884,OUTCOME-0087,8,37,/hkfs/work/workspace/scratch/ap7811-benchmark/dailymed/data/box_flat_20000_images/data/raw_images/animal/26-50 lb unit carton.jpg,35,436.05419921875,0x1.b40de00000000p+8,False,False,False,CHALLENGER,8,-3.7730730035070774,-0x1.e2f40e61bddfcp+1,-3.7730730035070774,-0x1.e2f40e61bddfcp+1,0.0016342024256610274,0.030221326968097376,0.05407447619312498,0.001580853288732399,0.0016655941933605052,5.3349136928628436e-05,-3.1391767699477744e-05,-1.3277225685903369,0.0,-1.3085255019680528,-2.4645475015390246,False,10,-2.7452872041433802,-0x1.5f659233f627fp+1,-1.3085255019680528,-0x1.4efb86fcef4d2p+0,0.4766443015481711,-0.7103467392581236,-0x1.6bb2915bde259p-1,0.9436327376418223,0x1.e323d48736910p-1,-1.3284114440045707,-0.2310001877814658,-0x1.d916a05f214a0p-3,-0.8622053073506067,-0x1.b972f95b04581p-1,3.7324874738469167,-0.5734429346785271,-0x1.259a4ff522115p-1,-1.0266385897950359,-0x1.06d1c95ffb327p+0,1.7903064589514401,-0.9612413285369783,-0x1.ec27d2cb42840p-1,-0.2237595655420574,-0x1.ca4274815cc8ep-3,0.2327818820302102,-0.9999999996153883,-0x1.fffffffcb23aep-1,0.032145792097189936,0x1.07569cb85dc41p-5,-0.03214579210955358,-1.3277225685903369
H593-5cde50d3890df26e13611884,OUTCOME-0087,9,42,/hkfs/work/workspace/scratch/ap7811-benchmark/dailymed/data/box_flat_20000_images/data/raw_images/animal/378d4874-b421-43f5-b644-f543698321cc-04.jpg,116,404.2392578125,0x1.943d400000000p+8,False,False,False,CHALLENGER,9,-4.437372179082329,-0x1.1bfde7e155afep+2,-4.437372179082329,-0x1.1bfde7e155afep+2,0.0015165970252604664,0.032878053756118894,0.046127944084227136,0.0014499253244927381,0.001497954143645086,6.667170076772827e-05,1.8642881615380446e-05,-1.3277225685903369,0.0,-2.0575706527253708,-2.3798015263569585,False,29,-4.316784331717068,-0x1.144631ca270aap+2,-2.0575706527253708,-0x1.075e79a355198p+1,0.4766443015481711,-0.728360490877933,-0x1.74ebaa9009d85p-1,0.9675624114430329,0x1.ef645723f933bp-1,-1.3284114440045707,-0.1907515883138806,-0x1.86a8c4cbbed17p-3,-0.7119779139979632,-0x1.6c885e8030ec4p-1,3.7324874738469167,-0.624354116531937,-0x1.3fab57bf415a5p-1,-1.117785207500047,-0x1.1e272bde2a4f8p+0,1.7903064589514401,-0.951795639629577,-0x1.e751c2115e6e4p-1,-0.22156078030112064,-0x1.c5c1a88bc1a5ap-3,0.2327818820302102,-0.9855887974855703,-0x1.f89f1849024cbp-1,0.031682532589476044,0x1.038b162a70abdp-5,-0.03214579210955358,-1.3277225685903369
H593-5cde50d3890df26e13611884,OUTCOME-0087,10,43,/hkfs/work/workspace/scratch/ap7811-benchmark/dailymed/data/box_flat_20000_images/data/raw_images/animal/378d4874-b421-43f5-b644-f543698321cc-05.jpg,124,400.7924499511719,0x1.90cade0000000p+8,False,False,False,CHALLENGER,10,-5.414034892557955,-0x1.5a7f8c34bc1d5p+2,-5.414034892557955,-0x1.5a7f8c34bc1d5p+2,0.0007201322405376433,0.01817351896875144,0.03962536049159652,0.0007409591521650746,0.0007889548732645503,-2.082691162743136e-05,-6.882263272690707e-05,-1.3277225685903369,0.0,-2.1387216654257375,-3.275313227132217,False,83,-4.487039199837349,-0x1.1f2ba676caf89p+2,-2.1387216654257375,-0x1.11c1a1ac20067p+1,0.4766443015481711,-0.8611094860925935,-0x1.b8e357b2160b7p-1,1.143907695866296,0x1.24d7227f6371dp+0,-1.3284114440045707,-0.4538488331564182,-0x1.d0bdbf9ef034ep-2,-1.6939850847763702,-0x1.b1a901ab06bb7p+0,3.7324874738469167,-0.6685320123826883,-0x1.5649d3f306826p-1,-1.196877179784531,-0x1.32668af880d68p+0,1.7903064589514401,-0.9999999996324024,-0x1.fffffffcd7a4fp-1,-0.2327818819446401,-0x1.dcbcbf506db20p-3,0.2327818820302102,-0.9999999996208467,-0x1.fffffffcbe3bbp-1,0.0321457920973654,0x1.07569cb863f08p-5,-0.03214579210955358,-1.3277225685903369
H593-5cde50d3890df26e13611884,OUTCOME-0087,11,44,/hkfs/work/workspace/scratch/ap7811-benchmark/dailymed/data/box_flat_20000_images/data/raw_images/animal/378d4874-b421-43f5-b644-f543698321cc-06.jpg,110,406.57110595703125,0x1.9692340000000p+8,False,False,False,CHALLENGER,11,-5.1540954013729765,-0x1.49dcb2f557197p+2,-5.1540954013729765,-0x1.49dcb2f557197p+2,0.0005420640296479519,0.02174437237759011,0.024928934265612865,0.000544834156295161,0.0006987926143594746,-2.7701266472090254e-06,-0.00015672858471152266,-1.3277225685903369,0.0,-2.002670047294098,-3.1514253540788784,False,61,-4.2016028321104395,-0x1.0ce70f90ac801p+2,-2.002670047294098,-0x1.00577dfae7495p+1,0.4766443015481711,-0.8936265301000152,-0x1.c9896aa33c2c4p-1,1.187103709250955,0x1.2fe607583171fp+0,-1.3284114440045707,-0.37981395008532365,-0x1.84edf2b8b962fp-2,-1.4176508110857886,-0x1.6aeb29dec2e6fp+0,3.7324874738469167,-0.7778107411973364,-0x1.8e3d359fd714bp-1,-1.3925195938073984,-0x1.647c2a027125ap+0,1.7903064589514401,-0.9999999996299461,-0x1.fffffffcd23e3p-1,-0.23278188194406835,-0x1.dcbcbf5068aa8p-3,0.2327818820302102,-0.9999999996330763,-0x1.fffffffcd9205p-1,0.03214579209775853,0x1.07569cb871c58p-5,-0.03214579210955358,-1.3277225685903369
H593-5cde50d3890df26e13611884,OUTCOME-0087,12,45,/hkfs/work/workspace/scratch/ap7811-benchmark/dailymed/data/box_flat_20000_images/data/raw_images/animal/378d4874-b421-43f5-b644-f543698321cc-07.jpg,100,410.44964599609375,0x1.9a731c0000000p+8,False,False,False,CHALLENGER,12,-5.205931200174788,-0x1.4d2dfa0e7e830p+2,-5.205931200174788,-0x1.4d2dfa0e7e830p+2,0.000565814669285021,0.019087923978986728,0.02964254624588341,0.0005815866500157162,0.0008477437864734467,-1.577198073069526e-05,-0.00028192911718842573,-1.3277225685903369,0.0,-1.9113544113109642,-3.294576788863824,False,66,-4.010022578897436,-0x1.00a435be25822p+2,-1.9113544113109642,-0x1.e94e85cfa55b4p+0,0.4766443015481711,-0.8892239072447171,-0x1.c7485b20dff29p-1,1.181255214666341,0x1.2e66bde338ad5p+0,-1.3284114440045707,-0.43414389093222855,-0x1.bc9037553f9a7p-2,-1.620436634751705,-0x1.9ed4ef6f7fb5fp+0,3.7324874738469167,-0.7412343868318209,-0x1.7b8312d43a005p-1,-1.3270367103419192,-0x1.53b8ad87828d4p+0,1.7903064589514401,-0.999999999631718,-0x1.fffffffcd623bp-1,-0.23278188194448082,-0x1.dcbcbf506c4b5p-3,0.2327818820302102,-0.9999999996491921,-0x1.fffffffcfc90bp-1,0.03214579209827658,0x1.07569cb883ffbp-5,-0.03214579210955358,-1.3277225685903369
H593-5cde50d3890df26e13611884,OUTCOME-0087,13,46,/hkfs/work/workspace/scratch/ap7811-benchmark/dailymed/data/box_flat_20000_images/data/raw_images/animal/378d4874-b421-43f5-b644-f543698321cc-08.jpg,96,412.0085754394531,0x1.9c02320000000p+8,False,False,False,CHALLENGER,13,-4.931150640989529,-0x1.3b97f8dbacc40p+2,-4.931150640989529,-0x1.3b97f8dbacc40p+2,0.0009218738990350086,0.020810495639982853,0.04429850758882589,0.0009107656223242505,0.0009417870616987048,1.1108276710758056e-05,-1.991316266369619e-05,-1.3277225685903369,0.0,-1.8746512621518792,-3.0564993788376498,False,52,-3.933019352298752,-0x1.f76d2d9a54415p+1,-1.8746512621518792,-0x1.dfe9252658f21p+0,0.4766443015481711,-0.8255930087140328,-0x1.a6b42078774dap-1,1.0967272008658864,0x1.18c31d245a445p+0,-1.3284114440045707,-0.3984381637620334,-0x1.98002c8b584b9p-2,-1.487165455344356,-0x1.7cb6e01271e8cp+0,3.7324874738469167,-0.6365448486953093,-0x1.45e934d72ad07p-1,-1.1396103540314793,-0x1.23bd8110bf891p+0,1.7903064589514401,-0.991803966103069,-0x1.fbcdbabce95b3p-1,-0.2308739938344992,-0x1.d8d476e820ee6p-3,0.2327818820302102,-0.9999999996136828,-0x1.fffffffcae7acp-1,0.03214579209713511,0x1.07569cb85bd64p-5,-0.03214579210955358,-1.3277225685903369
H593-5cde50d3890df26e13611884,OUTCOME-0087,14,47,/hkfs/work/workspace/scratch/ap7811-benchmark/dailymed/data/box_flat_20000_images/data/raw_images/animal/3g package.jpg,73,418.44189453125,0x1.a271200000000p+8,False,False,False,CHALLENGER,14,-5.911572369786226,-0x1.7a5733a30ad1ep+2,-5.911572369786226,-0x1.7a5733a30ad1ep+2,0.000124582070094977,0.010897551029610852,0.011432116239369955,0.00011460276917551213,0.000146132786062972,9.979300919464877e-06,-2.1550715967994996e-05,-1.3277225685903369,0.0,-1.7231863762841884,-4.188385993502038,False,112,-3.615245940604281,-0x1.cec06104f231dp+1,-1.7231863762841884,-0x1.b922be0b0da7ap+0,0.4766443015481711,-0.9745080614524554,-0x1.f2f2b87b40d8dp-1,1.2945476611081512,0x1.4b6779bb92a31p+0,-1.3284114440045707,-0.6323070156062252,-0x1.43bdbec21ec54p-1,-2.360078015375762,-0x1.2e1709520613fp+1,3.7324874738469167,-0.8915857222504074,-0x1.c87dec7d4ac5bp-1,-1.596211677253789,-0x1.98a154174c5f7p+0,1.7903064589514401,-0.9926338917453029,-0x1.fc3a826be501fp-1,-0.23106718548744354,-0x1.d939c0a6c7580p-3,0.2327818820302102,-0.999999999613927,-0x1.fffffffcaf044p-1,0.03214579209714296,0x1.07569cb85c1cfp-5,-0.03214579210955358,-1.3277225685903369
H593-5cde50d3890df26e13611884,OUTCOME-0087,15,50,/hkfs/work/workspace/scratch/ap7811-benchmark/dailymed/data/box_flat_20000_images/data/raw_images/animal/4g package.jpg,63,423.24261474609375,0x1.a73e1c0000000p+8,False,False,False,CHALLENGER,15,-5.763818032537982,-0x1.70e26507761fep+2,-5.763818032537982,-0x1.70e26507761fep+2,0.0001549258886159802,0.010882126734687095,0.0142367289403228,0.000144291753419454,0.0001498777573562956,1.0634135196526209e-05,5.048131259684609e-06,-1.3277225685903369,8.881784197001252e-16,-1.6101590992210626,-4.153658933316919,False,106,-3.378114652773909,-0x1.b0660f99e6b2fp+1,-1.6101590992210626,-0x1.9c33630082e37p+0,0.4766443015481711,-0.9683972300740883,-0x1.efd1c301690f9p-1,1.286429962772746,0x1.4953795ab414cp+0,-1.3284114440045707,-0.6327318763733417,-0x1.43f56eb852081p-1,-2.3616638028671537,-0x1.2e4affdebb0fbp+1,3.7324874738469167,-0.8667606011132812,-0x1.bbc80ba67c561p-1,-1.5517671025377402,-0x1.8d409bdc68849p+0,1.7903064589514401,-0.9921524298393195,-0x1.fbfb673d9d167p-1,-0.23095510987884288,-0x1.d8fefe1e30926p-3,0.2327818820302102,-0.9960771125279497,-0x1.fdfdd1bd340c4p-1,0.032019687784407884,0x1.064e26fb96d5fp-5,-0.03214579210955358,-1.3277225685903369
H593-5cde50d3890df26e13611884,OUTCOME-0087,16,51,/hkfs/work/workspace/scratch/ap7811-benchmark/dailymed/data/box_flat_20000_images/data/raw_images/animal/5-75BlisterCarton.jpg,1,491.63250732421875,0x1.eba1ec0000000p+8,False,True,False,HOLD,,,,0.0,0x0.0p+0,0.009649650701561423,0.048377722051239934,0.19946475965405858,0.0069501120125929385,0.007081017179350247,0.0026995386889684843,0.002568633522211176,,,0.0,0.0,True,2,,,,,0.4766443015481711,,,,,-1.3284114440045707,,,,,3.7324874738469167,,,,,1.7903064589514401,,,,,0.2327818820302102,,,,,-0.03214579210955358,-1.3277225685903369
H593-5cde50d3890df26e13611884,OUTCOME-0087,17,60,/hkfs/work/workspace/scratch/ap7811-benchmark/dailymed/data/box_flat_20000_images/data/raw_images/animal/51-100 lb unit carton.jpg,28,437.315673828125,0x1.b550d00000000p+8,False,False,False,CHALLENGER,16,-4.404880292166244,-0x1.19e98f0769885p+2,-4.404880292166244,-0x1.19e98f0769885p+2,0.0005953141459993629,0.02172340933245723,0.02740426868032617,0.0005644762626536188,0.0006048246344376325,3.083788334574413e-05,-9.510488438269657e-06,-1.3277225685903369,0.0,-1.2788255749152186,-3.1260547172510256,False,28,-2.6829767412754366,-0x1.576bc827da73ap+1,-1.2788255749152186,-0x1.47611ce58c9c7p+0,0.4766443015481711,-0.8837840528885771,-0x1.c47f57e7c3fadp-1,1.1740288498859266,0x1.2c8d279ad20f7p+0,-1.3284114440045707,-0.3802265697041409,-0x1.855a1d27cc56cp-2,-1.4191909086444876,-0x1.6b50186b6899ep+0,3.7324874738469167,-0.7584133111346171,-0x1.844ebfe05937bp-1,-1.357792249479053,-0x1.5b9845da4659bp+0,1.7903064589514401,-0.9774112595697287,-0x1.f46f3fa53034bp-1,-0.22752363252015975,-0x1.d1f7e905edfe9p-3,0.2327818820302102,-0.999999999612124,-0x1.fffffffcab0d4p-1,0.032145792097085,0x1.07569cb85a12ep-5,-0.03214579210955358,-1.3277225685903369
H593-5cde50d3890df26e13611884,OUTCOME-0087,18,98,/hkfs/work/workspace/scratch/ap7811-benchmark/dailymed/data/box_flat_20000_images/data/raw_images/animal/G002477 CapStar Carton FLEA TABS DOG 2-25LB 6CT.jpg,29,437.1280517578125,0x1.b520c80000000p+8,False,False,False,CHALLENGER,17,-4.799082735943273,-0x1.33242bea6b2c0p+2,-4.799082735943273,-0x1.33242bea6b2c0p+2,0.000886011099927908,0.011510580299762752,0.07697362572990085,0.0008794607783377293,0.0007784503265476624,6.550321590178664e-06,0.00010756077338024562,-1.3277225685903369,0.0,-1.2832429145591326,-3.51583982138414,False,45,-2.692244322214863,-0x1.589b764260943p+1,-1.2832429145591326,-0x1.48829b8edaee3p+0,0.4766443015481711,-0.8318072244462963,-0x1.a9e2a2f325915p-1,1.1049822361601385,0x1.1ae01da6f7ff9p+0,-1.3284114440045707,-0.6155983773723438,-0x1.3b2fb5e491dc3p-1,-2.2977132324627605,-0x1.261b779a81cadp+1,3.7324874738469167,-0.44310464971635694,-0x1.c5bd39acf2fbdp-2,-0.7932931163786092,-0x1.962a83edf9e18p-1,1.7903064589514401,-0.9951588273244524,-0x1.fd8575335e53fp-1,-0.231654944743563,-0x1.da6de85d0ad59p-3,0.2327818820302102,-0.9196166182573199,-0x1.d6d7fd488beebp-1,0.0295618046309905,0x1.e45732067440ep-6,-0.03214579210955358,-1.3277225685903369
H593-5cde50d3890df26e13611884,OUTCOME-0087,19,99,/hkfs/work/workspace/scratch/ap7811-benchmark/dailymed/data/box_flat_20000_images/data/raw_images/animal/G002478 CapStar Carton FLEA TABS DOG Over25lbs 6CT.jpg,34,436.29022216796875,0x1.b44a4c0000000p+8,False,False,False,CHALLENGER,18,-5.469855184884491,-0x1.5e121b7b3bd5cp+2,-5.469855184884491,-0x1.5e121b7b3bd5cp+2,0.00024011964934238196,0.00937475695825202,0.025613426610598095,0.000233005685674336,0.00023644335108672125,7.113963668045967e-06,3.676298255660712e-06,-1.3277225685903369,0.0,-1.3029686209000584,-4.166886563984432,False,87,-2.7336288646857483,-0x1.5de78cf69d0b0p+1,-1.3029686209000584,-0x1.4d8f59fe7adf8p+0,0.4766443015481711,-0.9514408037197428,-0x1.e7233fc01cccep-1,1.2639048519542129,0x1.438f44b466293p+0,-1.3284114440045707,-0.6753470285821358,-0x1.59c715f26c0edp-1,-2.5207243246825577,-0x1.42a7183c5f238p+1,3.7324874738469167,-0.7724041850873374,-0x1.8b788fb47cbf1p-1,-1.382840201482984,-0x1.6201d0c0f6a5cp+0,1.7903064589514401,-0.9947433490156279,-0x1.fd4f000fdf0bap-1,-0.2315582289208921,-0x1.da3b3362ade6dp-3,0.2327818820302102,-0.9971416361085428,-0x1.fe89593921db0p-1,0.032053907738125345,0x1.0695eaae374b2p-5,-0.03214579210955358,-1.3277225685903369
H593-5cde50d3890df26e13611884,OUTCOME-0087,20,100,/hkfs/work/workspace/scratch/ap7811-benchmark/dailymed/data/box_flat_20000_images/data/raw_images/animal/G002479 CapStar Carton FLEA TABS Cat 2-25lbs 6CT.jpg,51,429.1787414550781,0x1.ad2dc20000000p+8,False,False,False,CHALLENGER,19,-5.294780914531718,-0x1.52ddb0c4d9845p+2,-5.294780914531718,-0x1.52ddb0c4d9845p+2,0.0004682136497989759,0.011152582983197077,0.04198253001160405,0.0004670265947948116,0.0005198362530659813,1.1870550041642963e-06,-5.162260326700544e-05,-1.3277225685903369,-8.881784197001252e-16,-1.4704000197096905,-3.8243808948220277,False,71,-3.0849000290861284,-0x1.8ade01102d5c0p+1,-1.4704000197096905,-0x1.786c22bcb0dd4p+0,0.4766443015481711,-0.9074481266019847,-0x1.d09d0a7524dc2p-1,1.2054644762185849,0x1.349951e5d93d5p+0,-1.3284114440045707,-0.6253140991950837,-0x1.40292b6b8a8a1p-1,-2.333977042465518,-0x1.2abfc27d8089cp+1,3.7324874738469167,-0.6522426897393274,-0x1.4df2c0faf891ap-1,-1.167714300244178,-0x1.2aef530a9eca0p+0,1.7903064589514401,-0.9991209359140788,-0x1.ff8cc780fff05p-1,-0.2325772518378643,-0x1.dc5176537f59dp-3,0.2327818820302102,-0.999999999618358,-0x1.fffffffcb8c2ap-1,0.032145792097285394,0x1.07569cb8611fep-5,-0.03214579210955358,-1.3277225685903369
H593-5cde50d3890df26e13611884,OUTCOME-0087,21,101,/hkfs/work/workspace/scratch/ap7811-benchmark/dailymed/data/box_flat_20000_images/data/raw_images/animal/G002486_Capaction_SmDog_6ct.jpg,36,434.6275329589844,0x1.b2a0a60000000p+8,False,False,False,CHALLENGER,20,-5.4978864941482115,-0x1.5fdd5f505f258p+2,-5.4978864941482115,-0x1.5fdd5f505f258p+2,0.00018983249590945073,0.010366787896354911,0.01831160218645914,0.0001861455828604258,0.0001556630533869914,3.6869130490249278e-06,3.416944252245934e-05,-1.3277225685903369,-8.881784197001252e-16,-1.3421146709682696,-4.155771823179942,False,90,-2.81575729870051,-0x1.686abc33b22cep+1,-1.3421146709682696,-0x1.5794d3bb4a5f7p+0,0.4766443015481711,-0.9614141327180775,-0x1.ec3e7923df68dp-1,1.2771535363304234,0x1.46f388be8289ep+0,-1.3284114440045707,-0.647055089712162,-0x1.4b4ace020c547p-1,-2.4151250172395375,-0x1.3522d10a65cacp+1,3.7324874738469167,-0.8318311314220133,-0x1.a9e5c5228123ap-1,-1.4892326473417146,-0x1.7d3e59cc77d9bp+0,1.7903064589514401,-0.9972722117274198,-0x1.fe9a769d285fcp-1,-0.23214690234233903,-0x1.db6fd5cb6ca68p-3,0.2327818820302102,-0.9737441185734717,-0x1.f28e96cfe40c6p-1,0.03130177600356331,0x1.006c9507bea4fp-5,-0.03214579210955358,-1.3277225685903369
H593-5cde50d3890df26e13611884,OUTCOME-0087,22,102,/hkfs/work/workspace/scratch/ap7811-benchmark/dailymed/data/box_flat_20000_images/data/raw_images/animal/G002487_Capaction_LgDog_6ct .jpg,27,437.6600036621094,0x1.b5a8f60000000p+8,False,False,False,CHALLENGER,21,-5.291241405765908,-0x1.52a3b2fe405c7p+2,-5.291241405765908,-0x1.52a3b2fe405c7p+2,0.0001839817157385609,0.012148200466398163,0.015144771132765963,0.00017848733163490125,0.00021576304883398913,5.494384103659644e-06,-3.178133309542823e-05,-1.3277225685903369,0.0,-1.2707187363982568,-4.020522669367652,False,70,-2.665968589723786,-0x1.553e757083719p+1,-1.2707187363982568,-0x1.454dd2b73eb59p+0,0.4766443015481711,-0.9625811280283005,-0x1.ecd76f0141b5cp-1,1.2787037862556232,0x1.4759219f3d413p+0,-1.3284114440045707,-0.5985785937204907,-0x1.3278e4b83af8bp-1,-2.234187103174634,-0x1.1df9d7cea3d81p+1,3.7324874738469167,-0.8588620824278399,-0x1.b7bcc5579aa38p-1,-1.5376263335190459,-0x1.89a1e11feec4dp+0,1.7903064589514401,-0.9959376580964401,-0x1.fdeb8a6cc2118p-1,-0.23183624243644932,-0x1.daccf5ba562c9p-3,0.2327818820302102,-0.999999999615446,-0x1.fffffffcb25b5p-1,0.03214579209719179,0x1.07569cb85dd4cp-5,-0.03214579210955358,-1.3277225685903369
H593-5cde50d3890df26e13611884,OUTCOME-0087,23,103,/hkfs/work/workspace/scratch/ap7811-benchmark/dailymed/data/box_flat_20000_images/data/raw_images/animal/G002488_Capaction_Cat_6ct.jpg,61,424.45263671875,0x1.a873e00000000p+8,False,False,False,CHALLENGER,22,-5.83776798735176,-0x1.759dfd9ed3f07p+2,-5.83776798735176,-0x1.759dfd9ed3f07p+2,0.0001956533387787358,0.00895651499226275,0.021844806707492205,0.0001933363654973508,0.00017406110282474003,2.3169732813850205e-06,2.1592235953995782e-05,-1.3277225685903369,-8.881784197001252e-16,-1.5816705636190476,-4.2560974237327125,False,109,-3.3183456898187615,-0x1.a8bf8d334c0cdp+1,-1.5816705636190476,-0x1.94e85cafca299p+0,0.4766443015481711,-0.960254485091127,-0x1.eba679d29b7fep-1,1.2756130471517695,0x1.468e939fde254p+0,-1.3284114440045707,-0.6875683551588652,-0x1.6008f59e57fb4p-1,-2.566340273043992,-0x1.487dd68b90da2p+1,3.7324874738469167,-0.8025859698066021,-0x1.9aec8c5918793p-1,-1.4368748456085654,-0x1.6fd707a655766p+0,1.7903064589514401,-0.9982849018821396,-0x1.ff1f32db59458p-1,-0.23238263826246816,-0x1.dbeb6dbbf6c83p-3,0.2327818820302102,-0.9833279115709551,-0x1.f776c18ae1e93p-1,0.03160985462088141,0x1.02f2ab7a7efa2p-5,-0.03214579210955358,-1.3277225685903369
H593-5cde50d3890df26e13611884,OUTCOME-0087,24,104,/hkfs/work/workspace/scratch/ap7811-benchmark/dailymed/data/box_flat_20000_images/data/raw_images/animal/G003117 Capstar 60 ct Vet Pack Dog&Cat 2-25lbs.jpg,26,438.32110595703125,0x1.b652340000000p+8,False,False,False,CHALLENGER,23,-4.552794997901378,-0x1.2360fe45583e6p+2,-4.552794997901378,-0x1.2360fe45583e6p+2,0.0006016920609007405,0.018640313093521137,0.032279074813924245,0.000566416503577165,0.0006650388431642542,3.5275557323575504e-05,-6.334678226351366e-05,-1.3277225685903369,0.0,-1.2551538651057865,-3.2976411327955915,False,34,-2.6333134814136385,-0x1.51106a8964cc3p+1,-1.2551538651057865,-0x1.4151c38213cd2p+0,0.4766443015481711,-0.8826120489219634,-0x1.c3e5b9fa59cc1p-1,1.1724719464042581,0x1.2c271f1948a41p+0,-1.3284114440045707,-0.4437224829561376,-0x1.c65f2fc32fa52p-2,-1.6561886094980356,-0x1.a7fbfa09cd415p+0,3.7324874738469167,-0.7214245212746355,-0x1.715e8e0ad0646p-1,-1.2915709800839306,-0x1.4aa4654fec538p+0,1.7903064589514401,-0.9742025932046356,-0x1.f2caaeaafc0f0p-1,-0.22677671312488634,-0x1.d0704f32ed140p-3,0.2327818820302102,-0.9999999996200579,-0x1.fffffffcbc7fap-1,0.032145792097340045,0x1.07569cb8630c2p-5,-0.03214579210955358,-1.3277225685903369
H593-5cde50d3890df26e13611884,OUTCOME-0087,25,105,/hkfs/work/workspace/scratch/ap7811-benchmark/dailymed/data/box_flat_20000_images/data/raw_images/animal/G003118 Capstar Vet Pack Dog Over 25lbs.jpg,30,437.00592041015625,0x1.b501840000000p+8,False,False,False,CHALLENGER,24,-4.48816131250882,-0x1.1f3e08f21975dp+2,-4.48816131250882,-0x1.1f3e08f21975dp+2,0.000637599807379653,0.0201495502329185,0.03164337665155426,0.0006350479631121883,0.0006251779809582376,2.551844267464692e-06,1.242182642141544e-05,-1.3277225685903369,0.0,-1.2861183526292275,-3.2020429598795923,False,32,-2.698276992826376,-0x1.596123f7de879p+1,-1.2861183526292275,-0x1.493f0d6753f31p+0,0.4766443015481711,-0.8760407735257327,-0x1.c0886a9082d96p-1,1.1637425889661996,0x1.29eb08c8927b9p+0,-1.3284114440045707,-0.4119260971144048,-0x1.a5cff46de6b21p-2,-1.5375089976301646,-0x1.899a308e2096ap+0,3.7324874738469167,-0.7261595618591916,-0x1.73cb2fa3b9d04p-1,-1.3000481538258586,-0x1.4ccff4afe840ep+0,1.7903064589514401,-0.9981112070560682,-0x1.ff086ea0275f1p-1,-0.23234220525395635,-0x1.dbd63ae85ebe9p-3,0.2327818820302102,-0.9903746140715783,-0x1.fb1261a473bcep-1,0.031836376454524314,0x1.04cdb876401d1p-5,-0.03214579210955358,-1.3277225685903369
H593-5cde50d3890df26e13611884,OUTCOME-0087,26,107,/hkfs/work/workspace/scratch/ap7811-benchmark/dailymed/data/box_flat_20000_images/data/raw_images/animal/Horse Health - Single Unit Carton - 6.08g.jpg,123,400.8253173828125,0x1.90d3480000000p+8,False,False,False,CHALLENGER,25,-6.731537093859154,-0x1.aed180f57be69p+2,-6.731537093859154,-0x1.aed180f57be69p+2,0.00011339876541674815,0.006346708175197636,0.017867335678029173,0.00011243200303039275,0.00010209836347097185,9.667623863553984e-07,1.1300401945776295e-05,-1.3277225685903369,0.0,-2.1379478406377586,-4.5935892532213956,False,128,-4.485415715017608,-0x1.1f110d133dc3fp+2,-2.1379478406377586,-0x1.11a8465c0be73p+1,0.4766443015481711,-0.9767698061371737,-0x1.f41b2c0a28a9ep-1,1.2975521886307475,0x1.4c2c615705b46p+0,-1.3284114440045707,-0.7680484511462108,-0x1.893da586d5363p-1,-2.866731223210757,-0x1.6ef10c790e5f2p+1,3.7324874738469167,-0.8355757289217194,-0x1.abd094fa19accp-1,-1.495936624431612,-0x1.7ef5b3ded2895p+0,1.7903064589514401,-0.9992840133794122,-0x1.ffa22779c2a9dp-1,-0.2326152133171613,-0x1.dc655d6dfe821p-3,0.2327818820302102,-0.9912397737511136,-0x1.fb83c79582cd4p-1,0.03186418769772423,0x1.05080b82691ccp-5,-0.03214579210955358,-1.3277225685903369
H593-5cde50d3890df26e13611884,OUTCOME-0087,27,122,/hkfs/work/workspace/scratch/ap7811-benchmark/dailymed/data/box_flat_20000_images/data/raw_images/animal/P00989 PetArmor Sure Shot 2X.jpg,60,425.02496337890625,0x1.a906640000000p+8,False,False,False,CHALLENGER,26,-4.229170582995809,-0x1.0eaabb17cb063p+2,-4.229170582995809,-0x1.0eaabb17cb063p+2,0.001246933371640266,0.027432779859924657,0.04545413837049217,0.0015161826812778822,0.001255204668607328,-0.00026924930963761616,-8.271296967061852e-06,-1.3277225685903369,-8.881784197001252e-16,-1.568195809604415,-2.660974773391394,False,24,-3.2900756486772527,-0x1.a52132e837a71p+1,-1.568195809604415,-0x1.917547d3f9a71p+0,0.4766443015481711,-0.771133161796557,-0x1.8ad1f73d8df8dp-1,1.0243821169819745,0x1.063de80b0b79cp+0,-1.3284114440045707,-0.27628022058978663,-0x1.1ae933bfdbf46p-2,-1.0312124626230417,-0x1.07fd8a3a318eep+0,3.7324874738469167,-0.6288229390428643,-0x1.41f5148c53d10p-1,-1.1257857693052677,-0x1.20337f0577e43p+0,1.7903064589514401,-0.9999999996631622,-0x1.fffffffd1b493p-1,-0.23278188195180047,-0x1.dcbcbf50acadbp-3,0.2327818820302102,-0.9999999996119375,-0x1.fffffffcaaa44p-1,0.032145792097079004,0x1.07569cb859dcep-5,-0.03214579210955358,-1.3277225685903369
H593-5cde50d3890df26e13611884,OUTCOME-0087,28,123,/hkfs/work/workspace/scratch/ap7811-benchmark/dailymed/data/box_flat_20000_images/data/raw_images/animal/PBOXMW5LEURO_r072023.jpg,125,400.7032165527344,0x1.90b4060000000p+8,False,False,False,CHALLENGER,27,-5.951581135909143,-0x1.7ce6b4908e196p+2,-5.951581135909143,-0x1.7ce6b4908e196p+2,0.0003757111318960151,0.012617068260319218,0.02977800580485323,0.000361580577685481,0.00036960401026244475,1.4130554210534075e-05,6.1071216335703365e-06,-1.3277225685903369,0.0,-2.140822560207586,-3.8107585757015565,False,116,-4.491446878215176,-0x1.1f73dd9b69f35p+2,-2.140822560207586,-0x1.1206794150b6ap+1,0.4766443015481711,-0.9250478658825686,-0x1.d99fdfb666841p-1,1.2288441712904095,0x1.3a95881792916p+0,-1.3284114440045707,-0.5862902980348046,-0x1.2c2e3df00b0c6p-1,-2.1883211934528837,-0x1.181ae8ab830cbp+1,3.7324874738469167,-0.7402054913653484,-0x1.7afc36d377b24p-1,-1.3251946721427077,-0x1.533ff541afb61p+0,1.7903064589514401,-0.989585647004811,-0x1.faaaf84cf40d4p-1,-0.23035760933986313,-0x1.d7c5baf3fee2fp-3,0.2327818820302102,-0.9952561263630196,-0x1.fd923603bee15p-1,0.03199329653382522,0x1.0616ce49ba721p-5,-0.03214579210955358,-1.3277225685903369
H593-5cde50d3890df26e13611884,OUTCOME-0087,29,142,/hkfs/work/workspace/scratch/ap7811-benchmark/dailymed/data/box_flat_20000_images/data/raw_images/animal/SH104223A (Carton-1-Tablet-2.0-4.0lb).jpg.jpg,85,415.3074645996094,0x1.9f4eb60000000p+8,False,False,False,CHALLENGER,28,-5.40254905528173,-0x1.59c35d1cde206p+2,-5.40254905528173,-0x1.59c35d1cde206p+2,0.00040057354314752537,0.015553011342985352,0.025755368803751965,0.0004415556541364346,0.0002979419239607959,-4.098211098890921e-05,0.00010263161918672945,-1.3277225685903369,0.0,-1.7969828202475513,-3.6055662350341784,False,81,-3.7700709195742745,-0x1.e291af1396093p+1,-1.7969828202475513,-0x1.cc0710ec6fe47p+0,0.4766443015481711,-0.9202856505776865,-0x1.d72fae486b227p-1,1.2225179899805902,0x1.38f6f061bd00ap+0,-1.3284114440045707,-0.5134417980993492,-0x1.06e1d7e678e75p-1,-1.9164150799552586,-0x1.ea9a2dbdf8146p+0,3.7324874738469167,-0.7712871493281096,-0x1.8ae6263460ebdp-1,-1.3808403651483585,-0x1.617ec1114f13fp+0,1.7903064589514401,-0.9999999996351059,-0x1.fffffffcdd96ep-1,-0.23278188194526944,-0x1.dcbcbf50733b2p-3,0.2327818820302102,-0.923158792395576,-0x1.d8a844ecb52c2p-1,0.02967567062445472,0x1.e634c8b468df6p-6,-0.03214579210955358,-1.3277225685903369
H593-5cde50d3890df26e13611884,OUTCOME-0087,30,143,/hkfs/work/workspace/scratch/ap7811-benchmark/dailymed/data/box_flat_20000_images/data/raw_images/animal/SH104223C (Carton - 1 Tablet - 4.1-17.0 lb).jpg.jpg,84,415.5793762207031,0x1.9f94520000000p+8,False,False,False,CHALLENGER,29,-5.227253660227256,-0x1.4e8b52efa4a19p+2,-5.227253660227256,-0x1.4e8b52efa4a19p+2,0.0005850599933030664,0.016360394151944506,0.03576075171963564,0.0005434368058408364,0.0006125733110337091,4.162318746222995e-05,-2.7513317730642746e-05,-1.3277225685903369,0.0,-1.790580982865106,-3.43667267736215,False,69,-3.7566398613162577,-0x1.e0d993319a05dp+1,-1.790580982865106,-0x1.ca6383ea3ec34p+0,0.4766443015481711,-0.8856714154041558,-0x1.c576b94853650p-1,1.1765360438506065,0x1.2d317756e750dp+0,-1.3284114440045707,-0.49456687615550265,-0x1.fa6fbd3b17500p-2,-1.845964670230013,-0x1.d89124003596bp+0,3.7324874738469167,-0.6959449550251222,-0x1.6452e5ab4c55ap-1,-1.245954748056146,-0x1.3ef6e3ef3272fp+0,1.7903064589514401,-0.969630988738802,-0x1.f0737913a4815p-1,-0.22571252643343187,-0x1.ce425e7aa20c8p-3,0.2327818820302102,-0.9999999996148138,-0x1.fffffffcb0f77p-1,0.032145792097171465,0x1.07569cb85d1dbp-5,-0.03214579210955358,-1.3277225685903369
H593-5cde50d3890df26e13611884,OUTCOME-0087,31,144,/hkfs/work/workspace/scratch/ap7811-benchmark/dailymed/data/box_flat_20000_images/data/raw_images/animal/SH104223E (Carton - 3 Tablet - 4.1-17.0 lb).jpg.jpg,87,414.8433532714844,0x1.9ed7e60000000p+8,False,False,False,CHALLENGER,30,-5.943854904214121,-0x1.7c681e6671351p+2,-5.943854904214121,-0x1.7c681e6671351p+2,0.00018694708473781125,0.010668470571430366,0.01752332571816304,0.00018713570589126802,0.0001610186937471707,-1.886211534567737e-07,2.592839099064054e-05,-1.3277225685903369,-8.881784197001252e-16,-1.807909772314019,-4.135945131900103,False,115,-3.7929956708636032,-0x1.e580e1d41d47ep+1,-1.807909772314019,-0x1.ced32cc2351fep+0,0.4766443015481711,-0.9619894826889855,-0x1.ec89e2ae7d847p-1,1.2779178378160851,0x1.47259f9865267p+0,-1.3284114440045707,-0.6386398479602015,-0x1.46fbcd59d2ad3p-1,-2.3837152328109514,-0x1.311d94abf3354p+1,3.7324874738469167,-0.8384858257215114,-0x1.ad4e039f44533p-1,-1.5011465895284535,-0x1.804b249486d22p+0,1.7903064589514401,-0.9999999996295922,-0x1.fffffffcd176fp-1,-0.23278188194398597,-0x1.dcbcbf5067f10p-3,0.2327818820302102,-0.9800132798152037,-0x1.f5c44cf4e76c2p-1,0.0315033031575413,0x1.02133718e2359p-5,-0.03214579210955358,-1.3277225685903369
H593-5cde50d3890df26e13611884,OUTCOME-0087,32,145,/hkfs/work/workspace/scratch/ap7811-benchmark/dailymed/data/box_flat_20000_images/data/raw_images/animal/SH104223G (Carton - 6 Tablet - 4.1-17.0 lb).jpg.jpg,78,417.41302490234375,0x1.a169bc0000000p+8,False,False,False,CHALLENGER,31,-5.51483406325905,-0x1.60f30a92241f6p+2,-5.51483406325905,-0x1.60f30a92241f6p+2,0.0003602410034450739,0.013462206809535013,0.02675943168470138,0.0003416929798093458,0.00032504631934961685,1.85480236357281e-05,3.519468409545704e-05,-1.3277225685903369,0.0,-1.747409894298976,-3.767424168960074,False,91,-3.6660668943765344,-0x1.d541ae1425d30p+1,-1.747409894298976,-0x1.bf56413cb88e2p+0,0.4766443015481711,-0.9280229967465266,-0x1.db25d489ecab8p-1,1.2327963691775023,0x1.3b988af83eb2cp+0,-1.3284114440045707,-0.5646111805812121,-0x1.2114b7771ac15p-1,-2.1074041591132935,-0x1.0dbf6b636c48fp+1,3.7324874738469167,-0.7634255512045384,-0x1.86dfb6beb5625p-1,-1.3667656952500484,-0x1.5de45b4a64c6fp+0,1.7903064589514401,-0.9863521468664749,-0x1.f903260a43052p-1,-0.2296049090921163,-0x1.d63b193c69dddp-3,0.2327818820302102,-0.972966968791031,-0x1.f228b9fe176a0p-1,0.03127679390821899,0x1.003830deb47dbp-5,-0.03214579210955358,-1.3277225685903369
H593-5cde50d3890df26e13611884,OUTCOME-0087,33,160,/hkfs/work/workspace/scratch/ap7811-benchmark/dailymed/data/box_flat_20000_images/data/raw_images/animal/WormXDS Carton.jpg,68,421.9451904296875,0x1.a5f1f80000000p+8,False,False,False,CHALLENGER,32,-4.655040727071103,-0x1.29ec2ff114618p+2,-4.655040727071103,-0x1.29ec2ff114618p+2,0.0005506090520722476,0.02414864613270375,0.02280082490117635,0.0005640860108154451,0.0005076682817158736,-1.3476958743197467e-05,4.294077035637406e-05,-1.3277225685903369,0.0,-1.6407054195888824,-3.014335307482221,False,40,-3.4422008492701295,-0x1.b89a0994f0770p+1,-1.6407054195888824,-0x1.a40545378113cp+0,0.4766443015481711,-0.8920401899918042,-0x1.c8b97de577008p-1,1.1849963968971242,0x1.2f5bec828d0d5p+0,-1.3284114440045707,-0.3340726486779478,-0x1.561723f23d521p-2,-1.246921976545302,-0x1.3f364755ecfe0p+0,3.7324874738469167,-0.7948326103008757,-0x1.96f44cc612b9dp-1,-1.4229939560068907,-0x1.6c4954f7748bdp+0,1.7903064589514401,-0.9999999996314065,-0x1.fffffffcd5745p-1,-0.2327818819444083,-0x1.dcbcbf506ba80p-3,0.2327818820302102,-0.9671150302236168,-0x1.ef29b3848f9bdp-1,0.031088678707593013,0x1.fd5b5e94cc33ep-6,-0.03214579210955358,-1.3277225685903369
H593-5cde50d3890df26e13611884,OUTCOME-0087,34,165,/hkfs/work/workspace/scratch/ap7811-benchmark/dailymed/data/box_flat_20000_images/data/raw_images/animal/adv04-0002-02.jpg,71,420.38665771484375,0x1.a462fc0000000p+8,False,False,False,CHALLENGER,33,-4.530324390184943,-0x1.21f0d5b60763fp+2,-4.530324390184943,-0x1.21f0d5b60763fp+2,0.00076817702195447,0.02585705751347236,0.029708601667232437,0.0007574141773471923,0.0007498572617152008,1.076284460727777e-05,1.8319760239269255e-05,-1.3277225685903369,8.881784197001252e-16,-1.6773992282444912,-2.852925161940452,False,33,-3.519184479487516,-0x1.c274a313fead5p+1,-1.6773992282444912,-0x1.ad6a092ba54e8p+0,0.4766443015481711,-0.8525264493198046,-0x1.b47e58c59b6c8p-1,1.132505891593011,0x1.21ebe7f6eb578p+0,-1.3284114440045707,-0.3033708009846299,-0x1.36a6d5d329470p-2,-1.1323277146060369,-0x1.21e03aa6965c9p+0,3.7324874738469167,-0.7407325048922012,-0x1.7b414a77313c7p-1,-1.326138187863787,-0x1.537dcad2da070p+0,1.7903064589514401,-0.9920578245852172,-0x1.fbef00d0ab382p-1,-0.23093308748974298,-0x1.d8f37252a97a5p-3,0.2327818820302102,-0.985836805901006,-0x1.f8bf9a11136a5p-1,0.031690505016440065,0x1.039bce54756cap-5,-0.03214579210955358,-1.3277225685903369
H593-5cde50d3890df26e13611884,OUTCOME-0087,35,166,/hkfs/work/workspace/scratch/ap7811-benchmark/dailymed/data/box_flat_20000_images/data/raw_images/animal/adv04-0002-05.jpg,66,422.2615661621094,0x1.a642f60000000p+8,False,False,False,CHALLENGER,34,-4.67458909993513,-0x1.2b2c77c29d67cp+2,-4.67458909993513,-0x1.2b2c77c29d67cp+2,0.0006036727081946104,0.023319156927142558,0.025887415659181044,0.0006041678466792324,0.0005444191875058925,-4.951384846220864e-07,5.925352068871783e-05,-1.3277225685903369,0.0,-1.63325672731685,-3.04133237261828,False,41,-3.4265734888929287,-0x1.b699f5c811603p+1,-1.63325672731685,-0x1.a21d1ce5cc409p+0,0.4766443015481711,-0.8822483824003171,-0x1.c3b60f5ab76e6p-1,1.171988847635102,0x1.2c07760bde96ep+0,-1.3284114440045707,-0.34950705638530427,-0x1.65e52d83959ddp-2,-1.3045307099792562,-0x1.4df5b97ffd12bp+0,3.7324874738469167,-0.7702492498811458,-0x1.8a5e1c14041f9p-1,-1.3789822070647173,-0x1.6104fa591bde5p+0,1.7903064589514401,-0.9999999996296343,-0x1.fffffffcd18eap-1,-0.23278188194399577,-0x1.dcbcbf5068071p-3,0.2327818820302102,-0.9549040577476396,-0x1.e8e92f45b0079p-1,0.03069614732492477,0x1.f6ecf937eb843p-6,-0.03214579210955358,-1.3277225685903369
H593-5cde50d3890df26e13611884,OUTCOME-0087,36,167,/hkfs/work/workspace/scratch/ap7811-benchmark/dailymed/data/box_flat_20000_images/data/raw_images/animal/adv06-0001-05.jpg,101,410.2562255859375,0x1.9a41980000000p+8,False,False,False,CHALLENGER,35,-5.177740921986051,-0x1.4b601b75c5d29p+2,-5.177740921986051,-0x1.4b601b75c5d29p+2,0.0009165942014612692,0.01663617975327399,0.05509643530275537,0.0008705025021574066,0.0008511362907214939,4.6091699303862596e-05,6.545791073977526e-05,-1.3277225685903369,0.0,-1.915908266005682,-3.2618326559803688,False,65,-4.019576568486584,-0x1.0140be145abcfp+2,-1.915908266005682,-0x1.ea78f6d0a166bp+0,0.4766443015481711,-0.8265052134817902,-0x1.a72bb0fbc16d5p-1,1.0979389841186509,0x1.1912877dcb069p+0,-1.3284114440045707,-0.48822700094080324,-0x1.f3f1c76842781p-2,-1.8223011654053949,-0x1.d2825444e0fcdp+0,3.7324874738469167,-0.567126204664572,-0x1.225e5dab7a564p-1,-1.0153297072515997,-0x1.03eca5cf4d893p+0,1.7903064589514401,-0.96642541546455,-0x1.eecf4fe2e30c8p-1,-0.22496632705366573,-0x1.ccbb254b2c831p-3,0.2327818820302102,-0.9502994388151568,-0x1.e68da5e63c8b7p-1,0.030548128201977463,0x1.f48022e5376f6p-6,-0.03214579210955358,-1.3277225685903369
H593-5cde50d3890df26e13611884,OUTCOME-0087,37,168,/hkfs/work/workspace/scratch/ap7811-benchmark/dailymed/data/box_flat_20000_images/data/raw_images/animal/adv06-0001-06.jpg,90,412.73785400390625,0x1.9cbce40000000p+8,False,False,False,CHALLENGER,36,-5.820063040616551,-0x1.747be9b106cf6p+2,-5.820063040616551,-0x1.747be9b106cf6p+2,0.00017215690322621672,0.01303040224893289,0.013211940808681889,0.00017036087184606408,0.00017073192783783993,1.7960313801526346e-06,1.424975388376789e-06,-1.3277225685903369,0.0,-1.8574812612620593,-3.962581779354492,False,108,-3.8969966812334516,-0x1.f2d0c9894254cp+1,-1.8574812612620593,-0x1.db83e4560daa1p+0,0.4766443015481711,-0.9649439470541509,-0x1.ee0d220e24373p-1,1.2818425820896746,0x1.4826d5e0b2025p+0,-1.3284114440045707,-0.5756130838477987,-0x1.26b6c2148d501p-1,-2.1484686252443037,-0x1.13010518f403cp+1,3.7324874738469167,-0.8757556349108924,-0x1.c0630ae675c26p-1,-1.56787096964409,-0x1.915ffdeaf81bep+0,1.7903064589514401,-0.9986702633583625,-0x1.ff51b57139479p-1,-0.23247234343216527,-0x1.dc1a75c22002cp-3,0.2327818820302102,-0.9988910945885837,-0x1.ff6ea74f0c169p-1,0.03211014546672904,0x1.070bdb14c7eaap-5,-0.03214579210955358,-1.3277225685903369
H593-5cde50d3890df26e13611884,OUTCOME-0087,38,169,/hkfs/work/workspace/scratch/ap7811-benchmark/dailymed/data/box_flat_20000_images/data/raw_images/animal/adv06-0001-07.jpg,82,415.7298583984375,0x1.9fbad80000000p+8,False,False,False,CHALLENGER,37,-4.707255605081123,-0x1.2d43ad036f1c8p+2,-4.707255605081123,-0x1.2d43ad036f1c8p+2,0.0015504414799113017,0.019345859462927297,0.08014332384055779,0.001435921523017282,0.0012175756040975281,0.00011451995689401974,0.0003328658758137736,-1.3277225685903369,-8.881784197001252e-16,-1.7870380580466059,-2.9202175470345173,False,42,-3.7492068031489985,-0x1.dfe6022ebb9abp+1,-1.7870380580466059,-0x1.c97b5380047c5p+0,0.4766443015481711,-0.7231377286630511,-0x1.723f1bbe391a0p-1,0.9606244343474692,0x1.ebd6f74285920p-1,-1.3284114440045707,-0.4286817374212662,-0x1.b6f8586a7799dp-2,-1.600049215191809,-0x1.999cd34b3d41ep+0,3.7324874738469167,-0.4267453012150541,-0x1.b4fcb861c2e4fp-2,-0.7640048690924892,-0x1.872ba56d79586p-1,1.7903064589514401,-0.9186086917401652,-0x1.d653e0e1b0d26p-1,-0.21383546011258486,-0x1.b5ef5d9f44f1ep-3,0.2327818820302102,-0.770555957085062,-0x1.8a864f76d62e2p-1,0.024770131605234492,0x1.95d5764a5fd0dp-6,-0.03214579210955358,-1.3277225685903369
H593-5cde50d3890df26e13611884,OUTCOME-0087,39,170,/hkfs/work/workspace/scratch/ap7811-benchmark/dailymed/data/box_flat_20000_images/data/raw_images/animal/adv07-0002-03.jpg,44,431.17083740234375,0x1.af2bbc0000000p+8,False,False,False,CHALLENGER,38,-5.4656407696960505,-0x1.5dcd0ef161d7fp+2,-5.4656407696960505,-0x1.5dcd0ef161d7fp+2,0.00033732339557842293,0.009566416757091087,0.035261206378906985,0.00034297432262791577,0.0003547641369889808,-5.650927049492837e-06,-1.744074141055786e-05,-1.3277225685903369,-8.881784197001252e-16,-1.4234984777552713,-4.042142291940779,False,86,-2.986500568939264,-0x1.7e45a6908a2e2p+1,-1.4234984777552713,-0x1.6c6a656fdd5b4p+0,0.4766443015481711,-0.932447327335864,-0x1.dd69bc704cdf8p-1,1.2386737005644377,0x1.3d19b83a56ed3p+0,-1.3284114440045707,-0.6698055418833644,-0x1.56f0c0822320ap-1,-2.5000407949929038,-0x1.400156369486cp+1,3.7324874738469167,-0.6995542762038983,-0x1.662bfa6425383p-1,-1.2524165390749389,-0x1.409e5ecc4bdedp+0,1.7903064589514401,-0.9999999996303401,-0x1.fffffffcd31c0p-1,-0.23278188194416008,-0x1.dcbcbf5069791p-3,0.2327818820302102,-0.9999999996133135,-0x1.fffffffcadaaep-1,0.03214579209712324,0x1.07569cb85b6b5p-5,-0.03214579210955358,-1.3277225685903369
H593-5cde50d3890df26e13611884,OUTCOME-0087,40,171,/hkfs/work/workspace/scratch/ap7811-benchmark/dailymed/data/box_flat_20000_images/data/raw_images/animal/adv07-0002-04.jpg,42,431.5179443359375,0x1.af84980000000p+8,False,False,False,CHALLENGER,39,-5.072759638731334,-0x1.44a8180b34788p+2,-5.072759638731334,-0x1.44a8180b34788p+2,0.0007151764261066059,0.010775232323692714,0.06637225116103225,0.000733771586467501,0.0004908877189161492,-1.8595160360895075e-05,0.0002242887071904567,-1.3277225685903369,0.0,-1.415326255713977,-3.657433383017357,False,60,-2.9693552427185366,-0x1.7c13d524d7543p+1,-1.415326255713977,-0x1.6a52d24d762fap+0,0.4766443015481711,-0.8619993526706291,-0x1.b957faa9c97bcp-1,1.1450898048121956,0x1.25249afea6c26p+0,-1.3284114440045707,-0.6356823615025797,-0x1.457828929862ep-1,-2.372676451653806,-0x1.2fb3dca9ebd48p+1,3.7324874738469167,-0.5006545480046092,-0x1.0055cafc8c02cp-1,-0.8963250709960656,-0x1.caeb1ea506a55p-1,1.7903064589514401,-0.9999999996321005,-0x1.fffffffcd6fb0p-1,-0.23278188194456986,-0x1.dcbcbf506d13dp-3,0.2327818820302102,-0.8393877887117513,-0x1.adc43c7a5b828p-1,0.026982785355225844,0x1.ba160129f6b4cp-6,-0.03214579210955358,-1.3277225685903369
H593-5cde50d3890df26e13611884,OUTCOME-0087,41,172,/hkfs/work/workspace/scratch/ap7811-benchmark/dailymed/data/box_flat_20000_images/data/raw_images/animal/adv07-0002-05.jpg,65,422.9950256347656,0x1.a6feba0000000p+8,False,False,False,CHALLENGER,40,-5.7300422661121635,-0x1.6eb903326990fp+2,-5.7300422661121635,-0x1.6eb903326990fp+2,0.0003618121333900051,0.00764354988331793,0.04733561485346765,0.00034523919331542216,0.00021793382494428832,1.657294007458292e-05,0.00014387830844571676,-1.3277225685903369,0.0,-1.6159882918903978,-4.114053974221766,False,104,-3.390344302117039,-0x1.b1f6cd55e2e57p+1,-1.6159882918903978,-0x1.9db168a0635e8p+0,0.4766443015481711,-0.9277204261118108,-0x1.dafe2bf3f67bap-1,1.2323944308837262,0x1.3b7e33906b0b0p+0,-1.3284114440045707,-0.7271197307833202,-0x1.7449098ffb3b0p-1,-2.713965287135685,-0x1.5b6336eb5d0eep+1,3.7324874738469167,-0.616405648101378,-0x1.3b99856754886p-1,-1.1035550131300456,-0x1.1a8294d2bafb4p+0,1.7903064589514401,-0.9877965688955723,-0x1.f9c078cd03d64p-1,-0.2299411443704955,-0x1.d6eb61f89bd68p-3,0.2327818820302102,-0.8939150736475636,-0x1.c9af3c8d6f78ap-1,0.028735608121070857,0x1.d6cde047153d4p-6,-0.03214579210955358,-1.3277225685903369
H593-5cde50d3890df26e13611884,OUTCOME-0087,42,173,/hkfs/work/workspace/scratch/ap7811-benchmark/dailymed/data/box_flat_20000_images/data/raw_images/animal/adv07-0002-06.jpg,56,426.62762451171875,0x1.aaa0ac0000000p+8,False,False,False,CHALLENGER,41,-5.521670403247426,-0x1.61630c424f48fp+2,-5.521670403247426,-0x1.61630c424f48fp+2,0.00044806295480194817,0.008065675743227734,0.055551818479457206,0.0004294767770001952,0.0004287584256754089,1.858617780175299e-05,1.9304529126539286e-05,-1.3277225685903369,-8.881784197001252e-16,-1.53046304956216,-3.991207353685266,False,92,-3.2109122978940867,-0x1.9aff2c96e3c08p+1,-1.53046304956216,-0x1.87cc6d299b1c9p+0,0.4766443015481711,-0.9112545729646006,-0x1.d28ff59a6d437p-1,1.2105210031276734,0x1.35e4b4578df1dp+0,-1.3284114440045707,-0.7142030402579558,-0x1.6dac0559392fap-1,-2.6657539015462053,-0x1.55376c8129a54p+1,3.7324874738469167,-0.5643277869515227,-0x1.20ef925a5c97dp-1,-1.0103196819450835,-0x1.02a44f887591cp+0,1.7903064589514401,-0.9863242645530116,-0x1.f8ff7e77034bbp-1,-0.22959841859471297,-0x1.d637b2189ef24p-3,0.2327818820302102,-0.9850811501387359,-0x1.f85c8e7780fddp-1,0.03166621386339974,0x1.0368dd1dce630p-5,-0.03214579210955358,-1.3277225685903369
H593-5cde50d3890df26e13611884,OUTCOME-0087,43,174,/hkfs/work/workspace/scratch/ap7811-benchmark/dailymed/data/box_flat_20000_images/data/raw_images/animal/adv07-0002-07.jpg,47,430.3700866699219,0x1.ae5ebe0000000p+8,False,False,False,CHALLENGER,42,-5.699126879307513,-0x1.6cbe7eaa9856fp+2,-5.699126879307513,-0x1.6cbe7eaa9856fp+2,0.00020675917746816385,0.008740734234635334,0.023654669266670585,0.00022367999779349834,0.000196209756832162,-1.6920820325334483e-05,1.0549420636001857e-05,-1.3277225685903369,0.0,-1.4423512062713182,-4.256775673036195,False,101,-3.0260536034658747,-0x1.8355b9776a18ep+1,-1.4423512062713182,-0x1.713dedbc480dep+0,0.4766443015481711,-0.9580457427227967,-0x1.ea84f8ba2204bp-1,1.272678928512822,0x1.45ce494845593p+0,-1.3284114440045707,-0.6939436111075787,-0x1.634c93b5f34c8p-1,-2.5901358360151336,-0x1.4b899231f0f9ap+1,3.7324874738469167,-0.7879640569045315,-0x1.9370065da82a1p-1,-1.4106971404977628,-0x1.692372a2ffa4dp+0,1.7903064589514401,-0.9999999996318738,-0x1.fffffffcd67b6p-1,-0.23278188194451707,-0x1.dcbcbf506c9cfp-3,0.2327818820302102,-0.991819563508538,-0x1.fbcfc6199ab57p-1,0.031882825498733634,0x1.052f219a46bebp-5,-0.03214579210955358,-1.3277225685903369
H593-5cde50d3890df26e13611884,OUTCOME-0087,44,191,/hkfs/work/workspace/scratch/ap7811-benchmark/dailymed/data/box_flat_20000_images/data/raw_images/animal/ato02-0002-05.jpg,106,408.3579406738281,0x1.985ba20000000p+8,False,False,False,CHALLENGER,43,-5.615085358511359,-0x1.675d8efac3809p+2,-5.615085358511359,-0x1.675d8efac3809p+2,0.0004185378820594518,0.014544559353310036,0.028776250410377773,0.0004084901819590617,0.000437833194304855,1.0047700100390103e-05,-1.929531224540321e-05,-1.3277225685903369,0.0,-1.960601138138144,-3.654484220373215,False,95,-4.113342238163734,-0x1.0740ffcd8acbbp+2,-1.960601138138144,-0x1.f5e9f4c8cdbfcp+0,0.4766443015481711,-0.916859347827718,-0x1.d56e96a3e7646p-1,1.2179664501969079,0x1.37cca637388f0p+0,-1.3284114440045707,-0.5376976476721597,-0x1.134d1b27c6af5p-1,-2.0069497346532885,-0x1.00e3ba99869fdp+1,3.7324874738469167,-0.7478432959736057,-0x1.7ee551057a9dcp-1,-1.3388686830650798,-0x1.56c0191767320p+0,1.7903064589514401,-0.9925835908851501,-0x1.fc33ea9acbc1ep-1,-0.23105547635854942,-0x1.d9339d142c61dp-3,0.2327818820302102,-0.9999999996135907,-0x1.fffffffcae46ep-1,0.03214579209713215,0x1.07569cb85bbb9p-5,-0.03214579210955358,-1.3277225685903369
H593-5cde50d3890df26e13611884,OUTCOME-0087,45,192,/hkfs/work/workspace/scratch/ap7811-benchmark/dailymed/data/box_flat_20000_images/data/raw_images/animal/ato02-0002-06.jpg,107,408.0111083984375,0x1.9802d80000000p+8,False,False,False,CHALLENGER,44,-5.418225896271552,-0x1.5ac4368cb4e71p+2,-5.418225896271552,-0x1.5ac4368cb4e71p+2,0.0004884849364426536,0.017108997142897663,0.028551348297198992,0.00047301868650245093,0.0005906721651603998,1.5466249940202707e-05,-0.00010218722871774613,-1.3277225685903369,-8.881784197001252e-16,-1.9687668936770322,-3.4494590025945193,False,84,-4.1304739976589495,-0x1.0859af9c3b1bcp+2,-1.9687668936770322,-0x1.f8011b6dca553p+0,0.4766443015481711,-0.9036341681870336,-0x1.cea9233fd2ac9p-1,1.2003979702132064,0x1.334d480840210p+0,-1.3284114440045707,-0.47748192752132834,-0x1.e8f105bc8a642p-2,-1.7821953134616395,-0x1.c83df3ba66f74p+0,3.7324874738469167,-0.7495672691362917,-0x1.7fc747f62f4f7p-1,-1.3419551233532954,-0x1.578a5ef780865p+0,1.7903064589514401,-0.9886068344017651,-0x1.fa2aacccb7206p-1,-0.23012975949997122,-0x1.d74e45771c1a2p-3,0.2327818820302102,-0.9999999996255833,-0x1.fffffffcc8a62p-1,0.03214579209751766,0x1.07569cb8694bfp-5,-0.03214579210955358,-1.3277225685903369
H593-5cde50d3890df26e13611884,OUTCOME-0087,46,193,/hkfs/work/workspace/scratch/ap7811-benchmark/dailymed/data/box_flat_20000_images/data/raw_images/animal/ato02-0002-09.jpg,105,408.3896484375,0x1.9863c00000000p+8,False,False,False,CHALLENGER,45,-5.387633157894171,-0x1.58cefb4e000afp+2,-5.387633157894171,-0x1.58cefb4e000afp+2,0.0007072143719260868,0.01541066208032727,0.0458912386917427,0.0006885273578114226,0.0008810119186333093,1.868701411466417e-05,-0.00017379754670722252,-1.3277225685903369,-8.881784197001252e-16,-1.959854616360326,-3.4277785415338444,False,79,-4.111776035073939,-0x1.072756abc79fap+2,-1.959854616360326,-0x1.f5b9083a2ea67p+0,0.4766443015481711,-0.8634308031745636,-0x1.ba139a2bfcce9p-1,1.1469913600431483,0x1.25a139cc2e0cdp+0,-1.3284114440045707,-0.5168191735724076,-0x1.089c85d0e0e3dp-1,-1.9290210916029267,-0x1.edd45385ba920p+0,3.7324874738469167,-0.6259212002033291,-0x1.4078be597e23dp-1,-1.1205907675186575,-0x1.1edf095ab1324p+0,1.7903064589514401,-0.9862505791284413,-0x1.f8f5d5fe09120p-1,-0.2295812659629033,-0x1.d62eb3e8adf90p-3,0.2327818820302102,-0.99999999963536,-0x1.fffffffcde25fp-1,0.032145792097831936,0x1.07569cb8745abp-5,-0.03214579210955358,-1.3277225685903369
H593-5cde50d3890df26e13611884,OUTCOME-0087,47,194,/hkfs/work/workspace/scratch/ap7811-benchmark/dailymed/data/box_flat_20000_images/data/raw_images/animal/ato02-0002-10.jpg,127,399.70220947265625,0x1.8fb3c40000000p+8,False,False,False,CHALLENGER,46,-5.924066110454611,-0x1.7b23e62eefa58p+2,-5.924066110454611,-0x1.7b23e62eefa58p+2,0.00037795909272282814,0.013406157329879783,0.028192947719659307,0.0003796066405231574,0.00040356707353588194,-1.6475478003292608e-06,-2.5607980813053795e-05,-1.3277225685903369,0.0,-2.1643900874782465,-3.759676022976364,False,113,-4.540891563054817,-0x1.229df7a5802d4p+2,-2.1643900874782465,-0x1.150abc00c0b91p+1,0.4766443015481711,-0.9246163141687915,-0x1.d9674f3d67f26p-1,1.228270893055148,0x1.3a6ff6144cf27p+0,-1.3284114440045707,-0.5660305741740286,-0x1.21cec2693a23ep-1,-2.1127020279189397,-0x1.0e6d05220d67ap+1,3.7324874738469167,-0.7523216055781978,-0x1.81304c2810ad2p-1,-1.3468862296753654,-0x1.58cd8933e370cp+0,1.7903064589514401,-0.9999999996297922,-0x1.fffffffcd1e79p-1,-0.23278188194403254,-0x1.dcbcbf506859ep-3,0.2327818820302102,-0.9999999996145309,-0x1.fffffffcb0583p-1,0.03214579209716237,0x1.07569cb85ccbcp-5,-0.03214579210955358,-1.3277225685903369
H593-5cde50d3890df26e13611884,OUTCOME-0087,48,196,/hkfs/work/workspace/scratch/ap7811-benchmark/dailymed/data/box_flat_20000_images/data/raw_images/animal/ato02-0002-14.jpg,113,405.2452392578125,0x1.953ec80000000p+8,False,False,False,CHALLENGER,47,-5.34396227144029,-0x1.56037a54b9360p+2,-5.34396227144029,-0x1.56037a54b9360p+2,0.0006092226394566609,0.018447740011222753,0.033024242486398764,0.0005997527978352303,0.0005862104076107537,9.469841621430547e-06,2.3012231845907154e-05,-1.3277225685903369,0.0,-2.033886009911125,-3.310076261529165,False,74,-4.267093938404243,-0x1.1118112c99fcfp+2,-2.033886009911125,-0x1.045660742e1b8p+1,0.4766443015481711,-0.8812301078986092,-0x1.c33097bb59a3dp-1,1.170636160133895,0x1.2baecfb74a43ep+0,-1.3284114440045707,-0.4478829044473097,-0x1.caa1d0ec279dep-2,-1.671717330599759,-0x1.abf5aabf15173p+0,3.7324874738469167,-0.7159070563965408,-0x1.6e8b5ea465c54p-1,-1.28169302707564,-0x1.481d08c2cd15fp+0,1.7903064589514401,-0.9930086287946296,-0x1.fc6ba082a331ap-1,-0.23115441748305224,-0x1.d9677cbb533b1p-3,0.2327818820302102,-0.9822412208142232,-0x1.f6e852405c439p-1,0.03157492208572813,0x1.02a969376c235p-5,-0.03214579210955358,-1.3277225685903369
H593-5cde50d3890df26e13611884,OUTCOME-0087,49,197,/hkfs/work/workspace/scratch/ap7811-benchmark/dailymed/data/box_flat_20000_images/data/raw_images/animal/ato02-0002-17.jpg,99,410.4953308105469,0x1.9a7ece0000000p+8,False,False,False,CHALLENGER,48,-5.84351441687774,-0x1.75fc23e48c712p+2,-5.84351441687774,-0x1.75fc23e48c712p+2,0.000297574981584362,0.011818038852039034,0.02517972612122693,0.00028551347454643675,0.00037514267191989843,1.2061507037925269e-05,-7.756769033553641e-05,-1.3277225685903369,0.0,-1.9102788164106812,-3.933235600467059,False,110,-4.007765980220415,-0x1.007f3ce1c45b3p+2,-1.9102788164106812,-0x1.e9080852b9b80p+0,0.4766443015481711,-0.9401692508980374,-0x1.e15ddd329faffp-1,1.2489315921941573,0x1.3fb9fb176a44fp+0,-1.3284114440045707,-0.6073464750671851,-0x1.36f61dff8245ep-1,-2.266913110473347,-0x1.222a35742da71p+1,3.7324874738469167,-0.7758260031648191,-0x1.8d3910ddf5659p-1,-1.3889663044884561,-0x1.63934bb5061e2p+0,1.7903064589514401,-0.9911037714547734,-0x1.fb71f41aae575p-1,-0.23071100120648144,-0x1.d87f026812f3fp-3,0.2327818820302102,-0.9999999996220998,-0x1.fffffffcc0fd2p-1,0.03214579209740568,0x1.07569cb8655b5p-5,-0.03214579210955358,-1.3277225685903369
H593-5cde50d3890df26e13611884,OUTCOME-0087,50,198,/hkfs/work/workspace/scratch/ap7811-benchmark/dailymed/data/box_flat_20000_images/data/raw_images/animal/ato02-0002-18.jpg,122,402.0207824707031,0x1.9205520000000p+8,False,False,False,CHALLENGER,49,-5.849015788917416,-0x1.76564651cc074p+2,-5.849015788917416,-0x1.76564651cc074p+2,0.0003790999311006776,0.013704363736124214,0.02766271666457478,0.00038066795216522715,0.0004439951839446833,-1.5680210645495417e-06,-6.48952528440057e-05,-1.3277225685903369,0.0,-2.109802029663289,-3.7392137592541275,False,111,-4.426365788514658,-0x1.1b4993bb736ffp+2,-2.109802029663289,-0x1.0e0dfe2f38188p+1,0.4766443015481711,-0.9243973760144745,-0x1.d94a9ce4fb137p-1,1.2279800531054241,0x1.3a5ce6983a676p+0,-1.3284114440045707,-0.5585082697336571,-0x1.1df4cbc21a6bdp-1,-2.08462512082079,-0x1.0ad4fef72c343p+1,3.7324874738469167,-0.7564124155005761,-0x1.83487cf5ba077p-1,-1.354210033101742,-0x1.5aad823c16498p+0,1.7903064589514401,-0.9999999996297814,-0x1.fffffffcd1e17p-1,-0.23278188194403,-0x1.dcbcbf5068542p-3,0.2327818820302102,-0.9999999996202813,-0x1.fffffffcbcfd6p-1,0.03214579209734722,0x1.07569cb8634ccp-5,-0.03214579210955358,-1.3277225685903369
H593-5cde50d3890df26e13611884,OUTCOME-0087,51,213,/hkfs/work/workspace/scratch/ap7811-benchmark/dailymed/data/box_flat_20000_images/data/raw_images/animal/bd18d5b3-7e0b-420f-94d9-0fa8470e9a50-08.jpg,117,403.97491455078125,0x1.93f9940000000p+8,False,False,False,CHALLENGER,50,-5.644268937588885,-0x1.693bb3c83177ap+2,-5.644268937588885,-0x1.693bb3c83177ap+2,0.0005575808620521595,0.014286652114832423,0.03902809822556526,0.0005487205559929614,0.0004755702462250962,8.860306059198133e-06,8.201061582706326e-05,-1.3277225685903369,-8.881784197001252e-16,-2.063794302041503,-3.580474635547382,False,97,-4.3298415513165,-0x1.151c1fbcf10aap+2,-2.063794302041503,-0x1.082a6964783e5p+1,0.4766443015481711,-0.8907478763418712,-0x1.c8101b0bbd550p-1,1.1832796726553099,0x1.2eeb6aa8137e0p+0,-1.3284114440045707,-0.5440263369664515,-0x1.168a9ebaddfeep-1,-2.0305714881701022,-0x1.03e9c43af0b8dp+1,3.7324874738469167,-0.6727105492978701,-0x1.586d8461d12d3p-1,-1.204358041412748,-0x1.3450cf008ad88p+0,1.7903064589514401,-0.9934571630160893,-0x1.fca66ad243184p-1,-0.2312588281232786,-0x1.d99e3a7d9b2b9p-3,0.2327818820302102,-0.9381202364216118,-0x1.e0514bae4b109p-1,0.030156618093774387,0x1.ee16061e2052cp-6,-0.03214579210955358,-1.3277225685903369
H593-5cde50d3890df26e13611884,OUTCOME-0087,52,219,/hkfs/work/workspace/scratch/ap7811-benchmark/dailymed/data/box_flat_20000_images/data/raw_images/animal/bravecto-05.jpg,104,409.03363037109375,0x1.99089c0000000p+8,False,False,False,CHALLENGER,51,-6.063960655813546,-0x1.8417ee6f3ccb1p+2,-6.063960655813546,-0x1.8417ee6f3ccb1p+2,0.00011247500274071224,0.01188102147141486,0.009466778846526068,0.00011588843481377998,0.00012006458753209941,-3.413432073067743e-06,-7.589584791387174e-06,-1.3277225685903369,0.0,-1.9446928237178616,-4.119267832095685,False,121,-4.079966585987444,-0x1.051e2c2be5afap+2,-1.9446928237178616,-0x1.f1d7638ea254fp+0,0.4766443015481711,-0.9769568623400077,-0x1.f433b09ab4ca7p-1,1.2978006762312642,0x1.4c3caa4523d4bp+0,-1.3284114440045707,-0.6056664717129084,-0x1.3619ea7094d03p-1,-2.260642518997489,-0x1.215cbbeb85487p+1,3.7324874738469167,-0.9093791304566086,-0x1.d19a2431f3bd0p-1,-1.6280673308921105,-0x1.a0c90545de1cbp+0,1.7903064589514401,-0.9999999996300342,-0x1.fffffffcd26fcp-1,-0.23278188194408886,-0x1.dcbcbf5068d8bp-3,0.2327818820302102,-0.9999999996118348,-0x1.fffffffcaa6a7p-1,0.0321457920970757,0x1.07569cb859bf2p-5,-0.03214579210955358,-1.3277225685903369
H593-5cde50d3890df26e13611884,OUTCOME-0087,53,220,/hkfs/work/workspace/scratch/ap7811-benchmark/dailymed/data/box_flat_20000_images/data/raw_images/animal/bravecto-06.jpg,91,412.6260986328125,0x1.9ca0480000000p+8,False,False,False,CHALLENGER,52,-5.981719422241851,-0x1.7ed47db3181cfp+2,-5.981719422241851,-0x1.7ed47db3181cfp+2,0.00014846305350387634,0.011379770538271255,0.013046225581138118,0.00017823039277290535,0.00019769601159476595,-2.976733926902901e-05,-4.92329580908896e-05,-1.3277225685903369,0.0,-1.8601124092412418,-4.1216070130006095,False,119,-3.902516831103357,-0x1.f385abe8d6d84p+1,-1.8601124092412418,-0x1.dc3053ac932ccp+0,0.4766443015481711,-0.9696955847421196,-0x1.f07bf08f16042p-1,1.2881547119721357,0x1.49c481d81bcebp+0,-1.3284114440045707,-0.6191349387180201,-0x1.3cff413335b04p-1,-2.3109134033859884,-0x1.27cc02a9b726fp+1,3.7324874738469167,-0.8772183417517189,-0x1.c122c3328ccabp-1,-1.5704896631487741,-0x1.920b9c4dee173p+0,1.7903064589514401,-0.9999999996336065,-0x1.fffffffcda4adp-1,-0.23278188194492042,-0x1.dcbcbf5070293p-3,0.2327818820302102,-0.9999999996180096,-0x1.fffffffcb7fe8p-1,0.032145792097274195,0x1.07569cb860bb0p-5,-0.03214579210955358,-1.3277225685903369
H593-5cde50d3890df26e13611884,OUTCOME-0087,54,221,/hkfs/work/workspace/scratch/ap7811-benchmark/dailymed/data/box_flat_20000_images/data/raw_images/animal/bravecto-07.jpg,89,413.0399169921875,0x1.9d0a380000000p+8,False,False,False,CHALLENGER,53,-5.953928964163576,-0x1.7d0d2c11f28abp+2,-5.953928964163576,-0x1.7d0d2c11f28abp+2,0.00013014420486717732,0.011837207421047264,0.010994502354987303,0.00013253977720129398,0.00014448375320939472,-2.395572334116657e-06,-1.4339548342217403e-05,-1.3277225685903369,-8.881784197001252e-16,-1.850369545615433,-4.1035594185481425,False,117,-3.8820762979968806,-0x1.f0e7e04a3c96dp+1,-1.850369545615433,-0x1.d9b1d18beec32p+0,0.4766443015481711,-0.9733850849431777,-0x1.f25f87a47d81bp-1,1.2930558862618784,0x1.4b05b5e76522ep+0,-1.3284114440045707,-0.6068347991074694,-0x1.36b30d007b8d2p-1,-2.2650032863630396,-0x1.21eba0b02181fp+1,3.7324874738469167,-0.895518949838734,-0x1.ca8175b502e19p-1,-1.6032533600096963,-0x1.9a6ecfec719a4p+0,1.7903064589514401,-0.9999999996298947,-0x1.fffffffcd2214p-1,-0.23278188194405638,-0x1.dcbcbf50688f9p-3,0.2327818820302102,-0.9999999996128492,-0x1.fffffffcaca58p-1,0.032145792097108314,0x1.07569cb85ae4ep-5,-0.03214579210955358,-1.3277225685903369
H593-5cde50d3890df26e13611884,OUTCOME-0087,55,222,/hkfs/work/workspace/scratch/ap7811-benchmark/dailymed/data/box_flat_20000_images/data/raw_images/animal/bravecto-08.jpg,88,414.69305419921875,0x1.9eb16c0000000p+8,False,False,False,CHALLENGER,54,-5.924160014003126,-0x1.7b25700b1a846p+2,-5.924160014003126,-0x1.7b25700b1a846p+2,0.0001632468319244307,0.011286662804608822,0.014463693542591716,0.000185113460189171,0.00024015055606831245,-2.1866628264740278e-05,-7.690372414388173e-05,-1.3277225685903369,-8.881784197001252e-16,-1.8114483861309147,-4.112711627872212,False,114,-3.800419684547187,-0x1.e67426f81a371p+1,-1.8114483861309147,-0x1.cfbb14d8d302ap+0,0.4766443015481711,-0.9667281082166146,-0x1.eef6fc91d4204p-1,1.28421268219584,0x1.48c2298f23bb2p+0,-1.3284114440045707,-0.6216616384401307,-0x1.3e4a6f2c8e681p-1,-2.3203442784489385,-0x1.29010a93b30f7p+1,3.7324874738469167,-0.8647800858006617,-0x1.bac474957de8bp-1,-1.548221373181505,-0x1.8c583c64c8640p+0,1.7903064589514401,-0.9999999996325428,-0x1.fffffffcd7f40p-1,-0.2327818819446728,-0x1.dcbcbf506dfbap-3,0.2327818820302102,-0.9999999996220049,-0x1.fffffffcc0c7bp-1,0.03214579209740263,0x1.07569cb8653fdp-5,-0.03214579210955358,-1.3277225685903369
H593-5cde50d3890df26e13611884,OUTCOME-0087,56,223,/hkfs/work/workspace/scratch/ap7811-benchmark/dailymed/data/box_flat_20000_images/data/raw_images/animal/bravecto-09.jpg,108,407.8651123046875,0x1.97dd780000000p+8,False,False,False,CHALLENGER,55,-6.218188238460644,-0x1.8df6cbcd23dc3p+2,-6.218188238460644,-0x1.8df6cbcd23dc3p+2,0.00010916247138204208,0.010475296970859823,0.010420942879778034,0.00012042016331329202,0.00014861406587466042,-1.1257691931249944e-05,-3.945159449261834e-05,-1.3277225685903369,0.0,-1.9722041989562258,-4.2459840395044175,False,124,-4.13768546597616,-0x1.08cfd6b36022ep+2,-1.9722041989562258,-0x1.f8e25fd78d05ap+0,0.4766443015481711,-0.977627920539864,-0x1.f48ba594c01a9p-1,1.2986921176235464,0x1.4c77162cc4204p+0,-1.3284114440045707,-0.6440183648948143,-0x1.49bcc66e7e454p-1,-2.4037904798972676,-0x1.33af680ccc260p+1,3.7324874738469167,-0.9006988779662265,-0x1.cd286740d1533p-1,-1.6125270187932503,-0x1.9cce9219a225bp+0,1.7903064589514401,-0.9999999996311048,-0x1.fffffffcd4ca7p-1,-0.23278188194433805,-0x1.dcbcbf506b09dp-3,0.2327818820302102,-0.9999999996165769,-0x1.fffffffcb4d80p-1,0.03214579209722814,0x1.07569cb85f1c3p-5,-0.03214579210955358,-1.3277225685903369
H593-5cde50d3890df26e13611884,OUTCOME-0087,57,262,/hkfs/work/workspace/scratch/ap7811-benchmark/dailymed/data/box_flat_20000_images/data/raw_images/animal/com0n-0000-01.jpg,49,429.3498229980469,0x1.ad598e0000000p+8,False,False,False,CHALLENGER,56,-5.163056426328303,-0x1.4a6f84389ee48p+2,-5.163056426328303,-0x1.4a6f84389ee48p+2,0.0002609513092393343,0.015590727204887479,0.01673759702225626,0.0002550835877682477,0.0001954638096813501,5.867721471086598e-06,6.548749955798423e-05,-1.3277225685903369,0.0,-1.4663721072107019,-3.6966843191176015,False,64,-3.076449466505383,-0x1.89c9189b37f86p+1,-1.4663721072107019,-0x1.776429943c8fep+0,0.4766443015481711,-0.9473389589394036,-0x1.e5099cadbe2b7p-1,1.2584559144064797,0x1.422a2ab3d5673p+0,-1.3284114440045707,-0.5125494712957935,-0x1.066ce26198551p-1,-1.9130844813384091,-0x1.e9bfe791d5662p+0,3.7324874738469167,-0.8451673027067197,-0x1.b0b9c4c98c3bcp-1,-1.5131084809304072,-0x1.835b13d0e5767p+0,1.7903064589514401,-0.9956622251309264,-0x1.fdc7706d998eep-1,-0.23177212663236388,-0x1.daab5840153ebp-3,0.2327818820302102,-0.950277531296463,-0x1.e68ac6ce15773p-1,0.030547423967435896,0x1.f47d2ebab3237p-6,-0.03214579210955358,-1.3277225685903369
H593-5cde50d3890df26e13611884,OUTCOME-0087,58,263,/hkfs/work/workspace/scratch/ap7811-benchmark/dailymed/data/box_flat_20000_images/data/raw_images/animal/com0n-0000-02.jpg,53,427.43487548828125,0x1.ab6f540000000p+8,False,False,False,CHALLENGER,57,-5.068871243089705,-0x1.446862ee2d213p+2,-5.068871243089705,-0x1.446862ee2d213p+2,0.00035250843949383067,0.016726805605275813,0.021074462620803446,0.000374757449295298,0.00030715623785339805,-2.224900980146732e-05,4.535220164043262e-05,-1.3277225685903369,0.0,-1.511457280489159,-3.5574139626005463,False,59,-3.1710381841969983,-0x1.95e49447bf258p+1,-1.511457280489159,-0x1.82eedd4500858p+0,0.4766443015481711,-0.9295135310311816,-0x1.dbe93291efd2fp-1,1.2347764119789193,0x1.3c1a4e935259bp+0,-1.3284114440045707,-0.48615538096620065,-0x1.f1d2b75818d5bp-2,-1.8145688697996196,-0x1.d08795e021095p+0,3.7324874738469167,-0.8088824073665916,-0x1.9e25d5bbe6057p-1,-1.4481473984405988,-0x1.72b9c9b41700ap+0,1.7903064589514401,-0.9999999996325944,-0x1.fffffffcd8111p-1,-0.23278188194468483,-0x1.dcbcbf506e16bp-3,0.2327818820302102,-0.9653003444439184,-0x1.ee3bd8c468885p-1,0.03103034419577467,0x1.fc66b26049542p-6,-0.03214579210955358,-1.3277225685903369
H593-5cde50d3890df26e13611884,OUTCOME-0087,59,264,/hkfs/work/workspace/scratch/ap7811-benchmark/dailymed/data/box_flat_20000_images/data/raw_images/animal/com0n-0000-03.jpg,45,431.07574462890625,0x1.af13640000000p+8,False,False,False,CHALLENGER,58,-3.955189760752461,-0x1.fa43a877f3f40p+1,-3.955189760752461,-0x1.fa43a877f3f40p+1,0.0018011527338517852,0.027680295418561575,0.06506985227635924,0.0016401524636437928,0.0011786371382573194,0.00016100027020799238,0.0006225155955944658,-1.3277225685903369,0.0,-1.4257373245884586,-2.5294524361640023,False,13,-2.991197670794705,-0x1.7edf90b5f7a21p+1,-1.4257373245884586,-0x1.6cfd1f0dcb416p+0,0.4766443015481711,-0.6854102431582794,-0x1.5eee17656a9b8p-1,0.9105068108494138,0x1.d22df2dec458dp-1,-1.3284114440045707,-0.2721268226669733,-0x1.16a869eee04c8p-2,-1.015709956902239,-0x1.040591571ddf2p+0,3.7324874738469167,-0.5080428092054057,-0x1.041e2fe502a7ap-1,-0.909552322744272,-0x1.d1b0d7905ffe1p-1,1.7903064589514401,-0.8874336109737448,-0x1.c65db2c101c06p-1,-0.20657846613933373,-0x1.a7129c6102a00p-3,0.2327818820302102,-0.6098486326283267,-0x1.383e14794c475p-1,0.019604067362765706,0x1.41316b0c4426fp-6,-0.03214579210955358,-1.3277225685903369
H593-5cde50d3890df26e13611884,OUTCOME-0087,60,265,/hkfs/work/workspace/scratch/ap7811-benchmark/dailymed/data/box_flat_20000_images/data/raw_images/animal/com0n-0000-04.jpg,55,427.1994934082031,0x1.ab33120000000p+8,False,False,False,CHALLENGER,59,-4.447065370334991,-0x1.1c9cb81230d3ap+2,-4.447065370334991,-0x1.1c9cb81230d3ap+2,0.0009514716883425392,0.023255874345420778,0.04091317635322061,0.0010264920239963522,0.0008770617963882065,-7.502033565381298e-05,7.440989195433266e-05,-1.3277225685903369,0.0,-1.5169990730515384,-2.930066297283453,False,30,-3.1826648679617664,-0x1.97618ff90310ap+1,-1.5169990730515384,-0x1.845a0d1ed1948p+0,0.4766443015481711,-0.8204960467848333,-0x1.a4180ecee0549p-1,1.0899563383094821,0x1.170760eb1b6d6p+0,-1.3284114440045707,-0.3506992384740792,-0x1.671db37fe9c0fp-2,-1.3089805146921532,-0x1.4f1958d5b43c5p+0,3.7324874738469167,-0.6595929141157825,-0x1.51b6299599eb3p-1,-1.1808734544200878,-0x1.2e4db90372e62p+0,1.7903064589514401,-0.9999999996395824,-0x1.fffffffce76efp-1,-0.2327818819463115,-0x1.dcbcbf507c65ap-3,0.2327818820302102,-0.9436937796576657,-0x1.e32bd4c222f8cp-1,0.030335784055954183,0x1.f105801ace4c6p-6,-0.03214579210955358,-1.3277225685903369
H593-5cde50d3890df26e13611884,OUTCOME-0087,61,266,/hkfs/work/workspace/scratch/ap7811-benchmark/dailymed/data/box_flat_20000_images/data/raw_images/animal/com0n-0000-05.jpg,52,428.81658935546875,0x1.acd10c0000000p+8,False,False,False,CHALLENGER,60,-4.45311022939848,-0x1.1cffc20c2ff85p+2,-4.45311022939848,-0x1.1cffc20c2ff85p+2,0.0011139928811808102,0.021367940544444675,0.05213384410461731,0.0011578007484014943,0.0008759458951743473,-4.380786722068403e-05,0.0002380469860064629,-1.3277225685903369,8.881784197001252e-16,-1.4789264623828078,-2.9741837670156723,False,31,-3.102788510382187,-0x1.8d282c853f7e9p+1,-1.4789264623828078,-0x1.7a9aecb51f85bp+0,0.4766443015481711,-0.793008218264785,-0x1.96052c55d01e5p-1,1.0534411923326148,0x1.0dae526d53ec7p+0,-1.3284114440045707,-0.3872610926787464,-0x1.8c8e2c0046156p-2,-1.4454471775316908,-0x1.7208d38398182p+0,3.7324874738469167,-0.5855792255912918,-0x1.2bd10a4e4361bp-1,-1.0483662698038723,-0x1.0c61bb5b09824p+0,1.7903064589514401,-0.9999999996354817,-0x1.fffffffcde6a7p-1,-0.23278188194535693,-0x1.dcbcbf5074002p-3,0.2327818820302102,-0.8303711550176986,-0x1.a9266874af7e8p-1,0.02669293852296883,0x1.b5564c7f60e7fp-6,-0.03214579210955358,-1.3277225685903369
H593-5cde50d3890df26e13611884,OUTCOME-0087,62,272,/hkfs/work/workspace/scratch/ap7811-benchmark/dailymed/data/box_flat_20000_images/data/raw_images/animal/cre04-0007-01.jpg,62,424.1866455078125,0x1.a82fc80000000p+8,False,False,False,CHALLENGER,61,-5.218993267358478,-0x1.4e03fc5656538p+2,-5.218993267358478,-0x1.4e03fc5656538p+2,0.00030131842541256045,0.01606589804183896,0.018755156084512937,0.0002748455653867836,0.00025408306478078913,2.6472860025776872e-05,4.723536063177132e-05,-1.3277225685903369,0.0,-1.5879330119496193,-3.6310602554088582,False,67,-3.3314843097712727,-0x1.aa6e13eecd687p+1,-1.5879330119496193,-0x1.9682c7228ff8fp+0,0.4766443015481711,-0.9394393808206076,-0x1.e0fe32d265e34p-1,1.247962024430663,0x1.3f7a707194640p+0,-1.3284114440045707,-0.5013967862486637,-0x1.00b7145e83d8cp-1,-1.8714572241002372,-0x1.df17d2155f9b3p+0,3.7324874738469167,-0.8281077506473262,-0x1.a7fdbd353053cp-1,-1.4825666546916567,-0x1.7b897d000a714p+0,1.7903064589514401,-0.9805775874090977,-0x1.f60e43fa39ae1p-1,-0.22826069627373272,-0x1.d37a580ba9b85p-3,0.2327818820302102,-0.9638855284960778,-0x1.ed82676bf4e7bp-1,0.0309848638164421,0x1.fba7f030cef8dp-6,-0.03214579210955358,-1.3277225685903369
H593-5cde50d3890df26e13611884,OUTCOME-0087,63,273,/hkfs/work/workspace/scratch/ap7811-benchmark/dailymed/data/box_flat_20000_images/data/raw_images/animal/cre04-0007-02.jpg,57,426.4628601074219,0x1.aa767e0000000p+8,False,False,False,CHALLENGER,62,-5.4521680921175575,-0x1.5cf0526ffc22dp+2,-5.4521680921175575,-0x1.5cf0526ffc22dp+2,0.00026525219220712424,0.012485045245742414,0.0212455931865829,0.00027202250712728094,0.0003022113330669173,-6.770314920156702e-06,-3.695914085979305e-05,-1.3277225685903369,0.0,-1.534342232505799,-3.9178258596117583,False,85,-3.2190508257880297,-0x1.9c09db8275efdp+1,-1.534342232505799,-0x1.88caa70d7be9bp+0,0.4766443015481711,-0.9464942429547988,-0x1.e49ae4b6afaffp-1,1.2573337840255971,0x1.41e0a07a8bbdfp+0,-1.3284114440045707,-0.5897312659111935,-0x1.2df141a908d5cp-1,-2.201164562949415,-0x1.19bfc2a97dadfp+1,3.7324874738469167,-0.8074798674955995,-0x1.9d6e004e24defp-1,-1.4456364222506248,-0x1.72153a83790ebp+0,1.7903064589514401,-0.999999999630493,-0x1.fffffffcd3721p-1,-0.23278188194419566,-0x1.dcbcbf5069c93p-3,0.2327818820302102,-0.9999999996162101,-0x1.fffffffcb4098p-1,0.03214579209721635,0x1.07569cb85eb20p-5,-0.03214579210955358,-1.3277225685903369
H593-5cde50d3890df26e13611884,OUTCOME-0087,64,274,/hkfs/work/workspace/scratch/ap7811-benchmark/dailymed/data/box_flat_20000_images/data/raw_images/animal/cre04-0007-03.jpg,58,426.3464050292969,0x1.aa58ae0000000p+8,False,False,False,CHALLENGER,63,-5.543722758266542,-0x1.62cc5a8a36202p+2,-5.543722758266542,-0x1.62cc5a8a36202p+2,0.0001862406382917367,0.012272288400901707,0.015175705802191925,0.00017025254476105324,0.0001991514520517087,1.5988093530683453e-05,-1.2910813759972015e-05,-1.3277225685903369,8.881784197001252e-16,-1.5370840295261592,-4.006638728740382,False,94,-3.2248031174056044,-0x1.9cc6593aa5e0bp+1,-1.5370840295261592,-0x1.897e56c604ccfp+0,0.4766443015481711,-0.9621303993023611,-0x1.ec9c5b0efb6c8p-1,1.2781050330579438,0x1.4731e435d63cfp+0,-1.3284114440045707,-0.5953079542868898,-0x1.30cc34456bf52p-1,-2.221979482457249,-0x1.1c69d2dcc4b8dp+1,3.7324874738469167,-0.8585941772874653,-0x1.b799a7eff8ac5p-1,-1.537146701215847,-0x1.8982723ae0584p+0,1.7903064589514401,-0.9882246832343289,-0x1.f9f895ef2ecc4p-1,-0.2300408016319954,-0x1.d71fa1be0a545p-3,0.2327818820302102,-0.999999999612635,-0x1.fffffffcac2cep-1,0.032145792097101424,0x1.07569cb85aa6dp-5,-0.03214579210955358,-1.3277225685903369
H593-5cde50d3890df26e13611884,OUTCOME-0087,65,275,/hkfs/work/workspace/scratch/ap7811-benchmark/dailymed/data/box_flat_20000_images/data/raw_images/animal/cre04-0007-04.jpg,54,427.4140625,0x1.ab6a000000000p+8,False,False,False,CHALLENGER,64,-5.745704833001406,-0x1.6fb9a0c38d73ap+2,-5.745704833001406,-0x1.6fb9a0c38d73ap+2,0.0001293610173018024,0.010315428131207489,0.012540537887171516,0.0001273541897816521,0.00013228613016339868,2.0068275201502847e-06,-2.9251128615962927e-06,-1.3277225685903369,0.0,-1.511947297671519,-4.233757535329888,False,105,-3.1720662405081055,-0x1.9606443ddd2e9p+1,-1.511947297671519,-0x1.830efa64c6561p+0,0.4766443015481711,-0.9735431306337341,-0x1.f2743ec6a27aep-1,1.293265835965889,0x1.4b13784681f1bp+0,-1.3284114440045707,-0.6484963543627742,-0x1.4c07b6d3206e6p-1,-2.420504519494446,-0x1.35d3179386406p+1,3.7324874738469167,-0.8816959950241476,-0x1.c36da84f49294p-1,-1.5785060347233484,-0x1.9418f8b3ace87p+0,1.7903064589514401,-0.998514311154738,-0x1.ff3d448dfec13p-1,-0.2324360405846988,-0x1.dc076d45c8b98p-3,0.2327818820302102,-0.9999999996111307,-0x1.fffffffca8de1p-1,0.03214579209705307,0x1.07569cb858f35p-5,-0.03214579210955358,-1.3277225685903369
H593-5cde50d3890df26e13611884,OUTCOME-0087,66,276,/hkfs/work/workspace/scratch/ap7811-benchmark/dailymed/data/box_flat_20000_images/data/raw_images/animal/cre04-0007-05.jpg,48,429.6138916015625,0x1.ad9d280000000p+8,False,False,False,CHALLENGER,65,-5.764308762027343,-0x1.70ea6f4c3d093p+2,-5.764308762027343,-0x1.70ea6f4c3d093p+2,0.0001303524322190822,0.009457941324635446,0.013782326168544568,0.00011932859330432729,0.00012756662283454494,1.1023838914754903e-05,2.7858093845372516e-06,-1.3277225685903369,8.881784197001252e-16,-1.460154924396976,-4.304153837630367,False,107,-3.063405813631464,-0x1.881dae83f6324p+1,-1.460154924396976,-0x1.75ccb68f60dc8p+0,0.4766443015481711,-0.9733430693379819,-0x1.f25a05d53095cp-1,1.2930000722511095,0x1.4b020d800b4d9p+0,-1.3284114440045707,-0.6729373963084152,-0x1.588b401accd15p-1,-2.5117304024043183,-0x1.418061bf59051p+1,3.7324874738469167,-0.8707384336267531,-0x1.bdd16d8f9826dp-1,-1.5588886417792358,-0x1.8f1353768c349p+0,1.7903064589514401,-0.9918660135692966,-0x1.fbd5dcb49689fp-1,-0.23088843736046286,-0x1.d8dc097be6e05p-3,0.2327818820302102,-0.997833251193826,-0x1.fee3fff97a48bp-1,0.03207614025287669,0x1.06c48aabc6c67p-5,-0.03214579210955358,-1.3277225685903369
H593-5cde50d3890df26e13611884,OUTCOME-0087,67,279,/hkfs/work/workspace/scratch/ap7811-benchmark/dailymed/data/box_flat_20000_images/data/raw_images/animal/cyd02-0000-09.jpg,118,403.8104553222656,0x1.93cf7a0000000p+8,False,False,False,CHALLENGER,66,-5.701982246161438,-0x1.6ced46f168b43p+2,-5.701982246161438,-0x1.6ced46f168b43p+2,0.00031275574489523616,0.015959926532414927,0.01959631482388237,0.00031170680295778574,0.0002944305774025311,1.0489419374504227e-06,1.832516749270506e-05,-1.3277225685903369,0.0,-2.0676662999824678,-3.6343159461789702,False,102,-4.337965005070984,-0x1.15a137f8fe3b0p+2,-2.0676662999824678,-0x1.08a94a10bba6bp+1,0.4766443015481711,-0.9372128115742396,-0x1.dfda5b8e35071p-1,1.2450042243629194,0x1.3eb898cb05451p+0,-1.3284114440045707,-0.5038697594950177,-0x1.01fb3794f2efep-1,-1.8806875657654119,-0x1.e174bd84f4cfap+0,3.7324874738469167,-0.8210881155313039,-0x1.a465a956aeb46p-1,-1.4699993566039598,-0x1.7851e0b9c14aep+0,1.7903064589514401,-0.999223174671277,-0x1.ff9a2e113ca2ep-1,-0.2326010511681813,-0x1.dc5df09e42af8p-3,0.2327818820302102,-0.9858326551107633,-0x1.f8bf0eca0f249p-1,0.031690371585999834,0x1.039b86b1eb2adp-5,-0.03214579210955358,-1.3277225685903369
H593-5cde50d3890df26e13611884,OUTCOME-0087,68,280,/hkfs/work/workspace/scratch/ap7811-benchmark/dailymed/data/box_flat_20000_images/data/raw_images/animal/cyd02-0000-10.jpg,112,405.69403076171875,0x1.95b1ac0000000p+8,False,False,False,CHALLENGER,67,-5.620989168563159,-0x1.67be495a89893p+2,-5.620989168563159,-0x1.67be495a89893p+2,0.0004950560292899003,0.01468378565796428,0.03371446851795939,0.0004901547934441568,0.0004110312042635441,4.901235845743515e-06,8.402482502635619e-05,-1.3277225685903369,0.0,-2.023319744978888,-3.597669423584271,False,96,-4.24492590891576,-0x1.0facddb82f1efp+2,-2.023319744978888,-0x1.02fc243304877p+1,0.4766443015481711,-0.9024011156013856,-0x1.ce0784dec3840p-1,1.198759969047372,0x1.32e1eeeecffbcp+0,-1.3284114440045707,-0.5343027405579064,-0x1.119020f9b800cp-1,-1.9942782863744646,-0x1.fe89059319eb6p+0,3.7324874738469167,-0.7108278573300414,-0x1.6bf1a100a2f5dp-1,-1.2725997041805859,-0x1.45c9181e5ada2p+0,1.7903064589514401,-0.9963754148879697,-0x1.fe24eb1af6eafp-1,-0.2319381442862531,-0x1.db0262c33c2eep-3,0.2327818820302102,-0.9366485883248526,-0x1.df90675d664d7p-1,0.030109310799997548,0x1.ed4f9a4c3acdap-6,-0.03214579210955358,-1.3277225685903369
H593-5cde50d3890df26e13611884,OUTCOME-0087,69,282,/hkfs/work/workspace/scratch/ap7811-benchmark/dailymed/data/box_flat_20000_images/data/raw_images/animal/cyd02-0000-14.jpg,128,399.3311462402344,0x1.8f54c60000000p+8,False,False,False,CHALLENGER,68,-6.410929670673853,-0x1.9a4cabf620041p+2,-6.410929670673853,-0x1.9a4cabf620041p+2,0.00016614816822964074,0.009705577097254581,0.017118834518005027,0.00017739618324235737,0.00014670524806263013,-1.1248015012716627e-05,1.9442920167010616e-05,-1.3277225685903369,-8.881784197001252e-16,-2.1731263322294416,-4.237803338444412,False,126,-4.5592202092230805,-0x1.23ca438f7806bp+2,-2.1731263322294416,-0x1.162900ef803dbp+1,0.4766443015481711,-0.9661467862337627,-0x1.eeaacaa404df0p-1,1.283440447421168,0x1.488f8d9c099b3p+0,-1.3284114440045707,-0.6658048960760851,-0x1.54e4611c53b19p-1,-2.4851084346299355,-0x1.3e18087edfe9fp+1,3.7324874738469167,-0.8419193791305722,-0x1.af100e8e78079p-1,-1.5072937023738497,-0x1.81de00052995dp+0,1.7903064589514401,-0.9999999996311034,-0x1.fffffffcd4c9bp-1,-0.23278188194433774,-0x1.dcbcbf506b092p-3,0.2327818820302102,-0.9849750027927059,-0x1.f84ea4c0be8e7p-1,0.03166280167288128,0x1.0361b535e98c2p-5,-0.03214579210955358,-1.3277225685903369
H593-5cde50d3890df26e13611884,OUTCOME-0087,70,300,/hkfs/work/workspace/scratch/ap7811-benchmark/dailymed/data/box_flat_20000_images/data/raw_images/animal/dro06-0001-02.jpg,74,418.4412536621094,0x1.a270f60000000p+8,False,False,False,CHALLENGER,69,-4.715007940760423,-0x1.2dc2b0aa7c909p+2,-4.715007940760423,-0x1.2dc2b0aa7c909p+2,0.00040955579778020613,0.025422698586885215,0.016109847519943588,0.00042385015540708377,0.0005320088305132868,-1.4294357626877638e-05,-0.00012245303273308064,-1.3277225685903369,0.0,-1.7232014647898037,-2.9918064759706198,False,43,-3.6152775962971453,-0x1.cec16a910763bp+1,-1.7232014647898037,-0x1.b923bb2fb1065p+0,0.4766443015481711,-0.9185709532324848,-0x1.d64eee9660cd8p-1,1.2202401664042202,0x1.3861a8d7f8c2ep+0,-1.3284114440045707,-0.3110419055279091,-0x1.3e81c4efb6292p-2,-1.1609600162243967,-0x1.2934acf5a5bcep+0,3.7324874738469167,-0.8505403977624719,-0x1.b37a07f0a21fcp-1,-1.5227279677132806,-0x1.85d1800608783p+0,1.7903064589514401,-0.9999999996315175,-0x1.fffffffcd5b2dp-1,-0.23278188194443414,-0x1.dcbcbf506be23p-3,0.2327818820302102,-0.9999999996284029,-0x1.fffffffcced97p-1,0.032145792097608296,0x1.07569cb86c7c5p-5,-0.03214579210955358,-1.3277225685903369
H593-5cde50d3890df26e13611884,OUTCOME-0087,71,301,/hkfs/work/workspace/scratch/ap7811-benchmark/dailymed/data/box_flat_20000_images/data/raw_images/animal/dro06-0001-03.jpg,83,415.7064208984375,0x1.9fb4d80000000p+8,False,False,False,CHALLENGER,70,-4.75288386578924,-0x1.302f3fcf500dcp+2,-4.75288386578924,-0x1.302f3fcf500dcp+2,0.0006273226323991636,0.024550794252325814,0.025552030046430547,0.000668031847520961,0.0007520979232445212,-4.070921512179743e-05,-0.0001247752908453576,-1.3277225685903369,-8.881784197001252e-16,-1.7875898662519614,-2.9652939995372787,False,44,-3.750364497059454,-0x1.e00bf19f79947p+1,-1.7875898662519614,-0x1.c99f7d4e36938p+0,0.4766443015481711,-0.8779168511092434,-0x1.c17e51483e358p-1,1.1662347918979759,0x1.2a8e5d02a8bf8p+0,-1.3284114440045707,-0.32671620110037003,-0x1.4e8eb11b32a2ap-2,-1.2194641281099814,-0x1.382ecd14e0a57p+0,3.7324874738469167,-0.7728877913436745,-0x1.8bb7f2d698f64p-1,-1.3837060048872933,-0x1.623a8e86450dcp+0,1.7903064589514401,-0.9999999996350695,-0x1.fffffffcdd826p-1,-0.23278188194526098,-0x1.dcbcbf5073281p-3,0.2327818820302102,-0.9999999996287233,-0x1.fffffffccf8ddp-1,0.0321457920976186,0x1.07569cb86cd92p-5,-0.03214579210955358,-1.3277225685903369
H593-5cde50d3890df26e13611884,OUTCOME-0087,72,302,/hkfs/work/workspace/scratch/ap7811-benchmark/dailymed/data/box_flat_20000_images/data/raw_images/animal/dro0b-0001-02.jpg,43,431.19439697265625,0x1.af31c40000000p+8,False,False,False,CHALLENGER,71,-5.6710051208572265,-0x1.6af1bf7661f0bp+2,-5.6710051208572265,-0x1.6af1bf7661f0bp+2,0.00011146436971922907,0.010418188841540816,0.0106990160587974,0.00011152276913685353,0.00014636125926036325,-5.839941762445476e-08,-3.489688954113418e-05,-1.3277225685903369,-8.881784197001252e-16,-1.422943795548846,-4.248061325308381,False,98,-2.985336845373025,-0x1.7e1f848b35e1cp+1,-1.422943795548846,-0x1.6c460b69edabep+0,0.4766443015481711,-0.9771615498037179,-0x1.f44e84c6a19c1p-1,1.298072585400501,0x1.4c4e7c26211b1p+0,-1.3284114440045707,-0.6456151904556063,-0x1.4a8e13019d831p-1,-2.4097506113008422,-0x1.3472b54186ccdp+1,3.7324874738469167,-0.8981840136535765,-0x1.cbdec668dd3ffp-1,-1.6080246409709265,-0x1.9ba780bc21dc8p+0,1.7903064589514401,-0.9999999996295743,-0x1.fffffffcd16cep-1,-0.2327818819439818,-0x1.dcbcbf5067e7ap-3,0.2327818820302102,-0.9999999996159061,-0x1.fffffffcb35e6p-1,0.03214579209720658,0x1.07569cb85e5a0p-5,-0.03214579210955358,-1.3277225685903369
H593-5cde50d3890df26e13611884,OUTCOME-0087,73,303,/hkfs/work/workspace/scratch/ap7811-benchmark/dailymed/data/box_flat_20000_images/data/raw_images/animal/dro0b-0001-03.jpg,23,439.49578857421875,0x1.b77eec0000000p+8,False,False,False,CHALLENGER,72,-5.358266701226567,-0x1.56edd77540e3ep+2,-5.358266701226567,-0x1.56edd77540e3ep+2,0.0001347510743557276,0.011441060224974582,0.011777848530294486,0.0001247568942377862,0.00011222011541816106,9.994180117941381e-06,2.2530958937566522e-05,-1.3277225685903369,0.0,-1.2274973528134094,-4.130769348413158,False,76,-2.5752901038078493,-0x1.49a31b2ac898ap+1,-1.2274973528134094,-0x1.3a3d443a429a5p+0,0.4766443015481711,-0.9724559399893767,-0x1.f1e5beb61c51dp-1,1.29182159947211,0x1.4ab4d201ffc69p+0,-1.3284114440045707,-0.6174759903184261,-0x1.3c25d020f7388p-1,-2.3047213992647455,-0x1.27011c5e1de16p+1,3.7324874738469167,-0.8884898398862779,-0x1.c6e823ea47992p-1,-1.5906690990611343,-0x1.9736170f39b0fp+0,1.7903064589514401,-0.9926229493443106,-0x1.fc39134162c10p-1,-0.23106463829474663,-0x1.d9386ac5e76fbp-3,0.2327818820302102,-0.9826093946619068,-0x1.f718941da1680p-1,0.03158675732569594,0x1.02c23b366aed1p-5,-0.03214579210955358,-1.3277225685903369
H593-5cde50d3890df26e13611884,OUTCOME-0087,74,304,/hkfs/work/workspace/scratch/ap7811-benchmark/dailymed/data/box_flat_20000_images/data/raw_images/animal/dro0b-0001-04.jpg,46,430.9578552246094,0x1.aef5360000000p+8,False,False,False,CHALLENGER,73,-4.559708769216714,-0x1.23d244bac47e2p+2,-4.559708769216714,-0x1.23d244bac47e2p+2,0.0005216546691607355,0.022255642441820555,0.02343920965321112,0.000514525164509084,0.0004369976030015725,7.129504651651446e-06,8.465706615916297e-05,-1.3277225685903369,0.0,-1.4285128911213862,-3.131195878095328,False,35,-2.9970208108677374,-0x1.7f9e60c00dddep+1,-1.4285128911213862,-0x1.6db3055547e01p+0,0.4766443015481711,-0.8974262101871372,-0x1.cb7b72bea7697p-1,1.1921512477622442,0x1.3130d2fd06413p+0,-1.3284114440045707,-0.3698263532613679,-0x1.7ab3c271d3798p-2,-1.3803722310465405,-0x1.61601314a6c54p+0,3.7324874738469167,-0.7896923080692622,-0x1.94528cda1ed78p-1,-1.4137912397206704,-0x1.69ee3901f8b93p+0,1.7903064589514401,-0.9947318957190081,-0x1.fd4d7fc0cd6d0p-1,-0.2315555628009495,-0x1.da39cd8b7ee0dp-3,0.2327818820302102,-0.9361871127133096,-0x1.df53ead014a63p-1,0.030094476300925255,0x1.ed1161e02c94dp-6,-0.03214579210955358,-1.3277225685903369
H593-5cde50d3890df26e13611884,OUTCOME-0087,75,306,/hkfs/work/workspace/scratch/ap7811-benchmark/dailymed/data/box_flat_20000_images/data/raw_images/animal/durvet_dog-worm-tabs_lg_2ct_carton_0822.jpg,39,433.47412109375,0x1.b179600000000p+8,False,False,False,CHALLENGER,74,-4.642228508980747,-0x1.291a459aa864cp+2,-4.642228508980747,-0x1.291a459aa864cp+2,0.0005625245867981679,0.019429678802956263,0.0289518212062558,0.0005408545253599368,0.0005444285936975374,2.167006143823113e-05,1.8095993100630467e-05,-1.3277225685903369,0.0,-1.369270388574276,-3.2729581204064706,False,39,-2.8727300087860033,-0x1.6fb59deefca17p+1,-1.369270388574276,-0x1.5e8881124ec74p+0,0.4766443015481711,-0.8898325633160095,-0x1.c798223cb75a3p-1,1.1820637603569086,0x1.2e9bbb08850b5p+0,-1.3284114440045707,-0.4269156888951205,-0x1.b52962e7d0bedp-2,-1.5934574611897645,-0x1.97ecd40360920p+0,3.7324874738469167,-0.7464998285362285,-0x1.7e3539bc10bf4p-1,-1.3364634646345526,-0x1.56227838e77d5p+0,1.7903064589514401,-0.9840732086966656,-0x1.f7d8719071a4fp-1,-0.22907441357591762,-0x1.d524f7554584cp-3,0.2327818820302102,-0.9860085923274793,-0x1.f8d61e433e37ep-1,0.03169602722719272,0x1.03a7630b534c7p-5,-0.03214579210955358,-1.3277225685903369
H593-5cde50d3890df26e13611884,OUTCOME-0087,76,307,/hkfs/work/workspace/scratch/ap7811-benchmark/dailymed/data/box_flat_20000_images/data/raw_images/animal/durvet_dog-worm-tabs_med_2ct_carton_0822.jpg,41,432.76666259765625,0x1.b0c4440000000p+8,False,False,False,CHALLENGER,75,-4.9362611455516445,-0x1.3bebb3de2a3a5p+2,-4.9362611455516445,-0x1.3bebb3de2a3a5p+2,0.0003722431875158663,0.01661153727541277,0.022408713976570637,0.0003612336173369001,0.00035147070888191925,1.1009570178966191e-05,2.077247863394705e-05,-1.3277225685903369,0.0,-1.3859266617729118,-3.550334483778733,False,53,-2.9076748788799813,-0x1.742eb0c0185b2p+1,-1.3859266617729118,-0x1.62cc16f6f8179p+0,0.4766443015481711,-0.9257140033413392,-0x1.d9f72f9399bf3p-1,1.2297290759139203,0x1.3acf8653fd974p+0,-1.3284114440045707,-0.4887913034317466,-0x1.f485b51b3bf84p-2,-1.8244074173843017,-0x1.d30c5d503ed26p+0,3.7324874738469167,-0.798004568907816,-0x1.98940e0b09093p-1,-1.4286727339884226,-0x1.6dbd7f0d2acc8p+0,1.7903064589514401,-0.9918764990530976,-0x1.fbd73c8a35435p-1,-0.23089087819111606,-0x1.d8dd5116345a7p-3,0.2327818820302102,-0.9839557959476842,-0x1.f7c90dd89c22dp-1,0.03163003846152458,0x1.031cff986e592p-5,-0.03214579210955358,-1.3277225685903369
H593-5cde50d3890df26e13611884,OUTCOME-0087,77,308,/hkfs/work/workspace/scratch/ap7811-benchmark/dailymed/data/box_flat_20000_images/data/raw_images/animal/durvet_dog-worm-tabs_pup-sml_4ct_carton_0822.jpg,40,433.08502197265625,0x1.b115c40000000p+8,False,False,False,CHALLENGER,76,-5.022071748127541,-0x1.41699f9f17e4cp+2,-5.022071748127541,-0x1.41699f9f17e4cp+2,0.00047279408422312626,0.014058764006774837,0.03362984711851551,0.00043832673337917857,0.00046673897764318956,3.446735084394769e-05,6.055106579936698e-06,-1.3277225685903369,0.0,-1.3784312669834988,-3.643640481144042,False,57,-2.8919495365962966,-0x1.722b6704ae858p+1,-1.3784312669834988,-0x1.60e0df1b7a5c6p+0,0.4766443015481711,-0.9065850010186496,-0x1.d02be8c4d6a4ep-1,1.2043178903160694,0x1.344e2d60e52e0p+0,-1.3284114440045707,-0.5496619078150382,-0x1.196d491bd8594p-1,-2.051606185770429,-0x1.069b081013e0ap+1,3.7324874738469167,-0.7114489469789986,-0x1.6c43095018cccp-1,-1.273711644990702,-0x1.4611f763c4f93p+0,1.7903064589514401,-0.9747861922545678,-0x1.f3172d00a6c70p-1,-0.2269125644100806,-0x1.d0b788d98ad55p-3,0.2327818820302102,-0.9952964354525246,-0x1.fd977e90301c9p-1,0.031994592301436565,0x1.061985f2ac395p-5,-0.03214579210955358,-1.3277225685903369
H593-5cde50d3890df26e13611884,OUTCOME-0087,78,309,/hkfs/work/workspace/scratch/ap7811-benchmark/dailymed/data/box_flat_20000_images/data/raw_images/animal/durvet_feline-tape-tabs_3ct_carton_0822.jpg,76,418.0867614746094,0x1.a216360000000p+8,False,False,False,CHALLENGER,77,-4.203990318145828,-0x1.0d0e2d6848c41p+2,-4.203990318145828,-0x1.0d0e2d6848c41p+2,0.0013394626659527387,0.0314947137508229,0.04252976155142039,0.0013317696672658949,0.0020489474795987454,7.692998686843842e-06,-0.0007094848136460067,-1.3277225685903369,0.0,-1.7315475638958062,-2.4724427542500216,False,23,-3.6327877166927816,-0x1.d0ff301a40c4fp+1,-1.7315475638958062,-0x1.bb46b37e66a53p+0,0.4766443015481711,-0.7562200658898385,-0x1.832f46c726d21p-1,1.0045713897139519,0x1.012b97315195fp+0,-1.3284114440045707,-0.21137465172646747,-0x1.b0e53182f2d3ap-3,-0.7889532398577943,-0x1.93f1add686628p-1,3.7324874738469167,-0.6485064096502221,-0x1.4c090839635edp-1,-1.1610252138682011,-0x1.2938f2cb65345p+0,1.7903064589514401,-0.9943167042413981,-0x1.fd17143d2aa78p-1,-0.23145891374738853,-0x1.da0721874d3f6p-3,0.2327818820302102,-0.9999999996949469,-0x1.fffffffd612e6p-1,0.032145792099747404,0x1.07569cb8b7bfbp-5,-0.03214579210955358,-1.3277225685903369
H593-5cde50d3890df26e13611884,OUTCOME-0087,79,361,/hkfs/work/workspace/scratch/ap7811-benchmark/dailymed/data/box_flat_20000_images/data/raw_images/animal/image-10.jpg,121,402.28643798828125,0x1.9249540000000p+8,False,False,False,CHALLENGER,78,-5.481626536424444,-0x1.5ed2f81bb50a1p+2,-5.481626536424444,-0x1.5ed2f81bb50a1p+2,0.0005930024391160905,0.017422173990586237,0.03403722402476918,0.0006468223546707711,0.0006668860897218388,-5.381991555468055e-05,-7.388365060574827e-05,-1.3277225685903369,0.0,-2.1035474848356586,-3.3780790515887853,False,88,-4.4132437501155515,-0x1.1a7295ea0173cp+2,-2.1035474848356586,-0x1.0d410b4279e20p+1,0.4766443015481711,-0.8842092119271021,-0x1.c4b711e019012p-1,1.1745936360182252,0x1.2cb22b24c9babp+0,-1.3284114440045707,-0.47044980193443053,-0x1.e1bd97c6df4a4p-2,-1.755947992794025,-0x1.c185cec286f55p+0,3.7324874738469167,-0.7084630846482214,-0x1.6abbac65f98b4p-1,-1.2683660363743716,-0x1.44b3a2f595c75p+0,1.7903064589514401,-0.9999999996368072,-0x1.fffffffce154ap-1,-0.2327818819456655,-0x1.dcbcbf5076b6fp-3,0.2327818820302102,-0.9999999996215729,-0x1.fffffffcbfd48p-1,0.03214579209738874,0x1.07569cb864c2cp-5,-0.03214579210955358,-1.3277225685903369
H593-5cde50d3890df26e13611884,OUTCOME-0087,80,362,/hkfs/work/workspace/scratch/ap7811-benchmark/dailymed/data/box_flat_20000_images/data/raw_images/animal/image-13.jpg,64,423.2084045410156,0x1.a7355a0000000p+8,False,False,False,CHALLENGER,79,-5.013631989625449,-0x1.40df58b567b9dp+2,-5.013631989625449,-0x1.40df58b567b9dp+2,0.0006821181174314188,0.01617643012516835,0.04216740728043171,0.0007019262890497511,0.000692109627265678,-1.980817161833235e-05,-9.991509834259222e-06,-1.3277225685903369,0.0,-1.6109645380208066,-3.4026674516046427,False,56,-3.379804463807269,-0x1.b09d6ec376a92p+1,-1.6109645380208066,-0x1.9c682c05d0ab4p+0,0.4766443015481711,-0.8679571465804647,-0x1.bc64e10dc8ff8p-1,1.153004206423042,0x1.272b489ebcc62p+0,-1.3284114440045707,-0.49882603736434666,-0x1.fecc40b37e193p-2,-1.861861936091118,-0x1.dca2fbdd2db85p+0,3.7324874738469167,-0.6509785281014397,-0x1.4d4d0ec13013cp-1,-1.1654510634987092,-0x1.2a5b003ad0bc7p+0,1.7903064589514401,-0.9999999996322646,-0x1.fffffffcd7576p-1,-0.23278188194460805,-0x1.dcbcbf506d69dp-3,0.2327818820302102,-0.9999999996121964,-0x1.fffffffcab360p-1,0.03214579209708733,0x1.07569cb85a27ep-5,-0.03214579210955358,-1.3277225685903369
H593-5cde50d3890df26e13611884,OUTCOME-0087,81,363,/hkfs/work/workspace/scratch/ap7811-benchmark/dailymed/data/box_flat_20000_images/data/raw_images/animal/image-16.jpg,75,418.11474609375,0x1.a21d600000000p+8,False,False,False,CHALLENGER,80,-5.4945351579381665,-0x1.5fa676ca84438p+2,-5.4945351579381665,-0x1.5fa676ca84438p+2,0.0003001603658877314,0.0142314872596425,0.021091285851684877,0.00031127540426264936,0.0003023940128163736,-1.1115038374917953e-05,-2.2336469286421976e-06,-1.3277225685903369,0.0,-1.7308886991506096,-3.763646458787557,False,89,-3.6314054181043867,-0x1.d0d1e48aa3452p+1,-1.7308886991506096,-0x1.bb1b8593de2b8p+0,0.4766443015481711,-0.9396651123679043,-0x1.e11bc91d9fe7ap-1,1.2482618888013648,0x1.3f8e17553ebbap+0,-1.3284114440045707,-0.5453867756339308,-0x1.173cef7a0988ep-1,-2.0356493084554055,-0x1.04902812f8722p+1,3.7324874738469167,-0.8087444322487183,-0x1.9e13c00ea9216p-1,-1.4479003806958957,-0x1.72a9996ef46f3p+0,1.7903064589514401,-0.9999999996310853,-0x1.fffffffcd4bf8p-1,-0.23278188194433355,-0x1.dcbcbf506affbp-3,0.2327818820302102,-0.9999999996110261,-0x1.fffffffca8a33p-1,0.03214579209704971,0x1.07569cb858d50p-5,-0.03214579210955358,-1.3277225685903369
H593-5cde50d3890df26e13611884,OUTCOME-0087,82,364,/hkfs/work/workspace/scratch/ap7811-benchmark/dailymed/data/box_flat_20000_images/data/raw_images/animal/image-19.jpg,103,410.02606201171875,0x1.9a06ac0000000p+8,False,False,False,CHALLENGER,81,-5.698298925865146,-0x1.6cb0edfa5b0e0p+2,-5.698298925865146,-0x1.6cb0edfa5b0e0p+2,0.0003530800629030499,0.013437884595748855,0.026274973593295226,0.00035874972593746065,0.0004462242721269062,-5.669663034410771e-06,-9.314420922385631e-05,-1.3277225685903369,0.0,-1.9213271950223376,-3.776971730842808,False,100,-4.030945484466602,-0x1.01fb02c4ef8c3p+2,-1.9213271950223376,-0x1.ebdc195b894e8p+0,0.4766443015481711,-0.9294032656318018,-0x1.dbdabead5e4e1p-1,1.2346299341605054,0x1.3c10b515e1cb0p+0,-1.3284114440045707,-0.5652267987024255,-0x1.2165682e7fd7cp-1,-2.109701946039396,-0x1.0e0ab69f45fc5p+1,3.7324874738469167,-0.7672100235461154,-0x1.88cfc09096816p-1,-1.373541060526897,-0x1.5fa0630ead1a1p+0,1.7903064589514401,-0.9999999996303427,-0x1.fffffffcd31d7p-1,-0.23278188194416066,-0x1.dcbcbf50697a6p-3,0.2327818820302102,-0.9999999996243112,-0x1.fffffffcc5da0p-1,0.03214579209747677,0x1.07569cb867dbap-5,-0.03214579210955358,-1.3277225685903369
H593-5cde50d3890df26e13611884,OUTCOME-0087,83,365,/hkfs/work/workspace/scratch/ap7811-benchmark/dailymed/data/box_flat_20000_images/data/raw_images/animal/image-22.jpg,95,412.0487060546875,0x1.9c0c780000000p+8,False,False,False,CHALLENGER,82,-5.1626878601780355,-0x1.4a697a57baefcp+2,-5.1626878601780355,-0x1.4a697a57baefcp+2,0.0006816962244825092,0.0181867076714347,0.03748321228878762,0.0006624234278256291,0.0006722503280259903,1.9272796656880087e-05,9.445896456518896e-06,-1.3277225685903369,0.0,-1.8737064343002612,-3.2889814258777745,False,63,-3.9310371029598867,-0x1.f72c394a49a36p+1,-1.8737064343002612,-0x1.dfab39919fd85p+0,0.4766443015481711,-0.8680334268520086,-0x1.bc6ee09854101p-1,1.1531055380087125,0x1.2731ecae957adp+0,-1.3284114440045707,-0.4535607757046155,-0x1.d0723c69994eep-2,-1.6929099139457684,-0x1.b1628b4b78a3dp+0,3.7324874738469167,-0.6836165173157026,-0x1.5e02fbf1c0b25p-1,-1.2238830663961915,-0x1.395066904cc24p+0,1.7903064589514401,-0.9858226307695928,-0x1.f8bdbe6d9fc98p-1,-0.2294816473385188,-0x1.d5fa7952cf247p-3,0.2327818820302102,-0.9926721443222752,-0x1.fc3f85f7075acp-1,0.03191023238432863,0x1.05689b8ff350bp-5,-0.03214579210955358,-1.3277225685903369
H593-5cde50d3890df26e13611884,OUTCOME-0087,84,367,/hkfs/work/workspace/scratch/ap7811-benchmark/dailymed/data/box_flat_20000_images/data/raw_images/animal/imoxi-05.jpg,77,417.837158203125,0x1.a1d6500000000p+8,False,False,False,CHALLENGER,83,-4.840826340809544,-0x1.35d01948d91c2p+2,-4.840826340809544,-0x1.35d01948d91c2p+2,0.0009140328970803058,0.019819884358583388,0.04611696418321765,0.0008708595446822665,0.0010239244157371457,4.3173352398039326e-05,-0.0001098915186568399,-1.3277225685903369,0.0,-1.7374241775827892,-3.1034021632267548,False,47,-3.6451168553563416,-0x1.d2933069ed4afp+1,-1.7374241775827892,-0x1.bcc7d4b5ff6e4p+0,0.4766443015481711,-0.8269480737550098,-0x1.a765bce889327p-1,1.0985272847736907,0x1.19391589dddecp+0,-1.3284114440045707,-0.41875131981353914,-0x1.accd255f06219p-2,-1.562984055860899,-0x1.901fb91c178d3p+0,3.7324874738469167,-0.624426741021761,-0x1.3fb4dc9edf660p-1,-1.117915227593257,-0x1.1e2fb13e36a3bp+0,1.7903064589514401,-0.968517764729842,-0x1.efe18f7a3829cp-1,-0.22545338805350496,-0x1.cdba8183b2966p-3,0.2327818820302102,-0.9999999996266602,-0x1.fffffffccb046p-1,0.03214579209755228,0x1.07569cb86a83cp-5,-0.03214579210955358,-1.3277225685903369
H593-5cde50d3890df26e13611884,OUTCOME-0087,85,368,/hkfs/work/workspace/scratch/ap7811-benchmark/dailymed/data/box_flat_20000_images/data/raw_images/animal/imoxi-06.jpg,86,415.1901550292969,0x1.9f30ae0000000p+8,False,False,False,CHALLENGER,84,-5.332102186645616,-0x1.55412987a4ac3p+2,-5.332102186645616,-0x1.55412987a4ac3p+2,0.0006209723086685541,0.014244554646984651,0.043593662564944013,0.0005570050697668418,0.0006557692519301792,6.396723890171228e-05,-3.479694326162519e-05,-1.3277225685903369,0.0,-1.7997447352753986,-3.532357451370218,False,72,-3.7758654187823346,-0x1.e34f8edbe23c8p+1,-1.7997447352753986,-0x1.ccbc122b27f09p+0,0.4766443015481711,-0.8790779666453383,-0x1.c21681dac076ep-1,1.1677772310639356,0x1.2af372d86edbap+0,-1.3284114440045707,-0.5450642998528658,-0x1.1712aafc2b9edp-1,-2.0344456716419614,-0x1.0468b73c98720p+1,3.7324874738469167,-0.6412906644643194,-0x1.48573ffe356edp-1,-1.1481068186557317,-0x1.25ea541670e37p+0,1.7903064589514401,-0.9537057339132511,-0x1.e84c1e325486ep-1,-0.22200541564332946,-0x1.c6aac67dc8ad5p-3,0.2327818820302102,-0.9999999996158914,-0x1.fffffffcb3561p-1,0.032145792097206104,0x1.07569cb85e55bp-5,-0.03214579210955358,-1.3277225685903369
H593-5cde50d3890df26e13611884,OUTCOME-0087,86,369,/hkfs/work/workspace/scratch/ap7811-benchmark/dailymed/data/box_flat_20000_images/data/raw_images/animal/imoxi-07.jpg,93,412.26904296875,0x1.9c44e00000000p+8,False,False,False,CHALLENGER,85,-4.940895832368478,-0x1.3c37a3273dc7bp+2,-4.940895832368478,-0x1.3c37a3273dc7bp+2,0.0012662247982879696,0.01750228998694061,0.07234623579158883,0.0011054166432069577,0.0011019006604635541,0.00016080815508101197,0.0001643241378244155,-1.3277225685903369,0.0,-1.868518862369705,-3.072376969998773,False,54,-3.92015357427045,-0x1.f5c797a26500ep+1,-1.868518862369705,-0x1.de57408dd6463p+0,0.4766443015481711,-0.7680030706305798,-0x1.8937b2cf2bfd8p-1,1.0202240680563128,0x1.052d678ee4d96p+0,-1.3284114440045707,-0.46866160324829487,-0x1.dfe8d3cb5e920p-2,-1.749273563597274,-0x1.bfd0646b685cfp+0,3.7324874738469167,-0.46767248563136693,-0x1.dee5893c1a5e7p-2,-0.8372770716997108,-0x1.acaf94914824bp-1,1.7903064589514401,-0.887560380406783,-0x1.c66e506e25187p-1,-0.20660797576654025,-0x1.a722151814959p-3,0.2327818820302102,-0.8797462978170334,-0x1.c26e1b53cd6eap-1,0.028280141598775767,0x1.cf5782d2c05dap-6,-0.03214579210955358,-1.3277225685903369
H593-5cde50d3890df26e13611884,OUTCOME-0087,87,370,/hkfs/work/workspace/scratch/ap7811-benchmark/dailymed/data/box_flat_20000_images/data/raw_images/animal/imoxi-08.jpg,81,415.9860534667969,0x1.9ffc6e0000000p+8,False,False,False,CHALLENGER,86,-5.353880234564506,-0x1.56a5f94889f17p+2,-5.353880234564506,-0x1.56a5f94889f17p+2,0.0005346125143912855,0.014633572497953712,0.036533287716724205,0.000517206103450405,0.00046969670887022795,1.7406410940880475e-05,6.491580552105754e-05,-1.3277225685903369,0.0,-1.7810062483018667,-3.572873986262639,False,75,-3.7365520630731233,-0x1.de47568759a68p+1,-1.7810062483018667,-0x1.c7f006866d9ccp+0,0.4766443015481711,-0.8950120389658881,-0x1.ca3f0499c5003p-1,1.1889442350841506,0x1.305ea63e74440p+0,-1.3284114440045707,-0.5355254132480368,-0x1.1230631027873p-1,-1.998841896874991,-0x1.ffb41a40f3e39p+0,3.7324874738469167,-0.6903933051643348,-0x1.617b3b361dc7fp-1,-1.2360155934525414,-0x1.3c6b84973985cp+0,1.7903064589514401,-0.9871867772116157,-0x1.f9708b9655c63p-1,-0.22979919591465772,-0x1.d6a0f5f8cdee1p-3,0.2327818820302102,-0.9507008998746894,-0x1.e6c244b27aa7dp-1,0.03056103348573728,0x1.f4b643d69adebp-6,-0.03214579210955358,-1.3277225685903369
H593-5cde50d3890df26e13611884,OUTCOME-0087,88,371,/hkfs/work/workspace/scratch/ap7811-benchmark/dailymed/data/box_flat_20000_images/data/raw_images/animal/imoxi-09.jpg,80,416.67578125,0x1.a0ad000000000p+8,False,False,False,CHALLENGER,87,-4.859041975799278,-0x1.36fa8b31fcbe7p+2,-4.859041975799278,-0x1.36fa8b31fcbe7p+2,0.0010745234605143677,0.01853512307494019,0.05797228624649071,0.0009500265269370347,0.001136518590340886,0.00012449693357733304,-6.199512982651826e-05,-1.3277225685903369,8.881784197001252e-16,-1.7647674237585844,-3.0942745520406936,False,49,-3.702483000481716,-0x1.d9eaf684884f6p+1,-1.7647674237585844,-0x1.c3c7cc4216dbfp+0,0.4766443015481711,-0.7996072341469351,-0x1.99661e909cb94p-1,1.062207400549631,0x1.0fecd2feee09dp+0,-1.3284114440045707,-0.44599207998970025,-0x1.c8b225d752b7ap-2,-1.6646598519964884,-0x1.aa2725e74a03ap+0,3.7324874738469167,-0.549619705711191,-0x1.1967c10a888e3p-1,-0.9839877091017349,-0x1.f7cd3cac840d3p-1,1.7903064589514401,-0.9118304790213542,-0x1.d2db71cdc913fp-1,-0.21225761499909893,-0x1.b2b41ed5fc161p-3,0.2327818820302102,-0.9999999996198627,-0x1.fffffffcbc11cp-1,0.032145792097333765,0x1.07569cb862d39p-5,-0.03214579210955358,-1.3277225685903369
H593-5cde50d3890df26e13611884,OUTCOME-0087,89,374,/hkfs/work/workspace/scratch/ap7811-benchmark/dailymed/data/box_flat_20000_images/data/raw_images/animal/int07-0006-01.jpg,25,438.96270751953125,0x1.b6f6740000000p+8,False,False,False,CHALLENGER,88,-3.8788106556202564,-0x1.f07cde18a1f60p+1,-3.8788106556202564,-0x1.f07cde18a1f60p+1,0.0007326253912732211,0.030194796420444748,0.02426329957890241,0.0006464057948918882,0.0008822585514758907,8.621959638133289e-05,-0.00014963316020266963,-1.3277225685903369,0.0,-1.2400481154841785,-2.638762540136078,False,12,-2.601621610614924,-0x1.4d01efdb14379p+1,-1.2400481154841785,-0x1.3d73cb1578920p+0,0.4766443015481711,-0.8588699847409607,-0x1.b7bdce7ff4f6cp-1,1.1409327166419232,0x1.24142aa0e9dadp+0,-1.3284114440045707,-0.2314158434047953,-0x1.d9f08cb9994c9p-3,-0.863756736758118,-0x1.ba3e52b026cf0p-1,3.7324874738469167,-0.7831000754891513,-0x1.90f27e3b712bap-1,-1.401989123153588,-0x1.66e8c2594ad93p+0,1.7903064589514401,-0.9380997286779632,-0x1.e04e9b8e1ddcdp-1,-0.21837262037368582,-0x1.bf3a24f6c6412p-3,0.2327818820302102,-0.9999999996321185,-0x1.fffffffcd7052p-1,0.03214579209772774,0x1.07569cb870b03p-5,-0.03214579210955358,-1.3277225685903369
H593-5cde50d3890df26e13611884,OUTCOME-0087,90,375,/hkfs/work/workspace/scratch/ap7811-benchmark/dailymed/data/box_flat_20000_images/data/raw_images/animal/int07-0006-02.jpg,7,471.44683837890625,0x1.d772640000000p+8,False,False,False,CHALLENGER,89,-4.829312523224636,-0x1.351374d55a6f7p+2,-4.829312523224636,-0x1.351374d55a6f7p+2,8.189979280663784e-05,0.009687838637939847,0.008453876645498517,8.34012080082512e-05,8.070755744354748e-05,-1.5014152016133638e-06,1.192235363090357e-06,-1.3277225685903369,0.0,-0.4752476908635325,-4.354064832361104,False,46,-0.9970699100354241,-0x1.fe7ff27edb09cp-1,-0.4752476908635325,-0x1.e6a754a708977p-2,0.4766443015481711,-0.9831681922946153,-0x1.f761d240bee13p-1,1.3060518780254533,0x1.4e596a76ffab0p+0,-1.3284114440045707,-0.6663137831345083,-0x1.55271486df9dap-1,-2.487007849201103,-0x1.3e5645f09b659p+1,3.7324874738469167,-0.9186809148384563,-0x1.d65d5849618d4p-1,-1.6447203755507063,-0x1.a50c65000e1c7p+0,1.7903064589514401,-0.9999999996297723,-0x1.fffffffcd1dc5p-1,-0.23278188194402788,-0x1.dcbcbf50684f6p-3,0.2327818820302102,-0.9990721270816807,-0x1.ff8661c0526b4p-1,0.032115964899617204,0x1.07180f5d8bfffp-5,-0.03214579210955358,-1.3277225685903369
H593-5cde50d3890df26e13611884,OUTCOME-0087,91,376,/hkfs/work/workspace/scratch/ap7811-benchmark/dailymed/data/box_flat_20000_images/data/raw_images/animal/int07-0006-03.jpg,21,442.45977783203125,0x1.ba75b40000000p+8,False,False,False,CHALLENGER,90,-4.0524509353807,-0x1.035b5b2b06b3bp+2,-4.0524509353807,-0x1.035b5b2b06b3bp+2,0.000652985127889152,0.025738232250283117,0.025370239942642883,0.0006668248571973809,0.000676071467648358,-1.3839729308228908e-05,-2.3086339759205974e-05,-1.3277225685903369,0.0,-1.1577137328434202,-2.8947372025372804,False,19,-2.4288840317257376,-0x1.36e5ac0504f32p+1,-1.1577137328434202,-0x1.285fed5cb14c5p+0,0.4766443015481711,-0.8732392100166866,-0x1.bf1935b1368d0p-1,1.1600209599396771,0x1.28f722359d8d7p+0,-1.3284114440045707,-0.30546041016415976,-0x1.38ca9d1f82e13p-2,-1.1401271546938676,-0x1.23df5f8ab112ep+0,3.7324874738469167,-0.7743212579132431,-0x1.8c73d5feab7ffp-1,-1.3862723493454832,-0x1.62e2bea3c9b64p+0,1.7903064589514401,-0.9999999996314558,-0x1.fffffffcd5901p-1,-0.2327818819444198,-0x1.dcbcbf506bc1ep-3,0.2327818820302102,-0.9999999996141559,-0x1.fffffffcaf851p-1,0.032145792097150315,0x1.07569cb85c5f3p-5,-0.03214579210955358,-1.3277225685903369
H593-5cde50d3890df26e13611884,OUTCOME-0087,92,377,/hkfs/work/workspace/scratch/ap7811-benchmark/dailymed/data/box_flat_20000_images/data/raw_images/animal/int07-0006-04.jpg,8,468.2918395996094,0x1.d44ab60000000p+8,False,False,False,CHALLENGER,91,-4.178084451899574,-0x1.0b65bc54356cap+2,-4.178084451899574,-0x1.0b65bc54356cap+2,0.00034866153390859035,0.015656486956990665,0.02226946152520582,0.0003368913674423994,0.0003595333004152555,1.177016646619096e-05,-1.0871766506665131e-05,-1.3277225685903369,0.0,-0.5495284040071163,-3.6285560478924577,False,22,-1.152910886004958,-0x1.27252af697fb5p+0,-0.5495284040071163,-0x1.195bc976de061p-1,0.4766443015481711,-0.9302559219671481,-0x1.dc4a811384b9bp-1,1.2357626125941825,0x1.3c5af046b626fp+0,-1.3284114440045707,-0.5109961628405915,-0x1.05a149ff904c2p-1,-1.9072867769863469,-0x1.e843f23b3fe62p+0,3.7324874738469167,-0.7991337430265101,-0x1.99280ed6db9c9p-1,-1.4306943017064013,-0x1.6e41fb54670d9p+0,1.7903064589514401,-0.9913177232182477,-0x1.fb8dff2255c9ap-1,-0.23076080530064672,-0x1.d8991effb81e1p-3,0.2327818820302102,-0.9999999996123288,-0x1.fffffffcab808p-1,0.032145792097091584,0x1.07569cb85a4e3p-5,-0.03214579210955358,-1.3277225685903369
H593-5cde50d3890df26e13611884,OUTCOME-0087,93,378,/hkfs/work/workspace/scratch/ap7811-benchmark/dailymed/data/box_flat_20000_images/data/raw_images/animal/int07-0006-05.jpg,20,447.90899658203125,0x1.bfe8b40000000p+8,False,False,False,CHALLENGER,92,-4.050437094862504,-0x1.033a5c823c242p+2,-4.050437094862504,-0x1.033a5c823c242p+2,0.0005559093656367722,0.023951900066269648,0.023209405688011935,0.0005488551824736842,0.0006326551854769326,7.05418316308804e-06,-7.674581984016041e-05,-1.3277225685903369,0.0,-1.0294183250982558,-3.0210187697642485,False,18,-2.1597201975448765,-0x1.1471b6207ba2cp+1,-1.0294183250982558,-0x1.0787f598333a1p+0,0.4766443015481711,-0.8910575485476674,-0x1.c838b1ebbb79dp-1,1.1836910447573796,0x1.2f066055cd0f8p+0,-1.3284114440045707,-0.3377015013979946,-0x1.59ce6c2142086p-2,-1.260466623867312,-0x1.42adf0cf35aadp+0,3.7324874738469167,-0.7915393045012331,-0x1.9544a3c4a9aaep-1,-1.4170979293624884,-0x1.6ac6ee0dd7594p+0,1.7903064589514401,-0.9947874069032581,-0x1.fd54c6663e88ep-1,-0.23156848479889292,-0x1.da4093e7f6d24p-3,0.2327818820302102,-0.9999999996219824,-0x1.fffffffcc0bb0p-1,0.032145792097401905,0x1.07569cb865395p-5,-0.03214579210955358,-1.3277225685903369
H593-5cde50d3890df26e13611884,OUTCOME-0087,94,379,/hkfs/work/workspace/scratch/ap7811-benchmark/dailymed/data/box_flat_20000_images/data/raw_images/animal/int07-0006-06.jpg,6,472.5492248535156,0x1.d88c9a0000000p+8,False,False,False,CHALLENGER,93,-3.9791652476199753,-0x1.fd55496df42a2p+1,-3.9791652476199753,-0x1.fd55496df42a2p+1,0.00032955699679772477,0.017341777838792108,0.019003645408288722,0.0003277853881127276,0.000289631806671001,1.7716086849971745e-06,3.992519012672378e-05,-1.3277225685903369,-4.440892098500626e-16,-0.4492933057046024,-3.529871941915373,False,15,-0.9426175960674849,-0x1.e29ec6077cebbp-1,-0.4492933057046024,-0x1.cc138b5940827p-2,0.4766443015481711,-0.9339512700354181,-0x1.de2edc61b835dp-1,1.2406715552576526,0x1.3d9ca6aae8b92p+0,-1.3284114440045707,-0.47224863646113857,-0x1.e3952584b9882p-2,-1.7626621201324861,-0x1.c33dd31fddf71p+0,3.7324874738469167,-0.8260284327770104,-0x1.a6ed32e0afd16p-1,-1.4788440384782173,-0x1.7a9585dd2604bp+0,1.7903064589514401,-0.9986883334462685,-0x1.ff5413c618d09p-1,-0.2324765498212365,-0x1.dc1caa548d91ap-3,0.2327818820302102,-0.9693890803204227,-0x1.f053c3fa26c67p-1,0.031161779849251645,0x1.fe8dfa559cac9p-6,-0.03214579210955358,-1.3277225685903369
H593-5cde50d3890df26e13611884,OUTCOME-0087,95,380,/hkfs/work/workspace/scratch/ap7811-benchmark/dailymed/data/box_flat_20000_images/data/raw_images/animal/int07-0006-07.jpg,32,436.31317138671875,0x1.b4502c0000000p+8,False,False,False,CHALLENGER,94,-3.6507116724308926,-0x1.d34a85241baacp+1,-3.6507116724308926,-0x1.d34a85241baacp+1,0.001647216607872668,0.033703527663212156,0.04887371507020693,0.0016602890857539154,0.0012807382039550516,-1.3072477881247418e-05,0.0003664784039176163,-1.3277225685903369,0.0,-1.3024283086989812,-2.3482833637319116,False,7,-2.7324952893984276,-0x1.5dc267d8385bdp+1,-1.3024283086989812,-0x1.4d6bf10f3f28dp+0,0.4766443015481711,-0.7083763908864796,-0x1.6ab04f703b5cdp-1,0.9410153043162546,0x1.e1ccc20a25c94p-1,-1.3284114440045707,-0.17877644941930396,-0x1.6e2258dc6842dp-3,-0.6672808580763789,-0x1.55a5d62d5ea6ap-1,3.7324874738469167,-0.6063943364009506,-0x1.36795186a4b69p-1,-1.0856316971301943,-0x1.15ebf57aacd76p+0,1.7903064589514401,-0.9999999996313516,-0x1.fffffffcd5556p-1,-0.2327818819443955,-0x1.dcbcbf506b8b3p-3,0.2327818820302102,-0.7502797756839783,-0x1.8024abb6d3680p-1,0.02411833769313966,0x1.8b27a3e80f0e4p-6,-0.03214579210955358,-1.3277225685903369
H593-5cde50d3890df26e13611884,OUTCOME-0087,96,381,/hkfs/work/workspace/scratch/ap7811-benchmark/dailymed/data/box_flat_20000_images/data/raw_images/animal/int07-0006-08.jpg,5,474.9871826171875,0x1.dafcb80000000p+8,False,False,False,CHALLENGER,95,-3.7137089850865177,-0x1.db5ad0e6e76acp+1,-3.7137089850865177,-0x1.db5ad0e6e76acp+1,0.0006225489181337341,0.01816381797445745,0.03427412226929286,0.0007146388204315402,0.0005898669089532884,-9.208990229780608e-05,3.268200918044571e-05,-1.3277225685903369,0.0,-0.39189447484361495,-3.321814510242903,False,9,-0.8221948181709435,-0x1.a4f6b81df840cp-1,-0.39189447484361495,-0x1.914cc903bee52p-2,0.4766443015481711,-0.8787895598563914,-0x1.c1f0b4874c82dp-1,1.16739410818497,0x1.2ada571c32917p+0,-1.3284114440045707,-0.454060787662267,-0x1.d0f54fa59f2aep-2,-1.6947762023144761,-0x1.b1dcda6afad13p+0,3.7324874738469167,-0.7067315288956886,-0x1.69d8b70751708p-1,-1.2652660209265776,-0x1.43e879549ea4dp+0,1.7903064589514401,-0.9999999996417862,-0x1.fffffffcec479p-1,-0.2327818819468245,-0x1.dcbcbf5080e8dp-3,0.2327818820302102,-0.9748727063107196,-0x1.f32283eebc300p-1,0.03133805535034228,0x1.00b8aa5b32dafp-5,-0.03214579210955358,-1.3277225685903369
H593-5cde50d3890df26e13611884,OUTCOME-0087,97,382,/hkfs/work/workspace/scratch/ap7811-benchmark/dailymed/data/box_flat_20000_images/data/raw_images/animal/int08-0008-01.jpg,59,425.7157287597656,0x1.a9b73a0000000p+8,False,False,False,CHALLENGER,96,-5.334014817211592,-0x1.55607faf1367cp+2,-5.334014817211592,-0x1.55607faf1367cp+2,0.0004767752251161333,0.011779678695728834,0.04047438282752195,0.000490743013460919,0.0006239292873471368,-1.3967788344785702e-05,-0.00014715406223100353,-1.3277225685903369,0.0,-1.5519325560520416,-3.782082261159551,False,73,-3.2559553340116847,-0x1.a0c324f668919p+1,-1.5519325560520416,-0x1.8d4b73b5d7594p+0,0.4766443015481711,-0.9058354390737189,-0x1.cfc9a9a4c243cp-1,1.2033221636504332,0x1.340cebdb6e39ep+0,-1.3284114440045707,-0.608371420647639,-0x1.377c7577015ddp-1,-2.2707387070137663,-0x1.22a790e231568p+1,3.7324874738469167,-0.6626279279883618,-0x1.5343f7c040a4cp-1,-1.1863070593591738,-0x1.2fb1d1c6f62a4p+0,1.7903064589514401,-0.9999999996314731,-0x1.fffffffcd599dp-1,-0.2327818819444238,-0x1.dcbcbf506bcafp-3,0.2327818820302102,-0.9999999996317827,-0x1.fffffffcd6481p-1,0.032145792097716945,0x1.07569cb8704efp-5,-0.03214579210955358,-1.3277225685903369
H593-5cde50d3890df26e13611884,OUTCOME-0087,98,383,/hkfs/work/workspace/scratch/ap7811-benchmark/dailymed/data/box_flat_20000_images/data/raw_images/animal/int08-0008-02.jpg,15,451.22247314453125,0x1.c338f40000000p+8,False,False,False,CHALLENGER,97,-4.582297126813042,-0x1.25445b2b0ddfcp+2,-4.582297126813042,-0x1.25445b2b0ddfcp+2,0.0003376604096374374,0.015723877081177392,0.021474373520869172,0.0003179226315957267,0.00030303715272705727,1.973777804171068e-05,3.462325691038013e-05,-1.3277225685903369,0.0,-0.9514064400661156,-3.630890686746927,False,37,-1.9960512209542562,-0x1.fefd367b23afcp+0,-0.9514064400661156,-0x1.e71ebeb293541p-1,0.4766443015481711,-0.9323821184012168,-0x1.dd613063d11d3p-1,1.238587076269401,0x1.3d140ae9d3492p+0,-1.3284114440045707,-0.5094076499105543,-0x1.04d1145965669p-1,-1.9013576723729395,-0x1.e6bf605cd7284p+0,3.7324874738469167,-0.8056082395845219,-0x1.9c78aee4ceabcp-1,-1.4422856347126687,-0x1.7139a1a094de2p+0,1.7903064589514401,-0.9854830659744181,-0x1.f8913c863e6e7p-1,-0.22940260280642685,-0x1.d5d108255df6fp-3,0.2327818820302102,-0.9734000443792076,-0x1.f2617d991139fp-1,0.031290715466044235,0x1.005562f30b121p-5,-0.03214579210955358,-1.3277225685903369
H593-5cde50d3890df26e13611884,OUTCOME-0087,99,384,/hkfs/work/workspace/scratch/ap7811-benchmark/dailymed/data/box_flat_20000_images/data/raw_images/animal/int08-0008-03.jpg,10,457.13262939453125,0x1.c921f40000000p+8,False,False,False,CHALLENGER,98,-4.0012599817863,-0x1.0014a4bf2434bp+2,-4.0012599817863,-0x1.0014a4bf2434bp+2,0.0007438062762701199,0.019329812075132253,0.03847974689971376,0.0006597634995721845,0.0007276106739597661,8.404277669793545e-05,1.6195602310353817e-05,-1.3277225685903369,0.0,-0.8122588042822925,-3.189001177504008,False,17,-1.704119406534441,-0x1.b4412b5f8b5abp+0,-0.8122588042822925,-0x1.9fe062d08f9f2p-1,0.4766443015481711,-0.8568702832397272,-0x1.b6b7b3a6db96ep-1,1.1382762902830916,0x1.2366133093fd2p+0,-1.3284114440045707,-0.4290203498101469,-0x1.b7511c4f03226p-2,-1.6013130816917958,-0x1.99efa77485f30p+0,3.7324874738469167,-0.6765653684771569,-0x1.5a66c6a66e604p-1,-1.211259349087515,-0x1.361517bb4e1cap+0,1.7903064589514401,-0.9396153637288123,-0x1.e11543d4119c0p-1,-0.21872543275329343,-0x1.bff31ea3d4ab6p-3,0.2327818820302102,-0.9874687246050852,-0x1.f995802c00db1p-1,0.03174296433584108,0x1.0409d2366ac1bp-5,-0.03214579210955358,-1.3277225685903369
H593-5cde50d3890df26e13611884,OUTCOME-0087,100,385,/hkfs/work/workspace/scratch/ap7811-benchmark/dailymed/data/box_flat_20000_images/data/raw_images/animal/int08-0008-04.jpg,19,448.1013488769531,0x1.c019f20000000p+8,False,False,False,CHALLENGER,99,-4.947614554453264,-0x1.3ca5b78425c8dp+2,-4.947614554453264,-0x1.3ca5b78425c8dp+2,0.0001943102512252206,0.0132627379042006,0.014650840017254528,0.00018692129626063096,0.00019637178209704745,7.3889549645896285e-06,-2.0615308718268646e-06,-1.3277225685903369,0.0,-1.0248896179128963,-3.922724936540368,False,55,-2.150218967443835,-0x1.133a600834802p+1,-1.0248896179128963,-0x1.065f2a7ef221ap+0,0.4766443015481711,-0.9605219377367651,-0x1.ebc9880b57044p-1,1.2759683343069643,0x1.46a5dc5a947b5p+0,-1.3284114440045707,-0.5696742719287631,-0x1.23ac589e9d010p-1,-2.12630208414697,-0x1.102aaaac69f7ep+1,3.7324874738469167,-0.863150185785842,-0x1.b9eed236f9189p-1,-1.5453033526575286,-0x1.8b99002210308p+0,1.7903064589514401,-0.994540707079171,-0x1.fd347086e43a0p-1,-0.2315110575495454,-0x1.da227826b38d1p-3,0.2327818820302102,-0.9999999996110002,-0x1.fffffffca8949p-1,0.032145792097048875,0x1.07569cb858cd8p-5,-0.03214579210955358,-1.3277225685903369
H593-5cde50d3890df26e13611884,OUTCOME-0087,101,386,/hkfs/work/workspace/scratch/ap7811-benchmark/dailymed/data/box_flat_20000_images/data/raw_images/animal/int08-0008-06.jpg,50,429.24273681640625,0x1.ad3e240000000p+8,False,False,False,CHALLENGER,100,-5.410778307534499,-0x1.5a4a31193114fp+2,-5.410778307534499,-0x1.5a4a31193114fp+2,0.00021277569324526255,0.01281118849287983,0.016608583455275713,0.00021415298994869773,0.00029727186505267364,-1.3772967034351741e-06,-8.449617180741108e-05,-1.3277225685903369,0.0,-1.4688933246489735,-3.9418849828855254,False,82,-3.0817389820415646,-0x1.8a766c4756a31p+1,-1.4688933246489735,-0x1.78096496ae17ep+0,0.4766443015481711,-0.9568512483224754,-0x1.e9e868255d15cp-1,1.2710921484816355,0x1.45664b87ee561p+0,-1.3284114440045707,-0.5812578331842319,-0x1.299aa07023e41p-1,-2.169537581435546,-0x1.15b3684fdab3ap+1,3.7324874738469167,-0.8462690194292517,-0x1.b14a2c44221cap-1,-1.5150808914946912,-0x1.83dc575fc3a42p+0,1.7903064589514401,-0.9999999996297553,-0x1.fffffffcd1d2cp-1,-0.23278188194402394,-0x1.dcbcbf5068468p-3,0.2327818820302102,-0.9999999996230866,-0x1.fffffffcc328ap-1,0.032145792097437405,0x1.07569cb866791p-5,-0.03214579210955358,-1.3277225685903369
H593-5cde50d3890df26e13611884,OUTCOME-0087,102,387,/hkfs/work/workspace/scratch/ap7811-benchmark/dailymed/data/box_flat_20000_images/data/raw_images/animal/int08-0008-07.jpg,11,455.09857177734375,0x1.c7193c0000000p+8,False,False,False,CHALLENGER,101,-4.842956570599258,-0x1.35f3001dab042p+2,-4.842956570599258,-0x1.35f3001dab042p+2,0.00014967739780821494,0.013023576163643717,0.01149280319994216,0.0001375637457510238,0.0001556400824442878,1.211365205719113e-05,-5.962684636072859e-06,-1.3277225685903369,-8.881784197001252e-16,-0.8601482841043729,-3.9828082864948846,False,48,-1.804591560856925,-0x1.cdf9b66884a15p+0,-0.8601482841043729,-0x1.b8655b1be0aa3p-1,0.4766443015481711,-0.969451497740428,-0x1.f05bf25bb4eb2p-1,1.2878304640057558,0x1.49af41ddb27d7p+0,-1.3284114440045707,-0.5757882473965444,-0x1.26cdb797fa879p-1,-2.1491224209958717,-0x1.13167188a388dp+1,3.7324874738469167,-0.8910415626261134,-0x1.c8369985b637ap-1,-1.595237464763715,-0x1.98617b84839cap+0,1.7903064589514401,-0.9910654825698328,-0x1.fb6cef57a9ed8p-1,-0.23070208824778415,-0x1.d87a562125260p-3,0.2327818820302102,-0.9999999996115896,-0x1.fffffffca9e06p-1,0.03214579209706782,0x1.07569cb859782p-5,-0.03214579210955358,-1.3277225685903369
H593-5cde50d3890df26e13611884,OUTCOME-0087,103,388,/hkfs/work/workspace/scratch/ap7811-benchmark/dailymed/data/box_flat_20000_images/data/raw_images/animal/int08-0008-08.jpg,14,451.4228515625,0x1.c36c400000000p+8,False,False,False,CHALLENGER,102,-4.075567991942544,-0x1.04d61b218120ap+2,-4.075567991942544,-0x1.04d61b218120ap+2,0.0007603926087851043,0.020588507773875823,0.036932866487290786,0.000764396184924089,0.0008985568962268362,-4.003576138984755e-06,-0.00013816428744173196,-1.3277225685903369,0.0,-0.9466887673104327,-3.1288792246321107,False,20,-1.9861535409854418,-0x1.fc748ef75df83p+0,-0.9466887673104327,-0x1.e4b463de2d7f6p-1,0.4766443015481711,-0.8539117299432737,-0x1.b533eb138de5ep-1,1.134346114226385,0x1.226481c6f26eep+0,-1.3284114440045707,-0.40293944365856926,-0x1.9c9c285320c1ep-2,-1.5039664261744552,-0x1.8103f196b3875p+0,3.7324874738469167,-0.6875360629420936,-0x1.6004ba125053dp-1,-1.230900254247274,-0x1.3b1c4770a1500p+0,1.7903064589514401,-0.9999999996301149,-0x1.fffffffcd29d3p-1,-0.23278188194410765,-0x1.dcbcbf5069030p-3,0.2327818820302102,-0.9999999996305597,-0x1.fffffffcd397ap-1,0.03214579209767763,0x1.07569cb86eecdp-5,-0.03214579210955358,-1.3277225685903369
H593-5cde50d3890df26e13611884,OUTCOME-0087,104,389,/hkfs/work/workspace/scratch/ap7811-benchmark/dailymed/data/box_flat_20000_images/data/raw_images/animal/int08-0008-09.jpg,16,451.0040283203125,0x1.c301080000000p+8,False,False,False,CHALLENGER,103,-5.52467217290599,-0x1.61943a97f028bp+2,-5.52467217290599,-0x1.61943a97f028bp+2,8.410767091240694e-05,0.0073361676367092125,0.011464796754581136,8.454973814646212e-05,0.00011573868268978931,-4.420672340551765e-07,-3.163101177738237e-05,-1.3277225685903369,0.0,-0.9565494649800934,-4.568122707925896,False,93,-2.0068412899790466,-0x1.00e02ce65c798p+1,-0.9565494649800934,-0x1.e9c0d9fa310c8p-1,0.4766443015481711,-0.9827183564281572,-0x1.f726dc44135b6p-1,1.3054543109125267,0x1.4e3240f3caa0fp+0,-1.3284114440045707,-0.7366485205693926,-0x1.7929feb0fc11fp-1,-2.7495313756531203,-0x1.5ff0a4e4e0c60p+1,3.7324874738469167,-0.8912926481216722,-0x1.c857828db2153p-1,-1.595686984748163,-0x1.987ef136256e1p+0,1.7903064589514401,-0.999999999629627,-0x1.fffffffcd18a9p-1,-0.23278188194399407,-0x1.dcbcbf5068034p-3,0.2327818820302102,-0.9999999996154237,-0x1.fffffffcb24edp-1,0.032145792097191074,0x1.07569cb85dce5p-5,-0.03214579210955358,-1.3277225685903369
H593-5cde50d3890df26e13611884,OUTCOME-0087,105,390,/hkfs/work/workspace/scratch/ap7811-benchmark/dailymed/data/box_flat_20000_images/data/raw_images/animal/int08-0008-11.jpg,97,411.2529296875,0x1.9b40c00000000p+8,False,False,False,CHALLENGER,104,-6.0386293262286115,-0x1.8278e7233460bp+2,-6.0386293262286115,-0x1.8278e7233460bp+2,0.0001737056380302288,0.010715435201303487,0.016210787034491914,0.0001661253833594656,0.0001522917738809862,7.580254670763189e-06,2.141386414924258e-05,-1.3277225685903369,0.0,-1.8924420472727235,-4.146187278955888,False,120,-3.9703444290133145,-0x1.fc343f0a3be6cp+1,-1.8924420472727235,-0x1.e47714fe9c940p+0,0.4766443015481711,-0.9646341571032193,-0x1.ede4873ab9c7ep-1,1.2814310535736195,0x1.480bdd932d71fp+0,-1.3284114440045707,-0.6373375294256779,-0x1.46511acacb1f7p-1,-2.3788543451938833,-0x1.307e4c9747119p+1,3.7324874738469167,-0.8496743160380051,-0x1.b308830f44d02p-1,-1.5211774160079878,-0x1.856be2152b084p+0,1.7903064589514401,-0.9943997620157962,-0x1.fd21f732041c3p-1,-0.23147824809243014,-0x1.da11448a56c1dp-3,0.2327818820302102,-0.9834644997201645,-0x1.f788a8ae26748p-1,0.03161424535513052,0x1.02fbe0bc6a8a8p-5,-0.03214579210955358,-1.3277225685903369
H593-5cde50d3890df26e13611884,OUTCOME-0087,106,391,/hkfs/work/workspace/scratch/ap7811-benchmark/dailymed/data/box_flat_20000_images/data/raw_images/animal/int08-0008-12.jpg,12,453.9105224609375,0x1.c5e9180000000p+8,False,False,False,CHALLENGER,105,-4.297795103851173,-0x1.130f1331fcc81p+2,-4.297795103851173,-0x1.130f1331fcc81p+2,0.00035048246832381305,0.018965389165578998,0.018480109491236643,0.0003419999155768912,0.00030173727034488965,8.482552746921833e-06,4.87451979789234e-05,-1.3277225685903369,0.0,-0.8881194995138669,-3.409675604337306,False,26,-1.8632751857710206,-0x1.dcff9a4255b94p+0,-0.8881194995138669,-0x1.c6b7995ab4325p-1,0.4766443015481711,-0.9299044397040189,-0x1.dc1c6f49de30bp-1,1.235295699533477,0x1.3c3c56c662befp+0,-1.3284114440045707,-0.436753401406237,-0x1.bf3c489dd3816p-2,-1.6301765999088138,-0x1.a15340ef5015cp+0,3.7324874738469167,-0.8304148240412865,-0x1.a92c21bebde94p-1,-1.4866970230901388,-0x1.7c982d153b927p+0,1.7903064589514401,-0.9937352387690902,-0x1.fccadd7ecabfbp-1,-0.2313235591204091,-0x1.d9c02a89bb59bp-3,0.2327818820302102,-0.9627526593042987,-0x1.ecedeaa3b2af3p-1,0.03094844683891585,0x1.fb0f31c23fb42p-6,-0.03214579210955358,-1.3277225685903369
H593-5cde50d3890df26e13611884,OUTCOME-0087,107,392,/hkfs/work/workspace/scratch/ap7811-benchmark/dailymed/data/box_flat_20000_images/data/raw_images/animal/int08-0008-13.jpg,13,453.84259033203125,0x1.c5d7b40000000p+8,False,False,False,CHALLENGER,106,-3.292289034523639,-0x1.a569ba222114bp+1,-3.292289034523639,-0x1.a569ba222114bp+1,0.0019031112567661004,0.030994679366045188,0.06140122420014344,0.001957680198465353,0.0019591423239710927,-5.4568941699252495e-05,-5.603106720499223e-05,-1.3277225685903369,0.0,-0.889718881109077,-2.402570153414562,False,5,-1.8666306892146058,-0x1.dddb8243e2fcfp+0,-0.889718881109077,-0x1.c7893bb1fe90cp-1,0.4766443015481711,-0.6705357101676352,-0x1.575074e3f0b4ap-1,0.8907473110004186,0x1.c81008137e549p-1,-1.3284114440045707,-0.2190061327940393,-0x1.c086498fca686p-3,-0.8174376473494062,-0x1.a2872ff3c50f1p-1,3.7324874738469167,-0.5292508184223421,-0x1.0ef9f69902a8cp-1,-0.9475211586268549,-0x1.e5217e4924079p-1,1.7903064589514401,-0.999999999636906,-0x1.fffffffce18c4p-1,-0.2327818819456885,-0x1.dcbcbf5076eacp-3,0.2327818820302102,-0.999999999618999,-0x1.fffffffcba2b8p-1,0.032145792097306,0x1.07569cb861d98p-5,-0.03214579210955358,-1.3277225685903369
H593-5cde50d3890df26e13611884,OUTCOME-0087,108,393,/hkfs/work/workspace/scratch/ap7811-benchmark/dailymed/data/box_flat_20000_images/data/raw_images/animal/int08-0008-14.jpg,18,448.85406494140625,0x1.c0daa40000000p+8,False,False,False,CHALLENGER,107,-5.047627055796203,-0x1.430c5259c32a5p+2,-5.047627055796203,-0x1.430c5259c32a5p+2,0.0001686700629595453,0.012106093336104256,0.01393265839579454,0.00017697360294919735,0.00017523410533958997,-8.303539989652065e-06,-6.564042380044678e-06,-1.3277225685903369,0.0,-1.0071678088177214,-4.0404592469784815,False,58,-2.1130386024680794,-0x1.0e780c866499ep+1,-1.0071678088177214,-0x1.01d5bfe074c29p+0,0.4766443015481711,-0.9656417696085334,-0x1.ee6899183d8d3p-1,1.2827695775568009,0x1.48639647e9029p+0,-1.3284114440045707,-0.5996914791543652,-0x1.330ac2f550d39p-1,-2.238340934116397,-0x1.1e81f4aaa9fc7p+1,3.7324874738469167,-0.8694205532236162,-0x1.bd24b0d5219e1p-1,-1.5565292319813744,-0x1.8e78b322a0c4ap+0,1.7903064589514401,-0.9999999996307023,-0x1.fffffffcd3e7ep-1,-0.23278188194424437,-0x1.dcbcbf506a36ep-3,0.2327818820302102,-0.9999999996116803,-0x1.fffffffcaa137p-1,0.03214579209707073,0x1.07569cb859926p-5,-0.03214579210955358,-1.3277225685903369
H593-5cde50d3890df26e13611884,OUTCOME-0087,109,394,/hkfs/work/workspace/scratch/ap7811-benchmark/dailymed/data/box_flat_20000_images/data/raw_images/animal/int08-0008-16.jpg,69,420.9843444824219,0x1.a4fbfe0000000p+8,False,False,False,CHALLENGER,108,-5.361416028216011,-0x1.572170b15c07ep+2,-5.361416028216011,-0x1.572170b15c07ep+2,0.00032333842880572275,0.0149244697617094,0.021664986024179437,0.000329932253767576,0.00038314753175213947,-6.59382496185322e-06,-5.9809102946416714e-05,-1.3277225685903369,0.0,-1.6633274005076575,-3.6980886277083536,False,77,-3.4896617773569596,-0x1.bead3cb3ecb85p+1,-1.6633274005076575,-0x1.a9cfd313b898ep+0,0.4766443015481711,-0.9351571680172084,-0x1.decceb9a81fd8p-1,1.2422734839369647,0x1.3e05a292327eap+0,-1.3284114440045707,-0.5284690992667768,-0x1.0e9380749842bp-1,-1.9725042933284072,-0x1.f8f60a9710aa6p+0,3.7324874738469167,-0.804051816202911,-0x1.9bacadfdc3061p-1,-1.4394991598797078,-0x1.708304564d85ap+0,1.7903064589514401,-0.9999999996304689,-0x1.fffffffcd3648p-1,-0.23278188194419006,-0x1.dcbcbf5069bc9p-3,0.2327818820302102,-0.9999999996195466,-0x1.fffffffcbb5fcp-1,0.03214579209732361,0x1.07569cb862781p-5,-0.03214579210955358,-1.3277225685903369
H593-5cde50d3890df26e13611884,OUTCOME-0087,110,395,/hkfs/work/workspace/scratch/ap7811-benchmark/dailymed/data/box_flat_20000_images/data/raw_images/animal/int08-0008-17.jpg,17,450.1808166503906,0x1.c22e4a0000000p+8,False,False,False,CHALLENGER,109,-4.891026589933575,-0x1.39069463e8641p+2,-4.891026589933575,-0x1.39069463e8641p+2,0.0001603175437276775,0.01375359087702706,0.011656413598535899,0.00015508746253614788,0.00022623270132023668,5.23008119152963e-06,-6.591515759255917e-05,-1.3277225685903369,0.0,-0.9759310096929396,-3.9150955802406355,False,50,-2.0475037811698438,-0x1.06149a9947c8fp+1,-0.9759310096929396,-0x1.f3ad3ab3911e5p-1,0.4766443015481711,-0.9673153795806989,-0x1.ef43f6206f113p-1,1.2849928201966256,0x1.48f54a1a56dd6p+0,-1.3284114440045707,-0.5572734510476304,-0x1.1d52f21e5b755p-1,-2.080016175542723,-0x1.0a3df8548db1ep+1,3.7324874738469167,-0.889576081646397,-0x1.c7768423f3407p-1,-1.5926138047002583,-0x1.97b589ce58827p+0,1.7903064589514401,-0.9961326958908309,-0x1.fe051acea7a53p-1,-0.23188164370129463,-0x1.dae4c361eb145p-3,0.2327818820302102,-0.9999999996204283,-0x1.fffffffcbd502p-1,0.032145792097351945,0x1.07569cb863775p-5,-0.03214579210955358,-1.3277225685903369
H593-5cde50d3890df26e13611884,OUTCOME-0087,111,396,/hkfs/work/workspace/scratch/ap7811-benchmark/dailymed/data/box_flat_20000_images/data/raw_images/animal/int08-0008-18.jpg,9,457.9915771484375,0x1.c9fdd80000000p+8,False,False,False,CHALLENGER,110,-3.8353195070152886,-0x1.eaebbfe62bb68p+1,-3.8353195070152886,-0x1.eaebbfe62bb68p+1,0.0007785027152163156,0.022018529313153203,0.03535670816811828,0.0007533556316189528,0.0007576307787092518,2.514708359736275e-05,2.0871936507063735e-05,-1.3277225685903369,0.0,-0.7920358957563326,-3.043283611258956,False,11,-1.6616917336129886,-0x1.a964a123e6bd9p+0,-0.7920358957563326,-0x1.9585ba9b10229p-1,0.4766443015481711,-0.8506921245732466,-0x1.b38deb0c03822p-1,1.1300691536076626,0x1.214c3648f69b9p+0,-1.3284114440045707,-0.3744402894590057,-0x1.7f6d46761ff3bp-2,-1.3975936901093524,-0x1.65c8b3381d99cp+0,3.7324874738469167,-0.6988630682162137,-0x1.65d1614cbde0bp-1,-1.2511790649501082,-0x1.404d456d668c1p+0,1.7903064589514401,-0.9815412959972613,-0x1.f68c94abf6a07p-1,-0.2284850301726141,-0x1.d3eff5a1bc50bp-3,0.2327818820302102,-0.9838795960605276,-0x1.f7bf110090354p-1,0.03162758895579327,0x1.0317dc86ed439p-5,-0.03214579210955358,-1.3277225685903369
H593-5cde50d3890df26e13611884,OUTCOME-0087,112,413,/hkfs/work/workspace/scratch/ap7811-benchmark/dailymed/data/box_flat_20000_images/data/raw_images/animal/mid0c-0001-05.jpg,102,410.0876159667969,0x1.9a166e0000000p+8,False,False,False,CHALLENGER,111,-4.578617220765563,-0x1.2508108605cadp+2,-4.578617220765563,-0x1.2508108605cadp+2,0.0018046161962786695,0.024850410541700074,0.0726191703453126,0.002070425135473429,0.0015223173568275593,-0.00026580893919475926,0.00028229883945111024,-1.3277225685903369,0.0,-1.919877979983012,-2.658739240782551,False,36,-4.027905030537711,-0x1.01c9322e636a1p+2,-1.919877979983012,-0x1.eb7d1f90566b9p+0,0.4766443015481711,-0.6849006204034913,-0x1.5eab4b4b49452p-1,0.9098298221498282,0x1.d1d536e61e366p-1,-1.3284114440045707,-0.3212878804380007,-0x1.48ffb0ac54592p-2,-1.1992029892336635,-0x1.32fef79406268p+0,3.7324874738469167,-0.4662002247195303,-0x1.dd63977a3ba19p-2,-0.834641273479988,-0x1.ab5619dafa07cp-1,1.7903064589514401,-0.9999999996627714,-0x1.fffffffd1a6d3p-1,-0.23278188195170949,-0x1.dcbcbf50abe0dp-3,0.2327818820302102,-0.8019603385557058,-0x1.9a9a8ba5925a3p-1,0.025779650323318925,0x1.a65fb0c29f433p-6,-0.03214579210955358,-1.3277225685903369
H593-5cde50d3890df26e13611884,OUTCOME-0087,113,414,/hkfs/work/workspace/scratch/ap7811-benchmark/dailymed/data/box_flat_20000_images/data/raw_images/animal/mid0d-0002-08.jpg,94,412.17559814453125,0x1.9c2cf40000000p+8,False,False,False,CHALLENGER,112,-5.156823425445895,-0x1.4a09651ee25b2p+2,-5.156823425445895,-0x1.4a09651ee25b2p+2,0.0007461688040859629,0.017796284148068463,0.0419283485180219,0.0007781650986225802,0.0006567064806235318,-3.1996294536617274e-05,8.946232346243111e-05,-1.3277225685903369,0.0,-1.8707189101884534,-3.286104515257441,False,62,-3.924769275772812,-0x1.f65ed6f1e5194p+1,-1.8707189101884534,-0x1.dee76f3b44a6bp+0,0.4766443015481711,-0.8564482955655701,-0x1.b6806418568fcp-1,1.1377157170275123,0x1.23415654c7425p+0,-1.3284114440045707,-0.46213671589719996,-0x1.d93a5e043cbdap-2,-1.72491950329105,-0x1.b9945316de1cap+0,3.7324874738469167,-0.6526135411582753,-0x1.4e235cb067309p-1,-1.1683782379348318,-0x1.2b1ad61149c81p+0,1.7903064589514401,-0.9999999996339055,-0x1.fffffffcdaf32p-1,-0.23278188194499003,-0x1.dcbcbf5070c5fp-3,0.2327818820302102,-0.9326869088829991,-0x1.dd8923761e9fdp-1,0.02998195947625503,0x1.eb3973dae9adep-6,-0.03214579210955358,-1.3277225685903369
H593-5cde50d3890df26e13611884,OUTCOME-0087,114,415,/hkfs/work/workspace/scratch/ap7811-benchmark/dailymed/data/box_flat_20000_images/data/raw_images/animal/mid0f-0001-07.jpg,119,402.9703369140625,0x1.92f8680000000p+8,False,False,False,CHALLENGER,113,-5.691341705812158,-0x1.6c3ef14834bd9p+2,-5.691341705812158,-0x1.6c3ef14834bd9p+2,0.0005478842126963581,0.013980454220878387,0.03918929986395927,0.0005782962991070503,0.0005528527414935268,-3.041208641069214e-05,-4.968528797168648e-06,-1.3277225685903369,-8.881784197001252e-16,-2.087445893843448,-3.6038958119687097,False,99,-4.379462603587813,-0x1.18491d841dbd2p+2,-2.087445893843448,-0x1.0b316d531d118p+1,0.4766443015481711,-0.8925457539004642,-0x1.c8fbc1ce5f502p-1,1.1856679937790637,0x1.2f87f00931ec3p+0,-1.3284114440045707,-0.5516079828843502,-0x1.1a6c5c8d66d0dp-1,-2.0588698865898016,-0x1.07890c66cfabbp+1,3.7324874738469167,-0.6715806976555003,-0x1.57d96cda1c482p-1,-1.2023352607197566,-0x1.33cc3e5f9e760p+0,1.7903064589514401,-0.999999999633693,-0x1.fffffffcda7b8p-1,-0.23278188194494057,-0x1.dcbcbf5070569p-3,0.2327818820302102,-0.9999999996114396,-0x1.fffffffca98bfp-1,0.032145792097062996,0x1.07569cb8594cbp-5,-0.03214579210955358,-1.3277225685903369
H593-5cde50d3890df26e13611884,OUTCOME-0087,115,416,/hkfs/work/workspace/scratch/ap7811-benchmark/dailymed/data/box_flat_20000_images/data/raw_images/animal/mid0g-0001-04.jpg,72,419.35992431640625,0x1.a35c240000000p+8,False,False,False,CHALLENGER,114,-5.3923298816668925,-0x1.591beecac02ecp+2,-5.3923298816668925,-0x1.591beecac02ecp+2,0.0003945309242458039,0.014281012868116774,0.027626256476991073,0.00038933498087680173,0.0003314629492829443,5.195943369002158e-06,6.306797496285962e-05,-1.3277225685903369,0.0,-1.7015724512405614,-3.690757430426331,False,80,-3.569899914283556,-0x1.c8f27afaeba86p+1,-1.7015724512405614,-0x1.b39a408dda4eep+0,0.4766443015481711,-0.9214409019261802,-0x1.d7c71a15f07aep-1,1.224052639092631,0x1.395b83857c3f5p+0,-1.3284114440045707,-0.5441652983652203,-0x1.169cd58031832p-1,-2.031090159850355,-0x1.03fac329e470ap+1,3.7324874738469167,-0.7566944131208884,-0x1.836d733ad71b2p-1,-1.3547148952627959,-0x1.5ace986a8eca4p+0,1.7903064589514401,-0.9961578900902447,-0x1.fe08682f2e0fbp-1,-0.23188750845445044,-0x1.dae7d6894d63ep-3,0.2327818820302102,-0.9520705706884931,-0x1.e775cb392ea92p-1,0.030605062638976336,0x1.f56eefc817821p-6,-0.03214579210955358,-1.3277225685903369
H593-5cde50d3890df26e13611884,OUTCOME-0087,116,417,/hkfs/work/workspace/scratch/ap7811-benchmark/dailymed/data/box_flat_20000_images/data/raw_images/animal/mil01-0000-01.jpg,114,404.6836242675781,0x1.94af020000000p+8,False,False,False,CHALLENGER,115,-5.717442232551462,-0x1.6dea92d364f9fp+2,-5.717442232551462,-0x1.6dea92d364f9fp+2,0.00046951316148285266,0.013734091242299339,0.03418596492477121,0.00045619733182453056,0.00042317024362981446,1.3315829658322096e-05,4.63429178530382e-05,-1.3277225685903369,0.0,-2.0471085703319045,-3.6703336622195573,False,103,-4.29483487725074,-0x1.12de931ae0c65p+2,-2.0471085703319045,-0x1.0607a75477ea9p+1,0.4766443015481711,-0.9072031704810827,-0x1.d07cef1816681p-1,1.2051390737042997,0x1.3483fe8cb1135p+0,-1.3284114440045707,-0.5577623477945762,-0x1.1d9306c56f8e5p-1,-2.081840976526703,-0x1.0a79c3ded3d39p+1,3.7324874738469167,-0.7073754854666316,-0x1.6a2d1ea024824p-1,-1.2664189005348212,-0x1.44340770d5556p+0,1.7903064589514401,-0.9901831594271013,-0x1.faf9497d94264p-1,-0.23049669940606032,-0x1.d80ea74e479f4p-3,0.2327818820302102,-0.9645557660671098,-0x1.edda40dcda596p-1,0.031006409134064508,0x1.fc024e4c9ef84p-6,-0.03214579210955358,-1.3277225685903369
H593-5cde50d3890df26e13611884,OUTCOME-0087,117,450,/hkfs/work/workspace/scratch/ap7811-benchmark/dailymed/data/box_flat_20000_images/data/raw_images/animal/panacur-02.jpg,126,399.86004638671875,0x1.8fdc2c0000000p+8,False,False,False,CHALLENGER,116,-4.077141972175429,-0x1.04efe4e1e91d4p+2,-4.077141972175429,-0x1.04efe4e1e91d4p+2,0.0033939756293143936,0.04182164303969009,0.08115356984165832,0.0033560477383063844,0.003150879434950288,3.792789100800923e-05,0.00024309619436410548,-1.3277225685903369,-8.881784197001252e-16,-2.160674004095305,-1.916467968080124,False,21,-4.533095218126595,-0x1.221e3b67e07e6p+2,-2.160674004095305,-0x1.1490f73c740efp+1,0.4766443015481711,-0.47959631110862977,-0x1.eb1b4b9df9a86p-2,0.6371012281790802,0x1.463221d68a89ep-1,-1.3284114440045707,-0.07268431440584945,-0x1.29b70714e2879p-4,-0.27129329306498406,-0x1.15cde8b55a5e4p-2,3.7324874738469167,-0.42160891636903725,-0x1.afba3f6e072ebp-2,-0.7548091661270049,-0x1.827658d67918cp-1,1.7903064589514401,-0.9722897866431818,-0x1.f1cff787bc0c9p-1,-0.22633144641355138,-0x1.cf86dc83387bbp-3,0.2327818820302102,-0.8270842369061409,-0x1.a77795c919156p-1,0.026587277936673568,0x1.b39b204e923b9p-6,-0.03214579210955358,-1.3277225685903369
H593-5cde50d3890df26e13611884,OUTCOME-0087,118,463,/hkfs/work/workspace/scratch/ap7811-benchmark/dailymed/data/box_flat_20000_images/data/raw_images/animal/pra08-0000-02.jpg,120,402.74847412109375,0x1.92bf9c0000000p+8,False,False,False,CHALLENGER,117,-6.1085340993210755,-0x1.86f23901c56dfp+2,-6.1085340993210755,-0x1.86f23901c56dfp+2,0.0003006864194479917,0.01058906526155478,0.028395935998211257,0.00029830033007254784,0.0003565754761608718,2.386089375443841e-06,-5.58890567128801e-05,-1.3277225685903369,-8.881784197001252e-16,-2.0926693907873735,-4.015864708533702,False,122,-4.390421502974545,-0x1.18fcaa78bb92dp+2,-2.0926693907873735,-0x1.0bdc973162d15p+1,0.4766443015481711,-0.9395625663209147,-0x1.e10e583dc9cf5p-1,1.2481256654590065,0x1.3f8529e271d5ep+0,-1.3284114440045707,-0.6408464580000082,-0x1.481d06e5bc256p-1,-2.3919513771441947,-0x1.322b76753a6dep+1,3.7324874738469167,-0.7507605608128164,-0x1.8063b02fa2a51p-1,-1.3440914811491906,-0x1.5816611a5e339p+0,1.7903064589514401,-0.9982337851196412,-0x1.ff187fa9b3ca0p-1,-0.2323707392062905,-0x1.dbe530ab81c45p-3,0.2327818820302102,-0.9999999996189783,-0x1.fffffffcba1fep-1,0.03214579209730534,0x1.07569cb861d38p-5,-0.03214579210955358,-1.3277225685903369
H593-5cde50d3890df26e13611884,OUTCOME-0087,119,475,/hkfs/work/workspace/scratch/ap7811-benchmark/dailymed/data/box_flat_20000_images/data/raw_images/animal/sel03-0002-07.jpg,79,417.01593017578125,0x1.a104140000000p+8,False,False,False,CHALLENGER,118,-4.617764815861678,-0x1.278975702fb42p+2,-4.617764815861678,-0x1.278975702fb42p+2,0.0012979424303777183,0.022287953518771247,0.058235155115725266,0.001199199575110644,0.0011588396050364674,9.874285526707436e-05,0.00013910282534125096,-1.3277225685903369,0.0,-1.756759019778255,-2.8610057960834228,False,38,-3.6856813646406548,-0x1.d7c4682e4ddb9p+1,-1.756759019778255,-0x1.c1baf588e68f3p+0,0.4766443015481711,-0.7628807692948569,-0x1.86984ee5bcca6p-1,1.0134195443422986,0x1.036f769813d02p+0,-1.3284114440045707,-0.36920001573113603,-0x1.7a0f91a4fddd6p-2,-1.37803443406055,-0x1.60c6dd5b0d4b5p+0,3.7324874738469167,-0.5480390036758558,-0x1.1898917b70c14p-1,-0.9811577680381967,-0x1.f65a4f9be17d4p-1,1.7903064589514401,-0.929426075131577,-0x1.dbddbc097ac22p-1,-0.21635355097708003,-0x1.bb17920e8f6aap-3,0.2327818820302102,-0.897255265701466,-0x1.cb650accb4033p-1,0.028842981240441587,0x1.d8903b4965cbcp-6,-0.03214579210955358,-1.3277225685903369
H593-5cde50d3890df26e13611884,OUTCOME-0087,120,476,/hkfs/work/workspace/scratch/ap7811-benchmark/dailymed/data/box_flat_20000_images/data/raw_images/animal/sel03-0002-08.jpg,98,410.505126953125,0x1.9a81500000000p+8,False,False,False,CHALLENGER,119,-4.388060959197757,-0x1.18d5fda226f5ep+2,-4.388060959197757,-0x1.18d5fda226f5ep+2,0.0018405215022333063,0.029219200849192103,0.0629901382906643,0.0020149911506497815,0.0019714578741138835,-0.00017446964841647526,-0.00013093637188057723,-1.3277225685903369,0.0,-1.910048177824849,-2.4780127813729083,False,27,-4.0072821003437795,-0x1.00774f57b4a78p+2,-1.910048177824849,-0x1.e8f8ead98ac85p+0,0.4766443015481711,-0.6796355233100377,-0x1.5bf92ff3a206cp-1,0.9028356069170893,0x1.ce4077fabf156p-1,-1.3284114440045707,-0.24689795014660645,-0x1.f9a5a1eaa2061p-3,-0.9215435062406891,-0x1.d7d48cea4a348p-1,3.7324874738469167,-0.5199926632408209,-0x1.0a3c7a758efc2p-1,-0.9309462236074029,-0x1.dca4fbc174fdcp-1,1.7903064589514401,-0.9999999996520539,-0x1.fffffffd02dbcp-1,-0.23278188194921465,-0x1.dcbcbf5095eefp-3,0.2327818820302102,-0.9999999996295706,-0x1.fffffffcd16adp-1,0.032145792097645835,0x1.07569cb86dce7p-5,-0.03214579210955358,-1.3277225685903369
H593-5cde50d3890df26e13611884,OUTCOME-0087,121,477,/hkfs/work/workspace/scratch/ap7811-benchmark/dailymed/data/box_flat_20000_images/data/raw_images/animal/sel04-0002-07.jpg,92,412.27142333984375,0x1.9c457c0000000p+8,False,False,False,CHALLENGER,120,-5.22079597734604,-0x1.4e2185737288dp+2,-5.22079597734604,-0x1.4e2185737288dp+2,0.0006626825298808046,0.01729988552482003,0.03830560201858322,0.0007168031528820548,0.0005789123028749698,-5.412062300125015e-05,8.377022700583486e-05,-1.3277225685903369,0.0,-1.8684628193488486,-3.352333157997192,False,68,-3.920035995982669,-0x1.f5c3bd50f1b58p+1,-1.8684628193488486,-0x1.de53944ee52fdp+0,0.4766443015481711,-0.8714776732978274,-0x1.be32525404455p-1,1.1576809144033104,0x1.285dc6c290cacp+0,-1.3284114440045707,-0.473187706935824,-0x1.e48b5178a2672p-2,-1.7661671889163089,-0x1.c423886ba9eedp+0,3.7324874738469167,-0.6777932981263609,-0x1.5b07b921cd285p-1,-1.213457719469623,-0x1.36a52a443365ep+0,1.7903064589514401,-0.9999999996368468,-0x1.fffffffce16afp-1,-0.2327818819456747,-0x1.dcbcbf5076cbbp-3,0.2327818820302102,-0.9368344826846359,-0x1.dfa8c4f1ca8abp-1,0.03011528652144148,0x1.ed68aaae085e4p-6,-0.03214579210955358,-1.3277225685903369
H593-5cde50d3890df26e13611884,OUTCOME-0087,122,478,/hkfs/work/workspace/scratch/ap7811-benchmark/dailymed/data/box_flat_20000_images/data/raw_images/animal/sel04-0002-08.jpg,70,420.7384338378906,0x1.a4bd0a0000000p+8,False,False,False,CHALLENGER,121,-5.3796543313858445,-0x1.584c41ae45909p+2,-5.3796543313858445,-0x1.584c41ae45909p+2,0.00044372752569954806,0.013415814965944283,0.03307495868316159,0.0005396221955428952,0.00040402411791825416,-9.589466984334709e-05,3.97034077812939e-05,-1.3277225685903369,-8.881784197001252e-16,-1.6691170756622864,-3.7105372557235583,False,78,-3.501808518933065,-0x1.c03b42f4d5faap+1,-1.6691170756622864,-0x1.ab4b41b52a285p+0,0.4766443015481711,-0.9120755179951282,-0x1.d2fb8ff28aec7p-1,1.2116115559011251,0x1.362c2cc80d0eep+0,-1.3284114440045707,-0.5657858211775009,-0x1.21aeaddcfee8ep-1,-2.1117884904252135,-0x1.0e4f15d339063p+1,3.7324874738469167,-0.7155328223494678,-0x1.6e5a516e693cdp-1,-1.2810230334440056,-0x1.47f1202210916p+0,1.7903064589514401,-0.9999999996422737,-0x1.fffffffced5a0p-1,-0.232781881946938,-0x1.dcbcbf5081e86p-3,0.2327818820302102,-0.9695565340431792,-0x1.f069b6caad587p-1,0.031167162781811347,0x1.fea48e36d8e4bp-6,-0.03214579210955358,-1.3277225685903369
H593-5cde50d3890df26e13611884,OUTCOME-0087,123,493,/hkfs/work/workspace/scratch/ap7811-benchmark/dailymed/data/box_flat_20000_images/data/raw_images/animal/tri0m-0005-01.jpg,22,440.4683837890625,0x1.b877e80000000p+8,False,False,False,CHALLENGER,122,-3.9655403862340695,-0x1.fb96d3ceebd84p+1,-3.9655403862340695,-0x1.fb96d3ceebd84p+1,0.0010732354870210544,0.02576288437318462,0.04165820377388081,0.0009518060014628369,0.000860478839331917,0.00012142948555821749,0.00021275664768913738,-1.3277225685903369,-4.440892098500626e-16,-1.2045987492916892,-2.7609416369423805,False,14,-2.527248821351846,-0x1.437ce3ae47c5dp+1,-1.2045987492916892,-0x1.3460956902a39p+0,0.4766443015481711,-0.7998233929660231,-0x1.998273a6baca7p-1,1.06249454839863,0x1.0fffa4898ce75p+0,-1.3284114440045707,-0.30502633804058227,-0x1.3858d30936365p-2,-1.1385069859298687,-0x1.2375319ed618fp+0,3.7324874738469167,-0.6544650647788031,-0x1.4f160b8332ef2p-1,-1.1716930326315638,-0x1.2bf413181a875p+0,1.7903064589514401,-0.9139093541631,-0x1.d3ebed47472a8p-1,-0.21274153946710034,-0x1.b3b1d61418596p-3,0.2327818820302102,-0.8470141654953288,-0x1.b1abd7381a32dp-1,0.027227941277859852,0x1.be1a4354da2d8p-6,-0.03214579210955358,-1.3277225685903369
H593-5cde50d3890df26e13611884,OUTCOME-0087,124,494,/hkfs/work/workspace/scratch/ap7811-benchmark/dailymed/data/box_flat_20000_images/data/raw_images/animal/tri0m-0005-02.jpg,31,436.45880126953125,0x1.b475740000000p+8,False,False,False,CHALLENGER,123,-4.230615080593972,-0x1.0ec265c147649p+2,-4.230615080593972,-0x1.0ec265c147649p+2,0.0009238954532792068,0.023367662789272884,0.0395373496104766,0.0009498354368684494,0.0009070906992359633,-2.5939983589242602e-05,1.6804754043243464e-05,-1.3277225685903369,0.0,-1.2989996254229959,-2.931615455170976,False,25,-2.725301910048567,-0x1.5cd6b167b1456p+1,-1.2989996254229959,-0x1.4c8b3d4cb540ap+0,0.4766443015481711,-0.8252439739398377,-0x1.a68660ce95da1p-1,1.0962635390774902,0x1.18a4ba302291ep+0,-1.3284114440045707,-0.34859467709616215,-0x1.64f600c6c0339p-2,-1.3011252657111358,-0x1.4d168ba03a881p+0,3.7324874738469167,-0.6691464378077937,-0x1.569a5ca53d1e5p-1,-1.1979771895916411,-0x1.32aea212a66c5p+0,1.7903064589514401,-0.9999999996330919,-0x1.fffffffcd9292p-1,-0.23278188194480065,-0x1.dcbcbf506f1b8p-3,0.2327818820302102,-0.9870004596968458,-0x1.f9581fcf11e0ep-1,0.03172791158944862,0x1.03ea40d4b4b9bp-5,-0.03214579210955358,-1.3277225685903369
H593-5cde50d3890df26e13611884,OUTCOME-0087,125,495,/hkfs/work/workspace/scratch/ap7811-benchmark/dailymed/data/box_flat_20000_images/data/raw_images/animal/tri0m-0005-03.jpg,24,439.4574279785156,0x1.b7751a0000000p+8,False,False,False,CHALLENGER,124,-3.3745635807138576,-0x1.aff1b30cb8268p+1,-3.3745635807138576,-0x1.aff1b30cb8268p+1,0.0017220337759171781,0.03919277195354807,0.04393753465455726,0.00185442057735985,0.0013335540149544032,-0.00013238680144267195,0.00038847976096277495,-1.3277225685903369,0.0,-1.2284005076495188,-2.146163073064339,False,6,-2.5771849231378527,-0x1.49e132104f887p+1,-1.2284005076495188,-0x1.3a7874a6be965p+0,0.4766443015481711,-0.6971365535728323,-0x1.64ef1514e207fp-1,0.926084175800056,0x1.da27b480cf07ap-1,-1.3284114440045707,-0.10488635700838667,-0x1.ad9d51125c930p-4,-0.391487013711239,-0x1.90e1f8c2cb3d1p-2,3.7324874738469167,-0.6389718940022212,-0x1.472752f79afdfp-1,-1.1439555089206117,-0x1.24da44aae49fdp+0,1.7903064589514401,-0.9999999996468834,-0x1.fffffffcf77d0p-1,-0.23278188194801103,-0x1.dcbcbf508b58ap-3,0.2327818820302102,-0.7372574371486791,-0x1.7979ce8a929ccp-1,0.023699724305803704,0x1.844bd93454443p-6,-0.03214579210955358,-1.3277225685903369
H593-5cde50d3890df26e13611884,OUTCOME-0087,126,496,/hkfs/work/workspace/scratch/ap7811-benchmark/dailymed/data/box_flat_20000_images/data/raw_images/animal/tri0m-0005-04.jpg,33,436.298583984375,0x1.b44c700000000p+8,False,False,False,CHALLENGER,125,-3.993072930278794,-0x1.ff1d03870b8f4p+1,-3.993072930278794,-0x1.ff1d03870b8f4p+1,0.0009161861915296921,0.028407289306063645,0.03225179923570281,0.000895850913126712,0.0008851384175295866,2.0335278402980154e-05,3.104777400010552e-05,-1.3277225685903369,4.440892098500626e-16,-1.3027717518267936,-2.6903011784520006,False,16,-2.73321583326457,-0x1.5dda043463ee9p+1,-1.3027717518267936,-0x1.4d8273143fab4p+0,0.4766443015481711,-0.8265757457334847,-0x1.a734efa72f2b7p-1,1.0980326799689732,0x1.1918ab7267edfp+0,-1.3284114440045707,-0.26008243525533675,-0x1.0a530cc6be2a7p-2,-0.9707544317581461,-0x1.f106b991b2549p-1,3.7324874738469167,-0.7216271518048276,-0x1.71791d31d091cp-1,-1.2919337508309143,-0x1.4abc2b986ada1p+0,1.7903064589514401,-0.9850468961875053,-0x1.f85811184da41p-1,-0.22930107038254458,-0x1.d59bccb1d8b9dp-3,0.2327818820302102,-0.9761141686610502,-0x1.f3c53c7f1f74ep-1,0.031377963140967836,0x1.010c5bb02d77dp-5,-0.03214579210955358,-1.3277225685903369
H593-5cde50d3890df26e13611884,OUTCOME-0087,127,497,/hkfs/work/workspace/scratch/ap7811-benchmark/dailymed/data/box_flat_20000_images/data/raw_images/animal/tri0m-0005-05.jpg,38,433.846435546875,0x1.b1d8b00000000p+8,False,False,False,CHALLENGER,126,-3.6718726183650148,-0x1.d5ffec057a520p+1,-3.6718726183650148,-0x1.d5ffec057a520p+1,0.0018052546447946277,0.03307463784257064,0.05458123694013875,0.0015718201095318708,0.001466153137627603,0.0002334345352627569,0.0003391015071670246,-1.3277225685903369,-4.440892098500626e-16,-1.3605046853121177,-2.311367933052897,False,8,-2.854339558645958,-0x1.6d5affa8081f9p+1,-1.3605046853121177,-0x1.5c4a08f97866bp+0,0.4766443015481711,-0.6848067110897069,-0x1.5e9efc386c586p-1,0.9097050719426985,0x1.d1c4dcf9ff996p-1,-1.3284114440045707,-0.18787772666663113,-0x1.80c6099d70a7fp-3,-0.7012512613980355,-0x1.670a67c3f7746p-1,3.7324874738469167,-0.5703042939298135,-0x1.23feeca664d2cp-1,-1.0210194609902858,-0x1.0561880988674p+0,1.7903064589514401,-0.8408205477263757,-0x1.ae8007e494454p-1,-0.1957277895494179,-0x1.90d9bb3843d4bp-3,0.2327818820302102,-0.7667590037439425,-0x1.8894a2d9fcd00p-1,0.02464807553248119,0x1.93d5859490e88p-6,-0.03214579210955358,-1.3277225685903369
