query_id,display_id,candidate_position,reference_physical_row,reference_image_path,raw_rank,raw_score,raw_score_hex,is_target,is_raw_winner,is_selected,action_kind,challenger_index,head_logit,head_logit_hex,policy_score,policy_score_hex,local_score_S,visibility_mass_M,normalized_similarity_L,query_control_score,reference_control_score,query_robustness_Q,reference_robustness_R,bias_contribution,fp64_sum_residual,plot_raw_component,plot_other_component,plot_is_hold_anchor,policy_rank,feature_RAW,feature_RAW_hex,contribution_RAW,contribution_RAW_hex,weight_RAW,feature_S,feature_S_hex,contribution_S,contribution_S_hex,weight_S,feature_M,feature_M_hex,contribution_M,contribution_M_hex,weight_M,feature_L,feature_L_hex,contribution_L,contribution_L_hex,weight_L,feature_Q,feature_Q_hex,contribution_Q,contribution_Q_hex,weight_Q,feature_R,feature_R_hex,contribution_R,contribution_R_hex,weight_R,head_bias
H593-d4fd56aea7e4dc41f9436c8f,OUTCOME-0108,0,542,/hkfs/work/workspace/scratch/ap7811-benchmark/dailymed/data/box_flat_20000_images/data/raw_images/homeopathic/14_0762_R_lo.jpg,107,417.3189697265625,0x1.a151a80000000p+8,False,False,False,CHALLENGER,0,-3.71891914731751,-0x1.dc058ae919346p+1,-3.71891914731751,-0x1.dc058ae919346p+1,0.00014458443013704486,0.015251053037844369,0.00948029160860363,0.00015125674744346433,0.00014713992029463056,-6.672317306419468e-06,-2.5554901575856946e-06,-1.3013605522390803,-4.440892098500626e-16,-1.5369795222082627,-2.181939625109247,False,50,-3.7285101564452723,-0x1.dd3fd2205e3ebp+1,-1.5369795222082627,-0x1.89777d6e8195fp+0,0.41222350421960635,-0.8941221015964688,-0x1.c9ca5f41f9a9bp-1,0.8934925683903657,0x1.c977dba0e94cdp-1,-0.999295920316723,-0.10448771532938846,-0x1.abfb4f82c6945p-4,-0.33774903805881024,-0x1.59dae242df485p-2,3.232428204541421,-0.8710081252875441,-0x1.bdf4c6e9520f4p-1,-1.360087279116461,-0x1.5c2eae0f82c56p+0,1.561509289787002,-0.9999999981065336,-0x1.ffffffefbc393p-1,-0.13770670309383815,-0x1.1a05f8d1d2fa8p-3,0.13770670335458116,-0.9999999989545897,-0x1.fffffff7051e5p-1,0.061471379008577264,0x1.f792d34f6b663p-5,-0.061471379072840074,-1.3013605522390803
H593-d4fd56aea7e4dc41f9436c8f,OUTCOME-0108,1,930,/hkfs/work/workspace/scratch/ap7811-benchmark/dailymed/data/box_flat_20000_images/data/raw_images/otc/1g7-17-allergy-nasal-spray.jpg,18,449.8223876953125,0x1.c1d2880000000p+8,True,False,True,CHALLENGER,1,0.24255209632199626,0x1.f0bf274a3bd58p-3,0.24255209632199626,0x1.f0bf274a3bd58p-3,0.039262746784235115,0.10745895515986098,0.3653743582917404,0.03623491099217197,0.028313947543461917,0.003027835792063144,0.010948799240773199,-1.3013605522390803,1.3877787807814457e-16,-0.6028579628771129,0.8454100591991092,False,1,-1.4624541218686762,-0x1.766364b1538c8p+0,-0.6028579628771129,-0x1.34a9cc856179cp-1,0.41222350421960635,0.8763865251628891,0x1.c0b5bc107599ep-1,-0.8757694792158242,-0x1.c064db702242ep-1,-0.999295920316723,0.7020643134271856,0x1.6774f943b7878p-1,2.269372488124043,0x1.227acc3577ab4p+1,3.232428204541421,0.4531141549087081,0x1.cffd2832c014cp-2,0.7075419622239344,0x1.6a42f0a899539p-1,1.561509289787002,0.7061616286762743,0x1.698e0459b59a7p-1,0.09724318992051159,0x1.8e4ee0077a1e6p-4,0.13770670335458116,0.8397005304421716,0x1.aded3a595daf8p-1,-0.05161754961447562,-0x1.a6d9d8efcd750p-5,-0.061471379072840074,-1.3013605522390803
H593-d4fd56aea7e4dc41f9436c8f,OUTCOME-0108,2,937,/hkfs/work/workspace/scratch/ap7811-benchmark/dailymed/data/box_flat_20000_images/data/raw_images/otc/200000003252_R-00_28ct.jpg,111,415.8931884765625,0x1.9fe4a80000000p+8,False,False,False,CHALLENGER,2,-4.346731737848824,-0x1.1630da50a2f0cp+2,-4.346731737848824,-0x1.1630da50a2f0cp+2,0.0001674144979457743,0.00945325070842029,0.017709727913663948,0.00015401034873936144,0.00016293589512231387,1.340414920641286e-05,4.478602823460427e-06,-1.3013605522390803,0.0,-1.5779553053026933,-2.7687764325461304,False,96,-3.8279120165405693,-0x1.e9f9055d80ea8p+1,-1.5779553053026933,-0x1.93f4e0fed323bp+0,0.41222350421960635,-0.8784201466655569,-0x1.c1c0491426f55p-1,0.8778016688869085,0x1.c16f38687cab1p-1,-0.999295920316723,-0.3310574686694432,-0x1.5300baa420910p-2,-1.070119499051196,-0x1.11f359fb3c9e4p+0,3.232428204541421,-0.771811203758278,-0x1.8b2ad68da8096p-1,-1.2051903646302398,-0x1.34875b118a8bcp+0,1.561509289787002,-0.9498782632238717,-0x1.e656719774a35p-1,-0.13080460421673445,-0x1.0be348ca377f4p-3,0.13770670335458116,-0.9906548319349141,-0x1.fb371c3191d59p-1,0.06089691870421178,0x1.f2de184860572p-5,-0.061471379072840074,-1.3013605522390803
H593-d4fd56aea7e4dc41f9436c8f,OUTCOME-0108,3,972,/hkfs/work/workspace/scratch/ap7811-benchmark/dailymed/data/box_flat_20000_images/data/raw_images/otc/300000165_R-03-Final.jpg,15,452.2503356933594,0x1.c440160000000p+8,False,False,False,CHALLENGER,3,-3.7504644545093297,-0x1.e00f382076ca6p+1,-3.7504644545093297,-0x1.e00f382076ca6p+1,7.581824867556155e-05,0.007200303845240338,0.010529867947958913,7.739078302387744e-05,7.597500582454753e-05,-1.5725343483158978e-06,-1.5675714898598099e-07,-1.3013605522390803,0.0,-0.5330807298460812,-3.2173837246632484,False,53,-1.293183732585248,-0x1.4b0e16cf2c3fep+0,-0.5330807298460812,-0x1.10eff519a22a7p-1,0.41222350421960635,-0.943044927963896,-0x1.e2d6c8e886f7dp-1,0.9423809491896993,0x1.e27fc17a49510p-1,-0.999295920316723,-0.4463502341888068,-0x1.c91009299c890p-2,-1.4427950860955676,-0x1.715b04cd9c26dp+0,3.232428204541421,-0.8577430311785831,-0x1.b72a1836915e5p-1,-1.3393737114354196,-0x1.56e1320fbcbdap+0,1.561509289787002,-0.9999999980880715,-0x1.ffffffef939ffp-1,-0.1377067030912958,-0x1.1a05f8d1bc9dap-3,0.13770670335458116,-0.9999999989519616,-0x1.fffffff6ff56dp-1,0.061471379008415705,0x1.f792d34f65b70p-5,-0.061471379072840074,-1.3013605522390803
H593-d4fd56aea7e4dc41f9436c8f,OUTCOME-0108,4,1072,/hkfs/work/workspace/scratch/ap7811-benchmark/dailymed/data/box_flat_20000_images/data/raw_images/otc/577-4-cvs.jpg,28,447.3096618652344,0x1.bf4f460000000p+8,False,False,False,CHALLENGER,4,-2.6274309287935083,-0x1.504fa81bd5610p+1,-2.6274309287935083,-0x1.504fa81bd5610p+1,0.0010905915739187818,0.013094994682835651,0.08328308642601297,0.0011594211605319388,0.000918531468162352,-6.882958661315699e-05,0.0001720601057564298,-1.3013605522390803,0.0,-0.6750716412299838,-1.9523592875635245,False,18,-1.63763500702849,-0x1.a33c0c3df8db3p+0,-0.6750716412299838,-0x1.59a2fd7b14640p-1,0.41222350421960635,-0.4068296230428517,-0x1.a097f1d80d5e9p-2,0.406543182570712,0x1.a04cdb26363c8p-2,-0.999295920316723,-0.17912614636722135,-0x1.6ed9b0640bb98p-3,-0.5790124076882212,-0x1.28745075ff8ddp-1,3.232428204541421,-0.24560138882554372,-0x1.f6fddc66dcf58p-3,-0.3835088502356761,-0x1.88b68b45f4859p-2,1.561509289787002,-0.999999998305915,-0x1.fffffff172aafp-1,-0.1377067031212943,-0x1.1a05f8d2c47c4p-3,0.13770670335458116,-0.6944051653608551,-0x1.638912e6cbf3dp-1,0.04268604315003532,0x1.5daf1eea66c7fp-5,-0.061471379072840074,-1.3013605522390803
H593-d4fd56aea7e4dc41f9436c8f,OUTCOME-0108,5,1092,/hkfs/work/workspace/scratch/ap7811-benchmark/dailymed/data/box_flat_20000_images/data/raw_images/otc/63004CVS New item2.jpg,67,430.54095458984375,0x1.ae8a7c0000000p+8,False,False,False,CHALLENGER,5,-3.6806938497834034,-0x1.d720f9dfb43b2p+1,-3.6806938497834034,-0x1.d720f9dfb43b2p+1,0.00027773334639778703,0.010666437167686478,0.026038061447468935,0.0002645199810767393,0.0002692746956214285,1.3213365321047756e-05,8.458650776358508e-06,-1.3013605522390803,4.440892098500626e-16,-1.1569905275180492,-2.523703322265354,False,49,-2.8067068366428676,-0x1.67422b6c6b9d1p+1,-1.1569905275180492,-0x1.283087fd78c88p+0,0.41222350421960635,-0.8060726530762056,-0x1.9cb58e0653135p-1,0.8055051136979294,0x1.9c6b2a902fce0p-1,-0.999295920316723,-0.2762740499022617,-0x1.1ae795a44136ep-2,-0.8930360310869547,-0x1.c93c04c756128p-1,3.232428204541421,-0.6815856542052319,-0x1.5cf8cb7c77edcp-1,-1.0643023308270207,-0x1.10761e17f5689p+0,1.561509289787002,-0.9505740256506332,-0x1.e6b1a381316d0p-1,-0.13090041536684177,-0x1.0c1584584467ep-3,0.13770670335458116,-0.9824229497934945,-0x1.f700241067e3bp-1,0.06039089355661363,0x1.eeb8e219a8f0ep-5,-0.061471379072840074,-1.3013605522390803
H593-d4fd56aea7e4dc41f9436c8f,OUTCOME-0108,6,1918,/hkfs/work/workspace/scratch/ap7811-benchmark/dailymed/data/box_flat_20000_images/data/raw_images/otc/CA946004_3oz_Lidocaine Cream_Carton.jpg,34,444.77734375,0x1.bcc7000000000p+8,False,False,False,CHALLENGER,6,-4.172128517031084,-0x1.0b042753d6e10p+2,-4.172128517031084,-0x1.0b042753d6e10p+2,7.454979028143778e-05,0.005883535814353507,0.012670916373036379,7.2843436332091e-05,6.851227883545612e-05,1.7063539493467744e-06,6.037511445981659e-06,-1.3013605522390803,0.0,-0.7478483857803423,-3.4242801312507414,False,79,-1.8141818167212913,-0x1.d06e3833d0d91p+0,-0.7478483857803423,-0x1.7ee5fbce95ff1p-1,0.41222350421960635,-0.9439711064548091,-0x1.e3502e4d2f472p-1,0.9433064755771537,0x1.e2f910fd6af4bp-1,-0.999295920316723,-0.5234759444242015,-0x1.0c0509fb16dd9p-1,-1.6920984071557466,-0x1.b12d5c7858fdep+0,3.232428204541421,-0.8312582304460626,-0x1.a99aadc497e53p-1,-1.2980174490534313,-0x1.4c4adf1d5263bp+0,1.561509289787002,-0.9934768137037521,-0x1.fca8fe306240bp-1,-0.13680841687435707,-0x1.182f02e257db0p-3,0.13770670335458116,-0.9874224299213533,-0x1.f98f6ec7b2b89p-1,0.060698218494720374,0x1.f13d63eb87774p-5,-0.061471379072840074,-1.3013605522390803
H593-d4fd56aea7e4dc41f9436c8f,OUTCOME-0108,7,1939,/hkfs/work/workspace/scratch/ap7811-benchmark/dailymed/data/box_flat_20000_images/data/raw_images/otc/CARTON IMAGE 2 OF 2.jpg,113,415.6406555175781,0x1.9fa4020000000p+8,False,False,False,CHALLENGER,7,-4.609097637581292,-0x1.26fb74a85ee17p+2,-4.609097637581292,-0x1.26fb74a85ee17p+2,0.0002199911577770651,0.006829160182480781,0.03221350091354139,0.00024484327243185156,0.0001383430657402884,-2.4852114654786464e-05,8.16480920367767e-05,-1.3013605522390803,0.0,-1.5852128953092517,-3.02388474227204,False,108,-3.845517975279623,-0x1.ec39eeda00c87p+1,-1.5852128953092517,-0x1.95d083268cfb3p+0,0.41222350421960635,-0.8432307951810978,-0x1.afbbf26090d6ep-1,0.8426370935098972,0x1.af6e210e0b026p-1,-0.999295920316723,-0.46728708926354445,-0x1.de8081b8eb79ap-2,-1.5104719669535458,-0x1.82ae4a73971c1p+0,3.232428204541421,-0.6204007495949904,-0x1.3da52ac3d946ep-1,-0.968761533883397,-0x1.f00183034dd12p-1,1.561509289787002,-0.9999999981695431,-0x1.fffffff046c86p-1,-0.13770670310251498,-0x1.1a05f8d21f4d0p-3,0.13770670335458116,-0.8423256672872986,-0x1.af454f5329205p-1,0.0517789203966005,0x1.a82c443738013p-5,-0.061471379072840074,-1.3013605522390803
H593-d4fd56aea7e4dc41f9436c8f,OUTCOME-0108,8,2160,/hkfs/work/workspace/scratch/ap7811-benchmark/dailymed/data/box_flat_20000_images/data/raw_images/otc/CVS 172.jpg,17,451.30609130859375,0x1.c34e5c0000000p+8,False,False,False,CHALLENGER,8,-3.2909340950120525,-0x1.a53d5413af1eap+1,-3.2909340950120525,-0x1.a53d5413af1eap+1,0.00017287361556585633,0.009775926164794314,0.017683604873001166,0.00018325656307797115,0.00020668760227273504,-1.0382947512114826e-05,-3.3813986706878715e-05,-1.3013605522390803,0.0,-0.5602175385944712,-2.7307165564175815,False,28,-1.3590140612070074,-0x1.5be85873b0307p+0,-0.5602175385944712,-0x1.1ed4d54dd157ap-1,0.41222350421960635,-0.8747039926133996,-0x1.bfd933a3e90cfp-1,0.8740881313033192,0x1.bf887ac389fd3p-1,-0.999295920316723,-0.3160326159552623,-0x1.439e0dd7fd1c9p-2,-1.021552741368797,-0x1.05847aff5170fp+0,3.232428204541421,-0.7721094443136066,-0x1.8b51edd884f3fp-1,-1.2056560700279766,-0x1.34a5e04efe79cp+0,1.561509289787002,-0.9999999981197443,-0x1.ffffffefd9462p-1,-0.13770670309565733,-0x1.1a05f8d1e2fafp-3,0.13770670335458116,-0.9999999989876706,-0x1.fffffff74ddd3p-1,0.06147137901061079,0x1.f792d34fb2f29p-5,-0.061471379072840074,-1.3013605522390803
H593-d4fd56aea7e4dc41f9436c8f,OUTCOME-0108,9,2164,/hkfs/work/workspace/scratch/ap7811-benchmark/dailymed/data/box_flat_20000_images/data/raw_images/otc/CVS ANTIBIOTIC CARTON IMAGE 2 OF 2.jpg,58,433.05023193359375,0x1.b10cdc0000000p+8,False,False,False,CHALLENGER,9,-4.314438719057489,-0x1.141fc393bcacdp+2,-4.314438719057489,-0x1.141fc393bcacdp+2,0.00015318663892709884,0.005948845651299582,0.025750649437951672,0.00013037016509751025,0.0001290899503775124,2.2816473829588595e-05,2.409668854958644e-05,-1.3013605522390803,0.0,-1.0848759558323373,-3.229562763225152,False,93,-2.631766371221726,-0x1.50ddb86f8e118p+1,-1.0848759558323373,-0x1.15ba6e3e8441dp+0,0.41222350421960635,-0.8881749910956264,-0x1.c6bedf57c2f91p-1,0.8875496451292012,0x1.c66ce836d009dp-1,-0.999295920316723,-0.5194572635386393,-0x1.09f64d6d22df3p-1,-1.6791083097162036,-0x1.adda0accac456p+0,3.232428204541421,-0.684545995393495,-0x1.5e7cd00da549bp-1,-1.0689249310934328,-0x1.11a51074ece39p+0,1.561509289787002,-0.9161584498801172,-0x1.d512b86860d96p-1,-0.1261611598834342,-0x1.0260c83dcc57fp-3,0.13770670335458116,-0.9507277282415759,-0x1.e6c5c8e86558fp-1,0.058442544577797996,0x1.dec2e63503655p-5,-0.061471379072840074,-1.3013605522390803
H593-d4fd56aea7e4dc41f9436c8f,OUTCOME-0108,10,2168,/hkfs/work/workspace/scratch/ap7811-benchmark/dailymed/data/box_flat_20000_images/data/raw_images/otc/CVS Aspercream 4.7oz carton.jpg,81,427.3221435546875,0x1.ab52780000000p+8,False,False,False,CHALLENGER,10,-3.5020563700760077,-0x1.c04362151cca6p+1,-3.5020563700760077,-0x1.c04362151cca6p+1,0.0004797556847416516,0.012167162850491194,0.03943036603001362,0.0005823371351842489,0.0004572893047625247,-0.00010258145044259731,2.2466379979126897e-05,-1.3013605522390803,4.440892098500626e-16,-1.2494965152342727,-2.252559854841735,False,39,-3.031114195197906,-0x1.83fb8cc9687ebp+1,-1.2494965152342727,-0x1.3fdf00ed65accp+0,0.41222350421960635,-0.687081035150707,-0x1.5fc915df59255p-1,0.6865972753530925,0x1.5f89ad9654172p-1,-0.999295920316723,-0.21444346062105343,-0x1.b72e2211aafbfp-3,-0.6931730903909608,-0x1.62e7955364924p-1,3.232428204541421,-0.5543095655026344,-0x1.1bce769f6337cp-1,-0.8655595359501603,-0x1.bb2a9e974b333p-1,1.561509289787002,-0.9999999983975413,-0x1.fffffff23c27fp-1,-0.13770670313391184,-0x1.1a05f8d333787p-3,0.13770670335458116,-0.9539846413693928,-0x1.e870acc722babp-1,0.05864275151928533,0x1.e066c37d87740p-5,-0.061471379072840074,-1.3013605522390803
H593-d4fd56aea7e4dc41f9436c8f,OUTCOME-0108,11,2170,/hkfs/work/workspace/scratch/ap7811-benchmark/dailymed/data/box_flat_20000_images/data/raw_images/otc/CVS BISMUTH 12 CT.jpg,128,413.8403015136719,0x1.9dd71e0000000p+8,False,False,False,CHALLENGER,11,-4.516846633135428,-0x1.211403e69751ep+2,-4.516846633135428,-0x1.211403e69751ep+2,0.0001410907822791823,0.0088624044035281,0.015920147158147557,0.0001387483198114187,0.00015605060065700398,2.342462467763587e-06,-1.495981837782169e-05,-1.3013605522390803,8.881784197001252e-16,-1.636953591967489,-2.879893041167939,False,103,-3.9710340997330045,-0x1.fc4ad86ad3b82p+1,-1.636953591967489,-0x1.a30f63fe91f1ap+0,0.41222350421960635,-0.8965481350509467,-0x1.cb085b6eaace9p-1,0.8959168937239774,0x1.cab59e7cf4efap-1,-0.999295920316723,-0.359477475492218,-0x1.701add038d05ep-2,-1.1619851306783928,-0x1.2977db86b3b53p+0,3.232428204541421,-0.7924772494786516,-0x1.95bf93faab706p-1,-1.237460587005766,-0x1.3cca378f475abp+0,1.561509289787002,-0.991055922867226,-0x1.fb6bae9271944p-1,-0.13647504397807775,-0x1.17803a54d9198p-3,0.13770670335458116,-0.9999999989679726,-0x1.fffffff7228c4p-1,0.06147137900939993,0x1.f792d34f88582p-5,-0.061471379072840074,-1.3013605522390803
H593-d4fd56aea7e4dc41f9436c8f,OUTCOME-0108,12,2184,/hkfs/work/workspace/scratch/ap7811-benchmark/dailymed/data/box_flat_20000_images/data/raw_images/otc/CVS Daytime Softgels 24CT.jpg,121,414.72113037109375,0x1.9eb89c0000000p+8,False,False,False,CHALLENGER,12,-3.9591477611084755,-0x1.fac55a94ff0b0p+1,-3.9591477611084755,-0x1.fac55a94ff0b0p+1,0.00021394806061833947,0.013041012771381734,0.016405785683136866,0.00020816795074382795,0.00016976118056240448,5.780109874511523e-06,4.418688005593499e-05,-1.3013605522390803,0.0,-1.6116392934346433,-2.3475084676738325,False,67,-3.9096249411728468,-0x1.f46e970efb4d7p+1,-1.6116392934346433,-0x1.9c94648a40165p+0,0.41222350421960635,-0.8472082106689731,-0x1.b1c5464b73ab8p-1,0.8466117085803356,0x1.b177170186c55p-1,-0.999295920316723,-0.1811245585051588,-0x1.72f16eba41bb6p-3,-0.585472131447188,-0x1.2bc300d291f6cp-1,3.232428204541421,-0.7868215937512719,-0x1.92da47a9e5890p-1,-1.2286292280476256,-0x1.3a8771f15fd0bp+0,1.561509289787002,-0.9780740698950937,-0x1.f4c61fde87b41p-1,-0.13468735580185154,-0x1.13d6f6e2d4500p-3,0.13770670335458116,-0.9114663137000125,-0x1.d2abb6717e950p-1,0.05602909128157763,0x1.cafd8555ba291p-5,-0.061471379072840074,-1.3013605522390803
H593-d4fd56aea7e4dc41f9436c8f,OUTCOME-0108,13,2185,/hkfs/work/workspace/scratch/ap7811-benchmark/dailymed/data/box_flat_20000_images/data/raw_images/otc/CVS Docusate Clear 30CT.jpg,41,440.616943359375,0x1.b89df00000000p+8,False,False,False,CHALLENGER,13,-2.8741981520651727,-0x1.6fe5b99cabf98p+1,-2.8741981520651727,-0x1.6fe5b99cabf98p+1,0.0005940120735891175,0.014757327077118432,0.040252009763349805,0.000604665631797967,0.0005038133779652417,-1.0653558208849486e-05,9.019869562387588e-05,-1.3013605522390803,0.0,-0.867414878881745,-2.006783273183428,False,21,-2.1042344019753947,-0x1.0d578d89cd1cbp+1,-0.867414878881745,-0x1.bc1dcd91b8c75p-1,0.41222350421960635,-0.6264758378993404,-0x1.40c170e706131p-1,0.6260347489898115,0x1.4087a06a24412p-1,-0.999295920316723,-0.12073309558559041,-0x1.ee85d3915bf77p-4,-0.3902610633924578,-0x1.8fa098a0b0efap-2,3.232428204541421,-0.547125313657197,-0x1.1820cf21f15bcp-1,-0.8543412599533403,-0x1.b56c37b63efdfp-1,1.561509289787002,-0.9999999981207004,-0x1.ffffffefdb606p-1,-0.137706703095789,-0x1.1a05f8d1e4237p-3,0.13770670335458116,-0.8272395588713212,-0x1.a78bf1869e9cfp-1,0.05085155650742799,0x1.a0937184cd9cdp-5,-0.061471379072840074,-1.3013605522390803
H593-d4fd56aea7e4dc41f9436c8f,OUTCOME-0108,14,2187,/hkfs/work/workspace/scratch/ap7811-benchmark/dailymed/data/box_flat_20000_images/data/raw_images/otc/CVS Extra Strength Itch Relief Cream 69842-321-28 21-258-51v3.4.jpg,101,420.62689208984375,0x1.a4a07c0000000p+8,False,False,False,CHALLENGER,14,-3.9884472501930546,-0x1.fe857082b33d0p+1,-3.9884472501930546,-0x1.fe857082b33d0p+1,0.0005047724324716301,0.00842302520813516,0.05992768868649577,0.00045867319687675426,0.00034338573976575476,4.609923559487588e-05,0.00016138669270587537,-1.3013605522390803,4.440892098500626e-16,-1.4419125480486374,-2.546534702144417,False,69,-3.497890181634278,-0x1.bfbadd8f8f325p+1,-1.4419125480486374,-0x1.71212e458f98ep+0,0.41222350421960635,-0.6734282983713504,-0x1.58cb980b69692p-1,0.6729541511883234,0x1.588d724e1f613p-1,-0.999295920316723,-0.3814113501127069,-0x1.8690b26c3aa82p-2,-1.2328848056365365,-0x1.3b9e56aff1b9cp+0,3.232428204541421,-0.39294651758779303,-0x1.926092687775bp-2,-0.6135896376027904,-0x1.3a286bc556429p-1,1.561509289787002,-0.8375525699385874,-0x1.acd3b0c1224bfp-1,-0.11533660329240014,-0x1.d86b31b2c2e80p-4,0.13770670335458116,-0.7106192523565263,-0x1.6bd649618efa1p-1,0.04368274543806623,0x1.65d95b61caa6ap-5,-0.061471379072840074,-1.3013605522390803
H593-d4fd56aea7e4dc41f9436c8f,OUTCOME-0108,15,2188,/hkfs/work/workspace/scratch/ap7811-benchmark/dailymed/data/box_flat_20000_images/data/raw_images/otc/CVS Fast Acting Lub Eye Drops 15mL_EDSU.jpg,19,449.809326171875,0x1.c1cf300000000p+8,False,False,False,CHALLENGER,15,-3.781497181143413,-0x1.e408198176accp+1,-3.781497181143413,-0x1.e408198176accp+1,0.00012746706330201576,0.006775129536059737,0.018813966968983995,0.00012261938222599684,0.00010766468488950145,4.8476810760189224e-06,1.9802378412514307e-05,-1.3013605522390803,0.0,-0.6032333403421047,-3.1782638408013084,False,55,-1.4633647382240014,-0x1.769f124ccaac0p+0,-0.6032333403421047,-0x1.34db0019409a5p-1,0.41222350421960635,-0.9060682856287895,-0x1.cfe82ead6fd71p-1,0.9054303413572167,0x1.cf9490d1dee7cp-1,-0.999295920316723,-0.4703857024289201,-0x1.e1acca21c0b76p-2,-1.5204880115442694,-0x1.853eb3cb8aeeep+0,3.232428204541421,-0.7592955270972804,-0x1.84c26221c3889p-1,-1.1856470192561217,-0x1.2f8690244e0f9p+0,1.561509289787002,-0.9815785117660449,-0x1.f691756cfba7cp-1,-0.135169940938998,-0x1.14d3fa5de1c9bp-3,0.13770670335458116,-0.9593300607436652,-0x1.eb2d4f49ed6ecp-1,0.05897134181994454,0x1.e317de1092a0cp-5,-0.061471379072840074,-1.3013605522390803
H593-d4fd56aea7e4dc41f9436c8f,OUTCOME-0108,16,2189,/hkfs/work/workspace/scratch/ap7811-benchmark/dailymed/data/box_flat_20000_images/data/raw_images/otc/CVS Fast Acting Lub Eye Drops_EDSU_twin.jpg,39,441.354736328125,0x1.b95ad00000000p+8,False,False,False,CHALLENGER,16,-3.919422475384173,-0x1.f5afa2bb7dbeep+1,-3.919422475384173,-0x1.f5afa2bb7dbeep+1,0.00012817873484056416,0.007551957132076001,0.016972916106229058,0.00013250971930422876,0.00011456483438229479,-4.3309844636645945e-06,1.361390045826937e-05,-1.3013605522390803,4.440892098500626e-16,-0.84621131441062,-3.073211160973553,False,65,-2.052797343549369,-0x1.06c21037ee1b9p+1,-0.84621131441062,-0x1.b1429c01cc2dcp-1,0.41222350421960635,-0.905568609664821,-0x1.cfa6b05596d54p-1,0.9049310172049426,0x1.cf531e480ffefp-1,-0.999295920316723,-0.4270567691574444,-0x1.b54e5ea4443eap-2,-1.380430345564858,-0x1.6163e2149b674p+0,3.232428204541421,-0.7802619081271924,-0x1.8f7e7d2371130p-1,-1.2183862180075433,-0x1.37e828c03d518p+0,1.561509289787002,-0.999999998098102,-0x1.ffffffefa9aeap-1,-0.13770670309267705,-0x1.1a05f8d1c8c3fp-3,0.13770670335458116,-0.9718610778989115,-0x1.f197c673a98a5p-1,0.059741640725662945,0x1.e9674d24090b6p-5,-0.061471379072840074,-1.3013605522390803
H593-d4fd56aea7e4dc41f9436c8f,OUTCOME-0108,17,2190,/hkfs/work/workspace/scratch/ap7811-benchmark/dailymed/data/box_flat_20000_images/data/raw_images/otc/CVS Fexo 180mg 180ct carton.jpg,59,432.4057312011719,0x1.b067de0000000p+8,False,False,False,CHALLENGER,17,-3.6135840777395893,-0x1.ce89ec4d9e722p+1,-3.6135840777395893,-0x1.ce89ec4d9e722p+1,0.0003218973040821094,0.010649185250259109,0.030227411442042218,0.000341360244546774,0.00017384153917383814,-1.9462940464664625e-05,0.00014805576490827126,-1.3013605522390803,4.440892098500626e-16,-1.1033983779892567,-2.5101856997503327,False,44,-2.676699331053759,-0x1.569e156c0cecap+1,-1.1033983779892567,-0x1.1a7850ebec5dap+0,0.41222350421960635,-0.778648131616038,-0x1.8eaaf7c8c3c83p-1,0.7780999012861455,0x1.8e631c3a16f31p-1,-0.999295920316723,-0.27702146236826536,-0x1.1bab83a4a5ad7p-2,-0.8954519882224908,-0x1.ca78aed91b887p-1,3.232428204541421,-0.6395870264521772,-0x1.4777f3631db0ap-1,-0.9987210834323197,-0x1.ff585eae55c2ap-1,1.561509289787002,-0.9999999981513065,-0x1.fffffff01eae1p-1,-0.13770670310000366,-0x1.1a05f8d209360p-3,0.13770670335458116,-0.7313114922010642,-0x1.766e75bc62934p-1,0.044954725957415946,0x1.7044e4b935327p-5,-0.061471379072840074,-1.3013605522390803
H593-d4fd56aea7e4dc41f9436c8f,OUTCOME-0108,18,2197,/hkfs/work/workspace/scratch/ap7811-benchmark/dailymed/data/box_flat_20000_images/data/raw_images/otc/CVS Heat Roll-On Carton 12-30-22.jpg,3,464.1216125488281,0x1.d01f220000000p+8,False,False,False,CHALLENGER,18,-2.630641355032151,-0x1.50b8db1daf21ap+1,-2.630641355032151,-0x1.50b8db1daf21ap+1,0.0005098861252055137,0.00969284383338358,0.05260438876043694,0.0005185273207679792,0.0005597048242784775,-8.641195562465514e-06,-4.981869907296377e-05,-1.3013605522390803,-4.440892098500626e-16,-0.19190997487674719,-2.438731380155404,False,19,-0.4655483564433284,-0x1.dcb8b55685c83p-2,-0.19190997487674719,-0x1.890818cef977fp-3,0.41222350421960635,-0.670664687789703,-0x1.57615ca947141p-1,0.670192486408739,0x1.572378364d08ep-1,-0.999295920316723,-0.31986868914918576,-0x1.478ba85ba3fc8p-2,-1.0339525725555205,-0x1.08b11da4bdb40p+0,3.232428204541421,-0.4466034382552176,-0x1.c952696659691p-2,-0.697375417686338,-0x1.650e6407fe8c0p-1,1.561509289787002,-0.9999999981135663,-0x1.ffffffefcbb04p-1,-0.1377067030948066,-0x1.1a05f8d1db7f4p-3,0.13770670335458116,-0.9999999990038109,-0x1.fffffff7715b6p-1,0.061471379011602954,0x1.f792d34fd5db3p-5,-0.061471379072840074,-1.3013605522390803
H593-d4fd56aea7e4dc41f9436c8f,OUTCOME-0108,19,2200,/hkfs/work/workspace/scratch/ap7811-benchmark/dailymed/data/box_flat_20000_images/data/raw_images/otc/CVS Hemorrdial Ointment.jpg,120,414.9480895996094,0x1.9ef2b60000000p+8,False,False,False,CHALLENGER,19,-3.9410706867928598,-0x1.f87501177ff2ap+1,-3.9410706867928598,-0x1.f87501177ff2ap+1,0.00039357554678075453,0.011860991397562321,0.03318234821936069,0.00038637856333586563,0.00030265230560363993,7.196983444888896e-06,9.09232411771146e-05,-1.3013605522390803,4.440892098500626e-16,-1.6051166714553349,-2.335954015337525,False,66,-3.89380191819492,-0x1.f26819ebdfe76p+1,-1.6051166714553349,-0x1.9ae8ed1a2a401p+0,0.41222350421960635,-0.7358682127914642,-0x1.78c3b7e835eaep-1,0.7353501029332683,0x1.787fcf066ad06p-1,-0.999295920316723,-0.22656656794611038,-0x1.d00221fd90657p-3,-0.7323601644351575,-0x1.76f7e95648cc5p-1,3.232428204541421,-0.6112033908249108,-0x1.38efa69d98378p-1,-0.9543997727224139,-0x1.e8a716464e21bp-1,1.561509289787002,-0.9727725546488624,-0x1.f20f3e895393cp-1,-0.13395730161450897,-0x1.125834abf531ep-3,0.13770670335458116,-0.825972566520809,-0x1.a6e5e051333afp-1,0.05077367274036726,0x1.9ff01bfd5dab0p-5,-0.061471379072840074,-1.3013605522390803
H593-d4fd56aea7e4dc41f9436c8f,OUTCOME-0108,20,2202,/hkfs/work/workspace/scratch/ap7811-benchmark/dailymed/data/box_flat_20000_images/data/raw_images/otc/CVS Hydration Eye Drops.jpg,5,460.2984313964844,0x1.cc4c660000000p+8,False,False,False,CHALLENGER,20,-3.3317090628518313,-0x1.aa75714c5e226p+1,-3.3317090628518313,-0x1.aa75714c5e226p+1,0.00016107283344028242,0.007481415200707629,0.02152972788157077,0.0001703851062758666,0.00013787501344165366,-9.312272835584185e-06,2.319781999862876e-05,-1.3013605522390803,0.0,-0.3017850638002076,-3.029923999051624,False,31,-0.7320908699069129,-0x1.76d49d4fe6986p-1,-0.3017850638002076,-0x1.350724cdc5cd1p-2,0.41222350421960635,-0.882755612488895,-0x1.c3f88b2c00213p-1,0.8821340821968429,0x1.c3a7141371e08p-1,-0.999295920316723,-0.4308856721377976,-0x1.b93a17f89657cp-2,-1.3928069995510046,-0x1.648effe0b621bp+0,3.232428204541421,-0.7292538568986892,-0x1.7560c2f3b9353p-1,-1.138736672160304,-0x1.23843f1daf338p+0,1.561509289787002,-0.9999999981159514,-0x1.ffffffefd0eefp-1,-0.13770670309513502,-0x1.1a05f8d1de62dp-3,0.13770670335458116,-0.9525220790585424,-0x1.e7b0f9548c79bp-1,0.0585528457970574,0x1.dfaa37b927abap-5,-0.061471379072840074,-1.3013605522390803
H593-d4fd56aea7e4dc41f9436c8f,OUTCOME-0108,21,2203,/hkfs/work/workspace/scratch/ap7811-benchmark/dailymed/data/box_flat_20000_images/data/raw_images/otc/CVS Ichthammol Oint. Carton.jpg,49,436.65386962890625,0x1.b4a7640000000p+8,False,False,False,CHALLENGER,21,-4.1569354403791765,-0x1.0a0b3af200c35p+2,-4.1569354403791765,-0x1.0a0b3af200c35p+2,0.0001417938381530608,0.0066406408389257845,0.02135243293416813,0.00016270525593225515,9.19562982155699e-05,-2.0911417779194354e-05,4.9837539937490894e-05,-1.3013605522390803,0.0,-0.9813103657012855,-3.175625074677891,False,78,-2.380529871917507,-0x1.30b533ed84b4ap+1,-0.9813103657012855,-0x1.f66e4fefd35d5p-1,0.41222350421960635,-0.8960594247747407,-0x1.cac84d095c33ep-1,0.8954285275387479,0x1.ca759ba35e642p-1,-0.999295920316723,-0.4781556494225054,-0x1.e9a1a272ab513p-2,-1.5456038073541263,-0x1.8bacb0ed28b7fp+0,3.232428204541421,-0.7311837500648253,-0x1.765db76bca45ap-1,-1.141750218267522,-0x1.2449be07a8ed3p+0,1.561509289787002,-0.9999999981562436,-0x1.fffffff029897p-1,-0.13770670310068353,-0x1.1a05f8d20f30fp-3,0.13770670335458116,-0.9007066309536604,-0x1.cd296b6678fe0p-1,0.05536767874477313,0x1.c592702edb033p-5,-0.061471379072840074,-1.3013605522390803
H593-d4fd56aea7e4dc41f9436c8f,OUTCOME-0108,22,2204,/hkfs/work/workspace/scratch/ap7811-benchmark/dailymed/data/box_flat_20000_images/data/raw_images/otc/CVS Lanso Caps 14ct Carton Label.jpg,91,423.3060607910156,0x1.a74e5a0000000p+8,False,False,False,CHALLENGER,22,-2.245039037134254,-0x1.1f5d706d5e12ep+1,-2.245039037134254,-0x1.1f5d706d5e12ep+1,0.003016149165073884,0.0325424708652251,0.09268347131861283,0.0029887042718048165,0.0032850310596632673,2.7444893269067388e-05,-0.00026888189458938337,-1.3013605522390803,0.0,-1.3649154381675765,-0.8801235989666776,False,10,-3.3111053207689896,-0x1.a7d24c95283e4p+1,-1.3649154381675765,-0x1.5d6b1920bc397p+0,0.41222350421960635,0.0766733899257264,0x1.3a0de063456e3p-4,-0.07661940574963172,-0x1.39d5451ef01e4p-4,-0.999295920316723,0.26741556729873855,0x1.11d562eff51d3p-2,0.864401622069887,0x1.ba92d972cc8d7p-1,3.232428204541421,-0.19473495632197269,-0x1.8ed1336653af0p-3,-0.3040804433430264,-0x1.3760dd1e0bc14p-2,1.561509289787002,-0.9000012033421161,-0x1.ccccf52d6e190p-1,-0.12393619872739886,-0x1.fba48605321d4p-4,0.13770670335458116,-0.999999999182264,-0x1.fffffff8f9c79p-1,0.061471379022572714,0x1.f792d35157d20p-5,-0.061471379072840074,-1.3013605522390803
H593-d4fd56aea7e4dc41f9436c8f,OUTCOME-0108,23,2206,/hkfs/work/workspace/scratch/ap7811-benchmark/dailymed/data/box_flat_20000_images/data/raw_images/otc/CVS Lidocaine  Carton.jpg,48,437.13116455078125,0x1.b521940000000p+8,False,False,False,CHALLENGER,23,-4.42342715825318,-0x1.1b196e393be14p+2,-4.42342715825318,-0x1.1b196e393be14p+2,4.9530492873536826e-05,0.006083251416991869,0.008142108467716324,5.165966811935994e-05,4.592637708694868e-05,-2.129175245823115e-06,3.6041157865881435e-06,-1.3013605522390803,0.0,-0.967593301326352,-3.4558338569268274,False,99,-2.347254077998619,-0x1.2c72d256340edp+1,-0.967593301326352,-0x1.ef6863a20cfb6p-1,0.41222350421960635,-0.9624213880828408,-0x1.ecc27f0592cdbp-1,0.9617437667367404,0x1.ec69add288453p-1,-0.999295920316723,-0.5112532857099846,-0x1.05c2fd9c31a09p-1,-1.6525895403934279,-0x1.a7101badb391dp+0,3.232428204541421,-0.8881980414945533,-0x1.c6c1e4c92e435p-1,-1.386929492964366,-0x1.630dcfae23caep+0,1.561509289787002,-0.9999999980901042,-0x1.ffffffef98184p-1,-0.1377067030915757,-0x1.1a05f8d1bf13fp-3,0.13770670335458116,-0.9924726912762094,-0x1.fc25616e68aa4p-1,0.06100866502488165,0x1.f3c871a1be58dp-5,-0.061471379072840074,-1.3013605522390803
H593-d4fd56aea7e4dc41f9436c8f,OUTCOME-0108,24,2207,/hkfs/work/workspace/scratch/ap7811-benchmark/dailymed/data/box_flat_20000_images/data/raw_images/otc/CVS Lidocaine Cream 1.75 oz 69842-921-49 21-291-23v3.1.jpg,68,430.40338134765625,0x1.ae67440000000p+8,False,False,False,CHALLENGER,24,-2.6167728763660856,-0x1.4ef269e286ae2p+1,-2.6167728763660856,-0x1.4ef269e286ae2p+1,0.0018563035992283264,0.017875173931004813,0.10384814191981283,0.001718196227860796,0.0019094143299708461,0.00013810737136753042,-5.3110730742519756e-05,-1.3013605522390803,0.0,-1.1609442696025887,-1.455828606763497,False,17,-2.8162980948900764,-0x1.687c74baab849p+1,-1.1609442696025887,-0x1.2933a4c66bf63p+0,0.41222350421960635,-0.1643679809148961,-0x1.50a028f44fef7p-3,0.16425225275895267,0x1.50637c2f26f7ep-3,-0.999295920316723,-0.025482828973984836,-0x1.a182bb436180cp-6,-0.08237141510701392,-0x1.5164b06028685p-4,3.232428204541421,-0.1394693277842637,-0x1.1da2184d0733dp-3,-0.21778265097547622,-0x1.be04d49c9b58cp-3,1.561509289787002,-0.5812180399569467,-0x1.29956932ebad6p-1,-0.08003762021268235,-0x1.47d5871435d18p-4,0.13770670335458116,-0.9999999990070672,-0x1.fffffff778848p-1,0.06147137901180312,0x1.f792d34fdce62p-5,-0.061471379072840074,-1.3013605522390803
H593-d4fd56aea7e4dc41f9436c8f,OUTCOME-0108,25,2208,/hkfs/work/workspace/scratch/ap7811-benchmark/dailymed/data/box_flat_20000_images/data/raw_images/otc/CVS Lidocaine IFC.jpg,1,470.79925537109375,0x1.d6cc9c0000000p+8,False,True,False,HOLD,,,,0.0,0x0.0p+0,0.002586569715613999,0.01881001636112267,0.13751023209953342,0.0020651101293029266,0.0016325629733701618,0.0005214595863110723,0.0009540067422438372,,,0.0,0.0,True,2,,,,,0.41222350421960635,,,,,-0.999295920316723,,,,,3.232428204541421,,,,,1.561509289787002,,,,,0.13770670335458116,,,,,-0.061471379072840074,-1.3013605522390803
H593-d4fd56aea7e4dc41f9436c8f,OUTCOME-0108,26,2209,/hkfs/work/workspace/scratch/ap7811-benchmark/dailymed/data/box_flat_20000_images/data/raw_images/otc/CVS Long Lasting Lub Eye Drops 15mL.jpg,12,454.51568603515625,0x1.c684040000000p+8,False,False,False,CHALLENGER,25,-2.065293029341005,-0x1.085b85a0d693cp+1,-2.065293029341005,-0x1.085b85a0d693cp+1,0.0015057547310762356,0.01673735878480869,0.08996370039237624,0.0013681835970081621,0.001246443214331011,0.00013757113406807344,0.00025931151674522465,-1.3013605522390803,0.0,-0.4679764200241063,-1.5973166093168985,False,7,-1.135249240360633,-0x1.229fb1b828631p+0,-0.4679764200241063,-0x1.df3535ed35f5fp-2,0.41222350421960635,-0.2641078434403681,-0x1.0e724958c61ccp-2,0.2639218904736076,0x1.0e418a41216c0p-2,-0.999295920316723,-0.05830690923723241,-0x1.dda67389c08a7p-5,-0.18847289793806676,-0x1.81fe14269c598p-3,3.232428204541421,-0.20901969375607116,-0x1.ac12846737d4ap-3,-0.3263861935485393,-0x1.4e382eaca0ab1p-2,1.561509289787002,-0.5825046386906517,-0x1.2a3e0c49e3a89p-1,-0.08021479348284105,-0x1.488f4eaaa08c4p-4,0.13770670335458116,-0.5725581229650951,-0x1.2526569a63722p-1,0.03519593741802114,0x1.20533b0532e6ap-5,-0.061471379072840074,-1.3013605522390803
H593-d4fd56aea7e4dc41f9436c8f,OUTCOME-0108,27,2210,/hkfs/work/workspace/scratch/ap7811-benchmark/dailymed/data/box_flat_20000_images/data/raw_images/otc/CVS Lubricant Eye Drops Original.jpg,78,427.5125732421875,0x1.ab83380000000p+8,False,False,False,CHALLENGER,26,-4.426192583255171,-0x1.1b46bd41b83cep+2,-4.426192583255171,-0x1.1b46bd41b83cep+2,7.795937979831207e-05,0.0074194663720509235,0.01050741062618526,7.766279406928394e-05,6.213912533166881e-05,2.9658572902813087e-07,1.5820254466643254e-05,-1.3013605522390803,0.0,-1.2440237222867288,-3.182168860968442,False,100,-3.01783791936326,-0x1.82488350259e1p+1,-1.2440237222867288,-0x1.3e7856b2ab709p+0,0.41222350421960635,-0.941483558649608,-0x1.e20a220c3e57ep-1,0.9408206792038234,0x1.e1b33f81296f8p-1,-0.999295920316723,-0.4342651399004276,-0x1.bcb00036a92a8p-2,-1.4037308864632683,-0x1.675ae849beacfp+0,3.232428204541421,-0.8580248890183336,-0x1.b74f09caf9bd5p-1,-1.3398138350705893,-0x1.56fe0a1c5b44dp+0,1.561509289787002,-0.9988631232581303,-0x1.ff6afcbf25eebp-1,-0.13755014780633779,-0x1.19b3e4531b01cp-3,0.13770670335458116,-0.9673750988496074,-0x1.ef4bc9f90c339p-1,0.059465881407010354,0x1.e724fdfbde9bep-5,-0.061471379072840074,-1.3013605522390803
H593-d4fd56aea7e4dc41f9436c8f,OUTCOME-0108,28,2211,/hkfs/work/workspace/scratch/ap7811-benchmark/dailymed/data/box_flat_20000_images/data/raw_images/otc/CVS Lubricant Eye Drops Ultra 30ct.jpg,94,422.0533142089844,0x1.a60da60000000p+8,False,False,False,CHALLENGER,27,-5.013540738904826,-0x1.40ddd9f9b0a24p+2,-5.013540738904826,-0x1.40ddd9f9b0a24p+2,5.567462878625302e-05,0.005063457772260575,0.010995377327181134,5.544690749070667e-05,4.951275759636978e-05,2.2772129554635173e-07,6.161871189883238e-06,-1.3013605522390803,8.881784197001252e-16,-1.4009183469010178,-3.612622392003808,False,121,-3.3984436417645365,-0x1.b300338556c2fp+1,-1.4009183469010178,-0x1.66a295b44e66bp+0,0.41222350421960635,-0.9578580766891039,-0x1.ea6c5fb32da69p-1,0.9571836682778444,0x1.ea13fa4f098d1p-1,-0.999295920316723,-0.5758088877841168,-0x1.26d06c2b8ece0p-1,-1.8612608892990052,-0x1.dc7b97f8dcf46p+0,3.232428204541421,-0.8519197036387616,-0x1.b42ed1c3e49acp-1,-1.3302805313845159,-0x1.548d43d0cd4fbp+0,1.561509289787002,-0.999126979737519,-0x1.ff8d924d0c3c7p-1,-0.13758648261227313,-0x1.19c6f11987f54p-3,0.13770670335458116,-0.9871650216487917,-0x1.f96db197792fcp-1,0.06068239525322126,0x1.f11c34e1c6e8dp-5,-0.061471379072840074,-1.3013605522390803
H593-d4fd56aea7e4dc41f9436c8f,OUTCOME-0108,29,2212,/hkfs/work/workspace/scratch/ap7811-benchmark/dailymed/data/box_flat_20000_images/data/raw_images/otc/CVS Lubricant Eye Drops Ultra 60ct.jpg,71,429.9662780761719,0x1.adf75e0000000p+8,False,False,False,CHALLENGER,28,-5.001266734021749,-0x1.4014c1114c8dap+2,-5.001266734021749,-0x1.4014c1114c8dap+2,1.9335508548162258e-05,0.004580137533475632,0.004221599986210355,1.8226954224483136e-05,1.767198056974334e-05,1.1085543236791217e-06,1.663527978418917e-06,-1.3013605522390803,8.881784197001252e-16,-1.1735062589275358,-3.8277604750942134,False,119,-2.8467718286688637,-0x1.6c6304efa7480p+1,-1.1735062589275358,-0x1.2c6ae7fbbebd3p+0,0.41222350421960635,-0.9851602361732406,-0x1.f866ec275e0e8p-1,0.9844666048661785,0x1.f80c01bfcf0c6p-1,-0.999295920316723,-0.6083704661013325,-0x1.377c556f83d70p-1,-1.9665138534359579,-0x1.f76d73afa36cap+0,3.232428204541421,-0.9404283438017421,-0x1.e17fd2e9b8485p-1,-1.4684875952254248,-0x1.77eecd94132bbp+0,1.561509289787002,-0.9957572812601581,-0x1.fdd3e5fb88524p-1,-0.13712245254365682,-0x1.18d3a809c74ebp-3,0.13770670335458116,-0.9965186141527843,-0x1.fe37b013486c5p-1,0.061257373483727055,0x1.f5d205f80c00fp-5,-0.061471379072840074,-1.3013605522390803
H593-d4fd56aea7e4dc41f9436c8f,OUTCOME-0108,30,2215,/hkfs/work/workspace/scratch/ap7811-benchmark/dailymed/data/box_flat_20000_images/data/raw_images/otc/CVS ND-ND 53240-220-01 - - 24 Count Carton.jpg,124,414.2711486816406,0x1.9e456a0000000p+8,False,False,False,CHALLENGER,29,-5.016563981840236,-0x1.410f626012e71p+2,-5.016563981840236,-0x1.410f626012e71p+2,7.083171489004783e-05,0.006150323613785033,0.011516746001997213,7.100361108779145e-05,6.462454656528425e-05,-1.718961977436158e-07,6.207168324763582e-06,-1.3013605522390803,0.0,-1.624571397923671,-3.3919925839165654,False,122,-3.940996525657118,-0x1.f87292fbac68cp+1,-1.624571397923671,-0x1.9fe3e94019632p+0,0.41222350421960635,-0.9466909932761208,-0x1.e4b4ae8f13cfdp-1,0.9460244473814138,0x1.e45d50fd70755p-1,-0.999295920316723,-0.5071923202791735,-0x1.03aeb638c347ep-1,-1.6394627611972061,-0x1.a3b3d4de5a136p+0,3.232428204541421,-0.8454407899947662,-0x1.b0dd9d7f76beep-1,-1.3201636475416894,-0x1.51f63eab8f43bp+0,1.561509289787002,-0.9999999980829378,-0x1.ffffffef8855fp-1,-0.13770670309058886,-0x1.1a05f8d1b665cp-3,0.13770670335458116,-0.9870712791181633,-0x1.f961681d444cep-1,0.06067663277058574,0x1.f1101f2c31b4cp-5,-0.061471379072840074,-1.3013605522390803
H593-d4fd56aea7e4dc41f9436c8f,OUTCOME-0108,31,2217,/hkfs/work/workspace/scratch/ap7811-benchmark/dailymed/data/box_flat_20000_images/data/raw_images/otc/CVS Nasal Decongestant 96 Count Carton SM.jpg,114,415.4490966796875,0x1.9f72f80000000p+8,False,False,False,CHALLENGER,30,-4.236791445202372,-0x1.0f27974e47791p+2,-4.236791445202372,-0x1.0f27974e47791p+2,8.017452198612318e-05,0.011365453725849902,0.007054229766803945,8.560561632154175e-05,7.156166912041037e-05,-5.431094335418569e-06,8.612852865712818e-06,-1.3013605522390803,8.881784197001252e-16,-1.590718139112414,-2.646073306089958,False,84,-3.8588729726216218,-0x1.edef8cb06a017p+1,-1.590718139112414,-0x1.97394dd0a44cdp+0,0.41222350421960635,-0.9398708572606048,-0x1.e136c0c4cbaa1p-1,0.9392091132851035,0x1.e0e004535450cp-1,-0.999295920316723,-0.24670908567684727,-0x1.f9429cf4dd6e9p-3,-0.7974694068584671,-0x1.984de8fc09076p-1,3.232428204541421,-0.9024071382940931,-0x1.ce084ef54cd73p-1,-1.4091171296163303,-0x1.68bbe673ef7f0p+0,1.561509289787002,-0.9999999981020731,-0x1.ffffffefb26a2p-1,-0.1377067030932239,-0x1.1a05f8d1cd935p-3,0.13770670335458116,-0.9821053853453184,-0x1.f6d6845e9136bp-1,0.060371372432039744,0x1.ee8ff1c6ba574p-5,-0.061471379072840074,-1.3013605522390803
H593-d4fd56aea7e4dc41f9436c8f,OUTCOME-0108,32,2219,/hkfs/work/workspace/scratch/ap7811-benchmark/dailymed/data/box_flat_20000_images/data/raw_images/otc/CVS Omep caps 14ct carton.jpg,110,416.11334228515625,0x1.a01d040000000p+8,False,False,False,CHALLENGER,31,-4.176715528798288,-0x1.0b4f4ea638935p+2,-4.176715528798288,-0x1.0b4f4ea638935p+2,0.00027876556204204793,0.009929149972022336,0.028075470994751214,0.0002687474614498297,0.00022402513738685584,1.0018100592218242e-05,5.4740424655192095e-05,-1.3013605522390803,0.0,-1.5716282655072475,-2.60508726329104,False,80,-3.812563450215067,-0x1.e80214424ca02p+1,-1.5716282655072475,-0x1.92563ae1d2a53p+0,0.41222350421960635,-0.80542202888536,-0x1.9c6046b314c80p-1,0.8048549475983581,0x1.9c15f29beae03p-1,-0.999295920316723,-0.3090161449307239,-0x1.3c6eba71a760dp-2,-0.9988725025327314,-0x1.ff6c377680e68p-1,3.232428204541421,-0.6608949870618303,-0x1.5260d3e70ab3fp-1,-1.0319936618707084,-0x1.0830bc9369fa4p+0,1.561509289787002,-0.9623009532846423,-0x1.ecb2b5e688c98p-1,-0.1325152919117989,-0x1.0f642d67d93b0p-3,0.13770670335458116,-0.8914684930036477,-0x1.c86e8eedbaeabp-1,0.054799797664920706,0x1.c0eb81598b46fp-5,-0.061471379072840074,-1.3013605522390803
H593-d4fd56aea7e4dc41f9436c8f,OUTCOME-0108,33,2222,/hkfs/work/workspace/scratch/ap7811-benchmark/dailymed/data/box_flat_20000_images/data/raw_images/otc/CVS SS+SL 60 CT.jpg,118,415.12982177734375,0x1.9f213c0000000p+8,False,False,False,CHALLENGER,32,-4.672780803652127,-0x1.2b0ed73743ffbp+2,-4.672780803652127,-0x1.2b0ed73743ffbp+2,0.0001318505417808212,0.00749888011621653,0.017582697647838222,0.00013606235443065675,0.00012829104862161302,-4.211812649835558e-06,3.55949315920817e-06,-1.3013605522390803,0.0,-1.5998938378010683,-3.0728869658510582,False,111,-3.881132010727722,-0x1.f0c8ef08c4638p+1,-1.5998938378010683,-0x1.9992a47e6d71cp+0,0.41222350421960635,-0.9029947324195732,-0x1.ce5553586798dp-1,0.9023589521743703,0x1.ce01fe19aef9bp-1,-0.999295920316723,-0.42993579203213234,-0x1.b8411698a1a79p-2,-1.3897365803065194,-0x1.63c5c6ca78ac4p+0,3.232428204541421,-0.7732624217381794,-0x1.8be90d592eb70p-1,-1.2074564549873616,-0x1.351bddc183caep+0,1.561509289787002,-0.9999999980976709,-0x1.ffffffefa8bbfp-1,-0.13770670309261768,-0x1.1a05f8d1c83e4p-3,0.13770670335458116,-0.9925655405884426,-0x1.fc318cefed872p-1,0.061014372600150586,0x1.f3d469dcea559p-5,-0.061471379072840074,-1.3013605522390803
H593-d4fd56aea7e4dc41f9436c8f,OUTCOME-0108,34,2224,/hkfs/work/workspace/scratch/ap7811-benchmark/dailymed/data/box_flat_20000_images/data/raw_images/otc/CVS Stool Softner 100CT.jpg,56,433.98187255859375,0x1.b1fb5c0000000p+8,False,False,False,CHALLENGER,33,-3.5652462698466136,-0x1.c859fd6196ae6p+1,-3.5652462698466136,-0x1.c859fd6196ae6p+1,0.0002918951303716937,0.010808153046715395,0.02700693903112344,0.00031048890569249576,0.00025948332042458007,-1.8593775320802043e-05,3.241180994711365e-05,-1.3013605522390803,4.440892098500626e-16,-1.0581013687966614,-2.5071449010499522,False,43,-2.566814744830689,-0x1.488d62b3f81d5p+1,-1.0581013687966614,-0x1.0edfbb36d5a18p+0,0.41222350421960635,-0.7971869406865508,-0x1.9828e2fe18140p-1,0.7966256575578397,0x1.97df5174bb17ep-1,-0.999295920316723,-0.2701673828639632,-0x1.14a6c22762f3bp-2,-0.8732966683166152,-0x1.bf20bdac40518p-1,3.232428204541421,-0.6716824286990588,-0x1.57e6c2611ee0ep-1,-1.048838352200276,-0x1.0c80ab957d9f8p+0,1.561509289787002,-0.9999999981483312,-0x1.fffffff018232p-1,-0.13770670309959396,-0x1.1a05f8d2059b7p-3,0.13770670335458116,-0.934283858829976,-0x1.de5a7435b5faap-1,0.057431717247773253,0x1.d67b0a6aa23eap-5,-0.061471379072840074,-1.3013605522390803
H593-d4fd56aea7e4dc41f9436c8f,OUTCOME-0108,35,2227,/hkfs/work/workspace/scratch/ap7811-benchmark/dailymed/data/box_flat_20000_images/data/raw_images/otc/CVS Vapor Steam 69842-256-08 21-256-08v3.3.jpg,105,417.7008361816406,0x1.a1b36a0000000p+8,False,False,False,CHALLENGER,34,-3.994455735302499,-0x1.ff4a535638d0ap+1,-3.994455735302499,-0x1.ff4a535638d0ap+1,0.000330484703628062,0.010839178249459439,0.030489830134913003,0.0003539643042105953,0.0003639208233968596,-2.3479600582533328e-05,-3.3436119768797605e-05,-1.3013605522390803,0.0,-1.526004993658164,-2.468450741644335,False,70,-3.701887393701855,-0x1.d9d77234b64a5p+1,-1.526004993658164,-0x1.86a843654b648p+0,0.41222350421960635,-0.7734120406977956,-0x1.8bfca9ba4261ep-1,0.7728674969931384,0x1.8bb549df742d4p-1,-0.999295920316723,-0.2688382674836475,-0x1.134a56bb05b32p-2,-0.869000398274193,-0x1.bced9ec598e68p-1,3.232428204541421,-0.6370259661846728,-0x1.46284476ee93dp-1,-0.9947219640329071,-0x1.fd4c328044b91p-1,1.561509289787002,-0.9999999981649329,-0x1.fffffff03ca51p-1,-0.13770670310188013,-0x1.1a05f8d219b77p-3,0.13770670335458116,-0.9999999989872832,-0x1.fffffff74d032p-1,0.061471379010586975,0x1.f792d34fb21c1p-5,-0.061471379072840074,-1.3013605522390803
H593-d4fd56aea7e4dc41f9436c8f,OUTCOME-0108,36,2229,/hkfs/work/workspace/scratch/ap7811-benchmark/dailymed/data/box_flat_20000_images/data/raw_images/otc/CVS eye drops.jpg,55,435.0244140625,0x1.b306400000000p+8,False,False,False,CHALLENGER,35,-3.7696665432138783,-0x1.e2846eebf6e8cp+1,-3.7696665432138783,-0x1.e2846eebf6e8cp+1,0.00010322309513908948,0.010382259128667418,0.009942257639675994,0.0001071980016866091,8.423547801661579e-05,-3.9749065475196284e-06,1.8987617122473687e-05,-1.3013605522390803,0.0,-1.0281395815091627,-2.7415269617047153,False,54,-2.4941313898526167,-0x1.3f3fb287ac08bp+1,-1.0281395815091627,-0x1.073427d64e133p+0,0.41222350421960635,-0.9232482924424106,-0x1.d8b4000c4188ep-1,0.9225982520770817,0x1.d85ecc5009210p-1,-0.999295920316723,-0.28869819466845387,-0x1.27a07fe20f9dfp-2,-0.9331961870465,-0x1.ddcbe4003bb52p-1,3.232428204541421,-0.8651462900668161,-0x1.baf4745c2f770p-1,-1.3509339689640936,-0x1.59d6ceffc19a5p+0,1.561509289787002,-0.9999999980968132,-0x1.ffffffefa6d91p-1,-0.13770670309249958,-0x1.1a05f8d1c7345p-3,0.13770670335458116,-0.9609707550302238,-0x1.ec045bda88d38p-1,0.059072197560376224,0x1.e3eb6093fd456p-5,-0.061471379072840074,-1.3013605522390803
H593-d4fd56aea7e4dc41f9436c8f,OUTCOME-0108,37,2234,/hkfs/work/workspace/scratch/ap7811-benchmark/dailymed/data/box_flat_20000_images/data/raw_images/otc/CVS.jpg,75,428.40020751953125,0x1.ac66740000000p+8,False,False,False,CHALLENGER,36,-5.092610079644563,-0x1.45ed52d3d69d5p+2,-5.092610079644563,-0x1.45ed52d3d69d5p+2,3.9184263048157234e-05,0.00392742188680223,0.009977095452829411,3.5780032086993096e-05,2.5381239934554446e-05,3.4042309611641375e-06,1.3803023113602788e-05,-1.3013605522390803,0.0,-1.2185138415700207,-3.874096238074542,False,125,-2.955954304150678,-0x1.7a5cb5ec6617cp+1,-1.2185138415700207,-0x1.37f085eb443d9p+0,0.41222350421960635,-0.970153895717832,-0x1.f0b802ec63e1ep-1,0.969470830070205,0x1.f05e7b0b27ae9p-1,-0.999295920316723,-0.6545413916637746,-0x1.4f200c9e2602ap-1,-2.115758055453778,-0x1.0ed128f336158p+1,3.232428204541421,-0.8647057259923627,-0x1.babab57b9a2e6p-1,-1.3502460240690883,-0x1.59a9b932ee468p+0,1.561509289787002,-0.9870281343744732,-0x1.f95bc06abd923p-1,-0.13592039050293125,-0x1.165d6e008e9ecp-3,0.13770670335458116,-0.9714757505174733,-0x1.f1654502a8c1bp-1,0.05971795412013141,0x1.e935a07dc2806p-5,-0.061471379072840074,-1.3013605522390803
H593-d4fd56aea7e4dc41f9436c8f,OUTCOME-0108,38,2240,/hkfs/work/workspace/scratch/ap7811-benchmark/dailymed/data/box_flat_20000_images/data/raw_images/otc/CVS29837K.jpg,92,423.1202087402344,0x1.a71ec60000000p+8,False,False,False,CHALLENGER,37,-3.4991366381320272,-0x1.bfe3b5988197cp+1,-3.4991366381320272,-0x1.bfe3b5988197cp+1,0.0010821913255009065,0.009508336759051382,0.11381499760941087,0.000922308913046947,0.0009321999250859403,0.00015988241245395952,0.0001499914004149662,-1.3013605522390803,4.440892098500626e-16,-1.370256673592343,-2.128879964539684,False,38,-3.3240624553576104,-0x1.a97ae0e7cfaabp+1,-1.370256673592343,-0x1.5ec924303471bp+0,0.41222350421960635,-0.4100507972156927,-0x1.a3e45b2ef5e42p-2,0.4097620887802616,0x1.a398ac49ceb79p-2,-0.999295920316723,-0.3284682397408303,-0x1.5059fa6dd8a18p-2,-1.0617500024343332,-0x1.0fced920fbbeep+0,3.232428204541421,-0.09428116117697113,-0x1.822cf67e24d8ep-4,-0.14722090902974605,-0x1.2d8227ec8fab0p-3,1.561509289787002,-0.5306838180852004,-0x1.0fb5ca16627b9p-1,-0.0730787191121352,-0x1.2b549749ec4d4p-4,0.13770670335458116,-0.7282759907224594,-0x1.74e097353adc6p-1,0.04476812949534846,0x1.6ebd9282bd5aep-5,-0.061471379072840074,-1.3013605522390803
H593-d4fd56aea7e4dc41f9436c8f,OUTCOME-0108,39,2241,/hkfs/work/workspace/scratch/ap7811-benchmark/dailymed/data/box_flat_20000_images/data/raw_images/otc/CVS31698K.jpg,108,416.92962646484375,0x1.a0edfc0000000p+8,False,False,False,CHALLENGER,38,-4.867182608282372,-0x1.377feb7b8ee5ap+2,-4.867182608282372,-0x1.377feb7b8ee5ap+2,0.00013673128942333444,0.005620908304502041,0.02432547944498937,0.0001526500705231083,0.00011088261631501791,-1.5918781099773856e-05,2.584867310831652e-05,-1.3013605522390803,0.0,-1.5481689280455646,-3.3190136802368073,False,114,-3.755654183223864,-0x1.e0b946ba041b7p+1,-1.5481689280455646,-0x1.8c54cc82a39a9p+0,0.41222350421960635,-0.8995841520124199,-0x1.cc964b41c9564p-1,0.89895077308759,0x1.cc434696400f3p-1,-0.999295920316723,-0.5398530033797034,-0x1.14679ce4538f7p-1,-1.7450360744309485,-0x1.bebaaf260569dp+0,3.232428204541421,-0.6993805728886131,-0x1.661535e007574p-1,-1.0920892616621247,-0x1.1793296f26d01p+0,1.561509289787002,-0.9999999981391138,-0x1.fffffff003de3p-1,-0.13770670309832464,-0x1.1a05f8d1fa713p-3,0.13770670335458116,-0.9472398209430795,-0x1.e4fc9e28d6be8p-1,0.05822813810608119,0x1.dd01419bec421p-5,-0.061471379072840074,-1.3013605522390803
H593-d4fd56aea7e4dc41f9436c8f,OUTCOME-0108,40,2242,/hkfs/work/workspace/scratch/ap7811-benchmark/dailymed/data/box_flat_20000_images/data/raw_images/otc/CVS32-00.jpg,85,424.9393310546875,0x1.a8f0780000000p+8,False,False,False,CHALLENGER,39,-3.9973312831962016,-0x1.ffa88d2e4d7dcp+1,-3.9973312831962016,-0x1.ffa88d2e4d7dcp+1,0.00019259007290794061,0.01006024494035897,0.019143676326937285,0.00020178457206542134,0.0001684638382288282,-9.194499157480723e-06,2.4126234679112425e-05,-1.3013605522390803,4.440892098500626e-16,-1.3179765910907182,-2.679354692105483,False,71,-3.197237851795526,-0x1.993f17057f5ecp+1,-1.3179765910907182,-0x1.5166e9f3a0d1bp+0,0.41222350421960635,-0.8614041019634434,-0x1.b909f55d257f9p-1,0.8607976048361595,0x1.b8ba76b27e2cfp-1,-0.999295920316723,-0.3030721242558197,-0x1.365889f8082f9p-2,-0.9796588824547938,-0x1.f595d95ac22ccp-1,3.232428204541421,-0.7555927391840258,-0x1.82dd0d2fc7e8ep-1,-1.1798650815314635,-0x1.2e0ba352deb8fp+0,1.561509289787002,-0.9999999981155332,-0x1.ffffffefd0038p-1,-0.13770670309507743,-0x1.1a05f8d1dde12p-3,0.13770670335458116,-0.9506688032738776,-0x1.e6be0fb6c70bdp-1,0.058438922378771754,0x1.debb4d8dc513ap-5,-0.061471379072840074,-1.3013605522390803
H593-d4fd56aea7e4dc41f9436c8f,OUTCOME-0108,41,2247,/hkfs/work/workspace/scratch/ap7811-benchmark/dailymed/data/box_flat_20000_images/data/raw_images/otc/CVSBS16.jpg,102,419.84954833984375,0x1.a3d97c0000000p+8,False,False,False,CHALLENGER,40,-3.8393577528211633,-0x1.eb7013290166cp+1,-3.8393577528211633,-0x1.eb7013290166cp+1,0.0004007521599718432,0.011374956643323284,0.035231093404392996,0.00039090775279862564,0.0002876198256425843,9.84440717321757e-06,0.00011313233432925894,-1.3013605522390803,4.440892098500626e-16,-1.4642527695165597,-2.3751049833046034,False,60,-3.55208462042596,-0x1.c6aab576ad524p+1,-1.4642527695165597,-0x1.76d944fe26ab3p+0,0.41222350421960635,-0.7316980378894717,-0x1.76a1200e90b78p-1,0.7311828641667001,0x1.765d99b1fbb15p-1,-0.999295920316723,-0.24631659324187424,-0x1.f874d5837ce57p-3,-0.7962007032415911,-0x1.97a79e5af31d9p-1,3.232428204541421,-0.592094210208104,-0x1.2f26f8e9fd50bp-1,-0.9245606096690524,-0x1.d960021b6594ep-1,1.561509289787002,-0.9629424669288508,-0x1.ed06cb86c727dp-1,-0.13260363264089983,-0x1.0f927e4c300d5p-3,0.13770670335458116,-0.7879707768053136,-0x1.9370e7d92a425p-1,0.04843765031931969,0x1.8ccd1d8087ad1p-5,-0.061471379072840074,-1.3013605522390803
H593-d4fd56aea7e4dc41f9436c8f,OUTCOME-0108,42,2248,/hkfs/work/workspace/scratch/ap7811-benchmark/dailymed/data/box_flat_20000_images/data/raw_images/otc/CVSChildrenDecongestantNoseDrop.jpg,62,431.0084228515625,0x1.af02280000000p+8,False,False,False,CHALLENGER,41,-2.29024332268262,-0x1.2526b17566f0fp+1,-2.29024332268262,-0x1.2526b17566f0fp+1,0.00065290857951481,0.030764529630377863,0.021222771398074863,0.000641274631154736,0.0005944092827370292,1.1633948360073999e-05,5.849929677778079e-05,-1.3013605522390803,0.0,-1.1435558732920112,-1.1466874493906087,False,11,-2.7741161325987798,-0x1.63163cc868ac5p+1,-1.1435558732920112,-0x1.24c013e4f01acp+0,0.41222350421960635,-0.5969051061122782,-0x1.319d8bcb22a25p-1,0.5964848373542202,0x1.316675e9fe152p-1,-0.999295920316723,0.2411421633808534,0x1.eddbf14b42775p-3,0.779474730216406,0x1.8f174fd4acff8p-1,3.232428204541421,-0.7325978727699065,-0x1.7717118154f32p-1,-1.143958384008405,-0x1.24da74e74d158p+0,1.561509289787002,-0.9563530672138905,-0x1.e9a71bf639d48p-1,-0.13169622812906703,-0x1.0db6c08691331p-3,0.13770670335458116,-0.8844465218666118,-0x1.c4d62cacf4c28p-1,0.05436814741531743,0x1.bd6244e2f8ff9p-5,-0.061471379072840074,-1.3013605522390803
H593-d4fd56aea7e4dc41f9436c8f,OUTCOME-0108,43,2249,/hkfs/work/workspace/scratch/ap7811-benchmark/dailymed/data/box_flat_20000_images/data/raw_images/otc/CVSColdHotIFC.jpg.jpg,11,457.21533203125,0x1.c937200000000p+8,False,False,False,CHALLENGER,42,-2.2118553616560934,-0x1.1b1e1394e5c84p+1,-2.2118553616560934,-0x1.1b1e1394e5c84p+1,0.0014283003808362104,0.014133226752845902,0.10105975130899278,0.001466952609463877,0.0010533093508421373,-3.8652228627666626e-05,0.00037499102999407306,-1.3013605522390803,-4.440892098500626e-16,-0.39039080949115434,-1.821464552164939,False,9,-0.9470367543214592,-0x1.e4e2005fd75ffp-1,-0.39039080949115434,-0x1.8fc29bbdb1a34p-2,0.41222350421960635,-0.2884948470719862,-0x1.276b3174f46e5p-2,0.2882917237114327,0x1.2735f21431399p-2,-0.999295920316723,-0.14196506372961662,-0x1.22be944f25651p-3,-0.45889187605913306,-0x1.d5e7c0804bd6ep-2,3.232428204541421,-0.15278737194683126,-0x1.38e895ee07055p-3,-0.23857890065711898,-0x1.e89c0dfeb423dp-3,1.561509289787002,-0.9999999982146422,-0x1.fffffff0a9f4fp-1,-0.13770670310872543,-0x1.1a05f8d255edbp-3,0.13770670335458116,-0.4356784668187038,-0x1.be227efa3b23ep-2,0.026781756187686318,0x1.b6cad3bd27de5p-6,-0.061471379072840074,-1.3013605522390803
H593-d4fd56aea7e4dc41f9436c8f,OUTCOME-0108,44,2250,/hkfs/work/workspace/scratch/ap7811-benchmark/dailymed/data/box_flat_20000_images/data/raw_images/otc/CVSColdandHotCream.jpg,104,417.82562255859375,0x1.a1d35c0000000p+8,False,False,False,CHALLENGER,43,-5.576694927246591,-0x1.64e891d712c3fp+2,-5.576694927246591,-0x1.64e891d712c3fp+2,2.2469979589767526e-05,0.003413265881538989,0.006583131923973106,2.203626675289285e-05,1.7242393823254622e-05,4.3371283687467603e-07,5.227585766512904e-06,-1.3013605522390803,8.881784197001252e-16,-1.5224187355872496,-4.0542761916593415,False,128,-3.6931876033352093,-0x1.d8ba5f13289ecp+1,-1.5224187355872496,-0x1.85bd3bf82a377p+0,0.41222350421960635,-0.9827752869207301,-0x1.f72e528948799p-1,0.9820833348079825,0x1.f6d3a079e4d08p-1,-0.999295920316723,-0.6928207233643453,-0x1.62b965d9ae8dep-1,-2.239493246893699,-0x1.1ea7b6f782b9bp+1,3.232428204541421,-0.9086268549694836,-0x1.d1378a04b8f80p-1,-1.4188292749847955,-0x1.6b386536aac64p+0,1.561509289787002,-0.998337923338921,-0x1.ff2625f631c6fp-1,-0.1374778242568614,-0x1.198df938de1dcp-3,0.13770670335458116,-0.9891005021225497,-0x1.fa6b618a25a5bp-1,0.06080137190711171,0x1.f215b7fc93468p-5,-0.061471379072840074,-1.3013605522390803
H593-d4fd56aea7e4dc41f9436c8f,OUTCOME-0108,45,2252,/hkfs/work/workspace/scratch/ap7811-benchmark/dailymed/data/box_flat_20000_images/data/raw_images/otc/CVSHealth Severe Nasal w Menthol 0.5 fl oz Carton.jpg,10,457.90283203125,0x1.c9e7200000000p+8,False,False,False,CHALLENGER,44,-2.3775403821729344,-0x1.30533e452d117p+1,-2.3775403821729344,-0x1.30533e452d117p+1,0.0007477562314164087,0.014000834000118402,0.05340797779690018,0.0007472881306111711,0.0005734100193927776,4.681008052376343e-07,0.0001743462120236311,-1.3013605522390803,0.0,-0.37063262367027827,-2.0069077585026562,False,15,-0.8991059943850966,-0x1.cc579ef30b089p-1,-0.37063262367027827,-0x1.7b871e55fa63ap-2,0.41222350421960635,-0.5514798231659928,-0x1.1a5b9039cdb90p-1,0.5510915374267644,0x1.1a28ab84b35c4p-1,-0.999295920316723,-0.14657292657488402,-0x1.2c2e6d30f1f16p-3,-0.4737864618828339,-0x1.e528473c4c1b2p-2,3.232428204541421,-0.44051457609944716,-0x1.c31640c708a19p-2,-0.68786760286587,-0x1.60302eb492db1p-1,1.561509289787002,-0.9982062599249062,-0x1.ff14e41214740p-1,-0.13745969332216498,-0x1.198477bab1f27p-3,0.13770670335458116,-0.690972205621062,-0x1.61c71be32cc61p-1,0.0424750143805287,0x1.5bf48fb52b030p-5,-0.061471379072840074,-1.3013605522390803
H593-d4fd56aea7e4dc41f9436c8f,OUTCOME-0108,46,2254,/hkfs/work/workspace/scratch/ap7811-benchmark/dailymed/data/box_flat_20000_images/data/raw_images/otc/CVSMaxRednessRelief-CEDCM0051CV1.jpg,29,447.24957275390625,0x1.bf3fe40000000p+8,False,False,False,CHALLENGER,45,-4.195599937220742,-0x1.0c84b5995d9d9p+2,-4.195599937220742,-0x1.0c84b5995d9d9p+2,6.756734515598067e-05,0.005414708810416335,0.012478481765446118,6.887468782490882e-05,6.34183534556867e-05,-1.3073426689281511e-06,4.148991700293975e-06,-1.3013605522390803,0.0,-0.6767985529789764,-3.5188013842417663,False,82,-1.6418242677846466,-0x1.a44e985fea094p+0,-0.6767985529789764,-0x1.5a8557060cb62p-1,0.41222350421960635,-0.9490852626797489,-0x1.e5ee80e8a6725p-1,0.9484170310285984,0x1.e596eac679788p-1,-0.999295920316723,-0.5529601452771555,-0x1.1b1d9797e9e0ap-1,-1.7874039695811994,-0x1.c9934e7a17823p+0,3.232428204541421,-0.8336077236171769,-0x1.aacea1ad41efbp-1,-1.3016862044664175,-0x1.4d3b4e9dd66f1p+0,1.561509289787002,-0.9999999980871016,-0x1.ffffffef917dfp-1,-0.13770670309116223,-0x1.1a05f8d1bb70ep-3,0.13770670335458116,-0.9913396287284428,-0x1.fb90de293c21ap-1,0.06093901410749465,0x1.f33660148cacap-5,-0.061471379072840074,-1.3013605522390803
H593-d4fd56aea7e4dc41f9436c8f,OUTCOME-0108,47,2255,/hkfs/work/workspace/scratch/ap7811-benchmark/dailymed/data/box_flat_20000_images/data/raw_images/otc/CVSMoistDrops.jpg,66,430.62200927734375,0x1.ae9f3c0000000p+8,False,False,False,CHALLENGER,46,-5.2415641621051865,-0x1.4f75c9880827ap+2,-5.2415641621051865,-0x1.4f75c9880827ap+2,3.0465840052640623e-05,0.003031151689859719,0.010050912382431965,3.376959769712278e-05,2.009494335471646e-05,-3.303757644482158e-06,1.0370896697924162e-05,-1.3013605522390803,0.0,-1.1546610823147356,-4.086903079790451,False,127,-2.8010559089799156,-0x1.66890001ab0b9p+1,-1.1546610823147356,-0x1.2797de6281791p+0,0.41222350421960635,-0.9767172895492139,-0x1.f41449e01a701p-1,0.9760296027493369,0x1.f3ba26ef78f8ep-1,-0.999295920316723,-0.7224368510744921,-0x1.71e33e319490ap-1,-2.3352252534132787,-0x1.2ae8a93e1a073p+1,3.232428204541421,-0.8637729136874205,-0x1.ba40717eea8c5p-1,-1.3487894289892934,-0x1.594a4396b3146p+0,1.561509289787002,-0.9999999980943791,-0x1.ffffffefa17edp-1,-0.13770670309216437,-0x1.1a05f8d1c4418p-3,0.13770670335458116,-0.9784920413572624,-0x1.f4fce8aa0d2b6p-1,0.06014925519402939,0x1.ecbe217dfcd74p-5,-0.061471379072840074,-1.3013605522390803
H593-d4fd56aea7e4dc41f9436c8f,OUTCOME-0108,48,2256,/hkfs/work/workspace/scratch/ap7811-benchmark/dailymed/data/box_flat_20000_images/data/raw_images/otc/CVSMotCart.jpg,70,430.04632568359375,0x1.ae0bdc0000000p+8,False,False,False,CHALLENGER,47,-3.889824040059022,-0x1.f1e5c10f9fc18p+1,-3.889824040059022,-0x1.f1e5c10f9fc18p+1,0.000232302509375094,0.009305322584485277,0.0249644767568199,0.0002457386373250074,0.00022286142644998858,-1.3436127949913385e-05,9.441082925105428e-06,-1.3013605522390803,0.0,-1.1712057563792333,-2.7186182836797883,False,63,-2.8411911120800375,-0x1.6bac267e08e9bp+1,-1.1712057563792333,-0x1.2bd423f48926fp+0,0.41222350421960635,-0.8351805323183223,-0x1.ab9cc861204a2p-1,0.8345924986736485,0x1.ab4fb53e949adp-1,-0.999295920316723,-0.3380607928891468,-0x1.5a2c9bc6132a0p-2,-1.0927572417845142,-0x1.17bef047ee80dp+0,3.232428204541421,-0.6926970734966785,-0x1.62a930d968025p-1,-1.0816529152733332,-0x1.14e73498b8d6ap+0,1.561509289787002,-0.9999999981304767,-0x1.ffffffeff0dffp-1,-0.13770670309713526,-0x1.1a05f8d1effafp-3,0.13770670335458116,-0.9804014640571728,-0x1.f5f72e4226f38p-1,0.06026663004062586,0x1.edb448a2115c5p-5,-0.061471379072840074,-1.3013605522390803
H593-d4fd56aea7e4dc41f9436c8f,OUTCOME-0108,49,2257,/hkfs/work/workspace/scratch/ap7811-benchmark/dailymed/data/box_flat_20000_images/data/raw_images/otc/CVSRCCVSv1.jpg,77,427.8519287109375,0x1.abda180000000p+8,False,False,False,CHALLENGER,48,-3.818651776013681,-0x1.e8c994d665420p+1,-3.818651776013681,-0x1.e8c994d665420p+1,0.00019768404785066955,0.010896326876069843,0.018142264829152363,0.00021555924126772692,0.00015243487669352023,-1.787519341705737e-05,4.5249171157149326e-05,-1.3013605522390803,0.0,-1.2342709245981571,-2.5843808514155238,False,59,-2.9941789149912625,-0x1.7f414133214f7p+1,-1.2342709245981571,-0x1.3bf92de78d822p+0,0.41222350421960635,-0.857998541028333,-0x1.b74b95b376fdbp-1,0.8573944416873136,0x1.b6fc677da36d0p-1,-0.999295920316723,-0.26639729506923776,-0x1.10ca73d842cddp-2,-0.8611101301953474,-0x1.b8e36d4ee2facp-1,3.232428204541421,-0.7668875837199333,-0x1.88a57d479236fp-1,-1.197502086200983,-0x1.328f7f291fffbp+0,1.561509289787002,-0.999999998145864,-0x1.fffffff012b64p-1,-0.1377067030992542,-0x1.1a05f8d2029e6p-3,0.13770670335458116,-0.9094342680287775,-0x1.d1a15e4e17314p-1,0.055904178631827825,0x1.c9f78f5ddec2ep-5,-0.061471379072840074,-1.3013605522390803
H593-d4fd56aea7e4dc41f9436c8f,OUTCOME-0108,50,2261,/hkfs/work/workspace/scratch/ap7811-benchmark/dailymed/data/box_flat_20000_images/data/raw_images/otc/CVS_4XMEDPM_CREAM_CTN_2821625R1-OL.jpg,89,423.43914794921875,0x1.a7706c0000000p+8,False,False,False,CHALLENGER,49,-4.942099073281034,-0x1.3c4b59e9555f7p+2,-4.942099073281034,-0x1.3c4b59e9555f7p+2,5.148741383643114e-05,0.005314750319004327,0.009687644902588173,5.058991690837778e-05,5.37327265931665e-05,8.974969280533548e-07,-2.2453127567353623e-06,-1.3013605522390803,8.881784197001252e-16,-1.361090622455359,-3.581008450825675,False,115,-3.3018268209428854,-0x1.a6a242e280af0p+1,-1.361090622455359,-0x1.5c706f5e568a7p+0,0.41222350421960635,-0.9609656563217492,-0x1.ec03b0c4f6514p-1,0.9602890599268061,0x1.ebab01f62f370p-1,-0.999295920316723,-0.5593946760395325,-0x1.1e68fa9e4ae8cp-1,-1.808203128300496,-0x1.cee6667493557p+0,3.232428204541421,-0.8683724915015897,-0x1.bc9b51b77da09p-1,-1.3559717124752166,-0x1.5b20f64f61d5fp+0,1.561509289787002,-0.9965636632291084,-0x1.fe3d97abe6e6ap-1,-0.13723349674624555,-0x1.190de02386dadp-3,0.13770670335458116,-0.9999999989542506,-0x1.fffffff7045f7p-1,0.06147137900855642,0x1.f792d34f6aaa7p-5,-0.061471379072840074,-1.3013605522390803
H593-d4fd56aea7e4dc41f9436c8f,OUTCOME-0108,51,2263,/hkfs/work/workspace/scratch/ap7811-benchmark/dailymed/data/box_flat_20000_images/data/raw_images/otc/CVS_4XMedicated_ToothacheGel_Ctn_2821602R4.jpg,35,444.48809814453125,0x1.bc7cf40000000p+8,False,False,False,CHALLENGER,50,-4.244282308045133,-0x1.0fa2524302e54p+2,-4.244282308045133,-0x1.0fa2524302e54p+2,8.915064855177327e-05,0.005228770333084051,0.017050021873726114,9.8289809217371e-05,0.00011225468794280517,-9.139160665597737e-06,-2.31040393910319e-05,-1.3013605522390803,0.0,-0.7561610671195763,-3.4881212409255564,False,86,-1.8343472882534666,-0x1.d597c8ac8e0f8p+0,-0.7561610671195763,-0x1.83278b1b92f71p-1,0.41222350421960635,-0.9333632540885864,-0x1.dde1c9d7327dfp-1,0.9327060919842654,0x1.dd8ba723b46c2p-1,-0.999295920316723,-0.5649721926584044,-0x1.214409053c094p-1,-1.826232050330636,-0x1.d383f19313bd5p+0,3.232428204541421,-0.7793737854873656,-0x1.8f0a14b00e501p-1,-1.2169994062549834,-0x1.378d45e91dd7ap+0,1.561509289787002,-0.9999999981153367,-0x1.ffffffefcf94ep-1,-0.13770670309505037,-0x1.1a05f8d1dda43p-3,0.13770670335458116,-0.9999999989765745,-0x1.fffffff73576bp-1,0.061471379009928696,0x1.f792d34f9af2dp-5,-0.061471379072840074,-1.3013605522390803
H593-d4fd56aea7e4dc41f9436c8f,OUTCOME-0108,52,2266,/hkfs/work/workspace/scratch/ap7811-benchmark/dailymed/data/box_flat_20000_images/data/raw_images/otc/CVS_654L_02OZ_IFC.jpg,126,413.91363525390625,0x1.9de9e40000000p+8,False,False,False,CHALLENGER,51,-4.376156928703204,-0x1.1812f482bc6b9p+2,-4.376156928703204,-0x1.1812f482bc6b9p+2,0.00013318637636983326,0.01008331888068832,0.013208585183685227,0.00014081853149296327,0.000125139550309492,-7.63215512313001e-06,8.046826060341248e-06,-1.3013605522390803,0.0,-1.6348460404525933,-2.7413108882506108,False,97,-3.9659214569716816,-0x1.fba3507619598p+1,-1.6348460404525933,-0x1.a2854525bd2dep+0,0.41222350421960635,-0.9020600580960809,-0x1.cddad0e119decp-1,0.9014249359360798,0x1.cd8791b749e94p-1,-0.999295920316723,-0.30203150335874285,-0x1.3547bf15266a4p-2,-0.9762951501168474,-0x1.f3dcf539fd941p-1,3.232428204541421,-0.8247254666379569,-0x1.a6426a96c6d7ap-1,-1.28781647767909,-0x1.49ae5736e1b0ep+0,1.561509289787002,-0.9999999981099686,-0x1.ffffffefc3c6fp-1,-0.13770670309431116,-0x1.1a05f8d1d723ap-3,0.13770670335458116,-0.9832715623805413,-0x1.f76f5ec705c26p-1,0.06044305894263797,0x1.ef26482db8fa9p-5,-0.061471379072840074,-1.3013605522390803
H593-d4fd56aea7e4dc41f9436c8f,OUTCOME-0108,53,2268,/hkfs/work/workspace/scratch/ap7811-benchmark/dailymed/data/box_flat_20000_images/data/raw_images/otc/CVS_AF Liquid Toe Area Treatment _53-121CV-02.jpg,27,448.02362060546875,0x1.c0060c0000000p+8,False,False,False,CHALLENGER,52,-3.679569661570894,-0x1.d6fc237fe67fep+1,-3.679569661570894,-0x1.d6fc237fe67fep+1,0.00010624001959565995,0.008166886973586496,0.01300863106582269,0.0001104054185368979,9.855515608365118e-05,-4.165398941237953e-06,7.684863512008767e-06,-1.3013605522390803,4.440892098500626e-16,-0.6545530529274538,-3.02501660864344,False,48,-1.5878596106901022,-0x1.967df7aa8da3dp+0,-0.6545530529274538,-0x1.4f2193e7a407bp-1,0.41222350421960635,-0.9210935561714055,-0x1.d7999318a0036p-1,0.9204450329121079,0x1.d74492443f0d2p-1,-0.999295920316723,-0.3945274687420452,-0x1.93ff023e7ba4fp-2,-1.2752817174281208,-0x1.4678dcd58a5dbp+0,3.232428204541421,-0.8271494908655359,-0x1.a7802358574f6p-1,-1.2916016140291233,-0x1.4aa66743b7453p+0,1.561509289787002,-0.999999998097503,-0x1.ffffffefa85d6p-1,-0.13770670309259456,-0x1.1a05f8d1c80a3p-3,0.13770670335458116,-0.98401802832005,-0x1.f7d136049e377p-1,0.06048894523337048,0x1.ef8683317fe34p-5,-0.061471379072840074,-1.3013605522390803
H593-d4fd56aea7e4dc41f9436c8f,OUTCOME-0108,54,2269,/hkfs/work/workspace/scratch/ap7811-benchmark/dailymed/data/box_flat_20000_images/data/raw_images/otc/CVS_EnamelGuard_DailyProtection_CTN_2821084R2.jpg,100,420.995361328125,0x1.a4fed00000000p+8,False,False,False,CHALLENGER,53,-4.843350285145028,-0x1.35f97379714a7p+2,-4.843350285145028,-0x1.35f97379714a7p+2,8.932315225766902e-05,0.005726163302227866,0.015599127643271413,8.980974871831671e-05,0.00010188865475584662,-4.865964606476863e-07,-1.2565502498177602e-05,-1.3013605522390803,-8.881784197001252e-16,-1.4313230445152008,-3.412027240629827,False,112,-3.4722014389375606,-0x1.bc7118c4ae341p+1,-1.4313230445152008,-0x1.6e6b2fe234356p+0,0.41222350421960635,-0.9332386181847906,-0x1.ddd173c0ef917p-1,0.9325815438340772,0x1.dd7b53ff3db90p-1,-0.999295920316723,-0.5332473611572377,-0x1.1105cc51b2808p-1,-1.7236838102019407,-0x1.b943579976461p+0,3.232428204541421,-0.7962354794001731,-0x1.97ac2d3fe0938p-1,-1.2433290979413774,-0x1.3e4ad0d5d2ca2p+0,1.561509289787002,-0.9999999980840937,-0x1.ffffffef8ae0ap-1,-0.137706703090748,-0x1.1a05f8d1b7cc2p-3,0.13770670335458116,-0.9999999989654161,-0x1.fffffff71ced1p-1,0.06147137900924278,0x1.f792d34f82d0ap-5,-0.061471379072840074,-1.3013605522390803
H593-d4fd56aea7e4dc41f9436c8f,OUTCOME-0108,55,2270,/hkfs/work/workspace/scratch/ap7811-benchmark/dailymed/data/box_flat_20000_images/data/raw_images/otc/CVS_EnamelGuard_GentleWhitening_CTN_2821085R2.jpg,61,431.0391845703125,0x1.af0a080000000p+8,False,False,False,CHALLENGER,54,-4.320147498059963,-0x1.147d4bee8414bp+2,-4.320147498059963,-0x1.147d4bee8414bp+2,0.00011432166930176904,0.006960584988104947,0.016424146748748147,0.00012265774898300902,0.00012315656742000166,-8.336079681239982e-06,-8.83489811823262e-06,-1.3013605522390803,8.881784197001252e-16,-1.1426718067389463,-3.1774756913210163,False,94,-2.771971503425491,-0x1.62cff65454061p+1,-1.1426718067389463,-0x1.248623b801482p+0,0.41222350421960635,-0.9153452298023402,-0x1.d4a8214519ef9p-1,0.9147007538228519,0x1.d453a83e97657p-1,-0.999295920316723,-0.4598042246659899,-0x1.d6d6eb2e03230p-2,-1.486284144377646,-0x1.7c7d1e20aa533p+0,3.232428204541421,-0.7866084643076493,-0x1.92be5839ea90fp-1,-1.2282964244414818,-0x1.3a71a26cc5182p+0,1.561509289787002,-0.9999999981124799,-0x1.ffffffefc94cap-1,-0.137706703094657,-0x1.1a05f8d1da2e6p-3,0.13770670335458116,-0.9999999989614076,-0x1.fffffff7141c7p-1,0.061471379008996366,0x1.f792d34f7a252p-5,-0.061471379072840074,-1.3013605522390803
H593-d4fd56aea7e4dc41f9436c8f,OUTCOME-0108,56,2273,/hkfs/work/workspace/scratch/ap7811-benchmark/dailymed/data/box_flat_20000_images/data/raw_images/otc/CVS_Liquid Bandage 0.3 FL OZ_53-033CV-A01.jpg,53,435.955810546875,0x1.b3f4b00000000p+8,False,False,False,CHALLENGER,55,-3.8447808438975253,-0x1.ec21c75869e02p+1,-3.8447808438975253,-0x1.ec21c75869e02p+1,0.0001755068765314496,0.008797787762688847,0.0199489782278869,0.00019046097775643033,0.0002133746777320234,-1.4954101224980729e-05,-3.786780120057379e-05,-1.3013605522390803,4.440892098500626e-16,-1.0013720108747017,-2.8434088330228233,False,61,-2.4291967843280347,-0x1.36efeb941e5f0p+1,-1.0013720108747017,-0x1.0059ea85d62b7p+0,0.41222350421960635,-0.8729167196398543,-0x1.beeef0b5f8347p-1,0.872302116712363,0x1.be9e620f05b8ap-1,-0.999295920316723,-0.3626593608520894,-0x1.735cf9b9cabd0p-2,-1.1722703466592588,-0x1.2c19e8d0f8db8p+0,3.232428204541421,-0.7466140191256091,-0x1.7e443155c25c3p-1,-1.165844726749849,-0x1.2a74cccd9acaep+0,1.561509289787002,-0.9999999981357672,-0x1.ffffffeffc824p-1,-0.13770670309786381,-0x1.1a05f8d1f6638p-3,0.13770670335458116,-0.999999998991808,-0x1.fffffff756f66p-1,0.06147137901086512,0x1.f792d34fbbe56p-5,-0.061471379072840074,-1.3013605522390803
H593-d4fd56aea7e4dc41f9436c8f,OUTCOME-0108,57,2274,/hkfs/work/workspace/scratch/ap7811-benchmark/dailymed/data/box_flat_20000_images/data/raw_images/otc/CVS_Liquid Bandage 1 FL OZ_53-033CV-B01.jpg,50,436.6048583984375,0x1.b49ad80000000p+8,False,False,False,CHALLENGER,56,-3.6422492381738394,-0x1.d2353918eb350p+1,-3.6422492381738394,-0x1.d2353918eb350p+1,0.0003332675787239658,0.008993876322440775,0.037054943472196095,0.0003419882148998738,0.00021734156543735543,-8.720636175907999e-06,0.00011592601328661039,-1.3013605522390803,0.0,-0.9827189082451565,-2.6595303299286828,False,46,-2.383946810858283,-0x1.31252b4a0518fp+1,-0.9827189082451565,-0x1.f726eec825c57p-1,0.41222350421960635,-0.771721814940794,-0x1.8b1f1f298f9a5p-1,0.7711784612897524,0x1.8ad7e73d3cf93p-1,-0.999295920316723,-0.35304912697105023,-0x1.6985b5d8e3573p-2,-1.141205955609948,-0x1.242612d1585c1p+0,3.232428204541421,-0.575460072707826,-0x1.26a2b3e0de277p-1,-0.8985862494347738,-0x1.cc137f33ea516p-1,1.561509289787002,-0.9999999981138489,-0x1.ffffffefcc4f5p-1,-0.1377067030948455,-0x1.1a05f8d1dbd6ep-3,0.13770670335458116,-0.7833022438484217,-0x1.910cfde06cbe3p-1,0.048150669160212545,0x1.8a7345aa5b2a8p-5,-0.061471379072840074,-1.3013605522390803
H593-d4fd56aea7e4dc41f9436c8f,OUTCOME-0108,58,2275,/hkfs/work/workspace/scratch/ap7811-benchmark/dailymed/data/box_flat_20000_images/data/raw_images/otc/CVS_Liquid Wart Remover_First Aid_53-012CV-02.jpg,119,415.0149230957031,0x1.9f03d20000000p+8,False,False,False,CHALLENGER,57,-4.996628000308938,-0x1.3fc8c0cee6b48p+2,-4.996628000308938,-0x1.3fc8c0cee6b48p+2,5.176413516367001e-05,0.0064211864083098215,0.008061459654353084,5.204529503908123e-05,5.0249624240637656e-05,-2.811598754112152e-07,1.5145109230323562e-06,-1.3013605522390803,0.0,-1.6031959316227835,-3.3934320686861543,False,118,-3.8891424560029533,-0x1.f1cf6b8502476p+1,-1.6031959316227835,-0x1.9a6b0c6f666d7p+0,0.41222350421960635,-0.9607599806758406,-0x1.ebe8bb709ddd1p-1,0.960083529092941,0x1.eb90117dc3d00p-1,-0.999295920316723,-0.4910122622981278,-0x1.f6cbeb2205902p-2,-1.5871618854281586,-0x1.96503dc75f23dp+0,3.232428204541421,-0.8892441303982787,-0x1.c74b01b470ee1p-1,-1.3885629705054763,-0x1.6378dce2c1f44p+0,1.561509289787002,-0.9999999980833393,-0x1.ffffffef8937fp-1,-0.13770670309064412,-0x1.1a05f8d1b6e23p-3,0.13770670335458116,-0.9968299785767656,-0x1.fe607fbb51b5ap-1,0.061276513484263405,0x1.f5fa29adb0a7bp-5,-0.061471379072840074,-1.3013605522390803
H593-d4fd56aea7e4dc41f9436c8f,OUTCOME-0108,59,2276,/hkfs/work/workspace/scratch/ap7811-benchmark/dailymed/data/box_flat_20000_images/data/raw_images/otc/CVS_Maximum Strength Antifungal Liquid_53-172CV.jpg,98,421.41851806640625,0x1.a56b240000000p+8,False,False,False,CHALLENGER,58,-4.043813747632627,-0x1.02cdd82d4ca11p+2,-4.043813747632627,-0x1.02cdd82d4ca11p+2,0.00014153531174490992,0.010986929414455983,0.012882153548623487,0.00015010118869918286,0.00015873408987212206,-8.565876954272936e-06,-1.719877812721214e-05,-1.3013605522390803,0.0,-1.419161867109649,-2.624651880522978,False,72,-3.4427000221549964,-0x1.b8aa64f28c0e4p+1,-1.419161867109649,-0x1.6b4e312ef75b9p+0,0.41222350421960635,-0.8962391031330269,-0x1.cadfda0ab497fp-1,0.8956080793891525,0x1.ca8d246605022p-1,-0.999295920316723,-0.26254660478712155,-0x1.0cd90464f2336p-2,-0.8486630503204814,-0x1.b283f69ce66f9p-1,3.232428204541421,-0.8286860934678483,-0x1.a8498b2c30563p-1,-1.2940010332673448,-0x1.4b43a6d6df9abp+0,1.561509289787002,-0.9999999981132982,-0x1.ffffffefcb195p-1,-0.13770670309476968,-0x1.1a05f8d1db2c2p-3,0.13770670335458116,-0.9999999989703519,-0x1.fffffff727c7ap-1,0.06147137900954618,0x1.f792d34f8d7d7p-5,-0.061471379072840074,-1.3013605522390803
H593-d4fd56aea7e4dc41f9436c8f,OUTCOME-0108,60,2278,/hkfs/work/workspace/scratch/ap7811-benchmark/dailymed/data/box_flat_20000_images/data/raw_images/otc/CVS_Refilllabel.jpg,86,424.90289306640625,0x1.a8e7240000000p+8,False,False,False,CHALLENGER,59,-3.8174278075242505,-0x1.e8a17972142d8p+1,-3.8174278075242505,-0x1.e8a17972142d8p+1,0.00018930549738474867,0.011793285387546459,0.016051972895072358,0.0002095327669091502,0.00012629429098602824,-2.0227269524401544e-05,6.301120639872043e-05,-1.3013605522390803,0.0,-1.319023788972027,-2.4984040185522236,False,58,-3.199778216113886,-0x1.9992552454c84p+1,-1.319023788972027,-0x1.51ab8b0447e69p+0,0.41222350421960635,-0.8636066225671237,-0x1.ba2aa5b111d2ep-1,0.8629985746898308,0x1.b9daf2fd932aep-1,-0.999295920316723,-0.22928019437157865,-0x1.d590dac392564p-3,-0.7411317670294301,-0x1.7b759f7ad6105p-1,3.232428204541421,-0.7909384943250627,-0x1.94f5e3ec8c18bp-1,-1.2350578065387294,-0x1.3c2cbf97c0dacp+0,1.561509289787002,-0.9999999981539149,-0x1.fffffff0246a8p-1,-0.13770670310036287,-0x1.1a05f8d20c5eep-3,0.13770670335458116,-0.8760863425844816,-0x1.c08e639bbec58p-1,0.0538542356655487,0x1.b92c849de8500p-5,-0.061471379072840074,-1.3013605522390803
H593-d4fd56aea7e4dc41f9436c8f,OUTCOME-0108,61,2279,/hkfs/work/workspace/scratch/ap7811-benchmark/dailymed/data/box_flat_20000_images/data/raw_images/otc/CVS_SensitiveExtWht_Carton_2821122R7.jpg,115,415.3547058105469,0x1.9f5ace0000000p+8,False,False,False,CHALLENGER,60,-5.013042094005621,-0x1.40d5ae81ce6e9p+2,-5.013042094005621,-0x1.40d5ae81ce6e9p+2,8.826442107123267e-05,0.005723624584939185,0.015421070994678193,9.085311973371011e-05,5.14319270738351e-05,-2.588698662477437e-06,3.683249399739757e-05,-1.3013605522390803,0.0,-1.593430855232086,-3.419611238773535,False,120,-3.8654536651146603,-0x1.eec72f89ef767p+1,-1.593430855232086,-0x1.97eb15a3a8bc1p+0,0.41222350421960635,-0.9340038170384533,-0x1.de35bf9109e4ep-1,0.9333462039267733,0x1.dddf8dbb6c276p-1,-0.999295920316723,-0.5334060201019902,-0x1.111a9807a7b6dp-1,-1.7241966638498616,-0x1.b964f3db1b829p+0,3.232428204541421,-0.7983268214803954,-0x1.98be4b0b8e4cap-1,-1.2465947480277668,-0x1.3f20d55a2505cp+0,1.561509289787002,-0.9999999980917789,-0x1.ffffffef9bc70p-1,-0.13770670309180633,-0x1.1a05f8d1c11b4p-3,0.13770670335458116,-0.9256539444280604,-0x1.d9ef505576be5p-1,0.05690122450820694,0x1.d222844baeeb7p-5,-0.061471379072840074,-1.3013605522390803
H593-d4fd56aea7e4dc41f9436c8f,OUTCOME-0108,62,2280,/hkfs/work/workspace/scratch/ap7811-benchmark/dailymed/data/box_flat_20000_images/data/raw_images/otc/CVS_Two Step Clear Medicated Corn Removers_53-057CV.jpg,42,440.53680419921875,0x1.b8896c0000000p+8,False,False,False,CHALLENGER,61,-4.24208866392918,-0x1.0f7e617393b8fp+2,-4.24208866392918,-0x1.0f7e617393b8fp+2,7.790490477483617e-05,0.00615272502741084,0.01266185380100104,7.495552128729353e-05,8.31485525419636e-05,2.94938348754264e-06,-5.24364776712743e-06,-1.3013605522390803,0.0,-0.869718012580503,-3.372370651348677,False,85,-2.1098215013891415,-0x1.0e0ea1866e96fp+1,-0.869718012580503,-0x1.bd4bade98cfe3p-1,0.41222350421960635,-0.9415232521642645,-0x1.e20f55f0f02aep-1,0.9408603447710827,0x1.e1b87275ca489p-1,-0.999295920316723,-0.5070473285045062,-0x1.039bb51ae6ec7p-1,-1.638994085695345,-0x1.a3951dcc66203p+0,3.232428204541421,-0.8313687430591697,-0x1.a9a929f4b6265p-1,-1.2981900155254367,-0x1.4c562e4cacec7p+0,1.561509289787002,-0.9887515883526895,-0x1.fa3da5efaf8adp-1,-0.13615772166865475,-0x1.16d9dc0d5164ap-3,0.13770670335458116,-0.9999999989575193,-0x1.fffffff70b8f9p-1,0.06147137900875735,0x1.f792d34f71bc4p-5,-0.061471379072840074,-1.3013605522390803
H593-d4fd56aea7e4dc41f9436c8f,OUTCOME-0108,63,2658,/hkfs/work/workspace/scratch/ap7811-benchmark/dailymed/data/box_flat_20000_images/data/raw_images/otc/Daewoo CVS Lubricant Eye Drops 15mL twin pack.jpg,60,432.3493347167969,0x1.b0596e0000000p+8,False,False,False,CHALLENGER,62,-3.6440477728243916,-0x1.d270284cabd3cp+1,-3.6440477728243916,-0x1.d270284cabd3cp+1,0.00025117113180661034,0.010886652057713627,0.023071476012558476,0.00025274444651877297,0.00017963249307930573,-1.5733147121626276e-06,7.153863872730461e-05,-1.3013605522390803,-4.440892098500626e-16,-1.1050191666698754,-2.539028606154516,False,47,-2.6806311512047887,-0x1.571eebeb881d7p+1,-1.1050191666698754,-0x1.1ae2893e4cdfbp+0,0.41222350421960635,-0.8229781042575443,-0x1.a55d62d638703p-1,0.8223986620945547,0x1.a5116ffbf0c6ep-1,-0.999295920316723,-0.26680987211738955,-0x1.11369b6bf9fd5p-2,-0.8624437558823397,-0x1.b9923a5c4ee08p-1,3.232428204541421,-0.712651256682236,-0x1.6ce0a021ce983p-1,-1.1128115576876927,-0x1.1ce137dee1242p+0,1.561509289787002,-0.9999999980880744,-0x1.ffffffef93a19p-1,-0.13770670309129618,-0x1.1a05f8d1bc9e8p-3,0.13770670335458116,-0.8604866435265802,-0x1.b891b4912ed57p-1,0.05289530065133822,0x1.b1517c4d1b525p-5,-0.061471379072840074,-1.3013605522390803
H593-d4fd56aea7e4dc41f9436c8f,OUTCOME-0108,64,2659,/hkfs/work/workspace/scratch/ap7811-benchmark/dailymed/data/box_flat_20000_images/data/raw_images/otc/Daewoo CVS Lubricant Eye Drops 15mL.jpg,22,449.213134765625,0x1.c136900000000p+8,False,False,False,CHALLENGER,63,-2.036800578991004,-0x1.04b5e1a19ebfcp+1,-2.036800578991004,-0x1.04b5e1a19ebfcp+1,0.0010274963634948767,0.02176471644762123,0.04720926945993715,0.0008692925537573434,0.0009779505446487979,0.0001582038097375333,4.954581884607885e-05,-1.3013605522390803,0.0,-0.6203673921086458,-1.416433186882358,False,5,-1.5049296941063157,-0x1.8143128af745ep+0,-0.6203673921086458,-0x1.3da0cb79390efp-1,0.41222350421960635,-0.4313903834520243,-0x1.b9be6692f0fe0p-2,0.43108665024747467,0x1.b96ec762386a9p-2,-0.999295920316723,0.07282118406923928,0x1.2a468bc088b85p-4,0.23538924927351146,0x1.e213c23bad838p-3,3.232428204541421,-0.4888545165873294,-0x1.f4964744fa563p-2,-0.7633508690054489,-0x1.86d5ecd380cf8p-1,1.561509289787002,-0.5344642335470083,-0x1.11a54bc7eea59p-1,-0.07359930766269146,-0x1.2d7677b6b647cp-4,0.13770670335458116,-0.901259144328427,-0x1.cd71d6ac391b8p-1,0.05540164250387622,0x1.c5d9aa565cd4cp-5,-0.061471379072840074,-1.3013605522390803
H593-d4fd56aea7e4dc41f9436c8f,OUTCOME-0108,65,3348,/hkfs/work/workspace/scratch/ap7811-benchmark/dailymed/data/box_flat_20000_images/data/raw_images/otc/bea00-0000-01.jpg,116,415.29290771484375,0x1.9f4afc0000000p+8,False,False,False,CHALLENGER,64,-5.191469423381426,-0x1.4c4108f7e6dc6p+2,-5.191469423381426,-0x1.4c4108f7e6dc6p+2,4.8584591243334674e-05,0.005280685853458731,0.009200432025607594,5.091986858838788e-05,4.7626636047005085e-05,-2.3352773450532045e-06,9.579551963295895e-07,-1.3013605522390803,0.0,-1.5952068817895821,-3.5962625415918437,False,126,-3.8697620719359995,-0x1.ef545d132216bp+1,-1.5952068817895821,-0x1.985f7a6ba3f0dp+0,0.41222350421960635,-0.9631258089148949,-0x1.ed1ed376722f8p-1,0.9624476916003981,0x1.ecc5f19f119d6p-1,-0.999295920316723,-0.5615996738739076,-0x1.1f89fe1177245p-1,-1.8153306254912829,-0x1.d0b98203e98b7p+0,3.232428204541421,-0.8745771879514211,-0x1.bfc894c828729p-1,-1.365660403621937,-0x1.5d9beb92ff95dp+0,1.561509289787002,-0.9999999980908557,-0x1.ffffffef99bf5p-1,-0.13770670309167918,-0x1.1a05f8d1bffcfp-3,0.13770670335458116,-0.9979937358985221,-0x1.fef908f298123p-1,0.061348051251737895,0x1.f690303995e1cp-5,-0.061471379072840074,-1.3013605522390803
H593-d4fd56aea7e4dc41f9436c8f,OUTCOME-0108,66,3368,/hkfs/work/workspace/scratch/ap7811-benchmark/dailymed/data/box_flat_20000_images/data/raw_images/otc/bef4f237-ccb8-4d28-bfc2-41c511a17d7f-01.jpg,90,423.40435791015625,0x1.a767840000000p+8,False,False,False,CHALLENGER,65,-4.622183848956633,-0x1.27d1dc34d78fap+2,-4.622183848956633,-0x1.27d1dc34d78fap+2,6.623792529300729e-05,0.007058812858625796,0.009383720268496031,6.716887970929669e-05,5.432617197220156e-05,-9.309544162894014e-07,1.1911753320805727e-05,-1.3013605522390803,0.0,-1.362090459628468,-3.2600933893281647,False,109,-3.3042522944126764,-0x1.a6f1bd3b1e21ep+1,-1.362090459628468,-0x1.5cb1f5da4c41cp+0,0.41222350421960635,-0.9500620212738897,-0x1.e66e877d1605cp-1,0.9493931019068577,0x1.e616da4779d47p-1,-0.999295920316723,-0.4542611264784899,-0x1.d129d42846e53p-2,-1.4683664774558285,-0x1.77e6dd8f372b5p+0,3.232428204541421,-0.87223816749893,-0x1.be96004776353p-1,-1.3620080014563702,-0x1.5cac8e6f253afp+0,1.561509289787002,-0.9999999980857234,-0x1.ffffffef8e761p-1,-0.13770670309097244,-0x1.1a05f8d1b9c58p-3,0.13770670335458116,-0.9753359028465223,-0x1.f35f3a3aae4f0p-1,0.05995524300722929,0x1.eb2741fe12b2cp-5,-0.061471379072840074,-1.3013605522390803
H593-d4fd56aea7e4dc41f9436c8f,OUTCOME-0108,67,3797,/hkfs/work/workspace/scratch/ap7811-benchmark/dailymed/data/box_flat_20000_images/data/raw_images/otc/ccc377799-CARTON_3c03_.jpg,9,458.21588134765625,0x1.ca37440000000p+8,False,False,False,CHALLENGER,66,-3.468189505151088,-0x1.bbeda23a7a280p+1,-3.468189505151088,-0x1.bbeda23a7a280p+1,0.00018195170845820691,0.006581507053450222,0.027645903435266003,0.0002008992345001653,0.00017070525868471652,-1.8947526041958372e-05,1.1246449773490391e-05,-1.3013605522390803,0.0,-0.3616358432126012,-3.1065536619384866,False,35,-0.8772809883735906,-0x1.c12af944ef2b6p-1,-0.3616358432126012,-0x1.7250aa9ea3558p-2,0.41222350421960635,-0.8685567629634929,-0x1.bcb378d74bafep-1,0.8679452297929174,0x1.bc6351315c0cdp-1,-0.999295920316723,-0.48159809506240864,-0x1.ed280d106f8f1p-2,-1.5567312657331502,-0x1.8e85f0b2fc0c8p+0,3.232428204541421,-0.6652149392321735,-0x1.54970d71a028fp-1,-1.0387393073161348,-0x1.09ead1b9fe140p+0,1.561509289787002,-0.9999999981495432,-0x1.fffffff01acd7p-1,-0.13770670309976085,-0x1.1a05f8d207134p-3,0.13770670335458116,-0.976697408814915,-0x1.f411aec9e5608p-1,0.06003893665672229,0x1.ebd6c6adabeeap-5,-0.061471379072840074,-1.3013605522390803
H593-d4fd56aea7e4dc41f9436c8f,OUTCOME-0108,68,3846,/hkfs/work/workspace/scratch/ap7811-benchmark/dailymed/data/box_flat_20000_images/data/raw_images/otc/cetirizine-hcl-10-mg-tablets-grn-1.jpg,30,446.8153076171875,0x1.bed0b80000000p+8,False,False,False,CHALLENGER,67,-3.4916098461884113,-0x1.beed1249e2aa2p+1,-3.4916098461884113,-0x1.beed1249e2aa2p+1,0.00045641518832458043,0.005569269498642841,0.081952433516784,0.0003738389781712211,0.00036235572868947196,8.257621015335934e-05,9.405945963510847e-05,-1.3013605522390803,4.440892098500626e-16,-0.6892789766398015,-2.8023308695486095,False,36,-1.6721001339908985,-0x1.ac0ec11f20ccfp+0,-0.6892789766398015,-0x1.60e92c8cfa01ep-1,0.41222350421960635,-0.7000213914411167,-0x1.6669342d7ae2bp-1,0.6995285206015438,0x1.66289a2d34ae6p-1,-0.999295920316723,-0.5431146317451675,-0x1.16131efaa62f1p-1,-1.755579053952207,-0x1.c16da0fe4470fp+0,3.232428204541421,-0.2531537581869481,-0x1.033abd2116f90p-2,-0.3953019451534117,-0x1.94ca0879ea965p-2,1.561509289787002,-0.7265850434693093,-0x1.7402f46eed45ap-1,-0.10005563104290363,-0x1.99d3eef1c234ap-4,0.13770670335458116,-0.8205085520805167,-0x1.a419b26a8c5b0p-1,0.050437792237448584,0x1.9d2fb7848d97ep-5,-0.061471379072840074,-1.3013605522390803
H593-d4fd56aea7e4dc41f9436c8f,OUTCOME-0108,69,3904,/hkfs/work/workspace/scratch/ap7811-benchmark/dailymed/data/box_flat_20000_images/data/raw_images/otc/childrens-acetaminophen-dye-free-grape-liquid-deli-1.jpg,43,440.27886962890625,0x1.b847640000000p+8,False,False,False,CHALLENGER,68,-4.080148150657845,-0x1.052125b57a42cp+2,-4.080148150657845,-0x1.052125b57a42cp+2,7.107126519915114e-05,0.007355108214316568,0.009662844261191477,7.045097592056108e-05,0.0001004457352327361,6.202892785900593e-07,-2.937447003358495e-05,-1.3013605522390803,-8.881784197001252e-16,-0.8771308404639387,-3.203017310193906,False,74,-2.1278040467985044,-0x1.105be20ca5e45p+1,-0.8771308404639387,-0x1.c1174b2436129p-1,0.41222350421960635,-0.946515525471267,-0x1.e49daed61c567p-1,0.9458491031198765,0x1.e4465569b39c3p-1,-0.999295920316723,-0.4377929909464616,-0x1.c04cce4a21deep-2,-1.4151344116858897,-0x1.6a463fb1a295bp+0,3.232428204541421,-0.8686873373776334,-0x1.bcc49630f8f64p-1,-1.35646334723551,-0x1.5b412e929965bp+0,1.561509289787002,-0.9976237744207194,-0x1.fec88b19b2b97p-1,-0.13737948116363158,-0x1.195a69d5e9f9ap-3,0.13770670335458116,-0.9999999989831003,-0x1.fffffff743d06p-1,0.06147137901032985,0x1.f792d34fa9101p-5,-0.061471379072840074,-1.3013605522390803
H593-d4fd56aea7e4dc41f9436c8f,OUTCOME-0108,70,3905,/hkfs/work/workspace/scratch/ap7811-benchmark/dailymed/data/box_flat_20000_images/data/raw_images/otc/childrens-acetaminophen-grape-liquid-1.jpg,63,430.9357604980469,0x1.aeef8e0000000p+8,False,False,False,CHALLENGER,69,-4.542995896989243,-0x1.22c071dcdb954p+2,-4.542995896989243,-0x1.22c071dcdb954p+2,6.192994700434553e-05,0.006250558727006195,0.009907905790368899,6.298928641985675e-05,5.6235821640544684e-05,-1.059339415511218e-06,5.694125363800846e-06,-1.3013605522390803,0.0,-1.145644129703566,-3.3973517672856772,False,104,-2.7791819679773524,-0x1.63bc3c170c3e3p+1,-1.145644129703566,-0x1.2548ef05ee630p+0,0.41222350421960635,-0.9532339396866392,-0x1.e80e4768c85f4p-1,0.9525627870362957,0x1.e7b64f436a3ddp-1,-0.999295920316723,-0.5011639832465256,-0x1.009890cbf42ecp-1,-1.6199765945463935,-0x1.9eb6c93ddcb9fp+0,3.232428204541421,-0.8655809124627349,-0x1.bb2d6bde23796p-1,-1.3516126358728704,-0x1.5a034923ef309p+0,1.561509289787002,-0.9999999980861938,-0x1.ffffffef8f7eep-1,-0.13770670309103722,-0x1.1a05f8d1ba576p-3,0.13770670335458116,-0.9881335402518453,-0x1.f9eca3aeecbc7p-1,0.060741931427408656,0x1.f199101f4043bp-5,-0.061471379072840074,-1.3013605522390803
H593-d4fd56aea7e4dc41f9436c8f,OUTCOME-0108,71,4265,/hkfs/work/workspace/scratch/ap7811-benchmark/dailymed/data/box_flat_20000_images/data/raw_images/otc/cvs-44-015-1.jpg,44,439.9881591796875,0x1.b7fcf80000000p+8,False,False,False,CHALLENGER,70,-4.193449856854766,-0x1.0c617b8226dacp+2,-4.193449856854766,-0x1.0c617b8226dacp+2,6.855147352617173e-05,0.006705356108363865,0.010223390438677026,6.593791591234539e-05,6.418522566045843e-05,2.6135576138263392e-06,4.3662478657132976e-06,-1.3013605522390803,0.0,-0.8854856202104616,-3.3079642366443043,False,81,-2.148071643529408,-0x1.12f402f9363e5p+1,-0.8854856202104616,-0x1.c55e5f07c3b0fp-1,0.41222350421960635,-0.9483628285738981,-0x1.e58fd00aef13ap-1,0.9476951055739241,0x1.e5384afa09ddfp-1,-0.999295920316723,-0.4744065667377651,-0x1.e5cad5c495dadp-2,-1.533485166742814,-0x1.88927be00fbe0p+0,3.232428204541421,-0.8615969707713135,-0x1.b9233cf797467p-1,-1.345391673911746,-0x1.586b96b7c2fb3p+0,1.561509289787002,-0.9900259796208375,-0x1.fae4af6952df4p-1,-0.1363332138889753,-0x1.1735de381801ap-3,0.13770670335458116,-0.9908882065621271,-0x1.fb55b2f25a54dp-1,0.06091126456438717,0x1.f2fc2e2862af8p-5,-0.061471379072840074,-1.3013605522390803
H593-d4fd56aea7e4dc41f9436c8f,OUTCOME-0108,72,4266,/hkfs/work/workspace/scratch/ap7811-benchmark/dailymed/data/box_flat_20000_images/data/raw_images/otc/cvs-44-017-1.jpg,45,439.8661804199219,0x1.b7ddbe0000000p+8,False,False,False,CHALLENGER,71,-4.095539578356116,-0x1.061d520920d77p+2,-4.095539578356116,-0x1.061d520920d77p+2,8.414601180999941e-05,0.0071671212321349044,0.011740559296348672,8.786437334056743e-05,7.892235446780488e-05,-3.7183615305680227e-06,5.2236573421945255e-06,-1.3013605522390803,0.0,-0.888991189667406,-3.2065483886887103,False,75,-2.1565756939318246,-0x1.140aac1e64919p+1,-0.888991189667406,-0x1.c729da6c1b76fp-1,0.41222350421960635,-0.9369861708496738,-0x1.dfbca6c1350d6p-1,0.9363264579232671,0x1.df662e7651e54p-1,-0.999295920316723,-0.4481977695480009,-0x1.caf45b29652e1p-2,-1.4487671114995142,-0x1.72e266c3692a2p+0,3.232428204541421,-0.8426734064594856,-0x1.af72e383e7a1cp-1,-1.315842352442945,-0x1.50db0b5e6f24cp+0,1.561509289787002,-0.9999999980958835,-0x1.ffffffefa4cdbp-1,-0.13770670309237154,-0x1.1a05f8d1c6140p-3,0.13770670335458116,-0.9891086482684386,-0x1.fa6c72e101e66p-1,0.060801872661933626,0x1.f216c4d3cb414p-5,-0.061471379072840074,-1.3013605522390803
H593-d4fd56aea7e4dc41f9436c8f,OUTCOME-0108,73,4267,/hkfs/work/workspace/scratch/ap7811-benchmark/dailymed/data/box_flat_20000_images/data/raw_images/otc/cvs-44-018-1.jpg,4,461.0251770019531,0x1.cd06720000000p+8,False,False,False,CHALLENGER,72,-2.9886004128897343,-0x1.7e8a755516357p+1,-2.9886004128897343,-0x1.7e8a755516357p+1,0.00021856063801925374,0.009499813603574532,0.023006834359046276,0.00021233485269372217,0.0002275873573057444,6.2257853255315765e-06,-9.026719286490644e-06,-1.3013605522390803,0.0,-0.2808989914840524,-2.707701421405682,False,22,-0.6814240056879614,-0x1.5ce39b764739bp-1,-0.2808989914840524,-0x1.1fa3fc379d11ap-2,0.41222350421960635,-0.8441707793306249,-0x1.b0372702ed7ffp-1,0.8435764158356821,0x1.afe93f7b61de9p-1,-0.999295920316723,-0.32886819768360454,-0x1.50c2d326fb700p-2,-1.063042837769187,-0x1.1023934e77379p+0,3.232428204541421,-0.7133409566098731,-0x1.6d3b069f12d23p-1,-1.1138885305318635,-0x1.1d27cc7a061b2p+0,1.561509289787002,-0.9764034170800522,-0x1.f3eb26101f794p-1,-0.13445729571024212,-0x1.135e58be45d18p-3,0.13770670335458116,-0.9999999989616145,-0x1.fffffff71490fp-1,0.061471379009009085,0x1.f792d34f7a97bp-5,-0.061471379072840074,-1.3013605522390803
H593-d4fd56aea7e4dc41f9436c8f,OUTCOME-0108,74,4268,/hkfs/work/workspace/scratch/ap7811-benchmark/dailymed/data/box_flat_20000_images/data/raw_images/otc/cvs-44-030-1.jpg,20,449.65753173828125,0x1.c1a8540000000p+8,False,False,False,CHALLENGER,73,-3.3672416393517377,-0x1.af01c6275f60cp+1,-3.3672416393517377,-0x1.af01c6275f60cp+1,0.00019778495613276086,0.009258473580909261,0.02136258794760601,0.0001936308416892504,0.00023945659647508686,4.154114443510469e-06,-4.1671640342326e-05,-1.3013605522390803,0.0,-0.6075957877974065,-2.759645851554331,False,33,-1.473947461942195,-0x1.79549ef1105dep+0,-0.6075957877974065,-0x1.3716cb8b8def6p-1,0.41222350421960635,-0.8579312049799701,-0x1.b742c24736b44p-1,0.8573271530488944,0x1.b6f395a8a2b52p-1,-0.999295920316723,-0.34029414477228054,-0x1.5c76117b44d91p-2,-1.0999763914022211,-0x1.19980d8371d3ap+0,3.232428204541421,-0.7310730942947571,-0x1.764f366df687fp-1,-1.141577428254592,-0x1.243e6b18348bep+0,1.561509289787002,-0.9841932775738403,-0x1.f7e82e683ed1dp-1,-0.1355300117184338,-0x1.1590c23fa848bp-3,0.13770670335458116,-0.9999999989956596,-0x1.fffffff75f6eap-1,0.06147137901110188,0x1.f792d34fc439fp-5,-0.061471379072840074,-1.3013605522390803
H593-d4fd56aea7e4dc41f9436c8f,OUTCOME-0108,75,4269,/hkfs/work/workspace/scratch/ap7811-benchmark/dailymed/data/box_flat_20000_images/data/raw_images/otc/cvs-44-030-cc-1.jpg,72,429.8865661621094,0x1.ade2f60000000p+8,False,False,False,CHALLENGER,74,-4.249232220204428,-0x1.0ff36bb2b8ccap+2,-4.249232220204428,-0x1.0ff36bb2b8ccap+2,0.00012164651640958437,0.0076188985962311224,0.015966417569825624,0.00012429588245735007,0.00012463237475053622,-2.6493660477657014e-06,-2.9858583409518488e-06,-1.3013605522390803,0.0,-1.1757971139241679,-3.07343510628026,False,89,-2.852329141566315,-0x1.6d191f0e3a3ffp+1,-1.1757971139241679,-0x1.2d010a270915bp+0,0.41222350421960635,-0.9101648417683603,-0x1.d201204aba6e4p-1,0.9095240131948382,0x1.d1ad21a7326efp-1,-0.999295920316723,-0.42344219513083714,-0x1.b19ad4af5565cp-2,-1.36874649453385,-0x1.5e662b96899b8p+0,3.232428204541421,-0.7919368502685107,-0x1.9578bf30cd0eap-1,-1.2366167486189374,-0x1.3c92ea4d01129p+0,1.561509289787002,-0.9999999980919998,-0x1.ffffffef9c436p-1,-0.13770670309183675,-0x1.1a05f8d1c15fcp-3,0.13770670335458116,-0.9999999989550599,-0x1.fffffff706270p-1,0.061471379008606164,0x1.f792d34f6c6a8p-5,-0.061471379072840074,-1.3013605522390803
H593-d4fd56aea7e4dc41f9436c8f,OUTCOME-0108,76,4270,/hkfs/work/workspace/scratch/ap7811-benchmark/dailymed/data/box_flat_20000_images/data/raw_images/otc/cvs-44-030043-1.jpg,106,417.5064697265625,0x1.a181a80000000p+8,False,False,False,CHALLENGER,75,-3.7382521749654245,-0x1.de7f0c19d6b40p+1,-3.7382521749654245,-0x1.de7f0c19d6b40p+1,0.00044138852749638037,0.013105600798584454,0.033679381378994476,0.00043779284146060047,0.0003181012624178414,3.5956860357798967e-06,0.00012328726507853895,-1.3013605522390803,-4.440892098500626e-16,-1.5315909260752967,-2.2066612488901276,False,52,-3.7154381310080824,-0x1.db937a077edbap+1,-1.5315909260752967,-0x1.881657ca58003p+0,0.41222350421960635,-0.7084579823021561,-0x1.6abb013127e37p-1,0.7079591714303617,0x1.6a799fe064b0cp-1,-0.999295920316723,-0.1787343022011556,-0x1.6e0c3ff504cd0p-3,-0.5777457995540451,-0x1.27ce4c24f8d46p-1,3.232428204541421,-0.6065254112683407,-0x1.368a7fab2e528p-1,-0.947095064187396,-0x1.e4e9a4edc6991p-1,1.561509289787002,-0.9863035885236996,-0x1.f8fcc8b146019p-1,-0.13582061568239198,-0x1.16291e73d3e1fp-3,0.13770670335458116,-0.7711167710465059,-0x1.8acfd142156f0p-1,0.04740161134242419,0x1.8450624fca0d5p-5,-0.061471379072840074,-1.3013605522390803
H593-d4fd56aea7e4dc41f9436c8f,OUTCOME-0108,77,4271,/hkfs/work/workspace/scratch/ap7811-benchmark/dailymed/data/box_flat_20000_images/data/raw_images/otc/cvs-44-031a-1.jpg,96,421.7643737792969,0x1.a5c3ae0000000p+8,False,False,False,CHALLENGER,76,-4.3242760631732065,-0x1.14c0f0638d176p+2,-4.3242760631732065,-0x1.14c0f0638d176p+2,4.434730055961287e-05,0.009638003009155746,0.004601295571031112,4.5615072165892385e-05,4.048256256298604e-05,-1.2677716062795146e-06,3.864737996626831e-06,-1.3013605522390803,0.0,-1.4092222577387334,-2.9150538054344732,False,95,-3.418587837213644,-0x1.b5944947ab012p+1,-1.4092222577387334,-0x1.68c2ca35c87c1p+0,0.41222350421960635,-0.9662875713904081,-0x1.eebd3e9b4e5efp-1,0.965607227943189,0x1.ee641211982c7p-1,-0.999295920316723,-0.3224130732007001,-0x1.4a26a714cca86p-2,-1.0421771113268208,-0x1.0acc1e81c9d7ap+0,3.232428204541421,-0.9352438799734076,-0x1.ded8492c8a34fp-1,-1.4603920067949159,-0x1.75dc402486232p+0,1.561509289787002,-0.9999999980869568,-0x1.ffffffef912c7p-1,-0.13770670309114227,-0x1.1a05f8d1bb43fp-3,0.13770670335458116,-0.991930569868054,-0x1.fbde52daf8cc7p-1,0.06097534007429742,0x1.f3828e6f69264p-5,-0.061471379072840074,-1.3013605522390803
H593-d4fd56aea7e4dc41f9436c8f,OUTCOME-0108,78,4272,/hkfs/work/workspace/scratch/ap7811-benchmark/dailymed/data/box_flat_20000_images/data/raw_images/otc/cvs-44-043-1.jpg,25,448.429443359375,0x1.c06df00000000p+8,False,False,False,CHALLENGER,77,-3.058213615541656,-0x1.87738b3377776p+1,-3.058213615541656,-0x1.87738b3377776p+1,0.00030026603561629316,0.011611563887837885,0.02585922434882316,0.0002947195630420788,0.00034153112406706175,5.546472574214343e-06,-4.126508845076859e-05,-1.3013605522390803,0.0,-0.642890040008153,-2.4153235755335034,False,25,-1.55956667542582,-0x1.8f3fc2fae2a5ep+0,-0.642890040008153,-0x1.4928e22184af2p-1,0.41222350421960635,-0.7919756703274055,-0x1.957dd5c691594p-1,0.7914180563482782,0x1.9534bf5af5a08p-1,-0.999295920316723,-0.23662322647733325,-0x1.e49ab7d98d9d4p-3,-0.7648675911149244,-0x1.879cb99337c1dp-1,3.232428204541421,-0.6834264505576128,-0x1.5dea125cbb8cbp-1,-1.0671767514318695,-0x1.11327ede738f0p+0,1.561509289787002,-0.9789510083606189,-0x1.f539110a9714dp-1,-0.13480811610698384,-0x1.1416470f51a58p-3,0.13770670335458116,-0.9999999989952494,-0x1.fffffff75e87bp-1,0.06147137901107667,0x1.f792d34fc356dp-5,-0.061471379072840074,-1.3013605522390803
H593-d4fd56aea7e4dc41f9436c8f,OUTCOME-0108,79,4273,/hkfs/work/workspace/scratch/ap7811-benchmark/dailymed/data/box_flat_20000_images/data/raw_images/otc/cvs-44-056-1.jpg,8,458.9412841796875,0x1.caf0f80000000p+8,False,False,False,CHALLENGER,78,-2.1404568141834788,-0x1.11fa7d27b58ddp+1,-2.1404568141834788,-0x1.11fa7d27b58ddp+1,0.0011170538064229256,0.014535059084314206,0.07685237465793422,0.0009167368019080659,0.0006781212139117056,0.00020031700451485972,0.00043893259251122005,-1.3013605522390803,0.0,-0.34078836110312755,-1.7996684530803513,False,8,-0.8267077389201399,-0x1.a7463c9c0632fp-1,-0.34078836110312755,-0x1.5cf79fc72e75dp-2,0.41222350421960635,-0.39677788523874824,-0x1.964cf12381800p-2,0.396498521990978,0x1.9603b56374504p-2,-0.999295920316723,-0.12820355688429752,-0x1.068f962064374p-3,-0.4144087931953338,-0x1.a85ac757cb8e9p-2,3.232428204541421,-0.2829684633847788,-0x1.21c27c2025e2fp-2,-0.4418578842920853,-0x1.c47664aa0e99cp-2,1.561509289787002,-0.44493349525757586,-0x1.c79ca56c1ae3cp-2,-0.061270324843951944,-0x1.f5ed2f2d71367p-5,0.13770670335458116,-0.36977500492038007,-0x1.7aa64c840b8acp-2,0.022730579499121988,0x1.746af5e457c4ep-6,-0.061471379072840074,-1.3013605522390803
H593-d4fd56aea7e4dc41f9436c8f,OUTCOME-0108,80,4274,/hkfs/work/workspace/scratch/ap7811-benchmark/dailymed/data/box_flat_20000_images/data/raw_images/otc/cvs-44-057-1.jpg,16,451.5208740234375,0x1.c385580000000p+8,False,False,False,CHALLENGER,79,-2.3166298922888693,-0x1.2887540c28898p+1,-2.3166298922888693,-0x1.2887540c28898p+1,0.0012480965732422618,0.013688118248257662,0.09118101923185314,0.0008051134037738599,0.0008758990404096973,0.00044298316946840186,0.00037219753283256453,-1.3013605522390803,0.0,-0.5540448596257511,-1.762585032663118,False,13,-1.3440399539435077,-0x1.5813009eb4680p+0,-0.5540448596257511,-0x1.1babc4913811fp-1,0.41222350421960635,-0.34904553387405945,-0x1.656c3143373d8p-2,0.34879977800512013,0x1.652bc4dd8944bp-2,-0.999295920316723,-0.1576059110552458,-0x1.42c6e34d1bc84p-3,-0.5094497920974231,-0x1.04d69a68065d7p-1,3.232428204541421,-0.20258410672800092,-0x1.9ee46a88b068ep-3,-0.3163369646189749,-0x1.43edd65637b65p-2,1.561509289787002,-0.0813696990215611,-0x1.4d4a5042ed700p-4,-0.011205153005213667,-0x1.6f2ba2da1eed5p-7,0.13770670335458116,-0.43870255880381054,-0x1.c13b3e5aef7f1p-2,0.026967651292453952,0x1.b9d6871677246p-6,-0.061471379072840074,-1.3013605522390803
H593-d4fd56aea7e4dc41f9436c8f,OUTCOME-0108,81,4275,/hkfs/work/workspace/scratch/ap7811-benchmark/dailymed/data/box_flat_20000_images/data/raw_images/otc/cvs-44-068-1.jpg,7,458.9864807128906,0x1.cafc8a0000000p+8,False,False,False,CHALLENGER,80,-3.5620662420168916,-0x1.c7f1c95fd2f74p+1,-3.5620662420168916,-0x1.c7f1c95fd2f74p+1,0.0001169937226672104,0.006618132858981186,0.017677753704875114,0.00011266376250148501,8.10446458644241e-05,4.329960165725389e-06,3.59490768027863e-05,-1.3013605522390803,0.0,-0.3394894498282377,-3.222576792188654,False,42,-0.8235567510177183,-0x1.a5a93b000acf9p-1,-0.3394894498282377,-0x1.5ba31f5165b28p-2,0.41222350421960635,-0.9134522079509143,-0x1.d3b001ff3761dp-1,0.9128090648096515,0x1.d35bb5b1b318bp-1,-0.999295920316723,-0.4794640536411098,-0x1.eaf89ff7fc106p-2,-1.5498331300532842,-0x1.8cc1dd2fd60f4p+0,3.232428204541421,-0.7721762594748617,-0x1.8b5aafca62605p-1,-1.2057604025229751,-0x1.34acb6b7a5e1ap+0,1.561509289787002,-0.9835296814609404,-0x1.f79133d10a424p-1,-0.1354386300853674,-0x1.1560d936a74f9p-3,0.13770670335458116,-0.9273723603118103,-0x1.dad08ccd81d1cp-1,0.05700685790240172,0x1.d3000bcad5466p-5,-0.061471379072840074,-1.3013605522390803
H593-d4fd56aea7e4dc41f9436c8f,OUTCOME-0108,82,4276,/hkfs/work/workspace/scratch/ap7811-benchmark/dailymed/data/box_flat_20000_images/data/raw_images/otc/cvs-44-072-1.jpg,13,454.27935791015625,0x1.c647840000000p+8,False,False,False,CHALLENGER,81,-3.9065576562433355,-0x1.f40a14cec073ep+1,-3.9065576562433355,-0x1.f40a14cec073ep+1,4.1907811316514876e-05,0.006336297348646007,0.006613927505386105,4.198336003704625e-05,4.429484645575544e-05,-7.554872053137603e-08,-2.3870351392405665e-06,-1.3013605522390803,0.0,-0.4747682964000324,-3.431789359843303,False,64,-1.1517254390887575,-0x1.26d77a76db821p+0,-0.4747682964000324,-0x1.e629a908dcf3cp-2,0.41222350421960635,-0.9681124823239329,-0x1.efac7074dc80cp-1,0.9674308539940017,0x1.ef5318ce17576p-1,-0.999295920316723,-0.496045629428973,-0x1.fbf362aee27b8p-2,-1.6034318833057144,-0x1.9a7a830c29674p+0,3.232428204541421,-0.9082190310913776,-0x1.d10215b848d82p-1,-1.4181924542105362,-0x1.6b0ea92244aacp+0,1.561509289787002,-0.9999999980825837,-0x1.ffffffef878e9p-1,-0.13770670309054006,-0x1.1a05f8d1b5f7ep-3,0.13770670335458116,-0.9999999989544056,-0x1.fffffff704b6bp-1,0.061471379008565946,0x1.f792d34f6b004p-5,-0.061471379072840074,-1.3013605522390803
H593-d4fd56aea7e4dc41f9436c8f,OUTCOME-0108,83,4277,/hkfs/work/workspace/scratch/ap7811-benchmark/dailymed/data/box_flat_20000_images/data/raw_images/otc/cvs-44-075-1.jpg,37,443.3250732421875,0x1.bb53380000000p+8,False,False,False,CHALLENGER,82,-3.618359386035525,-0x1.cf26667e193e8p+1,-3.618359386035525,-0x1.cf26667e193e8p+1,0.00017310649716837103,0.008919506337637195,0.019407632061196278,0.00016228952119091037,0.00015317997331856854,1.081697597746066e-05,1.9926523849802483e-05,-1.3013605522390803,0.0,-0.7895854484065787,-2.8287739376289465,False,45,-1.915430440826921,-0x1.ea59a63d1d4f2p+0,-0.7895854484065787,-0x1.94448b3c9b854p-1,0.41222350421960635,-0.8745457914201364,-0x1.bfc4774a02024p-1,0.8739300414963022,0x1.bf73c2266fe49p-1,-0.999295920316723,-0.35667797569307336,-0x1.6d3cfdc3388f0p-2,-1.1529359485690298,-0x1.2726cf717c99cp+0,3.232428204541421,-0.7526396097044309,-0x1.8159fa9ab59fdp-1,-1.1752537424151321,-0x1.2cdd6de42cb2ap+0,1.561509289787002,-0.9593558040180064,-0x1.eb30af16f8620p-1,-0.1321097251154033,-0x1.0e8f8b26d56a8p-3,0.13770670335458116,-0.9590803086349722,-0x1.eb0c92ffa64b2p-1,0.05895598921339683,0x1.e2f7abb26551ep-5,-0.061471379072840074,-1.3013605522390803
H593-d4fd56aea7e4dc41f9436c8f,OUTCOME-0108,84,4278,/hkfs/work/workspace/scratch/ap7811-benchmark/dailymed/data/box_flat_20000_images/data/raw_images/otc/cvs-44-079-delisted-1.jpg,26,448.2780456542969,0x1.c0472e0000000p+8,False,False,False,CHALLENGER,83,-2.055197197865864,-0x1.0710b3a7d515cp+1,-2.055197197865864,-0x1.0710b3a7d515cp+1,0.00045332219665008443,0.025117844828824214,0.018047814202987286,0.00044596514816356105,0.00044995297586825057,7.357048486523381e-06,3.36922078183387e-06,-1.3013605522390803,4.440892098500626e-16,-0.6472410858114807,-1.407956112054383,False,6,-1.5701217402360248,-0x1.91f37f950d65cp+0,-0.6472410858114807,-0x1.4b632f00602c7p-1,0.41222350421960635,-0.7017511082074428,-0x1.674bebd75d8e0p-1,0.7012570195094368,0x1.670b28f9c4558p-1,-0.999295920316723,0.14359516481538895,0x1.261538c5f7735p-3,0.46416106078503716,0x1.db4d098097f6ep-2,3.232428204541421,-0.7679603899335059,-0x1.89321aaec68fcp-1,-1.199177283069618,-0x1.32fd484ce3e07p+0,1.561509289787002,-0.9721754253232713,-0x1.f1c0fa337a07cp-1,-0.13387507290360548,-0x1.122d181ef6fddp-3,0.13770670335458116,-0.9929615503032548,-0x1.fc6574d179d31p-1,0.061038715863446336,0x1.f407770d8bfd0p-5,-0.061471379072840074,-1.3013605522390803
H593-d4fd56aea7e4dc41f9436c8f,OUTCOME-0108,85,4279,/hkfs/work/workspace/scratch/ap7811-benchmark/dailymed/data/box_flat_20000_images/data/raw_images/otc/cvs-44-097-1.jpg,33,445.3128662109375,0x1.bd50180000000p+8,False,False,False,CHALLENGER,84,-2.292466696491089,-0x1.256f8c784c97ep+1,-2.292466696491089,-0x1.256f8c784c97ep+1,0.0003745418245920796,0.02263275083569557,0.016548665573667944,0.00037051343949434814,0.000349486338556359,4.028385097731477e-06,2.5055486035720632e-05,-1.3013605522390803,0.0,-0.7324579097156791,-1.5600087867754098,False,12,-1.7768465461529634,-0x1.c6df6a4dbccefp+0,-0.7324579097156791,-0x1.7704b91fd9c92p-1,0.41222350421960635,-0.7470261961563756,-0x1.7e7a37b37e6b8p-1,0.7465002301887862,0x1.7e3547363c0fep-1,-0.999295920316723,0.09224129403149867,0x1.79d201d34bcdcp-4,0.29816336045081454,0x1.3151bc6801bfdp-2,3.232428204541421,-0.7851644296564486,-0x1.92011276b6c0cp-1,-1.2260415509188576,-0x1.39dddbecbbce0p+0,1.561509289787002,-0.9846680197863878,-0x1.f826681ccc9a9p-1,-0.13559538690346695,-0x1.15b308c1e92e0p-3,0.13770670335458116,-0.9488173769012463,-0x1.e5cb642755b01p-1,0.05832511264639429,0x1.ddcca06b41c71p-5,-0.061471379072840074,-1.3013605522390803
H593-d4fd56aea7e4dc41f9436c8f,OUTCOME-0108,86,4280,/hkfs/work/workspace/scratch/ap7811-benchmark/dailymed/data/box_flat_20000_images/data/raw_images/otc/cvs-44-098-1.jpg,24,448.70587158203125,0x1.c0b4b40000000p+8,False,False,False,CHALLENGER,85,-1.6419048606314843,-0x1.a453e07f8e3ffp+0,-1.6419048606314843,-0x1.a453e07f8e3ffp+0,0.0006420662032181883,0.03420041264230308,0.018773639076623466,0.0006084372199655677,0.0008648354451238854,3.3628983252620664e-05,-0.00022276924190569713,-1.3013605522390803,0.0,-0.634945719732696,-1.0069591408987884,False,4,-1.5402947993825151,-0x1.8a50c28d8bfa0p+0,-0.634945719732696,-0x1.45179af9f966ap-1,0.41222350421960635,-0.602267818570537,-0x1.345c7290632f0p-1,0.60184377403559,0x1.3424ddfd91720p-1,-0.999295920316723,0.2903277066460921,0x1.294baa94ababcp-2,0.9384634675226559,0x1.e07e489b004a1p-1,3.232428204541421,-0.7597495002431511,-0x1.84fde2f164b30p-1,-1.1863559025407127,-0x1.2fb5053ad4346p+0,1.561509289787002,-0.878833809464063,-0x1.c1f6814c88d47p-1,-0.12102130669784422,-0x1.efb409a62ecdcp-4,0.13770670335458116,-0.9999999991502206,-0x1.fffffff8b350cp-1,0.06147137902060296,0x1.f792d35112841p-5,-0.061471379072840074,-1.3013605522390803
H593-d4fd56aea7e4dc41f9436c8f,OUTCOME-0108,87,4281,/hkfs/work/workspace/scratch/ap7811-benchmark/dailymed/data/box_flat_20000_images/data/raw_images/otc/cvs-44-112-1.jpg,69,430.2247314453125,0x1.ae39880000000p+8,False,False,False,CHALLENGER,86,-3.3606494154333966,-0x1.ae29c2924dd18p+1,-3.3606494154333966,-0x1.ae29c2924dd18p+1,0.00021889913941788456,0.014492797505005324,0.015103994887273087,0.00019437623655661271,0.0002092288483092733,2.452290286127185e-05,9.670291108611264e-06,-1.3013605522390803,4.440892098500626e-16,-1.1660785211915183,-2.1945708942418785,False,32,-2.828753113918284,-0x1.6a1495005e5c5p+1,-1.1660785211915183,-0x1.2a841f3915eadp+0,0.41222350421960635,-0.8439482659397615,-0x1.b019fcb37451cp-1,0.8433540591119764,0x1.afcc1a6dab698p-1,-0.999295920316723,-0.12963525764946596,-0x1.097e35c01a9a9p-3,-0.4190366631291278,-0x1.ad17f26fdbb90p-2,3.232428204541421,-0.8020630817206856,-0x1.9aa80322a37dfp-1,-1.252428953102042,-0x1.409f2f1223049p+0,1.561509289787002,-0.9101696343649006,-0x1.d201c11ad1ad6p-1,-0.12533645984183497,-0x1.00b066e023049p-3,0.13770670335458116,-0.9799304304992403,-0x1.f5b970feb2e99p-1,0.06023767495823017,0x1.ed778f7dd87cep-5,-0.061471379072840074,-1.3013605522390803
H593-d4fd56aea7e4dc41f9436c8f,OUTCOME-0108,88,4282,/hkfs/work/workspace/scratch/ap7811-benchmark/dailymed/data/box_flat_20000_images/data/raw_images/otc/cvs-44-194-1.jpg,47,439.4341735839844,0x1.b76f260000000p+8,False,False,False,CHALLENGER,87,-4.063084447667303,-0x1.04099359e781bp+2,-4.063084447667303,-0x1.04099359e781bp+2,0.00010266346450600875,0.007222588962611641,0.014214219449210676,0.00010144150554333896,0.00011716803604773939,1.2219589626697916e-06,-1.4504571541730646e-05,-1.3013605522390803,-8.881784197001252e-16,-0.9014067116169941,-3.1616777360503088,False,73,-2.1866941171233707,-0x1.17e597c3b342ap+1,-0.9014067116169941,-0x1.cd852e35946cep-1,0.41222350421960635,-0.9236485212760528,-0x1.d8e8757fc241ap-1,0.9229981991177335,0x1.d893384ef482fp-1,-0.999295920316723,-0.44511209131655705,-0x1.c7cb76cd08fd2p-2,-1.4387928781540555,-0x1.7054bae563ae8p+0,3.232428204541421,-0.8126311309149742,-0x1.a0113005fb8cdp-1,-1.2689310600938495,-0x1.44d8aa7bfb505p+0,1.561509289787002,-0.9953242678208889,-0x1.fd9b24766966ep-1,-0.13706282369042683,-0x1.18b464c9fb7d2p-3,0.13770670335458116,-0.9999999989674876,-0x1.fffffff7217b3p-1,0.061471379009370115,0x1.f792d34f874b9p-5,-0.061471379072840074,-1.3013605522390803
H593-d4fd56aea7e4dc41f9436c8f,OUTCOME-0108,89,4284,/hkfs/work/workspace/scratch/ap7811-benchmark/dailymed/data/box_flat_20000_images/data/raw_images/otc/cvs-44-327-1.jpg,52,436.0126953125,0x1.b403400000000p+8,False,False,False,CHALLENGER,88,-4.112972579792326,-0x1.073af157e360fp+2,-4.112972579792326,-0x1.073af157e360fp+2,0.00016037959987286334,0.006758694010880083,0.023729377245764603,0.00014386822607584417,0.00015051220684572105,1.6511373797019167e-05,9.86739302714229e-06,-1.3013605522390803,0.0,-0.9997371893916533,-3.113235390400673,False,76,-2.4252309224440953,-0x1.366df78492994p+1,-0.9997371893916533,-0x1.ffdd8d8a1070ap-1,0.41222350421960635,-0.8832307539055898,-0x1.c436d245b11e1p-1,0.8826088890761195,0x1.c3e54ff37b4d6p-1,-0.999295920316723,-0.47133086395187224,-0x1.e2a48ed9132a7p-2,-1.5235431783089073,-0x1.8606ecfce1728p+0,3.232428204541421,-0.7056631761579071,-0x1.694caf0f2decep-1,-1.1018996050311736,-0x1.1a1617af158eap+0,1.561509289787002,-0.9386161131708312,-0x1.e0924a8b227c5p-1,-0.12925373066024562,-0x1.08b62e1092f05p-3,0.13770670335458116,-0.9795255559707887,-0x1.f5845fa8fb444p-1,0.06021278676261478,0x1.ed435dbe49562p-5,-0.061471379072840074,-1.3013605522390803
H593-d4fd56aea7e4dc41f9436c8f,OUTCOME-0108,90,4285,/hkfs/work/workspace/scratch/ap7811-benchmark/dailymed/data/box_flat_20000_images/data/raw_images/otc/cvs-44-334b-h-1.jpg,99,421.13885498046875,0x1.a5238c0000000p+8,False,False,False,CHALLENGER,89,-5.077376136378754,-0x1.44f3bb09cf349p+2,-5.077376136378754,-0x1.44f3bb09cf349p+2,4.801722903407363e-05,0.004983146417378505,0.009635925781071905,4.8207468147055234e-05,5.372912357035376e-05,-1.902391129816018e-07,-5.711894536280126e-06,-1.3013605522390803,0.0,-1.4271991547012022,-3.650176981677552,False,124,-3.4621974246788256,-0x1.bb294903a53edp+1,-1.4271991547012022,-0x1.6d5cec7e520cdp+0,0.41222350421960635,-0.9635485709717109,-0x1.ed563d00dcb06p-1,0.9628701559990391,0x1.ecfd512c9ede8p-1,-0.999295920316723,-0.5811278673576178,-0x1.2989978230bd5p-1,-1.8784541088917697,-0x1.e0e25e54ba1afp+0,3.232428204541421,-0.8690291894766968,-0x1.bcf164d824c30p-1,-1.3569971524639308,-0x1.5b642a5699037p+0,1.561509289787002,-0.9999999980830052,-0x1.ffffffef887bep-1,-0.13770670309059813,-0x1.1a05f8d1b67aap-3,0.13770670335458116,-0.9999999989580279,-0x1.fffffff70cadep-1,0.061471379008788615,0x1.f792d34f72d5ep-5,-0.061471379072840074,-1.3013605522390803
H593-d4fd56aea7e4dc41f9436c8f,OUTCOME-0108,91,4287,/hkfs/work/workspace/scratch/ap7811-benchmark/dailymed/data/box_flat_20000_images/data/raw_images/otc/cvs-44-367-1.jpg,36,443.47607421875,0x1.bb79e00000000p+8,False,False,False,CHALLENGER,90,-3.5501383749110005,-0x1.c66aef2c42380p+1,-3.5501383749110005,-0x1.c66aef2c42380p+1,0.00014082134006497535,0.009805024284132456,0.01436216127407941,0.00015271549956605613,0.00016782095635248137,-1.1894159501080778e-05,-2.6999616287506017e-05,-1.3013605522390803,-4.440892098500626e-16,-0.785245804255225,-2.7648925706557756,False,41,-1.904903034924705,-0x1.e7a7b9ad0d814p+0,-0.785245804255225,-0x1.920bbcf131dfap-1,0.41222350421960635,-0.8967354973023579,-0x1.cb20ea4426df7p-1,0.896104124057434,0x1.cace28e5465a1p-1,-0.999295920316723,-0.31469436609619855,-0x1.423f3d6a79789p-2,-1.0172269447796358,-0x1.0468fc2c7043cp+0,3.232428204541421,-0.8108654120021235,-0x1.9f29c054036c6p-1,-1.2661738736082806,-0x1.4423f892327bep+0,1.561509289787002,-0.9999999981250718,-0x1.ffffffefe4fd4p-1,-0.13770670309639096,-0x1.1a05f8d1e96efp-3,0.13770670335458116,-0.9999999989806386,-0x1.fffffff73e669p-1,0.061471379010178524,0x1.f792d34fa3bd1p-5,-0.061471379072840074,-1.3013605522390803
H593-d4fd56aea7e4dc41f9436c8f,OUTCOME-0108,92,4289,/hkfs/work/workspace/scratch/ap7811-benchmark/dailymed/data/box_flat_20000_images/data/raw_images/otc/cvs-44-390-1.jpg,79,427.374755859375,0x1.ab5ff00000000p+8,False,False,False,CHALLENGER,91,-3.816017070309573,-0x1.e8733f52fa8a6p+1,-3.816017070309573,-0x1.e8733f52fa8a6p+1,0.0003332572296696255,0.009922289267335448,0.033586727890177616,0.0003345050795930119,0.00021767907846681933,-1.2478499233864004e-06,0.00011557815120280616,-1.3013605522390803,4.440892098500626e-16,-1.2479844807724834,-2.5680325895370895,False,57,-3.0274461984769236,-0x1.83835b666dd01p+1,-1.2479844807724834,-0x1.3f7be932d556ep+0,0.41222350421960635,-0.771728094643556,-0x1.8b1ff1dfcc03bp-1,0.7711847365711033,0x1.8ad8b9cd7e996p-1,-0.999295920316723,-0.30932871202215595,-0x1.3cc0aa7765564p-2,-0.9998828532148879,-0x1.fff0a534c739bp-1,3.232428204541421,-0.6073953868905554,-0x1.36fc8734df55fp-1,-0.9484535392033724,-0x1.e59bb3c94ed10p-1,1.561509289787002,-0.9999999980868839,-0x1.ffffffef91036p-1,-0.13770670309113225,-0x1.1a05f8d1bb2d6p-3,0.13770670335458116,-0.7838822288854382,-0x1.915902f1f503bp-1,0.04818632164027956,0x1.8abe0a71e7bbdp-5,-0.061471379072840074,-1.3013605522390803
H593-d4fd56aea7e4dc41f9436c8f,OUTCOME-0108,93,4293,/hkfs/work/workspace/scratch/ap7811-benchmark/dailymed/data/box_flat_20000_images/data/raw_images/otc/cvs-44-417backandmuscle-1.jpg,93,422.1814270019531,0x1.a62e720000000p+8,False,False,False,CHALLENGER,92,-5.052254579449478,-0x1.43582397734fcp+2,-5.052254579449478,-0x1.43582397734fcp+2,6.147577686501239e-05,0.004716464317522467,0.013034292793569841,6.405011456459648e-05,3.9108136447070404e-05,-2.574337699584096e-06,2.2367640417941982e-05,-1.3013605522390803,0.0,-1.3972364903635517,-3.6550180890859263,False,123,-3.3895119420924464,-0x1.b1db86fe5820ep+1,-1.3972364903635517,-0x1.65b14a66e3a77p+0,0.41222350421960635,-0.953568941684423,-0x1.e83a30360827bp-1,0.952897553165979,0x1.e7e2302692961p-1,-0.999295920316723,-0.5990505862525285,-0x1.32b6c229355e9p-1,-1.9363880109497464,-0x1.efb71feb65496p+0,3.232428204541421,-0.8268380360795121,-0x1.a75750a819ca7p-1,-1.2911152744873986,-0x1.4a8687d74a18cp+0,1.561509289787002,-0.9999999980917266,-0x1.ffffffef9ba99p-1,-0.1377067030917991,-0x1.1a05f8d1c10b0p-3,0.13770670335458116,-0.9541822454742109,-0x1.e88a9345789dfp-1,0.05865489851611896,0x1.e0803cdc0fcf3p-5,-0.061471379072840074,-1.3013605522390803
H593-d4fd56aea7e4dc41f9436c8f,OUTCOME-0108,94,4297,/hkfs/work/workspace/scratch/ap7811-benchmark/dailymed/data/box_flat_20000_images/data/raw_images/otc/cvs-44-453485-1.jpg,95,421.96112060546875,0x1.a5f60c0000000p+8,False,False,False,CHALLENGER,93,-2.3762657087216654,-0x1.30297988c86cap+1,-2.3762657087216654,-0x1.30297988c86cap+1,0.0005541379832988592,0.035520626692873564,0.015600456267007104,0.0005398858548629058,0.0006124061056494561,1.4252128435953467e-05,-5.8268122350596877e-05,-1.3013605522390803,0.0,-1.4035679154097567,-0.9726977933119088,False,14,-3.404871146459483,-0x1.b3d2d1569199dp+1,-1.4035679154097567,-0x1.67503a1666594p+0,0.41222350421960635,-0.6471254018231406,-0x1.4b54054a7b84dp-1,0.6466697739751844,0x1.4b184cf511fc7p-1,-0.999295920316723,0.30757247461318593,0x1.3af4475e74256p-2,0.9942059418802625,0x1.fd088fabbaad6p-1,3.232428204541421,-0.7962198924994919,-0x1.97aa223d6b7f0p-1,-1.2433047588511645,-0x1.3e49387e3a175p+0,1.561509289787002,-0.946791796718205,-0x1.e4c1e4f60d31dp-1,-0.13037957708922476,-0x1.0b04729d50f5cp-3,0.13770670335458116,-0.999999999012126,-0x1.fffffff783a46p-1,0.061471379012114094,0x1.f792d34fe7d72p-5,-0.061471379072840074,-1.3013605522390803
H593-d4fd56aea7e4dc41f9436c8f,OUTCOME-0108,95,4303,/hkfs/work/workspace/scratch/ap7811-benchmark/dailymed/data/box_flat_20000_images/data/raw_images/otc/cvs-44-503a473c-1.jpg,117,415.2869873046875,0x1.9f49780000000p+8,False,False,False,CHALLENGER,94,-3.101983538107258,-0x1.8d0dcbec73556p+1,-3.101983538107258,-0x1.8d0dcbec73556p+1,0.00038546252674785713,0.02342316417017515,0.01645646693791562,0.0003717010325332937,0.0003733131562545445,1.3761494214563417e-05,1.2149370493312606e-05,-1.3013605522390803,0.0,-1.595377029519041,-1.506606508588217,False,26,-3.8701748279475257,-0x1.ef61e385eb247p+1,-1.595377029519041,-0x1.986aa10692ebap+0,0.41222350421960635,-0.740606766222808,-0x1.7b30cf603f1e4p-1,0.7400853200454129,0x1.7aec768bb0820p-1,-0.999295920316723,0.10923041435452815,0x1.bf6864161981ep-4,0.3530794721533229,0x1.698daa47265d2p-2,3.232428204541421,-0.7862334252641727,-0x1.928d30011038ap-1,-1.2277107974910602,-0x1.3a4b413c2b911p+0,1.561509289787002,-0.9485764100497066,-0x1.e5abcea5d755bp-1,-0.1306253303078685,-0x1.0b854b0d9ca84p-3,0.13770670335458116,-0.9748500872259285,-0x1.f31f8cf646b66p-1,0.05992537925105626,0x1.eae8a102ad894p-5,-0.061471379072840074,-1.3013605522390803
H593-d4fd56aea7e4dc41f9436c8f,OUTCOME-0108,96,4305,/hkfs/work/workspace/scratch/ap7811-benchmark/dailymed/data/box_flat_20000_images/data/raw_images/otc/cvs-44-527-1.jpg,73,429.3327331542969,0x1.ad552e0000000p+8,False,False,False,CHALLENGER,95,-4.147601018440714,-0x1.09724b8ac3c94p+2,-4.147601018440714,-0x1.09724b8ac3c94p+2,0.00011037702333688244,0.008639436353846452,0.012775951904286018,0.00010548858196797874,7.287407888791166e-05,4.8884413689037035e-06,3.750294444897078e-05,-1.3013605522390803,8.881784197001252e-16,-1.191713820079941,-2.955887198360773,False,77,-2.8909409771187433,-0x1.720a5a9bb215bp+1,-1.191713820079941,-0x1.3114282b6f405p+0,0.41222350421960635,-0.9181466788336409,-0x1.d617524d0b027p-1,0.9175002304108059,0x1.d5c297175fae3p-1,-0.999295920316723,-0.37052032011404484,-0x1.7b69adc592b65p-2,-1.1976803330923547,-0x1.329b2da5b1ad4p+0,3.232428204541421,-0.8299783577660563,-0x1.a8f2ec5dfc6a7p-1,-1.2960189159738569,-0x1.4bc7e54b1ae70p+0,1.561509289787002,-0.9814250586967588,-0x1.f67d586527a8cp-1,-0.13514880942270696,-0x1.14c8e62482caap-3,0.13770670335458116,-0.9243518335433751,-0x1.d944a4be22036p-1,0.05682118195641958,0x1.d17aa7c721e4cp-5,-0.061471379072840074,-1.3013605522390803
H593-d4fd56aea7e4dc41f9436c8f,OUTCOME-0108,97,4306,/hkfs/work/workspace/scratch/ap7811-benchmark/dailymed/data/box_flat_20000_images/data/raw_images/otc/cvs-44-531c-1.jpg,76,428.14532470703125,0x1.ac25340000000p+8,False,False,False,CHALLENGER,96,-4.295180958898096,-0x1.12e43ead37a1bp+2,-4.295180958898096,-0x1.12e43ead37a1bp+2,0.00012087550066947267,0.007653529040198912,0.015793433334425705,0.00011957392972612275,0.00018029375617974942,1.3015709433499234e-06,-5.941825551027675e-05,-1.3013605522390803,8.881784197001252e-16,-1.2258389644382715,-3.069341994459825,False,92,-2.973724088729358,-0x1.7ca2fdae35c26p+1,-1.2258389644382715,-0x1.39d095166cc52p+0,0.41222350421960635,-0.9107088110977523,-0x1.d2486cdfb0121p-1,0.910067599526477,0x1.d1f461623b1b7p-1,-0.999295920316723,-0.4215794653102311,-0x1.afb28700b0c07p-2,-1.3627253541242828,-0x1.5cdb919d64d0fp+0,3.232428204541421,-0.7939588294889628,-0x1.9681c58e0d130p-1,-1.2397740879554298,-0x1.3d61d5aa32616p+0,1.561509289787002,-0.9950203972778083,-0x1.fd735042527d9p-1,-0.13702097867969265,-0x1.189e74725c8e4p-3,0.13770670335458116,-0.9999999990132472,-0x1.fffffff7861b9p-1,0.06147137901218302,0x1.f792d34fea43fp-5,-0.061471379072840074,-1.3013605522390803
H593-d4fd56aea7e4dc41f9436c8f,OUTCOME-0108,98,4310,/hkfs/work/workspace/scratch/ap7811-benchmark/dailymed/data/box_flat_20000_images/data/raw_images/otc/cvs-44-596a-1.jpg,21,449.4557189941406,0x1.c174aa0000000p+8,False,False,False,CHALLENGER,97,-3.846840051311519,-0x1.ec65413aa9b84p+1,-3.846840051311519,-0x1.ec65413aa9b84p+1,0.00018673047143875394,0.005337732290772165,0.03498310916820844,0.00015432594941383127,0.00014502849124289953,3.2404522024922675e-05,4.1701980195854414e-05,-1.3013605522390803,4.440892098500626e-16,-0.6133957204515903,-3.2334443308599283,False,62,-1.48801733567529,-0x1.7ceeb4409b3eap+0,-0.6133957204515903,-0x1.3a0f00fdb11eep-1,0.41222350421960635,-0.8653369925526418,-0x1.bb0d734610affp-1,0.8647277263569975,0x1.babd97b14ba4cp-1,-0.999295920316723,-0.5579105640034665,-0x1.1da67414f9c16p-1,-1.8034058426964168,-0x1.cdac015bcbe2ep+0,3.232428204541421,-0.5943830769188323,-0x1.3052fa895310cp-1,-0.9281346963009388,-0x1.db34788dca751p-1,1.561509289787002,-0.8829874621637026,-0x1.c416eec18ad2ep-1,-0.12159329251799145,-0x1.f20bceec719a0p-4,0.13770670335458116,-0.9162365866359103,-0x1.d51cf63dfff3ap-1,0.05632232653750112,0x1.cd647ad06c22ep-5,-0.061471379072840074,-1.3013605522390803
H593-d4fd56aea7e4dc41f9436c8f,OUTCOME-0108,99,4312,/hkfs/work/workspace/scratch/ap7811-benchmark/dailymed/data/box_flat_20000_images/data/raw_images/otc/cvs-44-615-1.jpg,82,427.2151184082031,0x1.ab37120000000p+8,False,False,False,CHALLENGER,98,-4.5859404397123384,-0x1.25800c547df98p+2,-4.5859404397123384,-0x1.25800c547df98p+2,9.211185892765438e-05,0.006225626393199988,0.014795596958446563,9.345261552756895e-05,6.492254863559578e-05,-1.3407565999145666e-06,2.7189310292058608e-05,-1.3013605522390803,0.0,-1.2525723301168104,-3.3333681095955283,False,106,-3.0385757175299735,-0x1.84f00c929b011p+1,-1.2525723301168104,-0x1.40a89489b9e95p+0,0.41222350421960635,-0.9312259730542787,-0x1.dcc9a696e8662p-1,0.9305703157661113,0x1.dc73b661b00bfp-1,-0.999295920316723,-0.5026589527144135,-0x1.015c83a5e6689p-1,-1.624808976019323,-0x1.9ff37b26400fcp+0,3.232428204541421,-0.8057120065546931,-0x1.9c8648bc4b3c5p-1,-1.2581267831280791,-0x1.421498cbc1bcap+0,1.561509289787002,-0.999999998087224,-0x1.ffffffef91c2dp-1,-0.13770670309117908,-0x1.1a05f8d1bb96dp-3,0.13770670335458116,-0.9445792495922142,-0x1.e39fe432f522dp-1,0.05806458911602182,0x1.dbaa44e9e341ap-5,-0.061471379072840074,-1.3013605522390803
H593-d4fd56aea7e4dc41f9436c8f,OUTCOME-0108,100,4321,/hkfs/work/workspace/scratch/ap7811-benchmark/dailymed/data/box_flat_20000_images/data/raw_images/otc/cvs-44-685-allergy-delisted-1.jpg,122,414.53875732421875,0x1.9e89ec0000000p+8,False,False,False,CHALLENGER,99,-3.2448381055365836,-0x1.9f56dae40c0f8p+1,-3.2448381055365836,-0x1.9f56dae40c0f8p+1,0.0005550231059770957,0.02065273724053849,0.02687406998466341,0.0005171958161418916,0.0004205776533986801,3.782728983520406e-05,0.00013444545257841557,-1.3013605522390803,0.0,-1.6168805451420984,-1.6279575603944851,False,27,-3.922339528414488,-0x1.f60f38bf2c94cp+1,-1.6168805451420984,-0x1.9debe226ec88fp+0,0.41222350421960635,-0.646661335303581,-0x1.4b1731cd6ee26p-1,0.646206034195433,0x1.4adb846eb1c9cp-1,-0.999295920316723,0.04669519258513064,0x1.7e86eaa112e7dp-5,0.15093885752866973,0x1.351f6e863ffabp-3,3.232428204541421,-0.6730336212853809,-0x1.5897dce10eee2p-1,-1.0509482519761093,-0x1.0d0af1d406980p+0,1.561509289787002,-0.8647302774983198,-0x1.babded4b6ebd5p-1,-0.11907915580518576,-0x1.e7bf8b7d18d3dp-4,0.13770670335458116,-0.7529602979451918,-0x1.8184031db8d6fp-1,0.04628550790178749,0x1.7b2bbed6f1109p-5,-0.061471379072840074,-1.3013605522390803
H593-d4fd56aea7e4dc41f9436c8f,OUTCOME-0108,101,4322,/hkfs/work/workspace/scratch/ap7811-benchmark/dailymed/data/box_flat_20000_images/data/raw_images/otc/cvs-44-685-sleep-aid-1.jpg,88,424.3829345703125,0x1.a862080000000p+8,False,False,False,CHALLENGER,100,-3.738077675986972,-0x1.de79544c22c80p+1,-3.738077675986972,-0x1.de79544c22c80p+1,0.00015402411917501244,0.012907410232170638,0.011932999447954342,0.0001536386484857107,0.00022350779528558813,3.8547068930173413e-07,-6.948367611057569e-05,-1.3013605522390803,0.0,-1.3339669694592469,-2.404110706527725,False,51,-3.2360284064457288,-0x1.9e362dc74e426p+1,-1.3339669694592469,-0x1.557edbfbc58dep+0,0.41222350421960635,-0.8875979959790947,-0x1.c6733e9973614p-1,0.8869730562632084,0x1.c621551a2ad3fp-1,-0.999295920316723,-0.1860997805545184,-0x1.7d21e1ba320a1p-3,-0.6015541795233944,-0x1.33fee8cfa6727p-1,3.232428204541421,-0.8403005699915876,-0x1.ae3be055d91a3p-1,-1.312137146255177,-0x1.4fe8385308629p+0,1.561509289787002,-0.9985226603820727,-0x1.ff3e5cb54fd46p-1,-0.13750326378606129,-0x1.199b4fa86f665p-3,0.13770670335458116,-0.9999999990229513,-0x1.fffffff79b728p-1,0.06147137901277955,0x1.f792d34fff410p-5,-0.061471379072840074,-1.3013605522390803
H593-d4fd56aea7e4dc41f9436c8f,OUTCOME-0108,102,4327,/hkfs/work/workspace/scratch/ap7811-benchmark/dailymed/data/box_flat_20000_images/data/raw_images/otc/cvs-allergy-relief-carton-image.jpg,38,441.8048095703125,0x1.b9ce080000000p+8,False,False,False,CHALLENGER,101,-4.568447340855261,-0x1.246170f49e2d4p+2,-4.568447340855261,-0x1.246170f49e2d4p+2,5.122773557385858e-05,0.004434933281004977,0.011550959693862661,4.8790160813071225e-05,4.4617650018391594e-05,2.4375747607873553e-06,6.610085555466987e-06,-1.3013605522390803,8.881784197001252e-16,-0.8332765787711367,-3.735170762084125,False,105,-2.021419376240177,-0x1.02bddec039e45p+1,-0.8332765787711367,-0x1.aaa33a4cb089ap-1,0.41222350421960635,-0.961158703803153,-0x1.ec1cfe5e3359ap-1,0.9604819714874003,0x1.ebc44affdf39fp-1,-0.999295920316723,-0.618417475658747,-0x1.3ca1372275590p-1,-1.9989900905006417,-0x1.ffbdd087ba744p+0,3.232428204541421,-0.8450172099751463,-0x1.b0a61882cd03ap-1,-1.3195022234060847,-0x1.51cae5d087468p+0,1.561509289787002,-0.990694451364663,-0x1.fb3c4d99e1395p-1,-0.13642526692910317,-0x1.1766215e77f2cp-3,0.13770670335458116,-0.9862378299915293,-0x1.f8f42a33c8834p-1,0.060625399503384504,0x1.f0a4ad85912bdp-5,-0.061471379072840074,-1.3013605522390803
H593-d4fd56aea7e4dc41f9436c8f,OUTCOME-0108,103,4329,/hkfs/work/workspace/scratch/ap7811-benchmark/dailymed/data/box_flat_20000_images/data/raw_images/otc/cvs-apap-muscle-24s-ifc.jpg,103,418.2568359375,0x1.a241c00000000p+8,False,False,False,CHALLENGER,102,-4.849291953477012,-0x1.365acca33c246p+2,-4.849291953477012,-0x1.365acca33c246p+2,8.31801201741119e-05,0.006315625191499627,0.013170528277400994,8.579760467254739e-05,6.135177117707825e-05,-2.6174844984354904e-06,2.1828348997033646e-05,-1.3013605522390803,0.0,-1.5100260169416095,-3.3392659365354023,False,113,-3.663124497959641,-0x1.d4e14377f4dfbp+1,-1.5100260169416095,-0x1.829110a6df943p+0,0.41222350421960635,-0.9376869551387007,-0x1.e018812c69bf7p-1,0.9370267488043137,0x1.dfc1f8532ef7dp-1,-0.999295920316723,-0.49727650308780913,-0x1.fd360d3753562p-2,-1.6074105940367633,-0x1.9b7f42bca1bfbp+0,3.232428204541421,-0.8251863310900881,-0x1.a67ed2a246bc7p-1,-1.2885361218024254,-0x1.49dd80d6db28bp+0,1.561509289787002,-0.9999999980918837,-0x1.ffffffef9c020p-1,-0.13770670309182076,-0x1.1a05f8d1c13bcp-3,0.13770670335458116,-0.9552622165966427,-0x1.e9182116c62b4p-1,0.058721285830373685,0x1.e10b76470e86ap-5,-0.061471379072840074,-1.3013605522390803
H593-d4fd56aea7e4dc41f9436c8f,OUTCOME-0108,104,4331,/hkfs/work/workspace/scratch/ap7811-benchmark/dailymed/data/box_flat_20000_images/data/raw_images/otc/cvs-childrens-cough-dm-carton-image.jpg,40,441.1473693847656,0x1.b925ba0000000p+8,False,False,False,CHALLENGER,103,-2.483439524114754,-0x1.3de158a8d5558p+1,-2.483439524114754,-0x1.3de158a8d5558p+1,0.0009357467656648863,0.018754825240015156,0.04989365422975971,0.0008848921962989503,0.0008354827239531492,5.085456936593604e-05,0.00010026404171173712,-1.3013605522390803,0.0,-0.8521708701924405,-1.6312686539223136,False,16,-2.067254441994308,-0x1.089bcb26702a0p+1,-0.8521708701924405,-0x1.b44fbd8429295p-1,0.41222350421960635,-0.4686753613011671,-0x1.dfec6f14eb013p-2,0.46834537650122243,0x1.df95ee2d38e40p-2,-0.999295920316723,-0.0014692227826237272,-0x1.8125df35271d8p-10,-0.004749157161307765,-0x1.373da2b0fe593p-8,3.232428204541421,-0.4675280731123815,-0x1.debfaddfeb15dp-2,-0.7300494294012003,-0x1.75c909ef7bb52p-1,1.561509289787002,-0.8222844244803947,-0x1.a50276ce4e949p-1,-0.11323407731501421,-0x1.cfce892dc583fp-4,0.13770670335458116,-0.8097945164705248,-0x1.9e9d6309712bdp-1,0.049779185693066864,0x1.97ca84d257ed5p-5,-0.061471379072840074,-1.3013605522390803
H593-d4fd56aea7e4dc41f9436c8f,OUTCOME-0108,105,4334,/hkfs/work/workspace/scratch/ap7811-benchmark/dailymed/data/box_flat_20000_images/data/raw_images/otc/cvs-hair-regrowth-treatment-carton-image.jpg,51,436.3712463378906,0x1.b45f0a0000000p+8,False,False,False,CHALLENGER,104,-4.246343771150494,-0x1.0fc418aa2a8a2p+2,-4.246343771150494,-0x1.0fc418aa2a8a2p+2,0.0001280478938604198,0.006226773442671897,0.020564084278851598,0.00012877430397832744,9.16383786555588e-05,-7.264101179076446e-07,3.640951520486099e-05,-1.3013605522390803,0.0,-0.9894327271575681,-3.256911043992926,False,87,-2.4002336524470995,-0x1.333adb38026c1p+1,-0.9894327271575681,-0x1.fa96ed2977babp-1,0.41222350421960635,-0.9056604555526762,-0x1.cfb2ba2bc2274p-1,0.9050227984259741,0x1.cf5f25f2bf779p-1,-0.999295920316723,-0.5025901090578742,-0x1.01537da364ae6p-1,-1.6245864438422213,-0x1.9fe4e5add3c8bp+0,3.232428204541421,-0.7398175143140024,-0x1.7ac95c79f92a8p-1,-1.1552319213484432,-0x1.27bd47797c9f7p+0,1.561509289787002,-0.9999999980849735,-0x1.ffffffef8ccffp-1,-0.1377067030908692,-0x1.1a05f8d1b8dd0p-3,0.13770670335458116,-0.9264763368043054,-0x1.da5b1b3e2f4b8p-1,0.05695177810171371,0x1.d28c890cab4a1p-5,-0.061471379072840074,-1.3013605522390803
H593-d4fd56aea7e4dc41f9436c8f,OUTCOME-0108,106,4335,/hkfs/work/workspace/scratch/ap7811-benchmark/dailymed/data/box_flat_20000_images/data/raw_images/otc/cvs-health-childrens-fluticasone-propionate-nasal-spray-carton-image.jpg,32,445.58648681640625,0x1.bd96240000000p+8,False,False,False,CHALLENGER,105,-0.8543492574624226,-0x1.b56d441053735p-1,-0.8543492574624226,-0x1.b56d441053735p-1,0.010170250558547287,0.05307664327562605,0.19161442643863816,0.009619694426119575,0.006593571642688441,0.0005505561324277118,0.003576678915858846,-1.3013605522390803,0.0,-0.7245942780541923,-0.12975497940823033,False,3,-1.7577704100738873,-0x1.c1fd3dd924d3bp+0,-0.7245942780541923,-0x1.72fe056e3914cp-1,0.41222350421960635,0.5944804958724251,0x1.305fbf5fc38c3p-1,-0.5940619342331769,-0x1.3028e2c6a8f57p-1,-0.999295920316723,0.47667574327670503,0x1.e81dafa0ae04cp-2,1.540820116988367,0x1.8a732feb7be2ep+0,3.232428204541421,0.16438815183051803,0x1.50aabc3fb216cp-3,0.25669362621427005,0x1.06dab1a6ba4e0p-2,1.561509289787002,0.027141902474834393,0x1.bcb163dec2ba1p-6,0.0037376219125809917,0x1.e9e5c7c239f1cp-9,0.13770670335458116,0.5788687123649265,0x1.28617ad891ea4p-1,-0.03558385805119123,-0x1.2380c2530d4aep-5,-0.061471379072840074,-1.3013605522390803
H593-d4fd56aea7e4dc41f9436c8f,OUTCOME-0108,107,4336,/hkfs/work/workspace/scratch/ap7811-benchmark/dailymed/data/box_flat_20000_images/data/raw_images/otc/cvs-health-maximum-strength-scalp-reliefanti-itch-1.jpg,54,435.6242370605469,0x1.b39fce0000000p+8,False,False,False,CHALLENGER,106,-3.3077697746836705,-0x1.a764fffe7b590p+1,-3.3077697746836705,-0x1.a764fffe7b590p+1,0.0005876854632924488,0.010811162771111807,0.05435913562071103,0.0005758351623460175,0.000546647204022125,1.1850300946431285e-05,4.103825927032382e-05,-1.3013605522390803,-4.440892098500626e-16,-1.0109011607745515,-2.296868613909119,False,29,-2.4523132485817887,-0x1.39e566891a681p+1,-1.0109011607745515,-0x1.02ca6b2103e00p+0,0.41222350421960635,-0.6297175680691373,-0x1.426a575125aebp-1,0.6292741967232571,0x1.42303a3e493f2p-1,-0.999295920316723,-0.27003832474164674,-0x1.1484ed35ba5e5p-2,-0.8728794972020144,-0x1.beea0fbba9c44p-1,3.232428204541421,-0.4333734846076507,-0x1.bbc6423d5fa94p-2,-0.6767167221622109,-0x1.5a7a9d3caf9f9p-1,1.561509289787002,-0.9555594159892663,-0x1.e93f15721e159p-1,-0.1315869370353107,-0x1.0d7d73b92e052p-3,0.13770670335458116,-0.917514766333918,-0x1.d5c47ed600a52p-1,0.05640089800624056,0x1.ce09418cdbd4bp-5,-0.061471379072840074,-1.3013605522390803
H593-d4fd56aea7e4dc41f9436c8f,OUTCOME-0108,108,4337,/hkfs/work/workspace/scratch/ap7811-benchmark/dailymed/data/box_flat_20000_images/data/raw_images/otc/cvs-health-maximum-strength-therapeutic-dandruff-a-1.jpg,112,415.71728515625,0x1.9fb7a00000000p+8,False,False,False,CHALLENGER,107,-3.055595018383128,-0x1.871dbcd0e355cp+1,-3.055595018383128,-0x1.871dbcd0e355cp+1,0.002348644535509459,0.015933789033970535,0.14740025304101825,0.0020062725256236357,0.001906521586076978,0.00034237200988582314,0.00044212294943248086,-1.3013605522390803,0.0,-1.5830106223779565,-1.4725843960051717,False,24,-3.8401755508211624,-0x1.eb8adf58d67cap+1,-1.5830106223779565,-0x1.95402f24557c6p+0,0.41222350421960635,-0.048209696266412125,-0x1.8aef0f9a0f04ep-5,0.04817575279873399,0x1.8aa7e057623f1p-5,-0.999295920316723,-0.08278388893680465,-0x1.531532f9e889fp-4,-0.26759297748095184,-0x1.1203e4bbae081p-2,3.232428204541421,0.03471273069003126,0x1.1c5ddf62317a5p-5,0.054204251446358175,0x1.bc0a8de88546bp-5,1.561509289787002,-0.20731769595646,-0x1.a8962e201edb8p-3,-0.028549036457231485,-0x1.d3bf567aa1b9bp-6,0.13770670335458116,-0.3666448722468599,-0x1.7771c0de2f795p-2,0.022538165926999743,0x1.7143eb645ec9dp-6,-0.061471379072840074,-1.3013605522390803
H593-d4fd56aea7e4dc41f9436c8f,OUTCOME-0108,109,4342,/hkfs/work/workspace/scratch/ap7811-benchmark/dailymed/data/box_flat_20000_images/data/raw_images/otc/cvs-mucus-relief-dm-carton-image.jpg,23,449.04754638671875,0x1.c10c2c0000000p+8,False,False,False,CHALLENGER,108,-3.543526060250205,-0x1.c592430ea6308p+1,-3.543526060250205,-0x1.c592430ea6308p+1,0.00018284755018181675,0.00810887598451313,0.02254906235229533,0.0001831043938221512,0.00017019678005480906,-2.5684364033444983e-07,1.2650770127007693e-05,-1.3013605522390803,0.0,-0.6251262662325837,-2.918399794017621,False,40,-1.5164740967791985,-0x1.8437a57ae5d60p+0,-0.6251262662325837,-0x1.40108ccaadd7bp-1,0.41222350421960635,-0.8679523285464532,-0x1.bc643f6330292p-1,0.8673412209458706,0x1.bc142604ded5cp-1,-0.999295920316723,-0.3975327156411367,-0x1.9712d0f313332p-2,-1.2849959622663547,-0x1.48f57ed16d113p+0,3.232428204541421,-0.7182411376998692,-0x1.6fbd4d6a20238p-1,-1.121540208825531,-0x1.1f1d42560dfeap+0,1.561509289787002,-0.9999999980832499,-0x1.ffffffef8905ap-1,-0.13770670309063182,-0x1.1a05f8d1b6c68p-3,0.13770670335458116,-0.973825743964079,-0x1.f29949b4a83ccp-1,0.0598624114581064,0x1.ea64936f1cc69p-5,-0.061471379072840074,-1.3013605522390803
H593-d4fd56aea7e4dc41f9436c8f,OUTCOME-0108,110,4343,/hkfs/work/workspace/scratch/ap7811-benchmark/dailymed/data/box_flat_20000_images/data/raw_images/otc/cvs-nicotine-lozenge-mint-carton-image.jpg,65,430.65350341796875,0x1.aea74c0000000p+8,False,False,False,CHALLENGER,109,-3.424335840822648,-0x1.b650a3076d4dcp+1,-3.424335840822648,-0x1.b650a3076d4dcp+1,0.000390461417841239,0.012647806042443022,0.030871869518787967,0.00040607950075764244,0.0003237739024290506,-1.561808291640341e-05,6.668751541218841e-05,-1.3013605522390803,0.0,-1.1537559665580264,-2.2705798742646217,False,34,-2.7988602172072627,-0x1.66410d357d85fp+1,-1.1537559665580264,-0x1.275c8d0fee7cep+0,0.41222350421960635,-0.7376840209548639,-0x1.79b1b85190dacp-1,0.7371646326230314,0x1.796da489c47e2p-1,-0.999295920316723,-0.19588801282651028,-0x1.912dbc0625755p-3,-0.6331939375919835,-0x1.4431feebf7504p-1,3.232428204541421,-0.6333117448660528,-0x1.44416fe0beaa4p-1,-0.9889221729395571,-0x1.fa5401ce211a5p-1,1.561509289787002,-0.9999999981380719,-0x1.fffffff00193bp-1,-0.13770670309818117,-0x1.1a05f8d1f92e2p-3,0.13770670335458116,-0.8693291054659257,-0x1.bd18b45adfc9bp-1,0.05343885898114888,0x1.b5c568f51b5d3p-5,-0.061471379072840074,-1.3013605522390803
H593-d4fd56aea7e4dc41f9436c8f,OUTCOME-0108,111,4344,/hkfs/work/workspace/scratch/ap7811-benchmark/dailymed/data/box_flat_20000_images/data/raw_images/otc/cvs-sleep-aid-carton-image.jpg,2,464.6678466796875,0x1.d0aaf80000000p+8,False,False,False,CHALLENGER,110,-3.0299146852547727,-0x1.83d43e916b70ep+1,-3.0299146852547727,-0x1.83d43e916b70ep+1,0.00021066107678748225,0.008327230478696072,0.025297855910968954,0.0002206923131191676,0.00022136706346364372,-1.003123633168534e-05,-1.0705986676161469e-05,-1.3013605522390803,-4.440892098500626e-16,-0.1762116542087846,-2.8537030310459883,False,23,-0.4274662953593017,-0x1.b5b9b97ad7876p-2,-0.1762116542087846,-0x1.68e1a7e0019e8p-3,0.41222350421960635,-0.8493788372525997,-0x1.b2e1c86fd42f2p-1,0.8487808068698847,0x1.b29365ddf5113p-1,-0.999295920316723,-0.38628774480758377,-0x1.8b8f03bb2d39ep-2,-1.2486474013847326,-0x1.3fa75b292ecccp+0,3.232428204541421,-0.6892309685538269,-0x1.60e2e1aaa87eap-1,-1.0762405602056937,-0x1.13848058b6510p+0,1.561509289787002,-0.9999999981184999,-0x1.ffffffefd689ap-1,-0.137706703095486,-0x1.1a05f8d1e1792p-3,0.13770670335458116,-0.999999998963422,-0x1.fffffff7188a7p-1,0.06147137900912019,0x1.f792d34f7e807p-5,-0.061471379072840074,-1.3013605522390803
H593-d4fd56aea7e4dc41f9436c8f,OUTCOME-0108,112,4346,/hkfs/work/workspace/scratch/ap7811-benchmark/dailymed/data/box_flat_20000_images/data/raw_images/otc/cvs05-0008-02.jpg,46,439.7663879394531,0x1.b7c4320000000p+8,False,False,False,CHALLENGER,111,-4.248624418940021,-0x1.0fe976651566bp+2,-4.248624418940021,-0x1.0fe976651566bp+2,5.594910409005982e-05,0.006583134527582312,0.008498854740950797,5.634710228763242e-05,6.857746543139934e-05,-3.9799819757259635e-07,-1.2628361341339522e-05,-1.3013605522390803,-8.881784197001252e-16,-0.8918591436639552,-3.3567652752760657,False,88,-2.1635329730951725,-0x1.14eea601a1760p+1,-0.8918591436639552,-0x1.c8a1c2fd59badp-1,0.41222350421960635,-0.9576547162868243,-0x1.ea51b80e9fc78p-1,0.9569804510574923,0x1.e9f9577868117p-1,-0.999295920316723,-0.4815031378598015,-0x1.ed0f28981dedap-2,-1.5564243233932185,-0x1.8e71d30fac3cbp+0,3.232428204541421,-0.8835845778464783,-0x1.c46532a233809p-1,-1.3797255266198023,-0x1.6135b12e49d67p+0,1.561509289787002,-0.9999999980837684,-0x1.ffffffef8a298p-1,-0.1377067030907032,-0x1.1a05f8d1b7674p-3,0.13770670335458116,-0.9999999989654834,-0x1.fffffff71d12fp-1,0.061471379009246915,0x1.f792d34f82f5ep-5,-0.061471379072840074,-1.3013605522390803
H593-d4fd56aea7e4dc41f9436c8f,OUTCOME-0108,113,4347,/hkfs/work/workspace/scratch/ap7811-benchmark/dailymed/data/box_flat_20000_images/data/raw_images/otc/cvs06-0005-02.jpg,87,424.6464538574219,0x1.a8a57e0000000p+8,False,False,False,CHALLENGER,112,-4.2806541849824855,-0x1.11f63cf87f0f5p+2,-4.2806541849824855,-0x1.11f63cf87f0f5p+2,0.00015445425929454305,0.008172647870340584,0.018898925017322002,0.0001691807186245489,0.0001151258182016227,-1.4726459330005842e-05,3.9328441092920354e-05,-1.3013605522390803,8.881784197001252e-16,-1.3263936413980224,-2.9542605435844633,False,90,-3.217656508716215,-0x1.9bdc2b21594dap+1,-1.3263936413980224,-0x1.538e889f6d469p+0,0.41222350421960635,-0.887301781267092,-0x1.c64c6b48730cap-1,0.8866770501099663,0x1.c5fa88c8ac0fep-1,-0.999295920316723,-0.3942297320656759,-0x1.93b0f57954e92p-2,-1.2743193049978983,-0x1.4639ca3ba09ecp+0,3.232428204541421,-0.7583399160756101,-0x1.84452125979e6p-1,-1.1841548237683606,-0x1.2f24c5417c5a4p+0,1.561509289787002,-0.9999999981349758,-0x1.ffffffeffac4bp-1,-0.13770670309775482,-0x1.1a05f8d1f56e1p-3,0.13770670335458116,-0.920815365824015,-0x1.d7751c93bca1ap-1,0.05660379040866394,0x1.cfb2c09450b12p-5,-0.061471379072840074,-1.3013605522390803
H593-d4fd56aea7e4dc41f9436c8f,OUTCOME-0108,114,4348,/hkfs/work/workspace/scratch/ap7811-benchmark/dailymed/data/box_flat_20000_images/data/raw_images/otc/cvs08-0006-02.jpg,31,446.7105712890625,0x1.beb5e80000000p+8,False,False,False,CHALLENGER,113,-3.30784125228646,-0x1.a7675797770b4p+1,-3.30784125228646,-0x1.a7675797770b4p+1,0.00012102670663177287,0.011245446944776659,0.010762285147589262,0.00012013643631263564,0.00017462971873578225,8.902703191372322e-07,-5.360301210400937e-05,-1.3013605522390803,4.440892098500626e-16,-0.6922890127609506,-2.6155522395255093,False,30,-1.6794020856999536,-0x1.aded4b8aea5d9p+0,-0.6922890127609506,-0x1.6273b49a60773p-1,0.41222350421960635,-0.9106021073948013,-0x1.d23a707ddbd3fp-1,0.9099609709514354,0x1.d1e66785bee26p-1,-0.999295920316723,-0.2516870007659985,-0x1.01ba3cb479212p-2,-0.8135601599924518,-0x1.a08af510fe01ep-1,3.232428204541421,-0.854831018615818,-0x1.b5ac69491f637p-1,-1.3348265767666854,-0x1.55b731cd0b677p+0,1.561509289787002,-0.9965912852999474,-0x1.fe413683af0aep-1,-0.13723730049056063,-0x1.190fdeab2faedp-3,0.13770670335458116,-0.9999999990075523,-0x1.fffffff77995ap-1,0.061471379011832944,0x1.f792d34fddf2cp-5,-0.061471379072840074,-1.3013605522390803
H593-d4fd56aea7e4dc41f9436c8f,OUTCOME-0108,115,4349,/hkfs/work/workspace/scratch/ap7811-benchmark/dailymed/data/box_flat_20000_images/data/raw_images/otc/cvs09-0006-02.jpg,64,430.84765625,0x1.aed9000000000p+8,False,False,False,CHALLENGER,114,-3.790440856695601,-0x1.e52d2a7e7704ap+1,-3.790440856695601,-0x1.e52d2a7e7704ap+1,0.00013020662358526297,0.010937063099821667,0.011905081135299114,0.0001424955735230391,0.0002125300500979207,-1.228894993777612e-05,-8.232342651265774e-05,-1.3013605522390803,4.440892098500626e-16,-1.1481761734919569,-2.642264683203644,False,56,-2.785324373159183,-0x1.64858251bc35cp+1,-1.1481761734919569,-0x1.25eedfab31c2bp+0,0.41222350421960635,-0.9041462323131737,-0x1.ceec41452c63ep-1,0.9035096413202905,0x1.ce98d0d22ec3ep-1,-0.999295920316723,-0.26466306621370783,-0x1.0f03d5b76348ep-2,-0.8555043599296028,-0x1.b604aadef7534p-1,3.232428204541421,-0.8406444309090527,-0x1.ae68f264a3489p-1,-1.3126740882721935,-0x1.500b68b76f894p+0,1.561509289787002,-0.9999999981264586,-0x1.ffffffefe809fp-1,-0.13770670309658195,-0x1.1a05f8d1eb1d0p-3,0.13770670335458116,-0.9999999990350565,-0x1.fffffff7b6112p-1,0.06147137901352367,0x1.f792d350196f7p-5,-0.061471379072840074,-1.3013605522390803
H593-d4fd56aea7e4dc41f9436c8f,OUTCOME-0108,116,4350,/hkfs/work/workspace/scratch/ap7811-benchmark/dailymed/data/box_flat_20000_images/data/raw_images/otc/cvs0c-0001-01.jpg,14,453.58245849609375,0x1.c5951c0000000p+8,False,False,False,CHALLENGER,115,-2.708525204023136,-0x1.5ab0f431d5e68p+1,-2.708525204023136,-0x1.5ab0f431d5e68p+1,0.00047882558118676836,0.01264162551108539,0.037876899672980205,0.0005004740250942908,0.00046119353257728814,-2.1648443907522428e-05,1.763204860948022e-05,-1.3013605522390803,0.0,-0.4947966136676783,-2.2137285903554575,False,20,-1.200311502383625,-0x1.33479d57c0136p+0,-0.4947966136676783,-0x1.faabf6a77f34dp-2,0.41222350421960635,-0.6875929300013631,-0x1.600c2e36a222dp-1,0.6871088097889843,0x1.5fccb9d5aca1dp-1,-0.999295920316723,-0.19612301560929943,-0x1.91a8f19047597p-3,-0.6339535672152169,-0x1.44958fdcbe68fp-1,3.232428204541421,-0.568076639483533,-0x1.22daf0f8681e6p-1,-0.8870569498645184,-0x1.c62c541ab719cp-1,1.561509289787002,-0.9999999981587457,-0x1.fffffff02f0a0p-1,-0.1377067031010281,-0x1.1a05f8d21238dp-3,0.13770670335458116,-0.9637065764411308,-0x1.ed6af2c98272ap-1,0.05924037227540168,0x1.e54c10b0d2a8fp-5,-0.061471379072840074,-1.3013605522390803
H593-d4fd56aea7e4dc41f9436c8f,OUTCOME-0108,117,4351,/hkfs/work/workspace/scratch/ap7811-benchmark/dailymed/data/box_flat_20000_images/data/raw_images/otc/cvs0c-0001-02.jpg,57,433.1026611328125,0x1.b11a480000000p+8,False,False,False,CHALLENGER,116,-4.585986092629383,-0x1.2580cbcff0420p+2,-4.585986092629383,-0x1.2580cbcff0420p+2,0.00012459076352755983,0.004457416352677754,0.02795134079245548,0.00012922408605985214,8.752706276450004e-05,-4.6333225322923045e-06,3.70637007630598e-05,-1.3013605522390803,0.0,-1.083369183671459,-3.5026169089579247,False,107,-2.6281111401505846,-0x1.5065f222999abp+1,-1.083369183671459,-0x1.1557aecd5cf65p+0,0.41222350421960635,-0.9080904542979659,-0x1.d0f13b660a01fp-1,0.9074510862585169,0x1.d09d6dc466671p-1,-0.999295920316723,-0.6168536161411233,-0x1.3bd43cb77dad4p-1,-1.9939350268879343,-0x1.fe7286a2d5229p+0,3.232428204541421,-0.6621409998195434,-0x1.5304252721a0fp-1,-1.0339393223670708,-0x1.08b03f579d6ebp+0,1.561509289787002,-0.999999998099195,-0x1.ffffffefac15fp-1,-0.13770670309282756,-0x1.1a05f8d1ca16ep-3,0.13770670335458116,-0.9252047087324867,-0x1.d9b46e7c38f3fp-1,0.05687360937047128,0x1.d1e89a880d8b3p-5,-0.061471379072840074,-1.3013605522390803
H593-d4fd56aea7e4dc41f9436c8f,OUTCOME-0108,118,4357,/hkfs/work/workspace/scratch/ap7811-benchmark/dailymed/data/box_flat_20000_images/data/raw_images/otc/cvs16-0001-01.jpg,80,427.3326110839844,0x1.ab55260000000p+8,False,False,False,CHALLENGER,117,-4.408034384225785,-0x1.1a1d3c3ff92afp+2,-4.408034384225785,-0x1.1a1d3c3ff92afp+2,6.915593814248676e-05,0.00767472836382914,0.00901086460185581,7.255146646389217e-05,7.352890359956505e-05,-3.3955283214054133e-06,-4.3729654570782886e-06,-1.3013605522390803,-8.881784197001252e-16,-1.249195687032188,-3.1588386971935973,False,98,-3.030384425548662,-0x1.83e3a30905062p+1,-1.249195687032188,-0x1.3fcb49de1b851p+0,0.41222350421960635,-0.9479193654520552,-0x1.e555afe3b92a2p-1,0.9472519546854556,0x1.e4fe354ce4680p-1,-0.999295920316723,-0.42044158297596546,-0x1.ae883d030a7cep-2,-1.359047231173553,-0x1.5bea84f39c196p+0,3.232428204541421,-0.8770024958158958,-0x1.c106789c144cfp-1,-1.3694475443829077,-0x1.5e941d40b64c0p+0,1.561509289787002,-0.9999999980947123,-0x1.ffffffefa23a6p-1,-0.13770670309221028,-0x1.1a05f8d1c4a8ep-3,0.13770670335458116,-0.9999999989565722,-0x1.fffffff7097a6p-1,0.06147137900869913,0x1.f792d34f6fafep-5,-0.061471379072840074,-1.3013605522390803
H593-d4fd56aea7e4dc41f9436c8f,OUTCOME-0108,119,4359,/hkfs/work/workspace/scratch/ap7811-benchmark/dailymed/data/box_flat_20000_images/data/raw_images/otc/cvshealth-diclofenac-sodium-topical-carton-image-1.jpg,83,426.26416015625,0x1.aa43a00000000p+8,False,False,False,CHALLENGER,118,-4.672221871408849,-0x1.2b05aee256d7dp+2,-4.672221871408849,-0x1.2b05aee256d7dp+2,7.326265432208977e-05,0.006118064057793752,0.01197480994478328,7.363059229385633e-05,5.853144640257858e-05,-3.6793797176655984e-07,1.4731207919511196e-05,-1.3013605522390803,0.0,-1.2799020898986073,-3.392319781510241,False,110,-3.1048741199792365,-0x1.8d6c83e1c0f91p+1,-1.2799020898986073,-0x1.47a7a9d232527p+0,0.41222350421960635,-0.9449118255551525,-0x1.e3cb7b98b9e00p-1,0.944246532336291,0x1.e374480f7dd66p-1,-0.999295920316723,-0.5091427855467209,-0x1.04ae5cf9d5c39p-1,-1.6457675001400047,-0x1.a55104d5ebc66p+0,3.232428204541421,-0.8397858437012969,-0x1.adf868fcae825p-1,-1.3113333963711904,-0x1.4fb38ba3911e4p+0,1.561509289787002,-0.999999998083658,-0x1.ffffffef89eb6p-1,-0.13770670309068803,-0x1.1a05f8d1b7451p-3,0.13770670335458116,-0.9695868043533948,-0x1.f06dae7ea9766p-1,0.05960183799443116,0x1.e8421d1ef659bp-5,-0.061471379072840074,-1.3013605522390803
H593-d4fd56aea7e4dc41f9436c8f,OUTCOME-0108,120,4361,/hkfs/work/workspace/scratch/ap7811-benchmark/dailymed/data/box_flat_20000_images/data/raw_images/otc/cvshealth-hair-regrowth-treatment-carton-image.jpg,84,425.12640380859375,0x1.a9205c0000000p+8,False,False,False,CHALLENGER,119,-4.288036693051314,-0x1.126f31742d044p+2,-4.288036693051314,-0x1.126f31742d044p+2,0.00012288063575778479,0.00835660652768972,0.014704609502747108,0.000128885550102135,9.998840169675993e-05,-6.0049143443502255e-06,2.289223406102486e-05,-1.3013605522390803,0.0,-1.3126002736598779,-2.9754364193914364,False,91,-3.184195612874632,-0x1.9793b8caae7e0p+1,-1.3126002736598779,-0x1.5006925016fedp+0,0.41222350421960635,-0.9092947865605154,-0x1.d18f161566c40p-1,0.9086545705751885,0x1.d13b2bfff674ap-1,-0.999295920316723,-0.38478871208364385,-0x1.8a060d5913abep-2,-1.2438018857283388,-0x1.3e69cce5e8063p+0,3.232428204541421,-0.8067913831744224,-0x1.9d13c29adb850p-1,-1.2598122397469653,-0x1.42830e10d0507p+0,1.561509289787002,-0.9999999981041379,-0x1.ffffffefb6f48p-1,-0.13770670309350824,-0x1.1a05f8d1d013ap-3,0.13770670335458116,-0.9531328518242866,-0x1.e8010776a8347p-1,0.05859039084126783,0x1.dff8f490bd431p-5,-0.061471379072840074,-1.3013605522390803
H593-d4fd56aea7e4dc41f9436c8f,OUTCOME-0108,121,4364,/hkfs/work/workspace/scratch/ap7811-benchmark/dailymed/data/box_flat_20000_images/data/raw_images/otc/cvshealth-ibuprofen-grape-carton-image.jpg,127,413.86248779296875,0x1.9ddccc0000000p+8,False,False,False,CHALLENGER,120,-4.234058163770722,-0x1.0efacf17b073cp+2,-4.234058163770722,-0x1.0efacf17b073cp+2,0.00014358981388725946,0.011175258205584116,0.012848903465649653,0.00013719809925978008,0.00015950228592411702,6.391714627479385e-06,-1.5912472036857552e-05,-1.3013605522390803,0.0,-1.636315976507094,-2.5977421872636284,False,83,-3.969487328493936,-0x1.fc182928e2496p+1,-1.636315976507094,-0x1.a2e59a950530ap+0,0.41222350421960635,-0.8948121435519949,-0x1.ca24d1393d2bep-1,0.8941821245013704,0x1.c9d23d4acd684p-1,-0.999295920316723,-0.2546169166568497,-0x1.04ba4c0832b74p-2,-0.8230309027549734,-0x1.a5644e75dc24ap-1,3.232428204541421,-0.8290904850208587,-0x1.a87e8c4d2dc16p-1,-1.2946324944340821,-0x1.4b6d08ffeeebcp+0,1.561509289787002,-0.9757821374921096,-0x1.f399b76119636p-1,-0.13437174134632507,-0x1.13317dd4b6592p-3,0.13770670335458116,-0.9999999989689863,-0x1.fffffff724c6ep-1,0.061471379009462236,0x1.f792d34f8a895p-5,-0.061471379072840074,-1.3013605522390803
H593-d4fd56aea7e4dc41f9436c8f,OUTCOME-0108,122,4365,/hkfs/work/workspace/scratch/ap7811-benchmark/dailymed/data/box_flat_20000_images/data/raw_images/otc/cvshealth-mucus-d-carton-image.jpg,97,421.76007080078125,0x1.a5c2940000000p+8,False,False,False,CHALLENGER,121,-4.470323387896754,-0x1.1e19c74463defp+2,-4.470323387896754,-0x1.1e19c74463defp+2,0.00010652967999444568,0.007911619408385437,0.0134649651980903,0.00010982215369815126,8.834908812007617e-05,-3.292473703705583e-06,1.8180591874369508e-05,-1.3013605522390803,0.0,-1.4093459218101443,-3.06097746608661,False,102,-3.4188878299849073,-0x1.b59e1dcd3d218p+1,-1.4093459218101443,-0x1.68cae4f2ecf06p+0,0.41222350421960635,-0.9208869300341431,-0x1.d77e7ddf9ef7ep-1,0.9202385522561107,0x1.d72981eceab12p-1,-0.999295920316723,-0.4078491693523298,-0x1.a1a3367046adbp-2,-1.3183431582132614,-0x1.517eefed6e6a7p+0,3.232428204541421,-0.8216267911615036,-0x1.a4ac444b1cb68p-1,-1.2829778671365728,-0x1.48713cccd7e9fp+0,1.561509289787002,-0.9999999980943381,-0x1.ffffffefa167cp-1,-0.13770670309215874,-0x1.1a05f8d1c434dp-3,0.13770670335458116,-0.9625985821505092,-0x1.ecd9b8ab065a2p-1,0.059172262338352336,0x1.e4bd3a725a91ap-5,-0.061471379072840074,-1.3013605522390803
H593-d4fd56aea7e4dc41f9436c8f,OUTCOME-0108,123,4366,/hkfs/work/workspace/scratch/ap7811-benchmark/dailymed/data/box_flat_20000_images/data/raw_images/otc/cvshealth-mucus-extended-release-carton-image.jpg,125,414.2003173828125,0x1.9e33480000000p+8,False,False,False,CHALLENGER,122,-4.43061188044839,-0x1.1b8f2521f2df9p+2,-4.43061188044839,-0x1.1b8f2521f2df9p+2,0.00016109792984975144,0.009276469340491297,0.01736629788087236,0.00016121763639194493,0.00019871489730909715,-1.197065421934887e-07,-3.761696745934571e-05,-1.3013605522390803,0.0,-1.6266070313261147,-2.8040048491222747,False,101,-3.9459347045372803,-0x1.f914636e11cc2p+1,-1.6266070313261147,-0x1.a0695182fd437p+0,0.41222350421960635,-0.8827384159382708,-0x1.c3f64a26c1645p-1,0.8821168977539606,0x1.c3a4d37634586p-1,-0.999295920316723,-0.3394353826097973,-0x1.5b94f2eda8453p-2,-1.0972005043672173,-0x1.18e221db69728p+0,3.232428204541421,-0.7757400958885464,-0x1.8d2dce4c130d5p-1,-1.211325366190225,-0x1.36196b509a2c7p+0,1.561509289787002,-0.999999998082746,-0x1.ffffffef87e9fp-1,-0.13770670309056243,-0x1.1a05f8d1b62a4p-3,0.13770670335458116,-0.999999998991553,-0x1.fffffff75666dp-1,0.061471379010849446,0x1.f792d34fbb583p-5,-0.061471379072840074,-1.3013605522390803
H593-d4fd56aea7e4dc41f9436c8f,OUTCOME-0108,124,4367,/hkfs/work/workspace/scratch/ap7811-benchmark/dailymed/data/box_flat_20000_images/data/raw_images/otc/cvshealth-nicotine-lozenge-mint-carton-image-1.jpg,6,459.75360107421875,0x1.cbc0ec0000000p+8,False,False,False,CHALLENGER,123,-3.4968968311643627,-0x1.bf9a50bbab21ep+1,-3.4968968311643627,-0x1.bf9a50bbab21ep+1,0.00014283175725948624,0.006577599330093754,0.021714876521287042,0.00014321014967308396,0.00011487093965377126,-3.783924135977257e-07,2.796081760571498e-05,-1.3013605522390803,4.440892098500626e-16,-0.3174430401611851,-3.1794537910031777,False,37,-0.7700750610088252,-0x1.8a474744ff082p-1,-0.3174430401611851,-0x1.450fc9cf5725ap-2,0.41222350421960635,-0.895338403582831,-0x1.ca69cb947b729p-1,0.8947080140032106,0x1.ca172b3739ce0p-1,-0.999295920316723,-0.48182614623315123,-0x1.ed63d551b7658p-2,-1.5574684247695374,-0x1.8eb6402cf013ap+0,3.232428204541421,-0.7272430622313145,-0x1.745933e10d82dp-1,-1.1355967976073444,-0x1.22b678c32a76dp+0,1.561509289787002,-0.9999999980836964,-0x1.ffffffef8a010p-1,-0.1377067030906933,-0x1.1a05f8d1b750fp-3,0.13770670335458116,-0.9430514423887393,-0x1.e2d7a37f02b1ep-1,0.0579706727002668,0x1.dae54febfe151p-5,-0.061471379072840074,-1.3013605522390803
H593-d4fd56aea7e4dc41f9436c8f,OUTCOME-0108,125,4369,/hkfs/work/workspace/scratch/ap7811-benchmark/dailymed/data/box_flat_20000_images/data/raw_images/otc/cvshealth-nicotine-lozenge-mint-carton-image.jpg,74,429.1838073730469,0x1.ad2f0e0000000p+8,False,False,False,CHALLENGER,124,-3.9735812755231743,-0x1.fc9e4fad2f5c2p+1,-3.9735812755231743,-0x1.fc9e4fad2f5c2p+1,0.00019058603787754365,0.009189463394180133,0.020739626428921357,0.0001812085733089954,0.00015747422554038997,9.377464568548265e-06,3.311181233715368e-05,-1.3013605522390803,0.0,-1.195993824820969,-2.7775874507022054,False,68,-2.9013237056560945,-0x1.735e933f7383bp+1,-1.195993824820969,-0x1.322ca6bbd2f2ap+0,0.41222350421960635,-0.8627473175969296,-0x1.b9ba043394c16p-1,0.8621398747388078,0x1.b96a65cd2953ap-1,-0.999295920316723,-0.3435975614788667,-0x1.5fd80a0625f8dp-2,-1.1106544487359438,-0x1.1c53d9967a504p+0,3.232428204541421,-0.7378875833173509,-0x1.79cc66bcf1eb3p-1,-1.152218316168524,-0x1.26f7c791cbc69p+0,1.561509289787002,-0.964669138918077,-0x1.ede91d063a2cap-1,-0.13284140694831087,-0x1.100f27d32e54ap-3,0.13770670335458116,-0.9329121863833976,-0x1.dda6aa851cf40p-1,0.057347398650845864,0x1.d5ca3636e9f17p-5,-0.061471379072840074,-1.3013605522390803
H593-d4fd56aea7e4dc41f9436c8f,OUTCOME-0108,126,4370,/hkfs/work/workspace/scratch/ap7811-benchmark/dailymed/data/box_flat_20000_images/data/raw_images/otc/cvshealth-omeprazole-carton-image.jpg,109,416.900634765625,0x1.a0e6900000000p+8,False,False,False,CHALLENGER,125,-4.976076753659637,-0x1.3e780aa1d6a7cp+2,-4.976076753659637,-0x1.3e780aa1d6a7cp+2,6.934782214450947e-05,0.005951857647115237,0.011651458461564712,7.206823453778596e-05,6.531068156105802e-05,-2.7204123932764976e-06,4.037140583451444e-06,-1.3013605522390803,0.0,-1.549002125689822,-3.427074627969815,False,117,-3.7576754111153563,-0x1.e0fb8203dca5dp+1,-1.549002125689822,-0x1.8c8b673f45b35p+0,0.41222350421960635,-0.9477786327079072,-0x1.e5433daea7f72p-1,0.9471113210283735,0x1.e4ebc66af9f82p-1,-0.999295920316723,-0.5192724391219519,-0x1.09de13bf7c61ep-1,-1.6785108780588154,-0x1.adb2e38f3e2bdp+0,3.232428204541421,-0.8437741162873983,-0x1.b003293554d39p-1,-1.3175611210645906,-0x1.514baf8574197p+0,1.561509289787002,-0.9999999980922584,-0x1.ffffffef9cd4fp-1,-0.13770670309187236,-0x1.1a05f8d1c1affp-3,0.13770670335458116,-0.9915721165771164,-0x1.fbaf5728a5ff7p-1,0.060953305456170295,0x1.f35458b08e212p-5,-0.061471379072840074,-1.3013605522390803
H593-d4fd56aea7e4dc41f9436c8f,OUTCOME-0108,127,4606,/hkfs/work/workspace/scratch/ap7811-benchmark/dailymed/data/box_flat_20000_images/data/raw_images/otc/naproxen-sodium-220-mg-softgels-pur-1.jpg,123,414.4690246582031,0x1.9e78120000000p+8,False,False,False,CHALLENGER,126,-4.969888612892004,-0x1.3e12a7b04892dp+2,-4.969888612892004,-0x1.3e12a7b04892dp+2,0.00010257604420137455,0.005931584279620891,0.017293195100303044,0.0001011321963470892,8.63217778791868e-05,1.4438478542853482e-06,1.6254266322187757e-05,-1.3013605522390803,0.0,-1.6188846047390757,-3.351004008152928,False,116,-3.9272011133956046,-0x1.f6ae86ad6ca91p+1,-1.6188846047390757,-0x1.9e6f38b15a2aep+0,0.41222350421960635,-0.9237110563539908,-0x1.d8f0a7d3fcee0p-1,0.9230606901659936,0x1.d89b6928f8e63p-1,-0.999295920316723,-0.5205173370947365,-0x1.0a813f97a5534p-1,-1.6825349213778207,-0x1.aeba9bcdb2178p+0,3.232428204541421,-0.7765786531538805,-0x1.8d9bb79c22a24p-1,-1.2126347811500626,-0x1.366f3ba708195p+0,1.561509289787002,-0.9944775717381595,-0x1.fd2c2a0e71186p-1,-0.13694622796413095,-0x1.1877439354ff9p-3,0.13770670335458116,-0.966495063365562,-0x1.eed870e1cd132p-1,0.05941178441217305,0x1.e6b38ae1835d9p-5,-0.061471379072840074,-1.3013605522390803
