query_id,display_id,candidate_position,reference_physical_row,reference_image_path,raw_rank,raw_score,raw_score_hex,is_target,is_raw_winner,is_selected,action_kind,challenger_index,head_logit,head_logit_hex,policy_score,policy_score_hex,local_score_S,visibility_mass_M,normalized_similarity_L,query_control_score,reference_control_score,query_robustness_Q,reference_robustness_R,bias_contribution,fp64_sum_residual,plot_raw_component,plot_other_component,plot_is_hold_anchor,policy_rank,feature_RAW,feature_RAW_hex,contribution_RAW,contribution_RAW_hex,weight_RAW,feature_S,feature_S_hex,contribution_S,contribution_S_hex,weight_S,feature_M,feature_M_hex,contribution_M,contribution_M_hex,weight_M,feature_L,feature_L_hex,contribution_L,contribution_L_hex,weight_L,feature_Q,feature_Q_hex,contribution_Q,contribution_Q_hex,weight_Q,feature_R,feature_R_hex,contribution_R,contribution_R_hex,weight_R,head_bias
H593-e8c8ae988bf96315bca9637e,OUTCOME-0131,0,243,/hkfs/work/workspace/scratch/ap7811-benchmark/dailymed/data/box_flat_20000_images/data/raw_images/animal/cla04-0002-06.jpg,115,397.7423095703125,0x1.8dbe080000000p+8,False,False,False,CHALLENGER,0,-2.547201626722517,-0x1.460ab3f18baccp+1,-2.547201626722517,-0x1.460ab3f18baccp+1,0.00025658439120525696,0.008232276510403893,0.0311680968054204,0.0002358566407144365,0.00014916561678177457,2.0727750490820456e-05,0.0001074187744234824,-1.3277225685903369,-4.440892098500626e-16,-2.044646396056974,-0.5025552306655428,False,89,-4.289669234302879,-0x1.1289f0d3ff3f2p+2,-2.044646396056974,-0x1.05b6f91d7977cp+1,0.4766443015481711,0.5295693191282069,0x1.0f23b5b53dc40p-1,-0.7034859439236186,-0x1.682f4f44b1fcdp-1,-1.3284114440045707,0.16361639934352062,0x1.4f161d622856ep-3,0.6106961610656256,0x1.38ad2acf23a40p-1,3.7324874738469167,0.40066941369880466,0x1.9a491531601cfp-2,0.7173210392492566,0x1.6f44b4089dd82p-1,1.7903064589514401,0.9999999628893642,0x1.fffffec138d95p-1,0.23278187339152656,0x1.dcbcbe2a8bb68p-3,0.2327818820302102,0.9999999921744724,0x1.ffffffbcc77bap-1,-0.0321457918579958,-0x1.07569c977ddedp-5,-0.03214579210955358,-1.3277225685903369
H593-e8c8ae988bf96315bca9637e,OUTCOME-0131,1,595,/hkfs/work/workspace/scratch/ap7811-benchmark/dailymed/data/box_flat_20000_images/data/raw_images/homeopathic/323 elderberry label.jpg,78,399.6104736328125,0x1.8f9c480000000p+8,False,False,False,CHALLENGER,1,-1.7661073283455022,-0x1.c41f9c2078492p+0,-1.7661073283455022,-0x1.c41f9c2078492p+0,0.0012060595184149132,0.013354347034780436,0.09031212947168574,0.0014862378404359668,0.0011440740930499082,-0.00028017832202105355,6.198542536500502e-05,-1.3277225685903369,2.220446049250313e-16,-1.7883265667230512,0.022219238377549022,False,48,-3.7519100950424717,-0x1.e03e9709dead7p+1,-1.7883265667230512,-0x1.c9cfc516a4ba4p+0,0.4766443015481711,0.8771734187749485,0x1.c11cdfd51e2a4p-1,-1.1652472078772553,-0x1.2a4da419968f6p+0,-1.3284114440045707,0.38591394863912737,0x1.8b2d06b1e6aebp-2,1.4404189792783453,0x1.70bf4c5889c72p+0,3.7324874738469167,0.7426598117626901,0x1.7c3de8272606cp-1,1.3295886578024048,0x1.545fec1a64d44p+0,1.7903064589514401,-0.956572859426817,-0x1.e9c3eaf6f571ep-1,-0.22267283051639417,-0x1.c808b166348f3p-3,0.2327818820302102,0.9999999878572344,0x1.ffffff97b1c6bp-1,-0.032145791719214764,-0x1.07569c846af26p-5,-0.03214579210955358,-1.3277225685903369
H593-e8c8ae988bf96315bca9637e,OUTCOME-0131,2,597,/hkfs/work/workspace/scratch/ap7811-benchmark/dailymed/data/box_flat_20000_images/data/raw_images/homeopathic/342 label.jpg,91,399.095458984375,0x1.8f18700000000p+8,False,False,False,CHALLENGER,2,-2.6320837340162444,-0x1.50e81eaaf7777p+1,-2.6320837340162444,-0x1.50e81eaaf7777p+1,0.0003043174172411733,0.008540289472869474,0.035633150165216225,0.0003247784222999791,0.00027256839390552446,-2.046100505880585e-05,3.174902333564881e-05,-1.3277225685903369,0.0,-1.8589887047235623,-0.7730950292926821,False,96,-3.900159298423265,-0x1.f3386b7df5888p+1,-1.8589887047235623,-0x1.dbe6af0a6bcd4p+0,0.4766443015481711,0.5881632930877381,0x1.2d23bd3909fbap-1,-0.7813228494811657,-0x1.90098c6c473d0p-1,-1.3284114440045707,0.1814353396578552,0x1.73945f115a660p-3,0.6772051325861053,0x1.5abaa19248056p-1,3.7324874738469167,0.45531641161828107,0x1.d23e7724ee2c8p-2,0.8151559125868011,0x1.a15c1da36716cp-1,1.7903064589514401,-0.5338253296070699,-0x1.11518db8e0a88p-1,-0.12426486490133101,-0x1.fcfd27acb06f6p-4,0.2327818820302102,0.9999999808124617,0x1.ffffff5b2e283p-1,-0.03214579149275496,-0x1.07569c654b19dp-5,-0.03214579210955358,-1.3277225685903369
H593-e8c8ae988bf96315bca9637e,OUTCOME-0131,3,598,/hkfs/work/workspace/scratch/ap7811-benchmark/dailymed/data/box_flat_20000_images/data/raw_images/homeopathic/34666-201 loop 14-page-001 (1).jpg,54,401.07098388671875,0x1.91122c0000000p+8,False,False,False,CHALLENGER,3,-2.734364946697235,-0x1.5dffabaab25b3p+1,-2.734364946697235,-0x1.5dffabaab25b3p+1,5.36923028283319e-05,0.006269604595685575,0.008563905746987654,5.3072676738470386e-05,5.7535193743039235e-05,6.196260898615164e-07,-3.842890914707332e-06,-1.3277225685903369,0.0,-1.5879385245075708,-1.1464264221896643,False,99,-3.331495875120808,-0x1.aa6e74f3338e0p+1,-1.5879385245075708,-0x1.9683239ed189fp+0,0.4766443015481711,-0.19020277425142226,-0x1.858908382589fp-3,0.25266754199700725,0x1.02bb47b68d294p-2,-1.3284114440045707,0.028917616356322562,0x1.d9c94621d5e50p-6,0.10793464082348468,0x1.ba19ac8713f5fp-4,3.7324874738469167,-0.2179217763055801,-0x1.be4dc5b28caf9p-3,-0.39014676366605094,-0x1.8f82a21a57fe0p-2,1.7903064589514401,0.9999998537654342,0x1.fffffb17daca0p-1,0.23278184798945276,0x1.dcbcbac1bcb57p-3,0.2327818820302102,0.6825503216236007,0x1.5d773c5a7ecb9p-1,-0.021941120743221205,-0x1.677bbb01e6f85p-6,-0.03214579210955358,-1.3277225685903369
H593-e8c8ae988bf96315bca9637e,OUTCOME-0131,4,693,/hkfs/work/workspace/scratch/ap7811-benchmark/dailymed/data/box_flat_20000_images/data/raw_images/homeopathic/81488002-04.jpg,36,403.01397705078125,0x1.9303940000000p+8,False,False,False,CHALLENGER,4,-1.9929015678885946,-0x1.fe2ecc123a880p+0,-1.9929015678885946,-0x1.fe2ecc123a880p+0,0.00016094634806324525,0.007753656571958012,0.02075747701353271,0.0001613246537467938,0.00021012632754645834,-3.783056835485578e-07,-4.9179979483213095e-05,-1.3277225685903369,-2.220446049250313e-16,-1.3213518332171863,-0.6715497346714083,False,56,-2.772196853975493,-0x1.62d758b4f30cep+1,-1.3213518332171863,-0x1.52441d1e2d6e2p+0,0.4766443015481711,0.34199776066528903,0x1.5e34a935735afp-2,-0.45431373909170614,-0x1.d1379eee16e42p-2,-1.3284114440045707,0.13433439245682918,0x1.131de8f2a410fp-3,0.5014014371519506,0x1.00b7b06d78558p-1,3.7324874738469167,0.2176632689264492,0x1.bdc63d6ca2ec5p-3,0.3896839562355063,0x1.8f094f9f3ac5bp-2,1.7903064589514401,0.8853097714581026,0x1.c54752867bcb4p-1,0.20608407477975238,0x1.a60f684b3e5f2p-3,0.2327818820302102,-0.4142721012454943,-0x1.a836f219fa782p-2,0.013317104843425593,0x1.b45ff8e3d44aap-7,-0.03214579210955358,-1.3277225685903369
H593-e8c8ae988bf96315bca9637e,OUTCOME-0131,5,729,/hkfs/work/workspace/scratch/ap7811-benchmark/dailymed/data/box_flat_20000_images/data/raw_images/homeopathic/FEM50017_Case_Version00 (Updated).jpg,85,399.31842041015625,0x1.8f51840000000p+8,False,False,False,CHALLENGER,5,-0.2768804989642899,-0x1.1b868fbfcea14p-2,-0.2768804989642899,-0x1.1b868fbfcea14p-2,0.0037617069302639905,0.030154770564517194,0.12474666063917435,0.003414899986059165,0.003443201066063572,0.0003468069442048253,0.00031850586420041843,-1.3277225685903369,-5.551115123125783e-17,-1.8283974757456212,1.5515169767813313,False,5,-3.8359788836389517,-0x1.eb015b26b01d1p+1,-1.8283974757456212,-0x1.d411db626a98fp+0,0.4766443015481711,0.9589053576202654,0x1.eaf5a49de05efp-1,-1.273820850780056,-0x1.46191f8f10304p+0,-1.3284114440045707,0.671922947190337,0x1.580648d73a96ep-1,2.5079439837782362,0x1.41044ef743847p+1,3.7324874738469167,0.8068341125593522,0x1.9d195c5d7aacfp-1,1.4444803230173615,0x1.71c976631338bp+0,1.7903064589514401,0.9999999971673447,0x1.ffffffe7aaecdp-1,0.23278188137081934,0x1.dcbcbf3cb6508p-3,0.2327818820302102,0.9999999970490507,0x1.ffffffe6a6cb4p-1,-0.03214579201469298,-0x1.07569cad07299p-5,-0.03214579210955358,-1.3277225685903369
H593-e8c8ae988bf96315bca9637e,OUTCOME-0131,6,751,/hkfs/work/workspace/scratch/ap7811-benchmark/dailymed/data/box_flat_20000_images/data/raw_images/homeopathic/Pyrogenium Plex.jpg,82,399.3851318359375,0x1.8f62980000000p+8,False,False,False,CHALLENGER,6,-1.4164856640551795,-0x1.6a9ecdf25eadcp+0,-1.4164856640551795,-0x1.6a9ecdf25eadcp+0,0.0008856747122426567,0.012897717568193011,0.06866910424731382,0.0008708040990270368,0.0009462375641536391,1.4870613215619936e-05,-6.056285191098241e-05,-1.3277225685903369,0.0,-1.8192443924516466,0.4027587283964671,False,36,-3.816775709984625,-0x1.e88c1b41468bfp+1,-1.8192443924516466,-0x1.d1ba002102decp+0,0.4766443015481711,0.8363770148301034,0x1.ac399baba48ebp-1,-1.1110527980026899,-0x1.1c6df4c78d045p+0,-1.3284114440045707,0.3710103535689608,0x1.7bea235c396dfp-2,1.384791497363662,0x1.6281b210f4af3p+0,3.7324874738469167,0.6747422361250663,0x1.5977d07ac62e0p-1,1.207995383462044,0x1.353f2f79b03edp+0,1.7903064589514401,0.9999999525826244,0x1.fffffe68b016ap-1,0.23278187099230427,0x1.dcbcbdd81bee3p-3,0.2327818820302102,-0.49665421580134966,-0x1.fc92ec3926381p-2,0.015965343171483546,0x1.059380b29ebd9p-6,-0.03214579210955358,-1.3277225685903369
H593-e8c8ae988bf96315bca9637e,OUTCOME-0131,7,814,/hkfs/work/workspace/scratch/ap7811-benchmark/dailymed/data/box_flat_20000_images/data/raw_images/otc/(BUX0ABS1)-Back-card.jpg,37,402.99505615234375,0x1.92febc0000000p+8,False,False,False,CHALLENGER,7,-1.2321519793755213,-0x1.3b6e4fe71e999p+0,-1.2321519793755213,-0x1.3b6e4fe71e999p+0,0.00035530967470976966,0.013555745603426622,0.026211001969523126,0.0003308740160744843,0.0003629270826736879,2.443565863528537e-05,-7.617407963918254e-06,-1.3277225685903369,0.0,-1.323947858671104,0.09179587929558264,False,27,-2.7776433167685775,-0x1.6389d0f2bcac5p+1,-1.323947858671104,-0x1.52ee3f329a03ep+0,0.4766443015481711,0.6365265245160228,0x1.45e6cdfbaa6cap-1,-0.8455691195795405,-0x1.b0ee6f86340a2p-1,-1.3284114440045707,0.3922651246890923,0x1.91adf2e79aa35p-2,1.464124664329036,0x1.76d0dfbe8f687p+0,3.7324874738469167,0.32554607531546903,0x1.4d5bf34b48cc7p-2,0.5828272413235762,0x1.2a68550967c30p-1,1.7903064589514401,0.9999999673782141,0x1.fffffee7c7ef2p-1,0.23278187443644946,0x1.dcbcbe4e72f3bp-3,0.2327818820302102,0.4556183457445098,0x1.d28d9d99b89e1p-2,-0.01464621262360172,-0x1.dfed561d43ce1p-7,-0.03214579210955358,-1.3277225685903369
H593-e8c8ae988bf96315bca9637e,OUTCOME-0131,8,825,/hkfs/work/workspace/scratch/ap7811-benchmark/dailymed/data/box_flat_20000_images/data/raw_images/otc/-Coldtac Ultra w12 (Tablets 6-2 pouches) NUEVA PRESENTACION REV 01.2023 (002)_001-min.jpg,84,399.34814453125,0x1.8f59200000000p+8,False,False,False,CHALLENGER,8,-3.9219213295185256,-0x1.f60184a3e22a0p+1,-3.9219213295185256,-0x1.f60184a3e22a0p+1,2.333889496051912e-05,0.0028932764680928676,0.008066596890377085,2.256768725651348e-05,4.044796862362159e-05,7.712077040056399e-07,-1.710907366310247e-05,-1.3277225685903369,-4.440892098500626e-16,-1.824319203500273,-2.0976021260182525,False,128,-3.8274226662833644,-0x1.e9e8fc65d3fd7p+1,-1.824319203500273,-0x1.d30695547f99ep+0,0.4766443015481711,-0.5435085646754673,-0x1.1646c12cc10a7p-1,0.7220029972293891,0x1.71aa60796dac4p-1,-1.3284114440045707,-0.3432184355591239,-0x1.5f74a7507160cp-2,-1.281058511517765,-0x1.47f3735b3b329p+0,3.7324874738469167,-0.2462206703431372,-0x1.f8428af5c8a53p-3,-0.4408104564426718,-0x1.c363d0f89fdacp-2,1.7903064589514401,0.9999998569366441,0x1.fffffb33185a7p-1,0.23278184872765295,0x1.dcbcbadb19fc8p-3,0.2327818820302102,0.08696116166599485,0x1.643163160ab7ep-4,-0.0027954354245203505,-0x1.6e673f73ea045p-9,-0.03214579210955358,-1.3277225685903369
H593-e8c8ae988bf96315bca9637e,OUTCOME-0131,9,918,/hkfs/work/workspace/scratch/ap7811-benchmark/dailymed/data/box_flat_20000_images/data/raw_images/otc/158-6e-congestion-releif.jpg,69,400.2510070800781,0x1.9040420000000p+8,False,False,False,CHALLENGER,9,-1.3613271944045393,-0x1.5c7ff0631f786p+0,-1.3613271944045393,-0x1.5c7ff0631f786p+0,0.0014287753038173068,0.014020520161161554,0.10190601257257044,0.001438938675742815,0.0015103302114038751,-1.0163371925508285e-05,-8.155490758656836e-05,-1.3277225685903369,0.0,-1.700442730832276,0.33911553642773673,False,32,-3.56752976026175,-0x1.c8a4d0afea5c2p+1,-1.700442730832276,-0x1.b35036fda5433p+0,0.4766443015481711,0.8953173491503896,0x1.ca67091c48e06p-1,-1.1893498126272135,-0x1.30793ab4bcd40p+0,-1.3284114440045707,0.4064322323621086,0x1.a02fc5682461dp-2,1.51700321625921,0x1.845a52a1c2976p+0,3.7324874738469167,0.7685493261408767,0x1.897f4c1a469b4p-1,1.3759388226127884,0x1.603d86d46b2e1p+0,1.7903064589514401,-0.24079188155431372,-0x1.ed244b43583bfp-3,-0.0560519873658086,-0x1.cb2d8993951ecp-5,0.2327818820302102,-0.6003232421005442,-0x1.335d9167b3786p-1,0.0192978661390973,0x1.3c2d1dfcccf14p-6,-0.03214579210955358,-1.3277225685903369
H593-e8c8ae988bf96315bca9637e,OUTCOME-0131,10,925,/hkfs/work/workspace/scratch/ap7811-benchmark/dailymed/data/box_flat_20000_images/data/raw_images/otc/194-6e-heartburn-relief.jpg,117,397.55267333984375,0x1.8d8d7c0000000p+8,False,False,False,CHALLENGER,10,-1.9868099338455942,-0x1.fc9f93693c18ap+0,-1.9868099338455942,-0x1.fc9f93693c18ap+0,0.0008895974049847193,0.009878808248411839,0.09005108537537763,0.0008456473495472588,0.0010894932840906544,4.395005543746046e-05,-0.00019989587910593514,-1.3277225685903369,-2.220446049250313e-16,-2.0706652705257564,0.0838553366801622,False,55,-4.344256846877438,-0x1.16084ddeb0cfbp+2,-2.0706652705257564,-0x1.090b8f40ef80cp+1,0.4766443015481711,0.8370397250196557,0x1.ac907888d3130p-1,-1.1119331498025495,-0x1.1ca7a6a1bd7f0p+0,-1.3284114440045707,0.25079873445024875,0x1.00d162295e371p-2,0.9361031347922126,0x1.df48e8fb3b344p-1,3.7324874738469167,0.7420100514228448,0x1.7be8bdd0542bdp-1,1.3284253876692094,0x1.5413afab3722ep+0,1.7903064589514401,0.999999980067276,0x1.ffffff54c779fp-1,0.23278187739023318,0x1.dcbcbeb3f0b55p-3,0.2327818820302102,-0.8150570728542368,-0x1.a14f2920909b8p-1,0.026200655221393563,0x1.ad458353d16b9p-6,-0.03214579210955358,-1.3277225685903369
H593-e8c8ae988bf96315bca9637e,OUTCOME-0131,11,935,/hkfs/work/workspace/scratch/ap7811-benchmark/dailymed/data/box_flat_20000_images/data/raw_images/otc/200000002710_Final.jpg,48,401.7699890136719,0x1.91c51e0000000p+8,True,False,True,CHALLENGER,11,0.5142781189027392,0x1.074f762b78a90p-1,0.5142781189027392,0x1.074f762b78a90p-1,0.01226106646481569,0.042018332629443,0.29180278458322595,0.011705707800424762,0.011009085732179204,0.0005553586643909283,0.001251980732636486,-1.3277225685903369,0.0,-1.4920321325366235,2.0063102514393627,False,1,-3.1302842133859734,-0x1.90ad2731d6c38p+1,-1.4920321325366235,-0x1.7df5d15dd3708p+0,0.4766443015481711,0.9872099507981645,0x1.f9739529ed827p-1,-1.3114209962754708,-0x1.4fb949524a777p+0,-1.3284114440045707,0.7531187314978524,0x1.8198c74393999p-1,2.811006231635213,0x1.67cf0d5cdcdb4p+1,3.7324874738469167,0.912587611450306,0x1.d33eaef3d3e02p-1,1.63381149513855,0x1.a241785b72ed7p+0,1.7903064589514401,0.9999999982193014,0x1.fffffff0b433dp-1,0.23278188161569582,0x1.dcbcbf4520455p-3,0.2327818820302102,0.999999999214052,0x1.fffffff93faeap-1,-0.03214579208428866,-0x1.07569cb697d7bp-5,-0.03214579210955358,-1.3277225685903369
H593-e8c8ae988bf96315bca9637e,OUTCOME-0131,12,936,/hkfs/work/workspace/scratch/ap7811-benchmark/dailymed/data/box_flat_20000_images/data/raw_images/otc/200000002740_R-00_Final.jpg,118,397.5103454589844,0x1.8d82a60000000p+8,False,False,False,CHALLENGER,12,-2.253648514868245,-0x1.20778df604dfep+1,-2.253648514868245,-0x1.20778df604dfep+1,0.0009411398991322915,0.010773453979613422,0.08735730443673942,0.0009673435898372095,0.0009964447534295021,-2.620369070491799e-05,-5.530485429721061e-05,-1.3277225685903369,0.0,-2.07647283069444,-0.1771756841738048,False,71,-4.356441111222612,-0x1.16cfee60e9aa4p+2,-2.07647283069444,-0x1.09c9dc996ebdcp+1,0.4766443015481711,0.8452739713234985,0x1.b0c7bffdfd2aep-1,-1.1228716168253265,-0x1.1f7483a7df157p+0,-1.3284114440045707,0.29095714023227737,0x1.29f0ab27575d6p-2,1.085993881343296,0x1.1603b1ec068b3p+0,3.7324874738469167,0.7351082506935986,0x1.78601bcf7f5f8p-1,1.316069049245244,0x1.50e9e6b5c9404p+0,1.7903064589514401,-0.6163946383538397,-0x1.3b9813fa51a88p-1,-0.14348550398933757,-0x1.25dbba58ac9c4p-3,0.2327818820302102,-0.4616801661653659,-0x1.d8c2af7b9180ap-2,0.014841074642656006,0x1.e64ff51d255a7p-7,-0.03214579210955358,-1.3277225685903369
H593-e8c8ae988bf96315bca9637e,OUTCOME-0131,13,974,/hkfs/work/workspace/scratch/ap7811-benchmark/dailymed/data/box_flat_20000_images/data/raw_images/otc/300000365_R-01_Final.jpg,46,402.09521484375,0x1.9218600000000p+8,False,False,False,CHALLENGER,13,-0.8986191667983847,-0x1.cc17cfb9ea68ep-1,-0.8986191667983847,-0x1.cc17cfb9ea68ep-1,0.0007098166217154165,0.01722172727137239,0.041216343200100605,0.0006878413388788435,0.0006616831590177694,2.197528283657299e-05,4.813346269764713e-05,-1.3277225685903369,0.0,-1.4474098046940398,0.5487906378956551,False,15,-3.03666654566678,-0x1.84b17d473f809p+1,-1.4474098046940398,-0x1.728972ef12160p+0,0.4766443015481711,0.7998950939392395,0x1.998bd9896656ep-1,-1.0625897967919968,-0x1.1005e28a48f00p+0,-1.3284114440045707,0.4885507348177856,0x1.f446a4d1eaa85p-2,1.8235094980460915,0x1.d2d184ba0da7ap+0,3.7324874738469167,0.5110619014547301,0x1.05a9e7d1f5937p-1,0.9149574230984077,0x1.d4754ca2e1544p-1,1.7903064589514401,0.999999964531442,0x1.fffffecf53d0fp-1,0.23278187377377252,0x1.dcbcbe37adfbep-3,0.2327818820302102,0.9999999854018007,0x1.ffffff829a386p-1,-0.0321457916402829,-0x1.07569c7991c76p-5,-0.03214579210955358,-1.3277225685903369
H593-e8c8ae988bf96315bca9637e,OUTCOME-0131,14,975,/hkfs/work/workspace/scratch/ap7811-benchmark/dailymed/data/box_flat_20000_images/data/raw_images/otc/300000391_R-01_Final.jpg,12,407.3004150390625,0x1.974ce80000000p+8,False,False,False,CHALLENGER,14,-0.5339606464443399,-0x1.11634a33a8aedp-1,-0.5339606464443399,-0x1.11634a33a8aedp-1,0.0006515995356363553,0.011926312163349514,0.05463545869935984,0.0006085345688681201,0.0006629555730389026,4.306496676823512e-05,-1.1356037402547332e-05,-1.3277225685903369,0.0,-0.7332348280455955,0.19927418160125554,False,8,-1.5383270620544545,-0x1.89cfcd66135d7p+0,-0.7332348280455955,-0x1.776a8e2d7cefbp-1,0.4766443015481711,0.7839480699861775,0x1.9161a434b4b61p-1,-1.0414055876749342,-0x1.0a998e7cef7d2p+0,-1.3284114440045707,0.3367679786645903,0x1.58d9b47ad1590p-2,1.256982261958329,0x1.41c996eac35c6p+0,3.7324874738469167,0.6075887527960547,0x1.3715df7d5a5c1p-1,1.0877700685170266,0x1.16781965d92acp+0,1.7903064589514401,0.9999999797093029,0x1.ffffff51b4490p-1,0.23278187730690353,0x1.dcbcbeb113bbap-3,0.2327818820302102,0.284076680537564,0x1.22e4ff51dc3d3p-2,-0.009131869915732598,-0x1.2b3bad51d7c96p-7,-0.03214579210955358,-1.3277225685903369
H593-e8c8ae988bf96315bca9637e,OUTCOME-0131,15,1024,/hkfs/work/workspace/scratch/ap7811-benchmark/dailymed/data/box_flat_20000_images/data/raw_images/otc/430984_86324016_ASP_Severe_Cld_Flu_Eff_20ct_Crtn_FDA1.jpg,28,404.2062072753906,0x1.9434ca0000000p+8,False,False,False,CHALLENGER,15,-2.3543503556216585,-0x1.2d5b5a3a5c498p+1,-2.3543503556216585,-0x1.2d5b5a3a5c498p+1,5.0911767704581615e-05,0.0059727268765097956,0.00852404082041874,5.093640873025752e-05,6.188206313272445e-05,-2.4641025675904975e-08,-1.097029542814283e-05,-1.3277225685903369,0.0,-1.1577729196555624,-1.1965774359660961,False,78,-2.4290082056893203,-0x1.36e9bdaa935cep+1,-1.1577729196555624,-0x1.2863ce5a1d75ap+0,0.4766443015481711,-0.21569377179488958,-0x1.b9bda7fe7ac0cp-3,0.2865300748528416,0x1.256823d340e87p-2,-1.3284114440045707,0.0046707953102899605,0x1.321af11aa01bap-8,0.0174336849885602,0x1.1da22cb7f9f95p-6,3.7324874738469167,-0.2201427833857036,-0x1.c2da3838bc6f4p-3,-0.3941230469869729,-0x1.9394fdf5a2bbfp-2,1.7903064589514401,0.9921063046138577,0x1.fbf55b88f1a13p-1,0.23094437276205082,0x1.d8f95d01aa7a8p-3,0.2327818820302102,0.299882266375193,0x1.3314563aed60cp-2,-0.009639952992238724,-0x1.3be1c96b171b5p-7,-0.03214579210955358,-1.3277225685903369
H593-e8c8ae988bf96315bca9637e,OUTCOME-0131,16,1051,/hkfs/work/workspace/scratch/ap7811-benchmark/dailymed/data/box_flat_20000_images/data/raw_images/otc/521-lj-childrens-ibuprofen.jpg,50,401.63360595703125,0x1.91a2340000000p+8,False,False,False,CHALLENGER,16,-1.394445949305416,-0x1.64fa68e44e729p+0,-1.394445949305416,-0x1.64fa68e44e729p+0,0.0009484540074038361,0.014701619515108899,0.06451357324471,0.0009859799570320293,0.0007001259364761309,-3.7525949628193197e-05,0.00024832807092770514,-1.3277225685903369,0.0,-1.5107444514939763,0.1162985021885603,False,34,-3.169542668583222,-0x1.95b392fc6bb67p+1,-1.5107444514939763,-0x1.82c025fbc7b3cp+0,0.4766443015481711,0.8463755068850651,0x1.b158216469decp-1,-1.1243349092712898,-0x1.1fd469a11241dp+0,-1.3284114440045707,0.42603950373759036,0x1.b443b31d6d96cp-2,1.5901871110645127,0x1.971680a48af51p+0,3.7324874738469167,0.6573804137719187,0x1.50942a645cd87p-1,1.1769124007640364,0x1.2d4a218f89d36p+0,1.7903064589514401,-0.7156817289020106,-0x1.6e6dd5e7f52efp-1,-0.16659773978844472,-0x1.5531321fd4c34p-3,0.2327818820302102,0.9999999962783248,0x1.ffffffe007f32p-1,-0.032145791989917384,-0x1.07569ca99f72dp-5,-0.03214579210955358,-1.3277225685903369
H593-e8c8ae988bf96315bca9637e,OUTCOME-0131,17,1148,/hkfs/work/workspace/scratch/ap7811-benchmark/dailymed/data/box_flat_20000_images/data/raw_images/otc/83861-002-02.jpg,17,406.2710876464844,0x1.9645660000000p+8,False,False,False,CHALLENGER,17,-1.1677315620727302,-0x1.2af074a59bffbp+0,-1.1677315620727302,-0x1.2af074a59bffbp+0,0.0002720620629066526,0.014341381716355083,0.01897042197798764,0.00029075755580615343,0.00034279659470120877,-1.8695492899500833e-05,-7.073453179455618e-05,-1.3277225685903369,0.0,-0.8744627998765526,-0.2932687621961776,False,25,-1.8346234226156521,-0x1.d5a9e1709c1cbp+0,-0.8744627998765526,-0x1.bfb9968e13a76p-1,0.4766443015481711,0.5503147841390879,0x1.19c2dc00c3eeep-1,-0.7310444570552693,-0x1.764b7585f2ec3p-1,-1.3284114440045707,0.4158333424491574,0x1.a9d037399f3b4p-2,1.5520927418993753,0x1.8d55f32ed118ep+0,3.7324874738469167,0.17438833722117192,0x1.6525b669599b2p-3,0.31220856649286594,0x1.3fb39a3a78bafp-2,1.7903064589514401,-0.5007904658122876,-0x1.00679ba19ff07p-1,-0.11657494713456994,-0x1.dd7db1179d507p-4,0.2327818820302102,-0.5528531426816384,-0x1.1b0f912e9dee5p-1,0.017771902191757314,0x1.232cc2ace23c9p-6,-0.03214579210955358,-1.3277225685903369
H593-e8c8ae988bf96315bca9637e,OUTCOME-0131,18,1218,/hkfs/work/workspace/scratch/ap7811-benchmark/dailymed/data/box_flat_20000_images/data/raw_images/otc/APAP 100 CT.jpg,42,402.3692932128906,0x1.925e8a0000000p+8,False,False,False,CHALLENGER,18,-0.9203232526307243,-0x1.d7349bff9838ap-1,-0.9203232526307243,-0x1.d7349bff9838ap-1,0.0006037039759987983,0.01664021918849488,0.036279809127526506,0.0005950607054085422,0.0006290931098810786,8.643270590256058e-06,-2.5389133882280273e-05,-1.3277225685903369,0.0,-1.4098051198526917,0.4894818672219674,False,17,-2.9577718967237305,-0x1.7a9844feba687p+1,-1.4098051198526917,-0x1.68e8fd03802c0p+0,0.4766443015481711,0.7687889016776941,0x1.899eb2ec77878p-1,-1.0212679750123534,-0x1.0571d16921550p+0,-1.3284114440045707,0.47536607077281706,0x1.e6c65cfe639afp-2,1.7742979046513665,0x1.c6386331d6c52p+0,3.7324874738469167,0.4624153817365966,0x1.d9836af6e7768p-2,0.8278652446415247,0x1.a7ddf40e75f56p-1,1.7903064589514401,0.9999999327141827,0x1.fffffdbe04ec5p-1,0.232781866367291,0x1.dcbcbd3931e23p-3,0.2327818820302102,-0.10973116333404302,-0x1.c17576ddf2af3p-4,0.0035273951644756154,0x1.ce57bdbe341bep-9,-0.03214579210955358,-1.3277225685903369
H593-e8c8ae988bf96315bca9637e,OUTCOME-0131,19,1225,/hkfs/work/workspace/scratch/ap7811-benchmark/dailymed/data/box_flat_20000_images/data/raw_images/otc/APAP20.jpg,108,398.1072998046875,0x1.8e1b780000000p+8,False,False,False,CHALLENGER,19,-1.0795407685917893,-0x1.145cc8a7cce99p+0,-1.0795407685917893,-0x1.145cc8a7cce99p+0,0.0011667168886117653,0.021366117082159783,0.0546059391196516,0.0011630960758460956,0.0011671226499297578,3.6208127656696225e-06,-4.0576131799256905e-07,-1.3277225685903369,0.0,-1.9945682276233339,0.9150274590315446,False,23,-4.1846052101008,-0x1.0bd0925f03772p+2,-1.9945682276233339,-0x1.fe9c05fb486c5p+0,0.4766443015481711,0.8732940040233328,0x1.bf206446256e4p-1,-1.1600937489251688,-0x1.28fbe767ed798p+0,-1.3284114440045707,0.5662409136602167,0x1.21ea543ba7d42p-1,2.1134871174163923,0x1.0e86bef0e90d4p+1,3.7324874738469167,0.6074182581925776,0x1.36ff86a3dc5e0p-1,1.087464830927205,0x1.1664185c61ec8p+0,1.7903064589514401,0.9999998983689765,0x1.fffffc96ff041p-1,0.23278185837234927,0x1.dcbcbc267da1ep-3,0.2327818820302102,0.9609354177250466,0x1.ebffba2164f40p-1,-0.03089003016889638,-0x1.fa1a2d5643647p-6,-0.03214579210955358,-1.3277225685903369
H593-e8c8ae988bf96315bca9637e,OUTCOME-0131,20,1250,/hkfs/work/workspace/scratch/ap7811-benchmark/dailymed/data/box_flat_20000_images/data/raw_images/otc/ART_050-UNI-1148-pd.jpg,5,408.8752136230469,0x1.98e00e0000000p+8,False,False,False,CHALLENGER,20,-0.7618322400588631,-0x1.860ee0182eb6cp-1,-0.7618322400588631,-0x1.860ee0182eb6cp-1,0.00022032571622982187,0.011401436205974823,0.01932438266982208,0.00021200442310168128,0.00019705301001850345,8.321293128140593e-06,2.3272706211318418e-05,-1.3277225685903369,0.0,-0.5171659546608856,-0.24466628539797752,False,12,-1.0850144499390795,-0x1.15c381ca2cffap+0,-0.5171659546608856,-0x1.08c9f9dbbf09ep-1,0.4766443015481711,0.4725676420676846,0x1.e3e8c59f506c9p-2,-0.627764263788968,-0x1.416a514d246bcp-1,-1.3284114440045707,0.3166673940212979,0x1.444475141fc3dp-2,1.1819570815602405,0x1.2e94bd4293abap+0,3.7324874738469167,0.18333586919293862,0x1.7778cbd2f0723p-3,0.32822739077359436,0x1.501ad75418937p-2,1.7903064589514401,0.9999999312241881,0x1.fffffdb13863ep-1,0.23278186602044726,0x1.dcbcbd2d47038p-3,0.2327818820302102,0.9999999770856852,0x1.ffffff3b2ae39p-1,-0.032145791372954785,-0x1.07569c54d401cp-5,-0.03214579210955358,-1.3277225685903369
H593-e8c8ae988bf96315bca9637e,OUTCOME-0131,21,1251,/hkfs/work/workspace/scratch/ap7811-benchmark/dailymed/data/box_flat_20000_images/data/raw_images/otc/ART_050-UNI-1149-pd.jpg,58,400.6439208984375,0x1.90a4d80000000p+8,False,False,False,CHALLENGER,21,-3.519982273184758,-0x1.c28ec774ea04ep+1,-3.519982273184758,-0x1.c28ec774ea04ep+1,2.7389881000581408e-05,0.0037073093189345196,0.007388075459657965,2.7899122459584924e-05,3.4072837585355947e-05,-5.092414590035159e-07,-6.682956584774538e-06,-1.3277225685903369,-4.440892098500626e-16,-1.6465333312851926,-1.8734489418995655,False,123,-3.454427811131167,-0x1.ba2ab0c599c1dp+1,-1.6465333312851926,-0x1.a5833559a4d27p+0,0.4766443015481711,-0.4846894206805732,-0x1.f0526c6a2936cp-2,0.6438669732200191,0x1.49a8ee91e8b2ep-1,-1.3284114440045707,-0.2296100570377665,-0x1.d63dcc2e7aadcp-3,-0.8570166617627395,-0x1.b6cae34ccbce8p-1,3.7324874738469167,-0.287021912397664,-0x1.25e9127beef1bp-2,-0.5138571836261323,-0x1.071849ecfa51cp-1,1.7903064589514401,0.8486188445812637,0x1.b27e2b507dde0p-1,0.197543091767929,0x1.949178f58d466p-3,0.2327818820302102,0.5059011410538881,0x1.0305796fabcaep-1,-0.016262592908304226,-0x1.0a72422c1df3fp-6,-0.03214579210955358,-1.3277225685903369
H593-e8c8ae988bf96315bca9637e,OUTCOME-0131,22,1262,/hkfs/work/workspace/scratch/ap7811-benchmark/dailymed/data/box_flat_20000_images/data/raw_images/otc/ART_ASP00019_Page_1.jpg,8,407.9219970703125,0x1.97ec080000000p+8,False,False,False,CHALLENGER,22,-1.7614516141336327,-0x1.c2ee7e3430bbbp+0,-1.7614516141336327,-0x1.c2ee7e3430bbbp+0,6.42074957222318e-05,0.006296315920950277,0.010197629300745319,5.796722104075479e-05,5.526576518929611e-05,6.240274681477008e-06,8.941730532935686e-06,-1.3277225685903369,0.0,-0.647951204746567,-1.1135004093870657,False,47,-1.359401974684225,-0x1.5c01c48f62f60p+0,-0.647951204746567,-0x1.4bc042a394a2ep-1,0.4766443015481711,-0.102758400346956,-0x1.a4e5fe0e123b5p-4,0.1365054349884996,0x1.1790295803cf2p-3,-1.3284114440045707,0.031041404102872212,0x1.fc9515dc66812p-6,0.11586165198459082,0x1.da91bf62264d5p-4,3.7324874738469167,-0.1333743722531257,-0x1.112695379d176p-3,-0.2387810001033647,-0x1.e9060352cd0ddp-3,1.7903064589514401,0.9999999197365891,0x1.fffffd4e8ae49p-1,0.23278186334634235,0x1.dcbcbcd165569p-3,0.2327818820302102,0.9999999658817966,0x1.fffffedaed470p-1,-0.03214579101279691,-0x1.07569c2354140p-5,-0.03214579210955358,-1.3277225685903369
H593-e8c8ae988bf96315bca9637e,OUTCOME-0131,23,1319,/hkfs/work/workspace/scratch/ap7811-benchmark/dailymed/data/box_flat_20000_images/data/raw_images/otc/ASP Cold and Flu FizzyChews 24ct.jpg,7,407.9268798828125,0x1.97ed480000000p+8,False,False,False,CHALLENGER,23,-0.9563454532379766,-0x1.e9a61c7aabba7p-1,-0.9563454532379766,-0x1.e9a61c7aabba7p-1,0.00017867013887871384,0.011495206100460098,0.01554301308887037,0.00017547896406365518,0.0001355222889778306,3.1911748150586594e-06,4.314784990088323e-05,-1.3277225685903369,1.1102230246251565e-16,-0.6472812626939429,-0.30906419054403367,False,18,-1.3579964358989127,-0x1.5ba5a78845385p+0,-0.6472812626939429,-0x1.4b68731d2b0b3p-1,0.4766443015481711,0.3872733442611783,0x1.8c916230db742p-2,-0.5144583424744711,-0x1.076715782a18ep-1,-1.3284114440045707,0.32034730231549274,0x1.48091f8b3a3b3p-2,1.1956922931732281,0x1.3218e3df421d4p+0,3.7324874738469167,0.07640499813586955,0x1.38f47283e9799p-4,0.13678836165882,0x1.18247f1e62693p-3,1.7903064589514401,0.999999893728688,0x1.fffffc6f22e9ep-1,0.23278185729217418,0x1.dcbcbc01604fdp-3,0.2327818820302102,0.9999999842559322,0x1.ffffff78c26dcp-1,-0.03214579160344805,-0x1.07569c7481c48p-5,-0.03214579210955358,-1.3277225685903369
H593-e8c8ae988bf96315bca9637e,OUTCOME-0131,24,1331,/hkfs/work/workspace/scratch/ap7811-benchmark/dailymed/data/box_flat_20000_images/data/raw_images/otc/ASP Severe Cold Orange Zest PFF 24s.jpg,23,405.23968505859375,0x1.953d5c0000000p+8,False,False,False,CHALLENGER,24,-2.0913856776511723,-0x1.0bb286a06ad3ap+1,-2.0913856776511723,-0x1.0bb286a06ad3ap+1,9.639957196122228e-05,0.006758281253673054,0.014263918345930061,9.864885706219713e-05,9.462972742088671e-05,-2.2492851009748497e-06,1.7698445403355629e-06,-1.3277225685903369,0.0,-1.015975497079875,-1.0754101805712974,False,64,-2.1315171371606074,-0x1.10d58db57bf31p+1,-1.015975497079875,-0x1.0416f85d7ed2fp+0,0.4766443015481711,0.09973581873138307,0x1.988495fb0ea42p-4,-0.1324902029799347,-0x1.0f570606b6b9ap-3,-1.3284114440045707,0.06635569089584603,0x1.0fcafc24d17c0p-4,0.2476717850872032,0x1.fb3b5848bb58fp-3,3.7324874738469167,0.03360251113380039,0x1.134592cc42c0cp-5,0.06015879271983052,0x1.ecd221e98d6f4p-5,1.7903064589514401,0.4687555702263263,0x1.e00175cfc275ep-2,0.1091178038494286,0x1.bef24f6f1d3d8p-4,0.2327818820302102,0.9999999548287622,0x1.fffffe7bfb65dp-1,-0.03214579065748836,-0x1.07569bf27ec52p-5,-0.03214579210955358,-1.3277225685903369
H593-e8c8ae988bf96315bca9637e,OUTCOME-0131,25,1340,/hkfs/work/workspace/scratch/ap7811-benchmark/dailymed/data/box_flat_20000_images/data/raw_images/otc/ASP Sinus Congestion and Pain Berry PFF 24ct.jpg,124,397.26995849609375,0x1.8d451c0000000p+8,False,False,False,CHALLENGER,25,-1.7141439104387333,-0x1.b6d222a3f8cf4p+0,-1.7141439104387333,-0x1.b6d222a3f8cf4p+0,0.0006540003805968392,0.01487035689502102,0.04398014016837857,0.0006524290121564205,0.0005788199053236351,1.5713684404187068e-06,7.518047527320403e-05,-1.3277225685903369,0.0,-2.1094549153726834,0.3953110049339501,False,46,-4.425637542547008,-0x1.1b3da53f4c1c0p+2,-2.1094549153726834,-0x1.0e029e60f4c07p+1,0.4766443015481711,0.7846558018301941,0x1.91be67bef4660p-1,-1.0423457467558124,-0x1.0ad72bbd70dfap+0,-1.3284114440045707,0.4306984749861626,0x1.b909056202b4bp-2,1.6075766628908215,0x1.9b8a24e8edcc1p+0,3.7324874738469167,0.5346384090993322,0x1.11bc202488c17p-1,0.9571665970140569,0x1.ea11bd7dff7b1p-1,1.7903064589514401,0.999999871631463,0x1.fffffbb1529a1p-1,0.23278185214834055,0x1.dcbcbb50a2ac3p-3,0.2327818820302102,0.9999999895341232,0x1.ffffffa6194b2p-1,-0.03214579177311968,-0x1.07569c8bd38ebp-5,-0.03214579210955358,-1.3277225685903369
H593-e8c8ae988bf96315bca9637e,OUTCOME-0131,26,1344,/hkfs/work/workspace/scratch/ap7811-benchmark/dailymed/data/box_flat_20000_images/data/raw_images/otc/ATG Cool Menthol Carton 2024.jpg,110,398.06195068359375,0x1.8e0fdc0000000p+8,False,False,False,CHALLENGER,26,-2.8720944264139376,-0x1.6fa0ca483c620p+1,-2.8720944264139376,-0x1.6fa0ca483c620p+1,0.00012798848050546264,0.008132108107448958,0.015738659498171947,0.00013164924048339477,0.00013048413719200208,-3.660759977932123e-06,-2.4956566865394383e-06,-1.3277225685903369,0.0,-2.0007903144370784,-0.8713041119768592,False,107,-4.197659151569386,-0x1.0ca67291efb84p+2,-2.0007903144370784,-0x1.0019e5a354956p+1,0.4766443015481711,0.23718364698670896,0x1.e5c08a37a1a2ep-3,-0.3150774709878844,-0x1.42a3ab2665bcap-2,-1.3284114440045707,0.15765316901450854,0x1.42dfaa28397f4p-3,0.588438478558924,0x1.2d47ceea3cb5fp-1,3.7324874738469167,0.08261986330978863,0x1.526934aea6056p-4,0.1479148749211997,0x1.2eedfe7307224p-3,1.7903064589514401,0.2589150440673219,0x1.0921067ad89fap-2,0.060270731243926,0x1.edbce2732848ep-5,0.2327818820302102,0.7816935117682083,0x1.903a21c91466bp-1,-0.025128157122687702,-0x1.9bb321433e8e7p-6,-0.03214579210955358,-1.3277225685903369
H593-e8c8ae988bf96315bca9637e,OUTCOME-0131,27,1345,/hkfs/work/workspace/scratch/ap7811-benchmark/dailymed/data/box_flat_20000_images/data/raw_images/otc/ATG Unscented Carton 2024.jpg,116,397.6282958984375,0x1.8da0d80000000p+8,False,False,False,CHALLENGER,27,-2.4815558555345403,-0x1.3da39f4d5bec6p+1,-2.4815558555345403,-0x1.3da39f4d5bec6p+1,0.00020663476505322913,0.009488373267590033,0.021777680875924542,0.00020519411670037762,0.00020812436229293108,1.440648352851509e-06,-1.4895972397019471e-06,-1.3277225685903369,4.440892098500626e-16,-2.060289542985743,-0.4212663125487972,False,84,-4.322488564939917,-0x1.14a3a713f00f0p+2,-2.060289542985743,-0x1.07b79157b5101p+1,0.4766443015481711,0.4472793573669609,0x1.ca039990449a0p-2,-0.5941710169932809,-0x1.30372efc6f351p-1,-1.3284114440045707,0.23181115521430884,0x1.dabfce93f28ecp-3,0.8652322331353911,0x1.baffb82185ea3p-1,3.7324874738469167,0.24039321691297896,0x1.ec53476692637p-3,0.4303775289274208,0x1.b8b4e30eb4cddp-2,1.7903064589514401,0.9999998694406316,0x1.fffffb9e80e9ap-1,0.2327818516383547,0x1.dcbcbb3f1cca2p-3,0.2327818820302102,0.8637006228287979,0x1.ba36f7d12b45fp-1,-0.027764340666346483,-0x1.c6e415ca0ba62p-6,-0.03214579210955358,-1.3277225685903369
H593-e8c8ae988bf96315bca9637e,OUTCOME-0131,28,1380,/hkfs/work/workspace/scratch/ap7811-benchmark/dailymed/data/box_flat_20000_images/data/raw_images/otc/AWGAS Bacitracin Zinc Ointment 1oz 081023 CDER.jpg,68,400.2521057128906,0x1.90408a0000000p+8,False,False,False,CHALLENGER,28,-2.674931285418637,-0x1.566425faf5cc0p+1,-2.674931285418637,-0x1.566425faf5cc0p+1,9.196868194148768e-05,0.006475299825689667,0.01420299977100942,8.661244411733834e-05,0.00010923893568919111,5.356237824149338e-06,-1.7270253747703434e-05,-1.3277225685903369,-4.440892098500626e-16,-1.7002919938704357,-0.9746392915482014,False,97,-3.5672135140350547,-0x1.c89a73d2509d3p+1,-1.7002919938704357,-0x1.b346560b52fbcp+0,0.4766443015481711,0.07639255027530467,0x1.38e7651172900p-4,-0.10148073802240924,-0x1.9faa442faedd3p-4,-1.3284114440045707,0.04503600683702029,0x1.70ef5a103ce76p-5,0.16809633139126234,0x1.5842e3af39724p-3,3.7324874738469167,0.031464795849918306,0x1.01c275a4d2a9ap-5,0.05633162723969721,0x1.cd77fc1732e41p-5,1.7903064589514401,0.9999999136064655,0x1.fffffd19e29bcp-1,0.23278186191936062,0x1.dcbcbca05d796p-3,0.2327818820302102,0.08230643303976594,0x1.51208ce27fd49p-4,-0.002645805485775208,-0x1.5aca8010e3015p-9,-0.03214579210955358,-1.3277225685903369
H593-e8c8ae988bf96315bca9637e,OUTCOME-0131,29,1381,/hkfs/work/workspace/scratch/ap7811-benchmark/dailymed/data/box_flat_20000_images/data/raw_images/otc/AWGAS Hydrocortisone Cream 1 percent  1oz 081023 CDER.jpg,11,407.3992614746094,0x1.9766360000000p+8,False,False,False,CHALLENGER,29,-2.5941489608718404,-0x1.4c0d12b9f2ceep+1,-2.5941489608718404,-0x1.4c0d12b9f2ceep+1,2.2484341136598374e-05,0.003825753215820306,0.005877101806677134,2.12123989044142e-05,2.6063229950657116e-05,1.2719422321841741e-06,-3.5788888140587418e-06,-1.3277225685903369,0.0,-0.7196726886177894,-1.874476272254051,False,92,-1.5098736862692927,-0x1.828714f79e198p+0,-0.7196726886177894,-0x1.7078f04ae026fp-1,0.4766443015481711,-0.5565167150897299,-0x1.1cefc245f9b90p-1,0.7392831731050283,0x1.7a8352f5f03b7p-1,-1.3284114440045707,-0.21466182413528775,-0x1.b7a09e52e2d87p-3,-0.8012225696980912,-0x1.9a39d83b573c6p-1,3.7324874738469167,-0.38823451531352976,-0x1.8d8d5949ccd27p-2,-0.6950587603536941,-0x1.63debde908eafp-1,1.7903064589514401,0.9999998665001416,0x1.fffffb853eb4fp-1,0.2327818509538619,0x1.dcbcbb2797ed6p-3,0.2327818820302102,0.701099465647359,0x1.66f68258659f8p-1,-0.022537397670819106,-0x1.7140b27bb8267p-6,-0.03214579210955358,-1.3277225685903369
H593-e8c8ae988bf96315bca9637e,OUTCOME-0131,30,1382,/hkfs/work/workspace/scratch/ap7811-benchmark/dailymed/data/box_flat_20000_images/data/raw_images/otc/AWGAS Hydrocortisone Ointment 1 percent 1oz 081023 CDER.jpg,27,404.47674560546875,0x1.947a0c0000000p+8,False,False,False,CHALLENGER,30,-2.9426393969193247,-0x1.78a86862d846ep+1,-2.9426393969193247,-0x1.78a86862d846ep+1,2.4514741712897795e-05,0.003947616693571954,0.006210010650936812,2.263262991044227e-05,2.5994095522026604e-05,1.8821118024555246e-06,-1.4793538091288085e-06,-1.3277225685903369,0.0,-1.120653942802367,-1.8219854541169578,False,111,-2.3511325723656222,-0x1.2cf1e9816f732p+1,-1.120653942802367,-0x1.1ee32d4278391p+0,0.4766443015481711,-0.525961014149294,-0x1.0d4ac3157c031p-1,0.698692630296172,0x1.65bb0a5a28140p-1,-1.3284114440045707,-0.19965667540465684,-0x1.98e5995a54265p-3,-0.7452160400178014,-0x1.7d8cf4f0a983ep-1,3.7324874738469167,-0.3645905960178052,-0x1.75573cb94d6fap-2,-0.6527288989236318,-0x1.4e327b740feadp-1,1.7903064589514401,0.9999998765556187,0x1.fffffbdb9eef5p-1,0.2327818532945948,0x1.dcbcbb78053b5p-3,0.2327818820302102,0.8645744388950617,0x1.baa98038060ffp-1,-0.027792430175954588,-0x1.c759e6aba7567p-6,-0.03214579210955358,-1.3277225685903369
H593-e8c8ae988bf96315bca9637e,OUTCOME-0131,31,1405,/hkfs/work/workspace/scratch/ap7811-benchmark/dailymed/data/box_flat_20000_images/data/raw_images/otc/Anabiose Shampoo.jpg,121,397.3173828125,0x1.8d51400000000p+8,False,False,False,CHALLENGER,31,-2.325135541730683,-0x1.299e0a9b40114p+1,-2.325135541730683,-0x1.299e0a9b40114p+1,0.00020727144783263472,0.0120518606109578,0.017198294481117652,0.00020084809608289717,0.00017528824142922243,6.423351749737548e-06,3.198320640341229e-05,-1.3277225685903369,4.440892098500626e-16,-2.102948103186573,-0.22218743854410983,False,76,-4.4119862470946645,-0x1.1a5dfb906b185p+2,-2.102948103186573,-0x1.0d2d67482f8f7p+1,0.4766443015481711,0.4485090045229477,0x1.cb45f1c98ce0dp-2,-0.5958044943473815,-0x1.310d4964104acp-1,-1.3284114440045707,0.34140193209502073,0x1.5d9877d48eabbp-2,1.2742784350918006,0x1.46371c8cb7a3cp+0,3.7324874738469167,0.1264728259501569,0x1.03042f5a4f1a2p-3,0.22642511718040723,0x1.cfb7f8ca43357p-3,1.7903064589514401,0.999999920898931,0x1.fffffd5886e8ep-1,0.23278186361691447,0x1.dcbcbcdab150dp-3,0.2327818820302102,0.9999999808982931,0x1.ffffff5beae70p-1,-0.03214579149551408,-0x1.07569c65ac2dcp-5,-0.03214579210955358,-1.3277225685903369
H593-e8c8ae988bf96315bca9637e,OUTCOME-0131,32,1419,/hkfs/work/workspace/scratch/ap7811-benchmark/dailymed/data/box_flat_20000_images/data/raw_images/otc/Anti_005.jpg,104,398.3118591308594,0x1.8e4fd60000000p+8,False,False,False,CHALLENGER,32,-3.2970388253372604,-0x1.a6055e443b9f0p+1,-3.2970388253372604,-0x1.a6055e443b9f0p+1,5.078931402535605e-05,0.005186998702158708,0.009791657361359802,4.872014651307364e-05,6.683984838353788e-05,2.0691675122824096e-06,-1.6050534358181825e-05,-1.3277225685903369,4.440892098500626e-16,-1.9665018427562193,-1.3305369825810411,False,118,-4.125721919613632,-0x1.080bd3f348608p+2,-1.9665018427562193,-0x1.f76caa2e2964fp+0,0.4766443015481711,-0.21684151133270083,-0x1.bc1766fcb69b5p-3,0.28805474518960655,0x1.26f7d2b83019dp-2,-1.3284114440045707,-0.06575831158223064,-0x1.0d58965af946ep-4,-0.2454420742819985,-0x1.f6aa5590d4250p-3,3.7324874738469167,-0.15326867971118627,-0x1.39e4edf6e2993p-3,-0.27439790724189633,-0x1.18fbc3d6c7761p-2,1.7903064589514401,0.9999998793417358,0x1.fffffbf38dabdp-1,0.23278185394315237,0x1.dcbcbb8e4e012p-3,0.2327818820302102,0.11855460231250765,0x1.e59982bb8f62dp-4,-0.003811031599568671,-0x1.f385002b1854ep-9,-0.03214579210955358,-1.3277225685903369
H593-e8c8ae988bf96315bca9637e,OUTCOME-0131,33,1624,/hkfs/work/workspace/scratch/ap7811-benchmark/dailymed/data/box_flat_20000_images/data/raw_images/otc/BRONCOCHEM KIDS ALLERGY CONTROL BOX.jpg,65,400.35614013671875,0x1.905b2c0000000p+8,False,False,False,CHALLENGER,33,-3.0186162014968447,-0x1.826204044d66ap+1,-3.0186162014968447,-0x1.826204044d66ap+1,2.4078535615601854e-05,0.006096105726842204,0.003949822508750121,2.3718698181135172e-05,2.5350438079557408e-05,3.598374344666825e-07,-1.2719024639555537e-06,-1.3277225685903369,4.440892098500626e-16,-1.6860180410117167,-1.332598160485128,False,113,-3.5372667532904987,-0x1.c4c5282f4e2e7p+1,-1.6860180410117167,-0x1.af9ee0da9c7edp+0,0.4766443015481711,-0.532423913407162,-0x1.1099ddff625a8p-1,0.7072780196317726,0x1.6a205836ff083p-1,-1.3284114440045707,0.01489301579084956,0x1.e803abe15867fp-7,0.05558799488715031,0x1.c7607982e5966p-5,3.7324874738469167,-0.5430111826451574,-0x1.16058fcda57eep-1,-0.9721564275724853,-0x1.f1be7cbe0a3fbp-1,1.7903064589514401,0.9999998479905842,0x1.fffffae63fc27p-1,0.2327818466451723,0x1.dcbcba938c4afp-3,0.2327818820302102,0.8824491053051614,0x1.c3d05e7f571b1p-1,-0.028367025486401274,-0x1.d0c3edafedd89p-6,-0.03214579210955358,-1.3277225685903369
H593-e8c8ae988bf96315bca9637e,OUTCOME-0131,34,1630,/hkfs/work/workspace/scratch/ap7811-benchmark/dailymed/data/box_flat_20000_images/data/raw_images/otc/BUSAIIBOX.jpg,77,399.6868591308594,0x1.8fafd60000000p+8,False,False,False,CHALLENGER,34,-3.224557871179652,-0x1.9cbe4ff463538p+1,-3.224557871179652,-0x1.9cbe4ff463538p+1,2.900598359388499e-05,0.005394489638530844,0.005376965299313206,2.894405552551873e-05,2.8451915386417158e-05,6.192806836626208e-08,5.540682074678331e-07,-1.3277225685903369,0.0,-1.7778461607373153,-1.4467117104423366,False,116,-3.7299221976697456,-0x1.dd6e172fced94p+1,-1.7778461607373153,-0x1.c720ed0daf990p+0,0.4766443015481711,-0.4624562844105657,-0x1.d98e23e57e01fp-2,0.614332220562828,0x1.3a89c0b8648f3p-1,-1.3284114440045707,-0.04620903440057848,-0x1.7a8b5e70f7976p-5,-0.17247464207872046,-0x1.613a6298f0749p-3,3.7324874738469167,-0.42533655113758617,-0x1.b38b6cc3b7ab4p-2,-0.76148277472975,-0x1.85e111fbdcfc3p-1,1.7903064589514401,0.9999998407803162,0x1.fffffaa850367p-1,0.23278184496675255,0x1.dcbcba59e0c1bp-3,0.2327818820302102,0.9999999522038897,0x1.fffffe656f3dfp-1,-0.032145790573109755,-0x1.07569be6e5f63p-5,-0.03214579210955358,-1.3277225685903369
H593-e8c8ae988bf96315bca9637e,OUTCOME-0131,35,1631,/hkfs/work/workspace/scratch/ap7811-benchmark/dailymed/data/box_flat_20000_images/data/raw_images/otc/BUX0ABS6-Back-card.jpg,15,406.5444641113281,0x1.968b620000000p+8,False,False,False,CHALLENGER,35,0.040346969473868954,0x1.4a85ba4c415a0p-5,0.040346969473868954,0x1.4a85ba4c415a0p-5,0.0018701962103430609,0.01727087345230958,0.10828613940732483,0.0017314435648569998,0.0017000741931748014,0.0001387526454860611,0.00017012201716825942,-1.3277225685903369,-1.249000902703301e-16,-0.8369544192052694,0.8773013886791383,False,3,-1.7559308198729913,-0x1.c184aea564995p+0,-0.8369544192052694,-0x1.ac854a257567ap-1,0.4766443015481711,0.9190251410226529,0x1.d68a7699c9c52p-1,-1.2208435146624066,-0x1.38893359023c5p+0,-1.3284114440045707,0.4896347311829769,0x1.f562ce95aaa2fp-2,1.8275555009008635,0x1.d3daad63fe7ddp+0,3.7324874738469167,0.7806908563385955,0x1.8fb6b64085608p-1,1.3976758825473183,0x1.65ce162df2dc0p+0,1.7903064589514401,0.9999999931020853,0x1.ffffffc4bf534p-1,0.23278188042450063,0x1.dcbcbf1c32683p-3,0.2327818820302102,0.9999999947503848,0x1.ffffffd2e7f96p-1,-0.03214579194080054,-0x1.07569ca2df4dap-5,-0.03214579210955358,-1.3277225685903369
H593-e8c8ae988bf96315bca9637e,OUTCOME-0131,36,1681,/hkfs/work/workspace/scratch/ap7811-benchmark/dailymed/data/box_flat_20000_images/data/raw_images/otc/Bayer Aspirin Headache 50ct Final Artwork.jpg,24,405.11346435546875,0x1.951d0c0000000p+8,False,False,False,CHALLENGER,36,-2.619767587245656,-0x1.4f548b572ba34p+1,-2.619767587245656,-0x1.4f548b572ba34p+1,3.9191233055042995e-05,0.004336006742423809,0.009038554454169337,3.666887993357107e-05,4.451012040473758e-05,2.522353121471924e-06,-5.318887349694583e-06,-1.3277225685903369,4.440892098500626e-16,-1.033293499140204,-1.586474088105452,False,94,-2.1678503147609254,-0x1.157c1e7e42bfep+1,-1.033293499140204,-0x1.0885ec39fa013p+0,0.4766443015481711,-0.33633637525412674,-0x1.58689010afc72p-2,0.44679308992259764,0x1.c98420b52f74dp-2,-1.3284114440045707,-0.15421380932174447,-0x1.3bd4731d071c9p-3,-0.5756011115876282,-0x1.26b5305b9ec6bp-1,3.7324874738469167,-0.19208561027042936,-0x1.89642e31264a0p-3,-0.3438921087387788,-0x1.602540c18ac89p-2,1.7903064589514401,0.9999998855973407,0x1.fffffc2949e44p-1,0.23278185539934385,0x1.dcbcbbc056ccdp-3,0.2327818820302102,0.5858696667503439,0x1.2bf71be4d281bp-1,-0.01883324451064999,-0x1.34905a500d52fp-6,-0.03214579210955358,-1.3277225685903369
H593-e8c8ae988bf96315bca9637e,OUTCOME-0131,37,1682,/hkfs/work/workspace/scratch/ap7811-benchmark/dailymed/data/box_flat_20000_images/data/raw_images/otc/Bayer Aspirin Regimen 325mg.jpg,59,400.607666015625,0x1.909b900000000p+8,False,False,False,CHALLENGER,37,-1.7054263149870796,-0x1.b496d1a89b782p+0,-1.7054263149870796,-0x1.b496d1a89b782p+0,0.00035468607129677865,0.011205789333370589,0.031652038133586136,0.0003469153515595271,0.0003812080923194658,7.770719737251557e-06,-2.6522021022687132e-05,-1.3277225685903369,-2.220446049250313e-16,-1.6515076510259254,-0.05391866396115419,False,43,-3.4648639366121095,-0x1.bb80a9566b5ebp+1,-1.6515076510259254,-0x1.a6c9349640089p+0,0.4766443015481711,0.6360037777206157,0x1.45a24982e28f1p-1,-0.844874696754205,-0x1.b0936a8f8df0dp-1,-1.3284114440045707,0.30885964789405096,0x1.3c45b41b093dap-2,1.1528147669413145,0x1.271ede5a5bdadp+0,3.7324874738469167,0.4071164112680545,0x1.a0e31fe03ea5fp-2,0.7288631406383288,0x1.752d8cb09a5a6p-1,1.7903064589514401,0.9999999285174193,0x1.fffffd99f8248p-1,0.23278186539036053,0x1.dcbcbd17a0b65p-3,0.2327818820302102,-0.13124045595162717,-0x1.0cc7cbd1cb811p-3,0.004218828413384031,0x1.147c32101b862p-8,-0.03214579210955358,-1.3277225685903369
H593-e8c8ae988bf96315bca9637e,OUTCOME-0131,38,1683,/hkfs/work/workspace/scratch/ap7811-benchmark/dailymed/data/box_flat_20000_images/data/raw_images/otc/Bayer Back and Body Extra Strength carton updated label.jpg,89,399.10546875,0x1.8f1b000000000p+8,False,False,False,CHALLENGER,38,-2.2753248367358814,-0x1.233dd820c750bp+1,-2.2753248367358814,-0x1.233dd820c750bp+1,0.00025919612234013835,0.0089058470999414,0.02910403911401576,0.00024288878244543553,0.00023761341431717054,1.6307339894702815e-05,2.1582708022967808e-05,-1.3277225685903369,0.0,-1.8576153235156831,-0.4177095132201982,False,72,-3.8972779439133753,-0x1.f2da00f043d95p+1,-1.8576153235156831,-0x1.db8cad870c5eap+0,0.4766443015481711,0.5332031550370034,0x1.110001020411bp-1,-0.7083131731304987,-0x1.6aa80633d7cbfp-1,-1.3284114440045707,0.20162233119616363,0x1.9cec2b350be2ap-3,0.7525528256374951,0x1.814e9a9d4038ap-1,3.7324874738469167,0.37152148962232745,0x1.7c70211ec1a36p-2,0.6651373225101133,0x1.548ce10f0f547p-1,1.7903064589514401,0.9999999556069378,0x1.fffffe82aa9fbp-1,0.23278187169630962,0x1.dcbcbdf04c6d5p-3,0.2327818820302102,0.9999999761625775,0x1.ffffff333cf42p-1,-0.03214579134328075,-0x1.07569c50bff1dp-5,-0.03214579210955358,-1.3277225685903369
H593-e8c8ae988bf96315bca9637e,OUTCOME-0131,39,1713,/hkfs/work/workspace/scratch/ap7811-benchmark/dailymed/data/box_flat_20000_images/data/raw_images/otc/Benadryl-01.jpg,92,399.02532958984375,0x1.8f067c0000000p+8,False,False,False,CHALLENGER,39,-1.3673219982262832,-0x1.5e08d0817bb6bp+0,-1.3673219982262832,-0x1.5e08d0817bb6bp+0,0.0008664433436396394,0.014085772699670387,0.061511949831471756,0.0008264585719711344,0.0010707138560008766,3.998477166850499e-05,-0.0002042705123612372,-1.3277225685903369,0.0,-1.8686107474543736,0.5012887492280904,False,33,-3.92034634922731,-0x1.f5cde8bf764f3p+1,-1.8686107474543736,-0x1.de5d462145495p+0,0.4766443015481711,0.8330484403436864,0x1.aa85533e8516ep-1,-1.1066310815627118,-0x1.1b4c2cb00c886p+0,-1.3284114440045707,0.4083685355631702,0x1.a22b5c83d6402p-2,1.5242304437027419,0x1.8633f76345562p+0,3.7324874738469167,0.6436404457867312,0x1.498b3d9212e0dp-1,1.1523136473343691,0x1.26fe06f6091cap+0,1.7903064589514401,0.9999999783566058,0x1.ffffff4615ac4p-1,0.23278187699202016,0x1.dcbcbea641fd5p-3,0.2327818820302102,-0.8186586680558673,-0x1.a3273a9bc613dp-1,0.02631643135200794,0x1.af2b1d004680dp-6,-0.03214579210955358,-1.3277225685903369
H593-e8c8ae988bf96315bca9637e,OUTCOME-0131,40,1771,/hkfs/work/workspace/scratch/ap7811-benchmark/dailymed/data/box_flat_20000_images/data/raw_images/otc/Blister Carton 15ct.jpg,128,397.04119873046875,0x1.8d0a8c0000000p+8,False,False,False,CHALLENGER,40,-1.4974298311748684,-0x1.7f578fb8f36bap+0,-1.4974298311748684,-0x1.7f578fb8f36bap+0,0.002356021080469319,0.018974636313879644,0.12416686367505907,0.0025326845111135537,0.0028173411695514646,-0.00017666343064423476,-0.0004613200890821456,-1.3277225685903369,0.0,-2.140841700538115,0.6434118693632467,False,38,-4.4914870346388795,-0x1.1f7486090ba60p+2,-2.140841700538115,-0x1.120719d0dcb39p+1,0.4766443015481711,0.9351814619326531,0x1.ded01ac5a7058p-1,-1.242305756252261,-0x1.3e07c002bc6b1p+0,-1.3284114440045707,0.5245675371327791,0x1.0c941dc10e9e6p-1,1.9579417615348256,0x1.f53babd943c3dp+0,3.7324874738469167,0.8060196087404634,0x1.9cae9a26f3340p-1,1.4430221115695643,0x1.7169e5a8989ccp+0,1.7903064589514401,-0.9319922420427328,-0x1.dd2e164f66049p-1,-0.21695090814026252,-0x1.bc50c1fa66408p-3,0.2327818820302102,-0.9154302106300101,-0x1.d4b344c0da420p-1,0.02942722924171715,0x1.e222becd1fde1p-6,-0.03214579210955358,-1.3277225685903369
H593-e8c8ae988bf96315bca9637e,OUTCOME-0131,41,1832,/hkfs/work/workspace/scratch/ap7811-benchmark/dailymed/data/box_flat_20000_images/data/raw_images/otc/Box01.jpg,79,399.53533935546875,0x1.8f890c0000000p+8,False,False,False,CHALLENGER,41,-2.4849033346420257,-0x1.3e114ffe0121dp+1,-2.4849033346420257,-0x1.3e114ffe0121dp+1,0.00010784393672794324,0.008713946746242575,0.01237601512477055,9.882768929322815e-05,8.293802168113323e-05,9.016247434715088e-06,2.4905915046810004e-05,-1.3277225685903369,0.0,-1.7986353000578024,-0.6862680345842234,False,85,-3.773537823101462,-0x1.e3034992384bcp+1,-1.7986353000578024,-0x1.cc735cef2dedbp+0,0.4766443015481711,0.15490308633983424,0x1.3d3dd44f084cap-3,-0.2057750326054639,-0x1.a56d615afd8b7p-3,-1.3284114440045707,0.1911509000317557,0x1.877a1f81e61afp-3,0.7134683399830923,0x1.6d4bb8e5eae6ap-1,3.7324874738469167,-0.037353855474498675,-0x1.3200b6748f373p-5,-0.0668748487227336,-0x1.11eb5c8306815p-4,1.7903064589514401,0.9999999343614512,0x1.fffffdcc2b4e0p-1,0.23278186675074528,0x1.dcbcbd465ec87p-3,0.2327818820302102,0.9999999779122926,0x1.ffffff42449e2p-1,-0.03214579139952673,-0x1.07569c587aec9p-5,-0.03214579210955358,-1.3277225685903369
H593-e8c8ae988bf96315bca9637e,OUTCOME-0131,42,1855,/hkfs/work/workspace/scratch/ap7811-benchmark/dailymed/data/box_flat_20000_images/data/raw_images/otc/Bravado Labs Delay Cream BOX.jpg,123,397.2989501953125,0x1.8d4c880000000p+8,False,False,False,CHALLENGER,42,-3.3427806091595134,-0x1.abe03c2905834p+1,-3.3427806091595134,-0x1.abe03c2905834p+1,3.883097537981585e-05,0.0062073961686862,0.006255598051837322,3.910951592275161e-05,4.515047670457928e-05,-2.785405429357629e-07,-6.319501324763432e-06,-1.3277225685903369,-4.440892098500626e-16,-2.1054771344352283,-1.237303474724285,False,120,-4.417292156009218,-0x1.1ab4ea28bbf68p+2,-2.1054771344352283,-0x1.0d80465570035p+1,0.4766443015481711,-0.34042507171544484,-0x1.5c9863d70670fp-2,0.4522245610928736,0x1.cf13f4915e0cfp-2,-1.3284114440045707,0.023935219493721436,0x1.8827963cadeb9p-6,0.0893379069440918,0x1.6ded95c9e32fep-4,3.7324874738469167,-0.3614154273730525,-0x1.7216e2c35936fp-2,-0.6470443739906709,-0x1.4b496672b3923p-1,1.7903064589514401,0.9142586957201393,0x1.d419b73c6739ep-1,0.2128228598522193,0x1.b3dc78b740751p-3,0.2327818820302102,0.5264098011581538,0x1.0d8595e08948dp-1,-0.01692186003246145,-0x1.153f6cdb52845p-6,-0.03214579210955358,-1.3277225685903369
H593-e8c8ae988bf96315bca9637e,OUTCOME-0131,43,1865,/hkfs/work/workspace/scratch/ap7811-benchmark/dailymed/data/box_flat_20000_images/data/raw_images/otc/Broncochem Kids Cold and Flu Syrup_production file_v8-01.jpg,127,397.0726623535156,0x1.8d129a0000000p+8,False,False,False,CHALLENGER,43,-3.6061004481074486,-0x1.cd94b3115b312p+1,-3.6061004481074486,-0x1.cd94b3115b312p+1,1.858519358434057e-05,0.005664827144304377,0.0032808050644628755,1.860632727680226e-05,1.9177577960759048e-05,-2.113369246169175e-08,-5.92384376418478e-07,-1.3277225685903369,4.440892098500626e-16,-2.1365247614365193,-1.4695756866709293,False,126,-4.482430094091025,-0x1.1ee022792e89bp+2,-2.1365247614365193,-0x1.1179a4b4bb661p+1,0.4766443015481711,-0.618763981954199,-0x1.3ccea1f4df3dep-1,0.8219731547657956,0x1.a4d9aa53d16d8p-1,-1.3284114440045707,-0.021789324028631003,-0x1.64ff0c86b6f65p-6,-0.08132837900045685,-0x1.4d1efc80b2cffp-4,3.7324874738469167,-0.6051333437026487,-0x1.35d409a1d810ep-1,-1.0833741337577338,-0x1.155801d9d2614p+0,1.7903064589514401,0.9932260424535071,0x1.fc881fb3bf23ep-1,0.23120502744374483,0x1.d982057c55554p-3,0.2327818820302102,0.9434761298953606,0x1.e30f4da4ea18fp-1,-0.03032878753194243,-0x1.f0e827a4edfb8p-6,-0.03214579210955358,-1.3277225685903369
H593-e8c8ae988bf96315bca9637e,OUTCOME-0131,44,1867,/hkfs/work/workspace/scratch/ap7811-benchmark/dailymed/data/box_flat_20000_images/data/raw_images/otc/Broncochem Maximum Cough_Production File_v9-01.jpg,66,400.3491516113281,0x1.9059620000000p+8,False,False,False,CHALLENGER,44,-2.8300497005504726,-0x1.6a3f118ef59dap+1,-2.8300497005504726,-0x1.6a3f118ef59dap+1,3.194345903090269e-05,0.00711995759917873,0.0044864675928108465,3.248034470283283e-05,3.286782627698222e-05,-5.368856719301397e-07,-9.243672460795347e-07,-1.3277225685903369,0.0,-1.6869768955745348,-1.1430728049759378,False,106,-3.5392784306769767,-0x1.c507135b99109p+1,-1.6869768955745348,-0x1.afddb7c399a8fp+0,0.4766443015481711,-0.423704622921467,-0x1.b1df9fea7264dp-2,0.5628540699665181,0x1.202e689dda774p-1,-1.3284114440045707,0.09225683378262504,0x1.79e24d3edcb3fp-4,0.344347476470425,0x1.609c9ff79a383p-2,3.7324874738469167,-0.49655143984192696,-0x1.fc77fb0b9c746p-2,-0.8889792499506393,-0x1.c72849cab8a14p-1,1.7903064589514401,0.8410542014645132,0x1.ae9ea802e82e7p-1,0.19578217990632493,0x1.90f63f5eb2b23p-3,0.2327818820302102,0.913174348859971,0x1.d38b9697cca19p-1,-0.029354712778229583,-0x1.e0f296d76c0acp-6,-0.03214579210955358,-1.3277225685903369
H593-e8c8ae988bf96315bca9637e,OUTCOME-0131,45,1875,/hkfs/work/workspace/scratch/ap7811-benchmark/dailymed/data/box_flat_20000_images/data/raw_images/otc/Bronze Glow.jpg,4,409.3118896484375,0x1.994fd80000000p+8,False,False,False,CHALLENGER,45,-0.45226460450373995,-0x1.cf1e73d5ed810p-2,-0.45226460450373995,-0x1.cf1e73d5ed810p-2,0.00027175538648441716,0.013561059286734706,0.020039392258261537,0.0002684269365214235,0.000301775166989159,3.328449962993656e-06,-3.0019780504741836e-05,-1.3277225685903369,1.1102230246251565e-16,-0.45725219946716017,0.004987594963420217,False,6,-0.9593153594451372,-0x1.eb2b61febc153p-1,-0.45725219946716017,-0x1.d439ebaaf12c9p-2,0.4766443015481711,0.5499215143847246,0x1.198f500f4c621p-1,-0.7305220330129922,-0x1.7606fbe198b22p-1,-1.3284114440045707,0.3924309152776632,0x1.91d968ec3a46bp-2,1.4647434756241586,0x1.76f96dacd5cb6p+0,3.7324874738469167,0.2008312249128595,0x1.9b4d66b8217d3p-3,0.35954943912062176,0x1.702dba6945d9cp-2,1.7903064589514401,0.9999998952567258,0x1.fffffc7c431abp-1,0.2327818576478737,0x1.dcbcbc0d9913fp-3,0.2327818820302102,-0.19154681748424457,-0x1.8849b2a5fb502p-3,0.006157424174095129,0x1.93886f74910e8p-8,-0.03214579210955358,-1.3277225685903369
H593-e8c8ae988bf96315bca9637e,OUTCOME-0131,46,1891,/hkfs/work/workspace/scratch/ap7811-benchmark/dailymed/data/box_flat_20000_images/data/raw_images/otc/Buscapina 69729-813-24.jpg,33,403.2808837890625,0x1.9347e80000000p+8,False,False,False,CHALLENGER,46,-1.2754210882663237,-0x1.4681ff16bb8b0p+0,-1.2754210882663237,-0x1.4681ff16bb8b0p+0,0.0007739561364356532,0.01395254942847334,0.055470589113715676,0.0008190496479777139,0.0007848445273671635,-4.509351154206073e-05,-1.0888390931510384e-05,-1.3277225685903369,0.0,-1.2847311257656295,0.009310037499305812,False,29,-2.6953665901233705,-0x1.5901c5bda7cc0p+1,-1.2847311257656295,-0x1.48e42399510f7p+0,0.4766443015481711,0.8149438378951956,0x1.a1405197ac55ap-1,-1.0825807204809836,-0x1.15240295bef61p+0,-1.3284114440045707,0.4044017460962532,0x1.9e1b7dc7b6fdfp-2,1.5094244517060862,0x1.8269a40fdc415p+0,3.7324874738469167,0.612351556846885,0x1.398624ac9fc5dp-1,1.0962969473719482,0x1.18a6eaafaaca6p+0,1.7903064589514401,-0.7576131903151859,-0x1.83e5e046d8098p-1,-0.17635862429248078,-0x1.692eb5dda14aep-3,0.2327818820302102,0.30328847339336973,0x1.369140e9e9c4ap-2,-0.009749448214927136,-0x1.3f784c9e5b2e6p-7,-0.03214579210955358,-1.3277225685903369
H593-e8c8ae988bf96315bca9637e,OUTCOME-0131,47,1897,/hkfs/work/workspace/scratch/ap7811-benchmark/dailymed/data/box_flat_20000_images/data/raw_images/otc/Buscolicos.jpg,39,402.67626953125,0x1.92ad200000000p+8,False,False,False,CHALLENGER,47,-2.022444993630061,-0x1.02df7a40ccce2p+1,-2.022444993630061,-0x1.02df7a40ccce2p+1,0.00031217281329183166,0.00961366981392819,0.0324717635756076,0.00033675996293720735,0.00021126033069482228,-2.4587149645375695e-05,0.00010091248259700938,-1.3277225685903369,0.0,-1.3676867004317899,-0.6547582931982712,False,60,-2.8694074302146406,-0x1.6f48be1fd5ecap+1,-1.3676867004317899,-0x1.5e20b73187580p+0,0.4766443015481711,0.596435462698024,0x1.315ffd2cecdf5p-1,-0.7923116942582163,-0x1.95a9e0de279fbp-1,-1.3284114440045707,0.23800858414153137,0x1.e7710b6870ee0p-3,0.8883640589763058,0x1.c6d7a7687d770p-1,3.7324874738469167,0.4177258948132165,0x1.abc05643a9103p-2,0.7478573675553714,0x1.7ee7292f72295p-1,1.7903064589514401,-0.5962648975356301,-0x1.3149a1f5562e5p-1,-0.1387996650368944,-0x1.1c42ffb03bd5ap-3,0.2327818820302102,0.9999999917546595,0x1.ffffffb92c4dfp-1,-0.03214579184450058,-0x1.07569c95a30cbp-5,-0.03214579210955358,-1.3277225685903369
H593-e8c8ae988bf96315bca9637e,OUTCOME-0131,48,2015,/hkfs/work/workspace/scratch/ap7811-benchmark/dailymed/data/box_flat_20000_images/data/raw_images/otc/CEBOLLA Y BERRO DM.jpg,49,401.73345947265625,0x1.91bbc40000000p+8,False,False,False,CHALLENGER,48,-2.5554800366084685,-0x1.4719f84768398p+1,-2.5554800366084685,-0x1.4719f84768398p+1,5.2355894637383384e-05,0.007237581869372173,0.0072338932508579715,5.309416649353264e-05,5.4366867605668747e-05,-7.38271856149258e-07,-2.010972968285363e-06,-1.3277225685903369,4.440892098500626e-16,-1.4970441365178164,-1.058435900090652,False,90,-3.1407994004235897,-0x1.9205b6fa0ed02p+1,-1.4970441365178164,-0x1.7f3e48d703388p+0,0.4766443015481711,-0.20231972534383336,-0x1.9e59cddd7fee8p-3,0.26876383849460983,0x1.1336d3e2ba234p-2,-1.3284114440045707,0.10037347892967594,0x1.9b2138963820ep-4,0.3746427528114529,0x1.7fa2598c08cf0p-2,3.7324874738469167,-0.2966685979180019,-0x1.2fc9e4973b623p-2,-0.5311277070206665,-0x1.0feff8874e747p-1,1.7903064589514401,0.7877605042546912,0x1.93555845b56fbp-1,0.18337637276947444,0x1.778e081f3b632p-3,0.2327818820302102,0.8202811884467274,0x1.a3fbe55bce2fap-1,-0.02636858855518604,-0x1.b005e05f1df72p-6,-0.03214579210955358,-1.3277225685903369
H593-e8c8ae988bf96315bca9637e,OUTCOME-0131,49,2018,/hkfs/work/workspace/scratch/ap7811-benchmark/dailymed/data/box_flat_20000_images/data/raw_images/otc/CEO-TWO 2ct Box - C2B 547 1023.jpg,113,397.9490966796875,0x1.8df2f80000000p+8,False,False,False,CHALLENGER,49,-3.172931890901694,-0x1.9622a1d7edda0p+1,-3.172931890901694,-0x1.9622a1d7edda0p+1,5.953710218537265e-05,0.006026720360958462,0.009878855931504367,5.7945308332646506e-05,6.68134202032883e-05,1.5917938527261417e-06,-7.276318017915654e-06,-1.3277225685903369,0.0,-2.0162743501283495,-1.1566575407733444,False,115,-4.230144666744912,-0x1.0ebab0b2412a7p+2,-2.0162743501283495,-0x1.02154724c84f2p+1,0.4766443015481711,-0.13995779916496107,-0x1.1ea231d1de80bp-3,0.18592154208842762,0x1.7cc46ef7222b5p-3,-1.3284114440045707,0.009170266886190563,0x1.2c7dc62f967e9p-7,0.03422790628453945,0x1.18651f4348e84p-5,3.7324874738469167,-0.14893691391753322,-0x1.3105d6338b352p-3,-0.26664271896285435,-0x1.110ac9f6a5ddbp-2,1.7903064589514401,0.9999998719671626,0x1.fffffbb434d02p-1,0.23278185222648534,0x1.dcbcbb53520aap-3,0.2327818820302102,0.4735784319055978,0x1.e4f1be9480848p-2,-0.015223553819605723,-0x1.f2d86ce45d783p-7,-0.03214579210955358,-1.3277225685903369
H593-e8c8ae988bf96315bca9637e,OUTCOME-0131,50,2097,/hkfs/work/workspace/scratch/ap7811-benchmark/dailymed/data/box_flat_20000_images/data/raw_images/otc/CP1(1)(1).jpg,95,398.86224365234375,0x1.8edcbc0000000p+8,False,False,False,CHALLENGER,50,-2.3595044425028657,-0x1.2e043dd7a883cp+1,-2.3595044425028657,-0x1.2e043dd7a883cp+1,0.00020501842673753095,0.010114345440672235,0.020270063736710253,0.00020773390494436671,0.00024765320275971323,-2.7154782068357602e-06,-4.2634776022182277e-05,-1.3277225685903369,0.0,-1.8909868120120137,-0.46851763049085204,False,79,-3.967291344656734,-0x1.fbd033e98094bp+1,-1.8909868120120137,-0x1.e417b632c2473p+0,0.4766443015481711,0.44413289732536204,0x1.c6cac6345c51dp-2,-0.5899912234659179,-0x1.2e1354636d216p-1,-1.3284114440045707,0.2618060859693818,0x1.0c16e504876f0p-2,0.9771879364576066,0x1.f451fa2a4325ap-1,3.7324874738469167,0.20631662880881077,0x1.a689552ad6a89p-3,0.3693699931455007,0x1.7a3c20a2bc13ep-2,1.7903064589514401,0.39211466160489045,0x1.9186817f801d3p-2,0.0912771889000254,0x1.75df11d3248ccp-4,0.2327818820302102,-0.3534224020223698,-0x1.69e78fe9707a9p-2,0.01136104306227017,0x1.7447563350a0cp-7,-0.03214579210955358,-1.3277225685903369
H593-e8c8ae988bf96315bca9637e,OUTCOME-0131,51,2160,/hkfs/work/workspace/scratch/ap7811-benchmark/dailymed/data/box_flat_20000_images/data/raw_images/otc/CVS 172.jpg,94,398.92254638671875,0x1.8eec2c0000000p+8,False,False,False,CHALLENGER,51,-1.9952772667548286,-0x1.feca7daf2a0ccp+0,-1.9952772667548286,-0x1.feca7daf2a0ccp+0,0.0003353763830027391,0.01117505811454816,0.030011153370749097,0.00033229116097060503,0.00032441855626099466,3.085222032134054e-06,1.0957826741744424e-05,-1.3277225685903369,0.0,-1.8827130276621078,-0.11256423909272084,False,58,-3.9499329406581296,-0x1.f9976710c2880p+1,-1.8827130276621078,-0x1.e1f97b218fd87p+0,0.4766443015481711,0.6190382730903033,0x1.3cf295a3ca53bp-1,-0.8223375262499857,-0x1.a5096c9b08d26p-1,-1.3284114440045707,0.307617003662107,0x1.3afff3a9b0656p-2,1.1481766129111355,0x1.25eee70a7c41cp+0,3.7324874738469167,0.38467334654690555,0x1.89e7cf4c3f516p-2,0.6886831769093906,0x1.609b14d4432eap-1,1.7903064589514401,0.9999998925184739,0x1.fffffc64bd9fep-1,0.23278185701045825,0x1.dcbcbbf7b24ffp-3,0.2327818820302102,0.9999999680775975,0x1.fffffeedc9e50p-1,-0.03214579108338267,-0x1.07569c2d07980p-5,-0.03214579210955358,-1.3277225685903369
H593-e8c8ae988bf96315bca9637e,OUTCOME-0131,52,2177,/hkfs/work/workspace/scratch/ap7811-benchmark/dailymed/data/box_flat_20000_images/data/raw_images/otc/CVS DT NT Image.jpg,10,407.478271484375,0x1.977a700000000p+8,False,False,False,CHALLENGER,52,-2.0312975438429617,-0x1.04018ed3a0153p+1,-2.0312975438429617,-0x1.04018ed3a0153p+1,6.545178229866969e-05,0.006047073549217777,0.01082371196016563,6.974183503519912e-05,7.247356009552215e-05,-4.290052736529432e-06,-7.021777796852464e-06,-1.3277225685903369,0.0,-0.7088321887787682,-1.3224653550641934,False,61,-1.4871303117994614,-0x1.7cb4927611a80p+0,-0.7088321887787682,-0x1.6aec0d7a50563p-1,0.4766443015481711,-0.09325377349334826,-0x1.7df7ab361ecfep-4,0.12387937990517392,0x1.fb68f1d576b56p-4,-1.3284114440045707,0.010855831691367447,0x1.63b9510aeb3a1p-7,0.04051925580621939,0x1.4bef09d17896ep-5,3.7324874738469167,-0.10400431733983992,-0x1.aa006e59e0f1ep-4,-0.18619960109235068,-0x1.7d563769c256cp-3,1.7903064589514401,0.18352779704187072,0x1.77dd6bf19d348p-3,0.04272194600026511,0x1.5dfa6a1c9050dp-5,0.2327818820302102,0.4872727055467116,0x1.f2f79dba39ebfp-2,-0.015663767093164308,-0x1.00a299d96d641p-6,-0.03214579210955358,-1.3277225685903369
H593-e8c8ae988bf96315bca9637e,OUTCOME-0131,53,2247,/hkfs/work/workspace/scratch/ap7811-benchmark/dailymed/data/box_flat_20000_images/data/raw_images/otc/CVSBS16.jpg,70,400.1983642578125,0x1.9032c80000000p+8,False,False,False,CHALLENGER,53,-2.544094108718853,-0x1.45a4e03172662p+1,-2.544094108718853,-0x1.45a4e03172662p+1,0.00029365347012602925,0.007313607373270789,0.04015165911137798,0.00029999995992194674,0.00024932882246036874,-6.3464897959174846e-06,4.4324647665660514e-05,-1.3277225685903369,-4.440892098500626e-16,-1.707665543587128,-0.8364285651317249,False,87,-3.5826832252908956,-0x1.ca955d2a46ae6p+1,-1.707665543587128,-0x1.b52991ae36789p+0,0.4766443015481711,0.5763753633025799,0x1.271aabef359b2p-1,-0.7656636286534392,-0x1.880510299b3e5p-1,-1.3284114440045707,0.1055428235948837,0x1.b04dabfaae2c4p-4,0.3939372670223382,0x1.93644a7a25708p-2,3.7324874738469167,0.5013295633427772,0x1.00ae44be267f2p-1,0.8975335553158792,0x1.cb8984a649e2cp-1,1.7903064589514401,-0.010170029526628887,-0x1.4d40641bad466p-7,-0.00236739861351148,-0x1.364cb73e45f76p-9,0.2327818820302102,0.9999999845423255,0x1.ffffff7b3836ep-1,-0.03214579161265439,-0x1.07569c75c5afep-5,-0.03214579210955358,-1.3277225685903369
H593-e8c8ae988bf96315bca9637e,OUTCOME-0131,54,2388,/hkfs/work/workspace/scratch/ap7811-benchmark/dailymed/data/box_flat_20000_images/data/raw_images/otc/Carton-30pkt.jpg,119,397.48382568359375,0x1.8d7bdc0000000p+8,False,False,False,CHALLENGER,54,-3.5214314985183632,-0x1.c2be44709ecd6p+1,-3.5214314985183632,-0x1.c2be44709ecd6p+1,3.8652589904819066e-05,0.00503718229072657,0.00767345465658019,3.707494588237176e-05,4.393776261340988e-05,1.5776440224473051e-06,-5.285172708590811e-06,-1.3277225685903369,0.0,-2.080111453467754,-1.4413200450506092,False,124,-4.364074943750338,-0x1.174d00fe2cd8fp+2,-2.080111453467754,-0x1.0a41179456ea7p+1,0.4766443015481711,-0.3424589095815343,-0x1.5ead8c63818c1p-2,0.45492633458943665,0x1.d1d835849a672p-2,-1.3284114440045707,-0.08033404988631095,-0x1.490c5b504560dp-4,-0.2998458349240489,-0x1.330ac95b5cc78p-2,3.7324874738469167,-0.26954021341635853,-0x1.14025986520b1p-2,-0.4825595850264563,-0x1.ee2419903d667p-2,1.7903064589514401,0.9999998717347919,0x1.fffffbb235d31p-1,0.23278185217239364,0x1.dcbcbb51763efp-3,0.2327818820302102,0.5879538823366078,0x1.2d084a906248fp-1,-0.018900243271597523,-0x1.35a95daf3aa95p-6,-0.03214579210955358,-1.3277225685903369
H593-e8c8ae988bf96315bca9637e,OUTCOME-0131,55,2410,/hkfs/work/workspace/scratch/ap7811-benchmark/dailymed/data/box_flat_20000_images/data/raw_images/otc/Carton_page-0001.jpg,81,399.44195556640625,0x1.8f71240000000p+8,False,False,False,CHALLENGER,55,-2.904208608081647,-0x1.73bd1b903c762p+1,-2.904208608081647,-0x1.73bd1b903c762p+1,5.891306710119964e-05,0.007557530217640805,0.007795280389840138,6.16802204993931e-05,4.781531790569293e-05,-2.7671533981934556e-06,1.1097749195506712e-05,-1.3277225685903369,0.0,-1.8114479418142353,-1.0927606662674116,False,108,-3.8004187523705557,-0x1.e6741f2644b14p+1,-1.8114479418142353,-0x1.cfbb0d647fa7ap+0,0.4766443015481711,-0.14511913058673545,-0x1.293437ff26e01p-3,0.1927779138154131,0x1.8acf2599d3920p-3,-1.3284114440045707,0.12173451520582873,0x1.f29fe419a7ba4p-4,0.4543725531405827,0x1.d14709dfc15b5p-2,3.7324874738469167,-0.2622212444652703,-0x1.0c83b9d52dd4cp-2,-0.469456387640458,-0x1.e0b92cdf419a7p-2,1.7903064589514401,0.3841089921411038,0x1.8953de1d61dafp-2,0.08941361409533335,0x1.6e3cf845b4b8ap-4,0.2327818820302102,0.9999999682195501,0x1.fffffeef020d3p-1,-0.032145791087945845,-0x1.07569c2da8257p-5,-0.03214579210955358,-1.3277225685903369
H593-e8c8ae988bf96315bca9637e,OUTCOME-0131,56,2461,/hkfs/work/workspace/scratch/ap7811-benchmark/dailymed/data/box_flat_20000_images/data/raw_images/otc/Claritin 12.jpg,112,398.03424072265625,0x1.8e08c40000000p+8,False,False,False,CHALLENGER,56,-0.5694442941688403,-0x1.238e33d8b2ac9p-1,-0.5694442941688403,-0x1.238e33d8b2ac9p-1,0.003766990808669837,0.024208348998993708,0.1556070927772242,0.0035918159974724557,0.004386517755839321,0.00017517481119738113,-0.0006195269471694844,-1.3277225685903369,0.0,-2.0045922355857195,1.4351479414168793,False,9,-4.205635584176032,-0x1.0d2922273b83bp+2,-2.0045922355857195,-0x1.00967a76d3fe2p+1,0.4766443015481711,0.9589618174332463,0x1.eafd0b17fa1ebp-1,-1.273895852641746,-0x1.461e09e19b38cp+0,-1.3284114440045707,0.607164458894212,0x1.36de428c7d04cp-1,2.2662337373876875,0x1.2213f27596032p+1,3.7324874738469167,0.8421191654980934,0x1.af2a3e464c59dp-1,1.5076513811980334,0x1.81f570e003c8dp+0,1.7903064589514401,0.9999999944871237,0x1.ffffffd0a50e9p-1,0.23278188074691247,0x1.dcbcbf27465f2p-3,0.2327818820302102,-0.9363391393109687,-0x1.df67d7fa9c5d3p-1,0.030099363316328728,0x1.ed25e144bd4cfp-6,-0.03214579210955358,-1.3277225685903369
H593-e8c8ae988bf96315bca9637e,OUTCOME-0131,57,2488,/hkfs/work/workspace/scratch/ap7811-benchmark/dailymed/data/box_flat_20000_images/data/raw_images/otc/CliniCalm UC.jpg,99,398.5821228027344,0x1.8e95060000000p+8,False,False,False,CHALLENGER,57,-2.224891076729773,-0x1.1cc93b15dbb9ap+1,-2.224891076729773,-0x1.1cc93b15dbb9ap+1,0.00032918153860153816,0.009353883477492917,0.03519196485541076,0.0003097916098374245,0.00028061459199363743,1.938992876411366e-05,4.856694660790073e-05,-1.3277225685903369,0.0,-1.9294205501434836,-0.2954705265862896,False,69,-4.047925347846607,-0x1.0311357a69a37p+2,-1.9294205501434836,-0x1.edee815318ba2p+0,0.4766443015481711,0.6132553237339176,0x1.39fc9a0f11f48p-1,-0.8146553901448639,-0x1.a11a82e45d57ep-1,-1.3284114440045707,0.2250458452000832,0x1.cce4d609e15a8p-3,0.8399807982506028,0x1.ae11f69382355p-1,3.7324874738469167,0.45036454433256295,0x1.cd2c5cf4bec57p-2,0.8062905526013097,0x1.9cd21d84fe273p-1,1.7903064589514401,0.9999999609506657,0x1.fffffeb0919b1p-1,0.23278187294023264,0x1.dcbcbe1b0a16fp-3,0.2327818820302102,0.9999999854935985,0x1.ffffff836415fp-1,-0.03214579164323381,-0x1.07569c79f99adp-5,-0.03214579210955358,-1.3277225685903369
H593-e8c8ae988bf96315bca9637e,OUTCOME-0131,58,2509,/hkfs/work/workspace/scratch/ap7811-benchmark/dailymed/data/box_flat_20000_images/data/raw_images/otc/Cold and flu Nighttime-24ct.jpg,43,402.25830078125,0x1.9242200000000p+8,False,False,False,CHALLENGER,58,-2.412344372590736,-0x1.34c7b34d7bc1cp+1,-2.412344372590736,-0x1.34c7b34d7bc1cp+1,9.596539873737193e-05,0.007325852372031506,0.01309955399916967,9.792797563280413e-05,7.782886139041482e-05,-1.9625768954322013e-06,1.813653734695711e-05,-1.3277225685903369,0.0,-1.4250337401364,-0.9873106324543361,False,81,-2.989721550237356,-0x1.7eaf321d353b1p+1,-1.4250337401364,-0x1.6ccf02dd95183p+0,0.4766443015481711,0.09750073828797524,0x1.8f5cef2485f99p-4,-0.12952109654064092,-0x1.09425b4e45dc4p-3,-1.3284114440045707,0.10636987114681808,0x1.b3b0e4ddaf619p-4,0.397024211650209,0x1.968d83d308049p-2,3.7324874738469167,-0.008962079297310719,-0x1.25ab5ebe38cb2p-7,-0.016044868451610364,-0x1.06e10e512ba44p-6,1.7903064589514401,0.5202272603716896,0x1.0a5b3a3b91737p-1,0.1210994807527421,0x1.f00602565469ep-4,0.2327818820302102,0.9999999740291267,0x1.ffffff20e9721p-1,-0.032145791274699284,-0x1.07569c4752f2ep-5,-0.03214579210955358,-1.3277225685903369
H593-e8c8ae988bf96315bca9637e,OUTCOME-0131,59,2526,/hkfs/work/workspace/scratch/ap7811-benchmark/dailymed/data/box_flat_20000_images/data/raw_images/otc/Coltalin_Unit Box_24s.jpg,101,398.5140686035156,0x1.8e839a0000000p+8,False,False,False,CHALLENGER,59,-3.5091183404688815,-0x1.c12aca2f0dc72p+1,-3.5091183404688815,-0x1.c12aca2f0dc72p+1,2.9635715821344816e-05,0.004799884676386559,0.006174255803923841,2.937853420598447e-05,2.8318602115413422e-05,2.5718161536034535e-07,1.3171137059313937e-06,-1.3277225685903369,4.440892098500626e-16,-1.93875786750193,-1.5703604729669516,False,122,-4.067515044666894,-0x1.04522a9f35444p+2,-1.93875786750193,-0x1.f0526f83c892dp+0,0.4766443015481711,-0.4539721372595996,-0x1.d0de126b4d022p-2,0.6030617823948659,0x1.34c48391b4f32p-1,-1.3284114440045707,-0.10425481786902117,-0x1.ab0719932a86bp-4,-0.3891298017843132,-0x1.8e780af240170p-2,3.7324874738469167,-0.3670913083948545,-0x1.77e6c8b0ce97ap-2,-0.657205940444243,-0x1.507d4c09e3d02p-1,1.7903064589514401,0.9999998455809285,0x1.fffffad18cdeep-1,0.2327818460842481,0x1.dcbcba804659fp-3,0.2327818820302102,0.999999953885706,0x1.fffffe73e1985p-1,-0.03214579062717307,-0x1.07569bee54254p-5,-0.03214579210955358,-1.3277225685903369
H593-e8c8ae988bf96315bca9637e,OUTCOME-0131,60,2557,/hkfs/work/workspace/scratch/ap7811-benchmark/dailymed/data/box_flat_20000_images/data/raw_images/otc/CoughRelief Page 1.jpg,64,400.3669738769531,0x1.905df20000000p+8,False,False,False,CHALLENGER,60,-0.894262168724989,-0x1.c9dcbb21729e0p-1,-0.894262168724989,-0x1.c9dcbb21729e0p-1,0.0015551251145405696,0.015754025708017868,0.09871287145031779,0.0015414810791271544,0.0017872748835941327,1.3644035413415195e-05,-0.0002321497690535631,-1.3277225685903369,0.0,-1.6845316070824572,0.7902694383574682,False,14,-3.5341482141105875,-0x1.c45ef7fb69301p+1,-1.6845316070824572,-0x1.af3d76a17f5a9p+0,0.4766443015481711,0.9034117877105006,0x1.ce8bfd6613328p-1,-1.2001025574432567,-0x1.3339ebd410936p+0,-1.3284114440045707,0.45391239961066354,0x1.d0ce697e4e860p-2,1.6942223457705978,0x1.b1b88e3f3cb40p+0,3.7324874738469167,0.7619535298900397,0x1.861ec5e7e6222p-1,1.3641303259829873,0x1.5d37a5219428fp+0,1.7903064589514401,0.9999999496544733,0x1.fffffe4f89041p-1,0.23278187031068373,0x1.dcbcbdc0b0553p-3,0.2327818820302102,-0.838679670263298,-0x1.ad676bf733acfp-1,0.026960022326792926,0x1.b9b6878c5a338p-6,-0.03214579210955358,-1.3277225685903369
H593-e8c8ae988bf96315bca9637e,OUTCOME-0131,61,2611,/hkfs/work/workspace/scratch/ap7811-benchmark/dailymed/data/box_flat_20000_images/data/raw_images/otc/DAY TREATMENT LOTION SPF 15 1122.jpg,74,399.98583984375,0x1.8ffc600000000p+8,False,False,False,CHALLENGER,61,-0.986397001815497,-0x1.f909071f570bep-1,-0.986397001815497,-0x1.f909071f570bep-1,0.0015111141060392013,0.016144744780517594,0.09359789371602291,0.0015087452538502981,0.001492260139324075,2.3688521889032e-06,1.8853966715126234e-05,-1.3277225685903369,1.1102230246251565e-16,-1.7368247714275853,0.7504277696120882,False,21,-3.6438593009216045,-0x1.d269fb485783fp+1,-1.7368247714275853,-0x1.bca08c582a060p+0,0.4766443015481711,0.9007382856970373,0x1.cd2d918ea5d39p-1,-1.1965510467730027,-0x1.32512b5de2760p+0,-1.3284114440045707,0.46358366499691667,0x1.dab5ad207c7ebp-2,1.7303202226810368,0x1.baf6442005c1fp+0,3.7324874738469167,0.7505670841672847,0x1.804a542fe7b6ep-1,1.3437450986610389,0x1.57ffadc4e8d21p+0,1.7903064589514401,0.9999998835524145,0x1.fffffc17b90d3p-1,0.2327818549233221,0x1.dcbcbbaffbab2p-3,0.2327818820302102,0.9999999745041718,0x1.ffffff24fe14bp-1,-0.032145791289969985,-0x1.07569c496c3d2p-5,-0.03214579210955358,-1.3277225685903369
H593-e8c8ae988bf96315bca9637e,OUTCOME-0131,62,2678,/hkfs/work/workspace/scratch/ap7811-benchmark/dailymed/data/box_flat_20000_images/data/raw_images/otc/Day & Night ComboPack.jpg,13,407.28802490234375,0x1.9749bc0000000p+8,False,False,False,CHALLENGER,62,-2.2163379290082585,-0x1.1bb0f614fcc79p+1,-2.2163379290082585,-0x1.1bb0f614fcc79p+1,5.990391920026751e-05,0.00536155347263276,0.011172866130318017,6.435886160862155e-05,5.2616948534353085e-05,-4.45494240835404e-06,7.286970665914424e-06,-1.3277225685903369,0.0,-0.7349348060041289,-1.4814031230041298,False,68,-1.541893616722184,-0x1.8ab98a41bba1ep+0,-0.7349348060041289,-0x1.78495ff8f5ad5p-1,0.4766443015481711,-0.13694554781583296,-0x1.1876e8499d4cep-3,0.18192003292402764,0x1.74927d7f2ae3ap-3,-1.3284114440045707,-0.049264171687311044,-0x1.939274c85e745p-5,-0.1838779037323324,-0x1.7894fa77e6341p-3,3.7324874738469167,-0.08827693826812916,-0x1.6995142da45acp-4,-0.1580427727578892,-0x1.43abede2ea12ep-3,1.7903064589514401,0.1652443040845458,0x1.526b9b0f25b0bp-3,0.03846588009957292,0x1.3b1ccc2143c59p-5,0.2327818820302102,0.9999999638403135,0x1.fffffec964023p-1,-0.032145790947171814,-0x1.07569c1a4f19bp-5,-0.03214579210955358,-1.3277225685903369
H593-e8c8ae988bf96315bca9637e,OUTCOME-0131,63,2733,/hkfs/work/workspace/scratch/ap7811-benchmark/dailymed/data/box_flat_20000_images/data/raw_images/otc/F109101HTE_R1.jpg,16,406.3623352050781,0x1.965cc20000000p+8,False,False,False,CHALLENGER,63,-1.483961044139368,-0x1.7be4def91dd96p+0,-1.483961044139368,-0x1.7be4def91dd96p+0,0.0001427781487820775,0.008625290184890983,0.016553431330598428,0.00013919451576578098,0.00013787076428220635,3.5836330162965354e-06,4.907384499871164e-06,-1.3277225685903369,0.0,-0.8619432577681426,-0.6220177863712254,False,37,-1.8083574165651324,-0x1.cef082fba054bp+0,-0.8619432577681426,-0x1.b950a06e3e65dp-1,0.4766443015481711,0.2880730282235935,0x1.26fc9dac51f08p-2,-0.38267950740127327,-0x1.87dd23048d2adp-2,-1.3284114440045707,0.18621984483794626,0x1.7d60d47b8fb73p-3,0.6950632382393508,0x1.63df5429c79cdp-1,3.7324874738469167,0.10762681605305122,0x1.b8d6e571ed6a6p-4,0.19268498393615613,0x1.8a9e6cc37d156p-3,1.7903064589514401,0.9999998979834953,0x1.fffffc93af557p-1,0.23278185828261624,0x1.dcbcbc2368551p-3,0.2327818820302102,0.999999960436028,0x1.fffffeac25e7dp-1,-0.032145790837738365,-0x1.07569c0b44c0dp-5,-0.03214579210955358,-1.3277225685903369
H593-e8c8ae988bf96315bca9637e,OUTCOME-0131,64,2738,/hkfs/work/workspace/scratch/ap7811-benchmark/dailymed/data/box_flat_20000_images/data/raw_images/otc/F1109C03WNC_R0.jpg,9,407.8991394042969,0x1.97e62e0000000p+8,False,False,False,CHALLENGER,64,-1.994183957353231,-0x1.fe82d6ff0a3c8p+0,-1.994183957353231,-0x1.fe82d6ff0a3c8p+0,7.341153338136239e-05,0.006403126504887064,0.01146495127424586,8.247541111476715e-05,6.63036692116572e-05,-9.063877733404762e-06,7.1078641697051804e-06,-1.3277225685903369,0.0,-0.6510873709804128,-1.3430965863728181,False,57,-1.3659816531229672,-0x1.5db0f93f19629p+0,-0.6510873709804128,-0x1.4d5b52ea6623ep-1,0.4766443015481711,-0.03612611954516277,-0x1.27f1f6bf4aa21p-5,0.04799035063127142,0x1.89230f4f842adp-5,-1.3284114440045707,0.039441758166480156,0x1.431b5cad7f2a8p-5,0.14721586830288652,0x1.2d7f835e814fep-3,3.7324874738469167,-0.07546035617172187,-0x1.3515eb1e6ed38p-4,-0.13509716304900982,-0x1.14add2489f7dep-3,1.7903064589514401,-0.18617120177080781,-0x1.7d4753b88047cp-3,-0.043337282728034644,-0x1.6304de8076155p-5,0.2327818820302102,0.9999999636046011,0x1.fffffec75dabep-1,-0.03214579093959465,-0x1.07569c194480bp-5,-0.03214579210955358,-1.3277225685903369
H593-e8c8ae988bf96315bca9637e,OUTCOME-0131,65,2739,/hkfs/work/workspace/scratch/ap7811-benchmark/dailymed/data/box_flat_20000_images/data/raw_images/otc/F1112C02CAR_R1.jpg,62,400.4654235839844,0x1.9077260000000p+8,False,False,False,CHALLENGER,65,-2.2429646049348744,-0x1.1f1976d423f2cp+1,-2.2429646049348744,-0x1.1f1976d423f2cp+1,0.00018229528317238364,0.00826825212973583,0.022047620260245735,0.000181691639031705,0.00019255393639761498,6.036441406786293e-07,-1.0258653225231335e-05,-1.3277225685903369,-4.440892098500626e-16,-1.6710239004464271,-0.5719407044884472,False,70,-3.5058090383517326,-0x1.c0be59bedef6ap+1,-1.6710239004464271,-0x1.abc838eb4073ap+0,0.4766443015481711,0.39577694111636824,0x1.95468cea6c41bp-2,-0.5257546178521066,-0x1.0d2fb592caa32p-1,-1.3284114440045707,0.165737546824894,0x1.536e34faa8526p-3,0.6186133174700337,0x1.3cbae27ecec6cp-1,3.7324874738469167,0.24618813073611853,0x1.f8317b9166673p-3,0.44075220057405456,0x1.c3548b7c6c219p-2,1.7903064589514401,0.9999998534228669,0x1.fffffb14e979cp-1,0.2327818479097093,0x1.dcbcbabeff472p-3,0.2327818820302102,0.3300862509045926,0x1.52022151fa57dp-2,-0.010610883999800976,-0x1.5bb28be161b9ep-7,-0.03214579210955358,-1.3277225685903369
H593-e8c8ae988bf96315bca9637e,OUTCOME-0131,66,2742,/hkfs/work/workspace/scratch/ap7811-benchmark/dailymed/data/box_flat_20000_images/data/raw_images/otc/F111905QCH_R0_DF012313.jpg,63,400.40386962890625,0x1.9067640000000p+8,False,False,False,CHALLENGER,66,-2.3604326472444566,-0x1.2e22a83029aecp+1,-2.3604326472444566,-0x1.2e22a83029aecp+1,0.0001941400375896337,0.007453751097868528,0.02604595123187705,0.00019202129357521905,0.00012250766113819142,2.1187440144146484e-06,7.163237645144228e-05,-1.3277225685903369,4.440892098500626e-16,-1.6794693574473174,-0.6809632897971392,False,80,-3.523527611664073,-0x1.c302f3e953392p+1,-1.6794693574473174,-0x1.adf1b42cded01p+0,0.4766443015481711,0.4219873614764183,0x1.b01d747377581p-2,-0.5605728402105675,-0x1.1f03673f75df9p-1,-1.3284114440045707,0.11491782159921922,0x1.d6b411d7f078dp-4,0.4289293296408604,0x1.b739400c6929ep-2,3.7324874738469167,0.3227194562830741,0x1.4a76f81a13276p-2,0.5777667270128845,0x1.27d10a5a797f3p-1,1.7903064589514401,0.9999998800591995,0x1.fffffbf9b763fp-1,0.23278185411016492,0x1.dcbcbb940b0ffp-3,0.2327818820302102,0.9999999891304954,0x1.ffffffa2a1b4ep-1,-0.032145791760144746,-0x1.07569c8a0b0aep-5,-0.03214579210955358,-1.3277225685903369
H593-e8c8ae988bf96315bca9637e,OUTCOME-0131,67,2778,/hkfs/work/workspace/scratch/ap7811-benchmark/dailymed/data/box_flat_20000_images/data/raw_images/otc/G0XAHS06-back card.jpg,87,399.11651611328125,0x1.8f1dd40000000p+8,False,False,False,CHALLENGER,67,-3.028513353504823,-0x1.83a6535866b86p+1,-3.028513353504823,-0x1.83a6535866b86p+1,6.797331153536202e-05,0.005767907317861052,0.011784744065646495,6.792303758659934e-05,7.36409900799304e-05,5.0273948762682985e-08,-5.667678544568378e-06,-1.3277225685903369,-4.440892098500626e-16,-1.8560995796216215,-1.1724137738832014,False,114,-3.8940979124116066,-0x1.f271cce69d679p+1,-1.8560995796216215,-0x1.db295790981e5p+0,0.4766443015481711,-0.07448658200452869,-0x1.3118d79b34515p-4,0.09894882795960083,0x1.954b5dc10635ap-4,-1.3284114440045707,-0.01277560300851852,-0x1.a2a1868ddbab2p-7,-0.047684778200136356,-0x1.86a23a5c5f05bp-5,3.7324874738469167,-0.06176976028338822,-0x1.fa04938990b02p-5,-0.11058680080323208,-0x1.c4f6aa4d1b3b4p-4,1.7903064589514401,0.9999998404843244,0x1.fffffaa5c551ep-1,0.23278184489785103,0x1.dcbcba5782b14p-3,0.2327818820302102,0.5646244175626788,0x1.2116739fe8d57p-1,-0.018150299146947647,-0x1.295fdf4feba1dp-6,-0.03214579210955358,-1.3277225685903369
H593-e8c8ae988bf96315bca9637e,OUTCOME-0131,68,2856,/hkfs/work/workspace/scratch/ap7811-benchmark/dailymed/data/box_flat_20000_images/data/raw_images/otc/LoraABC.jpg,26,404.680908203125,0x1.94ae500000000p+8,False,False,False,CHALLENGER,68,-1.092062763649251,-0x1.17916cdf0d8b9p+0,-1.092062763649251,-0x1.17916cdf0d8b9p+0,0.0002992207423646724,0.012577856214902953,0.023789486638441517,0.00028149430988612015,0.00039858823820195476,1.7726432478552237e-05,-9.936749583728236e-05,-1.3277225685903369,0.0,-1.0926419907270282,0.0005792270777771336,False,24,-2.2923634819047605,-0x1.256c2aa4a9ae6p+1,-1.0926419907270282,-0x1.17b762b068af1p+0,0.4766443015481711,0.5826123746310305,0x1.2a4c2b4e9202ap-1,-0.7739489458785392,-0x1.8c430946a4dd3p-1,-1.3284114440045707,0.3601323346210291,0x1.70c687ddb7c16p-2,1.3441894279002375,0x1.581ccc6075e16p+0,3.7324874738469167,0.2815552825747309,0x1.2050072ab2b23p-2,0.5040702409454386,0x1.02157e9f7eb83p-1,1.7903064589514401,0.9999999582378633,0x1.fffffe9944171p-1,0.2327818723087414,0x1.dcbcbe05576f1p-3,0.2327818820302102,-0.6597815452782834,-0x1.51cee2fef2faep-1,0.02120920039223571,0x1.5b7dd583c60bbp-6,-0.03214579210955358,-1.3277225685903369
H593-e8c8ae988bf96315bca9637e,OUTCOME-0131,69,2857,/hkfs/work/workspace/scratch/ap7811-benchmark/dailymed/data/box_flat_20000_images/data/raw_images/otc/LoraD-5s-CVS.jpg,83,399.36279296875,0x1.8f5ce00000000p+8,False,False,False,CHALLENGER,69,-2.1869806702828787,-0x1.17eefb8becb01p+1,-2.1869806702828787,-0x1.17eefb8becb01p+1,0.00034627879527408237,0.008465048248215496,0.04090688973297711,0.00032383391685646276,0.00036060166250984017,2.2444878417619612e-05,-1.4322867235757805e-05,-1.3277225685903369,0.0,-1.822309377342401,-0.3646712929404776,False,66,-3.823206049927428,-0x1.e95ed0db2760fp+1,-1.822309377342401,-0x1.d282de0ae1366p+0,0.4766443015481711,0.6288065409019237,0x1.41f2ee515e8a4p-1,-0.8353138049990435,-0x1.abae4044bc867p-1,-1.3284114440045707,0.17715298805128268,0x1.6acf2f908d2f5p-3,0.6612213088559651,0x1.528b9971e8cc8p-1,3.7324874738469167,0.5082725540694875,0x1.043c4cda5d9d4p-1,0.9099636364583484,0x1.d1e6c0f64692fp-1,1.7903064589514401,0.9999999651125236,0x1.fffffed451a0dp-1,0.2327818739090378,0x1.dcbcbe3c53ca3p-3,0.2327818820302102,0.17426039947491725,0x1.64e2a2e5dc7f9p-3,-0.00560173857444845,-0x1.6f1d93fa5e0f9p-8,-0.03214579210955358,-1.3277225685903369
H593-e8c8ae988bf96315bca9637e,OUTCOME-0131,70,2932,/hkfs/work/workspace/scratch/ap7811-benchmark/dailymed/data/box_flat_20000_images/data/raw_images/otc/PKG triple antibiotic ointment.jpg,102,398.46044921875,0x1.8e75e00000000p+8,False,False,False,CHALLENGER,70,-3.564338910230483,-0x1.c83c41e5a66d2p+1,-3.564338910230483,-0x1.c83c41e5a66d2p+1,4.5499542367399465e-05,0.0040698268709723675,0.011179724300294049,4.4707451463763947e-05,4.377038443124553e-05,7.920909036355188e-07,1.7291579361539383e-06,-1.3277225685903369,-4.440892098500626e-16,-1.9461146686673068,-1.6182242415631765,False,125,-4.082949617453103,-0x1.054f0be98b508p+2,-1.9461146686673068,-0x1.f234922831243p+0,0.4766443015481711,-0.2685785543199281,-0x1.130641acd81dbp-2,0.35678282517279575,0x1.6d587a17910afp-2,-1.3284114440045707,-0.18497659275755343,-0x1.7ad502035a86dp-3,-0.6904228154224504,-0x1.617f19694da79p-1,3.7324874738469167,-0.08797250331513984,-0x1.6855db0af8f18p-4,-0.15749774089522184,-0x1.428e2cf2b5fc0p-3,1.7903064589514401,0.99999985736279,0x1.fffffb36c1754p-1,0.232781848826852,0x1.dcbcbade828cep-3,0.2327818820302102,0.9999999547455908,0x1.fffffe7b44807p-1,-0.03214579065481475,-0x1.07569bf220b36p-5,-0.03214579210955358,-1.3277225685903369
H593-e8c8ae988bf96315bca9637e,OUTCOME-0131,71,3039,/hkfs/work/workspace/scratch/ap7811-benchmark/dailymed/data/box_flat_20000_images/data/raw_images/otc/Topicale Xtra Box Cherry_R4-OL1.jpg,51,401.29779052734375,0x1.914c3c0000000p+8,False,False,False,CHALLENGER,71,-2.4339128858929016,-0x1.378a751b1c8b0p+1,-2.4339128858929016,-0x1.378a751b1c8b0p+1,6.896958431888798e-05,0.007676270847087416,0.00898477733430379,6.908831145285683e-05,9.394020291928397e-05,-1.1872713396885522e-07,-2.497061860039599e-05,-1.3277225685903369,0.0,-1.5568197161631883,-0.8770931697297133,False,82,-3.266208598543061,-0x1.a2131f9454064p+1,-1.5568197161631883,-0x1.8e8bbca6b05b8p+0,0.4766443015481711,-0.06724792700343551,-0x1.13728ff341be8p-4,0.08933291581694773,0x1.6de859fe3de5bp-4,-1.3284114440045707,0.12940627636598792,0x1.090628671cc95p-3,0.4830073055732222,0x1.ee997794aa0dbp-2,3.7324874738469167,-0.1949576233415916,-0x1.8f45f142dd3acp-3,-0.34903389229027354,-0x1.6569240254497p-2,1.7903064589514401,0.9625312966538201,0x1.ecd0e6f1025f1p-1,0.2240598467480548,0x1.cadfe391098f0p-3,0.2327818820302102,-0.10151322454743351,-0x1.9fcc54b8af071p-4,0.003263223012672229,0x1.abb7983ceb2f5p-9,-0.03214579210955358,-1.3277225685903369
H593-e8c8ae988bf96315bca9637e,OUTCOME-0131,72,3040,/hkfs/work/workspace/scratch/ap7811-benchmark/dailymed/data/box_flat_20000_images/data/raw_images/otc/Topicale Xtra Box Strawberry_R4-OL1.jpg,44,402.23858642578125,0x1.923d140000000p+8,False,False,False,CHALLENGER,72,-2.2988674093549446,-0x1.2641498a82869p+1,-2.2988674093549446,-0x1.2641498a82869p+1,6.981598017698489e-05,0.007665478818681315,0.009107843336131644,6.876533063535377e-05,8.946851149158686e-05,1.050649541631119e-06,-1.965253131460197e-05,-1.3277225685903369,0.0,-1.4277386311738691,-0.8711287781810755,False,74,-2.9953964130830535,-0x1.7f6926505fab8p+1,-1.4277386311738691,-0x1.6d80476820a8bp+0,0.4766443015481711,-0.06117442860672521,-0x1.f5241346f4b55p-5,0.08126481104161434,0x1.4cdc549bd4642p-4,-1.3284114440045707,0.12871455139781465,0x1.079b7ea62ef35p-3,0.4804254507941683,0x1.ebf4a63d4edbcp-2,3.7324874738469167,-0.18840546837552102,-0x1.81dab9e87bc02p-3,-0.3373035269344666,-0x1.5966188409347p-2,1.7903064589514401,0.9999998624361559,0x1.fffffb6255e86p-1,0.23278185000783966,0x1.dcbcbb0716a0bp-3,0.2327818820302102,0.017880862849334173,0x1.24f5c64a60b15p-6,-0.0005747944998941362,-0x1.2d5b9ca1b8ebdp-11,-0.03214579210955358,-1.3277225685903369
H593-e8c8ae988bf96315bca9637e,OUTCOME-0131,73,3055,/hkfs/work/workspace/scratch/ap7811-benchmark/dailymed/data/box_flat_20000_images/data/raw_images/otc/Unit Carton.jpg,103,398.45904541015625,0x1.8e75840000000p+8,False,False,False,CHALLENGER,73,-0.46227065671802525,-0x1.d95d7aa204774p-2,-0.46227065671802525,-0x1.d95d7aa204774p-2,0.007385401563152369,0.0396477338114526,0.1862755031163731,0.007891018945976245,0.007549955700637618,-0.0005056173828238758,-0.0001645541374852488,-1.3277225685903369,0.0,-1.946307277007436,1.4840366202894109,False,7,-4.08335370985388,-0x1.0555aacc74a6fp+2,-1.946307277007436,-0x1.f2413196b6b86p+0,0.4766443015481711,0.9788555357915139,0x1.f52c8d83775a2p-1,-1.3003228957726727,-0x1.4ce1f6179569dp+0,-1.3284114440045707,0.7402742806562775,0x1.7b053b02fa2ebp-1,2.763064479760593,0x1.61ac18cca7ceep+1,3.7324874738469167,0.8663759973955895,0x1.bb95a27db4f5dp-1,1.5510785440178199,0x1.8d137bc415761p+0,1.7903064589514401,-0.9757004162099703,-0x1.f38f0144a17d8p-1,-0.22712537918301628,-0x1.d1271c5d76136p-3,0.2327818820302102,-0.7797113840468973,-0x1.8f36549d99c39p-1,0.025064440057023855,0x1.9aa7e195991b1p-6,-0.03214579210955358,-1.3277225685903369
H593-e8c8ae988bf96315bca9637e,OUTCOME-0131,74,3070,/hkfs/work/workspace/scratch/ap7811-benchmark/dailymed/data/box_flat_20000_images/data/raw_images/otc/Walg FexoD24 15ct carton.jpg,86,399.18292236328125,0x1.8f2ed40000000p+8,False,False,False,CHALLENGER,74,-2.602143907370942,-0x1.4d130d32d269ap+1,-2.602143907370942,-0x1.4d130d32d269ap+1,0.00012514139155632312,0.00776358781258549,0.016119015405925776,0.00011778764061449448,0.00012011871319050802,7.35375094182864e-06,5.0226783658150934e-06,-1.3277225685903369,4.440892098500626e-16,-1.8469883677059358,-0.755155539665006,False,93,-3.874982584931362,-0x1.efff6de96cc46p+1,-1.8469883677059358,-0x1.d8d43acb63b0dp+0,0.4766443015481711,0.22654045417595817,0x1.cff4710f40fa1p-3,-0.30093893185733583,-0x1.342955d9ae853p-2,-1.3284114440045707,0.13496280208565495,0x1.146760a91344dp-3,0.5037469682199877,0x1.01eb1f63ed913p-1,3.7324874738469167,0.09446590424864422,0x1.82eeae155c231p-4,0.16912291852703604,0x1.5a5d1de09f1d2p-3,1.7903064589514401,0.999999926321353,0x1.fffffd871af12p-1,0.2327818648791561,0x1.dcbcbd06101c4p-3,0.2327818820302102,0.999999960615679,0x1.fffffeadb0f65p-1,-0.032145790843513385,-0x1.07569c0c0ff19p-5,-0.03214579210955358,-1.3277225685903369
H593-e8c8ae988bf96315bca9637e,OUTCOME-0131,75,3230,/hkfs/work/workspace/scratch/ap7811-benchmark/dailymed/data/box_flat_20000_images/data/raw_images/otc/aspirin-81-mg-enteric-coated-tablets-tcb-delisted-1.jpg,105,398.27777099609375,0x1.8e471c0000000p+8,False,False,False,CHALLENGER,75,-2.5466083024765,-0x1.45f742c76de80p+1,-2.5466083024765,-0x1.45f742c76de80p+1,0.00030531496641024377,0.009768269423859093,0.03125578883650659,0.0003198148479999573,0.00031777093989429807,-1.4499881589713514e-05,-1.2455973484054301e-05,-1.3277225685903369,-4.440892098500626e-16,-1.9711788757111002,-0.5754294267653997,False,88,-4.1355343372585915,-0x1.08ac983680af1p+2,-1.9711788757111002,-0x1.f89f2dc5bec70p+0,0.4766443015481711,0.5892325171314069,0x1.2dafe26da367fp-1,-0.7827432189369802,-0x1.90c3b81d000cdp-1,-1.3284114440045707,0.24551895162231155,0x1.f6d2a3de20d69p-3,0.916396411522305,0x1.d531e91351f31p-1,3.7324874738469167,0.4018480153428018,0x1.9b7e0bcf7079ep-2,0.7194310973850354,0x1.705945d5fcfd1p-1,1.7903064589514401,-0.3996981726998685,-0x1.994a7a50114d0p-2,-0.09304249288511138,-0x1.7d1a20014721ap-4,0.2327818820302102,0.24104726472141985,0x1.edaa30362667ep-3,-0.007748655260311292,-0x1.fbd0dcee5705ep-8,-0.03214579210955358,-1.3277225685903369
H593-e8c8ae988bf96315bca9637e,OUTCOME-0131,76,3233,/hkfs/work/workspace/scratch/ap7811-benchmark/dailymed/data/box_flat_20000_images/data/raw_images/otc/aspirin.jpg,120,397.38543701171875,0x1.8d62ac0000000p+8,False,False,False,CHALLENGER,76,-2.6915134288421365,-0x1.58838314cf972p+1,-2.6915134288421365,-0x1.58838314cf972p+1,0.0001278186325721861,0.009161378238386725,0.013951899948483554,0.00012665978847216714,0.0001190538006287521,1.1588441000189584e-06,8.764831943433997e-06,-1.3277225685903369,0.0,-2.0936107858281265,-0.59790264301401,False,98,-4.392396550274377,-0x1.191d066b9f778p+2,-2.0936107858281265,-0x1.0bfb702fd7a31p+1,0.4766443015481711,0.23655693180780757,0x1.e477f5ee0d970p-3,-0.3142449353721004,-0x1.41c96ca16d5e4p-2,-1.3284114440045707,0.21515215253362813,0x1.b8a1b1165e13ep-3,0.8030527143029681,0x1.9b29b9b1ca621p-1,3.7324874738469167,0.022552612136463004,0x1.718082e430d87p-6,0.040376087174136356,0x1.4ac2cabe81ee5p-5,1.7903064589514401,0.9999998644535826,0x1.fffffb73aa46ap-1,0.23278185047746003,0x1.dcbcbb173973cp-3,0.2327818820302102,0.9999999656746271,0x1.fffffed925b4fp-1,-0.03214579100613728,-0x1.07569c2269c36p-5,-0.03214579210955358,-1.3277225685903369
H593-e8c8ae988bf96315bca9637e,OUTCOME-0131,77,3323,/hkfs/work/workspace/scratch/ap7811-benchmark/dailymed/data/box_flat_20000_images/data/raw_images/otc/bb-e8l8-01.jpg,6,408.01611328125,0x1.9804200000000p+8,False,False,False,CHALLENGER,77,-0.9676393669282006,-0x1.ef6e6d568eba6p-1,-0.9676393669282006,-0x1.ef6e6d568eba6p-1,0.00039721051129129446,0.008634473628189929,0.046002863451279415,0.0003596344984386597,0.0003901821347693917,3.757601285263475e-05,7.028376521902755e-06,-1.3277225685903369,0.0,-0.6350380716822404,-0.33260129524596027,False,19,-1.3323102145973342,-0x1.5512483fd281cp+0,-0.6350380716822404,-0x1.4523b5cb2e250p-1,0.4766443015481711,0.6685135928387714,0x1.564769e459145p-1,-0.8880611071996359,-0x1.c6aff2088b41dp-1,-1.3284114440045707,0.18673341519883738,0x1.7e6e16bacb901p-3,0.696980133178316,0x1.64da947becd8dp-1,3.7324874738469167,0.5505013717954279,0x1.19db50d8876c8p-1,0.9855661615869827,0x1.f89c20c01ee53p-1,1.7903064589514401,0.9999999771661947,0x1.ffffff3bdbee6p-1,0.23278187671491402,0x1.dcbcbe9cbc89cp-3,0.2327818820302102,0.9999999634990043,0x1.fffffec675763p-1,-0.03214579093620016,-0x1.07569c18cd11dp-5,-0.03214579210955358,-1.3277225685903369
H593-e8c8ae988bf96315bca9637e,OUTCOME-0131,78,3425,/hkfs/work/workspace/scratch/ap7811-benchmark/dailymed/data/box_flat_20000_images/data/raw_images/otc/best-choice-44-773-1.jpg,100,398.55474853515625,0x1.8e8e040000000p+8,False,False,False,CHALLENGER,78,-2.302589636765593,-0x1.26bb41d902249p+1,-2.302589636765593,-0x1.26bb41d902249p+1,0.0002026723913259044,0.010170166931099426,0.01992812828923693,0.00019791205774755274,0.00019143347541588949,4.760333578351656e-06,1.1238915910014908e-05,-1.3277225685903369,0.0,-1.9331764127760067,-0.3694132239895862,False,75,-4.055805149661763,-0x1.03924fc32fb8ep+2,-1.9331764127760067,-0x1.eee4a63e45840p+0,0.4766443015481711,0.43950170166428876,0x1.c20cbbecbce57p-2,-0.5838390901503239,-0x1.2aecf50ca4e20p-1,-1.3284114440045707,0.26436754344392865,0x1.0eb65d84dcb4ap-2,0.9867485443961442,0x1.f9371aef1d34dp-1,3.7324874738469167,0.1981581526703572,0x1.95d3f1093d5b4p-3,0.354763820619626,0x1.6b4734fd76125p-2,1.7903064589514401,0.9999999089173222,0x1.fffffcf19b12cp-1,0.23278186082781302,0x1.dcbcbc7adc1ebp-3,0.2327818820302102,0.9999999683614912,0x1.fffffef03a2efp-1,-0.03214579109250865,-0x1.07569c2e48af9p-5,-0.03214579210955358,-1.3277225685903369
H593-e8c8ae988bf96315bca9637e,OUTCOME-0131,79,3652,/hkfs/work/workspace/scratch/ap7811-benchmark/dailymed/data/box_flat_20000_images/data/raw_images/otc/care carton.jpg,109,398.08599853515625,0x1.8e16040000000p+8,False,False,False,CHALLENGER,79,-1.0524239080551294,-0x1.0d6ba73aa0132p+0,-1.0524239080551294,-0x1.0d6ba73aa0132p+0,0.0014502575722054637,0.02002940972289439,0.07240640599347084,0.0014046756510574523,0.0013847766205325883,4.5581921148011434e-05,6.548095167287541e-05,-1.3277225685903369,0.0,-1.9974908498279058,0.9450669417727764,False,22,-4.1907368730517245,-0x1.0c35086df9806p+2,-1.9974908498279058,-0x1.ff5b8f7211f24p+0,0.4766443015481711,0.8967879624764771,0x1.cb27cab490de1p-1,-1.1913033921992937,-0x1.30f942551c1dbp+0,-1.3284114440045707,0.5438946742502152,0x1.16795cdcbf1a5p-1,2.0300800587309773,0x1.03d9a9d241728p+1,3.7324874738469167,0.6889193477816673,0x1.60ba09689b9a4p-1,1.2333767580301325,0x1.3bbe944762cbfp+0,1.7903064589514401,0.999999980695213,0x1.ffffff5a2c531p-1,0.23278187753640553,0x1.dcbcbeb8f6743p-3,0.2327818820302102,0.9999999883516527,0x1.ffffff9bf1037p-1,-0.03214579173510823,-0x1.07569c869a260p-5,-0.03214579210955358,-1.3277225685903369
H593-e8c8ae988bf96315bca9637e,OUTCOME-0131,80,3660,/hkfs/work/workspace/scratch/ap7811-benchmark/dailymed/data/box_flat_20000_images/data/raw_images/otc/careone-acetaminophen-carton-image.jpg,47,401.77374267578125,0x1.91c6140000000p+8,False,False,False,CHALLENGER,80,-1.6376367297119527,-0x1.a33c2924d75acp+0,-1.6376367297119527,-0x1.a33c2924d75acp+0,0.0003269055538872301,0.010343330704972042,0.03160544346997302,0.00032423737526968854,0.00039211367598160704,2.668178617541543e-06,-6.520812209437696e-05,-1.3277225685903369,0.0,-1.491517114583669,-0.14611961512828375,False,41,-3.129203705444765,-0x1.9089bf3cb421dp+1,-1.491517114583669,-0x1.7dd410cc8fa71p+0,0.4766443015481711,0.611086320498048,0x1.38e04e6324e91p-1,-0.8117740614242518,-0x1.9fa0d98b1dd3dp-1,-1.3284114440045707,0.272201541069285,0x1.16bc003340e6bp-2,1.0159888424029333,0x1.0417d84338b40p+0,3.7324874738469167,0.40650172431586795,0x1.a041fceed129cp-2,0.727762662617596,0x1.749d4ec66289bp-1,1.7903064589514401,0.9999998874745825,0x1.fffffc3969fd7p-1,0.2327818558363317,0x1.dcbcbbcf5a960p-3,0.2327818820302102,-0.523976947652757,-0x1.0c46b4dc0d90dp-1,0.016843654029443968,0x1.13f767cce705ap-6,-0.03214579210955358,-1.3277225685903369
H593-e8c8ae988bf96315bca9637e,OUTCOME-0131,81,3669,/hkfs/work/workspace/scratch/ap7811-benchmark/dailymed/data/box_flat_20000_images/data/raw_images/otc/careone-ibuprofen-carton-image.jpg,57,400.7794189453125,0x1.90c7880000000p+8,False,False,False,CHALLENGER,81,-2.076987184345251,-0x1.09dab74f7cab4p+1,-2.076987184345251,-0x1.09dab74f7cab4p+1,0.0003136394500095756,0.010661218721792858,0.029418723899591097,0.00032216028835415294,0.00027938730466311513,-8.520838344577332e-06,3.425214534646048e-05,-1.3277225685903369,0.0,-1.6279424393248783,-0.4490447450203727,False,63,-3.4154241098387566,-0x1.b52c9e02dd1a8p+1,-1.6279424393248783,-0x1.a0c0d5f0abbaap+0,0.4766443015481711,0.597943236585316,0x1.32259dabff243p-1,-0.7943146383450662,-0x1.96b06884da2d5p-1,-1.3284114440045707,0.28615694485194926,0x1.2506537ea64b9p-2,1.0680772122142035,0x1.116d821810175p+0,3.7324874738469167,0.37614718723776,0x1.812cba6eac9d0p-2,0.6734187388281784,0x1.58ca57478fa9bp-1,1.7903064589514401,-0.15618783252904408,-0x1.3fdf6805f6843p-3,-0.03635769760633017,-0x1.29d79e45aa5b7p-5,0.2327818820302102,0.9999999816917824,0x1.ffffff62bbcdcp-1,-0.03214579152102142,-0x1.07569c692da37p-5,-0.03214579210955358,-1.3277225685903369
H593-e8c8ae988bf96315bca9637e,OUTCOME-0131,82,3672,/hkfs/work/workspace/scratch/ap7811-benchmark/dailymed/data/box_flat_20000_images/data/raw_images/otc/careone-migraine-relief-carton-image.jpg,97,398.79669189453125,0x1.8ecbf40000000p+8,False,False,False,CHALLENGER,82,-1.9806859528079672,-0x1.fb0e3c0ef4f21p+0,-1.9806859528079672,-0x1.fb0e3c0ef4f21p+0,0.0003439110229634915,0.011265957995360384,0.030526567124173818,0.0003360638902226687,0.00035035857720867674,7.84713274082279e-06,-6.447554245185257e-06,-1.3277225685903369,0.0,-1.89998078406849,-0.0807051687394773,False,54,-3.9861607028495487,-0x1.fe3a838fab6a7p+1,-1.89998078406849,-0x1.e66524029a442p+0,0.4766443015481711,0.6267279018805615,0x1.40e27ac422aabp-1,-0.8325525171351116,-0x1.aa4452d298772p-1,-1.3284114440045707,0.31127975081165266,0x1.3ec01e769282fp-2,1.1618477707666832,0x1.296edb025f97cp+0,3.7324874738469167,0.3919037573649456,0x1.914f37f43f729p-2,0.7016278280978001,0x1.673bc33f4980ep-1,1.7903064589514401,0.9999999289057502,0x1.fffffd9d4e176p-1,0.2327818654807569,0x1.dcbcbd1abbd8ep-3,0.2327818820302102,0.5191207391125287,0x1.09ca318a53cb1p-1,-0.016687547359269146,-0x1.1168a58a25102p-6,-0.03214579210955358,-1.3277225685903369
H593-e8c8ae988bf96315bca9637e,OUTCOME-0131,83,3772,/hkfs/work/workspace/scratch/ap7811-benchmark/dailymed/data/box_flat_20000_images/data/raw_images/otc/cartonimage0001v1.jpg,114,397.91888427734375,0x1.8deb3c0000000p+8,False,False,False,CHALLENGER,83,-2.914677384345368,-0x1.7514260613bc2p+1,-2.914677384345368,-0x1.7514260613bc2p+1,0.00022629642536750033,0.00750981108302254,0.030133437827629186,0.0002341759838486968,0.0002049148274727564,-7.87955848119648e-06,2.1381597894743918e-05,-1.3277225685903369,0.0,-2.0204196165789603,-0.8942577677664079,False,109,-4.238841437979031,-0x1.0f492d99432bdp+2,-2.0204196165789603,-0x1.029d1c28b3a5bp+1,0.4766443015481711,0.48288557344107497,0x1.ee798e468ef96p-2,-0.6414707219038336,-0x1.486ed9b7d6428p-1,-1.3284114440045707,0.11861318796748878,0x1.e5d6f1331d591p-4,0.4427222383217017,0x1.c558fa7b36e9fp-2,3.7324874738469167,0.38640431123834046,0x1.8bad925f3553dp-2,0.6917821341766834,0x1.623144947debcp-1,1.7903064589514401,-0.11780581113900537,-0x1.e28858a1eeb7ap-4,-0.02742305843103317,-0x1.c14ca4c786815p-6,0.2327818820302102,0.9999999760477517,0x1.ffffff324072fp-1,-0.032145791339589586,-0x1.07569c503e12cp-5,-0.03214579210955358,-1.3277225685903369
H593-e8c8ae988bf96315bca9637e,OUTCOME-0131,84,3791,/hkfs/work/workspace/scratch/ap7811-benchmark/dailymed/data/box_flat_20000_images/data/raw_images/otc/cc-100.jpg,98,398.7210693359375,0x1.8eb8980000000p+8,False,False,False,CHALLENGER,84,-2.7965092016760584,-0x1.65f4037614b3ep+1,-2.7965092016760584,-0x1.65f4037614b3ep+1,0.00011166471394164718,0.007656556721550086,0.014584194697775376,0.00011357691982978853,0.00012114011165427581,-1.9122058881413523e-06,-9.475397712628632e-06,-1.3277225685903369,0.0,-1.9103565116085037,-0.8861526900675547,False,102,-4.00792898478707,-0x1.0081e8929675fp+2,-1.9103565116085037,-0x1.e90d1fd50f25ap+0,0.4766443015481711,0.17184579097877836,0x1.5ff0afa1ac3f3p-3,-0.2282819153402266,-0x1.d38578053c71dp-3,-1.3284114440045707,0.12814185082365206,0x1.066f3c144abe9p-3,0.47828785307484156,0x1.e9c44a7c1f3acp-2,3.7324874738469167,0.04468799929358991,0x1.6e1586efab210p-5,0.0800052137729314,0x1.47b38c0aa0aecp-4,1.7903064589514401,0.5296450739188635,0x1.0f2da39df0239p-1,0.12329177711486285,0x1.f900cc692f569p-4,0.2327818820302102,0.36499489761025294,0x1.75c138f1c588ep-2,-0.011733050099626986,-0x1.8077f53ae8bbap-7,-0.03214579210955358,-1.3277225685903369
H593-e8c8ae988bf96315bca9637e,OUTCOME-0131,85,3841,/hkfs/work/workspace/scratch/ap7811-benchmark/dailymed/data/box_flat_20000_images/data/raw_images/otc/cetirizine-hcl-10-mg-tablet-1.jpg,35,403.01904296875,0x1.9304e00000000p+8,False,False,False,CHALLENGER,85,-2.462423848077232,-0x1.3b30b46430eb6p+1,-2.462423848077232,-0x1.3b30b46430eb6p+1,0.00016251541101834375,0.006134845867208177,0.026490545082316904,0.00016777794315371374,0.00013004614666843554,-5.2625321353699935e-06,3.2469264349908205e-05,-1.3277225685903369,-4.440892098500626e-16,-1.3206567683375887,-1.141767079739643,False,83,-2.7707386074857316,-0x1.62a7900c7538ep+1,-1.3206567683375887,-0x1.52168fdd40410p+0,0.4766443015481711,0.34627414468806095,0x1.6295b07b8ad92p-2,-0.4599945365665147,-0x1.d708cecb9142ep-2,-1.3284114440045707,0.018059549520629218,0x1.27e33da495031p-6,0.06740704236906664,0x1.14196827ec73cp-4,3.7324874738469167,0.3302800208978093,0x1.5234ed011cf76p-2,0.5913024546759645,0x1.2ebf3201c16dbp-1,1.7903064589514401,0.0832810513613097,0x1.551e82ff92b98p-4,0.01938631987334027,0x1.3da01e762171fp-6,0.2327818820302102,0.9999999810740122,0x1.ffffff5d6d501p-1,-0.032145791501162715,-0x1.07569c6672ec2p-5,-0.03214579210955358,-1.3277225685903369
H593-e8c8ae988bf96315bca9637e,OUTCOME-0131,86,3865,/hkfs/work/workspace/scratch/ap7811-benchmark/dailymed/data/box_flat_20000_images/data/raw_images/otc/cetrizine-01.jpg,41,402.383056640625,0x1.9262100000000p+8,False,False,False,CHALLENGER,86,-1.9046034733328765,-0x1.e79417ddd00dfp+0,-1.9046034733328765,-0x1.e79417ddd00dfp+0,0.0001969486822068876,0.00847818841606763,0.02323004308722791,0.00019234994609208683,0.00027066829194974883,4.59873611480076e-06,-7.371960974286124e-05,-1.3277225685903369,0.0,-1.4079167206918581,-0.49668675264101836,False,52,-2.953810034272632,-0x1.7a16727be6179p+1,-1.4079167206918581,-0x1.686d3aeedcf3fp+0,0.4766443015481711,0.4278722794182562,0x1.b624269bdd93dp-2,-0.5683904325515329,-0x1.2304121e5614dp-1,-1.3284114440045707,0.17790408652279177,0x1.6c58fa4b856acp-3,0.6640247744924983,0x1.53fb0e245bad2p-1,3.7324874738469167,0.2705635536284749,0x1.150e9cb94b9d3p-2,0.48439167761791296,0x1.f0045f374b469p-2,1.7903064589514401,0.9999999075566738,0x1.fffffce5eaf9dp-1,0.23278186051107874,0x1.dcbcbc6ffa188p-3,0.2327818820302102,-0.5670395620440795,-0x1.2253026d08f3bp-1,0.01822793587936129,0x1.2aa5811e6da33p-6,-0.03214579210955358,-1.3277225685903369
H593-e8c8ae988bf96315bca9637e,OUTCOME-0131,87,3926,/hkfs/work/workspace/scratch/ap7811-benchmark/dailymed/data/box_flat_20000_images/data/raw_images/otc/childrens-chewable-ibuprofen.png.jpg,20,405.48583984375,0x1.957c600000000p+8,False,False,False,CHALLENGER,87,-0.880490471095833,-0x1.c2cfa5a397ac4p-1,-0.880490471095833,-0x1.c2cfa5a397ac4p-1,0.0006363274821410234,0.015888878263406625,0.040048609574065225,0.0006529053599008044,0.0005769241875344453,-1.6577877759781025e-05,5.940329460657815e-05,-1.3277225685903369,0.0,-0.9822020433519704,0.10171157225613736,False,13,-2.0606604131460617,-0x1.07c3b86d4fe54p+1,-0.9822020433519704,-0x1.f6e32fac85ad3p-1,0.4766443015481711,0.7793348666266169,0x1.8f04fac996726p-1,-1.0352773555385737,-0x1.0907efd053d99p+0,-1.3284114440045707,0.4572895009943221,0x1.d443b2ee4c914p-2,1.7068273343830143,0x1.b4f2a2dd180a0p+0,3.7324874738469167,0.5003669769309855,0x1.003019b3d57d0p-1,0.8958102306455497,0x1.caa7a37816f6fp-1,1.7903064589514401,-0.45441799857605764,-0x1.d152f3aa644afp-2,-0.10578027693693608,-0x1.b146a8e0186d3p-4,0.2327818820302102,0.9999999874641838,0x1.ffffff945172ep-1,-0.03214579170657984,-0x1.07569c82ae652p-5,-0.03214579210955358,-1.3277225685903369
H593-e8c8ae988bf96315bca9637e,OUTCOME-0131,88,3965,/hkfs/work/workspace/scratch/ap7811-benchmark/dailymed/data/box_flat_20000_images/data/raw_images/otc/cho05-0002-01.jpg,3,409.31640625,0x1.9951000000000p+8,False,False,False,CHALLENGER,88,-1.4011172884990724,-0x1.66af9f63f6b5ep+0,-1.4011172884990724,-0x1.66af9f63f6b5ep+0,7.982035812425756e-05,0.006869209372227726,0.011620021140565604,7.897447522674922e-05,0.00010479569318160797,8.458828975083408e-07,-2.4975335057350406e-05,-1.3277225685903369,0.0,-0.45663250306848296,-0.9444847854305893,False,35,-0.9580152360687235,-0x1.ea80f917f8432p-1,-0.45663250306848296,-0x1.d397788be1073p-2,0.4766443015481711,0.005706856106750096,0x1.760128576a8c6p-8,-0.007581052961494198,-0x1.f0d4f689f2d44p-8,-1.3284114440045707,0.07445550003078863,0x1.30f8401a3ba7ap-4,0.2779042212239273,0x1.1c92ec964ef7bp-2,3.7324874738469167,-0.06877786807689813,-0x1.19b6d26143179p-4,-0.1231334614509808,-0x1.f85acadf9a947p-4,1.7903064589514401,0.9999998584488748,0x1.fffffb4015c8bp-1,0.23278184907967286,0x1.dcbcbae73262ep-3,0.2327818820302102,-0.1016066817545186,-0x1.a02e53f30d429p-4,0.003266227268622326,0x1.ac1c66999e5b8p-9,-0.03214579210955358,-1.3277225685903369
H593-e8c8ae988bf96315bca9637e,OUTCOME-0131,89,4019,/hkfs/work/workspace/scratch/ap7811-benchmark/dailymed/data/box_flat_20000_images/data/raw_images/otc/cle0h-0000-02.jpg,55,401.0487365722656,0x1.910c7a0000000p+8,False,False,False,CHALLENGER,89,-1.181184956484252,-0x1.2e622326a0861p+0,-1.181184956484252,-0x1.2e622326a0861p+0,0.0013299642438900203,0.01685980959354159,0.07888370485509419,0.001376496388508611,0.0017783421823139277,-4.653214461859071e-05,-0.0004483779384239074,-1.3277225685903369,0.0,-1.5909909479848385,0.4098059915005865,False,26,-3.3378998612113864,-0x1.ab404d7a9ce87p+1,-1.5909909479848385,-0x1.974b2ec9d3b0fp+0,0.4766443015481711,0.887975479694439,0x1.c6a4b8d9e003ap-1,-1.179596789221541,-0x1.2dfa0e202c51ep+0,-1.3284114440045707,0.4804240051573502,0x1.ebf4453974e4ep-2,1.793176581385176,0x1.cb0d9ed5009e3p+0,3.7324874738469167,0.7107688208608981,0x1.6be9e4113a637p-1,1.272494010808565,0x1.45c22ae0c7561p+0,1.7903064589514401,-0.7642236184182943,-0x1.8748516fdfed5p-1,-0.17789741218734775,-0x1.6c557a7b19fd7p-3,0.2327818820302102,-0.913095225839773,-0x1.d38137aa3b2a9p-1,0.029352169306071218,0x1.e0e7ebcf1e683p-6,-0.03214579210955358,-1.3277225685903369
H593-e8c8ae988bf96315bca9637e,OUTCOME-0131,90,4118,/hkfs/work/workspace/scratch/ap7811-benchmark/dailymed/data/box_flat_20000_images/data/raw_images/otc/conrx-daytime-01.jpg,56,401.048583984375,0x1.910c700000000p+8,False,False,False,CHALLENGER,90,-1.9538487641583564,-0x1.f42f6ebf63e16p+0,-1.9538487641583564,-0x1.f42f6ebf63e16p+0,0.00013333058267533176,0.012010249739467274,0.01110139968506981,0.00013119564430984898,0.00012458196370736585,2.134938365482773e-06,8.748618967965903e-06,-1.3277225685903369,0.0,-1.591011883673983,-0.36283688048437335,False,53,-3.337943784298427,-0x1.ab41bdeeb95f6p+1,-1.591011883673983,-0x1.974c8e07ed575p+0,0.4766443015481711,0.2563833532151582,0x1.06895b9531123p-2,-0.3405825804632822,-0x1.5cc1ae12b555fp-2,-1.3284114440045707,0.3398732789427047,0x1.5c07bda75f706p-2,1.2685727563489244,0x1.44c12f251d7e3p+0,3.7324874738469167,-0.09145950969441694,-0x1.769e3f30bb406p-4,-0.1637405509384465,-0x1.4f5734ba7a29bp-3,1.7903064589514401,0.9999998802917165,0x1.fffffbfbb6b36p-1,0.23278185416429067,0x1.dcbcbb95e7285p-3,0.2327818820302102,0.9999999656555139,0x1.fffffed8fbad2p-1,-0.03214579100552287,-0x1.07569c2254254p-5,-0.03214579210955358,-1.3277225685903369
H593-e8c8ae988bf96315bca9637e,OUTCOME-0131,91,4136,/hkfs/work/workspace/scratch/ap7811-benchmark/dailymed/data/box_flat_20000_images/data/raw_images/otc/convenience-valet-44-175-1.jpg,93,399.001953125,0x1.8f00800000000p+8,False,False,False,CHALLENGER,91,-1.3593099938318296,-0x1.5bfbbd60a2383p+0,-1.3593099938318296,-0x1.5bfbbd60a2383p+0,0.0015697643224247028,0.019901975603195954,0.07887479885025196,0.0017993378844835758,0.0013504412021152004,-0.00022957356205887303,0.00021932312030950238,-1.3277225685903369,0.0,-1.8718180950313108,0.5125081011994812,False,31,-3.9270753661619917,-0x1.f6aa67d54be6cp+1,-1.8718180950313108,-0x1.df2f787e3872bp+0,0.4766443015481711,0.9042694289410844,0x1.cefc6710262bep-1,-1.2012418578688144,-0x1.3384961e2201bp+0,-1.3284114440045707,0.5416435024583932,0x1.15524c124ca4cp-1,2.0216775882165243,0x1.02c654ca391abp+1,3.7324874738469167,0.7107408861610273,0x1.6be63abbfbbc5p-1,1.2724439991349574,0x1.45bee3d246ae2p+0,1.7903064589514401,-0.9472527062428008,-0x1.e4fe4e84b87c7p-1,-0.220503267717409,-0x1.c397379c0f29fp-3,0.2327818820302102,0.9999999958279663,0x1.ffffffdc2999dp-1,-0.03214579197544025,-0x1.07569ca7a2146p-5,-0.03214579210955358,-1.3277225685903369
H593-e8c8ae988bf96315bca9637e,OUTCOME-0131,92,4215,/hkfs/work/workspace/scratch/ap7811-benchmark/dailymed/data/box_flat_20000_images/data/raw_images/otc/cp blemish control toner carton.jpg,25,405.03094482421875,0x1.9507ec0000000p+8,False,False,False,CHALLENGER,92,-1.7057241256968005,-0x1.b4aa5617ddaf0p+0,-1.7057241256968005,-0x1.b4aa5617ddaf0p+0,9.022752702337679e-05,0.009729406989388232,0.009273692335184155,9.084636453474179e-05,9.365485470464757e-05,-6.18837511365001e-07,-3.427327681270782e-06,-1.3277225685903369,-2.220446049250313e-16,-1.0446155198295488,-0.6611086058672517,False,44,-2.1916039202326996,-0x1.18867a2d97a8cp+1,-1.0446155198295488,-0x1.0b6bec368fdc1p+0,0.4766443015481711,0.06688489655533862,0x1.11f5e5b4d3093p-4,-0.0888506620151737,-0x1.6beeabf954763p-4,-1.3284114440045707,0.24364499989297717,0x1.f2fc2652fe7c4p-3,0.9094019101659706,0x1.d19d208e2a615p-1,3.7324874738469167,-0.17968833472753318,-0x1.700070090507bp-3,-0.321697186260931,-0x1.496afcb8d2dc8p-2,1.7903064589514401,0.8189881104694784,0x1.a35268dc8ef93p-1,0.19064559371545087,0x1.86713271132dcp-3,0.2327818820302102,0.7119343273370418,0x1.6c82a7f99feccp-1,-0.022885692882231412,-0x1.76f58d9e6e540p-6,-0.03214579210955358,-1.3277225685903369
H593-e8c8ae988bf96315bca9637e,OUTCOME-0131,93,4245,/hkfs/work/workspace/scratch/ap7811-benchmark/dailymed/data/box_flat_20000_images/data/raw_images/otc/cur03-0000-01.jpg,75,399.75103759765625,0x1.8fc0440000000p+8,False,False,False,CHALLENGER,93,-1.7741728706189457,-0x1.c6303178c2417p+0,-1.7741728706189457,-0x1.c6303178c2417p+0,0.000663474865948754,0.013742190524623051,0.0482801388002844,0.000693609491706996,0.000758345638314202,-3.01346257582419e-05,-9.48707723654479e-05,-1.3277225685903369,0.0,-1.7690406098831393,-0.005132260735806415,False,49,-3.7114481472603,-0x1.db10bb9ea4322p+1,-1.7690406098831393,-0x1.c4dfd86cbe755p+0,0.4766443015481711,0.7874040571172367,0x1.93269fe41ccc8p-1,-1.0459965605301658,-0x1.0bc66e3b349ebp+0,-1.3284114440045707,0.3980287382543258,0x1.9794d876ae909p-2,1.485637279765364,0x1.7c52b98a4f863p+0,3.7324874738469167,0.5671142959578005,0x1.225cce147733fp-1,1.0153083870169488,0x1.03eb401d97a16p+0,1.7903064589514401,-0.6578744103114833,-0x1.50d4ea2a5382ap-1,-0.1531412433718218,-0x1.39a21dbf9b239p-3,0.2327818820302102,-0.6465059222487994,-0x1.4b02d30175340p-1,0.020782444974205116,0x1.547fe45fb0380p-6,-0.03214579210955358,-1.3277225685903369
H593-e8c8ae988bf96315bca9637e,OUTCOME-0131,94,4281,/hkfs/work/workspace/scratch/ap7811-benchmark/dailymed/data/box_flat_20000_images/data/raw_images/otc/cvs-44-112-1.jpg,125,397.2251892089844,0x1.8d39a60000000p+8,False,False,False,CHALLENGER,94,-3.2625588990435004,-0x1.a19b87ae55326p+1,-3.2625588990435004,-0x1.a19b87ae55326p+1,7.283175735711232e-05,0.005855502386494452,0.012438173968658381,7.004990696627833e-05,7.607464208974772e-05,2.7818503908339897e-06,-3.2428847326354e-06,-1.3277225685903369,4.440892098500626e-16,-2.115597446567679,-1.1469614524758214,False,117,-4.438524576284839,-0x1.1c10c96268ae5p+2,-2.115597446567679,-0x1.0ecbe5aa41306p+1,0.4766443015481711,-0.0400848409200134,-0x1.4860011a2363fp-5,0.053249161409248506,0x1.b43795d95945fp-5,-1.3284114440045707,-0.005240016906287705,-0x1.5768e53e34c68p-8,-0.01955829746546493,-0x1.407171feb1f4bp-6,3.7324874738469167,-0.03485214480339751,-0x1.1d823ec408973p-5,-0.06239601994983343,-0x1.ff25f022b91fcp-5,1.7903064589514401,0.9999998888957133,0x1.fffffc459f170p-1,0.23278185616714525,0x1.dcbcbbdab873ep-3,0.2327818820302102,0.7253074980115621,0x1.735b811f01a94p-1,-0.023315584046580122,-0x1.7e00a5bde69eep-6,-0.03214579210955358,-1.3277225685903369
H593-e8c8ae988bf96315bca9637e,OUTCOME-0131,95,4286,/hkfs/work/workspace/scratch/ap7811-benchmark/dailymed/data/box_flat_20000_images/data/raw_images/otc/cvs-44-347-1.jpg,19,406.0698547363281,0x1.9611e20000000p+8,False,False,False,CHALLENGER,95,-2.0488931093593457,-0x1.06422120d95cbp+1,-2.0488931093593457,-0x1.06422120d95cbp+1,8.365357012548235e-05,0.005700707744800555,0.014674242895854514,7.86280239722727e-05,8.46636411230411e-05,5.025546153209653e-06,-1.010070997558749e-06,-1.3277225685903369,0.0,-0.9020727867203171,-1.1468203226390286,False,62,-1.8925491898053268,-0x1.e47e1a8c49014p+0,-0.9020727867203171,-0x1.cddc7bfb2693ap-1,0.4766443015481711,0.029151415825927778,0x1.dd9de666af6aep-6,-0.038725074392098414,-0x1.3d3c5e01934a5p-5,-1.3284114440045707,-0.018633640393723245,-0x1.314b27062c7f5p-6,-0.06954982936173994,-0x1.1ce04828d11d9p-4,3.7324874738469167,0.04775911379139657,0x1.873e1efa3d5d7p-5,0.08550344989453408,0x1.5e38dd8fe00b9p-4,1.7903064589514401,0.9999999110656446,0x1.fffffd040f48cp-1,0.23278186132790354,0x1.dcbcbc8c0af67p-3,0.2327818820302102,0.905504565514814,0x1.cf9e4b5e8795ep-1,-0.02910816151729085,-0x1.dce87a70dc5d2p-6,-0.03214579210955358,-1.3277225685903369
H593-e8c8ae988bf96315bca9637e,OUTCOME-0131,96,4292,/hkfs/work/workspace/scratch/ap7811-benchmark/dailymed/data/box_flat_20000_images/data/raw_images/otc/cvs-44-413-1.jpg,73,400.0628967285156,0x1.90101a0000000p+8,False,False,False,CHALLENGER,96,-1.5082843118207439,-0x1.821eebb05707bp+0,-1.5082843118207439,-0x1.821eebb05707bp+0,0.0005119240676391805,0.012731031613220043,0.040210729435907845,0.0004532086235826723,0.0006551300914240798,5.871544405650818e-05,-0.00014320602378489929,-1.3277225685903369,0.0,-1.7262522484096137,0.21796793658886982,False,39,-3.6216781419658983,-0x1.cf93263c30d79p+1,-1.7262522484096137,-0x1.b9ebaad790d59p+0,0.4766443015481711,0.7328729421987425,0x1.773b1f4dbbda0p-1,-0.9735568034181098,-0x1.f276098ef54a5p-1,-1.3284114440045707,0.3653881696625994,0x1.762850fc2f459p-2,1.3638067663575042,0x1.5d2270b391a99p+0,3.7324874738469167,0.5018796690747102,0x1.00f65f3a68079p-1,0.8985184131608649,0x1.cc0a9afec26c1p-1,1.7903064589514401,0.9999999845997822,0x1.ffffff7bb6902p-1,0.2327818784453185,0x1.dcbcbed831564p-3,0.2327818820302102,-0.750961449366637,-0x1.807e04e32c454p-1,0.02414025063362896,0x1.8b838cbf46871p-6,-0.03214579210955358,-1.3277225685903369
H593-e8c8ae988bf96315bca9637e,OUTCOME-0131,97,4297,/hkfs/work/workspace/scratch/ap7811-benchmark/dailymed/data/box_flat_20000_images/data/raw_images/otc/cvs-44-453485-1.jpg,34,403.0228576660156,0x1.9305da0000000p+8,False,False,False,CHALLENGER,97,-1.6739405980781177,-0x1.ac875efc3133cp+0,-1.6739405980781177,-0x1.ac875efc3133cp+0,0.00038649023750859837,0.010119488761712918,0.0381926643340802,0.000392876684553002,0.0004354843534396962,-6.386447044403655e-06,-4.899411593109785e-05,-1.3277225685903369,0.0,-1.3201333761089764,-0.3538072219691413,False,42,-2.7696405303097067,-0x1.628394b5ad9adp+1,-1.3201333761089764,-0x1.51f442ccbf01dp+0,0.4766443015481711,0.6608780341749116,0x1.525e9b0eda1ecp-1,-0.8779179436891964,-0x1.c17e75f16eef2p-1,-1.3284114440045707,0.2620428412221887,0x1.0c54f564cd06cp-2,0.9780716224730758,0x1.f4c5cdbf55c51p-1,3.7324874738469167,0.4823714984779686,0x1.edf2cb49f109dp-2,0.863592809339192,0x1.ba28d632585e2p-1,1.7903064589514401,-0.013307706092918202,-0x1.b411213a1833fp-7,-0.0030977928698143944,-0x1.9608ae219ae2cp-9,0.2327818820302102,-0.412702580876698,-0x1.a69b815f5c60cp-2,0.013266651367938557,0x1.b2b8bce05972fp-7,-0.03214579210955358,-1.3277225685903369
H593-e8c8ae988bf96315bca9637e,OUTCOME-0131,98,4302,/hkfs/work/workspace/scratch/ap7811-benchmark/dailymed/data/box_flat_20000_images/data/raw_images/otc/cvs-44-503a-scfh-1.jpg,40,402.47412109375,0x1.9279600000000p+8,False,False,False,CHALLENGER,98,-2.2822047166956683,-0x1.241f48be7e0f4p+1,-2.2822047166956683,-0x1.241f48be7e0f4p+1,0.00011965850176227681,0.006643339711501266,0.018011799329653175,0.00011191870941143894,0.00013756921806278418,7.73979235083787e-06,-1.7910716300507362e-05,-1.3277225685903369,4.440892098500626e-16,-1.3954223014104215,-0.8867824152852468,False,73,-2.9275967359265613,-0x1.76bb7d665728bp+1,-1.3954223014104215,-0x1.653a655caab46p+0,0.4766443015481711,0.20518410768501158,0x1.a43790c1541afp-3,-0.2725689167766356,-0x1.171c4e5dd8e0fp-2,-1.3284114440045707,0.0578119028267017,0x1.d99858feba123p-5,0.21578220313991925,0x1.b9ec050c5bb68p-3,3.7324874738469167,0.1491413328641784,0x1.317102d911668p-3,0.2670086915233653,0x1.116ab9f75cc7fp-2,1.7903064589514401,0.9999999283590376,0x1.fffffd989bdb9p-1,0.23278186535349213,0x1.dcbcbd165c6a1p-3,0.2327818820302102,0.06419782496005029,0x1.06f44c6ad80edp-4,-0.0020636899350512865,-0x1.0e7df18f6d26fp-9,-0.03214579210955358,-1.3277225685903369
H593-e8c8ae988bf96315bca9637e,OUTCOME-0131,99,4304,/hkfs/work/workspace/scratch/ap7811-benchmark/dailymed/data/box_flat_20000_images/data/raw_images/otc/cvs-44-519-acetaminophen-1.jpg,67,400.33404541015625,0x1.9055840000000p+8,False,False,False,CHALLENGER,99,-0.7202766012808361,-0x1.70c8183d2683ap-1,-0.7202766012808361,-0x1.70c8183d2683ap-1,0.00234873472544925,0.018784571812587803,0.12503530817110936,0.002349509586003898,0.0022455619603768077,-7.748605546477674e-07,0.00010317276507244236,-1.3277225685903369,0.0,-1.6890495287998402,0.968772927519004,False,11,-3.543626816294036,-0x1.c59590429b11fp+1,-1.6890495287998402,-0x1.b0658cc784ff8p+0,0.4766443015481711,0.9349869153405234,0x1.deb69adf26a3dp-1,-1.242047318332884,-0x1.3df6d02453014p+0,-1.3284114440045707,0.520909383955609,0x1.0ab4a28089a67p-1,1.9442877506236247,0x1.f1bcd78ef11e8p+0,3.7324874738469167,0.8072370621713716,0x1.9d4e2d1c4a526p-1,1.4452017263103918,0x1.71f8bd86a0396p+0,1.7903064589514401,0.7784073561792171,0x1.8e8b68b382d8ep-1,0.1811991293575583,0x1.731887753c2efp-3,0.2327818820302102,0.9999999919055148,0x1.ffffffba7809fp-1,-0.032145791849349944,-0x1.07569c964dabep-5,-0.03214579210955358,-1.3277225685903369
H593-e8c8ae988bf96315bca9637e,OUTCOME-0131,100,4306,/hkfs/work/workspace/scratch/ap7811-benchmark/dailymed/data/box_flat_20000_images/data/raw_images/otc/cvs-44-531c-1.jpg,107,398.1833190917969,0x1.8e2eee0000000p+8,False,False,False,CHALLENGER,100,-2.7757215707335114,-0x1.634ad82c8d145p+1,-2.7757215707335114,-0x1.634ad82c8d145p+1,0.00013749764269776308,0.00720320693704537,0.01908839269778944,0.00013771842017589915,0.00015285457356668095,-2.2077747813606515e-07,-1.535693086891787e-05,-1.3277225685903369,0.0,-1.9841380672915447,-0.7915835034419667,False,101,-4.1627227281369725,-0x1.0a6a0c96ea823p+2,-1.9841380672915447,-0x1.fbf078edc40d9p+0,0.4766443015481711,0.27070184485165216,0x1.1532dd4a6b39ap-2,-0.3596034286140845,-0x1.703be195b535fp-2,-1.3284114440045707,0.09801649252231434,0x1.9179bddda1a9ep-4,0.3658453305699483,0x1.76a02888c4d9cp-2,3.7324874738469167,0.17739214283891713,0x1.6b4c92607bec8p-3,0.3175862990917498,0x1.453557c106e6dp-2,1.7903064589514401,0.9314298727145761,0x1.dce46053a7313p-1,0.21681999874965815,0x1.bc0c1f9dfd03fp-3,0.2327818820302102,0.14027138088662885,0x1.1f469a0bc85b5p-3,-0.004509134648901579,-0x1.2782b9d9acc8bp-8,-0.03214579210955358,-1.3277225685903369
H593-e8c8ae988bf96315bca9637e,OUTCOME-0131,101,4307,/hkfs/work/workspace/scratch/ap7811-benchmark/dailymed/data/box_flat_20000_images/data/raw_images/otc/cvs-44-543-1.jpg,71,400.1553039550781,0x1.9027c20000000p+8,False,False,False,CHALLENGER,101,-1.3368986273861783,-0x1.563efd0ab0e08p+0,-1.3368986273861783,-0x1.563efd0ab0e08p+0,0.0005371722057227377,0.014913063812916311,0.03602024456285696,0.0004907367732347995,0.0006994933117723884,4.64354324879382e-05,-0.00016232110604965072,-1.3277225685903369,0.0,-1.7135735950637054,0.3766749676775272,False,30,-3.595078320453867,-0x1.cc2b86c274384p+1,-1.7135735950637054,-0x1.b6acc25616779p+0,0.4766443015481711,0.7438202016885054,0x1.7cd60060b6670p-1,-0.9880992682047984,-0x1.f9e825b44843cp-1,-1.3284114440045707,0.4318656768815916,0x1.ba3afef9e2a6cp-2,1.6119332293449606,0x1.9ca7a7f75f4d5p+0,3.7324874738469167,0.45958825067117187,0x1.d69e4d6908bcfp-2,0.8228038136347925,0x1.a5468a9d2bc85p-1,1.7903064589514401,0.9999999810081391,0x1.ffffff5cdc74dp-1,0.23278187760924907,0x1.dcbcbebb77314p-3,0.2327818820302102,-0.777018771182711,-0x1.8dd5678537384p-1,0.02497788388366021,0x1.993cd699d4ae9p-6,-0.03214579210955358,-1.3277225685903369
H593-e8c8ae988bf96315bca9637e,OUTCOME-0131,102,4308,/hkfs/work/workspace/scratch/ap7811-benchmark/dailymed/data/box_flat_20000_images/data/raw_images/otc/cvs-44-546-ppch-1.jpg,52,401.21966552734375,0x1.91383c0000000p+8,False,False,False,CHALLENGER,102,-2.80466161991186,-0x1.66ff26e6ef14cp+1,-2.80466161991186,-0x1.66ff26e6ef14cp+1,7.099573951471167e-05,0.005303876234404253,0.013385632766878867,7.03387532023868e-05,8.053584502435889e-05,6.569863123248652e-07,-9.540105509647223e-06,-1.3277225685903369,0.0,-1.5675387890051715,-1.2371228309066884,False,104,-3.288697219108055,-0x1.a4f407cd41f37p+1,-1.5675387890051715,-0x1.914a38d9fd189p+0,0.4766443015481711,-0.05282322729086408,-0x1.b0ba5635deb50p-5,0.0701709796424384,0x1.1f6b9aeb14b44p-4,-1.3284114440045707,-0.05465747836845524,-0x1.bfc10a426103fp-5,-0.20400835336231798,-0x1.a1cf21ae6a6dep-3,3.7324874738469167,0.00183956188444475,0x1.e23ae887d7960p-10,0.0032933795233623187,0x1.afab7ab13b852p-9,1.7903064589514401,0.9999998545600246,0x1.fffffb1eae1cap-1,0.232781848174419,0x1.dcbcbac817b06p-3,0.2327818820302102,0.3620416711024068,0x1.72bb0d44b233cp-2,-0.011638116294253341,-0x1.7d5b986f786ecp-7,-0.03214579210955358,-1.3277225685903369
H593-e8c8ae988bf96315bca9637e,OUTCOME-0131,103,4311,/hkfs/work/workspace/scratch/ap7811-benchmark/dailymed/data/box_flat_20000_images/data/raw_images/otc/cvs-44-600a-51316-601-1.jpg,53,401.1886901855469,0x1.91304e0000000p+8,False,False,False,CHALLENGER,103,-1.8455603230563389,-0x1.d876a42e5279cp+0,-1.8455603230563389,-0x1.d876a42e5279cp+0,0.0002771206985778451,0.009866815162929275,0.028086134583631246,0.00026878757034349155,0.00028726929815017457,8.333128234353545e-06,-1.0148599572329473e-05,-1.3277225685903369,0.0,-1.5717887339015046,-0.27377158915483424,False,50,-3.2976136057773786,-0x1.a61833dfd4490p+1,-1.5717887339015046,-0x1.9260bf1854058p+0,0.4766443015481711,0.5567040226087037,0x1.1d084f454fe2cp-1,-0.7395319945567812,-0x1.7aa3f005ef1dfp-1,-1.3284114440045707,0.2502294724743868,0x1.003c27a3175f1p-2,0.9339783715979706,0x1.de3269c25e866p-1,3.7324874738469167,0.35607748169748865,0x1.6c9f934aee56ap-2,0.6374878153701772,0x1.4664cd8d3a0f3p-1,1.7903064589514401,0.9999999312801239,0x1.fffffdb1b364fp-1,0.2327818660334681,0x1.dcbcbd2db98bdp-3,0.2327818820302102,0.3348829909881937,0x1.56eb91191fb29p-2,-0.01076507900933198,-0x1.60c00724580bap-7,-0.03214579210955358,-1.3277225685903369
H593-e8c8ae988bf96315bca9637e,OUTCOME-0131,104,4320,/hkfs/work/workspace/scratch/ap7811-benchmark/dailymed/data/box_flat_20000_images/data/raw_images/otc/cvs-44-679-1.jpg,90,399.10223388671875,0x1.8f1a2c0000000p+8,False,False,False,CHALLENGER,104,-2.9335853960775755,-0x1.777fb9ec16941p+1,-2.9335853960775755,-0x1.777fb9ec16941p+1,8.611139299506867e-05,0.005962213633678178,0.014442856007148017,8.326708435426096e-05,9.827947305923188e-05,2.8443086408077103e-06,-1.2168080064163208e-05,-1.3277225685903369,0.0,-1.8580591601255465,-1.075526235952029,False,110,-3.8982091133586447,-0x1.f2f884276c19cp+1,-1.8580591601255465,-0x1.dba9c3dec5bf4p+0,0.4766443015481711,0.04361080802619046,0x1.65427e47301b3p-5,-0.05793309646427779,-0x1.da9682557158fp-5,-1.3284114440045707,0.0037899315375383084,0x1.f0c10003ff26fp-9,0.014145871990599121,0x1.cf882cc958e78p-7,3.7324874738469167,0.039827459512442355,0x1.46443c82d6a9dp-5,0.07130335800875252,0x1.240efd6be192fp-4,1.7903064589514401,0.9999998896613947,0x1.fffffc4c32d75p-1,0.232781856345382,0x1.dcbcbbe0d83d6p-3,0.2327818820302102,0.2520285458991733,0x1.0213c5692e793p-2,-0.008101657242147908,-0x1.0979a072ffa66p-7,-0.03214579210955358,-1.3277225685903369
H593-e8c8ae988bf96315bca9637e,OUTCOME-0131,105,4322,/hkfs/work/workspace/scratch/ap7811-benchmark/dailymed/data/box_flat_20000_images/data/raw_images/otc/cvs-44-685-sleep-aid-1.jpg,61,400.5399475097656,0x1.908a3a0000000p+8,False,False,False,CHALLENGER,105,-2.3513327921045413,-0x1.2cf879120cf9cp+1,-2.3513327921045413,-0x1.2cf879120cf9cp+1,0.00011608484397121642,0.00827500991372194,0.014028363129658621,0.00011607730784594719,0.0001285512791828064,7.53612526923535e-09,-1.2466435211589978e-05,-1.3277225685903369,0.0,-1.660798909868254,-0.6905338822362872,False,77,-3.4843570026409068,-0x1.bdff6906f7343p+1,-1.660798909868254,-0x1.a92a1e0b1dd9bp+0,0.4766443015481711,0.1906179034762784,0x1.8662adebb39c5p-3,-0.25321900441004686,-0x1.034bd7baaad5cp-2,-1.3284114440045707,0.16613479072532464,0x1.543e7a272503bp-3,0.6200960253524531,0x1.3d7d39ea89683p-1,3.7324874738469167,0.025283808066821817,0x1.9e3ffa30fb578p-6,0.045265764888919625,0x1.72d1307a7155dp-5,1.7903064589514401,0.9999998393893853,0x1.fffffa9c5d85fp-1,0.23278184464296903,0x1.dcbcba4ec0ba0p-3,0.2327818820302102,0.24065184313645208,0x1.ecdadf9ff20a5p-3,-0.0077359441202452875,-0x1.fafb9b0008fa8p-8,-0.03214579210955358,-1.3277225685903369
H593-e8c8ae988bf96315bca9637e,OUTCOME-0131,106,4328,/hkfs/work/workspace/scratch/ap7811-benchmark/dailymed/data/box_flat_20000_images/data/raw_images/otc/cvs-allergy-relief-d-carton-image.jpg,122,397.308837890625,0x1.8d4f100000000p+8,False,False,False,CHALLENGER,106,-2.8059589744119564,-0x1.6729a9e6822edp+1,-2.8059589744119564,-0x1.6729a9e6822edp+1,0.00016799460514523986,0.007576583795777966,0.022172869682884584,0.00016163804087127647,0.00013592224148981143,6.356564273963389e-06,3.207236365542843e-05,-1.3277225685903369,0.0,-2.104120501778665,-0.7018384726332916,False,105,-4.41444593996896,-0x1.1a864843881b4p+2,-2.104120501778665,-0x1.0d53d212fdc1cp+1,0.4766443015481711,0.36078106666928406,0x1.7170978971397p-2,-0.4792656977436529,-0x1.eac4a0879d4c0p-2,-1.3284114440045707,0.12297464998425696,0x1.f7b4443eb5fcdp-4,0.45900134066694803,0x1.d604728bf0545p-2,3.7324874738469167,0.24884699420238818,0x1.fda37e2e750fbp-3,0.4455123810111871,0x1.c83465c99fe33p-2,1.7903064589514401,0.9999999204788237,0x1.fffffd54eb158p-1,0.2327818635191211,0x1.dcbcbcd7551dcp-3,0.2327818820302102,0.9999999809307691,0x1.ffffff5c32516p-1,-0.03214579149655805,-0x1.07569c65d0e90p-5,-0.03214579210955358,-1.3277225685903369
H593-e8c8ae988bf96315bca9637e,OUTCOME-0131,107,4330,/hkfs/work/workspace/scratch/ap7811-benchmark/dailymed/data/box_flat_20000_images/data/raw_images/otc/cvs-chewable-aspirin-carton-image.jpg,60,400.5459899902344,0x1.908bc60000000p+8,False,False,False,CHALLENGER,107,-1.7072599395919656,-0x1.b50efcc651848p+0,-1.7072599395919656,-0x1.b50efcc651848p+0,0.0007466234040113431,0.013958617683303517,0.05348834826993008,0.0008255874669927174,0.000709919912970932,-7.896406298137429e-05,3.670349104041115e-05,-1.3277225685903369,0.0,-1.6599698565781318,-0.04729008301383386,False,45,-3.4826176483940827,-0x1.bdc66a44299a0p+1,-1.6599698565781318,-0x1.a8f3c8d65950ap+0,0.4766443015481711,0.8088168137493963,0x1.9e1d3cc70464ap-1,-1.0744415114880115,-0x1.130e99514e4a1p+0,-1.3284114440045707,0.40458358734595085,0x1.9e4b28f098ccbp-2,1.5101031718928115,0x1.82961f18dd90ep+0,3.7324874738469167,0.6008526477544244,0x1.33a2f54fa3f93p-1,1.0757103761528204,0x1.1361c1558b522p+0,1.7903064589514401,-0.8539915465114161,-0x1.b53e6146a76bep-1,-0.19879375943481722,-0x1.97212ebb5f177p-3,0.2327818820302102,0.9999999824781586,0x1.ffffff697d103p-1,-0.03214579154630011,-0x1.07569c6ca70dap-5,-0.03214579210955358,-1.3277225685903369
H593-e8c8ae988bf96315bca9637e,OUTCOME-0131,108,4403,/hkfs/work/workspace/scratch/ap7811-benchmark/dailymed/data/box_flat_20000_images/data/raw_images/otc/day-and-night-multi-symptom-cold-and-flu-relief-1.jpg,18,406.18817138671875,0x1.96302c0000000p+8,False,False,False,CHALLENGER,108,-1.8935566201918375,-0x1.e4c0206cd925fp+0,-1.8935566201918375,-0x1.e4c0206cd925fp+0,9.355253102291181e-05,0.007012017629803851,0.013341742129294787,9.547229235836499e-05,0.00010696186601509938,-1.91976133545317e-06,-1.340933499218756e-05,-1.3277225685903369,0.0,-0.8858392533576731,-1.0077173668341644,False,51,-1.8584912281137331,-0x1.dbc614c4a6bf8p+0,-0.8858392533576731,-0x1.c58cb8fd5e57ep-1,0.4766443015481711,0.08487448999955449,0x1.5ba55a6d01168p-4,-0.11274824381945968,-0x1.cdd11a3e2d1c7p-4,-1.3284114440045707,0.08467850717663729,0x1.5ad7d9aff6d19p-4,0.31606146734085494,0x1.43a59e0704dbap-2,3.7324874738469167,0.00019740204589769098,0x1.9dfb6a99f6078p-13,0.0003534101577808648,0x1.7293d11daad9dp-12,1.7903064589514401,0.5282250082763854,0x1.0e73821ef3eb5p-1,0.12296121156200035,0x1.f7a62ce55d818p-4,0.2327818820302102,0.20601898570219981,0x1.a5ed482f917d5p-3,-0.006622643485004007,-0x1.b205852e607b0p-8,-0.03214579210955358,-1.3277225685903369
H593-e8c8ae988bf96315bca9637e,OUTCOME-0131,109,4405,/hkfs/work/workspace/scratch/ap7811-benchmark/dailymed/data/box_flat_20000_images/data/raw_images/otc/day-ny-ifc.jpg,80,399.50439453125,0x1.8f81200000000p+8,False,False,False,CHALLENGER,109,-3.4703487185461697,-0x1.bc346305ef870p+1,-3.4703487185461697,-0x1.bc346305ef870p+1,2.3045745036899264e-05,0.004616750085743812,0.004991767933911529,2.308988274542003e-05,2.7203633193322563e-05,-4.413770852076615e-08,-4.157888156423299e-06,-1.3277225685903369,4.440892098500626e-16,-1.8028810578163066,-1.667467660729863,False,121,-3.782445425153377,-0x1.e4272bf3f8231p+1,-1.8028810578163066,-0x1.cd899cede61fcp+0,0.4766443015481711,-0.5479463678264092,-0x1.188c6d238d862p-1,0.7278982257213398,0x1.74af13849443ep-1,-1.3284114440045707,-0.12345249922519197,-0x1.f9a953ec81b30p-4,-0.46078490697312524,-0x1.d7d7ffa7c288ep-2,3.7324874738469167,-0.45529227916121573,-0x1.d23823a47992cp-2,-0.8151127080930467,-0x1.a15673efa0942p-1,1.7903064589514401,0.9859047308842366,0x1.f8c881403d2c2p-1,0.2295007587577205,0x1.d6047e6a2c3a1p-3,0.2327818820302102,0.660940675532474,0x1.5266d0f40428cp-1,-0.021246461552414816,-0x1.5c1a1e617e73cp-6,-0.03214579210955358,-1.3277225685903369
H593-e8c8ae988bf96315bca9637e,OUTCOME-0131,110,4413,/hkfs/work/workspace/scratch/ap7811-benchmark/dailymed/data/box_flat_20000_images/data/raw_images/otc/daynight-ultra-96-ifc.jpg,88,399.10919189453125,0x1.8f1bf40000000p+8,False,False,False,CHALLENGER,110,-2.966071132573141,-0x1.7ba838080172fp+1,-2.966071132573141,-0x1.7ba838080172fp+1,6.685276402324394e-05,0.006261037373611782,0.010677585843043583,6.684013637635479e-05,6.718781256475424e-05,1.2627646889145955e-08,-3.3504854151030514e-07,-1.3277225685903369,0.0,-1.8571044927005573,-1.1089666398725835,False,112,-3.896206220589575,-0x1.f2b6e2abf3b5dp+1,-1.8571044927005573,-0x1.db6b333567500p+0,0.4766443015481711,-0.08274641607018429,-0x1.52ede7ee1f560p-4,0.10992128605799653,0x1.c23cd28c0dbeep-4,-1.3284114440045707,0.028234472812441597,0x1.ce97f65659e98p-6,0.10538481610310958,0x1.afa7fd2a86789p-4,3.7324874738469167,-0.11072220899045294,-0x1.c584a6a8e0c21p-4,-0.19822668590497913,-0x1.95f7df6940343p-3,1.7903064589514401,0.9999998395206177,0x1.fffffa9d7e1b3p-1,0.23278184467351754,0x1.dcbcba4fcd6f2p-3,0.2327818820302102,0.9676330919419748,0x1.ef6d9ac8d616dp-1,-0.031105332211891268,-0x1.fda1382533d40p-6,-0.03214579210955358,-1.3277225685903369
H593-e8c8ae988bf96315bca9637e,OUTCOME-0131,111,4424,/hkfs/work/workspace/scratch/ap7811-benchmark/dailymed/data/box_flat_20000_images/data/raw_images/otc/daytime-cold-flu-pur-1.jpg,1,412.64453125,0x1.9ca5000000000p+8,False,True,False,HOLD,,,,0.0,0x0.0p+0,7.89144812312209e-05,0.005917191501505361,0.013336475794495529,8.513318265129399e-05,9.9282616616096e-05,-6.218701420073093e-06,-2.0368135384875096e-05,,,0.0,0.0,True,4,,,,,0.4766443015481711,,,,,-1.3284114440045707,,,,,3.7324874738469167,,,,,1.7903064589514401,,,,,0.2327818820302102,,,,,-0.03214579210955358,-1.3277225685903369
H593-e8c8ae988bf96315bca9637e,OUTCOME-0131,112,4425,/hkfs/work/workspace/scratch/ap7811-benchmark/dailymed/data/box_flat_20000_images/data/raw_images/otc/daytime-cold-flu-softgel-1.jpg,45,402.1082763671875,0x1.921bb80000000p+8,False,False,False,CHALLENGER,111,-2.8006905394422486,-0x1.667d07108f7ecp+1,-2.8006905394422486,-0x1.667d07108f7ecp+1,0.00014155400402326355,0.005787625043680617,0.024458046773058205,0.00015769214005958965,0.00011380079316127294,-1.6138136036326098e-05,2.775321086199062e-05,-1.3277225685903369,0.0,-1.4456177097032705,-1.355072829738978,False,103,-3.03290672941607,-0x1.843649a754861p+1,-1.4456177097032705,-0x1.72140091b1a7fp+0,0.4766443015481711,0.2841200747382032,0x1.22f05f748cf66p-2,-0.3774283587536631,-0x1.827c9465b841cp-2,-1.3284114440045707,-0.011069499236787595,-0x1.6ab9b09a40b4dp-7,-0.0413167672430677,-0x1.52778a82bbc27p-5,3.7324874738469167,0.29426409497275097,0x1.2d5391212e156p-2,0.526822909867216,0x1.0dbbbb8153955p-1,1.7903064589514401,-0.44368682251733,-0x1.c655d6a18329bp-2,-0.10328225357758791,-0x1.a70b4ad5f77a0p-4,0.2327818820302102,0.9999999792192019,0x1.ffffff4d7e8abp-1,-0.03214579144153837,-0x1.07569c5e4113cp-5,-0.03214579210955358,-1.3277225685903369
H593-e8c8ae988bf96315bca9637e,OUTCOME-0131,113,4427,/hkfs/work/workspace/scratch/ap7811-benchmark/dailymed/data/box_flat_20000_images/data/raw_images/otc/daytime-pe-softgel-pur-1.jpg,38,402.78729248046875,0x1.92c98c0000000p+8,False,False,False,CHALLENGER,112,-2.0967592147741465,-0x1.0c629b1f85532p+1,-2.0967592147741465,-0x1.0c629b1f85532p+1,0.0001961336941044688,0.0066844645554003344,0.029341721012794315,0.00019401570480675993,0.0002690724750533431,2.117989297708878e-06,-7.293878094887429e-05,-1.3277225685903369,0.0,-1.352453893010253,-0.7443053217638935,False,65,-2.837448992083607,-0x1.6b318750889bdp+1,-1.352453893010253,-0x1.5a3a6b17d3b10p+0,0.4766443015481711,0.42617702263978896,0x1.b467bfda2d9d4p-2,-0.5661384340464907,-0x1.21dce5967a067p-1,-1.3284114440045707,0.06088668428731014,0x1.f2c8a1b8d3f5fp-5,0.22725878642645697,0x1.d16d0dfb71376p-3,3.7324874738469167,0.37502158983413086,0x1.8005a8de86acbp-2,0.6714035745262822,0x1.57c235960408fp-1,1.7903064589514401,0.9999998800483413,0x1.fffffbf99f835p-1,0.23278185410763733,0x1.dcbcbb93f4d45p-3,0.2327818820302102,-0.5634163796876852,-0x1.20781c999422ap-1,0.018111465812557636,0x1.28bcfe563e603p-6,-0.03214579210955358,-1.3277225685903369
H593-e8c8ae988bf96315bca9637e,OUTCOME-0131,114,4439,/hkfs/work/workspace/scratch/ap7811-benchmark/dailymed/data/box_flat_20000_images/data/raw_images/otc/ddm-ibu-apap-v3.jpg,30,404.1168212890625,0x1.941de80000000p+8,False,False,False,CHALLENGER,113,-2.6208990525580838,-0x1.4f799ec26d5b8p+1,-2.6208990525580838,-0x1.4f799ec26d5b8p+1,5.31646921397424e-05,0.004661723271592572,0.01140451482045606,5.276899622119295e-05,5.0354690411978116e-05,3.9569591854945004e-07,2.8100017277642823e-06,-1.3277225685903369,0.0,-1.1700370463564096,-1.4508620062016742,False,95,-2.45473835007794,-0x1.3a34ddc2e92f2p+1,-1.1700370463564096,-0x1.2b878c41358f2p+0,0.4766443015481711,-0.19495722330271786,-0x1.8f45bb91a2156p-3,0.25898340652668494,0x1.0932f234f4840p-2,-1.3284114440045707,-0.11867646698381153,-0x1.e6194b8801349p-4,-0.4429584264574837,-0x1.c596e4cc7d743p-2,3.7324874738469167,-0.07808745429917628,-0x1.3fd8a16715f0fp-4,-0.1398004737948907,-0x1.1e4fb5f7509c4p-3,1.7903064589514401,0.9999998488146693,0x1.fffffaed53f12p-1,0.23278184683700437,0x1.dcbcba9a23aa6p-3,0.2327818820302102,0.999999956855896,0x1.fffffe8d651cbp-1,-0.03214579072265218,-0x1.07569bfb7384ap-5,-0.03214579210955358,-1.3277225685903369
H593-e8c8ae988bf96315bca9637e,OUTCOME-0131,115,4446,/hkfs/work/workspace/scratch/ap7811-benchmark/dailymed/data/box_flat_20000_images/data/raw_images/otc/dollar-general-44-617-sppc-1.jpg,72,400.08251953125,0x1.9015200000000p+8,False,False,False,CHALLENGER,114,-2.0105016712168178,-0x1.01581e6736fc6p+1,-2.0105016712168178,-0x1.01581e6736fc6p+1,0.0005233309998546289,0.012084252193766349,0.04330685850172746,0.0005653486631121477,0.0005064692106261762,-4.201766325751877e-05,1.6861789228452733e-05,-1.3277225685903369,4.440892098500626e-16,-1.7235599187856312,-0.2869417524311866,False,59,-3.6160296329724253,-0x1.ceda0f1b7de1bp+1,-1.7235599187856312,-0x1.b93b390be175bp+0,0.4766443015481711,0.7379325073293893,0x1.79d24a23451fbp-1,-0.9802779876393475,-0x1.f5e6ff13cca42p-1,-1.3284114440045707,0.34258700559323757,0x1.5ecf20c43ae7bp-2,1.2787017070794828,0x1.4758febd3ee98p+0,3.7324874738469167,0.529106965172092,0x1.0ee71baefff8fp-1,0.9472636172237909,0x1.e4ffbca1556cap-1,1.7903064589514401,-0.7421571118504899,-0x1.7bfc0457c888cp-1,-0.17276072925866226,-0x1.61d0609197af4p-3,0.2327818820302102,0.9999999731398872,0x1.ffffff1945fccp-1,-0.032145791246113976,-0x1.07569c4365315p-5,-0.03214579210955358,-1.3277225685903369
H593-e8c8ae988bf96315bca9637e,OUTCOME-0131,116,4481,/hkfs/work/workspace/scratch/ap7811-benchmark/dailymed/data/box_flat_20000_images/data/raw_images/otc/famo-10mg-3x10s-blister-ifc.jpg,21,405.4554138183594,0x1.9574960000000p+8,False,False,False,CHALLENGER,115,-1.521409237962839,-0x1.857b1368e1f70p+0,-1.521409237962839,-0x1.857b1368e1f70p+0,0.00019308409362299027,0.008634730413824149,0.022361334328847588,0.00018998576257415803,0.00018995139225625807,3.098331048832244e-06,3.1327013667321988e-06,-1.3277225685903369,0.0,-0.9863766197673833,-0.5350326181954557,False,40,-2.0694186767020377,-0x1.08e2b611155b5p+1,-0.9863766197673833,-0x1.f9065b36e13fap-1,0.4766443015481711,0.4197434197337977,0x1.add13811df174p-2,-0.5575919623199908,-0x1.1d7cb1955a88cp-1,-1.3284114440045707,0.1867477662362446,0x1.7e759ce4af8fdp-3,0.6970336982456751,0x1.64e199d459a7ap-1,3.7324874738469167,0.2528126656205673,0x1.02e152cb6b703p-2,0.4526121481652324,0x1.cf798f1891631p-2,1.7903064589514401,0.9999998926696998,0x1.fffffc660a2c8p-1,0.2327818570456609,0x1.dcbcbbf8e7f54p-3,0.2327818820302102,0.9999999574483255,0x1.fffffe927be0dp-1,-0.032145790741696295,-0x1.07569bfe1192cp-5,-0.03214579210955358,-1.3277225685903369
H593-e8c8ae988bf96315bca9637e,OUTCOME-0131,117,4537,/hkfs/work/workspace/scratch/ap7811-benchmark/dailymed/data/box_flat_20000_images/data/raw_images/otc/kroger-44-628-delisted-1.jpg,111,398.04620361328125,0x1.8e0bd40000000p+8,False,False,False,CHALLENGER,116,-3.3291601344463064,-0x1.aa21eb564c034p+1,-3.3291601344463064,-0x1.aa21eb564c034p+1,4.724328516625199e-05,0.005336488322693436,0.008852878955126679,4.586856689354131e-05,5.764840830144319e-05,1.3747182727106818e-06,-1.0405123135191198e-05,-1.3277225685903369,-4.440892098500626e-16,-2.0029508775567906,-1.3262092568895159,False,119,-4.2021920141520175,-0x1.0cf0b6c612e5fp+2,-2.0029508775567906,-0x1.0060b1c14ceadp+1,0.4766443015481711,-0.2510443607105505,-0x1.0111c5dc635eep-2,0.33349020172070665,0x1.557e7497b51f8p-2,-1.3284114440045707,-0.05160118182069102,-0x1.a6b7858b5aaa9p-5,-0.19260076478142646,-0x1.8a72450f5dd46p-3,3.7324874738469167,-0.20206071288499847,-0x1.9dd201cd2e1bfp-3,-0.36175059937834525,-0x1.726ebfc68db65p-2,1.7903064589514401,0.9999998683070462,0x1.fffffb94c421dp-1,0.23278185137447657,0x1.dcbcbb360bb17p-3,0.2327818820302102,0.3237555073809235,0x1.4b86905067604p-2,-0.010407377234590207,-0x1.5507686e0aa52p-7,-0.03214579210955358,-1.3277225685903369
H593-e8c8ae988bf96315bca9637e,OUTCOME-0131,118,4571,/hkfs/work/workspace/scratch/ap7811-benchmark/dailymed/data/box_flat_20000_images/data/raw_images/otc/lorad-10s.jpg,29,404.13848876953125,0x1.9423740000000p+8,False,False,False,CHALLENGER,117,-0.701218403089018,-0x1.670619393dc97p-1,-0.701218403089018,-0x1.670619393dc97p-1,0.0008058538327600655,0.013950949304667646,0.05776336901249054,0.0007531488814555395,0.0009525516641646645,5.270495130452603e-05,-0.00014669783140459902,-1.3277225685903369,0.0,-1.1670641784978908,0.46584577540887284,False,10,-2.4485012717181176,-0x1.39687d5b1f326p+1,-1.1670641784978908,-0x1.2ac4b7cefb46bp+0,0.4766443015481711,0.8216154887237387,0x1.a4aac90be9393p-1,-1.0914434177920227,-0x1.1768d5f8d9e86p+0,-1.3284114440045707,0.40435377829926866,0x1.9e0eeab73cd1ap-2,1.5092454125046935,0x1.825de848587f0p+0,3.7324874738469167,0.624852182701317,0x1.3feca013129f9p-1,1.1186768985800732,0x1.1e619bf6312f0p+0,1.7903064589514401,0.9999999830288867,0x1.ffffff6e38209p-1,0.2327818780796425,0x1.dcbcbecba0d12p-3,0.2327818820302102,-0.7561665472103604,-0x1.832842fd320abp-1,0.024307572626823176,0x1.8e41595e8ce88p-6,-0.03214579210955358,-1.3277225685903369
H593-e8c8ae988bf96315bca9637e,OUTCOME-0131,119,4590,/hkfs/work/workspace/scratch/ap7811-benchmark/dailymed/data/box_flat_20000_images/data/raw_images/otc/meijer-44-390-1.jpg,106,398.244140625,0x1.8e3e800000000p+8,False,False,False,CHALLENGER,118,-2.5608415527881174,-0x1.47c9a7efbb3dcp+1,-2.5608415527881174,-0x1.47c9a7efbb3dcp+1,0.0001741811314060435,0.008212514213790465,0.02120923347853186,0.0001642608087140996,0.000189629148118633,9.920322691943899e-06,-1.54480167125895e-05,-1.3277225685903369,0.0,-1.9757931015985477,-0.5850484511895697,False,91,-4.145214985642429,-0x1.094b33cb8e4b4p+2,-1.9757931015985477,-0x1.f9cd93a307360p+0,0.4766443015481711,0.37640577331916303,0x1.817083d9b9bf8p-2,-0.5000217368665665,-0x1.0002d95e43152p-1,-1.3284114440045707,0.1624466042231794,0x1.4cb0ce23e0e4ap-3,0.6063299154319848,0x1.3670dfeabbcfep-1,3.7324874738469167,0.22789393674297298,0x1.d2ba0e6a24604p-3,0.40799998690681544,0x1.a1cabfa221ff5p-2,1.7903064589514401,0.9999999380383888,0x1.fffffdebc0f9ep-1,0.23278186760666972,0x1.dcbcbd63c792fp-3,0.2327818820302102,0.13737149991783695,0x1.19563a9c65885p-3,-0.004415915678136343,-0x1.2166c56b63a5ep-8,-0.03214579210955358,-1.3277225685903369
H593-e8c8ae988bf96315bca9637e,OUTCOME-0131,120,4660,/hkfs/work/workspace/scratch/ap7811-benchmark/dailymed/data/box_flat_20000_images/data/raw_images/otc/rite-aid-44-615-sm-1.jpg,14,406.5800476074219,0x1.96947e0000000p+8,False,False,False,CHALLENGER,119,-0.9755004961722882,-0x1.f374cd1095606p-1,-0.9755004961722882,-0x1.f374cd1095606p-1,0.0003693687542840146,0.009963210014924964,0.03707326792576864,0.0003672232478330176,0.00044320225478464246,2.145506450997026e-06,-7.383350050062785e-05,-1.3277225685903369,-1.1102230246251565e-16,-0.8320722164967723,-0.14342827967551586,False,20,-1.7456879559750293,-0x1.bee567e7ef101p+0,-0.8320722164967723,-0x1.aa055e9b8719dp-1,0.4766443015481711,0.6479257964466004,0x1.4bbcee13f2203p-1,-0.86071204286544,-0x1.b8af3fb6c2c5cp-1,-1.3284114440045707,0.25478061804537466,0x1.04e535d8a3618p-2,0.9509654654333366,0x1.e6e4f20b52bd2p-1,3.7324874738469167,0.4708770642144785,0x1.e22d98dcf361ap-2,0.8430142494352729,0x1.af9f904ec5e13p-1,1.7903064589514401,0.9999998804429666,0x1.fffffbfd034dap-1,0.23278185419949896,0x1.dcbcbb971cda5p-3,0.2327818820302102,-0.5675630157121054,-0x1.22979e9dce252p-1,0.018244762712152633,0x1.2aec14cb01a6ep-6,-0.03214579210955358,-1.3277225685903369
H593-e8c8ae988bf96315bca9637e,OUTCOME-0131,121,4673,/hkfs/work/workspace/scratch/ap7811-benchmark/dailymed/data/box_flat_20000_images/data/raw_images/otc/selectcorp-01.jpg,22,405.3055114746094,0x1.954e360000000p+8,False,False,False,CHALLENGER,120,-0.9172602683278677,-0x1.d5a3234cc6d94p-1,-0.9172602683278677,-0x1.d5a3234cc6d94p-1,0.00034408833971933826,0.013221023138047377,0.0260258480850187,0.00032959061524732774,0.00040376206176080995,1.449772447201052e-05,-5.967372204147169e-05,-1.3277225685903369,-1.1102230246251565e-16,-1.0069438407829385,0.08968357245507086,False,16,-2.112568717411119,-0x1.0e68a6d7eaad9p+1,-1.0069438407829385,-0x1.01c7125112442p+0,0.4766443015481711,0.6268843722255617,0x1.40f6fd0a2a206p-1,-0.8327603741320572,-0x1.aa5f91589a93fp-1,-1.3284114440045707,0.3816359975953887,0x1.86cb964298180p-2,1.4244515805938602,0x1.6ca8dbd962d9fp+0,3.7324874738469167,0.3223735552057908,0x1.4a1c4b12d1056p-2,0.577147458080066,0x1.277fdf22d8c9cp-1,1.7903064589514401,0.9999999517291276,0x1.fffffe615b3aap-1,0.23278187079362567,0x1.dcbcbdd14855cp-3,0.2327818820302102,-0.49106289420759713,-0x1.f6d930fb9a5afp-2,0.015785605709913123,0x1.02a1a11162594p-6,-0.03214579210955358,-1.3277225685903369
H593-e8c8ae988bf96315bca9637e,OUTCOME-0131,122,4726,/hkfs/work/workspace/scratch/ap7811-benchmark/dailymed/data/box_flat_20000_images/data/raw_images/otc/topcare-44-773-1.jpg,96,398.85693359375,0x1.8edb600000000p+8,False,False,False,CHALLENGER,121,-2.2101066700082357,-0x1.1ae4c67e2dacdp+1,-2.2101066700082357,-0x1.1ae4c67e2dacdp+1,0.0003694433392421435,0.008887872375893613,0.041567129186528017,0.0003623939844996803,0.0002558530336077605,7.049354742463181e-06,0.00011359030563438298,-1.3277225685903369,0.0,-1.891715373994242,-0.31839129601399363,False,67,-3.968819868085761,-0x1.fc024a18925a3p+1,-1.891715373994242,-0x1.e4477570a54b3p+0,0.4766443015481711,0.6479843644886254,0x1.4bc49b4b98922p-1,-0.860789845322719,-0x1.b8b97254c7ab0p-1,-1.3284114440045707,0.20065302647714767,0x1.9aeff954808e4p-3,0.7489349079154274,0x1.7f746570a8b87p-1,3.7324874738469167,0.514185788005646,0x1.07435c0f1abf0p-1,0.9205501373675439,0x1.d75258fca4d13p-1,1.7903064589514401,0.9999999246310152,0x1.fffffd7895d98p-1,0.23278186448567606,0x1.dcbcbcf88b060p-3,0.2327818820302102,0.9999999925349983,0x1.ffffffbfe049ap-1,-0.03214579186958519,-0x1.07569c9915a2cp-5,-0.03214579210955358,-1.3277225685903369
H593-e8c8ae988bf96315bca9637e,OUTCOME-0131,123,4753,/hkfs/work/workspace/scratch/ap7811-benchmark/dailymed/data/box_flat_20000_images/data/raw_images/otc/walgreens-44-235-1.jpg,126,397.185546875,0x1.8d2f800000000p+8,False,False,False,CHALLENGER,122,-3.7434295889970457,-0x1.df28b365cf7e0p+1,-3.7434295889970457,-0x1.df28b365cf7e0p+1,4.966222651158972e-05,0.004073550090914363,0.012191387218327384,5.011852670269154e-05,5.079104379961922e-05,-4.5630019110182494e-07,-1.1288172880295031e-06,-1.3277225685903369,0.0,-2.1210365386074193,-1.6223930503896264,False,127,-4.44993579429809,-0x1.1ccbbf8073d86p+2,-2.1210365386074193,-0x1.0f7e2013784eep+1,0.4766443015481711,-0.2275081934018382,-0x1.d1efd0d1dd0eap-3,0.30222448771980703,0x1.357a560b3a4a8p-2,-1.3284114440045707,-0.18453499105664875,-0x1.79ed7b3c729a9p-3,-0.6887745426053943,-0x1.60a70e8d9d743p-1,3.7324874738469167,-0.044856421218967636,-0x1.6f76bbc4d5895p-5,-0.0803067406337642,-0x1.48efb88ab9d78p-4,1.7903064589514401,0.8632807452875264,0x1.b9ffef108d888p-1,0.2009561166084729,0x1.9b8ee1661dce4p-3,0.2327818820302102,0.8949788137235186,0x1.ca3aa9bf1c5bep-1,-0.02876980288841111,-0x1.d75d4ca1286b9p-6,-0.03214579210955358,-1.3277225685903369
H593-e8c8ae988bf96315bca9637e,OUTCOME-0131,124,4756,/hkfs/work/workspace/scratch/ap7811-benchmark/dailymed/data/box_flat_20000_images/data/raw_images/otc/walgreens-44-556-1.jpg,31,403.72210693359375,0x1.93b8dc0000000p+8,False,False,False,CHALLENGER,123,-2.526429358186406,-0x1.43620986884e2p+1,-2.526429358186406,-0x1.43620986884e2p+1,0.00012048130843346939,0.006023429136720322,0.020002112700054087,0.0001336484286593642,0.00013507434362506295,-1.3167120225894823e-05,-1.4593035191593564e-05,-1.3277225685903369,0.0,-1.224193487035398,-1.302235871151008,False,86,-2.5683585916356066,-0x1.48bff96dbcdedp+1,-1.224193487035398,-0x1.3964be8ecb117p+0,0.4766443015481711,0.2084639152295269,0x1.aaef2112749a0p-3,-0.27692585065290226,-0x1.1b92733fe2811p-2,-1.3284114440045707,0.008897161916857452,0x1.238acdbae5318p-7,0.03320854540745826,0x1.100b5e0f20e27p-5,3.7324874738469167,0.19993758603332465,0x1.9978e08a08d6bp-3,0.3579495516626204,0x1.6e8a53c809075p-2,1.7903064589514401,-0.35842785383507786,-0x1.6f07b618c9dbdp-2,-0.08343551038777852,-0x1.55c079470c9a8p-4,0.2327818820302102,0.16518611742315245,0x1.524d1960af6c3p-3,-0.0053100385900689655,-0x1.5bffaa15b858cp-8,-0.03214579210955358,-1.3277225685903369
H593-e8c8ae988bf96315bca9637e,OUTCOME-0131,125,4759,/hkfs/work/workspace/scratch/ap7811-benchmark/dailymed/data/box_flat_20000_images/data/raw_images/otc/walgreens-ibuprofen-pm-carton-image.jpg,76,399.72998046875,0x1.8fbae00000000p+8,False,False,False,CHALLENGER,124,-2.7346025590959204,-0x1.5e0774e76ffc4p+1,-2.7346025590959204,-0x1.5e0774e76ffc4p+1,8.690546189053313e-05,0.0065943580900502926,0.01317875988895082,8.139183899730888e-05,0.00011463389918007642,5.51362289322425e-06,-2.7728437289543297e-05,-1.3277225685903369,0.0,-1.7719297349850802,-0.9626728241108402,False,100,-3.7175095332719583,-0x1.dbd75a35fc531p+1,-1.7719297349850802,-0x1.c59d2fe692245p+0,0.4766443015481711,0.048190708914030364,0x1.8ac73dd837d66p-5,-0.064017089216091,-0x1.0636c88917734p-4,-1.3284114440045707,0.05412331890110911,0x1.bb60d39433230p-5,0.2020146098414118,0x1.9db9d5f4aa1d3p-3,3.7324874738469167,-0.005948123841766366,-0x1.85d0f55f79492p-8,-0.010648964532557379,-0x1.5cf1fd33a9185p-7,1.7903064589514401,0.9999999147654047,0x1.fffffd23d7249p-1,0.23278186218914068,0x1.dcbcbca9a27c1p-3,0.2327818820302102,-0.1530317305863099,-0x1.3968b330f2a7bp-3,0.00491932619759273,0x1.426499231388ap-8,-0.03214579210955358,-1.3277225685903369
H593-e8c8ae988bf96315bca9637e,OUTCOME-0131,126,4766,/hkfs/work/workspace/scratch/ap7811-benchmark/dailymed/data/box_flat_20000_images/data/raw_images/otc/winco-44-676a-1.jpg,2,410.6501159667969,0x1.9aa66e0000000p+8,False,False,False,CHALLENGER,125,-1.2644131137761392,-0x1.43b093ec4d52dp+0,-1.2644131137761392,-0x1.43b093ec4d52dp+0,0.0001273578925976591,0.0066710582167485415,0.019091107956142682,0.00012975063372972317,0.00015397200232499861,-2.392741132064072e-06,-2.661410972733952e-05,-1.3277225685903369,0.0,-0.27364201853208053,-0.9907710952440587,False,28,-0.5741011014781332,-0x1.25f0945ee46f0p-1,-0.27364201853208053,-0x1.18359d01a0791p-2,0.4766443015481711,0.2348516683662852,0x1.e0f9e9585a96bp-3,-0.3119796439013395,-0x1.3f77977e4bc12p-2,-1.3284114440045707,0.05988653959494708,0x1.ea972d20fd304p-5,0.2235257588901774,0x1.c9c7df81f9a32p-3,3.7324874738469167,0.1774610222495049,0x1.6b70af3702c4dp-3,0.3177096143454139,0x1.4555ab4cf40b8p-2,1.7903064589514401,0.44428791350080965,0x1.c6f36929f9e96p-2,0.1034221766679937,0x1.a79e032785ce1p-4,0.2327818820302102,-0.1329432894192892,-0x1.104492423a637p-3,0.004273567344032685,0x1.18128ffad9052p-8,-0.03214579210955358,-1.3277225685903369
H593-e8c8ae988bf96315bca9637e,OUTCOME-0131,127,4767,/hkfs/work/workspace/scratch/ap7811-benchmark/dailymed/data/box_flat_20000_images/data/raw_images/otc/winco-44-676a-womens-delisted-1.jpg,32,403.4189758300781,0x1.936b420000000p+8,False,False,False,CHALLENGER,126,0.043027735862966265,0x1.607bb3cb46960p-5,0.043027735862966265,0x1.607bb3cb46960p-5,0.005636106774566269,0.024207439369693894,0.23282540084030118,0.005640712094511603,0.006817188403107363,-4.6053199453345225e-06,-0.0011810816285410938,-1.3277225685903369,6.938893903907228e-17,-1.2657843270898586,1.3088120629528248,False,2,-2.655616196351263,-0x1.53eb3b45073e5p+1,-1.2657843270898586,-0x1.440a7110a3eb5p+0,0.4766443015481711,0.9723834861900611,0x1.f1dc3f90b6abep-1,-1.2917253510159377,-0x1.4aae833a070f0p+0,-1.3284114440045707,0.6071525970154817,0x1.36dcb487b9d61p-1,2.2661894630739106,0x1.22127f0f389b8p+1,3.7324874738469167,0.8916446691318719,0x1.c885a66b25f47p-1,1.59631721023641,0x1.98a83ea401e0ep+0,1.7903064589514401,0.1490556301781822,0x1.31441407331ffp-3,0.03469745012007625,0x1.1c3dd3b0a6739p-5,0.2327818820302102,-0.9660940698820975,-0x1.eea3e1c6019c8p-1,0.031055859128702432,0x1.fcd1b6d3a53b9p-6,-0.03214579210955358,-1.3277225685903369
