query_id,original_query_id,identity,component,fold,category,target_in_C128,target_physical_candidate_count,RAW_correct,RAW_target_rank,GAP_BIAS2_correct,COST1_FULL_correct,COST1_FULL_top_identity,COST1_FULL_top_is_target,COST1_FULL_top_score,COST1_FULL_target_challenger_rank,COST1_FULL_target_unified128_diagnostic_rank,COST1_FULL_target_score,COST1_FULL_target_ties,CE_FULL_correct,CE_FULL_top_identity,CE_FULL_top_is_target,CE_FULL_top_score,CE_FULL_target_challenger_rank,CE_FULL_target_unified128_diagnostic_rank,CE_FULL_target_score,CE_FULL_target_ties,ZERO_S_correct,ZERO_S_top_identity,ZERO_S_top_is_target,ZERO_S_top_score,ZERO_S_target_challenger_rank,ZERO_S_target_unified128_diagnostic_rank,ZERO_S_target_score,ZERO_S_target_ties
H593-0091cc1b5a6f73a4ad8d88ae,OUTCOME-0581,anti caries toothpaste carton,fa72f98eeda7c16b4963aa2c9a26bb7b6da07062d61f1935ff18b1204cf99a43,4,already_correct,True,1,True,1,True,True,cleaner toothpaste carton,False,-2.639284076761962,,1,,,True,cleaner toothpaste carton,False,-5.015022017634807,,1,,,True,cleaner toothpaste carton,False,-2.9861003877745627,,1,,
H593-00db0e83284b1620da33639a,NDV2-010-P01,60 mg Comfor-trate Tab,5993f2caf420c9a99c193d33f748eea45f5c55ab4832c947913f7c005ada8f7b,0,already_correct,True,1,True,1,True,True,160 mg Comfor-trate Tab,False,-1.2355836746985418,,1,,,True,160 mg Comfor-trate Tab,False,-1.222665360601074,,1,,,True,160 mg Comfor-trate Tab,False,-1.2310200120294106,,1,,
H593-00f945a36392a04124513f2c,OUTCOME-0797,tul01-0001-02,d03ec6170d58ac2d6198068ac9aa233411e9b70ad6019840f643fdabcc4a9adf,3,wrong_RAW_and_challenger,True,1,False,11,False,False,50 & 100 Caplets_Page_2,False,-0.315688793143968,3,4,-1.357338062182433,0,False,50 & 100 Caplets_Page_2,False,1.7603099784161524,3,4,-1.598799307714375,0,False,50 & 100 Caplets_Page_2,False,0.20778430760129285,4,5,-1.2874967605183614,0
H593-01371ddf81e97f382dca84d8,NDV2-010-P04,60 mg Comfor-trate Tab,5993f2caf420c9a99c193d33f748eea45f5c55ab4832c947913f7c005ada8f7b,0,already_correct,True,1,True,1,True,True,16 mg Comfor-trate Tab,False,-1.180453303050814,,1,,,True,16 mg Comfor-trate Tab,False,-0.9922275808776613,,1,,,True,16 mg Comfor-trate Tab,False,-1.0549126987855666,,1,,
H593-01539eca5c5afd1c6d5ccda2,OUTCOME-0325,75 100s carton,27398dad6e577a6cdc7867303a9c586cdf14f835803381e1ac3586b1bec33c43,0,already_correct,True,1,True,1,True,True,entecavir-03,False,-6.052040487861493,,1,,,True,entecavir-03,False,-15.444738784411708,,1,,,True,entecavir-03,False,-7.662753506305721,,1,,
H593-0188e7f7150a7aaf05c23614,OUTCOME-0760,kedbumin-02,a5cc6cd71cb98a23641d9032f2abdbe55a284b95eedc14e13d1ab9d93b7adc76,1,already_correct,True,1,True,1,True,True,76125-792-carton,False,-5.1119265228148425,,1,,,True,76125-792-carton,False,-11.801562337116307,,1,,,True,76125-792-carton,False,-6.93434107157853,,1,,
H593-02060e3d320616b952a39654,OUTCOME-0727,dro0b-0001-04,0afd089c456e855f9466067a75179f94b4fb386831d044fd18ff0bcd22e0d3f4,2,already_correct,True,1,True,1,True,True,dro0b-0001-02,False,-3.7815249176453922,,1,,,True,dro0b-0001-02,False,-8.02369801472632,,1,,,True,dro0b-0001-02,False,-5.1688524891144585,,1,,
H593-021e62b31ffbd6d351d13e91,OUTCOME-0282,5fe0ce14-bc11-4b43-b002-7efdca0d3003-04,c36d84d6c8d54c84a5f0b431f53eb8775569f16793018d5e6c57459cf8e20e49,4,target_absent,False,0,False,362,False,False,Box-02,False,-0.06850896848116816,,,,,False,Box-02,False,1.7947613799888629,,,,,False,Box-02,False,0.8066710004747863,,,,
H593-02543adf69ee9391380f4ee6,NDV2-007-P03,45mg PFS CArton,e5b4f86a4d49af3ede0ecdd200dfae35f36ef1fb29c77d00e2fc254648085e0e,0,already_correct,True,1,True,1,True,True,abrilada-36,False,-4.015932280154733,,1,,,True,avtozma-37,False,-9.281574225877705,,1,,,True,abrilada-36,False,-5.424115424082304,,1,,
H593-028ab5aaff186d9fc48a7f19,DIFFICULT-0014,3T3-bn-lansoprazole,7309194c945cf747ac938c081c8e1c7587ee93c9427836b98aa713829ad9307b,4,already_correct,True,1,False,7,True,True,3T3-bn-lansoprazole,True,1.7881448617299547,1,1,1.7881448617299547,0,True,3T3-bn-lansoprazole,True,5.228326429124106,1,1,5.228326429124106,0,True,3T3-bn-lansoprazole,True,3.101285192897258,1,1,3.101285192897258,0
H593-02ce6b371f2907428fc96ffe,OUTCOME-0624,athletes-01,ef7d75f57f11d1174b60813355c0cf7d7dce1009b41f2c7a54cf612906b3dea7,4,already_correct,True,1,True,1,True,True,Clotrimazole_carton,False,-0.8843806200989703,,1,,,True,Clotrimazole_carton,False,-0.24773538612100277,,1,,,True,Clotrimazole tube box,False,-0.29501213758446365,,1,,
H593-03168677fa508c139372f0ed,OUTCOME-0249,469584,4d5d4731b2c45171a86a8690a5b3a1819d26c3dd6226f61b0f9104c2f6f56484,2,already_correct,True,1,True,1,True,True,carton 10 mL orange,False,-5.455490827916023,,1,,,True,irritated-eye-drops-1,False,-12.077914036059829,,1,,,True,carton 10 mL orange,False,-6.9510782549277845,,1,,
H593-04953480712cfc6b638e8fb2,OUTCOME-0631,athletes-01,ef7d75f57f11d1174b60813355c0cf7d7dce1009b41f2c7a54cf612906b3dea7,4,already_correct,True,1,True,1,True,True,cream-02,False,-5.848428225526318,,1,,,True,cream-02,False,-11.921656463711415,,1,,,True,cream-02,False,-7.158380678993535,,1,,
H593-04bd54f85fedc55966f9ee04,OUTCOME-0813,vetoryl-09,7abc0d7c0e302804a40dcf309dece25b925a424ae8a43fd70cd693d41ebfc54f,2,already_correct,True,1,True,1,True,True,vetoryl-07,False,-0.9777745739522954,,1,,,True,vetoryl-07,False,-0.5313444876472464,,1,,,True,vetoryl-07,False,-0.8256871149341554,,1,,
H593-0576bfe455276d27cc059542,OUTCOME-0495,AntifluDesbx,0748babacede700838aa4a895d8d3238fc567929c58d772ed17e063e9856bb96,2,already_correct,True,1,True,1,True,True,circle-k-cold-01,False,-3.0848387035686597,,1,,,True,circle-k-cold-01,False,-6.4876105835338205,,1,,,True,62377580-figure-01,False,-2.37108350419334,,1,,
H593-059423d2642d803097a5e092,NDV2-003-P04,160mgcarton,5993f2caf420c9a99c193d33f748eea45f5c55ab4832c947913f7c005ada8f7b,0,already_correct,True,1,True,1,True,True,16mgcarton,False,-1.205504157448755,,1,,,True,16mgcarton,False,-1.156291282408741,,1,,,True,16mgcarton,False,-1.2673783262751745,,1,,
H593-059b70b913c381ca4c02e851,OUTCOME-0002,0003,1c37c8c6064f3ee8446595a55b1d8fb0394f2b039c86eb060704e75d998d0d11,1,already_correct,True,1,True,1,True,True,BUX0ABS6-Back-card,False,-3.8049749815935723,,1,,,True,BUX0ABS6-Back-card,False,-8.747984307121051,,1,,,True,BUX0ABS6-Back-card,False,-4.977306550734057,,1,,
H593-05b3ce4ffdc0d30f9d3abac9,OUTCOME-0706,ciprofloxacin-ophthalmic-solution-2pt5ml-carton,86244889a9cf4aa3df9f971885f8dfcec40ce965b829d12b7deb1eb31c2e4e44,0,already_correct,True,1,True,1,True,True,43d3dd59-36b1-493f-86a3-c5eee9750ee8-05,False,-2.503974421957782,,1,,,True,c9d37a89-f385-4cd5-9a18-15abc5ba2dd9-08,False,-4.975563271283978,,1,,,True,c9d37a89-f385-4cd5-9a18-15abc5ba2dd9-08,False,-1.9944125631355614,,1,,
H593-064aa36809b4f00051cb821a,OUTCOME-0058,10 mL carton,caadf690e51b6ae8aa69d3ebfb189f9ae43f3e3bde9aadd83d79e71a9ed27df7,4,already_correct,True,1,True,1,True,True,ketorolac-tromethamine-07,False,-3.7878296238188875,,1,,,True,ketorolac-tromethamine-07,False,-7.965337286431021,,1,,,True,ketorolac-tromethamine-07,False,-3.4128547934134392,,1,,
H593-068d4310663d131f8027b587,DIFFICULT-0060,bef4f237-ccb8-4d28-bfc2-41c511a17d7f-01,f16447b66992689bdb8350dadcb85602511b1bd2c18265a511e90bf7d2910d9c,1,already_correct,True,1,True,1,True,True,sinus-relief-preservative-free-01,False,-3.9368949401717197,,1,,,True,sinus-relief-preservative-free-01,False,-9.292723333566162,,1,,,True,sinus-relief-preservative-free-01,False,-5.072855763210677,,1,,
H593-07197c3f4badd640f6859f5e,OUTCOME-0047,10 mL carton,caadf690e51b6ae8aa69d3ebfb189f9ae43f3e3bde9aadd83d79e71a9ed27df7,4,already_correct,True,1,True,1,True,True,0186ce28-7aa2-4c47-9c64-afe13fd1ef6e-21,False,-2.68304523055207,,1,,,True,0186ce28-7aa2-4c47-9c64-afe13fd1ef6e-21,False,-5.432436510504344,,1,,,True,0186ce28-7aa2-4c47-9c64-afe13fd1ef6e-21,False,-1.4859115012259088,,1,,
H593-0745854000292039c9c10f33,DIFFICULT-0044,734-uw-mint-mini-nicotine-lozenge,a7e2eb3376d106cbd8cfa0ddaf20047219e210af69c8abeada87a180f2a8e2a9,1,already_correct,True,1,False,3,True,True,734-uw-mint-mini-nicotine-lozenge,True,0.4575468409013739,1,1,0.4575468409013739,0,True,734-uw-mint-mini-nicotine-lozenge,True,3.096720650535997,1,1,3.096720650535997,0,True,734-uw-mint-mini-nicotine-lozenge,True,2.2671419983557506,1,1,2.2671419983557506,0
H593-08297e272b0164e6fdd42e9f,DIFFICULT-0050,734-uw-mint-mini-nicotine-lozenge,a7e2eb3376d106cbd8cfa0ddaf20047219e210af69c8abeada87a180f2a8e2a9,1,correct_challenger_still_HOLD,True,1,False,3,False,False,734-uw-mint-mini-nicotine-lozenge,True,-1.8590935447762154,1,2,-1.8590935447762154,0,False,734-uw-mint-mini-nicotine-lozenge,True,-2.968647531080623,1,2,-2.968647531080623,0,False,734-uw-mint-mini-nicotine-lozenge,True,-1.494870712729791,1,2,-1.494870712729791,0
H593-082cd2a46d9b304893a3587c,OUTCOME-0366,80mg-cart-np,f15f4acea549124570f8e5b5e20c5575b2b6e0d49386891fe5a7552afc90436f,0,already_correct,True,1,True,1,True,True,docetaxel-baxter-12,False,-4.533595823893483,,1,,,True,docetaxel-80mg-carton,False,-10.706002490415091,,1,,,True,dex0d-0007-03,False,-5.7303552894692285,,1,,
H593-0923651f03329ad9587b7927,OUTCOME-0810,vetoryl-09,7abc0d7c0e302804a40dcf309dece25b925a424ae8a43fd70cd693d41ebfc54f,2,wrong_RAW_and_challenger,True,1,False,33,False,False,vetoryl-07,False,-1.64624049704425,15,16,-2.6278640997752163,0,False,felimazole-03,False,-2.1409806595703134,12,13,-4.6666300172369715,0,False,simplera-04,False,-1.3565170263069464,10,11,-2.108168582926433,0
H593-094186f2ba40a8fa08ad355b,OUTCOME-0711,ciprofloxacin-ophthalmic-solution-2pt5ml-carton,86244889a9cf4aa3df9f971885f8dfcec40ce965b829d12b7deb1eb31c2e4e44,0,already_correct,True,1,True,1,True,True,10ML,False,-4.558299376894469,,1,,,True,10ML,False,-10.481699975156822,,1,,,True,10ML,False,-6.211921307708566,,1,,
H593-097dd2637a0f46ccbfb61ff4,OUTCOME-0254,469584,4d5d4731b2c45171a86a8690a5b3a1819d26c3dd6226f61b0f9104c2f6f56484,2,already_correct,True,1,True,1,True,True,PA 00015.02 PL GDD Original Eye Drops,False,-3.247547799045098,,1,,,True,PA 00015.02 PL GDD Original Eye Drops,False,-6.896503960192318,,1,,,True,PA 00015.02 PL GDD Original Eye Drops,False,-4.152472661593039,,1,,
H593-09ce47090a8b579fa3833638,OUTCOME-0392,83324304-60,dabd4e44228b0c3fe4d6e936d82cc48dbee71a26baad248be0f99f22cd2424cf,0,already_correct,True,1,True,1,True,True,CDMA QC Ultra Strength Gas Relief 60ct,False,-2.8567078756427478,,1,,,True,CDMA QC Ultra Strength Gas Relief 60ct,False,-6.075029239198363,,1,,,True,F117302QCH_R2,False,-3.676607713756308,,1,,
H593-0a87021a30d8b6a9de32f2b3,OUTCOME-0310,6941714017-1,69e8433234f6613d539957d8cd900a9503c3e7bceb31e12adec7cfa0adc6368b,0,already_correct,True,1,True,1,True,True,Tatcha 50 ML PDP,False,-4.162493761340471,,1,,,True,Tatcha 50 ML PDP,False,-9.346308027923858,,1,,,True,Caja30pequena,False,-5.355005686800382,,1,,
H593-0ac0e839567fe775450fa642,OUTCOME-0262,4_Kids_Oral_Pain_Relief,d39c757e2a4c76e8e9403fd84708b3c233de7ca0b40197f435ceb3a48272b73f,3,already_correct,True,1,True,1,True,True,kids relief pain fever2 box 5panel,False,-6.874483069044401,,1,,,True,kids relief pain fever2 box 5panel,False,-18.13878293086759,,1,,,True,kids relief pain fever2 box 5panel,False,-7.737251909974288,,1,,
H593-0c19fd5a9f5839f926c4ae57,OUTCOME-0352,77l96n1c1,f4cb26eef9646d6dfd71a5bdba8092d2e0f934cd5f8e9ffe627d7c9ba8444f36,1,already_correct,True,1,True,1,True,True,maximum-h-01,False,-7.581122558275597,,1,,,True,Ertaczo Carton,False,-19.232026866148452,,1,,,True,maximum-h-01,False,-9.100650805211632,,1,,
H593-0c251f2d0b52c9cde036edc1,OUTCOME-0437,ASP Cough Mucus Congestion PMG 24ct,055e3d0a2ba828c5df95354fc5d80825fa129f679641c7a5ba585b5c8911a1f9,1,already_correct,True,1,True,1,True,True,ASP Cold Cough PMG 24ct,False,-1.804257080331552,,1,,,True,ASP Cold Cough PMG 24ct,False,-3.1121894234453804,,1,,,True,ASP Cold Cough PMG 24ct,False,-2.270271733697273,,1,,
H593-0c93295a4efc661bc7464f47,OUTCOME-0159,2021 Lice Freee!_6ozPOP R2a,162fd69cd74c8e3f1f06ce6bb5fec631f657a623f060862dbcc70a39fc026e96,3,already_correct,True,1,False,4,True,True,2021 Lice Freee!_6ozPOP R2a,True,1.3457833369640164,1,1,1.3457833369640164,0,True,2021 Lice Freee!_6ozPOP R2a,True,5.955166821763873,1,1,5.955166821763873,0,True,2021 Lice Freee!_6ozPOP R2a,True,2.3254835789274706,1,1,2.3254835789274706,0
H593-0d8db033f048bf0a40089770,DIFFICULT-0128,sevospire-02,c04b390c7ae86a0d21958115ce19bd1ed22c76ff1b8fb240f01405c8bf9231ec,2,already_correct,True,1,True,1,True,True,sevo-250ml-carton,False,-2.313289115969113,,1,,,True,sevo-250ml-carton,False,-4.128696480382412,,1,,,True,fascy moisture bomb hand cream violet carton,False,-1.6470001353072865,,1,,
H593-0dc7d62664f27ce00d40a1ab,OUTCOME-0471,AlkaSeltzer_36,1efff5d5855cab66509977a0b8d496f45b9a66147726f1323cdd42a873075386,1,already_correct,True,1,True,1,True,True,AS_HR_LemonLime_Tablet_36ct_Ctn_r4 (002),False,-3.079446391620674,,1,,,True,AS_HR_LemonLime_Tablet_36ct_Ctn_r4 (002),False,-6.750579708283762,,1,,,True,AS_HR_LemonLime_Tablet_36ct_Ctn_r4 (002),False,-4.17494640401041,,1,,
H593-0dd4951a9b49124b8f24958f,OUTCOME-0342,766-e9-infants-pain-and-fever,8ad47f26cd065ca57d3a68d2c5f31cd9eeb977294c710ac87f6e9c84b24866ea,0,already_correct,True,1,True,1,True,True,careone-infants-acetaminophen-160mg-per-5ml-grape-carton-image,False,-1.6665120517846908,,1,,,True,careone-infants-acetaminophen-160mg-per-5ml-grape-carton-image,False,-2.7062059537574794,,1,,,True,careone-infants-acetaminophen-160mg-per-5ml-grape-carton-image,False,-1.956025207351661,,1,,
H593-0de8c65af51ef20333889d71,OUTCOME-0253,469584,4d5d4731b2c45171a86a8690a5b3a1819d26c3dd6226f61b0f9104c2f6f56484,2,already_correct,True,1,True,1,True,True,PA 00015.02 PL GDD Original Eye Drops,False,-2.4568191302018496,,1,,,True,PA 00015.02 PL GDD Original Eye Drops,False,-4.79412566957967,,1,,,True,clear-eyes-cooling-itchy-eye-relief-01,False,-1.8673786417251046,,1,,
H593-0e5d73ab749914eaaeb680ae,OUTCOME-0338,766-e9-infants-pain-and-fever,8ad47f26cd065ca57d3a68d2c5f31cd9eeb977294c710ac87f6e9c84b24866ea,0,target_absent,False,0,False,1201,False,False,cvs-acetaminophen-carton-image,False,-1.40760623577573,,,,,False,childrens-chewable-ibuprofen.png,False,-2.018611798918327,,,,,False,cvs-acetaminophen-carton-image,False,0.23965968876771515,,,,
H593-0e8e2230acf18be9984a101b,OUTCOME-0332,766-e9-infants-pain-and-fever,8ad47f26cd065ca57d3a68d2c5f31cd9eeb977294c710ac87f6e9c84b24866ea,0,already_correct,True,1,True,1,True,True,careone-infants-acetaminophen-160mg-per-5ml-grape-carton-image,False,-1.8130269144918978,,1,,,True,careone-infants-acetaminophen-160mg-per-5ml-grape-carton-image,False,-3.116438849756216,,1,,,True,careone-infants-acetaminophen-160mg-per-5ml-grape-carton-image,False,-2.2196523752639843,,1,,
H593-0ee088c09f80add39585ed84,OUTCOME-0774,lox01-0004-14,2aa1e6c4bb63c1bf91f9200ac8983a2fdb8a3d86fcbc58c5f88c921023045af6,1,already_correct,True,1,True,1,True,True,ost01-0006-12,False,-5.977032810591679,,1,,,True,ost01-0006-12,False,-12.623971564218616,,1,,,True,ost01-0006-12,False,-8.0590085372581,,1,,
H593-102e05de4bdefbe546c83578,OUTCOME-0406,964901_LR,1f59b78808c09c6bf68702306ba72c84cbbb75e1dfc61bab3c7f1b99aee3b17d,0,target_absent,False,0,False,369,False,False,Bottle6A,False,0.1869243239645244,,,,,False,avema_painreliefpm,False,2.0395643105543813,,,,,False,Bottle6A,False,1.8831318517156799,,,,
H593-106aa1a451e3f1c3a21d37fe,OUTCOME-0476,AlkaSeltzer_36,1efff5d5855cab66509977a0b8d496f45b9a66147726f1323cdd42a873075386,1,already_correct,True,1,False,3,True,True,AlkaSeltzer_36,True,1.323790041087625,1,1,1.323790041087625,0,True,AlkaSeltzer_36,True,4.426740006445857,1,1,4.426740006445857,0,True,AlkaSeltzer_36,True,3.373816675575816,1,1,3.373816675575816,0
H593-10e669d82eed33568754dbb1,OUTCOME-0596,anti caries toothpaste carton,fa72f98eeda7c16b4963aa2c9a26bb7b6da07062d61f1935ff18b1204cf99a43,4,already_correct,True,1,True,1,True,True,cleaner toothpaste carton,False,-5.018511682785801,,1,,,True,cleaner toothpaste carton,False,-10.91709007206643,,1,,,True,cleaner toothpaste carton,False,-6.04218173921152,,1,,
H593-118dee9f38aacba8f825b966,OUTCOME-0770,lox01-0004-14,2aa1e6c4bb63c1bf91f9200ac8983a2fdb8a3d86fcbc58c5f88c921023045af6,1,already_correct,True,1,True,1,True,True,ost01-0006-12,False,-5.498965893243286,,1,,,True,ost01-0006-12,False,-11.80062010021374,,1,,,True,ost01-0006-12,False,-7.547295313870009,,1,,
H593-12c93384cd26eac2b57b065b,DIFFICULT-0017,3T3-bn-lansoprazole,7309194c945cf747ac938c081c8e1c7587ee93c9427836b98aa713829ad9307b,4,already_correct,True,1,False,3,True,True,3T3-bn-lansoprazole,True,1.729417157180421,1,1,1.729417157180421,0,True,3T3-bn-lansoprazole,True,5.497789704536497,1,1,5.497789704536497,0,True,3T3-bn-lansoprazole,True,3.006905503203499,1,1,3.006905503203499,0
H593-135d0a301829fc765ac62aca,OUTCOME-0635,athletes-01,ef7d75f57f11d1174b60813355c0cf7d7dce1009b41f2c7a54cf612906b3dea7,4,already_correct,True,1,False,4,True,False,athletes-01,True,-0.6070386415921639,1,2,-0.6070386415921639,0,True,athletes-01,True,0.44422014291637124,1,1,0.44422014291637124,0,False,athletes-01,True,-0.08046621265493425,1,2,-0.08046621265493425,0
H593-13e342e35a49ea7a9a10b5ce,OUTCOME-0687,carton-1-gram-10-vial-pack-premier,90d7a704ad7bf679580bc4dbadbe13884f491d2e338402f4d4437c2ffd66ab93,2,already_correct,True,1,True,1,True,True,020,False,-3.641215346446859,,1,,,True,020,False,-7.593979630465496,,1,,,True,020,False,-3.722344440990016,,1,,
H593-14386333d65f4c444d23e372,OUTCOME-0738,dro0b-0001-04,0afd089c456e855f9466067a75179f94b4fb386831d044fd18ff0bcd22e0d3f4,2,already_correct,True,1,True,1,True,True,dro0b-0001-03,False,-1.8519776418833103,,1,,,True,dro0b-0001-03,False,-3.0023129143592797,,1,,,True,dro0b-0001-03,False,-2.1753770413227977,,1,,
H593-14742ff288bf8a71f7d5208d,OUTCOME-0046,10 mL carton,caadf690e51b6ae8aa69d3ebfb189f9ae43f3e3bde9aadd83d79e71a9ed27df7,4,already_correct,True,1,True,1,True,True,Doraject injectable solution-100 mL Carton,False,-2.116595263486036,,1,,,True,Doraject injectable solution-100 mL Carton,False,-3.8801151778153513,,1,,,True,Doraject injectable solution-100 mL Carton,False,-0.9564816518770932,,1,,
H593-147ee84e2fed004258fe44bc,OUTCOME-0752,kedbumin-02,a5cc6cd71cb98a23641d9032f2abdbe55a284b95eedc14e13d1ab9d93b7adc76,1,already_correct,True,1,True,1,True,True,76125-792-carton,False,-5.613654626770636,,1,,,True,76125-792-carton,False,-11.860871614566587,,1,,,True,76125-792-carton,False,-7.687946661469507,,1,,
H593-148a11f5ffffec76fd85b3c8,DIFFICULT-0011,3T3-bn-lansoprazole,7309194c945cf747ac938c081c8e1c7587ee93c9427836b98aa713829ad9307b,4,wrong_RAW_and_challenger,True,1,False,5,False,False,CDMA Omeprazole Caps 14ct Carton,False,-0.010416104214814537,6,7,-0.6564909891807811,0,False,CDMA QC Omeprazole DR Tablets 14ct carton label,False,1.6506886963771201,6,6,0.446453572782717,0,False,CDMA Omeprazole Caps 14ct Carton,False,1.1635119657307842,6,6,0.23012752106178658,0
H593-14a2dd843bc26150f05949e9,OUTCOME-0593,anti caries toothpaste carton,fa72f98eeda7c16b4963aa2c9a26bb7b6da07062d61f1935ff18b1204cf99a43,4,already_correct,True,1,True,1,True,True,cleaner toothpaste carton,False,-5.789782186230623,,1,,,True,cleaner toothpaste carton,False,-12.54399258717996,,1,,,True,cleaner toothpaste carton,False,-7.0012931457921885,,1,,
H593-1533c32a07d745928239de77,OUTCOME-0278,5fe0ce14-bc11-4b43-b002-7efdca0d3003-04,c36d84d6c8d54c84a5f0b431f53eb8775569f16793018d5e6c57459cf8e20e49,4,correct_challenger_still_HOLD,True,1,False,2,False,False,5fe0ce14-bc11-4b43-b002-7efdca0d3003-04,True,-0.9637361607688747,1,2,-0.9637361607688747,0,False,5fe0ce14-bc11-4b43-b002-7efdca0d3003-04,True,-0.36677317304445944,1,2,-0.36677317304445944,0,False,5fe0ce14-bc11-4b43-b002-7efdca0d3003-02,False,-0.32621784586168845,2,3,-0.49493566604117845,0
H593-156bfb4a63653eec1f65ecda,OUTCOME-0245,469584,4d5d4731b2c45171a86a8690a5b3a1819d26c3dd6226f61b0f9104c2f6f56484,2,already_correct,True,1,True,1,True,True,clear-eyes-complete-7-symptom-relief-01,False,-2.514513550999416,,1,,,True,clear-eyes-complete-7-symptom-relief-01,False,-4.8885515192678755,,1,,,True,clear-eyes-complete-7-symptom-relief-01,False,-2.855547173304352,,1,,
H593-158f7a5d2bb5969248c9eb5c,OUTCOME-0606,askindr carton,c13e6a469d26dd360022a4ba3af2d2bdbb230082c9e605b822c0f5806f9b9bc9,3,already_correct,True,1,True,1,True,True,AQUTOP DRAFT LABEL,False,-5.341202873979642,,1,,,True,AQUTOP DRAFT LABEL,False,-13.421827363211257,,1,,,True,fascy moisture bomb hand cream violet carton,False,-6.1128907462937,,1,,
H593-1608d9630ec3a84e25e593bc,OUTCOME-0307,6941714017-1,69e8433234f6613d539957d8cd900a9503c3e7bceb31e12adec7cfa0adc6368b,0,already_correct,True,1,False,2,True,True,6941714017-1,True,1.2173082781028497,1,1,1.2173082781028497,0,True,6941714017-1,True,5.176185313002964,1,1,5.176185313002964,0,True,6941714017-1,True,2.907880733473275,1,1,2.907880733473275,0
H593-163df34acba78d2b4f94a0d0,OUTCOME-0356,77l96n1c1,f4cb26eef9646d6dfd71a5bdba8092d2e0f934cd5f8e9ffe627d7c9ba8444f36,1,already_correct,True,1,True,1,True,True,triamcinolone-cream-0-1-15-gm-carton,False,-4.57878501520139,,1,,,True,triamcinolone-cream-0-1-15-gm-carton,False,-11.186602165667306,,1,,,True,ketorolac-tromethamine-07,False,-4.629251714065005,,1,,
H593-1652082eb7bdd4e18f2fa4e2,DIFFICULT-0097,com0n-0000-04,bf0eaa86ddfc9a7fbdb09ac2f6f0fd91e32036da44a8971649ba96ecb8aa1b71,1,already_correct,True,1,True,1,True,True,com0n-0000-05,False,-1.3352366493830992,,1,,,True,com0n-0000-05,False,-1.4897931533082969,,1,,,True,com0n-0000-05,False,-1.3720782751827976,,1,,
H593-17128afb252013a8b2a0ee5f,OUTCOME-0507,Baby spec cream 60 ml_Jun21-Output,5e70e07c018dad8a49c0f98df36183854e1a11398f9835189e1f22ef07f9c615,2,already_correct,True,1,True,1,True,True,CalDiapRashCreamMiniBox,False,-6.17001425762215,,1,,,True,CalDiapRashCreamMiniBox,False,-13.924435131061903,,1,,,True,CalDiapRashCreamMiniBox,False,-7.7399021463087445,,1,,
H593-1720428a3a7802dc9dfc49e4,OUTCOME-0209,300000538_R-00_Final,f90fb756794a5ae5c68d05c56cb486456e64d83f751a66bbf1ddae3fcb43bb13,3,target_absent,False,0,False,218,False,False,Bronze Glow,False,-1.38368695914597,,,,,False,Bronze Glow,False,-1.4843968656966673,,,,,False,Bronze Glow,False,-1.066738500253295,,,,
H593-172289962b84290bc00b6b57,OUTCOME-0395,83324304-60,dabd4e44228b0c3fe4d6e936d82cc48dbee71a26baad248be0f99f22cd2424cf,0,already_correct,True,1,True,1,True,True,CVS_721T_50ct,False,-2.2887449036843948,,1,,,True,CVS_721T_50ct,False,-4.748473808196374,,1,,,True,CMB68-00 Front,False,-3.0868398735996094,,1,,
H593-174dc7ecf520dfa933141c09,OUTCOME-0676,bravecto-07,1dc9b4a228de9516b591d58e28a2763e3d2428004318636d1f9e2936718e7999,2,correct_challenger_still_HOLD,True,1,False,3,False,False,bravecto-07,True,-1.3123082393076122,1,2,-1.3123082393076122,0,False,bravecto-07,True,-1.4104507451023642,1,2,-1.4104507451023642,0,False,bravecto-07,True,-1.295442531066186,1,2,-1.295442531066186,0
H593-178d10ad3076a41e89d549dd,NDV2-012-P01,Bacitracin Zinc Ointment USP Carton 0.5oz(14.2g) Rev 02-22,f136ca0b9c716fcae1884f370b2cc9c1a38f30e5a477d50097f50ecb3c76d60b,4,already_correct,True,1,True,1,True,True,Bacitracin Zinc Ointment USP Carton 1oz(28.4g) Rev 02-22,False,-1.4686761962928225,,1,,,True,Bacitracin Zinc Ointment USP Carton 1oz(28.4g) Rev 02-22,False,-1.8743169517648066,,1,,,True,Bacitracin Zinc Ointment USP Carton 1oz(28.4g) Rev 02-22,False,-1.501572242006236,,1,,
H593-17e5724183278e475c4a304d,OUTCOME-0809,vetoryl-09,7abc0d7c0e302804a40dcf309dece25b925a424ae8a43fd70cd693d41ebfc54f,2,already_correct,True,1,False,5,True,False,vetoryl-09,True,-0.7005115399484397,1,2,-0.7005115399484397,0,True,vetoryl-09,True,0.26453304469484484,1,1,0.26453304469484484,0,False,vetoryl-09,True,-0.29906047958285686,1,2,-0.29906047958285686,0
H593-19cc2c81ca081e39a7d72b99,OUTCOME-0811,vetoryl-09,7abc0d7c0e302804a40dcf309dece25b925a424ae8a43fd70cd693d41ebfc54f,2,wrong_RAW_and_challenger,True,1,False,17,False,False,vetoryl-05,False,-0.8856472588490647,11,12,-2.5693569434196517,0,False,vetoryl-05,False,-0.7526599385711086,10,11,-5.058020889908814,0,False,vetoryl-05,False,-1.2011696334762598,11,12,-2.5579756604206914,0
H593-1a93fb96ae91549c4629e69e,OUTCOME-0303,6941714017-1,69e8433234f6613d539957d8cd900a9503c3e7bceb31e12adec7cfa0adc6368b,0,already_correct,True,1,True,1,True,True,Tatcha 50 ML PDP,False,-4.223963019035181,,1,,,True,Tatcha 50 ML PDP,False,-9.583738539954744,,1,,,True,baoshimianshuang,False,-4.411432984958085,,1,,
H593-1ab5d06d095c1ab6749b227c,OUTCOME-0398,83324304-60,dabd4e44228b0c3fe4d6e936d82cc48dbee71a26baad248be0f99f22cd2424cf,0,already_correct,True,1,True,1,True,True,GasRelief.carton,False,-2.832259174691826,,1,,,True,GasRelief.carton,False,-6.232522078887863,,1,,,True,GasRelief.carton,False,-3.8952523503217202,,1,,
H593-1aee8f8c27c19ea85c3d7d4b,OUTCOME-0756,kedbumin-02,a5cc6cd71cb98a23641d9032f2abdbe55a284b95eedc14e13d1ab9d93b7adc76,1,already_correct,True,1,True,1,True,True,76125-792-carton,False,-3.099098974331814,,1,,,True,76125-792-carton,False,-6.979154622475301,,1,,,True,zep-carton-5mg-vial-r-005-02,False,-3.6161107790117573,,1,,
H593-1af45e7f0d56a52adeb60b07,OUTCOME-0407,964901_LR,1f59b78808c09c6bf68702306ba72c84cbbb75e1dfc61bab3c7f1b99aee3b17d,0,locked_wrong_SWITCH,True,1,False,113,False,False,CDER portal,False,1.202013330245875,2,2,0.16103537223278663,0,False,CDER portal,False,5.383533616661607,2,2,1.714033907980558,0,False,CDER portal,False,2.858912717517123,2,2,1.8700891732065181,0
H593-1b38ef6880169a631e184725,OUTCOME-0707,ciprofloxacin-ophthalmic-solution-2pt5ml-carton,86244889a9cf4aa3df9f971885f8dfcec40ce965b829d12b7deb1eb31c2e4e44,0,already_correct,True,1,True,1,True,True,cartonlabel15mL,False,-1.6144575099502212,,1,,,True,cartonlabel15mL,False,-2.174691323988135,,1,,,True,atracurium-04,False,-0.34385118320445585,,1,,
H593-1bab76bb2cce8605543067d4,OUTCOME-0410,964901_LR,1f59b78808c09c6bf68702306ba72c84cbbb75e1dfc61bab3c7f1b99aee3b17d,0,already_correct,True,1,True,1,True,True,cvs-ibuprofen-pm-carton-image,False,-4.392484275619701,,1,,,True,cvs-ibuprofen-pm-carton-image,False,-10.706659069604873,,1,,,True,cvs-ibuprofen-pm-carton-image,False,-5.894544228455754,,1,,
H593-1bdb2bfae2aae669afa4627f,OUTCOME-0408,964901_LR,1f59b78808c09c6bf68702306ba72c84cbbb75e1dfc61bab3c7f1b99aee3b17d,0,already_correct,True,1,True,1,True,True,50 & 100 Caplets_Page_2,False,-3.326466996221362,,1,,,True,50 & 100 Caplets_Page_2,False,-7.782470042866887,,1,,,True,50 & 100 Caplets_Page_2,False,-4.773533445327699,,1,,
H593-1bef63e477961c10e0077a91,OUTCOME-0588,anti caries toothpaste carton,fa72f98eeda7c16b4963aa2c9a26bb7b6da07062d61f1935ff18b1204cf99a43,4,correct_challenger_still_HOLD,True,1,False,2,False,False,anti caries toothpaste carton,True,-1.2598226683923095,1,2,-1.2598226683923095,0,False,anti caries toothpaste carton,True,-1.839007406545075,1,2,-1.839007406545075,0,False,anti caries toothpaste carton,True,-1.6874634475988297,1,2,-1.6874634475988297,0
H593-1c5e61610edb8626ae77f9f6,OUTCOME-0502,AntifluDesbx,0748babacede700838aa4a895d8d3238fc567929c58d772ed17e063e9856bb96,2,already_correct,True,1,True,1,True,True,cetirizine-pseudo-fig1,False,-3.657712568692782,,1,,,True,cetirizine-pseudo-fig1,False,-7.943510122346167,,1,,,True,cetirizine-pseudo-fig1,False,-4.964435777258977,,1,,
H593-1cf0eabcc44cfc60588f292c,OUTCOME-0732,dro0b-0001-04,0afd089c456e855f9466067a75179f94b4fb386831d044fd18ff0bcd22e0d3f4,2,already_correct,True,1,True,1,True,True,dro0b-0001-03,False,-2.362410146018882,,1,,,True,dro0b-0001-03,False,-4.475251439789175,,1,,,True,dro0b-0001-03,False,-3.1437840092162093,,1,,
H593-1dd405f920b439879fc89b2c,OUTCOME-0346,77l96n1c1,f4cb26eef9646d6dfd71a5bdba8092d2e0f934cd5f8e9ffe627d7c9ba8444f36,1,already_correct,True,1,True,1,True,True,triamcinolone-cream-0-1-15-gm-carton,False,-4.955041718258029,,1,,,True,triamcinolone-cream-0-1-15-gm-carton,False,-12.132239162565668,,1,,,True,triamcinolone-cream-0-1-15-gm-carton,False,-6.34473841733662,,1,,
H593-1e1593a08e4ed18acf833796,OUTCOME-0493,AntifluDesbx,0748babacede700838aa4a895d8d3238fc567929c58d772ed17e063e9856bb96,2,already_correct,True,1,True,1,True,True,DayTime.nav.carton,False,-5.238361732150624,,1,,,True,DayTime.nav.carton,False,-11.265106133798351,,1,,,True,DayTime.nav.carton,False,-6.810835110017279,,1,,
H593-1e203e93f22affa5c8c93e7b,OUTCOME-0468,AlkaSeltzer_36,1efff5d5855cab66509977a0b8d496f45b9a66147726f1323cdd42a873075386,1,locked_wrong_SWITCH,True,1,False,120,False,False,Bayer_50,False,0.5008536420192944,2,2,0.1715071678510809,0,False,ibu-tab-30ct-cart-label,False,2.0810858642242986,8,8,0.9651743806582505,0,False,Bayer_50,False,2.539615617177842,2,2,2.222792575068555,0
H593-1e69202f59c1e38274747acc,OUTCOME-0134,200000002710_Final,5e1903b41967d7091402cde6aa7a4b83e5df5f58a2bef1439e218f802ca6cf53,4,locked_wrong_SWITCH,True,1,False,74,False,False,CDER 100ct C,False,0.9159587756637062,2,3,-0.08588495390106465,0,False,CDER 100ct C,False,3.594073947707388,2,2,0.8364592200170855,0,False,CDER 100ct C,False,2.181247618145867,2,2,1.1972097640053485,0
H593-1ef966932ba70ca899b49b6f,OUTCOME-0322,75 100s carton,27398dad6e577a6cdc7867303a9c586cdf14f835803381e1ac3586b1bec33c43,0,already_correct,True,1,True,1,True,True,carton-250mg-5cap,False,-4.571468696228312,,1,,,True,carton-250mg-5cap,False,-11.226918993310097,,1,,,True,carton-250mg-5cap,False,-5.989894534120069,,1,,
H593-1f65d77d8ddd265c0d00b1f2,OUTCOME-0053,10 mL carton,caadf690e51b6ae8aa69d3ebfb189f9ae43f3e3bde9aadd83d79e71a9ed27df7,4,already_correct,True,1,True,1,True,True,20 mL Carton,False,-4.071591716416889,,1,,,True,20 mL Carton,False,-8.78517812945459,,1,,,True,20 mL Carton,False,-4.872545343094121,,1,,
H593-1fb1391bf43d4e4f4cfc1fa5,OUTCOME-0765,lox01-0004-14,2aa1e6c4bb63c1bf91f9200ac8983a2fdb8a3d86fcbc58c5f88c921023045af6,1,already_correct,True,1,True,1,True,True,ost01-0006-12,False,-4.237785761671473,,1,,,True,ost01-0006-12,False,-9.117721538338978,,1,,,True,ost01-0006-12,False,-6.115056986585515,,1,,
H593-202d17a8fea9c8283f65d42d,OUTCOME-0378,812-6e-mucus-dm,4a5e078a9d0335a17e0b19c90cc91b4eaf583fcc72663cf7441019d2f00d652a,3,already_correct,True,1,False,3,True,True,812-6e-mucus-dm,True,1.725006691871531,1,1,1.725006691871531,0,True,812-6e-mucus-dm,True,6.944855865428728,1,1,6.944855865428728,0,True,812-6e-mucus-dm,True,2.706110068909399,1,1,2.706110068909399,0
H593-20c36189f2e4e46a9590ae78,OUTCOME-0728,dro0b-0001-04,0afd089c456e855f9466067a75179f94b4fb386831d044fd18ff0bcd22e0d3f4,2,already_correct,True,1,True,1,True,True,DC Sensitive Caixa 90g_Page_1,False,-1.8802750583822045,,1,,,True,DC Sensitive Caixa 90g_Page_1,False,-3.163509169077675,,1,,,True,83861-002-02,False,-1.821190083119935,,1,,
H593-20fdadbf18ce1e0e1a0746a9,OUTCOME-0334,766-e9-infants-pain-and-fever,8ad47f26cd065ca57d3a68d2c5f31cd9eeb977294c710ac87f6e9c84b24866ea,0,locked_wrong_SWITCH,True,1,True,1,False,False,children-01,False,1.263035070502624,,4,,,False,children-01,False,5.058604482505624,,11,,,False,children-01,False,2.97840723227684,,16,,
H593-2226b02dfbc9f44bb2cdb71c,OUTCOME-0688,carton-1-gram-10-vial-pack-premier,90d7a704ad7bf679580bc4dbadbe13884f491d2e338402f4d4437c2ffd66ab93,2,already_correct,True,1,True,1,True,True,020,False,-3.898679505479258,,1,,,True,020,False,-8.761521981159909,,1,,,True,0186ce28-7aa2-4c47-9c64-afe13fd1ef6e-21,False,-4.183774893852242,,1,,
H593-22df23c2ff5577aea691a22b,OUTCOME-0174,2021 Lice Freee!_6ozPOP R2a,162fd69cd74c8e3f1f06ce6bb5fec631f657a623f060862dbcc70a39fc026e96,3,already_correct,True,1,True,1,True,True,dragon-01,False,-3.9875802045830477,,1,,,True,cartons,False,-9.036390335207603,,1,,,True,dragon-01,False,-4.582866954120372,,1,,
H593-24402f98b4c6d27775ea51b8,OUTCOME-0050,10 mL carton,caadf690e51b6ae8aa69d3ebfb189f9ae43f3e3bde9aadd83d79e71a9ed27df7,4,already_correct,True,1,True,1,True,True,0186ce28-7aa2-4c47-9c64-afe13fd1ef6e-21,False,-2.8681925393867296,,1,,,True,0186ce28-7aa2-4c47-9c64-afe13fd1ef6e-21,False,-5.801046035173997,,1,,,True,0186ce28-7aa2-4c47-9c64-afe13fd1ef6e-21,False,-1.7061660686697062,,1,,
H593-2446df0fcadbf0831876d7dc,OUTCOME-0403,83324304-60,dabd4e44228b0c3fe4d6e936d82cc48dbee71a26baad248be0f99f22cd2424cf,0,already_correct,True,1,True,1,True,True,CVS_721T_50ct,False,-1.139099026992375,,1,,,True,GasRelief.carton,False,-1.1751346441397,,1,,,True,GasRelief.carton,False,-1.1132547161000805,,1,,
H593-2494f10623fb760ff3b647d7,OUTCOME-0710,ciprofloxacin-ophthalmic-solution-2pt5ml-carton,86244889a9cf4aa3df9f971885f8dfcec40ce965b829d12b7deb1eb31c2e4e44,0,already_correct,True,1,True,1,True,True,enalapril-maleate-oral-solution-2,False,-5.53985240591158,,1,,,True,enalapril-maleate-oral-solution-2,False,-14.384600140147992,,1,,,True,enalapril-maleate-oral-solution-2,False,-6.874297596027825,,1,,
H593-257581a6d8113bc829cc4f7d,OUTCOME-0339,766-e9-infants-pain-and-fever,8ad47f26cd065ca57d3a68d2c5f31cd9eeb977294c710ac87f6e9c84b24866ea,0,already_correct,True,1,True,1,True,True,leader-44-018-1,False,-4.741644577028958,,1,,,True,CVS_654L_02OZ_IFC,False,-10.496127563760751,,1,,,True,daytime-cold-and-flu-1,False,-6.059179272583325,,1,,
H593-25bb54d111079fe02df38114,OUTCOME-0735,dro0b-0001-04,0afd089c456e855f9466067a75179f94b4fb386831d044fd18ff0bcd22e0d3f4,2,already_correct,True,1,True,1,True,True,dro0b-0001-03,False,-2.0903074644640447,,1,,,True,dro0b-0001-03,False,-3.7949296391257556,,1,,,True,dro0b-0001-03,False,-2.712444657516923,,1,,
H593-264b94be0b6f4ab3ec07cfb5,OUTCOME-0817,vetoryl-09,7abc0d7c0e302804a40dcf309dece25b925a424ae8a43fd70cd693d41ebfc54f,2,already_correct,True,1,True,1,True,True,vetoryl-05,False,-1.3201316065496624,,1,,,True,vetoryl-04,False,-1.3093582234738768,,1,,,True,vetoryl-04,False,-0.8655206607240353,,1,,
H593-272a6668246b45626dea5ed4,DIFFICULT-0002,350 label,ff5ec2587aa3b0cdf9f678e20f8a78ed21590c17b5931d4adc290fe15bf09b84,3,already_correct,True,1,True,1,True,True,COMBO PACK,False,-1.010265044466898,,1,,,True,COMBO PACK,False,-0.4997608974859493,,1,,,True,COMBO PACK,False,-0.2553235069159525,,1,,
H593-276677dccfa68da5f45534b2,OUTCOME-0807,tul01-0001-02,d03ec6170d58ac2d6198068ac9aa233411e9b70ad6019840f643fdabcc4a9adf,3,target_absent,False,0,False,4001,False,False,ART_12708455,False,-0.6907808507692992,,,,,False,ART_12708455,False,0.6220282071635899,,,,,False,ART_12708455,False,0.009649821406003234,,,,
H593-2799023fa51eeb3333651a78,OUTCOME-0302,6941714017-1,69e8433234f6613d539957d8cd900a9503c3e7bceb31e12adec7cfa0adc6368b,0,already_correct,True,1,True,1,True,True,Tatcha 50 ML PDP,False,-2.7477140095946835,,1,,,True,Tatcha 50 ML PDP,False,-5.972127208622791,,1,,,True,baoshimianshuang,False,-2.6502260138176816,,1,,
H593-27e35a9cbecb2ef6b0c1fc10,OUTCOME-0486,Anti-wrinkle EYE CREAM,c88cdb15edcd25a88595edf90f1fc3fef1e374c4e494fb4a4e8accfe55137d0a,1,already_correct,True,1,True,1,True,True,Bottle9,False,-8.6444742248492,,1,,,True,Bottle9,False,-21.678223883966588,,1,,,True,Bottle9,False,-10.564589339048926,,1,,
H593-2822f2513c87ee22a59ce51b,OUTCOME-0267,4_Kids_Oral_Pain_Relief,d39c757e2a4c76e8e9403fd84708b3c233de7ca0b40197f435ceb3a48272b73f,3,already_correct,True,1,True,1,True,True,kids relief pain fever2 box 5panel,False,-6.149812469498921,,1,,,True,kids relief pain fever2 box 5panel,False,-16.190057288997497,,1,,,True,kids relief pain fever2 box 5panel,False,-6.945540520737868,,1,,
H593-2848a70ea80c7f1dc1cfd651,OUTCOME-0048,10 mL carton,caadf690e51b6ae8aa69d3ebfb189f9ae43f3e3bde9aadd83d79e71a9ed27df7,4,already_correct,True,1,True,1,True,True,Doraject injectable solution-100 mL Carton,False,-2.7511521562656283,,1,,,True,Doraject injectable solution-100 mL Carton,False,-5.440449235686377,,1,,,True,Doraject injectable solution-100 mL Carton,False,-1.6960373332043248,,1,,
H593-297ba148574e09f5723aa6b7,OUTCOME-0755,kedbumin-02,a5cc6cd71cb98a23641d9032f2abdbe55a284b95eedc14e13d1ab9d93b7adc76,1,wrong_RAW_and_challenger,True,1,False,5,False,False,cur03-0000-01,False,-1.2883760874565051,2,3,-2.005640027999152,0,False,cur03-0000-01,False,-1.2692459931572588,2,3,-3.477997472994772,0,False,cur03-0000-01,False,0.17629603685444728,3,4,-1.8831631472396202,0
H593-29b067277aef7b28b3547a97,OUTCOME-0720,cuvitru-19,d3d9e86636e760b3c7ab9d0366cce29c32d905942a4e7efc24b4feb559ccafdb,2,already_correct,True,1,True,1,True,True,cuvitru-13,False,-1.685002574186993,,1,,,True,cuvitru-13,False,-2.4463145464145226,,1,,,True,cuvitru-13,False,-1.628555908621246,,1,,
H593-29d505a42ed3f7b9bb256b2b,OUTCOME-0670,bbx08-0000-01,e54a0a27f9b030e92d3186f1b9feb159b51d71cced53115c3612eb3000f84093,4,already_correct,True,1,True,1,True,True,bbx07-0000-01,False,-1.396507924480337,,1,,,True,bbx07-0000-01,False,-1.6737794450221584,,1,,,True,bbx07-0000-01,False,-1.3842252564777502,,1,,
H593-2a09bc7ee67cc38fba44400e,OUTCOME-0311,6941714017-1,69e8433234f6613d539957d8cd900a9503c3e7bceb31e12adec7cfa0adc6368b,0,already_correct,True,1,True,1,True,True,belif The true cream aqua bomb sunscreen SPF 50,False,-5.177782890838834,,1,,,True,belif The true cream aqua bomb sunscreen SPF 50,False,-12.993753295414336,,1,,,True,belif The true cream aqua bomb sunscreen SPF 50,False,-6.672029865126598,,1,,
H593-2acfe07e77226545b2ae0e10,OUTCOME-0348,77l96n1c1,f4cb26eef9646d6dfd71a5bdba8092d2e0f934cd5f8e9ffe627d7c9ba8444f36,1,wrong_RAW_and_challenger,True,1,False,7,False,False,G003118 Capstar Vet Pack Dog Over 25lbs,False,-1.2966947801524762,4,5,-1.9044553256085588,0,False,chorulon-01,False,-1.212436353168835,6,7,-3.249661758966792,0,False,chorulon-01,False,-0.1851110920235861,10,11,-2.140418853829971,0
H593-2ad687a1c029e9f33146503b,DIFFICULT-0100,int08-0008-17,dca95ffa60d30d6597de3bfed4a27b53d657ea2e90a8d6ee6aa513316eee9848,0,already_correct,True,1,False,2,True,False,int08-0008-17,True,-0.5281083223188652,1,2,-0.5281083223188652,0,True,int08-0008-17,True,1.1601290243465436,1,1,1.1601290243465436,0,True,int08-0008-17,True,0.1786575903743879,1,1,0.1786575903743879,0
H593-2b13d777bd87f808044a7852,OUTCOME-0276,5fe0ce14-bc11-4b43-b002-7efdca0d3003-04,c36d84d6c8d54c84a5f0b431f53eb8775569f16793018d5e6c57459cf8e20e49,4,already_correct,True,1,True,1,True,True,0c3cd915-babe-49c0-8aac-bf0247a17f3e-01,False,-3.1520025771824134,,1,,,True,0c3cd915-babe-49c0-8aac-bf0247a17f3e-01,False,-6.295198306070175,,1,,,True,0c3cd915-babe-49c0-8aac-bf0247a17f3e-01,False,-3.714755423524661,,1,,
H593-2b74b8c201be8b599627fefc,OUTCOME-0198,300000538_R-00_Final,f90fb756794a5ae5c68d05c56cb486456e64d83f751a66bbf1ddae3fcb43bb13,3,target_absent,False,0,False,2257,False,False,DEXTROM 15CT,False,-1.7237721501905496,,,,,False,DEXTROM 15CT,False,-2.494885068066246,,,,,False,DEXTROM 15CT,False,-1.2231168969754198,,,,
H593-2bae4a6fe6f937a87545fde2,OUTCOME-0725,cuvitru-19,d3d9e86636e760b3c7ab9d0366cce29c32d905942a4e7efc24b4feb559ccafdb,2,already_correct,True,1,True,1,True,True,bylvay-14,False,-2.184348111594361,,1,,,True,bylvay-14,False,-4.145700397266481,,1,,,True,bylvay-14,False,-2.777481463005341,,1,,
H593-2bcc3d446a9293adfd81509f,OUTCOME-0072,10ml carton,3cce9049697a8e2b65ce5904772f00a613b585ff8ca6e50e5a9c4c63a4391645,3,already_correct,True,1,True,1,True,True,Doraject injectable solution-250 mL Carton,False,-1.812779693243085,,1,,,True,Doraject injectable solution-250 mL Carton,False,-3.1175184371926523,,1,,,True,Doraject injectable solution-250 mL Carton,False,-0.9439834755699682,,1,,
H593-2c2942af21039bf61875bcba,OUTCOME-0465,AlkaSeltzer_36,1efff5d5855cab66509977a0b8d496f45b9a66147726f1323cdd42a873075386,1,target_absent,False,0,False,397,False,False,Tatcha 50 ML Back Panel,False,-1.4993255574590445,,,,,False,Tatcha 50 ML Back Panel,False,-2.009735355202471,,,,,False,baoshimianshuang,False,-1.953747403170756,,,,
H593-2d0dc828facf9c0c8e44c960,OUTCOME-0600,askindr carton,c13e6a469d26dd360022a4ba3af2d2bdbb230082c9e605b822c0f5806f9b9bc9,3,already_correct,True,1,False,3,True,True,askindr carton,True,0.5488898948883314,1,1,0.5488898948883314,0,True,askindr carton,True,3.8434091810996978,1,1,3.8434091810996978,0,True,askindr carton,True,1.4921094737061884,1,1,1.4921094737061884,0
H593-2e44547e6a7fb1f39cc27d3a,OUTCOME-0264,4_Kids_Oral_Pain_Relief,d39c757e2a4c76e8e9403fd84708b3c233de7ca0b40197f435ceb3a48272b73f,3,already_correct,True,1,True,1,True,True,circle-k-cold-01,False,-7.129570124007258,,1,,,True,circle-k-cold-01,False,-18.891072989162748,,1,,,True,circle-k-cold-01,False,-7.99725097510652,,1,,
H593-2e5153cd0e9bd1dddbb75dea,OUTCOME-0138,200000002710_Final,5e1903b41967d7091402cde6aa7a4b83e5df5f58a2bef1439e218f802ca6cf53,4,locked_wrong_SWITCH,True,1,False,127,False,False,CDER 100ct C,False,0.5879080390271789,2,3,-0.3523774865210878,0,False,CDER 100ct C,False,2.673201607707311,2,2,0.05635570020269842,0,False,CDER 100ct C,False,1.8663720321470196,2,2,0.9403421722331304,0
H593-2e843bf03a9cb860ec035d26,OUTCOME-0709,ciprofloxacin-ophthalmic-solution-2pt5ml-carton,86244889a9cf4aa3df9f971885f8dfcec40ce965b829d12b7deb1eb31c2e4e44,0,already_correct,True,1,True,1,True,True,10ML,False,-4.675181543941482,,1,,,True,10ML,False,-10.765636206785095,,1,,,True,10ML,False,-6.338836068437722,,1,,
H593-2e8ca9e124da2d21f42ee190,OUTCOME-0719,cuvitru-19,d3d9e86636e760b3c7ab9d0366cce29c32d905942a4e7efc24b4feb559ccafdb,2,already_correct,True,1,True,1,True,True,cuvitru-13,False,-4.819241207153566,,1,,,True,cuvitru-13,False,-9.803609745621706,,1,,,True,cuvitru-13,False,-6.411468615188694,,1,,
H593-2ecb07df64c211f4edf1e8d3,OUTCOME-0693,carton-1-gram-10-vial-pack-premier,90d7a704ad7bf679580bc4dbadbe13884f491d2e338402f4d4437c2ffd66ab93,2,already_correct,True,1,True,1,True,True,009,False,-2.1704399876348908,,1,,,True,009,False,-4.094666245366159,,1,,,True,009,False,-3.2514662910929863,,1,,
H593-2f5a93c328b7e7c9e25412f0,DIFFICULT-0013,3T3-bn-lansoprazole,7309194c945cf747ac938c081c8e1c7587ee93c9427836b98aa713829ad9307b,4,already_correct,True,1,False,4,True,True,3T3-bn-lansoprazole,True,1.4789366406139905,1,1,1.4789366406139905,0,True,3T3-bn-lansoprazole,True,4.952218723067771,1,1,4.952218723067771,0,True,3T3-bn-lansoprazole,True,2.7603996684141476,1,1,2.7603996684141476,0
H593-2fa24ad21b4ed56f150b2b7a,OUTCOME-0166,2021 Lice Freee!_6ozPOP R2a,162fd69cd74c8e3f1f06ce6bb5fec631f657a623f060862dbcc70a39fc026e96,3,already_correct,True,1,True,1,True,True,cartons,False,-4.888046401921986,,1,,,True,2021KillsSuperLice_LicefreeKit R3_Page_1,False,-11.824295223591657,,1,,,True,cartons,False,-5.786481373416663,,1,,
H593-30656f17b4be13cde8124a15,OUTCOME-0537,SH230414C (250 ml Carton),67c564121b4c0847db261d818757e131684626ea0db83097a0e9610c7cf03222,4,already_correct,True,1,False,4,True,True,SH230414C (250 ml Carton),True,0.8812995843767035,1,1,0.8812995843767035,0,True,SH230414C (250 ml Carton),True,3.746649045319918,1,1,3.746649045319918,0,True,SH230414C (250 ml Carton),True,2.06982833335263,1,1,2.06982833335263,0
H593-30d56e7ebdd8d445dd0c0837,OUTCOME-0329,766-e9-infants-pain-and-fever,8ad47f26cd065ca57d3a68d2c5f31cd9eeb977294c710ac87f6e9c84b24866ea,0,already_correct,True,1,True,1,True,True,careone-infants-acetaminophen-160mg-per-5ml-grape-carton-image,False,-4.612742387043083,,1,,,True,Childrens Tylenol-1,False,-10.053126677683753,,1,,,True,careone-infants-acetaminophen-160mg-per-5ml-grape-carton-image,False,-6.3312777927826716,,1,,
H593-30df437866a92249e15d556f,OUTCOME-0336,766-e9-infants-pain-and-fever,8ad47f26cd065ca57d3a68d2c5f31cd9eeb977294c710ac87f6e9c84b24866ea,0,already_correct,True,1,True,1,True,True,careone-infants-acetaminophen-160mg-per-5ml-grape-carton-image,False,-2.5330624665058687,,1,,,True,careone-infants-acetaminophen-160mg-per-5ml-grape-carton-image,False,-5.081689467427838,,1,,,True,careone-infants-acetaminophen-160mg-per-5ml-grape-carton-image,False,-3.086089142307524,,1,,
H593-3138eb9150d5fc2ff0b21e85,NDV2-002-P01,160 mg Comfor-trate Tab,5993f2caf420c9a99c193d33f748eea45f5c55ab4832c947913f7c005ada8f7b,0,already_correct,True,1,True,1,True,True,16 mg Comfor-trate Tab,False,-1.2276651284504265,,1,,,True,16 mg Comfor-trate Tab,False,-1.2655563547350834,,1,,,True,16 mg Comfor-trate Tab,False,-1.2942103485157523,,1,,
H593-315859149cbadcf0a035cb5b,OUTCOME-0335,766-e9-infants-pain-and-fever,8ad47f26cd065ca57d3a68d2c5f31cd9eeb977294c710ac87f6e9c84b24866ea,0,already_correct,True,1,True,1,True,True,leader-44-018-1,False,-3.5655648928659542,,1,,,True,leader-childrens-ibuprofen-bubble-gum-carton-image,False,-8.402363243603656,,1,,,True,leader-44-018-1,False,-4.564228788067335,,1,,
H593-31a7078fc5358b3fbdc70c42,OUTCOME-0754,kedbumin-02,a5cc6cd71cb98a23641d9032f2abdbe55a284b95eedc14e13d1ab9d93b7adc76,1,already_correct,True,1,True,1,True,True,76125-792-carton,False,-3.1729597359937616,,1,,,True,76125-792-carton,False,-6.996628689117232,,1,,,True,76125-792-carton,False,-4.590533381531424,,1,,
H593-31aaa7c97fbc81e06383e85f,OUTCOME-0705,ciprofloxacin-ophthalmic-solution-2pt5ml-carton,86244889a9cf4aa3df9f971885f8dfcec40ce965b829d12b7deb1eb31c2e4e44,0,already_correct,True,1,True,1,True,True,cartonlabel10p5mL,False,-5.017603578466833,,1,,,True,cartonlabel10p5mL,False,-12.471458747319064,,1,,,True,metoprolol-tartrate-30-tablets-carton-label,False,-6.526419071571736,,1,,
H593-31b015a7052d7ca5255413c3,OUTCOME-0208,300000538_R-00_Final,f90fb756794a5ae5c68d05c56cb486456e64d83f751a66bbf1ddae3fcb43bb13,3,target_absent,False,0,False,1248,False,False,pleo-san-trich-01,False,0.2567804388342154,,,,,False,pleo-san-trich-01,False,2.659216069080221,,,,,False,pleo-san-trich-01,False,1.2339597400784512,,,,
H593-3202e8cf83300e822008d3d1,OUTCOME-0269,5fe0ce14-bc11-4b43-b002-7efdca0d3003-04,c36d84d6c8d54c84a5f0b431f53eb8775569f16793018d5e6c57459cf8e20e49,4,already_correct,True,1,True,1,True,True,0c3cd915-babe-49c0-8aac-bf0247a17f3e-01,False,-2.044849325835532,,1,,,True,0c3cd915-babe-49c0-8aac-bf0247a17f3e-01,False,-3.453044509132547,,1,,,True,0c3cd915-babe-49c0-8aac-bf0247a17f3e-01,False,-2.3139346611368454,,1,,
H593-327f0627e7abd208ae771d92,NDV2-010-P02,60 mg Comfor-trate Tab,5993f2caf420c9a99c193d33f748eea45f5c55ab4832c947913f7c005ada8f7b,0,already_correct,True,1,True,1,True,True,24 mg Comfor-trate Tab,False,-1.1583636705906049,,1,,,True,24 mg Comfor-trate Tab,False,-1.1590309168063124,,1,,,True,24 mg Comfor-trate Tab,False,-1.2865996908123585,,1,,
H593-3344b63a711a49110a6e1d06,OUTCOME-0669,bbx08-0000-01,e54a0a27f9b030e92d3186f1b9feb159b51d71cced53115c3612eb3000f84093,4,already_correct,True,1,True,1,True,True,bbx06-0000-01,False,-1.3292550940151953,,1,,,True,bbx06-0000-01,False,-1.4725798816644844,,1,,,True,bbx06-0000-01,False,-1.2730106758977655,,1,,
H593-335401c2797674933672eb63,OUTCOME-0257,469584,4d5d4731b2c45171a86a8690a5b3a1819d26c3dd6226f61b0f9104c2f6f56484,2,already_correct,True,1,True,1,True,True,AssuredAdvanced,False,-5.295336473418178,,1,,,True,AssuredAdvanced,False,-11.791351525131518,,1,,,True,AssuredAdvanced,False,-6.81711047620554,,1,,
H593-3378917e44506cb2c9f3e74d,OUTCOME-0109,1g7-17-allergy-nasal-spray,c7abd98eade15d0ac417dcdde657be6a64e3cb837a808045d084fee49bf7d2a4,3,already_correct,True,1,True,1,True,True,cvs-health-childrens-fluticasone-propionate-nasal-spray-carton-image,False,-2.0397044856614617,,1,,,True,cvs-health-childrens-fluticasone-propionate-nasal-spray-carton-image,False,-3.703514640912085,,1,,,True,cvs-health-childrens-fluticasone-propionate-nasal-spray-carton-image,False,-2.3344048963193154,,1,,
H593-339a688dea829493403d97e9,OUTCOME-0152,200000003252_R-00_28ct,da19e4e6b83d15ea83c05ab2e67a7e30bde059231ecd7dfb7f93382fc5e60b98,1,already_correct,True,1,False,3,True,True,200000003252_R-00_28ct,True,1.4067685277045907,1,1,1.4067685277045907,0,True,200000003252_R-00_28ct,True,4.975651420175425,1,1,4.975651420175425,0,True,200000003252_R-00_28ct,True,3.413105874019546,1,1,3.413105874019546,0
H593-33b3b0aa0a8612273130dcd4,NDV2-011-P02,Bacitracin  14.2g 0.5oz carton label rev 09 2021,f136ca0b9c716fcae1884f370b2cc9c1a38f30e5a477d50097f50ecb3c76d60b,4,already_correct,True,1,True,1,True,True,Bacitracin Zinc Ointment USP Carton 1oz(28.4g) Rev 02-22,False,-2.344896766272077,,1,,,True,Bacitracin Zinc Ointment USP Carton 1oz(28.4g) Rev 02-22,False,-4.283660687841339,,1,,,True,Bacitracin Zinc Ointment USP Carton 1oz(28.4g) Rev 02-22,False,-2.9548479390154094,,1,,
H593-33f89c84ccc65e07b73a31cb,OUTCOME-0650,bb morning carton,48c57d44808de17cdd8b52db0f71a5a8fbbf9d2f4ab10a1751ec128aed4a3ff5,4,already_correct,True,1,True,1,True,True,long wear get over bb carton,False,-6.1520297168405955,,1,,,True,long wear get over bb carton,False,-13.227132832795647,,1,,,True,long wear get over bb carton,False,-7.433696907597009,,1,,
H593-340a6e18c21c149dc46968d4,OUTCOME-0380,812-6e-mucus-dm,4a5e078a9d0335a17e0b19c90cc91b4eaf583fcc72663cf7441019d2f00d652a,3,already_correct,True,1,True,1,True,True,leader-44-030-1,False,-1.8166401069614144,,1,,,True,leader-44-030-1,False,-2.7138244636839834,,1,,,True,leader-44-030-1,False,-1.4021831383424925,,1,,
H593-34133bc85696e399819d4944,DIFFICULT-0095,com0n-0000-04,bf0eaa86ddfc9a7fbdb09ac2f6f0fd91e32036da44a8971649ba96ecb8aa1b71,1,already_correct,True,1,True,1,True,True,com0n-0000-03,False,-1.7321634977838025,,1,,,True,com0n-0000-03,False,-2.71136070998387,,1,,,True,com0n-0000-03,False,-1.9254720284260238,,1,,
H593-3414eabf1d60f67a6dba89f1,OUTCOME-0531,SH230414C (250 ml Carton),67c564121b4c0847db261d818757e131684626ea0db83097a0e9610c7cf03222,4,wrong_RAW_and_challenger,True,1,False,2,False,False,inc00-0000-02,False,-0.3489434313605849,7,8,-1.888736527815921,0,False,inc00-0000-02,False,1.2265748961104932,8,9,-2.8745268360782426,0,False,inc00-0000-02,False,0.7051381256692852,14,15,-1.9196574887138997,0
H593-343c0fdac394c330c78c814c,OUTCOME-0098,1g7-17-allergy-nasal-spray,c7abd98eade15d0ac417dcdde657be6a64e3cb837a808045d084fee49bf7d2a4,3,already_correct,True,1,False,15,True,False,1g7-17-allergy-nasal-spray,True,-0.034729073439465186,1,2,-0.034729073439465186,0,True,1g7-17-allergy-nasal-spray,True,2.4217815672180887,1,1,2.4217815672180887,0,True,1g7-17-allergy-nasal-spray,True,0.8101368029375233,1,1,0.8101368029375233,0
H593-3450f0a1d858a2df9e5e9058,OUTCOME-0714,ciprofloxacin-ophthalmic-solution-2pt5ml-carton,86244889a9cf4aa3df9f971885f8dfcec40ce965b829d12b7deb1eb31c2e4e44,0,already_correct,True,1,True,1,True,True,10ML,False,-2.2851203012026966,,1,,,True,10ML,False,-4.466705475422653,,1,,,True,10ML,False,-2.5168817510261086,,1,,
H593-34d45edf8c0dc44243949bd9,OUTCOME-0163,2021 Lice Freee!_6ozPOP R2a,162fd69cd74c8e3f1f06ce6bb5fec631f657a623f060862dbcc70a39fc026e96,3,already_correct,True,1,True,1,True,True,2021KillsSuperLice_LicefreeKit R3_Page_1,False,-3.4599916569898603,,1,,,True,2021KillsSuperLice_LicefreeKit R3_Page_1,False,-7.916818892528083,,1,,,True,2021KillsSuperLice_LicefreeKit R3_Page_1,False,-4.180355998383619,,1,,
H593-35070730f195ea5ef15d78a4,OUTCOME-0103,1g7-17-allergy-nasal-spray,c7abd98eade15d0ac417dcdde657be6a64e3cb837a808045d084fee49bf7d2a4,3,already_correct,True,1,True,1,True,True,cvs-health-childrens-fluticasone-propionate-nasal-spray-carton-image,False,-2.1426538301776135,,1,,,True,cvs-health-childrens-fluticasone-propionate-nasal-spray-carton-image,False,-4.0203919669506405,,1,,,True,cvs-health-childrens-fluticasone-propionate-nasal-spray-carton-image,False,-2.5780587050852795,,1,,
H593-35b1f3a33258743e93f63965,OUTCOME-0718,cuvitru-19,d3d9e86636e760b3c7ab9d0366cce29c32d905942a4e7efc24b4feb559ccafdb,2,already_correct,True,1,True,1,True,True,cuvitru-13,False,-4.5945093564100965,,1,,,True,cuvitru-13,False,-9.754615798059078,,1,,,True,cuvitru-13,False,-6.12492515924449,,1,,
H593-35e2c26e209782269ad40fed,OUTCOME-0052,10 mL carton,caadf690e51b6ae8aa69d3ebfb189f9ae43f3e3bde9aadd83d79e71a9ed27df7,4,already_correct,True,1,True,1,True,True,20 mL Carton,False,-6.397818619923466,,1,,,True,20 mL Carton,False,-13.717609033311067,,1,,,True,20 mL Carton,False,-7.692371579748176,,1,,
H593-36177667d1799f89d767d878,OUTCOME-0337,766-e9-infants-pain-and-fever,8ad47f26cd065ca57d3a68d2c5f31cd9eeb977294c710ac87f6e9c84b24866ea,0,locked_wrong_SWITCH,True,1,True,1,False,False,AptaPharmaChildPainFever,False,0.859952898680705,,2,,,False,AptaPharmaChildPainFever,False,3.8802730131273013,,9,,,False,AptaPharmaChildPainFever,False,2.560112163882592,,8,,
H593-3692187ae0c3b3b59b4c632b,OUTCOME-0100,1g7-17-allergy-nasal-spray,c7abd98eade15d0ac417dcdde657be6a64e3cb837a808045d084fee49bf7d2a4,3,target_absent,False,0,False,2348,False,False,Bronze Glow,False,-1.715227268824104,,,,,False,Bronze Glow,False,-2.5040411165996823,,,,,False,Bronze Glow,False,-1.241124822167381,,,,
H593-36d9c0f4cf68321ee5636b42,OUTCOME-0252,469584,4d5d4731b2c45171a86a8690a5b3a1819d26c3dd6226f61b0f9104c2f6f56484,2,already_correct,True,1,False,2,True,True,469584,True,2.095375778504996,1,1,2.095375778504996,0,True,469584,True,6.63591702284574,1,1,6.63591702284574,0,True,469584,True,3.682579354336359,1,1,3.682579354336359,0
H593-36f0d9d88cf08e835a02f26d,NDV2-002-P04,160 mg Comfor-trate Tab,5993f2caf420c9a99c193d33f748eea45f5c55ab4832c947913f7c005ada8f7b,0,already_correct,True,1,True,1,True,True,24 mg Comfor-trate Tab,False,-1.347472646096046,,1,,,True,24 mg Comfor-trate Tab,False,-1.6500555129997627,,1,,,True,24 mg Comfor-trate Tab,False,-1.5657958613802623,,1,,
H593-379bc58daa6ab14d6b6ca05b,OUTCOME-0498,AntifluDesbx,0748babacede700838aa4a895d8d3238fc567929c58d772ed17e063e9856bb96,2,already_correct,True,1,True,1,True,True,walgreens-44-738-1,False,-1.9555410179273989,,1,,,True,walgreens-44-738-1,False,-3.274571816568314,,1,,,True,walgreens-44-738-1,False,-2.246338253030504,,1,,
H593-37c29058d6ea3f6600852bd1,DIFFICULT-0023,406heb,876e9a6c8b596c741810be05ef83bc4037f224102f15277c78e9afa9a641a3ab,3,already_correct,True,1,False,3,True,True,406heb,True,0.38337466009795595,1,1,0.38337466009795595,0,True,406heb,True,3.6419117014644296,1,1,3.6419117014644296,0,True,406heb,True,1.2303605735664507,1,1,1.2303605735664507,0
H593-381647ec4c00fbc41b7f9a82,OUTCOME-0442,ASP Cough Mucus Congestion PMG 24ct,055e3d0a2ba828c5df95354fc5d80825fa129f679641c7a5ba585b5c8911a1f9,1,already_correct,True,1,True,1,True,True,ASP Sinus Allergy Cough PMG 24ct,False,-1.5597609862178619,,1,,,True,ASP Sinus Allergy Cough PMG 24ct,False,-2.306538232234607,,1,,,True,ASP Sinus Allergy Cough PMG 24ct,False,-1.8931331376350111,,1,,
H593-381b6429e5e3137c9e41b0d5,DIFFICULT-0015,3T3-bn-lansoprazole,7309194c945cf747ac938c081c8e1c7587ee93c9427836b98aa713829ad9307b,4,already_correct,True,1,False,2,True,True,3T3-bn-lansoprazole,True,1.3296831520796457,1,1,1.3296831520796457,0,True,3T3-bn-lansoprazole,True,4.505584185761962,1,1,4.505584185761962,0,True,3T3-bn-lansoprazole,True,2.6152539201469063,1,1,2.6152539201469063,0
H593-3871dee39d9099c42505f688,OUTCOME-0793,tul01-0001-02,d03ec6170d58ac2d6198068ac9aa233411e9b70ad6019840f643fdabcc4a9adf,3,already_correct,True,1,True,1,True,True,arovyn-03,False,-4.063060684748122,,1,,,True,arovyn-03,False,-9.471131795103116,,1,,,True,arovyn-03,False,-4.947183562163,,1,,
H593-3893e4ce6f5507593e0f76e9,DIFFICULT-0064,bef4f237-ccb8-4d28-bfc2-41c511a17d7f-01,f16447b66992689bdb8350dadcb85602511b1bd2c18265a511e90bf7d2910d9c,1,already_correct,True,1,True,1,True,True,AssuredNasal,False,-3.690770136941597,,1,,,True,AssuredNasal,False,-8.35384772408174,,1,,,True,AssuredNasal,False,-5.4193125522099965,,1,,
H593-38b8b30a470de2510a233942,OUTCOME-0045,10 mL carton,caadf690e51b6ae8aa69d3ebfb189f9ae43f3e3bde9aadd83d79e71a9ed27df7,4,already_correct,True,1,True,1,True,True,Doraject injectable solution-500 mL Carton,False,-2.9565774027140557,,1,,,True,Doraject injectable solution-500 mL Carton,False,-5.882423901661333,,1,,,True,Doraject injectable solution-100 mL Carton,False,-2.57415786814506,,1,,
H593-3907fe8991331013322a278a,OUTCOME-0240,469584,4d5d4731b2c45171a86a8690a5b3a1819d26c3dd6226f61b0f9104c2f6f56484,2,already_correct,True,1,True,1,True,True,irritated-eye-drops-1,False,-5.353343739657874,,1,,,True,irritated-eye-drops-1,False,-12.060891958617807,,1,,,True,irritated-eye-drops-1,False,-6.828183178470274,,1,,
H593-3919c7418b8dc52330d7b0cd,DIFFICULT-0026,406heb,876e9a6c8b596c741810be05ef83bc4037f224102f15277c78e9afa9a641a3ab,3,already_correct,True,1,True,1,True,True,CVS SS+SL 60 CT,False,-3.8940599719757936,,1,,,True,CVS SS+SL 60 CT,False,-9.129349161860443,,1,,,True,CVS SS+SL 60 CT,False,-4.713963870870102,,1,,
H593-3937b8534db594248fbab03f,OUTCOME-0747,int07-0006-04,30a739efc9fa2fbc6556b4a23a5b909fd205591b6158bb099a4dd09818a8f35e,3,wrong_RAW_and_challenger,True,1,False,2,False,False,int07-0006-07,False,-1.055066367034467,2,3,-1.1333751912366932,0,False,int07-0006-04,True,-0.3091233962040145,1,2,-0.3091233962040145,0,False,int07-0006-04,True,-0.5859642510305534,1,2,-0.5859642510305534,0
H593-3a88599950984808ec05d372,OUTCOME-0015,0003,1c37c8c6064f3ee8446595a55b1d8fb0394f2b039c86eb060704e75d998d0d11,1,already_correct,True,1,False,2,True,True,0003,True,1.1823492282995156,1,1,1.1823492282995156,0,True,0003,True,4.486196382677335,1,1,4.486196382677335,0,True,0003,True,3.162024478335056,1,1,3.162024478335056,0
H593-3a8e211c97e4e3dda358a315,OUTCOME-0484,Anti-wrinkle EYE CREAM,c88cdb15edcd25a88595edf90f1fc3fef1e374c4e494fb4a4e8accfe55137d0a,1,already_correct,True,1,True,1,True,True,Artwork Neptune Ave High Dive Barrier Repair Moisturizer SPF 50 carton,False,-7.682844192232194,,1,,,True,Artwork Neptune Ave High Dive Barrier Repair Moisturizer SPF 50 carton,False,-18.865108139828337,,1,,,True,Artwork Neptune Ave High Dive Barrier Repair Moisturizer SPF 50 carton,False,-9.607106164180886,,1,,
H593-3b68986a5abcc6bf1b6ba1b9,OUTCOME-0204,300000538_R-00_Final,f90fb756794a5ae5c68d05c56cb486456e64d83f751a66bbf1ddae3fcb43bb13,3,already_correct,True,1,True,1,True,True,F1192B04CAR_R0,False,-4.143917740949439,,1,,,True,F1192B04CAR_R0,False,-9.861789878549805,,1,,,True,F1192B04CAR_R0,False,-4.9771121767580855,,1,,
H593-3bd92d539d92b456362d66d2,OUTCOME-0796,tul01-0001-02,d03ec6170d58ac2d6198068ac9aa233411e9b70ad6019840f643fdabcc4a9adf,3,already_correct,True,1,True,1,True,True,RESPIRmycin25_250mL_carton,False,-3.530347810304219,,1,,,True,RESPIRmycin25_250mL_carton,False,-8.286976970178062,,1,,,True,RESPIRmycin25_250mL_carton,False,-4.041575255882407,,1,,
H593-3c05a04b6502fb7cd73c680e,OUTCOME-0480,Anti-wrinkle EYE CREAM,c88cdb15edcd25a88595edf90f1fc3fef1e374c4e494fb4a4e8accfe55137d0a,1,already_correct,True,1,True,1,True,True,CVSkinRenewDay,False,-5.789614736082836,,1,,,True,CVSkinRenewDay,False,-14.627747370709267,,1,,,True,CVSkinRenewDay,False,-6.889001554189521,,1,,
H593-3c3b32e44f324367dbd542c8,OUTCOME-0470,AlkaSeltzer_36,1efff5d5855cab66509977a0b8d496f45b9a66147726f1323cdd42a873075386,1,already_correct,True,1,True,1,True,True,AS_HR_LemonLime_Tablet_36ct_Ctn_r4 (002),False,-2.037848854779705,,1,,,True,AS_HR_LemonLime_Tablet_36ct_Ctn_r4 (002),False,-3.7978179051414993,,1,,,True,AS_HR_LemonLime_Tablet_36ct_Ctn_r4 (002),False,-2.841402122983527,,1,,
H593-3c6e9826d4aaa5c8c18ee68d,OUTCOME-0271,5fe0ce14-bc11-4b43-b002-7efdca0d3003-04,c36d84d6c8d54c84a5f0b431f53eb8775569f16793018d5e6c57459cf8e20e49,4,correct_challenger_still_HOLD,True,1,False,2,False,False,5fe0ce14-bc11-4b43-b002-7efdca0d3003-04,True,-1.2507207638694247,1,2,-1.2507207638694247,0,False,5fe0ce14-bc11-4b43-b002-7efdca0d3003-04,True,-1.0275013576267775,1,2,-1.0275013576267775,0,False,flu2t-0007-03,False,-0.6118792065873087,3,4,-0.8619435426952057,0
H593-3c7deb83919ca9175820857d,DIFFICULT-0016,3T3-bn-lansoprazole,7309194c945cf747ac938c081c8e1c7587ee93c9427836b98aa713829ad9307b,4,already_correct,True,1,False,2,True,True,3T3-bn-lansoprazole,True,1.6412207598030915,1,1,1.6412207598030915,0,True,3T3-bn-lansoprazole,True,5.265531147029725,1,1,5.265531147029725,0,True,3T3-bn-lansoprazole,True,2.9158663995805014,1,1,2.9158663995805014,0
H593-3da112eebd7cc0e1a48f3fbd,OUTCOME-0243,469584,4d5d4731b2c45171a86a8690a5b3a1819d26c3dd6226f61b0f9104c2f6f56484,2,already_correct,True,1,True,1,True,True,AssuredAdvanced,False,-1.8681622358179426,,1,,,True,AssuredAdvanced,False,-2.3741842285080956,,1,,,True,AssuredAdvanced,False,-1.1093354205861337,,1,,
H593-3e371fe7d77d82719a05830d,OUTCOME-0769,lox01-0004-14,2aa1e6c4bb63c1bf91f9200ac8983a2fdb8a3d86fcbc58c5f88c921023045af6,1,already_correct,True,1,False,2,True,False,lox01-0004-14,True,-0.7783480879179081,1,2,-0.7783480879179081,0,True,lox01-0004-14,True,0.04745840907700294,1,1,0.04745840907700294,0,True,lox01-0004-14,True,0.02237157424531988,1,1,0.02237157424531988,0
H593-3ebd3543a8da2ab12dd9b943,OUTCOME-0515,Baby spec cream 60 ml_Jun21-Output,5e70e07c018dad8a49c0f98df36183854e1a11398f9835189e1f22ef07f9c615,2,already_correct,True,1,True,1,True,True,wal0a-0001-01,False,-5.674809413143935,,1,,,True,BCdiaperrash.carton,False,-12.401930868908257,,1,,,True,wal0a-0001-01,False,-7.150430063656904,,1,,
H593-3f7b7d3d52a024fd546a40d6,OUTCOME-0260,4_Kids_Oral_Pain_Relief,d39c757e2a4c76e8e9403fd84708b3c233de7ca0b40197f435ceb3a48272b73f,3,already_correct,True,1,True,1,True,True,capletcarton,False,-5.69978980709857,,1,,,True,capletcarton,False,-14.590634088398922,,1,,,True,capletcarton,False,-6.525919674086323,,1,,
H593-42420c983790bf340313f47b,NDV2-002-P02,160 mg Comfor-trate Tab,5993f2caf420c9a99c193d33f748eea45f5c55ab4832c947913f7c005ada8f7b,0,already_correct,True,1,True,1,True,True,16 mg Comfor-trate Tab,False,-1.3605499010077524,,1,,,True,16 mg Comfor-trate Tab,False,-1.6117397635316544,,1,,,True,16 mg Comfor-trate Tab,False,-1.439294768560961,,1,,
H593-42c4620dc4ec12b555d472a7,NDV2-010-P03,60 mg Comfor-trate Tab,5993f2caf420c9a99c193d33f748eea45f5c55ab4832c947913f7c005ada8f7b,0,already_correct,True,1,True,1,True,True,160 mg Comfor-trate Tab,False,-1.4315794970473694,,1,,,True,160 mg Comfor-trate Tab,False,-1.8865467024553102,,1,,,True,160 mg Comfor-trate Tab,False,-1.6136238031309147,,1,,
H593-4324194c82636eb2bd4e0523,OUTCOME-0462,AlkaSeltzer_36,1efff5d5855cab66509977a0b8d496f45b9a66147726f1323cdd42a873075386,1,already_correct,True,1,False,18,True,True,AlkaSeltzer_36,True,0.308554397381533,1,1,0.308554397381533,0,True,AlkaSeltzer_36,True,1.645142502830713,1,1,1.645142502830713,0,True,AlkaSeltzer_36,True,2.334030672176011,1,1,2.334030672176011,0
H593-439c6d740783fc06dffdae7a,OUTCOME-0802,tul01-0001-02,d03ec6170d58ac2d6198068ac9aa233411e9b70ad6019840f643fdabcc4a9adf,3,already_correct,True,1,True,1,True,True,arovyn-03,False,-2.5331969304349595,,1,,,True,arovyn-03,False,-5.209140859628777,,1,,,True,arovyn-03,False,-2.8806952178475362,,1,,
H593-4465eb39dafa16f3ace74e3b,OUTCOME-0467,AlkaSeltzer_36,1efff5d5855cab66509977a0b8d496f45b9a66147726f1323cdd42a873075386,1,already_correct,True,1,False,3,True,True,AlkaSeltzer_36,True,1.6285616340552544,1,1,1.6285616340552544,0,True,AlkaSeltzer_36,True,5.148294949861844,1,1,5.148294949861844,0,True,AlkaSeltzer_36,True,3.6825114491794984,1,1,3.6825114491794984,0
H593-4504245768770ed0279a4124,OUTCOME-0605,askindr carton,c13e6a469d26dd360022a4ba3af2d2bdbb230082c9e605b822c0f5806f9b9bc9,3,already_correct,True,1,False,2,True,True,askindr carton,True,0.5352616611559087,1,1,0.5352616611559087,0,True,askindr carton,True,3.986092222116205,1,1,3.986092222116205,0,True,askindr carton,True,1.4312825229771484,1,1,1.4312825229771484,0
H593-455aee3db8f97d77c87d9bcc,DIFFICULT-0025,406heb,876e9a6c8b596c741810be05ef83bc4037f224102f15277c78e9afa9a641a3ab,3,already_correct,True,1,True,1,True,True,CVS Docusate Clear 30CT,False,-4.40129498047707,,1,,,True,CVS Docusate Clear 30CT,False,-10.208812358024531,,1,,,True,CVS Docusate Clear 30CT,False,-5.381123114437912,,1,,
H593-45a4b48fd7d584ff912c32cd,OUTCOME-0805,tul01-0001-02,d03ec6170d58ac2d6198068ac9aa233411e9b70ad6019840f643fdabcc4a9adf,3,already_correct,True,1,True,1,True,True,inc00-0000-04,False,-5.157289891561319,,1,,,True,inc00-0000-04,False,-11.923222666655418,,1,,,True,arovyn-03,False,-6.1425080959597365,,1,,
H593-45b44a0e21c38fc764d3bda3,OUTCOME-0180,20230531134258,90ac003cd2a364358615609849057610d2455409fc699f86928b73f0f88a0f8c,0,already_correct,True,1,True,1,True,True,crtn,False,-3.431460202474286,,1,,,True,crtn,False,-8.049258754163617,,1,,,True,crtn,False,-3.9447163030689913,,1,,
H593-46428f82969f19c1f035978b,OUTCOME-0762,kedbumin-02,a5cc6cd71cb98a23641d9032f2abdbe55a284b95eedc14e13d1ab9d93b7adc76,1,already_correct,True,1,True,1,True,True,76125-792-carton,False,-4.936561985909066,,1,,,True,76125-792-carton,False,-10.531408185758169,,1,,,True,76125-792-carton,False,-6.9511536653349175,,1,,
H593-46bebd9352f2e631d6c557fa,OUTCOME-0638,athletes-01,ef7d75f57f11d1174b60813355c0cf7d7dce1009b41f2c7a54cf612906b3dea7,4,wrong_RAW_and_challenger,True,1,False,11,False,False,zavzpret-10,False,-1.30643754375439,18,19,-2.5648266811905147,0,False,zavzpret-10,False,-1.1935272191227166,19,20,-4.556589098391964,0,False,151 CF Sleep-Aid image,False,-0.4526646323037118,36,37,-2.640031985704251,0
H593-46eb5bc0f271f7e1fa17423b,OUTCOME-0535,SH230414C (250 ml Carton),67c564121b4c0847db261d818757e131684626ea0db83097a0e9610c7cf03222,4,already_correct,True,1,True,1,True,True,SH230414B (100 ml Carton),False,-2.0455470845709716,,1,,,True,SH230414B (100 ml Carton),False,-3.457180097263338,,1,,,True,SH230414B (100 ml Carton),False,-2.403510054692302,,1,,
H593-471a2fedf467917f9dc0140d,OUTCOME-0500,AntifluDesbx,0748babacede700838aa4a895d8d3238fc567929c58d772ed17e063e9856bb96,2,already_correct,True,1,True,1,True,True,2ct box,False,-5.033968957254656,,1,,,True,AntiFlu Tab BX-Engl-txt(j),False,-12.018177997135961,,1,,,True,2ct box,False,-6.3972648389172235,,1,,
H593-47f8fff9a6390d11ea60c3c3,OUTCOME-0536,SH230414C (250 ml Carton),67c564121b4c0847db261d818757e131684626ea0db83097a0e9610c7cf03222,4,correct_challenger_still_HOLD,True,1,False,2,False,False,SH230414C (250 ml Carton),True,-1.2355136930807153,1,2,-1.2355136930807153,0,False,SH230414C (250 ml Carton),True,-1.1989487578633629,1,2,-1.1989487578633629,0,False,SH230414C (250 ml Carton),True,-1.0774730279440263,1,2,-1.0774730279440263,0
H593-490d4ed0a2cc29258e504a6a,OUTCOME-0469,AlkaSeltzer_36,1efff5d5855cab66509977a0b8d496f45b9a66147726f1323cdd42a873075386,1,already_correct,True,1,False,113,True,True,AlkaSeltzer_36,True,0.3067881955908893,1,1,0.3067881955908893,0,False,ibu-tab-30ct-cart-label,False,1.8658306374129308,4,4,1.3063825744692457,0,True,AlkaSeltzer_36,True,2.361601240947482,1,1,2.361601240947482,0
H593-497c8c89496ddb929f1943e7,DIFFICULT-0020,406heb,876e9a6c8b596c741810be05ef83bc4037f224102f15277c78e9afa9a641a3ab,3,already_correct,True,1,True,1,True,True,CMB68-00 Front,False,-4.397796255834271,,1,,,True,CMB68-00 Front,False,-10.417007177653645,,1,,,True,CMB68-00 Front,False,-5.298129929005995,,1,,
H593-497d7b354503fb6abfe8e638,OUTCOME-0799,tul01-0001-02,d03ec6170d58ac2d6198068ac9aa233411e9b70ad6019840f643fdabcc4a9adf,3,already_correct,True,1,True,1,True,True,Doraject injectable solution-100 mL Carton,False,-2.16528188981014,,1,,,True,Doraject injectable solution-100 mL Carton,False,-3.935880851115673,,1,,,True,Doraject injectable solution-100 mL Carton,False,-1.6766506759354973,,1,,
H593-49e398ee5fa1770f2f4b4804,OUTCOME-0399,83324304-60,dabd4e44228b0c3fe4d6e936d82cc48dbee71a26baad248be0f99f22cd2424cf,0,already_correct,True,1,True,1,True,True,CDMA QC Ultra Strength Gas Relief 60ct,False,-4.204230627551772,,1,,,True,CDMA QC Ultra Strength Gas Relief 60ct,False,-9.131016854811403,,1,,,True,CDMA QC Ultra Strength Gas Relief 60ct,False,-5.896134106926068,,1,,
H593-49f22736fa0dc6e88308fe6e,OUTCOME-0792,mirataz-06,b769c5976cb5ff7ce3b894e9be1b36db00c2256a127a7bbb82bac0dfb917368d,2,already_correct,True,1,True,1,True,True,lanozem,False,-8.417134216526959,,1,,,True,muricin-04,False,-20.04923822248195,,1,,,True,lanozem,False,-9.87427755563711,,1,,
H593-49f8cacecc7b076432f500a5,OUTCOME-0241,469584,4d5d4731b2c45171a86a8690a5b3a1819d26c3dd6226f61b0f9104c2f6f56484,2,already_correct,True,1,True,1,True,True,walgreens-44-556-1,False,-4.125126062710757,,1,,,True,walgreens-44-556-1,False,-9.001133916016688,,1,,,True,walgreens-44-556-1,False,-5.542656353152107,,1,,
H593-4a5e17cb5c478c7f39d47e05,OUTCOME-0696,carton-1-gram-10-vial-pack-premier,90d7a704ad7bf679580bc4dbadbe13884f491d2e338402f4d4437c2ffd66ab93,2,already_correct,True,1,True,1,True,True,009,False,-4.452362213486486,,1,,,True,009,False,-10.05812969853922,,1,,,True,piptazo3c,False,-5.367318027182061,,1,,
H593-4a83dc5dd057d6229c12ae0e,OUTCOME-0806,tul01-0001-02,d03ec6170d58ac2d6198068ac9aa233411e9b70ad6019840f643fdabcc4a9adf,3,already_correct,True,1,True,1,True,True,SH230414B (100 ml Carton),False,-2.4451319017277107,,1,,,True,SH230414B (100 ml Carton),False,-4.951951281646206,,1,,,True,SH230414B (100 ml Carton),False,-2.4884247239460855,,1,,
H593-4b21f0164b2aae1b748917d5,OUTCOME-0266,4_Kids_Oral_Pain_Relief,d39c757e2a4c76e8e9403fd84708b3c233de7ca0b40197f435ceb3a48272b73f,3,already_correct,True,1,True,1,True,True,BCLD000T125CTNHN4,False,-6.225721708209461,,1,,,True,BCLD000T125CTNHN4,False,-15.792220989956936,,1,,,True,BCLD000T125CTNHN4,False,-7.2004668772517215,,1,,
H593-4b694eed8bda537b0b21e8ff,OUTCOME-0150,200000003252_R-00_28ct,da19e4e6b83d15ea83c05ab2e67a7e30bde059231ecd7dfb7f93382fc5e60b98,1,correct_challenger_still_HOLD,True,1,False,2,False,False,200000003252_R-00_28ct,True,-0.8301375654619232,1,2,-0.8301375654619232,0,True,200000003252_R-00_28ct,True,0.07265601593746007,1,1,0.07265601593746007,0,False,200000003252_R-00_28ct,True,-0.28514903379445133,1,2,-0.28514903379445133,0
H593-4b6d56a0f3762d25fcace38a,OUTCOME-0657,bb morning carton,48c57d44808de17cdd8b52db0f71a5a8fbbf9d2f4ab10a1751ec128aed4a3ff5,4,already_correct,True,1,False,29,True,True,bb morning carton,True,0.7353515845533656,1,1,0.7353515845533656,0,True,bb morning carton,True,2.6711919991704667,1,1,2.6711919991704667,0,True,bb morning carton,True,2.0476213084416894,1,1,2.0476213084416894,0
H593-4b977198186c9a205795518f,OUTCOME-0446,ASP Cough Mucus Congestion PMG 24ct,055e3d0a2ba828c5df95354fc5d80825fa129f679641c7a5ba585b5c8911a1f9,1,correct_challenger_still_HOLD,True,1,False,6,False,False,ASP Cough Mucus Congestion PMG 24ct,True,-1.6767014932576498,1,2,-1.6767014932576498,0,False,ASP Cough Mucus Congestion PMG 24ct,True,-2.694203172585869,1,2,-2.694203172585869,0,False,ASP Cough Mucus Congestion PMG 24ct,True,-2.0325514683345367,1,2,-2.0325514683345367,0
H593-4b9c8b2d75262b752ef8d7bd,OUTCOME-0247,469584,4d5d4731b2c45171a86a8690a5b3a1819d26c3dd6226f61b0f9104c2f6f56484,2,already_correct,True,1,True,1,True,True,AssuredAdvanced,False,-5.499465561573416,,1,,,True,AssuredAdvanced,False,-11.908501748223989,,1,,,True,irritated-eye-drops-1,False,-7.017414518024395,,1,,
H593-4c47eaead5712c9295001ec4,OUTCOME-0164,2021 Lice Freee!_6ozPOP R2a,162fd69cd74c8e3f1f06ce6bb5fec631f657a623f060862dbcc70a39fc026e96,3,already_correct,True,1,True,1,True,True,2021 LF UF Kit R11A new,False,-3.0535582455768617,,1,,,True,2021 LF UF Kit R11A new,False,-6.848203820643651,,1,,,True,Broncovac 5 Throat Spray 1 Oz. Carton 001,False,-3.3322267924567397,,1,,
H593-4c7da12e23a000c6fce488e2,OUTCOME-0447,ASP Cough Mucus Congestion PMG 24ct,055e3d0a2ba828c5df95354fc5d80825fa129f679641c7a5ba585b5c8911a1f9,1,already_correct,True,1,True,1,True,True,ASP Sinus Congestion Pain PMG 24ct,False,-1.976634704945792,,1,,,True,ASP Sinus Congestion Pain PMG 24ct,False,-3.6028763689832175,,1,,,True,ASP Sinus Congestion Pain PMG 24ct,False,-2.2290294830251307,,1,,
H593-4c89e7fdea0f3bfc34d4091a,OUTCOME-0143,200000003252_R-00_28ct,da19e4e6b83d15ea83c05ab2e67a7e30bde059231ecd7dfb7f93382fc5e60b98,1,already_correct,True,1,False,2,True,True,200000003252_R-00_28ct,True,0.9636266362861057,1,1,0.9636266362861057,0,True,200000003252_R-00_28ct,True,4.053026140177417,1,1,4.053026140177417,0,True,200000003252_R-00_28ct,True,2.943504349422206,1,1,2.943504349422206,0
H593-4c8af79cf3ec012acced486e,OUTCOME-0044,10 mL carton,caadf690e51b6ae8aa69d3ebfb189f9ae43f3e3bde9aadd83d79e71a9ed27df7,4,already_correct,True,1,True,1,True,True,Doraject injectable solution-100 mL Carton,False,-2.4684255045640198,,1,,,True,Doraject injectable solution-100 mL Carton,False,-4.644954493498057,,1,,,True,Doraject injectable solution-100 mL Carton,False,-1.3626699854724547,,1,,
H593-4c9f0e3ae6ac7d842dede29d,OUTCOME-0284,5fe0ce14-bc11-4b43-b002-7efdca0d3003-04,c36d84d6c8d54c84a5f0b431f53eb8775569f16793018d5e6c57459cf8e20e49,4,already_correct,True,1,True,1,True,True,0c3cd915-babe-49c0-8aac-bf0247a17f3e-01,False,-2.0965495531760485,,1,,,True,0c3cd915-babe-49c0-8aac-bf0247a17f3e-01,False,-3.589648082711312,,1,,,True,0c3cd915-babe-49c0-8aac-bf0247a17f3e-01,False,-2.434969467502743,,1,,
H593-4cdc50b55891617da26d2e7a,OUTCOME-0726,cuvitru-19,d3d9e86636e760b3c7ab9d0366cce29c32d905942a4e7efc24b4feb559ccafdb,2,already_correct,True,1,True,1,True,True,cuvitru-13,False,-2.6600329449344837,,1,,,True,cuvitru-13,False,-5.381053187311135,,1,,,True,cuvitru-13,False,-3.432887504530031,,1,,
H593-4e4f8bc110d32982909421ec,DIFFICULT-0021,406heb,876e9a6c8b596c741810be05ef83bc4037f224102f15277c78e9afa9a641a3ab,3,already_correct,True,1,True,1,True,True,CVS Stool Softner 100CT,False,-5.161961022855694,,1,,,True,CVS Stool Softner 100CT,False,-12.679722997829108,,1,,,True,CVS Stool Softner 100CT,False,-6.086086329118425,,1,,
H593-4e6b9dc0dba15fcec5bea111,OUTCOME-0130,200000002710_Final,5e1903b41967d7091402cde6aa7a4b83e5df5f58a2bef1439e218f802ca6cf53,4,already_correct,True,1,True,1,True,True,F101811MAR_R3,False,-0.6642678304989752,,1,,,True,F101811MAR_R3,False,-0.6932954711318932,,1,,,False,F101811MAR_R3,False,0.6432971714586013,,10,,
H593-4edbbd8a5f9a75ce2559d49d,OUTCOME-0316,6941714017-1,69e8433234f6613d539957d8cd900a9503c3e7bceb31e12adec7cfa0adc6368b,0,already_correct,True,1,False,6,True,True,6941714017-1,True,0.5034884398865542,1,1,0.5034884398865542,0,True,6941714017-1,True,3.3404219928388685,1,1,3.3404219928388685,0,True,6941714017-1,True,2.1331721949566047,1,1,2.1331721949566047,0
H593-4ef2d085267e3a655f22c017,OUTCOME-0319,75 100s carton,27398dad6e577a6cdc7867303a9c586cdf14f835803381e1ac3586b1bec33c43,0,already_correct,True,1,True,1,True,True,394---naproxen-sodium-220mg-1,False,-7.54717220701138,,1,,,True,Epuris_Carton_30mg,False,-19.45744869611518,,1,,,True,394---naproxen-sodium-220mg-1,False,-9.239324299382828,,1,,
H593-500972ee89029bc55f7ce4da,DIFFICULT-0022,406heb,876e9a6c8b596c741810be05ef83bc4037f224102f15277c78e9afa9a641a3ab,3,already_correct,True,1,True,1,True,True,CVS Docusate Clear 30CT,False,-5.043218014503005,,1,,,True,CVS Docusate Clear 30CT,False,-11.779856178674526,,1,,,True,CVS Docusate Clear 30CT,False,-6.033454304690324,,1,,
H593-5013811bdfa12b1550e11683,OUTCOME-0436,ASP Cough Mucus Congestion PMG 24ct,055e3d0a2ba828c5df95354fc5d80825fa129f679641c7a5ba585b5c8911a1f9,1,already_correct,True,1,False,13,True,True,ASP Cough Mucus Congestion PMG 24ct,True,0.6588421857144224,1,1,0.6588421857144224,0,True,ASP Cough Mucus Congestion PMG 24ct,True,3.2590984008137154,1,1,3.2590984008137154,0,True,ASP Cough Mucus Congestion PMG 24ct,True,2.660329490176729,1,1,2.660329490176729,0
H593-50257d3fc942087a47f7ed9b,DIFFICULT-0059,bef4f237-ccb8-4d28-bfc2-41c511a17d7f-01,f16447b66992689bdb8350dadcb85602511b1bd2c18265a511e90bf7d2910d9c,1,already_correct,True,1,True,1,True,True,containerlabel605,False,-1.922555331449339,,1,,,True,containerlabel605,False,-3.137426961647656,,1,,,True,containerlabel676,False,-1.6186145813892043,,1,,
H593-505241b0686c5828ac2cea63,OUTCOME-0261,4_Kids_Oral_Pain_Relief,d39c757e2a4c76e8e9403fd84708b3c233de7ca0b40197f435ceb3a48272b73f,3,already_correct,True,1,True,1,True,True,cvs-44-194-1,False,-5.2850168829527275,,1,,,True,cvs-44-194-1,False,-13.302679949163105,,1,,,True,cvs-44-194-1,False,-6.198311146902903,,1,,
H593-506fbf0965ee584fadc5f5d1,OUTCOME-0489,AntifluDesbx,0748babacede700838aa4a895d8d3238fc567929c58d772ed17e063e9856bb96,2,already_correct,True,1,True,1,True,True,AntiFlu Tab BX-Engl-txt(j),False,-5.843679895121066,,1,,,True,AntiFlu Tab BX-Engl-txt(j),False,-13.614055118284618,,1,,,True,AntiFlu Tab BX-Engl-txt(j),False,-7.241024733547696,,1,,
H593-50e98a4949f2bb0bae2a8cc5,OUTCOME-0350,77l96n1c1,f4cb26eef9646d6dfd71a5bdba8092d2e0f934cd5f8e9ffe627d7c9ba8444f36,1,already_correct,True,1,True,1,True,True,protexacarton,False,-5.685937998569106,,1,,,True,protexacarton,False,-14.351987859795896,,1,,,True,protexacarton,False,-7.446954890542623,,1,,
H593-5143094db93c7c74aac3b66d,DIFFICULT-0093,com0n-0000-04,bf0eaa86ddfc9a7fbdb09ac2f6f0fd91e32036da44a8971649ba96ecb8aa1b71,1,already_correct,True,1,True,1,True,True,com0n-0000-05,False,-1.5733609864125715,,1,,,True,com0n-0000-05,False,-2.4112046902060458,,1,,,True,com0n-0000-03,False,-1.9338460883994266,,1,,
H593-514ffff2eed103b274b1a789,OUTCOME-0273,5fe0ce14-bc11-4b43-b002-7efdca0d3003-04,c36d84d6c8d54c84a5f0b431f53eb8775569f16793018d5e6c57459cf8e20e49,4,target_absent,False,0,False,1326,False,False,cushion carton,False,0.43488655635776086,,,,,False,cushion carton,False,2.043534654509296,,,,,False,cushion carton,False,1.7347537039057317,,,,
H593-51f9fd7fedf15c7a3386049d,OUTCOME-0683,bravecto-07,1dc9b4a228de9516b591d58e28a2763e3d2428004318636d1f9e2936718e7999,2,already_correct,True,1,True,1,True,True,bravecto-08,False,-1.627257992987984,,1,,,True,bravecto-08,False,-2.328146975997282,,1,,,True,bravecto-08,False,-1.7336369115158752,,1,,
H593-5215365f1c24c67d099c6773,OUTCOME-0349,77l96n1c1,f4cb26eef9646d6dfd71a5bdba8092d2e0f934cd5f8e9ffe627d7c9ba8444f36,1,already_correct,True,1,True,1,True,True,cordran-120mg-carton,False,-2.677571211041407,,1,,,True,cordran-120mg-carton,False,-6.056353434525508,,1,,,True,cordran-120mg-carton,False,-3.4954036906030406,,1,,
H593-526854f7b33d3ad6e1521409,OUTCOME-0441,ASP Cough Mucus Congestion PMG 24ct,055e3d0a2ba828c5df95354fc5d80825fa129f679641c7a5ba585b5c8911a1f9,1,locked_wrong_SWITCH,True,1,False,9,False,False,ASP Sinus Congestion Pain PMG 24ct,False,0.45519454577270313,3,3,0.3190780674472251,0,False,ASP Sinus Congestion Pain PMG 24ct,False,2.9176309744523605,3,3,2.390623878684432,0,False,ASP Sinus Congestion Pain PMG 24ct,False,2.3700799983793956,3,3,2.273859622968358,0
H593-5332c0cc3d7929c09d5c01f3,DIFFICULT-0035,5377c041-b6fc-4dde-ac96-bd9e4e94e456-10,da3eaa29e19bcc9bd6181db13c258df73a34d84bc20cb67ca147824a6fc4abe5,2,already_correct,True,1,True,1,True,True,4fc7e152-1d4e-489d-bd00-0b00338b8eba-02,False,-6.607215223073307,,1,,,True,carton 10 mL orange,False,-15.143854996560265,,1,,,True,4fc7e152-1d4e-489d-bd00-0b00338b8eba-02,False,-8.147464959303786,,1,,
H593-53e0bb3f0f95aa31e37ff328,OUTCOME-0320,75 100s carton,27398dad6e577a6cdc7867303a9c586cdf14f835803381e1ac3586b1bec33c43,0,already_correct,True,1,True,1,True,True,dexedrine-dextroamphetamine-sulfate-spansule-susta-7,False,-4.641715371017586,,1,,,True,dexedrine-dextroamphetamine-sulfate-spansule-susta-7,False,-11.00787889957082,,1,,,True,dexedrine-dextroamphetamine-sulfate-spansule-susta-7,False,-6.307564442970033,,1,,
H593-53f1fabaea0e77a8ad271caf,OUTCOME-0812,vetoryl-09,7abc0d7c0e302804a40dcf309dece25b925a424ae8a43fd70cd693d41ebfc54f,2,correct_challenger_still_HOLD,True,1,False,4,False,False,vetoryl-09,True,-1.2903387858053046,1,2,-1.2903387858053046,0,False,vetoryl-09,True,-1.2898900626360412,1,2,-1.2898900626360412,0,False,vetoryl-09,True,-1.117304693650584,1,2,-1.117304693650584,0
H593-542a9d20e3accf68eed2f111,DIFFICULT-0051,bef4f237-ccb8-4d28-bfc2-41c511a17d7f-01,f16447b66992689bdb8350dadcb85602511b1bd2c18265a511e90bf7d2910d9c,1,already_correct,True,1,True,1,True,True,containerlabel676,False,-3.470830534554721,,1,,,True,containerlabel676,False,-7.710255951249293,,1,,,True,containerlabel676,False,-4.748794694944715,,1,,
H593-55896fed273be6f353312f56,OUTCOME-0737,dro0b-0001-04,0afd089c456e855f9466067a75179f94b4fb386831d044fd18ff0bcd22e0d3f4,2,already_correct,True,1,True,1,True,True,dro0b-0001-03,False,-1.8903817719716076,,1,,,True,dro0b-0001-03,False,-3.1770299415340455,,1,,,True,dro0b-0001-03,False,-2.3819531271077548,,1,,
H593-55ba8ad94b75fd7b8b1484d7,OUTCOME-0768,lox01-0004-14,2aa1e6c4bb63c1bf91f9200ac8983a2fdb8a3d86fcbc58c5f88c921023045af6,1,already_correct,True,1,True,1,True,True,ost01-0006-12,False,-5.307486619733702,,1,,,True,ost01-0006-12,False,-10.960439261286016,,1,,,True,ost01-0006-12,False,-7.372242358942344,,1,,
H593-55dca419c3a60e609c284564,OUTCOME-0701,carton-1-gram-10-vial-pack-premier,90d7a704ad7bf679580bc4dbadbe13884f491d2e338402f4d4437c2ffd66ab93,2,already_correct,True,1,True,1,True,True,carton-label-1ml,False,-1.275717501679296,,1,,,True,carton-label-1ml,False,-1.2736853843689022,,1,,,True,carton-label-1ml,False,-0.8124992629665228,,1,,
H593-56dd45ec2e7deff86e812509,OUTCOME-0771,lox01-0004-14,2aa1e6c4bb63c1bf91f9200ac8983a2fdb8a3d86fcbc58c5f88c921023045af6,1,already_correct,True,1,True,1,True,True,ost01-0006-12,False,-3.44512669528041,,1,,,True,ost01-0006-12,False,-6.888410530700871,,1,,,True,ost01-0006-12,False,-5.353790297200556,,1,,
H593-56ea0b6924407c2819a6f9f9,OUTCOME-0814,vetoryl-09,7abc0d7c0e302804a40dcf309dece25b925a424ae8a43fd70cd693d41ebfc54f,2,wrong_RAW_and_challenger,True,1,False,20,False,False,felimazole-03,False,-1.492749371750346,12,13,-2.490615882535424,0,False,felimazole-03,False,-1.515129024031583,12,13,-4.370284917442117,0,False,felimazole-03,False,-1.1382428616359486,13,14,-2.14691607887549,0
H593-575d6db6bfc93ebe863516ea,OUTCOME-0343,766-e9-infants-pain-and-fever,8ad47f26cd065ca57d3a68d2c5f31cd9eeb977294c710ac87f6e9c84b24866ea,0,already_correct,True,1,True,1,True,True,cvs-44-098-1,False,-2.9643507829331552,,1,,,True,cvs-44-098-1,False,-6.4610710804897025,,1,,,True,cvs-44-098-1,False,-4.62519401298704,,1,,
H593-57dba7774ff1e1399e0d181e,OUTCOME-0197,300000538_R-00_Final,f90fb756794a5ae5c68d05c56cb486456e64d83f751a66bbf1ddae3fcb43bb13,3,already_correct,True,1,True,1,True,True,DDM Cetirizine 10 mg 45ct carton label,False,-3.5397588154725925,,1,,,True,DDM Cetirizine 10 mg 45ct carton label,False,-8.139619629518782,,1,,,True,Cetirizine 180ct,False,-4.216251807974927,,1,,
H593-596fedd7ad0dd56b9b06d758,OUTCOME-0773,lox01-0004-14,2aa1e6c4bb63c1bf91f9200ac8983a2fdb8a3d86fcbc58c5f88c921023045af6,1,already_correct,True,1,True,1,True,True,ost01-0006-12,False,-2.163971925878906,,1,,,True,ost01-0006-12,False,-4.040738582517564,,1,,,True,ost01-0006-12,False,-2.7057937879329934,,1,,
H593-59fdea3ddfa2a7c762aa0a19,DIFFICULT-0087,cefdinir-fig2,b290b929d9999bcd5494b609bbacdaa3be248ff840ce6785cb1cb2438d245c13,0,already_correct,True,1,False,6,True,True,cefdinir-fig2,True,0.68810929068932,1,1,0.68810929068932,0,True,cefdinir-fig2,True,3.7499087162116385,1,1,3.7499087162116385,0,True,cefdinir-fig2,True,2.348810123096868,1,1,2.348810123096868,0
H593-5b9e6dcf1a92193abe8b39b2,DIFFICULT-0062,bef4f237-ccb8-4d28-bfc2-41c511a17d7f-01,f16447b66992689bdb8350dadcb85602511b1bd2c18265a511e90bf7d2910d9c,1,already_correct,True,1,False,2,True,True,bef4f237-ccb8-4d28-bfc2-41c511a17d7f-01,True,0.18156555175504918,1,1,0.18156555175504918,0,True,bef4f237-ccb8-4d28-bfc2-41c511a17d7f-01,True,2.4942176179533355,1,1,2.4942176179533355,0,True,bef4f237-ccb8-4d28-bfc2-41c511a17d7f-01,True,1.8703745756632975,1,1,1.8703745756632975,0
H593-5bf76899256100e280a80e1d,OUTCOME-0734,dro0b-0001-04,0afd089c456e855f9466067a75179f94b4fb386831d044fd18ff0bcd22e0d3f4,2,already_correct,True,1,True,1,True,True,dro0b-0001-03,False,-1.4762992308322314,,1,,,True,dro0b-0001-03,False,-1.9502070765438018,,1,,,True,dro0b-0001-03,False,-1.6510823431138637,,1,,
H593-5c99ac9c05994bb4d60da476,OUTCOME-0078,10ml carton,3cce9049697a8e2b65ce5904772f00a613b585ff8ca6e50e5a9c4c63a4391645,3,already_correct,True,1,True,1,True,True,CARTON.,False,-2.7927983727398233,,1,,,True,CARTON.,False,-6.001442630771521,,1,,,True,CARTON.,False,-3.552295371728353,,1,,
H593-5ca1f16c2917448ec0557e02,DIFFICULT-0125,sevospire-02,c04b390c7ae86a0d21958115ce19bd1ed22c76ff1b8fb240f01405c8bf9231ec,2,already_correct,True,1,True,1,True,True,isospire-02,False,-3.851592780421277,,1,,,True,fascy moisture bomb hand cream violet carton,False,-8.481233041861811,,1,,,True,fascy moisture bomb hand cream violet carton,False,-3.0731811696339424,,1,,
H593-5cde50d3890df26e13611884,OUTCOME-0087,11-5BlisterCarton,fae9abd9dccd97b0f46477e2b8de584b47f0991da74eb5dfbedf3526f4bba6a5,4,already_correct,True,1,False,2,True,True,11-5BlisterCarton,True,0.34474806481229225,1,1,0.34474806481229225,0,True,11-5BlisterCarton,True,2.7672576234377413,1,1,2.7672576234377413,0,True,11-5BlisterCarton,True,1.3324805589808977,1,1,1.3324805589808977,0
H593-5ce80bead003f31b6617b817,NDV2-007-P01,45mg PFS CArton,e5b4f86a4d49af3ede0ecdd200dfae35f36ef1fb29c77d00e2fc254648085e0e,0,already_correct,True,1,True,1,True,True,avtozma-37,False,-3.6638774257996674,,1,,,True,avtozma-37,False,-9.092806342765408,,1,,,True,carton-label-1ml,False,-4.281706147686608,,1,,
H593-5cf549d352c47628697f6f37,OUTCOME-0137,200000002710_Final,5e1903b41967d7091402cde6aa7a4b83e5df5f58a2bef1439e218f802ca6cf53,4,already_correct,True,1,False,93,True,True,200000002710_Final,True,0.09797936046495304,1,1,0.09797936046495304,0,True,200000002710_Final,True,1.1958094435982054,1,1,1.1958094435982054,0,True,200000002710_Final,True,1.3967098575642816,1,1,1.3967098575642816,0
H593-5d3f5a51f35755fb8b50d72a,OUTCOME-0291,60mg carton,4a0922400b8dd80a6d357c67cf3585d8c5a63b87415f063eab4e2dd7a5643fae,1,already_correct,True,1,True,1,True,True,enox-100mg-ht-carton-v2,False,-2.945195550016797,,1,,,True,enox-60mg-ht-carton-v2,False,-6.402748370190138,,1,,,True,spl-epoprostenol-carton-1,False,-2.720912130327571,,1,,
H593-5deb30c18beda44d1e9a98af,OUTCOME-0475,AlkaSeltzer_36,1efff5d5855cab66509977a0b8d496f45b9a66147726f1323cdd42a873075386,1,wrong_RAW_and_challenger,True,1,False,9,False,False,bayer-01,False,-1.5786593596088916,4,5,-1.9284604542153048,0,False,bayer-01,False,-2.0335210216969783,4,5,-3.1538425244582458,0,False,Acrobat Document,False,-0.5392435835526189,3,4,-0.8605600624590856,0
H593-5e3baff5983fb5e1280953d4,OUTCOME-0373,80mg-cart-np,f15f4acea549124570f8e5b5e20c5575b2b6e0d49386891fe5a7552afc90436f,0,locked_wrong_SWITCH,True,1,False,6,False,False,gem0g-0004-09,False,0.8922106551010738,4,4,0.03880034342354621,0,False,gem0g-0004-09,False,4.1862330200511035,4,4,2.3512339918397,0,False,gem0g-0004-09,False,2.596849928572942,4,4,1.616222439176719,0
H593-5ead089e93e3fef6a60f6016,OUTCOME-0256,469584,4d5d4731b2c45171a86a8690a5b3a1819d26c3dd6226f61b0f9104c2f6f56484,2,already_correct,True,1,True,1,True,True,irritated-eye-drops-1,False,-4.4408862974678325,,1,,,True,irritated-eye-drops-1,False,-9.947237060598646,,1,,,True,irritated-eye-drops-1,False,-5.800481896636634,,1,,
H593-5ec7687ad1569b8195a9fcd1,OUTCOME-0242,469584,4d5d4731b2c45171a86a8690a5b3a1819d26c3dd6226f61b0f9104c2f6f56484,2,already_correct,True,1,False,5,True,True,469584,True,1.0054722245979564,1,1,1.0054722245979564,0,True,469584,True,4.475412276995711,1,1,4.475412276995711,0,True,469584,True,2.4822751913926,1,1,2.4822751913926,0
H593-5f0b1cc082bf69f4270e53f3,OUTCOME-0203,300000538_R-00_Final,f90fb756794a5ae5c68d05c56cb486456e64d83f751a66bbf1ddae3fcb43bb13,3,target_absent,False,0,False,1580,False,False,(BUX0ABS1)-Back-card,False,-0.4351283755113532,,,,,False,(BUX0ABS1)-Back-card,False,1.4799060359338077,,,,,False,(BUX0ABS1)-Back-card,False,0.15927992866530238,,,,
H593-5f1d8e99507134bf9261aa26,OUTCOME-0331,766-e9-infants-pain-and-fever,8ad47f26cd065ca57d3a68d2c5f31cd9eeb977294c710ac87f6e9c84b24866ea,0,correct_challenger_still_HOLD,True,1,False,2,False,False,766-e9-infants-pain-and-fever,True,-0.9042654692290205,1,2,-0.9042654692290205,0,False,766-e9-infants-pain-and-fever,True,-0.22292826160542267,1,2,-0.22292826160542267,0,False,766-e9-infants-pain-and-fever,True,-0.6224816718371826,1,2,-0.6224816718371826,0
H593-5f2533f8d63dca3775f00d6e,OUTCOME-0497,AntifluDesbx,0748babacede700838aa4a895d8d3238fc567929c58d772ed17e063e9856bb96,2,already_correct,True,1,True,1,True,True,circle-k-cold-01,False,-3.639701635828067,,1,,,True,circle-k-cold-01,False,-8.087333516718965,,1,,,True,62377580-figure-01,False,-4.334208272540918,,1,,
H593-5fe59cce1a8be38a02275a23,OUTCOME-0213,430984_86324016_ASP_Severe_Cld_Flu_Eff_20ct_Crtn_FDA1,4307e640e3e4b993a792a0030fe96b8501fe6e1375f37fcb8115bccccdf67258,2,wrong_RAW_and_challenger,True,1,False,28,False,False,Daytime,False,-0.2207855004362147,10,11,-1.3497090870781019,0,False,Daytime,False,1.211246168452284,9,10,-1.12665659117389,0,False,Daytime,False,1.303556717354731,7,7,0.03482457080890233,0
H593-600a237ce0d7753df38cf902,OUTCOME-0821,vetoryl-09,7abc0d7c0e302804a40dcf309dece25b925a424ae8a43fd70cd693d41ebfc54f,2,correct_challenger_still_HOLD,True,1,False,2,False,False,vetoryl-09,True,-1.2343588725724344,1,2,-1.2343588725724344,0,False,vetoryl-09,True,-1.194761534785183,1,2,-1.194761534785183,0,False,vetoryl-09,True,-1.1867638770065634,1,2,-1.1867638770065634,0
H593-60917368d9020829ad933264,DIFFICULT-0008,3T3-bn-lansoprazole,7309194c945cf747ac938c081c8e1c7587ee93c9427836b98aa713829ad9307b,4,already_correct,True,1,True,1,True,True,CVS Lanso Caps 14ct Carton Label,False,-4.302100788727979,,1,,,True,CVS Lanso Caps 14ct Carton Label,False,-8.458083293690047,,1,,,True,CVS Lanso Caps 14ct Carton Label,False,-5.5791181313293805,,1,,
H593-60d3d272fcf4945ce1b4cfad,OUTCOME-0717,cuvitru-19,d3d9e86636e760b3c7ab9d0366cce29c32d905942a4e7efc24b4feb559ccafdb,2,new_wrong_SWITCH,True,1,True,1,False,True,cuvitru-13,False,-0.9041775616540577,,1,,,True,cuvitru-13,False,-0.5568184655463035,,1,,,True,cuvitru-13,False,-0.8965054611930895,,1,,
H593-610d2220452ac13a29625c81,OUTCOME-0628,athletes-01,ef7d75f57f11d1174b60813355c0cf7d7dce1009b41f2c7a54cf612906b3dea7,4,already_correct,True,1,True,1,True,True,carton-14-gm,False,-5.230694928911451,,1,,,True,carton-14-gm,False,-10.722891201482362,,1,,,True,carton-14-gm,False,-6.5239600222849825,,1,,
H593-613164a8ed07b8331901f9c7,NDV2-007-P04,45mg PFS CArton,e5b4f86a4d49af3ede0ecdd200dfae35f36ef1fb29c77d00e2fc254648085e0e,0,already_correct,True,1,True,1,True,True,130mg vial carton (1),False,-5.211125465019785,,1,,,True,130mg vial carton (1),False,-12.073253249127994,,1,,,True,130mg vial carton (1),False,-6.924925201782026,,1,,
H593-619260cce074655fc8b3b2ce,OUTCOME-0272,5fe0ce14-bc11-4b43-b002-7efdca0d3003-04,c36d84d6c8d54c84a5f0b431f53eb8775569f16793018d5e6c57459cf8e20e49,4,already_correct,True,1,True,1,True,True,64f608b7-ad43-4395-b806-d4216175c8d3-02,False,-2.884813598866793,,1,,,True,64f608b7-ad43-4395-b806-d4216175c8d3-02,False,-5.641306051764119,,1,,,True,64f608b7-ad43-4395-b806-d4216175c8d3-02,False,-3.8513985168082048,,1,,
H593-61dd525ce4c64a94855321cf,OUTCOME-0794,tul01-0001-02,d03ec6170d58ac2d6198068ac9aa233411e9b70ad6019840f643fdabcc4a9adf,3,new_wrong_SWITCH,True,1,True,1,False,True,Doraject injectable solution-100 mL Carton,False,-0.24751066131638444,,1,,,False,Doraject injectable solution-100 mL Carton,False,1.6093309226969734,,5,,,False,Doraject injectable solution-100 mL Carton,False,0.6674169408405393,,4,,
H593-62a3ef9aed28fe11480a070d,OUTCOME-0528,SH230414C (250 ml Carton),67c564121b4c0847db261d818757e131684626ea0db83097a0e9610c7cf03222,4,already_correct,True,1,True,1,True,True,SH230414B (100 ml Carton),False,-0.9699859136630762,,1,,,True,SH230414B (100 ml Carton),False,-0.5745643025394092,,1,,,True,SH230414B (100 ml Carton),False,-0.7765090945553819,,1,,
H593-6383fcb3c30d23a881c0d351,OUTCOME-0056,10 mL carton,caadf690e51b6ae8aa69d3ebfb189f9ae43f3e3bde9aadd83d79e71a9ed27df7,4,already_correct,True,1,True,1,True,True,50 mL Carton,False,-3.931494210368487,,1,,,True,50 mL Carton,False,-8.345861906003787,,1,,,True,50 mL Carton,False,-4.86528741539527,,1,,
H593-63f9178f5a1ac8c911f30671,OUTCOME-0129,200000002710_Final,5e1903b41967d7091402cde6aa7a4b83e5df5f58a2bef1439e218f802ca6cf53,4,already_correct,True,1,True,1,True,True,apap-50s-ifc,False,-5.687465847399925,,1,,,True,apap-50s-ifc,False,-11.770248174209009,,1,,,True,apap-50s-ifc,False,-7.004500326934757,,1,,
H593-64732ad8af7e22ab8530b83d,OUTCOME-0636,athletes-01,ef7d75f57f11d1174b60813355c0cf7d7dce1009b41f2c7a54cf612906b3dea7,4,already_correct,True,1,False,2,True,True,athletes-01,True,2.1209009540196453,1,1,2.1209009540196453,0,True,athletes-01,True,6.229242905639921,1,1,6.229242905639921,0,True,athletes-01,True,3.4219596175445073,1,1,3.4219596175445073,0
H593-648cf256a0655f0b4baede6a,NDV2-012-P02,Bacitracin Zinc Ointment USP Carton 0.5oz(14.2g) Rev 02-22,f136ca0b9c716fcae1884f370b2cc9c1a38f30e5a477d50097f50ecb3c76d60b,4,already_correct,True,1,True,1,True,True,Bacitracin Zinc Ointment USP Carton 1oz(28.4g) Rev 02-22,False,-1.3606334501706496,,1,,,True,Bacitracin Zinc Ointment USP Carton 1oz(28.4g) Rev 02-22,False,-1.6158615435612835,,1,,,True,Bacitracin Zinc Ointment USP Carton 1oz(28.4g) Rev 02-22,False,-1.3610296857356539,,1,,
H593-64d4b96748545637c220ac9d,NDV2-012-P04,Bacitracin Zinc Ointment USP Carton 0.5oz(14.2g) Rev 02-22,f136ca0b9c716fcae1884f370b2cc9c1a38f30e5a477d50097f50ecb3c76d60b,4,already_correct,True,1,True,1,True,True,Bacitracin Zinc Ointment USP Carton 1oz(28.4g) Rev 02-22,False,-1.5782456862382035,,1,,,True,Bacitracin Zinc Ointment USP Carton 1oz(28.4g) Rev 02-22,False,-2.210139832374031,,1,,,True,Bacitracin Zinc Ointment USP Carton 1oz(28.4g) Rev 02-22,False,-1.7335479529710052,,1,,
H593-64e146b0abb950dce567767c,DIFFICULT-0058,bef4f237-ccb8-4d28-bfc2-41c511a17d7f-01,f16447b66992689bdb8350dadcb85602511b1bd2c18265a511e90bf7d2910d9c,1,wrong_RAW_and_challenger,True,1,False,3,False,False,cvs-44-527-1,False,-1.9565835226938222,2,3,-2.0193423882848673,0,False,cvs-44-527-1,False,-3.4828009289665443,2,3,-3.7012116592626865,0,False,ccc377799-CARTON_3c03_,False,-2.1451754348158456,12,13,-2.768597414411218,0
H593-657b8fd68285cbf2a58e2cd2,OUTCOME-0263,4_Kids_Oral_Pain_Relief,d39c757e2a4c76e8e9403fd84708b3c233de7ca0b40197f435ceb3a48272b73f,3,already_correct,True,1,True,1,True,True,kids relief pain fever2 box 5panel,False,-7.302315458537604,,1,,,True,kids relief pain fever2 box 5panel,False,-18.923969582120687,,1,,,True,kids relief pain fever2 box 5panel,False,-8.276707998690421,,1,,
H593-6643faf35f58ab82ab7e712d,OUTCOME-0496,AntifluDesbx,0748babacede700838aa4a895d8d3238fc567929c58d772ed17e063e9856bb96,2,already_correct,True,1,True,1,True,True,cvs-44-738-ms-1,False,-3.4821019118322827,,1,,,True,cvs-44-738-ms-1,False,-7.684115539627755,,1,,,True,cvs-44-738-ms-1,False,-4.08066227093113,,1,,
H593-671d0f11f416b72cd6df22b5,OUTCOME-0324,75 100s carton,27398dad6e577a6cdc7867303a9c586cdf14f835803381e1ac3586b1bec33c43,0,already_correct,True,1,True,1,True,True,dexedrine-dextroamphetamine-sulfate-spansule-susta-7,False,-6.628367736196775,,1,,,True,dexedrine-dextroamphetamine-sulfate-spansule-susta-7,False,-17.369289718302717,,1,,,True,dexedrine-dextroamphetamine-sulfate-spansule-susta-7,False,-8.140801357587847,,1,,
H593-6829310800010539ea1d94b5,OUTCOME-0237,45-carton-ai,131b059227e8e198d5556d3c77a12b94efae9837ff4f020b91f223056c73465a,4,already_correct,True,1,True,1,True,True,enoxaparin-spl-carton-150mg,False,-2.375267133649425,,1,,,True,avtozma-37,False,-4.495925988520943,,1,,,True,avtozma-37,False,-1.92300082590665,,1,,
H593-68c0678826661b7d2a038ac8,OUTCOME-0309,6941714017-1,69e8433234f6613d539957d8cd900a9503c3e7bceb31e12adec7cfa0adc6368b,0,already_correct,True,1,True,1,True,True,DB Itch Relief,False,-3.5999335464100133,,1,,,True,DB Itch Relief Pro,False,-7.652824404180338,,1,,,True,DB Itch Relief,False,-5.210569020685423,,1,,
H593-6a135758a5df59039c4dd3ef,OUTCOME-0625,athletes-01,ef7d75f57f11d1174b60813355c0cf7d7dce1009b41f2c7a54cf612906b3dea7,4,already_correct,True,1,True,1,True,True,Publix Athlete's Foot 1 oz Carton,False,-5.782355622888927,,1,,,True,Publix Athlete's Foot 1 oz Carton,False,-11.659945202987375,,1,,,True,Publix Athlete's Foot 1 oz Carton,False,-7.099993727311811,,1,,
H593-6a176cd4811e16620c134360,DIFFICULT-0105,int08-0008-17,dca95ffa60d30d6597de3bfed4a27b53d657ea2e90a8d6ee6aa513316eee9848,0,already_correct,True,1,True,1,True,True,int08-0008-12,False,-1.1215049333164648,,1,,,True,int08-0008-12,False,-0.8605793195743672,,1,,,True,int08-0008-02,False,-1.1079109385089276,,1,,
H593-6a23b1a27c51bbde9c38b5ce,OUTCOME-0389,812-6e-mucus-dm,4a5e078a9d0335a17e0b19c90cc91b4eaf583fcc72663cf7441019d2f00d652a,3,already_correct,True,1,False,2,True,False,812-6e-mucus-dm,True,-0.3041128488911121,1,2,-0.3041128488911121,0,True,812-6e-mucus-dm,True,1.819039989739076,1,1,1.819039989739076,0,True,812-6e-mucus-dm,True,0.46846595668820457,1,1,0.46846595668820457,0
H593-6a41937f82d722c1bd11db83,OUTCOME-0275,5fe0ce14-bc11-4b43-b002-7efdca0d3003-04,c36d84d6c8d54c84a5f0b431f53eb8775569f16793018d5e6c57459cf8e20e49,4,already_correct,True,1,True,1,True,True,flu2t-0007-03,False,-1.4230431525508627,,1,,,True,flu2t-0007-03,False,-1.6219163538730785,,1,,,True,flu2t-0007-03,False,-1.1979222560943361,,1,,
H593-6a4848172c5de649fc0145cb,OUTCOME-0207,300000538_R-00_Final,f90fb756794a5ae5c68d05c56cb486456e64d83f751a66bbf1ddae3fcb43bb13,3,target_absent,False,0,False,1947,False,False,cetirizine-fig2,False,-1.9418237644993843,,,,,False,cetirizine-fig2,False,-3.2413707853038134,,,,,False,CL10425_ClassicLiplux_Tinted_SPF30_0.15oz_secondary_v6p,False,-1.4673934098810686,,,,
H593-6b6f28c3059152ad0505c08d,OUTCOME-0285,5fe0ce14-bc11-4b43-b002-7efdca0d3003-04,c36d84d6c8d54c84a5f0b431f53eb8775569f16793018d5e6c57459cf8e20e49,4,already_correct,True,1,True,1,True,True,64f608b7-ad43-4395-b806-d4216175c8d3-02,False,-3.3984592734709347,,1,,,True,64f608b7-ad43-4395-b806-d4216175c8d3-02,False,-6.6773478384734695,,1,,,True,64f608b7-ad43-4395-b806-d4216175c8d3-02,False,-4.483517933857355,,1,,
H593-6c4ba020c70c5827dd7c5229,DIFFICULT-0024,406heb,876e9a6c8b596c741810be05ef83bc4037f224102f15277c78e9afa9a641a3ab,3,already_correct,True,1,True,1,True,True,CoughRelief Page 1,False,-4.736202101882037,,1,,,True,CoughRelief Page 1,False,-11.995944497346342,,1,,,True,CoughRelief Page 1,False,-5.412236746259452,,1,,
H593-6d972ef4236570a35bc4adf0,DIFFICULT-0086,cefdinir-fig2,b290b929d9999bcd5494b609bbacdaa3be248ff840ce6785cb1cb2438d245c13,0,already_correct,True,1,False,5,True,True,cefdinir-fig2,True,0.5547433817514498,1,1,0.5547433817514498,0,True,cefdinir-fig2,True,3.5813898602756518,1,1,3.5813898602756518,0,True,cefdinir-fig2,True,2.1780735338133828,1,1,2.1780735338133828,0
H593-6e81425780a0e9f03a924de4,OUTCOME-0721,cuvitru-19,d3d9e86636e760b3c7ab9d0366cce29c32d905942a4e7efc24b4feb559ccafdb,2,new_wrong_SWITCH,True,1,True,1,False,True,cuvitru-13,False,-2.017507148237239,,1,,,True,cuvitru-13,False,-3.5525024967705763,,1,,,True,cuvitru-13,False,-2.55987102763269,,1,,
H593-6eed4a007d0370e035410941,OUTCOME-0603,askindr carton,c13e6a469d26dd360022a4ba3af2d2bdbb230082c9e605b822c0f5806f9b9bc9,3,already_correct,True,1,False,2,True,True,askindr carton,True,1.8004296357555092,1,1,1.8004296357555092,0,True,askindr carton,True,7.0377080160701055,1,1,7.0377080160701055,0,True,askindr carton,True,2.790341968112446,1,1,2.790341968112446,0
H593-6f38112fbf3474ccf845534e,OUTCOME-0379,812-6e-mucus-dm,4a5e078a9d0335a17e0b19c90cc91b4eaf583fcc72663cf7441019d2f00d652a,3,already_correct,True,1,False,12,True,False,812-6e-mucus-dm,True,-0.07392239185379368,1,2,-0.07392239185379368,0,True,812-6e-mucus-dm,True,1.7663685480307834,1,1,1.7663685480307834,0,True,812-6e-mucus-dm,True,0.8799979886425489,1,1,0.8799979886425489,0
H593-6fbc0bd5cc7a6fdd5e33f290,OUTCOME-0357,77l96n1c1,f4cb26eef9646d6dfd71a5bdba8092d2e0f934cd5f8e9ffe627d7c9ba8444f36,1,already_correct,True,1,True,1,True,True,triamcinolone-cream-0-1-15-gm-carton,False,-3.5630958561803006,,1,,,True,triamcinolone-cream-0-1-15-gm-carton,False,-8.283511438940343,,1,,,True,clob-cream-emol-15g-carton,False,-4.060488158014499,,1,,
H593-6fd71aa96c47c72dff2bd2f2,DIFFICULT-0027,406heb,876e9a6c8b596c741810be05ef83bc4037f224102f15277c78e9afa9a641a3ab,3,already_correct,True,1,False,2,True,True,406heb,True,1.175283696262224,1,1,1.175283696262224,0,True,406heb,True,5.602118695034953,1,1,5.602118695034953,0,True,406heb,True,2.123359510897399,1,1,2.123359510897399,0
H593-7090a1ee7fe6811f7fd655ec,DIFFICULT-0098,com0n-0000-04,bf0eaa86ddfc9a7fbdb09ac2f6f0fd91e32036da44a8971649ba96ecb8aa1b71,1,wrong_RAW_and_challenger,True,1,False,16,False,False,com0n-0000-01,False,-1.4367556452269166,3,4,-2.776798214817463,0,False,com0n-0000-01,False,-2.2826520271450494,2,3,-5.3188556068993105,0,False,com0n-0000-01,False,0.3306340689629701,4,5,-1.724918569901388,0
H593-70d36e5f24cab2ddc78b38ea,OUTCOME-0330,766-e9-infants-pain-and-fever,8ad47f26cd065ca57d3a68d2c5f31cd9eeb977294c710ac87f6e9c84b24866ea,0,already_correct,True,1,True,1,True,True,apap-4oz-ifc,False,-2.694492331498646,,1,,,True,apap-4oz-ifc,False,-5.669475362481949,,1,,,True,AptaPharmaChildPainFever,False,-3.0121966778842406,,1,,
H593-715fe4641e960fade94872da,OUTCOME-0700,carton-1-gram-10-vial-pack-premier,90d7a704ad7bf679580bc4dbadbe13884f491d2e338402f4d4437c2ffd66ab93,2,already_correct,True,1,True,1,True,True,009,False,-5.634182209539301,,1,,,True,009,False,-12.710840250709754,,1,,,True,009,False,-7.133412706347316,,1,,
H593-71a8e729bc95ecbd6e4dbc1e,OUTCOME-0234,45-carton-ai,131b059227e8e198d5556d3c77a12b94efae9837ff4f020b91f223056c73465a,4,already_correct,True,1,True,1,True,True,avtozma-37,False,-4.170807362698791,,1,,,True,avtozma-37,False,-9.365569097815804,,1,,,True,avtozma-37,False,-4.661677635278323,,1,,
H593-71b6e21207e212b1665f9cc6,NDV2-005-P03,24 mg Comfor-trate Tab,5993f2caf420c9a99c193d33f748eea45f5c55ab4832c947913f7c005ada8f7b,0,already_correct,True,1,True,1,True,True,160 mg Comfor-trate Tab,False,-0.9586671345833692,,1,,,True,160 mg Comfor-trate Tab,False,-0.10358837158027856,,1,,,True,160 mg Comfor-trate Tab,False,-0.4678724905194148,,1,,
H593-71bb9528a8ed1a01bbcf03c2,OUTCOME-0409,964901_LR,1f59b78808c09c6bf68702306ba72c84cbbb75e1dfc61bab3c7f1b99aee3b17d,0,already_correct,True,1,True,1,True,True,50 & 100 Caplets_Page_2,False,-2.503318766760573,,1,,,True,50 & 100 Caplets_Page_2,False,-4.942397555180452,,1,,,True,50 & 100 Caplets_Page_2,False,-1.9809742931079104,,1,,
H593-72fa544dc79ae7a09a7d75c3,OUTCOME-0708,ciprofloxacin-ophthalmic-solution-2pt5ml-carton,86244889a9cf4aa3df9f971885f8dfcec40ce965b829d12b7deb1eb31c2e4e44,0,already_correct,True,1,True,1,True,True,cartonlabel10p5mL,False,-2.5452959968025706,,1,,,True,cartonlabel10p5mL,False,-5.1531569132424,,1,,,True,cartonlabel10p5mL,False,-2.6785900056635557,,1,,
H593-73779fe9c390b8d75b07f9fc,OUTCOME-0472,AlkaSeltzer_36,1efff5d5855cab66509977a0b8d496f45b9a66147726f1323cdd42a873075386,1,already_correct,True,1,True,1,True,True,AS_HR_LemonLime_Tablet_36ct_Ctn_r4 (002),False,-4.42194839008281,,1,,,True,AS_HR_LemonLime_Tablet_36ct_Ctn_r4 (002),False,-9.024105853802405,,1,,,True,AS_HR_LemonLime_Tablet_36ct_Ctn_r4 (002),False,-6.4288724181922525,,1,,
H593-74f8620ac02b6e6c2a64a722,OUTCOME-0530,SH230414C (250 ml Carton),67c564121b4c0847db261d818757e131684626ea0db83097a0e9610c7cf03222,4,correct_challenger_still_HOLD,True,1,False,2,False,False,SH230414C (250 ml Carton),True,-2.01351968846612,1,2,-2.01351968846612,0,False,SH230414C (250 ml Carton),True,-3.342220836219341,1,2,-3.342220836219341,0,False,Doraject injectable solution-100 mL Carton,False,-1.4557361089254555,3,4,-2.412785204012362,0
H593-75bb4e011323af524bb6c0a8,OUTCOME-0321,75 100s carton,27398dad6e577a6cdc7867303a9c586cdf14f835803381e1ac3586b1bec33c43,0,already_correct,True,1,True,1,True,True,gabapentin-100mg-cap1a,False,-3.1210499697889986,,1,,,True,gabapentin-100mg-cap1a,False,-7.363977529941803,,1,,,True,gabapentin-100mg-cap1a,False,-3.906368778119696,,1,,
H593-764058385070ed8371885b31,OUTCOME-0274,5fe0ce14-bc11-4b43-b002-7efdca0d3003-04,c36d84d6c8d54c84a5f0b431f53eb8775569f16793018d5e6c57459cf8e20e49,4,target_absent,False,0,False,1818,False,False,1100102 CF 200ct Swabs ART1200102A,False,-1.007923376119654,,,,,False,1100102 CF 200ct Swabs ART1200102A,False,-0.6942896486488453,,,,,False,1100102 CF 200ct Swabs ART1200102A,False,-0.3768295877256481,,,,
H593-772d4e717709ffb1faaa4751,OUTCOME-0781,mirataz-06,b769c5976cb5ff7ce3b894e9be1b36db00c2256a127a7bbb82bac0dfb917368d,2,already_correct,True,1,True,1,True,True,(BUX0ABS1)-Back-card,False,-2.5181647685705317,,1,,,True,(BUX0ABS1)-Back-card,False,-5.227312125228538,,1,,,True,(BUX0ABS1)-Back-card,False,-3.6626761678821884,,1,,
H593-781e579d26df1fa016a3b3b2,OUTCOME-0055,10 mL carton,caadf690e51b6ae8aa69d3ebfb189f9ae43f3e3bde9aadd83d79e71a9ed27df7,4,already_correct,True,1,True,1,True,True,50 mL Carton,False,-4.153140288162194,,1,,,True,50 mL Carton,False,-8.814870557318978,,1,,,True,50 mL Carton,False,-5.2210043404788395,,1,,
H593-78606a2dd4349afc3e93a5d4,DIFFICULT-0096,com0n-0000-04,bf0eaa86ddfc9a7fbdb09ac2f6f0fd91e32036da44a8971649ba96ecb8aa1b71,1,already_correct,True,1,True,1,True,True,com0n-0000-03,False,-1.5823362313304072,,1,,,True,com0n-0000-03,False,-2.421262252172311,,1,,,True,com0n-0000-03,False,-1.9047880674441222,,1,,
H593-78915e402bcb9f1d844cc49f,OUTCOME-0279,5fe0ce14-bc11-4b43-b002-7efdca0d3003-04,c36d84d6c8d54c84a5f0b431f53eb8775569f16793018d5e6c57459cf8e20e49,4,already_correct,True,1,True,1,True,True,64f608b7-ad43-4395-b806-d4216175c8d3-02,False,-1.1940692134360722,,1,,,True,64f608b7-ad43-4395-b806-d4216175c8d3-02,False,-1.252488121538156,,1,,,True,64f608b7-ad43-4395-b806-d4216175c8d3-02,False,-1.237857490989683,,1,,
H593-789352ff1b5b65e23c400aa3,OUTCOME-0733,dro0b-0001-04,0afd089c456e855f9466067a75179f94b4fb386831d044fd18ff0bcd22e0d3f4,2,correct_challenger_still_HOLD,True,1,False,2,False,False,dro0b-0001-04,True,-1.2403578169763296,1,2,-1.2403578169763296,0,False,dro0b-0001-04,True,-1.1644284629828054,1,2,-1.1644284629828054,0,False,dro0b-0001-04,True,-1.122243922878117,1,2,-1.122243922878117,0
H593-79ce3b4b2a924821dc8dc21a,OUTCOME-0094,1g7-17-allergy-nasal-spray,c7abd98eade15d0ac417dcdde657be6a64e3cb837a808045d084fee49bf7d2a4,3,already_correct,True,1,True,1,True,True,cvs-health-childrens-fluticasone-propionate-nasal-spray-carton-image,False,-1.837630135952871,,1,,,True,cvs-health-childrens-fluticasone-propionate-nasal-spray-carton-image,False,-3.095991771924866,,1,,,True,cvs-health-childrens-fluticasone-propionate-nasal-spray-carton-image,False,-2.109042550635417,,1,,
H593-7a2a329a01beb7a806b52b3e,OUTCOME-0576,alp0b-0002-29,1a231675f970ef17d8df9d796fcc4f991f31e3ecab14c9f45454f336dc22786a,0,correct_challenger_still_HOLD,True,1,False,2,False,False,alp0b-0002-29,True,-1.119886576083096,1,2,-1.119886576083096,0,False,alp0b-0002-29,True,-0.8730338870741048,1,2,-0.8730338870741048,0,False,alp0b-0002-29,True,-1.1164506867852821,1,2,-1.1164506867852821,0
H593-7b06dd98b68f8bb5cfaf5ee9,OUTCOME-0488,Anti-wrinkle EYE CREAM,c88cdb15edcd25a88595edf90f1fc3fef1e374c4e494fb4a4e8accfe55137d0a,1,already_correct,True,1,True,1,True,True,Bottle9,False,-4.1628915601795295,,1,,,True,Bottle9,False,-9.660332815438279,,1,,,True,Bottle8,False,-3.5350277269881185,,1,,
H593-7b7e5008423565e7dabb7046,OUTCOME-0758,kedbumin-02,a5cc6cd71cb98a23641d9032f2abdbe55a284b95eedc14e13d1ab9d93b7adc76,1,already_correct,True,1,True,1,True,True,76125-792-carton,False,-3.7263138619605694,,1,,,True,76125-792-carton,False,-8.522996161824526,,1,,,True,koate_500_IU,False,-3.9515528050962883,,1,,
H593-7bb65212a753515cfe27d488,OUTCOME-0473,AlkaSeltzer_36,1efff5d5855cab66509977a0b8d496f45b9a66147726f1323cdd42a873075386,1,target_absent,False,0,False,155,False,False,ASP Severe Cold Day Night PPF 24s,False,-1.7341032474542803,,,,,False,Tatcha 50 ML Back Panel,False,-2.478193270651157,,,,,False,Tatcha 50 ML Back Panel,False,-0.5172303007199012,,,,
H593-7bec97dabbf6cdb58e99fd1c,OUTCOME-0438,ASP Cough Mucus Congestion PMG 24ct,055e3d0a2ba828c5df95354fc5d80825fa129f679641c7a5ba585b5c8911a1f9,1,already_correct,True,1,False,2,True,True,ASP Cough Mucus Congestion PMG 24ct,True,0.31370655097614164,1,1,0.31370655097614164,0,True,ASP Cough Mucus Congestion PMG 24ct,True,2.9792829487801615,1,1,2.9792829487801615,0,True,ASP Cough Mucus Congestion PMG 24ct,True,2.028604452313701,1,1,2.028604452313701,0
H593-7c514d458a3698754aa405bc,OUTCOME-0435,ASP Cough Mucus Congestion PMG 24ct,055e3d0a2ba828c5df95354fc5d80825fa129f679641c7a5ba585b5c8911a1f9,1,correct_challenger_still_HOLD,True,1,False,2,False,False,ASP Cough Mucus Congestion PMG 24ct,True,-1.2870591112635321,1,2,-1.2870591112635321,0,False,ASP Cough Mucus Congestion PMG 24ct,True,-1.2928937737013293,1,2,-1.2928937737013293,0,False,ASP Cough Mucus Congestion PMG 24ct,True,-0.9730559214846212,1,2,-0.9730559214846212,0
H593-7c5d7856df1eaee4c5e9743d,OUTCOME-0753,kedbumin-02,a5cc6cd71cb98a23641d9032f2abdbe55a284b95eedc14e13d1ab9d93b7adc76,1,already_correct,True,1,True,1,True,True,76125-792-carton,False,-4.548541325850724,,1,,,True,76125-792-carton,False,-10.106253020756393,,1,,,True,76125-792-carton,False,-6.532140758697187,,1,,
H593-7c6edd0dd50c429fa6b1d952,OUTCOME-0492,AntifluDesbx,0748babacede700838aa4a895d8d3238fc567929c58d772ed17e063e9856bb96,2,already_correct,True,1,True,1,True,True,AntiFlu Tab BX-Engl-txt(j),False,-2.8509947436212597,,1,,,True,AntiFlu Tab BX-Engl-txt(j),False,-6.165250956682439,,1,,,True,cvs-44-546-ppch-1,False,-3.9855468980610036,,1,,
H593-7d06b1868b0027825f88ef1c,OUTCOME-0202,300000538_R-00_Final,f90fb756794a5ae5c68d05c56cb486456e64d83f751a66bbf1ddae3fcb43bb13,3,already_correct,True,1,False,2,True,True,300000538_R-00_Final,True,0.33705838755723305,1,1,0.33705838755723305,0,True,300000538_R-00_Final,True,3.430819409265507,1,1,3.430819409265507,0,True,300000538_R-00_Final,True,1.232656964543444,1,1,1.232656964543444,0
H593-7d0da05ef415f738c2552977,OUTCOME-0761,kedbumin-02,a5cc6cd71cb98a23641d9032f2abdbe55a284b95eedc14e13d1ab9d93b7adc76,1,already_correct,True,1,True,1,True,True,76125-792-carton,False,-4.295847120461295,,1,,,True,76125-792-carton,False,-9.616604424322153,,1,,,True,76125-792-carton,False,-6.069410456115424,,1,,
H593-7d8b07a3d2656655a4aca7bb,OUTCOME-0246,469584,4d5d4731b2c45171a86a8690a5b3a1819d26c3dd6226f61b0f9104c2f6f56484,2,already_correct,True,1,True,1,True,True,Carton Lube Eye,False,-3.0266459532410455,,1,,,True,Carton Lube Eye,False,-6.433487314672115,,1,,,True,pleo-muc-01,False,-3.375752809665947,,1,,
H593-7d98c429f6f7e1e10918800b,OUTCOME-0054,10 mL carton,caadf690e51b6ae8aa69d3ebfb189f9ae43f3e3bde9aadd83d79e71a9ed27df7,4,already_correct,True,1,True,1,True,True,50 mL Carton,False,-4.083199737864516,,1,,,True,50 mL Carton,False,-8.729099499749573,,1,,,True,50 mL Carton,False,-5.018906175459013,,1,,
H593-7dacd3aadc7a3c0857f02206,OUTCOME-0327,75 100s carton,27398dad6e577a6cdc7867303a9c586cdf14f835803381e1ac3586b1bec33c43,0,already_correct,True,1,True,1,True,True,carton-20mg-5cap,False,-1.867624127594303,,1,,,True,carton-20mg-5cap,False,-3.036182306231786,,1,,,True,carton-20mg-5cap,False,-0.7490801090255119,,1,,
H593-7e69370b1238d0d64a7652cd,OUTCOME-0602,askindr carton,c13e6a469d26dd360022a4ba3af2d2bdbb230082c9e605b822c0f5806f9b9bc9,3,already_correct,True,1,True,1,True,True,baoshimianshuang,False,-3.840098672500626,,1,,,True,baoshimianshuang,False,-8.763521174829728,,1,,,True,baoshimianshuang,False,-4.799282408272196,,1,,
H593-7e8b411c2369c244ad7087b2,OUTCOME-0402,83324304-60,dabd4e44228b0c3fe4d6e936d82cc48dbee71a26baad248be0f99f22cd2424cf,0,already_correct,True,1,True,1,True,True,Label7,False,-4.536800123770782,,1,,,True,Label7,False,-10.684076715948787,,1,,,True,containerlabel605,False,-6.017880215965194,,1,,
H593-7ee5e502bef1035c68e37c1a,OUTCOME-0323,75 100s carton,27398dad6e577a6cdc7867303a9c586cdf14f835803381e1ac3586b1bec33c43,0,already_correct,True,1,True,1,True,True,point25mgcarton,False,-5.840605580581364,,1,,,True,point25mgcarton,False,-15.12180670625544,,1,,,True,point25mgcarton,False,-7.267364801591183,,1,,
H593-7ef48aba809a41bdbf3bca77,OUTCOME-0097,1g7-17-allergy-nasal-spray,c7abd98eade15d0ac417dcdde657be6a64e3cb837a808045d084fee49bf7d2a4,3,correct_challenger_still_HOLD,True,1,False,3,False,False,1g7-17-allergy-nasal-spray,True,-1.2332685276100297,1,2,-1.2332685276100297,0,False,1g7-17-allergy-nasal-spray,True,-1.0988196543316402,1,2,-1.0988196543316402,0,False,1g7-17-allergy-nasal-spray,True,-1.1334650546533291,1,2,-1.1334650546533291,0
H593-7ef565e4b6b34418380c35a3,DIFFICULT-0057,bef4f237-ccb8-4d28-bfc2-41c511a17d7f-01,f16447b66992689bdb8350dadcb85602511b1bd2c18265a511e90bf7d2910d9c,1,already_correct,True,1,False,2,True,False,bef4f237-ccb8-4d28-bfc2-41c511a17d7f-01,True,-0.3708234453303598,1,2,-0.3708234453303598,0,True,bef4f237-ccb8-4d28-bfc2-41c511a17d7f-01,True,1.4491029479179431,1,1,1.4491029479179431,0,True,bef4f237-ccb8-4d28-bfc2-41c511a17d7f-01,True,0.905187190753669,1,1,0.905187190753669,0
H593-7f0d1bb3ad1b26bad23006b9,OUTCOME-0439,ASP Cough Mucus Congestion PMG 24ct,055e3d0a2ba828c5df95354fc5d80825fa129f679641c7a5ba585b5c8911a1f9,1,already_correct,True,1,False,2,True,False,ASP Cough Mucus Congestion PMG 24ct,True,-0.3984363001006809,1,2,-0.3984363001006809,0,True,ASP Cough Mucus Congestion PMG 24ct,True,1.5613803315149442,1,1,1.5613803315149442,0,True,ASP Cough Mucus Congestion PMG 24ct,True,1.2990815445402473,1,1,1.2990815445402473,0
H593-7f0f41ced5016535e6387661,OUTCOME-0106,1g7-17-allergy-nasal-spray,c7abd98eade15d0ac417dcdde657be6a64e3cb837a808045d084fee49bf7d2a4,3,correct_challenger_still_HOLD,True,1,False,2,False,False,1g7-17-allergy-nasal-spray,True,-1.0588588966652779,1,2,-1.0588588966652779,0,False,1g7-17-allergy-nasal-spray,True,-0.5761169021591198,1,2,-0.5761169021591198,0,False,1g7-17-allergy-nasal-spray,True,-0.9107071005434005,1,2,-0.9107071005434005,0
H593-7f2d9238a94e1a0d377e3c3d,NDV2-003-P02,160mgcarton,5993f2caf420c9a99c193d33f748eea45f5c55ab4832c947913f7c005ada8f7b,0,already_correct,True,1,True,1,True,True,16mgcarton,False,-1.189019242587257,,1,,,True,16mgcarton,False,-1.0897386890151852,,1,,,True,16mgcarton,False,-1.2288856319027803,,1,,
H593-7f660327bc71c144559f7752,OUTCOME-0444,ASP Cough Mucus Congestion PMG 24ct,055e3d0a2ba828c5df95354fc5d80825fa129f679641c7a5ba585b5c8911a1f9,1,already_correct,True,1,False,2,True,True,ASP Cough Mucus Congestion PMG 24ct,True,0.6341669345138512,1,1,0.6341669345138512,0,True,ASP Cough Mucus Congestion PMG 24ct,True,3.6965060427176493,1,1,3.6965060427176493,0,True,ASP Cough Mucus Congestion PMG 24ct,True,2.4431699069816144,1,1,2.4431699069816144,0
H593-7f9909762046898e336e4643,OUTCOME-0694,carton-1-gram-10-vial-pack-premier,90d7a704ad7bf679580bc4dbadbe13884f491d2e338402f4d4437c2ffd66ab93,2,already_correct,True,1,True,1,True,True,verapamil-fig3,False,-3.4031556764017394,,1,,,True,verapamil-fig3,False,-7.572838740723136,,1,,,True,chorulon-01,False,-4.393428445103856,,1,,
H593-80833abd79f8f663bae6168f,OUTCOME-0400,83324304-60,dabd4e44228b0c3fe4d6e936d82cc48dbee71a26baad248be0f99f22cd2424cf,0,already_correct,True,1,True,1,True,True,GasRelief.carton,False,-2.799635381014557,,1,,,True,GasRelief.carton,False,-6.163207401223335,,1,,,True,GasRelief.carton,False,-3.661119586177965,,1,,
H593-8084a71b01d9f785089e6ccd,OUTCOME-0699,carton-1-gram-10-vial-pack-premier,90d7a704ad7bf679580bc4dbadbe13884f491d2e338402f4d4437c2ffd66ab93,2,already_correct,True,1,True,1,True,True,der0k-0003-08,False,-3.2548875099528733,,1,,,True,der0k-0003-08,False,-6.526868841090275,,1,,,True,der0k-0003-08,False,-2.080504782698495,,1,,
H593-80c5e47b3fd61cde75299862,NDV2-011-P03,Bacitracin  14.2g 0.5oz carton label rev 09 2021,f136ca0b9c716fcae1884f370b2cc9c1a38f30e5a477d50097f50ecb3c76d60b,4,already_correct,True,1,True,1,True,True,Bacitracin Zinc Ointment USP Carton 1oz(28.4g) Rev 02-22,False,-2.4377803818571167,,1,,,True,Bacitracin Zinc Ointment USP Carton 1oz(28.4g) Rev 02-22,False,-4.596379600965494,,1,,,True,Bacitracin Zinc Ointment USP Carton 1oz(28.4g) Rev 02-22,False,-3.0900696129743714,,1,,
H593-81dbdb08652482bd8788ce02,OUTCOME-0135,200000002710_Final,5e1903b41967d7091402cde6aa7a4b83e5df5f58a2bef1439e218f802ca6cf53,4,already_correct,True,1,False,6,True,True,200000002710_Final,True,1.6631343776543297,1,1,1.6631343776543297,0,True,200000002710_Final,True,5.063930153611871,1,1,5.063930153611871,0,True,200000002710_Final,True,2.970544903188409,1,1,2.970544903188409,0
H593-820e5167c392828d4e579768,OUTCOME-0819,vetoryl-09,7abc0d7c0e302804a40dcf309dece25b925a424ae8a43fd70cd693d41ebfc54f,2,wrong_RAW_and_challenger,True,1,False,4,False,False,vetoryl-08,False,-1.177746464521498,2,3,-1.235002709017068,0,False,vetoryl-08,False,-1.0311155901016464,2,3,-1.1883671637784374,0,False,vetoryl-08,False,-1.119966889146509,2,3,-1.1462933505924229,0
H593-8266ebf78426769d3bbbec9c,OUTCOME-0764,kedbumin-02,a5cc6cd71cb98a23641d9032f2abdbe55a284b95eedc14e13d1ab9d93b7adc76,1,already_correct,True,1,True,1,True,True,76125-792-carton,False,-4.487386525824224,,1,,,True,76125-792-carton,False,-9.967163737650756,,1,,,True,76125-792-carton,False,-6.36212547879563,,1,,
H593-8285fd5984e94e029faac844,OUTCOME-0201,300000538_R-00_Final,f90fb756794a5ae5c68d05c56cb486456e64d83f751a66bbf1ddae3fcb43bb13,3,already_correct,True,1,True,1,True,True,F111301CAR_R0,False,-1.6200487329739834,,1,,,True,F111301CAR_R0,False,-2.0866905732810075,,1,,,True,F111301CAR_R0,False,-1.3215349536237662,,1,,
H593-82accb6320d90d4f40f6aee3,OUTCOME-0712,ciprofloxacin-ophthalmic-solution-2pt5ml-carton,86244889a9cf4aa3df9f971885f8dfcec40ce965b829d12b7deb1eb31c2e4e44,0,already_correct,True,1,True,1,True,True,cartonlabel15mL,False,-3.58184211231015,,1,,,True,cartonlabel15mL,False,-8.517479618883993,,1,,,True,topotecan-1-mg-per-ml-carton,False,-3.5496964013201286,,1,,
H593-83ae5f0f0c0328c63ca8ba2c,OUTCOME-0656,bb morning carton,48c57d44808de17cdd8b52db0f71a5a8fbbf9d2f4ab10a1751ec128aed4a3ff5,4,already_correct,True,1,True,1,True,True,bb-cream-01,False,-7.736475693701786,,1,,,True,bb-cream-01,False,-17.431597865413853,,1,,,True,bb-cream-01,False,-8.98811519511727,,1,,
H593-83c5074ae46b2bcd08002e11,OUTCOME-0313,6941714017-1,69e8433234f6613d539957d8cd900a9503c3e7bceb31e12adec7cfa0adc6368b,0,already_correct,True,1,True,1,True,True,creme-03,False,-6.8490283063693,,1,,,True,Tatcha 50 ML PDP,False,-17.084015586471406,,1,,,True,creme-03,False,-8.43273674285338,,1,,
H593-846e1664026a641b27c25c21,OUTCOME-0652,bb morning carton,48c57d44808de17cdd8b52db0f71a5a8fbbf9d2f4ab10a1751ec128aed4a3ff5,4,already_correct,True,1,True,1,True,True,bbx06-0000-01,False,-6.49109750312656,,1,,,True,bbx06-0000-01,False,-14.899634759140321,,1,,,True,bbx06-0000-01,False,-7.468330397133011,,1,,
H593-8471180120a9a4d1308aa35b,OUTCOME-0748,int07-0006-04,30a739efc9fa2fbc6556b4a23a5b909fd205591b6158bb099a4dd09818a8f35e,3,wrong_RAW_and_challenger,True,1,False,4,False,False,int07-0006-08,False,-1.3606897726456237,2,3,-1.3732294227672266,0,False,int07-0006-08,False,-1.533742439400875,2,3,-1.5865900097369847,0,False,int07-0006-08,False,-1.3609453363876953,2,3,-1.3963670848822054,0
H593-856f6cccd12a19abbefd0068,OUTCOME-0791,mirataz-06,b769c5976cb5ff7ce3b894e9be1b36db00c2256a127a7bbb82bac0dfb917368d,2,already_correct,True,1,True,1,True,True,bacitracin.carton,False,-5.163440613834676,,1,,,True,bacitracin.carton,False,-11.745921575865664,,1,,,True,bacitracin.carton,False,-4.524850530229829,,1,,
H593-85ad4b95b4f6fc8b44843023,OUTCOME-0312,6941714017-1,69e8433234f6613d539957d8cd900a9503c3e7bceb31e12adec7cfa0adc6368b,0,already_correct,True,1,True,1,True,True,belif The true cream aqua bomb sunscreen SPF 50,False,-5.592145431015599,,1,,,True,belif The true cream aqua bomb sunscreen SPF 50,False,-14.310223509547917,,1,,,True,belif The true cream aqua bomb sunscreen SPF 50,False,-7.040327222608584,,1,,
H593-86dacdfaa7e49eed6c7701bc,OUTCOME-0627,athletes-01,ef7d75f57f11d1174b60813355c0cf7d7dce1009b41f2c7a54cf612906b3dea7,4,already_correct,True,1,True,1,True,True,hemorrhoidal-cooling-gel,False,-7.06714582258717,,1,,,True,hemorrhoidal-cooling-gel,False,-15.76453301825329,,1,,,True,hemorrhoidal-cooling-gel,False,-8.305860508740968,,1,,
H593-873815a4220226b46cf86099,OUTCOME-0347,77l96n1c1,f4cb26eef9646d6dfd71a5bdba8092d2e0f934cd5f8e9ffe627d7c9ba8444f36,1,already_correct,True,1,False,9,True,False,77l96n1c1,True,-0.730610154563479,1,2,-0.730610154563479,0,False,77l96n1c1,True,-0.17431773572506581,1,2,-0.17431773572506581,0,True,77l96n1c1,True,1.126566559525639,1,1,1.126566559525639,0
H593-87ac2a4b8bc60542af7bf709,OUTCOME-0244,469584,4d5d4731b2c45171a86a8690a5b3a1819d26c3dd6226f61b0f9104c2f6f56484,2,already_correct,True,1,True,1,True,True,irritated-eye-drops-1,False,-3.403188439046721,,1,,,True,irritated-eye-drops-1,False,-7.393251040101609,,1,,,True,irritated-eye-drops-1,False,-4.0926262419342505,,1,,
H593-89f858095a471767364e3a86,OUTCOME-0096,1g7-17-allergy-nasal-spray,c7abd98eade15d0ac417dcdde657be6a64e3cb837a808045d084fee49bf7d2a4,3,locked_wrong_SWITCH,True,1,False,4,False,False,cvs-health-childrens-fluticasone-propionate-nasal-spray-carton-image,False,0.8126795630937085,4,4,0.39669680603274293,0,False,cvs-health-childrens-fluticasone-propionate-nasal-spray-carton-image,False,4.793760118215486,4,4,3.718892957264871,0,False,cvs-health-childrens-fluticasone-propionate-nasal-spray-carton-image,False,1.6915277190215294,4,4,1.1813255026182106,0
H593-8a0c8f3872f6604400a4f5a3,OUTCOME-0766,lox01-0004-14,2aa1e6c4bb63c1bf91f9200ac8983a2fdb8a3d86fcbc58c5f88c921023045af6,1,already_correct,True,1,True,1,True,True,ost01-0006-12,False,-1.8704402254451582,,1,,,True,ost01-0006-12,False,-2.953972529943518,,1,,,True,ent03-0003-03,False,-0.3562321633957899,,1,,
H593-8a536eb4afa1e192028304cb,OUTCOME-0736,dro0b-0001-04,0afd089c456e855f9466067a75179f94b4fb386831d044fd18ff0bcd22e0d3f4,2,already_correct,True,1,True,1,True,True,dro0b-0001-03,False,-1.3719463323356351,,1,,,True,dro0b-0001-03,False,-1.4477736441800106,,1,,,True,dro0b-0001-03,False,-1.1931547160366727,,1,,
H593-8b7ecf77a17bdcf3073f645c,OUTCOME-0376,812-6e-mucus-dm,4a5e078a9d0335a17e0b19c90cc91b4eaf583fcc72663cf7441019d2f00d652a,3,already_correct,True,1,False,6,True,True,812-6e-mucus-dm,True,1.2826904885666301,1,1,1.2826904885666301,0,True,812-6e-mucus-dm,True,5.4914122373808425,1,1,5.4914122373808425,0,True,812-6e-mucus-dm,True,2.270869897200593,1,1,2.270869897200593,0
H593-8bb2544752c9d69209d15c50,OUTCOME-0818,vetoryl-09,7abc0d7c0e302804a40dcf309dece25b925a424ae8a43fd70cd693d41ebfc54f,2,correct_challenger_still_HOLD,True,1,False,2,False,False,vetoryl-09,True,-1.252775622541084,1,2,-1.252775622541084,0,False,vetoryl-09,True,-1.248721140258413,1,2,-1.248721140258413,0,False,vetoryl-09,True,-1.2426573725954149,1,2,-1.2426573725954149,0
H593-8cfc3f4dd768e6bfd60f2810,OUTCOME-0107,1g7-17-allergy-nasal-spray,c7abd98eade15d0ac417dcdde657be6a64e3cb837a808045d084fee49bf7d2a4,3,correct_challenger_still_HOLD,True,1,False,2,False,False,1g7-17-allergy-nasal-spray,True,-1.3674298379637972,1,2,-1.3674298379637972,0,False,1g7-17-allergy-nasal-spray,True,-1.5449940074370316,1,2,-1.5449940074370316,0,False,1g7-17-allergy-nasal-spray,True,-1.3391561470392912,1,2,-1.3391561470392912,0
H593-8d6854acb79630102d79485a,OUTCOME-0779,mirataz-06,b769c5976cb5ff7ce3b894e9be1b36db00c2256a127a7bbb82bac0dfb917368d,2,already_correct,True,1,True,1,True,True,simplera-04,False,-6.936919785216916,,1,,,True,simplera-04,False,-17.246486305080346,,1,,,True,simplera-04,False,-7.870471682019204,,1,,
H593-8de398eccd35d2516c677aaa,OUTCOME-0287,60mg carton,4a0922400b8dd80a6d357c67cf3585d8c5a63b87415f063eab4e2dd7a5643fae,1,already_correct,True,1,True,1,True,True,bupivacainehclinjection0757510mlcartonlabel,False,-2.7778828065123387,,1,,,True,bupivacainehclinjection0757510mlcartonlabel,False,-5.201109061685129,,1,,,True,bupivacainehclinjection0757510mlcartonlabel,False,-1.3079835483346995,,1,,
H593-8dfa0524053f87e724996a9e,DIFFICULT-0000,350 label,ff5ec2587aa3b0cdf9f678e20f8a78ed21590c17b5931d4adc290fe15bf09b84,3,already_correct,True,1,True,1,True,True,342 label,False,-4.7021521668645425,,1,,,True,342 label,False,-11.05827345774252,,1,,,True,342 label,False,-5.669076792652922,,1,,
H593-8f096c4d02544b0511563036,OUTCOME-0292,60mg carton,4a0922400b8dd80a6d357c67cf3585d8c5a63b87415f063eab4e2dd7a5643fae,1,already_correct,True,1,True,1,True,True,enox-60mg-ht-carton-v2,False,-4.25957026365225,,1,,,True,enox-60mg-ht-carton-v2,False,-8.427062748032503,,1,,,True,enox-60mg-ht-carton-v2,False,-6.304262949004805,,1,,
H593-8f781475641ffa2c1fa69d45,OUTCOME-0491,AntifluDesbx,0748babacede700838aa4a895d8d3238fc567929c58d772ed17e063e9856bb96,2,already_correct,True,1,True,1,True,True,Cabinet Cought travel carton,False,-2.7247154941620533,,1,,,True,Cabinet Cought travel carton,False,-5.034200321063006,,1,,,True,Cabinet Cought travel carton,False,-1.9080852390972884,,1,,
H593-8f8d5f7b173a9997dbb55c20,OUTCOME-0199,300000538_R-00_Final,f90fb756794a5ae5c68d05c56cb486456e64d83f751a66bbf1ddae3fcb43bb13,3,target_absent,False,0,False,2749,False,False,Buscolicos,False,-0.9839895788205972,,,,,False,Buscolicos,False,-0.28487380224803216,,,,,False,Buscolicos,False,-0.4078181615189128,,,,
H593-901d8e16d1938d576207e589,DIFFICULT-0031,5377c041-b6fc-4dde-ac96-bd9e4e94e456-10,da3eaa29e19bcc9bd6181db13c258df73a34d84bc20cb67ca147824a6fc4abe5,2,already_correct,True,1,True,1,True,True,4fc7e152-1d4e-489d-bd00-0b00338b8eba-02,False,-4.376558549887419,,1,,,True,4fc7e152-1d4e-489d-bd00-0b00338b8eba-02,False,-9.908178819525002,,1,,,True,4fc7e152-1d4e-489d-bd00-0b00338b8eba-02,False,-5.730118254295499,,1,,
H593-90acde9b0567a472f4232120,DIFFICULT-0083,cefdinir-fig2,b290b929d9999bcd5494b609bbacdaa3be248ff840ce6785cb1cb2438d245c13,0,already_correct,True,1,False,2,True,True,cefdinir-fig2,True,1.18908266579066,1,1,1.18908266579066,0,True,cefdinir-fig2,True,5.3889149997456585,1,1,5.3889149997456585,0,True,cefdinir-fig2,True,2.8397156392105156,1,1,2.8397156392105156,0
H593-913ec852ccd620d36cfbe8d5,DIFFICULT-0040,734-uw-mint-mini-nicotine-lozenge,a7e2eb3376d106cbd8cfa0ddaf20047219e210af69c8abeada87a180f2a8e2a9,1,already_correct,True,1,True,1,True,True,members-mark-nicotine-lozenges-cherry-ice-carton-image-1,False,-2.998516711134566,,1,,,True,members-mark-nicotine-lozenges-cherry-ice-carton-image-1,False,-5.866234765177539,,1,,,True,CVS Honey Lemon Benzocaine 18ct,False,-4.276891409812864,,1,,
H593-928c2091183fb7bc5e8d8c76,OUTCOME-0632,athletes-01,ef7d75f57f11d1174b60813355c0cf7d7dce1009b41f2c7a54cf612906b3dea7,4,already_correct,True,1,True,1,True,True,box25g,False,-6.216220378007207,,1,,,True,box25g,False,-12.948790991066762,,1,,,True,box25g,False,-7.531473939668615,,1,,
H593-93bb466d99aefd144ec856ee,OUTCOME-0318,75 100s carton,27398dad6e577a6cdc7867303a9c586cdf14f835803381e1ac3586b1bec33c43,0,already_correct,True,1,True,1,True,True,dexedrine-dextroamphetamine-sulfate-spansule-susta-7,False,-3.5735990453092152,,1,,,True,dexedrine-dextroamphetamine-sulfate-spansule-susta-7,False,-8.532164592663893,,1,,,True,dexedrine-dextroamphetamine-sulfate-spansule-susta-7,False,-2.0468787183837103,,1,,
H593-94c8aface219e35791ceaea6,OUTCOME-0697,carton-1-gram-10-vial-pack-premier,90d7a704ad7bf679580bc4dbadbe13884f491d2e338402f4d4437c2ffd66ab93,2,already_correct,True,1,True,1,True,True,009,False,-2.0207162237618297,,1,,,True,009,False,-3.2187207232070545,,1,,,True,009,False,-1.6636396689353274,,1,,
H593-94f0441d80c908de395777ea,OUTCOME-0532,SH230414C (250 ml Carton),67c564121b4c0847db261d818757e131684626ea0db83097a0e9610c7cf03222,4,correct_challenger_still_HOLD,True,1,False,2,False,False,SH230414C (250 ml Carton),True,-1.4622229545976122,1,2,-1.4622229545976122,0,False,SH230414C (250 ml Carton),True,-1.8091380124549405,1,2,-1.8091380124549405,0,False,Doraject injectable solution-100 mL Carton,False,-0.9551307914743707,3,4,-1.4073415573379673,0
H593-9567a5b390df83a314dbfab1,OUTCOME-0365,80mg-cart-np,f15f4acea549124570f8e5b5e20c5575b2b6e0d49386891fe5a7552afc90436f,0,already_correct,True,1,True,1,True,True,docetaxel-injection-spl-carton-2ml,False,-4.221227501634747,,1,,,True,docetaxel-injection-spl-carton-2ml,False,-9.521345073963138,,1,,,True,docetaxel-injection-spl-carton-2ml,False,-5.858256225307381,,1,,
H593-95b957426a8c934b0bb6e8c5,OUTCOME-0102,1g7-17-allergy-nasal-spray,c7abd98eade15d0ac417dcdde657be6a64e3cb837a808045d084fee49bf7d2a4,3,already_correct,True,1,True,1,True,True,cvs-health-childrens-fluticasone-propionate-nasal-spray-carton-image,False,-2.007116758021494,,1,,,True,cvs-health-childrens-fluticasone-propionate-nasal-spray-carton-image,False,-3.614957396664371,,1,,,True,cvs-health-childrens-fluticasone-propionate-nasal-spray-carton-image,False,-2.313204975230911,,1,,
H593-9609a1ade70bc285b43d714c,OUTCOME-0698,carton-1-gram-10-vial-pack-premier,90d7a704ad7bf679580bc4dbadbe13884f491d2e338402f4d4437c2ffd66ab93,2,already_correct,True,1,True,1,True,True,009,False,-3.2811793491503014,,1,,,True,020,False,-6.817707996413955,,1,,,True,piptazo3c,False,-3.309100454113665,,1,,
H593-960ffe9ce8453f803f0d7069,NDV2-003-P03,160mgcarton,5993f2caf420c9a99c193d33f748eea45f5c55ab4832c947913f7c005ada8f7b,0,already_correct,True,1,True,1,True,True,16mgcarton,False,-1.216316558305861,,1,,,True,16mgcarton,False,-1.1888169298532172,,1,,,True,16mgcarton,False,-1.2844406403135635,,1,,
H593-96b120672ad18ee05520c1c2,NDV2-007-P02,45mg PFS CArton,e5b4f86a4d49af3ede0ecdd200dfae35f36ef1fb29c77d00e2fc254648085e0e,0,already_correct,True,1,True,1,True,True,avtozma-37,False,-5.121201221574182,,1,,,True,130mg vial carton (1),False,-11.859352996664857,,1,,,True,avtozma-37,False,-6.71637022028767,,1,,
H593-9758eb12de9aee217daf447c,DIFFICULT-0090,cefdinir-fig2,b290b929d9999bcd5494b609bbacdaa3be248ff840ce6785cb1cb2438d245c13,0,already_correct,True,1,True,1,True,True,cefdinir-fig3,False,-3.1467081984456335,,1,,,True,cefdinir-fig3,False,-6.902720167224167,,1,,,True,cefdinir-fig3,False,-4.530317609807197,,1,,
H593-978cc9932e208401b21a7478,OUTCOME-0355,77l96n1c1,f4cb26eef9646d6dfd71a5bdba8092d2e0f934cd5f8e9ffe627d7c9ba8444f36,1,already_correct,True,1,True,1,True,True,fluorouracil-carton,False,-3.5749340700930152,,1,,,True,fluorouracil-carton,False,-7.889643931544599,,1,,,True,fluorouracil-carton,False,-2.9410519361659366,,1,,
H593-978f4b594ec67d209cdfd758,OUTCOME-0704,ciprofloxacin-ophthalmic-solution-2pt5ml-carton,86244889a9cf4aa3df9f971885f8dfcec40ce965b829d12b7deb1eb31c2e4e44,0,already_correct,True,1,True,1,True,True,tafluprost-06,False,-1.1439452967801622,,1,,,True,tafluprost-06,False,-0.8547344125623366,,1,,,False,tafluprost-06,False,0.0855311779109229,,2,,
H593-979d4429602e6c4a69aa6724,OUTCOME-0585,anti caries toothpaste carton,fa72f98eeda7c16b4963aa2c9a26bb7b6da07062d61f1935ff18b1204cf99a43,4,already_correct,True,1,True,1,True,True,cleaner toothpaste carton,False,-3.096923577630432,,1,,,True,cleaner toothpaste carton,False,-6.202562741687612,,1,,,True,cleaner toothpaste carton,False,-3.5138816787099216,,1,,
H593-999f83e11a6c2a0fac269ff5,DIFFICULT-0033,5377c041-b6fc-4dde-ac96-bd9e4e94e456-10,da3eaa29e19bcc9bd6181db13c258df73a34d84bc20cb67ca147824a6fc4abe5,2,already_correct,True,1,True,1,True,True,DDM diclofenac carton label,False,-5.868664433031478,,1,,,True,clobetasol-propionate-topical-solution-carton,False,-13.664162019303367,,1,,,True,DDM diclofenac carton label,False,-6.92525355651454,,1,,
H593-9a4d47022d3146e0af92e33f,OUTCOME-0404,964901_LR,1f59b78808c09c6bf68702306ba72c84cbbb75e1dfc61bab3c7f1b99aee3b17d,0,already_correct,True,1,True,1,True,True,pain-relief-pm-01,False,-4.474711732648171,,1,,,True,pain-relief-pm-01,False,-10.52410458720835,,1,,,True,pain-relief-pm-01,False,-6.060549915399909,,1,,
H593-9adc04030a70fadc516c205a,OUTCOME-0412,964901_LR,1f59b78808c09c6bf68702306ba72c84cbbb75e1dfc61bab3c7f1b99aee3b17d,0,target_absent,False,0,False,1017,False,False,ASP PFF Cold_20ct_Ctn1,False,-1.5561332892079522,,,,,False,ASP PFF Cold_20ct_Ctn1,False,-2.136294231157086,,,,,False,ASP PFF Cold_20ct_Ctn1,False,-0.11974701805038901,,,,
H593-9b0fe03a3633ed99ecc96e21,OUTCOME-0630,athletes-01,ef7d75f57f11d1174b60813355c0cf7d7dce1009b41f2c7a54cf612906b3dea7,4,already_correct,True,1,True,1,True,True,5437808_RiteAid_Tolnaftate_CARTON,False,-4.095057044817895,,1,,,True,5437808_RiteAid_Tolnaftate_CARTON,False,-8.579041644380903,,1,,,True,5437808_RiteAid_Tolnaftate_CARTON,False,-5.380841577623283,,1,,
H593-9b681db8e5117d318b40d460,DIFFICULT-0032,5377c041-b6fc-4dde-ac96-bd9e4e94e456-10,da3eaa29e19bcc9bd6181db13c258df73a34d84bc20cb67ca147824a6fc4abe5,2,already_correct,True,1,True,1,True,True,08835 GN Lidocaine Pain Relief Spray,False,-4.083034847822653,,1,,,True,60 spray,False,-9.121751495827253,,1,,,True,60 spray,False,-3.6913233895237267,,1,,
H593-9bb742601df8e97873473bfd,OUTCOME-0308,6941714017-1,69e8433234f6613d539957d8cd900a9503c3e7bceb31e12adec7cfa0adc6368b,0,already_correct,True,1,True,1,True,True,Tatcha 50 ML PDP,False,-4.269648993021953,,1,,,True,Tatcha 50 ML PDP,False,-9.691009660176446,,1,,,True,Tatcha 50 ML PDP,False,-5.911517538123789,,1,,
H593-9bea68f2367dffd8339109ca,OUTCOME-0405,964901_LR,1f59b78808c09c6bf68702306ba72c84cbbb75e1dfc61bab3c7f1b99aee3b17d,0,target_absent,False,0,False,331,False,False,Cabinet Cought travel carton,False,1.0323331283585908,,,,,False,Cabinet Cought travel carton,False,4.98897413349297,,,,,False,Cabinet Cought travel carton,False,2.6630077635497003,,,,
H593-9c0aaa63096534849ab64b8c,OUTCOME-0597,askindr carton,c13e6a469d26dd360022a4ba3af2d2bdbb230082c9e605b822c0f5806f9b9bc9,3,already_correct,True,1,True,1,True,True,baoshimianshuang,False,-4.466832640961409,,1,,,True,baoshimianshuang,False,-11.460975643415923,,1,,,True,baoshimianshuang,False,-5.166691365061387,,1,,
H593-9c93b71a9b46da8e1ed6f3db,OUTCOME-0568,alp0b-0002-29,1a231675f970ef17d8df9d796fcc4f991f31e3ecab14c9f45454f336dc22786a,0,already_correct,True,1,True,1,True,True,alp0b-0002-27,False,-1.0376497518844825,,1,,,True,alp0b-0002-27,False,-0.597986343957336,,1,,,True,alp0b-0002-27,False,-0.9441673628380288,,1,,
H593-9ca7dde32b05ab798ccbfa8f,NDV2-002-P03,160 mg Comfor-trate Tab,5993f2caf420c9a99c193d33f748eea45f5c55ab4832c947913f7c005ada8f7b,0,already_correct,True,1,True,1,True,True,60 mg Comfor-trate Tab,False,-1.4324520209656026,,1,,,True,60 mg Comfor-trate Tab,False,-1.8817235941669193,,1,,,True,60 mg Comfor-trate Tab,False,-1.6309393786878417,,1,,
H593-9d32a43e7529d136a5b58964,OUTCOME-0432,A41(1),6041aa5f85f4424e5ea88d82fcb2c3a2efe067770270d57d823d934e313867bf,3,already_correct,True,1,True,1,True,True,A50(1),False,-3.6647949168238068,,1,,,True,A50(1),False,-8.626876291752348,,1,,,True,A50(1),False,-4.293038367003914,,1,,
H593-9d9064b348467a8bd0f8b9e3,OUTCOME-0801,tul01-0001-02,d03ec6170d58ac2d6198068ac9aa233411e9b70ad6019840f643fdabcc4a9adf,3,already_correct,True,1,True,1,True,True,SH230414C (250 ml Carton),False,-3.2288033336565967,,1,,,True,SH230414C (250 ml Carton),False,-7.242869035571863,,1,,,True,SH230414C (250 ml Carton),False,-3.9643024215011033,,1,,
H593-9daaa4e49269fe8b0df59c8c,OUTCOME-0599,askindr carton,c13e6a469d26dd360022a4ba3af2d2bdbb230082c9e605b822c0f5806f9b9bc9,3,already_correct,True,1,True,1,True,True,AQUTOP DRAFT LABEL,False,-4.890475504997576,,1,,,True,AQUTOP DRAFT LABEL,False,-11.731150839228725,,1,,,True,AQUTOP DRAFT LABEL,False,-5.8422057142916355,,1,,
H593-9ed31ed09c4b3cb0fa797e4b,DIFFICULT-0004,350 label,ff5ec2587aa3b0cdf9f678e20f8a78ed21590c17b5931d4adc290fe15bf09b84,3,already_correct,True,1,True,1,True,True,340 label,False,-0.8230341161085444,,1,,,False,340 label,False,0.1940169244344161,,2,,,True,340 label,False,-0.08052819539529876,,1,,
H593-9ed878a775d721d5d77a491d,DIFFICULT-0054,bef4f237-ccb8-4d28-bfc2-41c511a17d7f-01,f16447b66992689bdb8350dadcb85602511b1bd2c18265a511e90bf7d2910d9c,1,already_correct,True,1,True,1,True,True,carton front,False,-5.1896389897681665,,1,,,True,carton front,False,-10.58240069699037,,1,,,True,cvs-44-453---nasal-decongestant-1,False,-7.207897430972507,,1,,
H593-9ef1d8c2590d6487518c2d18,OUTCOME-0161,2021 Lice Freee!_6ozPOP R2a,162fd69cd74c8e3f1f06ce6bb5fec631f657a623f060862dbcc70a39fc026e96,3,already_correct,True,1,True,1,True,True,Unit Carton,False,-4.404585005185129,,1,,,True,D3312W,False,-10.981873090808481,,1,,,True,Unit Carton,False,-4.764908270474743,,1,,
H593-9f8dd01155f74649239042a7,OUTCOME-0171,2021 Lice Freee!_6ozPOP R2a,162fd69cd74c8e3f1f06ce6bb5fec631f657a623f060862dbcc70a39fc026e96,3,already_correct,True,1,True,1,True,True,2021KillsSuperLice_LicefreeKit R3_Page_1,False,-3.151526294658483,,1,,,True,2021KillsSuperLice_LicefreeKit R3_Page_1,False,-7.156489843812146,,1,,,True,2021KillsSuperLice_LicefreeKit R3_Page_1,False,-3.8935190947931018,,1,,
H593-9f91daf2068d31d6a3605a12,OUTCOME-0167,2021 Lice Freee!_6ozPOP R2a,162fd69cd74c8e3f1f06ce6bb5fec631f657a623f060862dbcc70a39fc026e96,3,already_correct,True,1,True,1,True,True,cartons,False,-3.826357480446574,,1,,,True,cartons,False,-8.678582729096217,,1,,,True,anti hair shampoo,False,-4.383136941937854,,1,,
H593-a04fed19b50c1df3dfaa07e3,OUTCOME-0196,300000538_R-00_Final,f90fb756794a5ae5c68d05c56cb486456e64d83f751a66bbf1ddae3fcb43bb13,3,already_correct,True,1,True,1,True,True,F1192B04CAR_R0,False,-4.969979987402209,,1,,,True,F1192B04CAR_R0,False,-11.89857419824505,,1,,,True,F1192B04CAR_R0,False,-5.923558405817581,,1,,
H593-a05ecc9947c81d4eb4b6ee3b,OUTCOME-0691,carton-1-gram-10-vial-pack-premier,90d7a704ad7bf679580bc4dbadbe13884f491d2e338402f4d4437c2ffd66ab93,2,already_correct,True,1,True,1,True,True,020,False,-1.1945303149722442,,1,,,True,020,False,-0.7858773779229326,,1,,,False,020,False,0.08073515599307535,,2,,
H593-a0c47eb239ac25d662c34c18,OUTCOME-0534,SH230414C (250 ml Carton),67c564121b4c0847db261d818757e131684626ea0db83097a0e9610c7cf03222,4,correct_challenger_still_HOLD,True,1,False,2,False,False,SH230414C (250 ml Carton),True,-1.162817060885514,1,2,-1.162817060885514,0,False,SH230414C (250 ml Carton),True,-1.0345237122084545,1,2,-1.0345237122084545,0,False,SH230414C (250 ml Carton),True,-0.9747302080754059,1,2,-0.9747302080754059,0
H593-a0d714dbbee06d9907f4d20e,OUTCOME-0306,6941714017-1,69e8433234f6613d539957d8cd900a9503c3e7bceb31e12adec7cfa0adc6368b,0,already_correct,True,1,True,1,True,True,Tatcha 50 ML PDP,False,-2.690186788140208,,1,,,True,Tatcha 50 ML PDP,False,-5.868285940160632,,1,,,True,baoshimianshuang,False,-2.4050708896594113,,1,,
H593-a114ff1f00cbc465a5ace6d8,OUTCOME-0160,2021 Lice Freee!_6ozPOP R2a,162fd69cd74c8e3f1f06ce6bb5fec631f657a623f060862dbcc70a39fc026e96,3,already_correct,True,1,True,1,True,True,2021 LF UF Kit R11A new,False,-4.740667004836084,,1,,,True,2021 LF UF Kit R11A new,False,-11.039201797451526,,1,,,True,2021 LF UF Kit R11A new,False,-5.7231601743106495,,1,,
H593-a1bceaf731739690029b37c4,OUTCOME-0715,ciprofloxacin-ophthalmic-solution-2pt5ml-carton,86244889a9cf4aa3df9f971885f8dfcec40ce965b829d12b7deb1eb31c2e4e44,0,already_correct,True,1,True,1,True,True,cartonlabel15mL,False,-2.501243583868376,,1,,,True,cartonlabel15mL,False,-5.1353282422309565,,1,,,True,cartonlabel15mL,False,-2.727448477074307,,1,,
H593-a1daf11a61705b1051217902,OUTCOME-0604,askindr carton,c13e6a469d26dd360022a4ba3af2d2bdbb230082c9e605b822c0f5806f9b9bc9,3,already_correct,True,1,True,1,True,True,an adc sp intensive wrinkle carton,False,-4.952258905057692,,1,,,True,an adc sp intensive wrinkle carton,False,-12.271024157828375,,1,,,True,an adc sp intensive wrinkle carton,False,-5.825734136310062,,1,,
H593-a20c04fa7e2500016ce114e2,DIFFICULT-0052,bef4f237-ccb8-4d28-bfc2-41c511a17d7f-01,f16447b66992689bdb8350dadcb85602511b1bd2c18265a511e90bf7d2910d9c,1,already_correct,True,1,True,1,True,True,cvs-44-453485-1,False,-5.078625188123018,,1,,,True,cvs-44-453485-1,False,-11.90177332259499,,1,,,True,cvs-44-453485-1,False,-6.904746335516922,,1,,
H593-a2c507612d213253be128e81,OUTCOME-0474,AlkaSeltzer_36,1efff5d5855cab66509977a0b8d496f45b9a66147726f1323cdd42a873075386,1,wrong_RAW_and_challenger,True,1,False,3,False,False,ASP Severe Cold Day Night PPF 24s,False,-1.5315649575944854,2,3,-1.6588557559596266,0,False,ASP Severe Cold Day Night PPF 24s,False,-1.6848894358912636,2,3,-2.420351566212373,0,False,AlkaSeltzer_36,True,-0.25065670137176355,1,2,-0.25065670137176355,0
H593-a2df01b6d16cae1702ebe6de,OUTCOME-0172,2021 Lice Freee!_6ozPOP R2a,162fd69cd74c8e3f1f06ce6bb5fec631f657a623f060862dbcc70a39fc026e96,3,target_absent,False,0,False,1796,False,False,ART_12708455,False,-1.1594438833610743,,,,,False,ART_12708455,False,-0.5326660427255053,,,,,False,ART_12708455,False,-0.41324011579418807,,,,
H593-a31a10e1b469032cc39968ef,OUTCOME-0105,1g7-17-allergy-nasal-spray,c7abd98eade15d0ac417dcdde657be6a64e3cb837a808045d084fee49bf7d2a4,3,correct_challenger_still_HOLD,True,1,False,2,False,False,1g7-17-allergy-nasal-spray,True,-1.3217166385301966,1,2,-1.3217166385301966,0,False,1g7-17-allergy-nasal-spray,True,-1.4182984742873905,1,2,-1.4182984742873905,0,False,1g7-17-allergy-nasal-spray,True,-1.2956473311928662,1,2,-1.2956473311928662,0
H593-a37be078955ca99fb50d7a4f,DIFFICULT-0036,5377c041-b6fc-4dde-ac96-bd9e4e94e456-10,da3eaa29e19bcc9bd6181db13c258df73a34d84bc20cb67ca147824a6fc4abe5,2,already_correct,True,1,True,1,True,True,carton 10 mL orange,False,-6.533311429352703,,1,,,True,carton 10 mL orange,False,-15.025569612646617,,1,,,True,carton 10 mL orange,False,-8.090190690363904,,1,,
H593-a3e7d6500b6b7e33262f9143,OUTCOME-0305,6941714017-1,69e8433234f6613d539957d8cd900a9503c3e7bceb31e12adec7cfa0adc6368b,0,already_correct,True,1,True,1,True,True,Tatcha 50 ML PDP,False,-6.147832413736754,,1,,,True,Tatcha 50 ML PDP,False,-15.506872644518909,,1,,,True,CC Cream SPF 30 Cool-Deep Carton,False,-7.290556413398937,,1,,
H593-a487586dad789825a5e5de7e,OUTCOME-0170,2021 Lice Freee!_6ozPOP R2a,162fd69cd74c8e3f1f06ce6bb5fec631f657a623f060862dbcc70a39fc026e96,3,already_correct,True,1,False,7,True,True,2021 Lice Freee!_6ozPOP R2a,True,0.052963306521890186,1,1,0.052963306521890186,0,True,2021 Lice Freee!_6ozPOP R2a,True,2.339202205046068,1,1,2.339202205046068,0,True,2021 Lice Freee!_6ozPOP R2a,True,0.9927747992687326,1,1,0.9927747992687326,0
H593-a4a42f963cbb49a2c59b3c36,NDV2-005-P01,24 mg Comfor-trate Tab,5993f2caf420c9a99c193d33f748eea45f5c55ab4832c947913f7c005ada8f7b,0,already_correct,True,1,True,1,True,True,160 mg Comfor-trate Tab,False,-1.1968113768494488,,1,,,True,160 mg Comfor-trate Tab,False,-1.0566653872493514,,1,,,True,16 mg Comfor-trate Tab,False,-1.1827615114473728,,1,,
H593-a4ae311047750421b6705cb8,DIFFICULT-0063,bef4f237-ccb8-4d28-bfc2-41c511a17d7f-01,f16447b66992689bdb8350dadcb85602511b1bd2c18265a511e90bf7d2910d9c,1,already_correct,True,1,True,1,True,True,containerlabel605,False,-4.752875104837591,,1,,,True,containerlabel605,False,-9.80034775065013,,1,,,True,containerlabel605,False,-6.7875951551958185,,1,,
H593-a4b2ba6b91cb5aa793db96b5,OUTCOME-0653,bb morning carton,48c57d44808de17cdd8b52db0f71a5a8fbbf9d2f4ab10a1751ec128aed4a3ff5,4,already_correct,True,1,True,1,True,True,bbx08-0000-01,False,-6.8795150447316,,1,,,True,bbx08-0000-01,False,-16.129328544224627,,1,,,True,bbx08-0000-01,False,-7.685316701528153,,1,,
H593-a4df16d733beef6694520349,OUTCOME-0354,77l96n1c1,f4cb26eef9646d6dfd71a5bdba8092d2e0f934cd5f8e9ffe627d7c9ba8444f36,1,already_correct,True,1,True,1,True,True,bupivacainehclinjection0757510mlcartonlabel,False,-1.7772886274100754,,1,,,True,bupivacainehclinjection0757510mlcartonlabel,False,-2.8092656373975693,,1,,,True,bupivacainehclinjection0757510mlcartonlabel,False,-1.6037606028755784,,1,,
H593-a68241215d96a54614534d61,OUTCOME-0419,A41(1),6041aa5f85f4424e5ea88d82fcb2c3a2efe067770270d57d823d934e313867bf,3,already_correct,True,1,True,1,True,True,baoshimianshuang,False,-1.336040071501538,,1,,,True,baoshimianshuang,False,-2.10336212227568,,1,,,True,baoshimianshuang,False,-0.3571010638527218,,1,,
H593-a736a2eceec87049c2d34564,OUTCOME-0702,carton-1-gram-10-vial-pack-premier,90d7a704ad7bf679580bc4dbadbe13884f491d2e338402f4d4437c2ffd66ab93,2,already_correct,True,1,True,1,True,True,009,False,-2.3670096616276313,,1,,,True,009,False,-4.667126779486023,,1,,,True,der0k-0003-08,False,-2.366454225945496,,1,,
H593-a74031ef721651084ee88e86,OUTCOME-0658,bb morning carton,48c57d44808de17cdd8b52db0f71a5a8fbbf9d2f4ab10a1751ec128aed4a3ff5,4,already_correct,True,1,True,1,True,True,creme-03,False,-5.772110143786674,,1,,,True,BBCream.tube,False,-13.181872735236347,,1,,,True,creme-03,False,-6.997653896031027,,1,,
H593-a75c121cbde1aeaa4aa8433f,DIFFICULT-0107,int08-0008-17,dca95ffa60d30d6597de3bfed4a27b53d657ea2e90a8d6ee6aa513316eee9848,0,already_correct,True,1,True,1,True,True,int08-0008-16,False,-0.8053834901950182,,1,,,False,int08-0008-16,False,0.4342141404534847,,5,,,False,int07-0006-05,False,0.5716838504738055,,7,,
H593-a786f0738bcc2b9cbef1d792,DIFFICULT-0132,sevospire-02,c04b390c7ae86a0d21958115ce19bd1ed22c76ff1b8fb240f01405c8bf9231ec,2,already_correct,True,1,True,1,True,True,xelstrym-22,False,-1.6652095036526986,,1,,,True,xelstrym-22,False,-2.3438426617772707,,1,,,True,xelstrym-22,False,-0.9753692195677142,,1,,
H593-a799aea032ae5a38c8fbd30e,OUTCOME-0413,964901_LR,1f59b78808c09c6bf68702306ba72c84cbbb75e1dfc61bab3c7f1b99aee3b17d,0,target_absent,False,0,False,163,False,False,CDER portal,False,-0.1305852111298872,,,,,False,CDER portal,False,2.0571151232811666,,,,,False,CDER portal,False,1.2231667518664286,,,,
H593-a865a52b11a3d828fa6bc1d1,OUTCOME-0344,766-e9-infants-pain-and-fever,8ad47f26cd065ca57d3a68d2c5f31cd9eeb977294c710ac87f6e9c84b24866ea,0,already_correct,True,1,True,1,True,True,careone-infants-acetaminophen-160mg-per-5ml-grape-carton-image,False,-2.055856958908379,,1,,,True,careone-infants-acetaminophen-160mg-per-5ml-grape-carton-image,False,-3.981354789727751,,1,,,True,careone-infants-acetaminophen-160mg-per-5ml-grape-carton-image,False,-2.594856902804202,,1,,
H593-a99579cf97417982073affd5,DIFFICULT-0010,3T3-bn-lansoprazole,7309194c945cf747ac938c081c8e1c7587ee93c9427836b98aa713829ad9307b,4,already_correct,True,1,True,1,True,True,aspirin-01,False,-1.4330350285166589,,1,,,True,aspirin-01,False,-1.6461131561548763,,1,,,True,aspirin-01,False,-0.37264343838464875,,1,,
H593-aa931c1f4d8700ae037fbb00,OUTCOME-0394,83324304-60,dabd4e44228b0c3fe4d6e936d82cc48dbee71a26baad248be0f99f22cd2424cf,0,already_correct,True,1,True,1,True,True,d5b412b4-9121-42e0-8c3f-413810ade6dd-01,False,-3.5109745293196726,,1,,,True,d5b412b4-9121-42e0-8c3f-413810ade6dd-01,False,-8.351892680492634,,1,,,True,d5b412b4-9121-42e0-8c3f-413810ade6dd-01,False,-4.215030783439835,,1,,
H593-aad869bc4c329c79b3b3098f,OUTCOME-0351,77l96n1c1,f4cb26eef9646d6dfd71a5bdba8092d2e0f934cd5f8e9ffe627d7c9ba8444f36,1,already_correct,True,1,True,1,True,True,triamcinolone-cream-0-1-15-gm-carton,False,-6.222176233426552,,1,,,True,triamcinolone-cream-0-1-15-gm-carton,False,-14.130042283923974,,1,,,True,triamcinolone-cream-0-1-15-gm-carton,False,-8.259895241995183,,1,,
H593-ab800bcb6b260c64833c792c,OUTCOME-0265,4_Kids_Oral_Pain_Relief,d39c757e2a4c76e8e9403fd84708b3c233de7ca0b40197f435ceb3a48272b73f,3,already_correct,True,1,True,1,True,True,circle-k-cold-01,False,-6.902126995462263,,1,,,True,21812798 Sciaticaide_4,False,-18.03218826038294,,1,,,True,15349_A01-Umcka CF Berry Fastactives,False,-7.750903855680827,,1,,
H593-abc0b2f2d75d073d9b32aa3f,OUTCOME-0651,bb morning carton,48c57d44808de17cdd8b52db0f71a5a8fbbf9d2f4ab10a1751ec128aed4a3ff5,4,wrong_RAW_and_challenger,True,1,False,120,False,False,3ce drawing lip sloe gin carton,False,-1.3349639130480195,4,5,-2.416360180799332,0,False,3ce drawing lip sloe gin carton,False,-1.466133386102792,2,3,-4.034913268022423,0,False,3ce drawing lip sloe gin carton,False,-1.275057864357926,2,3,-1.536485761815479,0
H593-abe538f97b9ba7aa92d41895,OUTCOME-0110,1g7-17-allergy-nasal-spray,c7abd98eade15d0ac417dcdde657be6a64e3cb837a808045d084fee49bf7d2a4,3,wrong_RAW_and_challenger,True,1,False,2,False,False,careone-allergy-relief-carton-image,False,-1.4019399434736288,3,4,-1.7463259999749874,0,False,careone-allergy-relief-carton-image,False,-1.6576081821313853,3,4,-2.851066888805919,0,False,careone-allergy-relief-carton-image,False,-1.2339837366584279,4,5,-2.0082873343910723,0
H593-acb88ad9ae6dc89a74d597a0,DIFFICULT-0130,sevospire-02,c04b390c7ae86a0d21958115ce19bd1ed22c76ff1b8fb240f01405c8bf9231ec,2,already_correct,True,1,True,1,True,True,isospire-02,False,-2.8629048188366157,,1,,,True,isospire-02,False,-5.9978480756557015,,1,,,True,emeprev-04,False,-3.747470684389434,,1,,
H593-acbecf04ad7226d889b6b827,OUTCOME-0804,tul01-0001-02,d03ec6170d58ac2d6198068ac9aa233411e9b70ad6019840f643fdabcc4a9adf,3,already_correct,True,1,True,1,True,True,RESPIRmycin25_250mL_carton,False,-3.2293441481795844,,1,,,True,RESPIRmycin25_250mL_carton,False,-7.3847671419968,,1,,,True,RESPIRmycin25_250mL_carton,False,-3.8052471255210456,,1,,
H593-ad671a6c4a53a334ff1c45da,OUTCOME-0637,athletes-01,ef7d75f57f11d1174b60813355c0cf7d7dce1009b41f2c7a54cf612906b3dea7,4,already_correct,True,1,True,1,True,True,Clotrimazole_carton,False,-5.113192119624817,,1,,,True,Clotrimazole_carton,False,-10.946018744729905,,1,,,True,Clotrimazole_carton,False,-6.2585869710883095,,1,,
H593-ad73d224791055826ef7876e,OUTCOME-0716,cuvitru-19,d3d9e86636e760b3c7ab9d0366cce29c32d905942a4e7efc24b4feb559ccafdb,2,already_correct,True,1,True,1,True,True,cuvitru-13,False,-1.971412782100856,,1,,,True,cuvitru-13,False,-3.532530110670093,,1,,,True,gla00-0016-19,False,-2.515675546378896,,1,,
H593-ad9f49fe8ff6e9e1c8b4c03c,DIFFICULT-0018,3T3-bn-lansoprazole,7309194c945cf747ac938c081c8e1c7587ee93c9427836b98aa713829ad9307b,4,target_absent,False,0,False,489,False,False,int08-0008-18,False,-0.7545605443726732,,,,,False,int08-0008-18,False,0.06136680714700393,,,,,False,int08-0008-18,False,0.051603074191490794,,,,
H593-ae2c238f2914e4ef8f249622,OUTCOME-0382,812-6e-mucus-dm,4a5e078a9d0335a17e0b19c90cc91b4eaf583fcc72663cf7441019d2f00d652a,3,locked_wrong_SWITCH,True,1,False,114,False,False,US_Skin_Tint_2_O_Page_1,False,0.3001381896789168,14,15,-0.22583929983009088,0,False,US_Skin_Tint_2_O_Page_1,False,2.8629485102999372,17,17,0.8018888490901941,0,False,US_Skin_Tint_2_O_Page_1,False,1.260911624751716,12,12,0.7702726816801262,0
H593-ae4130a111482f755df6181a,OUTCOME-0206,300000538_R-00_Final,f90fb756794a5ae5c68d05c56cb486456e64d83f751a66bbf1ddae3fcb43bb13,3,already_correct,True,1,True,1,True,True,cetirizine-fig3,False,-1.1549519647585003,,1,,,True,cetirizine-fig3,False,-0.8799113929598825,,1,,,True,cetirizine-fig3,False,-0.4670542654502058,,1,,
H593-ae9be56a1902c7848b38571b,OUTCOME-0772,lox01-0004-14,2aa1e6c4bb63c1bf91f9200ac8983a2fdb8a3d86fcbc58c5f88c921023045af6,1,already_correct,True,1,True,1,True,True,ost01-0006-12,False,-5.777526887899395,,1,,,True,ost01-0006-12,False,-12.299329954202152,,1,,,True,ost01-0006-12,False,-7.8500021920195096,,1,,
H593-aee4be696b3cf1e9660a0043,OUTCOME-0666,bbx08-0000-01,e54a0a27f9b030e92d3186f1b9feb159b51d71cced53115c3612eb3000f84093,4,already_correct,True,1,False,5,True,True,bbx08-0000-01,True,1.5202191992138088,1,1,1.5202191992138088,0,True,bbx08-0000-01,True,5.061748159985817,1,1,5.061748159985817,0,True,bbx08-0000-01,True,2.7923713536562946,1,1,2.7923713536562946,0
H593-af21217245b2cc0821f79503,OUTCOME-0466,AlkaSeltzer_36,1efff5d5855cab66509977a0b8d496f45b9a66147726f1323cdd42a873075386,1,already_correct,True,1,True,1,True,True,AS_HR_LemonLime_Tablet_36ct_Ctn_r4 (002),False,-3.025356285513107,,1,,,True,AS_HR_LemonLime_Tablet_36ct_Ctn_r4 (002),False,-6.516982289466473,,1,,,True,AS_HR_LemonLime_Tablet_36ct_Ctn_r4 (002),False,-4.303731590986219,,1,,
H593-afcb436616416abae565da10,DIFFICULT-0101,int08-0008-17,dca95ffa60d30d6597de3bfed4a27b53d657ea2e90a8d6ee6aa513316eee9848,0,already_correct,True,1,True,1,True,True,int08-0008-07,False,-0.6570224691364184,,1,,,False,int08-0008-07,False,0.5986672364893408,,3,,,True,int08-0008-07,False,-0.0790172751350362,,1,,
H593-b04f465b15526e9607fd9b70,DIFFICULT-0001,350 label,ff5ec2587aa3b0cdf9f678e20f8a78ed21590c17b5931d4adc290fe15bf09b84,3,already_correct,True,1,True,1,True,True,71179-343 label,False,-6.597363795862404,,1,,,True,71179-343 label,False,-16.954611897524455,,1,,,True,71179-343 label,False,-7.534512109994218,,1,,
H593-b06273e75d64a6537f0ba426,DIFFICULT-0129,sevospire-02,c04b390c7ae86a0d21958115ce19bd1ed22c76ff1b8fb240f01405c8bf9231ec,2,already_correct,True,1,True,1,True,True,isospire-02,False,-5.9107636565724695,,1,,,True,isospire-02,False,-13.044389943740153,,1,,,True,isospire-02,False,-7.4809791909190695,,1,,
H593-b06f5f90d0a384729c6b93cb,OUTCOME-0487,Anti-wrinkle EYE CREAM,c88cdb15edcd25a88595edf90f1fc3fef1e374c4e494fb4a4e8accfe55137d0a,1,already_correct,True,1,True,1,True,True,fascy moisture bomb hand cream violet carton,False,-8.479812722946573,,1,,,True,fascy moisture bomb hand cream violet carton,False,-21.229450004753488,,1,,,True,fascy moisture bomb hand cream violet carton,False,-10.3899537449604,,1,,
H593-b09f7b0a786d03912dd97806,OUTCOME-0433,ASP Cough Mucus Congestion PMG 24ct,055e3d0a2ba828c5df95354fc5d80825fa129f679641c7a5ba585b5c8911a1f9,1,already_correct,True,1,True,1,True,True,ASP Cold Cough PMG 24ct,False,-2.4422647971529337,,1,,,True,ASP Cold Cough PMG 24ct,False,-4.912983961357929,,1,,,True,ASP Cold Cough PMG 24ct,False,-3.6507236281036035,,1,,
H593-b186925ccb62a97d1f49a9a6,OUTCOME-0751,kedbumin-02,a5cc6cd71cb98a23641d9032f2abdbe55a284b95eedc14e13d1ab9d93b7adc76,1,already_correct,True,1,True,1,True,True,76125-792-carton,False,-4.654859105639378,,1,,,True,76125-792-carton,False,-10.480020953490488,,1,,,True,Doraject injectable solution-100 mL Carton,False,-4.237734376316062,,1,,
H593-b2399473327834cc8a1530cb,OUTCOME-0169,2021 Lice Freee!_6ozPOP R2a,162fd69cd74c8e3f1f06ce6bb5fec631f657a623f060862dbcc70a39fc026e96,3,already_correct,True,1,True,1,True,True,2021KillsSuperLice_LicefreeKit R3_Page_1,False,-5.48546076925655,,1,,,True,2021KillsSuperLice_LicefreeKit R3_Page_1,False,-13.209144909090485,,1,,,True,2021 LF UF Kit R11A new,False,-6.461388179223949,,1,,
H593-b268a4269d5d61a6e2bbec90,OUTCOME-0248,469584,4d5d4731b2c45171a86a8690a5b3a1819d26c3dd6226f61b0f9104c2f6f56484,2,already_correct,True,1,True,1,True,True,irritated-eye-drops-1,False,-5.740677403702583,,1,,,True,irritated-eye-drops-1,False,-12.870381907850403,,1,,,True,irritated-eye-drops-1,False,-7.269030935045637,,1,,
H593-b290cd29a15546cc773cf283,OUTCOME-0482,Anti-wrinkle EYE CREAM,c88cdb15edcd25a88595edf90f1fc3fef1e374c4e494fb4a4e8accfe55137d0a,1,already_correct,True,1,True,1,True,True,barafu intensive serum,False,-5.617152226099513,,1,,,True,barafu intensive serum,False,-14.079912570973137,,1,,,True,barafu intensive serum,False,-6.264863733358586,,1,,
H593-b4135fa9fc83b8c616fa57b7,OUTCOME-0598,askindr carton,c13e6a469d26dd360022a4ba3af2d2bdbb230082c9e605b822c0f5806f9b9bc9,3,wrong_RAW_and_challenger,True,1,False,9,False,False,label-cleansing,False,-0.3956991400989207,11,12,-1.8848659318852383,0,False,label-cleansing,False,1.6463607675914398,13,14,-3.0056842515897073,0,False,label-cleansing,False,0.232724683933911,18,19,-1.8215910210956205,0
H593-b4f7137c5b415a98210ce3e1,OUTCOME-0692,carton-1-gram-10-vial-pack-premier,90d7a704ad7bf679580bc4dbadbe13884f491d2e338402f4d4437c2ffd66ab93,2,already_correct,True,1,True,1,True,True,verapamil-2ml-carton-label,False,-1.5398092797168377,,1,,,True,verapamil-2ml-carton-label,False,-1.876254587336068,,1,,,True,verapamil-2ml-carton-label,False,-0.4193016073719925,,1,,
H593-b5088f4d9100c24150c49220,DIFFICULT-0102,int08-0008-17,dca95ffa60d30d6597de3bfed4a27b53d657ea2e90a8d6ee6aa513316eee9848,0,already_correct,True,1,False,5,True,True,int08-0008-17,True,0.7909640756053209,1,1,0.7909640756053209,0,True,int08-0008-17,True,4.6345817925199455,1,1,4.6345817925199455,0,True,int08-0008-17,True,2.284678806928991,1,1,2.284678806928991,0
H593-b52eb937914c8c593a72c477,OUTCOME-0533,SH230414C (250 ml Carton),67c564121b4c0847db261d818757e131684626ea0db83097a0e9610c7cf03222,4,correct_challenger_still_HOLD,True,1,False,2,False,False,SH230414C (250 ml Carton),True,-1.4284580274088767,1,2,-1.4284580274088767,0,False,SH230414C (250 ml Carton),True,-1.793620217839625,1,2,-1.793620217839625,0,False,Doraject injectable solution-100 mL Carton,False,-1.0149213766351013,3,4,-1.4459361942691111,0
H593-b6cf2130e8541c75b7a0daf3,OUTCOME-0633,athletes-01,ef7d75f57f11d1174b60813355c0cf7d7dce1009b41f2c7a54cf612906b3dea7,4,already_correct,True,1,True,1,True,True,hemorrhoidal-cooling-gel,False,-6.349966472903401,,1,,,True,hemorrhoidal-cooling-gel,False,-13.740171615966577,,1,,,True,hemorrhoidal-cooling-gel,False,-7.615546231841406,,1,,
H593-b87cff1766e4fd6e130f4f0d,OUTCOME-0090,11-5BlisterCarton,fae9abd9dccd97b0f46477e2b8de584b47f0991da74eb5dfbedf3526f4bba6a5,4,correct_challenger_still_HOLD,True,1,False,3,False,False,11-5BlisterCarton,True,-1.4113437254616528,1,2,-1.4113437254616528,0,False,11-5BlisterCarton,True,-1.7350995037392325,1,2,-1.7350995037392325,0,False,11-5BlisterCarton,True,-1.4074829727743345,1,2,-1.4074829727743345,0
H593-b890a8f09b0dc93ce3a6ec7c,OUTCOME-0268,4_Kids_Oral_Pain_Relief,d39c757e2a4c76e8e9403fd84708b3c233de7ca0b40197f435ceb3a48272b73f,3,already_correct,True,1,True,1,True,True,kids relief pain fever2 box 5panel,False,-4.710114005452785,,1,,,True,kids relief pain fever2 box 5panel,False,-11.95679710703156,,1,,,True,kids relief pain fever2 box 5panel,False,-5.1090895631436,,1,,
H593-b8b81f9ea25a51448f92c735,DIFFICULT-0012,3T3-bn-lansoprazole,7309194c945cf747ac938c081c8e1c7587ee93c9427836b98aa713829ad9307b,4,already_correct,True,1,True,1,True,True,CDMA Omeprazole DR Tablets 14ct Carton,False,-2.64650000075477,,1,,,True,CDMA Omeprazole DR Tablets 14ct Carton,False,-5.055071041104612,,1,,,True,CDMA Omeprazole DR Tablets 14ct Carton,False,-3.163249428194644,,1,,
H593-b90eeadf731ed28d7b01ab84,DIFFICULT-0005,350 label,ff5ec2587aa3b0cdf9f678e20f8a78ed21590c17b5931d4adc290fe15bf09b84,3,already_correct,True,1,True,1,True,True,71179-343 label,False,-4.521488878404558,,1,,,True,71179-343 label,False,-11.159049626889795,,1,,,True,71179-343 label,False,-5.223097699649015,,1,,
H593-b934ce8694d521ecce42de7b,DIFFICULT-0019,3T3-bn-lansoprazole,7309194c945cf747ac938c081c8e1c7587ee93c9427836b98aa713829ad9307b,4,already_correct,True,1,True,1,True,True,692R-Albertsons-Cetrizine HCl-45s-Carton,False,-5.653117478044227,,1,,,True,692R-Albertsons-Cetrizine HCl-45s-Carton,False,-12.771890328409068,,1,,,True,692R-Albertsons-Cetrizine HCl-45s-Carton,False,-6.382842569876713,,1,,
H593-b98760533d5b5968acf3d2d8,OUTCOME-0396,83324304-60,dabd4e44228b0c3fe4d6e936d82cc48dbee71a26baad248be0f99f22cd2424cf,0,already_correct,True,1,True,1,True,True,simethicone-60ct,False,-4.310175412337756,,1,,,True,simethicone-60ct,False,-9.45008154882088,,1,,,True,winco-44-676a-1,False,-5.927126957233707,,1,,
H593-b9b3b47180519cbd55260c38,OUTCOME-0477,AlkaSeltzer_36,1efff5d5855cab66509977a0b8d496f45b9a66147726f1323cdd42a873075386,1,locked_wrong_SWITCH,True,1,False,117,False,False,Bayer_50,False,0.11725190542334696,2,2,0.09377033250999878,0,False,Bottle7A,False,1.8996872315119595,3,3,0.754787226069793,0,False,Bayer_50,False,2.15304694599065,2,2,2.143932787304481,0
H593-ba2efedd26ed9b4bcecca71f,OUTCOME-0494,AntifluDesbx,0748babacede700838aa4a895d8d3238fc567929c58d772ed17e063e9856bb96,2,already_correct,True,1,True,1,True,True,394---naproxen-sodium-220mg-1,False,-0.7263644140810496,,1,,,False,394---naproxen-sodium-220mg-1,False,0.16980930324655397,,2,,,False,394---naproxen-sodium-220mg-1,False,0.6977258372388486,,3,,
H593-baaae79e1a5f7793171f450a,OUTCOME-0529,SH230414C (250 ml Carton),67c564121b4c0847db261d818757e131684626ea0db83097a0e9610c7cf03222,4,already_correct,True,1,False,2,True,False,SH230414C (250 ml Carton),True,-1.0200072130312772,1,2,-1.0200072130312772,0,False,SH230414C (250 ml Carton),True,-0.6599427451463964,1,2,-0.6599427451463964,0,False,SH230414C (250 ml Carton),True,-0.7850744088350853,1,2,-0.7850744088350853,0
H593-bb070f8673390afcb71bba1f,OUTCOME-0816,vetoryl-09,7abc0d7c0e302804a40dcf309dece25b925a424ae8a43fd70cd693d41ebfc54f,2,already_correct,True,1,True,1,True,True,vetoryl-08,False,-1.3035828970754861,,1,,,True,vetoryl-08,False,-1.402841856210037,,1,,,True,vetoryl-08,False,-1.3214624599523055,,1,,
H593-bb0e26bf00988704e7674f59,DIFFICULT-0003,350 label,ff5ec2587aa3b0cdf9f678e20f8a78ed21590c17b5931d4adc290fe15bf09b84,3,already_correct,True,1,True,1,True,True,25 ct label,False,-3.911310716054664,,1,,,True,25 ct label,False,-9.367995838310852,,1,,,True,25 ct label,False,-4.611177646997385,,1,,
H593-bb4431f14238909d56f4f6f2,OUTCOME-0304,6941714017-1,69e8433234f6613d539957d8cd900a9503c3e7bceb31e12adec7cfa0adc6368b,0,already_correct,True,1,True,1,True,True,baoshimianshuang,False,-4.721644994148951,,1,,,True,Tatcha 50 ML PDP,False,-11.629913911788227,,1,,,True,baoshimianshuang,False,-5.0206151627716125,,1,,
H593-bb5dd42b437a1e0b7185f2fb,OUTCOME-0093,11-5BlisterCarton,fae9abd9dccd97b0f46477e2b8de584b47f0991da74eb5dfbedf3526f4bba6a5,4,locked_wrong_SWITCH,True,1,False,24,False,False,5-75BlisterCarton,False,0.13346458507979242,4,5,-0.44256765628861927,0,False,2-3BlisterCarton,False,1.8845851671356435,4,4,0.3376054107026947,0,False,5-75BlisterCarton,False,1.3862377471120182,4,4,0.7905809719361561,0
H593-bbff6f2a0463d1430b70d8f7,DIFFICULT-0131,sevospire-02,c04b390c7ae86a0d21958115ce19bd1ed22c76ff1b8fb240f01405c8bf9231ec,2,already_correct,True,1,True,1,True,True,isospire-02,False,-4.3241986622761655,,1,,,True,isospire-02,False,-9.720548442820945,,1,,,True,isospire-02,False,-5.522274601807247,,1,,
H593-bcb46b28e3f68f1997c73b22,NDV2-009-P01,5USSTP-2,4a53569c90360cdca78170a677dcff1a34efc65cfe94b9dad6b19b65db6d25ac,4,already_correct,True,1,True,1,True,True,5USLIP-5,False,-2.7899120884533137,,1,,,True,5USLIP-5,False,-5.427510346137925,,1,,,True,5USLIP-5,False,-3.0530959439649736,,1,,
H593-bcc28cdb9788352cc4129ed5,OUTCOME-0277,5fe0ce14-bc11-4b43-b002-7efdca0d3003-04,c36d84d6c8d54c84a5f0b431f53eb8775569f16793018d5e6c57459cf8e20e49,4,already_correct,True,1,True,1,True,True,0c3cd915-babe-49c0-8aac-bf0247a17f3e-01,False,-2.205344926484391,,1,,,True,0c3cd915-babe-49c0-8aac-bf0247a17f3e-01,False,-3.885920939564575,,1,,,True,0c3cd915-babe-49c0-8aac-bf0247a17f3e-01,False,-2.5569440253945834,,1,,
H593-bcee23f88378066e9f5f0e2a,OUTCOME-0463,AlkaSeltzer_36,1efff5d5855cab66509977a0b8d496f45b9a66147726f1323cdd42a873075386,1,already_correct,True,1,True,1,True,True,AS Original 12 count carton,False,-3.1954273768772197,,1,,,True,AS Original 12 count carton,False,-6.5056367678983245,,1,,,True,AS Original 12 count carton,False,-4.956824506462588,,1,,
H593-bd50369106a00a7162abcff8,OUTCOME-0168,2021 Lice Freee!_6ozPOP R2a,162fd69cd74c8e3f1f06ce6bb5fec631f657a623f060862dbcc70a39fc026e96,3,already_correct,True,1,True,1,True,True,2021KillsSuperLice_LicefreeKit R3_Page_1,False,-5.521772076407689,,1,,,True,2021KillsSuperLice_LicefreeKit R3_Page_1,False,-13.274857791957476,,1,,,True,2021KillsSuperLice_LicefreeKit R3_Page_1,False,-6.506045115331216,,1,,
H593-bebe2833da2edf94d7d8c25b,DIFFICULT-0034,5377c041-b6fc-4dde-ac96-bd9e4e94e456-10,da3eaa29e19bcc9bd6181db13c258df73a34d84bc20cb67ca147824a6fc4abe5,2,already_correct,True,1,True,1,True,True,47c9752b-a06d-46af-a029-9213e2474378-16,False,-5.341022147992909,,1,,,True,47c9752b-a06d-46af-a029-9213e2474378-16,False,-12.8855434626277,,1,,,True,47c9752b-a06d-46af-a029-9213e2474378-16,False,-6.749086404382373,,1,,
H593-bfedff27526023108259df43,OUTCOME-0689,carton-1-gram-10-vial-pack-premier,90d7a704ad7bf679580bc4dbadbe13884f491d2e338402f4d4437c2ffd66ab93,2,already_correct,True,1,True,1,True,True,020,False,-1.2396679452271469,,1,,,True,020,False,-0.703285716397394,,1,,,True,020,False,-0.015499192825976227,,1,,
H593-c0907e99c1c23fe8e8a6b1a3,OUTCOME-0251,469584,4d5d4731b2c45171a86a8690a5b3a1819d26c3dd6226f61b0f9104c2f6f56484,2,already_correct,True,1,True,1,True,True,PA 00015.02 PL GDD Original Eye Drops,False,-4.047278864030707,,1,,,True,PA 00015.02 PL GDD Original Eye Drops,False,-8.865896306351427,,1,,,True,PA 00015.02 PL GDD Original Eye Drops,False,-5.322474927126286,,1,,
H593-c1e87208ec64f28d13f80f11,OUTCOME-0258,4_Kids_Oral_Pain_Relief,d39c757e2a4c76e8e9403fd84708b3c233de7ca0b40197f435ceb3a48272b73f,3,already_correct,True,1,True,1,True,True,01b UC_EpiphaniQ_Oral Liquid_Sachet_50ct,False,-7.748360416732817,,1,,,True,BCLD000T125CTNHN4,False,-20.288025802115577,,1,,,True,01b UC_EpiphaniQ_Oral Liquid_Sachet_50ct,False,-8.711477167190141,,1,,
H593-c22c8e1044a8088c5a3d3f0e,OUTCOME-0057,10 mL carton,caadf690e51b6ae8aa69d3ebfb189f9ae43f3e3bde9aadd83d79e71a9ed27df7,4,already_correct,True,1,True,1,True,True,20 mL Carton,False,-5.747288699069999,,1,,,True,20 mL Carton,False,-12.466697752751069,,1,,,True,20 mL Carton,False,-6.994261893431602,,1,,
H593-c27cc5698d114b2e38e732d1,OUTCOME-0270,5fe0ce14-bc11-4b43-b002-7efdca0d3003-04,c36d84d6c8d54c84a5f0b431f53eb8775569f16793018d5e6c57459cf8e20e49,4,correct_challenger_still_HOLD,True,1,False,2,False,False,5fe0ce14-bc11-4b43-b002-7efdca0d3003-04,True,-1.5385152684713754,1,2,-1.5385152684713754,0,False,5fe0ce14-bc11-4b43-b002-7efdca0d3003-04,True,-2.1808722984152324,1,2,-2.1808722984152324,0,False,5fe0ce14-bc11-4b43-b002-7efdca0d3003-04,True,-1.8196613296298243,1,2,-1.8196613296298243,0
H593-c2c8b91bd700c1354b6e6ee9,OUTCOME-0731,dro0b-0001-04,0afd089c456e855f9466067a75179f94b4fb386831d044fd18ff0bcd22e0d3f4,2,already_correct,True,1,True,1,True,True,dro0b-0001-03,False,-2.324617931897407,,1,,,True,dro0b-0001-03,False,-4.421700040591854,,1,,,True,dro0b-0001-03,False,-3.122070682866388,,1,,
H593-c30cdabf5993a0c426ba0205,OUTCOME-0461,AlkaSeltzer_36,1efff5d5855cab66509977a0b8d496f45b9a66147726f1323cdd42a873075386,1,already_correct,True,1,True,1,True,True,AS Original 12 count carton,False,-2.8226313933761116,,1,,,True,AS Original 12 count carton,False,-5.828144006595459,,1,,,True,AS Original 12 count carton,False,-4.145133998822576,,1,,
H593-c311ba2ac614da95fb3ed97e,OUTCOME-0820,vetoryl-09,7abc0d7c0e302804a40dcf309dece25b925a424ae8a43fd70cd693d41ebfc54f,2,wrong_RAW_and_challenger,True,1,False,17,False,False,20mgCarton,False,-0.9368477285849863,31,32,-2.676341728862073,0,False,20mgCarton,False,-0.49529341397333504,37,38,-5.635558913451648,0,False,zycosan-03,False,-0.08814898321248998,39,40,-3.2288828338446613,0
H593-c317503b769e0f3acf782e33,DIFFICULT-0043,734-uw-mint-mini-nicotine-lozenge,a7e2eb3376d106cbd8cfa0ddaf20047219e210af69c8abeada87a180f2a8e2a9,1,already_correct,True,1,False,2,True,True,734-uw-mint-mini-nicotine-lozenge,True,1.1694269776622939,1,1,1.1694269776622939,0,True,734-uw-mint-mini-nicotine-lozenge,True,4.316921499843065,1,1,4.316921499843065,0,True,734-uw-mint-mini-nicotine-lozenge,True,3.216352692891475,1,1,3.216352692891475,0
H593-c358c8ad94f489bab50d45b6,OUTCOME-0655,bb morning carton,48c57d44808de17cdd8b52db0f71a5a8fbbf9d2f4ab10a1751ec128aed4a3ff5,4,already_correct,True,1,True,1,True,True,Cell Fusion C Laser Sunscreen SPF50 50mL,False,-6.294697578583317,,1,,,True,Cell Fusion C Laser Sunscreen SPF50 50mL,False,-14.306763414943592,,1,,,True,Cell Fusion C Laser Sunscreen SPF50 50mL,False,-7.292949525145582,,1,,
H593-c46f21293cefba88bf549fbf,OUTCOME-0759,kedbumin-02,a5cc6cd71cb98a23641d9032f2abdbe55a284b95eedc14e13d1ab9d93b7adc76,1,already_correct,True,1,True,1,True,True,76125-792-carton,False,-4.212819843592127,,1,,,True,76125-792-carton,False,-10.007824299021518,,1,,,True,76125-792-carton,False,-5.426101852889801,,1,,
H593-c69e2282252382010960c43a,OUTCOME-0397,83324304-60,dabd4e44228b0c3fe4d6e936d82cc48dbee71a26baad248be0f99f22cd2424cf,0,already_correct,True,1,True,1,True,True,GasRelief.carton,False,-3.800322587001793,,1,,,True,CDMA QC Ultra Strength Gas Relief 60ct,False,-8.509029950063782,,1,,,True,F117302QCH_R2,False,-5.271580746729436,,1,,
H593-c6ad63874f6fdf348e0906bf,OUTCOME-0341,766-e9-infants-pain-and-fever,8ad47f26cd065ca57d3a68d2c5f31cd9eeb977294c710ac87f6e9c84b24866ea,0,correct_challenger_still_HOLD,True,1,False,3,False,False,766-e9-infants-pain-and-fever,True,-1.1176147932219556,1,2,-1.1176147932219556,0,False,766-e9-infants-pain-and-fever,True,-0.8414963053857982,1,2,-0.8414963053857982,0,False,766-e9-infants-pain-and-fever,True,-0.9006606146371154,1,2,-0.9006606146371154,0
H593-c76764b05b53a550caa7d193,DIFFICULT-0055,bef4f237-ccb8-4d28-bfc2-41c511a17d7f-01,f16447b66992689bdb8350dadcb85602511b1bd2c18265a511e90bf7d2910d9c,1,already_correct,True,1,True,1,True,True,PA 24110.01 PL WIN Nasal Spray Original 1 oz,False,-4.403677566260523,,1,,,True,PA 24110.01 PL WIN Nasal Spray Original 1 oz,False,-9.539123135367184,,1,,,True,sinus-pain-and-congestion-1,False,-6.0797527729876,,1,,
H593-c7de10914b97438ea391ef69,OUTCOME-0328,766-e9-infants-pain-and-fever,8ad47f26cd065ca57d3a68d2c5f31cd9eeb977294c710ac87f6e9c84b24866ea,0,already_correct,True,1,True,1,True,True,leader-44-018-1,False,-4.68278836965271,,1,,,True,CVS_654L_02OZ_IFC,False,-11.077106393490796,,1,,,True,leader-44-018-1,False,-6.1955129100034885,,1,,
H593-c80f563bd4cc8c240f4ce0e4,OUTCOME-0145,200000003252_R-00_28ct,da19e4e6b83d15ea83c05ab2e67a7e30bde059231ecd7dfb7f93382fc5e60b98,1,already_correct,True,1,False,2,True,True,200000003252_R-00_28ct,True,0.9364439401133109,1,1,0.9364439401133109,0,True,200000003252_R-00_28ct,True,3.9844356396043814,1,1,3.9844356396043814,0,True,200000003252_R-00_28ct,True,2.9415070211393837,1,1,2.9415070211393837,0
H593-c8379d139262cf23abe8cf3f,NDV2-012-P03,Bacitracin Zinc Ointment USP Carton 0.5oz(14.2g) Rev 02-22,f136ca0b9c716fcae1884f370b2cc9c1a38f30e5a477d50097f50ecb3c76d60b,4,locked_wrong_SWITCH,True,1,True,1,False,False,Bacitracin Zinc Ointment USP Carton 1oz(28.4g) Rev 02-22,False,0.07590547080330023,,2,,,False,Bacitracin Zinc Ointment USP Carton 1oz(28.4g) Rev 02-22,False,2.2534928516860258,,3,,,False,Bacitracin Zinc Ointment USP Carton 1oz(28.4g) Rev 02-22,False,1.1103838124136194,,4,,
H593-c87f01c7404926ac2f3d5404,DIFFICULT-0030,406heb,876e9a6c8b596c741810be05ef83bc4037f224102f15277c78e9afa9a641a3ab,3,already_correct,True,1,True,1,True,True,CVS Docusate Clear 30CT,False,-2.892090114929249,,1,,,True,CVS Docusate Clear 30CT,False,-6.319196868256299,,1,,,True,CVS Docusate Clear 30CT,False,-3.7722744810511104,,1,,
H593-c967c0f887f10151135e81fc,OUTCOME-0508,Baby spec cream 60 ml_Jun21-Output,5e70e07c018dad8a49c0f98df36183854e1a11398f9835189e1f22ef07f9c615,2,already_correct,True,1,True,1,True,True,Butiezzz Intense Carton,False,-6.500760030726347,,1,,,True,Butiezzz Intense Carton,False,-14.754346973544322,,1,,,True,Butiezzz Intense Carton,False,-8.053053145617051,,1,,
H593-c9ae3eb9e9fe146ef01e07f9,OUTCOME-0448,ASP Cough Mucus Congestion PMG 24ct,055e3d0a2ba828c5df95354fc5d80825fa129f679641c7a5ba585b5c8911a1f9,1,already_correct,True,1,True,1,True,True,ASP Sinus Congestion Pain PMG 24ct,False,-1.7138062289343001,,1,,,True,ASP Sinus Congestion Pain PMG 24ct,False,-2.844933244677334,,1,,,True,ASP Sinus Congestion Pain PMG 24ct,False,-2.252751535350183,,1,,
H593-c9d897c86e0a07349f3816a5,OUTCOME-0393,83324304-60,dabd4e44228b0c3fe4d6e936d82cc48dbee71a26baad248be0f99f22cd2424cf,0,already_correct,True,1,True,1,True,True,CDMA QC Ultra Strength Gas Relief 60ct,False,-3.4738193524999454,,1,,,True,CDMA QC Ultra Strength Gas Relief 60ct,False,-7.499706820002363,,1,,,True,F117302QCH_R2,False,-4.9077834079051215,,1,,
H593-ca02c70f0bad8aaf62caa00a,DIFFICULT-0006,350 label,ff5ec2587aa3b0cdf9f678e20f8a78ed21590c17b5931d4adc290fe15bf09b84,3,already_correct,True,1,True,1,True,True,340 label,False,-3.7831804830012414,,1,,,True,340 label,False,-8.399420157172266,,1,,,True,340 label,False,-4.747043823383059,,1,,
H593-ca8b26b506e727e2c826a0a9,DIFFICULT-0103,int08-0008-17,dca95ffa60d30d6597de3bfed4a27b53d657ea2e90a8d6ee6aa513316eee9848,0,already_correct,True,1,True,1,True,True,int08-0008-02,False,-1.2666391068754022,,1,,,True,int08-0008-02,False,-1.3470446651673873,,1,,,True,int08-0008-02,False,-1.414302666751502,,1,,
H593-cb08e284452bbeca09345c1d,OUTCOME-0095,1g7-17-allergy-nasal-spray,c7abd98eade15d0ac417dcdde657be6a64e3cb837a808045d084fee49bf7d2a4,3,already_correct,True,1,True,1,True,True,cvs-health-childrens-fluticasone-propionate-nasal-spray-carton-image,False,-1.7140432419909177,,1,,,True,cvs-health-childrens-fluticasone-propionate-nasal-spray-carton-image,False,-2.7162562105441843,,1,,,True,cvs-health-childrens-fluticasone-propionate-nasal-spray-carton-image,False,-1.9779266858072142,,1,,
H593-cb7de2ed70a969859718b4c8,DIFFICULT-0056,bef4f237-ccb8-4d28-bfc2-41c511a17d7f-01,f16447b66992689bdb8350dadcb85602511b1bd2c18265a511e90bf7d2910d9c,1,already_correct,True,1,True,1,True,True,cvs-44-453---nasal-decongestant-1,False,-4.736802279733242,,1,,,True,containerlabel605,False,-10.762007894449471,,1,,,True,cvs-44-453---nasal-decongestant-1,False,-6.522404201390348,,1,,
H593-cbd580ca8890e580605311e6,OUTCOME-0557,_Pentrexcilina Adult TOTAL RELIEF  Multi_Symptom 6 fl oz (177 ml)_comp,1007f60c51bf2a9005809d8794f2ee0ba76987b27950ac00057798b1b3be7881,2,wrong_RAW_and_challenger,True,1,False,3,False,False,-Brosolvan Children 4 fl oz (RTE) EN-ES  Rev 11.2024 (AKRON)_001,False,-1.237182490360922,2,3,-1.3294374579915578,0,False,-Brosolvan Children 4 fl oz (RTE) EN-ES  Rev 11.2024 (AKRON)_001,False,-1.2219259700514677,2,3,-1.4079500517925618,0,False,_Pentrexcilina Adult TOTAL RELIEF  Multi_Symptom 6 fl oz (177 ml)_comp,True,-1.097110573129627,1,2,-1.097110573129627,0
H593-cd810ce4f68ec2e45cc2c736,OUTCOME-0212,430984_86324016_ASP_Severe_Cld_Flu_Eff_20ct_Crtn_FDA1,4307e640e3e4b993a792a0030fe96b8501fe6e1375f37fcb8115bccccdf67258,2,already_correct,True,1,False,20,True,True,430984_86324016_ASP_Severe_Cld_Flu_Eff_20ct_Crtn_FDA1,True,0.967226949113206,1,1,0.967226949113206,0,True,430984_86324016_ASP_Severe_Cld_Flu_Eff_20ct_Crtn_FDA1,True,3.2395894922735984,1,1,3.2395894922735984,0,True,430984_86324016_ASP_Severe_Cld_Flu_Eff_20ct_Crtn_FDA1,True,2.566638582550775,1,1,2.566638582550775,0
H593-cd9b8334e2d223c7319b1ab1,OUTCOME-0411,964901_LR,1f59b78808c09c6bf68702306ba72c84cbbb75e1dfc61bab3c7f1b99aee3b17d,0,target_absent,False,0,False,623,False,False,stool-with-laxative-8-6-red-tablets-tcl-1,False,0.2562249360177422,,,,,False,stool-with-laxative-8-6-red-tablets-tcl-1,False,2.833208713817881,,,,,False,stool-with-laxative-8-6-red-tablets-tcl-1,False,1.815773089516021,,,,
H593-ce6c88b1a0e4cf5238d2af56,OUTCOME-0255,469584,4d5d4731b2c45171a86a8690a5b3a1819d26c3dd6226f61b0f9104c2f6f56484,2,already_correct,True,1,True,1,True,True,irritated-eye-drops-1,False,-1.8539187889348328,,1,,,True,irritated-eye-drops-1,False,-2.6251694961355705,,1,,,True,irritated-eye-drops-1,False,-1.1229080060670489,,1,,
H593-ce727d9df349b4a2b09b0569,OUTCOME-0659,bb morning carton,48c57d44808de17cdd8b52db0f71a5a8fbbf9d2f4ab10a1751ec128aed4a3ff5,4,already_correct,True,1,True,1,True,True,BBCream.tube,False,-6.967623279573398,,1,,,True,long wear get over bb carton,False,-14.808964013975272,,1,,,True,BBCream.tube,False,-8.269209857034049,,1,,
H593-cf3d303c6942b97f41b6fc64,OUTCOME-0372,80mg-cart-np,f15f4acea549124570f8e5b5e20c5575b2b6e0d49386891fe5a7552afc90436f,0,already_correct,True,1,True,1,True,True,docetaxel-injection-spl-carton-2ml,False,-5.003251916630362,,1,,,True,docetaxel-injection-spl-carton-2ml,False,-11.514108325861235,,1,,,True,docetaxel-injection-spl-carton-2ml,False,-6.699836614328817,,1,,
H593-cf4370c2b7c1a87bc4ed328c,DIFFICULT-0028,406heb,876e9a6c8b596c741810be05ef83bc4037f224102f15277c78e9afa9a641a3ab,3,already_correct,True,1,False,2,True,False,406heb,True,-0.4705075453146258,1,2,-0.4705075453146258,0,True,406heb,True,1.3103189652882232,1,1,1.3103189652882232,0,True,406heb,True,0.064814085985196,1,1,0.064814085985196,0
H593-d093d4d47fdd62dc2cac68b2,OUTCOME-0730,dro0b-0001-04,0afd089c456e855f9466067a75179f94b4fb386831d044fd18ff0bcd22e0d3f4,2,already_correct,True,1,False,2,True,True,dro0b-0001-04,True,0.8608323181441686,1,1,0.8608323181441686,0,True,dro0b-0001-04,True,4.01405280312512,1,1,4.01405280312512,0,True,dro0b-0001-04,True,2.4282115059303844,1,1,2.4282115059303844,0
H593-d1ddd31574e73913b670ac2f,OUTCOME-0445,ASP Cough Mucus Congestion PMG 24ct,055e3d0a2ba828c5df95354fc5d80825fa129f679641c7a5ba585b5c8911a1f9,1,wrong_RAW_and_challenger,True,1,False,10,False,False,ASP Sinus Congestion Pain PMG 24ct,False,-0.17934142109065032,3,4,-0.3327025518042034,0,False,ASP Sinus Congestion Pain PMG 24ct,False,1.8697245073761128,2,2,1.4964836965360462,0,False,ASP Sinus Congestion Pain PMG 24ct,False,1.211846238262325,2,2,1.0887808203621927,0
H593-d26d0257a133ee3b7d65501b,OUTCOME-0220,430984_86324016_ASP_Severe_Cld_Flu_Eff_20ct_Crtn_FDA1,4307e640e3e4b993a792a0030fe96b8501fe6e1375f37fcb8115bccccdf67258,2,already_correct,True,1,False,4,True,True,430984_86324016_ASP_Severe_Cld_Flu_Eff_20ct_Crtn_FDA1,True,0.003073584319106759,1,1,0.003073584319106759,0,True,430984_86324016_ASP_Severe_Cld_Flu_Eff_20ct_Crtn_FDA1,True,2.317187726675783,1,1,2.317187726675783,0,True,430984_86324016_ASP_Severe_Cld_Flu_Eff_20ct_Crtn_FDA1,True,1.132258079276486,1,1,1.132258079276486,0
H593-d29e3883066f9b27a2a4c21a,OUTCOME-0569,alp0b-0002-29,1a231675f970ef17d8df9d796fcc4f991f31e3ecab14c9f45454f336dc22786a,0,already_correct,True,1,True,1,True,True,alp0b-0002-27,False,-1.2395924510183838,,1,,,True,alp0b-0002-27,False,-1.2693648587842523,,1,,,True,alp0b-0002-27,False,-1.2591158017539952,,1,,
H593-d2bb8fcad397d4f761848233,OUTCOME-0133,200000002710_Final,5e1903b41967d7091402cde6aa7a4b83e5df5f58a2bef1439e218f802ca6cf53,4,wrong_RAW_and_challenger,True,1,False,7,False,False,careone-arthritis-pain-relief-carton-image,False,-0.5573814605410119,8,9,-1.2832467760562762,0,False,careone-arthritis-pain-relief-carton-image,False,0.5342541477558442,8,9,-1.6694528029854316,0,False,42168 KG C2 Kroger Pain 36_9-13-2019,False,0.2750480687557948,21,22,-1.345259516710858,0
H593-d2ef20eeb4ce3ad7cf1b74d2,OUTCOME-0661,bbx08-0000-01,e54a0a27f9b030e92d3186f1b9feb159b51d71cced53115c3612eb3000f84093,4,already_correct,True,1,False,9,True,False,bbx08-0000-01,True,-0.3994817169529322,1,2,-0.3994817169529322,0,True,bbx08-0000-01,True,1.0851297945993967,1,1,1.0851297945993967,0,True,bbx08-0000-01,True,0.6139813631323867,1,1,0.6139813631323867,0
H593-d34d6636f26c3f3a95c899cd,OUTCOME-0481,Anti-wrinkle EYE CREAM,c88cdb15edcd25a88595edf90f1fc3fef1e374c4e494fb4a4e8accfe55137d0a,1,already_correct,True,1,True,1,True,True,tersi-5,False,-7.36273795880912,,1,,,True,Arthcal ESTROGEN CREAM,False,-18.335841041118613,,1,,,True,tersi-5,False,-9.176559918558205,,1,,
H593-d35facd3bcef8508d52b6098,DIFFICULT-0104,int08-0008-17,dca95ffa60d30d6597de3bfed4a27b53d657ea2e90a8d6ee6aa513316eee9848,0,already_correct,True,1,True,1,True,True,int08-0008-07,False,-1.323495934481862,,1,,,True,int08-0008-07,False,-1.5154026576859665,,1,,,True,int08-0008-07,False,-1.4707108807980727,,1,,
H593-d404e46663a91ac00c5f1973,OUTCOME-0340,766-e9-infants-pain-and-fever,8ad47f26cd065ca57d3a68d2c5f31cd9eeb977294c710ac87f6e9c84b24866ea,0,already_correct,True,1,True,1,True,True,careone-infants-acetaminophen-160mg-per-5ml-grape-carton-image,False,-2.3127384397376565,,1,,,True,careone-infants-acetaminophen-160mg-per-5ml-grape-carton-image,False,-4.775263432357003,,1,,,True,careone-infants-acetaminophen-160mg-per-5ml-grape-carton-image,False,-3.001007252945751,,1,,
H593-d436f10dfd701cc9385e8423,OUTCOME-0724,cuvitru-19,d3d9e86636e760b3c7ab9d0366cce29c32d905942a4e7efc24b4feb559ccafdb,2,already_correct,True,1,True,1,True,True,cuvitru-13,False,-3.4720749432971627,,1,,,True,cuvitru-13,False,-7.1777081740655735,,1,,,True,cuvitru-13,False,-4.885953780410617,,1,,
H593-d49db6c43ed93ffbd53c56b2,DIFFICULT-0007,350 label,ff5ec2587aa3b0cdf9f678e20f8a78ed21590c17b5931d4adc290fe15bf09b84,3,already_correct,True,1,True,1,True,True,ASP Cold and Flu FizzyChews 24ct,False,-4.241927944119505,,1,,,True,ASP Cold and Flu FizzyChews 24ct,False,-10.582151679014727,,1,,,True,430984_86324016_ASP_Severe_Cld_Flu_Eff_20ct_Crtn_FDA1,False,-5.039807144467382,,1,,
H593-d4eb99839abe07f70ec9fa06,OUTCOME-0729,dro0b-0001-04,0afd089c456e855f9466067a75179f94b4fb386831d044fd18ff0bcd22e0d3f4,2,already_correct,True,1,True,1,True,True,dro0b-0001-02,False,-3.5012695950100317,,1,,,True,dro0b-0001-02,False,-7.361011829363667,,1,,,True,dro0b-0001-02,False,-4.829444966635104,,1,,
H593-d4fd56aea7e4dc41f9436c8f,OUTCOME-0108,1g7-17-allergy-nasal-spray,c7abd98eade15d0ac417dcdde657be6a64e3cb837a808045d084fee49bf7d2a4,3,already_correct,True,1,False,18,True,True,1g7-17-allergy-nasal-spray,True,0.24255209632199626,1,1,0.24255209632199626,0,True,1g7-17-allergy-nasal-spray,True,3.072220810535589,1,1,3.072220810535589,0,True,1g7-17-allergy-nasal-spray,True,1.1183215755378202,1,1,1.1183215755378202,0
H593-d67beb79b7f0a02cac2b3621,OUTCOME-0205,300000538_R-00_Final,f90fb756794a5ae5c68d05c56cb486456e64d83f751a66bbf1ddae3fcb43bb13,3,target_absent,False,0,False,1839,False,False,clotrimazole-vaginal-cream-delisted-1,False,-0.09889984685319475,,,,,False,clotrimazole-vaginal-cream-delisted-1,False,2.296778978424466,,,,,False,clotrimazole-vaginal-cream-delisted-1,False,0.7479636612782714,,,,
H593-d738b62fe4ce9ca980d24764,OUTCOME-0281,5fe0ce14-bc11-4b43-b002-7efdca0d3003-04,c36d84d6c8d54c84a5f0b431f53eb8775569f16793018d5e6c57459cf8e20e49,4,target_absent,False,0,False,628,False,False,Bottle9,False,-0.4719098801564473,,,,,False,Bottle9,False,0.7208987152164843,,,,,False,ART_12708455,False,0.5928980175414513,,,,
H593-d847127af2275cebc7d0a855,OUTCOME-0049,10 mL carton,caadf690e51b6ae8aa69d3ebfb189f9ae43f3e3bde9aadd83d79e71a9ed27df7,4,already_correct,True,1,True,1,True,True,0186ce28-7aa2-4c47-9c64-afe13fd1ef6e-21,False,-2.7181378465348245,,1,,,True,0186ce28-7aa2-4c47-9c64-afe13fd1ef6e-21,False,-5.722789765466682,,1,,,True,0186ce28-7aa2-4c47-9c64-afe13fd1ef6e-21,False,-3.4815172539758317,,1,,
H593-d89ee18850bb49f7986e065b,OUTCOME-0101,1g7-17-allergy-nasal-spray,c7abd98eade15d0ac417dcdde657be6a64e3cb837a808045d084fee49bf7d2a4,3,already_correct,True,1,True,1,True,True,cvs-health-childrens-fluticasone-propionate-nasal-spray-carton-image,False,-2.0546536673365265,,1,,,True,cvs-health-childrens-fluticasone-propionate-nasal-spray-carton-image,False,-3.8284261482467925,,1,,,True,cvs-health-childrens-fluticasone-propionate-nasal-spray-carton-image,False,-2.526364535049919,,1,,
H593-d95db08b3f39be7256ba6c14,OUTCOME-0815,vetoryl-09,7abc0d7c0e302804a40dcf309dece25b925a424ae8a43fd70cd693d41ebfc54f,2,locked_wrong_SWITCH,True,1,False,16,False,False,vetoryl-05,False,0.9596945772561991,6,7,-0.2578673462610769,0,False,vetoryl-05,False,4.127821855121075,6,6,0.6919652841261088,0,False,vetoryl-05,False,2.499624692669398,6,6,1.2954509712346094,0
H593-da02d3441b2c6b4597eeecd4,OUTCOME-0211,430984_86324016_ASP_Severe_Cld_Flu_Eff_20ct_Crtn_FDA1,4307e640e3e4b993a792a0030fe96b8501fe6e1375f37fcb8115bccccdf67258,2,already_correct,True,1,True,1,True,True,ASP Cold and Flu FizzyChews 24ct,False,-2.4515008563196146,,1,,,True,85740989_20ct_Ctn1,False,-4.7911779978943425,,1,,,True,85740989_20ct_Ctn1,False,-2.689248004186303,,1,,
H593-db15ccfd642dc2496260750d,OUTCOME-0414,964901_LR,1f59b78808c09c6bf68702306ba72c84cbbb75e1dfc61bab3c7f1b99aee3b17d,0,already_correct,True,1,True,1,True,True,walgreens-44-556-1,False,-4.181217308400167,,1,,,True,walgreens-44-556-1,False,-9.611047374609296,,1,,,True,walgreens-44-556-1,False,-5.762529548368644,,1,,
H593-dc202d508f99c4a7bcb3f66b,OUTCOME-0767,lox01-0004-14,2aa1e6c4bb63c1bf91f9200ac8983a2fdb8a3d86fcbc58c5f88c921023045af6,1,already_correct,True,1,True,1,True,True,meloxidyl-10,False,-2.277240536753787,,1,,,True,meloxidyl-10,False,-3.8323653021699053,,1,,,True,ent03-0003-07,False,-0.8524098446599242,,1,,
H593-dc49d87eddb7dcd54a502ee3,NDV2-005-P04,24 mg Comfor-trate Tab,5993f2caf420c9a99c193d33f748eea45f5c55ab4832c947913f7c005ada8f7b,0,already_correct,True,1,True,1,True,True,160 mg Comfor-trate Tab,False,-1.2497475562131344,,1,,,True,160 mg Comfor-trate Tab,False,-1.2617920873504267,,1,,,True,60 mg Comfor-trate Tab,False,-1.2210632571213151,,1,,
H593-dcd3ccb47c9158d5e5bf7f4f,OUTCOME-0800,tul01-0001-02,d03ec6170d58ac2d6198068ac9aa233411e9b70ad6019840f643fdabcc4a9adf,3,already_correct,True,1,True,1,True,True,250mLcarton,False,-4.651317211313751,,1,,,True,250mLcarton,False,-11.043498485994995,,1,,,True,250mLcarton,False,-5.587545875214412,,1,,
H593-dcefc56c2ddbfcd758644177,OUTCOME-0259,4_Kids_Oral_Pain_Relief,d39c757e2a4c76e8e9403fd84708b3c233de7ca0b40197f435ceb3a48272b73f,3,already_correct,True,1,True,1,True,True,2d7b9146-5af9-16d5-e063-6294a90ada59,False,-1.685196856092188,,1,,,True,2d7b9146-5af9-16d5-e063-6294a90ada59,False,-2.6098951295377253,,1,,,True,2d7b9146-5af9-16d5-e063-6294a90ada59,False,-0.8666616174864843,,1,,
H593-dcf09c09df4f20df9122bf55,OUTCOME-0490,AntifluDesbx,0748babacede700838aa4a895d8d3238fc567929c58d772ed17e063e9856bb96,2,already_correct,True,1,True,1,True,True,naoproxen-sodium-220-mg-softgels-pur-1,False,-3.038856618470659,,1,,,True,naoproxen-sodium-220-mg-softgels-pur-1,False,-6.071464091077814,,1,,,True,naoproxen-sodium-220-mg-softgels-pur-1,False,-2.614951674630564,,1,,
H593-dd30b52d4199a64c81b4976c,OUTCOME-0228,45-carton-ai,131b059227e8e198d5556d3c77a12b94efae9837ff4f020b91f223056c73465a,4,already_correct,True,1,True,1,True,True,abrilada-36,False,-4.621919352904622,,1,,,True,abrilada-36,False,-10.397733152543776,,1,,,True,abrilada-36,False,-4.862129545963826,,1,,
H593-dd91c965c4987a6f11b4d08b,OUTCOME-0104,1g7-17-allergy-nasal-spray,c7abd98eade15d0ac417dcdde657be6a64e3cb837a808045d084fee49bf7d2a4,3,already_correct,True,1,False,2,True,False,1g7-17-allergy-nasal-spray,True,-0.5242772074868735,1,2,-0.5242772074868735,0,True,1g7-17-allergy-nasal-spray,True,1.0965943834066088,1,1,1.0965943834066088,0,False,1g7-17-allergy-nasal-spray,True,-0.1006733608153767,1,2,-0.1006733608153767,0
H593-dda20b76d5b7af6159053c31,OUTCOME-0479,Anti-wrinkle EYE CREAM,c88cdb15edcd25a88595edf90f1fc3fef1e374c4e494fb4a4e8accfe55137d0a,1,already_correct,True,1,True,1,True,True,Bottle9,False,-8.084158428674732,,1,,,True,Bottle9,False,-19.91135779805149,,1,,,True,Bottle9,False,-10.069409821808096,,1,,
H593-ddd029aad5773c59147bd25d,OUTCOME-0460,AlkaSeltzer_36,1efff5d5855cab66509977a0b8d496f45b9a66147726f1323cdd42a873075386,1,already_correct,True,1,True,1,True,True,AS Original 12 count carton,False,-2.0091368706349293,,1,,,True,AS Original 12 count carton,False,-3.5393133437442614,,1,,,True,AS Original 12 count carton,False,-1.9920822198882526,,1,,
H593-ddead65d98e659c927cda92c,OUTCOME-0795,tul01-0001-02,d03ec6170d58ac2d6198068ac9aa233411e9b70ad6019840f643fdabcc4a9adf,3,already_correct,True,1,True,1,True,True,Doraject injectable solution-500 mL Carton,False,-0.744286670540276,,1,,,False,Doraject injectable solution-500 mL Carton,False,0.3092556618649902,,4,,,False,Doraject injectable solution-500 mL Carton,False,0.06337804579630757,,3,,
H593-de1e1f6f272fc318dc3c5875,OUTCOME-0416,A41(1),6041aa5f85f4424e5ea88d82fcb2c3a2efe067770270d57d823d934e313867bf,3,locked_wrong_SWITCH,True,1,False,2,False,False,(BUX0ABS1)-Back-card,False,0.17357772552848738,32,33,-2.068168369857891,0,False,(BUX0ABS1)-Back-card,False,2.8611913454967595,35,36,-3.765154464626978,0,False,(BUX0ABS1)-Back-card,False,1.061790650088126,49,50,-2.3670807670251035,0
H593-de48d9ea86e26c33436d5659,OUTCOME-0421,A41(1),6041aa5f85f4424e5ea88d82fcb2c3a2efe067770270d57d823d934e313867bf,3,already_correct,True,1,True,1,True,True,A50(1),False,-4.390796754779921,,1,,,True,A50(1),False,-10.019902000481103,,1,,,True,A50(1),False,-5.38052446356454,,1,,
H593-de5f802ba95b660402a7eb35,OUTCOME-0798,tul01-0001-02,d03ec6170d58ac2d6198068ac9aa233411e9b70ad6019840f643fdabcc4a9adf,3,already_correct,True,1,True,1,True,True,arovyn-03,False,-0.7544170074536896,,1,,,False,arovyn-03,False,0.6058014607825042,,2,,,True,arovyn-03,False,-0.30805666372943463,,1,,
H593-dee44c3e2310634d9bc6b455,OUTCOME-0713,ciprofloxacin-ophthalmic-solution-2pt5ml-carton,86244889a9cf4aa3df9f971885f8dfcec40ce965b829d12b7deb1eb31c2e4e44,0,already_correct,True,1,True,1,True,True,10ML,False,-2.3906078835767017,,1,,,True,10ML,False,-5.0413265902660385,,1,,,True,10ML,False,-3.4621862241648187,,1,,
H593-deeedb839c4275fee269e4b1,OUTCOME-0326,75 100s carton,27398dad6e577a6cdc7867303a9c586cdf14f835803381e1ac3586b1bec33c43,0,already_correct,True,1,True,1,True,True,Bismuth Subsalicylate Capsules-carton,False,-7.3155184039983325,,1,,,True,Bismuth Subsalicylate Capsules-carton,False,-19.058129956915376,,1,,,True,Bismuth Subsalicylate Capsules-carton,False,-8.959538301272843,,1,,
H593-df2b460cafbe7908b36c9f41,DIFFICULT-0009,3T3-bn-lansoprazole,7309194c945cf747ac938c081c8e1c7587ee93c9427836b98aa713829ad9307b,4,already_correct,True,1,True,1,True,True,lansoprazole-dr-capsules-usp-15-mg-1,False,-3.6121066979030996,,1,,,True,lansoprazole-dr-capsules-usp-15-mg-1,False,-7.2023987645697245,,1,,,True,lansoprazole-dr-capsules-usp-15-mg-1,False,-4.825344791363633,,1,,
H593-dff5ad1efb50ad282dc69f32,OUTCOME-0601,askindr carton,c13e6a469d26dd360022a4ba3af2d2bdbb230082c9e605b822c0f5806f9b9bc9,3,already_correct,True,1,True,1,True,True,baoshimianshuang,False,-3.2357529603752884,,1,,,True,baoshimianshuang,False,-7.564720023421888,,1,,,True,baoshimianshuang,False,-3.8824965294486127,,1,,
H593-e0504cc23358865e805ab7d8,OUTCOME-0722,cuvitru-19,d3d9e86636e760b3c7ab9d0366cce29c32d905942a4e7efc24b4feb559ccafdb,2,new_wrong_SWITCH,True,1,True,1,False,True,cuvitru-13,False,-0.9029011161016407,,1,,,True,cuvitru-13,False,-0.007319490601404466,,1,,,True,cuvitru-13,False,-0.09546133584747096,,1,,
H593-e074e8a735231d914b14563a,OUTCOME-0757,kedbumin-02,a5cc6cd71cb98a23641d9032f2abdbe55a284b95eedc14e13d1ab9d93b7adc76,1,already_correct,True,1,True,1,True,True,76125-792-carton,False,-5.4567657797231846,,1,,,True,76125-792-carton,False,-11.846735857076496,,1,,,True,76125-792-carton,False,-7.496452344427226,,1,,
H593-e144503cb73837b393fd64a7,NDV2-003-P01,160mgcarton,5993f2caf420c9a99c193d33f748eea45f5c55ab4832c947913f7c005ada8f7b,0,already_correct,True,1,True,1,True,True,16mgcarton,False,-1.142466306850335,,1,,,True,16mgcarton,False,-0.9622971871549204,,1,,,True,16mgcarton,False,-1.1686714886646339,,1,,
H593-e145bcae800e8d359e4d9bc7,OUTCOME-0401,83324304-60,dabd4e44228b0c3fe4d6e936d82cc48dbee71a26baad248be0f99f22cd2424cf,0,already_correct,True,1,True,1,True,True,GasRelief.carton,False,-2.623353230269891,,1,,,True,GasRelief.carton,False,-5.637111573748578,,1,,,True,GasRelief.carton,False,-3.4381921035831784,,1,,
H593-e1d2c7ca3a91606fdef2a012,OUTCOME-0464,AlkaSeltzer_36,1efff5d5855cab66509977a0b8d496f45b9a66147726f1323cdd42a873075386,1,already_correct,True,1,True,1,True,True,AS Original 12 count carton,False,-1.7171920226933535,,1,,,True,AS Original 12 count carton,False,-2.492064919954708,,1,,,True,AS Original 12 count carton,False,-1.7338810412519086,,1,,
H593-e1fc157329d8b0eed6101eee,OUTCOME-0158,2021 Lice Freee!_6ozPOP R2a,162fd69cd74c8e3f1f06ce6bb5fec631f657a623f060862dbcc70a39fc026e96,3,already_correct,True,1,True,1,True,True,2021KillsSuperLice_LicefreeKit R3_Page_1,False,-4.326386154194267,,1,,,True,2021KillsSuperLice_LicefreeKit R3_Page_1,False,-10.157398261406385,,1,,,True,2021KillsSuperLice_LicefreeKit R3_Page_1,False,-5.23879163923078,,1,,
H593-e231dadc5ef7695b0c738e54,OUTCOME-0141,200000002710_Final,5e1903b41967d7091402cde6aa7a4b83e5df5f58a2bef1439e218f802ca6cf53,4,wrong_RAW_and_challenger,True,1,False,7,False,False,CDER_50ct,False,-0.6897272288476978,4,5,-1.0352959312549812,0,False,CDER_50ct,False,0.11021190108415624,4,5,-0.6997126547914605,0,False,CDER 24ct,False,-0.06466528466844568,9,10,-0.6097134855330814,0
H593-e2472468e840fd9de1c1724f,OUTCOME-0634,athletes-01,ef7d75f57f11d1174b60813355c0cf7d7dce1009b41f2c7a54cf612906b3dea7,4,already_correct,True,1,True,1,True,True,CANESTEN C2,False,-6.065239036390235,,1,,,True,CANESTEN C2,False,-12.449303379838986,,1,,,True,CANESTEN C2,False,-7.383142649272557,,1,,
H593-e2df8b1f9a0066d722f177e2,OUTCOME-0153,200000003252_R-00_28ct,da19e4e6b83d15ea83c05ab2e67a7e30bde059231ecd7dfb7f93382fc5e60b98,1,already_correct,True,1,False,2,True,True,200000003252_R-00_28ct,True,0.48547770217150243,1,1,0.48547770217150243,0,True,200000003252_R-00_28ct,True,3.1219850154035544,1,1,3.1219850154035544,0,True,200000003252_R-00_28ct,True,2.3269848178106725,1,1,2.3269848178106725,0
H593-e3a1eef1c2822562c67fe0fa,OUTCOME-0051,10 mL carton,caadf690e51b6ae8aa69d3ebfb189f9ae43f3e3bde9aadd83d79e71a9ed27df7,4,already_correct,True,1,True,1,True,True,Dexmedvet Carton,False,-5.2135655547086195,,1,,,True,Dexmedvet Carton,False,-12.010645374489414,,1,,,True,0186ce28-7aa2-4c47-9c64-afe13fd1ef6e-04,False,-5.662598327740146,,1,,
H593-e439fefab23845c41029c64b,OUTCOME-0148,200000003252_R-00_28ct,da19e4e6b83d15ea83c05ab2e67a7e30bde059231ecd7dfb7f93382fc5e60b98,1,already_correct,True,1,False,2,True,True,200000003252_R-00_28ct,True,1.8350808915307426,1,1,1.8350808915307426,0,True,200000003252_R-00_28ct,True,5.603950999371738,1,1,5.603950999371738,0,True,200000003252_R-00_28ct,True,3.899570198016663,1,1,3.899570198016663,0
H593-e5866ba677990acd1f32d391,OUTCOME-0478,Anti-wrinkle EYE CREAM,c88cdb15edcd25a88595edf90f1fc3fef1e374c4e494fb4a4e8accfe55137d0a,1,already_correct,True,1,True,1,True,True,baoshimianshuang,False,-6.210270263044642,,1,,,True,applicell perfect eye cream carton,False,-14.611477924695414,,1,,,True,baoshimianshuang,False,-7.9536743157666585,,1,,
H593-e5e24ebb2040c92eaea0764e,OUTCOME-0483,Anti-wrinkle EYE CREAM,c88cdb15edcd25a88595edf90f1fc3fef1e374c4e494fb4a4e8accfe55137d0a,1,already_correct,True,1,True,1,True,True,A50(1),False,-6.19035537771598,,1,,,True,A50(1),False,-13.827783382870042,,1,,,True,A50(1),False,-8.231218489771413,,1,,
H593-e5e96cde696cb0a0236052a9,OUTCOME-0440,ASP Cough Mucus Congestion PMG 24ct,055e3d0a2ba828c5df95354fc5d80825fa129f679641c7a5ba585b5c8911a1f9,1,already_correct,True,1,True,1,True,True,ASP Cold Cough PMG 24ct,False,-1.7801578198680765,,1,,,True,ASP Cold Cough PMG 24ct,False,-2.947003868367079,,1,,,True,ASP Cold Cough PMG 24ct,False,-2.140331407956718,,1,,
H593-e692515f387c7a5fc759c07c,NDV2-005-P02,24 mg Comfor-trate Tab,5993f2caf420c9a99c193d33f748eea45f5c55ab4832c947913f7c005ada8f7b,0,already_correct,True,1,True,1,True,True,160 mg Comfor-trate Tab,False,-1.0623436193906002,,1,,,True,160 mg Comfor-trate Tab,False,-0.858189277814321,,1,,,True,160 mg Comfor-trate Tab,False,-1.1117302274724707,,1,,
H593-e69eb7b78aae86a02db13aa6,DIFFICULT-0061,bef4f237-ccb8-4d28-bfc2-41c511a17d7f-01,f16447b66992689bdb8350dadcb85602511b1bd2c18265a511e90bf7d2910d9c,1,already_correct,True,1,False,4,True,True,bef4f237-ccb8-4d28-bfc2-41c511a17d7f-01,True,0.26102209107270213,1,1,0.26102209107270213,0,True,bef4f237-ccb8-4d28-bfc2-41c511a17d7f-01,True,2.825027552472207,1,1,2.825027552472207,0,True,bef4f237-ccb8-4d28-bfc2-41c511a17d7f-01,True,1.977340447165075,1,1,1.977340447165075,0
H593-e745d1315c4f8a09abbb528a,OUTCOME-0200,300000538_R-00_Final,f90fb756794a5ae5c68d05c56cb486456e64d83f751a66bbf1ddae3fcb43bb13,3,already_correct,True,1,True,1,True,True,F1192B04CAR_R0,False,-4.492071761203323,,1,,,True,F1192B04CAR_R0,False,-10.799166079208627,,1,,,True,F1192B04CAR_R0,False,-5.365573290220422,,1,,
H593-e7f81704d24ad28f3ed69f17,OUTCOME-0623,athletes-01,ef7d75f57f11d1174b60813355c0cf7d7dce1009b41f2c7a54cf612906b3dea7,4,already_correct,True,1,True,1,True,True,Clotrimazole_carton,False,-5.9263186852266525,,1,,,True,Publix Athlete's Foot 1 oz Carton,False,-12.421495397077955,,1,,,True,Clotrimazole_carton,False,-7.20498814991333,,1,,
H593-e8352d4faef37224ec8d3c87,OUTCOME-0742,int07-0006-04,30a739efc9fa2fbc6556b4a23a5b909fd205591b6158bb099a4dd09818a8f35e,3,wrong_RAW_and_challenger,True,1,False,2,False,False,int07-0006-07,False,-0.7586978202256729,5,6,-1.6019632060165203,0,False,int07-0006-07,False,0.5115504896004957,6,7,-2.416814675732808,0,False,int07-0006-07,False,-0.23902794970790908,9,10,-1.8228421255273473,0
H593-e8c8ae988bf96315bca9637e,OUTCOME-0131,200000002710_Final,5e1903b41967d7091402cde6aa7a4b83e5df5f58a2bef1439e218f802ca6cf53,4,already_correct,True,1,False,48,True,True,200000002710_Final,True,0.5142781189027392,1,1,0.5142781189027392,0,True,200000002710_Final,True,2.0933254253507165,1,1,2.0933254253507165,0,True,200000002710_Final,True,1.82569911517821,1,1,1.82569911517821,0
H593-e92fe753ade85e2fd385e8fd,OUTCOME-0162,2021 Lice Freee!_6ozPOP R2a,162fd69cd74c8e3f1f06ce6bb5fec631f657a623f060862dbcc70a39fc026e96,3,already_correct,True,1,True,1,True,True,2021KillsSuperLice_LicefreeKit R3_Page_1,False,-3.305536733992657,,1,,,True,2021KillsSuperLice_LicefreeKit R3_Page_1,False,-7.46785641295992,,1,,,True,2021KillsSuperLice_LicefreeKit R3_Page_1,False,-4.037534520826033,,1,,
H593-e99d58a3d13a742bf663ba50,OUTCOME-0283,5fe0ce14-bc11-4b43-b002-7efdca0d3003-04,c36d84d6c8d54c84a5f0b431f53eb8775569f16793018d5e6c57459cf8e20e49,4,already_correct,True,1,True,1,True,True,0c3cd915-babe-49c0-8aac-bf0247a17f3e-01,False,-1.6682142311522083,,1,,,True,0c3cd915-babe-49c0-8aac-bf0247a17f3e-01,False,-2.415249442937315,,1,,,True,0c3cd915-babe-49c0-8aac-bf0247a17f3e-01,False,-1.6164148095252155,,1,,
H593-ea052fca527e8b385b91ced6,OUTCOME-0629,athletes-01,ef7d75f57f11d1174b60813355c0cf7d7dce1009b41f2c7a54cf612906b3dea7,4,already_correct,True,1,True,1,True,True,1231 IN MASTER (R181022-2),False,-3.880598634006528,,1,,,True,1231 IN MASTER (R181022-2),False,-8.309272903114762,,1,,,True,1231 IN MASTER (R181022-2),False,-4.8552639037175,,1,,
H593-ea6da1ea39a3b6c4df654b68,OUTCOME-0317,75 100s carton,27398dad6e577a6cdc7867303a9c586cdf14f835803381e1ac3586b1bec33c43,0,already_correct,True,1,True,1,True,True,dexedrine-dextroamphetamine-sulfate-spansule-susta-7,False,-3.196249508669721,,1,,,True,dexedrine-dextroamphetamine-sulfate-spansule-susta-7,False,-7.510116469055102,,1,,,True,everolimus-8,False,-3.3951758746905303,,1,,
H593-eadfceaa5ec693edd8fe4318,DIFFICULT-0038,5377c041-b6fc-4dde-ac96-bd9e4e94e456-10,da3eaa29e19bcc9bd6181db13c258df73a34d84bc20cb67ca147824a6fc4abe5,2,already_correct,True,1,True,1,True,True,carton 10 mL orange,False,-2.9648094481355862,,1,,,True,carton 10 mL orange,False,-6.041458589087321,,1,,,True,carton 10 mL orange,False,-3.4722174687447214,,1,,
H593-eaf3edda1f071e309b8a2a43,OUTCOME-0140,200000002710_Final,5e1903b41967d7091402cde6aa7a4b83e5df5f58a2bef1439e218f802ca6cf53,4,wrong_RAW_and_challenger,True,1,False,9,False,False,APAP20,False,-0.04222891771210757,5,6,-0.2810854506570195,0,False,APAP20,False,1.7263714277390054,5,5,1.1503522448926384,0,False,APAP8Hr,False,1.0659853489867472,4,4,0.8056306173447074,0
H593-ebb0e74799ca19a69c13cbe6,OUTCOME-0314,6941714017-1,69e8433234f6613d539957d8cd900a9503c3e7bceb31e12adec7cfa0adc6368b,0,already_correct,True,1,False,15,True,True,6941714017-1,True,0.3616662103681185,1,1,0.3616662103681185,0,True,6941714017-1,True,2.9877541395614653,1,1,2.9877541395614653,0,True,6941714017-1,True,2.0364429933424923,1,1,2.0364429933424923,0
H593-ebcc7ec67efc54601b0acdc3,DIFFICULT-0029,406heb,876e9a6c8b596c741810be05ef83bc4037f224102f15277c78e9afa9a641a3ab,3,already_correct,True,1,True,1,True,True,CVS Docusate Clear 30CT,False,-3.958582511094379,,1,,,True,CVS Docusate Clear 30CT,False,-9.168312583538297,,1,,,True,CVS Docusate Clear 30CT,False,-4.89243005481496,,1,,
H593-ebe004fac3a869155a17eaca,OUTCOME-0250,469584,4d5d4731b2c45171a86a8690a5b3a1819d26c3dd6226f61b0f9104c2f6f56484,2,already_correct,True,1,True,1,True,True,carton 10 mL orange,False,-4.554103643902543,,1,,,True,carton 10 mL orange,False,-9.635247423350247,,1,,,True,carton 10 mL orange,False,-6.090525463375937,,1,,
H593-ec2c7b5e62c36bab4a4ce68f,OUTCOME-0501,AntifluDesbx,0748babacede700838aa4a895d8d3238fc567929c58d772ed17e063e9856bb96,2,already_correct,True,1,True,1,True,True,F111905QCH_R0_DF012313,False,-2.884635685083609,,1,,,True,F111905QCH_R0_DF012313,False,-5.5709185348455,,1,,,True,F111905QCH_R0_DF012313,False,-2.4997515699669095,,1,,
H593-ec3836db486607fb464da173,NDV2-011-P01,Bacitracin  14.2g 0.5oz carton label rev 09 2021,f136ca0b9c716fcae1884f370b2cc9c1a38f30e5a477d50097f50ecb3c76d60b,4,already_correct,True,1,True,1,True,True,Bacitracin Zinc Ointment USP Carton 1oz(28.4g) Rev 02-22,False,-1.7478330501512707,,1,,,True,Bacitracin Zinc Ointment USP Carton 1oz(28.4g) Rev 02-22,False,-2.721124576311098,,1,,,True,Bacitracin Zinc Ointment USP Carton 1oz(28.4g) Rev 02-22,False,-1.946043042394694,,1,,
H593-ec3b4c5b9e5c85d7f1c77e04,DIFFICULT-0126,sevospire-02,c04b390c7ae86a0d21958115ce19bd1ed22c76ff1b8fb240f01405c8bf9231ec,2,already_correct,True,1,True,1,True,True,isospire-02,False,-2.7711235178786375,,1,,,True,isospire-02,False,-5.59628051022955,,1,,,True,ent03-0003-07,False,-3.0574476428424324,,1,,
H593-edaf6d7ae2f6b07a0947ebe4,OUTCOME-0099,1g7-17-allergy-nasal-spray,c7abd98eade15d0ac417dcdde657be6a64e3cb837a808045d084fee49bf7d2a4,3,already_correct,True,1,True,1,True,True,cvs-health-childrens-fluticasone-propionate-nasal-spray-carton-image,False,-2.270142599091112,,1,,,True,cvs-health-childrens-fluticasone-propionate-nasal-spray-carton-image,False,-4.459675138481295,,1,,,True,cvs-health-childrens-fluticasone-propionate-nasal-spray-carton-image,False,-2.75375633359534,,1,,
H593-edb743470b7490b0360aa942,DIFFICULT-0133,sevospire-02,c04b390c7ae86a0d21958115ce19bd1ed22c76ff1b8fb240f01405c8bf9231ec,2,already_correct,True,1,True,1,True,True,isospire-02,False,-2.9981594424438924,,1,,,True,isospire-02,False,-6.30642077888363,,1,,,True,isospire-02,False,-3.8193601529918637,,1,,
H593-eed1fdcec6a5fc782b62b0e2,OUTCOME-0607,aspirin_nsaid-1,b59977829e4879950db4969ecaf00ca81d1c8111d9b7a12c396ccf0401db452e,3,already_correct,True,1,True,1,True,True,best-choice-44-600a-1,False,-2.637776046941002,,1,,,True,best-choice-44-600a-1,False,-5.6531256542168755,,1,,,True,best-choice-44-600a-1,False,-3.0287532811543483,,1,,
H593-eed6c85ca855e4ae9630c4d1,OUTCOME-0695,carton-1-gram-10-vial-pack-premier,90d7a704ad7bf679580bc4dbadbe13884f491d2e338402f4d4437c2ffd66ab93,2,wrong_RAW_and_challenger,True,1,False,2,False,False,noc01-0000-15,False,-0.9157918229267563,21,22,-3.12157223014042,0,False,noc01-0000-15,False,-0.23299841106710972,29,30,-6.472160877535007,0,False,noc01-0000-15,False,0.32658741652099144,69,70,-3.994483609399243,0
H593-efa7a88b273f82ecd4fef43c,DIFFICULT-0039,5377c041-b6fc-4dde-ac96-bd9e4e94e456-10,da3eaa29e19bcc9bd6181db13c258df73a34d84bc20cb67ca147824a6fc4abe5,2,already_correct,True,1,True,1,True,True,clobetasol-propionate-topical-solution-carton,False,-1.9018426802417385,,1,,,True,clobetasol-propionate-topical-solution-carton,False,-2.5511927220647905,,1,,,True,clobetasol-propionate-topical-solution-carton,False,-0.9526027366758432,,1,,
H593-f01b0d9567d81975a69f9aef,DIFFICULT-0053,bef4f237-ccb8-4d28-bfc2-41c511a17d7f-01,f16447b66992689bdb8350dadcb85602511b1bd2c18265a511e90bf7d2910d9c,1,already_correct,True,1,True,1,True,True,carton15,False,-2.7197013822040654,,1,,,True,carton15,False,-5.672538375403809,,1,,,True,carton15,False,-3.972332490073619,,1,,
H593-f063b9949afaac7650b24e97,NDV2-011-P04,Bacitracin  14.2g 0.5oz carton label rev 09 2021,f136ca0b9c716fcae1884f370b2cc9c1a38f30e5a477d50097f50ecb3c76d60b,4,already_correct,True,1,False,2,True,True,Bacitracin  14.2g 0.5oz carton label rev 09 2021,True,1.2511775211947358,1,1,1.2511775211947358,0,True,Bacitracin  14.2g 0.5oz carton label rev 09 2021,True,4.592788171457849,1,1,4.592788171457849,0,True,Bacitracin  14.2g 0.5oz carton label rev 09 2021,True,2.5108785296346605,1,1,2.5108785296346605,0
H593-f20e682caad635857fd5f8dd,OUTCOME-0345,766-e9-infants-pain-and-fever,8ad47f26cd065ca57d3a68d2c5f31cd9eeb977294c710ac87f6e9c84b24866ea,0,already_correct,True,1,False,2,True,True,766-e9-infants-pain-and-fever,True,0.5276070576354339,1,1,0.5276070576354339,0,True,766-e9-infants-pain-and-fever,True,3.7795591258891608,1,1,3.7795591258891608,0,True,766-e9-infants-pain-and-fever,True,2.151524227480958,1,1,2.151524227480958,0
H593-f35a8c51ab813d80801658e6,OUTCOME-0139,200000002710_Final,5e1903b41967d7091402cde6aa7a4b83e5df5f58a2bef1439e218f802ca6cf53,4,already_correct,True,1,True,1,True,True,careone-arthritis-pain-relief-carton-image,False,-4.386132371695367,,1,,,True,careone-arthritis-pain-relief-carton-image,False,-8.747609117928612,,1,,,True,careone-arthritis-pain-relief-carton-image,False,-5.667396468689435,,1,,
H593-f3c20abac3dd184a86c429a0,OUTCOME-0173,2021 Lice Freee!_6ozPOP R2a,162fd69cd74c8e3f1f06ce6bb5fec631f657a623f060862dbcc70a39fc026e96,3,already_correct,True,1,True,1,True,True,2021KillsSuperLice_LicefreeKit R3_Page_1,False,-5.002109710477795,,1,,,True,2021KillsSuperLice_LicefreeKit R3_Page_1,False,-11.769276363465279,,1,,,True,2021KillsSuperLice_LicefreeKit R3_Page_1,False,-5.989272471504742,,1,,
H593-f42264b44984bda93155507c,OUTCOME-0555,_Pentrexcilina Adult TOTAL RELIEF  Multi_Symptom 6 fl oz (177 ml)_comp,1007f60c51bf2a9005809d8794f2ee0ba76987b27950ac00057798b1b3be7881,2,already_correct,True,1,False,29,True,False,_Pentrexcilina Adult TOTAL RELIEF  Multi_Symptom 6 fl oz (177 ml)_comp,True,-0.07559381075391469,1,2,-0.07559381075391469,0,True,_Pentrexcilina Adult TOTAL RELIEF  Multi_Symptom 6 fl oz (177 ml)_comp,True,1.6248221146979496,1,1,1.6248221146979496,0,True,_Pentrexcilina Adult TOTAL RELIEF  Multi_Symptom 6 fl oz (177 ml)_comp,True,1.3537524637897844,1,1,1.3537524637897844,0
H593-f522efe671aecfa850b10989,OUTCOME-0333,766-e9-infants-pain-and-fever,8ad47f26cd065ca57d3a68d2c5f31cd9eeb977294c710ac87f6e9c84b24866ea,0,already_correct,True,1,False,11,True,True,766-e9-infants-pain-and-fever,True,1.8595418811360251,1,1,1.8595418811360251,0,True,766-e9-infants-pain-and-fever,True,6.161058100056826,1,1,6.161058100056826,0,True,766-e9-infants-pain-and-fever,True,3.5996653533353418,1,1,3.5996653533353418,0
H593-f56cf6023f8dcccac4693b08,OUTCOME-0723,cuvitru-19,d3d9e86636e760b3c7ab9d0366cce29c32d905942a4e7efc24b4feb559ccafdb,2,already_correct,True,1,True,1,True,True,cuvitru-13,False,-2.678158196707205,,1,,,True,cuvitru-13,False,-5.438971555589171,,1,,,True,cuvitru-13,False,-3.4110573221454112,,1,,
H593-f5c5e96edf25f0e9889f7a90,OUTCOME-0538,SH230414C (250 ml Carton),67c564121b4c0847db261d818757e131684626ea0db83097a0e9610c7cf03222,4,correct_challenger_still_HOLD,True,1,False,2,False,False,SH230414C (250 ml Carton),True,-1.527675696866225,1,2,-1.527675696866225,0,False,SH230414C (250 ml Carton),True,-1.9638796433601906,1,2,-1.9638796433601906,0,False,SH230414C (250 ml Carton),True,-1.4442967347716145,1,2,-1.4442967347716145,0
H593-f76526c33a46334ffd03f393,OUTCOME-0654,bb morning carton,48c57d44808de17cdd8b52db0f71a5a8fbbf9d2f4ab10a1751ec128aed4a3ff5,4,already_correct,True,1,True,1,True,True,bbx0d-0000-01,False,-6.564192158673228,,1,,,True,bbx0d-0000-01,False,-14.34924097143468,,1,,,True,bbx0d-0000-01,False,-7.817278920228844,,1,,
H593-f82866c3a45308bd0b16d5ac,OUTCOME-0499,AntifluDesbx,0748babacede700838aa4a895d8d3238fc567929c58d772ed17e063e9856bb96,2,already_correct,True,1,True,1,True,True,walgreens-44-738-1,False,-1.8140835234508388,,1,,,True,walgreens-44-738-1,False,-2.8805005675623074,,1,,,True,walgreens-44-738-1,False,-1.9729502810623174,,1,,
H593-f84d26c893d33050fff89605,OUTCOME-0353,77l96n1c1,f4cb26eef9646d6dfd71a5bdba8092d2e0f934cd5f8e9ffe627d7c9ba8444f36,1,already_correct,True,1,True,1,True,True,triamcinolone-cream-0-1-15-gm-carton,False,-3.804329824723036,,1,,,True,triamcinolone-cream-0-1-15-gm-carton,False,-9.127552033197981,,1,,,True,triamcinolone-cream-0-1-15-gm-carton,False,-5.032669925988932,,1,,
H593-f8eff39159581996e9ea4e6c,OUTCOME-0165,2021 Lice Freee!_6ozPOP R2a,162fd69cd74c8e3f1f06ce6bb5fec631f657a623f060862dbcc70a39fc026e96,3,already_correct,True,1,True,1,True,True,2021KillsSuperLice_LicefreeKit R3_Page_1,False,-5.010366512601273,,1,,,True,2021KillsSuperLice_LicefreeKit R3_Page_1,False,-11.83298551892417,,1,,,True,2021KillsSuperLice_LicefreeKit R3_Page_1,False,-5.986936051080472,,1,,
H593-f8f2ba33e85faa63a18e6a66,OUTCOME-0690,carton-1-gram-10-vial-pack-premier,90d7a704ad7bf679580bc4dbadbe13884f491d2e338402f4d4437c2ffd66ab93,2,already_correct,True,1,True,1,True,True,020,False,-1.4689821363592435,,1,,,True,020,False,-1.5699537010350837,,1,,,True,spl-epoprostenol-carton-1,False,-0.24381159468677893,,1,,
H593-f90239a05b957482e11280a4,OUTCOME-0443,ASP Cough Mucus Congestion PMG 24ct,055e3d0a2ba828c5df95354fc5d80825fa129f679641c7a5ba585b5c8911a1f9,1,already_correct,True,1,True,1,True,True,ASP Sinus Congestion Pain PMG 24ct,False,-1.7064260318981863,,1,,,True,ASP Sinus Congestion Pain PMG 24ct,False,-2.8325222022861962,,1,,,True,ASP Sinus Congestion Pain PMG 24ct,False,-2.230951495760907,,1,,
H593-f99f32ee31f49704d2c9891e,OUTCOME-0518,Baby spec cream 60 ml_Jun21-Output,5e70e07c018dad8a49c0f98df36183854e1a11398f9835189e1f22ef07f9c615,2,already_correct,True,1,False,2,True,True,Baby spec cream 60 ml_Jun21-Output,True,2.1729077973067263,1,1,2.1729077973067263,0,True,Baby spec cream 60 ml_Jun21-Output,True,6.886827612019055,1,1,6.886827612019055,0,True,Baby spec cream 60 ml_Jun21-Output,True,3.7573783729367554,1,1,3.7573783729367554,0
H593-f9fdc3eba36a0ac68a3dcb72,OUTCOME-0618,aspirin_nsaid-1,b59977829e4879950db4969ecaf00ca81d1c8111d9b7a12c396ccf0401db452e,3,new_wrong_SWITCH,True,1,True,1,False,True,rite-aid-44-417-1,False,-0.015816596662727278,,1,,,False,rite-aid-44-417-1,False,2.4488261614258398,,5,,,False,rite-aid-44-417-1,False,0.8050499063130869,,5,,
H593-fa11ede2797c8a575ecf38a9,DIFFICULT-0037,5377c041-b6fc-4dde-ac96-bd9e4e94e456-10,da3eaa29e19bcc9bd6181db13c258df73a34d84bc20cb67ca147824a6fc4abe5,2,already_correct,True,1,True,1,True,True,4fc7e152-1d4e-489d-bd00-0b00338b8eba-02,False,-5.555390012156079,,1,,,True,4fc7e152-1d4e-489d-bd00-0b00338b8eba-02,False,-12.671373814237645,,1,,,True,4fc7e152-1d4e-489d-bd00-0b00338b8eba-02,False,-7.038158045295093,,1,,
H593-fa12d24ad164c3ae3b3f0ff6,OUTCOME-0132,200000002710_Final,5e1903b41967d7091402cde6aa7a4b83e5df5f58a2bef1439e218f802ca6cf53,4,correct_challenger_still_HOLD,True,1,False,72,False,False,200000002710_Final,True,-1.2753291088458565,1,2,-1.2753291088458565,0,False,200000002710_Final,True,-2.0043344895537616,1,2,-2.0043344895537616,0,True,200000002710_Final,True,0.0012003756961431744,1,1,0.0012003756961431744,0
H593-fa40eb493bb915b96a07206e,OUTCOME-0485,Anti-wrinkle EYE CREAM,c88cdb15edcd25a88595edf90f1fc3fef1e374c4e494fb4a4e8accfe55137d0a,1,already_correct,True,1,True,1,True,True,ampoule,False,-6.219464469382553,,1,,,True,ampoule,False,-15.16334069628396,,1,,,True,ampoule,False,-7.973618252190285,,1,,
H593-faa6074c9997f968c1272a9e,OUTCOME-0434,ASP Cough Mucus Congestion PMG 24ct,055e3d0a2ba828c5df95354fc5d80825fa129f679641c7a5ba585b5c8911a1f9,1,correct_challenger_still_HOLD,True,1,False,3,False,False,ASP Cough Mucus Congestion PMG 24ct,True,-0.8974529035282546,1,2,-0.8974529035282546,0,False,ASP Cough Mucus Congestion PMG 24ct,True,-0.24914253521190632,1,2,-0.24914253521190632,0,True,ASP Cough Mucus Congestion PMG 24ct,True,0.4228076882234766,1,1,0.4228076882234766,0
H593-fad260b269d3d417a7731657,OUTCOME-0136,200000002710_Final,5e1903b41967d7091402cde6aa7a4b83e5df5f58a2bef1439e218f802ca6cf53,4,already_correct,True,1,False,8,True,True,200000002710_Final,True,1.1562103990264727,1,1,1.1562103990264727,0,True,200000002710_Final,True,3.820786324406665,1,1,3.820786324406665,0,True,200000002710_Final,True,2.4610243087825348,1,1,2.4610243087825348,0
H593-fb2b078bd866460d51bf7395,DIFFICULT-0127,sevospire-02,c04b390c7ae86a0d21958115ce19bd1ed22c76ff1b8fb240f01405c8bf9231ec,2,already_correct,True,1,True,1,True,True,isospire-02,False,-3.1475085543360715,,1,,,True,isospire-02,False,-6.703889725190347,,1,,,True,isospire-02,False,-4.202944714690741,,1,,
H593-fc24d3c5a9feecb49bf1edfa,DIFFICULT-0106,int08-0008-17,dca95ffa60d30d6597de3bfed4a27b53d657ea2e90a8d6ee6aa513316eee9848,0,already_correct,True,1,True,1,True,True,int08-0008-07,False,-1.3042341691500903,,1,,,True,int08-0008-07,False,-1.4514574818451011,,1,,,True,int08-0008-07,False,-1.379409092270239,,1,,
H593-fc81e205bf979fb6adf73655,OUTCOME-0626,athletes-01,ef7d75f57f11d1174b60813355c0cf7d7dce1009b41f2c7a54cf612906b3dea7,4,already_correct,True,1,True,1,True,True,Clotrimazole_carton,False,-6.62086687497953,,1,,,True,Clotrimazole_carton,False,-14.666972601997116,,1,,,True,Clotrimazole_carton,False,-7.84277144080742,,1,,
H593-fe03d26ba43ce31225a4cc40,DIFFICULT-0094,com0n-0000-04,bf0eaa86ddfc9a7fbdb09ac2f6f0fd91e32036da44a8971649ba96ecb8aa1b71,1,already_correct,True,1,True,1,True,True,com0n-0000-01,False,-1.5926692905177207,,1,,,True,com0n-0000-01,False,-2.4143738630663285,,1,,,True,com0n-0000-01,False,-2.107380446877115,,1,,
H593-feb9948db167fc67715b216a,OUTCOME-0001,0003,1c37c8c6064f3ee8446595a55b1d8fb0394f2b039c86eb060704e75d998d0d11,1,already_correct,True,1,False,70,True,False,0003,True,-0.3184291492775453,1,2,-0.3184291492775453,0,False,0003,True,-0.24417013038703095,1,2,-0.24417013038703095,0,True,0003,True,1.716621940066572,1,1,1.716621940066572,0
H593-fec0fed3cd6dbb3b7fa3bdce,DIFFICULT-0099,com0n-0000-04,bf0eaa86ddfc9a7fbdb09ac2f6f0fd91e32036da44a8971649ba96ecb8aa1b71,1,correct_challenger_still_HOLD,True,1,False,21,False,False,com0n-0000-04,True,-3.410249132742251,1,2,-3.410249132742251,0,False,com0n-0000-04,True,-7.314450419384762,1,2,-7.314450419384762,0,False,com0n-0000-04,True,-2.014487968814712,1,2,-2.014487968814712,0
H593-ff10afe9bea632bb497326c1,OUTCOME-0808,vetoryl-09,7abc0d7c0e302804a40dcf309dece25b925a424ae8a43fd70cd693d41ebfc54f,2,already_correct,True,1,True,1,True,True,vetoryl-04,False,-1.2839189442258019,,1,,,True,vetoryl-04,False,-1.343333598886081,,1,,,True,vetoryl-04,False,-1.274146638154606,,1,,
H593-ff4f96d84bf1c9b62000723b,OUTCOME-0315,6941714017-1,69e8433234f6613d539957d8cd900a9503c3e7bceb31e12adec7cfa0adc6368b,0,already_correct,True,1,True,1,True,True,Atopis,False,-3.1238210884076576,,1,,,True,Atopis,False,-6.552624866012012,,1,,,True,Atopis,False,-4.6633396265734985,,1,,
H593-ffa09c9771998a865907952c,OUTCOME-0763,kedbumin-02,a5cc6cd71cb98a23641d9032f2abdbe55a284b95eedc14e13d1ab9d93b7adc76,1,already_correct,True,1,True,1,True,True,76125-792-carton,False,-5.912822395202189,,1,,,True,76125-792-carton,False,-13.107267564794595,,1,,,True,76125-792-carton,False,-7.961375901714005,,1,,
H593-ffb122cdce092c8a0ed03d4b,OUTCOME-0280,5fe0ce14-bc11-4b43-b002-7efdca0d3003-04,c36d84d6c8d54c84a5f0b431f53eb8775569f16793018d5e6c57459cf8e20e49,4,already_correct,True,1,True,1,True,True,64f608b7-ad43-4395-b806-d4216175c8d3-02,False,-1.0214784380667339,,1,,,True,64f608b7-ad43-4395-b806-d4216175c8d3-02,False,-0.7197553603037339,,1,,,True,64f608b7-ad43-4395-b806-d4216175c8d3-02,False,-0.8492571863054044,,1,,
